# Blender 3.5.0
# www.blender.org
mtllib player.mtl
o 平面
v 0.876899 1.222569 0.256849
v 0.876899 1.167390 0.201670
v 0.876899 1.095294 0.171807
v 0.876899 1.056276 0.167964
v 0.876899 1.017257 0.171807
v 0.876899 0.945162 0.201670
v 0.884511 1.252433 0.329695
v 0.891830 1.241051 0.292897
v 0.898576 1.222569 0.258985
v 0.904489 1.197697 0.229260
v 0.909341 1.167390 0.204865
v 0.912947 1.132812 0.186738
v 0.915167 1.095294 0.175576
v 0.915917 1.056276 0.171807
v 0.915167 1.017257 0.175576
v 0.912947 0.979739 0.186738
v 0.909341 0.945162 0.204865
v 0.904489 0.914854 0.229260
v 0.898576 0.889982 0.258985
v 0.891830 0.871500 0.292897
v 0.884511 0.860119 0.329695
v 0.891830 1.252433 0.331916
v 0.906188 1.241051 0.297253
v 0.919420 1.222569 0.265308
v 0.931018 1.197697 0.237307
v 0.940536 1.167390 0.214328
v 0.947609 1.132812 0.197253
v 0.951965 1.095294 0.186738
v 0.953435 1.056276 0.183188
v 0.951965 1.017257 0.186738
v 0.947609 0.979739 0.197253
v 0.940536 0.945162 0.214328
v 0.931018 0.914854 0.237307
v 0.919420 0.889982 0.265308
v 0.906188 0.871500 0.297253
v 0.891830 0.860119 0.331916
v 0.898576 1.252433 0.335521
v 0.919420 1.241051 0.304326
v 0.938630 1.222569 0.275576
v 0.955468 1.197697 0.250376
v 0.969287 1.167390 0.229695
v 0.979555 1.132812 0.214328
v 0.985878 1.095294 0.204865
v 0.988013 1.056276 0.201670
v 0.985878 1.017257 0.204865
v 0.979555 0.979739 0.214328
v 0.969287 0.945162 0.229695
v 0.955468 0.914854 0.250376
v 0.938630 0.889982 0.275576
v 0.919420 0.871500 0.304326
v 0.898576 0.860119 0.335521
v 0.904489 1.252433 0.340374
v 0.931018 1.241051 0.313844
v 0.955468 1.222569 0.289394
v 0.976899 1.197697 0.267964
v 0.994486 1.167390 0.250376
v 1.007555 1.132812 0.237307
v 1.015603 1.095294 0.229260
v 1.018320 1.056276 0.226542
v 1.015603 1.017257 0.229260
v 1.007555 0.979739 0.237307
v 0.994486 0.945162 0.250376
v 0.976899 0.914854 0.267964
v 0.955468 0.889982 0.289394
v 0.931018 0.871500 0.313844
v 0.904489 0.860119 0.340374
v 0.909341 1.252433 0.346286
v 0.940536 1.241051 0.325442
v 0.969287 1.222569 0.306232
v 0.994486 1.197697 0.289394
v 1.015167 1.167390 0.275576
v 1.030534 1.132812 0.265308
v 1.039997 1.095294 0.258985
v 1.043193 1.056276 0.256850
v 1.039997 1.017257 0.258985
v 1.030534 0.979739 0.265308
v 1.015167 0.945162 0.275576
v 0.994486 0.914854 0.289394
v 0.969287 0.889982 0.306232
v 0.940536 0.871500 0.325442
v 0.909341 0.860119 0.346286
v 0.876899 1.256276 0.367964
v 0.912947 1.252433 0.353032
v 0.947609 1.241051 0.338674
v 0.979555 1.222569 0.325442
v 1.007555 1.197697 0.313844
v 1.030534 1.167390 0.304326
v 1.047609 1.132812 0.297253
v 1.058124 1.095294 0.292898
v 1.061674 1.056276 0.291427
v 1.058124 1.017257 0.292898
v 1.047609 0.979739 0.297253
v 1.030534 0.945162 0.304326
v 1.007555 0.914854 0.313844
v 0.979555 0.889982 0.325442
v 0.947609 0.871500 0.338674
v 0.912947 0.860119 0.353032
v 0.915167 1.252433 0.360352
v 0.951965 1.241051 0.353032
v 0.985878 1.222569 0.346286
v 1.015603 1.197697 0.340374
v 1.039997 1.167390 0.335521
v 1.058124 1.132812 0.331916
v 1.069286 1.095294 0.329695
v 1.073056 1.056276 0.328946
v 1.069286 1.017257 0.329695
v 1.058124 0.979739 0.331916
v 1.039997 0.945162 0.335521
v 1.015603 0.914854 0.340374
v 0.985878 0.889982 0.346286
v 0.951965 0.871500 0.353032
v 0.915167 0.860119 0.360352
v 0.915917 1.252433 0.367964
v 0.953435 1.241051 0.367964
v 0.988013 1.222569 0.367964
v 1.018320 1.197697 0.367964
v 1.043192 1.167390 0.367964
v 1.061674 1.132812 0.367964
v 1.073056 1.095294 0.367964
v 1.076898 1.056276 0.367964
v 1.073056 1.017257 0.367964
v 1.061674 0.979739 0.367964
v 1.043192 0.945162 0.367964
v 1.018320 0.914854 0.367964
v 0.988013 0.889982 0.367964
v 0.953435 0.871500 0.367964
v 0.915917 0.860119 0.367964
v 0.915167 1.252433 0.375576
v 0.951965 1.241051 0.382895
v 0.985878 1.222569 0.389641
v 1.015602 1.197697 0.395553
v 1.039997 1.167390 0.400406
v 1.058124 1.132812 0.404012
v 1.069286 1.095294 0.406232
v 1.073056 1.056276 0.406982
v 1.069286 1.017257 0.406232
v 1.058124 0.979739 0.404012
v 1.039997 0.945162 0.400406
v 1.015602 0.914854 0.395553
v 0.985878 0.889982 0.389641
v 0.951965 0.871500 0.382895
v 0.915167 0.860119 0.375576
v 0.912947 1.252433 0.382895
v 0.947609 1.241051 0.397253
v 0.979555 1.222569 0.410485
v 1.007555 1.197697 0.422083
v 1.030534 1.167390 0.431601
v 1.047609 1.132812 0.438674
v 1.058124 1.095294 0.443030
v 1.061674 1.056276 0.444500
v 1.058124 1.017257 0.443030
v 1.047609 0.979739 0.438674
v 1.030534 0.945162 0.431601
v 1.007555 0.914854 0.422083
v 0.979555 0.889982 0.410485
v 0.947609 0.871500 0.397253
v 0.912947 0.860119 0.382895
v 0.909341 1.252433 0.389641
v 0.940536 1.241051 0.410485
v 0.969286 1.222569 0.429695
v 0.994486 1.197697 0.446533
v 1.015167 1.167390 0.460351
v 1.030534 1.132812 0.470619
v 1.039997 1.095294 0.476943
v 1.043192 1.056276 0.479078
v 1.039997 1.017257 0.476943
v 1.030534 0.979739 0.470619
v 1.015167 0.945162 0.460351
v 0.994486 0.914854 0.446533
v 0.969286 0.889982 0.429695
v 0.940536 0.871500 0.410485
v 0.909341 0.860119 0.389641
v 0.904488 1.252433 0.395553
v 0.931018 1.241051 0.422083
v 0.955468 1.222569 0.446533
v 0.976899 1.197697 0.467964
v 0.994486 1.167390 0.485551
v 1.007555 1.132812 0.498620
v 1.015602 1.095294 0.506667
v 1.018320 1.056276 0.509385
v 1.015602 1.017257 0.506667
v 1.007555 0.979739 0.498620
v 0.994486 0.945162 0.485551
v 0.976899 0.914854 0.467964
v 0.955468 0.889982 0.446533
v 0.931018 0.871500 0.422083
v 0.904488 0.860119 0.395553
v 0.898576 1.252433 0.400406
v 0.919420 1.241051 0.431601
v 0.938630 1.222569 0.460351
v 0.955468 1.197697 0.485551
v 0.969286 1.167390 0.506232
v 0.979555 1.132812 0.521599
v 0.985878 1.095294 0.531062
v 0.988012 1.056276 0.534257
v 0.985878 1.017257 0.531062
v 0.979555 0.979739 0.521599
v 0.969286 0.945162 0.506232
v 0.955468 0.914854 0.485551
v 0.938630 0.889982 0.460351
v 0.919420 0.871500 0.431601
v 0.898576 0.860119 0.400406
v 0.891830 1.252433 0.404012
v 0.906188 1.241051 0.438674
v 0.919420 1.222569 0.470619
v 0.931018 1.197697 0.498620
v 0.940536 1.167390 0.521599
v 0.947609 1.132812 0.538674
v 0.951965 1.095294 0.549189
v 0.953435 1.056276 0.552739
v 0.951965 1.017257 0.549189
v 0.947609 0.979739 0.538674
v 0.940536 0.945162 0.521599
v 0.931018 0.914854 0.498620
v 0.919420 0.889982 0.470619
v 0.906188 0.871500 0.438674
v 0.891830 0.860119 0.404012
v 0.884511 1.252433 0.406232
v 0.891830 1.241051 0.443030
v 0.898576 1.222569 0.476943
v 0.904489 1.197697 0.506667
v 0.909341 1.167390 0.531062
v 0.912947 1.132812 0.549189
v 0.915167 1.095294 0.560351
v 0.915917 1.056276 0.564121
v 0.915167 1.017257 0.560351
v 0.912947 0.979739 0.549189
v 0.909341 0.945162 0.531062
v 0.904489 0.914854 0.506667
v 0.898576 0.889982 0.476943
v 0.891830 0.871500 0.443030
v 0.884511 0.860119 0.406232
v 0.876899 1.252433 0.406982
v 0.876899 1.241051 0.444500
v 0.876899 1.222569 0.479078
v 0.876899 1.197697 0.509385
v 0.876899 1.167390 0.534257
v 0.876899 1.132812 0.552739
v 0.876899 1.095294 0.564121
v 0.876898 1.056276 0.567963
v 0.876899 1.017257 0.564121
v 0.876899 0.979739 0.552739
v 0.876899 0.945162 0.534257
v 0.876899 0.914854 0.509385
v 0.876899 0.889982 0.479078
v 0.876899 0.871500 0.444500
v 0.876899 0.860119 0.406982
v 0.869287 1.252433 0.406232
v 0.861967 1.241051 0.443030
v 0.855221 1.222569 0.476943
v 0.849309 1.197697 0.506667
v 0.844456 1.167390 0.531062
v 0.840851 1.132812 0.549189
v 0.838630 1.095294 0.560351
v 0.837880 1.056276 0.564120
v 0.838630 1.017257 0.560351
v 0.840851 0.979739 0.549189
v 0.844456 0.945162 0.531062
v 0.849309 0.914854 0.506667
v 0.855221 0.889982 0.476943
v 0.861967 0.871500 0.443030
v 0.869287 0.860119 0.406232
v 0.861967 1.252433 0.404011
v 0.847609 1.241051 0.438674
v 0.834377 1.222569 0.470619
v 0.822779 1.197697 0.498620
v 0.813261 1.167390 0.521599
v 0.806188 1.132812 0.538674
v 0.801832 1.095294 0.549189
v 0.800362 1.056276 0.552739
v 0.801832 1.017257 0.549189
v 0.806188 0.979739 0.538674
v 0.813261 0.945162 0.521599
v 0.822779 0.914854 0.498620
v 0.834377 0.889982 0.470619
v 0.847609 0.871500 0.438674
v 0.861967 0.860119 0.404011
v 0.855221 1.252433 0.400406
v 0.834377 1.241051 0.431601
v 0.815167 1.222569 0.460351
v 0.798329 1.197697 0.485551
v 0.784511 1.167390 0.506232
v 0.774243 1.132812 0.521599
v 0.767920 1.095294 0.531062
v 0.765785 1.056276 0.534257
v 0.767920 1.017257 0.531062
v 0.774243 0.979739 0.521599
v 0.784511 0.945161 0.506232
v 0.798329 0.914854 0.485551
v 0.815167 0.889982 0.460351
v 0.834377 0.871500 0.431601
v 0.855221 0.860119 0.400406
v 0.849309 1.252433 0.395553
v 0.822779 1.241051 0.422083
v 0.798329 1.222569 0.446533
v 0.776899 1.197697 0.467964
v 0.759311 1.167390 0.485551
v 0.746242 1.132812 0.498620
v 0.738195 1.095294 0.506667
v 0.735477 1.056276 0.509385
v 0.738195 1.017257 0.506667
v 0.746242 0.979739 0.498620
v 0.759311 0.945161 0.485551
v 0.776899 0.914854 0.467964
v 0.798329 0.889982 0.446533
v 0.822779 0.871500 0.422083
v 0.849309 0.860119 0.395553
v 0.876899 0.856276 0.367964
v 0.844456 1.252433 0.389641
v 0.813261 1.241051 0.410485
v 0.784511 1.222569 0.429695
v 0.759311 1.197697 0.446533
v 0.738630 1.167390 0.460351
v 0.723263 1.132812 0.470619
v 0.713800 1.095294 0.476942
v 0.710605 1.056276 0.479077
v 0.713800 1.017257 0.476942
v 0.723263 0.979739 0.470619
v 0.738630 0.945161 0.460351
v 0.759311 0.914854 0.446533
v 0.784511 0.889982 0.429695
v 0.813261 0.871500 0.410485
v 0.844456 0.860119 0.389641
v 0.840851 1.252433 0.382895
v 0.806188 1.241051 0.397253
v 0.774243 1.222569 0.410485
v 0.746242 1.197697 0.422083
v 0.723263 1.167390 0.431601
v 0.706188 1.132812 0.438674
v 0.695673 1.095294 0.443030
v 0.692123 1.056276 0.444500
v 0.695673 1.017257 0.443030
v 0.706188 0.979739 0.438674
v 0.723263 0.945161 0.431601
v 0.746242 0.914854 0.422083
v 0.774243 0.889982 0.410485
v 0.806188 0.871500 0.397253
v 0.840851 0.860119 0.382895
v 0.838630 1.252433 0.375576
v 0.801833 1.241051 0.382895
v 0.767920 1.222569 0.389641
v 0.738195 1.197697 0.395553
v 0.713800 1.167390 0.400406
v 0.695673 1.132812 0.404012
v 0.684511 1.095294 0.406232
v 0.680742 1.056276 0.406981
v 0.684511 1.017257 0.406232
v 0.695673 0.979739 0.404012
v 0.713800 0.945161 0.400406
v 0.738195 0.914854 0.395553
v 0.767920 0.889982 0.389641
v 0.801833 0.871500 0.382895
v 0.838630 0.860119 0.375576
v 0.837880 1.252433 0.367964
v 0.800362 1.241051 0.367964
v 0.765785 1.222569 0.367964
v 0.735477 1.197697 0.367964
v 0.710605 1.167390 0.367964
v 0.692123 1.132812 0.367964
v 0.680742 1.095294 0.367963
v 0.676899 1.056276 0.367963
v 0.680742 1.017257 0.367963
v 0.692123 0.979739 0.367964
v 0.710605 0.945161 0.367964
v 0.735477 0.914854 0.367964
v 0.765785 0.889982 0.367964
v 0.800362 0.871500 0.367964
v 0.837880 0.860119 0.367964
v 0.838630 1.252433 0.360352
v 0.801833 1.241051 0.353032
v 0.767920 1.222569 0.346286
v 0.738195 1.197697 0.340374
v 0.713800 1.167390 0.335521
v 0.695673 1.132812 0.331916
v 0.684511 1.095294 0.329695
v 0.680742 1.056276 0.328945
v 0.684511 1.017257 0.329695
v 0.695673 0.979739 0.331916
v 0.713800 0.945161 0.335521
v 0.738195 0.914854 0.340374
v 0.767920 0.889982 0.346286
v 0.801833 0.871500 0.353032
v 0.838630 0.860119 0.360352
v 0.840851 1.252433 0.353032
v 0.806188 1.241051 0.338674
v 0.774243 1.222569 0.325442
v 0.746242 1.197697 0.313844
v 0.723263 1.167390 0.304326
v 0.706188 1.132812 0.297253
v 0.695673 1.095294 0.292897
v 0.692123 1.056276 0.291427
v 0.695673 1.017257 0.292897
v 0.706188 0.979739 0.297253
v 0.723263 0.945161 0.304326
v 0.746242 0.914854 0.313844
v 0.774243 0.889982 0.325442
v 0.806188 0.871500 0.338674
v 0.840851 0.860119 0.353032
v 0.844456 1.252433 0.346286
v 0.813261 1.241051 0.325442
v 0.784511 1.222569 0.306232
v 0.759311 1.197697 0.289394
v 0.738630 1.167390 0.275576
v 0.723263 1.132812 0.265308
v 0.713800 1.095294 0.258985
v 0.710605 1.056276 0.256850
v 0.713800 1.017257 0.258985
v 0.723263 0.979739 0.265308
v 0.738630 0.945161 0.275576
v 0.759311 0.914854 0.289394
v 0.784511 0.889982 0.306232
v 0.813261 0.871500 0.325442
v 0.844456 0.860119 0.346286
v 0.849309 1.252433 0.340374
v 0.822779 1.241051 0.313844
v 0.798329 1.222569 0.289394
v 0.776899 1.197697 0.267964
v 0.759311 1.167390 0.250376
v 0.746242 1.132812 0.237307
v 0.738195 1.095294 0.229260
v 0.735477 1.056276 0.226542
v 0.738195 1.017257 0.229260
v 0.746242 0.979739 0.237307
v 0.759311 0.945161 0.250376
v 0.776899 0.914854 0.267964
v 0.798329 0.889982 0.289394
v 0.822779 0.871500 0.313844
v 0.849309 0.860119 0.340374
v 0.855221 1.252433 0.335521
v 0.834377 1.241051 0.304326
v 0.815167 1.222569 0.275576
v 0.798329 1.197697 0.250376
v 0.784511 1.167390 0.229695
v 0.774243 1.132812 0.214328
v 0.767920 1.095294 0.204865
v 0.765785 1.056276 0.201670
v 0.767920 1.017257 0.204865
v 0.774243 0.979739 0.214328
v 0.784511 0.945161 0.229695
v 0.798329 0.914854 0.250376
v 0.815167 0.889982 0.275576
v 0.834377 0.871500 0.304326
v 0.855221 0.860119 0.335521
v 0.861967 1.252433 0.331916
v 0.847609 1.241051 0.297253
v 0.834377 1.222569 0.265308
v 0.822779 1.197697 0.237307
v 0.813261 1.167390 0.214328
v 0.806188 1.132812 0.197253
v 0.801833 1.095294 0.186738
v 0.800362 1.056276 0.183188
v 0.801833 1.017257 0.186738
v 0.806188 0.979739 0.197253
v 0.813261 0.945162 0.214328
v 0.822779 0.914854 0.237307
v 0.834377 0.889982 0.265308
v 0.847609 0.871500 0.297253
v 0.861967 0.860119 0.331916
v 0.869287 1.252433 0.329695
v 0.861967 1.241051 0.292898
v 0.855221 1.222569 0.258985
v 0.849309 1.197697 0.229260
v 0.844456 1.167390 0.204865
v 0.840851 1.132812 0.186738
v 0.838630 1.095294 0.175576
v 0.837881 1.056276 0.171807
v 0.838630 1.017257 0.175576
v 0.840851 0.979739 0.186738
v 0.844456 0.945162 0.204865
v 0.849309 0.914854 0.229260
v 0.855221 0.889982 0.258985
v 0.861967 0.871500 0.292898
v 0.869287 0.860119 0.329695
v 0.876899 1.252433 0.328946
v 0.876899 1.241051 0.291427
v 0.876899 1.197697 0.226542
v 0.876899 1.132812 0.183188
v 0.876899 0.979739 0.183188
v 0.876899 0.914854 0.226542
v 0.876899 0.889982 0.256850
v 0.876899 0.871500 0.291427
v 0.876899 0.860119 0.328946
v 0.876899 1.222569 -0.662260
v 0.876899 1.167390 -0.717440
v 0.876899 1.095294 -0.747303
v 0.876899 1.056276 -0.751146
v 0.876899 1.017257 -0.747303
v 0.876899 0.945162 -0.717440
v 0.884511 1.252433 -0.589415
v 0.891830 1.241051 -0.626212
v 0.898576 1.222569 -0.660125
v 0.904489 1.197697 -0.689850
v 0.909341 1.167390 -0.714245
v 0.912947 1.132812 -0.732372
v 0.915167 1.095294 -0.743534
v 0.915917 1.056276 -0.747303
v 0.915167 1.017257 -0.743534
v 0.912947 0.979739 -0.732372
v 0.909341 0.945162 -0.714245
v 0.904489 0.914854 -0.689850
v 0.898576 0.889982 -0.660125
v 0.891830 0.871500 -0.626212
v 0.884511 0.860119 -0.589415
v 0.891830 1.252433 -0.587194
v 0.906188 1.241051 -0.621857
v 0.919420 1.222569 -0.653802
v 0.931018 1.197697 -0.681803
v 0.940536 1.167390 -0.704782
v 0.947609 1.132812 -0.721857
v 0.951965 1.095294 -0.732372
v 0.953435 1.056276 -0.735922
v 0.951965 1.017257 -0.732372
v 0.947609 0.979739 -0.721857
v 0.940536 0.945162 -0.704782
v 0.931018 0.914854 -0.681803
v 0.919420 0.889982 -0.653802
v 0.906188 0.871500 -0.621857
v 0.891830 0.860119 -0.587194
v 0.898576 1.252433 -0.583589
v 0.919420 1.241051 -0.614784
v 0.938630 1.222569 -0.643534
v 0.955468 1.197697 -0.668734
v 0.969287 1.167390 -0.689415
v 0.979555 1.132812 -0.704782
v 0.985878 1.095294 -0.714245
v 0.988013 1.056276 -0.717440
v 0.985878 1.017257 -0.714245
v 0.979555 0.979739 -0.704782
v 0.969287 0.945162 -0.689415
v 0.955468 0.914854 -0.668734
v 0.938630 0.889982 -0.643534
v 0.919420 0.871500 -0.614784
v 0.898576 0.860119 -0.583589
v 0.904489 1.252433 -0.578736
v 0.931018 1.241051 -0.605266
v 0.955468 1.222569 -0.629716
v 0.976899 1.197697 -0.651146
v 0.994486 1.167390 -0.668734
v 1.007555 1.132812 -0.681803
v 1.015603 1.095294 -0.689850
v 1.018320 1.056276 -0.692568
v 1.015603 1.017257 -0.689850
v 1.007555 0.979739 -0.681803
v 0.994486 0.945162 -0.668734
v 0.976899 0.914854 -0.651146
v 0.955468 0.889982 -0.629716
v 0.931018 0.871500 -0.605266
v 0.904489 0.860119 -0.578736
v 0.909341 1.252433 -0.572824
v 0.940536 1.241051 -0.593668
v 0.969287 1.222569 -0.612878
v 0.994486 1.197697 -0.629716
v 1.015167 1.167390 -0.643534
v 1.030534 1.132812 -0.653802
v 1.039997 1.095294 -0.660125
v 1.043193 1.056276 -0.662260
v 1.039997 1.017257 -0.660125
v 1.030534 0.979739 -0.653802
v 1.015167 0.945162 -0.643534
v 0.994486 0.914854 -0.629716
v 0.969287 0.889982 -0.612878
v 0.940536 0.871500 -0.593668
v 0.909341 0.860119 -0.572824
v 0.876899 1.256276 -0.551146
v 0.912947 1.252433 -0.566078
v 0.947609 1.241051 -0.580436
v 0.979555 1.222569 -0.593668
v 1.007555 1.197697 -0.605266
v 1.030534 1.167390 -0.614784
v 1.047609 1.132812 -0.621857
v 1.058124 1.095294 -0.626212
v 1.061674 1.056276 -0.627683
v 1.058124 1.017257 -0.626212
v 1.047609 0.979739 -0.621857
v 1.030534 0.945162 -0.614784
v 1.007555 0.914854 -0.605266
v 0.979555 0.889982 -0.593668
v 0.947609 0.871500 -0.580436
v 0.912947 0.860119 -0.566078
v 0.915167 1.252433 -0.558758
v 0.951965 1.241051 -0.566078
v 0.985878 1.222569 -0.572824
v 1.015603 1.197697 -0.578736
v 1.039997 1.167390 -0.583589
v 1.058124 1.132812 -0.587194
v 1.069286 1.095294 -0.589415
v 1.073056 1.056276 -0.590164
v 1.069286 1.017257 -0.589415
v 1.058124 0.979739 -0.587194
v 1.039997 0.945162 -0.583589
v 1.015603 0.914854 -0.578736
v 0.985878 0.889982 -0.572824
v 0.951965 0.871500 -0.566078
v 0.915167 0.860119 -0.558758
v 0.915917 1.252433 -0.551146
v 0.953435 1.241051 -0.551146
v 0.988013 1.222569 -0.551146
v 1.018320 1.197697 -0.551146
v 1.043192 1.167390 -0.551146
v 1.061674 1.132812 -0.551146
v 1.073056 1.095294 -0.551146
v 1.076898 1.056276 -0.551146
v 1.073056 1.017257 -0.551146
v 1.061674 0.979739 -0.551146
v 1.043192 0.945162 -0.551146
v 1.018320 0.914854 -0.551146
v 0.988013 0.889982 -0.551146
v 0.953435 0.871500 -0.551146
v 0.915917 0.860119 -0.551146
v 0.915167 1.252433 -0.543534
v 0.951965 1.241051 -0.536215
v 0.985878 1.222569 -0.529469
v 1.015602 1.197697 -0.523556
v 1.039997 1.167390 -0.518704
v 1.058124 1.132812 -0.515098
v 1.069286 1.095294 -0.512878
v 1.073056 1.056276 -0.512128
v 1.069286 1.017257 -0.512878
v 1.058124 0.979739 -0.515098
v 1.039997 0.945162 -0.518704
v 1.015602 0.914854 -0.523556
v 0.985878 0.889982 -0.529469
v 0.951965 0.871500 -0.536215
v 0.915167 0.860119 -0.543534
v 0.912947 1.252433 -0.536215
v 0.947609 1.241051 -0.521857
v 0.979555 1.222569 -0.508625
v 1.007555 1.197697 -0.497027
v 1.030534 1.167390 -0.487508
v 1.047609 1.132812 -0.480436
v 1.058124 1.095294 -0.476080
v 1.061674 1.056276 -0.474610
v 1.058124 1.017257 -0.476080
v 1.047609 0.979739 -0.480436
v 1.030534 0.945162 -0.487508
v 1.007555 0.914854 -0.497027
v 0.979555 0.889982 -0.508625
v 0.947609 0.871500 -0.521857
v 0.912947 0.860119 -0.536215
v 0.909341 1.252433 -0.529469
v 0.940536 1.241051 -0.508625
v 0.969286 1.222569 -0.489415
v 0.994486 1.197697 -0.472577
v 1.015167 1.167390 -0.458758
v 1.030534 1.132812 -0.448490
v 1.039997 1.095294 -0.442167
v 1.043192 1.056276 -0.440032
v 1.039997 1.017257 -0.442167
v 1.030534 0.979739 -0.448490
v 1.015167 0.945162 -0.458758
v 0.994486 0.914854 -0.472577
v 0.969286 0.889982 -0.489415
v 0.940536 0.871500 -0.508625
v 0.909341 0.860119 -0.529469
v 0.904488 1.252433 -0.523556
v 0.931018 1.241051 -0.497027
v 0.955468 1.222569 -0.472577
v 0.976899 1.197697 -0.451146
v 0.994486 1.167390 -0.433559
v 1.007555 1.132812 -0.420490
v 1.015602 1.095294 -0.412442
v 1.018320 1.056276 -0.409725
v 1.015602 1.017257 -0.412442
v 1.007555 0.979739 -0.420490
v 0.994486 0.945162 -0.433559
v 0.976899 0.914854 -0.451146
v 0.955468 0.889982 -0.472577
v 0.931018 0.871500 -0.497027
v 0.904488 0.860119 -0.523556
v 0.898576 1.252433 -0.518704
v 0.919420 1.241051 -0.487508
v 0.938630 1.222569 -0.458758
v 0.955468 1.197697 -0.433559
v 0.969286 1.167390 -0.412878
v 0.979555 1.132812 -0.397511
v 0.985878 1.095294 -0.388048
v 0.988012 1.056276 -0.384852
v 0.985878 1.017257 -0.388048
v 0.979555 0.979739 -0.397511
v 0.969286 0.945162 -0.412878
v 0.955468 0.914854 -0.433559
v 0.938630 0.889982 -0.458758
v 0.919420 0.871500 -0.487508
v 0.898576 0.860119 -0.518704
v 0.891830 1.252433 -0.515098
v 0.906188 1.241051 -0.480436
v 0.919420 1.222569 -0.448490
v 0.931018 1.197697 -0.420490
v 0.940536 1.167390 -0.397511
v 0.947609 1.132812 -0.380436
v 0.951965 1.095294 -0.369921
v 0.953435 1.056276 -0.366370
v 0.951965 1.017257 -0.369921
v 0.947609 0.979739 -0.380436
v 0.940536 0.945162 -0.397511
v 0.931018 0.914854 -0.420490
v 0.919420 0.889982 -0.448490
v 0.906188 0.871500 -0.480436
v 0.891830 0.860119 -0.515098
v 0.884511 1.252433 -0.512878
v 0.891830 1.241051 -0.476080
v 0.898576 1.222569 -0.442167
v 0.904489 1.197697 -0.412442
v 0.909341 1.167390 -0.388048
v 0.912947 1.132812 -0.369921
v 0.915167 1.095294 -0.358758
v 0.915917 1.056276 -0.354989
v 0.915167 1.017257 -0.358758
v 0.912947 0.979739 -0.369921
v 0.909341 0.945162 -0.388048
v 0.904489 0.914854 -0.412442
v 0.898576 0.889982 -0.442167
v 0.891830 0.871500 -0.476080
v 0.884511 0.860119 -0.512878
v 0.876899 1.252433 -0.512128
v 0.876899 1.241051 -0.474610
v 0.876899 1.222569 -0.440032
v 0.876899 1.197697 -0.409725
v 0.876899 1.167390 -0.384852
v 0.876899 1.132812 -0.366370
v 0.876899 1.095294 -0.354989
v 0.876898 1.056276 -0.351146
v 0.876899 1.017257 -0.354989
v 0.876899 0.979739 -0.366370
v 0.876899 0.945162 -0.384852
v 0.876899 0.914854 -0.409725
v 0.876899 0.889982 -0.440032
v 0.876899 0.871500 -0.474610
v 0.876899 0.860119 -0.512128
v 0.869287 1.252433 -0.512878
v 0.861967 1.241051 -0.476080
v 0.855221 1.222569 -0.442167
v 0.849309 1.197697 -0.412442
v 0.844456 1.167390 -0.388048
v 0.840851 1.132812 -0.369921
v 0.838630 1.095294 -0.358758
v 0.837880 1.056276 -0.354989
v 0.838630 1.017257 -0.358758
v 0.840851 0.979739 -0.369921
v 0.844456 0.945162 -0.388048
v 0.849309 0.914854 -0.412442
v 0.855221 0.889982 -0.442167
v 0.861967 0.871500 -0.476080
v 0.869287 0.860119 -0.512878
v 0.861967 1.252433 -0.515098
v 0.847609 1.241051 -0.480436
v 0.834377 1.222569 -0.448490
v 0.822779 1.197697 -0.420490
v 0.813261 1.167390 -0.397511
v 0.806188 1.132812 -0.380436
v 0.801832 1.095294 -0.369921
v 0.800362 1.056276 -0.366371
v 0.801832 1.017257 -0.369921
v 0.806188 0.979739 -0.380436
v 0.813261 0.945162 -0.397511
v 0.822779 0.914854 -0.420490
v 0.834377 0.889982 -0.448490
v 0.847609 0.871500 -0.480436
v 0.861967 0.860119 -0.515098
v 0.855221 1.252433 -0.518704
v 0.834377 1.241051 -0.487508
v 0.815167 1.222569 -0.458758
v 0.798329 1.197697 -0.433559
v 0.784511 1.167390 -0.412878
v 0.774243 1.132812 -0.397511
v 0.767920 1.095294 -0.388048
v 0.765785 1.056276 -0.384853
v 0.767920 1.017257 -0.388048
v 0.774243 0.979739 -0.397511
v 0.784511 0.945161 -0.412878
v 0.798329 0.914854 -0.433559
v 0.815167 0.889982 -0.458758
v 0.834377 0.871500 -0.487508
v 0.855221 0.860119 -0.518704
v 0.849309 1.252433 -0.523556
v 0.822779 1.241051 -0.497027
v 0.798329 1.222569 -0.472577
v 0.776899 1.197697 -0.451146
v 0.759311 1.167390 -0.433559
v 0.746242 1.132812 -0.420490
v 0.738195 1.095294 -0.412442
v 0.735477 1.056276 -0.409725
v 0.738195 1.017257 -0.412442
v 0.746242 0.979739 -0.420490
v 0.759311 0.945161 -0.433559
v 0.776899 0.914854 -0.451146
v 0.798329 0.889982 -0.472577
v 0.822779 0.871500 -0.497027
v 0.849309 0.860119 -0.523556
v 0.876899 0.856276 -0.551146
v 0.844456 1.252433 -0.529469
v 0.813261 1.241051 -0.508625
v 0.784511 1.222569 -0.489415
v 0.759311 1.197697 -0.472577
v 0.738630 1.167390 -0.458758
v 0.723263 1.132812 -0.448490
v 0.713800 1.095294 -0.442167
v 0.710605 1.056276 -0.440032
v 0.713800 1.017257 -0.442167
v 0.723263 0.979739 -0.448490
v 0.738630 0.945161 -0.458758
v 0.759311 0.914854 -0.472577
v 0.784511 0.889982 -0.489415
v 0.813261 0.871500 -0.508625
v 0.844456 0.860119 -0.529469
v 0.840851 1.252433 -0.536215
v 0.806188 1.241051 -0.521857
v 0.774243 1.222569 -0.508625
v 0.746242 1.197697 -0.497027
v 0.723263 1.167390 -0.487508
v 0.706188 1.132812 -0.480436
v 0.695673 1.095294 -0.476080
v 0.692123 1.056276 -0.474610
v 0.695673 1.017257 -0.476080
v 0.706188 0.979739 -0.480436
v 0.723263 0.945161 -0.487508
v 0.746242 0.914854 -0.497027
v 0.774243 0.889982 -0.508625
v 0.806188 0.871500 -0.521857
v 0.840851 0.860119 -0.536215
v 0.838630 1.252433 -0.543534
v 0.801833 1.241051 -0.536215
v 0.767920 1.222569 -0.529469
v 0.738195 1.197697 -0.523556
v 0.713800 1.167390 -0.518704
v 0.695673 1.132812 -0.515098
v 0.684511 1.095294 -0.512878
v 0.680742 1.056276 -0.512128
v 0.684511 1.017257 -0.512878
v 0.695673 0.979739 -0.515098
v 0.713800 0.945161 -0.518704
v 0.738195 0.914854 -0.523556
v 0.767920 0.889982 -0.529469
v 0.801833 0.871500 -0.536215
v 0.838630 0.860119 -0.543534
v 0.837880 1.252433 -0.551146
v 0.800362 1.241051 -0.551146
v 0.765785 1.222569 -0.551146
v 0.735477 1.197697 -0.551146
v 0.710605 1.167390 -0.551146
v 0.692123 1.132812 -0.551146
v 0.680742 1.095294 -0.551146
v 0.676899 1.056276 -0.551146
v 0.680742 1.017257 -0.551146
v 0.692123 0.979739 -0.551146
v 0.710605 0.945161 -0.551146
v 0.735477 0.914854 -0.551146
v 0.765785 0.889982 -0.551146
v 0.800362 0.871500 -0.551146
v 0.837880 0.860119 -0.551146
v 0.838630 1.252433 -0.558758
v 0.801833 1.241051 -0.566078
v 0.767920 1.222569 -0.572824
v 0.738195 1.197697 -0.578736
v 0.713800 1.167390 -0.583589
v 0.695673 1.132812 -0.587194
v 0.684511 1.095294 -0.589415
v 0.680742 1.056276 -0.590164
v 0.684511 1.017257 -0.589415
v 0.695673 0.979739 -0.587194
v 0.713800 0.945161 -0.583589
v 0.738195 0.914854 -0.578736
v 0.767920 0.889982 -0.572824
v 0.801833 0.871500 -0.566078
v 0.838630 0.860119 -0.558758
v 0.840851 1.252433 -0.566078
v 0.806188 1.241051 -0.580436
v 0.774243 1.222569 -0.593668
v 0.746242 1.197697 -0.605266
v 0.723263 1.167390 -0.614784
v 0.706188 1.132812 -0.621857
v 0.695673 1.095294 -0.626212
v 0.692123 1.056276 -0.627683
v 0.695673 1.017257 -0.626212
v 0.706188 0.979739 -0.621857
v 0.723263 0.945161 -0.614784
v 0.746242 0.914854 -0.605266
v 0.774243 0.889982 -0.593668
v 0.806188 0.871500 -0.580436
v 0.840851 0.860119 -0.566078
v 0.844456 1.252433 -0.572824
v 0.813261 1.241051 -0.593668
v 0.784511 1.222569 -0.612878
v 0.759311 1.197697 -0.629716
v 0.738630 1.167390 -0.643534
v 0.723263 1.132812 -0.653802
v 0.713800 1.095294 -0.660125
v 0.710605 1.056276 -0.662260
v 0.713800 1.017257 -0.660125
v 0.723263 0.979739 -0.653802
v 0.738630 0.945161 -0.643534
v 0.759311 0.914854 -0.629716
v 0.784511 0.889982 -0.612878
v 0.813261 0.871500 -0.593668
v 0.844456 0.860119 -0.572824
v 0.849309 1.252433 -0.578736
v 0.822779 1.241051 -0.605266
v 0.798329 1.222569 -0.629716
v 0.776899 1.197697 -0.651146
v 0.759311 1.167390 -0.668734
v 0.746242 1.132812 -0.681803
v 0.738195 1.095294 -0.689850
v 0.735477 1.056276 -0.692568
v 0.738195 1.017257 -0.689850
v 0.746242 0.979739 -0.681803
v 0.759311 0.945161 -0.668734
v 0.776899 0.914854 -0.651146
v 0.798329 0.889982 -0.629716
v 0.822779 0.871500 -0.605266
v 0.849309 0.860119 -0.578736
v 0.855221 1.252433 -0.583589
v 0.834377 1.241051 -0.614784
v 0.815167 1.222569 -0.643534
v 0.798329 1.197697 -0.668734
v 0.784511 1.167390 -0.689415
v 0.774243 1.132812 -0.704782
v 0.767920 1.095294 -0.714245
v 0.765785 1.056276 -0.717440
v 0.767920 1.017257 -0.714245
v 0.774243 0.979739 -0.704782
v 0.784511 0.945161 -0.689415
v 0.798329 0.914854 -0.668734
v 0.815167 0.889982 -0.643534
v 0.834377 0.871500 -0.614784
v 0.855221 0.860119 -0.583589
v 0.861967 1.252433 -0.587194
v 0.847609 1.241051 -0.621857
v 0.834377 1.222569 -0.653802
v 0.822779 1.197697 -0.681803
v 0.813261 1.167390 -0.704782
v 0.806188 1.132812 -0.721857
v 0.801833 1.095294 -0.732372
v 0.800362 1.056276 -0.735922
v 0.801833 1.017257 -0.732372
v 0.806188 0.979739 -0.721857
v 0.813261 0.945162 -0.704782
v 0.822779 0.914854 -0.681803
v 0.834377 0.889982 -0.653802
v 0.847609 0.871500 -0.621857
v 0.861967 0.860119 -0.587194
v 0.869287 1.252433 -0.589415
v 0.861967 1.241051 -0.626212
v 0.855221 1.222569 -0.660125
v 0.849309 1.197697 -0.689850
v 0.844456 1.167390 -0.714245
v 0.840851 1.132812 -0.732372
v 0.838630 1.095294 -0.743534
v 0.837881 1.056276 -0.747303
v 0.838630 1.017257 -0.743534
v 0.840851 0.979739 -0.732372
v 0.844456 0.945162 -0.714245
v 0.849309 0.914854 -0.689850
v 0.855221 0.889982 -0.660125
v 0.861967 0.871500 -0.626212
v 0.869287 0.860119 -0.589415
v 0.876899 1.252433 -0.590164
v 0.876899 1.241051 -0.627683
v 0.876899 1.197697 -0.692568
v 0.876899 1.132812 -0.735922
v 0.876899 0.979739 -0.735922
v 0.876899 0.914854 -0.692568
v 0.876899 0.889982 -0.662260
v 0.876899 0.871500 -0.627683
v 0.876899 0.860119 -0.590164
vn -0.0000 -0.0000 -1.0000
vn 0.1914 -0.1939 -0.9622
vn -0.0000 -0.1939 -0.9810
vn -0.0000 0.9217 -0.3879
vn 0.0392 0.9796 -0.1971
vn 0.0757 0.9217 -0.3804
vn -0.0000 -0.3805 -0.9248
vn 0.1804 -0.3805 -0.9070
vn -0.0000 0.8286 -0.5598
vn 0.1092 0.8286 -0.5490
vn 0.1626 -0.5528 -0.8173
vn -0.0000 -0.5528 -0.8333
vn -0.0000 0.7041 -0.7101
vn 0.1385 0.7041 -0.6965
vn 0.1385 -0.7041 -0.6965
vn -0.0000 -0.7041 -0.7101
vn -0.0000 0.5528 -0.8333
vn 0.1626 0.5528 -0.8173
vn 0.1092 -0.8286 -0.5490
vn -0.0000 -0.8286 -0.5598
vn -0.0000 0.3805 -0.9248
vn 0.1804 0.3805 -0.9070
vn 0.0757 -0.9217 -0.3804
vn -0.0000 -0.9217 -0.3879
vn -0.0000 0.1939 -0.9810
vn 0.1914 0.1939 -0.9622
vn 0.0392 -0.9796 -0.1971
vn -0.0000 -0.9796 -0.2010
vn 0.1951 -0.0000 -0.9808
vn -0.0000 0.9796 -0.2010
vn -0.0000 1.0000 -0.0000
vn -0.0000 -1.0000 -0.0000
vn 0.0769 -0.9796 -0.1857
vn 0.3754 0.1939 -0.9063
vn 0.3827 -0.0000 -0.9239
vn 0.0769 0.9796 -0.1857
vn 0.3754 -0.1939 -0.9063
vn 0.1484 0.9217 -0.3584
vn 0.3539 -0.3805 -0.8544
vn 0.2142 0.8286 -0.5172
vn 0.3189 -0.5528 -0.7699
vn 0.2718 0.7041 -0.6561
vn 0.2718 -0.7041 -0.6561
vn 0.3189 0.5528 -0.7699
vn 0.2142 -0.8286 -0.5172
vn 0.3539 0.3805 -0.8544
vn 0.1484 -0.9217 -0.3584
vn 0.3945 -0.7041 -0.5905
vn 0.4630 0.5528 -0.6929
vn 0.3110 -0.8286 -0.4654
vn 0.5138 0.3805 -0.7689
vn 0.2155 -0.9217 -0.3225
vn 0.5450 0.1939 -0.8157
vn 0.1117 -0.9796 -0.1671
vn 0.5556 -0.0000 -0.8315
vn 0.1117 0.9796 -0.1671
vn 0.5450 -0.1939 -0.8157
vn 0.2155 0.9217 -0.3225
vn 0.5138 -0.3805 -0.7689
vn 0.3110 0.8286 -0.4654
vn 0.4630 -0.5528 -0.6929
vn 0.3945 0.7041 -0.5905
vn 0.1421 0.9796 -0.1421
vn 0.1421 -0.9796 -0.1421
vn 0.6937 -0.1939 -0.6937
vn 0.2743 0.9217 -0.2743
vn 0.6539 -0.3805 -0.6539
vn 0.3958 0.8286 -0.3958
vn 0.5893 -0.5528 -0.5893
vn 0.5021 0.7041 -0.5021
vn 0.5021 -0.7041 -0.5021
vn 0.5893 0.5528 -0.5893
vn 0.3958 -0.8286 -0.3958
vn 0.6539 0.3805 -0.6539
vn 0.2743 -0.9217 -0.2743
vn 0.6937 0.1939 -0.6937
vn 0.7071 -0.0000 -0.7071
vn 0.5905 0.7041 -0.3945
vn 0.6929 0.5528 -0.4630
vn 0.5905 -0.7041 -0.3945
vn 0.4654 -0.8286 -0.3110
vn 0.7689 0.3805 -0.5138
vn 0.3225 -0.9217 -0.2155
vn 0.8157 0.1939 -0.5450
vn 0.1671 -0.9796 -0.1116
vn 0.8315 -0.0000 -0.5556
vn 0.1671 0.9796 -0.1116
vn 0.8157 -0.1939 -0.5450
vn 0.3225 0.9217 -0.2155
vn 0.7689 -0.3805 -0.5138
vn 0.4654 0.8286 -0.3110
vn 0.6929 -0.5528 -0.4630
vn 0.9063 -0.1939 -0.3754
vn 0.3584 0.9217 -0.1484
vn 0.8544 -0.3805 -0.3539
vn 0.5172 0.8286 -0.2142
vn 0.7699 -0.5528 -0.3189
vn 0.6561 0.7041 -0.2718
vn 0.6561 -0.7041 -0.2718
vn 0.7699 0.5528 -0.3189
vn 0.5172 -0.8286 -0.2142
vn 0.8544 0.3805 -0.3539
vn 0.3584 -0.9217 -0.1484
vn 0.9063 0.1939 -0.3754
vn 0.1857 -0.9796 -0.0769
vn 0.9239 -0.0000 -0.3827
vn 0.1857 0.9796 -0.0769
vn 0.6965 -0.7041 -0.1385
vn 0.5490 -0.8286 -0.1092
vn 0.9070 0.3805 -0.1804
vn 0.3804 -0.9217 -0.0757
vn 0.9622 0.1939 -0.1914
vn 0.1971 -0.9796 -0.0392
vn 0.9808 -0.0000 -0.1951
vn 0.1971 0.9796 -0.0392
vn 0.9622 -0.1939 -0.1914
vn 0.3804 0.9217 -0.0757
vn 0.9070 -0.3805 -0.1804
vn 0.5490 0.8286 -0.1092
vn 0.8173 -0.5528 -0.1626
vn 0.6965 0.7041 -0.1385
vn 0.8173 0.5528 -0.1626
vn 0.3879 0.9217 -0.0000
vn 0.9248 -0.3805 -0.0000
vn 0.5598 0.8286 -0.0000
vn 0.8333 -0.5528 -0.0000
vn 0.7101 0.7041 -0.0000
vn 0.7101 -0.7041 -0.0000
vn 0.8333 0.5528 -0.0000
vn 0.5598 -0.8286 -0.0000
vn 0.9248 0.3805 -0.0000
vn 0.3879 -0.9217 -0.0000
vn 0.9810 0.1939 -0.0000
vn 0.2010 -0.9796 -0.0000
vn 1.0000 -0.0000 -0.0000
vn 0.2010 0.9796 -0.0000
vn 0.9810 -0.1939 -0.0000
vn 0.9070 0.3805 0.1804
vn 0.3804 -0.9217 0.0757
vn 0.9622 0.1939 0.1914
vn 0.1971 -0.9796 0.0392
vn 0.9808 -0.0000 0.1951
vn 0.1971 0.9796 0.0392
vn 0.9622 -0.1939 0.1914
vn 0.3804 0.9217 0.0757
vn 0.9070 -0.3805 0.1804
vn 0.5490 0.8286 0.1092
vn 0.8173 -0.5528 0.1626
vn 0.6965 0.7041 0.1385
vn 0.6965 -0.7041 0.1385
vn 0.8173 0.5528 0.1626
vn 0.5490 -0.8286 0.1092
vn 0.8544 -0.3805 0.3539
vn 0.5172 0.8286 0.2142
vn 0.7699 -0.5528 0.3189
vn 0.6561 0.7041 0.2718
vn 0.6561 -0.7041 0.2718
vn 0.7699 0.5528 0.3189
vn 0.5172 -0.8286 0.2142
vn 0.8544 0.3805 0.3539
vn 0.3584 -0.9217 0.1484
vn 0.9063 0.1939 0.3754
vn 0.1857 -0.9796 0.0769
vn 0.9239 -0.0000 0.3827
vn 0.1857 0.9796 0.0769
vn 0.9063 -0.1939 0.3754
vn 0.3584 0.9217 0.1484
vn 0.4654 -0.8286 0.3110
vn 0.3225 -0.9217 0.2155
vn 0.7689 0.3805 0.5138
vn 0.8157 0.1939 0.5450
vn 0.1671 -0.9796 0.1116
vn 0.8315 -0.0000 0.5556
vn 0.1671 0.9796 0.1117
vn 0.8157 -0.1939 0.5450
vn 0.3225 0.9217 0.2155
vn 0.7689 -0.3805 0.5138
vn 0.4654 0.8286 0.3110
vn 0.6929 -0.5528 0.4630
vn 0.5905 0.7041 0.3945
vn 0.5905 -0.7041 0.3945
vn 0.6929 0.5528 0.4630
vn 0.6539 -0.3805 0.6539
vn 0.5893 -0.5528 0.5893
vn 0.5021 0.7041 0.5021
vn 0.5021 -0.7041 0.5021
vn 0.5893 0.5528 0.5893
vn 0.3958 -0.8286 0.3958
vn 0.6539 0.3805 0.6539
vn 0.2743 -0.9217 0.2743
vn 0.6937 0.1939 0.6937
vn 0.1421 -0.9796 0.1421
vn 0.7071 -0.0000 0.7071
vn 0.1421 0.9796 0.1421
vn 0.6937 -0.1939 0.6937
vn 0.2743 0.9217 0.2743
vn 0.3958 0.8286 0.3958
vn 0.1117 -0.9796 0.1671
vn 0.5450 0.1939 0.8157
vn 0.5556 -0.0000 0.8315
vn 0.1117 0.9796 0.1671
vn 0.5450 -0.1939 0.8157
vn 0.2155 0.9217 0.3225
vn 0.5138 -0.3805 0.7689
vn 0.3110 0.8286 0.4654
vn 0.4630 -0.5528 0.6929
vn 0.3945 0.7041 0.5905
vn 0.3945 -0.7041 0.5905
vn 0.4630 0.5528 0.6929
vn 0.3110 -0.8286 0.4654
vn 0.5138 0.3805 0.7689
vn 0.2155 -0.9217 0.3225
vn 0.2718 0.7041 0.6561
vn 0.2718 -0.7041 0.6561
vn 0.3189 0.5528 0.7699
vn 0.2142 -0.8286 0.5172
vn 0.3539 0.3805 0.8544
vn 0.1484 -0.9217 0.3584
vn 0.3754 0.1939 0.9063
vn 0.0769 -0.9796 0.1857
vn 0.3827 -0.0000 0.9239
vn 0.0769 0.9796 0.1857
vn 0.3754 -0.1939 0.9063
vn 0.1484 0.9217 0.3584
vn 0.3539 -0.3805 0.8544
vn 0.2142 0.8286 0.5172
vn 0.3189 -0.5528 0.7699
vn 0.1914 0.1939 0.9622
vn 0.1951 -0.0000 0.9808
vn 0.0392 0.9796 0.1971
vn 0.0392 -0.9796 0.1971
vn 0.1914 -0.1939 0.9622
vn 0.0757 0.9217 0.3804
vn 0.1804 -0.3805 0.9070
vn 0.1092 0.8286 0.5490
vn 0.1626 -0.5528 0.8173
vn 0.1385 0.7041 0.6965
vn 0.1385 -0.7041 0.6965
vn 0.1626 0.5528 0.8173
vn 0.1092 -0.8286 0.5490
vn 0.1804 0.3805 0.9070
vn 0.0757 -0.9217 0.3804
vn -0.0000 -0.7041 0.7101
vn -0.0000 0.7041 0.7101
vn -0.0000 0.5528 0.8333
vn -0.0000 -0.8286 0.5598
vn -0.0000 0.3805 0.9248
vn -0.0000 -0.9217 0.3879
vn -0.0000 0.1939 0.9810
vn -0.0000 -0.9796 0.2010
vn -0.0000 -0.0000 1.0000
vn -0.0000 0.9796 0.2010
vn -0.0000 -0.1939 0.9810
vn -0.0000 0.9217 0.3879
vn -0.0000 -0.3805 0.9248
vn -0.0000 0.8286 0.5598
vn -0.0000 -0.5528 0.8333
vn -0.0392 0.9796 0.1971
vn -0.0392 -0.9796 0.1971
vn -0.1914 -0.1939 0.9622
vn -0.0757 0.9217 0.3804
vn -0.1804 -0.3805 0.9070
vn -0.1092 0.8286 0.5490
vn -0.1626 -0.5528 0.8173
vn -0.1385 0.7041 0.6965
vn -0.1385 -0.7041 0.6965
vn -0.1626 0.5528 0.8173
vn -0.1092 -0.8286 0.5490
vn -0.1804 0.3805 0.9070
vn -0.0757 -0.9217 0.3804
vn -0.1914 0.1939 0.9622
vn -0.1951 -0.0000 0.9808
vn -0.2718 0.7041 0.6561
vn -0.3189 0.5528 0.7699
vn -0.2718 -0.7041 0.6561
vn -0.2142 -0.8286 0.5172
vn -0.3539 0.3805 0.8544
vn -0.1484 -0.9217 0.3584
vn -0.3754 0.1939 0.9063
vn -0.0769 -0.9796 0.1857
vn -0.3827 -0.0000 0.9239
vn -0.0769 0.9796 0.1857
vn -0.3754 -0.1939 0.9063
vn -0.1484 0.9217 0.3584
vn -0.3539 -0.3805 0.8544
vn -0.2142 0.8286 0.5172
vn -0.3189 -0.5528 0.7699
vn -0.5450 -0.1939 0.8157
vn -0.1117 0.9796 0.1671
vn -0.2155 0.9217 0.3225
vn -0.5138 -0.3805 0.7689
vn -0.3110 0.8286 0.4654
vn -0.4630 -0.5528 0.6929
vn -0.3945 0.7041 0.5905
vn -0.3945 -0.7041 0.5905
vn -0.4630 0.5528 0.6929
vn -0.3110 -0.8286 0.4654
vn -0.5138 0.3805 0.7689
vn -0.2155 -0.9217 0.3225
vn -0.5450 0.1939 0.8157
vn -0.1117 -0.9796 0.1671
vn -0.5556 -0.0000 0.8315
vn -0.5021 -0.7041 0.5021
vn -0.3958 -0.8286 0.3958
vn -0.6539 0.3805 0.6539
vn -0.2743 -0.9217 0.2743
vn -0.6937 0.1939 0.6937
vn -0.1421 -0.9796 0.1421
vn -0.7071 -0.0000 0.7071
vn -0.1421 0.9796 0.1421
vn -0.6937 -0.1939 0.6937
vn -0.2743 0.9217 0.2743
vn -0.6539 -0.3805 0.6539
vn -0.3958 0.8286 0.3958
vn -0.5893 -0.5528 0.5893
vn -0.5021 0.7041 0.5021
vn -0.5893 0.5528 0.5893
vn -0.7689 -0.3805 0.5138
vn -0.3225 0.9217 0.2155
vn -0.4654 0.8286 0.3110
vn -0.6929 -0.5528 0.4630
vn -0.5905 0.7041 0.3945
vn -0.5905 -0.7041 0.3945
vn -0.6929 0.5528 0.4630
vn -0.4654 -0.8286 0.3110
vn -0.7689 0.3805 0.5138
vn -0.3225 -0.9217 0.2155
vn -0.8157 0.1939 0.5450
vn -0.1671 -0.9796 0.1117
vn -0.8315 -0.0000 0.5556
vn -0.1671 0.9796 0.1117
vn -0.8157 -0.1939 0.5450
vn -0.3584 -0.9217 0.1484
vn -0.8544 0.3805 0.3539
vn -0.9063 0.1939 0.3754
vn -0.1857 -0.9796 0.0769
vn -0.9239 -0.0000 0.3827
vn -0.1857 0.9796 0.0769
vn -0.9063 -0.1939 0.3754
vn -0.3584 0.9217 0.1484
vn -0.8544 -0.3805 0.3539
vn -0.5172 0.8286 0.2142
vn -0.7699 -0.5528 0.3189
vn -0.6561 0.7041 0.2718
vn -0.6561 -0.7041 0.2718
vn -0.7699 0.5528 0.3189
vn -0.5172 -0.8286 0.2142
vn -0.5490 0.8286 0.1092
vn -0.9070 -0.3805 0.1804
vn -0.8173 -0.5528 0.1626
vn -0.6965 0.7041 0.1385
vn -0.6965 -0.7041 0.1385
vn -0.8173 0.5528 0.1626
vn -0.5490 -0.8286 0.1092
vn -0.9070 0.3805 0.1804
vn -0.3804 -0.9217 0.0757
vn -0.9622 0.1939 0.1914
vn -0.1971 -0.9796 0.0392
vn -0.9808 -0.0000 0.1951
vn -0.1971 0.9796 0.0392
vn -0.9622 -0.1939 0.1914
vn -0.3804 0.9217 0.0757
vn -0.9248 0.3805 -0.0000
vn -0.9810 0.1939 -0.0000
vn -0.2010 -0.9796 -0.0000
vn -1.0000 -0.0000 -0.0000
vn -0.2010 0.9796 -0.0000
vn -0.9810 -0.1939 -0.0000
vn -0.3879 0.9217 -0.0000
vn -0.9248 -0.3805 -0.0000
vn -0.5598 0.8286 -0.0000
vn -0.8333 -0.5528 -0.0000
vn -0.7101 0.7041 -0.0000
vn -0.7101 -0.7041 -0.0000
vn -0.8333 0.5528 -0.0000
vn -0.5598 -0.8286 -0.0000
vn -0.3879 -0.9217 -0.0000
vn -0.9070 -0.3805 -0.1804
vn -0.8173 -0.5528 -0.1626
vn -0.6965 0.7041 -0.1385
vn -0.6965 -0.7041 -0.1385
vn -0.8173 0.5528 -0.1626
vn -0.5490 -0.8286 -0.1092
vn -0.9070 0.3805 -0.1804
vn -0.3804 -0.9217 -0.0757
vn -0.9622 0.1939 -0.1914
vn -0.1971 -0.9796 -0.0392
vn -0.9808 -0.0000 -0.1951
vn -0.1971 0.9796 -0.0392
vn -0.9622 -0.1939 -0.1914
vn -0.3804 0.9217 -0.0757
vn -0.5490 0.8286 -0.1092
vn -0.3584 -0.9217 -0.1484
vn -0.1857 -0.9796 -0.0769
vn -0.9063 0.1939 -0.3754
vn -0.9239 -0.0000 -0.3827
vn -0.1857 0.9796 -0.0769
vn -0.9063 -0.1939 -0.3754
vn -0.3584 0.9217 -0.1484
vn -0.8544 -0.3805 -0.3539
vn -0.5172 0.8286 -0.2142
vn -0.7699 -0.5528 -0.3189
vn -0.6561 0.7041 -0.2718
vn -0.6561 -0.7041 -0.2718
vn -0.7699 0.5528 -0.3189
vn -0.5172 -0.8286 -0.2142
vn -0.8544 0.3805 -0.3539
vn -0.5905 0.7041 -0.3945
vn -0.5905 -0.7041 -0.3945
vn -0.6929 0.5528 -0.4630
vn -0.4654 -0.8286 -0.3110
vn -0.7689 0.3805 -0.5138
vn -0.3225 -0.9217 -0.2155
vn -0.8157 0.1939 -0.5450
vn -0.1671 -0.9796 -0.1117
vn -0.8315 -0.0000 -0.5556
vn -0.1671 0.9796 -0.1117
vn -0.8157 -0.1939 -0.5450
vn -0.3225 0.9217 -0.2155
vn -0.7689 -0.3805 -0.5138
vn -0.4654 0.8286 -0.3110
vn -0.6929 -0.5528 -0.4630
vn -0.6937 0.1939 -0.6937
vn -0.7071 -0.0000 -0.7071
vn -0.1421 0.9796 -0.1421
vn -0.1421 -0.9796 -0.1421
vn -0.6937 -0.1939 -0.6937
vn -0.2743 0.9217 -0.2743
vn -0.6539 -0.3805 -0.6539
vn -0.3958 0.8286 -0.3958
vn -0.5893 -0.5528 -0.5893
vn -0.5021 0.7041 -0.5021
vn -0.5021 -0.7041 -0.5021
vn -0.5893 0.5528 -0.5893
vn -0.3958 -0.8286 -0.3958
vn -0.6539 0.3805 -0.6539
vn -0.2743 -0.9217 -0.2743
vn -0.3945 -0.7041 -0.5905
vn -0.3945 0.7041 -0.5905
vn -0.4630 0.5528 -0.6929
vn -0.3110 -0.8286 -0.4654
vn -0.5138 0.3805 -0.7689
vn -0.2155 -0.9217 -0.3225
vn -0.5450 0.1939 -0.8157
vn -0.1117 -0.9796 -0.1671
vn -0.5556 -0.0000 -0.8315
vn -0.1117 0.9796 -0.1671
vn -0.5450 -0.1939 -0.8157
vn -0.2155 0.9217 -0.3225
vn -0.5138 -0.3805 -0.7689
vn -0.3110 0.8286 -0.4654
vn -0.4630 -0.5528 -0.6929
vn -0.0769 -0.9796 -0.1857
vn -0.3754 -0.1939 -0.9063
vn -0.0769 0.9796 -0.1857
vn -0.1484 0.9217 -0.3584
vn -0.3539 -0.3805 -0.8544
vn -0.2142 0.8286 -0.5172
vn -0.3189 -0.5528 -0.7699
vn -0.2718 0.7041 -0.6561
vn -0.2718 -0.7041 -0.6561
vn -0.3189 0.5528 -0.7699
vn -0.2142 -0.8286 -0.5172
vn -0.3539 0.3805 -0.8544
vn -0.1484 -0.9217 -0.3584
vn -0.3754 0.1939 -0.9063
vn -0.3827 -0.0000 -0.9239
vn -0.1385 -0.7041 -0.6965
vn -0.1092 -0.8286 -0.5490
vn -0.1804 0.3805 -0.9070
vn -0.0757 -0.9217 -0.3804
vn -0.1914 0.1939 -0.9622
vn -0.0392 -0.9796 -0.1971
vn -0.1951 -0.0000 -0.9808
vn -0.0392 0.9796 -0.1971
vn -0.1914 -0.1939 -0.9622
vn -0.0757 0.9217 -0.3804
vn -0.1804 -0.3805 -0.9070
vn -0.1092 0.8286 -0.5490
vn -0.1626 -0.5528 -0.8173
vn -0.1385 0.7041 -0.6965
vn -0.1626 0.5528 -0.8173
vn 0.1671 0.9796 -0.1117
vt 0.750000 0.812500
vt 0.750000 0.687500
vt 0.750000 0.562500
vt 0.750000 0.500000
vt 0.750000 0.437500
vt 0.750000 0.312500
vt 0.718750 0.937500
vt 0.718750 0.875000
vt 0.718750 0.812500
vt 0.718750 0.750000
vt 0.718750 0.687500
vt 0.718750 0.625000
vt 0.718750 0.562500
vt 0.718750 0.500000
vt 0.718750 0.437500
vt 0.718750 0.375000
vt 0.718750 0.312500
vt 0.718750 0.250000
vt 0.718750 0.187500
vt 0.718750 0.125000
vt 0.718750 0.062500
vt 0.687500 0.937500
vt 0.687500 0.875000
vt 0.687500 0.812500
vt 0.687500 0.750000
vt 0.687500 0.687500
vt 0.687500 0.625000
vt 0.687500 0.562500
vt 0.687500 0.500000
vt 0.687500 0.437500
vt 0.687500 0.375000
vt 0.687500 0.312500
vt 0.687500 0.250000
vt 0.687500 0.187500
vt 0.687500 0.125000
vt 0.687500 0.062500
vt 0.656250 0.937500
vt 0.656250 0.875000
vt 0.656250 0.812500
vt 0.656250 0.750000
vt 0.656250 0.687500
vt 0.656250 0.625000
vt 0.656250 0.562500
vt 0.656250 0.500000
vt 0.656250 0.437500
vt 0.656250 0.375000
vt 0.656250 0.312500
vt 0.656250 0.250000
vt 0.656250 0.187500
vt 0.656250 0.125000
vt 0.656250 0.062500
vt 0.625000 0.937500
vt 0.625000 0.875000
vt 0.625000 0.812500
vt 0.625000 0.750000
vt 0.625000 0.687500
vt 0.625000 0.625000
vt 0.625000 0.562500
vt 0.625000 0.500000
vt 0.625000 0.437500
vt 0.625000 0.375000
vt 0.625000 0.312500
vt 0.625000 0.250000
vt 0.625000 0.187500
vt 0.625000 0.125000
vt 0.625000 0.062500
vt 0.593750 0.937500
vt 0.593750 0.875000
vt 0.593750 0.812500
vt 0.593750 0.750000
vt 0.593750 0.687500
vt 0.593750 0.625000
vt 0.593750 0.562500
vt 0.593750 0.500000
vt 0.593750 0.437500
vt 0.593750 0.375000
vt 0.593750 0.312500
vt 0.593750 0.250000
vt 0.593750 0.187500
vt 0.593750 0.125000
vt 0.593750 0.062500
vt 0.734375 1.000000
vt 0.703125 1.000000
vt 0.671875 1.000000
vt 0.640625 1.000000
vt 0.609375 1.000000
vt 0.578125 1.000000
vt 0.546875 1.000000
vt 0.515625 1.000000
vt 0.484375 1.000000
vt 0.453125 1.000000
vt 0.421875 1.000000
vt 0.390625 1.000000
vt 0.359375 1.000000
vt 0.328125 1.000000
vt 0.296875 1.000000
vt 0.265625 1.000000
vt 0.234375 1.000000
vt 0.203125 1.000000
vt 0.171875 1.000000
vt 0.140625 1.000000
vt 0.109375 1.000000
vt 0.078125 1.000000
vt 0.046875 1.000000
vt 0.015625 1.000000
vt 0.984375 1.000000
vt 0.953125 1.000000
vt 0.921875 1.000000
vt 0.890625 1.000000
vt 0.859375 1.000000
vt 0.828125 1.000000
vt 0.796875 1.000000
vt 0.765625 1.000000
vt 0.562500 0.937500
vt 0.562500 0.875000
vt 0.562500 0.812500
vt 0.562500 0.750000
vt 0.562500 0.687500
vt 0.562500 0.625000
vt 0.562500 0.562500
vt 0.562500 0.500000
vt 0.562500 0.437500
vt 0.562500 0.375000
vt 0.562500 0.312500
vt 0.562500 0.250000
vt 0.562500 0.187500
vt 0.562500 0.125000
vt 0.562500 0.062500
vt 0.531250 0.937500
vt 0.531250 0.875000
vt 0.531250 0.812500
vt 0.531250 0.750000
vt 0.531250 0.687500
vt 0.531250 0.625000
vt 0.531250 0.562500
vt 0.531250 0.500000
vt 0.531250 0.437500
vt 0.531250 0.375000
vt 0.531250 0.312500
vt 0.531250 0.250000
vt 0.531250 0.187500
vt 0.531250 0.125000
vt 0.531250 0.062500
vt 0.500000 0.937500
vt 0.500000 0.875000
vt 0.500000 0.812500
vt 0.500000 0.750000
vt 0.500000 0.687500
vt 0.500000 0.625000
vt 0.500000 0.562500
vt 0.500000 0.500000
vt 0.500000 0.437500
vt 0.500000 0.375000
vt 0.500000 0.312500
vt 0.500000 0.250000
vt 0.500000 0.187500
vt 0.500000 0.125000
vt 0.500000 0.062500
vt 0.468750 0.937500
vt 0.468750 0.875000
vt 0.468750 0.812500
vt 0.468750 0.750000
vt 0.468750 0.687500
vt 0.468750 0.625000
vt 0.468750 0.562500
vt 0.468750 0.500000
vt 0.468750 0.437500
vt 0.468750 0.375000
vt 0.468750 0.312500
vt 0.468750 0.250000
vt 0.468750 0.187500
vt 0.468750 0.125000
vt 0.468750 0.062500
vt 0.437500 0.937500
vt 0.437500 0.875000
vt 0.437500 0.812500
vt 0.437500 0.750000
vt 0.437500 0.687500
vt 0.437500 0.625000
vt 0.437500 0.562500
vt 0.437500 0.500000
vt 0.437500 0.437500
vt 0.437500 0.375000
vt 0.437500 0.312500
vt 0.437500 0.250000
vt 0.437500 0.187500
vt 0.437500 0.125000
vt 0.437500 0.062500
vt 0.406250 0.937500
vt 0.406250 0.875000
vt 0.406250 0.812500
vt 0.406250 0.750000
vt 0.406250 0.687500
vt 0.406250 0.625000
vt 0.406250 0.562500
vt 0.406250 0.500000
vt 0.406250 0.437500
vt 0.406250 0.375000
vt 0.406250 0.312500
vt 0.406250 0.250000
vt 0.406250 0.187500
vt 0.406250 0.125000
vt 0.406250 0.062500
vt 0.375000 0.937500
vt 0.375000 0.875000
vt 0.375000 0.812500
vt 0.375000 0.750000
vt 0.375000 0.687500
vt 0.375000 0.625000
vt 0.375000 0.562500
vt 0.375000 0.500000
vt 0.375000 0.437500
vt 0.375000 0.375000
vt 0.375000 0.312500
vt 0.375000 0.250000
vt 0.375000 0.187500
vt 0.375000 0.125000
vt 0.375000 0.062500
vt 0.343750 0.937500
vt 0.343750 0.875000
vt 0.343750 0.812500
vt 0.343750 0.750000
vt 0.343750 0.687500
vt 0.343750 0.625000
vt 0.343750 0.562500
vt 0.343750 0.500000
vt 0.343750 0.437500
vt 0.343750 0.375000
vt 0.343750 0.312500
vt 0.343750 0.250000
vt 0.343750 0.187500
vt 0.343750 0.125000
vt 0.343750 0.062500
vt 0.312500 0.937500
vt 0.312500 0.875000
vt 0.312500 0.812500
vt 0.312500 0.750000
vt 0.312500 0.687500
vt 0.312500 0.625000
vt 0.312500 0.562500
vt 0.312500 0.500000
vt 0.312500 0.437500
vt 0.312500 0.375000
vt 0.312500 0.312500
vt 0.312500 0.250000
vt 0.312500 0.187500
vt 0.312500 0.125000
vt 0.312500 0.062500
vt 0.281250 0.937500
vt 0.281250 0.875000
vt 0.281250 0.812500
vt 0.281250 0.750000
vt 0.281250 0.687500
vt 0.281250 0.625000
vt 0.281250 0.562500
vt 0.281250 0.500000
vt 0.281250 0.437500
vt 0.281250 0.375000
vt 0.281250 0.312500
vt 0.281250 0.250000
vt 0.281250 0.187500
vt 0.281250 0.125000
vt 0.281250 0.062500
vt 0.250000 0.937500
vt 0.250000 0.875000
vt 0.250000 0.812500
vt 0.250000 0.750000
vt 0.250000 0.687500
vt 0.250000 0.625000
vt 0.250000 0.562500
vt 0.250000 0.500000
vt 0.250000 0.437500
vt 0.250000 0.375000
vt 0.250000 0.312500
vt 0.250000 0.250000
vt 0.250000 0.187500
vt 0.250000 0.125000
vt 0.250000 0.062500
vt 0.218750 0.937500
vt 0.218750 0.875000
vt 0.218750 0.812500
vt 0.218750 0.750000
vt 0.218750 0.687500
vt 0.218750 0.625000
vt 0.218750 0.562500
vt 0.218750 0.500000
vt 0.218750 0.437500
vt 0.218750 0.375000
vt 0.218750 0.312500
vt 0.218750 0.250000
vt 0.218750 0.187500
vt 0.218750 0.125000
vt 0.218750 0.062500
vt 0.187500 0.937500
vt 0.187500 0.875000
vt 0.187500 0.812500
vt 0.187500 0.750000
vt 0.187500 0.687500
vt 0.187500 0.625000
vt 0.187500 0.562500
vt 0.187500 0.500000
vt 0.187500 0.437500
vt 0.187500 0.375000
vt 0.187500 0.312500
vt 0.187500 0.250000
vt 0.187500 0.187500
vt 0.187500 0.125000
vt 0.187500 0.062500
vt 0.156250 0.937500
vt 0.156250 0.875000
vt 0.156250 0.812500
vt 0.156250 0.750000
vt 0.156250 0.687500
vt 0.156250 0.625000
vt 0.156250 0.562500
vt 0.156250 0.500000
vt 0.156250 0.437500
vt 0.156250 0.375000
vt 0.156250 0.312500
vt 0.156250 0.250000
vt 0.156250 0.187500
vt 0.156250 0.125000
vt 0.156250 0.062500
vt 0.125000 0.937500
vt 0.125000 0.875000
vt 0.125000 0.812500
vt 0.125000 0.750000
vt 0.125000 0.687500
vt 0.125000 0.625000
vt 0.125000 0.562500
vt 0.125000 0.500000
vt 0.125000 0.437500
vt 0.125000 0.375000
vt 0.125000 0.312500
vt 0.125000 0.250000
vt 0.125000 0.187500
vt 0.125000 0.125000
vt 0.125000 0.062500
vt 0.734375 0.000000
vt 0.703125 0.000000
vt 0.671875 0.000000
vt 0.640625 0.000000
vt 0.609375 0.000000
vt 0.578125 0.000000
vt 0.546875 0.000000
vt 0.515625 0.000000
vt 0.484375 0.000000
vt 0.453125 0.000000
vt 0.421875 0.000000
vt 0.390625 0.000000
vt 0.359375 0.000000
vt 0.328125 0.000000
vt 0.296875 0.000000
vt 0.265625 0.000000
vt 0.234375 0.000000
vt 0.203125 0.000000
vt 0.171875 0.000000
vt 0.140625 0.000000
vt 0.109375 0.000000
vt 0.078125 0.000000
vt 0.046875 0.000000
vt 0.015625 0.000000
vt 0.984375 0.000000
vt 0.953125 0.000000
vt 0.921875 0.000000
vt 0.890625 0.000000
vt 0.859375 0.000000
vt 0.828125 0.000000
vt 0.796875 0.000000
vt 0.765625 0.000000
vt 0.093750 0.937500
vt 0.093750 0.875000
vt 0.093750 0.812500
vt 0.093750 0.750000
vt 0.093750 0.687500
vt 0.093750 0.625000
vt 0.093750 0.562500
vt 0.093750 0.500000
vt 0.093750 0.437500
vt 0.093750 0.375000
vt 0.093750 0.312500
vt 0.093750 0.250000
vt 0.093750 0.187500
vt 0.093750 0.125000
vt 0.093750 0.062500
vt 0.062500 0.937500
vt 0.062500 0.875000
vt 0.062500 0.812500
vt 0.062500 0.750000
vt 0.062500 0.687500
vt 0.062500 0.625000
vt 0.062500 0.562500
vt 0.062500 0.500000
vt 0.062500 0.437500
vt 0.062500 0.375000
vt 0.062500 0.312500
vt 0.062500 0.250000
vt 0.062500 0.187500
vt 0.062500 0.125000
vt 0.062500 0.062500
vt 0.031250 0.937500
vt 0.031250 0.875000
vt 0.031250 0.812500
vt 0.031250 0.750000
vt 0.031250 0.687500
vt 0.031250 0.625000
vt 0.031250 0.562500
vt 0.031250 0.500000
vt 0.031250 0.437500
vt 0.031250 0.375000
vt 0.031250 0.312500
vt 0.031250 0.250000
vt 0.031250 0.187500
vt 0.031250 0.125000
vt 0.031250 0.062500
vt 0.000000 0.937500
vt 1.000000 0.937500
vt 0.000000 0.875000
vt 1.000000 0.875000
vt 0.000000 0.812500
vt 1.000000 0.812500
vt 0.000000 0.750000
vt 1.000000 0.750000
vt 0.000000 0.687500
vt 1.000000 0.687500
vt 0.000000 0.625000
vt 1.000000 0.625000
vt 0.000000 0.562500
vt 1.000000 0.562500
vt 0.000000 0.500000
vt 1.000000 0.500000
vt 0.000000 0.437500
vt 1.000000 0.437500
vt 0.000000 0.375000
vt 1.000000 0.375000
vt 0.000000 0.312500
vt 1.000000 0.312500
vt 0.000000 0.250000
vt 1.000000 0.250000
vt 0.000000 0.187500
vt 1.000000 0.187500
vt 0.000000 0.125000
vt 1.000000 0.125000
vt 1.000000 0.062500
vt 0.000000 0.062500
vt 0.968750 0.937500
vt 0.968750 0.875000
vt 0.968750 0.812500
vt 0.968750 0.750000
vt 0.968750 0.687500
vt 0.968750 0.625000
vt 0.968750 0.562500
vt 0.968750 0.500000
vt 0.968750 0.437500
vt 0.968750 0.375000
vt 0.968750 0.312500
vt 0.968750 0.250000
vt 0.968750 0.187500
vt 0.968750 0.125000
vt 0.968750 0.062500
vt 0.937500 0.937500
vt 0.937500 0.875000
vt 0.937500 0.812500
vt 0.937500 0.750000
vt 0.937500 0.687500
vt 0.937500 0.625000
vt 0.937500 0.562500
vt 0.937500 0.500000
vt 0.937500 0.437500
vt 0.937500 0.375000
vt 0.937500 0.312500
vt 0.937500 0.250000
vt 0.937500 0.187500
vt 0.937500 0.125000
vt 0.937500 0.062500
vt 0.906250 0.937500
vt 0.906250 0.875000
vt 0.906250 0.812500
vt 0.906250 0.750000
vt 0.906250 0.687500
vt 0.906250 0.625000
vt 0.906250 0.562500
vt 0.906250 0.500000
vt 0.906250 0.437500
vt 0.906250 0.375000
vt 0.906250 0.312500
vt 0.906250 0.250000
vt 0.906250 0.187500
vt 0.906250 0.125000
vt 0.906250 0.062500
vt 0.875000 0.937500
vt 0.875000 0.875000
vt 0.875000 0.812500
vt 0.875000 0.750000
vt 0.875000 0.687500
vt 0.875000 0.625000
vt 0.875000 0.562500
vt 0.875000 0.500000
vt 0.875000 0.437500
vt 0.875000 0.375000
vt 0.875000 0.312500
vt 0.875000 0.250000
vt 0.875000 0.187500
vt 0.875000 0.125000
vt 0.875000 0.062500
vt 0.843750 0.937500
vt 0.843750 0.875000
vt 0.843750 0.812500
vt 0.843750 0.750000
vt 0.843750 0.687500
vt 0.843750 0.625000
vt 0.843750 0.562500
vt 0.843750 0.500000
vt 0.843750 0.437500
vt 0.843750 0.375000
vt 0.843750 0.312500
vt 0.843750 0.250000
vt 0.843750 0.187500
vt 0.843750 0.125000
vt 0.843750 0.062500
vt 0.812500 0.937500
vt 0.812500 0.875000
vt 0.812500 0.812500
vt 0.812500 0.750000
vt 0.812500 0.687500
vt 0.812500 0.625000
vt 0.812500 0.562500
vt 0.812500 0.500000
vt 0.812500 0.437500
vt 0.812500 0.375000
vt 0.812500 0.312500
vt 0.812500 0.250000
vt 0.812500 0.187500
vt 0.812500 0.125000
vt 0.812500 0.062500
vt 0.781250 0.937500
vt 0.781250 0.875000
vt 0.781250 0.812500
vt 0.781250 0.750000
vt 0.781250 0.687500
vt 0.781250 0.625000
vt 0.781250 0.562500
vt 0.781250 0.500000
vt 0.781250 0.437500
vt 0.781250 0.375000
vt 0.781250 0.312500
vt 0.781250 0.250000
vt 0.781250 0.187500
vt 0.781250 0.125000
vt 0.781250 0.062500
vt 0.750000 0.937500
vt 0.750000 0.875000
vt 0.750000 0.750000
vt 0.750000 0.625000
vt 0.750000 0.375000
vt 0.750000 0.250000
vt 0.750000 0.187500
vt 0.750000 0.125000
vt 0.750000 0.062500
vt 0.750000 0.812500
vt 0.750000 0.687500
vt 0.750000 0.562500
vt 0.750000 0.500000
vt 0.750000 0.437500
vt 0.750000 0.312500
vt 0.718750 0.937500
vt 0.718750 0.875000
vt 0.718750 0.812500
vt 0.718750 0.750000
vt 0.718750 0.687500
vt 0.718750 0.625000
vt 0.718750 0.562500
vt 0.718750 0.500000
vt 0.718750 0.437500
vt 0.718750 0.375000
vt 0.718750 0.312500
vt 0.718750 0.250000
vt 0.718750 0.187500
vt 0.718750 0.125000
vt 0.718750 0.062500
vt 0.687500 0.937500
vt 0.687500 0.875000
vt 0.687500 0.812500
vt 0.687500 0.750000
vt 0.687500 0.687500
vt 0.687500 0.625000
vt 0.687500 0.562500
vt 0.687500 0.500000
vt 0.687500 0.437500
vt 0.687500 0.375000
vt 0.687500 0.312500
vt 0.687500 0.250000
vt 0.687500 0.187500
vt 0.687500 0.125000
vt 0.687500 0.062500
vt 0.656250 0.937500
vt 0.656250 0.875000
vt 0.656250 0.812500
vt 0.656250 0.750000
vt 0.656250 0.687500
vt 0.656250 0.625000
vt 0.656250 0.562500
vt 0.656250 0.500000
vt 0.656250 0.437500
vt 0.656250 0.375000
vt 0.656250 0.312500
vt 0.656250 0.250000
vt 0.656250 0.187500
vt 0.656250 0.125000
vt 0.656250 0.062500
vt 0.625000 0.937500
vt 0.625000 0.875000
vt 0.625000 0.812500
vt 0.625000 0.750000
vt 0.625000 0.687500
vt 0.625000 0.625000
vt 0.625000 0.562500
vt 0.625000 0.500000
vt 0.625000 0.437500
vt 0.625000 0.375000
vt 0.625000 0.312500
vt 0.625000 0.250000
vt 0.625000 0.187500
vt 0.625000 0.125000
vt 0.625000 0.062500
vt 0.593750 0.937500
vt 0.593750 0.875000
vt 0.593750 0.812500
vt 0.593750 0.750000
vt 0.593750 0.687500
vt 0.593750 0.625000
vt 0.593750 0.562500
vt 0.593750 0.500000
vt 0.593750 0.437500
vt 0.593750 0.375000
vt 0.593750 0.312500
vt 0.593750 0.250000
vt 0.593750 0.187500
vt 0.593750 0.125000
vt 0.593750 0.062500
vt 0.734375 1.000000
vt 0.703125 1.000000
vt 0.671875 1.000000
vt 0.640625 1.000000
vt 0.609375 1.000000
vt 0.578125 1.000000
vt 0.546875 1.000000
vt 0.515625 1.000000
vt 0.484375 1.000000
vt 0.453125 1.000000
vt 0.421875 1.000000
vt 0.390625 1.000000
vt 0.359375 1.000000
vt 0.328125 1.000000
vt 0.296875 1.000000
vt 0.265625 1.000000
vt 0.234375 1.000000
vt 0.203125 1.000000
vt 0.171875 1.000000
vt 0.140625 1.000000
vt 0.109375 1.000000
vt 0.078125 1.000000
vt 0.046875 1.000000
vt 0.015625 1.000000
vt 0.984375 1.000000
vt 0.953125 1.000000
vt 0.921875 1.000000
vt 0.890625 1.000000
vt 0.859375 1.000000
vt 0.828125 1.000000
vt 0.796875 1.000000
vt 0.765625 1.000000
vt 0.562500 0.937500
vt 0.562500 0.875000
vt 0.562500 0.812500
vt 0.562500 0.750000
vt 0.562500 0.687500
vt 0.562500 0.625000
vt 0.562500 0.562500
vt 0.562500 0.500000
vt 0.562500 0.437500
vt 0.562500 0.375000
vt 0.562500 0.312500
vt 0.562500 0.250000
vt 0.562500 0.187500
vt 0.562500 0.125000
vt 0.562500 0.062500
vt 0.531250 0.937500
vt 0.531250 0.875000
vt 0.531250 0.812500
vt 0.531250 0.750000
vt 0.531250 0.687500
vt 0.531250 0.625000
vt 0.531250 0.562500
vt 0.531250 0.500000
vt 0.531250 0.437500
vt 0.531250 0.375000
vt 0.531250 0.312500
vt 0.531250 0.250000
vt 0.531250 0.187500
vt 0.531250 0.125000
vt 0.531250 0.062500
vt 0.500000 0.937500
vt 0.500000 0.875000
vt 0.500000 0.812500
vt 0.500000 0.750000
vt 0.500000 0.687500
vt 0.500000 0.625000
vt 0.500000 0.562500
vt 0.500000 0.500000
vt 0.500000 0.437500
vt 0.500000 0.375000
vt 0.500000 0.312500
vt 0.500000 0.250000
vt 0.500000 0.187500
vt 0.500000 0.125000
vt 0.500000 0.062500
vt 0.468750 0.937500
vt 0.468750 0.875000
vt 0.468750 0.812500
vt 0.468750 0.750000
vt 0.468750 0.687500
vt 0.468750 0.625000
vt 0.468750 0.562500
vt 0.468750 0.500000
vt 0.468750 0.437500
vt 0.468750 0.375000
vt 0.468750 0.312500
vt 0.468750 0.250000
vt 0.468750 0.187500
vt 0.468750 0.125000
vt 0.468750 0.062500
vt 0.437500 0.937500
vt 0.437500 0.875000
vt 0.437500 0.812500
vt 0.437500 0.750000
vt 0.437500 0.687500
vt 0.437500 0.625000
vt 0.437500 0.562500
vt 0.437500 0.500000
vt 0.437500 0.437500
vt 0.437500 0.375000
vt 0.437500 0.312500
vt 0.437500 0.250000
vt 0.437500 0.187500
vt 0.437500 0.125000
vt 0.437500 0.062500
vt 0.406250 0.937500
vt 0.406250 0.875000
vt 0.406250 0.812500
vt 0.406250 0.750000
vt 0.406250 0.687500
vt 0.406250 0.625000
vt 0.406250 0.562500
vt 0.406250 0.500000
vt 0.406250 0.437500
vt 0.406250 0.375000
vt 0.406250 0.312500
vt 0.406250 0.250000
vt 0.406250 0.187500
vt 0.406250 0.125000
vt 0.406250 0.062500
vt 0.375000 0.937500
vt 0.375000 0.875000
vt 0.375000 0.812500
vt 0.375000 0.750000
vt 0.375000 0.687500
vt 0.375000 0.625000
vt 0.375000 0.562500
vt 0.375000 0.500000
vt 0.375000 0.437500
vt 0.375000 0.375000
vt 0.375000 0.312500
vt 0.375000 0.250000
vt 0.375000 0.187500
vt 0.375000 0.125000
vt 0.375000 0.062500
vt 0.343750 0.937500
vt 0.343750 0.875000
vt 0.343750 0.812500
vt 0.343750 0.750000
vt 0.343750 0.687500
vt 0.343750 0.625000
vt 0.343750 0.562500
vt 0.343750 0.500000
vt 0.343750 0.437500
vt 0.343750 0.375000
vt 0.343750 0.312500
vt 0.343750 0.250000
vt 0.343750 0.187500
vt 0.343750 0.125000
vt 0.343750 0.062500
vt 0.312500 0.937500
vt 0.312500 0.875000
vt 0.312500 0.812500
vt 0.312500 0.750000
vt 0.312500 0.687500
vt 0.312500 0.625000
vt 0.312500 0.562500
vt 0.312500 0.500000
vt 0.312500 0.437500
vt 0.312500 0.375000
vt 0.312500 0.312500
vt 0.312500 0.250000
vt 0.312500 0.187500
vt 0.312500 0.125000
vt 0.312500 0.062500
vt 0.281250 0.937500
vt 0.281250 0.875000
vt 0.281250 0.812500
vt 0.281250 0.750000
vt 0.281250 0.687500
vt 0.281250 0.625000
vt 0.281250 0.562500
vt 0.281250 0.500000
vt 0.281250 0.437500
vt 0.281250 0.375000
vt 0.281250 0.312500
vt 0.281250 0.250000
vt 0.281250 0.187500
vt 0.281250 0.125000
vt 0.281250 0.062500
vt 0.250000 0.937500
vt 0.250000 0.875000
vt 0.250000 0.812500
vt 0.250000 0.750000
vt 0.250000 0.687500
vt 0.250000 0.625000
vt 0.250000 0.562500
vt 0.250000 0.500000
vt 0.250000 0.437500
vt 0.250000 0.375000
vt 0.250000 0.312500
vt 0.250000 0.250000
vt 0.250000 0.187500
vt 0.250000 0.125000
vt 0.250000 0.062500
vt 0.218750 0.937500
vt 0.218750 0.875000
vt 0.218750 0.812500
vt 0.218750 0.750000
vt 0.218750 0.687500
vt 0.218750 0.625000
vt 0.218750 0.562500
vt 0.218750 0.500000
vt 0.218750 0.437500
vt 0.218750 0.375000
vt 0.218750 0.312500
vt 0.218750 0.250000
vt 0.218750 0.187500
vt 0.218750 0.125000
vt 0.218750 0.062500
vt 0.187500 0.937500
vt 0.187500 0.875000
vt 0.187500 0.812500
vt 0.187500 0.750000
vt 0.187500 0.687500
vt 0.187500 0.625000
vt 0.187500 0.562500
vt 0.187500 0.500000
vt 0.187500 0.437500
vt 0.187500 0.375000
vt 0.187500 0.312500
vt 0.187500 0.250000
vt 0.187500 0.187500
vt 0.187500 0.125000
vt 0.187500 0.062500
vt 0.156250 0.937500
vt 0.156250 0.875000
vt 0.156250 0.812500
vt 0.156250 0.750000
vt 0.156250 0.687500
vt 0.156250 0.625000
vt 0.156250 0.562500
vt 0.156250 0.500000
vt 0.156250 0.437500
vt 0.156250 0.375000
vt 0.156250 0.312500
vt 0.156250 0.250000
vt 0.156250 0.187500
vt 0.156250 0.125000
vt 0.156250 0.062500
vt 0.125000 0.937500
vt 0.125000 0.875000
vt 0.125000 0.812500
vt 0.125000 0.750000
vt 0.125000 0.687500
vt 0.125000 0.625000
vt 0.125000 0.562500
vt 0.125000 0.500000
vt 0.125000 0.437500
vt 0.125000 0.375000
vt 0.125000 0.312500
vt 0.125000 0.250000
vt 0.125000 0.187500
vt 0.125000 0.125000
vt 0.125000 0.062500
vt 0.734375 0.000000
vt 0.703125 0.000000
vt 0.671875 0.000000
vt 0.640625 0.000000
vt 0.609375 0.000000
vt 0.578125 0.000000
vt 0.546875 0.000000
vt 0.515625 0.000000
vt 0.484375 0.000000
vt 0.453125 0.000000
vt 0.421875 0.000000
vt 0.390625 0.000000
vt 0.359375 0.000000
vt 0.328125 0.000000
vt 0.296875 0.000000
vt 0.265625 0.000000
vt 0.234375 0.000000
vt 0.203125 0.000000
vt 0.171875 0.000000
vt 0.140625 0.000000
vt 0.109375 0.000000
vt 0.078125 0.000000
vt 0.046875 0.000000
vt 0.015625 0.000000
vt 0.984375 0.000000
vt 0.953125 0.000000
vt 0.921875 0.000000
vt 0.890625 0.000000
vt 0.859375 0.000000
vt 0.828125 0.000000
vt 0.796875 0.000000
vt 0.765625 0.000000
vt 0.093750 0.937500
vt 0.093750 0.875000
vt 0.093750 0.812500
vt 0.093750 0.750000
vt 0.093750 0.687500
vt 0.093750 0.625000
vt 0.093750 0.562500
vt 0.093750 0.500000
vt 0.093750 0.437500
vt 0.093750 0.375000
vt 0.093750 0.312500
vt 0.093750 0.250000
vt 0.093750 0.187500
vt 0.093750 0.125000
vt 0.093750 0.062500
vt 0.062500 0.937500
vt 0.062500 0.875000
vt 0.062500 0.812500
vt 0.062500 0.750000
vt 0.062500 0.687500
vt 0.062500 0.625000
vt 0.062500 0.562500
vt 0.062500 0.500000
vt 0.062500 0.437500
vt 0.062500 0.375000
vt 0.062500 0.312500
vt 0.062500 0.250000
vt 0.062500 0.187500
vt 0.062500 0.125000
vt 0.062500 0.062500
vt 0.031250 0.937500
vt 0.031250 0.875000
vt 0.031250 0.812500
vt 0.031250 0.750000
vt 0.031250 0.687500
vt 0.031250 0.625000
vt 0.031250 0.562500
vt 0.031250 0.500000
vt 0.031250 0.437500
vt 0.031250 0.375000
vt 0.031250 0.312500
vt 0.031250 0.250000
vt 0.031250 0.187500
vt 0.031250 0.125000
vt 0.031250 0.062500
vt 0.000000 0.937500
vt 1.000000 0.937500
vt 0.000000 0.875000
vt 1.000000 0.875000
vt 0.000000 0.812500
vt 1.000000 0.812500
vt 0.000000 0.750000
vt 1.000000 0.750000
vt 0.000000 0.687500
vt 1.000000 0.687500
vt 0.000000 0.625000
vt 1.000000 0.625000
vt 0.000000 0.562500
vt 1.000000 0.562500
vt 0.000000 0.500000
vt 1.000000 0.500000
vt 0.000000 0.437500
vt 1.000000 0.437500
vt 0.000000 0.375000
vt 1.000000 0.375000
vt 0.000000 0.312500
vt 1.000000 0.312500
vt 0.000000 0.250000
vt 1.000000 0.250000
vt 0.000000 0.187500
vt 1.000000 0.187500
vt 0.000000 0.125000
vt 1.000000 0.125000
vt 1.000000 0.062500
vt 0.000000 0.062500
vt 0.968750 0.937500
vt 0.968750 0.875000
vt 0.968750 0.812500
vt 0.968750 0.750000
vt 0.968750 0.687500
vt 0.968750 0.625000
vt 0.968750 0.562500
vt 0.968750 0.500000
vt 0.968750 0.437500
vt 0.968750 0.375000
vt 0.968750 0.312500
vt 0.968750 0.250000
vt 0.968750 0.187500
vt 0.968750 0.125000
vt 0.968750 0.062500
vt 0.937500 0.937500
vt 0.937500 0.875000
vt 0.937500 0.812500
vt 0.937500 0.750000
vt 0.937500 0.687500
vt 0.937500 0.625000
vt 0.937500 0.562500
vt 0.937500 0.500000
vt 0.937500 0.437500
vt 0.937500 0.375000
vt 0.937500 0.312500
vt 0.937500 0.250000
vt 0.937500 0.187500
vt 0.937500 0.125000
vt 0.937500 0.062500
vt 0.906250 0.937500
vt 0.906250 0.875000
vt 0.906250 0.812500
vt 0.906250 0.750000
vt 0.906250 0.687500
vt 0.906250 0.625000
vt 0.906250 0.562500
vt 0.906250 0.500000
vt 0.906250 0.437500
vt 0.906250 0.375000
vt 0.906250 0.312500
vt 0.906250 0.250000
vt 0.906250 0.187500
vt 0.906250 0.125000
vt 0.906250 0.062500
vt 0.875000 0.937500
vt 0.875000 0.875000
vt 0.875000 0.812500
vt 0.875000 0.750000
vt 0.875000 0.687500
vt 0.875000 0.625000
vt 0.875000 0.562500
vt 0.875000 0.500000
vt 0.875000 0.437500
vt 0.875000 0.375000
vt 0.875000 0.312500
vt 0.875000 0.250000
vt 0.875000 0.187500
vt 0.875000 0.125000
vt 0.875000 0.062500
vt 0.843750 0.937500
vt 0.843750 0.875000
vt 0.843750 0.812500
vt 0.843750 0.750000
vt 0.843750 0.687500
vt 0.843750 0.625000
vt 0.843750 0.562500
vt 0.843750 0.500000
vt 0.843750 0.437500
vt 0.843750 0.375000
vt 0.843750 0.312500
vt 0.843750 0.250000
vt 0.843750 0.187500
vt 0.843750 0.125000
vt 0.843750 0.062500
vt 0.812500 0.937500
vt 0.812500 0.875000
vt 0.812500 0.812500
vt 0.812500 0.750000
vt 0.812500 0.687500
vt 0.812500 0.625000
vt 0.812500 0.562500
vt 0.812500 0.500000
vt 0.812500 0.437500
vt 0.812500 0.375000
vt 0.812500 0.312500
vt 0.812500 0.250000
vt 0.812500 0.187500
vt 0.812500 0.125000
vt 0.812500 0.062500
vt 0.781250 0.937500
vt 0.781250 0.875000
vt 0.781250 0.812500
vt 0.781250 0.750000
vt 0.781250 0.687500
vt 0.781250 0.625000
vt 0.781250 0.562500
vt 0.781250 0.500000
vt 0.781250 0.437500
vt 0.781250 0.375000
vt 0.781250 0.312500
vt 0.781250 0.250000
vt 0.781250 0.187500
vt 0.781250 0.125000
vt 0.781250 0.062500
vt 0.750000 0.937500
vt 0.750000 0.875000
vt 0.750000 0.750000
vt 0.750000 0.625000
vt 0.750000 0.375000
vt 0.750000 0.250000
vt 0.750000 0.187500
vt 0.750000 0.125000
vt 0.750000 0.062500
s 1
usemtl マテリアル.001
f 4/4/1 15/15/2 5/5/3
f 475/552/4 7/7/5 8/8/6
f 478/555/7 15/15/2 16/16/8
f 1/1/9 8/8/6 9/9/10
f 478/555/7 17/17/11 6/6/12
f 476/553/13 9/9/10 10/10/14
f 6/6/12 18/18/15 479/556/16
f 2/2/17 10/10/14 11/11/18
f 479/556/16 19/19/19 480/557/20
f 477/554/21 11/11/18 12/12/22
f 480/557/20 20/20/23 481/558/24
f 3/3/25 12/12/22 13/13/26
f 481/558/24 21/21/27 482/559/28
f 3/3/25 14/14/29 4/4/1
f 474/551/30 82/82/31 7/7/5
f 308/339/32 482/559/28 21/21/27
f 20/20/23 36/36/33 21/21/27
f 14/14/29 28/28/34 29/29/35
f 7/7/5 82/83/31 22/22/36
f 308/340/32 21/21/27 36/36/33
f 14/14/29 30/30/37 15/15/2
f 8/8/6 22/22/36 23/23/38
f 15/15/2 31/31/39 16/16/8
f 8/8/6 24/24/40 9/9/10
f 17/17/11 31/31/39 32/32/41
f 9/9/10 25/25/42 10/10/14
f 18/18/15 32/32/41 33/33/43
f 10/10/14 26/26/44 11/11/18
f 19/19/19 33/33/43 34/34/45
f 11/11/18 27/27/46 12/12/22
f 19/19/19 35/35/47 20/20/23
f 13/13/26 27/27/46 28/28/34
f 32/32/41 48/48/48 33/33/43
f 25/25/42 41/41/49 26/26/44
f 34/34/45 48/48/48 49/49/50
f 26/26/44 42/42/51 27/27/46
f 34/34/45 50/50/52 35/35/47
f 28/28/34 42/42/51 43/43/53
f 36/36/33 50/50/52 51/51/54
f 29/29/35 43/43/53 44/44/55
f 22/22/36 82/84/31 37/37/56
f 308/341/32 36/36/33 51/51/54
f 29/29/35 45/45/57 30/30/37
f 22/22/36 38/38/58 23/23/38
f 30/30/37 46/46/59 31/31/39
f 24/24/40 38/38/58 39/39/60
f 32/32/41 46/46/59 47/47/61
f 24/24/40 40/40/62 25/25/42
f 37/37/56 82/85/31 52/52/63
f 308/342/32 51/51/54 66/66/64
f 44/44/55 60/60/65 45/45/57
f 37/37/56 53/53/66 38/38/58
f 45/45/57 61/61/67 46/46/59
f 38/38/58 54/54/68 39/39/60
f 47/47/61 61/61/67 62/62/69
f 39/39/60 55/55/70 40/40/62
f 48/48/48 62/62/69 63/63/71
f 40/40/62 56/56/72 41/41/49
f 49/49/50 63/63/71 64/64/73
f 41/41/49 57/57/74 42/42/51
f 50/50/52 64/64/73 65/65/75
f 43/43/53 57/57/74 58/58/76
f 51/51/54 65/65/75 66/66/64
f 44/44/55 58/58/76 59/59/77
f 56/56/72 70/70/78 71/71/79
f 64/64/73 78/78/80 79/79/81
f 56/56/72 72/72/82 57/57/74
f 64/64/73 80/80/83 65/65/75
f 58/58/76 72/72/82 73/73/84
f 66/66/64 80/80/83 81/81/85
f 59/59/77 73/73/84 74/74/86
f 52/52/63 82/86/31 67/67/87
f 308/343/32 66/66/64 81/81/85
f 59/59/77 75/75/88 60/60/65
f 52/52/63 68/68/89 53/53/66
f 60/60/65 76/76/90 61/61/67
f 54/54/68 68/68/89 69/69/91
f 62/62/69 76/76/90 77/77/92
f 54/54/68 70/70/78 55/55/70
f 62/62/69 78/78/80 63/63/71
f 74/74/86 91/122/93 75/75/88
f 67/67/87 84/115/94 68/68/89
f 75/75/88 92/123/95 76/76/90
f 68/68/89 85/116/96 69/69/91
f 77/77/92 92/123/95 93/124/97
f 69/69/91 86/117/98 70/70/78
f 77/77/92 94/125/99 78/78/80
f 71/71/79 86/117/98 87/118/100
f 79/79/81 94/125/99 95/126/101
f 71/71/79 88/119/102 72/72/82
f 80/80/83 95/126/101 96/127/103
f 73/73/84 88/119/102 89/120/104
f 81/81/85 96/127/103 97/128/105
f 74/74/86 89/120/104 90/121/106
f 67/67/87 82/87/31 83/114/107
f 308/344/32 81/81/85 97/128/105
f 95/126/101 109/140/108 110/141/109
f 87/118/100 103/134/110 88/119/102
f 95/126/101 111/142/111 96/127/103
f 89/120/104 103/134/110 104/135/112
f 96/127/103 112/143/113 97/128/105
f 90/121/106 104/135/112 105/136/114
f 83/114/107 82/88/31 98/129/115
f 308/345/32 97/128/105 112/143/113
f 90/121/106 106/137/116 91/122/93
f 84/115/94 98/129/115 99/130/117
f 91/122/93 107/138/118 92/123/95
f 85/116/96 99/130/117 100/131/119
f 93/124/97 107/138/118 108/139/120
f 85/116/96 101/132/121 86/117/98
f 93/124/97 109/140/108 94/125/99
f 87/118/100 101/132/121 102/133/122
f 98/129/115 114/145/123 99/130/117
f 106/137/116 122/153/124 107/138/118
f 99/130/117 115/146/125 100/131/119
f 108/139/120 122/153/124 123/154/126
f 100/131/119 116/147/127 101/132/121
f 108/139/120 124/155/128 109/140/108
f 102/133/122 116/147/127 117/148/129
f 110/141/109 124/155/128 125/156/130
f 102/133/122 118/149/131 103/134/110
f 111/142/111 125/156/130 126/157/132
f 104/135/112 118/149/131 119/150/133
f 112/143/113 126/157/132 127/158/134
f 105/136/114 119/150/133 120/151/135
f 98/129/115 82/89/31 113/144/136
f 308/346/32 112/143/113 127/158/134
f 105/136/114 121/152/137 106/137/116
f 117/148/129 133/164/138 118/149/131
f 125/156/130 141/172/139 126/157/132
f 119/150/133 133/164/138 134/165/140
f 126/157/132 142/173/141 127/158/134
f 120/151/135 134/165/140 135/166/142
f 113/144/136 82/90/31 128/159/143
f 308/347/32 127/158/134 142/173/141
f 120/151/135 136/167/144 121/152/137
f 113/144/136 129/160/145 114/145/123
f 121/152/137 137/168/146 122/153/124
f 115/146/125 129/160/145 130/161/147
f 123/154/126 137/168/146 138/169/148
f 115/146/125 131/162/149 116/147/127
f 123/154/126 139/170/150 124/155/128
f 117/148/129 131/162/149 132/163/151
f 125/156/130 139/170/150 140/171/152
f 136/167/144 152/183/153 137/168/146
f 129/160/145 145/176/154 130/161/147
f 138/169/148 152/183/153 153/184/155
f 130/161/147 146/177/156 131/162/149
f 138/169/148 154/185/157 139/170/150
f 132/163/151 146/177/156 147/178/158
f 140/171/152 154/185/157 155/186/159
f 132/163/151 148/179/160 133/164/138
f 141/172/139 155/186/159 156/187/161
f 134/165/140 148/179/160 149/180/162
f 141/172/139 157/188/163 142/173/141
f 135/166/142 149/180/162 150/181/164
f 128/159/143 82/91/31 143/174/165
f 308/348/32 142/173/141 157/188/163
f 135/166/142 151/182/166 136/167/144
f 129/160/145 143/174/165 144/175/167
f 156/187/161 170/201/168 171/202/169
f 149/180/162 163/194/170 164/195/171
f 157/188/163 171/202/169 172/203/172
f 150/181/164 164/195/171 165/196/173
f 143/174/165 82/92/31 158/189/174
f 308/349/32 157/188/163 172/203/172
f 150/181/164 166/197/175 151/182/166
f 143/174/165 159/190/176 144/175/167
f 151/182/166 167/198/177 152/183/153
f 144/175/167 160/191/178 145/176/154
f 153/184/155 167/198/177 168/199/179
f 145/176/154 161/192/180 146/177/156
f 153/184/155 169/200/181 154/185/157
f 147/178/158 161/192/180 162/193/182
f 155/186/159 169/200/181 170/201/168
f 147/178/158 163/194/170 148/179/160
f 168/199/179 182/213/183 183/214/184
f 160/191/178 176/207/185 161/192/180
f 168/199/179 184/215/186 169/200/181
f 161/192/180 177/208/187 162/193/182
f 170/201/168 184/215/186 185/216/188
f 162/193/182 178/209/189 163/194/170
f 170/201/168 186/217/190 171/202/169
f 164/195/171 178/209/189 179/210/191
f 172/203/172 186/217/190 187/218/192
f 165/196/173 179/210/191 180/211/193
f 158/189/174 82/93/31 173/204/194
f 308/350/32 172/203/172 187/218/192
f 165/196/173 181/212/195 166/197/175
f 158/189/174 174/205/196 159/190/176
f 166/197/175 182/213/183 167/198/177
f 160/191/178 174/205/196 175/206/197
f 186/217/190 202/233/198 187/218/192
f 180/211/193 194/225/199 195/226/200
f 173/204/194 82/94/31 188/219/201
f 308/351/32 187/218/192 202/233/198
f 180/211/193 196/227/202 181/212/195
f 174/205/196 188/219/201 189/220/203
f 181/212/195 197/228/204 182/213/183
f 175/206/197 189/220/203 190/221/205
f 183/214/184 197/228/204 198/229/206
f 176/207/185 190/221/205 191/222/207
f 183/214/184 199/230/208 184/215/186
f 177/208/187 191/222/207 192/223/209
f 184/215/186 200/231/210 185/216/188
f 177/208/187 193/224/211 178/209/189
f 185/216/188 201/232/212 186/217/190
f 179/210/191 193/224/211 194/225/199
f 190/221/205 206/237/213 191/222/207
f 198/229/206 214/245/214 199/230/208
f 192/223/209 206/237/213 207/238/215
f 200/231/210 214/245/214 215/246/216
f 192/223/209 208/239/217 193/224/211
f 201/232/212 215/246/216 216/247/218
f 194/225/199 208/239/217 209/240/219
f 201/232/212 217/248/220 202/233/198
f 195/226/200 209/240/219 210/241/221
f 188/219/201 82/95/31 203/234/222
f 308/352/32 202/233/198 217/248/220
f 195/226/200 211/242/223 196/227/202
f 188/219/201 204/235/224 189/220/203
f 196/227/202 212/243/225 197/228/204
f 189/220/203 205/236/226 190/221/205
f 198/229/206 212/243/225 213/244/227
f 210/241/221 224/255/228 225/256/229
f 203/234/222 82/96/31 218/249/230
f 308/353/32 217/248/220 232/263/231
f 210/241/221 226/257/232 211/242/223
f 203/234/222 219/250/233 204/235/224
f 211/242/223 227/258/234 212/243/225
f 205/236/226 219/250/233 220/251/235
f 213/244/227 227/258/234 228/259/236
f 205/236/226 221/252/237 206/237/213
f 214/245/214 228/259/236 229/260/238
f 206/237/213 222/253/239 207/238/215
f 215/246/216 229/260/238 230/261/240
f 207/238/215 223/254/241 208/239/217
f 215/246/216 231/262/242 216/247/218
f 209/240/219 223/254/241 224/255/228
f 217/248/220 231/262/242 232/263/231
f 228/259/236 244/275/243 229/260/238
f 222/253/239 236/267/244 237/268/245
f 230/261/240 244/275/243 245/276/246
f 222/253/239 238/269/247 223/254/241
f 231/262/242 245/276/246 246/277/248
f 224/255/228 238/269/247 239/270/249
f 232/263/231 246/277/248 247/278/250
f 225/256/229 239/270/249 240/271/251
f 218/249/230 82/97/31 233/264/252
f 308/354/32 232/263/231 247/278/250
f 225/256/229 241/272/253 226/257/232
f 218/249/230 234/265/254 219/250/233
f 226/257/232 242/273/255 227/258/234
f 219/250/233 235/266/256 220/251/235
f 228/259/236 242/273/255 243/274/257
f 220/251/235 236/267/244 221/252/237
f 233/264/252 82/98/31 248/279/258
f 308/355/32 247/278/250 262/293/259
f 240/271/251 256/287/260 241/272/253
f 234/265/254 248/279/258 249/280/261
f 241/272/253 257/288/262 242/273/255
f 235/266/256 249/280/261 250/281/263
f 243/274/257 257/288/262 258/289/264
f 236/267/244 250/281/263 251/282/265
f 243/274/257 259/290/266 244/275/243
f 237/268/245 251/282/265 252/283/267
f 244/275/243 260/291/268 245/276/246
f 237/268/245 253/284/269 238/269/247
f 245/276/246 261/292/270 246/277/248
f 239/270/249 253/284/269 254/285/271
f 246/277/248 262/293/259 247/278/250
f 240/271/251 254/285/271 255/286/272
f 252/283/267 266/297/273 267/298/274
f 260/291/268 274/305/275 275/306/276
f 252/283/267 268/299/277 253/284/269
f 261/292/270 275/306/276 276/307/278
f 254/285/271 268/299/277 269/300/279
f 262/293/259 276/307/278 277/308/280
f 255/286/272 269/300/279 270/301/281
f 248/279/258 82/99/31 263/294/282
f 308/356/32 262/293/259 277/308/280
f 255/286/272 271/302/283 256/287/260
f 248/279/258 264/295/284 249/280/261
f 256/287/260 272/303/285 257/288/262
f 249/280/261 265/296/286 250/281/263
f 258/289/264 272/303/285 273/304/287
f 250/281/263 266/297/273 251/282/265
f 258/289/264 274/305/275 259/290/266
f 270/301/281 286/317/288 271/302/283
f 264/295/284 278/309/289 279/310/290
f 271/302/283 287/318/291 272/303/285
f 264/295/284 280/311/292 265/296/286
f 273/304/287 287/318/291 288/319/293
f 265/296/286 281/312/294 266/297/273
f 274/305/275 288/319/293 289/320/295
f 266/297/273 282/313/296 267/298/274
f 275/306/276 289/320/295 290/321/297
f 267/298/274 283/314/298 268/299/277
f 276/307/278 290/321/297 291/322/299
f 269/300/279 283/314/298 284/315/300
f 276/307/278 292/323/301 277/308/280
f 270/301/281 284/315/300 285/316/302
f 263/294/282 82/100/31 278/309/289
f 308/357/32 277/308/280 292/323/301
f 290/321/297 304/335/303 305/336/304
f 282/313/296 298/329/305 283/314/298
f 290/321/297 306/337/306 291/322/299
f 284/315/300 298/329/305 299/330/307
f 292/323/301 306/337/306 307/338/308
f 285/316/302 299/330/307 300/331/309
f 278/309/289 82/101/31 293/324/310
f 308/358/32 292/323/301 307/338/308
f 285/316/302 301/332/311 286/317/288
f 278/309/289 294/325/312 279/310/290
f 286/317/288 302/333/313 287/318/291
f 280/311/292 294/325/312 295/326/314
f 288/319/293 302/333/313 303/334/315
f 280/311/292 296/327/316 281/312/294
f 289/320/295 303/334/315 304/335/303
f 281/312/294 297/328/317 282/313/296
f 301/332/311 318/380/318 302/333/313
f 295/326/314 310/372/319 311/373/320
f 302/333/313 319/381/321 303/334/315
f 295/326/314 312/374/322 296/327/316
f 303/334/315 320/382/323 304/335/303
f 296/327/316 313/375/324 297/328/317
f 305/336/304 320/382/323 321/383/325
f 297/328/317 314/376/326 298/329/305
f 305/336/304 322/384/327 306/337/306
f 299/330/307 314/376/326 315/377/328
f 306/337/306 323/385/329 307/338/308
f 300/331/309 315/377/328 316/378/330
f 293/324/310 82/102/31 309/371/331
f 308/359/32 307/338/308 323/385/329
f 300/331/309 317/379/332 301/332/311
f 293/324/310 310/372/319 294/325/312
f 321/383/325 337/399/333 322/384/327
f 315/377/328 329/391/334 330/392/335
f 323/385/329 337/399/333 338/400/336
f 316/378/330 330/392/335 331/393/337
f 309/371/331 82/103/31 324/386/338
f 308/360/32 323/385/329 338/400/336
f 316/378/330 332/394/339 317/379/332
f 310/372/319 324/386/338 325/387/340
f 317/379/332 333/395/341 318/380/318
f 311/373/320 325/387/340 326/388/342
f 319/381/321 333/395/341 334/396/343
f 311/373/320 327/389/344 312/374/322
f 319/381/321 335/397/345 320/382/323
f 312/374/322 328/390/346 313/375/324
f 320/382/323 336/398/347 321/383/325
f 313/375/324 329/391/334 314/376/326
f 325/387/340 341/403/348 326/388/342
f 334/396/343 348/410/349 349/411/350
f 326/388/342 342/404/351 327/389/344
f 334/396/343 350/412/352 335/397/345
f 328/390/346 342/404/351 343/405/353
f 336/398/347 350/412/352 351/413/354
f 328/390/346 344/406/355 329/391/334
f 337/399/333 351/413/354 352/414/356
f 330/392/335 344/406/355 345/407/357
f 337/399/333 353/415/358 338/400/336
f 331/393/337 345/407/357 346/408/359
f 324/386/338 82/104/31 339/401/360
f 308/361/32 338/400/336 353/415/358
f 331/393/337 347/409/361 332/394/339
f 325/387/340 339/401/360 340/402/362
f 332/394/339 348/410/349 333/395/341
f 345/407/357 359/426/363 360/428/364
f 352/414/356 368/445/365 353/415/358
f 346/408/359 360/428/364 361/430/366
f 339/401/360 82/105/31 354/416/367
f 308/362/32 353/415/358 368/445/365
f 346/408/359 362/432/368 347/409/361
f 339/401/360 355/418/369 340/402/362
f 347/409/361 363/434/370 348/410/349
f 341/403/348 355/418/369 356/420/371
f 349/411/350 363/434/370 364/436/372
f 341/403/348 357/422/373 342/404/351
f 349/411/350 365/438/374 350/412/352
f 343/405/353 357/422/373 358/424/375
f 351/413/354 365/438/374 366/440/376
f 343/405/353 359/426/363 344/406/355
f 351/413/354 367/442/377 352/414/356
f 364/437/372 378/455/378 379/456/379
f 356/421/371 372/449/380 357/423/373
f 364/437/372 380/457/381 365/439/374
f 358/425/375 372/449/380 373/450/382
f 366/441/376 380/457/381 381/458/383
f 358/425/375 374/451/384 359/427/363
f 366/441/376 382/459/385 367/443/377
f 360/429/364 374/451/384 375/452/386
f 367/443/377 383/460/387 368/444/365
f 361/431/366 375/452/386 376/453/388
f 354/417/367 82/106/31 369/446/389
f 308/363/32 368/444/365 383/460/387
f 361/431/366 377/454/390 362/433/368
f 354/417/367 370/447/391 355/419/369
f 362/433/368 378/455/378 363/435/370
f 356/421/371 370/447/391 371/448/392
f 383/460/387 397/474/393 398/475/394
f 376/453/388 390/467/395 391/468/396
f 369/446/389 82/107/31 384/461/397
f 308/364/32 383/460/387 398/475/394
f 376/453/388 392/469/398 377/454/390
f 369/446/389 385/462/399 370/447/391
f 377/454/390 393/470/400 378/455/378
f 371/448/392 385/462/399 386/463/401
f 379/456/379 393/470/400 394/471/402
f 371/448/392 387/464/403 372/449/380
f 379/456/379 395/472/404 380/457/381
f 373/450/382 387/464/403 388/465/405
f 381/458/383 395/472/404 396/473/406
f 373/450/382 389/466/407 374/451/384
f 381/458/383 397/474/393 382/459/385
f 375/452/386 389/466/407 390/467/395
f 386/463/401 402/479/408 387/464/403
f 394/471/402 410/487/409 395/472/404
f 388/465/405 402/479/408 403/480/410
f 396/473/406 410/487/409 411/488/411
f 388/465/405 404/481/412 389/466/407
f 396/473/406 412/489/413 397/474/393
f 390/467/395 404/481/412 405/482/414
f 398/475/394 412/489/413 413/490/415
f 391/468/396 405/482/414 406/483/416
f 384/461/397 82/108/31 399/476/417
f 308/365/32 398/475/394 413/490/415
f 391/468/396 407/484/418 392/469/398
f 384/461/397 400/477/419 385/462/399
f 392/469/398 408/485/420 393/470/400
f 386/463/401 400/477/419 401/478/421
f 394/471/402 408/485/420 409/486/422
f 406/483/416 420/497/423 421/498/424
f 399/476/417 82/109/31 414/491/425
f 308/366/32 413/490/415 428/505/426
f 406/483/416 422/499/427 407/484/418
f 400/477/419 414/491/425 415/492/428
f 407/484/418 423/500/429 408/485/420
f 401/478/421 415/492/428 416/493/430
f 409/486/422 423/500/429 424/501/431
f 401/478/421 417/494/432 402/479/408
f 409/486/422 425/502/433 410/487/409
f 403/480/410 417/494/432 418/495/434
f 411/488/411 425/502/433 426/503/435
f 403/480/410 419/496/436 404/481/412
f 411/488/411 427/504/437 412/489/413
f 405/482/414 419/496/436 420/497/423
f 412/489/413 428/505/426 413/490/415
f 424/501/431 440/517/438 425/502/433
f 418/495/434 432/509/439 433/510/440
f 426/503/435 440/517/438 441/518/441
f 418/495/434 434/511/442 419/496/436
f 426/503/435 442/519/443 427/504/437
f 420/497/423 434/511/442 435/512/444
f 428/505/426 442/519/443 443/520/445
f 421/498/424 435/512/444 436/513/446
f 414/491/425 82/110/31 429/506/447
f 308/367/32 428/505/426 443/520/445
f 421/498/424 437/514/448 422/499/427
f 414/491/425 430/507/449 415/492/428
f 422/499/427 438/515/450 423/500/429
f 416/493/430 430/507/449 431/508/451
f 424/501/431 438/515/450 439/516/452
f 416/493/430 432/509/439 417/494/432
f 308/368/32 443/520/445 458/535/453
f 436/513/446 452/529/454 437/514/448
f 430/507/449 444/521/455 445/522/456
f 437/514/448 453/530/457 438/515/450
f 431/508/451 445/522/456 446/523/458
f 439/516/452 453/530/457 454/531/459
f 431/508/451 447/524/460 432/509/439
f 439/516/452 455/532/461 440/517/438
f 433/510/440 447/524/460 448/525/462
f 441/518/441 455/532/461 456/533/463
f 433/510/440 449/526/464 434/511/442
f 441/518/441 457/534/465 442/519/443
f 435/512/444 449/526/464 450/527/466
f 442/519/443 458/535/453 443/520/445
f 436/513/446 450/527/466 451/528/467
f 429/506/447 82/111/31 444/521/455
f 456/533/463 470/547/468 471/548/469
f 448/525/462 464/541/470 449/526/464
f 456/533/463 472/549/471 457/534/465
f 449/526/464 465/542/472 450/527/466
f 458/535/453 472/549/471 473/550/473
f 451/528/467 465/542/472 466/543/474
f 444/521/455 82/112/31 459/536/475
f 308/369/32 458/535/453 473/550/473
f 451/528/467 467/544/476 452/529/454
f 444/521/455 460/537/477 445/522/456
f 452/529/454 468/545/478 453/530/457
f 446/523/458 460/537/477 461/538/479
f 454/531/459 468/545/478 469/546/480
f 446/523/458 462/539/481 447/524/460
f 454/531/459 470/547/468 455/532/461
f 448/525/462 462/539/481 463/540/482
f 460/537/477 474/551/30 475/552/4
f 467/544/476 478/555/7 468/545/478
f 461/538/479 475/552/4 1/1/9
f 468/545/478 6/6/12 469/546/480
f 462/539/481 1/1/9 476/553/13
f 469/546/480 479/556/16 470/547/468
f 463/540/482 476/553/13 2/2/17
f 471/548/469 479/556/16 480/557/20
f 464/541/470 2/2/17 477/554/21
f 471/548/469 481/558/24 472/549/471
f 465/542/472 477/554/21 3/3/25
f 472/549/471 482/559/28 473/550/473
f 466/543/474 3/3/25 4/4/1
f 459/536/475 82/113/31 474/551/30
f 308/370/32 473/550/473 482/559/28
f 466/543/474 5/5/3 467/544/476
f 486/563/1 497/574/2 487/564/3
f 957/1111/4 489/566/5 490/567/6
f 960/1114/7 497/574/2 498/575/8
f 483/560/9 490/567/6 491/568/10
f 960/1114/7 499/576/11 488/565/12
f 958/1112/13 491/568/10 492/569/14
f 488/565/12 500/577/15 961/1115/16
f 484/561/17 492/569/14 493/570/18
f 961/1115/16 501/578/19 962/1116/20
f 959/1113/21 493/570/18 494/571/22
f 962/1116/20 502/579/23 963/1117/24
f 485/562/25 494/571/22 495/572/26
f 963/1117/24 503/580/27 964/1118/28
f 485/562/25 496/573/29 486/563/1
f 956/1110/30 564/641/31 489/566/5
f 790/898/32 964/1118/28 503/580/27
f 502/579/23 518/595/33 503/580/27
f 496/573/29 510/587/34 511/588/35
f 489/566/5 564/642/31 504/581/36
f 790/899/32 503/580/27 518/595/33
f 496/573/29 512/589/37 497/574/2
f 490/567/6 504/581/36 505/582/38
f 497/574/2 513/590/39 498/575/8
f 490/567/6 506/583/40 491/568/10
f 498/575/8 514/591/41 499/576/11
f 491/568/10 507/584/42 492/569/14
f 500/577/15 514/591/41 515/592/43
f 492/569/14 508/585/44 493/570/18
f 501/578/19 515/592/43 516/593/45
f 494/571/22 508/585/44 509/586/46
f 502/579/23 516/593/45 517/594/47
f 495/572/26 509/586/46 510/587/34
f 515/592/43 529/606/61 530/607/48
f 507/584/42 523/600/49 508/585/44
f 516/593/45 530/607/48 531/608/50
f 508/585/44 524/601/51 509/586/46
f 517/594/47 531/608/50 532/609/52
f 510/587/34 524/601/51 525/602/53
f 517/594/47 533/610/54 518/595/33
f 511/588/35 525/602/53 526/603/55
f 504/581/36 564/643/31 519/596/56
f 790/900/32 518/595/33 533/610/54
f 511/588/35 527/604/57 512/589/37
f 504/581/36 520/597/58 505/582/38
f 512/589/37 528/605/59 513/590/39
f 505/582/38 521/598/60 506/583/40
f 514/591/41 528/605/59 529/606/61
f 506/583/40 522/599/62 507/584/42
f 519/596/56 564/644/31 534/611/63
f 790/901/32 533/610/54 548/625/64
f 526/603/55 542/619/65 527/604/57
f 519/596/56 535/612/66 520/597/58
f 527/604/57 543/620/67 528/605/59
f 521/598/60 535/612/66 536/613/68
f 529/606/61 543/620/67 544/621/69
f 521/598/60 537/614/70 522/599/62
f 529/606/61 545/622/71 530/607/48
f 523/600/49 537/614/70 538/615/72
f 531/608/50 545/622/71 546/623/73
f 523/600/49 539/616/74 524/601/51
f 531/608/50 547/624/75 532/609/52
f 525/602/53 539/616/74 540/617/76
f 533/610/54 547/624/75 548/625/64
f 526/603/55 540/617/76 541/618/77
f 538/615/72 552/629/78 553/630/79
f 546/623/73 560/637/80 561/638/81
f 538/615/72 554/631/82 539/616/74
f 546/623/73 562/639/83 547/624/75
f 540/617/76 554/631/82 555/632/84
f 547/624/75 563/640/85 548/625/64
f 541/618/77 555/632/84 556/633/86
f 534/611/63 564/645/31 549/626/483
f 790/902/32 548/625/64 563/640/85
f 541/618/77 557/634/88 542/619/65
f 535/612/66 549/626/483 550/627/89
f 542/619/65 558/635/90 543/620/67
f 536/613/68 550/627/89 551/628/91
f 544/621/69 558/635/90 559/636/92
f 536/613/68 552/629/78 537/614/70
f 544/621/69 560/637/80 545/622/71
f 557/634/88 572/680/106 573/681/93
f 549/626/483 566/674/94 550/627/89
f 557/634/88 574/682/95 558/635/90
f 550/627/89 567/675/96 551/628/91
f 559/636/92 574/682/95 575/683/97
f 551/628/91 568/676/98 552/629/78
f 560/637/80 575/683/97 576/684/99
f 552/629/78 569/677/100 553/630/79
f 561/638/81 576/684/99 577/685/101
f 553/630/79 570/678/102 554/631/82
f 562/639/83 577/685/101 578/686/103
f 555/632/84 570/678/102 571/679/104
f 563/640/85 578/686/103 579/687/105
f 555/632/84 572/680/106 556/633/86
f 549/626/483 564/646/31 565/673/107
f 790/903/32 563/640/85 579/687/105
f 577/685/101 591/699/108 592/700/109
f 569/677/100 585/693/110 570/678/102
f 577/685/101 593/701/111 578/686/103
f 571/679/104 585/693/110 586/694/112
f 578/686/103 594/702/113 579/687/105
f 572/680/106 586/694/112 587/695/114
f 565/673/107 564/647/31 580/688/115
f 790/904/32 579/687/105 594/702/113
f 572/680/106 588/696/116 573/681/93
f 566/674/94 580/688/115 581/689/117
f 573/681/93 589/697/118 574/682/95
f 567/675/96 581/689/117 582/690/119
f 575/683/97 589/697/118 590/698/120
f 567/675/96 583/691/121 568/676/98
f 575/683/97 591/699/108 576/684/99
f 569/677/100 583/691/121 584/692/122
f 580/688/115 596/704/123 581/689/117
f 588/696/116 604/712/124 589/697/118
f 581/689/117 597/705/125 582/690/119
f 590/698/120 604/712/124 605/713/126
f 582/690/119 598/706/127 583/691/121
f 590/698/120 606/714/128 591/699/108
f 584/692/122 598/706/127 599/707/129
f 592/700/109 606/714/128 607/715/130
f 584/692/122 600/708/131 585/693/110
f 593/701/111 607/715/130 608/716/132
f 586/694/112 600/708/131 601/709/133
f 594/702/113 608/716/132 609/717/134
f 587/695/114 601/709/133 602/710/135
f 580/688/115 564/648/31 595/703/136
f 790/905/32 594/702/113 609/717/134
f 587/695/114 603/711/137 588/696/116
f 599/707/129 615/723/138 600/708/131
f 607/715/130 623/731/139 608/716/132
f 601/709/133 615/723/138 616/724/140
f 608/716/132 624/732/141 609/717/134
f 602/710/135 616/724/140 617/725/142
f 595/703/136 564/649/31 610/718/143
f 790/906/32 609/717/134 624/732/141
f 602/710/135 618/726/144 603/711/137
f 595/703/136 611/719/145 596/704/123
f 603/711/137 619/727/146 604/712/124
f 597/705/125 611/719/145 612/720/147
f 605/713/126 619/727/146 620/728/148
f 597/705/125 613/721/149 598/706/127
f 605/713/126 621/729/150 606/714/128
f 599/707/129 613/721/149 614/722/151
f 607/715/130 621/729/150 622/730/152
f 618/726/144 634/742/153 619/727/146
f 611/719/145 627/735/154 612/720/147
f 620/728/148 634/742/153 635/743/155
f 612/720/147 628/736/156 613/721/149
f 620/728/148 636/744/157 621/729/150
f 614/722/151 628/736/156 629/737/158
f 622/730/152 636/744/157 637/745/159
f 614/722/151 630/738/160 615/723/138
f 622/730/152 638/746/161 623/731/139
f 616/724/140 630/738/160 631/739/162
f 623/731/139 639/747/163 624/732/141
f 617/725/142 631/739/162 632/740/164
f 610/718/143 564/650/31 625/733/165
f 790/907/32 624/732/141 639/747/163
f 617/725/142 633/741/166 618/726/144
f 611/719/145 625/733/165 626/734/167
f 638/746/161 652/760/168 653/761/169
f 631/739/162 645/753/170 646/754/171
f 639/747/163 653/761/169 654/762/172
f 632/740/164 646/754/171 647/755/173
f 625/733/165 564/651/31 640/748/174
f 790/908/32 639/747/163 654/762/172
f 632/740/164 648/756/175 633/741/166
f 625/733/165 641/749/176 626/734/167
f 633/741/166 649/757/177 634/742/153
f 626/734/167 642/750/178 627/735/154
f 635/743/155 649/757/177 650/758/179
f 627/735/154 643/751/180 628/736/156
f 635/743/155 651/759/181 636/744/157
f 629/737/158 643/751/180 644/752/182
f 637/745/159 651/759/181 652/760/168
f 629/737/158 645/753/170 630/738/160
f 650/758/179 664/772/183 665/773/184
f 642/750/178 658/766/185 643/751/180
f 650/758/179 666/774/186 651/759/181
f 644/752/182 658/766/185 659/767/187
f 652/760/168 666/774/186 667/775/188
f 644/752/182 660/768/189 645/753/170
f 653/761/169 667/775/188 668/776/190
f 646/754/171 660/768/189 661/769/191
f 653/761/169 669/777/192 654/762/172
f 647/755/173 661/769/191 662/770/193
f 640/748/174 564/652/31 655/763/194
f 790/909/32 654/762/172 669/777/192
f 647/755/173 663/771/195 648/756/175
f 641/749/176 655/763/194 656/764/196
f 648/756/175 664/772/183 649/757/177
f 641/749/176 657/765/197 642/750/178
f 668/776/190 684/792/198 669/777/192
f 662/770/193 676/784/199 677/785/200
f 655/763/194 564/653/31 670/778/201
f 790/910/32 669/777/192 684/792/198
f 662/770/193 678/786/202 663/771/195
f 655/763/194 671/779/203 656/764/196
f 663/771/195 679/787/204 664/772/183
f 657/765/197 671/779/203 672/780/205
f 665/773/184 679/787/204 680/788/206
f 657/765/197 673/781/207 658/766/185
f 665/773/184 681/789/208 666/774/186
f 659/767/187 673/781/207 674/782/209
f 667/775/188 681/789/208 682/790/210
f 659/767/187 675/783/211 660/768/189
f 667/775/188 683/791/212 668/776/190
f 661/769/191 675/783/211 676/784/199
f 672/780/205 688/796/213 673/781/207
f 680/788/206 696/804/214 681/789/208
f 674/782/209 688/796/213 689/797/215
f 682/790/210 696/804/214 697/805/216
f 674/782/209 690/798/217 675/783/211
f 683/791/212 697/805/216 698/806/218
f 676/784/199 690/798/217 691/799/219
f 684/792/198 698/806/218 699/807/220
f 677/785/200 691/799/219 692/800/221
f 670/778/201 564/654/31 685/793/222
f 790/911/32 684/792/198 699/807/220
f 677/785/200 693/801/223 678/786/202
f 670/778/201 686/794/224 671/779/203
f 678/786/202 694/802/225 679/787/204
f 671/779/203 687/795/226 672/780/205
f 680/788/206 694/802/225 695/803/227
f 692/800/221 706/814/228 707/815/229
f 685/793/222 564/655/31 700/808/230
f 790/912/32 699/807/220 714/822/231
f 692/800/221 708/816/232 693/801/223
f 686/794/224 700/808/230 701/809/233
f 693/801/223 709/817/234 694/802/225
f 687/795/226 701/809/233 702/810/235
f 695/803/227 709/817/234 710/818/236
f 687/795/226 703/811/237 688/796/213
f 695/803/227 711/819/238 696/804/214
f 688/796/213 704/812/239 689/797/215
f 697/805/216 711/819/238 712/820/240
f 689/797/215 705/813/241 690/798/217
f 697/805/216 713/821/242 698/806/218
f 691/799/219 705/813/241 706/814/228
f 698/806/218 714/822/231 699/807/220
f 710/818/236 726/834/243 711/819/238
f 704/812/239 718/826/244 719/827/245
f 712/820/240 726/834/243 727/835/246
f 704/812/239 720/828/247 705/813/241
f 713/821/242 727/835/246 728/836/248
f 706/814/228 720/828/247 721/829/249
f 714/822/231 728/836/248 729/837/250
f 707/815/229 721/829/249 722/830/251
f 700/808/230 564/656/31 715/823/252
f 790/913/32 714/822/231 729/837/250
f 707/815/229 723/831/253 708/816/232
f 700/808/230 716/824/254 701/809/233
f 708/816/232 724/832/255 709/817/234
f 701/809/233 717/825/256 702/810/235
f 710/818/236 724/832/255 725/833/257
f 702/810/235 718/826/244 703/811/237
f 715/823/252 564/657/31 730/838/258
f 790/914/32 729/837/250 744/852/259
f 722/830/251 738/846/260 723/831/253
f 716/824/254 730/838/258 731/839/261
f 723/831/253 739/847/262 724/832/255
f 717/825/256 731/839/261 732/840/263
f 725/833/257 739/847/262 740/848/264
f 717/825/256 733/841/265 718/826/244
f 725/833/257 741/849/266 726/834/243
f 719/827/245 733/841/265 734/842/267
f 727/835/246 741/849/266 742/850/268
f 719/827/245 735/843/269 720/828/247
f 727/835/246 743/851/270 728/836/248
f 721/829/249 735/843/269 736/844/271
f 728/836/248 744/852/259 729/837/250
f 722/830/251 736/844/271 737/845/272
f 734/842/267 748/856/273 749/857/274
f 742/850/268 756/864/275 757/865/276
f 734/842/267 750/858/277 735/843/269
f 742/850/268 758/866/278 743/851/270
f 736/844/271 750/858/277 751/859/279
f 743/851/270 759/867/280 744/852/259
f 737/845/272 751/859/279 752/860/281
f 730/838/258 564/658/31 745/853/282
f 790/915/32 744/852/259 759/867/280
f 737/845/272 753/861/283 738/846/260
f 731/839/261 745/853/282 746/854/284
f 738/846/260 754/862/285 739/847/262
f 731/839/261 747/855/286 732/840/263
f 740/848/264 754/862/285 755/863/287
f 732/840/263 748/856/273 733/841/265
f 740/848/264 756/864/275 741/849/266
f 752/860/281 768/876/288 753/861/283
f 745/853/282 761/869/290 746/854/284
f 753/861/283 769/877/291 754/862/285
f 747/855/286 761/869/290 762/870/292
f 755/863/287 769/877/291 770/878/293
f 747/855/286 763/871/294 748/856/273
f 756/864/275 770/878/293 771/879/295
f 749/857/274 763/871/294 764/872/296
f 757/865/276 771/879/295 772/880/297
f 749/857/274 765/873/298 750/858/277
f 757/865/276 773/881/299 758/866/278
f 751/859/279 765/873/298 766/874/300
f 759/867/280 773/881/299 774/882/301
f 752/860/281 766/874/300 767/875/302
f 745/853/282 564/659/31 760/868/289
f 790/916/32 759/867/280 774/882/301
f 772/880/297 786/894/303 787/895/304
f 764/872/296 780/888/305 765/873/298
f 773/881/299 787/895/304 788/896/306
f 766/874/300 780/888/305 781/889/307
f 774/882/301 788/896/306 789/897/308
f 767/875/302 781/889/307 782/890/309
f 760/868/289 564/660/31 775/883/310
f 790/917/32 774/882/301 789/897/308
f 767/875/302 783/891/311 768/876/288
f 760/868/289 776/884/312 761/869/290
f 768/876/288 784/892/313 769/877/291
f 761/869/290 777/885/314 762/870/292
f 770/878/293 784/892/313 785/893/315
f 762/870/292 778/886/316 763/871/294
f 771/879/295 785/893/315 786/894/303
f 763/871/294 779/887/317 764/872/296
f 783/891/311 800/939/318 784/892/313
f 777/885/314 792/931/319 793/932/320
f 785/893/315 800/939/318 801/940/321
f 777/885/314 794/933/322 778/886/316
f 785/893/315 802/941/323 786/894/303
f 779/887/317 794/933/322 795/934/324
f 787/895/304 802/941/323 803/942/325
f 779/887/317 796/935/326 780/888/305
f 787/895/304 804/943/327 788/896/306
f 781/889/307 796/935/326 797/936/328
f 788/896/306 805/944/329 789/897/308
f 782/890/309 797/936/328 798/937/330
f 775/883/310 564/661/31 791/930/331
f 790/918/32 789/897/308 805/944/329
f 782/890/309 799/938/332 783/891/311
f 775/883/310 792/931/319 776/884/312
f 803/942/325 819/958/333 804/943/327
f 797/936/328 811/950/334 812/951/335
f 805/944/329 819/958/333 820/959/336
f 798/937/330 812/951/335 813/952/337
f 791/930/331 564/662/31 806/945/338
f 790/919/32 805/944/329 820/959/336
f 798/937/330 814/953/339 799/938/332
f 792/931/319 806/945/338 807/946/340
f 799/938/332 815/954/341 800/939/318
f 793/932/320 807/946/340 808/947/342
f 801/940/321 815/954/341 816/955/343
f 793/932/320 809/948/344 794/933/322
f 801/940/321 817/956/345 802/941/323
f 795/934/324 809/948/344 810/949/346
f 803/942/325 817/956/345 818/957/347
f 795/934/324 811/950/334 796/935/326
f 808/947/342 822/961/362 823/962/348
f 816/955/343 830/969/349 831/970/350
f 808/947/342 824/963/351 809/948/344
f 816/955/343 832/971/352 817/956/345
f 810/949/346 824/963/351 825/964/353
f 818/957/347 832/971/352 833/972/354
f 810/949/346 826/965/355 811/950/334
f 818/957/347 834/973/356 819/958/333
f 812/951/335 826/965/355 827/966/357
f 819/958/333 835/974/358 820/959/336
f 813/952/337 827/966/357 828/967/359
f 806/945/338 564/663/31 821/960/360
f 790/920/32 820/959/336 835/974/358
f 813/952/337 829/968/361 814/953/339
f 807/946/340 821/960/360 822/961/362
f 814/953/339 830/969/349 815/954/341
f 827/966/357 841/985/363 842/987/364
f 834/973/356 850/1004/365 835/974/358
f 828/967/359 842/987/364 843/989/366
f 821/960/360 564/664/31 836/975/367
f 790/921/32 835/974/358 850/1004/365
f 828/967/359 844/991/368 829/968/361
f 821/960/360 837/977/369 822/961/362
f 829/968/361 845/993/370 830/969/349
f 823/962/348 837/977/369 838/979/371
f 831/970/350 845/993/370 846/995/372
f 823/962/348 839/981/373 824/963/351
f 831/970/350 847/997/374 832/971/352
f 825/964/353 839/981/373 840/983/375
f 833/972/354 847/997/374 848/999/376
f 825/964/353 841/985/363 826/965/355
f 833/972/354 849/1001/377 834/973/356
f 846/996/372 860/1014/378 861/1015/379
f 838/980/371 854/1008/380 839/982/373
f 846/996/372 862/1016/381 847/998/374
f 840/984/375 854/1008/380 855/1009/382
f 848/1000/376 862/1016/381 863/1017/383
f 840/984/375 856/1010/384 841/986/363
f 848/1000/376 864/1018/385 849/1002/377
f 842/988/364 856/1010/384 857/1011/386
f 849/1002/377 865/1019/387 850/1003/365
f 843/990/366 857/1011/386 858/1012/388
f 836/976/367 564/665/31 851/1005/389
f 790/922/32 850/1003/365 865/1019/387
f 843/990/366 859/1013/390 844/992/368
f 836/976/367 852/1006/391 837/978/369
f 844/992/368 860/1014/378 845/994/370
f 838/980/371 852/1006/391 853/1007/392
f 865/1019/387 879/1033/393 880/1034/394
f 858/1012/388 872/1026/395 873/1027/396
f 851/1005/389 564/666/31 866/1020/397
f 790/923/32 865/1019/387 880/1034/394
f 858/1012/388 874/1028/398 859/1013/390
f 851/1005/389 867/1021/399 852/1006/391
f 859/1013/390 875/1029/400 860/1014/378
f 853/1007/392 867/1021/399 868/1022/401
f 861/1015/379 875/1029/400 876/1030/402
f 853/1007/392 869/1023/403 854/1008/380
f 861/1015/379 877/1031/404 862/1016/381
f 855/1009/382 869/1023/403 870/1024/405
f 863/1017/383 877/1031/404 878/1032/406
f 855/1009/382 871/1025/407 856/1010/384
f 863/1017/383 879/1033/393 864/1018/385
f 857/1011/386 871/1025/407 872/1026/395
f 868/1022/401 884/1038/408 869/1023/403
f 876/1030/402 892/1046/409 877/1031/404
f 870/1024/405 884/1038/408 885/1039/410
f 878/1032/406 892/1046/409 893/1047/411
f 870/1024/405 886/1040/412 871/1025/407
f 878/1032/406 894/1048/413 879/1033/393
f 872/1026/395 886/1040/412 887/1041/414
f 880/1034/394 894/1048/413 895/1049/415
f 873/1027/396 887/1041/414 888/1042/416
f 866/1020/397 564/667/31 881/1035/417
f 790/924/32 880/1034/394 895/1049/415
f 873/1027/396 889/1043/418 874/1028/398
f 866/1020/397 882/1036/419 867/1021/399
f 874/1028/398 890/1044/420 875/1029/400
f 868/1022/401 882/1036/419 883/1037/421
f 876/1030/402 890/1044/420 891/1045/422
f 888/1042/416 902/1056/423 903/1057/424
f 881/1035/417 564/668/31 896/1050/425
f 790/925/32 895/1049/415 910/1064/426
f 888/1042/416 904/1058/427 889/1043/418
f 882/1036/419 896/1050/425 897/1051/428
f 889/1043/418 905/1059/429 890/1044/420
f 883/1037/421 897/1051/428 898/1052/430
f 891/1045/422 905/1059/429 906/1060/431
f 883/1037/421 899/1053/432 884/1038/408
f 891/1045/422 907/1061/433 892/1046/409
f 885/1039/410 899/1053/432 900/1054/434
f 893/1047/411 907/1061/433 908/1062/435
f 885/1039/410 901/1055/436 886/1040/412
f 893/1047/411 909/1063/437 894/1048/413
f 887/1041/414 901/1055/436 902/1056/423
f 894/1048/413 910/1064/426 895/1049/415
f 906/1060/431 922/1076/438 907/1061/433
f 900/1054/434 914/1068/439 915/1069/440
f 908/1062/435 922/1076/438 923/1077/441
f 900/1054/434 916/1070/442 901/1055/436
f 909/1063/437 923/1077/441 924/1078/443
f 902/1056/423 916/1070/442 917/1071/444
f 910/1064/426 924/1078/443 925/1079/445
f 903/1057/424 917/1071/444 918/1072/446
f 896/1050/425 564/669/31 911/1065/447
f 790/926/32 910/1064/426 925/1079/445
f 903/1057/424 919/1073/448 904/1058/427
f 896/1050/425 912/1066/449 897/1051/428
f 904/1058/427 920/1074/450 905/1059/429
f 897/1051/428 913/1067/451 898/1052/430
f 906/1060/431 920/1074/450 921/1075/452
f 898/1052/430 914/1068/439 899/1053/432
f 790/927/32 925/1079/445 940/1094/453
f 918/1072/446 934/1088/454 919/1073/448
f 912/1066/449 926/1080/455 927/1081/456
f 919/1073/448 935/1089/457 920/1074/450
f 913/1067/451 927/1081/456 928/1082/458
f 921/1075/452 935/1089/457 936/1090/459
f 914/1068/439 928/1082/458 929/1083/460
f 921/1075/452 937/1091/461 922/1076/438
f 915/1069/440 929/1083/460 930/1084/462
f 922/1076/438 938/1092/463 923/1077/441
f 915/1069/440 931/1085/464 916/1070/442
f 923/1077/441 939/1093/465 924/1078/443
f 917/1071/444 931/1085/464 932/1086/466
f 924/1078/443 940/1094/453 925/1079/445
f 918/1072/446 932/1086/466 933/1087/467
f 911/1065/447 564/670/31 926/1080/455
f 938/1092/463 952/1106/468 953/1107/469
f 930/1084/462 946/1100/470 931/1085/464
f 938/1092/463 954/1108/471 939/1093/465
f 932/1086/466 946/1100/470 947/1101/472
f 940/1094/453 954/1108/471 955/1109/473
f 933/1087/467 947/1101/472 948/1102/474
f 926/1080/455 564/671/31 941/1095/475
f 790/928/32 940/1094/453 955/1109/473
f 933/1087/467 949/1103/476 934/1088/454
f 926/1080/455 942/1096/477 927/1081/456
f 934/1088/454 950/1104/478 935/1089/457
f 928/1082/458 942/1096/477 943/1097/479
f 936/1090/459 950/1104/478 951/1105/480
f 928/1082/458 944/1098/481 929/1083/460
f 936/1090/459 952/1106/468 937/1091/461
f 929/1083/460 945/1099/482 930/1084/462
f 942/1096/477 956/1110/30 957/1111/4
f 949/1103/476 960/1114/7 950/1104/478
f 943/1097/479 957/1111/4 483/560/9
f 950/1104/478 488/565/12 951/1105/480
f 944/1098/481 483/560/9 958/1112/13
f 951/1105/480 961/1115/16 952/1106/468
f 945/1099/482 958/1112/13 484/561/17
f 953/1107/469 961/1115/16 962/1116/20
f 946/1100/470 484/561/17 959/1113/21
f 954/1108/471 962/1116/20 963/1117/24
f 947/1101/472 959/1113/21 485/562/25
f 954/1108/471 964/1118/28 955/1109/473
f 948/1102/474 485/562/25 486/563/1
f 941/1095/475 564/672/31 956/1110/30
f 790/929/32 955/1109/473 964/1118/28
f 948/1102/474 487/564/3 949/1103/476
f 4/4/1 14/14/29 15/15/2
f 475/552/4 474/551/30 7/7/5
f 478/555/7 5/5/3 15/15/2
f 1/1/9 475/552/4 8/8/6
f 478/555/7 16/16/8 17/17/11
f 476/553/13 1/1/9 9/9/10
f 6/6/12 17/17/11 18/18/15
f 2/2/17 476/553/13 10/10/14
f 479/556/16 18/18/15 19/19/19
f 477/554/21 2/2/17 11/11/18
f 480/557/20 19/19/19 20/20/23
f 3/3/25 477/554/21 12/12/22
f 481/558/24 20/20/23 21/21/27
f 3/3/25 13/13/26 14/14/29
f 20/20/23 35/35/47 36/36/33
f 14/14/29 13/13/26 28/28/34
f 14/14/29 29/29/35 30/30/37
f 8/8/6 7/7/5 22/22/36
f 15/15/2 30/30/37 31/31/39
f 8/8/6 23/23/38 24/24/40
f 17/17/11 16/16/8 31/31/39
f 9/9/10 24/24/40 25/25/42
f 18/18/15 17/17/11 32/32/41
f 10/10/14 25/25/42 26/26/44
f 19/19/19 18/18/15 33/33/43
f 11/11/18 26/26/44 27/27/46
f 19/19/19 34/34/45 35/35/47
f 13/13/26 12/12/22 27/27/46
f 32/32/41 47/47/61 48/48/48
f 25/25/42 40/40/62 41/41/49
f 34/34/45 33/33/43 48/48/48
f 26/26/44 41/41/49 42/42/51
f 34/34/45 49/49/50 50/50/52
f 28/28/34 27/27/46 42/42/51
f 36/36/33 35/35/47 50/50/52
f 29/29/35 28/28/34 43/43/53
f 29/29/35 44/44/55 45/45/57
f 22/22/36 37/37/56 38/38/58
f 30/30/37 45/45/57 46/46/59
f 24/24/40 23/23/38 38/38/58
f 32/32/41 31/31/39 46/46/59
f 24/24/40 39/39/60 40/40/62
f 44/44/55 59/59/77 60/60/65
f 37/37/56 52/52/63 53/53/66
f 45/45/57 60/60/65 61/61/67
f 38/38/58 53/53/66 54/54/68
f 47/47/61 46/46/59 61/61/67
f 39/39/60 54/54/68 55/55/70
f 48/48/48 47/47/61 62/62/69
f 40/40/62 55/55/70 56/56/72
f 49/49/50 48/48/48 63/63/71
f 41/41/49 56/56/72 57/57/74
f 50/50/52 49/49/50 64/64/73
f 43/43/53 42/42/51 57/57/74
f 51/51/54 50/50/52 65/65/75
f 44/44/55 43/43/53 58/58/76
f 56/56/72 55/55/70 70/70/78
f 64/64/73 63/63/71 78/78/80
f 56/56/72 71/71/79 72/72/82
f 64/64/73 79/79/81 80/80/83
f 58/58/76 57/57/74 72/72/82
f 66/66/64 65/65/75 80/80/83
f 59/59/77 58/58/76 73/73/84
f 59/59/77 74/74/86 75/75/88
f 52/52/63 67/67/87 68/68/89
f 60/60/65 75/75/88 76/76/90
f 54/54/68 53/53/66 68/68/89
f 62/62/69 61/61/67 76/76/90
f 54/54/68 69/69/91 70/70/78
f 62/62/69 77/77/92 78/78/80
f 74/74/86 90/121/106 91/122/93
f 67/67/87 83/114/107 84/115/94
f 75/75/88 91/122/93 92/123/95
f 68/68/89 84/115/94 85/116/96
f 77/77/92 76/76/90 92/123/95
f 69/69/91 85/116/96 86/117/98
f 77/77/92 93/124/97 94/125/99
f 71/71/79 70/70/78 86/117/98
f 79/79/81 78/78/80 94/125/99
f 71/71/79 87/118/100 88/119/102
f 80/80/83 79/79/81 95/126/101
f 73/73/84 72/72/82 88/119/102
f 81/81/85 80/80/83 96/127/103
f 74/74/86 73/73/84 89/120/104
f 95/126/101 94/125/99 109/140/108
f 87/118/100 102/133/122 103/134/110
f 95/126/101 110/141/109 111/142/111
f 89/120/104 88/119/102 103/134/110
f 96/127/103 111/142/111 112/143/113
f 90/121/106 89/120/104 104/135/112
f 90/121/106 105/136/114 106/137/116
f 84/115/94 83/114/107 98/129/115
f 91/122/93 106/137/116 107/138/118
f 85/116/96 84/115/94 99/130/117
f 93/124/97 92/123/95 107/138/118
f 85/116/96 100/131/119 101/132/121
f 93/124/97 108/139/120 109/140/108
f 87/118/100 86/117/98 101/132/121
f 98/129/115 113/144/136 114/145/123
f 106/137/116 121/152/137 122/153/124
f 99/130/117 114/145/123 115/146/125
f 108/139/120 107/138/118 122/153/124
f 100/131/119 115/146/125 116/147/127
f 108/139/120 123/154/126 124/155/128
f 102/133/122 101/132/121 116/147/127
f 110/141/109 109/140/108 124/155/128
f 102/133/122 117/148/129 118/149/131
f 111/142/111 110/141/109 125/156/130
f 104/135/112 103/134/110 118/149/131
f 112/143/113 111/142/111 126/157/132
f 105/136/114 104/135/112 119/150/133
f 105/136/114 120/151/135 121/152/137
f 117/148/129 132/163/151 133/164/138
f 125/156/130 140/171/152 141/172/139
f 119/150/133 118/149/131 133/164/138
f 126/157/132 141/172/139 142/173/141
f 120/151/135 119/150/133 134/165/140
f 120/151/135 135/166/142 136/167/144
f 113/144/136 128/159/143 129/160/145
f 121/152/137 136/167/144 137/168/146
f 115/146/125 114/145/123 129/160/145
f 123/154/126 122/153/124 137/168/146
f 115/146/125 130/161/147 131/162/149
f 123/154/126 138/169/148 139/170/150
f 117/148/129 116/147/127 131/162/149
f 125/156/130 124/155/128 139/170/150
f 136/167/144 151/182/166 152/183/153
f 129/160/145 144/175/167 145/176/154
f 138/169/148 137/168/146 152/183/153
f 130/161/147 145/176/154 146/177/156
f 138/169/148 153/184/155 154/185/157
f 132/163/151 131/162/149 146/177/156
f 140/171/152 139/170/150 154/185/157
f 132/163/151 147/178/158 148/179/160
f 141/172/139 140/171/152 155/186/159
f 134/165/140 133/164/138 148/179/160
f 141/172/139 156/187/161 157/188/163
f 135/166/142 134/165/140 149/180/162
f 135/166/142 150/181/164 151/182/166
f 129/160/145 128/159/143 143/174/165
f 156/187/161 155/186/159 170/201/168
f 149/180/162 148/179/160 163/194/170
f 157/188/163 156/187/161 171/202/169
f 150/181/164 149/180/162 164/195/171
f 150/181/164 165/196/173 166/197/175
f 143/174/165 158/189/174 159/190/176
f 151/182/166 166/197/175 167/198/177
f 144/175/167 159/190/176 160/191/178
f 153/184/155 152/183/153 167/198/177
f 145/176/154 160/191/178 161/192/180
f 153/184/155 168/199/179 169/200/181
f 147/178/158 146/177/156 161/192/180
f 155/186/159 154/185/157 169/200/181
f 147/178/158 162/193/182 163/194/170
f 168/199/179 167/198/177 182/213/183
f 160/191/178 175/206/197 176/207/185
f 168/199/179 183/214/184 184/215/186
f 161/192/180 176/207/185 177/208/187
f 170/201/168 169/200/181 184/215/186
f 162/193/182 177/208/187 178/209/189
f 170/201/168 185/216/188 186/217/190
f 164/195/171 163/194/170 178/209/189
f 172/203/172 171/202/169 186/217/190
f 165/196/173 164/195/171 179/210/191
f 165/196/173 180/211/193 181/212/195
f 158/189/174 173/204/194 174/205/196
f 166/197/175 181/212/195 182/213/183
f 160/191/178 159/190/176 174/205/196
f 186/217/190 201/232/212 202/233/198
f 180/211/193 179/210/191 194/225/199
f 180/211/193 195/226/200 196/227/202
f 174/205/196 173/204/194 188/219/201
f 181/212/195 196/227/202 197/228/204
f 175/206/197 174/205/196 189/220/203
f 183/214/184 182/213/183 197/228/204
f 176/207/185 175/206/197 190/221/205
f 183/214/184 198/229/206 199/230/208
f 177/208/187 176/207/185 191/222/207
f 184/215/186 199/230/208 200/231/210
f 177/208/187 192/223/209 193/224/211
f 185/216/188 200/231/210 201/232/212
f 179/210/191 178/209/189 193/224/211
f 190/221/205 205/236/226 206/237/213
f 198/229/206 213/244/227 214/245/214
f 192/223/209 191/222/207 206/237/213
f 200/231/210 199/230/208 214/245/214
f 192/223/209 207/238/215 208/239/217
f 201/232/212 200/231/210 215/246/216
f 194/225/199 193/224/211 208/239/217
f 201/232/212 216/247/218 217/248/220
f 195/226/200 194/225/199 209/240/219
f 195/226/200 210/241/221 211/242/223
f 188/219/201 203/234/222 204/235/224
f 196/227/202 211/242/223 212/243/225
f 189/220/203 204/235/224 205/236/226
f 198/229/206 197/228/204 212/243/225
f 210/241/221 209/240/219 224/255/228
f 210/241/221 225/256/229 226/257/232
f 203/234/222 218/249/230 219/250/233
f 211/242/223 226/257/232 227/258/234
f 205/236/226 204/235/224 219/250/233
f 213/244/227 212/243/225 227/258/234
f 205/236/226 220/251/235 221/252/237
f 214/245/214 213/244/227 228/259/236
f 206/237/213 221/252/237 222/253/239
f 215/246/216 214/245/214 229/260/238
f 207/238/215 222/253/239 223/254/241
f 215/246/216 230/261/240 231/262/242
f 209/240/219 208/239/217 223/254/241
f 217/248/220 216/247/218 231/262/242
f 228/259/236 243/274/257 244/275/243
f 222/253/239 221/252/237 236/267/244
f 230/261/240 229/260/238 244/275/243
f 222/253/239 237/268/245 238/269/247
f 231/262/242 230/261/240 245/276/246
f 224/255/228 223/254/241 238/269/247
f 232/263/231 231/262/242 246/277/248
f 225/256/229 224/255/228 239/270/249
f 225/256/229 240/271/251 241/272/253
f 218/249/230 233/264/252 234/265/254
f 226/257/232 241/272/253 242/273/255
f 219/250/233 234/265/254 235/266/256
f 228/259/236 227/258/234 242/273/255
f 220/251/235 235/266/256 236/267/244
f 240/271/251 255/286/272 256/287/260
f 234/265/254 233/264/252 248/279/258
f 241/272/253 256/287/260 257/288/262
f 235/266/256 234/265/254 249/280/261
f 243/274/257 242/273/255 257/288/262
f 236/267/244 235/266/256 250/281/263
f 243/274/257 258/289/264 259/290/266
f 237/268/245 236/267/244 251/282/265
f 244/275/243 259/290/266 260/291/268
f 237/268/245 252/283/267 253/284/269
f 245/276/246 260/291/268 261/292/270
f 239/270/249 238/269/247 253/284/269
f 246/277/248 261/292/270 262/293/259
f 240/271/251 239/270/249 254/285/271
f 252/283/267 251/282/265 266/297/273
f 260/291/268 259/290/266 274/305/275
f 252/283/267 267/298/274 268/299/277
f 261/292/270 260/291/268 275/306/276
f 254/285/271 253/284/269 268/299/277
f 262/293/259 261/292/270 276/307/278
f 255/286/272 254/285/271 269/300/279
f 255/286/272 270/301/281 271/302/283
f 248/279/258 263/294/282 264/295/284
f 256/287/260 271/302/283 272/303/285
f 249/280/261 264/295/284 265/296/286
f 258/289/264 257/288/262 272/303/285
f 250/281/263 265/296/286 266/297/273
f 258/289/264 273/304/287 274/305/275
f 270/301/281 285/316/302 286/317/288
f 264/295/284 263/294/282 278/309/289
f 271/302/283 286/317/288 287/318/291
f 264/295/284 279/310/290 280/311/292
f 273/304/287 272/303/285 287/318/291
f 265/296/286 280/311/292 281/312/294
f 274/305/275 273/304/287 288/319/293
f 266/297/273 281/312/294 282/313/296
f 275/306/276 274/305/275 289/320/295
f 267/298/274 282/313/296 283/314/298
f 276/307/278 275/306/276 290/321/297
f 269/300/279 268/299/277 283/314/298
f 276/307/278 291/322/299 292/323/301
f 270/301/281 269/300/279 284/315/300
f 290/321/297 289/320/295 304/335/303
f 282/313/296 297/328/317 298/329/305
f 290/321/297 305/336/304 306/337/306
f 284/315/300 283/314/298 298/329/305
f 292/323/301 291/322/299 306/337/306
f 285/316/302 284/315/300 299/330/307
f 285/316/302 300/331/309 301/332/311
f 278/309/289 293/324/310 294/325/312
f 286/317/288 301/332/311 302/333/313
f 280/311/292 279/310/290 294/325/312
f 288/319/293 287/318/291 302/333/313
f 280/311/292 295/326/314 296/327/316
f 289/320/295 288/319/293 303/334/315
f 281/312/294 296/327/316 297/328/317
f 301/332/311 317/379/332 318/380/318
f 295/326/314 294/325/312 310/372/319
f 302/333/313 318/380/318 319/381/321
f 295/326/314 311/373/320 312/374/322
f 303/334/315 319/381/321 320/382/323
f 296/327/316 312/374/322 313/375/324
f 305/336/304 304/335/303 320/382/323
f 297/328/317 313/375/324 314/376/326
f 305/336/304 321/383/325 322/384/327
f 299/330/307 298/329/305 314/376/326
f 306/337/306 322/384/327 323/385/329
f 300/331/309 299/330/307 315/377/328
f 300/331/309 316/378/330 317/379/332
f 293/324/310 309/371/331 310/372/319
f 321/383/325 336/398/347 337/399/333
f 315/377/328 314/376/326 329/391/334
f 323/385/329 322/384/327 337/399/333
f 316/378/330 315/377/328 330/392/335
f 316/378/330 331/393/337 332/394/339
f 310/372/319 309/371/331 324/386/338
f 317/379/332 332/394/339 333/395/341
f 311/373/320 310/372/319 325/387/340
f 319/381/321 318/380/318 333/395/341
f 311/373/320 326/388/342 327/389/344
f 319/381/321 334/396/343 335/397/345
f 312/374/322 327/389/344 328/390/346
f 320/382/323 335/397/345 336/398/347
f 313/375/324 328/390/346 329/391/334
f 325/387/340 340/402/362 341/403/348
f 334/396/343 333/395/341 348/410/349
f 326/388/342 341/403/348 342/404/351
f 334/396/343 349/411/350 350/412/352
f 328/390/346 327/389/344 342/404/351
f 336/398/347 335/397/345 350/412/352
f 328/390/346 343/405/353 344/406/355
f 337/399/333 336/398/347 351/413/354
f 330/392/335 329/391/334 344/406/355
f 337/399/333 352/414/356 353/415/358
f 331/393/337 330/392/335 345/407/357
f 331/393/337 346/408/359 347/409/361
f 325/387/340 324/386/338 339/401/360
f 332/394/339 347/409/361 348/410/349
f 345/407/357 344/406/355 359/426/363
f 352/414/356 367/442/377 368/445/365
f 346/408/359 345/407/357 360/428/364
f 346/408/359 361/430/366 362/432/368
f 339/401/360 354/416/367 355/418/369
f 347/409/361 362/432/368 363/434/370
f 341/403/348 340/402/362 355/418/369
f 349/411/350 348/410/349 363/434/370
f 341/403/348 356/420/371 357/422/373
f 349/411/350 364/436/372 365/438/374
f 343/405/353 342/404/351 357/422/373
f 351/413/354 350/412/352 365/438/374
f 343/405/353 358/424/375 359/426/363
f 351/413/354 366/440/376 367/442/377
f 364/437/372 363/435/370 378/455/378
f 356/421/371 371/448/392 372/449/380
f 364/437/372 379/456/379 380/457/381
f 358/425/375 357/423/373 372/449/380
f 366/441/376 365/439/374 380/457/381
f 358/425/375 373/450/382 374/451/384
f 366/441/376 381/458/383 382/459/385
f 360/429/364 359/427/363 374/451/384
f 367/443/377 382/459/385 383/460/387
f 361/431/366 360/429/364 375/452/386
f 361/431/366 376/453/388 377/454/390
f 354/417/367 369/446/389 370/447/391
f 362/433/368 377/454/390 378/455/378
f 356/421/371 355/419/369 370/447/391
f 383/460/387 382/459/385 397/474/393
f 376/453/388 375/452/386 390/467/395
f 376/453/388 391/468/396 392/469/398
f 369/446/389 384/461/397 385/462/399
f 377/454/390 392/469/398 393/470/400
f 371/448/392 370/447/391 385/462/399
f 379/456/379 378/455/378 393/470/400
f 371/448/392 386/463/401 387/464/403
f 379/456/379 394/471/402 395/472/404
f 373/450/382 372/449/380 387/464/403
f 381/458/383 380/457/381 395/472/404
f 373/450/382 388/465/405 389/466/407
f 381/458/383 396/473/406 397/474/393
f 375/452/386 374/451/384 389/466/407
f 386/463/401 401/478/421 402/479/408
f 394/471/402 409/486/422 410/487/409
f 388/465/405 387/464/403 402/479/408
f 396/473/406 395/472/404 410/487/409
f 388/465/405 403/480/410 404/481/412
f 396/473/406 411/488/411 412/489/413
f 390/467/395 389/466/407 404/481/412
f 398/475/394 397/474/393 412/489/413
f 391/468/396 390/467/395 405/482/414
f 391/468/396 406/483/416 407/484/418
f 384/461/397 399/476/417 400/477/419
f 392/469/398 407/484/418 408/485/420
f 386/463/401 385/462/399 400/477/419
f 394/471/402 393/470/400 408/485/420
f 406/483/416 405/482/414 420/497/423
f 406/483/416 421/498/424 422/499/427
f 400/477/419 399/476/417 414/491/425
f 407/484/418 422/499/427 423/500/429
f 401/478/421 400/477/419 415/492/428
f 409/486/422 408/485/420 423/500/429
f 401/478/421 416/493/430 417/494/432
f 409/486/422 424/501/431 425/502/433
f 403/480/410 402/479/408 417/494/432
f 411/488/411 410/487/409 425/502/433
f 403/480/410 418/495/434 419/496/436
f 411/488/411 426/503/435 427/504/437
f 405/482/414 404/481/412 419/496/436
f 412/489/413 427/504/437 428/505/426
f 424/501/431 439/516/452 440/517/438
f 418/495/434 417/494/432 432/509/439
f 426/503/435 425/502/433 440/517/438
f 418/495/434 433/510/440 434/511/442
f 426/503/435 441/518/441 442/519/443
f 420/497/423 419/496/436 434/511/442
f 428/505/426 427/504/437 442/519/443
f 421/498/424 420/497/423 435/512/444
f 421/498/424 436/513/446 437/514/448
f 414/491/425 429/506/447 430/507/449
f 422/499/427 437/514/448 438/515/450
f 416/493/430 415/492/428 430/507/449
f 424/501/431 423/500/429 438/515/450
f 416/493/430 431/508/451 432/509/439
f 436/513/446 451/528/467 452/529/454
f 430/507/449 429/506/447 444/521/455
f 437/514/448 452/529/454 453/530/457
f 431/508/451 430/507/449 445/522/456
f 439/516/452 438/515/450 453/530/457
f 431/508/451 446/523/458 447/524/460
f 439/516/452 454/531/459 455/532/461
f 433/510/440 432/509/439 447/524/460
f 441/518/441 440/517/438 455/532/461
f 433/510/440 448/525/462 449/526/464
f 441/518/441 456/533/463 457/534/465
f 435/512/444 434/511/442 449/526/464
f 442/519/443 457/534/465 458/535/453
f 436/513/446 435/512/444 450/527/466
f 456/533/463 455/532/461 470/547/468
f 448/525/462 463/540/482 464/541/470
f 456/533/463 471/548/469 472/549/471
f 449/526/464 464/541/470 465/542/472
f 458/535/453 457/534/465 472/549/471
f 451/528/467 450/527/466 465/542/472
f 451/528/467 466/543/474 467/544/476
f 444/521/455 459/536/475 460/537/477
f 452/529/454 467/544/476 468/545/478
f 446/523/458 445/522/456 460/537/477
f 454/531/459 453/530/457 468/545/478
f 446/523/458 461/538/479 462/539/481
f 454/531/459 469/546/480 470/547/468
f 448/525/462 447/524/460 462/539/481
f 460/537/477 459/536/475 474/551/30
f 467/544/476 5/5/3 478/555/7
f 461/538/479 460/537/477 475/552/4
f 468/545/478 478/555/7 6/6/12
f 462/539/481 461/538/479 1/1/9
f 469/546/480 6/6/12 479/556/16
f 463/540/482 462/539/481 476/553/13
f 471/548/469 470/547/468 479/556/16
f 464/541/470 463/540/482 2/2/17
f 471/548/469 480/557/20 481/558/24
f 465/542/472 464/541/470 477/554/21
f 472/549/471 481/558/24 482/559/28
f 466/543/474 465/542/472 3/3/25
f 466/543/474 4/4/1 5/5/3
f 486/563/1 496/573/29 497/574/2
f 957/1111/4 956/1110/30 489/566/5
f 960/1114/7 487/564/3 497/574/2
f 483/560/9 957/1111/4 490/567/6
f 960/1114/7 498/575/8 499/576/11
f 958/1112/13 483/560/9 491/568/10
f 488/565/12 499/576/11 500/577/15
f 484/561/17 958/1112/13 492/569/14
f 961/1115/16 500/577/15 501/578/19
f 959/1113/21 484/561/17 493/570/18
f 962/1116/20 501/578/19 502/579/23
f 485/562/25 959/1113/21 494/571/22
f 963/1117/24 502/579/23 503/580/27
f 485/562/25 495/572/26 496/573/29
f 502/579/23 517/594/47 518/595/33
f 496/573/29 495/572/26 510/587/34
f 496/573/29 511/588/35 512/589/37
f 490/567/6 489/566/5 504/581/36
f 497/574/2 512/589/37 513/590/39
f 490/567/6 505/582/38 506/583/40
f 498/575/8 513/590/39 514/591/41
f 491/568/10 506/583/40 507/584/42
f 500/577/15 499/576/11 514/591/41
f 492/569/14 507/584/42 508/585/44
f 501/578/19 500/577/15 515/592/43
f 494/571/22 493/570/18 508/585/44
f 502/579/23 501/578/19 516/593/45
f 495/572/26 494/571/22 509/586/46
f 515/592/43 514/591/41 529/606/61
f 507/584/42 522/599/62 523/600/49
f 516/593/45 515/592/43 530/607/48
f 508/585/44 523/600/49 524/601/51
f 517/594/47 516/593/45 531/608/50
f 510/587/34 509/586/46 524/601/51
f 517/594/47 532/609/52 533/610/54
f 511/588/35 510/587/34 525/602/53
f 511/588/35 526/603/55 527/604/57
f 504/581/36 519/596/56 520/597/58
f 512/589/37 527/604/57 528/605/59
f 505/582/38 520/597/58 521/598/60
f 514/591/41 513/590/39 528/605/59
f 506/583/40 521/598/60 522/599/62
f 526/603/55 541/618/77 542/619/65
f 519/596/56 534/611/63 535/612/66
f 527/604/57 542/619/65 543/620/67
f 521/598/60 520/597/58 535/612/66
f 529/606/61 528/605/59 543/620/67
f 521/598/60 536/613/68 537/614/70
f 529/606/61 544/621/69 545/622/71
f 523/600/49 522/599/62 537/614/70
f 531/608/50 530/607/48 545/622/71
f 523/600/49 538/615/72 539/616/74
f 531/608/50 546/623/73 547/624/75
f 525/602/53 524/601/51 539/616/74
f 533/610/54 532/609/52 547/624/75
f 526/603/55 525/602/53 540/617/76
f 538/615/72 537/614/70 552/629/78
f 546/623/73 545/622/71 560/637/80
f 538/615/72 553/630/79 554/631/82
f 546/623/73 561/638/81 562/639/83
f 540/617/76 539/616/74 554/631/82
f 547/624/75 562/639/83 563/640/85
f 541/618/77 540/617/76 555/632/84
f 541/618/77 556/633/86 557/634/88
f 535/612/66 534/611/63 549/626/483
f 542/619/65 557/634/88 558/635/90
f 536/613/68 535/612/66 550/627/89
f 544/621/69 543/620/67 558/635/90
f 536/613/68 551/628/91 552/629/78
f 544/621/69 559/636/92 560/637/80
f 557/634/88 556/633/86 572/680/106
f 549/626/483 565/673/107 566/674/94
f 557/634/88 573/681/93 574/682/95
f 550/627/89 566/674/94 567/675/96
f 559/636/92 558/635/90 574/682/95
f 551/628/91 567/675/96 568/676/98
f 560/637/80 559/636/92 575/683/97
f 552/629/78 568/676/98 569/677/100
f 561/638/81 560/637/80 576/684/99
f 553/630/79 569/677/100 570/678/102
f 562/639/83 561/638/81 577/685/101
f 555/632/84 554/631/82 570/678/102
f 563/640/85 562/639/83 578/686/103
f 555/632/84 571/679/104 572/680/106
f 577/685/101 576/684/99 591/699/108
f 569/677/100 584/692/122 585/693/110
f 577/685/101 592/700/109 593/701/111
f 571/679/104 570/678/102 585/693/110
f 578/686/103 593/701/111 594/702/113
f 572/680/106 571/679/104 586/694/112
f 572/680/106 587/695/114 588/696/116
f 566/674/94 565/673/107 580/688/115
f 573/681/93 588/696/116 589/697/118
f 567/675/96 566/674/94 581/689/117
f 575/683/97 574/682/95 589/697/118
f 567/675/96 582/690/119 583/691/121
f 575/683/97 590/698/120 591/699/108
f 569/677/100 568/676/98 583/691/121
f 580/688/115 595/703/136 596/704/123
f 588/696/116 603/711/137 604/712/124
f 581/689/117 596/704/123 597/705/125
f 590/698/120 589/697/118 604/712/124
f 582/690/119 597/705/125 598/706/127
f 590/698/120 605/713/126 606/714/128
f 584/692/122 583/691/121 598/706/127
f 592/700/109 591/699/108 606/714/128
f 584/692/122 599/707/129 600/708/131
f 593/701/111 592/700/109 607/715/130
f 586/694/112 585/693/110 600/708/131
f 594/702/113 593/701/111 608/716/132
f 587/695/114 586/694/112 601/709/133
f 587/695/114 602/710/135 603/711/137
f 599/707/129 614/722/151 615/723/138
f 607/715/130 622/730/152 623/731/139
f 601/709/133 600/708/131 615/723/138
f 608/716/132 623/731/139 624/732/141
f 602/710/135 601/709/133 616/724/140
f 602/710/135 617/725/142 618/726/144
f 595/703/136 610/718/143 611/719/145
f 603/711/137 618/726/144 619/727/146
f 597/705/125 596/704/123 611/719/145
f 605/713/126 604/712/124 619/727/146
f 597/705/125 612/720/147 613/721/149
f 605/713/126 620/728/148 621/729/150
f 599/707/129 598/706/127 613/721/149
f 607/715/130 606/714/128 621/729/150
f 618/726/144 633/741/166 634/742/153
f 611/719/145 626/734/167 627/735/154
f 620/728/148 619/727/146 634/742/153
f 612/720/147 627/735/154 628/736/156
f 620/728/148 635/743/155 636/744/157
f 614/722/151 613/721/149 628/736/156
f 622/730/152 621/729/150 636/744/157
f 614/722/151 629/737/158 630/738/160
f 622/730/152 637/745/159 638/746/161
f 616/724/140 615/723/138 630/738/160
f 623/731/139 638/746/161 639/747/163
f 617/725/142 616/724/140 631/739/162
f 617/725/142 632/740/164 633/741/166
f 611/719/145 610/718/143 625/733/165
f 638/746/161 637/745/159 652/760/168
f 631/739/162 630/738/160 645/753/170
f 639/747/163 638/746/161 653/761/169
f 632/740/164 631/739/162 646/754/171
f 632/740/164 647/755/173 648/756/175
f 625/733/165 640/748/174 641/749/176
f 633/741/166 648/756/175 649/757/177
f 626/734/167 641/749/176 642/750/178
f 635/743/155 634/742/153 649/757/177
f 627/735/154 642/750/178 643/751/180
f 635/743/155 650/758/179 651/759/181
f 629/737/158 628/736/156 643/751/180
f 637/745/159 636/744/157 651/759/181
f 629/737/158 644/752/182 645/753/170
f 650/758/179 649/757/177 664/772/183
f 642/750/178 657/765/197 658/766/185
f 650/758/179 665/773/184 666/774/186
f 644/752/182 643/751/180 658/766/185
f 652/760/168 651/759/181 666/774/186
f 644/752/182 659/767/187 660/768/189
f 653/761/169 652/760/168 667/775/188
f 646/754/171 645/753/170 660/768/189
f 653/761/169 668/776/190 669/777/192
f 647/755/173 646/754/171 661/769/191
f 647/755/173 662/770/193 663/771/195
f 641/749/176 640/748/174 655/763/194
f 648/756/175 663/771/195 664/772/183
f 641/749/176 656/764/196 657/765/197
f 668/776/190 683/791/212 684/792/198
f 662/770/193 661/769/191 676/784/199
f 662/770/193 677/785/200 678/786/202
f 655/763/194 670/778/201 671/779/203
f 663/771/195 678/786/202 679/787/204
f 657/765/197 656/764/196 671/779/203
f 665/773/184 664/772/183 679/787/204
f 657/765/197 672/780/205 673/781/207
f 665/773/184 680/788/206 681/789/208
f 659/767/187 658/766/185 673/781/207
f 667/775/188 666/774/186 681/789/208
f 659/767/187 674/782/209 675/783/211
f 667/775/188 682/790/210 683/791/212
f 661/769/191 660/768/189 675/783/211
f 672/780/205 687/795/226 688/796/213
f 680/788/206 695/803/227 696/804/214
f 674/782/209 673/781/207 688/796/213
f 682/790/210 681/789/208 696/804/214
f 674/782/209 689/797/215 690/798/217
f 683/791/212 682/790/210 697/805/216
f 676/784/199 675/783/211 690/798/217
f 684/792/198 683/791/212 698/806/218
f 677/785/200 676/784/199 691/799/219
f 677/785/200 692/800/221 693/801/223
f 670/778/201 685/793/222 686/794/224
f 678/786/202 693/801/223 694/802/225
f 671/779/203 686/794/224 687/795/226
f 680/788/206 679/787/204 694/802/225
f 692/800/221 691/799/219 706/814/228
f 692/800/221 707/815/229 708/816/232
f 686/794/224 685/793/222 700/808/230
f 693/801/223 708/816/232 709/817/234
f 687/795/226 686/794/224 701/809/233
f 695/803/227 694/802/225 709/817/234
f 687/795/226 702/810/235 703/811/237
f 695/803/227 710/818/236 711/819/238
f 688/796/213 703/811/237 704/812/239
f 697/805/216 696/804/214 711/819/238
f 689/797/215 704/812/239 705/813/241
f 697/805/216 712/820/240 713/821/242
f 691/799/219 690/798/217 705/813/241
f 698/806/218 713/821/242 714/822/231
f 710/818/236 725/833/257 726/834/243
f 704/812/239 703/811/237 718/826/244
f 712/820/240 711/819/238 726/834/243
f 704/812/239 719/827/245 720/828/247
f 713/821/242 712/820/240 727/835/246
f 706/814/228 705/813/241 720/828/247
f 714/822/231 713/821/242 728/836/248
f 707/815/229 706/814/228 721/829/249
f 707/815/229 722/830/251 723/831/253
f 700/808/230 715/823/252 716/824/254
f 708/816/232 723/831/253 724/832/255
f 701/809/233 716/824/254 717/825/256
f 710/818/236 709/817/234 724/832/255
f 702/810/235 717/825/256 718/826/244
f 722/830/251 737/845/272 738/846/260
f 716/824/254 715/823/252 730/838/258
f 723/831/253 738/846/260 739/847/262
f 717/825/256 716/824/254 731/839/261
f 725/833/257 724/832/255 739/847/262
f 717/825/256 732/840/263 733/841/265
f 725/833/257 740/848/264 741/849/266
f 719/827/245 718/826/244 733/841/265
f 727/835/246 726/834/243 741/849/266
f 719/827/245 734/842/267 735/843/269
f 727/835/246 742/850/268 743/851/270
f 721/829/249 720/828/247 735/843/269
f 728/836/248 743/851/270 744/852/259
f 722/830/251 721/829/249 736/844/271
f 734/842/267 733/841/265 748/856/273
f 742/850/268 741/849/266 756/864/275
f 734/842/267 749/857/274 750/858/277
f 742/850/268 757/865/276 758/866/278
f 736/844/271 735/843/269 750/858/277
f 743/851/270 758/866/278 759/867/280
f 737/845/272 736/844/271 751/859/279
f 737/845/272 752/860/281 753/861/283
f 731/839/261 730/838/258 745/853/282
f 738/846/260 753/861/283 754/862/285
f 731/839/261 746/854/284 747/855/286
f 740/848/264 739/847/262 754/862/285
f 732/840/263 747/855/286 748/856/273
f 740/848/264 755/863/287 756/864/275
f 752/860/281 767/875/302 768/876/288
f 745/853/282 760/868/289 761/869/290
f 753/861/283 768/876/288 769/877/291
f 747/855/286 746/854/284 761/869/290
f 755/863/287 754/862/285 769/877/291
f 747/855/286 762/870/292 763/871/294
f 756/864/275 755/863/287 770/878/293
f 749/857/274 748/856/273 763/871/294
f 757/865/276 756/864/275 771/879/295
f 749/857/274 764/872/296 765/873/298
f 757/865/276 772/880/297 773/881/299
f 751/859/279 750/858/277 765/873/298
f 759/867/280 758/866/278 773/881/299
f 752/860/281 751/859/279 766/874/300
f 772/880/297 771/879/295 786/894/303
f 764/872/296 779/887/317 780/888/305
f 773/881/299 772/880/297 787/895/304
f 766/874/300 765/873/298 780/888/305
f 774/882/301 773/881/299 788/896/306
f 767/875/302 766/874/300 781/889/307
f 767/875/302 782/890/309 783/891/311
f 760/868/289 775/883/310 776/884/312
f 768/876/288 783/891/311 784/892/313
f 761/869/290 776/884/312 777/885/314
f 770/878/293 769/877/291 784/892/313
f 762/870/292 777/885/314 778/886/316
f 771/879/295 770/878/293 785/893/315
f 763/871/294 778/886/316 779/887/317
f 783/891/311 799/938/332 800/939/318
f 777/885/314 776/884/312 792/931/319
f 785/893/315 784/892/313 800/939/318
f 777/885/314 793/932/320 794/933/322
f 785/893/315 801/940/321 802/941/323
f 779/887/317 778/886/316 794/933/322
f 787/895/304 786/894/303 802/941/323
f 779/887/317 795/934/324 796/935/326
f 787/895/304 803/942/325 804/943/327
f 781/889/307 780/888/305 796/935/326
f 788/896/306 804/943/327 805/944/329
f 782/890/309 781/889/307 797/936/328
f 782/890/309 798/937/330 799/938/332
f 775/883/310 791/930/331 792/931/319
f 803/942/325 818/957/347 819/958/333
f 797/936/328 796/935/326 811/950/334
f 805/944/329 804/943/327 819/958/333
f 798/937/330 797/936/328 812/951/335
f 798/937/330 813/952/337 814/953/339
f 792/931/319 791/930/331 806/945/338
f 799/938/332 814/953/339 815/954/341
f 793/932/320 792/931/319 807/946/340
f 801/940/321 800/939/318 815/954/341
f 793/932/320 808/947/342 809/948/344
f 801/940/321 816/955/343 817/956/345
f 795/934/324 794/933/322 809/948/344
f 803/942/325 802/941/323 817/956/345
f 795/934/324 810/949/346 811/950/334
f 808/947/342 807/946/340 822/961/362
f 816/955/343 815/954/341 830/969/349
f 808/947/342 823/962/348 824/963/351
f 816/955/343 831/970/350 832/971/352
f 810/949/346 809/948/344 824/963/351
f 818/957/347 817/956/345 832/971/352
f 810/949/346 825/964/353 826/965/355
f 818/957/347 833/972/354 834/973/356
f 812/951/335 811/950/334 826/965/355
f 819/958/333 834/973/356 835/974/358
f 813/952/337 812/951/335 827/966/357
f 813/952/337 828/967/359 829/968/361
f 807/946/340 806/945/338 821/960/360
f 814/953/339 829/968/361 830/969/349
f 827/966/357 826/965/355 841/985/363
f 834/973/356 849/1001/377 850/1004/365
f 828/967/359 827/966/357 842/987/364
f 828/967/359 843/989/366 844/991/368
f 821/960/360 836/975/367 837/977/369
f 829/968/361 844/991/368 845/993/370
f 823/962/348 822/961/362 837/977/369
f 831/970/350 830/969/349 845/993/370
f 823/962/348 838/979/371 839/981/373
f 831/970/350 846/995/372 847/997/374
f 825/964/353 824/963/351 839/981/373
f 833/972/354 832/971/352 847/997/374
f 825/964/353 840/983/375 841/985/363
f 833/972/354 848/999/376 849/1001/377
f 846/996/372 845/994/370 860/1014/378
f 838/980/371 853/1007/392 854/1008/380
f 846/996/372 861/1015/379 862/1016/381
f 840/984/375 839/982/373 854/1008/380
f 848/1000/376 847/998/374 862/1016/381
f 840/984/375 855/1009/382 856/1010/384
f 848/1000/376 863/1017/383 864/1018/385
f 842/988/364 841/986/363 856/1010/384
f 849/1002/377 864/1018/385 865/1019/387
f 843/990/366 842/988/364 857/1011/386
f 843/990/366 858/1012/388 859/1013/390
f 836/976/367 851/1005/389 852/1006/391
f 844/992/368 859/1013/390 860/1014/378
f 838/980/371 837/978/369 852/1006/391
f 865/1019/387 864/1018/385 879/1033/393
f 858/1012/388 857/1011/386 872/1026/395
f 858/1012/388 873/1027/396 874/1028/398
f 851/1005/389 866/1020/397 867/1021/399
f 859/1013/390 874/1028/398 875/1029/400
f 853/1007/392 852/1006/391 867/1021/399
f 861/1015/379 860/1014/378 875/1029/400
f 853/1007/392 868/1022/401 869/1023/403
f 861/1015/379 876/1030/402 877/1031/404
f 855/1009/382 854/1008/380 869/1023/403
f 863/1017/383 862/1016/381 877/1031/404
f 855/1009/382 870/1024/405 871/1025/407
f 863/1017/383 878/1032/406 879/1033/393
f 857/1011/386 856/1010/384 871/1025/407
f 868/1022/401 883/1037/421 884/1038/408
f 876/1030/402 891/1045/422 892/1046/409
f 870/1024/405 869/1023/403 884/1038/408
f 878/1032/406 877/1031/404 892/1046/409
f 870/1024/405 885/1039/410 886/1040/412
f 878/1032/406 893/1047/411 894/1048/413
f 872/1026/395 871/1025/407 886/1040/412
f 880/1034/394 879/1033/393 894/1048/413
f 873/1027/396 872/1026/395 887/1041/414
f 873/1027/396 888/1042/416 889/1043/418
f 866/1020/397 881/1035/417 882/1036/419
f 874/1028/398 889/1043/418 890/1044/420
f 868/1022/401 867/1021/399 882/1036/419
f 876/1030/402 875/1029/400 890/1044/420
f 888/1042/416 887/1041/414 902/1056/423
f 888/1042/416 903/1057/424 904/1058/427
f 882/1036/419 881/1035/417 896/1050/425
f 889/1043/418 904/1058/427 905/1059/429
f 883/1037/421 882/1036/419 897/1051/428
f 891/1045/422 890/1044/420 905/1059/429
f 883/1037/421 898/1052/430 899/1053/432
f 891/1045/422 906/1060/431 907/1061/433
f 885/1039/410 884/1038/408 899/1053/432
f 893/1047/411 892/1046/409 907/1061/433
f 885/1039/410 900/1054/434 901/1055/436
f 893/1047/411 908/1062/435 909/1063/437
f 887/1041/414 886/1040/412 901/1055/436
f 894/1048/413 909/1063/437 910/1064/426
f 906/1060/431 921/1075/452 922/1076/438
f 900/1054/434 899/1053/432 914/1068/439
f 908/1062/435 907/1061/433 922/1076/438
f 900/1054/434 915/1069/440 916/1070/442
f 909/1063/437 908/1062/435 923/1077/441
f 902/1056/423 901/1055/436 916/1070/442
f 910/1064/426 909/1063/437 924/1078/443
f 903/1057/424 902/1056/423 917/1071/444
f 903/1057/424 918/1072/446 919/1073/448
f 896/1050/425 911/1065/447 912/1066/449
f 904/1058/427 919/1073/448 920/1074/450
f 897/1051/428 912/1066/449 913/1067/451
f 906/1060/431 905/1059/429 920/1074/450
f 898/1052/430 913/1067/451 914/1068/439
f 918/1072/446 933/1087/467 934/1088/454
f 912/1066/449 911/1065/447 926/1080/455
f 919/1073/448 934/1088/454 935/1089/457
f 913/1067/451 912/1066/449 927/1081/456
f 921/1075/452 920/1074/450 935/1089/457
f 914/1068/439 913/1067/451 928/1082/458
f 921/1075/452 936/1090/459 937/1091/461
f 915/1069/440 914/1068/439 929/1083/460
f 922/1076/438 937/1091/461 938/1092/463
f 915/1069/440 930/1084/462 931/1085/464
f 923/1077/441 938/1092/463 939/1093/465
f 917/1071/444 916/1070/442 931/1085/464
f 924/1078/443 939/1093/465 940/1094/453
f 918/1072/446 917/1071/444 932/1086/466
f 938/1092/463 937/1091/461 952/1106/468
f 930/1084/462 945/1099/482 946/1100/470
f 938/1092/463 953/1107/469 954/1108/471
f 932/1086/466 931/1085/464 946/1100/470
f 940/1094/453 939/1093/465 954/1108/471
f 933/1087/467 932/1086/466 947/1101/472
f 933/1087/467 948/1102/474 949/1103/476
f 926/1080/455 941/1095/475 942/1096/477
f 934/1088/454 949/1103/476 950/1104/478
f 928/1082/458 927/1081/456 942/1096/477
f 936/1090/459 935/1089/457 950/1104/478
f 928/1082/458 943/1097/479 944/1098/481
f 936/1090/459 951/1105/480 952/1106/468
f 929/1083/460 944/1098/481 945/1099/482
f 942/1096/477 941/1095/475 956/1110/30
f 949/1103/476 487/564/3 960/1114/7
f 943/1097/479 942/1096/477 957/1111/4
f 950/1104/478 960/1114/7 488/565/12
f 944/1098/481 943/1097/479 483/560/9
f 951/1105/480 488/565/12 961/1115/16
f 945/1099/482 944/1098/481 958/1112/13
f 953/1107/469 952/1106/468 961/1115/16
f 946/1100/470 945/1099/482 484/561/17
f 954/1108/471 953/1107/469 962/1116/20
f 947/1101/472 946/1100/470 959/1113/21
f 954/1108/471 963/1117/24 964/1118/28
f 948/1102/474 947/1101/472 485/562/25
f 948/1102/474 486/563/1 487/564/3
o 立方体
v 0.050000 -0.438255 1.515831
v 0.050000 -0.380897 1.597746
v -0.050000 -0.438255 1.515831
v -0.050000 -0.380897 1.597746
v 0.050000 0.380897 0.942254
v 0.050000 0.438255 1.024169
v -0.050000 0.380897 0.942254
v -0.050000 0.438255 1.024169
vn -0.0000 -0.8192 0.5736
vn -1.0000 -0.0000 -0.0000
vn -0.0000 0.8192 -0.5736
vn 1.0000 -0.0000 -0.0000
vn -0.0000 -0.5736 -0.8192
vn -0.0000 0.5736 0.8192
vt 0.375000 0.000000
vt 0.375000 1.000000
vt 0.125000 0.750000
vt 0.625000 0.000000
vt 0.625000 1.000000
vt 0.875000 0.750000
vt 0.375000 0.250000
vt 0.125000 0.500000
vt 0.625000 0.250000
vt 0.875000 0.500000
vt 0.375000 0.750000
vt 0.625000 0.750000
vt 0.375000 0.500000
vt 0.625000 0.500000
s 0
f 965/1119/484 966/1122/484 968/1127/484 967/1125/484
f 967/1125/485 968/1127/485 972/1132/485 971/1131/485
f 971/1131/486 972/1132/486 970/1130/486 969/1129/486
f 969/1129/487 970/1130/487 966/1123/487 965/1120/487
f 967/1126/488 971/1131/488 969/1129/488 965/1121/488
f 972/1132/489 968/1128/489 966/1124/489 970/1130/489
o 立方体.001
v 0.050000 0.380897 -0.942254
v 0.050000 0.438255 -1.024169
v -0.050000 0.380897 -0.942254
v -0.050000 0.438255 -1.024169
v 0.050000 -0.438255 -1.515831
v 0.050000 -0.380897 -1.597746
v -0.050000 -0.438255 -1.515831
v -0.050000 -0.380897 -1.597746
vn -0.0000 0.8192 0.5736
vn -1.0000 -0.0000 -0.0000
vn -0.0000 -0.8192 -0.5736
vn 1.0000 -0.0000 -0.0000
vn -0.0000 -0.5736 0.8192
vn -0.0000 0.5736 -0.8192
vt 0.375000 0.000000
vt 0.375000 1.000000
vt 0.125000 0.750000
vt 0.625000 0.000000
vt 0.625000 1.000000
vt 0.875000 0.750000
vt 0.375000 0.250000
vt 0.125000 0.500000
vt 0.625000 0.250000
vt 0.875000 0.500000
vt 0.375000 0.750000
vt 0.625000 0.750000
vt 0.375000 0.500000
vt 0.625000 0.500000
s 0
f 973/1133/490 974/1136/490 976/1141/490 975/1139/490
f 975/1139/491 976/1141/491 980/1146/491 979/1145/491
f 979/1145/492 980/1146/492 978/1144/492 977/1143/492
f 977/1143/493 978/1144/493 974/1137/493 973/1134/493
f 975/1140/494 979/1145/494 977/1143/494 973/1135/494
f 980/1146/495 976/1142/495 974/1138/495 978/1144/495
o 球
v 0.000000 1.496645 -0.630470
v 0.000000 1.000026 -0.933960
v 0.000000 0.351163 -1.098207
v 0.000000 -0.000000 -1.119343
v 0.000000 -0.351163 -1.098207
v 0.000000 -1.000026 -0.933960
v 0.041866 1.765413 -0.229819
v 0.082124 1.662983 -0.432206
v 0.119225 1.496645 -0.618728
v 0.151745 1.272792 -0.782215
v 0.178433 1.000026 -0.916386
v 0.198264 0.688830 -1.016083
v 0.210476 0.351163 -1.077477
v 0.214599 -0.000000 -1.098207
v 0.210476 -0.351163 -1.077477
v 0.198264 -0.688830 -1.016083
v 0.178433 -1.000026 -0.916386
v 0.151745 -1.272792 -0.782215
v 0.119225 -1.496645 -0.618728
v 0.082124 -1.662983 -0.432206
v 0.041866 -1.765413 -0.229819
v 0.082124 1.765413 -0.217607
v 0.161091 1.662983 -0.408252
v 0.233868 1.496645 -0.583951
v 0.297658 1.272792 -0.737953
v 0.350009 1.000026 -0.864339
v 0.388909 0.688830 -0.958252
v 0.412863 0.351163 -1.016083
v 0.420952 -0.000000 -1.035611
v 0.412863 -0.351163 -1.016083
v 0.388909 -0.688830 -0.958252
v 0.350009 -1.000026 -0.864339
v 0.297658 -1.272792 -0.737953
v 0.233868 -1.496645 -0.583951
v 0.161091 -1.662983 -0.408252
v 0.082124 -1.765413 -0.217607
v 0.119225 1.765413 -0.197776
v 0.233868 1.662983 -0.369352
v 0.339524 1.496645 -0.527477
v 0.432132 1.272792 -0.666075
v 0.508134 1.000026 -0.779819
v 0.564608 0.688830 -0.864339
v 0.599385 0.351163 -0.916386
v 0.611127 -0.000000 -0.933960
v 0.599385 -0.351163 -0.916386
v 0.564608 -0.688830 -0.864339
v 0.508134 -1.000026 -0.779819
v 0.432132 -1.272792 -0.666075
v 0.339524 -1.496645 -0.527477
v 0.233868 -1.662983 -0.369352
v 0.119225 -1.765413 -0.197776
v 0.151745 1.765413 -0.171088
v 0.297658 1.662983 -0.317001
v 0.432132 1.496645 -0.451475
v 0.550000 1.272792 -0.569343
v 0.646731 1.000026 -0.666075
v 0.718609 0.688830 -0.737953
v 0.762872 0.351163 -0.782215
v 0.777817 -0.000000 -0.797160
v 0.762872 -0.351163 -0.782215
v 0.718609 -0.688830 -0.737953
v 0.646731 -1.000026 -0.666075
v 0.550000 -1.272792 -0.569343
v 0.432132 -1.496645 -0.451475
v 0.297658 -1.662983 -0.317001
v 0.151745 -1.765413 -0.171088
v 0.178433 1.765413 -0.138568
v 0.350009 1.662983 -0.253211
v 0.508134 1.496645 -0.358867
v 0.646731 1.272792 -0.451475
v 0.760476 1.000026 -0.527477
v 0.844995 0.688830 -0.583951
v 0.897042 0.351163 -0.618728
v 0.914616 -0.000000 -0.630470
v 0.897042 -0.351163 -0.618728
v 0.844995 -0.688830 -0.583951
v 0.760476 -1.000026 -0.527477
v 0.646731 -1.272792 -0.451475
v 0.508134 -1.496645 -0.358867
v 0.350009 -1.662983 -0.253211
v 0.178433 -1.765413 -0.138568
v 0.000000 1.800000 -0.019343
v 0.198264 1.765413 -0.101467
v 0.388909 1.662983 -0.180434
v 0.564608 1.496645 -0.253211
v 0.718610 1.272792 -0.317001
v 0.844995 1.000026 -0.369352
v 0.938909 0.688830 -0.408252
v 0.996740 0.351163 -0.432206
v 1.016267 -0.000000 -0.440295
v 0.996740 -0.351163 -0.432206
v 0.938909 -0.688830 -0.408252
v 0.844995 -1.000026 -0.369352
v 0.718610 -1.272792 -0.317001
v 0.564608 -1.496645 -0.253211
v 0.388909 -1.662983 -0.180434
v 0.198264 -1.765413 -0.101467
v 0.210476 1.765413 -0.061209
v 0.412863 1.662983 -0.101467
v 0.599384 1.496645 -0.138568
v 0.762872 1.272792 -0.171088
v 0.897042 1.000026 -0.197776
v 0.996740 0.688830 -0.217607
v 1.058133 0.351163 -0.229819
v 1.078864 -0.000000 -0.233942
v 1.058133 -0.351163 -0.229819
v 0.996740 -0.688830 -0.217607
v 0.897042 -1.000026 -0.197776
v 0.762872 -1.272792 -0.171088
v 0.599384 -1.496645 -0.138568
v 0.412863 -1.662983 -0.101467
v 0.210476 -1.765413 -0.061209
v 0.214599 1.765413 -0.019343
v 0.420952 1.662983 -0.019343
v 0.611127 1.496645 -0.019343
v 0.777817 1.272792 -0.019343
v 0.914616 1.000026 -0.019343
v 1.016267 0.688830 -0.019343
v 1.078864 0.351163 -0.019343
v 1.100000 -0.000000 -0.019343
v 1.078864 -0.351163 -0.019343
v 1.016267 -0.688830 -0.019343
v 0.914616 -1.000026 -0.019343
v 0.777817 -1.272792 -0.019343
v 0.611127 -1.496645 -0.019343
v 0.420952 -1.662983 -0.019343
v 0.214599 -1.765413 -0.019343
v 0.210476 1.765413 0.022523
v 0.412863 1.662983 0.062780
v 0.599384 1.496645 0.099882
v 0.762872 1.272792 0.132401
v 0.897042 1.000026 0.159090
v 0.996740 0.688830 0.178921
v 1.058133 0.351163 0.191133
v 1.078863 0.000000 0.195256
v 1.058133 -0.351163 0.191133
v 0.996740 -0.688830 0.178921
v 0.897042 -1.000026 0.159090
v 0.762872 -1.272792 0.132401
v 0.599384 -1.496645 0.099882
v 0.412863 -1.662983 0.062780
v 0.210476 -1.765413 0.022523
v 0.198264 1.765413 0.062780
v 0.388909 1.662983 0.141748
v 0.564608 1.496645 0.214525
v 0.718609 1.272792 0.278315
v 0.844995 1.000026 0.330665
v 0.938909 0.688830 0.369565
v 0.996740 0.351163 0.393520
v 1.016267 0.000000 0.401609
v 0.996740 -0.351163 0.393520
v 0.938909 -0.688830 0.369565
v 0.844995 -1.000026 0.330665
v 0.718609 -1.272792 0.278315
v 0.564608 -1.496645 0.214525
v 0.388909 -1.662983 0.141748
v 0.198264 -1.765413 0.062780
v 0.178433 1.765413 0.099882
v 0.350009 1.662983 0.214525
v 0.508133 1.496645 0.320181
v 0.646731 1.272792 0.412789
v 0.760476 1.000026 0.488791
v 0.844995 0.688830 0.545265
v 0.897042 0.351163 0.580041
v 0.914616 0.000000 0.591784
v 0.897042 -0.351163 0.580041
v 0.844995 -0.688830 0.545265
v 0.760476 -1.000026 0.488791
v 0.646731 -1.272792 0.412789
v 0.508133 -1.496645 0.320181
v 0.350009 -1.662983 0.214525
v 0.178433 -1.765413 0.099882
v 0.151745 1.765413 0.132401
v 0.297658 1.662983 0.278315
v 0.432132 1.496645 0.412789
v 0.550000 1.272792 0.530657
v 0.646731 1.000026 0.627388
v 0.718609 0.688830 0.699266
v 0.762872 0.351163 0.743529
v 0.777817 0.000000 0.758474
v 0.762872 -0.351163 0.743529
v 0.718609 -0.688830 0.699266
v 0.646731 -1.000026 0.627388
v 0.550000 -1.272792 0.530657
v 0.432132 -1.496645 0.412789
v 0.297658 -1.662983 0.278315
v 0.151745 -1.765413 0.132401
v 0.119225 1.765413 0.159090
v 0.233868 1.662983 0.330665
v 0.339524 1.496645 0.488791
v 0.432132 1.272792 0.627388
v 0.508133 1.000026 0.741133
v 0.564608 0.688830 0.825652
v 0.599384 0.351163 0.877699
v 0.611127 0.000000 0.895273
v 0.599384 -0.351163 0.877699
v 0.564608 -0.688830 0.825652
v 0.508133 -1.000026 0.741133
v 0.432132 -1.272792 0.627388
v 0.339524 -1.496645 0.488791
v 0.233868 -1.662983 0.330665
v 0.119225 -1.765413 0.159090
v 0.082124 1.765413 0.178921
v 0.161091 1.662983 0.369566
v 0.233868 1.496645 0.545265
v 0.297658 1.272792 0.699266
v 0.350008 1.000026 0.825652
v 0.388909 0.688830 0.919565
v 0.412863 0.351163 0.977397
v 0.420951 0.000000 0.996924
v 0.412863 -0.351163 0.977397
v 0.388909 -0.688830 0.919565
v 0.350008 -1.000026 0.825652
v 0.297658 -1.272792 0.699266
v 0.233868 -1.496645 0.545265
v 0.161091 -1.662983 0.369566
v 0.082124 -1.765413 0.178921
v 0.041866 1.765413 0.191133
v 0.082124 1.662983 0.393520
v 0.119225 1.496645 0.580041
v 0.151745 1.272792 0.743529
v 0.178433 1.000026 0.877699
v 0.198264 0.688830 0.977397
v 0.210476 0.351163 1.038790
v 0.214599 0.000000 1.059520
v 0.210476 -0.351163 1.038790
v 0.198264 -0.688830 0.977397
v 0.178433 -1.000026 0.877699
v 0.151745 -1.272792 0.743529
v 0.119225 -1.496645 0.580041
v 0.082124 -1.662983 0.393520
v 0.041866 -1.765413 0.191133
v 0.000000 1.765413 0.195256
v 0.000000 1.662983 0.401609
v 0.000000 1.496645 0.591784
v 0.000000 1.272792 0.758474
v 0.000000 1.000026 0.895273
v 0.000000 0.688830 0.996924
v 0.000000 0.351163 1.059520
v 0.000000 0.000000 1.080656
v 0.000000 -0.351163 1.059520
v 0.000000 -0.688830 0.996924
v 0.000000 -1.000026 0.895273
v 0.000000 -1.272792 0.758474
v 0.000000 -1.496645 0.591784
v 0.000000 -1.662983 0.401609
v 0.000000 -1.765413 0.195256
v -0.041866 1.765413 0.191133
v -0.082124 1.662983 0.393520
v -0.119225 1.496645 0.580041
v -0.151745 1.272792 0.743529
v -0.178433 1.000026 0.877699
v -0.198264 0.688830 0.977397
v -0.210476 0.351163 1.038790
v -0.214600 0.000000 1.059520
v -0.210476 -0.351163 1.038790
v -0.198264 -0.688830 0.977397
v -0.178433 -1.000026 0.877699
v -0.151745 -1.272792 0.743529
v -0.119225 -1.496645 0.580041
v -0.082124 -1.662983 0.393520
v -0.041866 -1.765413 0.191133
v -0.082124 1.765413 0.178921
v -0.161091 1.662983 0.369565
v -0.233868 1.496645 0.545264
v -0.297658 1.272792 0.699266
v -0.350009 1.000026 0.825652
v -0.388909 0.688830 0.919565
v -0.412863 0.351163 0.977397
v -0.420952 0.000000 0.996923
v -0.412863 -0.351163 0.977397
v -0.388909 -0.688830 0.919565
v -0.350009 -1.000026 0.825652
v -0.297658 -1.272792 0.699266
v -0.233868 -1.496645 0.545264
v -0.161091 -1.662983 0.369565
v -0.082124 -1.765413 0.178921
v -0.119225 1.765413 0.159090
v -0.233868 1.662983 0.330665
v -0.339524 1.496645 0.488790
v -0.432132 1.272792 0.627388
v -0.508134 1.000026 0.741132
v -0.564608 0.688830 0.825652
v -0.599384 0.351163 0.877699
v -0.611127 0.000000 0.895272
v -0.599384 -0.351163 0.877699
v -0.564608 -0.688830 0.825652
v -0.508134 -1.000026 0.741132
v -0.432132 -1.272792 0.627388
v -0.339524 -1.496645 0.488790
v -0.233868 -1.662983 0.330665
v -0.119225 -1.765413 0.159090
v -0.151745 1.765413 0.132401
v -0.297658 1.662983 0.278315
v -0.432132 1.496645 0.412789
v -0.550000 1.272792 0.530657
v -0.646731 1.000026 0.627388
v -0.718609 0.688830 0.699266
v -0.762872 0.351163 0.743528
v -0.777817 0.000000 0.758473
v -0.762872 -0.351163 0.743528
v -0.718609 -0.688830 0.699266
v -0.646731 -1.000026 0.627388
v -0.550000 -1.272792 0.530657
v -0.432132 -1.496645 0.412789
v -0.297658 -1.662983 0.278315
v -0.151745 -1.765413 0.132401
v 0.000000 -1.800000 -0.019343
v -0.178433 1.765413 0.099882
v -0.350008 1.662983 0.214525
v -0.508133 1.496645 0.320181
v -0.646731 1.272792 0.412789
v -0.760476 1.000026 0.488790
v -0.844995 0.688830 0.545265
v -0.897042 0.351163 0.580041
v -0.914616 0.000000 0.591783
v -0.897042 -0.351163 0.580041
v -0.844995 -0.688830 0.545265
v -0.760476 -1.000026 0.488790
v -0.646731 -1.272792 0.412789
v -0.508133 -1.496645 0.320181
v -0.350008 -1.662983 0.214525
v -0.178433 -1.765413 0.099882
v -0.198264 1.765413 0.062780
v -0.388909 1.662983 0.141748
v -0.564608 1.496645 0.214525
v -0.718609 1.272792 0.278315
v -0.844995 1.000026 0.330665
v -0.938908 0.688830 0.369565
v -0.996740 0.351163 0.393520
v -1.016267 0.000000 0.401608
v -0.996740 -0.351163 0.393520
v -0.938908 -0.688830 0.369565
v -0.844995 -1.000026 0.330665
v -0.718609 -1.272792 0.278315
v -0.564608 -1.496645 0.214525
v -0.388909 -1.662983 0.141748
v -0.198264 -1.765413 0.062780
v -0.210476 1.765413 0.022523
v -0.412863 1.662983 0.062780
v -0.599384 1.496645 0.099882
v -0.762872 1.272792 0.132401
v -0.897042 1.000026 0.159089
v -0.996740 0.688830 0.178921
v -1.058133 0.351163 0.191132
v -1.078863 0.000000 0.195256
v -1.058133 -0.351163 0.191132
v -0.996740 -0.688830 0.178921
v -0.897042 -1.000026 0.159089
v -0.762872 -1.272792 0.132401
v -0.599384 -1.496645 0.099882
v -0.412863 -1.662983 0.062780
v -0.210476 -1.765413 0.022523
v -0.214599 1.765413 -0.019343
v -0.420952 1.662983 -0.019343
v -0.611127 1.496645 -0.019343
v -0.777817 1.272792 -0.019343
v -0.914616 1.000026 -0.019343
v -1.016267 0.688830 -0.019343
v -1.078863 0.351163 -0.019343
v -1.099999 -0.000000 -0.019344
v -1.078863 -0.351163 -0.019343
v -1.016267 -0.688830 -0.019343
v -0.914616 -1.000026 -0.019343
v -0.777817 -1.272792 -0.019343
v -0.611127 -1.496645 -0.019343
v -0.420952 -1.662983 -0.019343
v -0.214599 -1.765413 -0.019343
v -0.210476 1.765413 -0.061209
v -0.412863 1.662983 -0.101467
v -0.599384 1.496645 -0.138568
v -0.762872 1.272792 -0.171088
v -0.897042 1.000026 -0.197776
v -0.996740 0.688830 -0.217607
v -1.058133 0.351163 -0.229819
v -1.078863 -0.000000 -0.233943
v -1.058133 -0.351163 -0.229819
v -0.996740 -0.688830 -0.217607
v -0.897042 -1.000026 -0.197776
v -0.762872 -1.272792 -0.171088
v -0.599384 -1.496645 -0.138568
v -0.412863 -1.662983 -0.101467
v -0.210476 -1.765413 -0.061209
v -0.198264 1.765413 -0.101467
v -0.388909 1.662983 -0.180434
v -0.564607 1.496645 -0.253211
v -0.718609 1.272792 -0.317001
v -0.844995 1.000026 -0.369352
v -0.938908 0.688830 -0.408252
v -0.996739 0.351163 -0.432207
v -1.016266 -0.000000 -0.440295
v -0.996739 -0.351163 -0.432207
v -0.938908 -0.688830 -0.408252
v -0.844995 -1.000026 -0.369352
v -0.718609 -1.272792 -0.317001
v -0.564607 -1.496645 -0.253211
v -0.388909 -1.662983 -0.180434
v -0.198264 -1.765413 -0.101467
v -0.178433 1.765413 -0.138568
v -0.350008 1.662983 -0.253211
v -0.508133 1.496645 -0.358867
v -0.646731 1.272792 -0.451475
v -0.760475 1.000026 -0.527477
v -0.844995 0.688830 -0.583951
v -0.897042 0.351163 -0.618728
v -0.914615 -0.000000 -0.630470
v -0.897042 -0.351163 -0.618728
v -0.844995 -0.688830 -0.583951
v -0.760475 -1.000026 -0.527477
v -0.646731 -1.272792 -0.451475
v -0.508133 -1.496645 -0.358867
v -0.350008 -1.662983 -0.253211
v -0.178433 -1.765413 -0.138568
v -0.151744 1.765413 -0.171088
v -0.297658 1.662983 -0.317001
v -0.432132 1.496645 -0.451475
v -0.550000 1.272792 -0.569343
v -0.646731 1.000026 -0.666074
v -0.718609 0.688830 -0.737952
v -0.762871 0.351163 -0.782215
v -0.777816 -0.000000 -0.797160
v -0.762871 -0.351163 -0.782215
v -0.718609 -0.688830 -0.737952
v -0.646731 -1.000026 -0.666074
v -0.550000 -1.272792 -0.569343
v -0.432132 -1.496645 -0.451475
v -0.297658 -1.662983 -0.317001
v -0.151744 -1.765413 -0.171088
v -0.119225 1.765413 -0.197776
v -0.233868 1.662983 -0.369352
v -0.339524 1.496645 -0.527476
v -0.432132 1.272792 -0.666075
v -0.508133 1.000026 -0.779819
v -0.564608 0.688830 -0.864338
v -0.599384 0.351163 -0.916385
v -0.611126 -0.000000 -0.933959
v -0.599384 -0.351163 -0.916385
v -0.564608 -0.688830 -0.864338
v -0.508133 -1.000026 -0.779819
v -0.432132 -1.272792 -0.666075
v -0.339524 -1.496645 -0.527476
v -0.233868 -1.662983 -0.369352
v -0.119225 -1.765413 -0.197776
v -0.082124 1.765413 -0.217607
v -0.161091 1.662983 -0.408252
v -0.233868 1.496645 -0.583951
v -0.297658 1.272792 -0.737953
v -0.350008 1.000026 -0.864338
v -0.388908 0.688830 -0.958251
v -0.412863 0.351163 -1.016083
v -0.420951 -0.000000 -1.035610
v -0.412863 -0.351163 -1.016083
v -0.388908 -0.688830 -0.958251
v -0.350008 -1.000026 -0.864338
v -0.297658 -1.272792 -0.737953
v -0.233868 -1.496645 -0.583951
v -0.161091 -1.662983 -0.408252
v -0.082124 -1.765413 -0.217607
v -0.041866 1.765413 -0.229819
v -0.082123 1.662983 -0.432206
v -0.119225 1.496645 -0.618727
v -0.151745 1.272792 -0.782215
v -0.178432 1.000026 -0.916385
v -0.198264 0.688830 -1.016083
v -0.210475 0.351163 -1.077476
v -0.214599 -0.000000 -1.098206
v -0.210475 -0.351163 -1.077476
v -0.198264 -0.688830 -1.016083
v -0.178432 -1.000026 -0.916385
v -0.151745 -1.272792 -0.782215
v -0.119225 -1.496645 -0.618727
v -0.082123 -1.662983 -0.432206
v -0.041866 -1.765413 -0.229819
v 0.000000 1.765413 -0.233942
v 0.000000 1.662983 -0.440295
v 0.000000 1.272792 -0.797160
v 0.000000 0.688830 -1.035610
v 0.000000 -0.688830 -1.035610
v 0.000000 -1.272792 -0.797160
v 0.000000 -1.496645 -0.630470
v 0.000000 -1.662983 -0.440295
v 0.000000 -1.765413 -0.233942
vn 0.0066 -0.8264 -0.5630
vn 0.0621 -0.9480 -0.3121
vn -0.0000 -0.9480 -0.3183
vn -0.0010 0.1204 -0.9927
vn 0.1951 -0.0000 -0.9808
vn -0.0000 -0.0000 -1.0000
vn -0.0000 0.9480 -0.3183
vn -0.0000 1.0000 -0.0000
vn 0.0621 0.9480 -0.3122
vn -0.0000 -1.0000 -0.0000
vn 0.0006 -0.1200 -0.9928
vn 0.1937 -0.1199 -0.9737
vn -0.0012 0.8236 -0.5672
vn 0.1106 0.8236 -0.5563
vn 0.1892 -0.2439 -0.9512
vn -0.0000 -0.2439 -0.9698
vn 0.1447 0.6709 -0.7273
vn -0.0000 0.6709 -0.7416
vn 0.1808 -0.3757 -0.9089
vn -0.0000 -0.3757 -0.9267
vn -0.0019 0.5185 -0.8551
vn 0.1669 0.5182 -0.8388
vn 0.1669 -0.5182 -0.8388
vn -0.0000 -0.5181 -0.8553
vn -0.0015 0.3760 -0.9266
vn 0.1808 0.3757 -0.9089
vn 0.1447 -0.6709 -0.7273
vn -0.0000 -0.6709 -0.7416
vn -0.0010 0.2442 -0.9697
vn 0.1892 0.2439 -0.9512
vn 0.1163 -0.8270 -0.5500
vn 0.1926 0.1209 -0.9738
vn 0.3547 0.3757 -0.8562
vn 0.3711 0.2439 -0.8960
vn 0.2838 -0.6709 -0.6851
vn 0.2170 -0.8236 -0.5240
vn 0.3799 0.1199 -0.9172
vn 0.1218 -0.9480 -0.2941
vn 0.3827 -0.0000 -0.9239
vn 0.1218 0.9480 -0.2941
vn 0.3799 -0.1199 -0.9172
vn 0.2170 0.8236 -0.5240
vn 0.3711 -0.2439 -0.8960
vn 0.2838 0.6709 -0.6851
vn 0.3547 -0.3757 -0.8562
vn 0.3273 0.5181 -0.7902
vn 0.3273 -0.5181 -0.7902
vn 0.5388 -0.2438 -0.8064
vn 0.3152 0.8235 -0.4717
vn 0.4120 0.6709 -0.6166
vn 0.5149 -0.3757 -0.7706
vn 0.4752 0.5182 -0.7111
vn 0.4752 -0.5182 -0.7111
vn 0.5149 0.3757 -0.7706
vn 0.4120 -0.6709 -0.6166
vn 0.5388 0.2438 -0.8064
vn 0.3151 -0.8235 -0.4717
vn 0.5516 0.1200 -0.8255
vn 0.1768 -0.9480 -0.2646
vn 0.5556 -0.0000 -0.8315
vn 0.1768 0.9480 -0.2646
vn 0.5524 -0.1209 -0.8247
vn 0.5244 -0.6708 -0.5244
vn 0.4010 -0.8236 -0.4010
vn 0.6858 0.2439 -0.6858
vn 0.7020 0.1200 -0.7020
vn 0.2250 -0.9480 -0.2250
vn 0.7071 -0.0000 -0.7071
vn 0.2250 0.9480 -0.2250
vn 0.7020 -0.1200 -0.7020
vn 0.4010 0.8236 -0.4010
vn 0.6858 -0.2439 -0.6858
vn 0.5244 0.6708 -0.5244
vn 0.6553 -0.3757 -0.6553
vn 0.6048 0.5181 -0.6048
vn 0.6048 -0.5181 -0.6048
vn 0.6553 0.3757 -0.6553
vn 0.7706 -0.3757 -0.5149
vn 0.7111 0.5182 -0.4752
vn 0.7111 -0.5182 -0.4752
vn 0.7706 0.3757 -0.5149
vn 0.6166 -0.6709 -0.4120
vn 0.8064 0.2439 -0.5388
vn 0.4717 -0.8235 -0.3151
vn 0.8255 0.1200 -0.5516
vn 0.2646 -0.9480 -0.1768
vn 0.8315 -0.0000 -0.5556
vn 0.2646 0.9480 -0.1768
vn 0.8254 -0.1200 -0.5516
vn 0.4717 0.8235 -0.3151
vn 0.8071 -0.2459 -0.5367
vn 0.6094 0.6758 -0.4147
vn 0.2941 -0.9480 -0.1218
vn 0.9239 -0.0000 -0.3827
vn 0.2941 0.9480 -0.1218
vn 0.9172 -0.1198 -0.3799
vn 0.5240 0.8236 -0.2170
vn 0.8960 -0.2439 -0.3711
vn 0.6851 0.6709 -0.2838
vn 0.8562 -0.3756 -0.3547
vn 0.7902 0.5182 -0.3273
vn 0.7902 -0.5182 -0.3273
vn 0.8562 0.3757 -0.3547
vn 0.6851 -0.6709 -0.2838
vn 0.8960 0.2439 -0.3711
vn 0.5218 -0.8271 -0.2089
vn 0.9167 0.1209 -0.3809
vn 0.8388 0.5181 -0.1669
vn 0.9089 -0.3757 -0.1808
vn 0.8388 -0.5182 -0.1669
vn 0.9089 0.3757 -0.1808
vn 0.7273 -0.6709 -0.1447
vn 0.9512 0.2438 -0.1892
vn 0.5563 -0.8236 -0.1106
vn 0.9737 0.1198 -0.1937
vn 0.3122 -0.9480 -0.0621
vn 0.9808 -0.0000 -0.1951
vn 0.3122 0.9480 -0.0621
vn 0.9737 -0.1198 -0.1937
vn 0.5563 0.8236 -0.1106
vn 0.9512 -0.2439 -0.1892
vn 0.7217 0.6758 -0.1499
vn 0.9928 0.1198 -0.0000
vn 1.0000 -0.0000 -0.0000
vn 0.3183 0.9480 -0.0000
vn 0.3183 -0.9480 -0.0000
vn 0.9928 -0.1197 -0.0000
vn 0.5672 0.8235 -0.0000
vn 0.9698 -0.2439 -0.0000
vn 0.7416 0.6708 -0.0000
vn 0.9268 -0.3756 -0.0000
vn 0.8553 0.5182 -0.0000
vn 0.8553 -0.5182 -0.0000
vn 0.9267 0.3757 -0.0000
vn 0.7416 -0.6708 -0.0000
vn 0.9698 0.2439 -0.0000
vn 0.5672 -0.8235 -0.0000
vn 0.8388 -0.5182 0.1669
vn 0.8388 0.5182 0.1669
vn 0.9089 0.3757 0.1808
vn 0.7273 -0.6709 0.1447
vn 0.9512 0.2439 0.1892
vn 0.5563 -0.8236 0.1106
vn 0.9737 0.1199 0.1937
vn 0.3121 -0.9480 0.0621
vn 0.9808 -0.0000 0.1951
vn 0.3121 0.9480 0.0621
vn 0.9737 -0.1200 0.1937
vn 0.5563 0.8236 0.1106
vn 0.9512 -0.2439 0.1892
vn 0.7273 0.6709 0.1447
vn 0.9071 -0.3787 0.1839
vn 0.2940 0.9480 0.1218
vn 0.2940 -0.9480 0.1218
vn 0.9172 -0.1199 0.3799
vn 0.5241 0.8235 0.2170
vn 0.8960 -0.2439 0.3711
vn 0.6851 0.6709 0.2838
vn 0.8562 -0.3757 0.3547
vn 0.7902 0.5182 0.3273
vn 0.7902 -0.5182 0.3273
vn 0.8562 0.3757 0.3547
vn 0.6851 -0.6709 0.2838
vn 0.8960 0.2439 0.3711
vn 0.5241 -0.8235 0.2170
vn 0.9172 0.1199 0.3799
vn 0.9239 -0.0000 0.3827
vn 0.7111 0.5182 0.4752
vn 0.7706 0.3757 0.5149
vn 0.7111 -0.5182 0.4752
vn 0.6166 -0.6709 0.4120
vn 0.8064 0.2438 0.5388
vn 0.4716 -0.8236 0.3151
vn 0.8255 0.1200 0.5516
vn 0.2646 -0.9480 0.1768
vn 0.8315 -0.0000 0.5556
vn 0.2646 0.9480 0.1768
vn 0.8255 -0.1200 0.5516
vn 0.4716 0.8236 0.3151
vn 0.8064 -0.2438 0.5388
vn 0.6166 0.6709 0.4120
vn 0.7706 -0.3757 0.5149
vn 0.7020 -0.1200 0.7020
vn 0.4011 0.8236 0.4011
vn 0.6857 -0.2439 0.6857
vn 0.5244 0.6708 0.5244
vn 0.6553 -0.3757 0.6553
vn 0.6048 0.5182 0.6048
vn 0.6048 -0.5182 0.6048
vn 0.6553 0.3757 0.6553
vn 0.5244 -0.6708 0.5244
vn 0.6857 0.2439 0.6857
vn 0.4011 -0.8236 0.4011
vn 0.7020 0.1200 0.7020
vn 0.2250 -0.9480 0.2250
vn 0.7071 -0.0000 0.7071
vn 0.2249 0.9496 0.2183
vn 0.4752 -0.5182 0.7111
vn 0.4120 -0.6709 0.6166
vn 0.5388 0.2439 0.8064
vn 0.3151 -0.8236 0.4716
vn 0.5516 0.1200 0.8255
vn 0.1768 -0.9480 0.2646
vn 0.5556 -0.0000 0.8315
vn 0.1768 0.9480 0.2646
vn 0.5516 -0.1198 0.8255
vn 0.3151 0.8236 0.4716
vn 0.5388 -0.2439 0.8064
vn 0.4120 0.6709 0.6166
vn 0.5149 -0.3757 0.7706
vn 0.4752 0.5182 0.7111
vn 0.5170 0.3789 0.7676
vn 0.3711 -0.2439 0.8960
vn 0.2171 0.8236 0.5241
vn 0.2838 0.6709 0.6851
vn 0.3547 -0.3756 0.8562
vn 0.3273 0.5181 0.7902
vn 0.3273 -0.5181 0.7902
vn 0.3547 0.3757 0.8562
vn 0.2838 -0.6709 0.6851
vn 0.3711 0.2439 0.8960
vn 0.2170 -0.8236 0.5240
vn 0.3799 0.1199 0.9172
vn 0.1218 -0.9480 0.2941
vn 0.3827 -0.0000 0.9239
vn 0.1218 0.9480 0.2940
vn 0.3789 -0.1209 0.9175
vn 0.1447 -0.6709 0.7273
vn 0.1106 -0.8236 0.5563
vn 0.1892 0.2439 0.9512
vn 0.1937 0.1198 0.9737
vn 0.0621 -0.9480 0.3122
vn 0.1951 -0.0000 0.9808
vn 0.0621 0.9480 0.3122
vn 0.1937 -0.1198 0.9737
vn 0.1106 0.8236 0.5563
vn 0.1892 -0.2439 0.9512
vn 0.1447 0.6709 0.7273
vn 0.1808 -0.3757 0.9089
vn 0.1669 0.5182 0.8388
vn 0.1669 -0.5182 0.8388
vn 0.1808 0.3757 0.9089
vn -0.0000 0.8235 0.5673
vn -0.0000 0.6709 0.7416
vn -0.0000 -0.2439 0.9698
vn -0.0000 -0.3757 0.9267
vn -0.0000 0.5181 0.8553
vn -0.0000 -0.5182 0.8553
vn -0.0000 0.3757 0.9267
vn -0.0000 -0.6709 0.7416
vn -0.0000 0.2439 0.9698
vn -0.0000 -0.8235 0.5673
vn -0.0000 0.1198 0.9928
vn -0.0000 -0.9480 0.3183
vn -0.0000 -0.0000 1.0000
vn -0.0000 0.9480 0.3183
vn -0.0000 -0.1198 0.9928
vn -0.1892 0.2438 0.9512
vn -0.1937 0.1198 0.9737
vn -0.0621 -0.9480 0.3122
vn -0.1951 -0.0000 0.9808
vn -0.0621 0.9480 0.3122
vn -0.1937 -0.1198 0.9737
vn -0.1106 0.8236 0.5563
vn -0.1892 -0.2439 0.9512
vn -0.1447 0.6709 0.7273
vn -0.1808 -0.3757 0.9089
vn -0.1669 0.5182 0.8388
vn -0.1669 -0.5182 0.8388
vn -0.1808 0.3757 0.9089
vn -0.1447 -0.6708 0.7274
vn -0.1163 -0.8270 0.5500
vn -0.3711 -0.2439 0.8960
vn -0.3547 -0.3756 0.8562
vn -0.3273 0.5182 0.7902
vn -0.3273 -0.5182 0.7902
vn -0.3547 0.3756 0.8562
vn -0.2838 -0.6709 0.6851
vn -0.3711 0.2439 0.8960
vn -0.2170 -0.8236 0.5240
vn -0.3799 0.1199 0.9172
vn -0.1218 -0.9480 0.2940
vn -0.3827 -0.0000 0.9239
vn -0.1218 0.9480 0.2940
vn -0.3799 -0.1198 0.9172
vn -0.2170 0.8236 0.5240
vn -0.2763 0.6758 0.6833
vn -0.3151 -0.8235 0.4717
vn -0.1768 -0.9480 0.2646
vn -0.5516 0.1199 0.8255
vn -0.5556 -0.0000 0.8315
vn -0.1768 0.9480 0.2646
vn -0.5516 -0.1199 0.8255
vn -0.3151 0.8235 0.4717
vn -0.5388 -0.2439 0.8064
vn -0.4120 0.6709 0.6166
vn -0.5149 -0.3757 0.7706
vn -0.4752 0.5182 0.7111
vn -0.4752 -0.5181 0.7111
vn -0.5149 0.3757 0.7706
vn -0.4120 -0.6709 0.6166
vn -0.5388 0.2439 0.8064
vn -0.5244 0.6708 0.5244
vn -0.6048 0.5182 0.6048
vn -0.6048 -0.5182 0.6048
vn -0.6553 0.3757 0.6553
vn -0.5244 -0.6708 0.5244
vn -0.6857 0.2439 0.6857
vn -0.4011 -0.8236 0.4011
vn -0.7020 0.1198 0.7020
vn -0.2250 -0.9480 0.2250
vn -0.7071 -0.0000 0.7071
vn -0.2250 0.9480 0.2250
vn -0.7020 -0.1198 0.7020
vn -0.4011 0.8236 0.4011
vn -0.6857 -0.2439 0.6857
vn -0.6568 -0.3787 0.6521
vn -0.8254 0.1200 0.5516
vn -0.8315 -0.0000 0.5556
vn -0.2646 0.9480 0.1768
vn -0.2646 -0.9480 0.1768
vn -0.8254 -0.1200 0.5516
vn -0.4716 0.8236 0.3151
vn -0.8064 -0.2438 0.5388
vn -0.6166 0.6709 0.4120
vn -0.7706 -0.3756 0.5149
vn -0.7111 0.5182 0.4752
vn -0.7111 -0.5182 0.4752
vn -0.7706 0.3757 0.5149
vn -0.6166 -0.6709 0.4120
vn -0.8064 0.2439 0.5388
vn -0.4716 -0.8236 0.3151
vn -0.7902 -0.5182 0.3273
vn -0.7902 0.5181 0.3273
vn -0.8562 0.3757 0.3547
vn -0.6851 -0.6709 0.2838
vn -0.8960 0.2440 0.3711
vn -0.5240 -0.8236 0.2170
vn -0.9172 0.1198 0.3799
vn -0.2941 -0.9480 0.1218
vn -0.9239 -0.0000 0.3827
vn -0.2941 0.9480 0.1218
vn -0.9172 -0.1198 0.3799
vn -0.5240 0.8236 0.2170
vn -0.8960 -0.2439 0.3711
vn -0.6851 0.6709 0.2838
vn -0.8564 -0.3787 0.3510
vn -0.3121 -0.9480 0.0621
vn -0.9808 -0.0000 0.1951
vn -0.9737 -0.1198 0.1937
vn -0.5563 0.8236 0.1106
vn -0.9512 -0.2439 0.1892
vn -0.7273 0.6709 0.1447
vn -0.9089 -0.3757 0.1808
vn -0.8389 0.5181 0.1669
vn -0.8389 -0.5181 0.1669
vn -0.9089 0.3757 0.1808
vn -0.7273 -0.6709 0.1447
vn -0.9512 0.2439 0.1892
vn -0.5563 -0.8236 0.1106
vn -0.9737 0.1198 0.1937
vn -0.3064 0.9496 0.0657
vn -0.7416 -0.6708 -0.0000
vn -0.9698 0.2440 -0.0000
vn -0.5672 -0.8235 -0.0000
vn -0.9928 0.1198 -0.0000
vn -0.3183 -0.9480 -0.0000
vn -1.0000 -0.0000 -0.0000
vn -0.3183 0.9480 -0.0000
vn -0.9928 -0.1198 -0.0000
vn -0.5672 0.8235 -0.0000
vn -0.9698 -0.2439 -0.0000
vn -0.7416 0.6708 -0.0000
vn -0.9267 -0.3757 -0.0000
vn -0.8553 0.5182 -0.0000
vn -0.8528 -0.5221 -0.0049
vn -0.9254 0.3789 0.0034
vn -0.3122 0.9480 -0.0621
vn -0.5563 0.8236 -0.1106
vn -0.9512 -0.2439 -0.1892
vn -0.7273 0.6709 -0.1447
vn -0.9089 -0.3757 -0.1808
vn -0.8388 0.5182 -0.1669
vn -0.8388 -0.5182 -0.1669
vn -0.9089 0.3757 -0.1808
vn -0.7273 -0.6709 -0.1447
vn -0.9512 0.2439 -0.1892
vn -0.5563 -0.8236 -0.1106
vn -0.9737 0.1199 -0.1937
vn -0.3122 -0.9480 -0.0621
vn -0.9808 -0.0000 -0.1951
vn -0.9734 -0.1210 -0.1948
vn -0.8960 0.2439 -0.3711
vn -0.5240 -0.8236 -0.2170
vn -0.9172 0.1198 -0.3799
vn -0.2941 -0.9480 -0.1218
vn -0.9239 -0.0000 -0.3827
vn -0.2941 0.9480 -0.1218
vn -0.9172 -0.1198 -0.3799
vn -0.5240 0.8236 -0.2170
vn -0.8960 -0.2439 -0.3711
vn -0.6851 0.6709 -0.2838
vn -0.8562 -0.3756 -0.3547
vn -0.7902 0.5182 -0.3273
vn -0.7902 -0.5182 -0.3273
vn -0.8563 0.3790 -0.3510
vn -0.6791 -0.6752 -0.2880
vn -0.8064 -0.2439 -0.5388
vn -0.6166 0.6709 -0.4120
vn -0.7706 -0.3757 -0.5149
vn -0.7111 0.5182 -0.4752
vn -0.7111 -0.5182 -0.4752
vn -0.7706 0.3757 -0.5149
vn -0.6166 -0.6709 -0.4120
vn -0.8064 0.2439 -0.5388
vn -0.4716 -0.8236 -0.3151
vn -0.8255 0.1200 -0.5516
vn -0.2646 -0.9480 -0.1768
vn -0.8315 -0.0000 -0.5556
vn -0.2646 0.9480 -0.1768
vn -0.8248 -0.1209 -0.5523
vn -0.4703 0.8277 -0.3061
vn -0.4011 -0.8236 -0.4011
vn -0.6857 0.2439 -0.6857
vn -0.7020 0.1199 -0.7020
vn -0.2250 -0.9480 -0.2250
vn -0.7071 -0.0000 -0.7071
vn -0.2250 0.9480 -0.2250
vn -0.7020 -0.1199 -0.7020
vn -0.4011 0.8236 -0.4011
vn -0.6857 -0.2439 -0.6857
vn -0.5244 0.6708 -0.5244
vn -0.6553 -0.3757 -0.6553
vn -0.6048 0.5181 -0.6048
vn -0.6048 -0.5181 -0.6048
vn -0.6553 0.3757 -0.6553
vn -0.5171 -0.6752 -0.5260
vn -0.4120 0.6708 -0.6166
vn -0.5388 -0.2439 -0.8064
vn -0.5149 -0.3757 -0.7706
vn -0.4752 0.5182 -0.7111
vn -0.4752 -0.5182 -0.7111
vn -0.5149 0.3757 -0.7706
vn -0.4120 -0.6709 -0.6166
vn -0.5388 0.2439 -0.8064
vn -0.3151 -0.8236 -0.4716
vn -0.5516 0.1200 -0.8255
vn -0.1768 -0.9480 -0.2646
vn -0.5556 -0.0000 -0.8315
vn -0.1768 0.9480 -0.2646
vn -0.5516 -0.1200 -0.8255
vn -0.3174 0.8277 -0.4628
vn -0.3711 0.2439 -0.8960
vn -0.3799 0.1197 -0.9172
vn -0.1218 -0.9480 -0.2940
vn -0.3827 -0.0000 -0.9239
vn -0.1218 0.9480 -0.2941
vn -0.3799 -0.1197 -0.9172
vn -0.2170 0.8236 -0.5240
vn -0.3711 -0.2439 -0.8960
vn -0.2838 0.6709 -0.6851
vn -0.3547 -0.3756 -0.8562
vn -0.3273 0.5182 -0.7902
vn -0.3273 -0.5182 -0.7902
vn -0.3547 0.3757 -0.8562
vn -0.2838 -0.6709 -0.6851
vn -0.2088 -0.8271 -0.5218
vn -0.1892 -0.2438 -0.9512
vn -0.1808 -0.3757 -0.9089
vn -0.1669 0.5182 -0.8388
vn -0.1669 -0.5182 -0.8388
vn -0.1808 0.3757 -0.9089
vn -0.1447 -0.6709 -0.7273
vn -0.1892 0.2438 -0.9512
vn -0.1106 -0.8236 -0.5563
vn -0.1937 0.1199 -0.9737
vn -0.0621 -0.9480 -0.3121
vn -0.1951 -0.0000 -0.9808
vn -0.0621 0.9480 -0.3121
vn -0.1937 -0.1199 -0.9737
vn -0.1106 0.8236 -0.5563
vn -0.1499 0.6758 -0.7217
vt 0.750000 0.812500
vt 0.750000 0.687500
vt 0.750000 0.562500
vt 0.750000 0.500000
vt 0.750000 0.437500
vt 0.750000 0.312500
vt 0.718750 0.937500
vt 0.718750 0.875000
vt 0.718750 0.812500
vt 0.718750 0.750000
vt 0.718750 0.687500
vt 0.718750 0.625000
vt 0.718750 0.562500
vt 0.718750 0.500000
vt 0.718750 0.437500
vt 0.718750 0.375000
vt 0.718750 0.312500
vt 0.718750 0.250000
vt 0.718750 0.187500
vt 0.718750 0.125000
vt 0.718750 0.062500
vt 0.687500 0.937500
vt 0.687500 0.875000
vt 0.687500 0.812500
vt 0.687500 0.750000
vt 0.687500 0.687500
vt 0.687500 0.625000
vt 0.687500 0.562500
vt 0.687500 0.500000
vt 0.687500 0.437500
vt 0.687500 0.375000
vt 0.687500 0.312500
vt 0.687500 0.250000
vt 0.687500 0.187500
vt 0.687500 0.125000
vt 0.687500 0.062500
vt 0.656250 0.937500
vt 0.656250 0.875000
vt 0.656250 0.812500
vt 0.656250 0.750000
vt 0.656250 0.687500
vt 0.656250 0.625000
vt 0.656250 0.562500
vt 0.656250 0.500000
vt 0.656250 0.437500
vt 0.656250 0.375000
vt 0.656250 0.312500
vt 0.656250 0.250000
vt 0.656250 0.187500
vt 0.656250 0.125000
vt 0.656250 0.062500
vt 0.625000 0.937500
vt 0.625000 0.875000
vt 0.625000 0.812500
vt 0.625000 0.750000
vt 0.625000 0.687500
vt 0.625000 0.625000
vt 0.625000 0.562500
vt 0.625000 0.500000
vt 0.625000 0.437500
vt 0.625000 0.375000
vt 0.625000 0.312500
vt 0.625000 0.250000
vt 0.625000 0.187500
vt 0.625000 0.125000
vt 0.625000 0.062500
vt 0.593750 0.937500
vt 0.593750 0.875000
vt 0.593750 0.812500
vt 0.593750 0.750000
vt 0.593750 0.687500
vt 0.593750 0.625000
vt 0.593750 0.562500
vt 0.593750 0.500000
vt 0.593750 0.437500
vt 0.593750 0.375000
vt 0.593750 0.312500
vt 0.593750 0.250000
vt 0.593750 0.187500
vt 0.593750 0.125000
vt 0.593750 0.062500
vt 0.734375 1.000000
vt 0.703125 1.000000
vt 0.671875 1.000000
vt 0.640625 1.000000
vt 0.609375 1.000000
vt 0.578125 1.000000
vt 0.546875 1.000000
vt 0.515625 1.000000
vt 0.484375 1.000000
vt 0.453125 1.000000
vt 0.421875 1.000000
vt 0.390625 1.000000
vt 0.359375 1.000000
vt 0.328125 1.000000
vt 0.296875 1.000000
vt 0.265625 1.000000
vt 0.234375 1.000000
vt 0.203125 1.000000
vt 0.171875 1.000000
vt 0.140625 1.000000
vt 0.109375 1.000000
vt 0.078125 1.000000
vt 0.046875 1.000000
vt 0.015625 1.000000
vt 0.984375 1.000000
vt 0.953125 1.000000
vt 0.921875 1.000000
vt 0.890625 1.000000
vt 0.859375 1.000000
vt 0.828125 1.000000
vt 0.796875 1.000000
vt 0.765625 1.000000
vt 0.562500 0.937500
vt 0.562500 0.875000
vt 0.562500 0.812500
vt 0.562500 0.750000
vt 0.562500 0.687500
vt 0.562500 0.625000
vt 0.562500 0.562500
vt 0.562500 0.500000
vt 0.562500 0.437500
vt 0.562500 0.375000
vt 0.562500 0.312500
vt 0.562500 0.250000
vt 0.562500 0.187500
vt 0.562500 0.125000
vt 0.562500 0.062500
vt 0.531250 0.937500
vt 0.531250 0.875000
vt 0.531250 0.812500
vt 0.531250 0.750000
vt 0.531250 0.687500
vt 0.531250 0.625000
vt 0.531250 0.562500
vt 0.531250 0.500000
vt 0.531250 0.437500
vt 0.531250 0.375000
vt 0.531250 0.312500
vt 0.531250 0.250000
vt 0.531250 0.187500
vt 0.531250 0.125000
vt 0.531250 0.062500
vt 0.500000 0.937500
vt 0.500000 0.875000
vt 0.500000 0.812500
vt 0.500000 0.750000
vt 0.500000 0.687500
vt 0.500000 0.625000
vt 0.500000 0.562500
vt 0.500000 0.500000
vt 0.500000 0.437500
vt 0.500000 0.375000
vt 0.500000 0.312500
vt 0.500000 0.250000
vt 0.500000 0.187500
vt 0.500000 0.125000
vt 0.500000 0.062500
vt 0.468750 0.937500
vt 0.468750 0.875000
vt 0.468750 0.812500
vt 0.468750 0.750000
vt 0.468750 0.687500
vt 0.468750 0.625000
vt 0.468750 0.562500
vt 0.468750 0.500000
vt 0.468750 0.437500
vt 0.468750 0.375000
vt 0.468750 0.312500
vt 0.468750 0.250000
vt 0.468750 0.187500
vt 0.468750 0.125000
vt 0.468750 0.062500
vt 0.437500 0.937500
vt 0.437500 0.875000
vt 0.437500 0.812500
vt 0.437500 0.750000
vt 0.437500 0.687500
vt 0.437500 0.625000
vt 0.437500 0.562500
vt 0.437500 0.500000
vt 0.437500 0.437500
vt 0.437500 0.375000
vt 0.437500 0.312500
vt 0.437500 0.250000
vt 0.437500 0.187500
vt 0.437500 0.125000
vt 0.437500 0.062500
vt 0.406250 0.937500
vt 0.406250 0.875000
vt 0.406250 0.812500
vt 0.406250 0.750000
vt 0.406250 0.687500
vt 0.406250 0.625000
vt 0.406250 0.562500
vt 0.406250 0.500000
vt 0.406250 0.437500
vt 0.406250 0.375000
vt 0.406250 0.312500
vt 0.406250 0.250000
vt 0.406250 0.187500
vt 0.406250 0.125000
vt 0.406250 0.062500
vt 0.375000 0.937500
vt 0.375000 0.875000
vt 0.375000 0.812500
vt 0.375000 0.750000
vt 0.375000 0.687500
vt 0.375000 0.625000
vt 0.375000 0.562500
vt 0.375000 0.500000
vt 0.375000 0.437500
vt 0.375000 0.375000
vt 0.375000 0.312500
vt 0.375000 0.250000
vt 0.375000 0.187500
vt 0.375000 0.125000
vt 0.375000 0.062500
vt 0.343750 0.937500
vt 0.343750 0.875000
vt 0.343750 0.812500
vt 0.343750 0.750000
vt 0.343750 0.687500
vt 0.343750 0.625000
vt 0.343750 0.562500
vt 0.343750 0.500000
vt 0.343750 0.437500
vt 0.343750 0.375000
vt 0.343750 0.312500
vt 0.343750 0.250000
vt 0.343750 0.187500
vt 0.343750 0.125000
vt 0.343750 0.062500
vt 0.312500 0.937500
vt 0.312500 0.875000
vt 0.312500 0.812500
vt 0.312500 0.750000
vt 0.312500 0.687500
vt 0.312500 0.625000
vt 0.312500 0.562500
vt 0.312500 0.500000
vt 0.312500 0.437500
vt 0.312500 0.375000
vt 0.312500 0.312500
vt 0.312500 0.250000
vt 0.312500 0.187500
vt 0.312500 0.125000
vt 0.312500 0.062500
vt 0.281250 0.937500
vt 0.281250 0.875000
vt 0.281250 0.812500
vt 0.281250 0.750000
vt 0.281250 0.687500
vt 0.281250 0.625000
vt 0.281250 0.562500
vt 0.281250 0.500000
vt 0.281250 0.437500
vt 0.281250 0.375000
vt 0.281250 0.312500
vt 0.281250 0.250000
vt 0.281250 0.187500
vt 0.281250 0.125000
vt 0.281250 0.062500
vt 0.250000 0.937500
vt 0.250000 0.875000
vt 0.250000 0.812500
vt 0.250000 0.750000
vt 0.250000 0.687500
vt 0.250000 0.625000
vt 0.250000 0.562500
vt 0.250000 0.500000
vt 0.250000 0.437500
vt 0.250000 0.375000
vt 0.250000 0.312500
vt 0.250000 0.250000
vt 0.250000 0.187500
vt 0.250000 0.125000
vt 0.250000 0.062500
vt 0.218750 0.937500
vt 0.218750 0.875000
vt 0.218750 0.812500
vt 0.218750 0.750000
vt 0.218750 0.687500
vt 0.218750 0.625000
vt 0.218750 0.562500
vt 0.218750 0.500000
vt 0.218750 0.437500
vt 0.218750 0.375000
vt 0.218750 0.312500
vt 0.218750 0.250000
vt 0.218750 0.187500
vt 0.218750 0.125000
vt 0.218750 0.062500
vt 0.187500 0.937500
vt 0.187500 0.875000
vt 0.187500 0.812500
vt 0.187500 0.750000
vt 0.187500 0.687500
vt 0.187500 0.625000
vt 0.187500 0.562500
vt 0.187500 0.500000
vt 0.187500 0.437500
vt 0.187500 0.375000
vt 0.187500 0.312500
vt 0.187500 0.250000
vt 0.187500 0.187500
vt 0.187500 0.125000
vt 0.187500 0.062500
vt 0.156250 0.937500
vt 0.156250 0.875000
vt 0.156250 0.812500
vt 0.156250 0.750000
vt 0.156250 0.687500
vt 0.156250 0.625000
vt 0.156250 0.562500
vt 0.156250 0.500000
vt 0.156250 0.437500
vt 0.156250 0.375000
vt 0.156250 0.312500
vt 0.156250 0.250000
vt 0.156250 0.187500
vt 0.156250 0.125000
vt 0.156250 0.062500
vt 0.125000 0.937500
vt 0.125000 0.875000
vt 0.125000 0.812500
vt 0.125000 0.750000
vt 0.125000 0.687500
vt 0.125000 0.625000
vt 0.125000 0.562500
vt 0.125000 0.500000
vt 0.125000 0.437500
vt 0.125000 0.375000
vt 0.125000 0.312500
vt 0.125000 0.250000
vt 0.125000 0.187500
vt 0.125000 0.125000
vt 0.125000 0.062500
vt 0.734375 0.000000
vt 0.703125 0.000000
vt 0.671875 0.000000
vt 0.640625 0.000000
vt 0.609375 0.000000
vt 0.578125 0.000000
vt 0.546875 0.000000
vt 0.515625 0.000000
vt 0.484375 0.000000
vt 0.453125 0.000000
vt 0.421875 0.000000
vt 0.390625 0.000000
vt 0.359375 0.000000
vt 0.328125 0.000000
vt 0.296875 0.000000
vt 0.265625 0.000000
vt 0.234375 0.000000
vt 0.203125 0.000000
vt 0.171875 0.000000
vt 0.140625 0.000000
vt 0.109375 0.000000
vt 0.078125 0.000000
vt 0.046875 0.000000
vt 0.015625 0.000000
vt 0.984375 0.000000
vt 0.953125 0.000000
vt 0.921875 0.000000
vt 0.890625 0.000000
vt 0.859375 0.000000
vt 0.828125 0.000000
vt 0.796875 0.000000
vt 0.765625 0.000000
vt 0.093750 0.937500
vt 0.093750 0.875000
vt 0.093750 0.812500
vt 0.093750 0.750000
vt 0.093750 0.687500
vt 0.093750 0.625000
vt 0.093750 0.562500
vt 0.093750 0.500000
vt 0.093750 0.437500
vt 0.093750 0.375000
vt 0.093750 0.312500
vt 0.093750 0.250000
vt 0.093750 0.187500
vt 0.093750 0.125000
vt 0.093750 0.062500
vt 0.062500 0.937500
vt 0.062500 0.875000
vt 0.062500 0.812500
vt 0.062500 0.750000
vt 0.062500 0.687500
vt 0.062500 0.625000
vt 0.062500 0.562500
vt 0.062500 0.500000
vt 0.062500 0.437500
vt 0.062500 0.375000
vt 0.062500 0.312500
vt 0.062500 0.250000
vt 0.062500 0.187500
vt 0.062500 0.125000
vt 0.062500 0.062500
vt 0.031250 0.937500
vt 0.031250 0.875000
vt 0.031250 0.812500
vt 0.031250 0.750000
vt 0.031250 0.687500
vt 0.031250 0.625000
vt 0.031250 0.562500
vt 0.031250 0.500000
vt 0.031250 0.437500
vt 0.031250 0.375000
vt 0.031250 0.312500
vt 0.031250 0.250000
vt 0.031250 0.187500
vt 0.031250 0.125000
vt 0.031250 0.062500
vt 0.000000 0.937500
vt 1.000000 0.937500
vt 0.000000 0.875000
vt 1.000000 0.875000
vt 0.000000 0.812500
vt 1.000000 0.812500
vt 0.000000 0.750000
vt 1.000000 0.750000
vt 0.000000 0.687500
vt 1.000000 0.687500
vt 0.000000 0.625000
vt 1.000000 0.625000
vt 0.000000 0.562500
vt 1.000000 0.562500
vt 0.000000 0.500000
vt 1.000000 0.500000
vt 0.000000 0.437500
vt 1.000000 0.437500
vt 0.000000 0.375000
vt 1.000000 0.375000
vt 0.000000 0.312500
vt 1.000000 0.312500
vt 0.000000 0.250000
vt 1.000000 0.250000
vt 0.000000 0.187500
vt 1.000000 0.187500
vt 0.000000 0.125000
vt 1.000000 0.125000
vt 1.000000 0.062500
vt 0.000000 0.062500
vt 0.968750 0.937500
vt 0.968750 0.875000
vt 0.968750 0.812500
vt 0.968750 0.750000
vt 0.968750 0.687500
vt 0.968750 0.625000
vt 0.968750 0.562500
vt 0.968750 0.500000
vt 0.968750 0.437500
vt 0.968750 0.375000
vt 0.968750 0.312500
vt 0.968750 0.250000
vt 0.968750 0.187500
vt 0.968750 0.125000
vt 0.968750 0.062500
vt 0.937500 0.937500
vt 0.937500 0.875000
vt 0.937500 0.812500
vt 0.937500 0.750000
vt 0.937500 0.687500
vt 0.937500 0.625000
vt 0.937500 0.562500
vt 0.937500 0.500000
vt 0.937500 0.437500
vt 0.937500 0.375000
vt 0.937500 0.312500
vt 0.937500 0.250000
vt 0.937500 0.187500
vt 0.937500 0.125000
vt 0.937500 0.062500
vt 0.906250 0.937500
vt 0.906250 0.875000
vt 0.906250 0.812500
vt 0.906250 0.750000
vt 0.906250 0.687500
vt 0.906250 0.625000
vt 0.906250 0.562500
vt 0.906250 0.500000
vt 0.906250 0.437500
vt 0.906250 0.375000
vt 0.906250 0.312500
vt 0.906250 0.250000
vt 0.906250 0.187500
vt 0.906250 0.125000
vt 0.906250 0.062500
vt 0.875000 0.937500
vt 0.875000 0.875000
vt 0.875000 0.812500
vt 0.875000 0.750000
vt 0.875000 0.687500
vt 0.875000 0.625000
vt 0.875000 0.562500
vt 0.875000 0.500000
vt 0.875000 0.437500
vt 0.875000 0.375000
vt 0.875000 0.312500
vt 0.875000 0.250000
vt 0.875000 0.187500
vt 0.875000 0.125000
vt 0.875000 0.062500
vt 0.843750 0.937500
vt 0.843750 0.875000
vt 0.843750 0.812500
vt 0.843750 0.750000
vt 0.843750 0.687500
vt 0.843750 0.625000
vt 0.843750 0.562500
vt 0.843750 0.500000
vt 0.843750 0.437500
vt 0.843750 0.375000
vt 0.843750 0.312500
vt 0.843750 0.250000
vt 0.843750 0.187500
vt 0.843750 0.125000
vt 0.843750 0.062500
vt 0.812500 0.937500
vt 0.812500 0.875000
vt 0.812500 0.812500
vt 0.812500 0.750000
vt 0.812500 0.687500
vt 0.812500 0.625000
vt 0.812500 0.562500
vt 0.812500 0.500000
vt 0.812500 0.437500
vt 0.812500 0.375000
vt 0.812500 0.312500
vt 0.812500 0.250000
vt 0.812500 0.187500
vt 0.812500 0.125000
vt 0.812500 0.062500
vt 0.781250 0.937500
vt 0.781250 0.875000
vt 0.781250 0.812500
vt 0.781250 0.750000
vt 0.781250 0.687500
vt 0.781250 0.625000
vt 0.781250 0.562500
vt 0.781250 0.500000
vt 0.781250 0.437500
vt 0.781250 0.375000
vt 0.781250 0.312500
vt 0.781250 0.250000
vt 0.781250 0.187500
vt 0.781250 0.125000
vt 0.781250 0.062500
vt 0.750000 0.937500
vt 0.750000 0.875000
vt 0.750000 0.750000
vt 0.750000 0.625000
vt 0.750000 0.375000
vt 0.750000 0.250000
vt 0.750000 0.187500
vt 0.750000 0.125000
vt 0.750000 0.062500
s 1
usemtl マテリアル.008
f 1461/1704/496 1001/1167/497 1462/1705/498
f 983/1149/499 994/1160/500 984/1150/501
f 1454/1697/502 1062/1228/503 987/1153/504
f 1288/1485/505 1462/1705/498 1001/1167/497
f 985/1151/506 994/1160/500 995/1161/507
f 1455/1698/508 987/1153/504 988/1154/509
f 985/1151/506 996/1162/510 1458/1701/511
f 1455/1698/508 989/1155/512 981/1147/513
f 1458/1701/511 997/1163/514 986/1152/515
f 1456/1699/516 989/1155/512 990/1156/517
f 986/1152/515 998/1164/518 1459/1702/519
f 982/1148/520 990/1156/517 991/1157/521
f 1459/1702/519 999/1165/522 1460/1703/523
f 1457/1700/524 991/1157/521 992/1158/525
f 1461/1704/496 999/1165/522 1000/1166/526
f 983/1149/499 992/1158/525 993/1159/527
f 992/1158/525 1006/1172/528 1007/1173/529
f 1000/1166/526 1014/1180/530 1015/1181/531
f 992/1158/525 1008/1174/532 993/1159/527
f 1000/1166/526 1016/1182/533 1001/1167/497
f 993/1159/527 1009/1175/534 994/1160/500
f 987/1153/504 1062/1229/503 1002/1168/535
f 1288/1486/505 1001/1167/497 1016/1182/533
f 995/1161/507 1009/1175/534 1010/1176/536
f 988/1154/509 1002/1168/535 1003/1169/537
f 996/1162/510 1010/1176/536 1011/1177/538
f 988/1154/509 1004/1170/539 989/1155/512
f 996/1162/510 1012/1178/540 997/1163/514
f 990/1156/517 1004/1170/539 1005/1171/541
f 997/1163/514 1013/1179/542 998/1164/518
f 991/1157/521 1005/1171/541 1006/1172/528
f 998/1164/518 1014/1180/530 999/1165/522
f 1010/1176/536 1026/1192/543 1011/1177/538
f 1004/1170/539 1018/1184/544 1019/1185/545
f 1012/1178/540 1026/1192/543 1027/1193/546
f 1005/1171/541 1019/1185/545 1020/1186/547
f 1012/1178/540 1028/1194/548 1013/1179/542
f 1006/1172/528 1020/1186/547 1021/1187/549
f 1013/1179/542 1029/1195/550 1014/1180/530
f 1006/1172/528 1022/1188/551 1007/1173/529
f 1014/1180/530 1030/1196/552 1015/1181/531
f 1008/1174/532 1022/1188/551 1023/1189/553
f 1016/1182/533 1030/1196/552 1031/1197/554
f 1008/1174/532 1024/1190/555 1009/1175/534
f 1002/1168/535 1062/1230/503 1017/1183/556
f 1288/1487/505 1016/1182/533 1031/1197/554
f 1010/1176/536 1024/1190/555 1025/1191/557
f 1002/1168/535 1018/1184/544 1003/1169/537
f 1030/1196/552 1044/1210/558 1045/1211/559
f 1023/1189/553 1037/1203/560 1038/1204/561
f 1030/1196/552 1046/1212/562 1031/1197/554
f 1023/1189/553 1039/1205/563 1024/1190/555
f 1017/1183/556 1062/1231/503 1032/1198/564
f 1288/1488/505 1031/1197/554 1046/1212/562
f 1025/1191/557 1039/1205/563 1040/1206/565
f 1018/1184/544 1032/1198/564 1033/1199/566
f 1025/1191/557 1041/1207/567 1026/1192/543
f 1018/1184/544 1034/1200/568 1019/1185/545
f 1027/1193/546 1041/1207/567 1042/1208/569
f 1019/1185/545 1035/1201/570 1020/1186/547
f 1028/1194/548 1042/1208/569 1043/1209/571
f 1020/1186/547 1036/1202/572 1021/1187/549
f 1029/1195/550 1043/1209/571 1044/1210/558
f 1021/1187/549 1037/1203/560 1022/1188/551
f 1041/1207/567 1057/1223/573 1042/1208/569
f 1034/1200/568 1050/1216/574 1035/1201/570
f 1043/1209/571 1057/1223/573 1058/1224/575
f 1035/1201/570 1051/1217/576 1036/1202/572
f 1044/1210/558 1058/1224/575 1059/1225/577
f 1036/1202/572 1052/1218/578 1037/1203/560
f 1044/1210/558 1060/1226/579 1045/1211/559
f 1038/1204/561 1052/1218/578 1053/1219/580
f 1046/1212/562 1060/1226/579 1061/1227/581
f 1039/1205/563 1053/1219/580 1054/1220/582
f 1032/1198/564 1062/1232/503 1047/1213/583
f 1288/1489/505 1046/1212/562 1061/1227/581
f 1039/1205/563 1055/1221/584 1040/1206/565
f 1032/1198/564 1048/1214/585 1033/1199/566
f 1040/1206/565 1056/1222/586 1041/1207/567
f 1034/1200/568 1048/1214/585 1049/1215/587
f 1060/1226/579 1077/1274/588 1061/1227/581
f 1053/1219/580 1070/1267/589 1054/1220/582
f 1047/1213/583 1062/1233/503 1063/1260/590
f 1288/1490/505 1061/1227/581 1077/1274/588
f 1055/1221/584 1070/1267/589 1071/1268/591
f 1048/1214/585 1063/1260/590 1064/1261/592
f 1055/1221/584 1072/1269/593 1056/1222/586
f 1048/1214/585 1065/1262/594 1049/1215/587
f 1056/1222/586 1073/1270/595 1057/1223/573
f 1050/1216/574 1065/1262/594 1066/1263/596
f 1058/1224/575 1073/1270/595 1074/1271/597
f 1050/1216/574 1067/1264/598 1051/1217/576
f 1058/1224/575 1075/1272/599 1059/1225/577
f 1052/1218/578 1067/1264/598 1068/1265/600
f 1060/1226/579 1075/1272/599 1076/1273/601
f 1053/1219/580 1068/1265/600 1069/1266/602
f 1065/1262/594 1081/1278/603 1066/1263/596
f 1074/1271/597 1088/1285/604 1089/1286/605
f 1066/1263/596 1082/1279/606 1067/1264/598
f 1075/1272/599 1089/1286/605 1090/1287/607
f 1068/1265/600 1082/1279/606 1083/1280/608
f 1076/1273/601 1090/1287/607 1091/1288/609
f 1068/1265/600 1084/1281/610 1069/1266/602
f 1077/1274/588 1091/1288/609 1092/1289/611
f 1070/1267/589 1084/1281/610 1085/1282/612
f 1063/1260/590 1062/1234/503 1078/1275/613
f 1288/1491/505 1077/1274/588 1092/1289/611
f 1070/1267/589 1086/1283/614 1071/1268/591
f 1063/1260/590 1079/1276/615 1064/1261/592
f 1072/1269/593 1086/1283/614 1087/1284/616
f 1064/1261/592 1080/1277/617 1065/1262/594
f 1072/1269/593 1088/1285/604 1073/1270/595
f 1085/1282/612 1099/1296/618 1100/1297/619
f 1078/1275/613 1062/1235/503 1093/1290/620
f 1288/1492/505 1092/1289/611 1107/1304/621
f 1085/1282/612 1101/1298/622 1086/1283/614
f 1078/1275/613 1094/1291/623 1079/1276/615
f 1086/1283/614 1102/1299/624 1087/1284/616
f 1080/1277/617 1094/1291/623 1095/1292/625
f 1088/1285/604 1102/1299/624 1103/1300/626
f 1080/1277/617 1096/1293/627 1081/1278/603
f 1089/1286/605 1103/1300/626 1104/1301/628
f 1081/1278/603 1097/1294/629 1082/1279/606
f 1090/1287/607 1104/1301/628 1105/1302/630
f 1082/1279/606 1098/1295/631 1083/1280/608
f 1090/1287/607 1106/1303/632 1091/1288/609
f 1084/1281/610 1098/1295/631 1099/1296/618
f 1092/1289/611 1106/1303/632 1107/1304/621
f 1103/1300/626 1119/1316/633 1104/1301/628
f 1097/1294/629 1111/1308/634 1112/1309/635
f 1105/1302/630 1119/1316/633 1120/1317/636
f 1098/1295/631 1112/1309/635 1113/1310/637
f 1106/1303/632 1120/1317/636 1121/1318/638
f 1098/1295/631 1114/1311/639 1099/1296/618
f 1107/1304/621 1121/1318/638 1122/1319/640
f 1099/1296/618 1115/1312/641 1100/1297/619
f 1093/1290/620 1062/1236/503 1108/1305/642
f 1288/1493/505 1107/1304/621 1122/1319/640
f 1101/1298/622 1115/1312/641 1116/1313/643
f 1093/1290/620 1109/1306/644 1094/1291/623
f 1102/1299/624 1116/1313/643 1117/1314/645
f 1094/1291/623 1110/1307/646 1095/1292/625
f 1102/1299/624 1118/1315/647 1103/1300/626
f 1095/1292/625 1111/1308/634 1096/1293/627
f 1108/1305/642 1062/1237/503 1123/1320/648
f 1288/1494/505 1122/1319/640 1137/1334/649
f 1115/1312/641 1131/1328/650 1116/1313/643
f 1109/1306/644 1123/1320/648 1124/1321/651
f 1116/1313/643 1132/1329/652 1117/1314/645
f 1110/1307/646 1124/1321/651 1125/1322/653
f 1118/1315/647 1132/1329/652 1133/1330/654
f 1110/1307/646 1126/1323/655 1111/1308/634
f 1119/1316/633 1133/1330/654 1134/1331/656
f 1111/1308/634 1127/1324/657 1112/1309/635
f 1120/1317/636 1134/1331/656 1135/1332/658
f 1112/1309/635 1128/1325/659 1113/1310/637
f 1120/1317/636 1136/1333/660 1121/1318/638
f 1114/1311/639 1128/1325/659 1129/1326/661
f 1121/1318/638 1137/1334/649 1122/1319/640
f 1115/1312/641 1129/1326/661 1130/1327/662
f 1127/1324/657 1141/1338/663 1142/1339/664
f 1135/1332/658 1149/1346/665 1150/1347/666
f 1127/1324/657 1143/1340/667 1128/1325/659
f 1136/1333/660 1150/1347/666 1151/1348/668
f 1128/1325/659 1144/1341/669 1129/1326/661
f 1136/1333/660 1152/1349/670 1137/1334/649
f 1130/1327/662 1144/1341/669 1145/1342/671
f 1123/1320/648 1062/1238/503 1138/1335/672
f 1288/1495/505 1137/1334/649 1152/1349/670
f 1130/1327/662 1146/1343/673 1131/1328/650
f 1124/1321/651 1138/1335/672 1139/1336/674
f 1132/1329/652 1146/1343/673 1147/1344/675
f 1124/1321/651 1140/1337/676 1125/1322/653
f 1132/1329/652 1148/1345/677 1133/1330/654
f 1125/1322/653 1141/1338/663 1126/1323/655
f 1133/1330/654 1149/1346/665 1134/1331/656
f 1145/1342/671 1161/1358/678 1146/1343/673
f 1138/1335/672 1154/1351/679 1139/1336/674
f 1147/1344/675 1161/1358/678 1162/1359/680
f 1140/1337/676 1154/1351/679 1155/1352/681
f 1148/1345/677 1162/1359/680 1163/1360/682
f 1141/1338/663 1155/1352/681 1156/1353/683
f 1149/1346/665 1163/1360/682 1164/1361/684
f 1141/1338/663 1157/1354/685 1142/1339/664
f 1149/1346/665 1165/1362/686 1150/1347/666
f 1142/1339/664 1158/1355/687 1143/1340/667
f 1150/1347/666 1166/1363/688 1151/1348/668
f 1143/1340/667 1159/1356/689 1144/1341/669
f 1152/1349/670 1166/1363/688 1167/1364/690
f 1145/1342/671 1159/1356/689 1160/1357/691
f 1138/1335/672 1062/1239/503 1153/1350/692
f 1288/1496/505 1152/1349/670 1167/1364/690
f 1165/1362/686 1179/1376/693 1180/1377/694
f 1157/1354/685 1173/1370/695 1158/1355/687
f 1166/1363/688 1180/1377/694 1181/1378/696
f 1159/1356/689 1173/1370/695 1174/1371/697
f 1167/1364/690 1181/1378/696 1182/1379/698
f 1159/1356/689 1175/1372/699 1160/1357/691
f 1153/1350/692 1062/1240/503 1168/1365/700
f 1288/1497/505 1167/1364/690 1182/1379/698
f 1161/1358/678 1175/1372/699 1176/1373/701
f 1153/1350/692 1169/1366/702 1154/1351/679
f 1161/1358/678 1177/1374/703 1162/1359/680
f 1154/1351/679 1170/1367/704 1155/1352/681
f 1163/1360/682 1177/1374/703 1178/1375/705
f 1155/1352/681 1171/1368/706 1156/1353/683
f 1163/1360/682 1179/1376/693 1164/1361/684
f 1157/1354/685 1171/1368/706 1172/1369/707
f 1176/1373/701 1192/1389/708 1177/1374/703
f 1170/1367/704 1184/1381/709 1185/1382/710
f 1178/1375/705 1192/1389/708 1193/1390/711
f 1170/1367/704 1186/1383/712 1171/1368/706
f 1178/1375/705 1194/1391/713 1179/1376/693
f 1172/1369/707 1186/1383/712 1187/1384/714
f 1180/1377/694 1194/1391/713 1195/1392/715
f 1172/1369/707 1188/1385/716 1173/1370/695
f 1180/1377/694 1196/1393/717 1181/1378/696
f 1174/1371/697 1188/1385/716 1189/1386/718
f 1181/1378/696 1197/1394/719 1182/1379/698
f 1174/1371/697 1190/1387/720 1175/1372/699
f 1168/1365/700 1062/1241/503 1183/1380/721
f 1288/1498/505 1182/1379/698 1197/1394/719
f 1176/1373/701 1190/1387/720 1191/1388/722
f 1169/1366/702 1183/1380/721 1184/1381/709
f 1196/1393/717 1210/1407/723 1211/1408/724
f 1189/1386/718 1203/1400/725 1204/1401/726
f 1197/1394/719 1211/1408/724 1212/1409/727
f 1190/1387/720 1204/1401/726 1205/1402/728
f 1183/1380/721 1062/1242/503 1198/1395/729
f 1288/1499/505 1197/1394/719 1212/1409/727
f 1190/1387/720 1206/1403/730 1191/1388/722
f 1183/1380/721 1199/1396/731 1184/1381/709
f 1191/1388/722 1207/1404/732 1192/1389/708
f 1184/1381/709 1200/1397/733 1185/1382/710
f 1193/1390/711 1207/1404/732 1208/1405/734
f 1185/1382/710 1201/1398/735 1186/1383/712
f 1193/1390/711 1209/1406/736 1194/1391/713
f 1187/1384/714 1201/1398/735 1202/1399/737
f 1195/1392/715 1209/1406/736 1210/1407/723
f 1187/1384/714 1203/1400/725 1188/1385/716
f 1200/1397/733 1214/1411/738 1215/1412/739
f 1208/1405/734 1222/1419/740 1223/1420/741
f 1200/1397/733 1216/1413/742 1201/1398/735
f 1209/1406/736 1223/1420/741 1224/1421/743
f 1201/1398/735 1217/1414/744 1202/1399/737
f 1210/1407/723 1224/1421/743 1225/1422/745
f 1202/1399/737 1218/1415/746 1203/1400/725
f 1210/1407/723 1226/1423/747 1211/1408/724
f 1203/1400/725 1219/1416/748 1204/1401/726
f 1212/1409/727 1226/1423/747 1227/1424/749
f 1205/1402/728 1219/1416/748 1220/1417/750
f 1198/1395/729 1062/1243/503 1213/1410/751
f 1288/1500/505 1212/1409/727 1227/1424/749
f 1205/1402/728 1221/1418/752 1206/1403/730
f 1198/1395/729 1214/1411/738 1199/1396/731
f 1207/1404/732 1221/1418/752 1222/1419/740
f 1219/1416/748 1233/1430/753 1234/1431/754
f 1226/1423/747 1242/1439/755 1227/1424/749
f 1220/1417/750 1234/1431/754 1235/1432/756
f 1213/1410/751 1062/1244/503 1228/1425/757
f 1288/1501/505 1227/1424/749 1242/1439/755
f 1220/1417/750 1236/1433/758 1221/1418/752
f 1214/1411/738 1228/1425/757 1229/1426/759
f 1221/1418/752 1237/1434/760 1222/1419/740
f 1214/1411/738 1230/1427/761 1215/1412/739
f 1222/1419/740 1238/1435/762 1223/1420/741
f 1216/1413/742 1230/1427/761 1231/1428/763
f 1223/1420/741 1239/1436/764 1224/1421/743
f 1217/1414/744 1231/1428/763 1232/1429/765
f 1224/1421/743 1240/1437/766 1225/1422/745
f 1218/1415/746 1232/1429/765 1233/1430/753
f 1226/1423/747 1240/1437/766 1241/1438/767
f 1238/1435/762 1252/1449/768 1253/1450/769
f 1230/1427/761 1246/1443/770 1231/1428/763
f 1239/1436/764 1253/1450/769 1254/1451/771
f 1231/1428/763 1247/1444/772 1232/1429/765
f 1240/1437/766 1254/1451/771 1255/1452/773
f 1232/1429/765 1248/1445/774 1233/1430/753
f 1241/1438/767 1255/1452/773 1256/1453/775
f 1233/1430/753 1249/1446/776 1234/1431/754
f 1242/1439/755 1256/1453/775 1257/1454/777
f 1235/1432/756 1249/1446/776 1250/1447/778
f 1228/1425/757 1062/1245/503 1243/1440/779
f 1288/1502/505 1242/1439/755 1257/1454/777
f 1235/1432/756 1251/1448/780 1236/1433/758
f 1228/1425/757 1244/1441/781 1229/1426/759
f 1237/1434/760 1251/1448/780 1252/1449/768
f 1229/1426/759 1245/1442/782 1230/1427/761
f 1257/1454/777 1271/1468/783 1272/1469/784
f 1250/1447/778 1264/1461/785 1265/1462/786
f 1243/1440/779 1062/1246/503 1258/1455/787
f 1288/1503/505 1257/1454/777 1272/1469/784
f 1250/1447/778 1266/1463/788 1251/1448/780
f 1243/1440/779 1259/1456/789 1244/1441/781
f 1252/1449/768 1266/1463/788 1267/1464/790
f 1245/1442/782 1259/1456/789 1260/1457/791
f 1253/1450/769 1267/1464/790 1268/1465/792
f 1246/1443/770 1260/1457/791 1261/1458/793
f 1253/1450/769 1269/1466/794 1254/1451/771
f 1247/1444/772 1261/1458/793 1262/1459/795
f 1254/1451/771 1270/1467/796 1255/1452/773
f 1247/1444/772 1263/1460/797 1248/1445/774
f 1255/1452/773 1271/1468/783 1256/1453/775
f 1248/1445/774 1264/1461/785 1249/1446/776
f 1261/1458/793 1275/1472/798 1276/1473/799
f 1268/1465/792 1284/1481/800 1269/1466/794
f 1262/1459/795 1276/1473/799 1277/1474/801
f 1269/1466/794 1285/1482/802 1270/1467/796
f 1262/1459/795 1278/1475/803 1263/1460/797
f 1270/1467/796 1286/1483/804 1271/1468/783
f 1264/1461/785 1278/1475/803 1279/1476/805
f 1271/1468/783 1287/1484/806 1272/1469/784
f 1265/1462/786 1279/1476/805 1280/1477/807
f 1258/1455/787 1062/1247/503 1273/1470/808
f 1288/1504/505 1272/1469/784 1287/1484/806
f 1265/1462/786 1281/1478/809 1266/1463/788
f 1259/1456/789 1273/1470/808 1274/1471/810
f 1266/1463/788 1282/1479/811 1267/1464/790
f 1260/1457/791 1274/1471/810 1275/1472/798
f 1268/1465/792 1282/1479/811 1283/1480/812
f 1280/1477/807 1295/1523/813 1296/1524/814
f 1273/1470/808 1062/1248/503 1289/1517/815
f 1288/1505/505 1287/1484/806 1303/1531/816
f 1280/1477/807 1297/1525/817 1281/1478/809
f 1273/1470/808 1290/1518/818 1274/1471/810
f 1281/1478/809 1298/1526/819 1282/1479/811
f 1274/1471/810 1291/1519/820 1275/1472/798
f 1283/1480/812 1298/1526/819 1299/1527/821
f 1275/1472/798 1292/1520/822 1276/1473/799
f 1283/1480/812 1300/1528/823 1284/1481/800
f 1277/1474/801 1292/1520/822 1293/1521/824
f 1285/1482/802 1300/1528/823 1301/1529/825
f 1277/1474/801 1294/1522/826 1278/1475/803
f 1286/1483/804 1301/1529/825 1302/1530/827
f 1279/1476/805 1294/1522/826 1295/1523/813
f 1287/1484/806 1302/1530/827 1303/1531/816
f 1299/1527/821 1315/1543/828 1300/1528/823
f 1293/1521/824 1307/1535/829 1308/1536/830
f 1300/1528/823 1316/1544/831 1301/1529/825
f 1293/1521/824 1309/1537/832 1294/1522/826
f 1301/1529/825 1317/1545/833 1302/1530/827
f 1295/1523/813 1309/1537/832 1310/1538/834
f 1302/1530/827 1318/1546/835 1303/1531/816
f 1296/1524/814 1310/1538/834 1311/1539/836
f 1289/1517/815 1062/1249/503 1304/1532/837
f 1288/1506/505 1303/1531/816 1318/1546/835
f 1296/1524/814 1312/1540/838 1297/1525/817
f 1290/1518/818 1304/1532/837 1305/1533/839
f 1297/1525/817 1313/1541/840 1298/1526/819
f 1291/1519/820 1305/1533/839 1306/1534/841
f 1299/1527/821 1313/1541/840 1314/1542/842
f 1292/1520/822 1306/1534/841 1307/1535/829
f 1288/1507/505 1318/1546/835 1333/1561/843
f 1312/1540/838 1326/1554/844 1327/1555/845
f 1304/1532/837 1320/1548/846 1305/1533/839
f 1312/1540/838 1328/1556/847 1313/1541/840
f 1305/1533/839 1321/1549/848 1306/1534/841
f 1314/1542/842 1328/1556/847 1329/1557/849
f 1307/1535/829 1321/1549/848 1322/1550/850
f 1314/1542/842 1330/1558/851 1315/1543/828
f 1308/1536/830 1322/1550/850 1323/1551/852
f 1315/1543/828 1331/1559/853 1316/1544/831
f 1308/1536/830 1324/1552/854 1309/1537/832
f 1317/1545/833 1331/1559/853 1332/1560/855
f 1310/1538/834 1324/1552/854 1325/1553/856
f 1318/1546/835 1332/1560/855 1333/1561/843
f 1310/1538/834 1326/1554/844 1311/1539/836
f 1304/1532/837 1062/1250/503 1319/1547/857
f 1330/1558/851 1346/1586/858 1331/1559/853
f 1323/1551/852 1339/1572/859 1324/1552/854
f 1331/1559/853 1347/1588/860 1332/1560/855
f 1325/1553/856 1339/1572/859 1340/1574/861
f 1332/1560/855 1348/1591/862 1333/1561/843
f 1326/1554/844 1340/1574/861 1341/1576/863
f 1319/1547/857 1062/1251/503 1334/1562/864
f 1288/1508/505 1333/1561/843 1348/1591/862
f 1326/1554/844 1342/1578/865 1327/1555/845
f 1320/1548/846 1334/1562/864 1335/1564/866
f 1327/1555/845 1343/1580/867 1328/1556/847
f 1321/1549/848 1335/1564/866 1336/1566/868
f 1329/1557/849 1343/1580/867 1344/1582/869
f 1322/1550/850 1336/1566/868 1337/1568/870
f 1330/1558/851 1344/1582/869 1345/1584/871
f 1322/1550/850 1338/1570/872 1323/1551/852
f 1335/1565/866 1349/1592/873 1350/1593/874
f 1342/1579/865 1358/1601/875 1343/1581/867
f 1335/1565/866 1351/1594/876 1336/1567/868
f 1343/1581/867 1359/1602/877 1344/1583/869
f 1337/1569/870 1351/1594/876 1352/1595/878
f 1344/1583/869 1360/1603/879 1345/1585/871
f 1338/1571/872 1352/1595/878 1353/1596/880
f 1345/1585/871 1361/1604/881 1346/1587/858
f 1339/1573/859 1353/1596/880 1354/1597/882
f 1347/1589/860 1361/1604/881 1362/1605/883
f 1340/1575/861 1354/1597/882 1355/1598/884
f 1347/1589/860 1363/1606/885 1348/1590/862
f 1341/1577/863 1355/1598/884 1356/1599/886
f 1334/1563/864 1062/1252/503 1349/1592/873
f 1288/1509/505 1348/1590/862 1363/1606/885
f 1341/1577/863 1357/1600/887 1342/1579/865
f 1353/1596/880 1369/1612/888 1354/1597/882
f 1361/1604/881 1377/1620/889 1362/1605/883
f 1355/1598/884 1369/1612/888 1370/1613/890
f 1362/1605/883 1378/1621/891 1363/1606/885
f 1356/1599/886 1370/1613/890 1371/1614/892
f 1349/1592/873 1062/1253/503 1364/1607/893
f 1288/1510/505 1363/1606/885 1378/1621/891
f 1356/1599/886 1372/1615/894 1357/1600/887
f 1350/1593/874 1364/1607/893 1365/1608/895
f 1357/1600/887 1373/1616/896 1358/1601/875
f 1350/1593/874 1366/1609/897 1351/1594/876
f 1359/1602/877 1373/1616/896 1374/1617/898
f 1351/1594/876 1367/1610/899 1352/1595/878
f 1360/1603/879 1374/1617/898 1375/1618/900
f 1352/1595/878 1368/1611/901 1353/1596/880
f 1361/1604/881 1375/1618/900 1376/1619/902
f 1372/1615/894 1388/1631/903 1373/1616/896
f 1365/1608/895 1381/1624/904 1366/1609/897
f 1374/1617/898 1388/1631/903 1389/1632/905
f 1367/1610/899 1381/1624/904 1382/1625/906
f 1374/1617/898 1390/1633/907 1375/1618/900
f 1368/1611/901 1382/1625/906 1383/1626/908
f 1375/1618/900 1391/1634/909 1376/1619/902
f 1368/1611/901 1384/1627/910 1369/1612/888
f 1377/1620/889 1391/1634/909 1392/1635/911
f 1370/1613/890 1384/1627/910 1385/1628/912
f 1378/1621/891 1392/1635/911 1393/1636/913
f 1370/1613/890 1386/1629/914 1371/1614/892
f 1364/1607/893 1062/1254/503 1379/1622/915
f 1288/1511/505 1378/1621/891 1393/1636/913
f 1372/1615/894 1386/1629/914 1387/1630/916
f 1364/1607/893 1380/1623/917 1365/1608/895
f 1391/1634/909 1407/1650/918 1392/1635/911
f 1385/1628/912 1399/1642/919 1400/1643/920
f 1392/1635/911 1408/1651/921 1393/1636/913
f 1386/1629/914 1400/1643/920 1401/1644/922
f 1379/1622/915 1062/1255/503 1394/1637/923
f 1288/1512/505 1393/1636/913 1408/1651/921
f 1386/1629/914 1402/1645/924 1387/1630/916
f 1380/1623/917 1394/1637/923 1395/1638/925
f 1387/1630/916 1403/1646/926 1388/1631/903
f 1381/1624/904 1395/1638/925 1396/1639/927
f 1389/1632/905 1403/1646/926 1404/1647/928
f 1382/1625/906 1396/1639/927 1397/1640/929
f 1389/1632/905 1405/1648/930 1390/1633/907
f 1383/1626/908 1397/1640/929 1398/1641/931
f 1390/1633/907 1406/1649/932 1391/1634/909
f 1383/1626/908 1399/1642/919 1384/1627/910
f 1395/1638/925 1411/1654/933 1396/1639/927
f 1404/1647/928 1418/1661/934 1419/1662/935
f 1397/1640/929 1411/1654/933 1412/1655/936
f 1404/1647/928 1420/1663/937 1405/1648/930
f 1398/1641/931 1412/1655/936 1413/1656/938
f 1405/1648/930 1421/1664/939 1406/1649/932
f 1398/1641/931 1414/1657/940 1399/1642/919
f 1407/1650/918 1421/1664/939 1422/1665/941
f 1400/1643/920 1414/1657/940 1415/1658/942
f 1407/1650/918 1423/1666/943 1408/1651/921
f 1401/1644/922 1415/1658/942 1416/1659/944
f 1394/1637/923 1062/1256/503 1409/1652/945
f 1288/1513/505 1408/1651/921 1423/1666/943
f 1401/1644/922 1417/1660/946 1402/1645/924
f 1395/1638/925 1409/1652/945 1410/1653/947
f 1402/1645/924 1418/1661/934 1403/1646/926
f 1415/1658/942 1429/1672/948 1430/1673/949
f 1422/1665/941 1438/1681/950 1423/1666/943
f 1416/1659/944 1430/1673/949 1431/1674/951
f 1409/1652/945 1062/1257/503 1424/1667/952
f 1288/1514/505 1423/1666/943 1438/1681/950
f 1416/1659/944 1432/1675/953 1417/1660/946
f 1410/1653/947 1424/1667/952 1425/1668/954
f 1417/1660/946 1433/1676/955 1418/1661/934
f 1411/1654/933 1425/1668/954 1426/1669/956
f 1419/1662/935 1433/1676/955 1434/1677/957
f 1412/1655/936 1426/1669/956 1427/1670/958
f 1419/1662/935 1435/1678/959 1420/1663/937
f 1413/1656/938 1427/1670/958 1428/1671/960
f 1420/1663/937 1436/1679/961 1421/1664/939
f 1413/1656/938 1429/1672/948 1414/1657/940
f 1421/1664/939 1437/1680/962 1422/1665/941
f 1434/1677/957 1448/1691/963 1449/1692/964
f 1426/1669/956 1442/1685/965 1427/1670/958
f 1434/1677/957 1450/1693/966 1435/1678/959
f 1428/1671/960 1442/1685/965 1443/1686/967
f 1436/1679/961 1450/1693/966 1451/1694/968
f 1428/1671/960 1444/1687/969 1429/1672/948
f 1437/1680/962 1451/1694/968 1452/1695/970
f 1430/1673/949 1444/1687/969 1445/1688/971
f 1438/1681/950 1452/1695/970 1453/1696/972
f 1430/1673/949 1446/1689/973 1431/1674/951
f 1424/1667/952 1062/1258/503 1439/1682/974
f 1288/1515/505 1438/1681/950 1453/1696/972
f 1432/1675/953 1446/1689/973 1447/1690/975
f 1424/1667/952 1440/1683/976 1425/1668/954
f 1432/1675/953 1448/1691/963 1433/1676/955
f 1425/1668/954 1441/1684/977 1426/1669/956
f 1452/1695/970 1462/1705/498 1453/1696/972
f 1445/1688/971 984/1150/501 1446/1689/973
f 1439/1682/974 1062/1259/503 1454/1697/502
f 1288/1516/505 1453/1696/972 1462/1705/498
f 1447/1690/975 984/1150/501 985/1151/506
f 1440/1683/976 1454/1697/502 1455/1698/508
f 1447/1690/975 1458/1701/511 1448/1691/963
f 1441/1684/977 1455/1698/508 981/1147/513
f 1449/1692/964 1458/1701/511 986/1152/515
f 1441/1684/977 1456/1699/516 1442/1685/965
f 1449/1692/964 1459/1702/519 1450/1693/966
f 1443/1686/967 1456/1699/516 982/1148/520
f 1451/1694/968 1459/1702/519 1460/1703/523
f 1443/1686/967 1457/1700/524 1444/1687/969
f 1451/1694/968 1461/1704/496 1452/1695/970
f 1445/1688/971 1457/1700/524 983/1149/499
f 1461/1704/496 1000/1166/526 1001/1167/497
f 983/1149/499 993/1159/527 994/1160/500
f 985/1151/506 984/1150/501 994/1160/500
f 1455/1698/508 1454/1697/502 987/1153/504
f 985/1151/506 995/1161/507 996/1162/510
f 1455/1698/508 988/1154/509 989/1155/512
f 1458/1701/511 996/1162/510 997/1163/514
f 1456/1699/516 981/1147/513 989/1155/512
f 986/1152/515 997/1163/514 998/1164/518
f 982/1148/520 1456/1699/516 990/1156/517
f 1459/1702/519 998/1164/518 999/1165/522
f 1457/1700/524 982/1148/520 991/1157/521
f 1461/1704/496 1460/1703/523 999/1165/522
f 983/1149/499 1457/1700/524 992/1158/525
f 992/1158/525 991/1157/521 1006/1172/528
f 1000/1166/526 999/1165/522 1014/1180/530
f 992/1158/525 1007/1173/529 1008/1174/532
f 1000/1166/526 1015/1181/531 1016/1182/533
f 993/1159/527 1008/1174/532 1009/1175/534
f 995/1161/507 994/1160/500 1009/1175/534
f 988/1154/509 987/1153/504 1002/1168/535
f 996/1162/510 995/1161/507 1010/1176/536
f 988/1154/509 1003/1169/537 1004/1170/539
f 996/1162/510 1011/1177/538 1012/1178/540
f 990/1156/517 989/1155/512 1004/1170/539
f 997/1163/514 1012/1178/540 1013/1179/542
f 991/1157/521 990/1156/517 1005/1171/541
f 998/1164/518 1013/1179/542 1014/1180/530
f 1010/1176/536 1025/1191/557 1026/1192/543
f 1004/1170/539 1003/1169/537 1018/1184/544
f 1012/1178/540 1011/1177/538 1026/1192/543
f 1005/1171/541 1004/1170/539 1019/1185/545
f 1012/1178/540 1027/1193/546 1028/1194/548
f 1006/1172/528 1005/1171/541 1020/1186/547
f 1013/1179/542 1028/1194/548 1029/1195/550
f 1006/1172/528 1021/1187/549 1022/1188/551
f 1014/1180/530 1029/1195/550 1030/1196/552
f 1008/1174/532 1007/1173/529 1022/1188/551
f 1016/1182/533 1015/1181/531 1030/1196/552
f 1008/1174/532 1023/1189/553 1024/1190/555
f 1010/1176/536 1009/1175/534 1024/1190/555
f 1002/1168/535 1017/1183/556 1018/1184/544
f 1030/1196/552 1029/1195/550 1044/1210/558
f 1023/1189/553 1022/1188/551 1037/1203/560
f 1030/1196/552 1045/1211/559 1046/1212/562
f 1023/1189/553 1038/1204/561 1039/1205/563
f 1025/1191/557 1024/1190/555 1039/1205/563
f 1018/1184/544 1017/1183/556 1032/1198/564
f 1025/1191/557 1040/1206/565 1041/1207/567
f 1018/1184/544 1033/1199/566 1034/1200/568
f 1027/1193/546 1026/1192/543 1041/1207/567
f 1019/1185/545 1034/1200/568 1035/1201/570
f 1028/1194/548 1027/1193/546 1042/1208/569
f 1020/1186/547 1035/1201/570 1036/1202/572
f 1029/1195/550 1028/1194/548 1043/1209/571
f 1021/1187/549 1036/1202/572 1037/1203/560
f 1041/1207/567 1056/1222/586 1057/1223/573
f 1034/1200/568 1049/1215/587 1050/1216/574
f 1043/1209/571 1042/1208/569 1057/1223/573
f 1035/1201/570 1050/1216/574 1051/1217/576
f 1044/1210/558 1043/1209/571 1058/1224/575
f 1036/1202/572 1051/1217/576 1052/1218/578
f 1044/1210/558 1059/1225/577 1060/1226/579
f 1038/1204/561 1037/1203/560 1052/1218/578
f 1046/1212/562 1045/1211/559 1060/1226/579
f 1039/1205/563 1038/1204/561 1053/1219/580
f 1039/1205/563 1054/1220/582 1055/1221/584
f 1032/1198/564 1047/1213/583 1048/1214/585
f 1040/1206/565 1055/1221/584 1056/1222/586
f 1034/1200/568 1033/1199/566 1048/1214/585
f 1060/1226/579 1076/1273/601 1077/1274/588
f 1053/1219/580 1069/1266/602 1070/1267/589
f 1055/1221/584 1054/1220/582 1070/1267/589
f 1048/1214/585 1047/1213/583 1063/1260/590
f 1055/1221/584 1071/1268/591 1072/1269/593
f 1048/1214/585 1064/1261/592 1065/1262/594
f 1056/1222/586 1072/1269/593 1073/1270/595
f 1050/1216/574 1049/1215/587 1065/1262/594
f 1058/1224/575 1057/1223/573 1073/1270/595
f 1050/1216/574 1066/1263/596 1067/1264/598
f 1058/1224/575 1074/1271/597 1075/1272/599
f 1052/1218/578 1051/1217/576 1067/1264/598
f 1060/1226/579 1059/1225/577 1075/1272/599
f 1053/1219/580 1052/1218/578 1068/1265/600
f 1065/1262/594 1080/1277/617 1081/1278/603
f 1074/1271/597 1073/1270/595 1088/1285/604
f 1066/1263/596 1081/1278/603 1082/1279/606
f 1075/1272/599 1074/1271/597 1089/1286/605
f 1068/1265/600 1067/1264/598 1082/1279/606
f 1076/1273/601 1075/1272/599 1090/1287/607
f 1068/1265/600 1083/1280/608 1084/1281/610
f 1077/1274/588 1076/1273/601 1091/1288/609
f 1070/1267/589 1069/1266/602 1084/1281/610
f 1070/1267/589 1085/1282/612 1086/1283/614
f 1063/1260/590 1078/1275/613 1079/1276/615
f 1072/1269/593 1071/1268/591 1086/1283/614
f 1064/1261/592 1079/1276/615 1080/1277/617
f 1072/1269/593 1087/1284/616 1088/1285/604
f 1085/1282/612 1084/1281/610 1099/1296/618
f 1085/1282/612 1100/1297/619 1101/1298/622
f 1078/1275/613 1093/1290/620 1094/1291/623
f 1086/1283/614 1101/1298/622 1102/1299/624
f 1080/1277/617 1079/1276/615 1094/1291/623
f 1088/1285/604 1087/1284/616 1102/1299/624
f 1080/1277/617 1095/1292/625 1096/1293/627
f 1089/1286/605 1088/1285/604 1103/1300/626
f 1081/1278/603 1096/1293/627 1097/1294/629
f 1090/1287/607 1089/1286/605 1104/1301/628
f 1082/1279/606 1097/1294/629 1098/1295/631
f 1090/1287/607 1105/1302/630 1106/1303/632
f 1084/1281/610 1083/1280/608 1098/1295/631
f 1092/1289/611 1091/1288/609 1106/1303/632
f 1103/1300/626 1118/1315/647 1119/1316/633
f 1097/1294/629 1096/1293/627 1111/1308/634
f 1105/1302/630 1104/1301/628 1119/1316/633
f 1098/1295/631 1097/1294/629 1112/1309/635
f 1106/1303/632 1105/1302/630 1120/1317/636
f 1098/1295/631 1113/1310/637 1114/1311/639
f 1107/1304/621 1106/1303/632 1121/1318/638
f 1099/1296/618 1114/1311/639 1115/1312/641
f 1101/1298/622 1100/1297/619 1115/1312/641
f 1093/1290/620 1108/1305/642 1109/1306/644
f 1102/1299/624 1101/1298/622 1116/1313/643
f 1094/1291/623 1109/1306/644 1110/1307/646
f 1102/1299/624 1117/1314/645 1118/1315/647
f 1095/1292/625 1110/1307/646 1111/1308/634
f 1115/1312/641 1130/1327/662 1131/1328/650
f 1109/1306/644 1108/1305/642 1123/1320/648
f 1116/1313/643 1131/1328/650 1132/1329/652
f 1110/1307/646 1109/1306/644 1124/1321/651
f 1118/1315/647 1117/1314/645 1132/1329/652
f 1110/1307/646 1125/1322/653 1126/1323/655
f 1119/1316/633 1118/1315/647 1133/1330/654
f 1111/1308/634 1126/1323/655 1127/1324/657
f 1120/1317/636 1119/1316/633 1134/1331/656
f 1112/1309/635 1127/1324/657 1128/1325/659
f 1120/1317/636 1135/1332/658 1136/1333/660
f 1114/1311/639 1113/1310/637 1128/1325/659
f 1121/1318/638 1136/1333/660 1137/1334/649
f 1115/1312/641 1114/1311/639 1129/1326/661
f 1127/1324/657 1126/1323/655 1141/1338/663
f 1135/1332/658 1134/1331/656 1149/1346/665
f 1127/1324/657 1142/1339/664 1143/1340/667
f 1136/1333/660 1135/1332/658 1150/1347/666
f 1128/1325/659 1143/1340/667 1144/1341/669
f 1136/1333/660 1151/1348/668 1152/1349/670
f 1130/1327/662 1129/1326/661 1144/1341/669
f 1130/1327/662 1145/1342/671 1146/1343/673
f 1124/1321/651 1123/1320/648 1138/1335/672
f 1132/1329/652 1131/1328/650 1146/1343/673
f 1124/1321/651 1139/1336/674 1140/1337/676
f 1132/1329/652 1147/1344/675 1148/1345/677
f 1125/1322/653 1140/1337/676 1141/1338/663
f 1133/1330/654 1148/1345/677 1149/1346/665
f 1145/1342/671 1160/1357/691 1161/1358/678
f 1138/1335/672 1153/1350/692 1154/1351/679
f 1147/1344/675 1146/1343/673 1161/1358/678
f 1140/1337/676 1139/1336/674 1154/1351/679
f 1148/1345/677 1147/1344/675 1162/1359/680
f 1141/1338/663 1140/1337/676 1155/1352/681
f 1149/1346/665 1148/1345/677 1163/1360/682
f 1141/1338/663 1156/1353/683 1157/1354/685
f 1149/1346/665 1164/1361/684 1165/1362/686
f 1142/1339/664 1157/1354/685 1158/1355/687
f 1150/1347/666 1165/1362/686 1166/1363/688
f 1143/1340/667 1158/1355/687 1159/1356/689
f 1152/1349/670 1151/1348/668 1166/1363/688
f 1145/1342/671 1144/1341/669 1159/1356/689
f 1165/1362/686 1164/1361/684 1179/1376/693
f 1157/1354/685 1172/1369/707 1173/1370/695
f 1166/1363/688 1165/1362/686 1180/1377/694
f 1159/1356/689 1158/1355/687 1173/1370/695
f 1167/1364/690 1166/1363/688 1181/1378/696
f 1159/1356/689 1174/1371/697 1175/1372/699
f 1161/1358/678 1160/1357/691 1175/1372/699
f 1153/1350/692 1168/1365/700 1169/1366/702
f 1161/1358/678 1176/1373/701 1177/1374/703
f 1154/1351/679 1169/1366/702 1170/1367/704
f 1163/1360/682 1162/1359/680 1177/1374/703
f 1155/1352/681 1170/1367/704 1171/1368/706
f 1163/1360/682 1178/1375/705 1179/1376/693
f 1157/1354/685 1156/1353/683 1171/1368/706
f 1176/1373/701 1191/1388/722 1192/1389/708
f 1170/1367/704 1169/1366/702 1184/1381/709
f 1178/1375/705 1177/1374/703 1192/1389/708
f 1170/1367/704 1185/1382/710 1186/1383/712
f 1178/1375/705 1193/1390/711 1194/1391/713
f 1172/1369/707 1171/1368/706 1186/1383/712
f 1180/1377/694 1179/1376/693 1194/1391/713
f 1172/1369/707 1187/1384/714 1188/1385/716
f 1180/1377/694 1195/1392/715 1196/1393/717
f 1174/1371/697 1173/1370/695 1188/1385/716
f 1181/1378/696 1196/1393/717 1197/1394/719
f 1174/1371/697 1189/1386/718 1190/1387/720
f 1176/1373/701 1175/1372/699 1190/1387/720
f 1169/1366/702 1168/1365/700 1183/1380/721
f 1196/1393/717 1195/1392/715 1210/1407/723
f 1189/1386/718 1188/1385/716 1203/1400/725
f 1197/1394/719 1196/1393/717 1211/1408/724
f 1190/1387/720 1189/1386/718 1204/1401/726
f 1190/1387/720 1205/1402/728 1206/1403/730
f 1183/1380/721 1198/1395/729 1199/1396/731
f 1191/1388/722 1206/1403/730 1207/1404/732
f 1184/1381/709 1199/1396/731 1200/1397/733
f 1193/1390/711 1192/1389/708 1207/1404/732
f 1185/1382/710 1200/1397/733 1201/1398/735
f 1193/1390/711 1208/1405/734 1209/1406/736
f 1187/1384/714 1186/1383/712 1201/1398/735
f 1195/1392/715 1194/1391/713 1209/1406/736
f 1187/1384/714 1202/1399/737 1203/1400/725
f 1200/1397/733 1199/1396/731 1214/1411/738
f 1208/1405/734 1207/1404/732 1222/1419/740
f 1200/1397/733 1215/1412/739 1216/1413/742
f 1209/1406/736 1208/1405/734 1223/1420/741
f 1201/1398/735 1216/1413/742 1217/1414/744
f 1210/1407/723 1209/1406/736 1224/1421/743
f 1202/1399/737 1217/1414/744 1218/1415/746
f 1210/1407/723 1225/1422/745 1226/1423/747
f 1203/1400/725 1218/1415/746 1219/1416/748
f 1212/1409/727 1211/1408/724 1226/1423/747
f 1205/1402/728 1204/1401/726 1219/1416/748
f 1205/1402/728 1220/1417/750 1221/1418/752
f 1198/1395/729 1213/1410/751 1214/1411/738
f 1207/1404/732 1206/1403/730 1221/1418/752
f 1219/1416/748 1218/1415/746 1233/1430/753
f 1226/1423/747 1241/1438/767 1242/1439/755
f 1220/1417/750 1219/1416/748 1234/1431/754
f 1220/1417/750 1235/1432/756 1236/1433/758
f 1214/1411/738 1213/1410/751 1228/1425/757
f 1221/1418/752 1236/1433/758 1237/1434/760
f 1214/1411/738 1229/1426/759 1230/1427/761
f 1222/1419/740 1237/1434/760 1238/1435/762
f 1216/1413/742 1215/1412/739 1230/1427/761
f 1223/1420/741 1238/1435/762 1239/1436/764
f 1217/1414/744 1216/1413/742 1231/1428/763
f 1224/1421/743 1239/1436/764 1240/1437/766
f 1218/1415/746 1217/1414/744 1232/1429/765
f 1226/1423/747 1225/1422/745 1240/1437/766
f 1238/1435/762 1237/1434/760 1252/1449/768
f 1230/1427/761 1245/1442/782 1246/1443/770
f 1239/1436/764 1238/1435/762 1253/1450/769
f 1231/1428/763 1246/1443/770 1247/1444/772
f 1240/1437/766 1239/1436/764 1254/1451/771
f 1232/1429/765 1247/1444/772 1248/1445/774
f 1241/1438/767 1240/1437/766 1255/1452/773
f 1233/1430/753 1248/1445/774 1249/1446/776
f 1242/1439/755 1241/1438/767 1256/1453/775
f 1235/1432/756 1234/1431/754 1249/1446/776
f 1235/1432/756 1250/1447/778 1251/1448/780
f 1228/1425/757 1243/1440/779 1244/1441/781
f 1237/1434/760 1236/1433/758 1251/1448/780
f 1229/1426/759 1244/1441/781 1245/1442/782
f 1257/1454/777 1256/1453/775 1271/1468/783
f 1250/1447/778 1249/1446/776 1264/1461/785
f 1250/1447/778 1265/1462/786 1266/1463/788
f 1243/1440/779 1258/1455/787 1259/1456/789
f 1252/1449/768 1251/1448/780 1266/1463/788
f 1245/1442/782 1244/1441/781 1259/1456/789
f 1253/1450/769 1252/1449/768 1267/1464/790
f 1246/1443/770 1245/1442/782 1260/1457/791
f 1253/1450/769 1268/1465/792 1269/1466/794
f 1247/1444/772 1246/1443/770 1261/1458/793
f 1254/1451/771 1269/1466/794 1270/1467/796
f 1247/1444/772 1262/1459/795 1263/1460/797
f 1255/1452/773 1270/1467/796 1271/1468/783
f 1248/1445/774 1263/1460/797 1264/1461/785
f 1261/1458/793 1260/1457/791 1275/1472/798
f 1268/1465/792 1283/1480/812 1284/1481/800
f 1262/1459/795 1261/1458/793 1276/1473/799
f 1269/1466/794 1284/1481/800 1285/1482/802
f 1262/1459/795 1277/1474/801 1278/1475/803
f 1270/1467/796 1285/1482/802 1286/1483/804
f 1264/1461/785 1263/1460/797 1278/1475/803
f 1271/1468/783 1286/1483/804 1287/1484/806
f 1265/1462/786 1264/1461/785 1279/1476/805
f 1265/1462/786 1280/1477/807 1281/1478/809
f 1259/1456/789 1258/1455/787 1273/1470/808
f 1266/1463/788 1281/1478/809 1282/1479/811
f 1260/1457/791 1259/1456/789 1274/1471/810
f 1268/1465/792 1267/1464/790 1282/1479/811
f 1280/1477/807 1279/1476/805 1295/1523/813
f 1280/1477/807 1296/1524/814 1297/1525/817
f 1273/1470/808 1289/1517/815 1290/1518/818
f 1281/1478/809 1297/1525/817 1298/1526/819
f 1274/1471/810 1290/1518/818 1291/1519/820
f 1283/1480/812 1282/1479/811 1298/1526/819
f 1275/1472/798 1291/1519/820 1292/1520/822
f 1283/1480/812 1299/1527/821 1300/1528/823
f 1277/1474/801 1276/1473/799 1292/1520/822
f 1285/1482/802 1284/1481/800 1300/1528/823
f 1277/1474/801 1293/1521/824 1294/1522/826
f 1286/1483/804 1285/1482/802 1301/1529/825
f 1279/1476/805 1278/1475/803 1294/1522/826
f 1287/1484/806 1286/1483/804 1302/1530/827
f 1299/1527/821 1314/1542/842 1315/1543/828
f 1293/1521/824 1292/1520/822 1307/1535/829
f 1300/1528/823 1315/1543/828 1316/1544/831
f 1293/1521/824 1308/1536/830 1309/1537/832
f 1301/1529/825 1316/1544/831 1317/1545/833
f 1295/1523/813 1294/1522/826 1309/1537/832
f 1302/1530/827 1317/1545/833 1318/1546/835
f 1296/1524/814 1295/1523/813 1310/1538/834
f 1296/1524/814 1311/1539/836 1312/1540/838
f 1290/1518/818 1289/1517/815 1304/1532/837
f 1297/1525/817 1312/1540/838 1313/1541/840
f 1291/1519/820 1290/1518/818 1305/1533/839
f 1299/1527/821 1298/1526/819 1313/1541/840
f 1292/1520/822 1291/1519/820 1306/1534/841
f 1312/1540/838 1311/1539/836 1326/1554/844
f 1304/1532/837 1319/1547/857 1320/1548/846
f 1312/1540/838 1327/1555/845 1328/1556/847
f 1305/1533/839 1320/1548/846 1321/1549/848
f 1314/1542/842 1313/1541/840 1328/1556/847
f 1307/1535/829 1306/1534/841 1321/1549/848
f 1314/1542/842 1329/1557/849 1330/1558/851
f 1308/1536/830 1307/1535/829 1322/1550/850
f 1315/1543/828 1330/1558/851 1331/1559/853
f 1308/1536/830 1323/1551/852 1324/1552/854
f 1317/1545/833 1316/1544/831 1331/1559/853
f 1310/1538/834 1309/1537/832 1324/1552/854
f 1318/1546/835 1317/1545/833 1332/1560/855
f 1310/1538/834 1325/1553/856 1326/1554/844
f 1330/1558/851 1345/1584/871 1346/1586/858
f 1323/1551/852 1338/1570/872 1339/1572/859
f 1331/1559/853 1346/1586/858 1347/1588/860
f 1325/1553/856 1324/1552/854 1339/1572/859
f 1332/1560/855 1347/1588/860 1348/1591/862
f 1326/1554/844 1325/1553/856 1340/1574/861
f 1326/1554/844 1341/1576/863 1342/1578/865
f 1320/1548/846 1319/1547/857 1334/1562/864
f 1327/1555/845 1342/1578/865 1343/1580/867
f 1321/1549/848 1320/1548/846 1335/1564/866
f 1329/1557/849 1328/1556/847 1343/1580/867
f 1322/1550/850 1321/1549/848 1336/1566/868
f 1330/1558/851 1329/1557/849 1344/1582/869
f 1322/1550/850 1337/1568/870 1338/1570/872
f 1335/1565/866 1334/1563/864 1349/1592/873
f 1342/1579/865 1357/1600/887 1358/1601/875
f 1335/1565/866 1350/1593/874 1351/1594/876
f 1343/1581/867 1358/1601/875 1359/1602/877
f 1337/1569/870 1336/1567/868 1351/1594/876
f 1344/1583/869 1359/1602/877 1360/1603/879
f 1338/1571/872 1337/1569/870 1352/1595/878
f 1345/1585/871 1360/1603/879 1361/1604/881
f 1339/1573/859 1338/1571/872 1353/1596/880
f 1347/1589/860 1346/1587/858 1361/1604/881
f 1340/1575/861 1339/1573/859 1354/1597/882
f 1347/1589/860 1362/1605/883 1363/1606/885
f 1341/1577/863 1340/1575/861 1355/1598/884
f 1341/1577/863 1356/1599/886 1357/1600/887
f 1353/1596/880 1368/1611/901 1369/1612/888
f 1361/1604/881 1376/1619/902 1377/1620/889
f 1355/1598/884 1354/1597/882 1369/1612/888
f 1362/1605/883 1377/1620/889 1378/1621/891
f 1356/1599/886 1355/1598/884 1370/1613/890
f 1356/1599/886 1371/1614/892 1372/1615/894
f 1350/1593/874 1349/1592/873 1364/1607/893
f 1357/1600/887 1372/1615/894 1373/1616/896
f 1350/1593/874 1365/1608/895 1366/1609/897
f 1359/1602/877 1358/1601/875 1373/1616/896
f 1351/1594/876 1366/1609/897 1367/1610/899
f 1360/1603/879 1359/1602/877 1374/1617/898
f 1352/1595/878 1367/1610/899 1368/1611/901
f 1361/1604/881 1360/1603/879 1375/1618/900
f 1372/1615/894 1387/1630/916 1388/1631/903
f 1365/1608/895 1380/1623/917 1381/1624/904
f 1374/1617/898 1373/1616/896 1388/1631/903
f 1367/1610/899 1366/1609/897 1381/1624/904
f 1374/1617/898 1389/1632/905 1390/1633/907
f 1368/1611/901 1367/1610/899 1382/1625/906
f 1375/1618/900 1390/1633/907 1391/1634/909
f 1368/1611/901 1383/1626/908 1384/1627/910
f 1377/1620/889 1376/1619/902 1391/1634/909
f 1370/1613/890 1369/1612/888 1384/1627/910
f 1378/1621/891 1377/1620/889 1392/1635/911
f 1370/1613/890 1385/1628/912 1386/1629/914
f 1372/1615/894 1371/1614/892 1386/1629/914
f 1364/1607/893 1379/1622/915 1380/1623/917
f 1391/1634/909 1406/1649/932 1407/1650/918
f 1385/1628/912 1384/1627/910 1399/1642/919
f 1392/1635/911 1407/1650/918 1408/1651/921
f 1386/1629/914 1385/1628/912 1400/1643/920
f 1386/1629/914 1401/1644/922 1402/1645/924
f 1380/1623/917 1379/1622/915 1394/1637/923
f 1387/1630/916 1402/1645/924 1403/1646/926
f 1381/1624/904 1380/1623/917 1395/1638/925
f 1389/1632/905 1388/1631/903 1403/1646/926
f 1382/1625/906 1381/1624/904 1396/1639/927
f 1389/1632/905 1404/1647/928 1405/1648/930
f 1383/1626/908 1382/1625/906 1397/1640/929
f 1390/1633/907 1405/1648/930 1406/1649/932
f 1383/1626/908 1398/1641/931 1399/1642/919
f 1395/1638/925 1410/1653/947 1411/1654/933
f 1404/1647/928 1403/1646/926 1418/1661/934
f 1397/1640/929 1396/1639/927 1411/1654/933
f 1404/1647/928 1419/1662/935 1420/1663/937
f 1398/1641/931 1397/1640/929 1412/1655/936
f 1405/1648/930 1420/1663/937 1421/1664/939
f 1398/1641/931 1413/1656/938 1414/1657/940
f 1407/1650/918 1406/1649/932 1421/1664/939
f 1400/1643/920 1399/1642/919 1414/1657/940
f 1407/1650/918 1422/1665/941 1423/1666/943
f 1401/1644/922 1400/1643/920 1415/1658/942
f 1401/1644/922 1416/1659/944 1417/1660/946
f 1395/1638/925 1394/1637/923 1409/1652/945
f 1402/1645/924 1417/1660/946 1418/1661/934
f 1415/1658/942 1414/1657/940 1429/1672/948
f 1422/1665/941 1437/1680/962 1438/1681/950
f 1416/1659/944 1415/1658/942 1430/1673/949
f 1416/1659/944 1431/1674/951 1432/1675/953
f 1410/1653/947 1409/1652/945 1424/1667/952
f 1417/1660/946 1432/1675/953 1433/1676/955
f 1411/1654/933 1410/1653/947 1425/1668/954
f 1419/1662/935 1418/1661/934 1433/1676/955
f 1412/1655/936 1411/1654/933 1426/1669/956
f 1419/1662/935 1434/1677/957 1435/1678/959
f 1413/1656/938 1412/1655/936 1427/1670/958
f 1420/1663/937 1435/1678/959 1436/1679/961
f 1413/1656/938 1428/1671/960 1429/1672/948
f 1421/1664/939 1436/1679/961 1437/1680/962
f 1434/1677/957 1433/1676/955 1448/1691/963
f 1426/1669/956 1441/1684/977 1442/1685/965
f 1434/1677/957 1449/1692/964 1450/1693/966
f 1428/1671/960 1427/1670/958 1442/1685/965
f 1436/1679/961 1435/1678/959 1450/1693/966
f 1428/1671/960 1443/1686/967 1444/1687/969
f 1437/1680/962 1436/1679/961 1451/1694/968
f 1430/1673/949 1429/1672/948 1444/1687/969
f 1438/1681/950 1437/1680/962 1452/1695/970
f 1430/1673/949 1445/1688/971 1446/1689/973
f 1432/1675/953 1431/1674/951 1446/1689/973
f 1424/1667/952 1439/1682/974 1440/1683/976
f 1432/1675/953 1447/1690/975 1448/1691/963
f 1425/1668/954 1440/1683/976 1441/1684/977
f 1452/1695/970 1461/1704/496 1462/1705/498
f 1445/1688/971 983/1149/499 984/1150/501
f 1447/1690/975 1446/1689/973 984/1150/501
f 1440/1683/976 1439/1682/974 1454/1697/502
f 1447/1690/975 985/1151/506 1458/1701/511
f 1441/1684/977 1440/1683/976 1455/1698/508
f 1449/1692/964 1448/1691/963 1458/1701/511
f 1441/1684/977 981/1147/513 1456/1699/516
f 1449/1692/964 986/1152/515 1459/1702/519
f 1443/1686/967 1442/1685/965 1456/1699/516
f 1451/1694/968 1450/1693/966 1459/1702/519
f 1443/1686/967 982/1148/520 1457/1700/524
f 1451/1694/968 1460/1703/523 1461/1704/496
f 1445/1688/971 1444/1687/969 1457/1700/524
o 立方体.003
v 0.050000 0.380897 -0.942254
v 0.050000 0.438255 -1.024169
v -0.050000 0.380897 -0.942254
v -0.050000 0.438255 -1.024169
v 0.050000 -0.438255 -1.515831
v 0.050000 -0.380897 -1.597746
v -0.050000 -0.438255 -1.515831
v -0.050000 -0.380897 -1.597746
vn -0.0000 0.8191 0.5736
vn -1.0000 -0.0000 -0.0000
vn -0.0000 -0.8191 -0.5736
vn 1.0000 -0.0000 -0.0000
vn -0.0000 -0.5736 0.8192
vn -0.0000 0.5736 -0.8192
vt 0.375000 0.000000
vt 0.375000 1.000000
vt 0.125000 0.750000
vt 0.625000 0.000000
vt 0.625000 1.000000
vt 0.875000 0.750000
vt 0.375000 0.250000
vt 0.125000 0.500000
vt 0.625000 0.250000
vt 0.875000 0.500000
vt 0.375000 0.750000
vt 0.625000 0.750000
vt 0.375000 0.500000
vt 0.625000 0.500000
s 0
usemtl マテリアル.008
f 1463/1706/978 1464/1709/978 1466/1714/978 1465/1712/978
f 1465/1712/979 1466/1714/979 1470/1719/979 1469/1718/979
f 1469/1718/980 1470/1719/980 1468/1717/980 1467/1716/980
f 1467/1716/981 1468/1717/981 1464/1710/981 1463/1707/981
f 1465/1713/982 1469/1718/982 1467/1716/982 1463/1708/982
f 1470/1719/983 1466/1715/983 1464/1711/983 1468/1717/983
