# Blender 3.5.0
# www.blender.org
mtllib sunMark.mtl
o 円錐.004
v -0.422028 1.107801 0.000000
v -0.416264 1.107801 -0.058527
v -0.399192 1.107801 -0.114805
v -0.371469 1.107801 -0.166671
v -0.334160 1.107801 -0.212132
v -0.288699 1.107801 -0.249441
v -0.236833 1.107801 -0.277164
v -0.180555 1.107801 -0.294236
v -0.122028 1.107801 -0.300000
v -0.063501 1.107801 -0.294236
v -0.007223 1.107801 -0.277164
v 0.044643 1.107801 -0.249441
v 0.090104 1.107801 -0.212132
v 0.127413 1.107801 -0.166671
v 0.155136 1.107801 -0.114805
v 0.172207 1.107801 -0.058527
v 0.177972 1.107801 0.000000
v 0.172207 1.107801 0.058527
v 0.155136 1.107801 0.114805
v 0.127413 1.107801 0.166671
v 0.090104 1.107801 0.212132
v 0.044643 1.107801 0.249441
v -0.007223 1.107801 0.277164
v -0.063501 1.107801 0.294236
v -0.122028 1.107801 0.300000
v -0.180555 1.107801 0.294236
v -0.236833 1.107801 0.277164
v -0.288699 1.107801 0.249441
v -0.334160 1.107801 0.212132
v -0.371469 1.107801 0.166671
v -0.399192 1.107801 0.114805
v -0.416264 1.107801 0.058527
v -0.122028 1.707801 0.000000
v 0.995285 -0.109898 0.000000
v 0.961278 0.278798 0.000000
v 0.781113 0.624893 0.000000
v 0.644016 0.765014 0.000000
v 0.482217 0.875696 0.000000
v 0.110095 0.993026 0.000000
v 0.875546 -0.484891 -0.038060
v 0.950219 -0.307369 -0.074658
v 0.988423 -0.118075 -0.108386
v 0.988690 0.075717 -0.137950
v 0.951009 0.266560 -0.162212
v 0.876828 0.447119 -0.180240
v 0.768999 0.610456 -0.191342
v 0.631665 0.750294 -0.195090
v 0.470104 0.861259 -0.191342
v 0.290523 0.939087 -0.180240
v 0.099826 0.980787 -0.162212
v -0.094661 0.984756 -0.137950
v -0.285462 0.950842 -0.108386
v -0.465247 0.880347 -0.074658
v -0.627105 0.775982 -0.038060
v 0.868409 -0.493395 -0.074658
v 0.936221 -0.324051 -0.146447
v 0.968101 -0.142294 -0.212607
v 0.962825 0.044892 -0.270598
v 0.920595 0.230314 -0.318190
v 0.843035 0.406845 -0.353553
v 0.733124 0.567701 -0.375330
v 0.595087 0.706702 -0.382683
v 0.434228 0.818505 -0.375330
v 0.256729 0.898813 -0.353553
v 0.069412 0.944541 -0.318190
v -0.120525 0.953931 -0.270598
v -0.305784 0.926623 -0.212607
v -0.479245 0.863665 -0.146446
v -0.634241 0.767478 -0.074658
v 0.856821 -0.507206 -0.108386
v 0.913489 -0.351142 -0.212607
v 0.935100 -0.181623 -0.308658
v 0.920823 -0.005164 -0.392847
v 0.871206 0.171454 -0.461940
v 0.788156 0.341443 -0.513280
v 0.674865 0.498272 -0.544895
v 0.535687 0.635912 -0.555570
v 0.375969 0.749075 -0.544895
v 0.201851 0.833412 -0.513280
v 0.020023 0.885681 -0.461940
v -0.162528 0.903875 -0.392847
v -0.338785 0.887294 -0.308658
v -0.501976 0.836575 -0.212607
v -0.645829 0.753667 -0.108386
v 0.841226 -0.525792 -0.137950
v 0.882898 -0.387599 -0.270598
v 0.890688 -0.234551 -0.392847
v 0.864297 -0.072528 -0.500000
v 0.804739 0.092242 -0.587938
v 0.714302 0.253428 -0.653281
v 0.596462 0.404835 -0.693520
v 0.455748 0.540644 -0.707107
v 0.297567 0.655638 -0.693520
v 0.127997 0.745396 -0.653281
v -0.046444 0.806469 -0.587938
v -0.219053 0.836511 -0.500000
v -0.383197 0.834366 -0.392847
v -0.532567 0.800118 -0.270598
v -0.661424 0.735081 -0.137950
v 0.822223 -0.548439 -0.162212
v 0.845623 -0.432022 -0.318190
v 0.836573 -0.299043 -0.461940
v 0.795421 -0.154612 -0.587938
v 0.723749 -0.004278 -0.691342
v 0.624311 0.146180 -0.768177
v 0.500928 0.290981 -0.815493
v 0.358342 0.424561 -0.831469
v 0.202032 0.541785 -0.815493
v 0.038006 0.638149 -0.768177
v -0.127434 0.709949 -0.691341
v -0.287929 0.754427 -0.587938
v -0.437313 0.769874 -0.461940
v -0.569843 0.755694 -0.318190
v -0.680427 0.712435 -0.162212
v 0.767273 -0.643818 0.000000
v 0.800543 -0.574276 -0.180240
v 0.803095 -0.482704 -0.353553
v 0.774832 -0.372622 -0.513280
v 0.716841 -0.248260 -0.653281
v 0.631348 -0.114397 -0.768177
v 0.521641 0.023823 -0.853553
v 0.391934 0.161087 -0.906127
v 0.247212 0.292122 -0.923879
v 0.093038 0.411890 -0.906127
v -0.064664 0.515791 -0.853553
v -0.219835 0.599830 -0.768177
v -0.366510 0.660779 -0.653281
v -0.499053 0.696294 -0.513280
v -0.612370 0.705012 -0.353553
v -0.702107 0.686597 -0.180240
v 0.777018 -0.602311 -0.191342
v 0.756950 -0.537698 -0.375330
v 0.707840 -0.452460 -0.544895
v 0.631576 -0.349874 -0.693520
v 0.531087 -0.233883 -0.815493
v 0.410237 -0.108943 -0.906127
v 0.273668 0.020144 -0.961939
v 0.126630 0.148417 -0.980785
v -0.025227 0.270947 -0.961939
v -0.176068 0.383025 -0.906127
v -0.320095 0.480344 -0.815493
v -0.451774 0.559164 -0.693520
v -0.566045 0.616456 -0.544895
v -0.658515 0.650019 -0.375330
v -0.725632 0.658562 -0.191342
v 0.752554 -0.631467 -0.195090
v 0.708961 -0.594889 -0.382683
v 0.638171 -0.535489 -0.555570
v 0.542904 -0.455550 -0.707107
v 0.426820 -0.358144 -0.831469
v 0.294381 -0.247015 -0.923879
v 0.150676 -0.126432 -0.980785
v 0.001228 -0.001031 -1.000000
v -0.148220 0.124371 -0.980785
v -0.291924 0.244953 -0.923879
v -0.424363 0.356083 -0.831469
v -0.540447 0.453489 -0.707107
v -0.635714 0.533428 -0.555570
v -0.706504 0.592828 -0.382683
v -0.750097 0.629406 -0.195090
v 0.728089 -0.660623 -0.191342
v 0.660972 -0.652080 -0.375330
v 0.568502 -0.618518 -0.544895
v 0.454231 -0.561226 -0.693520
v 0.322552 -0.482406 -0.815493
v 0.178525 -0.385087 -0.906127
v 0.027684 -0.273009 -0.961939
v -0.124173 -0.150479 -0.980785
v -0.271212 -0.022205 -0.961939
v -0.407780 0.106882 -0.906127
v -0.528631 0.231822 -0.815493
v -0.629119 0.347813 -0.693520
v -0.705384 0.450399 -0.544895
v -0.754493 0.535636 -0.375330
v -0.774561 0.600250 -0.191342
v 0.704564 -0.688659 -0.180240
v 0.614827 -0.707074 -0.353553
v 0.501510 -0.698356 -0.513280
v 0.368967 -0.662840 -0.653281
v 0.222291 -0.601892 -0.768177
v 0.067121 -0.517852 -0.853553
v -0.090581 -0.413952 -0.906127
v -0.244756 -0.294183 -0.923879
v -0.389477 -0.163149 -0.906127
v -0.519184 -0.025884 -0.853553
v -0.628891 0.112336 -0.768177
v -0.714384 0.246199 -0.653281
v -0.772376 0.370561 -0.513280
v -0.800638 0.480643 -0.353553
v -0.798086 0.572215 -0.180240
v 0.682884 -0.714496 -0.162212
v 0.572300 -0.757756 -0.318190
v 0.439769 -0.771935 -0.461939
v 0.290386 -0.756489 -0.587938
v 0.129891 -0.712011 -0.691341
v -0.035549 -0.640210 -0.768177
v -0.199576 -0.543846 -0.815493
v -0.355885 -0.426622 -0.831469
v -0.498471 -0.293043 -0.815493
v -0.621854 -0.148242 -0.768177
v -0.721292 0.002217 -0.691341
v -0.792964 0.152550 -0.587937
v -0.834116 0.296982 -0.461939
v -0.843166 0.429961 -0.318189
v -0.819766 0.546377 -0.162211
v 0.663881 -0.737143 -0.137950
v 0.535024 -0.802179 -0.270598
v 0.385654 -0.836428 -0.392847
v 0.221510 -0.838572 -0.500000
v 0.048901 -0.808531 -0.587937
v -0.125540 -0.747457 -0.653281
v -0.295110 -0.657699 -0.693520
v -0.453291 -0.542706 -0.707106
v -0.594005 -0.406896 -0.693520
v -0.711845 -0.255489 -0.653281
v -0.802282 -0.094303 -0.587937
v -0.861841 0.070467 -0.500000
v -0.888232 0.232489 -0.392847
v -0.880441 0.385538 -0.270598
v -0.838769 0.523730 -0.137949
v 0.648286 -0.755729 -0.108386
v 0.504433 -0.838636 -0.212607
v 0.341242 -0.889355 -0.308658
v 0.164984 -0.905937 -0.392847
v -0.017566 -0.887743 -0.461939
v -0.199394 -0.835473 -0.513280
v -0.373513 -0.751136 -0.544895
v -0.533230 -0.637973 -0.555570
v -0.672408 -0.500333 -0.544895
v -0.785699 -0.343505 -0.513280
v -0.868749 -0.173515 -0.461939
v -0.918366 0.003102 -0.392847
v -0.932643 0.179561 -0.308658
v -0.911033 0.349080 -0.212607
v -0.854364 0.505145 -0.108386
v 0.636698 -0.769539 -0.074658
v 0.481701 -0.865727 -0.146446
v 0.308241 -0.928684 -0.212607
v 0.122982 -0.955993 -0.270598
v -0.066955 -0.946602 -0.318189
v -0.254273 -0.900874 -0.353553
v -0.431771 -0.820566 -0.375330
v -0.592630 -0.708763 -0.382683
v -0.730667 -0.569763 -0.375330
v -0.840578 -0.408906 -0.353553
v -0.918138 -0.232375 -0.318189
v -0.960368 -0.046954 -0.270598
v -0.965644 0.140233 -0.212607
v -0.933764 0.321990 -0.146446
v -0.865953 0.491334 -0.074658
v 0.629561 -0.778044 -0.038060
v 0.467704 -0.882408 -0.074658
v 0.287919 -0.952903 -0.108386
v 0.097118 -0.986817 -0.137950
v -0.097369 -0.982848 -0.162211
v -0.288066 -0.941148 -0.180240
v -0.467647 -0.863321 -0.191341
v -0.629208 -0.752355 -0.195090
v -0.766542 -0.612517 -0.191341
v -0.874371 -0.449180 -0.180240
v -0.948552 -0.268621 -0.162211
v -0.986233 -0.077778 -0.137950
v -0.985966 0.116014 -0.108386
v -0.947762 0.305308 -0.074658
v -0.873089 0.482830 -0.038060
v 0.627152 -0.780915 0.000000
v 0.462977 -0.888041 0.000000
v 0.281058 -0.961080 0.000000
v 0.088384 -0.997225 0.000000
v -0.107638 -0.995087 0.000000
v -0.299477 -0.954747 0.000000
v -0.479760 -0.877757 0.000000
v -0.641559 -0.767075 0.000000
v -0.778656 -0.626954 0.000000
v -0.885782 -0.462779 0.000000
v -0.958821 -0.280859 0.000000
v -0.994966 -0.088186 0.000000
v -0.992828 0.107837 0.000000
v -0.952488 0.299675 0.000000
v -0.875498 0.479958 0.000000
v 0.629561 -0.778044 0.038060
v 0.467704 -0.882408 0.074658
v 0.287919 -0.952903 0.108386
v 0.097118 -0.986817 0.137950
v -0.097369 -0.982848 0.162212
v -0.288066 -0.941148 0.180240
v -0.467646 -0.863321 0.191342
v -0.629208 -0.752355 0.195091
v -0.766542 -0.612517 0.191342
v -0.874371 -0.449180 0.180240
v -0.948552 -0.268621 0.162212
v -0.986233 -0.077778 0.137950
v -0.985966 0.116014 0.108387
v -0.947762 0.305308 0.074658
v -0.873089 0.482830 0.038060
v 0.636698 -0.769539 0.074658
v 0.481701 -0.865726 0.146447
v 0.308241 -0.928684 0.212608
v 0.122982 -0.955993 0.270598
v -0.066955 -0.946602 0.318190
v -0.254272 -0.900874 0.353553
v -0.431771 -0.820566 0.375330
v -0.592629 -0.708763 0.382684
v -0.730667 -0.569762 0.375330
v -0.840577 -0.408906 0.353553
v -0.918138 -0.232375 0.318190
v -0.960368 -0.046954 0.270598
v -0.965644 0.140233 0.212608
v -0.933764 0.321990 0.146447
v -0.865953 0.491334 0.074658
v 0.648286 -0.755729 0.108386
v 0.504433 -0.838636 0.212608
v 0.341242 -0.889355 0.308658
v 0.164985 -0.905937 0.392847
v -0.017566 -0.887743 0.461940
v -0.199394 -0.835473 0.513280
v -0.373512 -0.751136 0.544895
v -0.533229 -0.637973 0.555570
v -0.672408 -0.500333 0.544895
v -0.785699 -0.343505 0.513280
v -0.868749 -0.173515 0.461940
v -0.918366 0.003102 0.392847
v -0.932643 0.179562 0.308658
v -0.911033 0.349080 0.212608
v -0.854364 0.505145 0.108386
v 0.663881 -0.737143 0.137950
v 0.535024 -0.802179 0.270598
v 0.385654 -0.836427 0.392847
v 0.221510 -0.838572 0.500000
v 0.048901 -0.808531 0.587938
v -0.125540 -0.747457 0.653281
v -0.295109 -0.657699 0.693520
v -0.453290 -0.542705 0.707106
v -0.594005 -0.406896 0.693520
v -0.711845 -0.255489 0.653281
v -0.802282 -0.094303 0.587938
v -0.861840 0.070467 0.500000
v -0.888232 0.232489 0.392847
v -0.880441 0.385538 0.270598
v -0.838769 0.523730 0.137950
v -0.764816 0.641757 0.000000
v 0.682884 -0.714496 0.162212
v 0.572300 -0.757756 0.318190
v 0.439770 -0.771935 0.461940
v 0.290386 -0.756489 0.587938
v 0.129891 -0.712011 0.691341
v -0.035549 -0.640210 0.768177
v -0.199575 -0.543846 0.815493
v -0.355885 -0.426621 0.831469
v -0.498471 -0.293043 0.815493
v -0.621854 -0.148242 0.768177
v -0.721292 0.002217 0.691342
v -0.792964 0.152550 0.587938
v -0.834116 0.296982 0.461940
v -0.843166 0.429961 0.318190
v -0.819766 0.546377 0.162212
v 0.704564 -0.688658 0.180240
v 0.614827 -0.707074 0.353553
v 0.501510 -0.698356 0.513280
v 0.368967 -0.662840 0.653281
v 0.222292 -0.601891 0.768177
v 0.067121 -0.517852 0.853553
v -0.090581 -0.413952 0.906127
v -0.244755 -0.294183 0.923879
v -0.389477 -0.163148 0.906127
v -0.519184 -0.025884 0.853553
v -0.628891 0.112336 0.768177
v -0.714384 0.246199 0.653281
v -0.772376 0.370561 0.513280
v -0.800638 0.480643 0.353553
v -0.798086 0.572215 0.180240
v 0.728089 -0.660623 0.191342
v 0.660972 -0.652080 0.375330
v 0.568502 -0.618518 0.544895
v 0.454231 -0.561226 0.693520
v 0.322552 -0.482406 0.815493
v 0.178525 -0.385087 0.906127
v 0.027684 -0.273008 0.961939
v -0.124173 -0.150478 0.980784
v -0.271211 -0.022205 0.961939
v -0.407780 0.106882 0.906127
v -0.528630 0.231822 0.815493
v -0.629119 0.347813 0.693520
v -0.705383 0.450399 0.544895
v -0.754493 0.535636 0.375330
v -0.774561 0.600250 0.191342
v 0.752554 -0.631467 0.195090
v 0.708961 -0.594889 0.382683
v 0.638171 -0.535489 0.555570
v 0.542904 -0.455550 0.707107
v 0.426820 -0.358144 0.831469
v 0.294381 -0.247015 0.923879
v 0.150676 -0.126432 0.980785
v 0.001229 -0.001030 0.999999
v -0.148219 0.124371 0.980785
v -0.291924 0.244953 0.923879
v -0.424363 0.356083 0.831469
v -0.540447 0.453489 0.707107
v -0.635714 0.533428 0.555570
v -0.706504 0.592828 0.382683
v -0.750097 0.629406 0.195090
v 0.777018 -0.602311 0.191342
v 0.756950 -0.537698 0.375330
v 0.707841 -0.452460 0.544895
v 0.631576 -0.349874 0.693520
v 0.531088 -0.233883 0.815493
v 0.410237 -0.108943 0.906127
v 0.273668 0.020144 0.961939
v 0.126630 0.148417 0.980784
v -0.025227 0.270947 0.961939
v -0.176068 0.383025 0.906127
v -0.320095 0.480344 0.815493
v -0.451774 0.559164 0.693520
v -0.566045 0.616457 0.544895
v -0.658515 0.650019 0.375330
v -0.725632 0.658562 0.191342
v 0.800543 -0.574276 0.180240
v 0.803095 -0.482704 0.353553
v 0.774833 -0.372622 0.513279
v 0.716841 -0.248260 0.653281
v 0.631348 -0.114397 0.768177
v 0.521641 0.023823 0.853553
v 0.391934 0.161087 0.906127
v 0.247213 0.292122 0.923878
v 0.093038 0.411891 0.906127
v -0.064664 0.515791 0.853553
v -0.219835 0.599830 0.768177
v -0.366510 0.660779 0.653281
v -0.499053 0.696294 0.513279
v -0.612370 0.705012 0.353553
v -0.702107 0.686597 0.180240
v 0.822223 -0.548439 0.162212
v 0.845623 -0.432022 0.318189
v 0.836573 -0.299043 0.461939
v 0.795421 -0.154612 0.587938
v 0.723749 -0.004278 0.691341
v 0.624311 0.146180 0.768177
v 0.500928 0.290982 0.815493
v 0.358342 0.424561 0.831468
v 0.202032 0.541785 0.815493
v 0.038006 0.638149 0.768177
v -0.127434 0.709949 0.691341
v -0.287929 0.754427 0.587938
v -0.437312 0.769874 0.461939
v -0.569843 0.755694 0.318190
v -0.680427 0.712435 0.162212
v 0.841226 -0.525792 0.137950
v 0.882898 -0.387599 0.270598
v 0.890688 -0.234551 0.392847
v 0.864297 -0.072528 0.500000
v 0.804739 0.092242 0.587937
v 0.714302 0.253428 0.653281
v 0.596462 0.404835 0.693519
v 0.455748 0.540644 0.707106
v 0.297566 0.655638 0.693519
v 0.127997 0.745396 0.653281
v -0.046444 0.806469 0.587937
v -0.219053 0.836511 0.500000
v -0.383197 0.834366 0.392847
v -0.532567 0.800118 0.270598
v -0.661424 0.735081 0.137950
v 0.856821 -0.507206 0.108386
v 0.913489 -0.351142 0.212607
v 0.935100 -0.181623 0.308658
v 0.920823 -0.005164 0.392847
v 0.871206 0.171454 0.461939
v 0.788156 0.341443 0.513280
v 0.674865 0.498271 0.544895
v 0.535686 0.635911 0.555569
v 0.375969 0.749075 0.544895
v 0.201851 0.833411 0.513280
v 0.020023 0.885681 0.461939
v -0.162528 0.903875 0.392847
v -0.338785 0.887294 0.308658
v -0.501976 0.836575 0.212607
v -0.645829 0.753667 0.108386
v 0.868409 -0.493396 0.074658
v 0.936221 -0.324051 0.146446
v 0.968101 -0.142294 0.212607
v 0.962825 0.044892 0.270598
v 0.920595 0.230313 0.318189
v 0.843034 0.406845 0.353553
v 0.733123 0.567701 0.375330
v 0.595086 0.706701 0.382683
v 0.434228 0.818504 0.375330
v 0.256729 0.898813 0.353553
v 0.069412 0.944541 0.318189
v -0.120526 0.953931 0.270598
v -0.305784 0.926623 0.212607
v -0.479245 0.863665 0.146447
v -0.634241 0.767478 0.074658
v 0.875545 -0.484891 0.038060
v 0.950219 -0.307369 0.074658
v 0.988423 -0.118076 0.108386
v 0.988689 0.075717 0.137950
v 0.951008 0.266559 0.162211
v 0.876828 0.447119 0.180240
v 0.768999 0.610456 0.191341
v 0.631664 0.750293 0.195090
v 0.470103 0.861259 0.191341
v 0.290523 0.939087 0.180240
v 0.099826 0.980786 0.162211
v -0.094661 0.984756 0.137950
v -0.285463 0.950841 0.108386
v -0.465247 0.880347 0.074658
v -0.627105 0.775982 0.038060
v 0.877955 -0.482020 0.000000
v 0.954945 -0.301737 -0.000000
v 0.997423 0.086125 -0.000000
v 0.888239 0.460717 -0.000000
v 0.301934 0.952686 0.000000
v -0.085927 0.995164 -0.000000
v -0.278601 0.959019 -0.000000
v -0.460520 0.885980 0.000000
v -0.624695 0.778854 0.000000
v 1.036713 -0.478284 0.000000
v 1.033008 -0.482700 -0.058527
v 1.022035 -0.495777 -0.114805
v 1.004215 -0.517014 -0.166671
v 0.980233 -0.545595 -0.212132
v 0.951011 -0.580419 -0.249441
v 0.917672 -0.620151 -0.277164
v 0.881498 -0.663263 -0.294235
v 0.843877 -0.708097 -0.300000
v 0.806257 -0.752931 -0.294235
v 0.770082 -0.796043 -0.277164
v 0.736743 -0.835774 -0.249441
v 0.707521 -0.870600 -0.212132
v 0.683540 -0.899180 -0.166671
v 0.665720 -0.920417 -0.114805
v 0.654746 -0.933494 -0.058527
v 0.651041 -0.937910 0.000000
v 0.654746 -0.933494 0.058527
v 0.665720 -0.920417 0.114805
v 0.683540 -0.899180 0.166671
v 0.707521 -0.870600 0.212132
v 0.736743 -0.835774 0.249441
v 0.770082 -0.796043 0.277164
v 0.806257 -0.752931 0.294236
v 0.843877 -0.708097 0.300000
v 0.881498 -0.663263 0.294236
v 0.917672 -0.620151 0.277164
v 0.951011 -0.580419 0.249441
v 0.980233 -0.545595 0.212132
v 1.004215 -0.517014 0.166671
v 1.022035 -0.495777 0.114805
v 1.033008 -0.482700 0.058527
v 1.303504 -1.093770 0.000000
v -1.034257 0.476222 0.000000
v -1.030551 0.480638 -0.058527
v -1.019578 0.493716 -0.114805
v -1.001758 0.514953 -0.166671
v -0.977776 0.543533 -0.212132
v -0.948555 0.578358 -0.249441
v -0.915216 0.618090 -0.277164
v -0.879041 0.661201 -0.294235
v -0.841420 0.706036 -0.300000
v -0.803800 0.750870 -0.294235
v -0.767625 0.793981 -0.277164
v -0.734286 0.833713 -0.249441
v -0.705065 0.868538 -0.212132
v -0.681083 0.897119 -0.166671
v -0.663263 0.918356 -0.114805
v -0.652289 0.931433 -0.058527
v -0.648584 0.935849 0.000000
v -0.652289 0.931433 0.058527
v -0.663263 0.918356 0.114805
v -0.681083 0.897119 0.166671
v -0.705065 0.868538 0.212132
v -0.734286 0.833713 0.249441
v -0.767625 0.793981 0.277164
v -0.803800 0.750870 0.294236
v -0.841420 0.706036 0.300000
v -0.879041 0.661201 0.294236
v -0.915216 0.618090 0.277164
v -0.948555 0.578358 0.249441
v -0.977776 0.543533 0.212132
v -1.001758 0.514953 0.166671
v -1.019578 0.493716 0.114805
v -1.030551 0.480638 0.058527
v -1.301047 1.091708 0.000000
v -0.476025 -1.036516 0.000000
v -0.480441 -1.032810 -0.058527
v -0.493518 -1.021837 -0.114805
v -0.514755 -1.004017 -0.166671
v -0.543336 -0.980035 -0.212132
v -0.578161 -0.950814 -0.249441
v -0.617892 -0.917475 -0.277164
v -0.661004 -0.881300 -0.294235
v -0.705838 -0.843679 -0.300000
v -0.750672 -0.806059 -0.294235
v -0.793784 -0.769884 -0.277164
v -0.833516 -0.736545 -0.249441
v -0.868341 -0.707324 -0.212132
v -0.896921 -0.683342 -0.166671
v -0.918158 -0.665522 -0.114805
v -0.931236 -0.654548 -0.058527
v -0.935651 -0.650843 0.000000
v -0.931236 -0.654548 0.058527
v -0.918158 -0.665522 0.114805
v -0.896921 -0.683342 0.166671
v -0.868341 -0.707324 0.212132
v -0.833516 -0.736545 0.249441
v -0.793784 -0.769884 0.277164
v -0.750672 -0.806059 0.294236
v -0.705838 -0.843679 0.300000
v -0.661004 -0.881300 0.294236
v -0.617892 -0.917475 0.277164
v -0.578161 -0.950814 0.249441
v -0.543336 -0.980035 0.212132
v -0.514755 -1.004017 0.166671
v -0.493518 -1.021837 0.114805
v -0.480441 -1.032810 0.058527
v -1.091511 -1.303306 0.000000
v 0.478482 1.034454 0.000000
v 0.482897 1.030749 -0.058527
v 0.495975 1.019776 -0.114805
v 0.517212 1.001956 -0.166671
v 0.545792 0.977974 -0.212132
v 0.580617 0.948752 -0.249441
v 0.620349 0.915413 -0.277164
v 0.663460 0.879239 -0.294235
v 0.708295 0.841618 -0.300000
v 0.753129 0.803998 -0.294235
v 0.796241 0.767823 -0.277164
v 0.835972 0.734484 -0.249441
v 0.870797 0.705262 -0.212132
v 0.899378 0.681281 -0.166671
v 0.920615 0.663461 -0.114805
v 0.933692 0.652487 -0.058527
v 0.938108 0.648782 0.000000
v 0.933692 0.652487 0.058527
v 0.920615 0.663461 0.114805
v 0.899378 0.681281 0.166671
v 0.870797 0.705262 0.212132
v 0.835972 0.734484 0.249441
v 0.796241 0.767823 0.277164
v 0.753129 0.803998 0.294236
v 0.708295 0.841618 0.300000
v 0.663460 0.879239 0.294236
v 0.620349 0.915413 0.277164
v 0.580617 0.948752 0.249441
v 0.545792 0.977974 0.212132
v 0.517212 1.001956 0.166671
v 0.495975 1.019776 0.114805
v 0.482897 1.030749 0.058527
v 1.093967 1.301245 0.000000
v 1.085055 0.394938 0.000000
v 1.085558 0.389195 -0.058527
v 1.087046 0.372188 -0.114805
v 1.089462 0.344571 -0.166671
v 1.092713 0.307404 -0.212132
v 1.096676 0.262116 -0.249441
v 1.101196 0.210447 -0.277164
v 1.106101 0.154384 -0.294236
v 1.111202 0.096079 -0.300000
v 1.116303 0.037775 -0.294236
v 1.121208 -0.018289 -0.277164
v 1.125728 -0.069957 -0.249441
v 1.129690 -0.115245 -0.212132
v 1.132942 -0.152412 -0.166671
v 1.135358 -0.180030 -0.114805
v 1.136846 -0.197037 -0.058527
v 1.137349 -0.202779 0.000000
v 1.136846 -0.197037 0.058527
v 1.135358 -0.180030 0.114805
v 1.132942 -0.152412 0.166671
v 1.129690 -0.115245 0.212132
v 1.125728 -0.069957 0.249441
v 1.121208 -0.018289 0.277164
v 1.116303 0.037775 0.294236
v 1.111202 0.096079 0.300000
v 1.106101 0.154384 0.294236
v 1.101196 0.210447 0.277164
v 1.096676 0.262116 0.249441
v 1.092713 0.307404 0.212132
v 1.089462 0.344571 0.166671
v 1.087046 0.372188 0.114805
v 1.085558 0.389195 0.058527
v 1.708919 0.148373 0.000000
v 0.397197 -1.084858 0.000000
v 0.391454 -1.085360 -0.058527
v 0.374448 -1.086848 -0.114805
v 0.346830 -1.089264 -0.166671
v 0.309663 -1.092516 -0.212132
v 0.264375 -1.096478 -0.249441
v 0.212707 -1.100998 -0.277164
v 0.156643 -1.105903 -0.294235
v 0.098338 -1.111004 -0.300000
v 0.040034 -1.116105 -0.294235
v -0.016030 -1.121010 -0.277164
v -0.067698 -1.125530 -0.249441
v -0.112986 -1.129493 -0.212132
v -0.150153 -1.132745 -0.166671
v -0.177771 -1.135161 -0.114805
v -0.194777 -1.136649 -0.058527
v -0.200520 -1.137151 0.000000
v -0.194777 -1.136649 0.058527
v -0.177771 -1.135161 0.114805
v -0.150153 -1.132745 0.166671
v -0.112986 -1.129493 0.212132
v -0.067698 -1.125530 0.249441
v -0.016030 -1.121010 0.277164
v 0.040034 -1.116105 0.294236
v 0.098339 -1.111004 0.300000
v 0.156643 -1.105903 0.294236
v 0.212707 -1.100998 0.277164
v 0.264375 -1.096478 0.249441
v 0.309663 -1.092516 0.212132
v 0.346830 -1.089264 0.166671
v 0.374448 -1.086848 0.114805
v 0.391454 -1.085360 0.058527
v 0.150632 -1.708721 0.000000
v -1.060067 -0.367635 0.000000
v -1.061068 -0.361958 -0.058527
v -1.064032 -0.345146 -0.114805
v -1.068846 -0.317844 -0.166671
v -1.075325 -0.281102 -0.212132
v -1.083219 -0.236332 -0.249441
v -1.092226 -0.185254 -0.277164
v -1.101998 -0.129831 -0.294235
v -1.112161 -0.072193 -0.300000
v -1.122324 -0.014555 -0.294235
v -1.132097 0.040868 -0.277164
v -1.141103 0.091946 -0.249441
v -1.148998 0.136716 -0.212132
v -1.155476 0.173458 -0.166671
v -1.160290 0.200760 -0.114805
v -1.163255 0.217573 -0.058527
v -1.164256 0.223249 0.000000
v -1.163255 0.217573 0.058527
v -1.160290 0.200760 0.114805
v -1.155476 0.173458 0.166671
v -1.148998 0.136716 0.212132
v -1.141103 0.091946 0.249441
v -1.132097 0.040868 0.277164
v -1.122324 -0.014555 0.294236
v -1.112161 -0.072193 0.300000
v -1.101998 -0.129831 0.294236
v -1.092226 -0.185254 0.277164
v -1.083219 -0.236332 0.249441
v -1.075325 -0.281102 0.212132
v -1.068846 -0.317844 0.166671
v -1.064032 -0.345146 0.114805
v -1.061068 -0.361958 0.058527
v -1.703046 -0.176382 0.000000
vn -0.8641 -0.5033 -0.0000
vn -0.0000 1.0000 -0.0000
vn -0.8475 -0.5033 -0.1686
vn -0.7983 -0.5033 -0.3307
vn -0.7185 -0.5033 -0.4801
vn -0.6110 -0.5033 -0.6110
vn -0.4801 -0.5033 -0.7185
vn -0.3307 -0.5033 -0.7983
vn -0.1686 -0.5033 -0.8475
vn -0.0000 -0.5033 -0.8641
vn 0.1686 -0.5033 -0.8475
vn 0.3307 -0.5033 -0.7983
vn 0.4801 -0.5033 -0.7185
vn 0.6110 -0.5033 -0.6110
vn 0.7185 -0.5033 -0.4801
vn 0.7983 -0.5033 -0.3307
vn 0.8475 -0.5033 -0.1686
vn 0.8641 -0.5033 -0.0000
vn 0.8475 -0.5033 0.1686
vn 0.7983 -0.5033 0.3307
vn 0.7185 -0.5033 0.4801
vn 0.6110 -0.5033 0.6110
vn 0.4801 -0.5033 0.7185
vn 0.3307 -0.5033 0.7983
vn 0.1686 -0.5033 0.8475
vn -0.0000 -0.5033 0.8641
vn -0.1686 -0.5033 0.8475
vn -0.3307 -0.5033 0.7983
vn -0.4801 -0.5033 0.7185
vn -0.6110 -0.5033 0.6110
vn -0.7185 -0.5033 0.4801
vn -0.7983 -0.5033 0.3307
vn -0.8475 -0.5033 0.1686
vn -0.7660 0.6428 -0.0000
vn -0.6212 0.7836 -0.0000
vn -0.6237 0.7807 -0.0392
vn 0.6428 0.7660 -0.0000
vn 0.4699 0.8617 -0.1914
vn 0.4820 0.8762 -0.0000
vn 0.9554 -0.2953 -0.0000
vn 0.8771 -0.4787 -0.0392
vn 0.9506 -0.3010 -0.0757
vn 0.2915 0.9394 -0.1804
vn 0.3029 0.9530 -0.0000
vn 0.9946 -0.1038 -0.0000
vn 0.9877 -0.1121 -0.1092
vn 0.1019 0.9814 -0.1626
vn 0.1122 0.9937 -0.0000
vn 0.9958 0.0914 -0.0000
vn 0.9870 0.0810 -0.1385
vn -0.0916 0.9861 -0.1385
vn -0.0829 0.9966 -0.0000
vn 0.9488 0.2708 -0.1626
vn 0.9591 0.2831 -0.0000
vn -0.2819 0.9532 -0.1092
vn -0.2750 0.9615 -0.0000
vn 0.8859 0.4638 -0.0000
vn 0.8745 0.4502 -0.1804
vn -0.4615 0.8839 -0.0757
vn -0.4567 0.8896 -0.0000
vn 0.7670 0.6124 -0.1914
vn 0.7791 0.6268 -0.0000
vn 0.6304 0.7513 -0.1951
vn 0.8796 -0.4757 -0.0000
vn 0.7660 -0.6428 -0.0000
vn -0.6311 0.7719 -0.0769
vn 0.7311 0.5696 -0.3754
vn 0.5939 0.7077 -0.3827
vn 0.8698 -0.4874 -0.0769
vn 0.4340 0.8190 -0.3754
vn 0.9364 -0.3179 -0.1484
vn 0.2577 0.8991 -0.3539
vn 0.9672 -0.1365 -0.2142
vn 0.0714 0.9451 -0.3189
vn 0.9611 0.0500 -0.2718
vn -0.1176 0.9552 -0.2718
vn 0.9183 0.2345 -0.3189
vn -0.3024 0.9288 -0.2142
vn 0.8407 0.4099 -0.3539
vn -0.4757 0.8670 -0.1484
vn 0.9189 -0.0002 -0.3945
vn 0.0219 0.8861 -0.4630
vn -0.1598 0.9049 -0.3945
vn 0.8688 0.1755 -0.4630
vn -0.3356 0.8892 -0.3110
vn 0.7858 0.3444 -0.5138
vn -0.4988 0.8395 -0.2155
vn 0.6729 0.5002 -0.5450
vn -0.6430 0.7577 -0.1117
vn 0.5345 0.6369 -0.5556
vn 0.8578 -0.5017 -0.1117
vn 0.3758 0.7495 -0.5450
vn 0.9134 -0.3454 -0.2155
vn 0.2027 0.8336 -0.5138
vn 0.9340 -0.1761 -0.3110
vn 0.5944 0.4067 -0.6937
vn 0.4545 0.5417 -0.7071
vn 0.8418 -0.5208 -0.1421
vn -0.6591 0.7385 -0.1421
vn 0.2973 0.6560 -0.6937
vn 0.8824 -0.3824 -0.2743
vn 0.1288 0.7455 -0.6539
vn 0.8892 -0.2294 -0.3958
vn -0.0447 0.8067 -0.5893
vn 0.8621 -0.0679 -0.5021
vn -0.2166 0.8372 -0.5021
vn 0.8022 0.0961 -0.5893
vn -0.3803 0.8359 -0.3958
vn 0.7118 0.2563 -0.6539
vn -0.5298 0.8026 -0.2743
vn -0.2857 0.7548 -0.5905
vn 0.7929 -0.1503 -0.5905
vn 0.7210 -0.0006 -0.6929
vn -0.4349 0.7709 -0.4654
vn 0.6218 0.1490 -0.7689
vn -0.5675 0.7575 -0.3225
vn 0.4989 0.2929 -0.8157
vn -0.6786 0.7152 -0.1671
vn 0.3571 0.4256 -0.8315
vn 0.8222 -0.5441 -0.1671
vn 0.2018 0.5422 -0.8157
vn 0.8446 -0.4274 -0.3225
vn 0.0387 0.6382 -0.7689
vn 0.8347 -0.2944 -0.4654
vn -0.1258 0.7100 -0.6929
vn -0.7010 0.6886 -0.1857
vn 0.0928 0.4122 -0.9063
vn 0.7999 -0.5708 -0.1857
vn 0.8015 -0.4788 -0.3584
vn -0.0640 0.5157 -0.8544
vn 0.7725 -0.3685 -0.5172
vn -0.2185 0.5996 -0.7699
vn 0.7140 -0.2444 -0.6561
vn -0.3647 0.6607 -0.6561
vn 0.6284 -0.1110 -0.7699
vn -0.4971 0.6967 -0.5172
vn 0.5190 0.0265 -0.8544
vn -0.6107 0.7062 -0.3584
vn 0.3899 0.1629 -0.9063
vn 0.2460 0.2932 -0.9239
vn -0.4503 0.5587 -0.6965
vn -0.5646 0.6163 -0.5490
vn 0.4075 -0.1064 -0.9070
vn -0.6574 0.6504 -0.3804
vn 0.2716 0.0220 -0.9622
vn -0.7252 0.6597 -0.1971
vn 0.1254 0.1494 -0.9808
vn 0.7756 -0.5996 -0.1971
vn -0.0255 0.2713 -0.9622
vn 0.7547 -0.5345 -0.3804
vn -0.1755 0.3828 -0.9070
vn 0.7050 -0.4490 -0.5490
vn -0.3189 0.4798 -0.8173
vn 0.6284 -0.3464 -0.6965
vn 0.5279 -0.2308 -0.8173
vn 0.7504 -0.6297 -0.2010
vn 0.7061 -0.5925 -0.3879
vn -0.2915 0.2446 -0.9248
vn 0.6348 -0.5326 -0.5598
vn -0.4234 0.3553 -0.8333
vn 0.5393 -0.4526 -0.7101
vn -0.5393 0.4526 -0.7101
vn 0.4234 -0.3553 -0.8333
vn -0.6348 0.5326 -0.5598
vn 0.2915 -0.2446 -0.9248
vn -0.7061 0.5925 -0.3879
vn 0.1486 -0.1247 -0.9810
vn -0.7504 0.6297 -0.2010
vn -0.0000 -0.0000 -1.0000
vn -0.1486 0.1247 -0.9810
vn 0.1755 -0.3828 -0.9070
vn -0.7050 0.4490 -0.5490
vn -0.7547 0.5345 -0.3804
vn 0.0255 -0.2713 -0.9622
vn -0.7756 0.5996 -0.1971
vn -0.1254 -0.1494 -0.9808
vn 0.7252 -0.6597 -0.1971
vn -0.2716 -0.0220 -0.9622
vn 0.6574 -0.6504 -0.3804
vn -0.4075 0.1064 -0.9070
vn 0.5646 -0.6163 -0.5490
vn -0.5279 0.2308 -0.8173
vn 0.4503 -0.5587 -0.6965
vn -0.6284 0.3464 -0.6965
vn 0.3189 -0.4798 -0.8173
vn -0.5190 -0.0265 -0.8544
vn 0.6107 -0.7062 -0.3584
vn 0.4971 -0.6967 -0.5172
vn -0.6284 0.1110 -0.7699
vn 0.3647 -0.6607 -0.6561
vn -0.7140 0.2444 -0.6561
vn 0.2185 -0.5996 -0.7699
vn -0.7725 0.3685 -0.5172
vn 0.0640 -0.5157 -0.8544
vn -0.8015 0.4788 -0.3584
vn -0.0928 -0.4122 -0.9063
vn -0.7999 0.5708 -0.1857
vn -0.2460 -0.2932 -0.9239
vn 0.7010 -0.6886 -0.1857
vn -0.3899 -0.1629 -0.9063
vn -0.8347 0.2944 -0.4654
vn -0.8446 0.4274 -0.3225
vn -0.0387 -0.6382 -0.7689
vn -0.2018 -0.5422 -0.8157
vn -0.8222 0.5441 -0.1671
vn -0.3571 -0.4256 -0.8315
vn 0.6786 -0.7152 -0.1671
vn -0.4989 -0.2929 -0.8157
vn 0.5675 -0.7575 -0.3225
vn -0.6218 -0.1490 -0.7689
vn 0.4349 -0.7709 -0.4654
vn -0.7210 0.0006 -0.6929
vn 0.2857 -0.7548 -0.5905
vn -0.7929 0.1503 -0.5905
vn 0.1258 -0.7100 -0.6929
vn 0.3803 -0.8359 -0.3958
vn -0.7118 -0.2563 -0.6539
vn -0.8022 -0.0961 -0.5893
vn 0.2166 -0.8372 -0.5021
vn -0.8621 0.0679 -0.5021
vn 0.0447 -0.8067 -0.5893
vn -0.8892 0.2294 -0.3958
vn -0.1288 -0.7455 -0.6539
vn -0.8824 0.3824 -0.2743
vn -0.2973 -0.6560 -0.6937
vn -0.8418 0.5208 -0.1421
vn -0.4545 -0.5417 -0.7071
vn 0.6591 -0.7385 -0.1421
vn -0.5944 -0.4067 -0.6937
vn 0.5298 -0.8026 -0.2743
vn -0.2027 -0.8336 -0.5138
vn -0.3758 -0.7495 -0.5450
vn -0.9134 0.3454 -0.2155
vn -0.8578 0.5017 -0.1117
vn -0.5345 -0.6369 -0.5556
vn 0.6430 -0.7577 -0.1117
vn -0.6729 -0.5002 -0.5450
vn 0.4988 -0.8395 -0.2155
vn -0.7858 -0.3444 -0.5138
vn 0.3356 -0.8892 -0.3110
vn -0.8688 -0.1755 -0.4630
vn 0.1598 -0.9049 -0.3945
vn -0.9189 0.0002 -0.3945
vn -0.0219 -0.8861 -0.4630
vn -0.9340 0.1761 -0.3110
vn -0.8407 -0.4099 -0.3539
vn -0.9183 -0.2345 -0.3189
vn 0.1176 -0.9552 -0.2718
vn -0.9611 -0.0500 -0.2718
vn -0.0714 -0.9451 -0.3189
vn -0.9672 0.1365 -0.2142
vn -0.2577 -0.8991 -0.3539
vn -0.9364 0.3179 -0.1484
vn -0.4340 -0.8190 -0.3754
vn -0.8698 0.4874 -0.0769
vn -0.5939 -0.7077 -0.3827
vn 0.6311 -0.7719 -0.0769
vn -0.7311 -0.5696 -0.3754
vn 0.4757 -0.8670 -0.1484
vn 0.3024 -0.9288 -0.2142
vn -0.8771 0.4787 -0.0392
vn -0.4699 -0.8617 -0.1914
vn -0.6304 -0.7513 -0.1951
vn 0.6237 -0.7807 -0.0392
vn -0.7670 -0.6124 -0.1914
vn 0.4615 -0.8839 -0.0757
vn -0.8745 -0.4502 -0.1804
vn 0.2819 -0.9532 -0.1092
vn -0.9488 -0.2708 -0.1626
vn 0.0916 -0.9861 -0.1385
vn -0.9870 -0.0810 -0.1385
vn -0.1019 -0.9814 -0.1626
vn -0.9877 0.1121 -0.1092
vn -0.2915 -0.9394 -0.1804
vn -0.9506 0.3010 -0.0757
vn -0.9958 -0.0914 -0.0000
vn 0.0829 -0.9966 -0.0000
vn -0.1122 -0.9937 -0.0000
vn -0.9946 0.1038 -0.0000
vn -0.3029 -0.9530 -0.0000
vn -0.9554 0.2953 -0.0000
vn -0.4820 -0.8762 -0.0000
vn -0.8796 0.4757 -0.0000
vn -0.6428 -0.7660 -0.0000
vn 0.6212 -0.7836 -0.0000
vn -0.7791 -0.6268 -0.0000
vn 0.4567 -0.8896 -0.0000
vn -0.8859 -0.4638 -0.0000
vn 0.2750 -0.9615 -0.0000
vn -0.9591 -0.2831 -0.0000
vn 0.6237 -0.7807 0.0392
vn -0.8771 0.4787 0.0392
vn -0.7670 -0.6124 0.1914
vn 0.4615 -0.8839 0.0757
vn -0.8745 -0.4502 0.1804
vn 0.2819 -0.9532 0.1092
vn -0.9488 -0.2708 0.1626
vn 0.0916 -0.9861 0.1385
vn -0.9870 -0.0810 0.1385
vn -0.1019 -0.9814 0.1626
vn -0.9877 0.1121 0.1092
vn -0.2915 -0.9394 0.1804
vn -0.9506 0.3010 0.0757
vn -0.4699 -0.8617 0.1914
vn -0.6304 -0.7513 0.1951
vn 0.1176 -0.9552 0.2718
vn -0.0714 -0.9451 0.3189
vn -0.9611 -0.0500 0.2718
vn -0.9672 0.1365 0.2142
vn -0.2577 -0.8991 0.3539
vn -0.9364 0.3179 0.1484
vn -0.4340 -0.8190 0.3754
vn -0.8698 0.4874 0.0769
vn -0.5939 -0.7077 0.3827
vn 0.6311 -0.7719 0.0769
vn -0.7311 -0.5696 0.3754
vn 0.4757 -0.8670 0.1484
vn -0.8407 -0.4099 0.3539
vn 0.3024 -0.9288 0.2142
vn -0.9183 -0.2345 0.3189
vn -0.6729 -0.5002 0.5450
vn 0.4988 -0.8395 0.2155
vn -0.7858 -0.3444 0.5138
vn 0.3356 -0.8892 0.3110
vn -0.8688 -0.1755 0.4630
vn 0.1598 -0.9049 0.3945
vn -0.9189 0.0002 0.3945
vn -0.0219 -0.8861 0.4630
vn -0.9340 0.1761 0.3110
vn -0.2027 -0.8336 0.5138
vn -0.9134 0.3454 0.2155
vn -0.3758 -0.7495 0.5450
vn -0.8578 0.5017 0.1117
vn -0.5345 -0.6369 0.5556
vn 0.6430 -0.7577 0.1117
vn -0.8621 0.0679 0.5021
vn -0.8892 0.2294 0.3958
vn -0.1288 -0.7455 0.6539
vn -0.8824 0.3824 0.2743
vn -0.2973 -0.6560 0.6937
vn -0.8418 0.5208 0.1421
vn -0.4545 -0.5417 0.7071
vn 0.6591 -0.7385 0.1421
vn -0.5944 -0.4067 0.6937
vn 0.5298 -0.8026 0.2743
vn -0.7118 -0.2563 0.6539
vn 0.3803 -0.8359 0.3958
vn -0.8022 -0.0961 0.5893
vn 0.2166 -0.8372 0.5021
vn 0.0447 -0.8067 0.5893
vn 0.5675 -0.7575 0.3225
vn -0.6218 -0.1490 0.7689
vn 0.4349 -0.7709 0.4654
vn -0.7210 0.0006 0.6929
vn 0.2857 -0.7548 0.5905
vn -0.7929 0.1503 0.5905
vn 0.1258 -0.7100 0.6929
vn -0.8347 0.2944 0.4654
vn -0.0387 -0.6382 0.7689
vn -0.8446 0.4274 0.3225
vn -0.2018 -0.5422 0.8157
vn -0.8222 0.5441 0.1671
vn -0.3571 -0.4256 0.8315
vn 0.6786 -0.7152 0.1671
vn -0.4989 -0.2929 0.8157
vn 0.0640 -0.5157 0.8544
vn -0.8015 0.4788 0.3584
vn -0.0928 -0.4122 0.9063
vn -0.7999 0.5708 0.1857
vn -0.2460 -0.2932 0.9239
vn 0.7010 -0.6886 0.1857
vn -0.3899 -0.1629 0.9063
vn 0.6107 -0.7062 0.3584
vn -0.5190 -0.0265 0.8544
vn 0.4971 -0.6967 0.5172
vn -0.6284 0.1110 0.7699
vn 0.3647 -0.6607 0.6561
vn -0.7140 0.2444 0.6561
vn 0.2185 -0.5996 0.7699
vn -0.7725 0.3685 0.5172
vn -0.4075 0.1064 0.9070
vn 0.5646 -0.6163 0.5490
vn -0.5279 0.2308 0.8173
vn 0.4503 -0.5587 0.6965
vn -0.6284 0.3464 0.6965
vn 0.3189 -0.4798 0.8173
vn -0.7050 0.4490 0.5490
vn 0.1755 -0.3828 0.9070
vn -0.7547 0.5345 0.3804
vn 0.0255 -0.2713 0.9622
vn -0.7756 0.5996 0.1971
vn -0.1254 -0.1494 0.9808
vn 0.7252 -0.6597 0.1971
vn -0.2716 -0.0220 0.9622
vn 0.6574 -0.6504 0.3804
vn -0.7061 0.5925 0.3879
vn 0.2915 -0.2446 0.9248
vn 0.1486 -0.1247 0.9810
vn -0.7504 0.6297 0.2010
vn -0.0000 -0.0000 1.0000
vn 0.7504 -0.6297 0.2010
vn -0.1486 0.1247 0.9810
vn 0.7061 -0.5925 0.3879
vn -0.2915 0.2446 0.9248
vn 0.6348 -0.5326 0.5598
vn -0.4234 0.3553 0.8333
vn 0.5393 -0.4526 0.7101
vn -0.5393 0.4526 0.7101
vn 0.4234 -0.3553 0.8333
vn -0.6348 0.5326 0.5598
vn -0.1755 0.3828 0.9070
vn -0.3189 0.4798 0.8173
vn 0.6284 -0.3464 0.6965
vn -0.4503 0.5587 0.6965
vn 0.5279 -0.2308 0.8173
vn -0.5646 0.6163 0.5490
vn 0.4075 -0.1064 0.9070
vn -0.6574 0.6504 0.3804
vn 0.2716 0.0220 0.9622
vn -0.7252 0.6597 0.1971
vn 0.1254 0.1494 0.9808
vn 0.7756 -0.5996 0.1971
vn -0.0255 0.2713 0.9622
vn 0.7547 -0.5345 0.3804
vn 0.7050 -0.4490 0.5490
vn -0.7010 0.6886 0.1857
vn 0.3899 0.1629 0.9063
vn 0.2460 0.2932 0.9239
vn 0.7999 -0.5708 0.1857
vn 0.0928 0.4122 0.9063
vn 0.8015 -0.4788 0.3584
vn -0.0640 0.5157 0.8544
vn 0.7725 -0.3685 0.5172
vn -0.2185 0.5996 0.7699
vn 0.7140 -0.2444 0.6561
vn -0.3647 0.6607 0.6561
vn 0.6284 -0.1110 0.7699
vn -0.4971 0.6967 0.5172
vn 0.5190 0.0265 0.8544
vn -0.6107 0.7062 0.3584
vn 0.7929 -0.1503 0.5905
vn -0.2857 0.7548 0.5905
vn 0.7210 -0.0006 0.6929
vn -0.4349 0.7709 0.4654
vn 0.6218 0.1490 0.7689
vn -0.5675 0.7575 0.3225
vn 0.4989 0.2929 0.8157
vn -0.6786 0.7152 0.1671
vn 0.3571 0.4256 0.8315
vn 0.8222 -0.5441 0.1671
vn 0.2018 0.5422 0.8157
vn 0.8446 -0.4274 0.3225
vn 0.0387 0.6382 0.7689
vn 0.8347 -0.2944 0.4654
vn -0.1258 0.7100 0.6929
vn 0.5944 0.4067 0.6937
vn 0.4545 0.5417 0.7071
vn 0.8418 -0.5208 0.1421
vn -0.6591 0.7385 0.1421
vn 0.2973 0.6560 0.6937
vn 0.8824 -0.3824 0.2743
vn 0.1288 0.7455 0.6539
vn 0.8892 -0.2294 0.3958
vn -0.0447 0.8067 0.5893
vn 0.8621 -0.0679 0.5021
vn -0.2166 0.8372 0.5021
vn 0.8022 0.0961 0.5893
vn -0.3803 0.8359 0.3958
vn 0.7118 0.2563 0.6539
vn -0.5298 0.8026 0.2743
vn -0.1598 0.9049 0.3945
vn 0.9189 -0.0002 0.3945
vn 0.8688 0.1755 0.4630
vn -0.3356 0.8892 0.3110
vn 0.7858 0.3444 0.5138
vn -0.4988 0.8395 0.2155
vn 0.6729 0.5002 0.5450
vn -0.6430 0.7577 0.1117
vn 0.5345 0.6369 0.5556
vn 0.8578 -0.5017 0.1117
vn 0.3758 0.7495 0.5450
vn 0.9134 -0.3454 0.2155
vn 0.2027 0.8336 0.5138
vn 0.9340 -0.1761 0.3110
vn 0.0219 0.8861 0.4630
vn 0.8698 -0.4874 0.0769
vn -0.6311 0.7719 0.0769
vn 0.4340 0.8190 0.3754
vn 0.9364 -0.3179 0.1484
vn 0.2577 0.8991 0.3539
vn 0.9672 -0.1365 0.2142
vn 0.0714 0.9451 0.3189
vn 0.9611 0.0500 0.2718
vn -0.1176 0.9552 0.2718
vn 0.9183 0.2345 0.3189
vn -0.3024 0.9288 0.2142
vn 0.8407 0.4099 0.3539
vn -0.4757 0.8670 0.1484
vn 0.7311 0.5696 0.3754
vn 0.5939 0.7077 0.3827
vn 0.9870 0.0810 0.1385
vn 0.9488 0.2708 0.1626
vn -0.0916 0.9861 0.1385
vn -0.2819 0.9532 0.1092
vn 0.8745 0.4502 0.1804
vn -0.4615 0.8839 0.0757
vn 0.7670 0.6124 0.1914
vn -0.6237 0.7807 0.0392
vn 0.6304 0.7513 0.1951
vn 0.8771 -0.4787 0.0392
vn 0.4699 0.8617 0.1914
vn 0.9506 -0.3010 0.0757
vn 0.2915 0.9394 0.1804
vn 0.9877 -0.1121 0.1092
vn 0.1019 0.9814 0.1626
vn 0.1699 0.9855 -0.0000
vn 0.1592 0.9727 -0.1686
vn 0.1276 0.9351 -0.3307
vn 0.0763 0.8739 -0.4801
vn 0.0072 0.7916 -0.6110
vn -0.0770 0.6913 -0.7185
vn -0.1730 0.5768 -0.7983
vn -0.2772 0.4526 -0.8475
vn -0.3855 0.3235 -0.8641
vn -0.4939 0.1944 -0.8475
vn -0.5981 0.0702 -0.7983
vn -0.6941 -0.0443 -0.7185
vn -0.7783 -0.1446 -0.6110
vn -0.8474 -0.2269 -0.4801
vn -0.8987 -0.2881 -0.3307
vn -0.9303 -0.3257 -0.1686
vn -0.9410 -0.3384 -0.0000
vn -0.9303 -0.3257 0.1686
vn -0.8987 -0.2881 0.3307
vn -0.8474 -0.2269 0.4801
vn -0.7783 -0.1446 0.6110
vn -0.6941 -0.0443 0.7185
vn -0.5981 0.0702 0.7983
vn -0.4939 0.1944 0.8475
vn -0.3855 0.3235 0.8641
vn -0.2772 0.4526 0.8475
vn -0.1730 0.5768 0.7983
vn -0.0770 0.6913 0.7185
vn 0.0072 0.7916 0.6110
vn 0.0763 0.8739 0.4801
vn 0.1276 0.9351 0.3307
vn 0.1592 0.9727 0.1686
vn -0.1699 -0.9855 -0.0000
vn -0.1592 -0.9727 -0.1686
vn -0.1276 -0.9351 -0.3307
vn -0.0763 -0.8739 -0.4801
vn -0.0072 -0.7916 -0.6110
vn 0.0770 -0.6913 -0.7185
vn 0.1730 -0.5768 -0.7983
vn 0.2772 -0.4526 -0.8475
vn 0.3855 -0.3235 -0.8641
vn 0.4939 -0.1944 -0.8475
vn 0.5981 -0.0702 -0.7983
vn 0.6941 0.0443 -0.7185
vn 0.7783 0.1446 -0.6110
vn 0.8474 0.2269 -0.4801
vn 0.8987 0.2881 -0.3307
vn 0.9303 0.3257 -0.1686
vn 0.9410 0.3384 -0.0000
vn 0.9303 0.3257 0.1686
vn 0.8987 0.2881 0.3307
vn 0.8474 0.2269 0.4801
vn 0.7783 0.1446 0.6110
vn 0.6941 0.0443 0.7185
vn 0.5981 -0.0702 0.7983
vn 0.4939 -0.1944 0.8475
vn 0.3855 -0.3235 0.8641
vn 0.2772 -0.4526 0.8475
vn 0.1730 -0.5768 0.7983
vn 0.0770 -0.6913 0.7185
vn -0.0072 -0.7916 0.6110
vn -0.0763 -0.8739 0.4801
vn -0.1276 -0.9351 0.3307
vn -0.1592 -0.9727 0.1686
vn 0.9855 -0.1699 -0.0000
vn 0.9727 -0.1592 -0.1686
vn 0.9351 -0.1276 -0.3307
vn 0.8739 -0.0763 -0.4801
vn 0.7916 -0.0072 -0.6110
vn 0.6913 0.0770 -0.7185
vn 0.5768 0.1730 -0.7983
vn 0.4526 0.2772 -0.8475
vn 0.3235 0.3855 -0.8641
vn 0.1944 0.4939 -0.8475
vn 0.0702 0.5981 -0.7983
vn -0.0443 0.6941 -0.7185
vn -0.1446 0.7783 -0.6110
vn -0.2269 0.8474 -0.4801
vn -0.2881 0.8987 -0.3307
vn -0.3257 0.9303 -0.1686
vn -0.3384 0.9410 -0.0000
vn -0.3257 0.9303 0.1686
vn -0.2881 0.8987 0.3307
vn -0.2269 0.8474 0.4801
vn -0.1446 0.7783 0.6110
vn -0.0443 0.6941 0.7185
vn 0.0702 0.5981 0.7983
vn 0.1944 0.4939 0.8475
vn 0.3235 0.3855 0.8641
vn 0.4526 0.2772 0.8475
vn 0.5768 0.1730 0.7983
vn 0.6913 0.0770 0.7185
vn 0.7916 -0.0072 0.6110
vn 0.8739 -0.0763 0.4801
vn 0.9351 -0.1276 0.3307
vn 0.9727 -0.1592 0.1686
vn -0.9855 0.1699 -0.0000
vn -0.9727 0.1592 -0.1686
vn -0.9351 0.1276 -0.3307
vn -0.8739 0.0763 -0.4801
vn -0.7916 0.0072 -0.6110
vn -0.6913 -0.0770 -0.7185
vn -0.5768 -0.1730 -0.7983
vn -0.4526 -0.2772 -0.8475
vn -0.3235 -0.3855 -0.8641
vn -0.1944 -0.4939 -0.8475
vn -0.0702 -0.5981 -0.7983
vn 0.0443 -0.6941 -0.7185
vn 0.1446 -0.7783 -0.6110
vn 0.2269 -0.8474 -0.4801
vn 0.2881 -0.8987 -0.3307
vn 0.3257 -0.9303 -0.1686
vn 0.3384 -0.9410 -0.0000
vn 0.3257 -0.9303 0.1686
vn 0.2881 -0.8987 0.3307
vn 0.2269 -0.8474 0.4801
vn 0.1446 -0.7783 0.6110
vn 0.0443 -0.6941 0.7185
vn -0.0702 -0.5981 0.7983
vn -0.1944 -0.4939 0.8475
vn -0.3235 -0.3855 0.8641
vn -0.4526 -0.2772 0.8475
vn -0.5768 -0.1730 0.7983
vn -0.6913 -0.0770 0.7185
vn -0.7916 0.0072 0.6110
vn -0.8739 0.0763 0.4801
vn -0.9351 0.1276 0.3307
vn -0.9727 0.1592 0.1686
vn -0.5767 0.8170 -0.0000
vn 0.9962 0.0871 -0.0000
vn -0.5752 0.8004 -0.1686
vn -0.5710 0.7514 -0.3307
vn -0.5640 0.6719 -0.4801
vn -0.5546 0.5648 -0.6110
vn -0.5432 0.4344 -0.7185
vn -0.5302 0.2856 -0.7983
vn -0.5161 0.1241 -0.8475
vn -0.5014 -0.0439 -0.8641
vn -0.4867 -0.2118 -0.8475
vn -0.4726 -0.3733 -0.7983
vn -0.4595 -0.5221 -0.7185
vn -0.4481 -0.6526 -0.6110
vn -0.4388 -0.7596 -0.4801
vn -0.4318 -0.8392 -0.3307
vn -0.4275 -0.8882 -0.1686
vn -0.4261 -0.9047 -0.0000
vn -0.4275 -0.8882 0.1686
vn -0.4318 -0.8392 0.3307
vn -0.4388 -0.7596 0.4801
vn -0.4481 -0.6526 0.6110
vn -0.4595 -0.5221 0.7185
vn -0.4726 -0.3733 0.7983
vn -0.4867 -0.2118 0.8475
vn -0.5014 -0.0439 0.8641
vn -0.5161 0.1241 0.8475
vn -0.5302 0.2856 0.7983
vn -0.5432 0.4344 0.7185
vn -0.5546 0.5648 0.6110
vn -0.5640 0.6719 0.4801
vn -0.5710 0.7514 0.3307
vn -0.5752 0.8004 0.1686
vn 0.8170 0.5767 -0.0000
vn 0.0872 -0.9962 -0.0000
vn 0.8004 0.5752 -0.1686
vn 0.7514 0.5710 -0.3307
vn 0.6719 0.5640 -0.4801
vn 0.5648 0.5546 -0.6110
vn 0.4344 0.5432 -0.7185
vn 0.2856 0.5302 -0.7983
vn 0.1241 0.5161 -0.8475
vn -0.0439 0.5014 -0.8641
vn -0.2118 0.4867 -0.8475
vn -0.3733 0.4726 -0.7983
vn -0.5221 0.4595 -0.7185
vn -0.6526 0.4481 -0.6110
vn -0.7596 0.4387 -0.4801
vn -0.8392 0.4318 -0.3307
vn -0.8882 0.4275 -0.1686
vn -0.9047 0.4261 -0.0000
vn -0.8882 0.4275 0.1686
vn -0.8392 0.4318 0.3307
vn -0.7596 0.4388 0.4801
vn -0.6526 0.4481 0.6110
vn -0.5221 0.4595 0.7185
vn -0.3733 0.4726 0.7983
vn -0.2118 0.4867 0.8475
vn -0.0439 0.5014 0.8641
vn 0.1241 0.5161 0.8475
vn 0.2856 0.5302 0.7983
vn 0.4344 0.5432 0.7185
vn 0.5648 0.5546 0.6110
vn 0.6719 0.5640 0.4801
vn 0.7514 0.5710 0.3307
vn 0.8004 0.5752 0.1686
vn 0.6457 -0.7636 -0.0000
vn -0.9848 -0.1736 -0.0000
vn 0.6428 -0.7472 -0.1686
vn 0.6343 -0.6988 -0.3307
vn 0.6204 -0.6202 -0.4801
vn 0.6017 -0.5143 -0.6110
vn 0.5790 -0.3854 -0.7185
vn 0.5531 -0.2383 -0.7983
vn 0.5249 -0.0786 -0.8475
vn 0.4956 0.0874 -0.8641
vn 0.4664 0.2534 -0.8475
vn 0.4382 0.4131 -0.7983
vn 0.4123 0.5602 -0.7185
vn 0.3895 0.6891 -0.6110
vn 0.3709 0.7950 -0.4801
vn 0.3570 0.8736 -0.3307
vn 0.3485 0.9220 -0.1686
vn 0.3456 0.9384 -0.0000
vn 0.3485 0.9220 0.1686
vn 0.3570 0.8736 0.3307
vn 0.3709 0.7950 0.4801
vn 0.3895 0.6891 0.6110
vn 0.4123 0.5602 0.7185
vn 0.4382 0.4131 0.7983
vn 0.4664 0.2534 0.8475
vn 0.4956 0.0874 0.8641
vn 0.5249 -0.0786 0.8475
vn 0.5531 -0.2383 0.7983
vn 0.5790 -0.3854 0.7185
vn 0.6017 -0.5143 0.6110
vn 0.6204 -0.6202 0.4801
vn 0.6343 -0.6988 0.3307
vn 0.6428 -0.7472 0.1686
vt 0.250000 0.490000
vt 0.750000 0.490000
vt 0.296822 0.485388
vt 0.796822 0.485388
vt 0.341844 0.471731
vt 0.841844 0.471731
vt 0.383337 0.449553
vt 0.883337 0.449553
vt 0.419706 0.419706
vt 0.919706 0.419706
vt 0.449553 0.383337
vt 0.949553 0.383337
vt 0.471731 0.341844
vt 0.971731 0.341844
vt 0.485388 0.296822
vt 0.985388 0.296822
vt 0.490000 0.250000
vt 0.990000 0.250000
vt 0.485388 0.203178
vt 0.985388 0.203178
vt 0.471731 0.158156
vt 0.971731 0.158156
vt 0.449553 0.116663
vt 0.949553 0.116663
vt 0.419706 0.080294
vt 0.919706 0.080294
vt 0.383337 0.050447
vt 0.883337 0.050447
vt 0.341844 0.028269
vt 0.841844 0.028269
vt 0.296822 0.014612
vt 0.796822 0.014612
vt 0.250000 0.010000
vt 0.750000 0.010000
vt 0.203178 0.014612
vt 0.703178 0.014612
vt 0.158156 0.028269
vt 0.658156 0.028269
vt 0.116663 0.050447
vt 0.616663 0.050447
vt 0.080294 0.080294
vt 0.580294 0.080294
vt 0.050447 0.116663
vt 0.550447 0.116663
vt 0.028269 0.158156
vt 0.528269 0.158156
vt 0.014612 0.203178
vt 0.514612 0.203178
vt 0.010000 0.250000
vt 0.510000 0.250000
vt 0.014612 0.296822
vt 0.514612 0.296822
vt 0.028269 0.341844
vt 0.528269 0.341844
vt 0.050447 0.383337
vt 0.550447 0.383337
vt 0.080294 0.419706
vt 0.580294 0.419706
vt 0.116663 0.449553
vt 0.616663 0.449553
vt 0.158156 0.471731
vt 0.658156 0.471731
vt 0.203178 0.485388
vt 0.703178 0.485388
vt 0.250000 0.250000
vt 0.750000 0.812500
vt 0.750000 0.687500
vt 0.750000 0.562500
vt 0.750000 0.500000
vt 0.750000 0.437500
vt 0.750000 0.312500
vt 0.718750 0.937500
vt 0.718750 0.875000
vt 0.718750 0.812500
vt 0.718750 0.750000
vt 0.718750 0.687500
vt 0.718750 0.625000
vt 0.718750 0.562500
vt 0.718750 0.500000
vt 0.718750 0.437500
vt 0.718750 0.375000
vt 0.718750 0.312500
vt 0.718750 0.250000
vt 0.718750 0.187500
vt 0.718750 0.125000
vt 0.718750 0.062500
vt 0.687500 0.937500
vt 0.687500 0.875000
vt 0.687500 0.812500
vt 0.687500 0.750000
vt 0.687500 0.687500
vt 0.687500 0.625000
vt 0.687500 0.562500
vt 0.687500 0.500000
vt 0.687500 0.437500
vt 0.687500 0.375000
vt 0.687500 0.312500
vt 0.687500 0.250000
vt 0.687500 0.187500
vt 0.687500 0.125000
vt 0.687500 0.062500
vt 0.656250 0.937500
vt 0.656250 0.875000
vt 0.656250 0.812500
vt 0.656250 0.750000
vt 0.656250 0.687500
vt 0.656250 0.625000
vt 0.656250 0.562500
vt 0.656250 0.500000
vt 0.656250 0.437500
vt 0.656250 0.375000
vt 0.656250 0.312500
vt 0.656250 0.250000
vt 0.656250 0.187500
vt 0.656250 0.125000
vt 0.656250 0.062500
vt 0.625000 0.937500
vt 0.625000 0.875000
vt 0.625000 0.812500
vt 0.625000 0.750000
vt 0.625000 0.687500
vt 0.625000 0.625000
vt 0.625000 0.562500
vt 0.625000 0.500000
vt 0.625000 0.437500
vt 0.625000 0.375000
vt 0.625000 0.312500
vt 0.625000 0.250000
vt 0.625000 0.187500
vt 0.625000 0.125000
vt 0.625000 0.062500
vt 0.593750 0.937500
vt 0.593750 0.875000
vt 0.593750 0.812500
vt 0.593750 0.750000
vt 0.593750 0.687500
vt 0.593750 0.625000
vt 0.593750 0.562500
vt 0.593750 0.500000
vt 0.593750 0.437500
vt 0.593750 0.375000
vt 0.593750 0.312500
vt 0.593750 0.250000
vt 0.593750 0.187500
vt 0.593750 0.125000
vt 0.593750 0.062500
vt 0.734375 1.000000
vt 0.703125 1.000000
vt 0.671875 1.000000
vt 0.640625 1.000000
vt 0.609375 1.000000
vt 0.578125 1.000000
vt 0.546875 1.000000
vt 0.515625 1.000000
vt 0.484375 1.000000
vt 0.453125 1.000000
vt 0.421875 1.000000
vt 0.390625 1.000000
vt 0.359375 1.000000
vt 0.328125 1.000000
vt 0.296875 1.000000
vt 0.265625 1.000000
vt 0.234375 1.000000
vt 0.203125 1.000000
vt 0.171875 1.000000
vt 0.140625 1.000000
vt 0.109375 1.000000
vt 0.078125 1.000000
vt 0.046875 1.000000
vt 0.015625 1.000000
vt 0.984375 1.000000
vt 0.953125 1.000000
vt 0.921875 1.000000
vt 0.890625 1.000000
vt 0.859375 1.000000
vt 0.828125 1.000000
vt 0.796875 1.000000
vt 0.765625 1.000000
vt 0.562500 0.937500
vt 0.562500 0.875000
vt 0.562500 0.812500
vt 0.562500 0.750000
vt 0.562500 0.687500
vt 0.562500 0.625000
vt 0.562500 0.562500
vt 0.562500 0.500000
vt 0.562500 0.437500
vt 0.562500 0.375000
vt 0.562500 0.312500
vt 0.562500 0.250000
vt 0.562500 0.187500
vt 0.562500 0.125000
vt 0.562500 0.062500
vt 0.531250 0.937500
vt 0.531250 0.875000
vt 0.531250 0.812500
vt 0.531250 0.750000
vt 0.531250 0.687500
vt 0.531250 0.625000
vt 0.531250 0.562500
vt 0.531250 0.500000
vt 0.531250 0.437500
vt 0.531250 0.375000
vt 0.531250 0.312500
vt 0.531250 0.250000
vt 0.531250 0.187500
vt 0.531250 0.125000
vt 0.531250 0.062500
vt 0.500000 0.937500
vt 0.500000 0.875000
vt 0.500000 0.812500
vt 0.500000 0.750000
vt 0.500000 0.687500
vt 0.500000 0.625000
vt 0.500000 0.562500
vt 0.500000 0.500000
vt 0.500000 0.437500
vt 0.500000 0.375000
vt 0.500000 0.312500
vt 0.500000 0.250000
vt 0.500000 0.187500
vt 0.500000 0.125000
vt 0.500000 0.062500
vt 0.468750 0.937500
vt 0.468750 0.875000
vt 0.468750 0.812500
vt 0.468750 0.750000
vt 0.468750 0.687500
vt 0.468750 0.625000
vt 0.468750 0.562500
vt 0.468750 0.500000
vt 0.468750 0.437500
vt 0.468750 0.375000
vt 0.468750 0.312500
vt 0.468750 0.250000
vt 0.468750 0.187500
vt 0.468750 0.125000
vt 0.468750 0.062500
vt 0.437500 0.937500
vt 0.437500 0.875000
vt 0.437500 0.812500
vt 0.437500 0.750000
vt 0.437500 0.687500
vt 0.437500 0.625000
vt 0.437500 0.562500
vt 0.437500 0.500000
vt 0.437500 0.437500
vt 0.437500 0.375000
vt 0.437500 0.312500
vt 0.437500 0.250000
vt 0.437500 0.187500
vt 0.437500 0.125000
vt 0.437500 0.062500
vt 0.406250 0.937500
vt 0.406250 0.875000
vt 0.406250 0.812500
vt 0.406250 0.750000
vt 0.406250 0.687500
vt 0.406250 0.625000
vt 0.406250 0.562500
vt 0.406250 0.500000
vt 0.406250 0.437500
vt 0.406250 0.375000
vt 0.406250 0.312500
vt 0.406250 0.250000
vt 0.406250 0.187500
vt 0.406250 0.125000
vt 0.406250 0.062500
vt 0.375000 0.937500
vt 0.375000 0.875000
vt 0.375000 0.812500
vt 0.375000 0.750000
vt 0.375000 0.687500
vt 0.375000 0.625000
vt 0.375000 0.562500
vt 0.375000 0.500000
vt 0.375000 0.437500
vt 0.375000 0.375000
vt 0.375000 0.312500
vt 0.375000 0.250000
vt 0.375000 0.187500
vt 0.375000 0.125000
vt 0.375000 0.062500
vt 0.343750 0.937500
vt 0.343750 0.875000
vt 0.343750 0.812500
vt 0.343750 0.750000
vt 0.343750 0.687500
vt 0.343750 0.625000
vt 0.343750 0.562500
vt 0.343750 0.500000
vt 0.343750 0.437500
vt 0.343750 0.375000
vt 0.343750 0.312500
vt 0.343750 0.250000
vt 0.343750 0.187500
vt 0.343750 0.125000
vt 0.343750 0.062500
vt 0.312500 0.937500
vt 0.312500 0.875000
vt 0.312500 0.812500
vt 0.312500 0.750000
vt 0.312500 0.687500
vt 0.312500 0.625000
vt 0.312500 0.562500
vt 0.312500 0.500000
vt 0.312500 0.437500
vt 0.312500 0.375000
vt 0.312500 0.312500
vt 0.312500 0.250000
vt 0.312500 0.187500
vt 0.312500 0.125000
vt 0.312500 0.062500
vt 0.281250 0.937500
vt 0.281250 0.875000
vt 0.281250 0.812500
vt 0.281250 0.750000
vt 0.281250 0.687500
vt 0.281250 0.625000
vt 0.281250 0.562500
vt 0.281250 0.500000
vt 0.281250 0.437500
vt 0.281250 0.375000
vt 0.281250 0.312500
vt 0.281250 0.250000
vt 0.281250 0.187500
vt 0.281250 0.125000
vt 0.281250 0.062500
vt 0.250000 0.937500
vt 0.250000 0.875000
vt 0.250000 0.812500
vt 0.250000 0.750000
vt 0.250000 0.687500
vt 0.250000 0.625000
vt 0.250000 0.562500
vt 0.250000 0.500000
vt 0.250000 0.437500
vt 0.250000 0.375000
vt 0.250000 0.312500
vt 0.250000 0.250000
vt 0.250000 0.187500
vt 0.250000 0.125000
vt 0.250000 0.062500
vt 0.218750 0.937500
vt 0.218750 0.875000
vt 0.218750 0.812500
vt 0.218750 0.750000
vt 0.218750 0.687500
vt 0.218750 0.625000
vt 0.218750 0.562500
vt 0.218750 0.500000
vt 0.218750 0.437500
vt 0.218750 0.375000
vt 0.218750 0.312500
vt 0.218750 0.250000
vt 0.218750 0.187500
vt 0.218750 0.125000
vt 0.218750 0.062500
vt 0.187500 0.937500
vt 0.187500 0.875000
vt 0.187500 0.812500
vt 0.187500 0.750000
vt 0.187500 0.687500
vt 0.187500 0.625000
vt 0.187500 0.562500
vt 0.187500 0.500000
vt 0.187500 0.437500
vt 0.187500 0.375000
vt 0.187500 0.312500
vt 0.187500 0.250000
vt 0.187500 0.187500
vt 0.187500 0.125000
vt 0.187500 0.062500
vt 0.156250 0.937500
vt 0.156250 0.875000
vt 0.156250 0.812500
vt 0.156250 0.750000
vt 0.156250 0.687500
vt 0.156250 0.625000
vt 0.156250 0.562500
vt 0.156250 0.500000
vt 0.156250 0.437500
vt 0.156250 0.375000
vt 0.156250 0.312500
vt 0.156250 0.250000
vt 0.156250 0.187500
vt 0.156250 0.125000
vt 0.156250 0.062500
vt 0.125000 0.937500
vt 0.125000 0.875000
vt 0.125000 0.812500
vt 0.125000 0.750000
vt 0.125000 0.687500
vt 0.125000 0.625000
vt 0.125000 0.562500
vt 0.125000 0.500000
vt 0.125000 0.437500
vt 0.125000 0.375000
vt 0.125000 0.312500
vt 0.125000 0.250000
vt 0.125000 0.187500
vt 0.125000 0.125000
vt 0.125000 0.062500
vt 0.734375 0.000000
vt 0.703125 0.000000
vt 0.671875 0.000000
vt 0.640625 0.000000
vt 0.609375 0.000000
vt 0.578125 0.000000
vt 0.546875 0.000000
vt 0.515625 0.000000
vt 0.484375 0.000000
vt 0.453125 0.000000
vt 0.421875 0.000000
vt 0.390625 0.000000
vt 0.359375 0.000000
vt 0.328125 0.000000
vt 0.296875 0.000000
vt 0.265625 0.000000
vt 0.234375 0.000000
vt 0.203125 0.000000
vt 0.171875 0.000000
vt 0.140625 0.000000
vt 0.109375 0.000000
vt 0.078125 0.000000
vt 0.046875 0.000000
vt 0.015625 0.000000
vt 0.984375 0.000000
vt 0.953125 0.000000
vt 0.921875 0.000000
vt 0.890625 0.000000
vt 0.859375 0.000000
vt 0.828125 0.000000
vt 0.796875 0.000000
vt 0.765625 0.000000
vt 0.093750 0.937500
vt 0.093750 0.875000
vt 0.093750 0.812500
vt 0.093750 0.750000
vt 0.093750 0.687500
vt 0.093750 0.625000
vt 0.093750 0.562500
vt 0.093750 0.500000
vt 0.093750 0.437500
vt 0.093750 0.375000
vt 0.093750 0.312500
vt 0.093750 0.250000
vt 0.093750 0.187500
vt 0.093750 0.125000
vt 0.093750 0.062500
vt 0.062500 0.937500
vt 0.062500 0.875000
vt 0.062500 0.812500
vt 0.062500 0.750000
vt 0.062500 0.687500
vt 0.062500 0.625000
vt 0.062500 0.562500
vt 0.062500 0.500000
vt 0.062500 0.437500
vt 0.062500 0.375000
vt 0.062500 0.312500
vt 0.062500 0.250000
vt 0.062500 0.187500
vt 0.062500 0.125000
vt 0.062500 0.062500
vt 0.031250 0.937500
vt 0.031250 0.875000
vt 0.031250 0.812500
vt 0.031250 0.750000
vt 0.031250 0.687500
vt 0.031250 0.625000
vt 0.031250 0.562500
vt 0.031250 0.500000
vt 0.031250 0.437500
vt 0.031250 0.375000
vt 0.031250 0.312500
vt 0.031250 0.250000
vt 0.031250 0.187500
vt 0.031250 0.125000
vt 0.031250 0.062500
vt 0.000000 0.937500
vt 1.000000 0.937500
vt 0.000000 0.875000
vt 1.000000 0.875000
vt 0.000000 0.812500
vt 1.000000 0.812500
vt 0.000000 0.750000
vt 1.000000 0.750000
vt 0.000000 0.687500
vt 1.000000 0.687500
vt 0.000000 0.625000
vt 1.000000 0.625000
vt 0.000000 0.562500
vt 1.000000 0.562500
vt 0.000000 0.500000
vt 1.000000 0.500000
vt 0.000000 0.437500
vt 1.000000 0.437500
vt 0.000000 0.375000
vt 1.000000 0.375000
vt 0.000000 0.312500
vt 1.000000 0.312500
vt 0.000000 0.250000
vt 1.000000 0.250000
vt 0.000000 0.187500
vt 1.000000 0.187500
vt 0.000000 0.125000
vt 1.000000 0.125000
vt 0.000000 0.062500
vt 1.000000 0.062500
vt 0.968750 0.937500
vt 0.968750 0.875000
vt 0.968750 0.812500
vt 0.968750 0.750000
vt 0.968750 0.687500
vt 0.968750 0.625000
vt 0.968750 0.562500
vt 0.968750 0.500000
vt 0.968750 0.437500
vt 0.968750 0.375000
vt 0.968750 0.312500
vt 0.968750 0.250000
vt 0.968750 0.187500
vt 0.968750 0.125000
vt 0.968750 0.062500
vt 0.937500 0.937500
vt 0.937500 0.875000
vt 0.937500 0.812500
vt 0.937500 0.750000
vt 0.937500 0.687500
vt 0.937500 0.625000
vt 0.937500 0.562500
vt 0.937500 0.500000
vt 0.937500 0.437500
vt 0.937500 0.375000
vt 0.937500 0.312500
vt 0.937500 0.250000
vt 0.937500 0.187500
vt 0.937500 0.125000
vt 0.937500 0.062500
vt 0.906250 0.937500
vt 0.906250 0.875000
vt 0.906250 0.812500
vt 0.906250 0.750000
vt 0.906250 0.687500
vt 0.906250 0.625000
vt 0.906250 0.562500
vt 0.906250 0.500000
vt 0.906250 0.437500
vt 0.906250 0.375000
vt 0.906250 0.312500
vt 0.906250 0.250000
vt 0.906250 0.187500
vt 0.906250 0.125000
vt 0.906250 0.062500
vt 0.875000 0.937500
vt 0.875000 0.875000
vt 0.875000 0.812500
vt 0.875000 0.750000
vt 0.875000 0.687500
vt 0.875000 0.625000
vt 0.875000 0.562500
vt 0.875000 0.500000
vt 0.875000 0.437500
vt 0.875000 0.375000
vt 0.875000 0.312500
vt 0.875000 0.250000
vt 0.875000 0.187500
vt 0.875000 0.125000
vt 0.875000 0.062500
vt 0.843750 0.937500
vt 0.843750 0.875000
vt 0.843750 0.812500
vt 0.843750 0.750000
vt 0.843750 0.687500
vt 0.843750 0.625000
vt 0.843750 0.562500
vt 0.843750 0.500000
vt 0.843750 0.437500
vt 0.843750 0.375000
vt 0.843750 0.312500
vt 0.843750 0.250000
vt 0.843750 0.187500
vt 0.843750 0.125000
vt 0.843750 0.062500
vt 0.812500 0.937500
vt 0.812500 0.875000
vt 0.812500 0.812500
vt 0.812500 0.750000
vt 0.812500 0.687500
vt 0.812500 0.625000
vt 0.812500 0.562500
vt 0.812500 0.500000
vt 0.812500 0.437500
vt 0.812500 0.375000
vt 0.812500 0.312500
vt 0.812500 0.250000
vt 0.812500 0.187500
vt 0.812500 0.125000
vt 0.812500 0.062500
vt 0.781250 0.937500
vt 0.781250 0.875000
vt 0.781250 0.812500
vt 0.781250 0.750000
vt 0.781250 0.687500
vt 0.781250 0.625000
vt 0.781250 0.562500
vt 0.781250 0.500000
vt 0.781250 0.437500
vt 0.781250 0.375000
vt 0.781250 0.312500
vt 0.781250 0.250000
vt 0.781250 0.187500
vt 0.781250 0.125000
vt 0.781250 0.062500
vt 0.750000 0.937500
vt 0.750000 0.875000
vt 0.750000 0.750000
vt 0.750000 0.625000
vt 0.750000 0.375000
vt 0.750000 0.250000
vt 0.750000 0.187500
vt 0.750000 0.125000
vt 0.750000 0.062500
vt 0.250000 0.490000
vt 0.750000 0.490000
vt 0.296822 0.485388
vt 0.796822 0.485388
vt 0.341844 0.471731
vt 0.841844 0.471731
vt 0.383337 0.449553
vt 0.883337 0.449553
vt 0.419706 0.419706
vt 0.919706 0.419706
vt 0.449553 0.383337
vt 0.949553 0.383337
vt 0.471731 0.341844
vt 0.971731 0.341844
vt 0.485388 0.296822
vt 0.985388 0.296822
vt 0.490000 0.250000
vt 0.990000 0.250000
vt 0.485388 0.203178
vt 0.985388 0.203178
vt 0.471731 0.158156
vt 0.971731 0.158156
vt 0.449553 0.116663
vt 0.949553 0.116663
vt 0.419706 0.080294
vt 0.919706 0.080294
vt 0.383337 0.050447
vt 0.883337 0.050447
vt 0.341844 0.028269
vt 0.841844 0.028269
vt 0.296822 0.014612
vt 0.796822 0.014612
vt 0.250000 0.010000
vt 0.750000 0.010000
vt 0.203178 0.014612
vt 0.703178 0.014612
vt 0.158156 0.028269
vt 0.658156 0.028269
vt 0.116663 0.050447
vt 0.616663 0.050447
vt 0.080294 0.080294
vt 0.580294 0.080294
vt 0.050447 0.116663
vt 0.550447 0.116663
vt 0.028269 0.158156
vt 0.528269 0.158156
vt 0.014612 0.203178
vt 0.514612 0.203178
vt 0.010000 0.250000
vt 0.510000 0.250000
vt 0.014612 0.296822
vt 0.514612 0.296822
vt 0.028269 0.341844
vt 0.528269 0.341844
vt 0.050447 0.383337
vt 0.550447 0.383337
vt 0.080294 0.419706
vt 0.580294 0.419706
vt 0.116663 0.449553
vt 0.616663 0.449553
vt 0.158156 0.471731
vt 0.658156 0.471731
vt 0.203178 0.485388
vt 0.703178 0.485388
vt 0.250000 0.250000
vt 0.250000 0.490000
vt 0.750000 0.490000
vt 0.296822 0.485388
vt 0.796822 0.485388
vt 0.341844 0.471731
vt 0.841844 0.471731
vt 0.383337 0.449553
vt 0.883337 0.449553
vt 0.419706 0.419706
vt 0.919706 0.419706
vt 0.449553 0.383337
vt 0.949553 0.383337
vt 0.471731 0.341844
vt 0.971731 0.341844
vt 0.485388 0.296822
vt 0.985388 0.296822
vt 0.490000 0.250000
vt 0.990000 0.250000
vt 0.485388 0.203178
vt 0.985388 0.203178
vt 0.471731 0.158156
vt 0.971731 0.158156
vt 0.449553 0.116663
vt 0.949553 0.116663
vt 0.419706 0.080294
vt 0.919706 0.080294
vt 0.383337 0.050447
vt 0.883337 0.050447
vt 0.341844 0.028269
vt 0.841844 0.028269
vt 0.296822 0.014612
vt 0.796822 0.014612
vt 0.250000 0.010000
vt 0.750000 0.010000
vt 0.203178 0.014612
vt 0.703178 0.014612
vt 0.158156 0.028269
vt 0.658156 0.028269
vt 0.116663 0.050447
vt 0.616663 0.050447
vt 0.080294 0.080294
vt 0.580294 0.080294
vt 0.050447 0.116663
vt 0.550447 0.116663
vt 0.028269 0.158156
vt 0.528269 0.158156
vt 0.014612 0.203178
vt 0.514612 0.203178
vt 0.010000 0.250000
vt 0.510000 0.250000
vt 0.014612 0.296822
vt 0.514612 0.296822
vt 0.028269 0.341844
vt 0.528269 0.341844
vt 0.050447 0.383337
vt 0.550447 0.383337
vt 0.080294 0.419706
vt 0.580294 0.419706
vt 0.116663 0.449553
vt 0.616663 0.449553
vt 0.158156 0.471731
vt 0.658156 0.471731
vt 0.203178 0.485388
vt 0.703178 0.485388
vt 0.250000 0.250000
vt 0.250000 0.490000
vt 0.750000 0.490000
vt 0.296822 0.485388
vt 0.796822 0.485388
vt 0.341844 0.471731
vt 0.841844 0.471731
vt 0.383337 0.449553
vt 0.883337 0.449553
vt 0.419706 0.419706
vt 0.919706 0.419706
vt 0.449553 0.383337
vt 0.949553 0.383337
vt 0.471731 0.341844
vt 0.971731 0.341844
vt 0.485388 0.296822
vt 0.985388 0.296822
vt 0.490000 0.250000
vt 0.990000 0.250000
vt 0.485388 0.203178
vt 0.985388 0.203178
vt 0.471731 0.158156
vt 0.971731 0.158156
vt 0.449553 0.116663
vt 0.949553 0.116663
vt 0.419706 0.080294
vt 0.919706 0.080294
vt 0.383337 0.050447
vt 0.883337 0.050447
vt 0.341844 0.028269
vt 0.841844 0.028269
vt 0.296822 0.014612
vt 0.796822 0.014612
vt 0.250000 0.010000
vt 0.750000 0.010000
vt 0.203178 0.014612
vt 0.703178 0.014612
vt 0.158156 0.028269
vt 0.658156 0.028269
vt 0.116663 0.050447
vt 0.616663 0.050447
vt 0.080294 0.080294
vt 0.580294 0.080294
vt 0.050447 0.116663
vt 0.550447 0.116663
vt 0.028269 0.158156
vt 0.528269 0.158156
vt 0.014612 0.203178
vt 0.514612 0.203178
vt 0.010000 0.250000
vt 0.510000 0.250000
vt 0.014612 0.296822
vt 0.514612 0.296822
vt 0.028269 0.341844
vt 0.528269 0.341844
vt 0.050447 0.383337
vt 0.550447 0.383337
vt 0.080294 0.419706
vt 0.580294 0.419706
vt 0.116663 0.449553
vt 0.616663 0.449553
vt 0.158156 0.471731
vt 0.658156 0.471731
vt 0.203178 0.485388
vt 0.703178 0.485388
vt 0.250000 0.250000
vt 0.250000 0.490000
vt 0.750000 0.490000
vt 0.296822 0.485388
vt 0.796822 0.485388
vt 0.341844 0.471731
vt 0.841844 0.471731
vt 0.383337 0.449553
vt 0.883337 0.449553
vt 0.419706 0.419706
vt 0.919706 0.419706
vt 0.449553 0.383337
vt 0.949553 0.383337
vt 0.471731 0.341844
vt 0.971731 0.341844
vt 0.485388 0.296822
vt 0.985388 0.296822
vt 0.490000 0.250000
vt 0.990000 0.250000
vt 0.485388 0.203178
vt 0.985388 0.203178
vt 0.471731 0.158156
vt 0.971731 0.158156
vt 0.449553 0.116663
vt 0.949553 0.116663
vt 0.419706 0.080294
vt 0.919706 0.080294
vt 0.383337 0.050447
vt 0.883337 0.050447
vt 0.341844 0.028269
vt 0.841844 0.028269
vt 0.296822 0.014612
vt 0.796822 0.014612
vt 0.250000 0.010000
vt 0.750000 0.010000
vt 0.203178 0.014612
vt 0.703178 0.014612
vt 0.158156 0.028269
vt 0.658156 0.028269
vt 0.116663 0.050447
vt 0.616663 0.050447
vt 0.080294 0.080294
vt 0.580294 0.080294
vt 0.050447 0.116663
vt 0.550447 0.116663
vt 0.028269 0.158156
vt 0.528269 0.158156
vt 0.014612 0.203178
vt 0.514612 0.203178
vt 0.010000 0.250000
vt 0.510000 0.250000
vt 0.014612 0.296822
vt 0.514612 0.296822
vt 0.028269 0.341844
vt 0.528269 0.341844
vt 0.050447 0.383337
vt 0.550447 0.383337
vt 0.080294 0.419706
vt 0.580294 0.419706
vt 0.116663 0.449553
vt 0.616663 0.449553
vt 0.158156 0.471731
vt 0.658156 0.471731
vt 0.203178 0.485388
vt 0.703178 0.485388
vt 0.250000 0.250000
vt 0.250000 0.490000
vt 0.750000 0.490000
vt 0.296822 0.485388
vt 0.796822 0.485388
vt 0.341844 0.471731
vt 0.841844 0.471731
vt 0.383337 0.449553
vt 0.883337 0.449553
vt 0.419706 0.419706
vt 0.919706 0.419706
vt 0.449553 0.383337
vt 0.949553 0.383337
vt 0.471731 0.341844
vt 0.971731 0.341844
vt 0.485388 0.296822
vt 0.985388 0.296822
vt 0.490000 0.250000
vt 0.990000 0.250000
vt 0.485388 0.203178
vt 0.985388 0.203178
vt 0.471731 0.158156
vt 0.971731 0.158156
vt 0.449553 0.116663
vt 0.949553 0.116663
vt 0.419706 0.080294
vt 0.919706 0.080294
vt 0.383337 0.050447
vt 0.883337 0.050447
vt 0.341844 0.028269
vt 0.841844 0.028269
vt 0.296822 0.014612
vt 0.796822 0.014612
vt 0.250000 0.010000
vt 0.750000 0.010000
vt 0.203178 0.014612
vt 0.703178 0.014612
vt 0.158156 0.028269
vt 0.658156 0.028269
vt 0.116663 0.050447
vt 0.616663 0.050447
vt 0.080294 0.080294
vt 0.580294 0.080294
vt 0.050447 0.116663
vt 0.550447 0.116663
vt 0.028269 0.158156
vt 0.528269 0.158156
vt 0.014612 0.203178
vt 0.514612 0.203178
vt 0.010000 0.250000
vt 0.510000 0.250000
vt 0.014612 0.296822
vt 0.514612 0.296822
vt 0.028269 0.341844
vt 0.528269 0.341844
vt 0.050447 0.383337
vt 0.550447 0.383337
vt 0.080294 0.419706
vt 0.580294 0.419706
vt 0.116663 0.449553
vt 0.616663 0.449553
vt 0.158156 0.471731
vt 0.658156 0.471731
vt 0.203178 0.485388
vt 0.703178 0.485388
vt 0.250000 0.250000
vt 0.250000 0.490000
vt 0.750000 0.490000
vt 0.296822 0.485388
vt 0.796822 0.485388
vt 0.341844 0.471731
vt 0.841844 0.471731
vt 0.383337 0.449553
vt 0.883337 0.449553
vt 0.419706 0.419706
vt 0.919706 0.419706
vt 0.449553 0.383337
vt 0.949553 0.383337
vt 0.471731 0.341844
vt 0.971731 0.341844
vt 0.485388 0.296822
vt 0.985388 0.296822
vt 0.490000 0.250000
vt 0.990000 0.250000
vt 0.485388 0.203178
vt 0.985388 0.203178
vt 0.471731 0.158156
vt 0.971731 0.158156
vt 0.449553 0.116663
vt 0.949553 0.116663
vt 0.419706 0.080294
vt 0.919706 0.080294
vt 0.383337 0.050447
vt 0.883337 0.050447
vt 0.341844 0.028269
vt 0.841844 0.028269
vt 0.296822 0.014612
vt 0.796822 0.014612
vt 0.250000 0.010000
vt 0.750000 0.010000
vt 0.203178 0.014612
vt 0.703178 0.014612
vt 0.158156 0.028269
vt 0.658156 0.028269
vt 0.116663 0.050447
vt 0.616663 0.050447
vt 0.080294 0.080294
vt 0.580294 0.080294
vt 0.050447 0.116663
vt 0.550447 0.116663
vt 0.028269 0.158156
vt 0.528269 0.158156
vt 0.014612 0.203178
vt 0.514612 0.203178
vt 0.010000 0.250000
vt 0.510000 0.250000
vt 0.014612 0.296822
vt 0.514612 0.296822
vt 0.028269 0.341844
vt 0.528269 0.341844
vt 0.050447 0.383337
vt 0.550447 0.383337
vt 0.080294 0.419706
vt 0.580294 0.419706
vt 0.116663 0.449553
vt 0.616663 0.449553
vt 0.158156 0.471731
vt 0.658156 0.471731
vt 0.203178 0.485388
vt 0.703178 0.485388
vt 0.250000 0.250000
vt 0.250000 0.490000
vt 0.750000 0.490000
vt 0.296822 0.485388
vt 0.796822 0.485388
vt 0.341844 0.471731
vt 0.841844 0.471731
vt 0.383337 0.449553
vt 0.883337 0.449553
vt 0.419706 0.419706
vt 0.919706 0.419706
vt 0.449553 0.383337
vt 0.949553 0.383337
vt 0.471731 0.341844
vt 0.971731 0.341844
vt 0.485388 0.296822
vt 0.985388 0.296822
vt 0.490000 0.250000
vt 0.990000 0.250000
vt 0.485388 0.203178
vt 0.985388 0.203178
vt 0.471731 0.158156
vt 0.971731 0.158156
vt 0.449553 0.116663
vt 0.949553 0.116663
vt 0.419706 0.080294
vt 0.919706 0.080294
vt 0.383337 0.050447
vt 0.883337 0.050447
vt 0.341844 0.028269
vt 0.841844 0.028269
vt 0.296822 0.014612
vt 0.796822 0.014612
vt 0.250000 0.010000
vt 0.750000 0.010000
vt 0.203178 0.014612
vt 0.703178 0.014612
vt 0.158156 0.028269
vt 0.658156 0.028269
vt 0.116663 0.050447
vt 0.616663 0.050447
vt 0.080294 0.080294
vt 0.580294 0.080294
vt 0.050447 0.116663
vt 0.550447 0.116663
vt 0.028269 0.158156
vt 0.528269 0.158156
vt 0.014612 0.203178
vt 0.514612 0.203178
vt 0.010000 0.250000
vt 0.510000 0.250000
vt 0.014612 0.296822
vt 0.514612 0.296822
vt 0.028269 0.341844
vt 0.528269 0.341844
vt 0.050447 0.383337
vt 0.550447 0.383337
vt 0.080294 0.419706
vt 0.580294 0.419706
vt 0.116663 0.449553
vt 0.616663 0.449553
vt 0.158156 0.471731
vt 0.658156 0.471731
vt 0.203178 0.485388
vt 0.703178 0.485388
vt 0.250000 0.250000
s 1
usemtl マテリアル
f 1/1/1 33/65/2 2/3/3
f 2/3/3 33/65/2 3/5/4
f 3/5/4 33/65/2 4/7/5
f 4/7/5 33/65/2 5/9/6
f 5/9/6 33/65/2 6/11/7
f 6/11/7 33/65/2 7/13/8
f 7/13/8 33/65/2 8/15/9
f 8/15/9 33/65/2 9/17/10
f 9/17/10 33/65/2 10/19/11
f 10/19/11 33/65/2 11/21/12
f 11/21/12 33/65/2 12/23/13
f 12/23/13 33/65/2 13/25/14
f 13/25/14 33/65/2 14/27/15
f 14/27/15 33/65/2 15/29/16
f 15/29/16 33/65/2 16/31/17
f 16/31/17 33/65/2 17/33/18
f 17/33/18 33/65/2 18/35/19
f 18/35/19 33/65/2 19/37/20
f 19/37/20 33/65/2 20/39/21
f 20/39/21 33/65/2 21/41/22
f 21/41/22 33/65/2 22/43/23
f 22/43/23 33/65/2 23/45/24
f 23/45/24 33/65/2 24/47/25
f 24/47/25 33/65/2 25/49/26
f 25/49/26 33/65/2 26/51/27
f 26/51/27 33/65/2 27/53/28
f 27/53/28 33/65/2 28/55/29
f 28/55/29 33/65/2 29/57/30
f 29/57/30 33/65/2 30/59/31
f 30/59/31 33/65/2 31/61/32
f 16/32/17 24/48/25 32/64/33
f 31/61/32 33/65/2 32/63/33
f 32/63/33 33/65/2 1/1/1
f 341/404/34 515/624/35 54/86/36
f 37/69/37 48/80/38 38/70/39
f 508/617/40 40/72/41 41/73/42
f 38/70/39 49/81/43 511/620/44
f 34/66/45 41/73/42 42/74/46
f 511/620/44 50/82/47 39/71/48
f 509/618/49 42/74/46 43/75/50
f 39/71/48 51/83/51 512/621/52
f 509/618/49 44/76/53 35/67/54
f 512/621/52 52/84/55 513/622/56
f 510/619/57 44/76/53 45/77/58
f 513/622/56 53/85/59 514/623/60
f 510/619/57 46/78/61 36/68/62
f 514/623/60 54/86/36 515/624/35
f 36/68/62 47/79/63 37/69/37
f 507/616/64 115/147/65 40/72/41
f 53/85/59 69/101/66 54/86/36
f 47/79/63 61/93/67 62/94/68
f 40/72/41 115/148/65 55/87/69
f 341/405/34 54/86/36 69/101/66
f 47/79/63 63/95/70 48/80/38
f 41/73/42 55/87/69 56/88/71
f 49/81/43 63/95/70 64/96/72
f 42/74/46 56/88/71 57/89/73
f 50/82/47 64/96/72 65/97/74
f 43/75/50 57/89/73 58/90/75
f 51/83/51 65/97/74 66/98/76
f 44/76/53 58/90/75 59/91/77
f 52/84/55 66/98/76 67/99/78
f 44/76/53 60/92/79 45/77/58
f 53/85/59 67/99/78 68/100/80
f 45/77/58 61/93/67 46/78/61
f 57/89/73 73/105/81 58/90/75
f 66/98/76 80/112/82 81/113/83
f 58/90/75 74/106/84 59/91/77
f 67/99/78 81/113/83 82/114/85
f 59/91/77 75/107/86 60/92/79
f 67/99/78 83/115/87 68/100/80
f 61/93/67 75/107/86 76/108/88
f 68/100/80 84/116/89 69/101/66
f 62/94/68 76/108/88 77/109/90
f 55/87/69 115/149/65 70/102/91
f 341/406/34 69/101/66 84/116/89
f 62/94/68 78/110/92 63/95/70
f 55/87/69 71/103/93 56/88/71
f 63/95/70 79/111/94 64/96/72
f 56/88/71 72/104/95 57/89/73
f 65/97/74 79/111/94 80/112/82
f 77/109/90 91/123/96 92/124/97
f 70/102/91 115/150/65 85/117/98
f 341/407/34 84/116/89 99/131/99
f 77/109/90 93/125/100 78/110/92
f 71/103/93 85/117/98 86/118/101
f 78/110/92 94/126/102 79/111/94
f 72/104/95 86/118/101 87/119/103
f 80/112/82 94/126/102 95/127/104
f 72/104/95 88/120/105 73/105/81
f 81/113/83 95/127/104 96/128/106
f 74/106/84 88/120/105 89/121/107
f 82/114/85 96/128/106 97/129/108
f 74/106/84 90/122/109 75/107/86
f 83/115/87 97/129/108 98/130/110
f 76/108/88 90/122/109 91/123/96
f 84/116/89 98/130/110 99/131/99
f 95/127/104 111/143/111 96/128/106
f 89/121/107 103/135/112 104/136/113
f 97/129/108 111/143/111 112/144/114
f 89/121/107 105/137/115 90/122/109
f 97/129/108 113/145/116 98/130/110
f 91/123/96 105/137/115 106/138/117
f 98/130/110 114/146/118 99/131/99
f 92/124/97 106/138/117 107/139/119
f 85/117/98 115/151/65 100/132/120
f 341/408/34 99/131/99 114/146/118
f 92/124/97 108/140/121 93/125/100
f 85/117/98 101/133/122 86/118/101
f 93/125/100 109/141/123 94/126/102
f 87/119/103 101/133/122 102/134/124
f 95/127/104 109/141/123 110/142/125
f 87/119/103 103/135/112 88/120/105
f 341/409/34 114/146/118 130/193/126
f 107/139/119 124/187/127 108/140/121
f 101/133/122 116/179/128 117/180/129
f 108/140/121 125/188/130 109/141/123
f 101/133/122 118/181/131 102/134/124
f 110/142/125 125/188/130 126/189/132
f 102/134/124 119/182/133 103/135/112
f 110/142/125 127/190/134 111/143/111
f 104/136/113 119/182/133 120/183/135
f 112/144/114 127/190/134 128/191/136
f 104/136/113 121/184/137 105/137/115
f 113/145/116 128/191/136 129/192/138
f 106/138/117 121/184/137 122/185/139
f 114/146/118 129/192/138 130/193/126
f 107/139/119 122/185/139 123/186/140
f 100/132/120 115/152/65 116/179/128
f 128/191/136 142/205/141 143/206/142
f 120/183/135 136/199/143 121/184/137
f 129/192/138 143/206/142 144/207/144
f 122/185/139 136/199/143 137/200/145
f 130/193/126 144/207/144 145/208/146
f 123/186/140 137/200/145 138/201/147
f 116/179/128 115/153/65 131/194/148
f 341/410/34 130/193/126 145/208/146
f 123/186/140 139/202/149 124/187/127
f 116/179/128 132/195/150 117/180/129
f 124/187/127 140/203/151 125/188/130
f 118/181/131 132/195/150 133/196/152
f 126/189/132 140/203/151 141/204/153
f 118/181/131 134/197/154 119/182/133
f 126/189/132 142/205/141 127/190/134
f 120/183/135 134/197/154 135/198/155
f 132/195/150 146/209/156 147/210/157
f 139/202/149 155/218/158 140/203/151
f 132/195/150 148/211/159 133/196/152
f 141/204/153 155/218/158 156/219/160
f 133/196/152 149/212/161 134/197/154
f 141/204/153 157/220/162 142/205/141
f 135/198/155 149/212/161 150/213/163
f 143/206/142 157/220/162 158/221/164
f 135/198/155 151/214/165 136/199/143
f 143/206/142 159/222/166 144/207/144
f 137/200/145 151/214/165 152/215/167
f 144/207/144 160/223/168 145/208/146
f 138/201/147 152/215/167 153/216/169
f 131/194/148 115/154/65 146/209/156
f 341/411/34 145/208/146 160/223/168
f 138/201/147 154/217/170 139/202/149
f 150/213/163 166/229/171 151/214/165
f 159/222/166 173/236/172 174/237/173
f 152/215/167 166/229/171 167/230/174
f 160/223/168 174/237/173 175/238/175
f 153/216/169 167/230/174 168/231/176
f 146/209/156 115/155/65 161/224/177
f 341/412/34 160/223/168 175/238/175
f 153/216/169 169/232/178 154/217/170
f 146/209/156 162/225/179 147/210/157
f 154/217/170 170/233/180 155/218/158
f 147/210/157 163/226/181 148/211/159
f 156/219/160 170/233/180 171/234/182
f 148/211/159 164/227/183 149/212/161
f 156/219/160 172/235/184 157/220/162
f 150/213/163 164/227/183 165/228/185
f 158/221/164 172/235/184 173/236/172
f 169/232/178 185/248/186 170/233/180
f 163/226/181 177/240/187 178/241/188
f 171/234/182 185/248/186 186/249/189
f 163/226/181 179/242/190 164/227/183
f 171/234/182 187/250/191 172/235/184
f 165/228/185 179/242/190 180/243/192
f 173/236/172 187/250/191 188/251/193
f 165/228/185 181/244/194 166/229/171
f 174/237/173 188/251/193 189/252/195
f 167/230/174 181/244/194 182/245/196
f 175/238/175 189/252/195 190/253/197
f 168/231/176 182/245/196 183/246/198
f 161/224/177 115/156/65 176/239/199
f 341/413/34 175/238/175 190/253/197
f 168/231/176 184/247/200 169/232/178
f 162/225/179 176/239/199 177/240/187
f 189/252/195 203/266/201 204/267/202
f 182/245/196 196/259/203 197/260/204
f 190/253/197 204/267/202 205/268/205
f 183/246/198 197/260/204 198/261/206
f 176/239/199 115/157/65 191/254/207
f 341/414/34 190/253/197 205/268/205
f 183/246/198 199/262/208 184/247/200
f 176/239/199 192/255/209 177/240/187
f 184/247/200 200/263/210 185/248/186
f 177/240/187 193/256/211 178/241/188
f 186/249/189 200/263/210 201/264/212
f 178/241/188 194/257/213 179/242/190
f 186/249/189 202/265/214 187/250/191
f 180/243/192 194/257/213 195/258/215
f 188/251/193 202/265/214 203/266/201
f 180/243/192 196/259/203 181/244/194
f 192/255/209 208/271/216 193/256/211
f 201/264/212 215/278/217 216/279/218
f 193/256/211 209/272/219 194/257/213
f 201/264/212 217/280/220 202/265/214
f 195/258/215 209/272/219 210/273/221
f 203/266/201 217/280/220 218/281/222
f 195/258/215 211/274/223 196/259/203
f 204/267/202 218/281/222 219/282/224
f 197/260/204 211/274/223 212/275/225
f 205/268/205 219/282/224 220/283/226
f 198/261/206 212/275/225 213/276/227
f 191/254/207 115/158/65 206/269/228
f 341/415/34 205/268/205 220/283/226
f 198/261/206 214/277/229 199/262/208
f 191/254/207 207/270/230 192/255/209
f 199/262/208 215/278/217 200/263/210
f 212/275/225 226/289/231 227/290/232
f 220/283/226 234/297/233 235/298/234
f 213/276/227 227/290/232 228/291/235
f 206/269/228 115/159/65 221/284/236
f 341/416/34 220/283/226 235/298/234
f 213/276/227 229/292/237 214/277/229
f 206/269/228 222/285/238 207/270/230
f 214/277/229 230/293/239 215/278/217
f 208/271/216 222/285/238 223/286/240
f 216/279/218 230/293/239 231/294/241
f 208/271/216 224/287/242 209/272/219
f 216/279/218 232/295/243 217/280/220
f 210/273/221 224/287/242 225/288/244
f 218/281/222 232/295/243 233/296/245
f 210/273/221 226/289/231 211/274/223
f 218/281/222 234/297/233 219/282/224
f 231/294/241 245/308/246 246/309/247
f 223/286/240 239/302/248 224/287/242
f 231/294/241 247/310/249 232/295/243
f 225/288/244 239/302/248 240/303/250
f 233/296/245 247/310/249 248/311/251
f 225/288/244 241/304/252 226/289/231
f 234/297/233 248/311/251 249/312/253
f 227/290/232 241/304/252 242/305/254
f 235/298/234 249/312/253 250/313/255
f 228/291/235 242/305/254 243/306/256
f 221/284/236 115/160/65 236/299/257
f 341/417/34 235/298/234 250/313/255
f 228/291/235 244/307/258 229/292/237
f 221/284/236 237/300/259 222/285/238
f 229/292/237 245/308/246 230/293/239
f 222/285/238 238/301/260 223/286/240
f 249/312/253 265/328/261 250/313/255
f 243/306/256 257/320/262 258/321/263
f 236/299/257 115/161/65 251/314/264
f 341/418/34 250/313/255 265/328/261
f 243/306/256 259/322/265 244/307/258
f 237/300/259 251/314/264 252/315/266
f 244/307/258 260/323/267 245/308/246
f 237/300/259 253/316/268 238/301/260
f 246/309/247 260/323/267 261/324/269
f 238/301/260 254/317/270 239/302/248
f 246/309/247 262/325/271 247/310/249
f 240/303/250 254/317/270 255/318/272
f 248/311/251 262/325/271 263/326/273
f 240/303/250 256/319/274 241/304/252
f 248/311/251 264/327/275 249/312/253
f 242/305/254 256/319/274 257/320/262
f 261/324/269 277/340/276 262/325/271
f 255/318/272 269/332/277 270/333/278
f 263/326/273 277/340/276 278/341/279
f 255/318/272 271/334/280 256/319/274
f 264/327/275 278/341/279 279/342/281
f 257/320/262 271/334/280 272/335/282
f 264/327/275 280/343/283 265/328/261
f 258/321/263 272/335/282 273/336/284
f 251/314/264 115/162/65 266/329/285
f 341/419/34 265/328/261 280/343/283
f 258/321/263 274/337/286 259/322/265
f 252/315/266 266/329/285 267/330/287
f 259/322/265 275/338/288 260/323/267
f 253/316/268 267/330/287 268/331/289
f 261/324/269 275/338/288 276/339/290
f 253/316/268 269/332/277 254/317/270
f 266/329/285 115/163/65 281/344/291
f 341/420/34 280/343/283 295/358/292
f 273/336/284 289/352/293 274/337/286
f 267/330/287 281/344/291 282/345/294
f 274/337/286 290/353/295 275/338/288
f 268/331/289 282/345/294 283/346/296
f 276/339/290 290/353/295 291/354/297
f 268/331/289 284/347/298 269/332/277
f 277/340/276 291/354/297 292/355/299
f 270/333/278 284/347/298 285/348/300
f 278/341/279 292/355/299 293/356/301
f 270/333/278 286/349/302 271/334/280
f 278/341/279 294/357/303 279/342/281
f 272/335/282 286/349/302 287/350/304
f 279/342/281 295/358/292 280/343/283
f 273/336/284 287/350/304 288/351/305
f 285/348/300 299/362/306 300/363/307
f 293/356/301 307/370/308 308/371/309
f 285/348/300 301/364/310 286/349/302
f 294/357/303 308/371/309 309/372/311
f 287/350/304 301/364/310 302/365/312
f 295/358/292 309/372/311 310/373/313
f 288/351/305 302/365/312 303/366/314
f 281/344/291 115/164/65 296/359/315
f 341/421/34 295/358/292 310/373/313
f 288/351/305 304/367/316 289/352/293
f 281/344/291 297/360/317 282/345/294
f 289/352/293 305/368/318 290/353/295
f 282/345/294 298/361/319 283/346/296
f 291/354/297 305/368/318 306/369/320
f 283/346/296 299/362/306 284/347/298
f 291/354/297 307/370/308 292/355/299
f 303/366/314 319/382/321 304/367/316
f 296/359/315 312/375/322 297/360/317
f 304/367/316 320/383/323 305/368/318
f 297/360/317 313/376/324 298/361/319
f 306/369/320 320/383/323 321/384/325
f 298/361/319 314/377/326 299/362/306
f 306/369/320 322/385/327 307/370/308
f 300/363/307 314/377/326 315/378/328
f 308/371/309 322/385/327 323/386/329
f 300/363/307 316/379/330 301/364/310
f 309/372/311 323/386/329 324/387/331
f 302/365/312 316/379/330 317/380/332
f 310/373/313 324/387/331 325/388/333
f 303/366/314 317/380/332 318/381/334
f 296/359/315 115/165/65 311/374/335
f 341/422/34 310/373/313 325/388/333
f 323/386/329 337/400/336 338/401/337
f 315/378/328 331/394/338 316/379/330
f 323/386/329 339/402/339 324/387/331
f 317/380/332 331/394/338 332/395/340
f 325/388/333 339/402/339 340/403/341
f 318/381/334 332/395/340 333/396/342
f 311/374/335 115/166/65 326/389/343
f 341/423/34 325/388/333 340/403/341
f 318/381/334 334/397/344 319/382/321
f 311/374/335 327/390/345 312/375/322
f 319/382/321 335/398/346 320/383/323
f 313/376/324 327/390/345 328/391/347
f 321/384/325 335/398/346 336/399/348
f 313/376/324 329/392/349 314/377/326
f 321/384/325 337/400/336 322/385/327
f 315/378/328 329/392/349 330/393/350
f 326/389/343 343/437/351 327/390/345
f 334/397/344 351/445/352 335/398/346
f 328/391/347 343/437/351 344/438/353
f 336/399/348 351/445/352 352/446/354
f 328/391/347 345/439/355 329/392/349
f 336/399/348 353/447/356 337/400/336
f 330/393/350 345/439/355 346/440/357
f 338/401/337 353/447/356 354/448/358
f 330/393/350 347/441/359 331/394/338
f 338/401/337 355/449/360 339/402/339
f 332/395/340 347/441/359 348/442/361
f 340/403/341 355/449/360 356/450/362
f 333/396/342 348/442/361 349/443/363
f 326/389/343 115/167/65 342/436/364
f 341/424/34 340/403/341 356/450/362
f 333/396/342 350/444/365 334/397/344
f 346/440/357 362/456/366 347/441/359
f 354/448/358 370/464/367 355/449/360
f 348/442/361 362/456/366 363/457/368
f 356/450/362 370/464/367 371/465/369
f 349/443/363 363/457/368 364/458/370
f 342/436/364 115/168/65 357/451/371
f 341/425/34 356/450/362 371/465/369
f 349/443/363 365/459/372 350/444/365
f 342/436/364 358/452/373 343/437/351
f 350/444/365 366/460/374 351/445/352
f 343/437/351 359/453/375 344/438/353
f 352/446/354 366/460/374 367/461/376
f 344/438/353 360/454/377 345/439/355
f 352/446/354 368/462/378 353/447/356
f 346/440/357 360/454/377 361/455/379
f 354/448/358 368/462/378 369/463/380
f 365/459/372 381/475/381 366/460/374
f 358/452/373 374/468/382 359/453/375
f 367/461/376 381/475/381 382/476/383
f 359/453/375 375/469/384 360/454/377
f 367/461/376 383/477/385 368/462/378
f 361/455/379 375/469/384 376/470/386
f 369/463/380 383/477/385 384/478/387
f 361/455/379 377/471/388 362/456/366
f 369/463/380 385/479/389 370/464/367
f 363/457/368 377/471/388 378/472/390
f 371/465/369 385/479/389 386/480/391
f 364/458/370 378/472/390 379/473/392
f 357/451/371 115/169/65 372/466/393
f 341/426/34 371/465/369 386/480/391
f 364/458/370 380/474/394 365/459/372
f 357/451/371 373/467/395 358/452/373
f 384/478/387 400/507/396 385/479/389
f 378/472/390 392/491/397 393/493/398
f 386/480/391 400/507/396 401/509/399
f 379/473/392 393/493/398 394/495/400
f 372/466/393 115/170/65 387/481/401
f 341/427/34 386/480/391 401/509/399
f 379/473/392 395/497/402 380/474/394
f 372/466/393 388/483/403 373/467/395
f 380/474/394 396/499/404 381/475/381
f 373/467/395 389/485/405 374/468/382
f 382/476/383 396/499/404 397/501/406
f 374/468/382 390/487/407 375/469/384
f 382/476/383 398/503/408 383/477/385
f 376/470/386 390/487/407 391/489/409
f 384/478/387 398/503/408 399/505/410
f 376/470/386 392/491/397 377/471/388
f 397/502/406 411/520/411 412/521/412
f 389/486/405 405/514/413 390/488/407
f 397/502/406 413/522/414 398/504/408
f 391/490/409 405/514/413 406/515/415
f 399/506/410 413/522/414 414/523/416
f 391/490/409 407/516/417 392/492/397
f 399/506/410 415/524/418 400/508/396
f 393/494/398 407/516/417 408/517/419
f 400/508/396 416/525/420 401/510/399
f 394/496/400 408/517/419 409/518/421
f 387/482/401 115/171/65 402/511/422
f 341/428/34 401/510/399 416/525/420
f 394/496/400 410/519/423 395/498/402
f 387/482/401 403/512/424 388/484/403
f 395/498/402 411/520/411 396/500/404
f 389/486/405 403/512/424 404/513/425
f 415/524/418 431/540/426 416/525/420
f 409/518/421 423/532/427 424/533/428
f 402/511/422 115/172/65 417/526/429
f 341/429/34 416/525/420 431/540/426
f 409/518/421 425/534/430 410/519/423
f 403/512/424 417/526/429 418/527/431
f 410/519/423 426/535/432 411/520/411
f 404/513/425 418/527/431 419/528/433
f 412/521/412 426/535/432 427/536/434
f 404/513/425 420/529/435 405/514/413
f 412/521/412 428/537/436 413/522/414
f 406/515/415 420/529/435 421/530/437
f 414/523/416 428/537/436 429/538/438
f 406/515/415 422/531/439 407/516/417
f 414/523/416 430/539/440 415/524/418
f 408/517/419 422/531/439 423/532/427
f 419/528/433 435/544/441 420/529/435
f 427/536/434 443/552/442 428/537/436
f 421/530/437 435/544/441 436/545/443
f 429/538/438 443/552/442 444/553/444
f 421/530/437 437/546/445 422/531/439
f 429/538/438 445/554/446 430/539/440
f 423/532/427 437/546/445 438/547/447
f 431/540/426 445/554/446 446/555/448
f 424/533/428 438/547/447 439/548/449
f 417/526/429 115/173/65 432/541/450
f 341/430/34 431/540/426 446/555/448
f 424/533/428 440/549/451 425/534/430
f 417/526/429 433/542/452 418/527/431
f 425/534/430 441/550/453 426/535/432
f 418/527/431 434/543/454 419/528/433
f 427/536/434 441/550/453 442/551/455
f 439/548/449 453/562/456 454/563/457
f 432/541/450 115/174/65 447/556/458
f 341/431/34 446/555/448 461/570/459
f 439/548/449 455/564/460 440/549/451
f 432/541/450 448/557/461 433/542/452
f 440/549/451 456/565/462 441/550/453
f 434/543/454 448/557/461 449/558/463
f 442/551/455 456/565/462 457/566/464
f 434/543/454 450/559/465 435/544/441
f 442/551/455 458/567/466 443/552/442
f 436/545/443 450/559/465 451/560/467
f 444/553/444 458/567/466 459/568/468
f 436/545/443 452/561/469 437/546/445
f 444/553/444 460/569/470 445/554/446
f 438/547/447 452/561/469 453/562/456
f 445/554/446 461/570/459 446/555/448
f 457/566/464 473/582/471 458/567/466
f 451/560/467 465/574/472 466/575/473
f 459/568/468 473/582/471 474/583/474
f 451/560/467 467/576/475 452/561/469
f 459/568/468 475/584/476 460/569/470
f 453/562/456 467/576/475 468/577/477
f 460/569/470 476/585/478 461/570/459
f 454/563/457 468/577/477 469/578/479
f 447/556/458 115/175/65 462/571/480
f 341/432/34 461/570/459 476/585/478
f 454/563/457 470/579/481 455/564/460
f 448/557/461 462/571/480 463/572/482
f 455/564/460 471/580/483 456/565/462
f 449/558/463 463/572/482 464/573/484
f 457/566/464 471/580/483 472/581/485
f 449/558/463 465/574/472 450/559/465
f 462/571/480 115/176/65 477/586/486
f 341/433/34 476/585/478 491/600/487
f 469/578/479 485/594/488 470/579/481
f 462/571/480 478/587/489 463/572/482
f 470/579/481 486/595/490 471/580/483
f 464/573/484 478/587/489 479/588/491
f 472/581/485 486/595/490 487/596/492
f 464/573/484 480/589/493 465/574/472
f 472/581/485 488/597/494 473/582/471
f 466/575/473 480/589/493 481/590/495
f 474/583/474 488/597/494 489/598/496
f 466/575/473 482/591/497 467/576/475
f 474/583/474 490/599/498 475/584/476
f 468/577/477 482/591/497 483/592/499
f 475/584/476 491/600/487 476/585/478
f 469/578/479 483/592/499 484/593/500
f 481/590/495 495/604/501 496/605/502
f 489/598/496 503/612/503 504/613/504
f 481/590/495 497/606/505 482/591/497
f 489/598/496 505/614/506 490/599/498
f 483/592/499 497/606/505 498/607/507
f 491/600/487 505/614/506 506/615/508
f 484/593/500 498/607/507 499/608/509
f 477/586/486 115/177/65 492/601/510
f 341/434/34 491/600/487 506/615/508
f 484/593/500 500/609/511 485/594/488
f 478/587/489 492/601/510 493/602/512
f 485/594/488 501/610/513 486/595/490
f 479/588/491 493/602/512 494/603/514
f 487/596/492 501/610/513 502/611/515
f 479/588/491 495/604/501 480/589/493
f 487/596/492 503/612/503 488/597/494
f 499/608/509 38/70/39 500/609/511
f 492/601/510 508/617/40 493/602/512
f 500/609/511 511/620/44 501/610/513
f 494/603/514 508/617/40 34/66/45
f 501/610/513 39/71/48 502/611/515
f 495/604/501 34/66/45 509/618/49
f 502/611/515 512/621/52 503/612/503
f 496/605/502 509/618/49 35/67/54
f 504/613/504 512/621/52 513/622/56
f 497/606/505 35/67/54 510/619/57
f 504/613/504 514/623/60 505/614/506
f 498/607/507 510/619/57 36/68/62
f 505/614/506 515/624/35 506/615/508
f 499/608/509 36/68/62 37/69/37
f 492/601/510 115/178/65 507/616/64
f 341/435/34 506/615/508 515/624/35
f 516/625/516 548/689/65 517/627/517
f 517/627/517 548/689/65 518/629/518
f 518/629/518 548/689/65 519/631/519
f 519/631/519 548/689/65 520/633/520
f 520/633/520 548/689/65 521/635/521
f 521/635/521 548/689/65 522/637/522
f 522/637/522 548/689/65 523/639/523
f 523/639/523 548/689/65 524/641/524
f 524/641/524 548/689/65 525/643/525
f 525/643/525 548/689/65 526/645/526
f 526/645/526 548/689/65 527/647/527
f 527/647/527 548/689/65 528/649/528
f 528/649/528 548/689/65 529/651/529
f 529/651/529 548/689/65 530/653/530
f 530/653/530 548/689/65 531/655/531
f 531/655/531 548/689/65 532/657/532
f 532/657/532 548/689/65 533/659/533
f 533/659/533 548/689/65 534/661/534
f 534/661/534 548/689/65 535/663/535
f 535/663/535 548/689/65 536/665/536
f 536/665/536 548/689/65 537/667/537
f 537/667/537 548/689/65 538/669/538
f 538/669/538 548/689/65 539/671/539
f 539/671/539 548/689/65 540/673/540
f 540/673/540 548/689/65 541/675/541
f 541/675/541 548/689/65 542/677/542
f 542/677/542 548/689/65 543/679/543
f 543/679/543 548/689/65 544/681/544
f 544/681/544 548/689/65 545/683/545
f 545/683/545 548/689/65 546/685/546
f 523/640/523 531/656/531 539/672/539
f 546/685/546 548/689/65 547/687/547
f 547/687/547 548/689/65 516/625/516
f 549/690/548 581/754/34 550/692/549
f 550/692/549 581/754/34 551/694/550
f 551/694/550 581/754/34 552/696/551
f 552/696/551 581/754/34 553/698/552
f 553/698/552 581/754/34 554/700/553
f 554/700/553 581/754/34 555/702/554
f 555/702/554 581/754/34 556/704/555
f 556/704/555 581/754/34 557/706/556
f 557/706/556 581/754/34 558/708/557
f 558/708/557 581/754/34 559/710/558
f 559/710/558 581/754/34 560/712/559
f 560/712/559 581/754/34 561/714/560
f 561/714/560 581/754/34 562/716/561
f 562/716/561 581/754/34 563/718/562
f 563/718/562 581/754/34 564/720/563
f 564/720/563 581/754/34 565/722/564
f 565/722/564 581/754/34 566/724/565
f 566/724/565 581/754/34 567/726/566
f 567/726/566 581/754/34 568/728/567
f 568/728/567 581/754/34 569/730/568
f 569/730/568 581/754/34 570/732/569
f 570/732/569 581/754/34 571/734/570
f 571/734/570 581/754/34 572/736/571
f 572/736/571 581/754/34 573/738/572
f 573/738/572 581/754/34 574/740/573
f 574/740/573 581/754/34 575/742/574
f 575/742/574 581/754/34 576/744/575
f 576/744/575 581/754/34 577/746/576
f 577/746/576 581/754/34 578/748/577
f 578/748/577 581/754/34 579/750/578
f 556/705/555 564/721/563 572/737/571
f 579/750/578 581/754/34 580/752/579
f 580/752/579 581/754/34 549/690/548
f 582/755/580 614/819/284 583/757/581
f 583/757/581 614/819/284 584/759/582
f 584/759/582 614/819/284 585/761/583
f 585/761/583 614/819/284 586/763/584
f 586/763/584 614/819/284 587/765/585
f 587/765/585 614/819/284 588/767/586
f 588/767/586 614/819/284 589/769/587
f 589/769/587 614/819/284 590/771/588
f 590/771/588 614/819/284 591/773/589
f 591/773/589 614/819/284 592/775/590
f 592/775/590 614/819/284 593/777/591
f 593/777/591 614/819/284 594/779/592
f 594/779/592 614/819/284 595/781/593
f 595/781/593 614/819/284 596/783/594
f 596/783/594 614/819/284 597/785/595
f 597/785/595 614/819/284 598/787/596
f 598/787/596 614/819/284 599/789/597
f 599/789/597 614/819/284 600/791/598
f 600/791/598 614/819/284 601/793/599
f 601/793/599 614/819/284 602/795/600
f 602/795/600 614/819/284 603/797/601
f 603/797/601 614/819/284 604/799/602
f 604/799/602 614/819/284 605/801/603
f 605/801/603 614/819/284 606/803/604
f 606/803/604 614/819/284 607/805/605
f 607/805/605 614/819/284 608/807/606
f 608/807/606 614/819/284 609/809/607
f 609/809/607 614/819/284 610/811/608
f 610/811/608 614/819/284 611/813/609
f 611/813/609 614/819/284 612/815/610
f 613/818/611 589/770/587 597/786/595
f 612/815/610 614/819/284 613/817/611
f 613/817/611 614/819/284 582/755/580
f 615/820/612 647/884/37 616/822/613
f 616/822/613 647/884/37 617/824/614
f 617/824/614 647/884/37 618/826/615
f 618/826/615 647/884/37 619/828/616
f 619/828/616 647/884/37 620/830/617
f 620/830/617 647/884/37 621/832/618
f 621/832/618 647/884/37 622/834/619
f 622/834/619 647/884/37 623/836/620
f 623/836/620 647/884/37 624/838/621
f 624/838/621 647/884/37 625/840/622
f 625/840/622 647/884/37 626/842/623
f 626/842/623 647/884/37 627/844/624
f 627/844/624 647/884/37 628/846/625
f 628/846/625 647/884/37 629/848/626
f 629/848/626 647/884/37 630/850/627
f 630/850/627 647/884/37 631/852/628
f 631/852/628 647/884/37 632/854/629
f 632/854/629 647/884/37 633/856/630
f 633/856/630 647/884/37 634/858/631
f 634/858/631 647/884/37 635/860/632
f 635/860/632 647/884/37 636/862/633
f 636/862/633 647/884/37 637/864/634
f 637/864/634 647/884/37 638/866/635
f 638/866/635 647/884/37 639/868/636
f 639/868/636 647/884/37 640/870/637
f 640/870/637 647/884/37 641/872/638
f 641/872/638 647/884/37 642/874/639
f 642/874/639 647/884/37 643/876/640
f 643/876/640 647/884/37 644/878/641
f 644/878/641 647/884/37 645/880/642
f 630/851/627 638/867/635 646/883/643
f 645/880/642 647/884/37 646/882/643
f 646/882/643 647/884/37 615/820/612
f 648/885/644 680/949/645 649/887/646
f 649/887/646 680/949/645 650/889/647
f 650/889/647 680/949/645 651/891/648
f 651/891/648 680/949/645 652/893/649
f 652/893/649 680/949/645 653/895/650
f 653/895/650 680/949/645 654/897/651
f 654/897/651 680/949/645 655/899/652
f 655/899/652 680/949/645 656/901/653
f 656/901/653 680/949/645 657/903/654
f 657/903/654 680/949/645 658/905/655
f 658/905/655 680/949/645 659/907/656
f 659/907/656 680/949/645 660/909/657
f 660/909/657 680/949/645 661/911/658
f 661/911/658 680/949/645 662/913/659
f 662/913/659 680/949/645 663/915/660
f 663/915/660 680/949/645 664/917/661
f 664/917/661 680/949/645 665/919/662
f 665/919/662 680/949/645 666/921/663
f 666/921/663 680/949/645 667/923/664
f 667/923/664 680/949/645 668/925/665
f 668/925/665 680/949/645 669/927/666
f 669/927/666 680/949/645 670/929/667
f 670/929/667 680/949/645 671/931/668
f 671/931/668 680/949/645 672/933/669
f 672/933/669 680/949/645 673/935/670
f 673/935/670 680/949/645 674/937/671
f 674/937/671 680/949/645 675/939/672
f 675/939/672 680/949/645 676/941/673
f 676/941/673 680/949/645 677/943/674
f 677/943/674 680/949/645 678/945/675
f 663/916/660 671/932/668 679/948/676
f 678/945/675 680/949/645 679/947/676
f 679/947/676 680/949/645 648/885/644
f 681/950/677 713/1014/678 682/952/679
f 682/952/679 713/1014/678 683/954/680
f 683/954/680 713/1014/678 684/956/681
f 684/956/681 713/1014/678 685/958/682
f 685/958/682 713/1014/678 686/960/683
f 686/960/683 713/1014/678 687/962/684
f 687/962/684 713/1014/678 688/964/685
f 688/964/685 713/1014/678 689/966/686
f 689/966/686 713/1014/678 690/968/687
f 690/968/687 713/1014/678 691/970/688
f 691/970/688 713/1014/678 692/972/689
f 692/972/689 713/1014/678 693/974/690
f 693/974/690 713/1014/678 694/976/691
f 694/976/691 713/1014/678 695/978/692
f 695/978/692 713/1014/678 696/980/693
f 696/980/693 713/1014/678 697/982/694
f 697/982/694 713/1014/678 698/984/695
f 698/984/695 713/1014/678 699/986/696
f 699/986/696 713/1014/678 700/988/697
f 700/988/697 713/1014/678 701/990/698
f 701/990/698 713/1014/678 702/992/699
f 702/992/699 713/1014/678 703/994/700
f 703/994/700 713/1014/678 704/996/701
f 704/996/701 713/1014/678 705/998/702
f 705/998/702 713/1014/678 706/1000/703
f 706/1000/703 713/1014/678 707/1002/704
f 707/1002/704 713/1014/678 708/1004/705
f 708/1004/705 713/1014/678 709/1006/706
f 709/1006/706 713/1014/678 710/1008/707
f 710/1008/707 713/1014/678 711/1010/708
f 696/981/693 704/997/701 712/1013/709
f 711/1010/708 713/1014/678 712/1012/709
f 712/1012/709 713/1014/678 681/950/677
f 714/1015/710 746/1079/711 715/1017/712
f 715/1017/712 746/1079/711 716/1019/713
f 716/1019/713 746/1079/711 717/1021/714
f 717/1021/714 746/1079/711 718/1023/715
f 718/1023/715 746/1079/711 719/1025/716
f 719/1025/716 746/1079/711 720/1027/717
f 720/1027/717 746/1079/711 721/1029/718
f 721/1029/718 746/1079/711 722/1031/719
f 722/1031/719 746/1079/711 723/1033/720
f 723/1033/720 746/1079/711 724/1035/721
f 724/1035/721 746/1079/711 725/1037/722
f 725/1037/722 746/1079/711 726/1039/723
f 726/1039/723 746/1079/711 727/1041/724
f 727/1041/724 746/1079/711 728/1043/725
f 728/1043/725 746/1079/711 729/1045/726
f 729/1045/726 746/1079/711 730/1047/727
f 730/1047/727 746/1079/711 731/1049/728
f 731/1049/728 746/1079/711 732/1051/729
f 732/1051/729 746/1079/711 733/1053/730
f 733/1053/730 746/1079/711 734/1055/731
f 734/1055/731 746/1079/711 735/1057/732
f 735/1057/732 746/1079/711 736/1059/733
f 736/1059/733 746/1079/711 737/1061/734
f 737/1061/734 746/1079/711 738/1063/735
f 738/1063/735 746/1079/711 739/1065/736
f 739/1065/736 746/1079/711 740/1067/737
f 740/1067/737 746/1079/711 741/1069/738
f 741/1069/738 746/1079/711 742/1071/739
f 742/1071/739 746/1079/711 743/1073/740
f 743/1073/740 746/1079/711 744/1075/741
f 721/1030/718 729/1046/726 737/1062/734
f 744/1075/741 746/1079/711 745/1077/742
f 745/1077/742 746/1079/711 714/1015/710
f 32/64/33 1/2/1 2/4/3
f 2/4/3 3/6/4 32/64/33
f 3/6/4 4/8/5 32/64/33
f 4/8/5 5/10/6 6/12/7
f 6/12/7 7/14/8 8/16/9
f 8/16/9 9/18/10 10/20/11
f 10/20/11 11/22/12 8/16/9
f 11/22/12 12/24/13 8/16/9
f 12/24/13 13/26/14 14/28/15
f 14/28/15 15/30/16 12/24/13
f 15/30/16 16/32/17 12/24/13
f 16/32/17 17/34/18 18/36/19
f 18/36/19 19/38/20 20/40/21
f 20/40/21 21/42/22 22/44/23
f 22/44/23 23/46/24 24/48/25
f 24/48/25 25/50/26 26/52/27
f 26/52/27 27/54/28 24/48/25
f 27/54/28 28/56/29 24/48/25
f 28/56/29 29/58/30 30/60/31
f 30/60/31 31/62/32 28/56/29
f 31/62/32 32/64/33 28/56/29
f 4/8/5 6/12/7 8/16/9
f 16/32/17 18/36/19 24/48/25
f 18/36/19 20/40/21 24/48/25
f 20/40/21 22/44/23 24/48/25
f 32/64/33 4/8/5 8/16/9
f 8/16/9 12/24/13 16/32/17
f 24/48/25 28/56/29 32/64/33
f 32/64/33 8/16/9 16/32/17
f 37/69/37 47/79/63 48/80/38
f 508/617/40 507/616/64 40/72/41
f 38/70/39 48/80/38 49/81/43
f 34/66/45 508/617/40 41/73/42
f 511/620/44 49/81/43 50/82/47
f 509/618/49 34/66/45 42/74/46
f 39/71/48 50/82/47 51/83/51
f 509/618/49 43/75/50 44/76/53
f 512/621/52 51/83/51 52/84/55
f 510/619/57 35/67/54 44/76/53
f 513/622/56 52/84/55 53/85/59
f 510/619/57 45/77/58 46/78/61
f 514/623/60 53/85/59 54/86/36
f 36/68/62 46/78/61 47/79/63
f 53/85/59 68/100/80 69/101/66
f 47/79/63 46/78/61 61/93/67
f 47/79/63 62/94/68 63/95/70
f 41/73/42 40/72/41 55/87/69
f 49/81/43 48/80/38 63/95/70
f 42/74/46 41/73/42 56/88/71
f 50/82/47 49/81/43 64/96/72
f 43/75/50 42/74/46 57/89/73
f 51/83/51 50/82/47 65/97/74
f 44/76/53 43/75/50 58/90/75
f 52/84/55 51/83/51 66/98/76
f 44/76/53 59/91/77 60/92/79
f 53/85/59 52/84/55 67/99/78
f 45/77/58 60/92/79 61/93/67
f 57/89/73 72/104/95 73/105/81
f 66/98/76 65/97/74 80/112/82
f 58/90/75 73/105/81 74/106/84
f 67/99/78 66/98/76 81/113/83
f 59/91/77 74/106/84 75/107/86
f 67/99/78 82/114/85 83/115/87
f 61/93/67 60/92/79 75/107/86
f 68/100/80 83/115/87 84/116/89
f 62/94/68 61/93/67 76/108/88
f 62/94/68 77/109/90 78/110/92
f 55/87/69 70/102/91 71/103/93
f 63/95/70 78/110/92 79/111/94
f 56/88/71 71/103/93 72/104/95
f 65/97/74 64/96/72 79/111/94
f 77/109/90 76/108/88 91/123/96
f 77/109/90 92/124/97 93/125/100
f 71/103/93 70/102/91 85/117/98
f 78/110/92 93/125/100 94/126/102
f 72/104/95 71/103/93 86/118/101
f 80/112/82 79/111/94 94/126/102
f 72/104/95 87/119/103 88/120/105
f 81/113/83 80/112/82 95/127/104
f 74/106/84 73/105/81 88/120/105
f 82/114/85 81/113/83 96/128/106
f 74/106/84 89/121/107 90/122/109
f 83/115/87 82/114/85 97/129/108
f 76/108/88 75/107/86 90/122/109
f 84/116/89 83/115/87 98/130/110
f 95/127/104 110/142/125 111/143/111
f 89/121/107 88/120/105 103/135/112
f 97/129/108 96/128/106 111/143/111
f 89/121/107 104/136/113 105/137/115
f 97/129/108 112/144/114 113/145/116
f 91/123/96 90/122/109 105/137/115
f 98/130/110 113/145/116 114/146/118
f 92/124/97 91/123/96 106/138/117
f 92/124/97 107/139/119 108/140/121
f 85/117/98 100/132/120 101/133/122
f 93/125/100 108/140/121 109/141/123
f 87/119/103 86/118/101 101/133/122
f 95/127/104 94/126/102 109/141/123
f 87/119/103 102/134/124 103/135/112
f 107/139/119 123/186/140 124/187/127
f 101/133/122 100/132/120 116/179/128
f 108/140/121 124/187/127 125/188/130
f 101/133/122 117/180/129 118/181/131
f 110/142/125 109/141/123 125/188/130
f 102/134/124 118/181/131 119/182/133
f 110/142/125 126/189/132 127/190/134
f 104/136/113 103/135/112 119/182/133
f 112/144/114 111/143/111 127/190/134
f 104/136/113 120/183/135 121/184/137
f 113/145/116 112/144/114 128/191/136
f 106/138/117 105/137/115 121/184/137
f 114/146/118 113/145/116 129/192/138
f 107/139/119 106/138/117 122/185/139
f 128/191/136 127/190/134 142/205/141
f 120/183/135 135/198/155 136/199/143
f 129/192/138 128/191/136 143/206/142
f 122/185/139 121/184/137 136/199/143
f 130/193/126 129/192/138 144/207/144
f 123/186/140 122/185/139 137/200/145
f 123/186/140 138/201/147 139/202/149
f 116/179/128 131/194/148 132/195/150
f 124/187/127 139/202/149 140/203/151
f 118/181/131 117/180/129 132/195/150
f 126/189/132 125/188/130 140/203/151
f 118/181/131 133/196/152 134/197/154
f 126/189/132 141/204/153 142/205/141
f 120/183/135 119/182/133 134/197/154
f 132/195/150 131/194/148 146/209/156
f 139/202/149 154/217/170 155/218/158
f 132/195/150 147/210/157 148/211/159
f 141/204/153 140/203/151 155/218/158
f 133/196/152 148/211/159 149/212/161
f 141/204/153 156/219/160 157/220/162
f 135/198/155 134/197/154 149/212/161
f 143/206/142 142/205/141 157/220/162
f 135/198/155 150/213/163 151/214/165
f 143/206/142 158/221/164 159/222/166
f 137/200/145 136/199/143 151/214/165
f 144/207/144 159/222/166 160/223/168
f 138/201/147 137/200/145 152/215/167
f 138/201/147 153/216/169 154/217/170
f 150/213/163 165/228/185 166/229/171
f 159/222/166 158/221/164 173/236/172
f 152/215/167 151/214/165 166/229/171
f 160/223/168 159/222/166 174/237/173
f 153/216/169 152/215/167 167/230/174
f 153/216/169 168/231/176 169/232/178
f 146/209/156 161/224/177 162/225/179
f 154/217/170 169/232/178 170/233/180
f 147/210/157 162/225/179 163/226/181
f 156/219/160 155/218/158 170/233/180
f 148/211/159 163/226/181 164/227/183
f 156/219/160 171/234/182 172/235/184
f 150/213/163 149/212/161 164/227/183
f 158/221/164 157/220/162 172/235/184
f 169/232/178 184/247/200 185/248/186
f 163/226/181 162/225/179 177/240/187
f 171/234/182 170/233/180 185/248/186
f 163/226/181 178/241/188 179/242/190
f 171/234/182 186/249/189 187/250/191
f 165/228/185 164/227/183 179/242/190
f 173/236/172 172/235/184 187/250/191
f 165/228/185 180/243/192 181/244/194
f 174/237/173 173/236/172 188/251/193
f 167/230/174 166/229/171 181/244/194
f 175/238/175 174/237/173 189/252/195
f 168/231/176 167/230/174 182/245/196
f 168/231/176 183/246/198 184/247/200
f 162/225/179 161/224/177 176/239/199
f 189/252/195 188/251/193 203/266/201
f 182/245/196 181/244/194 196/259/203
f 190/253/197 189/252/195 204/267/202
f 183/246/198 182/245/196 197/260/204
f 183/246/198 198/261/206 199/262/208
f 176/239/199 191/254/207 192/255/209
f 184/247/200 199/262/208 200/263/210
f 177/240/187 192/255/209 193/256/211
f 186/249/189 185/248/186 200/263/210
f 178/241/188 193/256/211 194/257/213
f 186/249/189 201/264/212 202/265/214
f 180/243/192 179/242/190 194/257/213
f 188/251/193 187/250/191 202/265/214
f 180/243/192 195/258/215 196/259/203
f 192/255/209 207/270/230 208/271/216
f 201/264/212 200/263/210 215/278/217
f 193/256/211 208/271/216 209/272/219
f 201/264/212 216/279/218 217/280/220
f 195/258/215 194/257/213 209/272/219
f 203/266/201 202/265/214 217/280/220
f 195/258/215 210/273/221 211/274/223
f 204/267/202 203/266/201 218/281/222
f 197/260/204 196/259/203 211/274/223
f 205/268/205 204/267/202 219/282/224
f 198/261/206 197/260/204 212/275/225
f 198/261/206 213/276/227 214/277/229
f 191/254/207 206/269/228 207/270/230
f 199/262/208 214/277/229 215/278/217
f 212/275/225 211/274/223 226/289/231
f 220/283/226 219/282/224 234/297/233
f 213/276/227 212/275/225 227/290/232
f 213/276/227 228/291/235 229/292/237
f 206/269/228 221/284/236 222/285/238
f 214/277/229 229/292/237 230/293/239
f 208/271/216 207/270/230 222/285/238
f 216/279/218 215/278/217 230/293/239
f 208/271/216 223/286/240 224/287/242
f 216/279/218 231/294/241 232/295/243
f 210/273/221 209/272/219 224/287/242
f 218/281/222 217/280/220 232/295/243
f 210/273/221 225/288/244 226/289/231
f 218/281/222 233/296/245 234/297/233
f 231/294/241 230/293/239 245/308/246
f 223/286/240 238/301/260 239/302/248
f 231/294/241 246/309/247 247/310/249
f 225/288/244 224/287/242 239/302/248
f 233/296/245 232/295/243 247/310/249
f 225/288/244 240/303/250 241/304/252
f 234/297/233 233/296/245 248/311/251
f 227/290/232 226/289/231 241/304/252
f 235/298/234 234/297/233 249/312/253
f 228/291/235 227/290/232 242/305/254
f 228/291/235 243/306/256 244/307/258
f 221/284/236 236/299/257 237/300/259
f 229/292/237 244/307/258 245/308/246
f 222/285/238 237/300/259 238/301/260
f 249/312/253 264/327/275 265/328/261
f 243/306/256 242/305/254 257/320/262
f 243/306/256 258/321/263 259/322/265
f 237/300/259 236/299/257 251/314/264
f 244/307/258 259/322/265 260/323/267
f 237/300/259 252/315/266 253/316/268
f 246/309/247 245/308/246 260/323/267
f 238/301/260 253/316/268 254/317/270
f 246/309/247 261/324/269 262/325/271
f 240/303/250 239/302/248 254/317/270
f 248/311/251 247/310/249 262/325/271
f 240/303/250 255/318/272 256/319/274
f 248/311/251 263/326/273 264/327/275
f 242/305/254 241/304/252 256/319/274
f 261/324/269 276/339/290 277/340/276
f 255/318/272 254/317/270 269/332/277
f 263/326/273 262/325/271 277/340/276
f 255/318/272 270/333/278 271/334/280
f 264/327/275 263/326/273 278/341/279
f 257/320/262 256/319/274 271/334/280
f 264/327/275 279/342/281 280/343/283
f 258/321/263 257/320/262 272/335/282
f 258/321/263 273/336/284 274/337/286
f 252/315/266 251/314/264 266/329/285
f 259/322/265 274/337/286 275/338/288
f 253/316/268 252/315/266 267/330/287
f 261/324/269 260/323/267 275/338/288
f 253/316/268 268/331/289 269/332/277
f 273/336/284 288/351/305 289/352/293
f 267/330/287 266/329/285 281/344/291
f 274/337/286 289/352/293 290/353/295
f 268/331/289 267/330/287 282/345/294
f 276/339/290 275/338/288 290/353/295
f 268/331/289 283/346/296 284/347/298
f 277/340/276 276/339/290 291/354/297
f 270/333/278 269/332/277 284/347/298
f 278/341/279 277/340/276 292/355/299
f 270/333/278 285/348/300 286/349/302
f 278/341/279 293/356/301 294/357/303
f 272/335/282 271/334/280 286/349/302
f 279/342/281 294/357/303 295/358/292
f 273/336/284 272/335/282 287/350/304
f 285/348/300 284/347/298 299/362/306
f 293/356/301 292/355/299 307/370/308
f 285/348/300 300/363/307 301/364/310
f 294/357/303 293/356/301 308/371/309
f 287/350/304 286/349/302 301/364/310
f 295/358/292 294/357/303 309/372/311
f 288/351/305 287/350/304 302/365/312
f 288/351/305 303/366/314 304/367/316
f 281/344/291 296/359/315 297/360/317
f 289/352/293 304/367/316 305/368/318
f 282/345/294 297/360/317 298/361/319
f 291/354/297 290/353/295 305/368/318
f 283/346/296 298/361/319 299/362/306
f 291/354/297 306/369/320 307/370/308
f 303/366/314 318/381/334 319/382/321
f 296/359/315 311/374/335 312/375/322
f 304/367/316 319/382/321 320/383/323
f 297/360/317 312/375/322 313/376/324
f 306/369/320 305/368/318 320/383/323
f 298/361/319 313/376/324 314/377/326
f 306/369/320 321/384/325 322/385/327
f 300/363/307 299/362/306 314/377/326
f 308/371/309 307/370/308 322/385/327
f 300/363/307 315/378/328 316/379/330
f 309/372/311 308/371/309 323/386/329
f 302/365/312 301/364/310 316/379/330
f 310/373/313 309/372/311 324/387/331
f 303/366/314 302/365/312 317/380/332
f 323/386/329 322/385/327 337/400/336
f 315/378/328 330/393/350 331/394/338
f 323/386/329 338/401/337 339/402/339
f 317/380/332 316/379/330 331/394/338
f 325/388/333 324/387/331 339/402/339
f 318/381/334 317/380/332 332/395/340
f 318/381/334 333/396/342 334/397/344
f 311/374/335 326/389/343 327/390/345
f 319/382/321 334/397/344 335/398/346
f 313/376/324 312/375/322 327/390/345
f 321/384/325 320/383/323 335/398/346
f 313/376/324 328/391/347 329/392/349
f 321/384/325 336/399/348 337/400/336
f 315/378/328 314/377/326 329/392/349
f 326/389/343 342/436/364 343/437/351
f 334/397/344 350/444/365 351/445/352
f 328/391/347 327/390/345 343/437/351
f 336/399/348 335/398/346 351/445/352
f 328/391/347 344/438/353 345/439/355
f 336/399/348 352/446/354 353/447/356
f 330/393/350 329/392/349 345/439/355
f 338/401/337 337/400/336 353/447/356
f 330/393/350 346/440/357 347/441/359
f 338/401/337 354/448/358 355/449/360
f 332/395/340 331/394/338 347/441/359
f 340/403/341 339/402/339 355/449/360
f 333/396/342 332/395/340 348/442/361
f 333/396/342 349/443/363 350/444/365
f 346/440/357 361/455/379 362/456/366
f 354/448/358 369/463/380 370/464/367
f 348/442/361 347/441/359 362/456/366
f 356/450/362 355/449/360 370/464/367
f 349/443/363 348/442/361 363/457/368
f 349/443/363 364/458/370 365/459/372
f 342/436/364 357/451/371 358/452/373
f 350/444/365 365/459/372 366/460/374
f 343/437/351 358/452/373 359/453/375
f 352/446/354 351/445/352 366/460/374
f 344/438/353 359/453/375 360/454/377
f 352/446/354 367/461/376 368/462/378
f 346/440/357 345/439/355 360/454/377
f 354/448/358 353/447/356 368/462/378
f 365/459/372 380/474/394 381/475/381
f 358/452/373 373/467/395 374/468/382
f 367/461/376 366/460/374 381/475/381
f 359/453/375 374/468/382 375/469/384
f 367/461/376 382/476/383 383/477/385
f 361/455/379 360/454/377 375/469/384
f 369/463/380 368/462/378 383/477/385
f 361/455/379 376/470/386 377/471/388
f 369/463/380 384/478/387 385/479/389
f 363/457/368 362/456/366 377/471/388
f 371/465/369 370/464/367 385/479/389
f 364/458/370 363/457/368 378/472/390
f 364/458/370 379/473/392 380/474/394
f 357/451/371 372/466/393 373/467/395
f 384/478/387 399/505/410 400/507/396
f 378/472/390 377/471/388 392/491/397
f 386/480/391 385/479/389 400/507/396
f 379/473/392 378/472/390 393/493/398
f 379/473/392 394/495/400 395/497/402
f 372/466/393 387/481/401 388/483/403
f 380/474/394 395/497/402 396/499/404
f 373/467/395 388/483/403 389/485/405
f 382/476/383 381/475/381 396/499/404
f 374/468/382 389/485/405 390/487/407
f 382/476/383 397/501/406 398/503/408
f 376/470/386 375/469/384 390/487/407
f 384/478/387 383/477/385 398/503/408
f 376/470/386 391/489/409 392/491/397
f 397/502/406 396/500/404 411/520/411
f 389/486/405 404/513/425 405/514/413
f 397/502/406 412/521/412 413/522/414
f 391/490/409 390/488/407 405/514/413
f 399/506/410 398/504/408 413/522/414
f 391/490/409 406/515/415 407/516/417
f 399/506/410 414/523/416 415/524/418
f 393/494/398 392/492/397 407/516/417
f 400/508/396 415/524/418 416/525/420
f 394/496/400 393/494/398 408/517/419
f 394/496/400 409/518/421 410/519/423
f 387/482/401 402/511/422 403/512/424
f 395/498/402 410/519/423 411/520/411
f 389/486/405 388/484/403 403/512/424
f 415/524/418 430/539/440 431/540/426
f 409/518/421 408/517/419 423/532/427
f 409/518/421 424/533/428 425/534/430
f 403/512/424 402/511/422 417/526/429
f 410/519/423 425/534/430 426/535/432
f 404/513/425 403/512/424 418/527/431
f 412/521/412 411/520/411 426/535/432
f 404/513/425 419/528/433 420/529/435
f 412/521/412 427/536/434 428/537/436
f 406/515/415 405/514/413 420/529/435
f 414/523/416 413/522/414 428/537/436
f 406/515/415 421/530/437 422/531/439
f 414/523/416 429/538/438 430/539/440
f 408/517/419 407/516/417 422/531/439
f 419/528/433 434/543/454 435/544/441
f 427/536/434 442/551/455 443/552/442
f 421/530/437 420/529/435 435/544/441
f 429/538/438 428/537/436 443/552/442
f 421/530/437 436/545/443 437/546/445
f 429/538/438 444/553/444 445/554/446
f 423/532/427 422/531/439 437/546/445
f 431/540/426 430/539/440 445/554/446
f 424/533/428 423/532/427 438/547/447
f 424/533/428 439/548/449 440/549/451
f 417/526/429 432/541/450 433/542/452
f 425/534/430 440/549/451 441/550/453
f 418/527/431 433/542/452 434/543/454
f 427/536/434 426/535/432 441/550/453
f 439/548/449 438/547/447 453/562/456
f 439/548/449 454/563/457 455/564/460
f 432/541/450 447/556/458 448/557/461
f 440/549/451 455/564/460 456/565/462
f 434/543/454 433/542/452 448/557/461
f 442/551/455 441/550/453 456/565/462
f 434/543/454 449/558/463 450/559/465
f 442/551/455 457/566/464 458/567/466
f 436/545/443 435/544/441 450/559/465
f 444/553/444 443/552/442 458/567/466
f 436/545/443 451/560/467 452/561/469
f 444/553/444 459/568/468 460/569/470
f 438/547/447 437/546/445 452/561/469
f 445/554/446 460/569/470 461/570/459
f 457/566/464 472/581/485 473/582/471
f 451/560/467 450/559/465 465/574/472
f 459/568/468 458/567/466 473/582/471
f 451/560/467 466/575/473 467/576/475
f 459/568/468 474/583/474 475/584/476
f 453/562/456 452/561/469 467/576/475
f 460/569/470 475/584/476 476/585/478
f 454/563/457 453/562/456 468/577/477
f 454/563/457 469/578/479 470/579/481
f 448/557/461 447/556/458 462/571/480
f 455/564/460 470/579/481 471/580/483
f 449/558/463 448/557/461 463/572/482
f 457/566/464 456/565/462 471/580/483
f 449/558/463 464/573/484 465/574/472
f 469/578/479 484/593/500 485/594/488
f 462/571/480 477/586/486 478/587/489
f 470/579/481 485/594/488 486/595/490
f 464/573/484 463/572/482 478/587/489
f 472/581/485 471/580/483 486/595/490
f 464/573/484 479/588/491 480/589/493
f 472/581/485 487/596/492 488/597/494
f 466/575/473 465/574/472 480/589/493
f 474/583/474 473/582/471 488/597/494
f 466/575/473 481/590/495 482/591/497
f 474/583/474 489/598/496 490/599/498
f 468/577/477 467/576/475 482/591/497
f 475/584/476 490/599/498 491/600/487
f 469/578/479 468/577/477 483/592/499
f 481/590/495 480/589/493 495/604/501
f 489/598/496 488/597/494 503/612/503
f 481/590/495 496/605/502 497/606/505
f 489/598/496 504/613/504 505/614/506
f 483/592/499 482/591/497 497/606/505
f 491/600/487 490/599/498 505/614/506
f 484/593/500 483/592/499 498/607/507
f 484/593/500 499/608/509 500/609/511
f 478/587/489 477/586/486 492/601/510
f 485/594/488 500/609/511 501/610/513
f 479/588/491 478/587/489 493/602/512
f 487/596/492 486/595/490 501/610/513
f 479/588/491 494/603/514 495/604/501
f 487/596/492 502/611/515 503/612/503
f 499/608/509 37/69/37 38/70/39
f 492/601/510 507/616/64 508/617/40
f 500/609/511 38/70/39 511/620/44
f 494/603/514 493/602/512 508/617/40
f 501/610/513 511/620/44 39/71/48
f 495/604/501 494/603/514 34/66/45
f 502/611/515 39/71/48 512/621/52
f 496/605/502 495/604/501 509/618/49
f 504/613/504 503/612/503 512/621/52
f 497/606/505 496/605/502 35/67/54
f 504/613/504 513/622/56 514/623/60
f 498/607/507 497/606/505 510/619/57
f 505/614/506 514/623/60 515/624/35
f 499/608/509 498/607/507 36/68/62
f 547/688/547 516/626/516 517/628/517
f 517/628/517 518/630/518 547/688/547
f 518/630/518 519/632/519 547/688/547
f 519/632/519 520/634/520 523/640/523
f 520/634/520 521/636/521 523/640/523
f 521/636/521 522/638/522 523/640/523
f 523/640/523 524/642/524 525/644/525
f 525/644/525 526/646/526 523/640/523
f 526/646/526 527/648/527 523/640/523
f 527/648/527 528/650/528 529/652/529
f 529/652/529 530/654/530 531/656/531
f 531/656/531 532/658/532 533/660/533
f 533/660/533 534/662/534 535/664/535
f 535/664/535 536/666/536 537/668/537
f 537/668/537 538/670/538 539/672/539
f 539/672/539 540/674/540 541/676/541
f 541/676/541 542/678/542 543/680/543
f 543/680/543 544/682/544 547/688/547
f 544/682/544 545/684/545 547/688/547
f 545/684/545 546/686/546 547/688/547
f 527/648/527 529/652/529 523/640/523
f 529/652/529 531/656/531 523/640/523
f 531/656/531 533/660/533 539/672/539
f 533/660/533 535/664/535 539/672/539
f 535/664/535 537/668/537 539/672/539
f 539/672/539 541/676/541 547/688/547
f 541/676/541 543/680/543 547/688/547
f 547/688/547 519/632/519 523/640/523
f 547/688/547 523/640/523 539/672/539
f 580/753/579 549/691/548 550/693/549
f 550/693/549 551/695/550 552/697/551
f 552/697/551 553/699/552 554/701/553
f 554/701/553 555/703/554 552/697/551
f 555/703/554 556/705/555 552/697/551
f 556/705/555 557/707/556 560/713/559
f 557/707/556 558/709/557 560/713/559
f 558/709/557 559/711/558 560/713/559
f 560/713/559 561/715/560 562/717/561
f 562/717/561 563/719/562 560/713/559
f 563/719/562 564/721/563 560/713/559
f 564/721/563 565/723/564 566/725/565
f 566/725/565 567/727/566 564/721/563
f 567/727/566 568/729/567 564/721/563
f 568/729/567 569/731/568 570/733/569
f 570/733/569 571/735/570 572/737/571
f 572/737/571 573/739/572 574/741/573
f 574/741/573 575/743/574 572/737/571
f 575/743/574 576/745/575 572/737/571
f 576/745/575 577/747/576 578/749/577
f 578/749/577 579/751/578 580/753/579
f 580/753/579 550/693/549 556/705/555
f 550/693/549 552/697/551 556/705/555
f 568/729/567 570/733/569 564/721/563
f 570/733/569 572/737/571 564/721/563
f 576/745/575 578/749/577 572/737/571
f 578/749/577 580/753/579 572/737/571
f 556/705/555 560/713/559 564/721/563
f 580/753/579 556/705/555 572/737/571
f 613/818/611 582/756/580 583/758/581
f 583/758/581 584/760/582 613/818/611
f 584/760/582 585/762/583 613/818/611
f 585/762/583 586/764/584 587/766/585
f 587/766/585 588/768/586 589/770/587
f 589/770/587 590/772/588 593/778/591
f 590/772/588 591/774/589 593/778/591
f 591/774/589 592/776/590 593/778/591
f 593/778/591 594/780/592 597/786/595
f 594/780/592 595/782/593 597/786/595
f 595/782/593 596/784/594 597/786/595
f 597/786/595 598/788/596 599/790/597
f 599/790/597 600/792/598 601/794/599
f 601/794/599 602/796/600 603/798/601
f 603/798/601 604/800/602 605/802/603
f 605/802/603 606/804/604 607/806/605
f 607/806/605 608/808/606 609/810/607
f 609/810/607 610/812/608 611/814/609
f 611/814/609 612/816/610 609/810/607
f 612/816/610 613/818/611 609/810/607
f 585/762/583 587/766/585 613/818/611
f 587/766/585 589/770/587 613/818/611
f 597/786/595 599/790/597 605/802/603
f 599/790/597 601/794/599 605/802/603
f 601/794/599 603/798/601 605/802/603
f 605/802/603 607/806/605 609/810/607
f 589/770/587 593/778/591 597/786/595
f 605/802/603 609/810/607 597/786/595
f 609/810/607 613/818/611 597/786/595
f 646/883/643 615/821/612 616/823/613
f 616/823/613 617/825/614 646/883/643
f 617/825/614 618/827/615 646/883/643
f 618/827/615 619/829/616 620/831/617
f 620/831/617 621/833/618 622/835/619
f 622/835/619 623/837/620 624/839/621
f 624/839/621 625/841/622 626/843/623
f 626/843/623 627/845/624 628/847/625
f 628/847/625 629/849/626 630/851/627
f 630/851/627 631/853/628 634/859/631
f 631/853/628 632/855/629 634/859/631
f 632/855/629 633/857/630 634/859/631
f 634/859/631 635/861/632 636/863/633
f 636/863/633 637/865/634 638/867/635
f 638/867/635 639/869/636 640/871/637
f 640/871/637 641/873/638 642/875/639
f 642/875/639 643/877/640 644/879/641
f 644/879/641 645/881/642 642/875/639
f 645/881/642 646/883/643 642/875/639
f 618/827/615 620/831/617 646/883/643
f 620/831/617 622/835/619 646/883/643
f 622/835/619 624/839/621 626/843/623
f 626/843/623 628/847/625 622/835/619
f 628/847/625 630/851/627 622/835/619
f 634/859/631 636/863/633 638/867/635
f 638/867/635 640/871/637 642/875/639
f 630/851/627 634/859/631 638/867/635
f 638/867/635 642/875/639 646/883/643
f 646/883/643 622/835/619 630/851/627
f 679/948/676 648/886/644 649/888/646
f 649/888/646 650/890/647 651/892/648
f 651/892/648 652/894/649 653/896/650
f 653/896/650 654/898/651 651/892/648
f 654/898/651 655/900/652 651/892/648
f 655/900/652 656/902/653 657/904/654
f 657/904/654 658/906/655 659/908/656
f 659/908/656 660/910/657 661/912/658
f 661/912/658 662/914/659 663/916/660
f 663/916/660 664/918/661 665/920/662
f 665/920/662 666/922/663 667/924/664
f 667/924/664 668/926/665 669/928/666
f 669/928/666 670/930/667 671/932/668
f 671/932/668 672/934/669 673/936/670
f 673/936/670 674/938/671 671/932/668
f 674/938/671 675/940/672 671/932/668
f 675/940/672 676/942/673 677/944/674
f 677/944/674 678/946/675 679/948/676
f 679/948/676 649/888/646 651/892/648
f 655/900/652 657/904/654 659/908/656
f 659/908/656 661/912/658 663/916/660
f 663/916/660 665/920/662 667/924/664
f 667/924/664 669/928/666 663/916/660
f 669/928/666 671/932/668 663/916/660
f 675/940/672 677/944/674 671/932/668
f 677/944/674 679/948/676 671/932/668
f 679/948/676 651/892/648 663/916/660
f 651/892/648 655/900/652 663/916/660
f 655/900/652 659/908/656 663/916/660
f 712/1013/709 681/951/677 682/953/679
f 682/953/679 683/955/680 684/957/681
f 684/957/681 685/959/682 686/961/683
f 686/961/683 687/963/684 688/965/685
f 688/965/685 689/967/686 690/969/687
f 690/969/687 691/971/688 692/973/689
f 692/973/689 693/975/690 694/977/691
f 694/977/691 695/979/692 692/973/689
f 695/979/692 696/981/693 692/973/689
f 696/981/693 697/983/694 698/985/695
f 698/985/695 699/987/696 700/989/697
f 700/989/697 701/991/698 702/993/699
f 702/993/699 703/995/700 700/989/697
f 703/995/700 704/997/701 700/989/697
f 704/997/701 705/999/702 706/1001/703
f 706/1001/703 707/1003/704 708/1005/705
f 708/1005/705 709/1007/706 710/1009/707
f 710/1009/707 711/1011/708 712/1013/709
f 712/1013/709 682/953/679 688/965/685
f 682/953/679 684/957/681 688/965/685
f 684/957/681 686/961/683 688/965/685
f 688/965/685 690/969/687 692/973/689
f 696/981/693 698/985/695 700/989/697
f 704/997/701 706/1001/703 708/1005/705
f 708/1005/705 710/1009/707 704/997/701
f 710/1009/707 712/1013/709 704/997/701
f 688/965/685 692/973/689 696/981/693
f 696/981/693 700/989/697 704/997/701
f 712/1013/709 688/965/685 696/981/693
f 745/1078/742 714/1016/710 715/1018/712
f 715/1018/712 716/1020/713 745/1078/742
f 716/1020/713 717/1022/714 745/1078/742
f 717/1022/714 718/1024/715 719/1026/716
f 719/1026/716 720/1028/717 721/1030/718
f 721/1030/718 722/1032/719 723/1034/720
f 723/1034/720 724/1036/721 721/1030/718
f 724/1036/721 725/1038/722 721/1030/718
f 725/1038/722 726/1040/723 729/1046/726
f 726/1040/723 727/1042/724 729/1046/726
f 727/1042/724 728/1044/725 729/1046/726
f 729/1046/726 730/1048/727 731/1050/728
f 731/1050/728 732/1052/729 733/1054/730
f 733/1054/730 734/1056/731 737/1062/734
f 734/1056/731 735/1058/732 737/1062/734
f 735/1058/732 736/1060/733 737/1062/734
f 737/1062/734 738/1064/735 739/1066/736
f 739/1066/736 740/1068/737 737/1062/734
f 740/1068/737 741/1070/738 737/1062/734
f 741/1070/738 742/1072/739 745/1078/742
f 742/1072/739 743/1074/740 745/1078/742
f 743/1074/740 744/1076/741 745/1078/742
f 717/1022/714 719/1026/716 745/1078/742
f 719/1026/716 721/1030/718 745/1078/742
f 729/1046/726 731/1050/728 737/1062/734
f 731/1050/728 733/1054/730 737/1062/734
f 721/1030/718 725/1038/722 729/1046/726
f 737/1062/734 741/1070/738 745/1078/742
f 745/1078/742 721/1030/718 737/1062/734
