# Blender 3.3.18
# www.blender.org
mtllib rain.mtl
o 円柱
v -0.020000 -0.274655 0.000000
v -0.020000 2.224659 0.000000
v -0.019616 -0.274655 -0.003902
v -0.019616 2.224659 -0.003902
v -0.018478 -0.274655 -0.007654
v -0.018478 2.224659 -0.007654
v -0.016629 -0.274655 -0.011111
v -0.016629 2.224659 -0.011111
v -0.014142 -0.274655 -0.014142
v -0.014142 2.224659 -0.014142
v -0.011111 -0.274655 -0.016629
v -0.011111 2.224659 -0.016629
v -0.007654 -0.274655 -0.018478
v -0.007654 2.224659 -0.018478
v -0.003902 -0.274655 -0.019616
v -0.003902 2.224659 -0.019616
v -0.000000 -0.274655 -0.020000
v -0.000000 2.224659 -0.020000
v 0.003902 -0.274655 -0.019616
v 0.003902 2.224659 -0.019616
v 0.007654 -0.274655 -0.018478
v 0.007654 2.224659 -0.018478
v 0.011111 -0.274655 -0.016629
v 0.011111 2.224659 -0.016629
v 0.014142 -0.274655 -0.014142
v 0.014142 2.224659 -0.014142
v 0.016629 -0.274655 -0.011111
v 0.016629 2.224659 -0.011111
v 0.018478 -0.274655 -0.007654
v 0.018478 2.224659 -0.007654
v 0.019616 -0.274655 -0.003902
v 0.019616 2.224659 -0.003902
v 0.020000 -0.274655 -0.000000
v 0.020000 2.224659 -0.000000
v 0.019616 -0.274655 0.003902
v 0.019616 2.224659 0.003902
v 0.018478 -0.274655 0.007654
v 0.018478 2.224659 0.007654
v 0.016629 -0.274655 0.011111
v 0.016629 2.224659 0.011111
v 0.014142 -0.274655 0.014142
v 0.014142 2.224659 0.014142
v 0.011111 -0.274655 0.016629
v 0.011111 2.224659 0.016629
v 0.007654 -0.274655 0.018478
v 0.007654 2.224659 0.018478
v 0.003902 -0.274655 0.019616
v 0.003902 2.224659 0.019616
v 0.000000 -0.274655 0.020000
v 0.000000 2.224659 0.020000
v -0.003902 -0.274655 0.019616
v -0.003902 2.224659 0.019616
v -0.007654 -0.274655 0.018478
v -0.007654 2.224659 0.018478
v -0.011111 -0.274655 0.016629
v -0.011111 2.224659 0.016629
v -0.014142 -0.274655 0.014142
v -0.014142 2.224659 0.014142
v -0.016629 -0.274655 0.011111
v -0.016629 2.224659 0.011111
v -0.018478 -0.274655 0.007654
v -0.018478 2.224659 0.007654
v -0.019616 -0.274655 0.003902
v -0.019616 2.224659 0.003902
v -0.555570 1.952492 0.000000
v -0.831470 1.676593 0.000000
v -0.980785 1.316113 0.000000
v -1.000000 1.062717 0.000000
v -0.191342 2.101808 -0.038060
v -0.375330 2.044902 -0.074658
v -0.544895 1.952492 -0.108386
v -0.693520 1.828130 -0.137950
v -0.815493 1.676593 -0.162212
v -0.906127 1.503706 -0.180240
v -0.961940 1.316113 -0.191342
v -0.980785 1.121023 -0.195090
v -0.180240 2.101808 -0.074658
v -0.353553 2.044902 -0.146447
v -0.513280 1.952492 -0.212608
v -0.653281 1.828130 -0.270598
v -0.768178 1.676593 -0.318190
v -0.853553 1.503706 -0.353553
v -0.906127 1.316113 -0.375330
v -0.923879 1.062717 -0.382683
v -0.162212 2.101808 -0.108386
v -0.318190 2.044902 -0.212608
v -0.461940 1.952492 -0.308658
v -0.587938 1.828130 -0.392847
v -0.691342 1.676593 -0.461940
v -0.768178 1.503706 -0.513280
v -0.815493 1.316113 -0.544895
v -0.831469 1.121023 -0.555570
v -0.137950 2.101808 -0.137950
v -0.270598 2.044902 -0.270598
v -0.392847 1.952492 -0.392847
v -0.500000 1.828130 -0.500000
v -0.587938 1.676593 -0.587938
v -0.653281 1.503706 -0.653281
v -0.693520 1.316113 -0.693520
v -0.707107 1.062717 -0.707107
v -0.108386 2.101808 -0.162212
v -0.212608 2.044902 -0.318190
v -0.308658 1.952492 -0.461940
v -0.392848 1.828130 -0.587938
v -0.461940 1.676593 -0.691342
v -0.513280 1.503706 -0.768178
v -0.544895 1.316113 -0.815493
v -0.555570 1.121023 -0.831470
v 0.000000 2.121023 0.000000
v -0.074658 2.101808 -0.180240
v -0.146447 2.044902 -0.353553
v -0.212607 1.952492 -0.513280
v -0.270598 1.828130 -0.653281
v -0.318190 1.676593 -0.768178
v -0.353553 1.503706 -0.853553
v -0.375330 1.316113 -0.906127
v -0.382683 1.062717 -0.923879
v -0.038060 2.101808 -0.191342
v -0.074658 2.044902 -0.375330
v -0.108386 1.952492 -0.544895
v -0.137950 1.828130 -0.693520
v -0.162212 1.676593 -0.815493
v -0.180240 1.503706 -0.906127
v -0.191342 1.316113 -0.961940
v -0.195090 1.121023 -0.980785
v 0.000000 2.101808 -0.195090
v 0.000000 2.044902 -0.382683
v 0.000000 1.952492 -0.555570
v -0.000000 1.828130 -0.707107
v 0.000000 1.676593 -0.831469
v -0.000000 1.503706 -0.923879
v 0.000000 1.316113 -0.980785
v 0.000000 1.062717 -1.000000
v 0.038060 2.101808 -0.191342
v 0.074658 2.044902 -0.375330
v 0.108386 1.952492 -0.544895
v 0.137950 1.828130 -0.693520
v 0.162212 1.676593 -0.815493
v 0.180240 1.503706 -0.906127
v 0.191342 1.316113 -0.961940
v 0.195090 1.121023 -0.980785
v 0.074658 2.101808 -0.180240
v 0.146447 2.044902 -0.353553
v 0.212608 1.952492 -0.513280
v 0.270598 1.828130 -0.653281
v 0.318190 1.676593 -0.768177
v 0.353553 1.503706 -0.853553
v 0.375330 1.316113 -0.906127
v 0.382683 1.062717 -0.923879
v 0.108386 2.101808 -0.162212
v 0.212608 2.044902 -0.318190
v 0.308658 1.952492 -0.461940
v 0.392847 1.828130 -0.587938
v 0.461940 1.676593 -0.691341
v 0.513280 1.503706 -0.768178
v 0.544895 1.316113 -0.815493
v 0.555570 1.121023 -0.831469
v 0.137950 2.101808 -0.137950
v 0.270598 2.044902 -0.270598
v 0.392847 1.952492 -0.392847
v 0.500000 1.828130 -0.500000
v 0.587938 1.676593 -0.587938
v 0.653281 1.503706 -0.653281
v 0.693520 1.316113 -0.693520
v 0.707107 1.062717 -0.707106
v 0.162212 2.101808 -0.108386
v 0.318190 2.044902 -0.212607
v 0.461940 1.952492 -0.308658
v 0.587938 1.828130 -0.392847
v 0.691342 1.676593 -0.461940
v 0.768178 1.503706 -0.513280
v 0.815493 1.316113 -0.544895
v 0.831469 1.121023 -0.555570
v 0.180240 2.101808 -0.074658
v 0.353553 2.044902 -0.146447
v 0.513280 1.952492 -0.212607
v 0.653281 1.828130 -0.270598
v 0.768177 1.676593 -0.318189
v 0.853553 1.503706 -0.353553
v 0.906127 1.316113 -0.375330
v 0.923879 1.072435 -0.382683
v 0.191342 2.101808 -0.038060
v 0.375330 2.044902 -0.074658
v 0.544895 1.952492 -0.108386
v 0.693520 1.828130 -0.137950
v 0.815493 1.676593 -0.162212
v 0.906127 1.503706 -0.180240
v 0.961939 1.316113 -0.191342
v 0.980785 1.121023 -0.195090
v 0.195090 2.101808 -0.000000
v 0.382683 2.044902 0.000000
v 0.555570 1.952492 0.000000
v 0.707107 1.828130 -0.000000
v 0.831469 1.676593 0.000000
v 0.923879 1.503706 -0.000000
v 0.980785 1.316113 0.000000
v 0.999999 1.072435 0.000000
v 0.191342 2.101808 0.038060
v 0.375330 2.044902 0.074658
v 0.544895 1.952492 0.108386
v 0.693520 1.828130 0.137950
v 0.815493 1.676593 0.162212
v 0.906127 1.503706 0.180240
v 0.961939 1.316113 0.191342
v 0.980785 1.121023 0.195090
v 0.180240 2.101808 0.074658
v 0.353553 2.044902 0.146447
v 0.513280 1.952492 0.212607
v 0.653281 1.828130 0.270598
v 0.768177 1.676593 0.318190
v 0.853553 1.503706 0.353553
v 0.906127 1.316113 0.375330
v 0.923879 1.072435 0.382683
v 0.162212 2.101808 0.108386
v 0.318190 2.044902 0.212607
v 0.461939 1.952492 0.308658
v 0.587938 1.828130 0.392847
v 0.691341 1.676593 0.461940
v 0.768177 1.503706 0.513280
v 0.815493 1.316113 0.544895
v 0.831469 1.121023 0.555570
v 0.137950 2.101808 0.137950
v 0.270598 2.044902 0.270598
v 0.392847 1.952492 0.392847
v 0.500000 1.828130 0.500000
v 0.587937 1.676593 0.587938
v 0.653281 1.503706 0.653281
v 0.693520 1.316113 0.693520
v 0.707106 1.072435 0.707106
v 0.108386 2.101808 0.162212
v 0.212607 2.044902 0.318190
v 0.308658 1.952492 0.461939
v 0.392847 1.828130 0.587938
v 0.461939 1.676593 0.691341
v 0.513280 1.503706 0.768177
v 0.544895 1.316113 0.815493
v 0.555569 1.121023 0.831469
v 0.074658 2.101808 0.180240
v 0.146447 2.044902 0.353553
v 0.212607 1.952492 0.513280
v 0.270598 1.828130 0.653281
v 0.318189 1.676593 0.768177
v 0.353553 1.503706 0.853553
v 0.375330 1.316113 0.906127
v 0.382683 1.072435 0.923879
v 0.038060 2.101808 0.191342
v 0.074658 2.044902 0.375330
v 0.108386 1.952492 0.544895
v 0.137950 1.828130 0.693520
v 0.162211 1.676593 0.815493
v 0.180240 1.503706 0.906127
v 0.191341 1.316113 0.961939
v 0.195090 1.121023 0.980784
v -0.000000 2.101808 0.195090
v -0.000000 2.044902 0.382683
v -0.000000 1.952492 0.555570
v 0.000000 1.828130 0.707107
v -0.000000 1.676593 0.831469
v 0.000000 1.503706 0.923879
v -0.000000 1.316113 0.980785
v -0.000000 1.014129 0.999999
v -0.038060 2.101808 0.191342
v -0.074658 2.044902 0.375330
v -0.108386 1.952492 0.544895
v -0.137950 1.828130 0.693520
v -0.162212 1.676593 0.815493
v -0.180240 1.503706 0.906127
v -0.191342 1.316113 0.961939
v -0.195091 1.121023 0.980784
v -0.074658 2.101808 0.180240
v -0.146447 2.044902 0.353553
v -0.212607 1.952492 0.513279
v -0.270598 1.828130 0.653281
v -0.318190 1.676593 0.768177
v -0.353553 1.503706 0.853553
v -0.375330 1.316113 0.906127
v -0.382683 1.062717 0.923878
v -0.108386 2.101808 0.162212
v -0.212607 2.044902 0.318189
v -0.308658 1.952492 0.461939
v -0.392847 1.828130 0.587938
v -0.461940 1.676593 0.691341
v -0.513280 1.503706 0.768177
v -0.544895 1.316113 0.815493
v -0.555570 1.121023 0.831468
v -0.137950 2.101808 0.137950
v -0.270598 2.044902 0.270598
v -0.392847 1.952492 0.392847
v -0.500000 1.828130 0.500000
v -0.587938 1.676593 0.587937
v -0.653281 1.503706 0.653281
v -0.693520 1.316113 0.693519
v -0.707106 1.062717 0.707106
v -0.162212 2.101808 0.108386
v -0.318190 2.044902 0.212607
v -0.461939 1.952492 0.308658
v -0.587938 1.828130 0.392847
v -0.691341 1.676593 0.461939
v -0.768177 1.503706 0.513280
v -0.815493 1.316113 0.544895
v -0.831469 1.121023 0.555569
v -0.180240 2.101808 0.074658
v -0.353553 2.044902 0.146446
v -0.513279 1.952492 0.212607
v -0.653281 1.828130 0.270598
v -0.768177 1.676593 0.318189
v -0.853553 1.503706 0.353553
v -0.906127 1.316113 0.375330
v -0.923879 1.062717 0.382683
v -0.191341 2.101808 0.038060
v -0.375330 2.044902 0.074658
v -0.544895 1.952492 0.108386
v -0.693520 1.828130 0.137950
v -0.815493 1.676593 0.162211
v -0.906127 1.503706 0.180240
v -0.961939 1.316113 0.191341
v -0.980784 1.121023 0.195090
v -0.195090 2.101808 -0.000000
v -0.382683 2.044902 -0.000000
v -0.707107 1.828130 -0.000000
v -0.923879 1.503706 -0.000000
v 0.456076 2.623196 -0.000000
v 0.387453 2.528346 -0.000000
v 0.367242 2.469246 -0.000000
v 0.364641 2.442839 -0.000000
v 0.367242 2.416431 -0.000000
v 0.387453 2.367638 -0.000000
v 0.495104 2.649632 -0.000974
v 0.485362 2.645269 -0.002912
v 0.456920 2.623196 -0.008569
v 0.414172 2.573787 -0.017072
v 0.389616 2.528346 -0.021957
v 0.377348 2.495337 -0.024397
v 0.369793 2.469246 -0.025900
v 0.367242 2.442839 -0.026407
v 0.369793 2.416431 -0.025900
v 0.377348 2.391039 -0.024397
v 0.389616 2.367638 -0.021957
v 0.406126 2.347126 -0.018673
v 0.426244 2.330292 -0.014671
v 0.449196 2.317784 -0.010106
v 0.474100 2.310081 -0.005152
v 0.495388 2.649632 -0.001910
v 0.486211 2.645269 -0.005711
v 0.459420 2.623196 -0.016809
v 0.419152 2.573787 -0.033488
v 0.396021 2.528346 -0.043070
v 0.384464 2.495337 -0.047856
v 0.377348 2.469246 -0.050804
v 0.374945 2.442839 -0.051799
v 0.377348 2.416431 -0.050804
v 0.384464 2.391039 -0.047856
v 0.396021 2.367638 -0.043070
v 0.411573 2.347126 -0.036628
v 0.430523 2.330292 -0.028778
v 0.452144 2.317784 -0.019823
v 0.475603 2.310081 -0.010106
v 0.495849 2.649632 -0.002773
v 0.487591 2.645269 -0.008292
v 0.463479 2.623196 -0.024403
v 0.427239 2.573787 -0.048618
v 0.406421 2.528346 -0.062527
v 0.396021 2.495337 -0.069477
v 0.389616 2.469246 -0.073756
v 0.387454 2.442839 -0.075201
v 0.389616 2.416431 -0.073756
v 0.396021 2.391039 -0.069477
v 0.406421 2.367638 -0.062527
v 0.420418 2.347126 -0.053175
v 0.437473 2.330292 -0.041780
v 0.456930 2.317784 -0.028778
v 0.478043 2.310081 -0.014671
v 0.496470 2.649632 -0.003530
v 0.489447 2.645269 -0.010553
v 0.468941 2.623196 -0.031059
v 0.438122 2.573787 -0.061878
v 0.420418 2.528346 -0.079582
v 0.411573 2.495337 -0.088427
v 0.406126 2.469246 -0.093874
v 0.404287 2.442839 -0.095713
v 0.406126 2.416431 -0.093874
v 0.411573 2.391039 -0.088427
v 0.420418 2.367638 -0.079582
v 0.432321 2.347126 -0.067679
v 0.446825 2.330292 -0.053175
v 0.463372 2.317784 -0.036628
v 0.481327 2.310081 -0.018673
v 0.497227 2.649632 -0.004151
v 0.491708 2.645269 -0.012409
v 0.475597 2.623196 -0.036521
v 0.451383 2.573787 -0.072761
v 0.437473 2.528346 -0.093579
v 0.430523 2.495337 -0.103979
v 0.426244 2.469246 -0.110384
v 0.424799 2.442839 -0.112546
v 0.426244 2.416431 -0.110384
v 0.430523 2.391039 -0.103979
v 0.437473 2.367638 -0.093579
v 0.446825 2.347126 -0.079582
v 0.458220 2.330292 -0.062527
v 0.471222 2.317784 -0.043070
v 0.485329 2.310081 -0.021957
v 0.500000 2.650124 -0.000000
v 0.498090 2.649632 -0.004612
v 0.494289 2.645269 -0.013789
v 0.483191 2.623196 -0.040580
v 0.466512 2.573787 -0.080848
v 0.456930 2.528346 -0.103979
v 0.452144 2.495337 -0.115536
v 0.449196 2.469246 -0.122652
v 0.448201 2.442839 -0.125055
v 0.449196 2.416431 -0.122652
v 0.452144 2.391039 -0.115536
v 0.456930 2.367638 -0.103979
v 0.463372 2.347126 -0.088427
v 0.471222 2.330292 -0.069477
v 0.480177 2.317784 -0.047856
v 0.489894 2.310081 -0.024397
v 0.499026 2.649632 -0.004896
v 0.497088 2.645269 -0.014638
v 0.491431 2.623196 -0.043080
v 0.482928 2.573787 -0.085828
v 0.478043 2.528346 -0.110384
v 0.475603 2.495337 -0.122652
v 0.474100 2.469246 -0.130207
v 0.473593 2.442839 -0.132758
v 0.474100 2.416431 -0.130207
v 0.475603 2.391039 -0.122652
v 0.478043 2.367638 -0.110384
v 0.481327 2.347126 -0.093874
v 0.485329 2.330292 -0.073756
v 0.489894 2.317784 -0.050804
v 0.494848 2.310081 -0.025900
v 0.500000 2.649632 -0.004992
v 0.500000 2.645269 -0.014925
v 0.500000 2.623196 -0.043924
v 0.500000 2.573787 -0.087509
v 0.500000 2.528346 -0.112546
v 0.500000 2.495337 -0.125055
v 0.500000 2.469246 -0.132758
v 0.500000 2.442839 -0.135358
v 0.500000 2.416431 -0.132758
v 0.500000 2.391039 -0.125055
v 0.500000 2.367638 -0.112546
v 0.500000 2.347126 -0.095713
v 0.500000 2.330292 -0.075201
v 0.500000 2.317784 -0.051799
v 0.500000 2.310081 -0.026407
v 0.500974 2.649632 -0.004896
v 0.502912 2.645269 -0.014638
v 0.508569 2.623196 -0.043080
v 0.517072 2.573787 -0.085828
v 0.521957 2.528346 -0.110384
v 0.524397 2.495337 -0.122652
v 0.525900 2.469246 -0.130207
v 0.526407 2.442839 -0.132758
v 0.525900 2.416431 -0.130207
v 0.524397 2.391039 -0.122652
v 0.521957 2.367638 -0.110384
v 0.518673 2.347126 -0.093874
v 0.514671 2.330292 -0.073756
v 0.510106 2.317784 -0.050804
v 0.505152 2.310081 -0.025900
v 0.501910 2.649632 -0.004612
v 0.505711 2.645269 -0.013789
v 0.516809 2.623196 -0.040580
v 0.533488 2.573787 -0.080848
v 0.543070 2.528346 -0.103979
v 0.547856 2.495337 -0.115536
v 0.550804 2.469246 -0.122652
v 0.551799 2.442839 -0.125055
v 0.550804 2.416431 -0.122652
v 0.547856 2.391039 -0.115536
v 0.543070 2.367638 -0.103979
v 0.536628 2.347126 -0.088427
v 0.528778 2.330292 -0.069477
v 0.519823 2.317784 -0.047856
v 0.510106 2.310081 -0.024397
v 0.502774 2.649632 -0.004151
v 0.508292 2.645269 -0.012409
v 0.524403 2.623196 -0.036521
v 0.548617 2.573787 -0.072761
v 0.562527 2.528346 -0.093579
v 0.569477 2.495337 -0.103979
v 0.573756 2.469246 -0.110384
v 0.575201 2.442839 -0.112546
v 0.573756 2.416431 -0.110384
v 0.569477 2.391039 -0.103979
v 0.562527 2.367638 -0.093579
v 0.553175 2.347126 -0.079582
v 0.541780 2.330292 -0.062527
v 0.528778 2.317784 -0.043070
v 0.514671 2.310081 -0.021957
v 0.503530 2.649632 -0.003530
v 0.510553 2.645269 -0.010553
v 0.531059 2.623196 -0.031059
v 0.561878 2.573787 -0.061878
v 0.579582 2.528346 -0.079582
v 0.588427 2.495337 -0.088427
v 0.593874 2.469246 -0.093874
v 0.595713 2.442839 -0.095713
v 0.593874 2.416431 -0.093874
v 0.588427 2.391039 -0.088427
v 0.579582 2.367638 -0.079582
v 0.567679 2.347126 -0.067679
v 0.553175 2.330292 -0.053175
v 0.536628 2.317784 -0.036628
v 0.518673 2.310081 -0.018673
v 0.504151 2.649632 -0.002773
v 0.512409 2.645269 -0.008292
v 0.536521 2.623196 -0.024403
v 0.572761 2.573787 -0.048618
v 0.593579 2.528346 -0.062527
v 0.603979 2.495337 -0.069477
v 0.610384 2.469246 -0.073756
v 0.612546 2.442839 -0.075201
v 0.610384 2.416431 -0.073756
v 0.603979 2.391039 -0.069477
v 0.593579 2.367638 -0.062527
v 0.579582 2.347126 -0.053175
v 0.562527 2.330292 -0.041780
v 0.543070 2.317784 -0.028778
v 0.521957 2.310081 -0.014671
v 0.504612 2.649632 -0.001910
v 0.513789 2.645269 -0.005711
v 0.540580 2.623196 -0.016809
v 0.580848 2.573787 -0.033488
v 0.603979 2.528346 -0.043070
v 0.615536 2.495337 -0.047856
v 0.622652 2.469246 -0.050804
v 0.625055 2.442839 -0.051799
v 0.622652 2.416431 -0.050804
v 0.615536 2.391039 -0.047856
v 0.603979 2.367638 -0.043070
v 0.588427 2.347126 -0.036628
v 0.569477 2.330292 -0.028778
v 0.547856 2.317784 -0.019823
v 0.524397 2.310081 -0.010106
v 0.504896 2.649632 -0.000974
v 0.514638 2.645269 -0.002912
v 0.543080 2.623196 -0.008569
v 0.585828 2.573787 -0.017072
v 0.610384 2.528346 -0.021957
v 0.622652 2.495337 -0.024397
v 0.630207 2.469246 -0.025900
v 0.632758 2.442839 -0.026407
v 0.630207 2.416431 -0.025900
v 0.622652 2.391039 -0.024397
v 0.610384 2.367638 -0.021957
v 0.593874 2.347126 -0.018673
v 0.573756 2.330292 -0.014671
v 0.550804 2.317784 -0.010106
v 0.525900 2.310081 -0.005152
v 0.504992 2.649632 -0.000000
v 0.514925 2.645269 -0.000000
v 0.543924 2.623196 -0.000000
v 0.587509 2.573787 -0.000000
v 0.612546 2.528346 -0.000000
v 0.625055 2.495337 -0.000000
v 0.632758 2.469246 -0.000000
v 0.635358 2.442839 0.000000
v 0.632758 2.416431 -0.000000
v 0.625055 2.391039 -0.000000
v 0.612546 2.367638 -0.000000
v 0.595713 2.347126 -0.000000
v 0.575201 2.330292 -0.000000
v 0.551799 2.317784 -0.000000
v 0.526407 2.310081 -0.000000
v 0.504896 2.649632 0.000974
v 0.514638 2.645269 0.002912
v 0.543080 2.623196 0.008569
v 0.585828 2.573787 0.017072
v 0.610384 2.528346 0.021957
v 0.622652 2.495337 0.024397
v 0.630207 2.469246 0.025900
v 0.632758 2.442839 0.026407
v 0.630207 2.416431 0.025900
v 0.622652 2.391039 0.024397
v 0.610384 2.367638 0.021957
v 0.593874 2.347126 0.018673
v 0.573756 2.330292 0.014671
v 0.550804 2.317784 0.010106
v 0.525900 2.310081 0.005152
v 0.504612 2.649632 0.001910
v 0.513789 2.645269 0.005711
v 0.540580 2.623196 0.016809
v 0.580848 2.573787 0.033488
v 0.603979 2.528346 0.043070
v 0.615536 2.495337 0.047856
v 0.622652 2.469246 0.050804
v 0.625055 2.442839 0.051799
v 0.622652 2.416431 0.050804
v 0.615536 2.391039 0.047856
v 0.603979 2.367638 0.043070
v 0.588427 2.347126 0.036628
v 0.569477 2.330292 0.028778
v 0.547856 2.317784 0.019823
v 0.524397 2.310081 0.010106
v 0.504151 2.649632 0.002773
v 0.512409 2.645269 0.008292
v 0.536521 2.623196 0.024403
v 0.572761 2.573787 0.048617
v 0.593579 2.528346 0.062527
v 0.603979 2.495337 0.069477
v 0.610384 2.469246 0.073756
v 0.612546 2.442839 0.075201
v 0.610384 2.416431 0.073756
v 0.603979 2.391039 0.069477
v 0.593579 2.367638 0.062527
v 0.579582 2.347126 0.053175
v 0.562527 2.330292 0.041779
v 0.543070 2.317784 0.028778
v 0.521957 2.310081 0.014671
v 0.503530 2.649632 0.003530
v 0.510553 2.645269 0.010553
v 0.531059 2.623196 0.031059
v 0.561878 2.573787 0.061878
v 0.579582 2.528346 0.079582
v 0.588427 2.495337 0.088427
v 0.593874 2.469246 0.093874
v 0.595713 2.442839 0.095713
v 0.593874 2.416431 0.093874
v 0.588427 2.391039 0.088427
v 0.579582 2.367638 0.079582
v 0.567679 2.347126 0.067679
v 0.553175 2.330292 0.053175
v 0.536628 2.317784 0.036628
v 0.518673 2.310081 0.018673
v 0.500000 2.307480 -0.000000
v 0.502774 2.649632 0.004151
v 0.508292 2.645269 0.012409
v 0.524403 2.623196 0.036521
v 0.548617 2.573787 0.072761
v 0.562527 2.528346 0.093579
v 0.569477 2.495337 0.103979
v 0.573756 2.469246 0.110384
v 0.575201 2.442839 0.112546
v 0.573756 2.416431 0.110384
v 0.569477 2.391039 0.103979
v 0.562527 2.367638 0.093579
v 0.553175 2.347126 0.079582
v 0.541779 2.330292 0.062527
v 0.528778 2.317784 0.043070
v 0.514671 2.310081 0.021957
v 0.501910 2.649632 0.004612
v 0.505711 2.645269 0.013789
v 0.516809 2.623196 0.040580
v 0.533488 2.573787 0.080848
v 0.543070 2.528346 0.103979
v 0.547856 2.495337 0.115536
v 0.550804 2.469246 0.122652
v 0.551799 2.442839 0.125055
v 0.550804 2.416431 0.122652
v 0.547856 2.391039 0.115536
v 0.543070 2.367638 0.103979
v 0.536628 2.347126 0.088427
v 0.528778 2.330292 0.069477
v 0.519823 2.317784 0.047856
v 0.510106 2.310081 0.024397
v 0.500974 2.649632 0.004896
v 0.502912 2.645269 0.014638
v 0.508569 2.623196 0.043080
v 0.517072 2.573787 0.085828
v 0.521957 2.528346 0.110384
v 0.524397 2.495337 0.122652
v 0.525900 2.469246 0.130207
v 0.526407 2.442839 0.132757
v 0.525900 2.416431 0.130207
v 0.524397 2.391039 0.122652
v 0.521957 2.367638 0.110384
v 0.518673 2.347126 0.093874
v 0.514671 2.330292 0.073756
v 0.510106 2.317784 0.050804
v 0.505152 2.310081 0.025900
v 0.500000 2.649632 0.004992
v 0.500000 2.645269 0.014925
v 0.500000 2.623196 0.043924
v 0.500000 2.573787 0.087509
v 0.500000 2.528346 0.112546
v 0.500000 2.495337 0.125055
v 0.500000 2.469246 0.132758
v 0.500000 2.442839 0.135358
v 0.500000 2.416431 0.132758
v 0.500000 2.391039 0.125055
v 0.500000 2.367638 0.112546
v 0.500000 2.347126 0.095713
v 0.500000 2.330292 0.075201
v 0.500000 2.317784 0.051799
v 0.500000 2.310081 0.026407
v 0.499026 2.649632 0.004896
v 0.497088 2.645269 0.014638
v 0.491431 2.623196 0.043080
v 0.482928 2.573787 0.085828
v 0.478043 2.528346 0.110384
v 0.475603 2.495337 0.122652
v 0.474100 2.469246 0.130207
v 0.473593 2.442839 0.132757
v 0.474100 2.416431 0.130207
v 0.475603 2.391039 0.122652
v 0.478043 2.367638 0.110384
v 0.481327 2.347126 0.093874
v 0.485329 2.330292 0.073756
v 0.489894 2.317784 0.050804
v 0.494848 2.310081 0.025900
v 0.498090 2.649632 0.004612
v 0.494289 2.645269 0.013789
v 0.483191 2.623196 0.040580
v 0.466512 2.573787 0.080848
v 0.456930 2.528346 0.103979
v 0.452144 2.495337 0.115536
v 0.449196 2.469246 0.122652
v 0.448201 2.442839 0.125055
v 0.449196 2.416431 0.122652
v 0.452144 2.391039 0.115536
v 0.456930 2.367638 0.103979
v 0.463372 2.347126 0.088427
v 0.471222 2.330292 0.069477
v 0.480177 2.317784 0.047856
v 0.489894 2.310081 0.024397
v 0.497227 2.649632 0.004151
v 0.491708 2.645269 0.012409
v 0.475597 2.623196 0.036521
v 0.451383 2.573787 0.072761
v 0.437473 2.528346 0.093579
v 0.430523 2.495337 0.103979
v 0.426244 2.469246 0.110384
v 0.424799 2.442839 0.112546
v 0.426244 2.416431 0.110384
v 0.430523 2.391039 0.103979
v 0.437473 2.367638 0.093579
v 0.446825 2.347126 0.079582
v 0.458220 2.330292 0.062527
v 0.471222 2.317784 0.043070
v 0.485329 2.310081 0.021957
v 0.496470 2.649632 0.003530
v 0.489447 2.645269 0.010553
v 0.468941 2.623196 0.031059
v 0.438122 2.573787 0.061878
v 0.420418 2.528346 0.079582
v 0.411573 2.495337 0.088427
v 0.406126 2.469246 0.093874
v 0.404287 2.442839 0.095713
v 0.406126 2.416431 0.093874
v 0.411573 2.391039 0.088427
v 0.420418 2.367638 0.079582
v 0.432321 2.347126 0.067679
v 0.446825 2.330292 0.053175
v 0.463372 2.317784 0.036628
v 0.481327 2.310081 0.018673
v 0.495849 2.649632 0.002773
v 0.487591 2.645269 0.008292
v 0.463479 2.623196 0.024403
v 0.427239 2.573787 0.048617
v 0.406421 2.528346 0.062527
v 0.396021 2.495337 0.069477
v 0.389616 2.469246 0.073756
v 0.387454 2.442839 0.075201
v 0.389616 2.416431 0.073756
v 0.396021 2.391039 0.069477
v 0.406421 2.367638 0.062527
v 0.420418 2.347126 0.053175
v 0.437473 2.330292 0.041779
v 0.456930 2.317784 0.028778
v 0.478043 2.310081 0.014671
v 0.495388 2.649632 0.001910
v 0.486211 2.645269 0.005711
v 0.459420 2.623196 0.016809
v 0.419152 2.573787 0.033488
v 0.396021 2.528346 0.043070
v 0.384464 2.495337 0.047856
v 0.377348 2.469246 0.050804
v 0.374945 2.442839 0.051799
v 0.377348 2.416431 0.050804
v 0.384464 2.391039 0.047856
v 0.396021 2.367638 0.043070
v 0.411573 2.347126 0.036628
v 0.430523 2.330292 0.028778
v 0.452144 2.317784 0.019823
v 0.475603 2.310081 0.010106
v 0.495104 2.649632 0.000974
v 0.485362 2.645269 0.002912
v 0.456920 2.623196 0.008569
v 0.414172 2.573787 0.017072
v 0.389616 2.528346 0.021957
v 0.377348 2.495337 0.024397
v 0.369793 2.469246 0.025900
v 0.367242 2.442839 0.026407
v 0.369793 2.416431 0.025900
v 0.377348 2.391039 0.024397
v 0.389616 2.367638 0.021957
v 0.406126 2.347126 0.018673
v 0.426244 2.330292 0.014671
v 0.449196 2.317784 0.010106
v 0.474100 2.310081 0.005152
v 0.495008 2.649632 -0.000000
v 0.485075 2.645269 -0.000000
v 0.412491 2.573787 -0.000000
v 0.374945 2.495337 -0.000000
v 0.374945 2.391039 -0.000000
v 0.404287 2.347126 -0.000000
v 0.424799 2.330292 -0.000000
v 0.448201 2.317784 -0.000000
v 0.473593 2.310081 -0.000000
v 0.756076 2.243487 -0.000000
v 0.687454 2.148637 -0.000000
v 0.667242 2.089537 -0.000000
v 0.664641 2.063130 -0.000000
v 0.667242 2.036723 -0.000000
v 0.687454 1.987929 -0.000000
v 0.795104 2.269923 -0.000974
v 0.785362 2.265560 -0.002912
v 0.756920 2.243487 -0.008569
v 0.714172 2.194078 -0.017072
v 0.689616 2.148637 -0.021957
v 0.677348 2.115628 -0.024397
v 0.669793 2.089537 -0.025900
v 0.667242 2.063130 -0.026407
v 0.669793 2.036723 -0.025900
v 0.677348 2.011331 -0.024397
v 0.689616 1.987929 -0.021957
v 0.706126 1.967417 -0.018673
v 0.726244 1.950583 -0.014671
v 0.749196 1.938075 -0.010106
v 0.774100 1.930372 -0.005152
v 0.795388 2.269923 -0.001910
v 0.786211 2.265560 -0.005711
v 0.759420 2.243487 -0.016809
v 0.719152 2.194078 -0.033488
v 0.696021 2.148637 -0.043070
v 0.684464 2.115628 -0.047856
v 0.677348 2.089537 -0.050804
v 0.674945 2.063130 -0.051799
v 0.677348 2.036723 -0.050804
v 0.684464 2.011331 -0.047856
v 0.696021 1.987929 -0.043070
v 0.711573 1.967417 -0.036628
v 0.730523 1.950583 -0.028778
v 0.752144 1.938075 -0.019823
v 0.775603 1.930372 -0.010106
v 0.795849 2.269923 -0.002773
v 0.787591 2.265560 -0.008292
v 0.763479 2.243487 -0.024403
v 0.727239 2.194078 -0.048618
v 0.706421 2.148637 -0.062528
v 0.696021 2.115628 -0.069477
v 0.689616 2.089537 -0.073756
v 0.687454 2.063130 -0.075201
v 0.689616 2.036723 -0.073756
v 0.696021 2.011331 -0.069477
v 0.706421 1.987929 -0.062528
v 0.720418 1.967417 -0.053175
v 0.737473 1.950583 -0.041780
v 0.756930 1.938075 -0.028778
v 0.778043 1.930372 -0.014671
v 0.796470 2.269923 -0.003530
v 0.789447 2.265560 -0.010553
v 0.768941 2.243487 -0.031059
v 0.738122 2.194078 -0.061878
v 0.720418 2.148637 -0.079582
v 0.711573 2.115628 -0.088427
v 0.706126 2.089537 -0.093874
v 0.704287 2.063130 -0.095713
v 0.706126 2.036723 -0.093874
v 0.711573 2.011331 -0.088427
v 0.720418 1.987929 -0.079582
v 0.732321 1.967417 -0.067679
v 0.746825 1.950583 -0.053175
v 0.763372 1.938075 -0.036628
v 0.781327 1.930372 -0.018673
v 0.797227 2.269923 -0.004151
v 0.791708 2.265560 -0.012409
v 0.775597 2.243487 -0.036521
v 0.751383 2.194078 -0.072761
v 0.737473 2.148637 -0.093579
v 0.730523 2.115628 -0.103979
v 0.726244 2.089537 -0.110384
v 0.724799 2.063130 -0.112547
v 0.726244 2.036723 -0.110384
v 0.730523 2.011331 -0.103979
v 0.737473 1.987929 -0.093579
v 0.746825 1.967417 -0.079582
v 0.758220 1.950583 -0.062528
v 0.771222 1.938075 -0.043070
v 0.785329 1.930372 -0.021957
v 0.800000 2.270415 -0.000000
v 0.798090 2.269923 -0.004612
v 0.794289 2.265560 -0.013789
v 0.783191 2.243487 -0.040580
v 0.766512 2.194078 -0.080848
v 0.756930 2.148637 -0.103979
v 0.752144 2.115628 -0.115536
v 0.749196 2.089537 -0.122652
v 0.748201 2.063130 -0.125055
v 0.749196 2.036723 -0.122652
v 0.752144 2.011331 -0.115536
v 0.756930 1.987929 -0.103979
v 0.763372 1.967417 -0.088427
v 0.771222 1.950583 -0.069477
v 0.780177 1.938075 -0.047856
v 0.789894 1.930372 -0.024397
v 0.799026 2.269923 -0.004896
v 0.797088 2.265560 -0.014638
v 0.791431 2.243487 -0.043080
v 0.782928 2.194078 -0.085828
v 0.778043 2.148637 -0.110384
v 0.775603 2.115628 -0.122652
v 0.774100 2.089537 -0.130207
v 0.773593 2.063130 -0.132758
v 0.774100 2.036723 -0.130207
v 0.775603 2.011331 -0.122652
v 0.778043 1.987929 -0.110384
v 0.781327 1.967417 -0.093874
v 0.785329 1.950583 -0.073756
v 0.789894 1.938075 -0.050804
v 0.794848 1.930372 -0.025900
v 0.800000 2.269923 -0.004992
v 0.800000 2.265560 -0.014925
v 0.800000 2.243487 -0.043924
v 0.800000 2.194078 -0.087509
v 0.800000 2.148637 -0.112546
v 0.800000 2.115628 -0.125055
v 0.800000 2.089537 -0.132758
v 0.800000 2.063130 -0.135358
v 0.800000 2.036723 -0.132758
v 0.800000 2.011331 -0.125055
v 0.800000 1.987929 -0.112546
v 0.800000 1.967417 -0.095713
v 0.800000 1.950583 -0.075201
v 0.800000 1.938075 -0.051799
v 0.800000 1.930372 -0.026407
v 0.800974 2.269923 -0.004896
v 0.802912 2.265560 -0.014638
v 0.808569 2.243487 -0.043080
v 0.817072 2.194078 -0.085828
v 0.821957 2.148637 -0.110384
v 0.824397 2.115628 -0.122652
v 0.825900 2.089537 -0.130207
v 0.826407 2.063130 -0.132758
v 0.825900 2.036723 -0.130207
v 0.824397 2.011331 -0.122652
v 0.821957 1.987929 -0.110384
v 0.818673 1.967417 -0.093874
v 0.814671 1.950583 -0.073756
v 0.810106 1.938075 -0.050804
v 0.805152 1.930372 -0.025900
v 0.801910 2.269923 -0.004612
v 0.805711 2.265560 -0.013789
v 0.816809 2.243487 -0.040580
v 0.833488 2.194078 -0.080848
v 0.843070 2.148637 -0.103979
v 0.847856 2.115628 -0.115536
v 0.850804 2.089537 -0.122652
v 0.851799 2.063130 -0.125055
v 0.850804 2.036723 -0.122652
v 0.847856 2.011331 -0.115536
v 0.843070 1.987929 -0.103979
v 0.836628 1.967417 -0.088427
v 0.828778 1.950583 -0.069477
v 0.819823 1.938075 -0.047856
v 0.810106 1.930372 -0.024397
v 0.802773 2.269923 -0.004151
v 0.808292 2.265560 -0.012409
v 0.824403 2.243487 -0.036521
v 0.848617 2.194078 -0.072761
v 0.862527 2.148637 -0.093579
v 0.869477 2.115628 -0.103979
v 0.873756 2.089537 -0.110384
v 0.875201 2.063130 -0.112546
v 0.873756 2.036723 -0.110384
v 0.869477 2.011331 -0.103979
v 0.862527 1.987929 -0.093579
v 0.853175 1.967417 -0.079582
v 0.841780 1.950583 -0.062527
v 0.828778 1.938075 -0.043070
v 0.814671 1.930372 -0.021957
v 0.803530 2.269923 -0.003530
v 0.810553 2.265560 -0.010553
v 0.831059 2.243487 -0.031059
v 0.861878 2.194078 -0.061878
v 0.879582 2.148637 -0.079582
v 0.888427 2.115628 -0.088427
v 0.893874 2.089537 -0.093874
v 0.895713 2.063130 -0.095713
v 0.893874 2.036723 -0.093874
v 0.888427 2.011331 -0.088427
v 0.879582 1.987929 -0.079582
v 0.867679 1.967417 -0.067679
v 0.853175 1.950583 -0.053175
v 0.836628 1.938075 -0.036628
v 0.818673 1.930372 -0.018673
v 0.804151 2.269923 -0.002773
v 0.812409 2.265560 -0.008292
v 0.836521 2.243487 -0.024403
v 0.872761 2.194078 -0.048618
v 0.893579 2.148637 -0.062527
v 0.903979 2.115628 -0.069477
v 0.910384 2.089537 -0.073756
v 0.912546 2.063130 -0.075201
v 0.910384 2.036723 -0.073756
v 0.903979 2.011331 -0.069477
v 0.893579 1.987929 -0.062527
v 0.879582 1.967417 -0.053175
v 0.862527 1.950583 -0.041780
v 0.843070 1.938075 -0.028778
v 0.821957 1.930372 -0.014671
v 0.804612 2.269923 -0.001910
v 0.813789 2.265560 -0.005711
v 0.840580 2.243487 -0.016809
v 0.880848 2.194078 -0.033488
v 0.903979 2.148637 -0.043070
v 0.915536 2.115628 -0.047856
v 0.922652 2.089537 -0.050804
v 0.925055 2.063130 -0.051799
v 0.922652 2.036723 -0.050804
v 0.915536 2.011331 -0.047856
v 0.903979 1.987929 -0.043070
v 0.888427 1.967417 -0.036628
v 0.869477 1.950583 -0.028778
v 0.847856 1.938075 -0.019823
v 0.824397 1.930372 -0.010106
v 0.804896 2.269923 -0.000974
v 0.814638 2.265560 -0.002912
v 0.843080 2.243487 -0.008569
v 0.885828 2.194078 -0.017072
v 0.910384 2.148637 -0.021957
v 0.922652 2.115628 -0.024397
v 0.930207 2.089537 -0.025900
v 0.932758 2.063130 -0.026407
v 0.930207 2.036723 -0.025900
v 0.922652 2.011331 -0.024397
v 0.910384 1.987929 -0.021957
v 0.893874 1.967417 -0.018673
v 0.873756 1.950583 -0.014671
v 0.850804 1.938075 -0.010106
v 0.825900 1.930372 -0.005152
v 0.804992 2.269923 -0.000000
v 0.814925 2.265560 -0.000000
v 0.843924 2.243487 -0.000000
v 0.887509 2.194078 -0.000000
v 0.912546 2.148637 -0.000000
v 0.925055 2.115628 -0.000000
v 0.932758 2.089537 -0.000000
v 0.935358 2.063130 0.000000
v 0.932758 2.036723 -0.000000
v 0.925055 2.011331 -0.000000
v 0.912546 1.987929 -0.000000
v 0.895713 1.967417 -0.000000
v 0.875201 1.950583 -0.000000
v 0.851799 1.938075 -0.000000
v 0.826407 1.930372 -0.000000
v 0.804896 2.269923 0.000974
v 0.814638 2.265560 0.002912
v 0.843080 2.243487 0.008569
v 0.885828 2.194078 0.017072
v 0.910384 2.148637 0.021957
v 0.922652 2.115628 0.024397
v 0.930207 2.089537 0.025900
v 0.932758 2.063130 0.026407
v 0.930207 2.036723 0.025900
v 0.922652 2.011331 0.024397
v 0.910384 1.987929 0.021957
v 0.893874 1.967417 0.018673
v 0.873756 1.950583 0.014671
v 0.850804 1.938075 0.010106
v 0.825900 1.930372 0.005152
v 0.804612 2.269923 0.001910
v 0.813789 2.265560 0.005711
v 0.840580 2.243487 0.016809
v 0.880848 2.194078 0.033488
v 0.903979 2.148637 0.043070
v 0.915536 2.115628 0.047856
v 0.922652 2.089537 0.050804
v 0.925055 2.063130 0.051799
v 0.922652 2.036723 0.050804
v 0.915536 2.011331 0.047856
v 0.903979 1.987929 0.043070
v 0.888427 1.967417 0.036628
v 0.869477 1.950583 0.028778
v 0.847856 1.938075 0.019823
v 0.824397 1.930372 0.010106
v 0.804151 2.269923 0.002773
v 0.812409 2.265560 0.008292
v 0.836521 2.243487 0.024403
v 0.872761 2.194078 0.048617
v 0.893579 2.148637 0.062527
v 0.903979 2.115628 0.069477
v 0.910384 2.089537 0.073756
v 0.912546 2.063130 0.075201
v 0.910384 2.036723 0.073756
v 0.903979 2.011331 0.069477
v 0.893579 1.987929 0.062527
v 0.879582 1.967417 0.053175
v 0.862527 1.950583 0.041779
v 0.843070 1.938075 0.028778
v 0.821957 1.930372 0.014671
v 0.803530 2.269923 0.003530
v 0.810553 2.265560 0.010553
v 0.831059 2.243487 0.031059
v 0.861878 2.194078 0.061878
v 0.879582 2.148637 0.079582
v 0.888427 2.115628 0.088427
v 0.893874 2.089537 0.093874
v 0.895713 2.063130 0.095713
v 0.893874 2.036723 0.093874
v 0.888427 2.011331 0.088427
v 0.879582 1.987929 0.079582
v 0.867679 1.967417 0.067679
v 0.853175 1.950583 0.053175
v 0.836628 1.938075 0.036628
v 0.818673 1.930372 0.018673
v 0.800000 1.927771 -0.000000
v 0.802773 2.269923 0.004151
v 0.808292 2.265560 0.012409
v 0.824403 2.243487 0.036521
v 0.848617 2.194078 0.072761
v 0.862527 2.148637 0.093579
v 0.869477 2.115628 0.103979
v 0.873756 2.089537 0.110384
v 0.875201 2.063130 0.112546
v 0.873756 2.036723 0.110384
v 0.869477 2.011331 0.103979
v 0.862527 1.987929 0.093579
v 0.853175 1.967417 0.079582
v 0.841779 1.950583 0.062527
v 0.828778 1.938075 0.043070
v 0.814671 1.930372 0.021957
v 0.801910 2.269923 0.004612
v 0.805711 2.265560 0.013789
v 0.816809 2.243487 0.040580
v 0.833488 2.194078 0.080848
v 0.843070 2.148637 0.103979
v 0.847856 2.115628 0.115536
v 0.850804 2.089537 0.122652
v 0.851799 2.063130 0.125055
v 0.850804 2.036723 0.122652
v 0.847856 2.011331 0.115536
v 0.843070 1.987929 0.103979
v 0.836628 1.967417 0.088427
v 0.828778 1.950583 0.069477
v 0.819823 1.938075 0.047856
v 0.810106 1.930372 0.024397
v 0.800974 2.269923 0.004896
v 0.802912 2.265560 0.014638
v 0.808569 2.243487 0.043080
v 0.817072 2.194078 0.085828
v 0.821957 2.148637 0.110384
v 0.824397 2.115628 0.122652
v 0.825900 2.089537 0.130207
v 0.826407 2.063130 0.132757
v 0.825900 2.036723 0.130207
v 0.824397 2.011331 0.122652
v 0.821957 1.987929 0.110384
v 0.818673 1.967417 0.093874
v 0.814671 1.950583 0.073756
v 0.810106 1.938075 0.050804
v 0.805152 1.930372 0.025900
v 0.800000 2.269923 0.004992
v 0.800000 2.265560 0.014925
v 0.800000 2.243487 0.043924
v 0.800000 2.194078 0.087509
v 0.800000 2.148637 0.112546
v 0.800000 2.115628 0.125055
v 0.800000 2.089537 0.132758
v 0.800000 2.063130 0.135358
v 0.800000 2.036723 0.132758
v 0.800000 2.011331 0.125055
v 0.800000 1.987929 0.112546
v 0.800000 1.967417 0.095713
v 0.800000 1.950583 0.075201
v 0.800000 1.938075 0.051799
v 0.800000 1.930372 0.026407
v 0.799026 2.269923 0.004896
v 0.797088 2.265560 0.014638
v 0.791431 2.243487 0.043080
v 0.782928 2.194078 0.085828
v 0.778043 2.148637 0.110384
v 0.775603 2.115628 0.122652
v 0.774100 2.089537 0.130207
v 0.773593 2.063130 0.132757
v 0.774100 2.036723 0.130207
v 0.775603 2.011331 0.122652
v 0.778043 1.987929 0.110384
v 0.781327 1.967417 0.093874
v 0.785329 1.950583 0.073756
v 0.789894 1.938075 0.050804
v 0.794848 1.930372 0.025900
v 0.798090 2.269923 0.004612
v 0.794289 2.265560 0.013789
v 0.783191 2.243487 0.040580
v 0.766512 2.194078 0.080848
v 0.756930 2.148637 0.103979
v 0.752144 2.115628 0.115536
v 0.749196 2.089537 0.122652
v 0.748201 2.063130 0.125055
v 0.749196 2.036723 0.122652
v 0.752144 2.011331 0.115536
v 0.756930 1.987929 0.103979
v 0.763372 1.967417 0.088427
v 0.771222 1.950583 0.069477
v 0.780177 1.938075 0.047856
v 0.789894 1.930372 0.024397
v 0.797227 2.269923 0.004151
v 0.791708 2.265560 0.012409
v 0.775597 2.243487 0.036521
v 0.751383 2.194078 0.072761
v 0.737473 2.148637 0.093579
v 0.730523 2.115628 0.103979
v 0.726244 2.089537 0.110384
v 0.724799 2.063130 0.112546
v 0.726244 2.036723 0.110384
v 0.730523 2.011331 0.103979
v 0.737473 1.987929 0.093579
v 0.746825 1.967417 0.079582
v 0.758220 1.950583 0.062527
v 0.771222 1.938075 0.043070
v 0.785329 1.930372 0.021957
v 0.796470 2.269923 0.003530
v 0.789447 2.265560 0.010553
v 0.768941 2.243487 0.031059
v 0.738122 2.194078 0.061878
v 0.720418 2.148637 0.079582
v 0.711573 2.115628 0.088427
v 0.706126 2.089537 0.093874
v 0.704287 2.063130 0.095713
v 0.706126 2.036723 0.093874
v 0.711573 2.011331 0.088427
v 0.720418 1.987929 0.079582
v 0.732321 1.967417 0.067679
v 0.746825 1.950583 0.053175
v 0.763372 1.938075 0.036628
v 0.781327 1.930372 0.018673
v 0.795849 2.269923 0.002773
v 0.787591 2.265560 0.008292
v 0.763479 2.243487 0.024403
v 0.727239 2.194078 0.048617
v 0.706421 2.148637 0.062527
v 0.696021 2.115628 0.069477
v 0.689616 2.089537 0.073756
v 0.687454 2.063130 0.075201
v 0.689616 2.036723 0.073756
v 0.696021 2.011331 0.069477
v 0.706421 1.987929 0.062527
v 0.720418 1.967417 0.053175
v 0.737473 1.950583 0.041779
v 0.756930 1.938075 0.028778
v 0.778043 1.930372 0.014671
v 0.795388 2.269923 0.001910
v 0.786211 2.265560 0.005711
v 0.759420 2.243487 0.016809
v 0.719152 2.194078 0.033488
v 0.696021 2.148637 0.043070
v 0.684464 2.115628 0.047856
v 0.677348 2.089537 0.050804
v 0.674945 2.063130 0.051799
v 0.677348 2.036723 0.050804
v 0.684464 2.011331 0.047856
v 0.696021 1.987929 0.043070
v 0.711573 1.967417 0.036628
v 0.730523 1.950583 0.028778
v 0.752144 1.938075 0.019823
v 0.775603 1.930372 0.010106
v 0.795104 2.269923 0.000974
v 0.785362 2.265560 0.002912
v 0.756920 2.243487 0.008569
v 0.714172 2.194078 0.017072
v 0.689616 2.148637 0.021957
v 0.677348 2.115628 0.024397
v 0.669793 2.089537 0.025900
v 0.667242 2.063130 0.026407
v 0.669793 2.036723 0.025900
v 0.677348 2.011331 0.024397
v 0.689616 1.987929 0.021957
v 0.706126 1.967417 0.018673
v 0.726244 1.950583 0.014671
v 0.749196 1.938075 0.010106
v 0.774100 1.930372 0.005152
v 0.795008 2.269923 -0.000000
v 0.785075 2.265560 -0.000000
v 0.712491 2.194078 -0.000000
v 0.674945 2.115628 -0.000000
v 0.674945 2.011331 -0.000000
v 0.704287 1.967417 -0.000000
v 0.724799 1.950583 -0.000000
v 0.748201 1.938075 -0.000000
v 0.773593 1.930372 -0.000000
v -0.543924 2.623196 0.000000
v -0.612547 2.528346 0.000000
v -0.632758 2.469246 0.000000
v -0.635359 2.442839 0.000000
v -0.632758 2.416431 0.000000
v -0.612547 2.367638 0.000000
v -0.504896 2.649632 -0.000974
v -0.514638 2.645269 -0.002912
v -0.543080 2.623196 -0.008569
v -0.585828 2.573787 -0.017072
v -0.610384 2.528346 -0.021957
v -0.622652 2.495337 -0.024397
v -0.630207 2.469246 -0.025900
v -0.632758 2.442839 -0.026407
v -0.630207 2.416431 -0.025900
v -0.622652 2.391039 -0.024397
v -0.610384 2.367638 -0.021957
v -0.593874 2.347126 -0.018673
v -0.573756 2.330292 -0.014671
v -0.550804 2.317784 -0.010106
v -0.525900 2.310081 -0.005152
v -0.504612 2.649632 -0.001910
v -0.513789 2.645269 -0.005711
v -0.540580 2.623196 -0.016809
v -0.580848 2.573787 -0.033488
v -0.603979 2.528346 -0.043070
v -0.615536 2.495337 -0.047856
v -0.622652 2.469246 -0.050804
v -0.625055 2.442839 -0.051799
v -0.622652 2.416431 -0.050804
v -0.615536 2.391039 -0.047856
v -0.603979 2.367638 -0.043070
v -0.588427 2.347126 -0.036628
v -0.569477 2.330292 -0.028778
v -0.547856 2.317784 -0.019823
v -0.524397 2.310081 -0.010106
v -0.504151 2.649632 -0.002773
v -0.512409 2.645269 -0.008292
v -0.536521 2.623196 -0.024403
v -0.572761 2.573787 -0.048617
v -0.593579 2.528346 -0.062527
v -0.603979 2.495337 -0.069477
v -0.610384 2.469246 -0.073756
v -0.612546 2.442839 -0.075201
v -0.610384 2.416431 -0.073756
v -0.603979 2.391039 -0.069477
v -0.593579 2.367638 -0.062527
v -0.579582 2.347126 -0.053175
v -0.562527 2.330292 -0.041779
v -0.543070 2.317784 -0.028778
v -0.521957 2.310081 -0.014671
v -0.503530 2.649632 -0.003530
v -0.510553 2.645269 -0.010553
v -0.531059 2.623196 -0.031059
v -0.561878 2.573787 -0.061878
v -0.579582 2.528346 -0.079582
v -0.588427 2.495337 -0.088427
v -0.593874 2.469246 -0.093874
v -0.595713 2.442839 -0.095713
v -0.593874 2.416431 -0.093874
v -0.588427 2.391039 -0.088427
v -0.579582 2.367638 -0.079582
v -0.567679 2.347126 -0.067679
v -0.553175 2.330292 -0.053175
v -0.536628 2.317784 -0.036628
v -0.518673 2.310081 -0.018673
v -0.502773 2.649632 -0.004151
v -0.508292 2.645269 -0.012409
v -0.524403 2.623196 -0.036521
v -0.548617 2.573787 -0.072761
v -0.562527 2.528346 -0.093579
v -0.569477 2.495337 -0.103979
v -0.573756 2.469246 -0.110384
v -0.575201 2.442839 -0.112546
v -0.573756 2.416431 -0.110384
v -0.569477 2.391039 -0.103979
v -0.562527 2.367638 -0.093579
v -0.553175 2.347126 -0.079582
v -0.541780 2.330292 -0.062527
v -0.528778 2.317784 -0.043070
v -0.514671 2.310081 -0.021957
v -0.500000 2.650124 0.000000
v -0.501910 2.649632 -0.004612
v -0.505711 2.645269 -0.013789
v -0.516809 2.623196 -0.040580
v -0.533488 2.573787 -0.080848
v -0.543070 2.528346 -0.103979
v -0.547856 2.495337 -0.115536
v -0.550804 2.469246 -0.122652
v -0.551799 2.442839 -0.125055
v -0.550804 2.416431 -0.122652
v -0.547856 2.391039 -0.115536
v -0.543070 2.367638 -0.103979
v -0.536628 2.347126 -0.088427
v -0.528778 2.330292 -0.069477
v -0.519823 2.317784 -0.047856
v -0.510106 2.310081 -0.024397
v -0.500974 2.649632 -0.004896
v -0.502912 2.645269 -0.014638
v -0.508569 2.623196 -0.043080
v -0.517072 2.573787 -0.085828
v -0.521957 2.528346 -0.110384
v -0.524397 2.495337 -0.122652
v -0.525900 2.469246 -0.130207
v -0.526407 2.442839 -0.132758
v -0.525900 2.416431 -0.130207
v -0.524397 2.391039 -0.122652
v -0.521957 2.367638 -0.110384
v -0.518673 2.347126 -0.093874
v -0.514671 2.330292 -0.073756
v -0.510106 2.317784 -0.050804
v -0.505152 2.310081 -0.025900
v -0.500000 2.649632 -0.004992
v -0.500000 2.645269 -0.014925
v -0.500000 2.623196 -0.043924
v -0.500000 2.573787 -0.087509
v -0.500000 2.528346 -0.112546
v -0.500000 2.495337 -0.125055
v -0.500000 2.469246 -0.132758
v -0.500000 2.442839 -0.135358
v -0.500000 2.416431 -0.132758
v -0.500000 2.391039 -0.125055
v -0.500000 2.367638 -0.112546
v -0.500000 2.347126 -0.095713
v -0.500000 2.330292 -0.075201
v -0.500000 2.317784 -0.051799
v -0.500000 2.310081 -0.026407
v -0.499026 2.649632 -0.004896
v -0.497088 2.645269 -0.014638
v -0.491431 2.623196 -0.043080
v -0.482928 2.573787 -0.085828
v -0.478043 2.528346 -0.110384
v -0.475603 2.495337 -0.122652
v -0.474100 2.469246 -0.130207
v -0.473593 2.442839 -0.132758
v -0.474100 2.416431 -0.130207
v -0.475603 2.391039 -0.122652
v -0.478043 2.367638 -0.110384
v -0.481327 2.347126 -0.093874
v -0.485329 2.330292 -0.073756
v -0.489894 2.317784 -0.050804
v -0.494848 2.310081 -0.025900
v -0.498090 2.649632 -0.004612
v -0.494289 2.645269 -0.013789
v -0.483191 2.623196 -0.040580
v -0.466512 2.573787 -0.080848
v -0.456930 2.528346 -0.103979
v -0.452144 2.495337 -0.115536
v -0.449196 2.469246 -0.122652
v -0.448201 2.442839 -0.125055
v -0.449196 2.416431 -0.122652
v -0.452144 2.391039 -0.115536
v -0.456930 2.367638 -0.103979
v -0.463372 2.347126 -0.088427
v -0.471222 2.330292 -0.069477
v -0.480177 2.317784 -0.047856
v -0.489894 2.310081 -0.024397
v -0.497227 2.649632 -0.004151
v -0.491708 2.645269 -0.012409
v -0.475597 2.623196 -0.036521
v -0.451383 2.573787 -0.072761
v -0.437473 2.528346 -0.093579
v -0.430523 2.495337 -0.103979
v -0.426244 2.469246 -0.110384
v -0.424799 2.442839 -0.112546
v -0.426244 2.416431 -0.110384
v -0.430523 2.391039 -0.103979
v -0.437473 2.367638 -0.093579
v -0.446825 2.347126 -0.079582
v -0.458220 2.330292 -0.062527
v -0.471222 2.317784 -0.043070
v -0.485329 2.310081 -0.021957
v -0.496470 2.649632 -0.003530
v -0.489447 2.645269 -0.010553
v -0.468941 2.623196 -0.031059
v -0.438122 2.573787 -0.061878
v -0.420418 2.528346 -0.079582
v -0.411573 2.495337 -0.088427
v -0.406126 2.469246 -0.093874
v -0.404287 2.442839 -0.095713
v -0.406126 2.416431 -0.093874
v -0.411573 2.391039 -0.088427
v -0.420418 2.367638 -0.079582
v -0.432321 2.347126 -0.067679
v -0.446825 2.330292 -0.053175
v -0.463372 2.317784 -0.036628
v -0.481327 2.310081 -0.018673
v -0.495849 2.649632 -0.002773
v -0.487591 2.645269 -0.008292
v -0.463479 2.623196 -0.024403
v -0.427239 2.573787 -0.048617
v -0.406421 2.528346 -0.062527
v -0.396021 2.495337 -0.069477
v -0.389616 2.469246 -0.073756
v -0.387454 2.442839 -0.075201
v -0.389616 2.416431 -0.073756
v -0.396021 2.391039 -0.069477
v -0.406421 2.367638 -0.062527
v -0.420418 2.347126 -0.053175
v -0.437473 2.330292 -0.041779
v -0.456930 2.317784 -0.028778
v -0.478043 2.310081 -0.014671
v -0.495388 2.649632 -0.001910
v -0.486211 2.645269 -0.005711
v -0.459420 2.623196 -0.016809
v -0.419152 2.573787 -0.033488
v -0.396021 2.528346 -0.043070
v -0.384464 2.495337 -0.047856
v -0.377348 2.469246 -0.050804
v -0.374945 2.442839 -0.051799
v -0.377348 2.416431 -0.050804
v -0.384464 2.391039 -0.047856
v -0.396021 2.367638 -0.043070
v -0.411573 2.347126 -0.036628
v -0.430523 2.330292 -0.028778
v -0.452144 2.317784 -0.019823
v -0.475603 2.310081 -0.010106
v -0.495104 2.649632 -0.000974
v -0.485362 2.645269 -0.002912
v -0.456920 2.623196 -0.008569
v -0.414172 2.573787 -0.017072
v -0.389616 2.528346 -0.021957
v -0.377348 2.495337 -0.024397
v -0.369793 2.469246 -0.025900
v -0.367242 2.442839 -0.026407
v -0.369793 2.416431 -0.025900
v -0.377348 2.391039 -0.024397
v -0.389616 2.367638 -0.021957
v -0.406126 2.347126 -0.018673
v -0.426244 2.330292 -0.014671
v -0.449196 2.317784 -0.010106
v -0.474100 2.310081 -0.005152
v -0.495008 2.649632 0.000000
v -0.485075 2.645269 0.000000
v -0.456076 2.623196 0.000000
v -0.412491 2.573787 0.000000
v -0.387454 2.528346 0.000000
v -0.374945 2.495337 0.000000
v -0.367242 2.469246 0.000000
v -0.364642 2.442839 0.000000
v -0.367242 2.416431 0.000000
v -0.374945 2.391039 0.000000
v -0.387454 2.367638 0.000000
v -0.404287 2.347126 0.000000
v -0.424799 2.330292 0.000000
v -0.448201 2.317784 0.000000
v -0.473593 2.310081 0.000000
v -0.495104 2.649632 0.000974
v -0.485362 2.645269 0.002912
v -0.456920 2.623196 0.008569
v -0.414172 2.573787 0.017072
v -0.389616 2.528346 0.021957
v -0.377348 2.495337 0.024397
v -0.369793 2.469246 0.025900
v -0.367242 2.442839 0.026407
v -0.369793 2.416431 0.025900
v -0.377348 2.391039 0.024397
v -0.389616 2.367638 0.021957
v -0.406126 2.347126 0.018673
v -0.426244 2.330292 0.014671
v -0.449196 2.317784 0.010106
v -0.474100 2.310081 0.005152
v -0.495388 2.649632 0.001910
v -0.486211 2.645269 0.005711
v -0.459420 2.623196 0.016809
v -0.419152 2.573787 0.033488
v -0.396021 2.528346 0.043070
v -0.384464 2.495337 0.047856
v -0.377348 2.469246 0.050804
v -0.374945 2.442839 0.051799
v -0.377348 2.416431 0.050804
v -0.384464 2.391039 0.047856
v -0.396021 2.367638 0.043070
v -0.411573 2.347126 0.036628
v -0.430523 2.330292 0.028778
v -0.452144 2.317784 0.019823
v -0.475603 2.310081 0.010106
v -0.495849 2.649632 0.002773
v -0.487591 2.645269 0.008292
v -0.463479 2.623196 0.024403
v -0.427239 2.573787 0.048617
v -0.406421 2.528346 0.062527
v -0.396021 2.495337 0.069477
v -0.389616 2.469246 0.073756
v -0.387454 2.442839 0.075201
v -0.389616 2.416431 0.073756
v -0.396021 2.391039 0.069477
v -0.406421 2.367638 0.062527
v -0.420418 2.347126 0.053175
v -0.437473 2.330292 0.041780
v -0.456930 2.317784 0.028778
v -0.478043 2.310081 0.014671
v -0.496470 2.649632 0.003530
v -0.489447 2.645269 0.010553
v -0.468941 2.623196 0.031059
v -0.438122 2.573787 0.061878
v -0.420418 2.528346 0.079582
v -0.411573 2.495337 0.088427
v -0.406126 2.469246 0.093874
v -0.404287 2.442839 0.095713
v -0.406126 2.416431 0.093874
v -0.411573 2.391039 0.088427
v -0.420418 2.367638 0.079582
v -0.432321 2.347126 0.067679
v -0.446825 2.330292 0.053175
v -0.463372 2.317784 0.036628
v -0.481327 2.310081 0.018673
v -0.500000 2.307480 0.000000
v -0.497227 2.649632 0.004151
v -0.491708 2.645269 0.012409
v -0.475597 2.623196 0.036521
v -0.451383 2.573787 0.072761
v -0.437473 2.528346 0.093579
v -0.430523 2.495337 0.103979
v -0.426244 2.469246 0.110384
v -0.424799 2.442839 0.112546
v -0.426244 2.416431 0.110384
v -0.430523 2.391039 0.103979
v -0.437473 2.367638 0.093579
v -0.446825 2.347126 0.079582
v -0.458221 2.330292 0.062527
v -0.471222 2.317784 0.043070
v -0.485329 2.310081 0.021957
v -0.498090 2.649632 0.004612
v -0.494289 2.645269 0.013789
v -0.483191 2.623196 0.040580
v -0.466512 2.573787 0.080848
v -0.456930 2.528346 0.103979
v -0.452144 2.495337 0.115536
v -0.449196 2.469246 0.122652
v -0.448201 2.442839 0.125055
v -0.449196 2.416431 0.122652
v -0.452144 2.391039 0.115536
v -0.456930 2.367638 0.103979
v -0.463372 2.347126 0.088427
v -0.471222 2.330292 0.069477
v -0.480177 2.317784 0.047856
v -0.489894 2.310081 0.024397
v -0.499026 2.649632 0.004896
v -0.497088 2.645269 0.014638
v -0.491431 2.623196 0.043080
v -0.482928 2.573787 0.085828
v -0.478043 2.528346 0.110384
v -0.475603 2.495337 0.122652
v -0.474100 2.469246 0.130207
v -0.473593 2.442839 0.132758
v -0.474100 2.416431 0.130207
v -0.475603 2.391039 0.122652
v -0.478043 2.367638 0.110384
v -0.481327 2.347126 0.093874
v -0.485329 2.330292 0.073756
v -0.489894 2.317784 0.050804
v -0.494848 2.310081 0.025900
v -0.500000 2.649632 0.004992
v -0.500000 2.645269 0.014925
v -0.500000 2.623196 0.043924
v -0.500000 2.573787 0.087509
v -0.500000 2.528346 0.112546
v -0.500000 2.495337 0.125055
v -0.500000 2.469246 0.132758
v -0.500000 2.442839 0.135358
v -0.500000 2.416431 0.132758
v -0.500000 2.391039 0.125055
v -0.500000 2.367638 0.112546
v -0.500000 2.347126 0.095713
v -0.500000 2.330292 0.075201
v -0.500000 2.317784 0.051799
v -0.500000 2.310081 0.026407
v -0.500974 2.649632 0.004896
v -0.502912 2.645269 0.014638
v -0.508569 2.623196 0.043080
v -0.517072 2.573787 0.085828
v -0.521957 2.528346 0.110384
v -0.524397 2.495337 0.122652
v -0.525900 2.469246 0.130207
v -0.526407 2.442839 0.132758
v -0.525900 2.416431 0.130207
v -0.524397 2.391039 0.122652
v -0.521957 2.367638 0.110384
v -0.518673 2.347126 0.093874
v -0.514671 2.330292 0.073756
v -0.510106 2.317784 0.050804
v -0.505152 2.310081 0.025900
v -0.501910 2.649632 0.004612
v -0.505711 2.645269 0.013789
v -0.516809 2.623196 0.040580
v -0.533488 2.573787 0.080848
v -0.543070 2.528346 0.103979
v -0.547856 2.495337 0.115536
v -0.550804 2.469246 0.122652
v -0.551799 2.442839 0.125055
v -0.550804 2.416431 0.122652
v -0.547856 2.391039 0.115536
v -0.543070 2.367638 0.103979
v -0.536628 2.347126 0.088427
v -0.528778 2.330292 0.069477
v -0.519823 2.317784 0.047856
v -0.510106 2.310081 0.024397
v -0.502773 2.649632 0.004151
v -0.508292 2.645269 0.012409
v -0.524403 2.623196 0.036521
v -0.548617 2.573787 0.072761
v -0.562527 2.528346 0.093579
v -0.569477 2.495337 0.103979
v -0.573756 2.469246 0.110384
v -0.575201 2.442839 0.112546
v -0.573756 2.416431 0.110384
v -0.569477 2.391039 0.103979
v -0.562527 2.367638 0.093579
v -0.553175 2.347126 0.079582
v -0.541780 2.330292 0.062527
v -0.528778 2.317784 0.043070
v -0.514671 2.310081 0.021957
v -0.503530 2.649632 0.003530
v -0.510553 2.645269 0.010553
v -0.531059 2.623196 0.031059
v -0.561878 2.573787 0.061878
v -0.579582 2.528346 0.079582
v -0.588427 2.495337 0.088427
v -0.593874 2.469246 0.093874
v -0.595713 2.442839 0.095713
v -0.593874 2.416431 0.093874
v -0.588427 2.391039 0.088427
v -0.579582 2.367638 0.079582
v -0.567679 2.347126 0.067679
v -0.553175 2.330292 0.053175
v -0.536628 2.317784 0.036628
v -0.518673 2.310081 0.018673
v -0.504151 2.649632 0.002773
v -0.512409 2.645269 0.008292
v -0.536521 2.623196 0.024403
v -0.572761 2.573787 0.048617
v -0.593579 2.528346 0.062527
v -0.603979 2.495337 0.069477
v -0.610384 2.469246 0.073756
v -0.612546 2.442839 0.075201
v -0.610384 2.416431 0.073756
v -0.603979 2.391039 0.069477
v -0.593579 2.367638 0.062527
v -0.579582 2.347126 0.053175
v -0.562527 2.330292 0.041779
v -0.543070 2.317784 0.028778
v -0.521957 2.310081 0.014671
v -0.504612 2.649632 0.001910
v -0.513789 2.645269 0.005711
v -0.540580 2.623196 0.016809
v -0.580848 2.573787 0.033488
v -0.603979 2.528346 0.043070
v -0.615536 2.495337 0.047856
v -0.622652 2.469246 0.050804
v -0.625055 2.442839 0.051799
v -0.622652 2.416431 0.050804
v -0.615536 2.391039 0.047856
v -0.603979 2.367638 0.043070
v -0.588427 2.347126 0.036628
v -0.569477 2.330292 0.028778
v -0.547856 2.317784 0.019823
v -0.524397 2.310081 0.010106
v -0.504896 2.649632 0.000974
v -0.514638 2.645269 0.002912
v -0.543080 2.623196 0.008569
v -0.585828 2.573787 0.017072
v -0.610384 2.528346 0.021957
v -0.622652 2.495337 0.024397
v -0.630207 2.469246 0.025900
v -0.632757 2.442839 0.026407
v -0.630207 2.416431 0.025900
v -0.622652 2.391039 0.024397
v -0.610384 2.367638 0.021957
v -0.593874 2.347126 0.018673
v -0.573756 2.330292 0.014671
v -0.550804 2.317784 0.010106
v -0.525900 2.310081 0.005152
v -0.504992 2.649632 0.000000
v -0.514925 2.645269 0.000000
v -0.587509 2.573787 0.000000
v -0.625055 2.495337 0.000000
v -0.625055 2.391039 0.000000
v -0.595713 2.347126 0.000000
v -0.575201 2.330292 -0.000000
v -0.551799 2.317784 0.000000
v -0.526407 2.310081 0.000000
v -0.293924 3.080357 0.000000
v -0.362547 2.985507 0.000000
v -0.382758 2.926407 0.000000
v -0.385358 2.900000 0.000000
v -0.382758 2.873593 0.000000
v -0.362547 2.824799 0.000000
v -0.254896 3.106793 -0.000974
v -0.264638 3.102430 -0.002912
v -0.293080 3.080357 -0.008569
v -0.335828 3.030948 -0.017072
v -0.360384 2.985507 -0.021957
v -0.372652 2.952498 -0.024397
v -0.380207 2.926407 -0.025900
v -0.382758 2.900000 -0.026407
v -0.380207 2.873593 -0.025900
v -0.372652 2.848200 -0.024397
v -0.360384 2.824799 -0.021957
v -0.343874 2.804287 -0.018673
v -0.323756 2.787453 -0.014671
v -0.300804 2.774945 -0.010106
v -0.275900 2.767242 -0.005152
v -0.254612 3.106793 -0.001910
v -0.263789 3.102430 -0.005711
v -0.290580 3.080357 -0.016809
v -0.330848 3.030948 -0.033488
v -0.353979 2.985507 -0.043070
v -0.365536 2.952498 -0.047856
v -0.372652 2.926407 -0.050804
v -0.375055 2.900000 -0.051799
v -0.372652 2.873593 -0.050804
v -0.365536 2.848200 -0.047856
v -0.353979 2.824799 -0.043070
v -0.338427 2.804287 -0.036628
v -0.319477 2.787453 -0.028778
v -0.297856 2.774945 -0.019823
v -0.274397 2.767242 -0.010106
v -0.254151 3.106793 -0.002773
v -0.262409 3.102430 -0.008292
v -0.286521 3.080357 -0.024403
v -0.322761 3.030948 -0.048617
v -0.343579 2.985507 -0.062527
v -0.353979 2.952498 -0.069477
v -0.360384 2.926407 -0.073756
v -0.362546 2.900000 -0.075201
v -0.360384 2.873593 -0.073756
v -0.353979 2.848200 -0.069477
v -0.343579 2.824799 -0.062527
v -0.329582 2.804287 -0.053175
v -0.312527 2.787453 -0.041780
v -0.293070 2.774945 -0.028778
v -0.271957 2.767242 -0.014671
v -0.253530 3.106793 -0.003530
v -0.260553 3.102430 -0.010553
v -0.281059 3.080357 -0.031059
v -0.311878 3.030948 -0.061878
v -0.329582 2.985507 -0.079582
v -0.338427 2.952498 -0.088427
v -0.343874 2.926407 -0.093874
v -0.345713 2.900000 -0.095713
v -0.343874 2.873593 -0.093874
v -0.338427 2.848200 -0.088427
v -0.329582 2.824799 -0.079582
v -0.317679 2.804287 -0.067679
v -0.303175 2.787453 -0.053175
v -0.286628 2.774945 -0.036628
v -0.268673 2.767242 -0.018673
v -0.252773 3.106793 -0.004151
v -0.258292 3.102430 -0.012409
v -0.274403 3.080357 -0.036521
v -0.298617 3.030948 -0.072761
v -0.312527 2.985507 -0.093579
v -0.319477 2.952498 -0.103979
v -0.323756 2.926407 -0.110384
v -0.325201 2.900000 -0.112546
v -0.323756 2.873593 -0.110384
v -0.319477 2.848200 -0.103979
v -0.312527 2.824799 -0.093579
v -0.303175 2.804287 -0.079582
v -0.291780 2.787453 -0.062527
v -0.278778 2.774945 -0.043070
v -0.264671 2.767242 -0.021957
v -0.250000 3.107285 0.000000
v -0.251910 3.106793 -0.004612
v -0.255711 3.102430 -0.013789
v -0.266809 3.080357 -0.040580
v -0.283488 3.030948 -0.080848
v -0.293070 2.985507 -0.103979
v -0.297856 2.952498 -0.115536
v -0.300804 2.926407 -0.122652
v -0.301799 2.900000 -0.125055
v -0.300804 2.873593 -0.122652
v -0.297856 2.848200 -0.115536
v -0.293070 2.824799 -0.103979
v -0.286628 2.804287 -0.088427
v -0.278778 2.787453 -0.069477
v -0.269823 2.774945 -0.047856
v -0.260106 2.767242 -0.024397
v -0.250974 3.106793 -0.004896
v -0.252912 3.102430 -0.014638
v -0.258569 3.080357 -0.043080
v -0.267072 3.030948 -0.085828
v -0.271957 2.985507 -0.110384
v -0.274397 2.952498 -0.122652
v -0.275900 2.926407 -0.130207
v -0.276407 2.900000 -0.132758
v -0.275900 2.873593 -0.130207
v -0.274397 2.848200 -0.122652
v -0.271957 2.824799 -0.110384
v -0.268673 2.804287 -0.093874
v -0.264671 2.787453 -0.073756
v -0.260106 2.774945 -0.050804
v -0.255152 2.767242 -0.025900
v -0.250000 3.106793 -0.004992
v -0.250000 3.102430 -0.014925
v -0.250000 3.080357 -0.043924
v -0.250000 3.030948 -0.087509
v -0.250000 2.985507 -0.112546
v -0.250000 2.952498 -0.125055
v -0.250000 2.926407 -0.132758
v -0.250000 2.900000 -0.135358
v -0.250000 2.873593 -0.132758
v -0.250000 2.848200 -0.125055
v -0.250000 2.824799 -0.112546
v -0.250000 2.804287 -0.095713
v -0.250000 2.787453 -0.075201
v -0.250000 2.774945 -0.051799
v -0.250000 2.767242 -0.026407
v -0.249026 3.106793 -0.004896
v -0.247088 3.102430 -0.014638
v -0.241431 3.080357 -0.043080
v -0.232928 3.030948 -0.085828
v -0.228043 2.985507 -0.110384
v -0.225603 2.952498 -0.122652
v -0.224100 2.926407 -0.130207
v -0.223593 2.900000 -0.132758
v -0.224100 2.873593 -0.130207
v -0.225603 2.848200 -0.122652
v -0.228043 2.824799 -0.110384
v -0.231327 2.804287 -0.093874
v -0.235329 2.787453 -0.073756
v -0.239894 2.774945 -0.050804
v -0.244848 2.767242 -0.025900
v -0.248090 3.106793 -0.004612
v -0.244289 3.102430 -0.013789
v -0.233191 3.080357 -0.040580
v -0.216512 3.030948 -0.080848
v -0.206930 2.985507 -0.103979
v -0.202144 2.952498 -0.115536
v -0.199196 2.926407 -0.122652
v -0.198201 2.900000 -0.125055
v -0.199196 2.873593 -0.122652
v -0.202144 2.848200 -0.115536
v -0.206930 2.824799 -0.103979
v -0.213372 2.804287 -0.088427
v -0.221222 2.787453 -0.069477
v -0.230177 2.774945 -0.047856
v -0.239894 2.767242 -0.024397
v -0.247226 3.106793 -0.004151
v -0.241708 3.102430 -0.012409
v -0.225597 3.080357 -0.036521
v -0.201383 3.030948 -0.072761
v -0.187473 2.985507 -0.093579
v -0.180523 2.952498 -0.103979
v -0.176244 2.926407 -0.110384
v -0.174799 2.900000 -0.112546
v -0.176244 2.873593 -0.110384
v -0.180523 2.848200 -0.103979
v -0.187473 2.824799 -0.093579
v -0.196825 2.804287 -0.079582
v -0.208220 2.787453 -0.062527
v -0.221222 2.774945 -0.043070
v -0.235329 2.767242 -0.021957
v -0.246470 3.106793 -0.003530
v -0.239447 3.102430 -0.010553
v -0.218941 3.080357 -0.031059
v -0.188122 3.030948 -0.061878
v -0.170418 2.985507 -0.079582
v -0.161573 2.952498 -0.088427
v -0.156126 2.926407 -0.093874
v -0.154287 2.900000 -0.095713
v -0.156126 2.873593 -0.093874
v -0.161573 2.848200 -0.088427
v -0.170418 2.824799 -0.079582
v -0.182321 2.804287 -0.067679
v -0.196825 2.787453 -0.053175
v -0.213372 2.774945 -0.036628
v -0.231327 2.767242 -0.018673
v -0.245849 3.106793 -0.002773
v -0.237591 3.102430 -0.008292
v -0.213479 3.080357 -0.024403
v -0.177239 3.030948 -0.048617
v -0.156421 2.985507 -0.062527
v -0.146021 2.952498 -0.069477
v -0.139616 2.926407 -0.073756
v -0.137454 2.900000 -0.075201
v -0.139616 2.873593 -0.073756
v -0.146021 2.848200 -0.069477
v -0.156421 2.824799 -0.062527
v -0.170418 2.804287 -0.053175
v -0.187473 2.787453 -0.041779
v -0.206930 2.774945 -0.028778
v -0.228043 2.767242 -0.014671
v -0.245388 3.106793 -0.001910
v -0.236211 3.102430 -0.005711
v -0.209420 3.080357 -0.016809
v -0.169152 3.030948 -0.033488
v -0.146021 2.985507 -0.043070
v -0.134464 2.952498 -0.047856
v -0.127348 2.926407 -0.050804
v -0.124945 2.900000 -0.051799
v -0.127348 2.873593 -0.050804
v -0.134464 2.848200 -0.047856
v -0.146021 2.824799 -0.043070
v -0.161573 2.804287 -0.036628
v -0.180523 2.787453 -0.028778
v -0.202144 2.774945 -0.019823
v -0.225603 2.767242 -0.010106
v -0.245104 3.106793 -0.000974
v -0.235362 3.102430 -0.002912
v -0.206920 3.080357 -0.008569
v -0.164172 3.030948 -0.017072
v -0.139616 2.985507 -0.021957
v -0.127348 2.952498 -0.024397
v -0.119793 2.926407 -0.025900
v -0.117242 2.900000 -0.026407
v -0.119793 2.873593 -0.025900
v -0.127348 2.848200 -0.024397
v -0.139616 2.824799 -0.021957
v -0.156126 2.804287 -0.018673
v -0.176244 2.787453 -0.014671
v -0.199196 2.774945 -0.010106
v -0.224100 2.767242 -0.005152
v -0.245008 3.106793 0.000000
v -0.235075 3.102430 0.000000
v -0.206076 3.080357 0.000000
v -0.162491 3.030948 0.000000
v -0.137454 2.985507 0.000000
v -0.124945 2.952498 0.000000
v -0.117242 2.926407 0.000000
v -0.114642 2.900000 0.000000
v -0.117242 2.873593 0.000000
v -0.124945 2.848200 0.000000
v -0.137454 2.824799 0.000000
v -0.154287 2.804287 0.000000
v -0.174799 2.787453 0.000000
v -0.198201 2.774945 0.000000
v -0.223593 2.767242 0.000000
v -0.245104 3.106793 0.000974
v -0.235362 3.102430 0.002912
v -0.206920 3.080357 0.008569
v -0.164172 3.030948 0.017072
v -0.139616 2.985507 0.021957
v -0.127348 2.952498 0.024397
v -0.119793 2.926407 0.025900
v -0.117242 2.900000 0.026407
v -0.119793 2.873593 0.025900
v -0.127348 2.848200 0.024397
v -0.139616 2.824799 0.021957
v -0.156126 2.804287 0.018673
v -0.176244 2.787453 0.014671
v -0.199196 2.774945 0.010106
v -0.224100 2.767242 0.005152
v -0.245388 3.106793 0.001910
v -0.236211 3.102430 0.005711
v -0.209420 3.080357 0.016809
v -0.169152 3.030948 0.033488
v -0.146021 2.985507 0.043070
v -0.134464 2.952498 0.047856
v -0.127348 2.926407 0.050804
v -0.124945 2.900000 0.051799
v -0.127348 2.873593 0.050804
v -0.134464 2.848200 0.047856
v -0.146021 2.824799 0.043070
v -0.161573 2.804287 0.036628
v -0.180523 2.787453 0.028778
v -0.202144 2.774945 0.019823
v -0.225603 2.767242 0.010106
v -0.245849 3.106793 0.002773
v -0.237591 3.102430 0.008292
v -0.213479 3.080357 0.024403
v -0.177239 3.030948 0.048617
v -0.156421 2.985507 0.062527
v -0.146021 2.952498 0.069477
v -0.139616 2.926407 0.073756
v -0.137454 2.900000 0.075201
v -0.139616 2.873593 0.073756
v -0.146021 2.848200 0.069477
v -0.156421 2.824799 0.062527
v -0.170418 2.804287 0.053175
v -0.187473 2.787453 0.041780
v -0.206930 2.774945 0.028778
v -0.228043 2.767242 0.014671
v -0.246470 3.106793 0.003530
v -0.239447 3.102430 0.010553
v -0.218941 3.080357 0.031059
v -0.188122 3.030948 0.061878
v -0.170418 2.985507 0.079582
v -0.161573 2.952498 0.088427
v -0.156126 2.926407 0.093874
v -0.154287 2.900000 0.095713
v -0.156126 2.873593 0.093874
v -0.161573 2.848200 0.088427
v -0.170418 2.824799 0.079582
v -0.182321 2.804287 0.067679
v -0.196825 2.787453 0.053175
v -0.213372 2.774945 0.036628
v -0.231327 2.767242 0.018673
v -0.250000 2.764641 0.000000
v -0.247226 3.106793 0.004151
v -0.241708 3.102430 0.012409
v -0.225597 3.080357 0.036521
v -0.201383 3.030948 0.072761
v -0.187473 2.985507 0.093579
v -0.180523 2.952498 0.103979
v -0.176244 2.926407 0.110384
v -0.174799 2.900000 0.112546
v -0.176244 2.873593 0.110384
v -0.180523 2.848200 0.103979
v -0.187473 2.824799 0.093579
v -0.196825 2.804287 0.079582
v -0.208221 2.787453 0.062527
v -0.221222 2.774945 0.043070
v -0.235329 2.767242 0.021957
v -0.248090 3.106793 0.004612
v -0.244289 3.102430 0.013789
v -0.233191 3.080357 0.040580
v -0.216512 3.030948 0.080848
v -0.206930 2.985507 0.103979
v -0.202144 2.952498 0.115536
v -0.199196 2.926407 0.122652
v -0.198201 2.900000 0.125055
v -0.199196 2.873593 0.122652
v -0.202144 2.848200 0.115536
v -0.206930 2.824799 0.103979
v -0.213372 2.804287 0.088427
v -0.221222 2.787453 0.069477
v -0.230177 2.774945 0.047856
v -0.239894 2.767242 0.024397
v -0.249026 3.106793 0.004896
v -0.247088 3.102430 0.014638
v -0.241431 3.080357 0.043080
v -0.232928 3.030948 0.085828
v -0.228043 2.985507 0.110384
v -0.225603 2.952498 0.122652
v -0.224100 2.926407 0.130207
v -0.223593 2.900000 0.132758
v -0.224100 2.873593 0.130207
v -0.225603 2.848200 0.122652
v -0.228043 2.824799 0.110384
v -0.231327 2.804287 0.093874
v -0.235329 2.787453 0.073756
v -0.239894 2.774945 0.050804
v -0.244848 2.767242 0.025900
v -0.250000 3.106793 0.004992
v -0.250000 3.102430 0.014925
v -0.250000 3.080357 0.043924
v -0.250000 3.030948 0.087509
v -0.250000 2.985507 0.112546
v -0.250000 2.952498 0.125055
v -0.250000 2.926407 0.132758
v -0.250000 2.900000 0.135358
v -0.250000 2.873593 0.132758
v -0.250000 2.848200 0.125055
v -0.250000 2.824799 0.112546
v -0.250000 2.804287 0.095713
v -0.250000 2.787453 0.075201
v -0.250000 2.774945 0.051799
v -0.250000 2.767242 0.026407
v -0.250974 3.106793 0.004896
v -0.252912 3.102430 0.014638
v -0.258569 3.080357 0.043080
v -0.267072 3.030948 0.085828
v -0.271957 2.985507 0.110384
v -0.274397 2.952498 0.122652
v -0.275900 2.926407 0.130207
v -0.276407 2.900000 0.132758
v -0.275900 2.873593 0.130207
v -0.274397 2.848200 0.122652
v -0.271957 2.824799 0.110384
v -0.268673 2.804287 0.093874
v -0.264671 2.787453 0.073756
v -0.260106 2.774945 0.050804
v -0.255152 2.767242 0.025900
v -0.251910 3.106793 0.004612
v -0.255711 3.102430 0.013789
v -0.266809 3.080357 0.040580
v -0.283488 3.030948 0.080848
v -0.293070 2.985507 0.103979
v -0.297856 2.952498 0.115536
v -0.300804 2.926407 0.122652
v -0.301799 2.900000 0.125055
v -0.300804 2.873593 0.122652
v -0.297856 2.848200 0.115536
v -0.293070 2.824799 0.103979
v -0.286628 2.804287 0.088427
v -0.278778 2.787453 0.069477
v -0.269823 2.774945 0.047856
v -0.260106 2.767242 0.024397
v -0.252773 3.106793 0.004151
v -0.258292 3.102430 0.012409
v -0.274403 3.080357 0.036521
v -0.298617 3.030948 0.072761
v -0.312527 2.985507 0.093579
v -0.319477 2.952498 0.103979
v -0.323756 2.926407 0.110384
v -0.325201 2.900000 0.112546
v -0.323756 2.873593 0.110384
v -0.319477 2.848200 0.103979
v -0.312527 2.824799 0.093579
v -0.303175 2.804287 0.079582
v -0.291780 2.787453 0.062527
v -0.278778 2.774945 0.043070
v -0.264671 2.767242 0.021957
v -0.253530 3.106793 0.003530
v -0.260553 3.102430 0.010553
v -0.281059 3.080357 0.031059
v -0.311878 3.030948 0.061878
v -0.329582 2.985507 0.079582
v -0.338427 2.952498 0.088427
v -0.343874 2.926407 0.093874
v -0.345713 2.900000 0.095713
v -0.343874 2.873593 0.093874
v -0.338427 2.848200 0.088427
v -0.329582 2.824799 0.079582
v -0.317679 2.804287 0.067679
v -0.303175 2.787453 0.053175
v -0.286628 2.774945 0.036628
v -0.268673 2.767242 0.018673
v -0.254151 3.106793 0.002773
v -0.262409 3.102430 0.008292
v -0.286521 3.080357 0.024403
v -0.322761 3.030948 0.048617
v -0.343579 2.985507 0.062527
v -0.353979 2.952498 0.069477
v -0.360384 2.926407 0.073756
v -0.362546 2.900000 0.075201
v -0.360384 2.873593 0.073756
v -0.353979 2.848200 0.069477
v -0.343579 2.824799 0.062527
v -0.329582 2.804287 0.053175
v -0.312527 2.787453 0.041779
v -0.293070 2.774945 0.028778
v -0.271957 2.767242 0.014671
v -0.254612 3.106793 0.001910
v -0.263789 3.102430 0.005711
v -0.290580 3.080357 0.016809
v -0.330848 3.030948 0.033488
v -0.353979 2.985507 0.043070
v -0.365536 2.952498 0.047856
v -0.372652 2.926407 0.050804
v -0.375055 2.900000 0.051799
v -0.372652 2.873593 0.050804
v -0.365536 2.848200 0.047856
v -0.353979 2.824799 0.043070
v -0.338427 2.804287 0.036628
v -0.319477 2.787453 0.028778
v -0.297856 2.774945 0.019823
v -0.274397 2.767242 0.010106
v -0.254896 3.106793 0.000974
v -0.264638 3.102430 0.002912
v -0.293080 3.080357 0.008569
v -0.335828 3.030948 0.017072
v -0.360384 2.985507 0.021957
v -0.372652 2.952498 0.024397
v -0.380207 2.926407 0.025900
v -0.382757 2.900000 0.026407
v -0.380207 2.873593 0.025900
v -0.372652 2.848200 0.024397
v -0.360384 2.824799 0.021957
v -0.343874 2.804287 0.018673
v -0.323756 2.787453 0.014671
v -0.300804 2.774945 0.010106
v -0.275900 2.767242 0.005152
v -0.254992 3.106793 0.000000
v -0.264925 3.102430 0.000000
v -0.337509 3.030948 0.000000
v -0.375055 2.952498 0.000000
v -0.375055 2.848200 0.000000
v -0.345713 2.804287 0.000000
v -0.325201 2.787453 -0.000000
v -0.301799 2.774945 0.000000
v -0.276407 2.767242 0.000000
v -0.043924 2.623196 -0.000000
v -0.112546 2.528346 0.000000
v -0.132758 2.469246 0.000000
v -0.135359 2.442839 0.000000
v -0.132758 2.416431 0.000000
v -0.112546 2.367638 0.000000
v -0.004896 2.649632 -0.000974
v -0.014638 2.645269 -0.002912
v -0.043080 2.623196 -0.008569
v -0.085828 2.573787 -0.017072
v -0.110384 2.528346 -0.021957
v -0.122652 2.495337 -0.024397
v -0.130207 2.469246 -0.025900
v -0.132758 2.442839 -0.026407
v -0.130207 2.416431 -0.025900
v -0.122652 2.391039 -0.024397
v -0.110384 2.367638 -0.021957
v -0.093874 2.347126 -0.018673
v -0.073756 2.330292 -0.014671
v -0.050804 2.317784 -0.010106
v -0.025900 2.310081 -0.005152
v -0.004612 2.649632 -0.001910
v -0.013789 2.645269 -0.005711
v -0.040580 2.623196 -0.016809
v -0.080848 2.573787 -0.033488
v -0.103979 2.528346 -0.043070
v -0.115536 2.495337 -0.047856
v -0.122652 2.469246 -0.050804
v -0.125055 2.442839 -0.051799
v -0.122652 2.416431 -0.050804
v -0.115536 2.391039 -0.047856
v -0.103979 2.367638 -0.043070
v -0.088427 2.347126 -0.036628
v -0.069477 2.330292 -0.028778
v -0.047856 2.317784 -0.019823
v -0.024397 2.310081 -0.010106
v -0.004151 2.649632 -0.002773
v -0.012409 2.645269 -0.008292
v -0.036521 2.623196 -0.024403
v -0.072761 2.573787 -0.048617
v -0.093579 2.528346 -0.062527
v -0.103979 2.495337 -0.069477
v -0.110384 2.469246 -0.073756
v -0.112546 2.442839 -0.075201
v -0.110384 2.416431 -0.073756
v -0.103979 2.391039 -0.069477
v -0.093579 2.367638 -0.062527
v -0.079582 2.347126 -0.053175
v -0.062527 2.330292 -0.041780
v -0.043070 2.317784 -0.028778
v -0.021957 2.310081 -0.014671
v -0.003530 2.649632 -0.003530
v -0.010553 2.645269 -0.010553
v -0.031059 2.623196 -0.031059
v -0.061878 2.573787 -0.061878
v -0.079582 2.528346 -0.079582
v -0.088427 2.495337 -0.088427
v -0.093874 2.469246 -0.093874
v -0.095713 2.442839 -0.095713
v -0.093874 2.416431 -0.093874
v -0.088427 2.391039 -0.088427
v -0.079582 2.367638 -0.079582
v -0.067679 2.347126 -0.067679
v -0.053175 2.330292 -0.053175
v -0.036628 2.317784 -0.036628
v -0.018673 2.310081 -0.018673
v -0.002773 2.649632 -0.004151
v -0.008292 2.645269 -0.012409
v -0.024403 2.623196 -0.036521
v -0.048617 2.573787 -0.072761
v -0.062527 2.528346 -0.093579
v -0.069477 2.495337 -0.103979
v -0.073756 2.469246 -0.110384
v -0.075201 2.442839 -0.112546
v -0.073756 2.416431 -0.110384
v -0.069477 2.391039 -0.103979
v -0.062527 2.367638 -0.093579
v -0.053175 2.347126 -0.079582
v -0.041780 2.330292 -0.062527
v -0.028778 2.317784 -0.043070
v -0.014671 2.310081 -0.021957
v 0.000000 2.650124 -0.000000
v -0.001910 2.649632 -0.004612
v -0.005711 2.645269 -0.013789
v -0.016809 2.623196 -0.040580
v -0.033488 2.573787 -0.080848
v -0.043070 2.528346 -0.103979
v -0.047856 2.495337 -0.115536
v -0.050804 2.469246 -0.122652
v -0.051799 2.442839 -0.125055
v -0.050804 2.416431 -0.122652
v -0.047856 2.391039 -0.115536
v -0.043070 2.367638 -0.103979
v -0.036628 2.347126 -0.088427
v -0.028778 2.330292 -0.069477
v -0.019823 2.317784 -0.047856
v -0.010106 2.310081 -0.024397
v -0.000974 2.649632 -0.004896
v -0.002912 2.645269 -0.014638
v -0.008569 2.623196 -0.043080
v -0.017072 2.573787 -0.085828
v -0.021957 2.528346 -0.110384
v -0.024397 2.495337 -0.122652
v -0.025900 2.469246 -0.130207
v -0.026407 2.442839 -0.132758
v -0.025900 2.416431 -0.130207
v -0.024397 2.391039 -0.122652
v -0.021957 2.367638 -0.110384
v -0.018673 2.347126 -0.093874
v -0.014671 2.330292 -0.073756
v -0.010106 2.317784 -0.050804
v -0.005152 2.310081 -0.025900
v 0.000000 2.649632 -0.004992
v 0.000000 2.645269 -0.014925
v 0.000000 2.623196 -0.043924
v -0.000000 2.573787 -0.087509
v 0.000000 2.528346 -0.112546
v -0.000000 2.495337 -0.125055
v 0.000000 2.469246 -0.132758
v 0.000000 2.442839 -0.135358
v 0.000000 2.416431 -0.132758
v -0.000000 2.391039 -0.125055
v 0.000000 2.367638 -0.112546
v -0.000000 2.347126 -0.095713
v 0.000000 2.330292 -0.075201
v 0.000000 2.317784 -0.051799
v 0.000000 2.310081 -0.026407
v 0.000974 2.649632 -0.004896
v 0.002912 2.645269 -0.014638
v 0.008569 2.623196 -0.043080
v 0.017072 2.573787 -0.085828
v 0.021957 2.528346 -0.110384
v 0.024397 2.495337 -0.122652
v 0.025900 2.469246 -0.130207
v 0.026407 2.442839 -0.132758
v 0.025900 2.416431 -0.130207
v 0.024397 2.391039 -0.122652
v 0.021957 2.367638 -0.110384
v 0.018673 2.347126 -0.093874
v 0.014671 2.330292 -0.073756
v 0.010106 2.317784 -0.050804
v 0.005152 2.310081 -0.025900
v 0.001910 2.649632 -0.004612
v 0.005711 2.645269 -0.013789
v 0.016809 2.623196 -0.040580
v 0.033488 2.573787 -0.080848
v 0.043070 2.528346 -0.103979
v 0.047856 2.495337 -0.115536
v 0.050804 2.469246 -0.122652
v 0.051799 2.442839 -0.125055
v 0.050804 2.416431 -0.122652
v 0.047856 2.391039 -0.115536
v 0.043070 2.367638 -0.103979
v 0.036628 2.347126 -0.088427
v 0.028778 2.330292 -0.069477
v 0.019823 2.317784 -0.047856
v 0.010106 2.310081 -0.024397
v 0.002774 2.649632 -0.004151
v 0.008292 2.645269 -0.012409
v 0.024403 2.623196 -0.036521
v 0.048617 2.573787 -0.072761
v 0.062527 2.528346 -0.093579
v 0.069477 2.495337 -0.103979
v 0.073756 2.469246 -0.110384
v 0.075201 2.442839 -0.112546
v 0.073756 2.416431 -0.110384
v 0.069477 2.391039 -0.103979
v 0.062527 2.367638 -0.093579
v 0.053175 2.347126 -0.079582
v 0.041780 2.330292 -0.062527
v 0.028778 2.317784 -0.043070
v 0.014671 2.310081 -0.021957
v 0.003530 2.649632 -0.003530
v 0.010553 2.645269 -0.010553
v 0.031059 2.623196 -0.031059
v 0.061878 2.573787 -0.061878
v 0.079582 2.528346 -0.079582
v 0.088427 2.495337 -0.088427
v 0.093874 2.469246 -0.093874
v 0.095713 2.442839 -0.095713
v 0.093874 2.416431 -0.093874
v 0.088427 2.391039 -0.088427
v 0.079582 2.367638 -0.079582
v 0.067679 2.347126 -0.067679
v 0.053175 2.330292 -0.053175
v 0.036628 2.317784 -0.036628
v 0.018673 2.310081 -0.018673
v 0.004151 2.649632 -0.002773
v 0.012409 2.645269 -0.008292
v 0.036521 2.623196 -0.024403
v 0.072761 2.573787 -0.048617
v 0.093579 2.528346 -0.062527
v 0.103979 2.495337 -0.069477
v 0.110384 2.469246 -0.073756
v 0.112546 2.442839 -0.075201
v 0.110384 2.416431 -0.073756
v 0.103979 2.391039 -0.069477
v 0.093579 2.367638 -0.062527
v 0.079582 2.347126 -0.053175
v 0.062527 2.330292 -0.041780
v 0.043070 2.317784 -0.028778
v 0.021957 2.310081 -0.014671
v 0.004612 2.649632 -0.001910
v 0.013789 2.645269 -0.005711
v 0.040580 2.623196 -0.016809
v 0.080848 2.573787 -0.033488
v 0.103979 2.528346 -0.043070
v 0.115536 2.495337 -0.047856
v 0.122652 2.469246 -0.050804
v 0.125055 2.442839 -0.051799
v 0.122652 2.416431 -0.050804
v 0.115536 2.391039 -0.047856
v 0.103979 2.367638 -0.043070
v 0.088427 2.347126 -0.036628
v 0.069477 2.330292 -0.028778
v 0.047856 2.317784 -0.019823
v 0.024397 2.310081 -0.010106
v 0.004896 2.649632 -0.000974
v 0.014638 2.645269 -0.002912
v 0.043080 2.623196 -0.008569
v 0.085828 2.573787 -0.017072
v 0.110384 2.528346 -0.021957
v 0.122652 2.495337 -0.024397
v 0.130207 2.469246 -0.025900
v 0.132758 2.442839 -0.026407
v 0.130207 2.416431 -0.025900
v 0.122652 2.391039 -0.024397
v 0.110384 2.367638 -0.021957
v 0.093874 2.347126 -0.018673
v 0.073756 2.330292 -0.014671
v 0.050804 2.317784 -0.010106
v 0.025900 2.310081 -0.005152
v 0.004992 2.649632 -0.000000
v 0.014925 2.645269 -0.000000
v 0.043924 2.623196 0.000000
v 0.087509 2.573787 -0.000000
v 0.112546 2.528346 0.000000
v 0.125055 2.495337 -0.000000
v 0.132758 2.469246 0.000000
v 0.135358 2.442839 0.000000
v 0.132758 2.416431 0.000000
v 0.125055 2.391039 -0.000000
v 0.112546 2.367638 0.000000
v 0.095713 2.347126 -0.000000
v 0.075201 2.330292 0.000000
v 0.051799 2.317784 0.000000
v 0.026407 2.310081 -0.000000
v 0.004896 2.649632 0.000974
v 0.014638 2.645269 0.002912
v 0.043080 2.623196 0.008569
v 0.085828 2.573787 0.017072
v 0.110384 2.528346 0.021957
v 0.122652 2.495337 0.024397
v 0.130207 2.469246 0.025900
v 0.132758 2.442839 0.026407
v 0.130207 2.416431 0.025900
v 0.122652 2.391039 0.024397
v 0.110384 2.367638 0.021957
v 0.093874 2.347126 0.018673
v 0.073756 2.330292 0.014671
v 0.050804 2.317784 0.010106
v 0.025900 2.310081 0.005152
v 0.004612 2.649632 0.001910
v 0.013789 2.645269 0.005711
v 0.040580 2.623196 0.016809
v 0.080848 2.573787 0.033488
v 0.103979 2.528346 0.043070
v 0.115536 2.495337 0.047856
v 0.122652 2.469246 0.050804
v 0.125055 2.442839 0.051799
v 0.122652 2.416431 0.050804
v 0.115536 2.391039 0.047856
v 0.103979 2.367638 0.043070
v 0.088427 2.347126 0.036628
v 0.069477 2.330292 0.028778
v 0.047856 2.317784 0.019823
v 0.024397 2.310081 0.010106
v 0.004151 2.649632 0.002773
v 0.012409 2.645269 0.008292
v 0.036521 2.623196 0.024403
v 0.072761 2.573787 0.048617
v 0.093579 2.528346 0.062527
v 0.103979 2.495337 0.069477
v 0.110384 2.469246 0.073756
v 0.112546 2.442839 0.075201
v 0.110384 2.416431 0.073756
v 0.103979 2.391039 0.069477
v 0.093579 2.367638 0.062527
v 0.079582 2.347126 0.053175
v 0.062527 2.330292 0.041780
v 0.043070 2.317784 0.028778
v 0.021957 2.310081 0.014671
v 0.003530 2.649632 0.003530
v 0.010553 2.645269 0.010553
v 0.031059 2.623196 0.031059
v 0.061878 2.573787 0.061878
v 0.079582 2.528346 0.079582
v 0.088427 2.495337 0.088427
v 0.093874 2.469246 0.093874
v 0.095713 2.442839 0.095713
v 0.093874 2.416431 0.093874
v 0.088427 2.391039 0.088427
v 0.079582 2.367638 0.079582
v 0.067679 2.347126 0.067679
v 0.053175 2.330292 0.053175
v 0.036628 2.317784 0.036628
v 0.018673 2.310081 0.018673
v 0.000000 2.307480 0.000000
v 0.002774 2.649632 0.004151
v 0.008292 2.645269 0.012409
v 0.024403 2.623196 0.036521
v 0.048617 2.573787 0.072761
v 0.062527 2.528346 0.093579
v 0.069477 2.495337 0.103979
v 0.073756 2.469246 0.110384
v 0.075201 2.442839 0.112546
v 0.073756 2.416431 0.110384
v 0.069477 2.391039 0.103979
v 0.062527 2.367638 0.093579
v 0.053175 2.347126 0.079582
v 0.041779 2.330292 0.062527
v 0.028778 2.317784 0.043070
v 0.014671 2.310081 0.021957
v 0.001910 2.649632 0.004612
v 0.005711 2.645269 0.013789
v 0.016809 2.623196 0.040580
v 0.033488 2.573787 0.080848
v 0.043070 2.528346 0.103979
v 0.047856 2.495337 0.115536
v 0.050804 2.469246 0.122652
v 0.051799 2.442839 0.125055
v 0.050804 2.416431 0.122652
v 0.047856 2.391039 0.115536
v 0.043070 2.367638 0.103979
v 0.036628 2.347126 0.088427
v 0.028778 2.330292 0.069477
v 0.019823 2.317784 0.047856
v 0.010106 2.310081 0.024397
v 0.000974 2.649632 0.004896
v 0.002912 2.645269 0.014638
v 0.008569 2.623196 0.043080
v 0.017072 2.573787 0.085828
v 0.021957 2.528346 0.110384
v 0.024397 2.495337 0.122652
v 0.025900 2.469246 0.130207
v 0.026407 2.442839 0.132758
v 0.025900 2.416431 0.130207
v 0.024397 2.391039 0.122652
v 0.021957 2.367638 0.110384
v 0.018673 2.347126 0.093874
v 0.014671 2.330292 0.073756
v 0.010106 2.317784 0.050804
v 0.005152 2.310081 0.025900
v 0.000000 2.649632 0.004992
v 0.000000 2.645269 0.014925
v 0.000000 2.623196 0.043924
v 0.000000 2.573787 0.087509
v -0.000000 2.528346 0.112546
v 0.000000 2.495337 0.125055
v -0.000000 2.469246 0.132758
v -0.000000 2.442839 0.135358
v -0.000000 2.416431 0.132758
v 0.000000 2.391039 0.125055
v -0.000000 2.367638 0.112546
v 0.000000 2.347126 0.095713
v -0.000000 2.330292 0.075201
v -0.000000 2.317784 0.051799
v -0.000000 2.310081 0.026407
v -0.000974 2.649632 0.004896
v -0.002912 2.645269 0.014638
v -0.008569 2.623196 0.043080
v -0.017072 2.573787 0.085828
v -0.021957 2.528346 0.110384
v -0.024397 2.495337 0.122652
v -0.025900 2.469246 0.130207
v -0.026407 2.442839 0.132757
v -0.025900 2.416431 0.130207
v -0.024397 2.391039 0.122652
v -0.021957 2.367638 0.110384
v -0.018673 2.347126 0.093874
v -0.014671 2.330292 0.073756
v -0.010106 2.317784 0.050804
v -0.005152 2.310081 0.025900
v -0.001910 2.649632 0.004612
v -0.005711 2.645269 0.013789
v -0.016809 2.623196 0.040580
v -0.033488 2.573787 0.080848
v -0.043070 2.528346 0.103979
v -0.047856 2.495337 0.115536
v -0.050804 2.469246 0.122652
v -0.051799 2.442839 0.125055
v -0.050804 2.416431 0.122652
v -0.047856 2.391039 0.115536
v -0.043070 2.367638 0.103979
v -0.036628 2.347126 0.088427
v -0.028778 2.330292 0.069477
v -0.019823 2.317784 0.047856
v -0.010106 2.310081 0.024397
v -0.002773 2.649632 0.004151
v -0.008292 2.645269 0.012409
v -0.024403 2.623196 0.036521
v -0.048617 2.573787 0.072761
v -0.062527 2.528346 0.093579
v -0.069477 2.495337 0.103979
v -0.073756 2.469246 0.110384
v -0.075201 2.442839 0.112546
v -0.073756 2.416431 0.110384
v -0.069477 2.391039 0.103979
v -0.062527 2.367638 0.093579
v -0.053175 2.347126 0.079582
v -0.041780 2.330292 0.062527
v -0.028778 2.317784 0.043070
v -0.014671 2.310081 0.021957
v -0.003530 2.649632 0.003530
v -0.010553 2.645269 0.010553
v -0.031059 2.623196 0.031059
v -0.061878 2.573787 0.061878
v -0.079582 2.528346 0.079582
v -0.088427 2.495337 0.088427
v -0.093874 2.469246 0.093874
v -0.095713 2.442839 0.095713
v -0.093874 2.416431 0.093874
v -0.088427 2.391039 0.088427
v -0.079582 2.367638 0.079582
v -0.067679 2.347126 0.067679
v -0.053175 2.330292 0.053175
v -0.036628 2.317784 0.036628
v -0.018673 2.310081 0.018673
v -0.004151 2.649632 0.002773
v -0.012409 2.645269 0.008292
v -0.036521 2.623196 0.024403
v -0.072761 2.573787 0.048617
v -0.093579 2.528346 0.062527
v -0.103979 2.495337 0.069477
v -0.110384 2.469246 0.073756
v -0.112546 2.442839 0.075201
v -0.110384 2.416431 0.073756
v -0.103979 2.391039 0.069477
v -0.093579 2.367638 0.062527
v -0.079582 2.347126 0.053175
v -0.062527 2.330292 0.041779
v -0.043070 2.317784 0.028778
v -0.021957 2.310081 0.014671
v -0.004612 2.649632 0.001910
v -0.013789 2.645269 0.005711
v -0.040580 2.623196 0.016809
v -0.080848 2.573787 0.033488
v -0.103979 2.528346 0.043070
v -0.115536 2.495337 0.047856
v -0.122652 2.469246 0.050804
v -0.125055 2.442839 0.051799
v -0.122652 2.416431 0.050804
v -0.115536 2.391039 0.047856
v -0.103979 2.367638 0.043070
v -0.088427 2.347126 0.036628
v -0.069477 2.330292 0.028778
v -0.047856 2.317784 0.019823
v -0.024397 2.310081 0.010106
v -0.004896 2.649632 0.000974
v -0.014638 2.645269 0.002912
v -0.043080 2.623196 0.008569
v -0.085828 2.573787 0.017072
v -0.110384 2.528346 0.021957
v -0.122652 2.495337 0.024397
v -0.130207 2.469246 0.025900
v -0.132757 2.442839 0.026407
v -0.130207 2.416431 0.025900
v -0.122652 2.391039 0.024397
v -0.110384 2.367638 0.021957
v -0.093874 2.347126 0.018673
v -0.073756 2.330292 0.014671
v -0.050804 2.317784 0.010106
v -0.025900 2.310081 0.005152
v -0.004992 2.649632 -0.000000
v -0.014925 2.645269 -0.000000
v -0.087509 2.573787 -0.000000
v -0.125055 2.495337 -0.000000
v -0.125055 2.391039 -0.000000
v -0.095713 2.347126 -0.000000
v -0.075201 2.330292 -0.000000
v -0.051799 2.317784 -0.000000
v -0.026407 2.310081 -0.000000
v 0.206076 3.080357 -0.000000
v 0.137454 2.985507 -0.000000
v 0.117242 2.926407 -0.000000
v 0.114641 2.900000 -0.000000
v 0.117242 2.873593 -0.000000
v 0.137454 2.824799 -0.000000
v 0.245104 3.106793 -0.000974
v 0.235362 3.102430 -0.002912
v 0.206920 3.080357 -0.008569
v 0.164172 3.030948 -0.017072
v 0.139616 2.985507 -0.021957
v 0.127348 2.952498 -0.024397
v 0.119793 2.926407 -0.025900
v 0.117242 2.900000 -0.026407
v 0.119793 2.873593 -0.025900
v 0.127348 2.848200 -0.024397
v 0.139616 2.824799 -0.021957
v 0.156126 2.804287 -0.018673
v 0.176244 2.787453 -0.014671
v 0.199196 2.774945 -0.010106
v 0.224100 2.767242 -0.005152
v 0.245388 3.106793 -0.001910
v 0.236211 3.102430 -0.005711
v 0.209420 3.080357 -0.016809
v 0.169152 3.030948 -0.033488
v 0.146021 2.985507 -0.043070
v 0.134464 2.952498 -0.047856
v 0.127348 2.926407 -0.050804
v 0.124945 2.900000 -0.051799
v 0.127348 2.873593 -0.050804
v 0.134464 2.848200 -0.047856
v 0.146021 2.824799 -0.043070
v 0.161573 2.804287 -0.036628
v 0.180523 2.787453 -0.028778
v 0.202144 2.774945 -0.019823
v 0.225603 2.767242 -0.010106
v 0.245849 3.106793 -0.002773
v 0.237591 3.102430 -0.008292
v 0.213479 3.080357 -0.024403
v 0.177239 3.030948 -0.048618
v 0.156421 2.985507 -0.062527
v 0.146021 2.952498 -0.069477
v 0.139616 2.926407 -0.073756
v 0.137454 2.900000 -0.075201
v 0.139616 2.873593 -0.073756
v 0.146021 2.848200 -0.069477
v 0.156421 2.824799 -0.062527
v 0.170418 2.804287 -0.053175
v 0.187473 2.787453 -0.041780
v 0.206930 2.774945 -0.028778
v 0.228043 2.767242 -0.014671
v 0.246470 3.106793 -0.003530
v 0.239447 3.102430 -0.010553
v 0.218941 3.080357 -0.031059
v 0.188122 3.030948 -0.061878
v 0.170418 2.985507 -0.079582
v 0.161573 2.952498 -0.088427
v 0.156126 2.926407 -0.093874
v 0.154287 2.900000 -0.095713
v 0.156126 2.873593 -0.093874
v 0.161573 2.848200 -0.088427
v 0.170418 2.824799 -0.079582
v 0.182321 2.804287 -0.067679
v 0.196825 2.787453 -0.053175
v 0.213372 2.774945 -0.036628
v 0.231327 2.767242 -0.018673
v 0.247227 3.106793 -0.004151
v 0.241708 3.102430 -0.012409
v 0.225597 3.080357 -0.036521
v 0.201383 3.030948 -0.072761
v 0.187473 2.985507 -0.093579
v 0.180523 2.952498 -0.103979
v 0.176244 2.926407 -0.110384
v 0.174799 2.900000 -0.112546
v 0.176244 2.873593 -0.110384
v 0.180523 2.848200 -0.103979
v 0.187473 2.824799 -0.093579
v 0.196825 2.804287 -0.079582
v 0.208220 2.787453 -0.062527
v 0.221222 2.774945 -0.043070
v 0.235329 2.767242 -0.021957
v 0.250000 3.107285 -0.000000
v 0.248090 3.106793 -0.004612
v 0.244289 3.102430 -0.013789
v 0.233191 3.080357 -0.040580
v 0.216512 3.030948 -0.080848
v 0.206930 2.985507 -0.103979
v 0.202144 2.952498 -0.115536
v 0.199196 2.926407 -0.122652
v 0.198201 2.900000 -0.125055
v 0.199196 2.873593 -0.122652
v 0.202144 2.848200 -0.115536
v 0.206930 2.824799 -0.103979
v 0.213372 2.804287 -0.088427
v 0.221222 2.787453 -0.069477
v 0.230177 2.774945 -0.047856
v 0.239894 2.767242 -0.024397
v 0.249026 3.106793 -0.004896
v 0.247088 3.102430 -0.014638
v 0.241431 3.080357 -0.043080
v 0.232928 3.030948 -0.085828
v 0.228043 2.985507 -0.110384
v 0.225603 2.952498 -0.122652
v 0.224100 2.926407 -0.130207
v 0.223593 2.900000 -0.132758
v 0.224100 2.873593 -0.130207
v 0.225603 2.848200 -0.122652
v 0.228043 2.824799 -0.110384
v 0.231327 2.804287 -0.093874
v 0.235329 2.787453 -0.073756
v 0.239894 2.774945 -0.050804
v 0.244848 2.767242 -0.025900
v 0.250000 3.106793 -0.004992
v 0.250000 3.102430 -0.014925
v 0.250000 3.080357 -0.043924
v 0.250000 3.030948 -0.087509
v 0.250000 2.985507 -0.112546
v 0.250000 2.952498 -0.125055
v 0.250000 2.926407 -0.132758
v 0.250000 2.900000 -0.135358
v 0.250000 2.873593 -0.132758
v 0.250000 2.848200 -0.125055
v 0.250000 2.824799 -0.112546
v 0.250000 2.804287 -0.095713
v 0.250000 2.787453 -0.075201
v 0.250000 2.774945 -0.051799
v 0.250000 2.767242 -0.026407
v 0.250974 3.106793 -0.004896
v 0.252912 3.102430 -0.014638
v 0.258569 3.080357 -0.043080
v 0.267072 3.030948 -0.085828
v 0.271957 2.985507 -0.110384
v 0.274397 2.952498 -0.122652
v 0.275900 2.926407 -0.130207
v 0.276407 2.900000 -0.132758
v 0.275900 2.873593 -0.130207
v 0.274397 2.848200 -0.122652
v 0.271957 2.824799 -0.110384
v 0.268673 2.804287 -0.093874
v 0.264671 2.787453 -0.073756
v 0.260106 2.774945 -0.050804
v 0.255152 2.767242 -0.025900
v 0.251910 3.106793 -0.004612
v 0.255711 3.102430 -0.013789
v 0.266809 3.080357 -0.040580
v 0.283488 3.030948 -0.080848
v 0.293070 2.985507 -0.103979
v 0.297856 2.952498 -0.115536
v 0.300804 2.926407 -0.122652
v 0.301799 2.900000 -0.125055
v 0.300804 2.873593 -0.122652
v 0.297856 2.848200 -0.115536
v 0.293070 2.824799 -0.103979
v 0.286628 2.804287 -0.088427
v 0.278778 2.787453 -0.069477
v 0.269823 2.774945 -0.047856
v 0.260106 2.767242 -0.024397
v 0.252773 3.106793 -0.004151
v 0.258292 3.102430 -0.012409
v 0.274403 3.080357 -0.036521
v 0.298617 3.030948 -0.072761
v 0.312527 2.985507 -0.093579
v 0.319477 2.952498 -0.103979
v 0.323756 2.926407 -0.110384
v 0.325201 2.900000 -0.112546
v 0.323756 2.873593 -0.110384
v 0.319477 2.848200 -0.103979
v 0.312527 2.824799 -0.093579
v 0.303175 2.804287 -0.079582
v 0.291780 2.787453 -0.062527
v 0.278778 2.774945 -0.043070
v 0.264671 2.767242 -0.021957
v 0.253530 3.106793 -0.003530
v 0.260553 3.102430 -0.010553
v 0.281059 3.080357 -0.031059
v 0.311878 3.030948 -0.061878
v 0.329582 2.985507 -0.079582
v 0.338427 2.952498 -0.088427
v 0.343874 2.926407 -0.093874
v 0.345713 2.900000 -0.095713
v 0.343874 2.873593 -0.093874
v 0.338427 2.848200 -0.088427
v 0.329582 2.824799 -0.079582
v 0.317679 2.804287 -0.067679
v 0.303175 2.787453 -0.053175
v 0.286628 2.774945 -0.036628
v 0.268673 2.767242 -0.018673
v 0.254151 3.106793 -0.002773
v 0.262409 3.102430 -0.008292
v 0.286521 3.080357 -0.024403
v 0.322761 3.030948 -0.048617
v 0.343579 2.985507 -0.062527
v 0.353979 2.952498 -0.069477
v 0.360384 2.926407 -0.073756
v 0.362546 2.900000 -0.075201
v 0.360384 2.873593 -0.073756
v 0.353979 2.848200 -0.069477
v 0.343579 2.824799 -0.062527
v 0.329582 2.804287 -0.053175
v 0.312527 2.787453 -0.041780
v 0.293070 2.774945 -0.028778
v 0.271957 2.767242 -0.014671
v 0.254612 3.106793 -0.001910
v 0.263789 3.102430 -0.005711
v 0.290580 3.080357 -0.016809
v 0.330848 3.030948 -0.033488
v 0.353979 2.985507 -0.043070
v 0.365536 2.952498 -0.047856
v 0.372652 2.926407 -0.050804
v 0.375055 2.900000 -0.051799
v 0.372652 2.873593 -0.050804
v 0.365536 2.848200 -0.047856
v 0.353979 2.824799 -0.043070
v 0.338427 2.804287 -0.036628
v 0.319477 2.787453 -0.028778
v 0.297856 2.774945 -0.019823
v 0.274397 2.767242 -0.010106
v 0.254896 3.106793 -0.000974
v 0.264638 3.102430 -0.002912
v 0.293080 3.080357 -0.008569
v 0.335828 3.030948 -0.017072
v 0.360384 2.985507 -0.021957
v 0.372652 2.952498 -0.024397
v 0.380207 2.926407 -0.025900
v 0.382758 2.900000 -0.026407
v 0.380207 2.873593 -0.025900
v 0.372652 2.848200 -0.024397
v 0.360384 2.824799 -0.021957
v 0.343874 2.804287 -0.018673
v 0.323756 2.787453 -0.014671
v 0.300804 2.774945 -0.010106
v 0.275900 2.767242 -0.005152
v 0.254992 3.106793 -0.000000
v 0.264925 3.102430 -0.000000
v 0.293924 3.080357 -0.000000
v 0.337509 3.030948 -0.000000
v 0.362546 2.985507 -0.000000
v 0.375055 2.952498 -0.000000
v 0.382758 2.926407 0.000000
v 0.385358 2.900000 0.000000
v 0.382758 2.873593 0.000000
v 0.375055 2.848200 -0.000000
v 0.362546 2.824799 -0.000000
v 0.345713 2.804287 -0.000000
v 0.325201 2.787453 -0.000000
v 0.301799 2.774945 -0.000000
v 0.276407 2.767242 -0.000000
v 0.254896 3.106793 0.000974
v 0.264638 3.102430 0.002912
v 0.293080 3.080357 0.008569
v 0.335828 3.030948 0.017072
v 0.360384 2.985507 0.021957
v 0.372652 2.952498 0.024397
v 0.380207 2.926407 0.025900
v 0.382758 2.900000 0.026407
v 0.380207 2.873593 0.025900
v 0.372652 2.848200 0.024397
v 0.360384 2.824799 0.021957
v 0.343874 2.804287 0.018673
v 0.323756 2.787453 0.014671
v 0.300804 2.774945 0.010106
v 0.275900 2.767242 0.005152
v 0.254612 3.106793 0.001910
v 0.263789 3.102430 0.005711
v 0.290580 3.080357 0.016809
v 0.330848 3.030948 0.033488
v 0.353979 2.985507 0.043070
v 0.365536 2.952498 0.047856
v 0.372652 2.926407 0.050804
v 0.375055 2.900000 0.051799
v 0.372652 2.873593 0.050804
v 0.365536 2.848200 0.047856
v 0.353979 2.824799 0.043070
v 0.338427 2.804287 0.036628
v 0.319477 2.787453 0.028778
v 0.297856 2.774945 0.019823
v 0.274397 2.767242 0.010106
v 0.254151 3.106793 0.002773
v 0.262409 3.102430 0.008292
v 0.286521 3.080357 0.024403
v 0.322761 3.030948 0.048617
v 0.343579 2.985507 0.062527
v 0.353979 2.952498 0.069477
v 0.360384 2.926407 0.073756
v 0.362546 2.900000 0.075201
v 0.360384 2.873593 0.073756
v 0.353979 2.848200 0.069477
v 0.343579 2.824799 0.062527
v 0.329582 2.804287 0.053175
v 0.312527 2.787453 0.041779
v 0.293070 2.774945 0.028778
v 0.271957 2.767242 0.014671
v 0.253530 3.106793 0.003530
v 0.260553 3.102430 0.010553
v 0.281059 3.080357 0.031059
v 0.311878 3.030948 0.061878
v 0.329582 2.985507 0.079582
v 0.338427 2.952498 0.088427
v 0.343874 2.926407 0.093874
v 0.345713 2.900000 0.095713
v 0.343874 2.873593 0.093874
v 0.338427 2.848200 0.088427
v 0.329582 2.824799 0.079582
v 0.317679 2.804287 0.067679
v 0.303175 2.787453 0.053175
v 0.286628 2.774945 0.036628
v 0.268673 2.767242 0.018673
v 0.250000 2.764641 -0.000000
v 0.252773 3.106793 0.004151
v 0.258292 3.102430 0.012409
v 0.274403 3.080357 0.036521
v 0.298617 3.030948 0.072761
v 0.312527 2.985507 0.093579
v 0.319477 2.952498 0.103979
v 0.323756 2.926407 0.110384
v 0.325201 2.900000 0.112546
v 0.323756 2.873593 0.110384
v 0.319477 2.848200 0.103979
v 0.312527 2.824799 0.093579
v 0.303175 2.804287 0.079582
v 0.291779 2.787453 0.062527
v 0.278778 2.774945 0.043070
v 0.264671 2.767242 0.021957
v 0.251910 3.106793 0.004612
v 0.255711 3.102430 0.013789
v 0.266809 3.080357 0.040580
v 0.283488 3.030948 0.080848
v 0.293070 2.985507 0.103979
v 0.297856 2.952498 0.115536
v 0.300804 2.926407 0.122652
v 0.301799 2.900000 0.125055
v 0.300804 2.873593 0.122652
v 0.297856 2.848200 0.115536
v 0.293070 2.824799 0.103979
v 0.286628 2.804287 0.088427
v 0.278778 2.787453 0.069477
v 0.269823 2.774945 0.047856
v 0.260106 2.767242 0.024397
v 0.250974 3.106793 0.004896
v 0.252912 3.102430 0.014638
v 0.258569 3.080357 0.043080
v 0.267072 3.030948 0.085828
v 0.271957 2.985507 0.110384
v 0.274397 2.952498 0.122652
v 0.275900 2.926407 0.130207
v 0.276407 2.900000 0.132757
v 0.275900 2.873593 0.130207
v 0.274397 2.848200 0.122652
v 0.271957 2.824799 0.110384
v 0.268673 2.804287 0.093874
v 0.264671 2.787453 0.073756
v 0.260106 2.774945 0.050804
v 0.255152 2.767242 0.025900
v 0.250000 3.106793 0.004992
v 0.250000 3.102430 0.014925
v 0.250000 3.080357 0.043924
v 0.250000 3.030948 0.087509
v 0.250000 2.985507 0.112546
v 0.250000 2.952498 0.125055
v 0.250000 2.926407 0.132758
v 0.250000 2.900000 0.135358
v 0.250000 2.873593 0.132758
v 0.250000 2.848200 0.125055
v 0.250000 2.824799 0.112546
v 0.250000 2.804287 0.095713
v 0.250000 2.787453 0.075201
v 0.250000 2.774945 0.051799
v 0.250000 2.767242 0.026407
v 0.249026 3.106793 0.004896
v 0.247088 3.102430 0.014638
v 0.241431 3.080357 0.043080
v 0.232928 3.030948 0.085828
v 0.228043 2.985507 0.110384
v 0.225603 2.952498 0.122652
v 0.224100 2.926407 0.130207
v 0.223593 2.900000 0.132757
v 0.224100 2.873593 0.130207
v 0.225603 2.848200 0.122652
v 0.228043 2.824799 0.110384
v 0.231327 2.804287 0.093874
v 0.235329 2.787453 0.073756
v 0.239894 2.774945 0.050804
v 0.244848 2.767242 0.025900
v 0.248090 3.106793 0.004612
v 0.244289 3.102430 0.013789
v 0.233191 3.080357 0.040580
v 0.216512 3.030948 0.080848
v 0.206930 2.985507 0.103979
v 0.202144 2.952498 0.115536
v 0.199196 2.926407 0.122652
v 0.198201 2.900000 0.125055
v 0.199196 2.873593 0.122652
v 0.202144 2.848200 0.115536
v 0.206930 2.824799 0.103979
v 0.213372 2.804287 0.088427
v 0.221222 2.787453 0.069477
v 0.230177 2.774945 0.047856
v 0.239894 2.767242 0.024397
v 0.247227 3.106793 0.004151
v 0.241708 3.102430 0.012409
v 0.225597 3.080357 0.036521
v 0.201383 3.030948 0.072761
v 0.187473 2.985507 0.093579
v 0.180523 2.952498 0.103979
v 0.176244 2.926407 0.110384
v 0.174799 2.900000 0.112546
v 0.176244 2.873593 0.110384
v 0.180523 2.848200 0.103979
v 0.187473 2.824799 0.093579
v 0.196825 2.804287 0.079582
v 0.208220 2.787453 0.062527
v 0.221222 2.774945 0.043070
v 0.235329 2.767242 0.021957
v 0.246470 3.106793 0.003530
v 0.239447 3.102430 0.010553
v 0.218941 3.080357 0.031059
v 0.188122 3.030948 0.061878
v 0.170418 2.985507 0.079582
v 0.161573 2.952498 0.088427
v 0.156126 2.926407 0.093874
v 0.154287 2.900000 0.095713
v 0.156126 2.873593 0.093874
v 0.161573 2.848200 0.088427
v 0.170418 2.824799 0.079582
v 0.182321 2.804287 0.067679
v 0.196825 2.787453 0.053175
v 0.213372 2.774945 0.036628
v 0.231327 2.767242 0.018673
v 0.245849 3.106793 0.002773
v 0.237591 3.102430 0.008292
v 0.213479 3.080357 0.024403
v 0.177239 3.030948 0.048617
v 0.156421 2.985507 0.062527
v 0.146021 2.952498 0.069477
v 0.139616 2.926407 0.073756
v 0.137454 2.900000 0.075201
v 0.139616 2.873593 0.073756
v 0.146021 2.848200 0.069477
v 0.156421 2.824799 0.062527
v 0.170418 2.804287 0.053175
v 0.187473 2.787453 0.041779
v 0.206930 2.774945 0.028778
v 0.228043 2.767242 0.014671
v 0.245388 3.106793 0.001910
v 0.236211 3.102430 0.005711
v 0.209420 3.080357 0.016809
v 0.169152 3.030948 0.033488
v 0.146021 2.985507 0.043070
v 0.134464 2.952498 0.047856
v 0.127348 2.926407 0.050804
v 0.124945 2.900000 0.051799
v 0.127348 2.873593 0.050804
v 0.134464 2.848200 0.047856
v 0.146021 2.824799 0.043070
v 0.161573 2.804287 0.036628
v 0.180523 2.787453 0.028778
v 0.202144 2.774945 0.019823
v 0.225603 2.767242 0.010106
v 0.245104 3.106793 0.000974
v 0.235362 3.102430 0.002912
v 0.206920 3.080357 0.008569
v 0.164172 3.030948 0.017072
v 0.139616 2.985507 0.021957
v 0.127348 2.952498 0.024397
v 0.119793 2.926407 0.025900
v 0.117243 2.900000 0.026407
v 0.119793 2.873593 0.025900
v 0.127348 2.848200 0.024397
v 0.139616 2.824799 0.021957
v 0.156126 2.804287 0.018673
v 0.176244 2.787453 0.014671
v 0.199196 2.774945 0.010106
v 0.224100 2.767242 0.005152
v 0.245008 3.106793 -0.000000
v 0.235075 3.102430 -0.000000
v 0.162491 3.030948 -0.000000
v 0.124945 2.952498 -0.000000
v 0.124945 2.848200 -0.000000
v 0.154287 2.804287 -0.000000
v 0.174799 2.787453 -0.000000
v 0.198201 2.774945 -0.000000
v 0.223593 2.767242 -0.000000
v -0.843924 2.243487 0.000000
v -0.912547 2.148637 0.000000
v -0.932758 2.089537 0.000000
v -0.935358 2.063130 0.000000
v -0.932758 2.036723 0.000000
v -0.912547 1.987929 0.000000
v -0.804896 2.269923 -0.000974
v -0.814638 2.265560 -0.002912
v -0.843080 2.243487 -0.008569
v -0.885828 2.194078 -0.017072
v -0.910384 2.148637 -0.021957
v -0.922652 2.115628 -0.024397
v -0.930207 2.089537 -0.025900
v -0.932758 2.063130 -0.026407
v -0.930207 2.036723 -0.025900
v -0.922652 2.011331 -0.024397
v -0.910384 1.987929 -0.021957
v -0.893874 1.967417 -0.018673
v -0.873756 1.950583 -0.014671
v -0.850804 1.938075 -0.010106
v -0.825900 1.930372 -0.005152
v -0.804612 2.269923 -0.001910
v -0.813789 2.265560 -0.005711
v -0.840580 2.243487 -0.016809
v -0.880848 2.194078 -0.033488
v -0.903979 2.148637 -0.043070
v -0.915536 2.115628 -0.047856
v -0.922652 2.089537 -0.050804
v -0.925055 2.063130 -0.051799
v -0.922652 2.036723 -0.050804
v -0.915536 2.011331 -0.047856
v -0.903979 1.987929 -0.043070
v -0.888427 1.967417 -0.036628
v -0.869477 1.950583 -0.028778
v -0.847856 1.938075 -0.019823
v -0.824397 1.930372 -0.010106
v -0.804151 2.269923 -0.002773
v -0.812409 2.265560 -0.008292
v -0.836521 2.243487 -0.024403
v -0.872761 2.194078 -0.048617
v -0.893579 2.148637 -0.062527
v -0.903979 2.115628 -0.069477
v -0.910384 2.089537 -0.073756
v -0.912547 2.063130 -0.075201
v -0.910384 2.036723 -0.073756
v -0.903979 2.011331 -0.069477
v -0.893579 1.987929 -0.062527
v -0.879582 1.967417 -0.053175
v -0.862527 1.950583 -0.041779
v -0.843070 1.938075 -0.028778
v -0.821957 1.930372 -0.014671
v -0.803530 2.269923 -0.003530
v -0.810553 2.265560 -0.010553
v -0.831059 2.243487 -0.031059
v -0.861878 2.194078 -0.061878
v -0.879582 2.148637 -0.079582
v -0.888427 2.115628 -0.088427
v -0.893874 2.089537 -0.093874
v -0.895713 2.063130 -0.095713
v -0.893874 2.036723 -0.093874
v -0.888427 2.011331 -0.088427
v -0.879582 1.987929 -0.079582
v -0.867679 1.967417 -0.067679
v -0.853175 1.950583 -0.053175
v -0.836628 1.938075 -0.036628
v -0.818673 1.930372 -0.018673
v -0.802773 2.269923 -0.004151
v -0.808292 2.265560 -0.012409
v -0.824403 2.243487 -0.036521
v -0.848617 2.194078 -0.072761
v -0.862527 2.148637 -0.093579
v -0.869477 2.115628 -0.103979
v -0.873756 2.089537 -0.110384
v -0.875201 2.063130 -0.112546
v -0.873756 2.036723 -0.110384
v -0.869477 2.011331 -0.103979
v -0.862527 1.987929 -0.093579
v -0.853175 1.967417 -0.079582
v -0.841780 1.950583 -0.062527
v -0.828778 1.938075 -0.043070
v -0.814671 1.930372 -0.021957
v -0.800000 2.270415 0.000000
v -0.801910 2.269923 -0.004612
v -0.805711 2.265560 -0.013789
v -0.816809 2.243487 -0.040580
v -0.833488 2.194078 -0.080848
v -0.843070 2.148637 -0.103979
v -0.847856 2.115628 -0.115536
v -0.850804 2.089537 -0.122652
v -0.851799 2.063130 -0.125055
v -0.850804 2.036723 -0.122652
v -0.847856 2.011331 -0.115536
v -0.843070 1.987929 -0.103979
v -0.836628 1.967417 -0.088427
v -0.828778 1.950583 -0.069477
v -0.819823 1.938075 -0.047856
v -0.810106 1.930372 -0.024397
v -0.800974 2.269923 -0.004896
v -0.802912 2.265560 -0.014638
v -0.808569 2.243487 -0.043080
v -0.817072 2.194078 -0.085828
v -0.821957 2.148637 -0.110384
v -0.824397 2.115628 -0.122652
v -0.825900 2.089537 -0.130207
v -0.826407 2.063130 -0.132758
v -0.825900 2.036723 -0.130207
v -0.824397 2.011331 -0.122652
v -0.821957 1.987929 -0.110384
v -0.818673 1.967417 -0.093874
v -0.814671 1.950583 -0.073756
v -0.810106 1.938075 -0.050804
v -0.805152 1.930372 -0.025900
v -0.800000 2.269923 -0.004992
v -0.800000 2.265560 -0.014925
v -0.800000 2.243487 -0.043924
v -0.800000 2.194078 -0.087509
v -0.800000 2.148637 -0.112546
v -0.800000 2.115628 -0.125055
v -0.800000 2.089537 -0.132758
v -0.800000 2.063130 -0.135358
v -0.800000 2.036723 -0.132758
v -0.800000 2.011331 -0.125055
v -0.800000 1.987929 -0.112546
v -0.800000 1.967417 -0.095713
v -0.800000 1.950583 -0.075201
v -0.800000 1.938075 -0.051799
v -0.800000 1.930372 -0.026407
v -0.799026 2.269923 -0.004896
v -0.797088 2.265560 -0.014638
v -0.791431 2.243487 -0.043080
v -0.782928 2.194078 -0.085828
v -0.778043 2.148637 -0.110384
v -0.775603 2.115628 -0.122652
v -0.774100 2.089537 -0.130207
v -0.773593 2.063130 -0.132758
v -0.774100 2.036723 -0.130207
v -0.775603 2.011331 -0.122652
v -0.778043 1.987929 -0.110384
v -0.781327 1.967417 -0.093874
v -0.785329 1.950583 -0.073756
v -0.789894 1.938075 -0.050804
v -0.794848 1.930372 -0.025900
v -0.798090 2.269923 -0.004612
v -0.794289 2.265560 -0.013789
v -0.783191 2.243487 -0.040580
v -0.766512 2.194078 -0.080848
v -0.756930 2.148637 -0.103979
v -0.752144 2.115628 -0.115536
v -0.749196 2.089537 -0.122652
v -0.748201 2.063130 -0.125055
v -0.749196 2.036723 -0.122652
v -0.752144 2.011331 -0.115536
v -0.756930 1.987929 -0.103979
v -0.763372 1.967417 -0.088427
v -0.771222 1.950583 -0.069477
v -0.780177 1.938075 -0.047856
v -0.789894 1.930372 -0.024397
v -0.797226 2.269923 -0.004151
v -0.791708 2.265560 -0.012409
v -0.775597 2.243487 -0.036521
v -0.751383 2.194078 -0.072761
v -0.737473 2.148637 -0.093579
v -0.730523 2.115628 -0.103979
v -0.726244 2.089537 -0.110384
v -0.724799 2.063130 -0.112546
v -0.726244 2.036723 -0.110384
v -0.730523 2.011331 -0.103979
v -0.737473 1.987929 -0.093579
v -0.746825 1.967417 -0.079582
v -0.758220 1.950583 -0.062527
v -0.771222 1.938075 -0.043070
v -0.785329 1.930372 -0.021957
v -0.796470 2.269923 -0.003530
v -0.789447 2.265560 -0.010553
v -0.768941 2.243487 -0.031059
v -0.738122 2.194078 -0.061878
v -0.720418 2.148637 -0.079582
v -0.711573 2.115628 -0.088427
v -0.706126 2.089537 -0.093874
v -0.704287 2.063130 -0.095713
v -0.706126 2.036723 -0.093874
v -0.711573 2.011331 -0.088427
v -0.720418 1.987929 -0.079582
v -0.732321 1.967417 -0.067679
v -0.746825 1.950583 -0.053175
v -0.763372 1.938075 -0.036628
v -0.781327 1.930372 -0.018673
v -0.795849 2.269923 -0.002773
v -0.787591 2.265560 -0.008292
v -0.763479 2.243487 -0.024403
v -0.727239 2.194078 -0.048617
v -0.706421 2.148637 -0.062527
v -0.696021 2.115628 -0.069477
v -0.689616 2.089537 -0.073756
v -0.687454 2.063130 -0.075201
v -0.689616 2.036723 -0.073756
v -0.696021 2.011331 -0.069477
v -0.706421 1.987929 -0.062527
v -0.720418 1.967417 -0.053175
v -0.737473 1.950583 -0.041779
v -0.756930 1.938075 -0.028778
v -0.778043 1.930372 -0.014671
v -0.795388 2.269923 -0.001910
v -0.786211 2.265560 -0.005711
v -0.759420 2.243487 -0.016809
v -0.719152 2.194078 -0.033488
v -0.696021 2.148637 -0.043070
v -0.684464 2.115628 -0.047856
v -0.677348 2.089537 -0.050804
v -0.674945 2.063130 -0.051799
v -0.677348 2.036723 -0.050804
v -0.684464 2.011331 -0.047856
v -0.696021 1.987929 -0.043070
v -0.711573 1.967417 -0.036628
v -0.730523 1.950583 -0.028778
v -0.752144 1.938075 -0.019823
v -0.775603 1.930372 -0.010106
v -0.795104 2.269923 -0.000974
v -0.785362 2.265560 -0.002912
v -0.756920 2.243487 -0.008569
v -0.714172 2.194078 -0.017072
v -0.689616 2.148637 -0.021957
v -0.677348 2.115628 -0.024397
v -0.669793 2.089537 -0.025900
v -0.667242 2.063130 -0.026407
v -0.669793 2.036723 -0.025900
v -0.677348 2.011331 -0.024397
v -0.689616 1.987929 -0.021957
v -0.706126 1.967417 -0.018673
v -0.726244 1.950583 -0.014671
v -0.749196 1.938075 -0.010106
v -0.774100 1.930372 -0.005152
v -0.795008 2.269923 0.000000
v -0.785075 2.265560 0.000000
v -0.756076 2.243487 0.000000
v -0.712491 2.194078 0.000000
v -0.687454 2.148637 0.000000
v -0.674945 2.115628 0.000000
v -0.667242 2.089537 0.000000
v -0.664642 2.063130 0.000000
v -0.667242 2.036723 0.000000
v -0.674945 2.011331 0.000000
v -0.687454 1.987929 0.000000
v -0.704287 1.967417 0.000000
v -0.724799 1.950583 0.000000
v -0.748201 1.938075 0.000000
v -0.773593 1.930372 0.000000
v -0.795104 2.269923 0.000974
v -0.785362 2.265560 0.002912
v -0.756920 2.243487 0.008569
v -0.714172 2.194078 0.017072
v -0.689616 2.148637 0.021957
v -0.677348 2.115628 0.024397
v -0.669793 2.089537 0.025900
v -0.667242 2.063130 0.026407
v -0.669793 2.036723 0.025900
v -0.677348 2.011331 0.024397
v -0.689616 1.987929 0.021957
v -0.706126 1.967417 0.018673
v -0.726244 1.950583 0.014671
v -0.749196 1.938075 0.010106
v -0.774100 1.930372 0.005152
v -0.795388 2.269923 0.001910
v -0.786211 2.265560 0.005711
v -0.759420 2.243487 0.016809
v -0.719152 2.194078 0.033488
v -0.696021 2.148637 0.043070
v -0.684464 2.115628 0.047856
v -0.677348 2.089537 0.050804
v -0.674945 2.063130 0.051799
v -0.677348 2.036723 0.050804
v -0.684464 2.011331 0.047856
v -0.696021 1.987929 0.043070
v -0.711573 1.967417 0.036628
v -0.730523 1.950583 0.028778
v -0.752144 1.938075 0.019823
v -0.775603 1.930372 0.010106
v -0.795849 2.269923 0.002773
v -0.787591 2.265560 0.008292
v -0.763479 2.243487 0.024403
v -0.727239 2.194078 0.048618
v -0.706421 2.148637 0.062527
v -0.696021 2.115628 0.069477
v -0.689616 2.089537 0.073756
v -0.687454 2.063130 0.075201
v -0.689616 2.036723 0.073756
v -0.696021 2.011331 0.069477
v -0.706421 1.987929 0.062527
v -0.720418 1.967417 0.053175
v -0.737473 1.950583 0.041780
v -0.756930 1.938075 0.028778
v -0.778043 1.930372 0.014671
v -0.796470 2.269923 0.003530
v -0.789447 2.265560 0.010553
v -0.768941 2.243487 0.031059
v -0.738122 2.194078 0.061878
v -0.720418 2.148637 0.079582
v -0.711573 2.115628 0.088427
v -0.706126 2.089537 0.093874
v -0.704287 2.063130 0.095713
v -0.706126 2.036723 0.093874
v -0.711573 2.011331 0.088427
v -0.720418 1.987929 0.079582
v -0.732321 1.967417 0.067679
v -0.746825 1.950583 0.053175
v -0.763372 1.938075 0.036628
v -0.781327 1.930372 0.018673
v -0.800000 1.927771 0.000000
v -0.797226 2.269923 0.004151
v -0.791708 2.265560 0.012409
v -0.775597 2.243487 0.036521
v -0.751383 2.194078 0.072761
v -0.737473 2.148637 0.093579
v -0.730523 2.115628 0.103979
v -0.726244 2.089537 0.110384
v -0.724799 2.063130 0.112546
v -0.726244 2.036723 0.110384
v -0.730523 2.011331 0.103979
v -0.737473 1.987929 0.093579
v -0.746825 1.967417 0.079582
v -0.758220 1.950583 0.062527
v -0.771222 1.938075 0.043070
v -0.785329 1.930372 0.021957
v -0.798090 2.269923 0.004612
v -0.794289 2.265560 0.013789
v -0.783191 2.243487 0.040580
v -0.766512 2.194078 0.080848
v -0.756930 2.148637 0.103979
v -0.752144 2.115628 0.115536
v -0.749196 2.089537 0.122652
v -0.748201 2.063130 0.125055
v -0.749196 2.036723 0.122652
v -0.752144 2.011331 0.115536
v -0.756930 1.987929 0.103979
v -0.763372 1.967417 0.088427
v -0.771222 1.950583 0.069477
v -0.780177 1.938075 0.047856
v -0.789894 1.930372 0.024397
v -0.799026 2.269923 0.004896
v -0.797088 2.265560 0.014638
v -0.791431 2.243487 0.043080
v -0.782928 2.194078 0.085828
v -0.778043 2.148637 0.110384
v -0.775603 2.115628 0.122652
v -0.774100 2.089537 0.130207
v -0.773593 2.063130 0.132758
v -0.774100 2.036723 0.130207
v -0.775603 2.011331 0.122652
v -0.778043 1.987929 0.110384
v -0.781327 1.967417 0.093874
v -0.785329 1.950583 0.073756
v -0.789894 1.938075 0.050804
v -0.794848 1.930372 0.025900
v -0.800000 2.269923 0.004992
v -0.800000 2.265560 0.014925
v -0.800000 2.243487 0.043924
v -0.800000 2.194078 0.087509
v -0.800000 2.148637 0.112546
v -0.800000 2.115628 0.125055
v -0.800000 2.089537 0.132758
v -0.800000 2.063130 0.135358
v -0.800000 2.036723 0.132758
v -0.800000 2.011331 0.125055
v -0.800000 1.987929 0.112546
v -0.800000 1.967417 0.095713
v -0.800000 1.950583 0.075201
v -0.800000 1.938075 0.051799
v -0.800000 1.930372 0.026407
v -0.800974 2.269923 0.004896
v -0.802912 2.265560 0.014638
v -0.808569 2.243487 0.043080
v -0.817072 2.194078 0.085828
v -0.821957 2.148637 0.110384
v -0.824397 2.115628 0.122652
v -0.825900 2.089537 0.130207
v -0.826407 2.063130 0.132758
v -0.825900 2.036723 0.130207
v -0.824397 2.011331 0.122652
v -0.821957 1.987929 0.110384
v -0.818673 1.967417 0.093874
v -0.814671 1.950583 0.073756
v -0.810106 1.938075 0.050804
v -0.805152 1.930372 0.025900
v -0.801910 2.269923 0.004612
v -0.805711 2.265560 0.013789
v -0.816809 2.243487 0.040580
v -0.833488 2.194078 0.080848
v -0.843070 2.148637 0.103979
v -0.847856 2.115628 0.115536
v -0.850804 2.089537 0.122652
v -0.851799 2.063130 0.125055
v -0.850804 2.036723 0.122652
v -0.847856 2.011331 0.115536
v -0.843070 1.987929 0.103979
v -0.836628 1.967417 0.088427
v -0.828778 1.950583 0.069477
v -0.819823 1.938075 0.047856
v -0.810106 1.930372 0.024397
v -0.802773 2.269923 0.004151
v -0.808292 2.265560 0.012409
v -0.824403 2.243487 0.036521
v -0.848617 2.194078 0.072761
v -0.862527 2.148637 0.093579
v -0.869477 2.115628 0.103979
v -0.873756 2.089537 0.110384
v -0.875201 2.063130 0.112546
v -0.873756 2.036723 0.110384
v -0.869477 2.011331 0.103979
v -0.862527 1.987929 0.093579
v -0.853175 1.967417 0.079582
v -0.841780 1.950583 0.062527
v -0.828778 1.938075 0.043070
v -0.814671 1.930372 0.021957
v -0.803530 2.269923 0.003530
v -0.810553 2.265560 0.010553
v -0.831059 2.243487 0.031059
v -0.861878 2.194078 0.061878
v -0.879582 2.148637 0.079582
v -0.888427 2.115628 0.088427
v -0.893874 2.089537 0.093874
v -0.895713 2.063130 0.095713
v -0.893874 2.036723 0.093874
v -0.888427 2.011331 0.088427
v -0.879582 1.987929 0.079582
v -0.867679 1.967417 0.067679
v -0.853175 1.950583 0.053175
v -0.836628 1.938075 0.036628
v -0.818673 1.930372 0.018673
v -0.804151 2.269923 0.002773
v -0.812409 2.265560 0.008292
v -0.836521 2.243487 0.024403
v -0.872761 2.194078 0.048618
v -0.893579 2.148637 0.062527
v -0.903979 2.115628 0.069477
v -0.910384 2.089537 0.073756
v -0.912546 2.063130 0.075201
v -0.910384 2.036723 0.073756
v -0.903979 2.011331 0.069477
v -0.893579 1.987929 0.062527
v -0.879582 1.967417 0.053175
v -0.862527 1.950583 0.041779
v -0.843070 1.938075 0.028778
v -0.821957 1.930372 0.014671
v -0.804612 2.269923 0.001910
v -0.813789 2.265560 0.005711
v -0.840580 2.243487 0.016809
v -0.880848 2.194078 0.033488
v -0.903979 2.148637 0.043070
v -0.915536 2.115628 0.047856
v -0.922652 2.089537 0.050804
v -0.925055 2.063130 0.051799
v -0.922652 2.036723 0.050804
v -0.915536 2.011331 0.047856
v -0.903979 1.987929 0.043070
v -0.888427 1.967417 0.036628
v -0.869477 1.950583 0.028778
v -0.847856 1.938075 0.019823
v -0.824397 1.930372 0.010106
v -0.804896 2.269923 0.000974
v -0.814638 2.265560 0.002912
v -0.843080 2.243487 0.008569
v -0.885828 2.194078 0.017072
v -0.910384 2.148637 0.021957
v -0.922652 2.115628 0.024397
v -0.930207 2.089537 0.025900
v -0.932757 2.063130 0.026407
v -0.930207 2.036723 0.025900
v -0.922652 2.011331 0.024397
v -0.910384 1.987929 0.021957
v -0.893874 1.967417 0.018673
v -0.873756 1.950583 0.014671
v -0.850804 1.938075 0.010106
v -0.825900 1.930372 0.005152
v -0.804992 2.269923 0.000000
v -0.814925 2.265560 0.000000
v -0.887509 2.194078 0.000000
v -0.925055 2.115628 0.000000
v -0.925055 2.011331 0.000000
v -0.895713 1.967417 0.000000
v -0.875201 1.950583 0.000000
v -0.851799 1.938075 0.000000
v -0.826407 1.930372 0.000000
vn -0.9999 0.0151 -0.0000
vn -0.9807 -0.0151 -0.1951
vn -0.9999 -0.0151 -0.0000
vn -0.9807 0.0151 -0.1951
vn -0.9238 -0.0151 -0.3826
vn -0.9238 0.0151 -0.3826
vn -0.8314 -0.0151 -0.5555
vn -0.8314 0.0151 -0.5555
vn -0.7070 -0.0151 -0.7070
vn -0.7070 0.0151 -0.7070
vn -0.5555 -0.0151 -0.8314
vn -0.5555 0.0151 -0.8314
vn -0.3826 -0.0151 -0.9238
vn -0.3826 0.0151 -0.9238
vn -0.1951 -0.0151 -0.9807
vn -0.1951 0.0151 -0.9807
vn -0.0000 -0.0151 -0.9999
vn -0.0000 0.0151 -0.9999
vn 0.1951 -0.0151 -0.9807
vn 0.1951 0.0151 -0.9807
vn 0.3826 -0.0151 -0.9238
vn 0.3826 0.0151 -0.9238
vn 0.5555 -0.0151 -0.8314
vn 0.5555 0.0151 -0.8314
vn 0.7070 -0.0151 -0.7070
vn 0.7070 0.0151 -0.7070
vn 0.8314 -0.0151 -0.5555
vn 0.8314 0.0151 -0.5555
vn 0.9238 -0.0151 -0.3826
vn 0.9238 0.0151 -0.3826
vn 0.9807 -0.0151 -0.1951
vn 0.9807 0.0151 -0.1951
vn 0.9999 -0.0151 -0.0000
vn 0.9999 0.0151 -0.0000
vn 0.9807 -0.0151 0.1951
vn 0.9807 0.0151 0.1951
vn 0.9238 -0.0151 0.3826
vn 0.9238 0.0151 0.3826
vn 0.8314 -0.0151 0.5555
vn 0.8314 0.0151 0.5555
vn 0.7070 -0.0151 0.7070
vn 0.7070 0.0151 0.7070
vn 0.5555 -0.0151 0.8314
vn 0.5555 0.0151 0.8314
vn 0.3826 -0.0151 0.9238
vn 0.3826 0.0151 0.9238
vn 0.1951 -0.0151 0.9807
vn 0.1951 0.0151 0.9807
vn -0.0000 -0.0151 0.9999
vn -0.0000 0.0151 0.9999
vn -0.1951 -0.0151 0.9807
vn -0.1951 0.0151 0.9807
vn -0.3826 -0.0151 0.9238
vn -0.3826 0.0151 0.9238
vn -0.5555 -0.0151 0.8314
vn -0.5555 0.0151 0.8314
vn -0.7070 -0.0151 0.7070
vn -0.7070 0.0151 0.7070
vn -0.8314 -0.0151 0.5555
vn -0.8314 0.0151 0.5555
vn -0.9238 -0.0151 0.3826
vn -0.9238 0.0151 0.3826
vn -0.9807 -0.0151 0.1951
vn -0.9807 0.0151 0.1951
vn -0.9930 0.1182 -0.0000
vn -0.9167 0.3557 -0.1823
vn -0.9707 0.1431 -0.1931
vn -0.9762 0.0961 -0.1942
vn -0.9971 0.0756 -0.0000
vn -0.2030 0.9792 -0.0000
vn -0.0000 1.0000 -0.0000
vn -0.1991 0.9792 -0.0396
vn -0.3920 0.9199 -0.0000
vn -0.3845 0.9199 -0.0765
vn -0.5660 0.8244 -0.0000
vn -0.5551 0.8244 -0.1104
vn -0.7182 0.6959 -0.0000
vn -0.7044 0.6959 -0.1401
vn -0.8265 0.5384 -0.1644
vn -0.8427 0.5384 -0.0000
vn -0.9346 0.3557 -0.0000
vn -0.8635 0.3557 -0.3577
vn -0.9174 0.1182 -0.3800
vn -0.9212 0.0756 -0.3816
vn -0.1876 0.9792 -0.0777
vn -0.3622 0.9199 -0.1500
vn -0.5229 0.8244 -0.2166
vn -0.6635 0.6959 -0.2748
vn -0.7785 0.5384 -0.3225
vn -0.4706 0.8244 -0.3144
vn -0.5971 0.6959 -0.3990
vn -0.7007 0.5384 -0.4682
vn -0.7771 0.3557 -0.5192
vn -0.8229 0.1431 -0.5499
vn -0.8276 0.0961 -0.5530
vn -0.1688 0.9792 -0.1128
vn -0.3260 0.9199 -0.2178
vn -0.6609 0.3557 -0.6609
vn -0.7022 0.1182 -0.7022
vn -0.7051 0.0756 -0.7051
vn -0.1435 0.9792 -0.1435
vn -0.2772 0.9199 -0.2772
vn -0.4002 0.8244 -0.4002
vn -0.5078 0.6959 -0.5078
vn -0.5959 0.5384 -0.5959
vn -0.2178 0.9199 -0.3260
vn -0.3144 0.8244 -0.4706
vn -0.3990 0.6959 -0.5971
vn -0.4682 0.5384 -0.7007
vn -0.5192 0.3557 -0.7771
vn -0.5499 0.1431 -0.8229
vn -0.5530 0.0961 -0.8276
vn -0.1128 0.9792 -0.1688
vn -0.3577 0.3557 -0.8635
vn -0.3800 0.1182 -0.9174
vn -0.3816 0.0756 -0.9212
vn -0.0777 0.9792 -0.1876
vn -0.1500 0.9199 -0.3622
vn -0.2166 0.8244 -0.5229
vn -0.2748 0.6959 -0.6635
vn -0.3225 0.5384 -0.7785
vn -0.1401 0.6959 -0.7044
vn -0.1644 0.5384 -0.8265
vn -0.1823 0.3557 -0.9167
vn -0.1931 0.1431 -0.9707
vn -0.1942 0.0961 -0.9762
vn -0.0396 0.9792 -0.1991
vn -0.0765 0.9199 -0.3845
vn -0.1104 0.8244 -0.5551
vn -0.0000 0.1182 -0.9930
vn -0.0000 0.0756 -0.9971
vn -0.0000 0.9792 -0.2030
vn -0.0000 0.9199 -0.3920
vn -0.0000 0.8244 -0.5660
vn -0.0000 0.6959 -0.7182
vn -0.0000 0.5384 -0.8427
vn -0.0000 0.3557 -0.9346
vn 0.1401 0.6959 -0.7044
vn 0.1644 0.5384 -0.8265
vn 0.1823 0.3557 -0.9167
vn 0.1931 0.1431 -0.9707
vn 0.1942 0.0961 -0.9762
vn 0.0396 0.9792 -0.1991
vn 0.0765 0.9199 -0.3845
vn 0.1104 0.8244 -0.5551
vn 0.3800 0.1182 -0.9174
vn 0.3816 0.0756 -0.9212
vn 0.0777 0.9792 -0.1876
vn 0.1500 0.9199 -0.3622
vn 0.2166 0.8244 -0.5229
vn 0.2748 0.6959 -0.6635
vn 0.3225 0.5384 -0.7785
vn 0.3577 0.3557 -0.8635
vn 0.3990 0.6959 -0.5971
vn 0.4682 0.5384 -0.7007
vn 0.5192 0.3557 -0.7771
vn 0.5499 0.1431 -0.8229
vn 0.5530 0.0961 -0.8276
vn 0.1128 0.9792 -0.1688
vn 0.2178 0.9199 -0.3260
vn 0.3144 0.8244 -0.4706
vn 0.2772 0.9199 -0.2772
vn 0.4002 0.8244 -0.4002
vn 0.5078 0.6959 -0.5078
vn 0.5959 0.5384 -0.5959
vn 0.6609 0.3557 -0.6609
vn 0.7022 0.1182 -0.7022
vn 0.7051 0.0756 -0.7051
vn 0.1435 0.9792 -0.1435
vn 0.7771 0.3557 -0.5192
vn 0.8229 0.1431 -0.5499
vn 0.8274 0.0963 -0.5533
vn 0.1688 0.9792 -0.1128
vn 0.3260 0.9199 -0.2178
vn 0.4706 0.8244 -0.3144
vn 0.5971 0.6959 -0.3990
vn 0.7007 0.5384 -0.4682
vn 0.3622 0.9199 -0.1500
vn 0.5229 0.8244 -0.2166
vn 0.6635 0.6959 -0.2748
vn 0.7785 0.5384 -0.3225
vn 0.8635 0.3557 -0.3577
vn 0.9170 0.1217 -0.3798
vn 0.9210 0.0786 -0.3815
vn 0.1876 0.9792 -0.0777
vn 0.9167 0.3557 -0.1823
vn 0.9707 0.1431 -0.1931
vn 0.9762 0.0964 -0.1942
vn 0.1991 0.9792 -0.0396
vn 0.3845 0.9199 -0.0765
vn 0.5551 0.8244 -0.1104
vn 0.7044 0.6959 -0.1401
vn 0.8265 0.5384 -0.1644
vn 0.3920 0.9199 -0.0000
vn 0.5660 0.8244 -0.0000
vn 0.7182 0.6959 -0.0000
vn 0.8427 0.5384 -0.0000
vn 0.9346 0.3557 -0.0000
vn 0.9926 0.1217 -0.0000
vn 0.9969 0.0786 -0.0000
vn 0.2030 0.9792 -0.0000
vn 0.9167 0.3557 0.1823
vn 0.9707 0.1431 0.1931
vn 0.9762 0.0964 0.1942
vn 0.1991 0.9792 0.0396
vn 0.3845 0.9199 0.0765
vn 0.5551 0.8244 0.1104
vn 0.7044 0.6959 0.1401
vn 0.8265 0.5384 0.1644
vn 0.5229 0.8244 0.2166
vn 0.6635 0.6959 0.2748
vn 0.7785 0.5384 0.3225
vn 0.8635 0.3557 0.3577
vn 0.9170 0.1217 0.3798
vn 0.9210 0.0786 0.3815
vn 0.1876 0.9792 0.0777
vn 0.3622 0.9199 0.1500
vn 0.7771 0.3557 0.5192
vn 0.8229 0.1431 0.5499
vn 0.8276 0.0964 0.5530
vn 0.1688 0.9792 0.1128
vn 0.3260 0.9199 0.2178
vn 0.4706 0.8244 0.3144
vn 0.5971 0.6959 0.3990
vn 0.7007 0.5384 0.4682
vn 0.5078 0.6959 0.5078
vn 0.5959 0.5384 0.5959
vn 0.6609 0.3557 0.6609
vn 0.7019 0.1217 0.7019
vn 0.7049 0.0786 0.7049
vn 0.1435 0.9792 0.1435
vn 0.2772 0.9199 0.2772
vn 0.4002 0.8244 0.4002
vn 0.5530 0.0964 0.8276
vn 0.1128 0.9792 0.1688
vn 0.2178 0.9199 0.3260
vn 0.3144 0.8244 0.4706
vn 0.3990 0.6959 0.5971
vn 0.4682 0.5384 0.7007
vn 0.5192 0.3557 0.7771
vn 0.5499 0.1431 0.8229
vn 0.2748 0.6959 0.6635
vn 0.3225 0.5384 0.7785
vn 0.3577 0.3557 0.8635
vn 0.3798 0.1217 0.9170
vn 0.3815 0.0786 0.9210
vn 0.0777 0.9792 0.1876
vn 0.1500 0.9199 0.3622
vn 0.2166 0.8244 0.5229
vn 0.0396 0.9792 0.1991
vn 0.0765 0.9199 0.3845
vn 0.1104 0.8244 0.5551
vn 0.1401 0.6959 0.7044
vn 0.1644 0.5384 0.8265
vn 0.1823 0.3557 0.9167
vn 0.1931 0.1431 0.9707
vn 0.1923 0.0955 0.9767
vn -0.0000 0.6959 0.7182
vn -0.0000 0.5384 0.8427
vn -0.0000 0.3557 0.9346
vn -0.0000 0.1033 0.9946
vn -0.0000 0.0635 0.9980
vn -0.0000 0.9792 0.2030
vn -0.0000 0.9199 0.3920
vn -0.0000 0.8244 0.5660
vn -0.0765 0.9199 0.3845
vn -0.1104 0.8244 0.5551
vn -0.1401 0.6959 0.7044
vn -0.1644 0.5384 0.8265
vn -0.1823 0.3557 0.9167
vn -0.1931 0.1431 0.9707
vn -0.1926 0.0954 0.9766
vn -0.0396 0.9792 0.1991
vn -0.3577 0.3557 0.8635
vn -0.3800 0.1182 0.9174
vn -0.3816 0.0756 0.9212
vn -0.0777 0.9792 0.1876
vn -0.1500 0.9199 0.3622
vn -0.2166 0.8244 0.5229
vn -0.2748 0.6959 0.6635
vn -0.3225 0.5384 0.7785
vn -0.2178 0.9199 0.3260
vn -0.3144 0.8244 0.4706
vn -0.3990 0.6959 0.5971
vn -0.4682 0.5384 0.7007
vn -0.5192 0.3557 0.7771
vn -0.5499 0.1431 0.8229
vn -0.5530 0.0961 0.8276
vn -0.1128 0.9792 0.1688
vn -0.6609 0.3557 0.6609
vn -0.7022 0.1182 0.7022
vn -0.7051 0.0756 0.7051
vn -0.1435 0.9792 0.1435
vn -0.2772 0.9199 0.2772
vn -0.4002 0.8244 0.4002
vn -0.5078 0.6959 0.5078
vn -0.5959 0.5384 0.5959
vn -0.3260 0.9199 0.2178
vn -0.4706 0.8244 0.3144
vn -0.5971 0.6959 0.3990
vn -0.7007 0.5384 0.4682
vn -0.7771 0.3557 0.5192
vn -0.8229 0.1431 0.5499
vn -0.8276 0.0961 0.5530
vn -0.1688 0.9792 0.1128
vn -0.8635 0.3557 0.3577
vn -0.9174 0.1182 0.3800
vn -0.9212 0.0756 0.3816
vn -0.1876 0.9792 0.0777
vn -0.3622 0.9199 0.1500
vn -0.5229 0.8244 0.2166
vn -0.6635 0.6959 0.2748
vn -0.7785 0.5384 0.3225
vn -0.7044 0.6959 0.1401
vn -0.8265 0.5384 0.1644
vn -0.9167 0.3557 0.1823
vn -0.9707 0.1431 0.1931
vn -0.9762 0.0961 0.1942
vn -0.1991 0.9792 0.0396
vn -0.3845 0.9199 0.0765
vn -0.5551 0.8244 0.1104
vn -0.7182 -0.6959 -0.0000
vn -0.5551 -0.8244 -0.1104
vn -0.5660 -0.8244 -0.0000
vn -0.9498 0.3128 -0.0000
vn -0.8964 0.4057 -0.1783
vn -0.9316 0.3128 -0.1853
vn -0.3845 -0.9200 -0.0765
vn -0.3920 -0.9200 -0.0000
vn -0.9708 0.1422 -0.1931
vn -0.9898 0.1422 -0.0000
vn -0.1991 -0.9792 -0.0396
vn -0.2030 -0.9792 -0.0000
vn -0.9808 -0.0000 -0.1951
vn -1.0000 -0.0000 -0.0000
vn -0.2692 0.9631 -0.0000
vn -0.2640 0.9631 -0.0525
vn -0.0000 -1.0000 -0.0000
vn -0.9897 -0.1431 -0.0000
vn -0.9707 -0.1431 -0.1931
vn -0.5209 0.8536 -0.0000
vn -0.5109 0.8536 -0.1016
vn -0.9346 -0.3557 -0.0000
vn -0.9167 -0.3557 -0.1823
vn -0.6789 0.7217 -0.1350
vn -0.6922 0.7217 -0.0000
vn -0.8265 -0.5384 -0.1644
vn -0.8427 -0.5384 -0.0000
vn -0.8313 0.5559 -0.0000
vn -0.8153 0.5558 -0.1622
vn -0.7044 -0.6959 -0.1401
vn -0.9140 0.4057 -0.0000
vn -0.7680 0.5558 -0.3181
vn -0.6635 -0.6959 -0.2748
vn -0.8444 0.4058 -0.3498
vn -0.5229 -0.8244 -0.2166
vn -0.8775 0.3128 -0.3635
vn -0.3622 -0.9200 -0.1500
vn -0.9145 0.1422 -0.3788
vn -0.1876 -0.9792 -0.0777
vn -0.9239 -0.0000 -0.3827
vn -0.2487 0.9631 -0.1030
vn -0.9144 -0.1431 -0.3787
vn -0.4813 0.8536 -0.1994
vn -0.8635 -0.3557 -0.3577
vn -0.6395 0.7217 -0.2649
vn -0.7785 -0.5384 -0.3225
vn -0.8315 -0.0000 -0.5556
vn -0.2238 0.9631 -0.1496
vn -0.1688 -0.9792 -0.1128
vn -0.8229 -0.1431 -0.5499
vn -0.4331 0.8536 -0.2894
vn -0.7771 -0.3557 -0.5192
vn -0.5755 0.7217 -0.3845
vn -0.7007 -0.5384 -0.4682
vn -0.6912 0.5559 -0.4618
vn -0.5971 -0.6959 -0.3990
vn -0.7599 0.4058 -0.5078
vn -0.4706 -0.8244 -0.3144
vn -0.7897 0.3128 -0.5277
vn -0.3260 -0.9200 -0.2178
vn -0.8230 0.1422 -0.5499
vn -0.5078 -0.6959 -0.5078
vn -0.5878 0.5558 -0.5878
vn -0.6463 0.4058 -0.6463
vn -0.4002 -0.8244 -0.4002
vn -0.6716 0.3128 -0.6716
vn -0.2772 -0.9200 -0.2772
vn -0.6999 0.1422 -0.6999
vn -0.1435 -0.9792 -0.1435
vn -0.7071 -0.0000 -0.7071
vn -0.1904 0.9631 -0.1904
vn -0.6998 -0.1431 -0.6998
vn -0.3684 0.8536 -0.3683
vn -0.6609 -0.3557 -0.6609
vn -0.4894 0.7217 -0.4894
vn -0.5959 -0.5384 -0.5959
vn -0.1128 -0.9792 -0.1688
vn -0.5556 -0.0000 -0.8315
vn -0.5499 -0.1431 -0.8229
vn -0.2894 0.8536 -0.4331
vn -0.5192 -0.3557 -0.7771
vn -0.3845 0.7217 -0.5755
vn -0.4682 -0.5384 -0.7007
vn -0.4618 0.5558 -0.6912
vn -0.3990 -0.6959 -0.5971
vn -0.5078 0.4057 -0.7600
vn -0.3144 -0.8244 -0.4706
vn -0.5277 0.3128 -0.7897
vn -0.2178 -0.9200 -0.3260
vn -0.5499 0.1422 -0.8230
vn -0.1496 0.9631 -0.2238
vn -0.2166 -0.8244 -0.5229
vn -0.3635 0.3128 -0.8775
vn -0.1500 -0.9200 -0.3622
vn -0.3788 0.1422 -0.9145
vn -0.0777 -0.9792 -0.1875
vn -0.3827 -0.0000 -0.9239
vn -0.1030 0.9631 -0.2487
vn -0.3787 -0.1431 -0.9144
vn -0.1994 0.8536 -0.4813
vn -0.3577 -0.3557 -0.8635
vn -0.2649 0.7217 -0.6395
vn -0.3225 -0.5384 -0.7785
vn -0.3181 0.5559 -0.7680
vn -0.2748 -0.6959 -0.6635
vn -0.3498 0.4058 -0.8444
vn -0.1016 0.8536 -0.5109
vn -0.1823 -0.3557 -0.9167
vn -0.1350 0.7217 -0.6789
vn -0.1644 -0.5384 -0.8265
vn -0.1622 0.5559 -0.8153
vn -0.1401 -0.6959 -0.7044
vn -0.1783 0.4057 -0.8964
vn -0.1104 -0.8244 -0.5551
vn -0.1853 0.3128 -0.9316
vn -0.0765 -0.9200 -0.3845
vn -0.1931 0.1422 -0.9708
vn -0.0396 -0.9792 -0.1991
vn -0.1951 -0.0000 -0.9808
vn -0.0525 0.9631 -0.2640
vn -0.1931 -0.1431 -0.9707
vn -0.0000 0.3128 -0.9498
vn -0.0000 -0.9200 -0.3920
vn -0.0000 0.1422 -0.9898
vn -0.0000 -0.9792 -0.2030
vn -0.0000 -0.0000 -1.0000
vn -0.0000 0.9631 -0.2692
vn -0.0000 -0.1431 -0.9897
vn -0.0000 0.8536 -0.5209
vn -0.0000 -0.3557 -0.9346
vn -0.0000 0.7217 -0.6922
vn -0.0000 -0.5384 -0.8427
vn -0.0000 0.5559 -0.8313
vn -0.0000 -0.6959 -0.7182
vn -0.0000 0.4057 -0.9140
vn -0.0000 -0.8244 -0.5660
vn 0.1823 -0.3557 -0.9167
vn 0.1350 0.7217 -0.6789
vn 0.1644 -0.5384 -0.8265
vn 0.1622 0.5558 -0.8153
vn 0.1401 -0.6959 -0.7044
vn 0.1783 0.4057 -0.8964
vn 0.1104 -0.8244 -0.5551
vn 0.1853 0.3128 -0.9316
vn 0.0765 -0.9200 -0.3845
vn 0.1931 0.1422 -0.9708
vn 0.0396 -0.9792 -0.1991
vn 0.1951 -0.0000 -0.9808
vn 0.0525 0.9631 -0.2640
vn 0.1931 -0.1431 -0.9707
vn 0.1016 0.8536 -0.5109
vn 0.1500 -0.9200 -0.3622
vn 0.3635 0.3128 -0.8775
vn 0.3788 0.1422 -0.9145
vn 0.0777 -0.9792 -0.1875
vn 0.3827 -0.0000 -0.9239
vn 0.1030 0.9631 -0.2487
vn 0.3787 -0.1431 -0.9144
vn 0.1993 0.8536 -0.4813
vn 0.3577 -0.3557 -0.8635
vn 0.2649 0.7217 -0.6395
vn 0.3225 -0.5384 -0.7785
vn 0.3181 0.5558 -0.7680
vn 0.2748 -0.6959 -0.6635
vn 0.3498 0.4057 -0.8444
vn 0.2166 -0.8244 -0.5229
vn 0.2894 0.8536 -0.4331
vn 0.3845 0.7217 -0.5755
vn 0.5192 -0.3557 -0.7771
vn 0.4682 -0.5384 -0.7007
vn 0.4618 0.5558 -0.6912
vn 0.3990 -0.6959 -0.5971
vn 0.5078 0.4057 -0.7599
vn 0.3144 -0.8244 -0.4706
vn 0.5277 0.3128 -0.7897
vn 0.2178 -0.9199 -0.3260
vn 0.5499 0.1422 -0.8230
vn 0.1128 -0.9792 -0.1688
vn 0.5556 -0.0000 -0.8315
vn 0.1496 0.9631 -0.2238
vn 0.5499 -0.1431 -0.8229
vn 0.6999 0.1422 -0.6999
vn 0.2772 -0.9199 -0.2772
vn 0.1435 -0.9792 -0.1435
vn 0.7071 -0.0000 -0.7071
vn 0.1904 0.9631 -0.1904
vn 0.6998 -0.1431 -0.6998
vn 0.3684 0.8536 -0.3683
vn 0.6609 -0.3557 -0.6609
vn 0.4894 0.7217 -0.4894
vn 0.5959 -0.5384 -0.5959
vn 0.5878 0.5558 -0.5878
vn 0.5078 -0.6959 -0.5078
vn 0.6463 0.4057 -0.6463
vn 0.4002 -0.8244 -0.4002
vn 0.6716 0.3128 -0.6716
vn 0.7771 -0.3557 -0.5192
vn 0.7007 -0.5384 -0.4682
vn 0.6912 0.5558 -0.4618
vn 0.5971 -0.6959 -0.3990
vn 0.7599 0.4057 -0.5078
vn 0.4706 -0.8244 -0.3144
vn 0.7897 0.3128 -0.5277
vn 0.3260 -0.9200 -0.2178
vn 0.8230 0.1422 -0.5499
vn 0.1688 -0.9792 -0.1128
vn 0.8315 -0.0000 -0.5556
vn 0.2238 0.9631 -0.1497
vn 0.8229 -0.1431 -0.5499
vn 0.4331 0.8536 -0.2894
vn 0.5755 0.7217 -0.3845
vn 0.3622 -0.9200 -0.1500
vn 0.1876 -0.9792 -0.0777
vn 0.9145 0.1422 -0.3788
vn 0.9239 -0.0000 -0.3827
vn 0.2487 0.9631 -0.1030
vn 0.9144 -0.1431 -0.3787
vn 0.4813 0.8536 -0.1993
vn 0.8635 -0.3557 -0.3577
vn 0.6395 0.7217 -0.2649
vn 0.7785 -0.5384 -0.3225
vn 0.7680 0.5558 -0.3181
vn 0.6635 -0.6959 -0.2748
vn 0.8444 0.4058 -0.3498
vn 0.5229 -0.8244 -0.2166
vn 0.8775 0.3128 -0.3635
vn 0.8265 -0.5384 -0.1644
vn 0.7044 -0.6959 -0.1401
vn 0.8153 0.5559 -0.1622
vn 0.8964 0.4057 -0.1783
vn 0.5551 -0.8244 -0.1104
vn 0.9316 0.3128 -0.1853
vn 0.3845 -0.9200 -0.0765
vn 0.9708 0.1422 -0.1931
vn 0.1991 -0.9792 -0.0396
vn 0.9808 -0.0000 -0.1951
vn 0.2640 0.9631 -0.0524
vn 0.9707 -0.1431 -0.1931
vn 0.5109 0.8536 -0.1017
vn 0.9167 -0.3557 -0.1823
vn 0.6789 0.7217 -0.1350
vn 0.2692 0.9631 -0.0000
vn 0.2030 -0.9792 -0.0000
vn 0.9897 -0.1431 -0.0000
vn 0.5209 0.8536 -0.0000
vn 0.9346 -0.3557 -0.0000
vn 0.6922 0.7217 -0.0000
vn 0.8427 -0.5384 -0.0000
vn 0.8313 0.5559 -0.0000
vn 0.7182 -0.6959 -0.0000
vn 0.9140 0.4058 -0.0000
vn 0.5660 -0.8244 -0.0000
vn 0.9498 0.3128 -0.0000
vn 0.3920 -0.9200 -0.0000
vn 0.9898 0.1422 -0.0000
vn 1.0000 -0.0000 -0.0000
vn 0.8964 0.4058 0.1783
vn 0.7044 -0.6959 0.1401
vn 0.5551 -0.8244 0.1104
vn 0.9316 0.3128 0.1853
vn 0.3845 -0.9199 0.0765
vn 0.9708 0.1422 0.1931
vn 0.1991 -0.9792 0.0396
vn 0.9808 -0.0000 0.1951
vn 0.2640 0.9631 0.0525
vn 0.9707 -0.1431 0.1931
vn 0.5109 0.8536 0.1017
vn 0.9167 -0.3557 0.1823
vn 0.6789 0.7217 0.1350
vn 0.8265 -0.5384 0.1644
vn 0.8153 0.5558 0.1622
vn 0.9144 -0.1431 0.3787
vn 0.4813 0.8536 0.1993
vn 0.8635 -0.3557 0.3577
vn 0.6395 0.7217 0.2649
vn 0.7785 -0.5384 0.3225
vn 0.7680 0.5558 0.3181
vn 0.6635 -0.6959 0.2748
vn 0.8444 0.4057 0.3498
vn 0.5229 -0.8244 0.2166
vn 0.8775 0.3128 0.3635
vn 0.3622 -0.9200 0.1500
vn 0.9145 0.1422 0.3788
vn 0.1876 -0.9792 0.0777
vn 0.9239 -0.0000 0.3827
vn 0.2487 0.9631 0.1030
vn 0.5971 -0.6959 0.3990
vn 0.4706 -0.8244 0.3144
vn 0.7897 0.3128 0.5277
vn 0.3260 -0.9200 0.2178
vn 0.8230 0.1422 0.5499
vn 0.1688 -0.9792 0.1128
vn 0.8315 -0.0000 0.5556
vn 0.2238 0.9631 0.1497
vn 0.8229 -0.1431 0.5499
vn 0.4331 0.8536 0.2894
vn 0.7771 -0.3557 0.5192
vn 0.5755 0.7217 0.3845
vn 0.7007 -0.5384 0.4682
vn 0.6912 0.5558 0.4618
vn 0.7600 0.4057 0.5078
vn 0.1904 0.9631 0.1904
vn 0.3684 0.8536 0.3683
vn 0.6609 -0.3557 0.6609
vn 0.4894 0.7217 0.4894
vn 0.5959 -0.5384 0.5959
vn 0.5878 0.5559 0.5878
vn 0.5078 -0.6959 0.5078
vn 0.6463 0.4057 0.6463
vn 0.4002 -0.8244 0.4002
vn 0.6716 0.3128 0.6716
vn 0.2772 -0.9199 0.2772
vn 0.6999 0.1422 0.6999
vn 0.1435 -0.9792 0.1435
vn 0.7071 -0.0000 0.7071
vn 0.6998 -0.1431 0.6998
vn 0.5277 0.3128 0.7897
vn 0.3144 -0.8244 0.4706
vn 0.2178 -0.9200 0.3260
vn 0.5499 0.1422 0.8230
vn 0.1128 -0.9792 0.1688
vn 0.5556 -0.0000 0.8315
vn 0.1496 0.9631 0.2238
vn 0.5499 -0.1431 0.8229
vn 0.2894 0.8536 0.4331
vn 0.5192 -0.3557 0.7771
vn 0.3845 0.7217 0.5755
vn 0.4682 -0.5384 0.7007
vn 0.4618 0.5559 0.6912
vn 0.3990 -0.6959 0.5971
vn 0.5078 0.4057 0.7600
vn 0.3577 -0.3557 0.8635
vn 0.2649 0.7217 0.6395
vn 0.3225 -0.5384 0.7785
vn 0.3181 0.5559 0.7680
vn 0.2748 -0.6959 0.6635
vn 0.3498 0.4058 0.8444
vn 0.2166 -0.8244 0.5229
vn 0.3635 0.3128 0.8775
vn 0.1500 -0.9200 0.3622
vn 0.3788 0.1422 0.9145
vn 0.0777 -0.9792 0.1876
vn 0.3827 -0.0000 0.9239
vn 0.1030 0.9631 0.2487
vn 0.3787 -0.1431 0.9144
vn 0.1994 0.8536 0.4813
vn 0.0765 -0.9200 0.3845
vn 0.1853 0.3128 0.9316
vn 0.1931 0.1422 0.9708
vn 0.0396 -0.9792 0.1991
vn 0.1951 -0.0000 0.9808
vn 0.0525 0.9631 0.2640
vn 0.1931 -0.1431 0.9707
vn 0.1016 0.8536 0.5109
vn 0.1823 -0.3557 0.9167
vn 0.1350 0.7217 0.6789
vn 0.1644 -0.5384 0.8265
vn 0.1622 0.5559 0.8153
vn 0.1401 -0.6959 0.7044
vn 0.1783 0.4058 0.8964
vn 0.1104 -0.8244 0.5551
vn -0.0000 -0.3557 0.9346
vn -0.0000 -0.5384 0.8427
vn -0.0000 0.5559 0.8313
vn -0.0000 -0.6959 0.7182
vn -0.0000 0.4057 0.9140
vn -0.0000 -0.8244 0.5660
vn -0.0000 0.3128 0.9498
vn -0.0000 -0.9199 0.3920
vn -0.0000 0.1422 0.9898
vn -0.0000 -0.9792 0.2030
vn -0.0000 -0.0000 1.0000
vn -0.0000 0.9631 0.2692
vn -0.0000 -0.1431 0.9897
vn -0.0000 0.8536 0.5209
vn -0.0000 0.7217 0.6922
vn -0.0396 -0.9792 0.1991
vn -0.1931 0.1422 0.9708
vn -0.1951 -0.0000 0.9808
vn -0.0525 0.9631 0.2641
vn -0.1931 -0.1431 0.9707
vn -0.1016 0.8536 0.5109
vn -0.1823 -0.3557 0.9167
vn -0.1350 0.7217 0.6789
vn -0.1644 -0.5384 0.8265
vn -0.1622 0.5559 0.8153
vn -0.1401 -0.6959 0.7044
vn -0.1783 0.4057 0.8964
vn -0.1104 -0.8244 0.5551
vn -0.1853 0.3128 0.9316
vn -0.0765 -0.9200 0.3845
vn -0.2649 0.7217 0.6395
vn -0.3181 0.5559 0.7680
vn -0.2748 -0.6959 0.6635
vn -0.3498 0.4057 0.8444
vn -0.2166 -0.8244 0.5229
vn -0.3635 0.3128 0.8775
vn -0.1500 -0.9200 0.3622
vn -0.3788 0.1422 0.9145
vn -0.0777 -0.9792 0.1875
vn -0.3827 -0.0000 0.9239
vn -0.1030 0.9631 0.2487
vn -0.3787 -0.1431 0.9144
vn -0.1994 0.8536 0.4813
vn -0.3577 -0.3557 0.8635
vn -0.3225 -0.5384 0.7785
vn -0.5499 0.1422 0.8230
vn -0.5556 -0.0000 0.8315
vn -0.1496 0.9631 0.2238
vn -0.1128 -0.9792 0.1688
vn -0.5499 -0.1431 0.8229
vn -0.2894 0.8536 0.4331
vn -0.5192 -0.3557 0.7771
vn -0.3845 0.7217 0.5755
vn -0.4682 -0.5384 0.7007
vn -0.4618 0.5559 0.6912
vn -0.3990 -0.6959 0.5971
vn -0.5078 0.4057 0.7599
vn -0.3144 -0.8244 0.4706
vn -0.5277 0.3128 0.7897
vn -0.2178 -0.9200 0.3260
vn -0.5078 -0.6959 0.5078
vn -0.5878 0.5558 0.5878
vn -0.6463 0.4057 0.6463
vn -0.4002 -0.8244 0.4002
vn -0.6716 0.3128 0.6716
vn -0.2772 -0.9200 0.2772
vn -0.6999 0.1422 0.6999
vn -0.1435 -0.9792 0.1435
vn -0.7071 -0.0000 0.7071
vn -0.1904 0.9631 0.1903
vn -0.6998 -0.1431 0.6998
vn -0.3683 0.8536 0.3684
vn -0.6609 -0.3557 0.6609
vn -0.4894 0.7217 0.4894
vn -0.5959 -0.5384 0.5959
vn -0.2239 0.9631 0.1494
vn -0.1688 -0.9792 0.1128
vn -0.8229 -0.1431 0.5499
vn -0.4331 0.8536 0.2895
vn -0.7771 -0.3557 0.5192
vn -0.5755 0.7217 0.3845
vn -0.7007 -0.5384 0.4682
vn -0.6912 0.5559 0.4618
vn -0.5971 -0.6959 0.3990
vn -0.7599 0.4057 0.5078
vn -0.4706 -0.8244 0.3144
vn -0.7897 0.3128 0.5277
vn -0.3260 -0.9200 0.2178
vn -0.8230 0.1422 0.5499
vn -0.8315 -0.0000 0.5556
vn -0.7680 0.5559 0.3181
vn -0.8444 0.4057 0.3498
vn -0.6635 -0.6959 0.2748
vn -0.5229 -0.8244 0.2166
vn -0.8775 0.3128 0.3635
vn -0.3622 -0.9200 0.1500
vn -0.9145 0.1422 0.3788
vn -0.1876 -0.9792 0.0777
vn -0.9239 -0.0000 0.3827
vn -0.2487 0.9631 0.1029
vn -0.9144 -0.1431 0.3787
vn -0.4813 0.8536 0.1994
vn -0.8635 -0.3557 0.3577
vn -0.6395 0.7217 0.2649
vn -0.7785 -0.5384 0.3225
vn -0.9707 -0.1431 0.1931
vn -0.5109 0.8536 0.1016
vn -0.9167 -0.3557 0.1823
vn -0.6789 0.7217 0.1350
vn -0.8265 -0.5384 0.1644
vn -0.8153 0.5559 0.1622
vn -0.7044 -0.6959 0.1401
vn -0.8964 0.4057 0.1783
vn -0.5551 -0.8244 0.1104
vn -0.9316 0.3128 0.1853
vn -0.3845 -0.9200 0.0765
vn -0.9708 0.1422 0.1931
vn -0.1991 -0.9792 0.0396
vn -0.9808 -0.0000 0.1951
vn -0.2640 0.9631 0.0525
vn -0.3845 -0.9199 -0.0765
vn -0.3920 -0.9199 -0.0000
vn -0.8444 0.4057 -0.3498
vn -0.3622 -0.9199 -0.1500
vn -0.2487 0.9631 -0.1031
vn -0.2239 0.9631 -0.1496
vn -0.7006 -0.5384 -0.4682
vn -0.3260 -0.9199 -0.2178
vn -0.2772 -0.9199 -0.2772
vn -0.1904 0.9631 -0.1903
vn -0.3684 0.8536 -0.3684
vn -0.5878 0.5559 -0.5878
vn -0.4618 0.5559 -0.6912
vn -0.5078 0.4058 -0.7599
vn -0.2178 -0.9199 -0.3260
vn -0.1500 -0.9199 -0.3622
vn -0.0777 -0.9792 -0.1876
vn -0.3181 0.5558 -0.7680
vn -0.1622 0.5558 -0.8153
vn -0.1783 0.4058 -0.8964
vn -0.0765 -0.9199 -0.3845
vn -0.0000 0.4058 -0.9140
vn -0.0000 -0.9199 -0.3920
vn -0.0000 0.5558 -0.8313
vn 0.1622 0.5559 -0.8153
vn 0.0765 -0.9199 -0.3845
vn 0.1500 -0.9199 -0.3622
vn 0.0777 -0.9792 -0.1876
vn 0.1030 0.9631 -0.2488
vn 0.3181 0.5559 -0.7680
vn 0.3498 0.4058 -0.8444
vn 0.5078 0.4058 -0.7600
vn 0.1435 -0.9792 -0.1436
vn 0.1904 0.9631 -0.1903
vn 0.3683 0.8536 -0.3684
vn 0.6463 0.4058 -0.6463
vn 0.2772 -0.9200 -0.2772
vn 0.7600 0.4057 -0.5078
vn 0.2239 0.9631 -0.1496
vn 0.3622 -0.9199 -0.1500
vn 0.2487 0.9631 -0.1031
vn 0.8444 0.4057 -0.3498
vn 0.3845 -0.9199 -0.0765
vn 0.2640 0.9631 -0.0525
vn 0.5109 0.8536 -0.1016
vn 0.8313 0.5558 -0.0000
vn 0.3920 -0.9199 -0.0000
vn 0.8964 0.4057 0.1783
vn 0.5109 0.8536 0.1016
vn 0.7680 0.5559 0.3181
vn 0.3622 -0.9199 0.1500
vn 0.2487 0.9631 0.1031
vn 0.3260 -0.9199 0.2178
vn 0.2238 0.9631 0.1496
vn 0.6912 0.5559 0.4618
vn 0.1904 0.9631 0.1903
vn 0.3683 0.8536 0.3684
vn 0.2178 -0.9199 0.3260
vn 0.4682 -0.5384 0.7006
vn 0.3181 0.5558 0.7680
vn 0.1500 -0.9199 0.3622
vn 0.0765 -0.9199 0.3845
vn 0.1622 0.5558 0.8153
vn -0.0000 0.5558 0.8313
vn -0.0000 0.4058 0.9140
vn -0.0000 -0.9200 0.3920
vn -0.0765 -0.9199 0.3845
vn -0.0525 0.9631 0.2640
vn -0.1622 0.5558 0.8153
vn -0.1783 0.4058 0.8964
vn -0.3498 0.4058 0.8444
vn -0.1500 -0.9199 0.3622
vn -0.0777 -0.9792 0.1876
vn -0.4618 0.5558 0.6912
vn -0.5078 0.4058 0.7599
vn -0.2178 -0.9199 0.3260
vn -0.6463 0.4058 0.6463
vn -0.2772 -0.9199 0.2772
vn -0.1904 0.9631 0.1904
vn -0.3684 0.8536 0.3683
vn -0.2238 0.9631 0.1496
vn -0.4331 0.8536 0.2894
vn -0.6912 0.5558 0.4618
vn -0.7599 0.4058 0.5078
vn -0.7680 0.5558 0.3181
vn -0.8444 0.4058 0.3498
vn -0.3622 -0.9199 0.1500
vn -0.2487 0.9631 0.1031
vn -0.4813 0.8536 0.1993
vn -0.8153 0.5558 0.1622
vn -0.3845 -0.9199 0.0765
vn -0.8964 0.4058 -0.1783
vn -0.2640 0.9631 -0.0526
vn -0.2238 0.9631 -0.1495
vn -0.6912 0.5558 -0.4618
vn -0.6463 0.4057 -0.6463
vn -0.1993 0.8536 -0.4813
vn -0.3498 0.4057 -0.8444
vn 0.1994 0.8536 -0.4813
vn 0.1496 0.9631 -0.2239
vn 0.7599 0.4058 -0.5078
vn 0.4813 0.8536 -0.1994
vn 0.9140 0.4057 -0.0000
vn 0.8153 0.5559 0.1622
vn 0.2640 0.9631 0.0524
vn 0.4813 0.8536 0.1994
vn 0.2772 -0.9200 0.2772
vn 0.1993 0.8536 0.4813
vn 0.3498 0.4057 0.8444
vn 0.0777 -0.9792 0.1875
vn 0.1783 0.4057 0.8964
vn -0.3260 -0.9199 0.2178
vn -0.2487 0.9631 0.1030
vn -0.2640 0.9631 0.0526
vn -0.4813 0.8536 -0.1993
vn -0.2239 0.9631 -0.1495
vn -0.7600 0.4058 -0.5078
vn -0.1496 0.9631 -0.2240
vn -0.1030 0.9631 -0.2488
vn -0.0525 0.9631 -0.2641
vn -0.0000 0.9631 -0.2693
vn 0.4682 -0.5384 -0.7006
vn 0.4618 0.5559 -0.6912
vn 0.5078 0.4057 -0.7600
vn 0.2178 -0.9200 -0.3260
vn 0.5878 0.5559 -0.5878
vn 0.4706 -0.8244 -0.3145
vn 0.3260 -0.9199 -0.2178
vn 0.8153 0.5558 -0.1622
vn 0.8444 0.4058 0.3498
vn 0.2239 0.9631 0.1496
vn 0.7599 0.4057 0.5078
vn 0.5878 0.5558 0.5878
vn 0.1496 0.9631 0.2240
vn 0.4618 0.5558 0.6912
vn 0.1030 0.9631 0.2488
vn -0.3181 0.5558 0.7680
vn -0.1496 0.9631 0.2239
vn -0.3684 0.8536 0.3684
vn -0.2239 0.9631 0.1495
vn -0.9144 -0.1431 0.3788
vn -0.8964 0.4058 0.1783
vn -0.8153 0.5559 -0.1622
vn -0.7680 0.5559 -0.3181
vn -0.5755 0.7217 -0.3846
vn 0.2894 0.8536 -0.4332
vn 0.7600 0.4058 -0.5078
vn 0.2238 0.9631 -0.1496
vn 0.3845 -0.9200 0.0765
vn 0.2640 0.9631 0.0526
vn -0.2238 0.9631 0.1494
vn -0.7600 0.4057 0.5078
vn -0.8313 0.5558 -0.0000
vn 0.3684 0.8536 -0.3684
vn 0.6912 0.5559 -0.4618
vn 0.2239 0.9631 -0.1495
vn 0.2641 0.9631 -0.0525
vn 0.6463 0.4058 0.6463
vn 0.1496 0.9631 0.2239
vn -0.5878 0.5559 0.5878
vn -0.2239 0.9631 0.1496
vn -0.7599 0.4057 -0.5078
vn -0.3683 0.8536 -0.3683
vn 0.1783 0.4058 -0.8964
vn 0.5078 0.4058 -0.7599
vn 0.2238 0.9631 -0.1495
vn 0.5755 0.7217 -0.3846
vn 0.7680 0.5559 -0.3181
vn 0.2238 0.9631 0.1495
vn 0.5078 0.4058 0.7599
vn -0.7600 0.4058 0.5078
vt 0.749467 0.818512
vt 0.761388 0.794052
vt 0.745649 0.794052
vt 0.749467 0.834327
vt 0.748034 0.818512
vt 0.761691 0.792531
vt 0.748034 0.834327
vt 0.745649 0.795602
vt 0.746745 0.818512
vt 0.762284 0.791099
vt 0.746745 0.834327
vt 0.745952 0.797122
vt 0.756779 0.802696
vt 0.745649 0.818512
vt 0.763145 0.789810
vt 0.745649 0.834327
vt 0.756779 0.818512
vt 0.746545 0.798554
vt 0.755490 0.802696
vt 0.764242 0.788714
vt 0.755490 0.818512
vt 0.747406 0.799843
vt 0.754058 0.802696
vt 0.765530 0.787853
vt 0.754058 0.818512
vt 0.748502 0.800940
vt 0.752537 0.802696
vt 0.766963 0.787260
vt 0.752537 0.818512
vt 0.749791 0.801801
vt 0.750987 0.802696
vt 0.768483 0.786957
vt 0.750987 0.818512
vt 0.751223 0.802394
vt 0.749467 0.802696
vt 0.770033 0.786957
vt 0.749467 0.818512
vt 0.752744 0.802696
vt 0.748034 0.802696
vt 0.771554 0.787260
vt 0.748034 0.818512
vt 0.754294 0.802696
vt 0.746745 0.802696
vt 0.772986 0.787853
vt 0.746745 0.818512
vt 0.755814 0.802394
vt 0.767908 0.802696
vt 0.745649 0.802696
vt 0.774275 0.788714
vt 0.745649 0.818512
vt 0.767908 0.818512
vt 0.757246 0.801801
vt 0.766619 0.802696
vt 0.775371 0.789810
vt 0.766619 0.818512
vt 0.758535 0.800940
vt 0.765187 0.802696
vt 0.776232 0.791099
vt 0.765187 0.818512
vt 0.759632 0.799843
vt 0.763666 0.802696
vt 0.776825 0.792531
vt 0.763666 0.818512
vt 0.760493 0.798554
vt 0.762116 0.802696
vt 0.777128 0.794052
vt 0.762116 0.818512
vt 0.761086 0.797122
vt 0.760596 0.802696
vt 0.777128 0.795602
vt 0.760596 0.818512
vt 0.761388 0.795602
vt 0.759164 0.802696
vt 0.776825 0.797122
vt 0.759164 0.818512
vt 0.761388 0.794052
vt 0.757875 0.802696
vt 0.776232 0.798554
vt 0.757875 0.818512
vt 0.761086 0.792531
vt 0.779037 0.802696
vt 0.756779 0.802696
vt 0.775371 0.799843
vt 0.756779 0.818512
vt 0.779037 0.818512
vt 0.760493 0.791099
vt 0.777748 0.802696
vt 0.774275 0.800940
vt 0.777748 0.818512
vt 0.759632 0.789810
vt 0.776316 0.802696
vt 0.772986 0.801801
vt 0.776316 0.818512
vt 0.758535 0.788714
vt 0.774796 0.802696
vt 0.771554 0.802394
vt 0.774796 0.818512
vt 0.757246 0.787853
vt 0.773245 0.802696
vt 0.770033 0.802696
vt 0.773245 0.818512
vt 0.755814 0.787260
vt 0.771725 0.802696
vt 0.768483 0.802696
vt 0.771725 0.818512
vt 0.754294 0.786957
vt 0.770293 0.802696
vt 0.766963 0.802394
vt 0.770293 0.818512
vt 0.752744 0.786957
vt 0.769004 0.802696
vt 0.765530 0.801801
vt 0.769004 0.818512
vt 0.751223 0.787260
vt 0.756779 0.818512
vt 0.767908 0.802696
vt 0.764242 0.800940
vt 0.767908 0.818512
vt 0.756779 0.834327
vt 0.749791 0.787853
vt 0.755490 0.818512
vt 0.763145 0.799843
vt 0.755490 0.834327
vt 0.748502 0.788714
vt 0.754058 0.818512
vt 0.762284 0.798554
vt 0.754058 0.834327
vt 0.747406 0.789810
vt 0.752537 0.818512
vt 0.761691 0.797122
vt 0.746545 0.791099
vt 0.752537 0.834327
vt 0.750987 0.818512
vt 0.761388 0.795602
vt 0.745952 0.792531
vt 0.750987 0.834327
vt 0.183273 0.457245
vt 0.078884 0.488911
vt 0.022392 0.506046
vt 0.015121 0.508251
vt 0.325451 0.429840
vt 0.260036 0.464806
vt 0.199753 0.497028
vt 0.146912 0.525269
vt 0.103546 0.548450
vt 0.071323 0.565674
vt 0.051483 0.576279
vt 0.044781 0.579861
vt 0.333851 0.442413
vt 0.276516 0.489468
vt 0.223675 0.532829
vt 0.177361 0.570839
vt 0.139351 0.602036
vt 0.111107 0.625214
vt 0.093716 0.639488
vt 0.087845 0.644306
vt 0.344543 0.453106
vt 0.297489 0.510441
vt 0.254128 0.563278
vt 0.216118 0.609596
vt 0.184921 0.647606
vt 0.161743 0.675850
vt 0.147469 0.693241
vt 0.142651 0.699112
vt 0.357117 0.461506
vt 0.322151 0.526920
vt 0.289928 0.587204
vt 0.261684 0.640045
vt 0.238506 0.683411
vt 0.221283 0.715633
vt 0.210678 0.735474
vt 0.207096 0.742176
vt 0.371086 0.467293
vt 0.349556 0.538269
vt 0.329712 0.603683
vt 0.312321 0.661018
vt 0.298046 0.708073
vt 0.287441 0.743034
vt 0.280910 0.764565
vt 0.278706 0.771835
vt 0.393478 0.393478
vt 0.385918 0.470242
vt 0.378647 0.544056
vt 0.371948 0.612083
vt 0.366074 0.671711
vt 0.361256 0.720646
vt 0.357674 0.757004
vt 0.355469 0.779396
vt 0.354725 0.786957
vt 0.401039 0.470242
vt 0.408310 0.544056
vt 0.415009 0.612083
vt 0.420883 0.671711
vt 0.425701 0.720646
vt 0.429283 0.757004
vt 0.431488 0.779396
vt 0.432232 0.786957
vt 0.415871 0.467293
vt 0.437401 0.538269
vt 0.457245 0.603683
vt 0.474636 0.661018
vt 0.488911 0.708073
vt 0.499516 0.743034
vt 0.506046 0.764565
vt 0.508251 0.771835
vt 0.429840 0.461506
vt 0.464802 0.526920
vt 0.497028 0.587204
vt 0.525269 0.640045
vt 0.548450 0.683411
vt 0.565674 0.715633
vt 0.576279 0.735474
vt 0.579861 0.742176
vt 0.442413 0.453106
vt 0.489468 0.510441
vt 0.532829 0.563282
vt 0.570839 0.609596
vt 0.602036 0.647606
vt 0.625214 0.675850
vt 0.639488 0.693241
vt 0.644306 0.699112
vt 0.453106 0.442413
vt 0.510441 0.489468
vt 0.563278 0.532829
vt 0.609596 0.570843
vt 0.647606 0.602036
vt 0.675850 0.625214
vt 0.693241 0.639488
vt 0.699112 0.644306
vt 0.461506 0.429840
vt 0.526920 0.464806
vt 0.587204 0.497028
vt 0.640045 0.525272
vt 0.683407 0.548450
vt 0.715633 0.565674
vt 0.735474 0.576279
vt 0.742176 0.579861
vt 0.467293 0.415871
vt 0.538269 0.437401
vt 0.603683 0.457245
vt 0.661018 0.474636
vt 0.708073 0.488911
vt 0.743034 0.499516
vt 0.764565 0.506046
vt 0.771835 0.508251
vt 0.470242 0.401039
vt 0.544056 0.408310
vt 0.612083 0.415009
vt 0.671711 0.420883
vt 0.720642 0.425701
vt 0.757004 0.429283
vt 0.779396 0.431488
vt 0.786957 0.432232
vt 0.470242 0.385918
vt 0.544056 0.378647
vt 0.612083 0.371948
vt 0.671711 0.366074
vt 0.720642 0.361256
vt 0.757004 0.357674
vt 0.779396 0.355469
vt 0.786957 0.354725
vt 0.467293 0.371086
vt 0.538269 0.349556
vt 0.603683 0.329716
vt 0.661018 0.312321
vt 0.708073 0.298046
vt 0.743034 0.287441
vt 0.764565 0.280910
vt 0.771835 0.278706
vt 0.461506 0.357117
vt 0.526920 0.322155
vt 0.587204 0.289928
vt 0.640045 0.261688
vt 0.683411 0.238506
vt 0.715633 0.221283
vt 0.735474 0.210678
vt 0.742176 0.207096
vt 0.453106 0.344543
vt 0.510441 0.297489
vt 0.563278 0.254128
vt 0.609596 0.216118
vt 0.647606 0.184921
vt 0.675850 0.161743
vt 0.693241 0.147469
vt 0.699112 0.142651
vt 0.442413 0.333851
vt 0.489468 0.276516
vt 0.532829 0.223679
vt 0.570839 0.177361
vt 0.602036 0.139351
vt 0.625214 0.111111
vt 0.639488 0.093716
vt 0.644306 0.087845
vt 0.429840 0.325451
vt 0.464806 0.260036
vt 0.497028 0.199753
vt 0.525272 0.146912
vt 0.548450 0.103550
vt 0.565674 0.071323
vt 0.576279 0.051483
vt 0.579861 0.044781
vt 0.415871 0.319664
vt 0.437401 0.248688
vt 0.457245 0.183273
vt 0.474636 0.125938
vt 0.488911 0.078884
vt 0.499516 0.043922
vt 0.506046 0.022392
vt 0.508251 0.015121
vt 0.401039 0.316715
vt 0.408310 0.242901
vt 0.415009 0.174873
vt 0.420883 0.115246
vt 0.425701 0.066315
vt 0.429283 0.029953
vt 0.431488 0.007561
vt 0.432232 0.000000
vt 0.385918 0.316715
vt 0.378647 0.242901
vt 0.371948 0.174873
vt 0.366074 0.115246
vt 0.361256 0.066315
vt 0.357674 0.029953
vt 0.355469 0.007561
vt 0.354725 0.000000
vt 0.371086 0.319664
vt 0.349556 0.248688
vt 0.329712 0.183273
vt 0.312321 0.125938
vt 0.298046 0.078884
vt 0.287441 0.043922
vt 0.280910 0.022392
vt 0.278706 0.015121
vt 0.357117 0.325451
vt 0.322155 0.260036
vt 0.289928 0.199753
vt 0.261688 0.146912
vt 0.238506 0.103550
vt 0.221283 0.071323
vt 0.210678 0.051483
vt 0.207096 0.044781
vt 0.344543 0.333851
vt 0.297489 0.276516
vt 0.254128 0.223679
vt 0.216118 0.177361
vt 0.184921 0.139351
vt 0.161743 0.111107
vt 0.147469 0.093716
vt 0.142651 0.087845
vt 0.333851 0.344543
vt 0.276516 0.297489
vt 0.223679 0.254128
vt 0.177361 0.216118
vt 0.139351 0.184921
vt 0.111107 0.161743
vt 0.093716 0.147469
vt 0.087845 0.142651
vt 0.325451 0.357117
vt 0.260036 0.322155
vt 0.199753 0.289928
vt 0.146912 0.261688
vt 0.103550 0.238506
vt 0.071323 0.221283
vt 0.051483 0.210678
vt 0.044781 0.207096
vt 0.319664 0.371086
vt 0.248688 0.349556
vt 0.183273 0.329712
vt 0.125938 0.312321
vt 0.078884 0.298046
vt 0.043922 0.287441
vt 0.022392 0.280910
vt 0.015121 0.278706
vt 0.316715 0.385918
vt 0.242901 0.378647
vt 0.174873 0.371948
vt 0.115246 0.366074
vt 0.066315 0.361256
vt 0.029953 0.357674
vt 0.007561 0.355469
vt 0.000000 0.354725
vt 0.316715 0.401039
vt 0.242901 0.408310
vt 0.174873 0.415009
vt 0.115246 0.420883
vt 0.066315 0.425701
vt 0.029953 0.429283
vt 0.007561 0.431488
vt 0.000000 0.432232
vt 0.319664 0.415871
vt 0.248688 0.437401
vt 0.125938 0.474636
vt 0.043922 0.499516
vt 0.826793 0.916449
vt 0.805820 0.933661
vt 0.799642 0.938730
vt 0.798847 0.939383
vt 0.988110 0.087212
vt 0.987314 0.086559
vt 0.981136 0.081490
vt 0.838965 0.906958
vt 0.836473 0.909992
vt 0.829200 0.918856
vt 0.818268 0.932177
vt 0.811988 0.939829
vt 0.808850 0.943653
vt 0.806918 0.946007
vt 0.806266 0.946802
vt 0.980690 0.094631
vt 0.980038 0.093836
vt 0.978106 0.091482
vt 0.974968 0.087658
vt 0.970747 0.082514
vt 0.965601 0.076244
vt 0.959732 0.069092
vt 0.953363 0.061331
vt 0.839287 0.907173
vt 0.837436 0.910635
vt 0.832031 0.920748
vt 0.823907 0.935946
vt 0.819241 0.944675
vt 0.816910 0.949038
vt 0.815474 0.951723
vt 0.814989 0.952631
vt 0.971968 0.100460
vt 0.971483 0.099552
vt 0.970047 0.096867
vt 0.967716 0.092505
vt 0.964579 0.086636
vt 0.960754 0.079483
vt 0.956394 0.071323
vt 0.951660 0.062469
vt 0.839644 0.907320
vt 0.838505 0.911077
vt 0.835176 0.922050
vt 0.830173 0.938541
vt 0.827300 0.948015
vt 0.825865 0.952747
vt 0.824981 0.955662
vt 0.824682 0.956646
vt 0.962275 0.104475
vt 0.961977 0.103491
vt 0.961092 0.100576
vt 0.959656 0.095844
vt 0.957724 0.089474
vt 0.955370 0.081713
vt 0.952684 0.072859
vt 0.949770 0.063251
vt 0.840024 0.907396
vt 0.839639 0.911304
vt 0.838515 0.922714
vt 0.836826 0.939865
vt 0.835855 0.949717
vt 0.835371 0.954638
vt 0.835073 0.957668
vt 0.834971 0.958693
vt 0.951984 0.106522
vt 0.951883 0.105497
vt 0.951586 0.102467
vt 0.951101 0.097546
vt 0.950449 0.090921
vt 0.949654 0.082851
vt 0.948746 0.073643
vt 0.947762 0.063652
vt 0.840411 0.907396
vt 0.840796 0.911304
vt 0.841920 0.922714
vt 0.843609 0.939865
vt 0.844579 0.949717
vt 0.845064 0.954638
vt 0.845363 0.957668
vt 0.845463 0.958693
vt 0.941494 0.106522
vt 0.941595 0.105497
vt 0.941893 0.102467
vt 0.942377 0.097546
vt 0.943029 0.090921
vt 0.943825 0.082851
vt 0.944731 0.073643
vt 0.945715 0.063652
vt 0.840218 0.905432
vt 0.840791 0.907320
vt 0.841930 0.911077
vt 0.845259 0.922050
vt 0.850261 0.938541
vt 0.853135 0.948015
vt 0.854570 0.952747
vt 0.855454 0.955662
vt 0.855753 0.956646
vt 0.931204 0.104475
vt 0.931501 0.103491
vt 0.932386 0.100576
vt 0.933823 0.095844
vt 0.935753 0.089474
vt 0.938108 0.081713
vt 0.940794 0.072859
vt 0.943708 0.063251
vt 0.841147 0.907173
vt 0.842999 0.910635
vt 0.848404 0.920748
vt 0.856527 0.935946
vt 0.861194 0.944675
vt 0.863525 0.949038
vt 0.864961 0.951723
vt 0.865446 0.952631
vt 0.921511 0.100460
vt 0.921995 0.099552
vt 0.923431 0.096867
vt 0.925762 0.092505
vt 0.928900 0.086636
vt 0.932722 0.079483
vt 0.937084 0.071323
vt 0.941816 0.062469
vt 0.841470 0.906958
vt 0.843961 0.909992
vt 0.851234 0.918856
vt 0.862167 0.932177
vt 0.868447 0.939829
vt 0.871585 0.943653
vt 0.873517 0.946007
vt 0.874169 0.946802
vt 0.912786 0.094631
vt 0.913441 0.093836
vt 0.915371 0.091482
vt 0.918509 0.087658
vt 0.922731 0.082514
vt 0.927877 0.076244
vt 0.933746 0.069092
vt 0.940115 0.061331
vt 0.841743 0.906683
vt 0.844779 0.909176
vt 0.853642 0.916449
vt 0.866963 0.927382
vt 0.874616 0.933661
vt 0.878439 0.936798
vt 0.880793 0.938730
vt 0.881588 0.939383
vt 0.905369 0.087212
vt 0.906164 0.086559
vt 0.908518 0.084627
vt 0.912340 0.081490
vt 0.917486 0.077269
vt 0.923756 0.072123
vt 0.930908 0.066254
vt 0.938667 0.059885
vt 0.841958 0.906363
vt 0.845422 0.908213
vt 0.855534 0.913618
vt 0.870731 0.921741
vt 0.879462 0.926409
vt 0.883823 0.928740
vt 0.886510 0.930176
vt 0.887417 0.930660
vt 0.899540 0.078489
vt 0.900448 0.078005
vt 0.903133 0.076569
vt 0.907494 0.074238
vt 0.913364 0.071100
vt 0.920517 0.067276
vt 0.928677 0.062916
vt 0.937531 0.058182
vt 0.842106 0.906004
vt 0.845864 0.907145
vt 0.856836 0.910473
vt 0.873327 0.915476
vt 0.882800 0.918348
vt 0.887533 0.919785
vt 0.890448 0.920670
vt 0.891432 0.920967
vt 0.895525 0.068796
vt 0.896509 0.068499
vt 0.899424 0.067614
vt 0.904156 0.066177
vt 0.910526 0.064245
vt 0.918285 0.061892
vt 0.927141 0.059206
vt 0.936749 0.056292
vt 0.842182 0.905624
vt 0.846090 0.906010
vt 0.857500 0.907133
vt 0.874650 0.908823
vt 0.884502 0.909794
vt 0.889424 0.910278
vt 0.892455 0.910576
vt 0.893478 0.910677
vt 0.893478 0.058506
vt 0.894503 0.058405
vt 0.897533 0.058107
vt 0.902454 0.057623
vt 0.909079 0.056971
vt 0.917149 0.056175
vt 0.926357 0.055267
vt 0.936348 0.054283
vt 0.842182 0.905237
vt 0.846090 0.904854
vt 0.857500 0.903728
vt 0.874650 0.902040
vt 0.884502 0.901070
vt 0.889424 0.900585
vt 0.892455 0.900288
vt 0.893478 0.900187
vt 0.893478 0.048016
vt 0.894503 0.048117
vt 0.897533 0.048414
vt 0.902454 0.048899
vt 0.909079 0.049551
vt 0.917149 0.050346
vt 0.926357 0.051252
vt 0.936348 0.052237
vt 0.842106 0.904860
vt 0.845864 0.903719
vt 0.856836 0.900391
vt 0.873327 0.895388
vt 0.882800 0.892515
vt 0.887533 0.891079
vt 0.890448 0.890194
vt 0.891432 0.889896
vt 0.895525 0.037725
vt 0.896509 0.038023
vt 0.899424 0.038908
vt 0.904156 0.040344
vt 0.910526 0.042274
vt 0.918285 0.044630
vt 0.927141 0.047316
vt 0.936749 0.050230
vt 0.841958 0.904501
vt 0.845422 0.902651
vt 0.855534 0.897245
vt 0.870731 0.889122
vt 0.879462 0.884455
vt 0.883823 0.882124
vt 0.886510 0.880688
vt 0.899540 0.028032
vt 0.887417 0.880203
vt 0.900448 0.028517
vt 0.903133 0.029953
vt 0.907494 0.032284
vt 0.913364 0.035421
vt 0.920517 0.039244
vt 0.928677 0.043606
vt 0.937531 0.048338
vt 0.841743 0.904179
vt 0.844779 0.901688
vt 0.853642 0.894415
vt 0.866963 0.883482
vt 0.874616 0.877201
vt 0.878439 0.874063
vt 0.880793 0.872131
vt 0.881588 0.871479
vt 0.905369 0.019308
vt 0.906164 0.019960
vt 0.908518 0.021893
vt 0.912340 0.025030
vt 0.917486 0.029253
vt 0.923756 0.034399
vt 0.930908 0.040268
vt 0.938667 0.046637
vt 0.841470 0.903906
vt 0.843961 0.900869
vt 0.851234 0.892008
vt 0.862167 0.878685
vt 0.868447 0.871033
vt 0.871585 0.867210
vt 0.873517 0.864857
vt 0.912786 0.011890
vt 0.874169 0.864061
vt 0.913439 0.012686
vt 0.915371 0.015039
vt 0.918509 0.018862
vt 0.922731 0.024008
vt 0.927877 0.030277
vt 0.933746 0.037430
vt 0.940115 0.045189
vt 0.841148 0.903690
vt 0.842999 0.900227
vt 0.848404 0.890116
vt 0.856527 0.874918
vt 0.861194 0.866186
vt 0.863525 0.861826
vt 0.864961 0.859140
vt 0.865446 0.858232
vt 0.921511 0.006062
vt 0.921995 0.006969
vt 0.923431 0.009655
vt 0.925762 0.014015
vt 0.928900 0.019886
vt 0.932722 0.027039
vt 0.937084 0.035198
vt 0.941816 0.044052
vt 0.840791 0.903543
vt 0.841930 0.899784
vt 0.845259 0.888813
vt 0.850261 0.872322
vt 0.853135 0.862848
vt 0.854570 0.858116
vt 0.855454 0.855202
vt 0.855753 0.854218
vt 0.931204 0.002047
vt 0.931501 0.003031
vt 0.932386 0.005945
vt 0.933823 0.010677
vt 0.935753 0.017048
vt 0.938108 0.024807
vt 0.940794 0.033663
vt 0.943708 0.043270
vt 0.840411 0.903467
vt 0.840796 0.899559
vt 0.841920 0.888149
vt 0.843609 0.870998
vt 0.844579 0.861147
vt 0.845064 0.856226
vt 0.845363 0.853195
vt 0.845463 0.852171
vt 0.941494 0.000000
vt 0.941595 0.001024
vt 0.941893 0.004055
vt 0.942377 0.008976
vt 0.943029 0.015600
vt 0.943825 0.023670
vt 0.944731 0.032879
vt 0.945715 0.042870
vt 0.946739 0.053261
vt 0.840024 0.903467
vt 0.839639 0.899559
vt 0.838515 0.888149
vt 0.836826 0.870998
vt 0.835855 0.861147
vt 0.835371 0.856226
vt 0.835073 0.853195
vt 0.834971 0.852171
vt 0.951984 0.000000
vt 0.951883 0.001024
vt 0.951586 0.004055
vt 0.951101 0.008976
vt 0.950449 0.015600
vt 0.949654 0.023670
vt 0.948746 0.032879
vt 0.947762 0.042870
vt 0.839644 0.903543
vt 0.838505 0.899784
vt 0.835176 0.888813
vt 0.830173 0.872322
vt 0.827300 0.862848
vt 0.825865 0.858116
vt 0.824981 0.855202
vt 0.824682 0.854218
vt 0.962275 0.002047
vt 0.961977 0.003031
vt 0.961092 0.005945
vt 0.959656 0.010677
vt 0.957724 0.017048
vt 0.955370 0.024807
vt 0.952684 0.033663
vt 0.949770 0.043270
vt 0.839287 0.903690
vt 0.837436 0.900227
vt 0.832031 0.890116
vt 0.823907 0.874918
vt 0.819241 0.866186
vt 0.816910 0.861826
vt 0.815474 0.859140
vt 0.814989 0.858232
vt 0.971968 0.006062
vt 0.971483 0.006969
vt 0.970047 0.009655
vt 0.967716 0.014015
vt 0.964579 0.019886
vt 0.960754 0.027039
vt 0.956394 0.035198
vt 0.951660 0.044052
vt 0.838965 0.903906
vt 0.836474 0.900869
vt 0.829200 0.892008
vt 0.818268 0.878685
vt 0.811988 0.871033
vt 0.808850 0.867210
vt 0.806918 0.864857
vt 0.806266 0.864061
vt 0.980690 0.011890
vt 0.980038 0.012686
vt 0.978106 0.015039
vt 0.974968 0.018862
vt 0.970747 0.024008
vt 0.965601 0.030277
vt 0.959732 0.037430
vt 0.953363 0.045189
vt 0.838692 0.904179
vt 0.835656 0.901688
vt 0.826793 0.894415
vt 0.813472 0.883482
vt 0.805820 0.877201
vt 0.801996 0.874063
vt 0.799643 0.872131
vt 0.798847 0.871479
vt 0.988110 0.019308
vt 0.987314 0.019960
vt 0.984961 0.021893
vt 0.981136 0.025030
vt 0.975992 0.029253
vt 0.969723 0.034399
vt 0.962570 0.040268
vt 0.954809 0.046637
vt 0.838477 0.904501
vt 0.835013 0.902651
vt 0.824902 0.897245
vt 0.809703 0.889122
vt 0.800973 0.884455
vt 0.796611 0.882124
vt 0.793925 0.880688
vt 0.793018 0.880203
vt 0.993938 0.028032
vt 0.993031 0.028517
vt 0.990345 0.029953
vt 0.985983 0.032284
vt 0.980114 0.035421
vt 0.972961 0.039244
vt 0.964802 0.043606
vt 0.955948 0.048338
vt 0.838328 0.904860
vt 0.834571 0.903719
vt 0.823599 0.900391
vt 0.807108 0.895388
vt 0.797635 0.892515
vt 0.792902 0.891079
vt 0.789988 0.890194
vt 0.789003 0.889896
vt 0.997953 0.037725
vt 0.996969 0.038023
vt 0.994055 0.038908
vt 0.989323 0.040344
vt 0.982952 0.042274
vt 0.975191 0.044630
vt 0.966337 0.047316
vt 0.956730 0.050230
vt 0.838253 0.905237
vt 0.834345 0.904854
vt 0.822934 0.903728
vt 0.805784 0.902040
vt 0.795933 0.901070
vt 0.791011 0.900585
vt 0.787980 0.900286
vt 1.000000 0.048016
vt 0.786957 0.900187
vt 0.998976 0.048115
vt 0.995945 0.048414
vt 0.991024 0.048899
vt 0.984400 0.049551
vt 0.976330 0.050346
vt 0.967121 0.051252
vt 0.957130 0.052237
vt 0.838253 0.905624
vt 0.834345 0.906010
vt 0.822934 0.907133
vt 0.805784 0.908823
vt 0.795933 0.909794
vt 0.791011 0.910278
vt 0.787980 0.910576
vt 0.786957 0.910677
vt 1.000000 0.058506
vt 0.998976 0.058405
vt 0.995945 0.058107
vt 0.991024 0.057623
vt 0.984400 0.056971
vt 0.976330 0.056175
vt 0.967121 0.055267
vt 0.957130 0.054283
vt 0.838328 0.906004
vt 0.834571 0.907145
vt 0.823599 0.910473
vt 0.807108 0.915476
vt 0.797635 0.918348
vt 0.792902 0.919785
vt 0.789988 0.920670
vt 0.997953 0.068796
vt 0.789003 0.920967
vt 0.996969 0.068499
vt 0.994055 0.067614
vt 0.989323 0.066177
vt 0.982952 0.064245
vt 0.975191 0.061892
vt 0.966337 0.059206
vt 0.956730 0.056292
vt 0.838477 0.906363
vt 0.835013 0.908213
vt 0.824902 0.913618
vt 0.809703 0.921741
vt 0.800973 0.926409
vt 0.796611 0.928740
vt 0.793925 0.930176
vt 0.793018 0.930660
vt 0.993938 0.078489
vt 0.993031 0.078005
vt 0.990345 0.076569
vt 0.985983 0.074238
vt 0.980114 0.071100
vt 0.972961 0.067276
vt 0.964802 0.062916
vt 0.955948 0.058182
vt 0.838692 0.906683
vt 0.835656 0.909176
vt 0.813472 0.927382
vt 0.801996 0.936798
vt 0.984961 0.084627
vt 0.975992 0.077269
vt 0.969723 0.072123
vt 0.962570 0.066254
vt 0.954809 0.059885
vt 0.824902 0.700575
vt 0.800972 0.713366
vt 0.793926 0.717133
vt 0.793018 0.717617
vt 0.793018 0.134554
vt 0.793926 0.135038
vt 0.800972 0.138805
vt 0.838692 0.693640
vt 0.835655 0.696133
vt 0.826794 0.703405
vt 0.813471 0.714338
vt 0.805819 0.720617
vt 0.801996 0.723755
vt 0.799643 0.725687
vt 0.798847 0.726339
vt 0.798847 0.125831
vt 0.799643 0.126483
vt 0.801996 0.128415
vt 0.805819 0.131553
vt 0.810965 0.135775
vt 0.817234 0.140920
vt 0.824387 0.146790
vt 0.832146 0.153158
vt 0.838964 0.693914
vt 0.836473 0.696949
vt 0.829201 0.705812
vt 0.818268 0.719133
vt 0.811987 0.726786
vt 0.808849 0.730610
vt 0.806917 0.732964
vt 0.806265 0.733759
vt 0.806265 0.118412
vt 0.806917 0.119207
vt 0.808849 0.121561
vt 0.811987 0.125384
vt 0.816210 0.130529
vt 0.821356 0.136798
vt 0.827225 0.143950
vt 0.833593 0.151711
vt 0.839287 0.694130
vt 0.837437 0.697592
vt 0.832031 0.707705
vt 0.823908 0.722902
vt 0.819241 0.731632
vt 0.816910 0.735994
vt 0.815474 0.738680
vt 0.814989 0.739588
vt 0.814989 0.112583
vt 0.815474 0.113490
vt 0.816910 0.116176
vt 0.819241 0.120538
vt 0.822378 0.126408
vt 0.826200 0.133560
vt 0.830563 0.141720
vt 0.835295 0.150575
vt 0.839645 0.694277
vt 0.838505 0.698034
vt 0.835176 0.709007
vt 0.830173 0.725498
vt 0.827301 0.734972
vt 0.825865 0.739704
vt 0.824980 0.742619
vt 0.824682 0.743603
vt 0.824682 0.108568
vt 0.824980 0.109552
vt 0.825865 0.112467
vt 0.827301 0.117200
vt 0.829231 0.123569
vt 0.831587 0.131330
vt 0.834272 0.140183
vt 0.837187 0.149791
vt 0.840023 0.694353
vt 0.839640 0.698261
vt 0.838514 0.709671
vt 0.836826 0.726822
vt 0.835855 0.736673
vt 0.835371 0.741594
vt 0.835072 0.744625
vt 0.834972 0.745649
vt 0.834972 0.106522
vt 0.835072 0.107545
vt 0.835371 0.110576
vt 0.835855 0.115498
vt 0.836508 0.122121
vt 0.837303 0.130192
vt 0.838209 0.139400
vt 0.839193 0.149392
vt 0.840218 0.692389
vt 0.840410 0.694353
vt 0.840796 0.698261
vt 0.841919 0.709671
vt 0.843609 0.726822
vt 0.844580 0.736673
vt 0.845064 0.741594
vt 0.845362 0.744625
vt 0.845463 0.745649
vt 0.845463 0.106522
vt 0.845362 0.107545
vt 0.845064 0.110576
vt 0.844580 0.115498
vt 0.843927 0.122121
vt 0.843132 0.130192
vt 0.842224 0.139400
vt 0.841240 0.149392
vt 0.840790 0.694277
vt 0.841930 0.698034
vt 0.845259 0.709007
vt 0.850262 0.725498
vt 0.853134 0.734972
vt 0.854570 0.739704
vt 0.855455 0.742619
vt 0.855753 0.743603
vt 0.855753 0.108568
vt 0.855455 0.109552
vt 0.854570 0.112467
vt 0.853134 0.117200
vt 0.851202 0.123569
vt 0.848848 0.131330
vt 0.846163 0.140183
vt 0.843248 0.149791
vt 0.841148 0.694130
vt 0.842999 0.697592
vt 0.848404 0.707705
vt 0.856527 0.722902
vt 0.861195 0.731632
vt 0.863525 0.735994
vt 0.864962 0.738680
vt 0.865446 0.739588
vt 0.865446 0.112583
vt 0.864962 0.113490
vt 0.863525 0.116176
vt 0.861195 0.120538
vt 0.858057 0.126408
vt 0.854233 0.133560
vt 0.849873 0.141720
vt 0.845139 0.150575
vt 0.841469 0.693914
vt 0.843962 0.696949
vt 0.851234 0.705812
vt 0.862167 0.719133
vt 0.868446 0.726786
vt 0.871584 0.730610
vt 0.873516 0.732964
vt 0.874168 0.733759
vt 0.874168 0.118412
vt 0.873516 0.119207
vt 0.871584 0.121561
vt 0.868446 0.125384
vt 0.864225 0.130529
vt 0.859079 0.136798
vt 0.853210 0.143950
vt 0.846842 0.151711
vt 0.841743 0.693640
vt 0.844778 0.696133
vt 0.853642 0.703405
vt 0.866962 0.714338
vt 0.874615 0.720617
vt 0.878439 0.723755
vt 0.880793 0.725687
vt 0.881588 0.726339
vt 0.881588 0.125831
vt 0.880793 0.126483
vt 0.878439 0.128415
vt 0.874615 0.131553
vt 0.869471 0.135775
vt 0.863201 0.140920
vt 0.856049 0.146790
vt 0.848288 0.153158
vt 0.841959 0.693319
vt 0.845421 0.695169
vt 0.855534 0.700575
vt 0.870731 0.708698
vt 0.879461 0.713366
vt 0.883823 0.715696
vt 0.886509 0.717133
vt 0.887417 0.717617
vt 0.887417 0.134554
vt 0.886509 0.135038
vt 0.883823 0.136475
vt 0.879461 0.138805
vt 0.873592 0.141943
vt 0.866440 0.145766
vt 0.858280 0.150127
vt 0.849426 0.154860
vt 0.842106 0.692961
vt 0.845863 0.694101
vt 0.856836 0.697430
vt 0.873327 0.702433
vt 0.882801 0.705305
vt 0.887533 0.706741
vt 0.890448 0.707626
vt 0.891432 0.707924
vt 0.891432 0.144247
vt 0.890448 0.144546
vt 0.887533 0.145430
vt 0.882801 0.146865
vt 0.876431 0.148797
vt 0.868670 0.151152
vt 0.859816 0.153837
vt 0.850208 0.156752
vt 0.842182 0.692581
vt 0.846090 0.692966
vt 0.857500 0.694090
vt 0.874651 0.695780
vt 0.884502 0.696751
vt 0.889423 0.697235
vt 0.892454 0.697533
vt 0.893478 0.697634
vt 0.893478 0.154536
vt 0.892454 0.154637
vt 0.889423 0.154936
vt 0.884502 0.155420
vt 0.877878 0.156073
vt 0.869808 0.156868
vt 0.860600 0.157775
vt 0.850609 0.158759
vt 0.842182 0.692194
vt 0.846090 0.691811
vt 0.857500 0.690685
vt 0.874651 0.688997
vt 0.884502 0.688026
vt 0.889423 0.687542
vt 0.892454 0.687243
vt 0.893478 0.687143
vt 0.893478 0.165028
vt 0.892454 0.164927
vt 0.889423 0.164629
vt 0.884502 0.164144
vt 0.877878 0.163491
vt 0.869808 0.162697
vt 0.860600 0.161790
vt 0.850609 0.160806
vt 0.842106 0.691816
vt 0.845863 0.690676
vt 0.856836 0.687347
vt 0.873327 0.682344
vt 0.882801 0.679472
vt 0.887533 0.678036
vt 0.890448 0.677151
vt 0.891432 0.175318
vt 0.891432 0.676853
vt 0.890448 0.175019
vt 0.887533 0.174135
vt 0.882801 0.172700
vt 0.876431 0.170768
vt 0.868670 0.168413
vt 0.859816 0.165728
vt 0.850208 0.162813
vt 0.841959 0.691458
vt 0.845421 0.689608
vt 0.855534 0.684202
vt 0.870731 0.676079
vt 0.879461 0.671412
vt 0.883823 0.669081
vt 0.886509 0.667645
vt 0.887417 0.667160
vt 0.887417 0.185011
vt 0.886509 0.184525
vt 0.883823 0.183090
vt 0.879461 0.180759
vt 0.873592 0.177622
vt 0.866440 0.173799
vt 0.858280 0.169436
vt 0.849426 0.164704
vt 0.841743 0.691135
vt 0.844778 0.688644
vt 0.853642 0.681372
vt 0.866962 0.670439
vt 0.874615 0.664158
vt 0.878439 0.661020
vt 0.880793 0.659088
vt 0.881588 0.193734
vt 0.881588 0.658436
vt 0.880793 0.193082
vt 0.878439 0.191150
vt 0.874615 0.188012
vt 0.869471 0.183790
vt 0.863201 0.178645
vt 0.856049 0.172775
vt 0.848288 0.166406
vt 0.841469 0.690863
vt 0.843962 0.687826
vt 0.851234 0.678965
vt 0.862167 0.665642
vt 0.868446 0.657990
vt 0.871584 0.654167
vt 0.873516 0.651814
vt 0.874168 0.651018
vt 0.874168 0.201153
vt 0.873516 0.200357
vt 0.871584 0.198004
vt 0.868446 0.194180
vt 0.864225 0.189035
vt 0.859079 0.182766
vt 0.853210 0.175614
vt 0.846842 0.167853
vt 0.841148 0.690647
vt 0.842999 0.687183
vt 0.848404 0.677073
vt 0.856527 0.661875
vt 0.861195 0.653143
vt 0.863525 0.648783
vt 0.864962 0.646097
vt 0.865446 0.645189
vt 0.865446 0.206982
vt 0.864962 0.206075
vt 0.863525 0.203388
vt 0.861195 0.199027
vt 0.858057 0.193157
vt 0.854233 0.186005
vt 0.849873 0.177845
vt 0.845139 0.168990
vt 0.840790 0.690500
vt 0.841930 0.686741
vt 0.845259 0.675770
vt 0.850262 0.659279
vt 0.853134 0.649805
vt 0.854570 0.645073
vt 0.855455 0.642159
vt 0.855753 0.641174
vt 0.855753 0.210997
vt 0.855455 0.210012
vt 0.854570 0.207098
vt 0.853134 0.202365
vt 0.851202 0.195996
vt 0.848848 0.188235
vt 0.846163 0.179381
vt 0.843248 0.169774
vt 0.840218 0.159782
vt 0.840410 0.690424
vt 0.840796 0.686516
vt 0.841919 0.675106
vt 0.843609 0.657955
vt 0.844580 0.648104
vt 0.845064 0.643183
vt 0.845362 0.640152
vt 0.845463 0.639128
vt 0.845463 0.213043
vt 0.845362 0.212020
vt 0.845064 0.208989
vt 0.844580 0.204067
vt 0.843927 0.197443
vt 0.843132 0.189372
vt 0.842224 0.180164
vt 0.841240 0.170173
vt 0.840023 0.690424
vt 0.839640 0.686516
vt 0.838514 0.675106
vt 0.836826 0.657955
vt 0.835855 0.648104
vt 0.835371 0.643183
vt 0.835072 0.640152
vt 0.834972 0.639128
vt 0.834972 0.213043
vt 0.835072 0.212020
vt 0.835371 0.208989
vt 0.835855 0.204067
vt 0.836508 0.197443
vt 0.837303 0.189372
vt 0.838209 0.180164
vt 0.839193 0.170173
vt 0.839645 0.690500
vt 0.838505 0.686741
vt 0.835176 0.675770
vt 0.830173 0.659279
vt 0.827301 0.649805
vt 0.825865 0.645073
vt 0.824980 0.642159
vt 0.824682 0.641174
vt 0.824682 0.210997
vt 0.824980 0.210012
vt 0.825865 0.207098
vt 0.827299 0.202365
vt 0.829231 0.195996
vt 0.831587 0.188235
vt 0.834272 0.179381
vt 0.837187 0.169774
vt 0.839287 0.690647
vt 0.837437 0.687183
vt 0.832031 0.677073
vt 0.823908 0.661875
vt 0.819241 0.653143
vt 0.816910 0.648783
vt 0.815474 0.646097
vt 0.814989 0.645189
vt 0.814989 0.206982
vt 0.815474 0.206075
vt 0.816910 0.203388
vt 0.819241 0.199027
vt 0.822378 0.193157
vt 0.826200 0.186005
vt 0.830563 0.177845
vt 0.835295 0.168990
vt 0.838964 0.690863
vt 0.836473 0.687826
vt 0.829201 0.678965
vt 0.818268 0.665642
vt 0.811987 0.657990
vt 0.808849 0.654167
vt 0.806917 0.651814
vt 0.806265 0.651018
vt 0.806265 0.201153
vt 0.806917 0.200357
vt 0.808849 0.198004
vt 0.811987 0.194180
vt 0.816210 0.189035
vt 0.821356 0.182766
vt 0.827225 0.175614
vt 0.833593 0.167853
vt 0.838692 0.691135
vt 0.835655 0.688644
vt 0.826794 0.681372
vt 0.813471 0.670439
vt 0.805819 0.664158
vt 0.801996 0.661020
vt 0.799643 0.659088
vt 0.798847 0.658436
vt 0.798847 0.193734
vt 0.799643 0.193082
vt 0.801996 0.191150
vt 0.805819 0.188012
vt 0.810965 0.183790
vt 0.817234 0.178645
vt 0.824387 0.172775
vt 0.832146 0.166406
vt 0.838476 0.691458
vt 0.835012 0.689608
vt 0.824902 0.684202
vt 0.809704 0.676079
vt 0.800972 0.671412
vt 0.796612 0.669081
vt 0.793926 0.667645
vt 0.793018 0.667160
vt 0.793018 0.185011
vt 0.793926 0.184525
vt 0.796612 0.183090
vt 0.800972 0.180758
vt 0.806843 0.177622
vt 0.813995 0.173799
vt 0.822155 0.169436
vt 0.831009 0.164704
vt 0.838329 0.691816
vt 0.834570 0.690676
vt 0.823599 0.687347
vt 0.807108 0.682344
vt 0.797634 0.679472
vt 0.792902 0.678036
vt 0.789988 0.677151
vt 0.789003 0.175318
vt 0.789003 0.676853
vt 0.789988 0.175019
vt 0.792902 0.174135
vt 0.797634 0.172700
vt 0.804005 0.170768
vt 0.811764 0.168413
vt 0.820620 0.165728
vt 0.830227 0.162813
vt 0.838253 0.692194
vt 0.834345 0.691811
vt 0.822935 0.690685
vt 0.805784 0.688997
vt 0.795933 0.688026
vt 0.791012 0.687542
vt 0.787981 0.687244
vt 0.786957 0.687143
vt 0.786957 0.165028
vt 0.787981 0.164927
vt 0.791012 0.164629
vt 0.795933 0.164144
vt 0.802557 0.163491
vt 0.810627 0.162697
vt 0.819836 0.161790
vt 0.829826 0.160806
vt 0.838253 0.692581
vt 0.834345 0.692966
vt 0.822935 0.694090
vt 0.805784 0.695780
vt 0.795933 0.696751
vt 0.791012 0.697235
vt 0.787981 0.697533
vt 0.786957 0.154536
vt 0.786957 0.697634
vt 0.787981 0.154637
vt 0.791012 0.154936
vt 0.795933 0.155420
vt 0.802557 0.156073
vt 0.810627 0.156868
vt 0.819836 0.157775
vt 0.829826 0.158759
vt 0.838329 0.692961
vt 0.834570 0.694101
vt 0.823599 0.697430
vt 0.807108 0.702433
vt 0.797634 0.705305
vt 0.792902 0.706741
vt 0.789988 0.707626
vt 0.789003 0.707924
vt 0.789003 0.144247
vt 0.789988 0.144546
vt 0.792902 0.145430
vt 0.797634 0.146865
vt 0.804005 0.148797
vt 0.811764 0.151152
vt 0.820620 0.153837
vt 0.830227 0.156752
vt 0.838476 0.693319
vt 0.835012 0.695169
vt 0.809704 0.708698
vt 0.796612 0.715696
vt 0.796612 0.136475
vt 0.806843 0.141943
vt 0.813995 0.145766
vt 0.822155 0.150127
vt 0.831009 0.154860
vt 0.675770 0.845259
vt 0.649805 0.853135
vt 0.642159 0.855455
vt 0.641174 0.855753
vt 0.806265 0.011890
vt 0.806917 0.012686
vt 0.811987 0.018862
vt 0.690647 0.841148
vt 0.687183 0.843000
vt 0.677073 0.848404
vt 0.661875 0.856528
vt 0.653143 0.861194
vt 0.648783 0.863526
vt 0.646097 0.864962
vt 0.645189 0.865446
vt 0.814989 0.006062
vt 0.815474 0.006969
vt 0.816910 0.009655
vt 0.819241 0.014017
vt 0.822378 0.019886
vt 0.826200 0.027039
vt 0.830563 0.035198
vt 0.835295 0.044052
vt 0.690863 0.841470
vt 0.687826 0.843961
vt 0.678965 0.851235
vt 0.665642 0.862168
vt 0.657990 0.868448
vt 0.654167 0.871585
vt 0.651814 0.873517
vt 0.651018 0.874170
vt 0.824682 0.002047
vt 0.824980 0.003031
vt 0.825865 0.005945
vt 0.827301 0.010677
vt 0.829231 0.017048
vt 0.831587 0.024807
vt 0.834272 0.033663
vt 0.837187 0.043270
vt 0.691135 0.841744
vt 0.688644 0.844779
vt 0.681372 0.853643
vt 0.670439 0.866964
vt 0.664158 0.874616
vt 0.661020 0.878439
vt 0.659088 0.880793
vt 0.658436 0.881588
vt 0.834972 0.000000
vt 0.835072 0.001024
vt 0.835371 0.004055
vt 0.835855 0.008976
vt 0.836508 0.015600
vt 0.837303 0.023670
vt 0.838209 0.032879
vt 0.839193 0.042870
vt 0.691458 0.841959
vt 0.689608 0.845422
vt 0.684202 0.855534
vt 0.676079 0.870732
vt 0.671412 0.879462
vt 0.669081 0.883824
vt 0.667645 0.886510
vt 0.667160 0.887417
vt 0.845463 0.000000
vt 0.845362 0.001024
vt 0.845064 0.004055
vt 0.844580 0.008976
vt 0.843927 0.015600
vt 0.843132 0.023670
vt 0.842224 0.032879
vt 0.841240 0.042870
vt 0.691816 0.842107
vt 0.690676 0.845865
vt 0.687347 0.856837
vt 0.682344 0.873328
vt 0.679472 0.882801
vt 0.678036 0.887533
vt 0.677151 0.890448
vt 0.676853 0.891432
vt 0.855753 0.002047
vt 0.855455 0.003031
vt 0.854570 0.005945
vt 0.853134 0.010677
vt 0.851202 0.017048
vt 0.848848 0.024807
vt 0.846163 0.033663
vt 0.843248 0.043270
vt 0.692389 0.840218
vt 0.692196 0.842182
vt 0.691811 0.846090
vt 0.690685 0.857501
vt 0.688997 0.874651
vt 0.688026 0.884503
vt 0.687542 0.889424
vt 0.687243 0.892455
vt 0.687143 0.893479
vt 0.865446 0.006062
vt 0.864962 0.006969
vt 0.863525 0.009655
vt 0.861195 0.014015
vt 0.858057 0.019886
vt 0.854233 0.027039
vt 0.849873 0.035198
vt 0.845139 0.044052
vt 0.692581 0.842182
vt 0.692966 0.846090
vt 0.694090 0.857501
vt 0.695780 0.874651
vt 0.696751 0.884503
vt 0.697235 0.889424
vt 0.697533 0.892455
vt 0.697634 0.893479
vt 0.874168 0.011890
vt 0.873516 0.012686
vt 0.871584 0.015039
vt 0.868446 0.018862
vt 0.864225 0.024008
vt 0.859079 0.030277
vt 0.853210 0.037430
vt 0.846842 0.045189
vt 0.692961 0.842107
vt 0.694101 0.845865
vt 0.697430 0.856837
vt 0.702433 0.873328
vt 0.705305 0.882801
vt 0.706741 0.887533
vt 0.707626 0.890448
vt 0.707924 0.891432
vt 0.881588 0.019308
vt 0.880793 0.019960
vt 0.878439 0.021893
vt 0.874615 0.025030
vt 0.869471 0.029253
vt 0.863201 0.034399
vt 0.856049 0.040268
vt 0.848288 0.046637
vt 0.693319 0.841959
vt 0.695169 0.845422
vt 0.700575 0.855534
vt 0.708698 0.870732
vt 0.713366 0.879462
vt 0.715696 0.883824
vt 0.717133 0.886510
vt 0.717617 0.887417
vt 0.887417 0.028032
vt 0.886509 0.028517
vt 0.883823 0.029953
vt 0.879461 0.032284
vt 0.873592 0.035421
vt 0.866440 0.039244
vt 0.858280 0.043606
vt 0.849426 0.048338
vt 0.693640 0.841744
vt 0.696133 0.844779
vt 0.703405 0.853643
vt 0.714338 0.866964
vt 0.720617 0.874616
vt 0.723755 0.878439
vt 0.725687 0.880793
vt 0.726339 0.881588
vt 0.891432 0.037725
vt 0.890448 0.038023
vt 0.887533 0.038908
vt 0.882801 0.040344
vt 0.876431 0.042274
vt 0.868670 0.044630
vt 0.859816 0.047316
vt 0.850208 0.050230
vt 0.693914 0.841470
vt 0.696949 0.843961
vt 0.705812 0.851235
vt 0.719133 0.862168
vt 0.726786 0.868448
vt 0.730610 0.871585
vt 0.732964 0.873517
vt 0.733759 0.874170
vt 0.893478 0.048016
vt 0.892454 0.048117
vt 0.889423 0.048414
vt 0.884502 0.048899
vt 0.877878 0.049551
vt 0.869808 0.050346
vt 0.860600 0.051252
vt 0.850609 0.052237
vt 0.694130 0.841148
vt 0.697592 0.843000
vt 0.707705 0.848404
vt 0.722902 0.856528
vt 0.731632 0.861194
vt 0.735994 0.863526
vt 0.738680 0.864962
vt 0.739588 0.865446
vt 0.893478 0.058506
vt 0.892454 0.058405
vt 0.889423 0.058107
vt 0.884502 0.057623
vt 0.877878 0.056971
vt 0.869808 0.056175
vt 0.860600 0.055267
vt 0.850609 0.054283
vt 0.694277 0.840791
vt 0.698036 0.841931
vt 0.709007 0.845259
vt 0.725498 0.850262
vt 0.734972 0.853135
vt 0.739704 0.854571
vt 0.742619 0.855455
vt 0.743603 0.855753
vt 0.891432 0.068796
vt 0.890448 0.068499
vt 0.887533 0.067614
vt 0.882801 0.066177
vt 0.876431 0.064245
vt 0.868670 0.061892
vt 0.859816 0.059206
vt 0.850208 0.056292
vt 0.694353 0.840411
vt 0.698261 0.840796
vt 0.709671 0.841920
vt 0.726822 0.843609
vt 0.736673 0.844580
vt 0.741594 0.845064
vt 0.744625 0.845363
vt 0.745649 0.845464
vt 0.887417 0.078489
vt 0.886509 0.078005
vt 0.883823 0.076569
vt 0.879461 0.074238
vt 0.873592 0.071100
vt 0.866440 0.067276
vt 0.858280 0.062916
vt 0.849426 0.058182
vt 0.694353 0.840024
vt 0.698261 0.839639
vt 0.709671 0.838516
vt 0.726822 0.836827
vt 0.736673 0.835856
vt 0.741594 0.835371
vt 0.744625 0.835073
vt 0.881588 0.087212
vt 0.745649 0.834972
vt 0.880793 0.086559
vt 0.878439 0.084627
vt 0.874615 0.081490
vt 0.869471 0.077269
vt 0.863201 0.072123
vt 0.856049 0.066254
vt 0.848288 0.059885
vt 0.694277 0.839645
vt 0.698034 0.838505
vt 0.709007 0.835177
vt 0.725498 0.830174
vt 0.734972 0.827300
vt 0.739704 0.825865
vt 0.742619 0.824981
vt 0.743603 0.824682
vt 0.874168 0.094631
vt 0.873516 0.093836
vt 0.871584 0.091482
vt 0.868446 0.087658
vt 0.864225 0.082514
vt 0.859079 0.076244
vt 0.853210 0.069092
vt 0.846842 0.061331
vt 0.694130 0.839287
vt 0.697592 0.837436
vt 0.707705 0.832031
vt 0.722902 0.823908
vt 0.731632 0.819241
vt 0.735994 0.816910
vt 0.738680 0.815474
vt 0.865446 0.100460
vt 0.739588 0.814989
vt 0.864962 0.099552
vt 0.863525 0.096867
vt 0.861195 0.092505
vt 0.858057 0.086636
vt 0.854233 0.079483
vt 0.849873 0.071323
vt 0.845139 0.062469
vt 0.693914 0.838966
vt 0.696949 0.836474
vt 0.705812 0.829201
vt 0.719133 0.818268
vt 0.726786 0.811988
vt 0.730610 0.808851
vt 0.732964 0.806919
vt 0.733759 0.806266
vt 0.855753 0.104475
vt 0.855455 0.103491
vt 0.854570 0.100576
vt 0.853134 0.095844
vt 0.851202 0.089474
vt 0.848848 0.081713
vt 0.846163 0.072859
vt 0.843248 0.063251
vt 0.693640 0.838692
vt 0.696133 0.835656
vt 0.703405 0.826793
vt 0.714338 0.813472
vt 0.720617 0.805820
vt 0.723755 0.801997
vt 0.725687 0.799643
vt 0.726339 0.798848
vt 0.845463 0.106522
vt 0.845362 0.105497
vt 0.845064 0.102467
vt 0.844580 0.097546
vt 0.843927 0.090921
vt 0.843132 0.082851
vt 0.842224 0.073643
vt 0.841240 0.063652
vt 0.693319 0.838477
vt 0.695169 0.835014
vt 0.700575 0.824902
vt 0.708698 0.809704
vt 0.713366 0.800973
vt 0.715696 0.796612
vt 0.717133 0.793926
vt 0.717617 0.793019
vt 0.834972 0.106522
vt 0.835073 0.105497
vt 0.835371 0.102467
vt 0.835855 0.097546
vt 0.836508 0.090921
vt 0.837303 0.082851
vt 0.838209 0.073643
vt 0.839193 0.063652
vt 0.840218 0.053261
vt 0.692961 0.838329
vt 0.694101 0.834571
vt 0.697430 0.823599
vt 0.702433 0.807108
vt 0.705305 0.797635
vt 0.706741 0.792902
vt 0.707626 0.789988
vt 0.707924 0.789004
vt 0.824682 0.104475
vt 0.824980 0.103491
vt 0.825865 0.100576
vt 0.827301 0.095844
vt 0.829231 0.089474
vt 0.831587 0.081713
vt 0.834272 0.072859
vt 0.837187 0.063251
vt 0.692581 0.838254
vt 0.692966 0.834345
vt 0.694090 0.822935
vt 0.695780 0.805785
vt 0.696751 0.795933
vt 0.697235 0.791011
vt 0.697533 0.787981
vt 0.697634 0.786957
vt 0.814989 0.100460
vt 0.815474 0.099552
vt 0.816910 0.096867
vt 0.819241 0.092505
vt 0.822378 0.086636
vt 0.826200 0.079483
vt 0.830563 0.071323
vt 0.835295 0.062469
vt 0.692196 0.838254
vt 0.691811 0.834345
vt 0.690685 0.822935
vt 0.688997 0.805785
vt 0.688026 0.795933
vt 0.687542 0.791011
vt 0.687243 0.787981
vt 0.687143 0.786957
vt 0.806265 0.094631
vt 0.806917 0.093836
vt 0.808849 0.091482
vt 0.811987 0.087658
vt 0.816210 0.082514
vt 0.821356 0.076244
vt 0.827225 0.069092
vt 0.833593 0.061331
vt 0.691816 0.838329
vt 0.690676 0.834571
vt 0.687347 0.823599
vt 0.682344 0.807108
vt 0.679472 0.797635
vt 0.678036 0.792902
vt 0.677151 0.789988
vt 0.676853 0.789004
vt 0.798847 0.087212
vt 0.799643 0.086559
vt 0.801996 0.084627
vt 0.805819 0.081491
vt 0.810965 0.077269
vt 0.817234 0.072123
vt 0.824387 0.066254
vt 0.832146 0.059885
vt 0.691458 0.838477
vt 0.689608 0.835014
vt 0.684202 0.824902
vt 0.676079 0.809704
vt 0.671412 0.800973
vt 0.669081 0.796612
vt 0.667645 0.793926
vt 0.667160 0.793019
vt 0.793018 0.078489
vt 0.793926 0.078005
vt 0.796612 0.076569
vt 0.800972 0.074238
vt 0.806843 0.071100
vt 0.813995 0.067276
vt 0.822155 0.062916
vt 0.831009 0.058182
vt 0.691135 0.838692
vt 0.688644 0.835656
vt 0.681372 0.826793
vt 0.670439 0.813472
vt 0.664158 0.805820
vt 0.661020 0.801997
vt 0.659088 0.799643
vt 0.658436 0.798848
vt 0.789003 0.068796
vt 0.789988 0.068499
vt 0.792902 0.067614
vt 0.797634 0.066177
vt 0.804005 0.064245
vt 0.811764 0.061892
vt 0.820620 0.059206
vt 0.830227 0.056292
vt 0.690863 0.838966
vt 0.687826 0.836474
vt 0.678965 0.829201
vt 0.665642 0.818268
vt 0.657990 0.811988
vt 0.654167 0.808851
vt 0.651814 0.806919
vt 0.651018 0.806266
vt 0.786957 0.058506
vt 0.787981 0.058405
vt 0.791012 0.058107
vt 0.795933 0.057623
vt 0.802557 0.056971
vt 0.810627 0.056175
vt 0.819836 0.055267
vt 0.829826 0.054285
vt 0.690647 0.839287
vt 0.687183 0.837436
vt 0.677073 0.832031
vt 0.661875 0.823908
vt 0.653143 0.819241
vt 0.648783 0.816910
vt 0.646097 0.815474
vt 0.786957 0.048016
vt 0.645189 0.814990
vt 0.787981 0.048117
vt 0.791012 0.048414
vt 0.795933 0.048899
vt 0.802557 0.049551
vt 0.810627 0.050346
vt 0.819836 0.051252
vt 0.829826 0.052237
vt 0.690500 0.839645
vt 0.686741 0.838505
vt 0.675770 0.835177
vt 0.659279 0.830174
vt 0.649805 0.827301
vt 0.645073 0.825865
vt 0.642159 0.824981
vt 0.641174 0.824682
vt 0.789003 0.037725
vt 0.789988 0.038023
vt 0.792902 0.038908
vt 0.797634 0.040344
vt 0.804005 0.042274
vt 0.811764 0.044630
vt 0.820620 0.047316
vt 0.830227 0.050230
vt 0.690424 0.840024
vt 0.686516 0.839639
vt 0.675106 0.838516
vt 0.657955 0.836827
vt 0.648104 0.835856
vt 0.643183 0.835371
vt 0.640152 0.835073
vt 0.793018 0.028032
vt 0.639128 0.834972
vt 0.793926 0.028517
vt 0.796612 0.029953
vt 0.800972 0.032284
vt 0.806843 0.035421
vt 0.813995 0.039244
vt 0.822155 0.043606
vt 0.831009 0.048338
vt 0.690424 0.840411
vt 0.686516 0.840796
vt 0.675106 0.841920
vt 0.657955 0.843609
vt 0.648104 0.844580
vt 0.643183 0.845064
vt 0.640152 0.845363
vt 0.639128 0.845464
vt 0.798847 0.019308
vt 0.799643 0.019962
vt 0.801996 0.021893
vt 0.805819 0.025030
vt 0.810965 0.029253
vt 0.817234 0.034399
vt 0.824387 0.040268
vt 0.832146 0.046637
vt 0.690500 0.840791
vt 0.686741 0.841931
vt 0.659279 0.850262
vt 0.645073 0.854571
vt 0.808849 0.015039
vt 0.816210 0.024008
vt 0.821356 0.030277
vt 0.827225 0.037430
vt 0.833593 0.045189
vt 0.356207 0.845259
vt 0.330242 0.853135
vt 0.322596 0.855455
vt 0.321611 0.855753
vt 0.798847 0.445395
vt 0.799643 0.446047
vt 0.805819 0.451117
vt 0.371084 0.841148
vt 0.367620 0.843000
vt 0.357510 0.848405
vt 0.342312 0.856528
vt 0.333580 0.861195
vt 0.329220 0.863526
vt 0.326534 0.864962
vt 0.325626 0.865446
vt 0.806265 0.437976
vt 0.806917 0.438771
vt 0.808849 0.441125
vt 0.811987 0.444948
vt 0.816210 0.450093
vt 0.821354 0.456362
vt 0.827225 0.463514
vt 0.833593 0.471275
vt 0.371300 0.841470
vt 0.368263 0.843961
vt 0.359402 0.851235
vt 0.346079 0.862168
vt 0.338427 0.868448
vt 0.334604 0.871585
vt 0.332251 0.873517
vt 0.331455 0.874170
vt 0.814989 0.432147
vt 0.815474 0.433054
vt 0.816910 0.435740
vt 0.819241 0.440102
vt 0.822378 0.445971
vt 0.826200 0.453124
vt 0.830563 0.461284
vt 0.835295 0.470139
vt 0.371572 0.841744
vt 0.369081 0.844779
vt 0.361809 0.853642
vt 0.350876 0.866964
vt 0.344595 0.874616
vt 0.341457 0.878439
vt 0.339525 0.880793
vt 0.338873 0.881588
vt 0.824682 0.428132
vt 0.824980 0.429116
vt 0.825865 0.432031
vt 0.827299 0.436764
vt 0.829231 0.443132
vt 0.831587 0.450893
vt 0.834272 0.459747
vt 0.837187 0.469355
vt 0.371895 0.841959
vt 0.370045 0.845422
vt 0.364639 0.855534
vt 0.356516 0.870732
vt 0.351849 0.879462
vt 0.349518 0.883824
vt 0.348082 0.886510
vt 0.347597 0.887417
vt 0.834972 0.426085
vt 0.835072 0.427109
vt 0.835371 0.430140
vt 0.835855 0.435061
vt 0.836508 0.441685
vt 0.837303 0.449756
vt 0.838209 0.458964
vt 0.839193 0.468956
vt 0.372253 0.842107
vt 0.371113 0.845865
vt 0.367785 0.856837
vt 0.362782 0.873328
vt 0.359907 0.882801
vt 0.358473 0.887533
vt 0.357588 0.890448
vt 0.357290 0.891432
vt 0.845463 0.426085
vt 0.845362 0.427109
vt 0.845064 0.430140
vt 0.844580 0.435061
vt 0.843927 0.441685
vt 0.843132 0.449756
vt 0.842224 0.458964
vt 0.841240 0.468956
vt 0.372826 0.840218
vt 0.372633 0.842182
vt 0.372248 0.846091
vt 0.371122 0.857501
vt 0.369434 0.874651
vt 0.368464 0.884503
vt 0.367979 0.889424
vt 0.367680 0.892455
vt 0.367580 0.893479
vt 0.855753 0.428132
vt 0.855455 0.429116
vt 0.854570 0.432031
vt 0.853134 0.436764
vt 0.851202 0.443132
vt 0.848848 0.450893
vt 0.846163 0.459747
vt 0.843248 0.469355
vt 0.373018 0.842182
vt 0.373404 0.846091
vt 0.374527 0.857501
vt 0.376217 0.874651
vt 0.377188 0.884503
vt 0.377672 0.889424
vt 0.377970 0.892455
vt 0.378071 0.893479
vt 0.865446 0.432147
vt 0.864962 0.433054
vt 0.863525 0.435740
vt 0.861195 0.440102
vt 0.858057 0.445971
vt 0.854233 0.453124
vt 0.849873 0.461284
vt 0.845139 0.470139
vt 0.373398 0.842107
vt 0.374538 0.845865
vt 0.377867 0.856837
vt 0.382870 0.873328
vt 0.385742 0.882801
vt 0.387178 0.887533
vt 0.388063 0.890448
vt 0.388361 0.891432
vt 0.874168 0.437976
vt 0.873516 0.438771
vt 0.871584 0.441125
vt 0.868446 0.444948
vt 0.864225 0.450093
vt 0.859079 0.456362
vt 0.853210 0.463514
vt 0.846842 0.471275
vt 0.373756 0.841959
vt 0.375607 0.845422
vt 0.381012 0.855534
vt 0.389135 0.870732
vt 0.393803 0.879462
vt 0.396133 0.883824
vt 0.397570 0.886510
vt 0.398054 0.887417
vt 0.881588 0.445395
vt 0.880793 0.446047
vt 0.878439 0.447979
vt 0.874615 0.451117
vt 0.869471 0.455338
vt 0.863201 0.460484
vt 0.856049 0.466353
vt 0.848288 0.472722
vt 0.374077 0.841744
vt 0.376570 0.844779
vt 0.383842 0.853642
vt 0.394775 0.866964
vt 0.401054 0.874616
vt 0.404192 0.878439
vt 0.406124 0.880793
vt 0.406776 0.881588
vt 0.887417 0.454118
vt 0.886509 0.454602
vt 0.883823 0.456038
vt 0.879461 0.458369
vt 0.873592 0.461507
vt 0.866440 0.465330
vt 0.858280 0.469691
vt 0.849426 0.474424
vt 0.374352 0.841470
vt 0.377386 0.843961
vt 0.386250 0.851235
vt 0.399570 0.862168
vt 0.407223 0.868448
vt 0.411047 0.871585
vt 0.413401 0.873517
vt 0.414196 0.874170
vt 0.891432 0.463811
vt 0.890448 0.464109
vt 0.887533 0.464993
vt 0.882801 0.466429
vt 0.876431 0.468361
vt 0.868670 0.470715
vt 0.859816 0.473401
vt 0.850208 0.476315
vt 0.374567 0.841148
vt 0.378029 0.843000
vt 0.388142 0.848404
vt 0.403339 0.856528
vt 0.412069 0.861195
vt 0.416431 0.863526
vt 0.419117 0.864962
vt 0.420025 0.865446
vt 0.893478 0.474100
vt 0.892454 0.474201
vt 0.889423 0.474500
vt 0.884502 0.474984
vt 0.877878 0.475636
vt 0.869808 0.476432
vt 0.860600 0.477339
vt 0.850609 0.478323
vt 0.374714 0.840791
vt 0.378473 0.841931
vt 0.389444 0.845259
vt 0.405935 0.850262
vt 0.415409 0.853135
vt 0.420141 0.854571
vt 0.423056 0.855455
vt 0.424040 0.855753
vt 0.893478 0.484591
vt 0.892454 0.484491
vt 0.889423 0.484193
vt 0.884502 0.483707
vt 0.877878 0.483055
vt 0.869808 0.482261
vt 0.860600 0.481354
vt 0.850609 0.480370
vt 0.374790 0.840411
vt 0.378698 0.840796
vt 0.390108 0.841920
vt 0.407259 0.843609
vt 0.417110 0.844580
vt 0.422031 0.845064
vt 0.425062 0.845363
vt 0.426086 0.845464
vt 0.891432 0.494882
vt 0.890448 0.494583
vt 0.887533 0.493699
vt 0.882801 0.492264
vt 0.876431 0.490332
vt 0.868670 0.487977
vt 0.859816 0.485291
vt 0.850208 0.482377
vt 0.374790 0.840024
vt 0.378698 0.839639
vt 0.390108 0.838516
vt 0.407259 0.836827
vt 0.417110 0.835856
vt 0.422031 0.835371
vt 0.425062 0.835073
vt 0.887417 0.504575
vt 0.426086 0.834972
vt 0.886509 0.504089
vt 0.883823 0.502654
vt 0.879461 0.500322
vt 0.873592 0.497186
vt 0.866440 0.493362
vt 0.858280 0.489000
vt 0.849426 0.484268
vt 0.374714 0.839645
vt 0.378473 0.838505
vt 0.389444 0.835177
vt 0.405935 0.830174
vt 0.415409 0.827301
vt 0.420141 0.825865
vt 0.423056 0.824981
vt 0.424040 0.824682
vt 0.881588 0.513298
vt 0.880793 0.512646
vt 0.878439 0.510714
vt 0.874615 0.507576
vt 0.869471 0.503354
vt 0.863201 0.498209
vt 0.856049 0.492339
vt 0.848288 0.485970
vt 0.374567 0.839288
vt 0.378029 0.837436
vt 0.388142 0.832031
vt 0.403339 0.823908
vt 0.412069 0.819241
vt 0.416431 0.816910
vt 0.419117 0.815474
vt 0.874168 0.520717
vt 0.420025 0.814990
vt 0.873516 0.519921
vt 0.871584 0.517568
vt 0.868446 0.513744
vt 0.864225 0.508599
vt 0.859079 0.502330
vt 0.853210 0.495178
vt 0.846842 0.487417
vt 0.374352 0.838966
vt 0.377386 0.836474
vt 0.386250 0.829201
vt 0.399570 0.818268
vt 0.407223 0.811988
vt 0.411047 0.808851
vt 0.413401 0.806919
vt 0.414196 0.806266
vt 0.865446 0.526546
vt 0.864962 0.525639
vt 0.863525 0.522952
vt 0.861195 0.518591
vt 0.858057 0.512721
vt 0.854233 0.505569
vt 0.849873 0.497409
vt 0.845139 0.488554
vt 0.374077 0.838692
vt 0.376570 0.835656
vt 0.383842 0.826793
vt 0.394775 0.813472
vt 0.401054 0.805820
vt 0.404192 0.801997
vt 0.406124 0.799643
vt 0.406776 0.798848
vt 0.855753 0.530560
vt 0.855455 0.529576
vt 0.854570 0.526662
vt 0.853134 0.521929
vt 0.851202 0.515560
vt 0.848848 0.507799
vt 0.846163 0.498945
vt 0.843248 0.489338
vt 0.373756 0.838477
vt 0.375607 0.835014
vt 0.381012 0.824902
vt 0.389135 0.809704
vt 0.393803 0.800973
vt 0.396133 0.796612
vt 0.397570 0.793926
vt 0.398054 0.793019
vt 0.845463 0.532607
vt 0.845362 0.531584
vt 0.845064 0.528553
vt 0.844580 0.523631
vt 0.843927 0.517007
vt 0.843132 0.508936
vt 0.842224 0.499728
vt 0.841240 0.489737
vt 0.840218 0.479346
vt 0.373398 0.838329
vt 0.374538 0.834571
vt 0.377867 0.823599
vt 0.382870 0.807108
vt 0.385742 0.797635
vt 0.387178 0.792902
vt 0.388063 0.789988
vt 0.388361 0.789004
vt 0.834972 0.532607
vt 0.835073 0.531584
vt 0.835371 0.528553
vt 0.835855 0.523631
vt 0.836508 0.517007
vt 0.837303 0.508936
vt 0.838209 0.499728
vt 0.839193 0.489737
vt 0.373018 0.838254
vt 0.373404 0.834345
vt 0.374527 0.822935
vt 0.376217 0.805785
vt 0.377188 0.795933
vt 0.377672 0.791012
vt 0.377970 0.787981
vt 0.378071 0.786957
vt 0.824682 0.530560
vt 0.824980 0.529576
vt 0.825865 0.526662
vt 0.827301 0.521929
vt 0.829231 0.515560
vt 0.831587 0.507799
vt 0.834272 0.498945
vt 0.837187 0.489338
vt 0.372633 0.838254
vt 0.372248 0.834345
vt 0.371122 0.822935
vt 0.369434 0.805785
vt 0.368464 0.795933
vt 0.367979 0.791012
vt 0.367680 0.787981
vt 0.367580 0.786957
vt 0.814989 0.526546
vt 0.815474 0.525639
vt 0.816910 0.522952
vt 0.819241 0.518591
vt 0.822378 0.512721
vt 0.826200 0.505569
vt 0.830563 0.497409
vt 0.835295 0.488554
vt 0.372253 0.838329
vt 0.371113 0.834571
vt 0.367785 0.823599
vt 0.362782 0.807108
vt 0.359909 0.797635
vt 0.358473 0.792902
vt 0.357588 0.789988
vt 0.357290 0.789004
vt 0.806265 0.520717
vt 0.806917 0.519921
vt 0.808849 0.517568
vt 0.811987 0.513744
vt 0.816210 0.508599
vt 0.821356 0.502330
vt 0.827225 0.495178
vt 0.833593 0.487417
vt 0.371895 0.838477
vt 0.370045 0.835014
vt 0.364639 0.824902
vt 0.356516 0.809704
vt 0.351849 0.800973
vt 0.349518 0.796612
vt 0.348082 0.793926
vt 0.347597 0.793019
vt 0.798847 0.513298
vt 0.799643 0.512646
vt 0.801996 0.510714
vt 0.805819 0.507576
vt 0.810965 0.503354
vt 0.817234 0.498209
vt 0.824387 0.492339
vt 0.832146 0.485970
vt 0.371572 0.838692
vt 0.369081 0.835656
vt 0.361809 0.826793
vt 0.350876 0.813472
vt 0.344595 0.805820
vt 0.341457 0.801997
vt 0.339525 0.799643
vt 0.338873 0.798848
vt 0.793018 0.504575
vt 0.793926 0.504089
vt 0.796612 0.502654
vt 0.800972 0.500323
vt 0.806843 0.497186
vt 0.813995 0.493362
vt 0.822155 0.489000
vt 0.831009 0.484268
vt 0.371300 0.838966
vt 0.368263 0.836474
vt 0.359402 0.829201
vt 0.346079 0.818268
vt 0.338427 0.811988
vt 0.334604 0.808851
vt 0.332251 0.806919
vt 0.331455 0.806266
vt 0.789003 0.494882
vt 0.789988 0.494583
vt 0.792902 0.493699
vt 0.797634 0.492264
vt 0.804005 0.490332
vt 0.811764 0.487977
vt 0.820620 0.485291
vt 0.830227 0.482377
vt 0.371084 0.839288
vt 0.367620 0.837436
vt 0.357510 0.832031
vt 0.342312 0.823908
vt 0.333580 0.819241
vt 0.329220 0.816910
vt 0.326534 0.815474
vt 0.786957 0.484591
vt 0.325626 0.814990
vt 0.787981 0.484491
vt 0.791012 0.484193
vt 0.795933 0.483707
vt 0.802557 0.483055
vt 0.810627 0.482261
vt 0.819836 0.481354
vt 0.829826 0.480370
vt 0.370937 0.839645
vt 0.367178 0.838505
vt 0.356207 0.835177
vt 0.339716 0.830174
vt 0.330242 0.827301
vt 0.325510 0.825865
vt 0.322596 0.824981
vt 0.321611 0.824682
vt 0.786957 0.474100
vt 0.787981 0.474201
vt 0.791012 0.474500
vt 0.795933 0.474984
vt 0.802557 0.475636
vt 0.810627 0.476432
vt 0.819836 0.477339
vt 0.829826 0.478323
vt 0.370861 0.840024
vt 0.366953 0.839639
vt 0.355543 0.838516
vt 0.338392 0.836827
vt 0.328541 0.835856
vt 0.323620 0.835371
vt 0.320589 0.835073
vt 0.789003 0.463811
vt 0.319565 0.834972
vt 0.789988 0.464109
vt 0.792902 0.464993
vt 0.797634 0.466429
vt 0.804005 0.468361
vt 0.811764 0.470716
vt 0.820620 0.473401
vt 0.830227 0.476315
vt 0.370861 0.840411
vt 0.366953 0.840796
vt 0.355543 0.841920
vt 0.338392 0.843609
vt 0.328541 0.844580
vt 0.323620 0.845064
vt 0.320589 0.845363
vt 0.319565 0.845464
vt 0.793018 0.454118
vt 0.793926 0.454602
vt 0.796612 0.456038
vt 0.800972 0.458369
vt 0.806843 0.461507
vt 0.813995 0.465330
vt 0.822155 0.469691
vt 0.831009 0.474424
vt 0.370937 0.840791
vt 0.367178 0.841931
vt 0.339716 0.850262
vt 0.325510 0.854571
vt 0.801996 0.447979
vt 0.810965 0.455338
vt 0.817234 0.460484
vt 0.824387 0.466353
vt 0.832146 0.472723
vt 0.823598 0.271345
vt 0.797635 0.279221
vt 0.789988 0.281540
vt 0.789003 0.281839
vt 0.793018 0.347596
vt 0.793925 0.348081
vt 0.800973 0.351848
vt 0.838477 0.267234
vt 0.835013 0.269085
vt 0.824902 0.274490
vt 0.809703 0.282614
vt 0.800973 0.287280
vt 0.796611 0.289611
vt 0.793925 0.291047
vt 0.793018 0.291532
vt 0.798847 0.338873
vt 0.799642 0.339525
vt 0.801996 0.341457
vt 0.805819 0.344595
vt 0.810964 0.348817
vt 0.817233 0.353962
vt 0.824386 0.359832
vt 0.832147 0.366201
vt 0.838692 0.267556
vt 0.835656 0.270047
vt 0.826793 0.277321
vt 0.813472 0.288253
vt 0.805820 0.294533
vt 0.801996 0.297671
vt 0.799642 0.299603
vt 0.798847 0.300255
vt 0.806266 0.331454
vt 0.806918 0.332249
vt 0.808850 0.334603
vt 0.811987 0.338427
vt 0.816210 0.343571
vt 0.821355 0.349841
vt 0.827225 0.356993
vt 0.833594 0.364754
vt 0.838965 0.267829
vt 0.836474 0.270865
vt 0.829200 0.279728
vt 0.818268 0.293049
vt 0.811987 0.300702
vt 0.808850 0.304524
vt 0.806918 0.306879
vt 0.806266 0.307673
vt 0.814989 0.325625
vt 0.815474 0.326532
vt 0.816909 0.329218
vt 0.819241 0.333580
vt 0.822378 0.339450
vt 0.826201 0.346602
vt 0.830563 0.354762
vt 0.835296 0.363616
vt 0.839287 0.268044
vt 0.837436 0.271508
vt 0.832031 0.281620
vt 0.823907 0.296817
vt 0.819241 0.305548
vt 0.816909 0.309910
vt 0.815474 0.312595
vt 0.824682 0.321610
vt 0.814989 0.313502
vt 0.824980 0.322595
vt 0.825864 0.325509
vt 0.827300 0.330242
vt 0.829232 0.336611
vt 0.831586 0.344372
vt 0.834272 0.353226
vt 0.837187 0.362833
vt 0.839644 0.268192
vt 0.838504 0.271950
vt 0.835176 0.282922
vt 0.830173 0.299413
vt 0.827300 0.308886
vt 0.825864 0.313619
vt 0.824980 0.316533
vt 0.824682 0.317517
vt 0.834972 0.319564
vt 0.835073 0.320587
vt 0.835371 0.323618
vt 0.835856 0.328540
vt 0.836508 0.335164
vt 0.837303 0.343235
vt 0.838210 0.352443
vt 0.839194 0.362434
vt 0.840218 0.266304
vt 0.840024 0.268268
vt 0.839639 0.272176
vt 0.838515 0.283587
vt 0.836826 0.300736
vt 0.835856 0.310588
vt 0.835371 0.315510
vt 0.835073 0.318541
vt 0.834972 0.319564
vt 0.845463 0.319564
vt 0.845362 0.320587
vt 0.845064 0.323618
vt 0.844579 0.328540
vt 0.843927 0.335164
vt 0.843132 0.343235
vt 0.842225 0.352443
vt 0.841241 0.362434
vt 0.840411 0.268268
vt 0.840796 0.272176
vt 0.841920 0.283587
vt 0.843609 0.300736
vt 0.844579 0.310588
vt 0.845064 0.315510
vt 0.845362 0.318541
vt 0.845463 0.319564
vt 0.855753 0.321610
vt 0.855454 0.322595
vt 0.854570 0.325509
vt 0.853135 0.330242
vt 0.851202 0.336611
vt 0.848848 0.344372
vt 0.846163 0.353226
vt 0.843248 0.362833
vt 0.840790 0.268192
vt 0.841930 0.271950
vt 0.845259 0.282922
vt 0.850261 0.299413
vt 0.853135 0.308886
vt 0.854570 0.313619
vt 0.855454 0.316533
vt 0.855753 0.317517
vt 0.865446 0.325625
vt 0.864961 0.326532
vt 0.863525 0.329218
vt 0.861194 0.333580
vt 0.858057 0.339450
vt 0.854234 0.346602
vt 0.849872 0.354762
vt 0.845139 0.363616
vt 0.841148 0.268044
vt 0.842999 0.271508
vt 0.848404 0.281620
vt 0.856528 0.296818
vt 0.861194 0.305548
vt 0.863525 0.309910
vt 0.864961 0.312595
vt 0.865446 0.313502
vt 0.874169 0.331454
vt 0.873517 0.332249
vt 0.871585 0.334603
vt 0.868447 0.338427
vt 0.864225 0.343571
vt 0.859080 0.349841
vt 0.853210 0.356993
vt 0.846841 0.364754
vt 0.841470 0.267829
vt 0.843961 0.270865
vt 0.851235 0.279728
vt 0.862167 0.293049
vt 0.868447 0.300702
vt 0.871585 0.304524
vt 0.873517 0.306879
vt 0.874169 0.307673
vt 0.881588 0.338873
vt 0.880793 0.339525
vt 0.878438 0.341457
vt 0.874616 0.344595
vt 0.869471 0.348817
vt 0.863202 0.353962
vt 0.856049 0.359832
vt 0.848289 0.366201
vt 0.841743 0.267556
vt 0.844779 0.270047
vt 0.853642 0.277321
vt 0.866963 0.288253
vt 0.874616 0.294533
vt 0.878438 0.297671
vt 0.880793 0.299603
vt 0.881588 0.300255
vt 0.887416 0.347596
vt 0.886509 0.348081
vt 0.883823 0.349516
vt 0.879462 0.351848
vt 0.873592 0.354985
vt 0.866440 0.358809
vt 0.858280 0.363170
vt 0.849425 0.367903
vt 0.841958 0.267234
vt 0.845422 0.269085
vt 0.855534 0.274490
vt 0.870731 0.282614
vt 0.879462 0.287280
vt 0.883823 0.289611
vt 0.886509 0.291047
vt 0.887416 0.291532
vt 0.891431 0.357289
vt 0.890447 0.357587
vt 0.887533 0.358471
vt 0.882800 0.359907
vt 0.876431 0.361839
vt 0.868670 0.364193
vt 0.859816 0.366879
vt 0.850209 0.369794
vt 0.842106 0.266876
vt 0.845864 0.268016
vt 0.856836 0.271345
vt 0.873327 0.276347
vt 0.882800 0.279221
vt 0.887533 0.280656
vt 0.890447 0.281540
vt 0.891431 0.281839
vt 0.893478 0.367579
vt 0.892455 0.367680
vt 0.889424 0.367978
vt 0.884502 0.368463
vt 0.877879 0.369115
vt 0.869808 0.369910
vt 0.860600 0.370817
vt 0.850608 0.371801
vt 0.842182 0.266497
vt 0.846090 0.266882
vt 0.857501 0.268006
vt 0.874650 0.269695
vt 0.884502 0.270665
vt 0.889424 0.271150
vt 0.892455 0.271448
vt 0.893478 0.271549
vt 0.893478 0.378070
vt 0.892455 0.377969
vt 0.889424 0.377671
vt 0.884502 0.377186
vt 0.877879 0.376534
vt 0.869808 0.375739
vt 0.860600 0.374832
vt 0.850608 0.373848
vt 0.842182 0.266110
vt 0.846090 0.265725
vt 0.857501 0.264601
vt 0.874650 0.262912
vt 0.884502 0.261942
vt 0.889424 0.261457
vt 0.892455 0.261158
vt 0.891431 0.388360
vt 0.893478 0.261058
vt 0.890447 0.388062
vt 0.887533 0.387177
vt 0.882800 0.385742
vt 0.876431 0.383810
vt 0.868670 0.381455
vt 0.859816 0.378770
vt 0.850209 0.375855
vt 0.842106 0.265730
vt 0.845864 0.264590
vt 0.856836 0.261262
vt 0.873327 0.256259
vt 0.882800 0.253386
vt 0.887533 0.251950
vt 0.890447 0.251066
vt 0.891431 0.250768
vt 0.887416 0.398053
vt 0.886509 0.397568
vt 0.883824 0.396132
vt 0.879462 0.393801
vt 0.873592 0.390664
vt 0.866440 0.386841
vt 0.858280 0.382479
vt 0.849425 0.377747
vt 0.841958 0.265373
vt 0.845422 0.263522
vt 0.855534 0.258117
vt 0.870731 0.249993
vt 0.879462 0.245327
vt 0.883824 0.242995
vt 0.886509 0.241560
vt 0.881588 0.406776
vt 0.887416 0.241075
vt 0.880793 0.406124
vt 0.878438 0.404192
vt 0.874616 0.401054
vt 0.869471 0.396832
vt 0.863202 0.391687
vt 0.856049 0.385818
vt 0.848289 0.379448
vt 0.841743 0.265051
vt 0.844779 0.262560
vt 0.853642 0.255286
vt 0.866963 0.244354
vt 0.874616 0.238073
vt 0.878438 0.234936
vt 0.880793 0.233004
vt 0.881588 0.232352
vt 0.874169 0.414195
vt 0.873517 0.413400
vt 0.871585 0.411046
vt 0.868447 0.407223
vt 0.864225 0.402078
vt 0.859080 0.395809
vt 0.853210 0.388656
vt 0.846841 0.380896
vt 0.841470 0.264778
vt 0.843961 0.261742
vt 0.851235 0.252879
vt 0.862167 0.239558
vt 0.868447 0.231905
vt 0.871585 0.228082
vt 0.873517 0.225728
vt 0.874169 0.224933
vt 0.865446 0.420023
vt 0.864961 0.419116
vt 0.863525 0.416431
vt 0.861194 0.412069
vt 0.858057 0.406199
vt 0.854234 0.399047
vt 0.849872 0.390887
vt 0.845139 0.382032
vt 0.841148 0.264563
vt 0.842999 0.261099
vt 0.848404 0.250988
vt 0.856528 0.235789
vt 0.861194 0.227059
vt 0.863525 0.222697
vt 0.864961 0.220011
vt 0.865446 0.219104
vt 0.855753 0.424038
vt 0.855454 0.423054
vt 0.854570 0.420140
vt 0.853135 0.415407
vt 0.851203 0.409038
vt 0.848848 0.401278
vt 0.846163 0.392423
vt 0.843248 0.382816
vt 0.840218 0.372825
vt 0.840790 0.264415
vt 0.841930 0.260656
vt 0.845259 0.249684
vt 0.850261 0.233194
vt 0.853135 0.223721
vt 0.854570 0.218988
vt 0.855454 0.216074
vt 0.855753 0.215089
vt 0.845463 0.426085
vt 0.845362 0.425062
vt 0.845064 0.422031
vt 0.844579 0.417109
vt 0.843927 0.410486
vt 0.843132 0.402415
vt 0.842225 0.393207
vt 0.841241 0.383215
vt 0.840411 0.264339
vt 0.840796 0.260431
vt 0.841920 0.249021
vt 0.843609 0.231870
vt 0.844579 0.222019
vt 0.845064 0.217097
vt 0.845362 0.214066
vt 0.845463 0.213043
vt 0.834972 0.426085
vt 0.835073 0.425062
vt 0.835371 0.422031
vt 0.835856 0.417109
vt 0.836508 0.410486
vt 0.837303 0.402415
vt 0.838210 0.393207
vt 0.839194 0.383215
vt 0.840024 0.264339
vt 0.839639 0.260431
vt 0.838515 0.249021
vt 0.836826 0.231870
vt 0.835856 0.222019
vt 0.835371 0.217097
vt 0.835073 0.214066
vt 0.834972 0.213043
vt 0.824682 0.424038
vt 0.824980 0.423054
vt 0.825864 0.420140
vt 0.827300 0.415407
vt 0.829232 0.409038
vt 0.831586 0.401278
vt 0.834272 0.392423
vt 0.837187 0.382816
vt 0.839644 0.264415
vt 0.838504 0.260656
vt 0.835176 0.249684
vt 0.830173 0.233193
vt 0.827300 0.223721
vt 0.825864 0.218988
vt 0.824980 0.216074
vt 0.824682 0.215089
vt 0.814989 0.420023
vt 0.815474 0.419116
vt 0.816909 0.416431
vt 0.819241 0.412069
vt 0.822378 0.406199
vt 0.826201 0.399047
vt 0.830563 0.390887
vt 0.835296 0.382033
vt 0.839287 0.264563
vt 0.837436 0.261099
vt 0.832031 0.250988
vt 0.823907 0.235789
vt 0.819241 0.227059
vt 0.816909 0.222697
vt 0.815474 0.220011
vt 0.814989 0.219104
vt 0.806266 0.414195
vt 0.806918 0.413400
vt 0.808850 0.411046
vt 0.811988 0.407223
vt 0.816210 0.402078
vt 0.821355 0.395809
vt 0.827225 0.388656
vt 0.833594 0.380896
vt 0.838965 0.264778
vt 0.836474 0.261742
vt 0.829200 0.252879
vt 0.818268 0.239558
vt 0.811987 0.231905
vt 0.808850 0.228082
vt 0.806918 0.225728
vt 0.806266 0.224933
vt 0.798847 0.406776
vt 0.799642 0.406124
vt 0.801996 0.404192
vt 0.805820 0.401054
vt 0.810964 0.396832
vt 0.817234 0.391687
vt 0.824386 0.385818
vt 0.832147 0.379448
vt 0.838692 0.265051
vt 0.835656 0.262560
vt 0.826793 0.255286
vt 0.813472 0.244354
vt 0.805820 0.238073
vt 0.801996 0.234936
vt 0.799642 0.233004
vt 0.798847 0.232352
vt 0.793018 0.398053
vt 0.793925 0.397568
vt 0.796611 0.396132
vt 0.800973 0.393801
vt 0.806843 0.390664
vt 0.813995 0.386841
vt 0.822155 0.382479
vt 0.831009 0.377747
vt 0.838477 0.265373
vt 0.835013 0.263522
vt 0.824902 0.258117
vt 0.809703 0.249993
vt 0.800973 0.245327
vt 0.796611 0.242995
vt 0.793925 0.241560
vt 0.789003 0.388360
vt 0.793018 0.241075
vt 0.789988 0.388062
vt 0.792902 0.387177
vt 0.797635 0.385742
vt 0.804004 0.383810
vt 0.811765 0.381456
vt 0.820619 0.378770
vt 0.830226 0.375855
vt 0.838329 0.265730
vt 0.834570 0.264590
vt 0.823598 0.261262
vt 0.807107 0.256259
vt 0.797635 0.253386
vt 0.792902 0.251950
vt 0.789988 0.251066
vt 0.789003 0.250768
vt 0.786957 0.378070
vt 0.787980 0.377970
vt 0.791011 0.377671
vt 0.795933 0.377186
vt 0.802557 0.376534
vt 0.810627 0.375739
vt 0.819836 0.374832
vt 0.829827 0.373848
vt 0.838253 0.266110
vt 0.834345 0.265725
vt 0.822935 0.264601
vt 0.805784 0.262912
vt 0.795933 0.261942
vt 0.791011 0.261457
vt 0.787980 0.261158
vt 0.786957 0.367579
vt 0.786957 0.261058
vt 0.787980 0.367680
vt 0.791011 0.367978
vt 0.795933 0.368463
vt 0.802557 0.369115
vt 0.810627 0.369910
vt 0.819836 0.370817
vt 0.829827 0.371801
vt 0.838253 0.266497
vt 0.834345 0.266882
vt 0.822935 0.268006
vt 0.805784 0.269695
vt 0.795933 0.270665
vt 0.791011 0.271150
vt 0.787980 0.271448
vt 0.786957 0.271549
vt 0.789003 0.357289
vt 0.789988 0.357587
vt 0.792902 0.358471
vt 0.797635 0.359907
vt 0.804004 0.361839
vt 0.811765 0.364193
vt 0.820619 0.366879
vt 0.830226 0.369794
vt 0.838329 0.266876
vt 0.834570 0.268016
vt 0.807107 0.276347
vt 0.792902 0.280656
vt 0.796611 0.349516
vt 0.806843 0.354985
vt 0.813995 0.358809
vt 0.822155 0.363170
vt 0.831009 0.367903
vt 0.855534 0.577681
vt 0.879461 0.564891
vt 0.886509 0.561124
vt 0.887417 0.560639
vt 0.206982 0.865446
vt 0.206074 0.864961
vt 0.199026 0.861194
vt 0.841743 0.584615
vt 0.844778 0.582124
vt 0.853642 0.574850
vt 0.866962 0.563918
vt 0.874615 0.557638
vt 0.878439 0.554500
vt 0.880793 0.552568
vt 0.881588 0.551916
vt 0.201153 0.874169
vt 0.200357 0.873517
vt 0.198004 0.871585
vt 0.194180 0.868447
vt 0.189035 0.864225
vt 0.182766 0.859080
vt 0.175613 0.853210
vt 0.167852 0.846841
vt 0.841469 0.584342
vt 0.843962 0.581306
vt 0.851234 0.572443
vt 0.862167 0.559122
vt 0.868448 0.551469
vt 0.871584 0.547646
vt 0.873516 0.545292
vt 0.874168 0.544497
vt 0.193733 0.881588
vt 0.193081 0.880793
vt 0.191149 0.878439
vt 0.188013 0.874616
vt 0.183790 0.869471
vt 0.178644 0.863201
vt 0.172775 0.856050
vt 0.166407 0.848289
vt 0.841148 0.584127
vt 0.842999 0.580663
vt 0.848404 0.570552
vt 0.856527 0.555353
vt 0.861195 0.546623
vt 0.863525 0.542261
vt 0.864962 0.539575
vt 0.865446 0.538669
vt 0.185011 0.887417
vt 0.184526 0.886510
vt 0.183090 0.883823
vt 0.180759 0.879462
vt 0.177622 0.873592
vt 0.173798 0.866440
vt 0.169437 0.858280
vt 0.164703 0.849425
vt 0.840790 0.583979
vt 0.841930 0.580221
vt 0.845259 0.569249
vt 0.850262 0.552758
vt 0.853134 0.543285
vt 0.854570 0.538552
vt 0.855455 0.535638
vt 0.175318 0.891432
vt 0.855753 0.534654
vt 0.175020 0.890448
vt 0.174135 0.887533
vt 0.172699 0.882800
vt 0.170767 0.876431
vt 0.168413 0.868670
vt 0.165728 0.859817
vt 0.162813 0.850209
vt 0.840410 0.583903
vt 0.840796 0.579995
vt 0.841919 0.568584
vt 0.843609 0.551435
vt 0.844580 0.541583
vt 0.845064 0.536661
vt 0.845362 0.533630
vt 0.845463 0.532607
vt 0.165028 0.893478
vt 0.164927 0.892455
vt 0.164629 0.889424
vt 0.164145 0.884502
vt 0.163492 0.877878
vt 0.162697 0.869807
vt 0.161789 0.860600
vt 0.160805 0.850608
vt 0.840218 0.585868
vt 0.840023 0.583903
vt 0.839640 0.579995
vt 0.838514 0.568584
vt 0.836826 0.551435
vt 0.835855 0.541583
vt 0.835371 0.536661
vt 0.835073 0.533630
vt 0.834972 0.532607
vt 0.154537 0.893478
vt 0.154638 0.892455
vt 0.154936 0.889424
vt 0.155420 0.884502
vt 0.156073 0.877878
vt 0.156868 0.869807
vt 0.157774 0.860600
vt 0.158758 0.850608
vt 0.839645 0.583979
vt 0.838505 0.580221
vt 0.835176 0.569249
vt 0.830173 0.552758
vt 0.827301 0.543285
vt 0.825865 0.538552
vt 0.824980 0.535638
vt 0.824682 0.534654
vt 0.144247 0.891432
vt 0.144545 0.890448
vt 0.145430 0.887533
vt 0.146866 0.882800
vt 0.148796 0.876431
vt 0.151152 0.868670
vt 0.153837 0.859817
vt 0.156752 0.850209
vt 0.839287 0.584127
vt 0.837437 0.580663
vt 0.832031 0.570552
vt 0.823908 0.555353
vt 0.819241 0.546623
vt 0.816910 0.542261
vt 0.815474 0.539575
vt 0.814989 0.538669
vt 0.134554 0.887417
vt 0.135038 0.886510
vt 0.136475 0.883823
vt 0.138805 0.879462
vt 0.141943 0.873592
vt 0.145765 0.866440
vt 0.150127 0.858280
vt 0.154860 0.849425
vt 0.838964 0.584342
vt 0.836473 0.581306
vt 0.829201 0.572443
vt 0.818268 0.559122
vt 0.811987 0.551469
vt 0.808849 0.547646
vt 0.806919 0.545292
vt 0.806265 0.544497
vt 0.125830 0.881588
vt 0.126482 0.880793
vt 0.128414 0.878439
vt 0.131552 0.874616
vt 0.135775 0.869471
vt 0.140921 0.863201
vt 0.146790 0.856050
vt 0.153158 0.848289
vt 0.838692 0.584615
vt 0.835655 0.582124
vt 0.826794 0.574850
vt 0.813471 0.563918
vt 0.805819 0.557638
vt 0.801996 0.554500
vt 0.799643 0.552568
vt 0.798847 0.551916
vt 0.118412 0.874169
vt 0.119207 0.873517
vt 0.121561 0.871585
vt 0.125383 0.868447
vt 0.130529 0.864225
vt 0.136799 0.859080
vt 0.143951 0.853210
vt 0.151711 0.846841
vt 0.838476 0.584937
vt 0.835012 0.583086
vt 0.824902 0.577681
vt 0.809704 0.569557
vt 0.800972 0.564891
vt 0.796612 0.562559
vt 0.793926 0.561124
vt 0.793018 0.560639
vt 0.112583 0.865446
vt 0.113491 0.864961
vt 0.116177 0.863525
vt 0.120537 0.861194
vt 0.126408 0.858057
vt 0.133560 0.854234
vt 0.141720 0.849872
vt 0.150574 0.845140
vt 0.838329 0.585295
vt 0.834570 0.584155
vt 0.823599 0.580826
vt 0.807108 0.575824
vt 0.797634 0.572950
vt 0.792902 0.571514
vt 0.789988 0.570630
vt 0.789003 0.570332
vt 0.108568 0.855753
vt 0.109552 0.855454
vt 0.112467 0.854570
vt 0.117199 0.853135
vt 0.123569 0.851203
vt 0.131329 0.848848
vt 0.140184 0.846163
vt 0.149792 0.843248
vt 0.838253 0.585674
vt 0.834345 0.585289
vt 0.822935 0.584165
vt 0.805784 0.582476
vt 0.795933 0.581506
vt 0.791012 0.581021
vt 0.787981 0.580723
vt 0.786957 0.580622
vt 0.106522 0.845463
vt 0.107546 0.845363
vt 0.110577 0.845064
vt 0.115498 0.844579
vt 0.122122 0.843926
vt 0.130192 0.843132
vt 0.139400 0.842225
vt 0.149391 0.841241
vt 0.838253 0.586061
vt 0.834345 0.586446
vt 0.822935 0.587570
vt 0.805784 0.589259
vt 0.795933 0.590229
vt 0.791012 0.590714
vt 0.787981 0.591012
vt 0.786957 0.591113
vt 0.106522 0.834971
vt 0.107546 0.835073
vt 0.110577 0.835371
vt 0.115498 0.835855
vt 0.122122 0.836508
vt 0.130192 0.837303
vt 0.139400 0.838210
vt 0.149391 0.839194
vt 0.838329 0.586441
vt 0.834570 0.587581
vt 0.823599 0.590909
vt 0.807108 0.595911
vt 0.797634 0.598785
vt 0.792902 0.600221
vt 0.789988 0.601105
vt 0.108568 0.824682
vt 0.789003 0.601403
vt 0.109552 0.824981
vt 0.112467 0.825865
vt 0.117199 0.827300
vt 0.123569 0.829232
vt 0.131329 0.831587
vt 0.140184 0.834272
vt 0.149792 0.837187
vt 0.838476 0.586798
vt 0.835012 0.588649
vt 0.824902 0.594054
vt 0.809704 0.602178
vt 0.800972 0.606844
vt 0.796612 0.609176
vt 0.793926 0.610611
vt 0.793018 0.611096
vt 0.112583 0.814989
vt 0.113491 0.815474
vt 0.116177 0.816910
vt 0.120537 0.819241
vt 0.126408 0.822378
vt 0.133560 0.826201
vt 0.141720 0.830563
vt 0.150574 0.835296
vt 0.838692 0.587120
vt 0.835655 0.589611
vt 0.826794 0.596885
vt 0.813471 0.607817
vt 0.805819 0.614097
vt 0.801996 0.617235
vt 0.799643 0.619167
vt 0.118412 0.806266
vt 0.798847 0.619819
vt 0.119207 0.806918
vt 0.121561 0.808850
vt 0.125383 0.811988
vt 0.130529 0.816210
vt 0.136799 0.821355
vt 0.143951 0.827225
vt 0.151711 0.833593
vt 0.838964 0.587393
vt 0.836473 0.590429
vt 0.829201 0.599292
vt 0.818268 0.612613
vt 0.811987 0.620266
vt 0.808849 0.624089
vt 0.806917 0.626443
vt 0.806265 0.627238
vt 0.125830 0.798847
vt 0.126482 0.799643
vt 0.128414 0.801996
vt 0.131552 0.805820
vt 0.135775 0.810965
vt 0.140921 0.817233
vt 0.146790 0.824386
vt 0.153158 0.832147
vt 0.839287 0.587608
vt 0.837437 0.591072
vt 0.832031 0.601184
vt 0.823908 0.616382
vt 0.819241 0.625112
vt 0.816910 0.629474
vt 0.815474 0.632160
vt 0.814989 0.633067
vt 0.134554 0.793018
vt 0.135038 0.793925
vt 0.136475 0.796611
vt 0.138805 0.800973
vt 0.141943 0.806843
vt 0.145765 0.813995
vt 0.150127 0.822155
vt 0.154860 0.831009
vt 0.839645 0.587756
vt 0.838505 0.591514
vt 0.835176 0.602486
vt 0.830173 0.618977
vt 0.827301 0.628450
vt 0.825865 0.633183
vt 0.824980 0.636097
vt 0.824682 0.637081
vt 0.144247 0.789003
vt 0.144545 0.789988
vt 0.145430 0.792902
vt 0.146866 0.797635
vt 0.148796 0.804004
vt 0.151152 0.811765
vt 0.153837 0.820619
vt 0.156752 0.830226
vt 0.159782 0.840218
vt 0.840023 0.587832
vt 0.839640 0.591740
vt 0.838514 0.603151
vt 0.836826 0.620301
vt 0.835855 0.630152
vt 0.835371 0.635074
vt 0.835073 0.638105
vt 0.834972 0.639128
vt 0.154537 0.786957
vt 0.154636 0.787980
vt 0.154936 0.791011
vt 0.155420 0.795933
vt 0.156073 0.802556
vt 0.156868 0.810627
vt 0.157774 0.819836
vt 0.158758 0.829826
vt 0.840410 0.587832
vt 0.840796 0.591740
vt 0.841919 0.603151
vt 0.843609 0.620301
vt 0.844580 0.630152
vt 0.845064 0.635074
vt 0.845362 0.638105
vt 0.845463 0.639128
vt 0.165028 0.786957
vt 0.164927 0.787980
vt 0.164629 0.791011
vt 0.164145 0.795933
vt 0.163492 0.802556
vt 0.162697 0.810627
vt 0.161789 0.819836
vt 0.160805 0.829826
vt 0.840790 0.587756
vt 0.841930 0.591514
vt 0.845259 0.602486
vt 0.850262 0.618977
vt 0.853134 0.628450
vt 0.854570 0.633183
vt 0.855455 0.636097
vt 0.855753 0.637081
vt 0.175318 0.789003
vt 0.175020 0.789988
vt 0.174135 0.792902
vt 0.172699 0.797635
vt 0.170767 0.804004
vt 0.168413 0.811765
vt 0.165728 0.820619
vt 0.162813 0.830226
vt 0.841148 0.587608
vt 0.842999 0.591072
vt 0.848404 0.601184
vt 0.856527 0.616382
vt 0.861195 0.625112
vt 0.863525 0.629474
vt 0.864962 0.632160
vt 0.865446 0.633067
vt 0.185011 0.793018
vt 0.184526 0.793925
vt 0.183090 0.796611
vt 0.180759 0.800973
vt 0.177622 0.806843
vt 0.173798 0.813995
vt 0.169437 0.822155
vt 0.164703 0.831009
vt 0.841469 0.587393
vt 0.843962 0.590429
vt 0.851234 0.599292
vt 0.862167 0.612613
vt 0.868446 0.620266
vt 0.871584 0.624089
vt 0.873516 0.626443
vt 0.874168 0.627238
vt 0.193733 0.798847
vt 0.193081 0.799642
vt 0.191149 0.801996
vt 0.188011 0.805820
vt 0.183790 0.810965
vt 0.178644 0.817233
vt 0.172775 0.824386
vt 0.166407 0.832147
vt 0.841743 0.587120
vt 0.844778 0.589611
vt 0.853642 0.596885
vt 0.866962 0.607817
vt 0.874615 0.614097
vt 0.878439 0.617235
vt 0.880793 0.619167
vt 0.881588 0.619819
vt 0.201153 0.806266
vt 0.200357 0.806918
vt 0.198004 0.808850
vt 0.194180 0.811988
vt 0.189035 0.816210
vt 0.182766 0.821355
vt 0.175613 0.827225
vt 0.167852 0.833593
vt 0.841959 0.586798
vt 0.845421 0.588649
vt 0.855534 0.594054
vt 0.870731 0.602178
vt 0.879461 0.606844
vt 0.883823 0.609176
vt 0.886509 0.610611
vt 0.887417 0.611096
vt 0.206982 0.814989
vt 0.206074 0.815474
vt 0.203388 0.816910
vt 0.199026 0.819241
vt 0.193157 0.822378
vt 0.186005 0.826201
vt 0.177845 0.830563
vt 0.168991 0.835296
vt 0.842106 0.586441
vt 0.845865 0.587581
vt 0.856836 0.590909
vt 0.873327 0.595911
vt 0.882801 0.598785
vt 0.887533 0.600221
vt 0.890448 0.601105
vt 0.210997 0.824682
vt 0.891432 0.601403
vt 0.210012 0.824981
vt 0.207098 0.825865
vt 0.202366 0.827300
vt 0.195995 0.829232
vt 0.188234 0.831586
vt 0.179380 0.834272
vt 0.169773 0.837187
vt 0.842182 0.586061
vt 0.846090 0.586446
vt 0.857500 0.587570
vt 0.874651 0.589259
vt 0.884502 0.590229
vt 0.889423 0.590714
vt 0.892454 0.591012
vt 0.893478 0.591113
vt 0.213043 0.834971
vt 0.212019 0.835073
vt 0.208988 0.835371
vt 0.204067 0.835855
vt 0.197443 0.836508
vt 0.189373 0.837303
vt 0.180164 0.838210
vt 0.170174 0.839194
vt 0.842182 0.585674
vt 0.846090 0.585289
vt 0.857500 0.584165
vt 0.874651 0.582476
vt 0.884502 0.581506
vt 0.889423 0.581021
vt 0.892454 0.580723
vt 0.213043 0.845463
vt 0.893478 0.580622
vt 0.212019 0.845363
vt 0.208988 0.845064
vt 0.204067 0.844579
vt 0.197443 0.843926
vt 0.189373 0.843132
vt 0.180164 0.842225
vt 0.170174 0.841241
vt 0.842106 0.585295
vt 0.845865 0.584155
vt 0.856836 0.580826
vt 0.873327 0.575824
vt 0.882801 0.572950
vt 0.887533 0.571515
vt 0.890448 0.570630
vt 0.891432 0.570332
vt 0.210997 0.855753
vt 0.210012 0.855454
vt 0.207098 0.854570
vt 0.202366 0.853135
vt 0.195995 0.851203
vt 0.188234 0.848848
vt 0.179380 0.846163
vt 0.169773 0.843248
vt 0.841959 0.584937
vt 0.845421 0.583086
vt 0.870731 0.569557
vt 0.883823 0.562560
vt 0.203388 0.863525
vt 0.193157 0.858057
vt 0.186005 0.854234
vt 0.177845 0.849872
vt 0.168991 0.845140
vt 0.601183 0.832031
vt 0.625111 0.819241
vt 0.632158 0.815474
vt 0.633066 0.814989
vt 0.006062 0.921511
vt 0.006969 0.921995
vt 0.014015 0.925762
vt 0.587393 0.838964
vt 0.590427 0.836473
vt 0.599291 0.829201
vt 0.612612 0.818268
vt 0.620264 0.811987
vt 0.624088 0.808849
vt 0.626442 0.806919
vt 0.627237 0.806265
vt 0.011890 0.912786
vt 0.012684 0.913441
vt 0.015038 0.915371
vt 0.018864 0.918509
vt 0.024006 0.922731
vt 0.030277 0.927877
vt 0.037430 0.933746
vt 0.045189 0.940115
vt 0.587118 0.838692
vt 0.589611 0.835655
vt 0.596884 0.826794
vt 0.607817 0.813471
vt 0.614098 0.805819
vt 0.617233 0.801996
vt 0.619165 0.799643
vt 0.619818 0.798847
vt 0.019310 0.905369
vt 0.019962 0.906164
vt 0.021893 0.908518
vt 0.025032 0.912340
vt 0.029255 0.917486
vt 0.034397 0.923756
vt 0.040268 0.930908
vt 0.046638 0.938667
vt 0.586798 0.838476
vt 0.588648 0.835012
vt 0.594053 0.824902
vt 0.602177 0.809704
vt 0.606844 0.800974
vt 0.609175 0.796612
vt 0.610611 0.793926
vt 0.611095 0.793018
vt 0.028030 0.899540
vt 0.028519 0.900448
vt 0.029953 0.903133
vt 0.032284 0.907495
vt 0.035423 0.913364
vt 0.039246 0.920517
vt 0.043606 0.928677
vt 0.048340 0.937531
vt 0.586439 0.838329
vt 0.587580 0.834570
vt 0.590908 0.823599
vt 0.595911 0.807108
vt 0.598783 0.797634
vt 0.600220 0.792902
vt 0.601105 0.789988
vt 0.601402 0.789003
vt 0.037724 0.895525
vt 0.038025 0.896509
vt 0.038906 0.899424
vt 0.040344 0.904156
vt 0.042274 0.910526
vt 0.044628 0.918285
vt 0.047314 0.927141
vt 0.050228 0.936749
vt 0.586060 0.838253
vt 0.586445 0.834345
vt 0.587568 0.822935
vt 0.589258 0.805784
vt 0.590229 0.795933
vt 0.590714 0.791012
vt 0.591011 0.787981
vt 0.591112 0.786957
vt 0.048016 0.893478
vt 0.048115 0.894503
vt 0.048412 0.897533
vt 0.048901 0.902454
vt 0.049553 0.909079
vt 0.050346 0.917149
vt 0.051254 0.926357
vt 0.052238 0.936348
vt 0.585867 0.840218
vt 0.585672 0.838253
vt 0.585289 0.834345
vt 0.584164 0.822935
vt 0.582476 0.805784
vt 0.581505 0.795933
vt 0.581020 0.791012
vt 0.580723 0.787981
vt 0.580622 0.786957
vt 0.058506 0.893478
vt 0.058407 0.894503
vt 0.058105 0.897533
vt 0.057621 0.902454
vt 0.056969 0.909079
vt 0.056175 0.917149
vt 0.055267 0.926357
vt 0.054283 0.936348
vt 0.585295 0.838329
vt 0.584154 0.834570
vt 0.580826 0.823599
vt 0.575823 0.807108
vt 0.572950 0.797634
vt 0.571514 0.792902
vt 0.570629 0.789988
vt 0.570332 0.789003
vt 0.068794 0.895525
vt 0.068497 0.896509
vt 0.067612 0.899424
vt 0.066177 0.904156
vt 0.064247 0.910526
vt 0.061893 0.918285
vt 0.059204 0.927141
vt 0.056290 0.936749
vt 0.584936 0.838476
vt 0.583086 0.835012
vt 0.577681 0.824902
vt 0.569557 0.809704
vt 0.564890 0.800972
vt 0.562559 0.796612
vt 0.561123 0.793926
vt 0.560638 0.793018
vt 0.078487 0.899540
vt 0.078003 0.900448
vt 0.076569 0.903133
vt 0.074238 0.907494
vt 0.071098 0.913364
vt 0.067276 0.920517
vt 0.062916 0.928677
vt 0.058182 0.937531
vt 0.584614 0.838692
vt 0.582123 0.835655
vt 0.574850 0.826794
vt 0.563917 0.813471
vt 0.557636 0.805819
vt 0.554499 0.801996
vt 0.552568 0.799643
vt 0.551914 0.798847
vt 0.087212 0.905369
vt 0.086559 0.906164
vt 0.084629 0.908518
vt 0.081490 0.912340
vt 0.077267 0.917486
vt 0.072124 0.923756
vt 0.066254 0.930908
vt 0.059883 0.938667
vt 0.584341 0.838964
vt 0.581305 0.836473
vt 0.572443 0.829201
vt 0.559120 0.818268
vt 0.551468 0.811987
vt 0.547646 0.808849
vt 0.545292 0.806917
vt 0.544497 0.806265
vt 0.094631 0.912786
vt 0.093838 0.913439
vt 0.091480 0.915371
vt 0.087658 0.918509
vt 0.082516 0.922731
vt 0.076244 0.927877
vt 0.069092 0.933746
vt 0.061333 0.940115
vt 0.584126 0.839287
vt 0.580662 0.837437
vt 0.570551 0.832031
vt 0.555353 0.823908
vt 0.546623 0.819241
vt 0.542261 0.816910
vt 0.539576 0.815474
vt 0.538668 0.814989
vt 0.100460 0.921511
vt 0.099552 0.921995
vt 0.096867 0.923431
vt 0.092506 0.925762
vt 0.086636 0.928900
vt 0.079483 0.932722
vt 0.071323 0.937084
vt 0.062469 0.941816
vt 0.583979 0.839645
vt 0.580219 0.838505
vt 0.569248 0.835176
vt 0.552757 0.830173
vt 0.543283 0.827299
vt 0.538551 0.825865
vt 0.535637 0.824980
vt 0.534653 0.824682
vt 0.104473 0.931204
vt 0.103489 0.931501
vt 0.100574 0.932386
vt 0.095844 0.933821
vt 0.089474 0.935753
vt 0.081715 0.938108
vt 0.072861 0.940794
vt 0.063251 0.943708
vt 0.583902 0.840025
vt 0.579994 0.839640
vt 0.568584 0.838514
vt 0.551434 0.836826
vt 0.541582 0.835855
vt 0.536661 0.835371
vt 0.533630 0.835072
vt 0.532606 0.834972
vt 0.106522 0.941494
vt 0.105499 0.941593
vt 0.102467 0.941893
vt 0.097546 0.942377
vt 0.090923 0.943029
vt 0.082851 0.943825
vt 0.073643 0.944731
vt 0.063652 0.945715
vt 0.583902 0.840410
vt 0.579994 0.840796
vt 0.568584 0.841919
vt 0.551434 0.843609
vt 0.541582 0.844580
vt 0.536661 0.845064
vt 0.533630 0.845362
vt 0.532606 0.845463
vt 0.106522 0.951984
vt 0.105499 0.951883
vt 0.102467 0.951586
vt 0.097546 0.951101
vt 0.090923 0.950449
vt 0.082851 0.949654
vt 0.073643 0.948746
vt 0.063652 0.947762
vt 0.583979 0.840790
vt 0.580219 0.841930
vt 0.569248 0.845259
vt 0.552757 0.850262
vt 0.543283 0.853134
vt 0.538551 0.854570
vt 0.535637 0.855455
vt 0.104473 0.962275
vt 0.534653 0.855753
vt 0.103489 0.961977
vt 0.100574 0.961092
vt 0.095844 0.959656
vt 0.089474 0.957724
vt 0.081715 0.955370
vt 0.072861 0.952684
vt 0.063251 0.949770
vt 0.584126 0.841148
vt 0.580662 0.842999
vt 0.570551 0.848404
vt 0.555353 0.856527
vt 0.546621 0.861195
vt 0.542261 0.863525
vt 0.539576 0.864962
vt 0.538668 0.865446
vt 0.100460 0.971968
vt 0.099552 0.971483
vt 0.096867 0.970047
vt 0.092506 0.967716
vt 0.086636 0.964579
vt 0.079483 0.960754
vt 0.071323 0.956394
vt 0.062469 0.951660
vt 0.584341 0.841469
vt 0.581305 0.843962
vt 0.572443 0.851234
vt 0.559120 0.862167
vt 0.551468 0.868446
vt 0.547646 0.871584
vt 0.545292 0.873516
vt 0.094631 0.980690
vt 0.544497 0.874168
vt 0.093838 0.980038
vt 0.091480 0.978106
vt 0.087658 0.974968
vt 0.082516 0.970747
vt 0.076244 0.965601
vt 0.069092 0.959732
vt 0.061333 0.953363
vt 0.584614 0.841743
vt 0.582123 0.844778
vt 0.574850 0.853642
vt 0.563917 0.866962
vt 0.557636 0.874615
vt 0.554499 0.878439
vt 0.552567 0.880793
vt 0.551914 0.881588
vt 0.087212 0.988110
vt 0.086559 0.987314
vt 0.084629 0.984961
vt 0.081490 0.981136
vt 0.077267 0.975992
vt 0.072124 0.969723
vt 0.066254 0.962570
vt 0.059883 0.954809
vt 0.584936 0.841959
vt 0.583086 0.845421
vt 0.577681 0.855534
vt 0.569557 0.870731
vt 0.564890 0.879461
vt 0.562559 0.883823
vt 0.561123 0.886509
vt 0.560638 0.887417
vt 0.078487 0.993938
vt 0.078003 0.993031
vt 0.076569 0.990345
vt 0.074238 0.985983
vt 0.071098 0.980114
vt 0.067276 0.972961
vt 0.062916 0.964802
vt 0.058182 0.955948
vt 0.585295 0.842106
vt 0.584154 0.845865
vt 0.580826 0.856836
vt 0.575823 0.873327
vt 0.572948 0.882801
vt 0.571514 0.887533
vt 0.570629 0.890448
vt 0.570332 0.891432
vt 0.068798 0.997953
vt 0.068497 0.996969
vt 0.067616 0.994055
vt 0.066177 0.989323
vt 0.064247 0.982952
vt 0.061893 0.975191
vt 0.059204 0.966337
vt 0.056290 0.956730
vt 0.053261 0.946739
vt 0.585672 0.842182
vt 0.585289 0.846090
vt 0.584164 0.857500
vt 0.582476 0.874651
vt 0.581505 0.884502
vt 0.581020 0.889423
vt 0.580721 0.892454
vt 0.580622 0.893478
vt 0.058506 1.000000
vt 0.058407 0.998976
vt 0.058105 0.995945
vt 0.057621 0.991024
vt 0.056969 0.984400
vt 0.056175 0.976330
vt 0.055267 0.967121
vt 0.054283 0.957130
vt 0.586060 0.842182
vt 0.586445 0.846090
vt 0.587568 0.857500
vt 0.589258 0.874651
vt 0.590229 0.884502
vt 0.590714 0.889423
vt 0.591011 0.892454
vt 0.591112 0.893478
vt 0.048016 1.000000
vt 0.048115 0.998976
vt 0.048416 0.995945
vt 0.048901 0.991024
vt 0.049553 0.984400
vt 0.050346 0.976330
vt 0.051254 0.967121
vt 0.052238 0.957130
vt 0.586439 0.842106
vt 0.587580 0.845865
vt 0.590908 0.856836
vt 0.595911 0.873327
vt 0.598783 0.882801
vt 0.600220 0.887533
vt 0.601105 0.890448
vt 0.601402 0.891432
vt 0.037724 0.997953
vt 0.038025 0.996969
vt 0.038906 0.994055
vt 0.040344 0.989323
vt 0.042274 0.982952
vt 0.044628 0.975191
vt 0.047314 0.966337
vt 0.050228 0.956730
vt 0.586798 0.841959
vt 0.588648 0.845421
vt 0.594053 0.855534
vt 0.602177 0.870731
vt 0.606844 0.879461
vt 0.609175 0.883823
vt 0.610611 0.886509
vt 0.611095 0.887417
vt 0.028030 0.993938
vt 0.028519 0.993031
vt 0.029953 0.990345
vt 0.032284 0.985983
vt 0.035423 0.980114
vt 0.039246 0.972961
vt 0.043606 0.964802
vt 0.048340 0.955948
vt 0.587118 0.841743
vt 0.589611 0.844778
vt 0.596884 0.853642
vt 0.607817 0.866962
vt 0.614096 0.874615
vt 0.617233 0.878439
vt 0.619165 0.880793
vt 0.619818 0.881588
vt 0.019310 0.988110
vt 0.019962 0.987314
vt 0.021893 0.984961
vt 0.025032 0.981136
vt 0.029255 0.975992
vt 0.034397 0.969723
vt 0.040268 0.962570
vt 0.046638 0.954809
vt 0.587393 0.841469
vt 0.590427 0.843962
vt 0.599291 0.851234
vt 0.612612 0.862167
vt 0.620264 0.868448
vt 0.624088 0.871584
vt 0.626442 0.873516
vt 0.627237 0.874168
vt 0.011890 0.980690
vt 0.012684 0.980038
vt 0.015041 0.978106
vt 0.018864 0.974970
vt 0.024006 0.970747
vt 0.030277 0.965601
vt 0.037430 0.959732
vt 0.045189 0.953363
vt 0.587608 0.841148
vt 0.591070 0.842999
vt 0.601183 0.848404
vt 0.616381 0.856527
vt 0.625111 0.861195
vt 0.629473 0.863525
vt 0.632158 0.864962
vt 0.633066 0.865446
vt 0.006062 0.971968
vt 0.006969 0.971483
vt 0.009655 0.970047
vt 0.014015 0.967716
vt 0.019886 0.964579
vt 0.027039 0.960754
vt 0.035198 0.956394
vt 0.044052 0.951660
vt 0.587755 0.840790
vt 0.591513 0.841930
vt 0.602486 0.845259
vt 0.618977 0.850262
vt 0.628450 0.853134
vt 0.633183 0.854570
vt 0.636097 0.855455
vt 0.002048 0.962275
vt 0.637081 0.855753
vt 0.003033 0.961977
vt 0.005943 0.961092
vt 0.010677 0.959656
vt 0.017048 0.957724
vt 0.024807 0.955370
vt 0.033661 0.952684
vt 0.043270 0.949770
vt 0.587831 0.840410
vt 0.591740 0.840796
vt 0.603149 0.841919
vt 0.620300 0.843609
vt 0.630152 0.844580
vt 0.635073 0.845064
vt 0.638103 0.845362
vt 0.639128 0.845463
vt 0.000000 0.951984
vt 0.001022 0.951883
vt 0.004055 0.951586
vt 0.008976 0.951101
vt 0.015598 0.950449
vt 0.023670 0.949654
vt 0.032879 0.948746
vt 0.042870 0.947763
vt 0.587831 0.840025
vt 0.591740 0.839640
vt 0.603149 0.838516
vt 0.620300 0.836826
vt 0.630152 0.835855
vt 0.635073 0.835371
vt 0.638103 0.835073
vt 0.000000 0.941494
vt 0.639128 0.834972
vt 0.001022 0.941595
vt 0.004055 0.941893
vt 0.008976 0.942377
vt 0.015598 0.943029
vt 0.023670 0.943825
vt 0.032879 0.944731
vt 0.042870 0.945715
vt 0.587755 0.839645
vt 0.591513 0.838505
vt 0.602486 0.835176
vt 0.618977 0.830173
vt 0.628450 0.827301
vt 0.633183 0.825865
vt 0.636097 0.824980
vt 0.637081 0.824682
vt 0.002048 0.931204
vt 0.003029 0.931501
vt 0.005943 0.932386
vt 0.010677 0.933823
vt 0.017048 0.935753
vt 0.024807 0.938108
vt 0.033661 0.940794
vt 0.043270 0.943708
vt 0.587608 0.839287
vt 0.591070 0.837437
vt 0.616381 0.823908
vt 0.629473 0.816910
vt 0.009655 0.923431
vt 0.019886 0.928900
vt 0.027039 0.932722
vt 0.035198 0.937084
vt 0.044052 0.941816
s 1
usemtl マテリアル
f 2/4/1 3/5/2 1/1/3
f 4/7/4 5/9/5 3/5/2
f 6/11/6 7/14/7 5/9/5
f 8/17/8 9/19/9 7/13/7
f 10/21/10 11/23/11 9/19/9
f 12/25/12 13/27/13 11/23/11
f 14/29/14 15/31/15 13/27/13
f 16/33/16 17/35/17 15/31/15
f 18/37/18 19/39/19 17/35/17
f 20/41/20 21/43/21 19/39/19
f 22/45/22 23/48/23 21/43/21
f 24/51/24 25/53/25 23/47/23
f 26/55/26 27/57/27 25/53/25
f 28/59/28 29/61/29 27/57/27
f 30/63/30 31/65/31 29/61/29
f 32/67/32 33/69/33 31/65/31
f 34/71/34 35/73/35 33/69/33
f 36/75/36 37/77/37 35/73/35
f 38/79/38 39/82/39 37/77/37
f 40/85/40 41/87/41 39/81/39
f 42/89/42 43/91/43 41/87/41
f 44/93/44 45/95/45 43/91/43
f 46/97/46 47/99/47 45/95/45
f 48/101/48 49/103/49 47/99/47
f 50/105/50 51/107/51 49/103/49
f 52/109/52 53/111/53 51/107/51
f 54/113/54 55/116/55 53/111/53
f 56/119/56 57/121/57 55/115/55
f 58/123/58 59/125/59 57/121/57
f 60/127/60 61/129/61 59/125/59
f 38/80/38 22/46/22 6/12/6
f 62/132/62 63/133/63 61/129/61
f 64/136/64 1/1/3 63/133/63
f 31/66/31 47/100/47 63/134/63
f 67/139/65 74/146/66 75/147/67
f 67/139/65 76/148/68 68/140/69
f 318/390/70 109/181/71 69/141/72
f 319/391/73 69/141/72 70/142/74
f 65/137/75 70/142/74 71/143/76
f 320/392/77 71/143/76 72/144/78
f 320/392/77 73/145/79 66/138/80
f 321/393/81 73/145/79 74/146/66
f 73/145/79 82/154/82 74/146/66
f 75/147/67 82/154/82 83/155/83
f 76/148/68 83/155/83 84/156/84
f 69/141/72 109/181/71 77/149/85
f 69/141/72 78/150/86 70/142/74
f 70/142/74 79/151/87 71/143/76
f 71/143/76 80/152/88 72/144/78
f 73/145/79 80/152/88 81/153/89
f 78/150/86 87/159/90 79/151/87
f 79/151/87 88/160/91 80/152/88
f 80/152/88 89/161/92 81/153/89
f 81/153/89 90/162/93 82/154/82
f 83/155/83 90/162/93 91/163/94
f 83/155/83 92/164/95 84/156/84
f 77/149/85 109/181/71 85/157/96
f 77/149/85 86/158/97 78/150/86
f 91/163/94 98/170/98 99/171/99
f 92/164/95 99/171/99 100/172/100
f 85/157/96 109/181/71 93/165/101
f 85/157/96 94/166/102 86/158/97
f 86/158/97 95/167/103 87/159/90
f 87/159/90 96/168/104 88/160/91
f 89/161/92 96/168/104 97/169/105
f 89/161/92 98/170/98 90/162/93
f 95/167/103 102/174/106 103/175/107
f 95/167/103 104/176/108 96/168/104
f 97/169/105 104/176/108 105/177/109
f 97/169/105 106/178/110 98/170/98
f 99/171/99 106/178/110 107/179/111
f 99/171/99 108/180/112 100/172/100
f 93/165/101 109/181/71 101/173/113
f 93/165/101 102/174/106 94/166/102
f 107/179/111 115/187/114 116/188/115
f 108/180/112 116/188/115 117/189/116
f 101/173/113 109/181/71 110/182/117
f 101/173/113 111/183/118 102/174/106
f 102/174/106 112/184/119 103/175/107
f 103/175/107 113/185/120 104/176/108
f 105/177/109 113/185/120 114/186/121
f 105/177/109 115/187/114 106/178/110
f 112/184/119 121/193/122 113/185/120
f 114/186/121 121/193/122 122/194/123
f 114/186/121 123/195/124 115/187/114
f 116/188/115 123/195/124 124/196/125
f 116/188/115 125/197/126 117/189/116
f 110/182/117 109/181/71 118/190/127
f 111/183/118 118/190/127 119/191/128
f 112/184/119 119/191/128 120/192/129
f 125/197/126 132/204/130 133/205/131
f 118/190/127 109/181/71 126/198/132
f 119/191/128 126/198/132 127/199/133
f 120/192/129 127/199/133 128/200/134
f 120/192/129 129/201/135 121/193/122
f 122/194/123 129/201/135 130/202/136
f 122/194/123 131/203/137 123/195/124
f 124/196/125 131/203/137 132/204/130
f 128/200/134 137/209/138 129/201/135
f 130/202/136 137/209/138 138/210/139
f 130/202/136 139/211/140 131/203/137
f 132/204/130 139/211/140 140/212/141
f 132/204/130 141/213/142 133/205/131
f 126/198/132 109/181/71 134/206/143
f 126/198/132 135/207/144 127/199/133
f 127/199/133 136/208/145 128/200/134
f 141/213/142 148/220/146 149/221/147
f 134/206/143 109/181/71 142/214/148
f 134/206/143 143/215/149 135/207/144
f 135/207/144 144/216/150 136/208/145
f 136/208/145 145/217/151 137/209/138
f 138/210/139 145/217/151 146/218/152
f 138/210/139 147/219/153 139/211/140
f 140/212/141 147/219/153 148/220/146
f 146/218/152 153/225/154 154/226/155
f 146/218/152 155/227/156 147/219/153
f 148/220/146 155/227/156 156/228/157
f 148/220/146 157/229/158 149/221/147
f 142/214/148 109/181/71 150/222/159
f 142/214/148 151/223/160 143/215/149
f 143/215/149 152/224/161 144/216/150
f 144/216/150 153/225/154 145/217/151
f 150/222/159 159/231/162 151/223/160
f 151/223/160 160/232/163 152/224/161
f 152/224/161 161/233/164 153/225/154
f 154/226/155 161/233/164 162/234/165
f 154/226/155 163/235/166 155/227/156
f 156/228/157 163/235/166 164/236/167
f 157/229/158 164/236/167 165/237/168
f 150/222/159 109/181/71 158/230/169
f 162/234/165 171/243/170 163/235/166
f 164/236/167 171/243/170 172/244/171
f 164/236/167 173/245/172 165/237/168
f 158/230/169 109/181/71 166/238/173
f 159/231/162 166/238/173 167/239/174
f 160/232/163 167/239/174 168/240/175
f 160/232/163 169/241/176 161/233/164
f 162/234/165 169/241/176 170/242/177
f 166/238/173 175/247/178 167/239/174
f 167/239/174 176/248/179 168/240/175
f 168/240/175 177/249/180 169/241/176
f 170/242/177 177/249/180 178/250/181
f 170/242/177 179/251/182 171/243/170
f 172/244/171 179/251/182 180/252/183
f 173/245/172 180/252/183 181/253/184
f 166/238/173 109/181/71 174/246/185
f 178/250/181 187/259/186 179/251/182
f 180/252/183 187/259/186 188/260/187
f 180/252/183 189/261/188 181/253/184
f 174/246/185 109/181/71 182/254/189
f 174/246/185 183/255/190 175/247/178
f 175/247/178 184/256/191 176/248/179
f 176/248/179 185/257/192 177/249/180
f 178/250/181 185/257/192 186/258/193
f 184/256/191 191/263/194 192/264/195
f 184/256/191 193/265/196 185/257/192
f 186/258/193 193/265/196 194/266/197
f 186/258/193 195/267/198 187/259/186
f 188/260/187 195/267/198 196/268/199
f 189/261/188 196/268/199 197/269/200
f 182/254/189 109/181/71 190/262/201
f 183/255/190 190/262/201 191/263/194
f 196/268/199 203/275/202 204/276/203
f 196/268/199 205/277/204 197/269/200
f 190/262/201 109/181/71 198/270/205
f 190/262/201 199/271/206 191/263/194
f 192/264/195 199/271/206 200/272/207
f 192/264/195 201/273/208 193/265/196
f 194/266/197 201/273/208 202/274/209
f 194/266/197 203/275/202 195/267/198
f 199/271/206 208/280/210 200/272/207
f 200/272/207 209/281/211 201/273/208
f 202/274/209 209/281/211 210/282/212
f 202/274/209 211/283/213 203/275/202
f 204/276/203 211/283/213 212/284/214
f 205/277/204 212/284/214 213/285/215
f 198/270/205 109/181/71 206/278/216
f 199/271/206 206/278/216 207/279/217
f 212/284/214 219/291/218 220/292/219
f 212/284/214 221/293/220 213/285/215
f 206/278/216 109/181/71 214/286/221
f 206/278/216 215/287/222 207/279/217
f 207/279/217 216/288/223 208/280/210
f 208/280/210 217/289/224 209/281/211
f 210/282/212 217/289/224 218/290/225
f 210/282/212 219/291/218 211/283/213
f 216/288/223 225/297/226 217/289/224
f 218/290/225 225/297/226 226/298/227
f 218/290/225 227/299/228 219/291/218
f 220/292/219 227/299/228 228/300/229
f 221/293/220 228/300/229 229/301/230
f 214/286/221 109/181/71 222/294/231
f 214/286/221 223/295/232 215/287/222
f 216/288/223 223/295/232 224/296/233
f 228/300/229 237/309/234 229/301/230
f 222/294/231 109/181/71 230/302/235
f 223/295/232 230/302/235 231/303/236
f 224/296/233 231/303/236 232/304/237
f 224/296/233 233/305/238 225/297/226
f 226/298/227 233/305/238 234/306/239
f 226/298/227 235/307/240 227/299/228
f 228/300/229 235/307/240 236/308/241
f 234/306/239 241/313/242 242/314/243
f 234/306/239 243/315/244 235/307/240
f 236/308/241 243/315/244 244/316/245
f 237/309/234 244/316/245 245/317/246
f 230/302/235 109/181/71 238/310/247
f 230/302/235 239/311/248 231/303/236
f 231/303/236 240/312/249 232/304/237
f 232/304/237 241/313/242 233/305/238
f 238/310/247 109/181/71 246/318/250
f 238/310/247 247/319/251 239/311/248
f 240/312/249 247/319/251 248/320/252
f 240/312/249 249/321/253 241/313/242
f 242/314/243 249/321/253 250/322/254
f 242/314/243 251/323/255 243/315/244
f 244/316/245 251/323/255 252/324/256
f 244/316/245 253/325/257 245/317/246
f 250/322/254 257/329/258 258/330/259
f 250/322/254 259/331/260 251/323/255
f 252/324/256 259/331/260 260/332/261
f 253/325/257 260/332/261 261/333/262
f 246/318/250 109/181/71 254/326/263
f 246/318/250 255/327/264 247/319/251
f 248/320/252 255/327/264 256/328/265
f 248/320/252 257/329/258 249/321/253
f 254/326/263 263/335/266 255/327/264
f 256/328/265 263/335/266 264/336/267
f 256/328/265 265/337/268 257/329/258
f 258/330/259 265/337/268 266/338/269
f 258/330/259 267/339/270 259/331/260
f 260/332/261 267/339/270 268/340/271
f 260/332/261 269/341/272 261/333/262
f 254/326/263 109/181/71 262/334/273
f 266/338/269 275/347/274 267/339/270
f 268/340/271 275/347/274 276/348/275
f 269/341/272 276/348/275 277/349/276
f 262/334/273 109/181/71 270/342/277
f 262/334/273 271/343/278 263/335/266
f 263/335/266 272/344/279 264/336/267
f 264/336/267 273/345/280 265/337/268
f 266/338/269 273/345/280 274/346/281
f 270/342/277 279/351/282 271/343/278
f 272/344/279 279/351/282 280/352/283
f 272/344/279 281/353/284 273/345/280
f 274/346/281 281/353/284 282/354/285
f 274/346/281 283/355/286 275/347/274
f 276/348/275 283/355/286 284/356/287
f 276/348/275 285/357/288 277/349/276
f 270/342/277 109/181/71 278/350/289
f 282/354/285 291/363/290 283/355/286
f 284/356/287 291/363/290 292/364/291
f 285/357/288 292/364/291 293/365/292
f 278/350/289 109/181/71 286/358/293
f 278/350/289 287/359/294 279/351/282
f 280/352/283 287/359/294 288/360/295
f 280/352/283 289/361/296 281/353/284
f 282/354/285 289/361/296 290/362/297
f 288/360/295 295/367/298 296/368/299
f 288/360/295 297/369/300 289/361/296
f 290/362/297 297/369/300 298/370/301
f 290/362/297 299/371/302 291/363/290
f 292/364/291 299/371/302 300/372/303
f 292/364/291 301/373/304 293/365/292
f 286/358/293 109/181/71 294/366/305
f 286/358/293 295/367/298 287/359/294
f 300/372/303 307/379/306 308/380/307
f 301/373/304 308/380/307 309/381/308
f 294/366/305 109/181/71 302/374/309
f 295/367/298 302/374/309 303/375/310
f 296/368/299 303/375/310 304/376/311
f 296/368/299 305/377/312 297/369/300
f 298/370/301 305/377/312 306/378/313
f 298/370/301 307/379/306 299/371/302
f 304/376/311 313/385/314 305/377/312
f 306/378/313 313/385/314 314/386/315
f 306/378/313 315/387/316 307/379/306
f 308/380/307 315/387/316 316/388/317
f 308/380/307 317/389/318 309/381/308
f 302/374/309 109/181/71 310/382/319
f 302/374/309 311/383/320 303/375/310
f 304/376/311 311/383/320 312/384/321
f 317/389/318 67/139/65 68/140/69
f 310/382/319 109/181/71 318/390/70
f 311/383/320 318/390/70 319/391/73
f 312/384/321 319/391/73 65/137/75
f 313/385/314 65/137/75 320/392/77
f 314/386/315 320/392/77 66/138/80
f 315/387/316 66/138/80 321/393/81
f 316/388/317 321/393/81 67/139/65
f 800/904/322 340/414/323 801/905/324
f 798/902/325 332/405/326 333/406/327
f 801/905/324 341/415/328 802/906/329
f 798/902/325 334/407/330 324/396/331
f 802/906/329 342/416/332 803/907/333
f 324/396/331 335/408/334 325/397/335
f 795/899/336 403/481/71 328/401/337
f 629/722/338 803/907/333 342/416/332
f 326/399/339 335/409/334 336/410/340
f 796/900/341 328/401/337 329/402/342
f 799/903/343 336/410/340 337/411/344
f 796/900/341 330/403/345 322/394/346
f 799/903/343 338/412/347 327/400/348
f 797/901/349 330/403/345 331/404/350
f 800/904/322 338/412/347 339/413/351
f 797/901/349 332/405/326 323/395/352
f 330/403/345 346/420/353 331/404/350
f 338/412/347 354/429/354 339/413/351
f 332/405/326 346/420/353 347/421/355
f 339/413/351 355/430/356 340/414/323
f 332/405/326 348/422/357 333/406/327
f 340/414/323 356/431/358 341/415/328
f 333/406/327 349/423/359 334/407/330
f 342/416/332 356/431/358 357/432/360
f 334/407/330 350/424/361 335/408/334
f 328/401/337 403/481/71 343/417/362
f 629/722/338 342/416/332 357/432/360
f 336/410/340 350/425/361 351/426/363
f 329/402/342 343/417/362 344/418/364
f 336/410/340 352/427/365 337/411/344
f 329/402/342 345/419/366 330/403/345
f 338/412/347 352/427/365 353/428/367
f 349/423/359 365/440/368 350/424/361
f 343/417/362 403/481/71 358/433/369
f 629/722/338 357/432/360 372/448/370
f 351/426/363 365/441/368 366/442/371
f 343/417/362 359/434/372 344/418/364
f 352/427/365 366/442/371 367/443/373
f 344/418/364 360/435/374 345/419/366
f 353/428/367 367/443/373 368/444/375
f 345/419/366 361/436/376 346/420/353
f 353/428/367 369/445/377 354/429/354
f 346/420/353 362/437/378 347/421/355
f 354/429/354 370/446/379 355/430/356
f 347/421/355 363/438/380 348/422/357
f 355/430/356 371/447/381 356/431/358
f 348/422/357 364/439/382 349/423/359
f 356/431/358 372/448/370 357/432/360
f 368/444/375 384/461/383 369/445/377
f 362/437/378 376/452/384 377/453/385
f 370/446/379 384/461/383 385/462/386
f 362/437/378 378/454/387 363/438/380
f 371/447/381 385/462/386 386/463/388
f 364/439/382 378/454/387 379/455/389
f 372/448/370 386/463/388 387/464/390
f 364/439/382 380/456/391 365/440/368
f 358/433/369 403/481/71 373/449/392
f 629/722/338 372/448/370 387/464/390
f 366/442/371 380/457/391 381/458/393
f 359/434/372 373/449/392 374/450/394
f 366/442/371 382/459/395 367/443/373
f 360/435/374 374/450/394 375/451/396
f 368/444/375 382/459/395 383/460/397
f 361/436/376 375/451/396 376/452/384
f 629/722/338 387/464/390 402/480/398
f 381/458/393 395/473/399 396/474/400
f 373/449/392 389/466/401 374/450/394
f 381/458/393 397/475/402 382/459/395
f 374/450/394 390/467/403 375/451/396
f 383/460/397 397/475/402 398/476/404
f 375/451/396 391/468/405 376/452/384
f 383/460/397 399/477/406 384/461/383
f 376/452/384 392/469/407 377/453/385
f 384/461/383 400/478/408 385/462/386
f 377/453/385 393/470/409 378/454/387
f 386/463/388 400/478/408 401/479/410
f 379/455/389 393/470/409 394/471/411
f 386/463/388 402/480/398 387/464/390
f 379/455/389 395/472/399 380/456/391
f 373/449/392 403/481/71 388/465/412
f 399/477/406 416/495/413 400/478/408
f 392/469/407 409/487/414 393/470/409
f 401/479/410 416/495/413 417/496/415
f 394/471/411 409/487/414 410/488/416
f 401/479/410 418/497/417 402/480/398
f 395/472/399 410/488/416 411/489/418
f 388/465/412 403/481/71 404/482/419
f 629/722/338 402/480/398 418/497/417
f 395/473/399 412/491/420 396/474/400
f 388/465/412 405/483/421 389/466/401
f 396/474/400 413/492/422 397/475/402
f 389/466/401 406/484/423 390/467/403
f 398/476/404 413/492/422 414/493/424
f 390/467/403 407/485/425 391/468/405
f 399/477/406 414/493/424 415/494/426
f 391/468/405 408/486/427 392/469/407
f 404/482/419 420/499/428 405/483/421
f 412/491/420 428/508/429 413/492/422
f 405/483/421 421/500/430 406/484/423
f 414/493/424 428/508/429 429/509/431
f 406/484/423 422/501/432 407/485/425
f 414/493/424 430/510/433 415/494/426
f 408/486/427 422/501/432 423/502/434
f 416/495/413 430/510/433 431/511/435
f 408/486/427 424/503/436 409/487/414
f 416/495/413 432/512/437 417/496/415
f 410/488/416 424/503/436 425/504/438
f 417/496/415 433/513/439 418/497/417
f 410/488/416 426/505/440 411/489/418
f 404/482/419 403/481/71 419/498/441
f 629/722/338 418/497/417 433/513/439
f 412/491/420 426/506/440 427/507/442
f 423/502/434 439/519/443 424/503/436
f 431/511/435 447/528/444 432/512/437
f 425/504/438 439/519/443 440/520/445
f 433/513/439 447/528/444 448/529/446
f 425/504/438 441/521/447 426/505/440
f 419/498/441 403/481/71 434/514/448
f 629/722/338 433/513/439 448/529/446
f 427/507/442 441/522/447 442/523/449
f 419/498/441 435/515/450 420/499/428
f 427/507/442 443/524/451 428/508/429
f 420/499/428 436/516/452 421/500/430
f 429/509/431 443/524/451 444/525/453
f 421/500/430 437/517/454 422/501/432
f 429/509/431 445/526/455 430/510/433
f 423/502/434 437/517/454 438/518/456
f 431/511/435 445/526/455 446/527/457
f 442/523/449 458/540/458 443/524/451
f 435/515/450 451/532/459 436/516/452
f 444/525/453 458/540/458 459/541/460
f 436/516/452 452/533/461 437/517/454
f 444/525/453 460/542/462 445/526/455
f 438/518/456 452/533/461 453/534/463
f 446/527/457 460/542/462 461/543/464
f 438/518/456 454/535/465 439/519/443
f 446/527/457 462/544/466 447/528/444
f 440/520/445 454/535/465 455/536/467
f 448/529/446 462/544/466 463/545/468
f 440/520/445 456/537/469 441/521/447
f 434/514/448 403/481/71 449/530/470
f 629/722/338 448/529/446 463/545/468
f 442/523/449 456/538/469 457/539/471
f 434/514/448 450/531/472 435/515/450
f 461/543/464 477/560/473 462/544/466
f 455/536/467 469/551/474 470/552/475
f 462/544/466 478/561/476 463/545/468
f 455/536/467 471/553/477 456/537/469
f 449/530/470 403/481/71 464/546/478
f 629/722/338 463/545/468 478/561/476
f 457/539/471 471/554/477 472/555/479
f 450/531/472 464/546/478 465/547/480
f 457/539/471 473/556/481 458/540/458
f 450/531/472 466/548/482 451/532/459
f 459/541/460 473/556/481 474/557/483
f 451/532/459 467/549/484 452/533/461
f 459/541/460 475/558/485 460/542/462
f 452/533/461 468/550/486 453/534/463
f 461/543/464 475/558/485 476/559/487
f 453/534/463 469/551/474 454/535/465
f 466/548/482 480/563/488 481/564/489
f 474/557/483 488/572/490 489/573/491
f 466/548/482 482/565/492 467/549/484
f 475/558/485 489/573/491 490/574/493
f 467/549/484 483/566/494 468/550/486
f 476/559/487 490/574/493 491/575/495
f 468/550/486 484/567/496 469/551/474
f 476/559/487 492/576/497 477/560/473
f 469/551/474 485/568/498 470/552/475
f 477/560/473 493/577/499 478/561/476
f 471/553/477 485/568/498 486/569/500
f 464/546/478 403/481/71 479/562/501
f 629/722/338 478/561/476 493/577/499
f 471/554/477 487/571/502 472/555/479
f 465/547/480 479/562/501 480/563/488
f 473/556/481 487/571/502 488/572/490
f 484/567/496 500/584/503 485/568/498
f 493/577/499 507/592/504 508/593/505
f 486/569/500 500/584/503 501/585/506
f 479/562/501 403/481/71 494/578/507
f 629/722/338 493/577/499 508/593/505
f 486/570/500 502/587/508 487/571/502
f 479/562/501 495/579/509 480/563/488
f 488/572/490 502/587/508 503/588/510
f 480/563/488 496/580/511 481/564/489
f 489/573/491 503/588/510 504/589/512
f 481/564/489 497/581/513 482/565/492
f 489/573/491 505/590/514 490/574/493
f 482/565/492 498/582/515 483/566/494
f 491/575/495 505/590/514 506/591/516
f 483/566/494 499/583/517 484/567/496
f 492/576/497 506/591/516 507/592/504
f 504/589/512 518/604/518 519/605/519
f 496/580/511 512/597/520 497/581/513
f 504/589/512 520/606/521 505/590/514
f 498/582/515 512/597/520 513/598/522
f 505/590/514 521/607/523 506/591/516
f 498/582/515 514/599/524 499/583/517
f 507/592/504 521/607/523 522/608/525
f 500/584/503 514/599/524 515/600/526
f 508/593/505 522/608/525 523/609/527
f 501/585/506 515/600/526 516/601/528
f 494/578/507 403/481/71 509/594/529
f 629/722/338 508/593/505 523/609/527
f 501/586/506 517/603/530 502/587/508
f 494/578/507 510/595/531 495/579/509
f 502/587/508 518/604/518 503/588/510
f 495/579/509 511/596/532 496/580/511
f 523/609/527 537/624/533 538/625/534
f 516/601/528 530/616/535 531/617/536
f 509/594/529 403/481/71 524/610/537
f 629/722/338 523/609/527 538/625/534
f 516/602/528 532/619/538 517/603/530
f 510/595/531 524/610/537 525/611/539
f 517/603/530 533/620/540 518/604/518
f 510/595/531 526/612/541 511/596/532
f 519/605/519 533/620/540 534/621/542
f 512/597/520 526/612/541 527/613/543
f 520/606/521 534/621/542 535/622/544
f 513/598/522 527/613/543 528/614/545
f 521/607/523 535/622/544 536/623/546
f 513/598/522 529/615/547 514/599/524
f 521/607/523 537/624/533 522/608/525
f 515/600/526 529/615/547 530/616/535
f 535/622/544 549/637/548 550/638/549
f 528/614/545 542/629/550 543/630/551
f 536/623/546 550/638/549 551/639/552
f 528/614/545 544/631/553 529/615/547
f 537/624/533 551/639/552 552/640/554
f 530/616/535 544/631/553 545/632/555
f 538/625/534 552/640/554 553/641/556
f 531/617/536 545/632/555 546/634/557
f 524/610/537 403/481/71 539/626/558
f 629/722/338 538/625/534 553/641/556
f 531/618/536 547/635/559 532/619/538
f 525/611/539 539/626/558 540/627/560
f 532/619/538 548/636/561 533/620/540
f 526/612/541 540/627/560 541/628/562
f 534/621/542 548/636/561 549/637/548
f 526/612/541 542/629/550 527/613/543
f 539/626/558 403/481/71 554/642/563
f 629/722/338 553/641/556 568/657/564
f 546/633/557 562/651/565 547/635/559
f 539/626/558 555/643/566 540/627/560
f 547/635/559 563/652/567 548/636/561
f 540/627/560 556/644/568 541/628/562
f 548/636/561 564/653/569 549/637/548
f 541/628/562 557/645/570 542/629/550
f 549/637/548 565/654/571 550/638/549
f 543/630/551 557/645/570 558/646/572
f 550/638/549 566/655/573 551/639/552
f 544/631/553 558/646/572 559/647/574
f 551/639/552 567/656/575 552/640/554
f 545/632/555 559/647/574 560/648/576
f 552/640/554 568/657/564 553/641/556
f 546/634/557 560/648/576 561/649/577
f 557/645/570 573/662/578 558/646/572
f 566/655/573 580/670/579 581/671/580
f 558/646/572 574/663/581 559/647/574
f 567/656/575 581/671/580 582/672/582
f 560/648/576 574/663/581 575/664/583
f 568/657/564 582/672/582 583/673/584
f 561/649/577 575/664/583 576/666/585
f 554/642/563 403/481/71 569/658/586
f 629/722/338 568/657/564 583/673/584
f 561/650/577 577/667/587 562/651/565
f 555/643/566 569/658/586 570/659/588
f 562/651/565 578/668/589 563/652/567
f 556/644/568 570/659/588 571/660/590
f 564/653/569 578/668/589 579/669/591
f 557/645/570 571/660/590 572/661/592
f 565/654/571 579/669/591 580/670/579
f 576/665/585 592/683/593 577/667/587
f 569/658/586 585/675/594 570/659/588
f 577/667/587 593/684/595 578/668/589
f 570/659/588 586/676/596 571/660/590
f 579/669/591 593/684/595 594/685/597
f 572/661/592 586/676/596 587/677/598
f 579/669/591 595/686/599 580/670/579
f 573/662/578 587/677/598 588/678/600
f 580/670/579 596/687/601 581/671/580
f 573/662/578 589/679/602 574/663/581
f 581/671/580 597/688/603 582/672/582
f 575/664/583 589/679/602 590/680/604
f 582/672/582 598/689/605 583/673/584
f 576/666/585 590/680/604 591/681/606
f 569/658/586 403/481/71 584/674/607
f 629/722/338 583/673/584 598/689/605
f 596/687/601 610/702/608 611/703/609
f 588/678/600 604/695/610 589/679/602
f 597/688/603 611/703/609 612/704/611
f 590/680/604 604/695/610 605/696/612
f 597/688/603 613/705/613 598/689/605
f 591/681/606 605/696/612 606/697/614
f 584/674/607 403/481/71 599/690/615
f 629/722/338 598/689/605 613/705/613
f 591/682/606 607/699/616 592/683/593
f 584/674/607 600/691/617 585/675/594
f 592/683/593 608/700/618 593/684/595
f 585/675/594 601/692/619 586/676/596
f 594/685/597 608/700/618 609/701/620
f 586/676/596 602/693/621 587/677/598
f 595/686/599 609/701/620 610/702/608
f 588/678/600 602/693/621 603/694/622
f 600/691/617 614/706/623 615/707/624
f 607/699/616 623/716/625 608/700/618
f 601/692/619 615/707/624 616/708/626
f 609/701/620 623/716/625 624/717/627
f 602/693/621 616/708/626 617/709/628
f 610/702/608 624/717/627 625/718/629
f 603/694/622 617/709/628 618/710/630
f 610/702/608 626/719/631 611/703/609
f 603/694/622 619/711/632 604/695/610
f 612/704/611 626/719/631 627/720/633
f 605/696/612 619/711/632 620/712/634
f 613/705/613 627/720/633 628/721/635
f 606/697/614 620/712/634 621/713/636
f 599/690/615 403/481/71 614/706/623
f 629/722/338 613/705/613 628/721/635
f 606/698/614 622/715/637 607/699/616
f 618/710/630 635/728/638 619/711/632
f 627/720/633 642/736/639 643/737/640
f 620/712/634 635/728/638 636/729/641
f 627/720/633 644/738/642 628/721/635
f 621/713/636 636/729/641 637/730/643
f 614/706/623 403/481/71 630/723/644
f 629/722/338 628/721/635 644/738/642
f 621/714/636 638/732/645 622/715/637
f 614/706/623 631/724/646 615/707/624
f 622/715/637 639/733/647 623/716/625
f 615/707/624 632/725/648 616/708/626
f 624/717/627 639/733/647 640/734/649
f 616/708/626 633/726/650 617/709/628
f 625/718/629 640/734/649 641/735/651
f 618/710/630 633/726/650 634/727/652
f 626/719/631 641/735/651 642/736/639
f 638/732/645 654/749/653 639/733/647
f 631/724/646 647/741/654 632/725/648
f 640/734/649 654/749/653 655/750/655
f 632/725/648 648/742/656 633/726/650
f 640/734/649 656/751/657 641/735/651
f 634/727/652 648/742/656 649/743/658
f 642/736/639 656/751/657 657/752/659
f 634/727/652 650/744/660 635/728/638
f 642/736/639 658/753/661 643/737/640
f 636/729/641 650/744/660 651/745/662
f 643/737/640 659/754/663 644/738/642
f 637/730/643 651/745/662 652/746/664
f 630/723/644 403/481/71 645/739/665
f 629/722/338 644/738/642 659/754/663
f 637/731/643 653/748/666 638/732/645
f 631/724/646 645/739/665 646/740/667
f 657/752/659 673/769/668 658/753/661
f 651/745/662 665/760/669 666/761/670
f 659/754/663 673/769/668 674/770/671
f 652/746/664 666/761/670 667/762/672
f 645/739/665 403/481/71 660/755/673
f 629/722/338 659/754/663 674/770/671
f 652/747/664 668/764/674 653/748/666
f 645/739/665 661/756/675 646/740/667
f 653/748/666 669/765/676 654/749/653
f 647/741/654 661/756/675 662/757/677
f 655/750/655 669/765/676 670/766/678
f 647/741/654 663/758/679 648/742/656
f 655/750/655 671/767/680 656/751/657
f 649/743/658 663/758/679 664/759/681
f 657/752/659 671/767/680 672/768/682
f 649/743/658 665/760/669 650/744/660
f 670/766/678 684/781/683 685/782/684
f 662/757/677 678/774/685 663/758/679
f 670/766/678 686/783/686 671/767/680
f 664/759/681 678/774/685 679/775/687
f 672/768/682 686/783/686 687/784/688
f 664/759/681 680/776/689 665/760/669
f 672/768/682 688/785/690 673/769/668
f 666/761/670 680/776/689 681/777/691
f 674/770/671 688/785/690 689/786/692
f 667/762/672 681/777/691 682/778/693
f 660/755/673 403/481/71 675/771/694
f 629/722/338 674/770/671 689/786/692
f 667/763/672 683/780/695 668/764/674
f 661/756/675 675/771/694 676/772/696
f 668/764/674 684/781/683 669/765/676
f 662/757/677 676/772/696 677/773/697
f 688/785/690 704/802/698 689/786/692
f 682/778/693 696/793/699 697/794/700
f 675/771/694 403/481/71 690/787/701
f 629/722/338 689/786/692 704/802/698
f 682/779/693 698/796/702 683/780/695
f 676/772/696 690/787/701 691/788/703
f 683/780/695 699/797/704 684/781/683
f 677/773/697 691/788/703 692/789/705
f 685/782/684 699/797/704 700/798/706
f 678/774/685 692/789/705 693/790/707
f 685/782/684 701/799/708 686/783/686
f 679/775/687 693/790/707 694/791/709
f 687/784/688 701/799/708 702/800/710
f 679/775/687 695/792/711 680/776/689
f 687/784/688 703/801/712 688/785/690
f 681/777/691 695/792/711 696/793/699
f 693/790/707 707/805/713 708/806/714
f 700/798/706 716/815/715 701/799/708
f 693/790/707 709/807/716 694/791/709
f 702/800/710 716/815/715 717/816/717
f 694/791/709 710/808/718 695/792/711
f 703/801/712 717/816/717 718/817/719
f 696/793/699 710/808/718 711/809/720
f 704/802/698 718/817/719 719/818/721
f 697/794/700 711/809/720 712/810/722
f 690/787/701 403/481/71 705/803/723
f 629/722/338 704/802/698 719/818/721
f 697/795/700 713/812/724 698/796/702
f 691/788/703 705/803/723 706/804/725
f 698/796/702 714/813/726 699/797/704
f 691/788/703 707/805/713 692/789/705
f 700/798/706 714/813/726 715/814/727
f 712/810/722 726/825/728 727/826/729
f 705/803/723 403/481/71 720/819/730
f 629/722/338 719/818/721 734/834/731
f 712/811/722 728/828/732 713/812/724
f 706/804/725 720/819/730 721/820/733
f 713/812/724 729/829/734 714/813/726
f 707/805/713 721/820/733 722/821/735
f 715/814/727 729/829/734 730/830/736
f 707/805/713 723/822/737 708/806/714
f 715/814/727 731/831/738 716/815/715
f 709/807/716 723/822/737 724/823/739
f 717/816/717 731/831/738 732/832/740
f 709/807/716 725/824/741 710/808/718
f 717/816/717 733/833/742 718/817/719
f 711/809/720 725/824/741 726/825/728
f 719/818/721 733/833/742 734/834/731
f 730/830/736 746/847/743 731/831/738
f 724/823/739 738/838/744 739/839/745
f 732/832/740 746/847/743 747/848/746
f 724/823/739 740/840/747 725/824/741
f 733/833/742 747/848/746 748/849/748
f 726/825/728 740/840/747 741/841/749
f 733/833/742 749/850/750 734/834/731
f 727/826/729 741/841/749 742/843/751
f 720/819/730 403/481/71 735/835/752
f 629/722/338 734/834/731 749/850/750
f 727/827/729 743/844/753 728/828/732
f 721/820/733 735/835/752 736/836/754
f 728/828/732 744/845/755 729/829/734
f 722/821/735 736/836/754 737/837/756
f 730/830/736 744/845/755 745/846/757
f 723/822/737 737/837/756 738/838/744
f 735/835/752 403/481/71 750/851/758
f 629/722/338 749/850/750 764/866/759
f 742/842/751 758/860/760 743/844/753
f 736/836/754 750/851/758 751/852/761
f 743/844/753 759/861/762 744/845/755
f 736/836/754 752/853/763 737/837/756
f 745/846/757 759/861/762 760/862/764
f 737/837/756 753/854/765 738/838/744
f 745/846/757 761/863/766 746/847/743
f 739/839/745 753/854/765 754/855/767
f 747/848/746 761/863/766 762/864/768
f 739/839/745 755/856/769 740/840/747
f 747/848/746 763/865/770 748/849/748
f 741/841/749 755/856/769 756/857/771
f 748/849/748 764/866/759 749/850/750
f 742/843/751 756/857/771 757/858/772
f 754/855/767 768/870/773 769/871/774
f 762/864/768 776/879/775 777/880/776
f 754/855/767 770/872/777 755/856/769
f 762/864/768 778/881/778 763/865/770
f 756/857/771 770/872/777 771/873/779
f 763/865/770 779/882/780 764/866/759
f 757/858/772 771/873/779 772/875/781
f 750/851/758 403/481/71 765/867/782
f 629/722/338 764/866/759 779/882/780
f 757/859/772 773/876/783 758/860/760
f 751/852/761 765/867/782 766/868/784
f 758/860/760 774/877/785 759/861/762
f 752/853/763 766/868/784 767/869/786
f 760/862/764 774/877/785 775/878/787
f 753/854/765 767/869/786 768/870/773
f 760/862/764 776/879/775 761/863/766
f 772/874/781 788/892/788 773/876/783
f 765/867/782 781/884/789 766/868/784
f 773/876/783 789/893/790 774/877/785
f 766/868/784 782/885/791 767/869/786
f 775/878/787 789/893/790 790/894/792
f 767/869/786 783/886/793 768/870/773
f 775/878/787 791/895/794 776/879/775
f 769/871/774 783/886/793 784/887/795
f 777/880/776 791/895/794 792/896/796
f 769/871/774 785/888/797 770/872/777
f 777/880/776 793/897/798 778/881/778
f 771/873/779 785/888/797 786/889/799
f 778/881/778 794/898/800 779/882/780
f 772/875/781 786/889/799 787/890/801
f 765/867/782 403/481/71 780/883/802
f 629/722/338 779/882/780 794/898/800
f 792/896/796 800/904/322 801/905/324
f 785/888/797 323/395/352 798/902/325
f 792/896/796 802/906/329 793/897/798
f 786/889/799 798/902/325 324/396/331
f 794/898/800 802/906/329 803/907/333
f 787/890/801 324/396/331 325/397/335
f 780/883/802 403/481/71 795/899/336
f 629/722/338 794/898/800 803/907/333
f 787/891/801 326/399/339 788/892/788
f 780/883/802 796/900/341 781/884/789
f 788/892/788 799/903/343 789/893/790
f 782/885/791 796/900/341 322/394/346
f 789/893/790 327/400/348 790/894/792
f 783/886/793 322/394/346 797/901/349
f 790/894/792 800/904/322 791/895/794
f 784/887/795 797/901/349 323/395/352
f 1283/1419/324 821/927/351 822/928/323
f 1280/1416/325 814/919/326 815/920/327
f 1283/1419/324 823/929/803 1284/1420/804
f 806/910/331 815/920/327 816/921/330
f 1284/1420/804 824/930/332 1285/1421/333
f 806/910/331 817/922/334 807/911/335
f 1277/1413/336 885/995/71 810/915/337
f 1111/1236/338 1285/1421/333 824/930/332
f 808/913/339 817/923/334 818/924/340
f 1278/1414/341 810/915/337 811/916/342
f 808/913/339 819/925/344 1281/1417/343
f 804/908/346 811/916/342 812/917/345
f 1281/1417/343 820/926/347 809/914/348
f 804/908/346 813/918/350 1279/1415/349
f 1282/1418/322 820/926/347 821/927/351
f 805/909/352 813/918/350 814/919/326
f 813/918/350 827/933/366 828/934/353
f 820/926/347 836/943/354 821/927/351
f 814/919/326 828/934/353 829/935/805
f 821/927/351 837/944/356 822/928/323
f 815/920/327 829/935/805 830/936/357
f 823/929/803 837/944/356 838/945/806
f 816/921/330 830/936/357 831/937/359
f 823/929/803 839/946/360 824/930/332
f 817/922/334 831/937/359 832/938/361
f 810/915/337 885/995/71 825/931/807
f 1111/1236/338 824/930/332 839/946/360
f 817/923/334 833/940/363 818/924/340
f 811/916/342 825/931/807 826/932/364
f 818/924/340 834/941/365 819/925/344
f 812/917/345 826/932/364 827/933/366
f 819/925/344 835/942/367 820/926/347
f 832/938/361 846/953/382 847/954/368
f 825/931/807 885/995/71 840/947/808
f 1111/1236/338 839/946/360 854/962/370
f 832/939/361 848/956/371 833/940/363
f 825/931/807 841/948/372 826/932/364
f 833/940/363 849/957/373 834/941/365
f 826/932/364 842/949/374 827/933/366
f 835/942/367 849/957/373 850/958/809
f 827/933/366 843/950/376 828/934/353
f 836/943/354 850/958/809 851/959/377
f 828/934/353 844/951/378 829/935/805
f 836/943/354 852/960/379 837/944/356
f 829/935/805 845/952/380 830/936/357
f 838/945/806 852/960/379 853/961/810
f 831/937/359 845/952/380 846/953/382
f 839/946/360 853/961/810 854/962/370
f 851/959/377 865/974/397 866/975/383
f 843/950/376 859/967/385 844/951/378
f 852/960/379 866/975/383 867/976/386
f 844/951/378 860/968/387 845/952/380
f 853/961/810 867/976/386 868/977/811
f 846/953/382 860/968/387 861/969/389
f 853/961/810 869/978/390 854/962/370
f 846/953/382 862/970/391 847/954/368
f 840/947/808 885/995/71 855/963/812
f 1111/1236/338 854/962/370 869/978/390
f 848/956/371 862/971/391 863/972/393
f 841/948/372 855/963/812 856/964/813
f 848/956/371 864/973/395 849/957/373
f 841/948/372 857/965/396 842/949/374
f 850/958/809 864/973/395 865/974/397
f 842/949/374 858/966/814 843/950/376
f 1111/1236/338 869/978/390 884/994/398
f 863/972/393 877/987/399 878/988/400
f 856/964/813 870/979/412 871/980/401
f 863/972/393 879/989/402 864/973/395
f 857/965/396 871/980/401 872/981/403
f 865/974/397 879/989/402 880/990/404
f 858/966/814 872/981/403 873/982/815
f 865/974/397 881/991/406 866/975/383
f 858/966/814 874/983/816 859/967/385
f 866/975/383 882/992/408 867/976/386
f 859/967/385 875/984/409 860/968/387
f 867/976/386 883/993/817 868/977/811
f 861/969/389 875/984/409 876/985/411
f 868/977/811 884/994/398 869/978/390
f 861/969/389 877/986/399 862/970/391
f 855/963/812 885/995/71 870/979/412
f 882/992/408 897/1008/426 898/1009/413
f 874/983/816 891/1001/414 875/984/409
f 882/992/408 899/1010/818 883/993/817
f 875/984/409 892/1002/416 876/985/411
f 884/994/398 899/1010/818 900/1011/819
f 877/986/399 892/1002/416 893/1003/418
f 870/979/412 885/995/71 886/996/419
f 1111/1236/338 884/994/398 900/1011/819
f 877/987/399 894/1005/420 878/988/400
f 871/980/401 886/996/419 887/997/421
f 879/989/402 894/1005/420 895/1006/422
f 871/980/401 888/998/423 872/981/403
f 880/990/404 895/1006/422 896/1007/424
f 872/981/403 889/999/820 873/982/815
f 880/990/404 897/1008/426 881/991/406
f 873/982/815 890/1000/427 874/983/816
f 887/997/421 901/1012/441 902/1013/428
f 894/1005/420 910/1022/429 895/1006/422
f 887/997/421 903/1014/430 888/998/423
f 896/1007/424 910/1022/429 911/1023/431
f 888/998/423 904/1015/821 889/999/820
f 896/1007/424 912/1024/433 897/1008/426
f 890/1000/427 904/1015/821 905/1016/822
f 897/1008/426 913/1025/435 898/1009/413
f 890/1000/427 906/1017/436 891/1001/414
f 899/1010/818 913/1025/435 914/1026/823
f 892/1002/416 906/1017/436 907/1018/438
f 900/1011/819 914/1026/823 915/1027/439
f 893/1003/418 907/1018/438 908/1019/440
f 886/996/419 885/995/71 901/1012/441
f 1111/1236/338 900/1011/819 915/1027/439
f 893/1004/418 909/1021/442 894/1005/420
f 906/1017/436 920/1032/824 921/1033/443
f 914/1026/823 928/1041/457 929/1042/825
f 907/1018/438 921/1033/443 922/1034/445
f 914/1026/823 930/1043/446 915/1027/439
f 907/1018/438 923/1035/447 908/1019/440
f 901/1012/441 885/995/71 916/1028/448
f 1111/1236/338 915/1027/439 930/1043/446
f 909/1021/442 923/1036/447 924/1037/449
f 901/1012/441 917/1029/450 902/1013/428
f 909/1021/442 925/1038/451 910/1022/429
f 902/1013/428 918/1030/452 903/1014/430
f 910/1022/429 926/1039/453 911/1023/431
f 903/1014/430 919/1031/826 904/1015/821
f 912/1024/433 926/1039/453 927/1040/455
f 905/1016/822 919/1031/826 920/1032/824
f 912/1024/433 928/1041/457 913/1025/435
f 925/1038/451 939/1053/471 940/1054/458
f 917/1029/450 933/1046/459 918/1030/452
f 926/1039/453 940/1054/458 941/1055/460
f 918/1030/452 934/1047/827 919/1031/826
f 926/1039/453 942/1056/462 927/1040/455
f 920/1032/824 934/1047/827 935/1048/463
f 928/1041/457 942/1056/462 943/1057/464
f 920/1032/824 936/1049/465 921/1033/443
f 929/1042/825 943/1057/464 944/1058/828
f 921/1033/443 937/1050/467 922/1034/445
f 929/1042/825 945/1059/468 930/1043/446
f 923/1035/447 937/1050/467 938/1051/469
f 916/1028/448 885/995/71 931/1044/470
f 1111/1236/338 930/1043/446 945/1059/468
f 923/1036/447 939/1053/471 924/1037/449
f 916/1028/448 932/1045/472 917/1029/450
f 944/1058/828 958/1073/487 959/1074/829
f 936/1049/465 952/1066/475 937/1050/467
f 944/1058/828 960/1075/830 945/1059/468
f 938/1051/469 952/1066/475 953/1067/477
f 931/1044/470 885/995/71 946/1060/831
f 1111/1236/338 945/1059/468 960/1075/830
f 938/1052/469 954/1069/479 939/1053/471
f 931/1044/470 947/1061/480 932/1045/472
f 940/1054/458 954/1069/479 955/1070/481
f 932/1045/472 948/1062/482 933/1046/459
f 941/1055/460 955/1070/481 956/1071/483
f 933/1046/459 949/1063/832 934/1047/827
f 941/1055/460 957/1072/485 942/1056/462
f 935/1048/463 949/1063/832 950/1064/833
f 942/1056/462 958/1073/487 943/1057/464
f 935/1048/463 951/1065/474 936/1049/465
f 948/1062/482 962/1077/488 963/1078/489
f 956/1071/483 970/1086/490 971/1087/491
f 948/1062/482 964/1079/492 949/1063/832
f 957/1072/485 971/1087/491 972/1088/493
f 949/1063/832 965/1080/834 950/1064/833
f 957/1072/485 973/1089/495 958/1073/487
f 950/1064/833 966/1081/496 951/1065/474
f 958/1073/487 974/1090/497 959/1074/829
f 952/1066/475 966/1081/496 967/1082/498
f 960/1075/830 974/1090/497 975/1091/499
f 953/1067/477 967/1082/498 968/1083/500
f 946/1060/831 885/995/71 961/1076/501
f 1111/1236/338 960/1075/830 975/1091/499
f 953/1068/477 969/1085/502 954/1069/479
f 946/1060/831 962/1077/488 947/1061/480
f 954/1069/479 970/1086/490 955/1070/481
f 967/1082/498 981/1097/517 982/1098/503
f 974/1090/497 990/1107/835 975/1091/499
f 968/1083/500 982/1098/503 983/1099/506
f 961/1076/501 885/995/71 976/1092/836
f 1111/1236/338 975/1091/499 990/1107/835
f 968/1084/500 984/1101/508 969/1085/502
f 961/1076/501 977/1093/837 962/1077/488
f 969/1085/502 985/1102/510 970/1086/490
f 962/1077/488 978/1094/511 963/1078/489
f 971/1087/491 985/1102/510 986/1103/512
f 963/1078/489 979/1095/513 964/1079/492
f 972/1088/493 986/1103/512 987/1104/514
f 965/1080/834 979/1095/513 980/1096/838
f 973/1089/495 987/1104/514 988/1105/516
f 965/1080/834 981/1097/517 966/1081/496
f 973/1089/495 989/1106/839 974/1090/497
f 986/1103/512 1000/1118/518 1001/1119/519
f 978/1094/511 994/1111/520 979/1095/513
f 986/1103/512 1002/1120/521 987/1104/514
f 979/1095/513 995/1112/840 980/1096/838
f 988/1105/516 1002/1120/521 1003/1121/523
f 980/1096/838 996/1113/524 981/1097/517
f 989/1106/839 1003/1121/523 1004/1122/525
f 982/1098/503 996/1113/524 997/1114/526
f 989/1106/839 1005/1123/527 990/1107/835
f 983/1099/506 997/1114/526 998/1115/528
f 976/1092/836 885/995/71 991/1108/841
f 1111/1236/338 990/1107/835 1005/1123/527
f 983/1100/506 999/1117/530 984/1101/508
f 976/1092/836 992/1109/531 977/1093/837
f 984/1101/508 1000/1118/518 985/1102/510
f 977/1093/837 993/1110/532 978/1094/511
f 1005/1123/527 1019/1138/842 1020/1139/534
f 998/1115/528 1012/1130/535 1013/1131/536
f 991/1108/841 885/995/71 1006/1124/843
f 1111/1236/338 1005/1123/527 1020/1139/534
f 998/1116/528 1014/1133/538 999/1117/530
f 992/1109/531 1006/1124/843 1007/1125/539
f 999/1117/530 1015/1134/540 1000/1118/518
f 993/1110/532 1007/1125/539 1008/1126/541
f 1001/1119/519 1015/1134/540 1016/1135/542
f 993/1110/532 1009/1127/543 994/1111/520
f 1001/1119/519 1017/1136/544 1002/1120/521
f 994/1111/520 1010/1128/844 995/1112/840
f 1003/1121/523 1017/1136/544 1018/1137/546
f 995/1112/840 1011/1129/547 996/1113/524
f 1004/1122/525 1018/1137/546 1019/1138/842
f 997/1114/526 1011/1129/547 1012/1130/535
f 1016/1135/542 1032/1152/549 1017/1136/544
f 1010/1128/844 1024/1143/550 1025/1144/551
f 1017/1136/544 1033/1153/552 1018/1137/546
f 1011/1129/547 1025/1144/551 1026/1145/553
f 1018/1137/546 1034/1154/845 1019/1138/842
f 1012/1130/535 1026/1145/553 1027/1146/555
f 1020/1139/534 1034/1154/845 1035/1155/556
f 1013/1131/536 1027/1146/555 1028/1148/557
f 1006/1124/843 885/995/71 1021/1140/846
f 1111/1236/338 1020/1139/534 1035/1155/556
f 1013/1132/536 1029/1149/559 1014/1133/538
f 1007/1125/539 1021/1140/846 1022/1141/847
f 1014/1133/538 1030/1150/561 1015/1134/540
f 1008/1126/541 1022/1141/847 1023/1142/562
f 1015/1134/540 1031/1151/548 1016/1135/542
f 1009/1127/543 1023/1142/562 1024/1143/550
f 1021/1140/846 885/995/71 1036/1156/563
f 1111/1236/338 1035/1155/556 1050/1171/564
f 1028/1147/557 1044/1165/565 1029/1149/559
f 1021/1140/846 1037/1157/566 1022/1141/847
f 1029/1149/559 1045/1166/567 1030/1150/561
f 1022/1141/847 1038/1158/568 1023/1142/562
f 1031/1151/548 1045/1166/567 1046/1167/569
f 1023/1142/562 1039/1159/848 1024/1143/550
f 1031/1151/548 1047/1168/571 1032/1152/549
f 1025/1144/551 1039/1159/848 1040/1160/572
f 1033/1153/552 1047/1168/571 1048/1169/573
f 1025/1144/551 1041/1161/574 1026/1145/553
f 1034/1154/845 1048/1169/573 1049/1170/849
f 1027/1146/555 1041/1161/574 1042/1162/576
f 1034/1154/845 1050/1171/564 1035/1155/556
f 1028/1148/557 1042/1162/576 1043/1163/577
f 1040/1160/572 1054/1175/592 1055/1176/850
f 1047/1168/571 1063/1185/580 1048/1169/573
f 1040/1160/572 1056/1177/581 1041/1161/574
f 1048/1169/573 1064/1186/582 1049/1170/849
f 1041/1161/574 1057/1178/583 1042/1162/576
f 1050/1171/564 1064/1186/582 1065/1187/584
f 1043/1163/577 1057/1178/583 1058/1180/585
f 1036/1156/563 885/995/71 1051/1172/586
f 1111/1236/338 1050/1171/564 1065/1187/584
f 1043/1164/577 1059/1181/587 1044/1165/565
f 1037/1157/566 1051/1172/586 1052/1173/851
f 1044/1165/565 1060/1182/589 1045/1166/567
f 1038/1158/568 1052/1173/851 1053/1174/590
f 1046/1167/569 1060/1182/589 1061/1183/591
f 1039/1159/848 1053/1174/590 1054/1175/592
f 1046/1167/569 1062/1184/579 1047/1168/571
f 1058/1179/585 1074/1197/593 1059/1181/587
f 1051/1172/586 1067/1189/594 1052/1173/851
f 1059/1181/587 1075/1198/595 1060/1182/589
f 1052/1173/851 1068/1190/596 1053/1174/590
f 1061/1183/591 1075/1198/595 1076/1199/597
f 1053/1174/590 1069/1191/852 1054/1175/592
f 1061/1183/591 1077/1200/599 1062/1184/579
f 1054/1175/592 1070/1192/600 1055/1176/850
f 1063/1185/580 1077/1200/599 1078/1201/601
f 1055/1176/850 1071/1193/602 1056/1177/581
f 1064/1186/582 1078/1201/601 1079/1202/853
f 1057/1178/583 1071/1193/602 1072/1194/604
f 1064/1186/582 1080/1203/605 1065/1187/584
f 1058/1180/585 1072/1194/604 1073/1195/606
f 1051/1172/586 885/995/71 1066/1188/854
f 1111/1236/338 1065/1187/584 1080/1203/605
f 1078/1201/601 1092/1216/608 1093/1217/609
f 1070/1192/600 1086/1209/610 1071/1193/602
f 1078/1201/601 1094/1218/855 1079/1202/853
f 1072/1194/604 1086/1209/610 1087/1210/612
f 1079/1202/853 1095/1219/613 1080/1203/605
f 1073/1195/606 1087/1210/612 1088/1211/614
f 1066/1188/854 885/995/71 1081/1204/856
f 1111/1236/338 1080/1203/605 1095/1219/613
f 1073/1196/606 1089/1213/616 1074/1197/593
f 1066/1188/854 1082/1205/617 1067/1189/594
f 1074/1197/593 1090/1214/618 1075/1198/595
f 1067/1189/594 1083/1206/619 1068/1190/596
f 1076/1199/597 1090/1214/618 1091/1215/620
f 1068/1190/596 1084/1207/857 1069/1191/852
f 1076/1199/597 1092/1216/608 1077/1200/599
f 1069/1191/852 1085/1208/622 1070/1192/600
f 1082/1205/617 1096/1220/858 1097/1221/859
f 1089/1213/616 1105/1230/625 1090/1214/618
f 1083/1206/619 1097/1221/859 1098/1222/626
f 1090/1214/618 1106/1231/627 1091/1215/620
f 1084/1207/857 1098/1222/626 1099/1223/628
f 1092/1216/608 1106/1231/627 1107/1232/629
f 1085/1208/622 1099/1223/628 1100/1224/630
f 1093/1217/609 1107/1232/629 1108/1233/631
f 1086/1209/610 1100/1224/630 1101/1225/632
f 1094/1218/855 1108/1233/631 1109/1234/633
f 1087/1210/612 1101/1225/632 1102/1226/634
f 1095/1219/613 1109/1234/633 1110/1235/635
f 1088/1211/614 1102/1226/634 1103/1227/636
f 1081/1204/856 885/995/71 1096/1220/858
f 1111/1236/338 1095/1219/613 1110/1235/635
f 1088/1212/614 1104/1229/637 1089/1213/616
f 1100/1224/630 1117/1242/638 1101/1225/632
f 1108/1233/631 1125/1251/860 1109/1234/633
f 1101/1225/632 1118/1243/641 1102/1226/634
f 1109/1234/633 1126/1252/642 1110/1235/635
f 1103/1227/636 1118/1243/641 1119/1244/643
f 1096/1220/858 885/995/71 1112/1237/644
f 1111/1236/338 1110/1235/635 1126/1252/642
f 1103/1228/636 1120/1246/645 1104/1229/637
f 1096/1220/858 1113/1238/646 1097/1221/859
f 1105/1230/625 1120/1246/645 1121/1247/647
f 1097/1221/859 1114/1239/648 1098/1222/626
f 1106/1231/627 1121/1247/647 1122/1248/861
f 1098/1222/626 1115/1240/650 1099/1223/628
f 1107/1232/629 1122/1248/861 1123/1249/651
f 1099/1223/628 1116/1241/652 1100/1224/630
f 1108/1233/631 1123/1249/651 1124/1250/639
f 1120/1246/645 1136/1263/653 1121/1247/647
f 1113/1238/646 1129/1255/654 1114/1239/648
f 1121/1247/647 1137/1264/655 1122/1248/861
f 1115/1240/650 1129/1255/654 1130/1256/862
f 1123/1249/651 1137/1264/655 1138/1265/657
f 1115/1240/650 1131/1257/658 1116/1241/652
f 1123/1249/651 1139/1266/659 1124/1250/639
f 1117/1242/638 1131/1257/658 1132/1258/660
f 1125/1251/860 1139/1266/659 1140/1267/863
f 1118/1243/641 1132/1258/660 1133/1259/662
f 1125/1251/860 1141/1268/663 1126/1252/642
f 1119/1244/643 1133/1259/662 1134/1260/664
f 1112/1237/644 885/995/71 1127/1253/665
f 1111/1236/338 1126/1252/642 1141/1268/663
f 1119/1245/643 1135/1262/666 1120/1246/645
f 1113/1238/646 1127/1253/665 1128/1254/667
f 1139/1266/659 1155/1283/864 1140/1267/863
f 1133/1259/662 1147/1274/669 1148/1275/670
f 1141/1268/663 1155/1283/864 1156/1284/671
f 1133/1259/662 1149/1276/672 1134/1260/664
f 1127/1253/665 885/995/71 1142/1269/673
f 1111/1236/338 1141/1268/663 1156/1284/671
f 1135/1262/666 1149/1277/672 1150/1278/674
f 1127/1253/665 1143/1270/675 1128/1254/667
f 1135/1262/666 1151/1279/676 1136/1263/653
f 1128/1254/667 1144/1271/677 1129/1255/654
f 1137/1264/655 1151/1279/676 1152/1280/678
f 1129/1255/654 1145/1272/865 1130/1256/862
f 1138/1265/657 1152/1280/678 1153/1281/680
f 1130/1256/862 1146/1273/681 1131/1257/658
f 1139/1266/659 1153/1281/680 1154/1282/682
f 1131/1257/658 1147/1274/669 1132/1258/660
f 1152/1280/678 1166/1295/683 1167/1296/684
f 1144/1271/677 1160/1288/866 1145/1272/865
f 1153/1281/680 1167/1296/684 1168/1297/686
f 1146/1273/681 1160/1288/866 1161/1289/867
f 1154/1282/682 1168/1297/686 1169/1298/688
f 1146/1273/681 1162/1290/689 1147/1274/669
f 1154/1282/682 1170/1299/868 1155/1283/864
f 1148/1275/670 1162/1290/689 1163/1291/691
f 1156/1284/671 1170/1299/868 1171/1300/692
f 1149/1276/672 1163/1291/691 1164/1292/693
f 1142/1269/673 885/995/71 1157/1285/694
f 1111/1236/338 1156/1284/671 1171/1300/692
f 1149/1277/672 1165/1294/695 1150/1278/674
f 1143/1270/675 1157/1285/694 1158/1286/696
f 1150/1278/674 1166/1295/683 1151/1279/676
f 1144/1271/677 1158/1286/696 1159/1287/697
f 1171/1300/692 1185/1315/869 1186/1316/698
f 1164/1292/693 1178/1307/699 1179/1308/700
f 1157/1285/694 885/995/71 1172/1301/870
f 1111/1236/338 1171/1300/692 1186/1316/698
f 1164/1293/693 1180/1310/702 1165/1294/695
f 1158/1286/696 1172/1301/870 1173/1302/703
f 1165/1294/695 1181/1311/704 1166/1295/683
f 1159/1287/697 1173/1302/703 1174/1303/705
f 1167/1296/684 1181/1311/704 1182/1312/706
f 1160/1288/866 1174/1303/705 1175/1304/871
f 1167/1296/684 1183/1313/708 1168/1297/686
f 1160/1288/866 1176/1305/872 1161/1289/867
f 1169/1298/688 1183/1313/708 1184/1314/710
f 1161/1289/867 1177/1306/711 1162/1290/689
f 1169/1298/688 1185/1315/869 1170/1299/868
f 1163/1291/691 1177/1306/711 1178/1307/699
f 1174/1303/705 1190/1320/714 1175/1304/871
f 1183/1313/708 1197/1328/727 1198/1329/715
f 1175/1304/871 1191/1321/873 1176/1305/872
f 1184/1314/710 1198/1329/715 1199/1330/717
f 1177/1306/711 1191/1321/873 1192/1322/718
f 1184/1314/710 1200/1331/874 1185/1315/869
f 1178/1307/699 1192/1322/718 1193/1323/720
f 1185/1315/869 1201/1332/875 1186/1316/698
f 1179/1308/700 1193/1323/720 1194/1324/722
f 1172/1301/870 885/995/71 1187/1317/723
f 1111/1236/338 1186/1316/698 1201/1332/875
f 1179/1309/700 1195/1326/724 1180/1310/702
f 1172/1301/870 1188/1318/725 1173/1302/703
f 1180/1310/702 1196/1327/726 1181/1311/704
f 1174/1303/705 1188/1318/725 1189/1319/713
f 1181/1311/704 1197/1328/727 1182/1312/706
f 1194/1324/722 1208/1339/728 1209/1340/729
f 1187/1317/723 885/995/71 1202/1333/730
f 1111/1236/338 1201/1332/875 1216/1348/731
f 1194/1325/722 1210/1342/732 1195/1326/724
f 1187/1317/723 1203/1334/733 1188/1318/725
f 1195/1326/724 1211/1343/734 1196/1327/726
f 1189/1319/713 1203/1334/733 1204/1335/735
f 1196/1327/726 1212/1344/736 1197/1328/727
f 1190/1320/714 1204/1335/735 1205/1336/876
f 1197/1328/727 1213/1345/738 1198/1329/715
f 1191/1321/873 1205/1336/876 1206/1337/877
f 1199/1330/717 1213/1345/738 1214/1346/740
f 1192/1322/718 1206/1337/877 1207/1338/741
f 1199/1330/717 1215/1347/878 1200/1331/874
f 1193/1323/720 1207/1338/741 1208/1339/728
f 1200/1331/874 1216/1348/731 1201/1332/875
f 1212/1344/736 1228/1361/743 1213/1345/738
f 1205/1336/876 1221/1353/879 1206/1337/877
f 1214/1346/740 1228/1361/743 1229/1362/746
f 1206/1337/877 1222/1354/747 1207/1338/741
f 1214/1346/740 1230/1363/880 1215/1347/878
f 1207/1338/741 1223/1355/749 1208/1339/728
f 1216/1348/731 1230/1363/880 1231/1364/750
f 1209/1340/729 1223/1355/749 1224/1357/751
f 1202/1333/730 885/995/71 1217/1349/881
f 1111/1236/338 1216/1348/731 1231/1364/750
f 1209/1341/729 1225/1358/753 1210/1342/732
f 1203/1334/733 1217/1349/881 1218/1350/882
f 1211/1343/734 1225/1358/753 1226/1359/755
f 1203/1334/733 1219/1351/756 1204/1335/735
f 1212/1344/736 1226/1359/755 1227/1360/757
f 1204/1335/735 1220/1352/744 1205/1336/876
f 1217/1349/881 885/995/71 1232/1365/883
f 1111/1236/338 1231/1364/750 1246/1380/759
f 1224/1356/751 1240/1374/760 1225/1358/753
f 1217/1349/881 1233/1366/884 1218/1350/882
f 1226/1359/755 1240/1374/760 1241/1375/762
f 1218/1350/882 1234/1367/763 1219/1351/756
f 1226/1359/755 1242/1376/764 1227/1360/757
f 1220/1352/744 1234/1367/763 1235/1368/885
f 1227/1360/757 1243/1377/766 1228/1361/743
f 1221/1353/879 1235/1368/885 1236/1369/886
f 1229/1362/746 1243/1377/766 1244/1378/768
f 1222/1354/747 1236/1369/886 1237/1370/769
f 1230/1363/880 1244/1378/768 1245/1379/770
f 1222/1354/747 1238/1371/771 1223/1355/749
f 1231/1364/750 1245/1379/770 1246/1380/759
f 1224/1357/751 1238/1371/771 1239/1372/772
f 1236/1369/886 1250/1384/887 1251/1385/888
f 1243/1377/766 1259/1394/776 1244/1378/768
f 1236/1369/886 1252/1386/777 1237/1370/769
f 1244/1378/768 1260/1395/889 1245/1379/770
f 1238/1371/771 1252/1386/777 1253/1387/779
f 1245/1379/770 1261/1396/780 1246/1380/759
f 1239/1372/772 1253/1387/779 1254/1389/781
f 1232/1365/883 885/995/71 1247/1381/890
f 1111/1236/338 1246/1380/759 1261/1396/780
f 1239/1373/772 1255/1390/783 1240/1374/760
f 1233/1366/884 1247/1381/890 1248/1382/891
f 1240/1374/760 1256/1391/785 1241/1375/762
f 1234/1367/763 1248/1382/891 1249/1383/786
f 1242/1376/764 1256/1391/785 1257/1392/787
f 1235/1368/885 1249/1383/786 1250/1384/887
f 1242/1376/764 1258/1393/775 1243/1377/766
f 1254/1388/781 1270/1406/788 1255/1390/783
f 1247/1381/890 1263/1398/789 1248/1382/891
f 1255/1390/783 1271/1407/790 1256/1391/785
f 1249/1383/786 1263/1398/789 1264/1399/791
f 1257/1392/787 1271/1407/790 1272/1408/792
f 1250/1384/887 1264/1399/791 1265/1400/892
f 1258/1393/775 1272/1408/792 1273/1409/794
f 1250/1384/887 1266/1401/795 1251/1385/888
f 1259/1394/776 1273/1409/794 1274/1410/796
f 1251/1385/888 1267/1402/797 1252/1386/777
f 1259/1394/776 1275/1411/893 1260/1395/889
f 1253/1387/779 1267/1402/797 1268/1403/799
f 1261/1396/780 1275/1411/893 1276/1412/800
f 1254/1389/781 1268/1403/799 1269/1404/801
f 1247/1381/890 885/995/71 1262/1397/802
f 1111/1236/338 1261/1396/780 1276/1412/800
f 1273/1409/794 1283/1419/324 1274/1410/796
f 1267/1402/797 805/909/352 1280/1416/325
f 1274/1410/796 1284/1420/804 1275/1411/893
f 1268/1403/799 1280/1416/325 806/910/331
f 1276/1412/800 1284/1420/804 1285/1421/333
f 1269/1404/801 806/910/331 807/911/335
f 1262/1397/802 885/995/71 1277/1413/336
f 1111/1236/338 1276/1412/800 1285/1421/333
f 1269/1405/801 808/913/339 1270/1406/788
f 1262/1397/802 1278/1414/341 1263/1398/789
f 1270/1406/788 1281/1417/343 1271/1407/790
f 1264/1399/791 1278/1414/341 804/908/346
f 1271/1407/790 809/914/348 1272/1408/792
f 1265/1400/892 804/908/346 1279/1415/349
f 1272/1408/792 1282/1418/322 1273/1409/794
f 1266/1401/795 1279/1415/349 805/909/352
f 1764/1932/322 1304/1442/323 1765/1933/324
f 1762/1930/325 1296/1433/894 1297/1434/327
f 1765/1933/324 1305/1443/803 1766/1934/804
f 1762/1930/325 1298/1435/330 1288/1424/331
f 1767/1935/333 1305/1443/803 1306/1444/332
f 1288/1424/331 1299/1436/334 1289/1425/335
f 1759/1927/336 1367/1509/71 1292/1429/895
f 1593/1750/338 1767/1935/333 1306/1444/332
f 1290/1427/339 1299/1437/334 1300/1438/340
f 1760/1928/341 1292/1429/895 1293/1430/342
f 1763/1931/343 1300/1438/340 1301/1439/344
f 1286/1422/346 1293/1430/342 1294/1431/345
f 1763/1931/343 1302/1440/347 1291/1428/348
f 1761/1929/349 1294/1431/345 1295/1432/350
f 1764/1932/322 1302/1440/347 1303/1441/351
f 1761/1929/349 1296/1433/894 1287/1423/352
f 1295/1432/350 1309/1447/366 1310/1448/353
f 1302/1440/347 1318/1457/354 1303/1441/351
f 1295/1432/350 1311/1449/355 1296/1433/894
f 1304/1442/323 1318/1457/354 1319/1458/356
f 1296/1433/894 1312/1450/357 1297/1434/327
f 1305/1443/803 1319/1458/356 1320/1459/806
f 1298/1435/330 1312/1450/357 1313/1451/359
f 1305/1443/803 1321/1460/360 1306/1444/332
f 1298/1435/330 1314/1452/361 1299/1436/334
f 1292/1429/895 1367/1509/71 1307/1445/362
f 1593/1750/338 1306/1444/332 1321/1460/360
f 1300/1438/340 1314/1453/361 1315/1454/363
f 1293/1430/342 1307/1445/362 1308/1446/364
f 1300/1438/340 1316/1455/365 1301/1439/344
f 1293/1430/342 1309/1447/366 1294/1431/345
f 1302/1440/347 1316/1455/365 1317/1456/367
f 1313/1451/359 1329/1468/368 1314/1452/361
f 1307/1445/362 1367/1509/71 1322/1461/896
f 1593/1750/338 1321/1460/360 1336/1476/370
f 1315/1454/363 1329/1469/368 1330/1470/371
f 1307/1445/362 1323/1462/372 1308/1446/364
f 1315/1454/363 1331/1471/373 1316/1455/365
f 1308/1446/364 1324/1463/374 1309/1447/366
f 1317/1456/367 1331/1471/373 1332/1472/375
f 1309/1447/366 1325/1464/897 1310/1448/353
f 1317/1456/367 1333/1473/377 1318/1457/354
f 1311/1449/355 1325/1464/897 1326/1465/378
f 1318/1457/354 1334/1474/379 1319/1458/356
f 1311/1449/355 1327/1466/380 1312/1450/357
f 1319/1458/356 1335/1475/381 1320/1459/806
f 1313/1451/359 1327/1466/380 1328/1467/382
f 1320/1459/806 1336/1476/370 1321/1460/360
f 1332/1472/375 1348/1489/383 1333/1473/377
f 1325/1464/897 1341/1481/898 1326/1465/378
f 1334/1474/379 1348/1489/383 1349/1490/386
f 1326/1465/378 1342/1482/387 1327/1466/380
f 1334/1474/379 1350/1491/388 1335/1475/381
f 1328/1467/382 1342/1482/387 1343/1483/389
f 1335/1475/381 1351/1492/390 1336/1476/370
f 1328/1467/382 1344/1484/391 1329/1468/368
f 1322/1461/896 1367/1509/71 1337/1477/392
f 1593/1750/338 1336/1476/370 1351/1492/390
f 1330/1470/371 1344/1485/391 1345/1486/393
f 1323/1462/372 1337/1477/392 1338/1478/813
f 1330/1470/371 1346/1487/395 1331/1471/373
f 1323/1462/372 1339/1479/396 1324/1463/374
f 1332/1472/375 1346/1487/395 1347/1488/397
f 1324/1463/374 1340/1480/814 1325/1464/897
f 1593/1750/338 1351/1492/390 1366/1508/398
f 1345/1486/393 1359/1501/399 1360/1502/400
f 1338/1478/813 1352/1493/412 1353/1494/401
f 1345/1486/393 1361/1503/402 1346/1487/395
f 1339/1479/396 1353/1494/401 1354/1495/403
f 1347/1488/397 1361/1503/402 1362/1504/404
f 1340/1480/814 1354/1495/403 1355/1496/815
f 1347/1488/397 1363/1505/406 1348/1489/383
f 1341/1481/898 1355/1496/815 1356/1497/407
f 1349/1490/386 1363/1505/406 1364/1506/408
f 1341/1481/898 1357/1498/409 1342/1482/387
f 1349/1490/386 1365/1507/410 1350/1491/388
f 1343/1483/389 1357/1498/409 1358/1499/411
f 1350/1491/388 1366/1508/398 1351/1492/390
f 1343/1483/389 1359/1500/399 1344/1484/391
f 1337/1477/392 1367/1509/71 1352/1493/412
f 1363/1505/406 1380/1523/413 1364/1506/408
f 1356/1497/407 1373/1515/414 1357/1498/409
f 1365/1507/410 1380/1523/413 1381/1524/818
f 1358/1499/411 1373/1515/414 1374/1516/416
f 1366/1508/398 1381/1524/818 1382/1525/417
f 1358/1499/411 1375/1517/418 1359/1500/399
f 1352/1493/412 1367/1509/71 1368/1510/419
f 1593/1750/338 1366/1508/398 1382/1525/417
f 1360/1502/400 1375/1518/418 1376/1519/420
f 1352/1493/412 1369/1511/899 1353/1494/401
f 1360/1502/400 1377/1520/422 1361/1503/402
f 1353/1494/401 1370/1512/423 1354/1495/403
f 1362/1504/404 1377/1520/422 1378/1521/424
f 1354/1495/403 1371/1513/425 1355/1496/815
f 1362/1504/404 1379/1522/426 1363/1505/406
f 1356/1497/407 1371/1513/425 1372/1514/900
f 1369/1511/899 1383/1526/441 1384/1527/428
f 1376/1519/420 1392/1536/429 1377/1520/422
f 1370/1512/423 1384/1527/428 1385/1528/430
f 1377/1520/422 1393/1537/431 1378/1521/424
f 1370/1512/423 1386/1529/432 1371/1513/425
f 1379/1522/426 1393/1537/431 1394/1538/433
f 1372/1514/900 1386/1529/432 1387/1530/822
f 1379/1522/426 1395/1539/435 1380/1523/413
f 1373/1515/414 1387/1530/822 1388/1531/436
f 1381/1524/818 1395/1539/435 1396/1540/437
f 1374/1516/416 1388/1531/436 1389/1532/438
f 1382/1525/417 1396/1540/437 1397/1541/439
f 1374/1516/416 1390/1533/440 1375/1517/418
f 1368/1510/419 1367/1509/71 1383/1526/441
f 1593/1750/338 1382/1525/417 1397/1541/439
f 1376/1519/420 1390/1534/440 1391/1535/442
f 1388/1531/436 1402/1546/824 1403/1547/443
f 1396/1540/437 1410/1555/457 1411/1556/825
f 1389/1532/438 1403/1547/443 1404/1548/445
f 1396/1540/437 1412/1557/446 1397/1541/439
f 1390/1533/440 1404/1548/445 1405/1549/447
f 1383/1526/441 1367/1509/71 1398/1542/448
f 1593/1750/338 1397/1541/439 1412/1557/446
f 1390/1534/440 1406/1551/449 1391/1535/442
f 1383/1526/441 1399/1543/450 1384/1527/428
f 1391/1535/442 1407/1552/451 1392/1536/429
f 1384/1527/428 1400/1544/452 1385/1528/430
f 1392/1536/429 1408/1553/453 1393/1537/431
f 1385/1528/430 1401/1545/454 1386/1529/432
f 1394/1538/433 1408/1553/453 1409/1554/455
f 1386/1529/432 1402/1546/824 1387/1530/822
f 1394/1538/433 1410/1555/457 1395/1539/435
f 1406/1551/449 1422/1568/458 1407/1552/451
f 1399/1543/450 1415/1560/459 1400/1544/452
f 1408/1553/453 1422/1568/458 1423/1569/460
f 1401/1545/454 1415/1560/459 1416/1561/827
f 1408/1553/453 1424/1570/462 1409/1554/455
f 1402/1546/824 1416/1561/827 1417/1562/463
f 1410/1555/457 1424/1570/462 1425/1571/464
f 1402/1546/824 1418/1563/465 1403/1547/443
f 1411/1556/825 1425/1571/464 1426/1572/828
f 1404/1548/445 1418/1563/465 1419/1564/467
f 1411/1556/825 1427/1573/468 1412/1557/446
f 1405/1549/447 1419/1564/467 1420/1565/469
f 1398/1542/448 1367/1509/71 1413/1558/470
f 1593/1750/338 1412/1557/446 1427/1573/468
f 1405/1550/447 1421/1567/471 1406/1551/449
f 1398/1542/448 1414/1559/472 1399/1543/450
f 1425/1571/464 1441/1588/473 1426/1572/828
f 1419/1564/467 1433/1579/474 1434/1580/475
f 1426/1572/828 1442/1589/476 1427/1573/468
f 1420/1565/469 1434/1580/475 1435/1581/477
f 1413/1558/470 1367/1509/71 1428/1574/478
f 1593/1750/338 1427/1573/468 1442/1589/476
f 1420/1566/469 1436/1583/479 1421/1567/471
f 1414/1559/472 1428/1574/478 1429/1575/901
f 1421/1567/471 1437/1584/481 1422/1568/458
f 1414/1559/472 1430/1576/482 1415/1560/459
f 1423/1569/460 1437/1584/481 1438/1585/483
f 1415/1560/459 1431/1577/832 1416/1561/827
f 1423/1569/460 1439/1586/485 1424/1570/462
f 1416/1561/827 1432/1578/486 1417/1562/463
f 1425/1571/464 1439/1586/485 1440/1587/487
f 1417/1562/463 1433/1579/474 1418/1563/465
f 1429/1575/901 1445/1592/489 1430/1576/482
f 1438/1585/483 1452/1600/490 1453/1601/491
f 1430/1576/482 1446/1593/492 1431/1577/832
f 1438/1585/483 1454/1602/493 1439/1586/485
f 1431/1577/832 1447/1594/494 1432/1578/486
f 1440/1587/487 1454/1602/493 1455/1603/495
f 1432/1578/486 1448/1595/496 1433/1579/474
f 1441/1588/473 1455/1603/495 1456/1604/497
f 1434/1580/475 1448/1595/496 1449/1596/498
f 1442/1589/476 1456/1604/497 1457/1605/499
f 1435/1581/477 1449/1596/498 1450/1597/500
f 1428/1574/478 1367/1509/71 1443/1590/902
f 1593/1750/338 1442/1589/476 1457/1605/499
f 1435/1582/477 1451/1599/502 1436/1583/479
f 1428/1574/478 1444/1591/488 1429/1575/901
f 1436/1583/479 1452/1600/490 1437/1584/481
f 1449/1596/498 1463/1611/517 1464/1612/503
f 1457/1605/499 1471/1620/504 1472/1621/505
f 1450/1597/500 1464/1612/503 1465/1613/506
f 1443/1590/902 1367/1509/71 1458/1606/507
f 1593/1750/338 1457/1605/499 1472/1621/505
f 1450/1598/500 1466/1615/508 1451/1599/502
f 1444/1591/488 1458/1606/507 1459/1607/509
f 1451/1599/502 1467/1616/510 1452/1600/490
f 1444/1591/488 1460/1608/511 1445/1592/489
f 1453/1601/491 1467/1616/510 1468/1617/512
f 1445/1592/489 1461/1609/513 1446/1593/492
f 1453/1601/491 1469/1618/514 1454/1602/493
f 1447/1594/494 1461/1609/513 1462/1610/515
f 1455/1603/495 1469/1618/514 1470/1619/516
f 1447/1594/494 1463/1611/517 1448/1595/496
f 1455/1603/495 1471/1620/504 1456/1604/497
f 1468/1617/512 1482/1632/518 1483/1633/519
f 1460/1608/511 1476/1625/520 1461/1609/513
f 1469/1618/514 1483/1633/519 1484/1634/521
f 1461/1609/513 1477/1626/903 1462/1610/515
f 1470/1619/516 1484/1634/521 1485/1635/523
f 1462/1610/515 1478/1627/524 1463/1611/517
f 1470/1619/516 1486/1636/525 1471/1620/504
f 1464/1612/503 1478/1627/524 1479/1628/526
f 1472/1621/505 1486/1636/525 1487/1637/527
f 1465/1613/506 1479/1628/526 1480/1629/528
f 1458/1606/507 1367/1509/71 1473/1622/529
f 1593/1750/338 1472/1621/505 1487/1637/527
f 1465/1614/506 1481/1631/530 1466/1615/508
f 1458/1606/507 1474/1623/531 1459/1607/509
f 1466/1615/508 1482/1632/518 1467/1616/510
f 1459/1607/509 1475/1624/532 1460/1608/511
f 1487/1637/527 1501/1652/533 1502/1653/534
f 1480/1629/528 1494/1644/535 1495/1645/536
f 1473/1622/529 1367/1509/71 1488/1638/537
f 1593/1750/338 1487/1637/527 1502/1653/534
f 1480/1630/528 1496/1647/538 1481/1631/530
f 1474/1623/531 1488/1638/537 1489/1639/904
f 1481/1631/530 1497/1648/540 1482/1632/518
f 1475/1624/532 1489/1639/904 1490/1640/541
f 1483/1633/519 1497/1648/540 1498/1649/542
f 1476/1625/520 1490/1640/541 1491/1641/543
f 1483/1633/519 1499/1650/544 1484/1634/521
f 1477/1626/903 1491/1641/543 1492/1642/844
f 1485/1635/523 1499/1650/544 1500/1651/546
f 1477/1626/903 1493/1643/547 1478/1627/524
f 1485/1635/523 1501/1652/533 1486/1636/525
f 1479/1628/526 1493/1643/547 1494/1644/535
f 1498/1649/542 1514/1666/549 1499/1650/544
f 1492/1642/844 1506/1657/550 1507/1658/551
f 1500/1651/546 1514/1666/549 1515/1667/552
f 1492/1642/844 1508/1659/553 1493/1643/547
f 1501/1652/533 1515/1667/552 1516/1668/554
f 1494/1644/535 1508/1659/553 1509/1660/555
f 1501/1652/533 1517/1669/556 1502/1653/534
f 1495/1645/536 1509/1660/555 1510/1662/557
f 1488/1638/537 1367/1509/71 1503/1654/846
f 1593/1750/338 1502/1653/534 1517/1669/556
f 1495/1646/536 1511/1663/559 1496/1647/538
f 1488/1638/537 1504/1655/847 1489/1639/904
f 1496/1647/538 1512/1664/561 1497/1648/540
f 1489/1639/904 1505/1656/562 1490/1640/541
f 1498/1649/542 1512/1664/561 1513/1665/548
f 1490/1640/541 1506/1657/550 1491/1641/543
f 1503/1654/846 1367/1509/71 1518/1670/563
f 1593/1750/338 1517/1669/556 1532/1685/564
f 1510/1661/557 1526/1679/565 1511/1663/559
f 1503/1654/846 1519/1671/566 1504/1655/847
f 1511/1663/559 1527/1680/567 1512/1664/561
f 1504/1655/847 1520/1672/568 1505/1656/562
f 1513/1665/548 1527/1680/567 1528/1681/569
f 1505/1656/562 1521/1673/570 1506/1657/550
f 1513/1665/548 1529/1682/571 1514/1666/549
f 1507/1658/551 1521/1673/570 1522/1674/905
f 1515/1667/552 1529/1682/571 1530/1683/573
f 1507/1658/551 1523/1675/574 1508/1659/553
f 1516/1668/554 1530/1683/573 1531/1684/575
f 1509/1660/555 1523/1675/574 1524/1676/576
f 1516/1668/554 1532/1685/564 1517/1669/556
f 1510/1662/557 1524/1676/576 1525/1677/577
f 1522/1674/905 1536/1689/906 1537/1690/850
f 1530/1683/573 1544/1698/579 1545/1699/580
f 1522/1674/905 1538/1691/581 1523/1675/574
f 1530/1683/573 1546/1700/582 1531/1684/575
f 1524/1676/576 1538/1691/581 1539/1692/583
f 1532/1685/564 1546/1700/582 1547/1701/584
f 1525/1677/577 1539/1692/583 1540/1694/585
f 1518/1670/563 1367/1509/71 1533/1686/907
f 1593/1750/338 1532/1685/564 1547/1701/584
f 1525/1678/577 1541/1695/587 1526/1679/565
f 1519/1671/566 1533/1686/907 1534/1687/588
f 1526/1679/565 1542/1696/589 1527/1680/567
f 1520/1672/568 1534/1687/588 1535/1688/590
f 1528/1681/569 1542/1696/589 1543/1697/591
f 1521/1673/570 1535/1688/590 1536/1689/906
f 1528/1681/569 1544/1698/579 1529/1682/571
f 1540/1693/585 1556/1711/593 1541/1695/587
f 1534/1687/588 1548/1702/607 1549/1703/908
f 1541/1695/587 1557/1712/595 1542/1696/589
f 1535/1688/590 1549/1703/908 1550/1704/596
f 1543/1697/591 1557/1712/595 1558/1713/597
f 1535/1688/590 1551/1705/598 1536/1689/906
f 1543/1697/591 1559/1714/599 1544/1698/579
f 1536/1689/906 1552/1706/600 1537/1690/850
f 1544/1698/579 1560/1715/601 1545/1699/580
f 1537/1690/850 1553/1707/602 1538/1691/581
f 1545/1699/580 1561/1716/603 1546/1700/582
f 1539/1692/583 1553/1707/602 1554/1708/604
f 1547/1701/584 1561/1716/603 1562/1717/605
f 1540/1694/585 1554/1708/604 1555/1709/606
f 1533/1686/907 1367/1509/71 1548/1702/607
f 1593/1750/338 1547/1701/584 1562/1717/605
f 1560/1715/601 1574/1730/608 1575/1731/609
f 1552/1706/600 1568/1723/610 1553/1707/602
f 1561/1716/603 1575/1731/609 1576/1732/611
f 1554/1708/604 1568/1723/610 1569/1724/612
f 1561/1716/603 1577/1733/613 1562/1717/605
f 1555/1709/606 1569/1724/612 1570/1725/614
f 1548/1702/607 1367/1509/71 1563/1718/615
f 1593/1750/338 1562/1717/605 1577/1733/613
f 1555/1710/606 1571/1727/616 1556/1711/593
f 1548/1702/607 1564/1719/617 1549/1703/908
f 1556/1711/593 1572/1728/618 1557/1712/595
f 1549/1703/908 1565/1720/619 1550/1704/596
f 1558/1713/597 1572/1728/618 1573/1729/620
f 1550/1704/596 1566/1721/857 1551/1705/598
f 1558/1713/597 1574/1730/608 1559/1714/599
f 1552/1706/600 1566/1721/857 1567/1722/622
f 1564/1719/617 1578/1734/623 1579/1735/624
f 1571/1727/616 1587/1744/625 1572/1728/618
f 1565/1720/619 1579/1735/624 1580/1736/626
f 1573/1729/620 1587/1744/625 1588/1745/627
f 1566/1721/857 1580/1736/626 1581/1737/628
f 1574/1730/608 1588/1745/627 1589/1746/629
f 1567/1722/622 1581/1737/628 1582/1738/630
f 1575/1731/609 1589/1746/629 1590/1747/631
f 1567/1722/622 1583/1739/632 1568/1723/610
f 1575/1731/609 1591/1748/909 1576/1732/611
f 1569/1724/612 1583/1739/632 1584/1740/634
f 1576/1732/611 1592/1749/635 1577/1733/613
f 1570/1725/614 1584/1740/634 1585/1741/636
f 1563/1718/615 1367/1509/71 1578/1734/623
f 1593/1750/338 1577/1733/613 1592/1749/635
f 1570/1726/614 1586/1743/637 1571/1727/616
f 1582/1738/630 1599/1756/638 1583/1739/632
f 1590/1747/631 1607/1765/640 1591/1748/909
f 1584/1740/634 1599/1756/638 1600/1757/641
f 1592/1749/635 1607/1765/640 1608/1766/642
f 1585/1741/636 1600/1757/641 1601/1758/643
f 1578/1734/623 1367/1509/71 1594/1751/644
f 1593/1750/338 1592/1749/635 1608/1766/642
f 1585/1742/636 1602/1760/645 1586/1743/637
f 1578/1734/623 1595/1752/646 1579/1735/624
f 1586/1743/637 1603/1761/647 1587/1744/625
f 1579/1735/624 1596/1753/648 1580/1736/626
f 1588/1745/627 1603/1761/647 1604/1762/649
f 1580/1736/626 1597/1754/650 1581/1737/628
f 1588/1745/627 1605/1763/651 1589/1746/629
f 1582/1738/630 1597/1754/650 1598/1755/652
f 1590/1747/631 1605/1763/651 1606/1764/639
f 1602/1760/645 1618/1777/653 1603/1761/647
f 1596/1753/648 1610/1768/910 1611/1769/654
f 1604/1762/649 1618/1777/653 1619/1778/655
f 1597/1754/650 1611/1769/654 1612/1770/656
f 1604/1762/649 1620/1779/657 1605/1763/651
f 1598/1755/652 1612/1770/656 1613/1771/911
f 1606/1764/639 1620/1779/657 1621/1780/659
f 1598/1755/652 1614/1772/660 1599/1756/638
f 1607/1765/640 1621/1780/659 1622/1781/661
f 1600/1757/641 1614/1772/660 1615/1773/662
f 1608/1766/642 1622/1781/661 1623/1782/912
f 1601/1758/643 1615/1773/662 1616/1774/664
f 1594/1751/644 1367/1509/71 1609/1767/665
f 1593/1750/338 1608/1766/642 1623/1782/912
f 1601/1759/643 1617/1776/666 1602/1760/645
f 1595/1752/646 1609/1767/665 1610/1768/910
f 1621/1780/659 1637/1797/668 1622/1781/661
f 1615/1773/662 1629/1788/669 1630/1789/670
f 1622/1781/661 1638/1798/671 1623/1782/912
f 1616/1774/664 1630/1789/670 1631/1790/672
f 1609/1767/665 1367/1509/71 1624/1783/673
f 1593/1750/338 1623/1782/912 1638/1798/671
f 1616/1775/664 1632/1792/674 1617/1776/666
f 1610/1768/910 1624/1783/673 1625/1784/675
f 1617/1776/666 1633/1793/676 1618/1777/653
f 1610/1768/910 1626/1785/677 1611/1769/654
f 1619/1778/655 1633/1793/676 1634/1794/678
f 1612/1770/656 1626/1785/677 1627/1786/865
f 1620/1779/657 1634/1794/678 1635/1795/680
f 1613/1771/911 1627/1786/865 1628/1787/913
f 1621/1780/659 1635/1795/680 1636/1796/682
f 1613/1771/911 1629/1788/669 1614/1772/660
f 1634/1794/678 1648/1809/683 1649/1810/684
f 1626/1785/677 1642/1802/866 1627/1786/865
f 1635/1795/680 1649/1810/684 1650/1811/686
f 1628/1787/913 1642/1802/866 1643/1803/687
f 1636/1796/682 1650/1811/686 1651/1812/688
f 1628/1787/913 1644/1804/689 1629/1788/669
f 1637/1797/668 1651/1812/688 1652/1813/690
f 1630/1789/670 1644/1804/689 1645/1805/691
f 1637/1797/668 1653/1814/692 1638/1798/671
f 1631/1790/672 1645/1805/691 1646/1806/693
f 1624/1783/673 1367/1509/71 1639/1799/694
f 1593/1750/338 1638/1798/671 1653/1814/692
f 1631/1791/672 1647/1808/695 1632/1792/674
f 1625/1784/675 1639/1799/694 1640/1800/696
f 1632/1792/674 1648/1809/683 1633/1793/676
f 1626/1785/677 1640/1800/696 1641/1801/697
f 1653/1814/692 1667/1829/712 1668/1830/698
f 1645/1805/691 1661/1822/700 1646/1806/693
f 1639/1799/694 1367/1509/71 1654/1815/870
f 1593/1750/338 1653/1814/692 1668/1830/698
f 1647/1808/695 1661/1823/700 1662/1824/702
f 1640/1800/696 1654/1815/870 1655/1816/703
f 1647/1808/695 1663/1825/704 1648/1809/683
f 1640/1800/696 1656/1817/705 1641/1801/697
f 1649/1810/684 1663/1825/704 1664/1826/706
f 1642/1802/866 1656/1817/705 1657/1818/871
f 1649/1810/684 1665/1827/708 1650/1811/686
f 1642/1802/866 1658/1819/709 1643/1803/687
f 1651/1812/688 1665/1827/708 1666/1828/710
f 1643/1803/687 1659/1820/711 1644/1804/689
f 1651/1812/688 1667/1829/712 1652/1813/690
f 1645/1805/691 1659/1820/711 1660/1821/699
f 1656/1817/705 1672/1834/714 1657/1818/871
f 1664/1826/706 1680/1843/715 1665/1827/708
f 1657/1818/871 1673/1835/716 1658/1819/709
f 1666/1828/710 1680/1843/715 1681/1844/717
f 1658/1819/709 1674/1836/718 1659/1820/711
f 1666/1828/710 1682/1845/874 1667/1829/712
f 1660/1821/699 1674/1836/718 1675/1837/720
f 1667/1829/712 1683/1846/721 1668/1830/698
f 1661/1822/700 1675/1837/720 1676/1838/722
f 1654/1815/870 1367/1509/71 1669/1831/723
f 1593/1750/338 1668/1830/698 1683/1846/721
f 1661/1823/700 1677/1840/724 1662/1824/702
f 1654/1815/870 1670/1832/725 1655/1816/703
f 1662/1824/702 1678/1841/726 1663/1825/704
f 1655/1816/703 1671/1833/713 1656/1817/705
f 1664/1826/706 1678/1841/726 1679/1842/727
f 1676/1838/722 1690/1853/728 1691/1854/729
f 1669/1831/723 1367/1509/71 1684/1847/730
f 1593/1750/338 1683/1846/721 1698/1862/731
f 1676/1839/722 1692/1856/732 1677/1840/724
f 1669/1831/723 1685/1848/733 1670/1832/725
f 1677/1840/724 1693/1857/734 1678/1841/726
f 1670/1832/725 1686/1849/735 1671/1833/713
f 1679/1842/727 1693/1857/734 1694/1858/736
f 1672/1834/714 1686/1849/735 1687/1850/737
f 1679/1842/727 1695/1859/738 1680/1843/715
f 1673/1835/716 1687/1850/737 1688/1851/739
f 1681/1844/717 1695/1859/738 1696/1860/740
f 1673/1835/716 1689/1852/741 1674/1836/718
f 1681/1844/717 1697/1861/742 1682/1845/874
f 1675/1837/720 1689/1852/741 1690/1853/728
f 1682/1845/874 1698/1862/731 1683/1846/721
f 1694/1858/736 1710/1875/743 1695/1859/738
f 1688/1851/739 1702/1866/744 1703/1867/745
f 1696/1860/740 1710/1875/743 1711/1876/746
f 1688/1851/739 1704/1868/747 1689/1852/741
f 1697/1861/742 1711/1876/746 1712/1877/748
f 1690/1853/728 1704/1868/747 1705/1869/749
f 1698/1862/731 1712/1877/748 1713/1878/750
f 1691/1854/729 1705/1869/749 1706/1871/751
f 1684/1847/730 1367/1509/71 1699/1863/881
f 1593/1750/338 1698/1862/731 1713/1878/750
f 1691/1855/729 1707/1872/753 1692/1856/732
f 1685/1848/733 1699/1863/881 1700/1864/754
f 1692/1856/732 1708/1873/755 1693/1857/734
f 1686/1849/735 1700/1864/754 1701/1865/756
f 1694/1858/736 1708/1873/755 1709/1874/757
f 1687/1850/737 1701/1865/756 1702/1866/744
f 1699/1863/881 1367/1509/71 1714/1879/883
f 1593/1750/338 1713/1878/750 1728/1894/759
f 1706/1870/751 1722/1888/760 1707/1872/753
f 1699/1863/881 1715/1880/884 1700/1864/754
f 1707/1872/753 1723/1889/762 1708/1873/755
f 1700/1864/754 1716/1881/763 1701/1865/756
f 1709/1874/757 1723/1889/762 1724/1890/764
f 1701/1865/756 1717/1882/885 1702/1866/744
f 1709/1874/757 1725/1891/766 1710/1875/743
f 1703/1867/745 1717/1882/885 1718/1883/767
f 1711/1876/746 1725/1891/766 1726/1892/768
f 1703/1867/745 1719/1884/769 1704/1868/747
f 1711/1876/746 1727/1893/914 1712/1877/748
f 1705/1869/749 1719/1884/769 1720/1885/771
f 1712/1877/748 1728/1894/759 1713/1878/750
f 1706/1871/751 1720/1885/771 1721/1886/772
f 1718/1883/767 1732/1898/773 1733/1899/774
f 1726/1892/768 1740/1907/775 1741/1908/776
f 1718/1883/767 1734/1900/777 1719/1884/769
f 1726/1892/768 1742/1909/889 1727/1893/914
f 1720/1885/771 1734/1900/777 1735/1901/779
f 1727/1893/914 1743/1910/780 1728/1894/759
f 1721/1886/772 1735/1901/779 1736/1903/781
f 1714/1879/883 1367/1509/71 1729/1895/915
f 1593/1750/338 1728/1894/759 1743/1910/780
f 1721/1887/772 1737/1904/783 1722/1888/760
f 1715/1880/884 1729/1895/915 1730/1896/784
f 1722/1888/760 1738/1905/785 1723/1889/762
f 1715/1880/884 1731/1897/786 1716/1881/763
f 1724/1890/764 1738/1905/785 1739/1906/787
f 1717/1882/885 1731/1897/786 1732/1898/773
f 1724/1890/764 1740/1907/775 1725/1891/766
f 1736/1902/781 1752/1920/788 1737/1904/783
f 1729/1895/915 1745/1912/789 1730/1896/784
f 1737/1904/783 1753/1921/790 1738/1905/785
f 1731/1897/786 1745/1912/789 1746/1913/791
f 1739/1906/787 1753/1921/790 1754/1922/792
f 1732/1898/773 1746/1913/791 1747/1914/793
f 1739/1906/787 1755/1923/794 1740/1907/775
f 1733/1899/774 1747/1914/793 1748/1915/795
f 1741/1908/776 1755/1923/794 1756/1924/796
f 1733/1899/774 1749/1916/797 1734/1900/777
f 1741/1908/776 1757/1925/798 1742/1909/889
f 1735/1901/779 1749/1916/797 1750/1917/799
f 1743/1910/780 1757/1925/798 1758/1926/800
f 1736/1903/781 1750/1917/799 1751/1918/801
f 1729/1895/915 1367/1509/71 1744/1911/916
f 1593/1750/338 1743/1910/780 1758/1926/800
f 1756/1924/796 1764/1932/322 1765/1933/324
f 1749/1916/797 1287/1423/352 1762/1930/325
f 1757/1925/798 1765/1933/324 1766/1934/804
f 1750/1917/799 1762/1930/325 1288/1424/331
f 1757/1925/798 1767/1935/333 1758/1926/800
f 1751/1918/801 1288/1424/331 1289/1425/335
f 1744/1911/916 1367/1509/71 1759/1927/336
f 1593/1750/338 1758/1926/800 1767/1935/333
f 1751/1919/801 1290/1427/339 1752/1920/788
f 1744/1911/916 1760/1928/341 1745/1912/789
f 1752/1920/788 1763/1931/343 1753/1921/790
f 1746/1913/791 1760/1928/341 1286/1422/346
f 1753/1921/790 1291/1428/348 1754/1922/792
f 1747/1914/793 1286/1422/346 1761/1929/349
f 1754/1922/792 1764/1932/322 1755/1923/794
f 1748/1915/795 1761/1929/349 1287/1423/352
f 2246/2446/322 1786/1956/323 2247/2447/324
f 2244/2444/325 1778/1947/326 1779/1948/327
f 2247/2447/324 1787/1957/803 2248/2448/804
f 2244/2444/325 1780/1949/330 1770/1938/331
f 2248/2448/804 1788/1958/332 2249/2449/333
f 1770/1938/331 1781/1950/334 1771/1939/335
f 2241/2441/336 1849/2023/71 1774/1943/337
f 2075/2264/338 2249/2449/333 1788/1958/332
f 1772/1941/339 1781/1951/334 1782/1952/340
f 2241/2441/336 1775/1944/342 2242/2442/341
f 2245/2445/343 1782/1952/340 1783/1953/344
f 2242/2442/341 1776/1945/345 1768/1936/346
f 2245/2445/343 1784/1954/347 1773/1942/348
f 2243/2443/349 1776/1945/345 1777/1946/350
f 2246/2446/322 1784/1954/347 1785/1955/351
f 2243/2443/349 1778/1947/326 1769/1937/352
f 1776/1945/345 1792/1962/353 1777/1946/350
f 1784/1954/347 1800/1971/354 1785/1955/351
f 1778/1947/326 1792/1962/353 1793/1963/355
f 1785/1955/351 1801/1972/356 1786/1956/323
f 1778/1947/326 1794/1964/357 1779/1948/327
f 1786/1956/323 1802/1973/806 1787/1957/803
f 1779/1948/327 1795/1965/359 1780/1949/330
f 1788/1958/332 1802/1973/806 1803/1974/360
f 1780/1949/330 1796/1966/361 1781/1950/334
f 1774/1943/337 1849/2023/71 1789/1959/362
f 2075/2264/338 1788/1958/332 1803/1974/360
f 1782/1952/340 1796/1967/361 1797/1968/363
f 1775/1944/342 1789/1959/362 1790/1960/917
f 1782/1952/340 1798/1969/365 1783/1953/344
f 1775/1944/342 1791/1961/366 1776/1945/345
f 1784/1954/347 1798/1969/365 1799/1970/367
f 1795/1965/359 1811/1982/368 1796/1966/361
f 1789/1959/362 1849/2023/71 1804/1975/918
f 2075/2264/338 1803/1974/360 1818/1990/370
f 1797/1968/363 1811/1983/368 1812/1984/371
f 1789/1959/362 1805/1976/372 1790/1960/917
f 1798/1969/365 1812/1984/371 1813/1985/373
f 1790/1960/917 1806/1977/374 1791/1961/366
f 1799/1970/367 1813/1985/373 1814/1986/375
f 1791/1961/366 1807/1978/897 1792/1962/353
f 1799/1970/367 1815/1987/377 1800/1971/354
f 1792/1962/353 1808/1979/919 1793/1963/355
f 1800/1971/354 1816/1988/379 1801/1972/356
f 1793/1963/355 1809/1980/380 1794/1964/357
f 1801/1972/356 1817/1989/810 1802/1973/806
f 1794/1964/357 1810/1981/382 1795/1965/359
f 1802/1973/806 1818/1990/370 1803/1974/360
f 1814/1986/375 1830/2003/383 1815/1987/377
f 1808/1979/919 1822/1994/814 1823/1995/385
f 1816/1988/379 1830/2003/383 1831/2004/386
f 1808/1979/919 1824/1996/387 1809/1980/380
f 1817/1989/810 1831/2004/386 1832/2005/811
f 1810/1981/382 1824/1996/387 1825/1997/389
f 1818/1990/370 1832/2005/811 1833/2006/390
f 1810/1981/382 1826/1998/391 1811/1982/368
f 1804/1975/918 1849/2023/71 1819/1991/392
f 2075/2264/338 1818/1990/370 1833/2006/390
f 1812/1984/371 1826/1999/391 1827/2000/393
f 1804/1975/918 1820/1992/813 1805/1976/372
f 1812/1984/371 1828/2001/395 1813/1985/373
f 1806/1977/374 1820/1992/813 1821/1993/396
f 1814/1986/375 1828/2001/395 1829/2002/397
f 1807/1978/897 1821/1993/396 1822/1994/814
f 2075/2264/338 1833/2006/390 1848/2022/398
f 1827/2000/393 1841/2015/399 1842/2016/400
f 1819/1991/392 1835/2008/401 1820/1992/813
f 1827/2000/393 1843/2017/402 1828/2001/395
f 1821/1993/396 1835/2008/401 1836/2009/403
f 1828/2001/395 1844/2018/404 1829/2002/397
f 1822/1994/814 1836/2009/403 1837/2010/405
f 1830/2003/383 1844/2018/404 1845/2019/406
f 1822/1994/814 1838/2011/816 1823/1995/385
f 1830/2003/383 1846/2020/408 1831/2004/386
f 1824/1996/387 1838/2011/816 1839/2012/409
f 1832/2005/811 1846/2020/408 1847/2021/817
f 1825/1997/389 1839/2012/409 1840/2013/411
f 1832/2005/811 1848/2022/398 1833/2006/390
f 1825/1997/389 1841/2014/399 1826/1998/391
f 1819/1991/392 1849/2023/71 1834/2007/920
f 1845/2019/406 1862/2037/413 1846/2020/408
f 1839/2012/409 1854/2028/427 1855/2029/414
f 1847/2021/817 1862/2037/413 1863/2038/818
f 1840/2013/411 1855/2029/414 1856/2030/416
f 1848/2022/398 1863/2038/818 1864/2039/819
f 1841/2014/399 1856/2030/416 1857/2031/418
f 1834/2007/920 1849/2023/71 1850/2024/921
f 2075/2264/338 1848/2022/398 1864/2039/819
f 1841/2015/399 1858/2033/420 1842/2016/400
f 1834/2007/920 1851/2025/421 1835/2008/401
f 1842/2016/400 1859/2034/422 1843/2017/402
f 1836/2009/403 1851/2025/421 1852/2026/423
f 1843/2017/402 1860/2035/424 1844/2018/404
f 1836/2009/403 1853/2027/820 1837/2010/405
f 1845/2019/406 1860/2035/424 1861/2036/426
f 1837/2010/405 1854/2028/427 1838/2011/816
f 1850/2024/921 1866/2041/428 1851/2025/421
f 1858/2033/420 1874/2050/429 1859/2034/422
f 1851/2025/421 1867/2042/430 1852/2026/423
f 1860/2035/424 1874/2050/429 1875/2051/431
f 1852/2026/423 1868/2043/821 1853/2027/820
f 1860/2035/424 1876/2052/433 1861/2036/426
f 1854/2028/427 1868/2043/821 1869/2044/434
f 1862/2037/413 1876/2052/433 1877/2053/435
f 1854/2028/427 1870/2045/436 1855/2029/414
f 1863/2038/818 1877/2053/435 1878/2054/437
f 1856/2030/416 1870/2045/436 1871/2046/438
f 1863/2038/818 1879/2055/439 1864/2039/819
f 1857/2031/418 1871/2046/438 1872/2047/440
f 1850/2024/921 1849/2023/71 1865/2040/922
f 2075/2264/338 1864/2039/819 1879/2055/439
f 1857/2032/418 1873/2049/442 1858/2033/420
f 1869/2044/434 1885/2061/443 1870/2045/436
f 1877/2053/435 1893/2070/825 1878/2054/437
f 1871/2046/438 1885/2061/443 1886/2062/445
f 1878/2054/437 1894/2071/446 1879/2055/439
f 1871/2046/438 1887/2063/447 1872/2047/440
f 1865/2040/922 1849/2023/71 1880/2056/923
f 2075/2264/338 1879/2055/439 1894/2071/446
f 1873/2049/442 1887/2064/447 1888/2065/449
f 1865/2040/922 1881/2057/450 1866/2041/428
f 1873/2049/442 1889/2066/451 1874/2050/429
f 1866/2041/428 1882/2058/452 1867/2042/430
f 1875/2051/431 1889/2066/451 1890/2067/453
f 1867/2042/430 1883/2059/826 1868/2043/821
f 1875/2051/431 1891/2068/455 1876/2052/433
f 1869/2044/434 1883/2059/826 1884/2060/456
f 1877/2053/435 1891/2068/455 1892/2069/457
f 1888/2065/449 1904/2082/458 1889/2066/451
f 1882/2058/452 1896/2073/472 1897/2074/459
f 1890/2067/453 1904/2082/458 1905/2083/460
f 1882/2058/452 1898/2075/461 1883/2059/826
f 1890/2067/453 1906/2084/462 1891/2068/455
f 1884/2060/456 1898/2075/461 1899/2076/463
f 1892/2069/457 1906/2084/462 1907/2085/464
f 1884/2060/456 1900/2077/465 1885/2061/443
f 1892/2069/457 1908/2086/828 1893/2070/825
f 1886/2062/445 1900/2077/465 1901/2078/467
f 1894/2071/446 1908/2086/828 1909/2087/468
f 1887/2063/447 1901/2078/467 1902/2079/469
f 1880/2056/923 1849/2023/71 1895/2072/470
f 2075/2264/338 1894/2071/446 1909/2087/468
f 1887/2064/447 1903/2081/471 1888/2065/449
f 1880/2056/923 1896/2073/472 1881/2057/450
f 1907/2085/464 1923/2102/829 1908/2086/828
f 1901/2078/467 1915/2093/474 1916/2094/475
f 1909/2087/468 1923/2102/829 1924/2103/830
f 1902/2079/469 1916/2094/475 1917/2095/477
f 1895/2072/470 1849/2023/71 1910/2088/478
f 2075/2264/338 1909/2087/468 1924/2103/830
f 1902/2080/469 1918/2097/479 1903/2081/471
f 1896/2073/472 1910/2088/478 1911/2089/901
f 1903/2081/471 1919/2098/481 1904/2082/458
f 1896/2073/472 1912/2090/482 1897/2074/459
f 1905/2083/460 1919/2098/481 1920/2099/483
f 1897/2074/459 1913/2091/484 1898/2075/461
f 1905/2083/460 1921/2100/485 1906/2084/462
f 1898/2075/461 1914/2092/833 1899/2076/463
f 1907/2085/464 1921/2100/485 1922/2101/487
f 1899/2076/463 1915/2093/474 1900/2077/465
f 1912/2090/482 1926/2105/488 1927/2106/489
f 1920/2099/483 1934/2114/490 1935/2115/924
f 1912/2090/482 1928/2107/925 1913/2091/484
f 1920/2099/483 1936/2116/493 1921/2100/485
f 1914/2092/833 1928/2107/925 1929/2108/926
f 1922/2101/487 1936/2116/493 1937/2117/495
f 1914/2092/833 1930/2109/496 1915/2093/474
f 1922/2101/487 1938/2118/927 1923/2102/829
f 1916/2094/475 1930/2109/496 1931/2110/498
f 1923/2102/829 1939/2119/499 1924/2103/830
f 1917/2095/477 1931/2110/498 1932/2111/500
f 1910/2088/478 1849/2023/71 1925/2104/902
f 2075/2264/338 1924/2103/830 1939/2119/499
f 1917/2096/477 1933/2113/502 1918/2097/479
f 1911/2089/901 1925/2104/902 1926/2105/488
f 1918/2097/479 1934/2114/490 1919/2098/481
f 1931/2110/498 1945/2125/517 1946/2126/503
f 1939/2119/499 1953/2134/839 1954/2135/835
f 1932/2111/500 1946/2126/503 1947/2127/506
f 1925/2104/902 1849/2023/71 1940/2120/507
f 2075/2264/338 1939/2119/499 1954/2135/835
f 1932/2112/500 1948/2129/508 1933/2113/502
f 1925/2104/902 1941/2121/509 1926/2105/488
f 1933/2113/502 1949/2130/510 1934/2114/490
f 1926/2105/488 1942/2122/511 1927/2106/489
f 1935/2115/924 1949/2130/510 1950/2131/512
f 1927/2106/489 1943/2123/928 1928/2107/925
f 1935/2115/924 1951/2132/514 1936/2116/493
f 1929/2108/926 1943/2123/928 1944/2124/838
f 1937/2117/495 1951/2132/514 1952/2133/516
f 1929/2108/926 1945/2125/517 1930/2109/496
f 1938/2118/927 1952/2133/516 1953/2134/839
f 1950/2131/512 1964/2146/518 1965/2147/519
f 1942/2122/511 1958/2139/520 1943/2123/928
f 1950/2131/512 1966/2148/521 1951/2132/514
f 1944/2124/838 1958/2139/520 1959/2140/522
f 1952/2133/516 1966/2148/521 1967/2149/929
f 1944/2124/838 1960/2141/524 1945/2125/517
f 1952/2133/516 1968/2150/930 1953/2134/839
f 1946/2126/503 1960/2141/524 1961/2142/526
f 1953/2134/839 1969/2151/527 1954/2135/835
f 1947/2127/506 1961/2142/526 1962/2143/528
f 1940/2120/507 1849/2023/71 1955/2136/841
f 2075/2264/338 1954/2135/835 1969/2151/527
f 1947/2128/506 1963/2145/530 1948/2129/508
f 1941/2121/509 1955/2136/841 1956/2137/531
f 1948/2129/508 1964/2146/518 1949/2130/510
f 1941/2121/509 1957/2138/532 1942/2122/511
f 1969/2151/527 1983/2166/842 1984/2167/534
f 1962/2143/528 1976/2158/535 1977/2159/536
f 1955/2136/841 1849/2023/71 1970/2152/537
f 2075/2264/338 1969/2151/527 1984/2167/534
f 1962/2144/528 1978/2161/538 1963/2145/530
f 1955/2136/841 1971/2153/904 1956/2137/531
f 1963/2145/530 1979/2162/540 1964/2146/518
f 1957/2138/532 1971/2153/904 1972/2154/541
f 1965/2147/519 1979/2162/540 1980/2163/542
f 1957/2138/532 1973/2155/543 1958/2139/520
f 1965/2147/519 1981/2164/544 1966/2148/521
f 1959/2140/522 1973/2155/543 1974/2156/545
f 1967/2149/929 1981/2164/544 1982/2165/546
f 1959/2140/522 1975/2157/547 1960/2141/524
f 1968/2150/930 1982/2165/546 1983/2166/842
f 1961/2142/526 1975/2157/547 1976/2158/535
f 1980/2163/542 1996/2180/549 1981/2164/544
f 1974/2156/545 1988/2171/931 1989/2172/551
f 1982/2165/546 1996/2180/549 1997/2181/552
f 1974/2156/545 1990/2173/553 1975/2157/547
f 1982/2165/546 1998/2182/845 1983/2166/842
f 1976/2158/535 1990/2173/553 1991/2174/555
f 1983/2166/842 1999/2183/556 1984/2167/534
f 1977/2159/536 1991/2174/555 1992/2176/557
f 1970/2152/537 1849/2023/71 1985/2168/558
f 2075/2264/338 1984/2167/534 1999/2183/556
f 1977/2160/536 1993/2177/559 1978/2161/538
f 1970/2152/537 1986/2169/847 1971/2153/904
f 1978/2161/538 1994/2178/561 1979/2162/540
f 1971/2153/904 1987/2170/562 1972/2154/541
f 1980/2163/542 1994/2178/561 1995/2179/548
f 1973/2155/543 1987/2170/562 1988/2171/931
f 1985/2168/558 1849/2023/71 2000/2184/563
f 2075/2264/338 1999/2183/556 2014/2199/564
f 1992/2175/557 2008/2193/565 1993/2177/559
f 1986/2169/847 2000/2184/563 2001/2185/566
f 1993/2177/559 2009/2194/567 1994/2178/561
f 1986/2169/847 2002/2186/568 1987/2170/562
f 1995/2179/548 2009/2194/567 2010/2195/569
f 1987/2170/562 2003/2187/848 1988/2171/931
f 1995/2179/548 2011/2196/571 1996/2180/549
f 1988/2171/931 2004/2188/905 1989/2172/551
f 1997/2181/552 2011/2196/571 2012/2197/573
f 1989/2172/551 2005/2189/574 1990/2173/553
f 1997/2181/552 2013/2198/849 1998/2182/845
f 1991/2174/555 2005/2189/574 2006/2190/576
f 1998/2182/845 2014/2199/564 1999/2183/556
f 1992/2176/557 2006/2190/576 2007/2191/577
f 2004/2188/905 2018/2203/592 2019/2204/578
f 2012/2197/573 2026/2212/579 2027/2213/580
f 2004/2188/905 2020/2205/581 2005/2189/574
f 2012/2197/573 2028/2214/582 2013/2198/849
f 2006/2190/576 2020/2205/581 2021/2206/583
f 2014/2199/564 2028/2214/582 2029/2215/584
f 2007/2191/577 2021/2206/583 2022/2208/585
f 2000/2184/563 1849/2023/71 2015/2200/907
f 2075/2264/338 2014/2199/564 2029/2215/584
f 2007/2192/577 2023/2209/587 2008/2193/565
f 2000/2184/563 2016/2201/851 2001/2185/566
f 2008/2193/565 2024/2210/589 2009/2194/567
f 2002/2186/568 2016/2201/851 2017/2202/590
f 2010/2195/569 2024/2210/589 2025/2211/591
f 2003/2187/848 2017/2202/590 2018/2203/592
f 2010/2195/569 2026/2212/579 2011/2196/571
f 2022/2207/585 2038/2225/593 2023/2209/587
f 2016/2201/851 2030/2216/607 2031/2217/908
f 2023/2209/587 2039/2226/595 2024/2210/589
f 2016/2201/851 2032/2218/596 2017/2202/590
f 2025/2211/591 2039/2226/595 2040/2227/597
f 2017/2202/590 2033/2219/598 2018/2203/592
f 2025/2211/591 2041/2228/599 2026/2212/579
f 2018/2203/592 2034/2220/932 2019/2204/578
f 2027/2213/580 2041/2228/599 2042/2229/601
f 2019/2204/578 2035/2221/602 2020/2205/581
f 2028/2214/582 2042/2229/601 2043/2230/853
f 2021/2206/583 2035/2221/602 2036/2222/604
f 2029/2215/584 2043/2230/853 2044/2231/605
f 2022/2208/585 2036/2222/604 2037/2223/606
f 2015/2200/907 1849/2023/71 2030/2216/607
f 2075/2264/338 2029/2215/584 2044/2231/605
f 2042/2229/601 2056/2244/608 2057/2245/609
f 2034/2220/932 2050/2237/610 2035/2221/602
f 2043/2230/853 2057/2245/609 2058/2246/855
f 2036/2222/604 2050/2237/610 2051/2238/612
f 2043/2230/853 2059/2247/613 2044/2231/605
f 2037/2223/606 2051/2238/612 2052/2239/614
f 2030/2216/607 1849/2023/71 2045/2232/933
f 2075/2264/338 2044/2231/605 2059/2247/613
f 2037/2224/606 2053/2241/616 2038/2225/593
f 2031/2217/908 2045/2232/933 2046/2233/617
f 2038/2225/593 2054/2242/618 2039/2226/595
f 2031/2217/908 2047/2234/619 2032/2218/596
f 2040/2227/597 2054/2242/618 2055/2243/620
f 2033/2219/598 2047/2234/619 2048/2235/857
f 2040/2227/597 2056/2244/608 2041/2228/599
f 2034/2220/932 2048/2235/857 2049/2236/934
f 2045/2232/933 2061/2249/624 2046/2233/617
f 2053/2241/616 2069/2258/625 2054/2242/618
f 2047/2234/619 2061/2249/624 2062/2250/626
f 2055/2243/620 2069/2258/625 2070/2259/627
f 2048/2235/857 2062/2250/626 2063/2251/935
f 2055/2243/620 2071/2260/629 2056/2244/608
f 2049/2236/934 2063/2251/935 2064/2252/630
f 2057/2245/609 2071/2260/629 2072/2261/631
f 2049/2236/934 2065/2253/632 2050/2237/610
f 2057/2245/609 2073/2262/633 2058/2246/855
f 2051/2238/612 2065/2253/632 2066/2254/634
f 2059/2247/613 2073/2262/633 2074/2263/635
f 2052/2239/614 2066/2254/634 2067/2255/636
f 2045/2232/933 1849/2023/71 2060/2248/623
f 2075/2264/338 2059/2247/613 2074/2263/635
f 2052/2240/614 2068/2257/637 2053/2241/616
f 2064/2252/630 2081/2270/638 2065/2253/632
f 2072/2261/631 2089/2279/860 2073/2262/633
f 2066/2254/634 2081/2270/638 2082/2271/641
f 2074/2263/635 2089/2279/860 2090/2280/642
f 2067/2255/636 2082/2271/641 2083/2272/643
f 2060/2248/623 1849/2023/71 2076/2265/936
f 2075/2264/338 2074/2263/635 2090/2280/642
f 2067/2256/636 2084/2274/645 2068/2257/637
f 2061/2249/624 2076/2265/936 2077/2266/646
f 2068/2257/637 2085/2275/647 2069/2258/625
f 2061/2249/624 2078/2267/648 2062/2250/626
f 2070/2259/627 2085/2275/647 2086/2276/649
f 2062/2250/626 2079/2268/937 2063/2251/935
f 2070/2259/627 2087/2277/651 2071/2260/629
f 2064/2252/630 2079/2268/937 2080/2269/652
f 2072/2261/631 2087/2277/651 2088/2278/639
f 2084/2274/645 2100/2291/653 2085/2275/647
f 2078/2267/648 2092/2282/667 2093/2283/654
f 2086/2276/649 2100/2291/653 2101/2292/655
f 2079/2268/937 2093/2283/654 2094/2284/862
f 2086/2276/649 2102/2293/657 2087/2277/651
f 2080/2269/652 2094/2284/862 2095/2285/911
f 2088/2278/639 2102/2293/657 2103/2294/659
f 2080/2269/652 2096/2286/660 2081/2270/638
f 2089/2279/860 2103/2294/659 2104/2295/863
f 2082/2271/641 2096/2286/660 2097/2287/662
f 2090/2280/642 2104/2295/863 2105/2296/912
f 2083/2272/643 2097/2287/662 2098/2288/664
f 2076/2265/936 1849/2023/71 2091/2281/938
f 2075/2264/338 2090/2280/642 2105/2296/912
f 2083/2273/643 2099/2290/666 2084/2274/645
f 2077/2266/646 2091/2281/938 2092/2282/667
f 2103/2294/659 2119/2311/864 2104/2295/863
f 2097/2287/662 2111/2302/669 2112/2303/670
f 2104/2295/863 2120/2312/671 2105/2296/912
f 2098/2288/664 2112/2303/670 2113/2304/672
f 2091/2281/938 1849/2023/71 2106/2297/673
f 2075/2264/338 2105/2296/912 2120/2312/671
f 2098/2289/664 2114/2306/674 2099/2290/666
f 2091/2281/938 2107/2298/675 2092/2282/667
f 2099/2290/666 2115/2307/676 2100/2291/653
f 2092/2282/667 2108/2299/677 2093/2283/654
f 2101/2292/655 2115/2307/676 2116/2308/678
f 2093/2283/654 2109/2300/679 2094/2284/862
f 2101/2292/655 2117/2309/680 2102/2293/657
f 2095/2285/911 2109/2300/679 2110/2301/681
f 2103/2294/659 2117/2309/680 2118/2310/682
f 2095/2285/911 2111/2302/669 2096/2286/660
f 2116/2308/678 2130/2323/683 2131/2324/684
f 2109/2300/679 2123/2315/697 2124/2316/866
f 2116/2308/678 2132/2325/686 2117/2309/680
f 2110/2301/681 2124/2316/866 2125/2317/687
f 2118/2310/682 2132/2325/686 2133/2326/688
f 2110/2301/681 2126/2318/689 2111/2302/669
f 2118/2310/682 2134/2327/690 2119/2311/864
f 2112/2303/670 2126/2318/689 2127/2319/691
f 2120/2312/671 2134/2327/690 2135/2328/692
f 2113/2304/672 2127/2319/691 2128/2320/693
f 2106/2297/673 1849/2023/71 2121/2313/694
f 2075/2264/338 2120/2312/671 2135/2328/692
f 2113/2305/672 2129/2322/695 2114/2306/674
f 2107/2298/675 2121/2313/694 2122/2314/696
f 2114/2306/674 2130/2323/683 2115/2307/676
f 2108/2299/677 2122/2314/696 2123/2315/697
f 2135/2328/692 2149/2343/869 2150/2344/698
f 2128/2320/693 2142/2335/699 2143/2336/700
f 2121/2313/694 1849/2023/71 2136/2329/870
f 2075/2264/338 2135/2328/692 2150/2344/698
f 2128/2321/693 2144/2338/702 2129/2322/695
f 2121/2313/694 2137/2330/703 2122/2314/696
f 2129/2322/695 2145/2339/704 2130/2323/683
f 2123/2315/697 2137/2330/703 2138/2331/705
f 2131/2324/684 2145/2339/704 2146/2340/706
f 2124/2316/866 2138/2331/705 2139/2332/871
f 2131/2324/684 2147/2341/708 2132/2325/686
f 2125/2317/687 2139/2332/871 2140/2333/709
f 2133/2326/688 2147/2341/708 2148/2342/710
f 2125/2317/687 2141/2334/711 2126/2318/689
f 2133/2326/688 2149/2343/869 2134/2327/690
f 2127/2319/691 2141/2334/711 2142/2335/699
f 2139/2332/871 2153/2347/713 2154/2348/939
f 2146/2340/706 2162/2357/715 2147/2341/708
f 2140/2333/709 2154/2348/939 2155/2349/873
f 2148/2342/710 2162/2357/715 2163/2358/717
f 2140/2333/709 2156/2350/718 2141/2334/711
f 2148/2342/710 2164/2359/874 2149/2343/869
f 2142/2335/699 2156/2350/718 2157/2351/720
f 2150/2344/698 2164/2359/874 2165/2360/875
f 2143/2336/700 2157/2351/720 2158/2352/722
f 2136/2329/870 1849/2023/71 2151/2345/723
f 2075/2264/338 2150/2344/698 2165/2360/875
f 2143/2337/700 2159/2354/724 2144/2338/702
f 2136/2329/870 2152/2346/725 2137/2330/703
f 2144/2338/702 2160/2355/726 2145/2339/704
f 2138/2331/705 2152/2346/725 2153/2347/713
f 2146/2340/706 2160/2355/726 2161/2356/727
f 2158/2352/722 2172/2367/728 2173/2368/729
f 2151/2345/723 1849/2023/71 2166/2361/940
f 2075/2264/338 2165/2360/875 2180/2376/731
f 2158/2353/722 2174/2370/732 2159/2354/724
f 2152/2346/725 2166/2361/940 2167/2362/733
f 2159/2354/724 2175/2371/734 2160/2355/726
f 2152/2346/725 2168/2363/735 2153/2347/713
f 2161/2356/727 2175/2371/734 2176/2372/736
f 2153/2347/713 2169/2364/737 2154/2348/939
f 2161/2356/727 2177/2373/738 2162/2357/715
f 2155/2349/873 2169/2364/737 2170/2365/877
f 2163/2358/717 2177/2373/738 2178/2374/740
f 2155/2349/873 2171/2366/741 2156/2350/718
f 2163/2358/717 2179/2375/878 2164/2359/874
f 2157/2351/720 2171/2366/741 2172/2367/728
f 2165/2360/875 2179/2375/878 2180/2376/731
f 2176/2372/736 2192/2389/743 2177/2373/738
f 2170/2365/877 2184/2380/744 2185/2381/745
f 2178/2374/740 2192/2389/743 2193/2390/746
f 2170/2365/877 2186/2382/747 2171/2366/741
f 2179/2375/878 2193/2390/746 2194/2391/880
f 2172/2367/728 2186/2382/747 2187/2383/749
f 2180/2376/731 2194/2391/880 2195/2392/750
f 2173/2368/729 2187/2383/749 2188/2385/751
f 2166/2361/940 1849/2023/71 2181/2377/881
f 2075/2264/338 2180/2376/731 2195/2392/750
f 2173/2369/729 2189/2386/753 2174/2370/732
f 2166/2361/940 2182/2378/941 2167/2362/733
f 2174/2370/732 2190/2387/755 2175/2371/734
f 2168/2363/735 2182/2378/941 2183/2379/756
f 2176/2372/736 2190/2387/755 2191/2388/757
f 2169/2364/737 2183/2379/756 2184/2380/744
f 2181/2377/881 1849/2023/71 2196/2393/942
f 2075/2264/338 2195/2392/750 2210/2408/759
f 2188/2384/751 2204/2402/760 2189/2386/753
f 2182/2378/941 2196/2393/942 2197/2394/884
f 2189/2386/753 2205/2403/762 2190/2387/755
f 2182/2378/941 2198/2395/763 2183/2379/756
f 2191/2388/757 2205/2403/762 2206/2404/764
f 2183/2379/756 2199/2396/885 2184/2380/744
f 2191/2388/757 2207/2405/766 2192/2389/743
f 2185/2381/745 2199/2396/885 2200/2397/886
f 2193/2390/746 2207/2405/766 2208/2406/768
f 2185/2381/745 2201/2398/769 2186/2382/747
f 2193/2390/746 2209/2407/770 2194/2391/880
f 2187/2383/749 2201/2398/769 2202/2399/771
f 2194/2391/880 2210/2408/759 2195/2392/750
f 2188/2385/751 2202/2399/771 2203/2400/772
f 2200/2397/886 2214/2412/887 2215/2413/888
f 2208/2406/768 2222/2421/775 2223/2422/776
f 2200/2397/886 2216/2414/777 2201/2398/769
f 2208/2406/768 2224/2423/889 2209/2407/770
f 2202/2399/771 2216/2414/777 2217/2415/779
f 2209/2407/770 2225/2424/780 2210/2408/759
f 2203/2400/772 2217/2415/779 2218/2417/781
f 2196/2393/942 1849/2023/71 2211/2409/915
f 2075/2264/338 2210/2408/759 2225/2424/780
f 2203/2401/772 2219/2418/943 2204/2402/760
f 2197/2394/884 2211/2409/915 2212/2410/784
f 2204/2402/760 2220/2419/785 2205/2403/762
f 2198/2395/763 2212/2410/784 2213/2411/786
f 2206/2404/764 2220/2419/785 2221/2420/787
f 2199/2396/885 2213/2411/786 2214/2412/887
f 2206/2404/764 2222/2421/775 2207/2405/766
f 2218/2416/781 2234/2434/788 2219/2418/943
f 2211/2409/915 2227/2426/789 2212/2410/784
f 2219/2418/943 2235/2435/790 2220/2419/785
f 2212/2410/784 2228/2427/791 2213/2411/786
f 2221/2420/787 2235/2435/790 2236/2436/792
f 2213/2411/786 2229/2428/793 2214/2412/887
f 2221/2420/787 2237/2437/794 2222/2421/775
f 2215/2413/888 2229/2428/793 2230/2429/944
f 2223/2422/776 2237/2437/794 2238/2438/796
f 2215/2413/888 2231/2430/797 2216/2414/777
f 2224/2423/889 2238/2438/796 2239/2439/893
f 2217/2415/779 2231/2430/797 2232/2431/799
f 2224/2423/889 2240/2440/800 2225/2424/780
f 2218/2417/781 2232/2431/799 2233/2432/801
f 2211/2409/915 1849/2023/71 2226/2425/802
f 2075/2264/338 2225/2424/780 2240/2440/800
f 2238/2438/796 2246/2446/322 2247/2447/324
f 2231/2430/797 1769/1937/352 2244/2444/325
f 2239/2439/893 2247/2447/324 2248/2448/804
f 2232/2431/799 2244/2444/325 1770/1938/331
f 2240/2440/800 2248/2448/804 2249/2449/333
f 2233/2432/801 1770/1938/331 1771/1939/335
f 2226/2425/802 1849/2023/71 2241/2441/336
f 2075/2264/338 2240/2440/800 2249/2449/333
f 2233/2433/801 1772/1941/339 2234/2434/788
f 2227/2426/789 2241/2441/336 2242/2442/341
f 2234/2434/788 2245/2445/343 2235/2435/790
f 2228/2427/791 2242/2442/341 1768/1936/346
f 2235/2435/790 1773/1942/348 2236/2436/792
f 2229/2428/793 1768/1936/346 2243/2443/349
f 2236/2436/792 2246/2446/322 2237/2437/794
f 2230/2429/944 2243/2443/349 1769/1937/352
f 2728/2960/322 2268/2470/323 2729/2961/324
f 2726/2958/325 2260/2461/894 2261/2462/327
f 2729/2961/324 2269/2471/328 2730/2962/329
f 2726/2958/325 2262/2463/330 2252/2452/331
f 2730/2962/329 2270/2472/332 2731/2963/333
f 2252/2452/331 2263/2464/334 2253/2453/335
f 2723/2955/336 2331/2537/71 2256/2457/337
f 2557/2778/338 2731/2963/333 2270/2472/332
f 2254/2455/339 2263/2465/334 2264/2466/340
f 2724/2956/341 2256/2457/337 2257/2458/342
f 2254/2455/339 2265/2467/344 2727/2959/343
f 2724/2956/341 2258/2459/345 2250/2450/346
f 2727/2959/343 2266/2468/347 2255/2456/348
f 2250/2450/346 2259/2460/945 2725/2957/349
f 2255/2456/348 2267/2469/351 2728/2960/322
f 2251/2451/352 2259/2460/945 2260/2461/894
f 2258/2459/345 2274/2476/946 2259/2460/945
f 2267/2469/351 2281/2484/367 2282/2485/354
f 2259/2460/945 2275/2477/355 2260/2461/894
f 2268/2470/323 2282/2485/354 2283/2486/356
f 2260/2461/894 2276/2478/357 2261/2462/327
f 2268/2470/323 2284/2487/358 2269/2471/328
f 2262/2463/330 2276/2478/357 2277/2479/359
f 2269/2471/328 2285/2488/360 2270/2472/332
f 2262/2463/330 2278/2480/361 2263/2464/334
f 2256/2457/337 2331/2537/71 2271/2473/362
f 2557/2778/338 2270/2472/332 2285/2488/360
f 2264/2466/340 2278/2481/361 2279/2482/363
f 2257/2458/342 2271/2473/362 2272/2474/917
f 2264/2466/340 2280/2483/365 2265/2467/344
f 2257/2458/342 2273/2475/366 2258/2459/345
f 2266/2468/347 2280/2483/365 2281/2484/367
f 2278/2480/361 2292/2495/382 2293/2496/368
f 2271/2473/362 2331/2537/71 2286/2489/896
f 2557/2778/338 2285/2488/360 2300/2504/370
f 2278/2481/361 2294/2498/371 2279/2482/363
f 2271/2473/362 2287/2490/372 2272/2474/917
f 2279/2482/363 2295/2499/373 2280/2483/365
f 2272/2474/917 2288/2491/947 2273/2475/366
f 2281/2484/367 2295/2499/373 2296/2500/375
f 2273/2475/366 2289/2492/376 2274/2476/946
f 2281/2484/367 2297/2501/377 2282/2485/354
f 2274/2476/946 2290/2493/919 2275/2477/355
f 2283/2486/356 2297/2501/377 2298/2502/379
f 2275/2477/355 2291/2494/380 2276/2478/357
f 2283/2486/356 2299/2503/381 2284/2487/358
f 2277/2479/359 2291/2494/380 2292/2495/382
f 2285/2488/360 2299/2503/381 2300/2504/370
f 2297/2501/377 2311/2516/397 2312/2517/383
f 2289/2492/376 2305/2509/898 2290/2493/919
f 2298/2502/379 2312/2517/383 2313/2518/386
f 2290/2493/919 2306/2510/387 2291/2494/380
f 2299/2503/381 2313/2518/386 2314/2519/388
f 2292/2495/382 2306/2510/387 2307/2511/389
f 2300/2504/370 2314/2519/388 2315/2520/390
f 2293/2496/368 2307/2511/389 2308/2513/391
f 2286/2489/896 2331/2537/71 2301/2505/812
f 2557/2778/338 2300/2504/370 2315/2520/390
f 2293/2497/368 2309/2514/393 2294/2498/371
f 2287/2490/372 2301/2505/812 2302/2506/813
f 2294/2498/371 2310/2515/395 2295/2499/373
f 2288/2491/947 2302/2506/813 2303/2507/396
f 2296/2500/375 2310/2515/395 2311/2516/397
f 2288/2491/947 2304/2508/814 2289/2492/376
f 2557/2778/338 2315/2520/390 2330/2536/398
f 2308/2512/391 2324/2530/400 2309/2514/393
f 2302/2506/813 2316/2521/412 2317/2522/401
f 2309/2514/393 2325/2531/402 2310/2515/395
f 2303/2507/396 2317/2522/401 2318/2523/403
f 2311/2516/397 2325/2531/402 2326/2532/404
f 2304/2508/814 2318/2523/403 2319/2524/405
f 2311/2516/397 2327/2533/406 2312/2517/383
f 2305/2509/898 2319/2524/405 2320/2525/407
f 2313/2518/386 2327/2533/406 2328/2534/408
f 2305/2509/898 2321/2526/409 2306/2510/387
f 2313/2518/386 2329/2535/410 2314/2519/388
f 2307/2511/389 2321/2526/409 2322/2527/411
f 2315/2520/390 2329/2535/410 2330/2536/398
f 2308/2513/391 2322/2527/411 2323/2528/399
f 2301/2505/812 2331/2537/71 2316/2521/412
f 2328/2534/408 2343/2550/426 2344/2551/413
f 2320/2525/407 2337/2543/414 2321/2526/409
f 2329/2535/410 2344/2551/413 2345/2552/818
f 2322/2527/411 2337/2543/414 2338/2544/416
f 2330/2536/398 2345/2552/818 2346/2553/417
f 2323/2528/399 2338/2544/416 2339/2545/418
f 2316/2521/412 2331/2537/71 2332/2538/419
f 2557/2778/338 2330/2536/398 2346/2553/417
f 2323/2529/399 2340/2547/420 2324/2530/400
f 2316/2521/412 2333/2539/899 2317/2522/401
f 2324/2530/400 2341/2548/422 2325/2531/402
f 2317/2522/401 2334/2540/423 2318/2523/403
f 2326/2532/404 2341/2548/422 2342/2549/424
f 2318/2523/403 2335/2541/820 2319/2524/405
f 2326/2532/404 2343/2550/426 2327/2533/406
f 2319/2524/405 2336/2542/900 2320/2525/407
f 2332/2538/419 2348/2555/428 2333/2539/899
f 2340/2547/420 2356/2564/429 2341/2548/422
f 2333/2539/899 2349/2556/430 2334/2540/423
f 2342/2549/424 2356/2564/429 2357/2565/431
f 2334/2540/423 2350/2557/821 2335/2541/820
f 2342/2549/424 2358/2566/433 2343/2550/426
f 2336/2542/900 2350/2557/821 2351/2558/434
f 2344/2551/413 2358/2566/433 2359/2567/435
f 2336/2542/900 2352/2559/436 2337/2543/414
f 2345/2552/818 2359/2567/435 2360/2568/823
f 2338/2544/416 2352/2559/436 2353/2560/438
f 2346/2553/417 2360/2568/823 2361/2569/439
f 2339/2545/418 2353/2560/438 2354/2561/440
f 2332/2538/419 2331/2537/71 2347/2554/441
f 2557/2778/338 2346/2553/417 2361/2569/439
f 2339/2546/418 2355/2563/442 2340/2547/420
f 2351/2558/434 2367/2575/443 2352/2559/436
f 2360/2568/823 2374/2583/457 2375/2584/825
f 2353/2560/438 2367/2575/443 2368/2576/445
f 2361/2569/439 2375/2584/825 2376/2585/446
f 2354/2561/440 2368/2576/445 2369/2577/447
f 2347/2554/441 2331/2537/71 2362/2570/448
f 2557/2778/338 2361/2569/439 2376/2585/446
f 2354/2562/440 2370/2579/449 2355/2563/442
f 2347/2554/441 2363/2571/450 2348/2555/428
f 2355/2563/442 2371/2580/451 2356/2564/429
f 2348/2555/428 2364/2572/452 2349/2556/430
f 2357/2565/431 2371/2580/451 2372/2581/453
f 2349/2556/430 2365/2573/454 2350/2557/821
f 2357/2565/431 2373/2582/455 2358/2566/433
f 2350/2557/821 2366/2574/824 2351/2558/434
f 2359/2567/435 2373/2582/455 2374/2583/457
f 2370/2579/449 2386/2596/458 2371/2580/451
f 2364/2572/452 2378/2587/472 2379/2588/459
f 2372/2581/453 2386/2596/458 2387/2597/460
f 2364/2572/452 2380/2589/827 2365/2573/454
f 2372/2581/453 2388/2598/462 2373/2582/455
f 2366/2574/824 2380/2589/827 2381/2590/463
f 2374/2583/457 2388/2598/462 2389/2599/464
f 2366/2574/824 2382/2591/465 2367/2575/443
f 2374/2583/457 2390/2600/828 2375/2584/825
f 2368/2576/445 2382/2591/465 2383/2592/467
f 2375/2584/825 2391/2601/468 2376/2585/446
f 2369/2577/447 2383/2592/467 2384/2593/469
f 2362/2570/448 2331/2537/71 2377/2586/470
f 2557/2778/338 2376/2585/446 2391/2601/468
f 2369/2578/447 2385/2595/471 2370/2579/449
f 2362/2570/448 2378/2587/472 2363/2571/450
f 2389/2599/464 2405/2616/829 2390/2600/828
f 2383/2592/467 2397/2607/474 2398/2608/475
f 2390/2600/828 2406/2617/476 2391/2601/468
f 2384/2593/469 2398/2608/475 2399/2609/477
f 2377/2586/470 2331/2537/71 2392/2602/478
f 2557/2778/338 2391/2601/468 2406/2617/476
f 2384/2594/469 2400/2611/479 2385/2595/471
f 2377/2586/470 2393/2603/480 2378/2587/472
f 2385/2595/471 2401/2612/481 2386/2596/458
f 2378/2587/472 2394/2604/482 2379/2588/459
f 2387/2597/460 2401/2612/481 2402/2613/483
f 2379/2588/459 2395/2605/832 2380/2589/827
f 2387/2597/460 2403/2614/485 2388/2598/462
f 2380/2589/827 2396/2606/486 2381/2590/463
f 2389/2599/464 2403/2614/485 2404/2615/487
f 2381/2590/463 2397/2607/474 2382/2591/465
f 2394/2604/482 2408/2619/948 2409/2620/489
f 2402/2613/483 2416/2628/490 2417/2629/491
f 2394/2604/482 2410/2621/492 2395/2605/832
f 2402/2613/483 2418/2630/493 2403/2614/485
f 2395/2605/832 2411/2622/926 2396/2606/486
f 2404/2615/487 2418/2630/493 2419/2631/495
f 2396/2606/486 2412/2623/496 2397/2607/474
f 2405/2616/829 2419/2631/495 2420/2632/927
f 2398/2608/475 2412/2623/496 2413/2624/498
f 2406/2617/476 2420/2632/927 2421/2633/499
f 2399/2609/477 2413/2624/498 2414/2625/500
f 2392/2602/478 2331/2537/71 2407/2618/501
f 2557/2778/338 2406/2617/476 2421/2633/499
f 2399/2610/477 2415/2627/502 2400/2611/479
f 2393/2603/480 2407/2618/501 2408/2619/948
f 2400/2611/479 2416/2628/490 2401/2612/481
f 2413/2624/498 2427/2639/517 2428/2640/503
f 2420/2632/927 2436/2649/505 2421/2633/499
f 2414/2625/500 2428/2640/503 2429/2641/506
f 2407/2618/501 2331/2537/71 2422/2634/836
f 2557/2778/338 2421/2633/499 2436/2649/505
f 2414/2626/500 2430/2643/508 2415/2627/502
f 2407/2618/501 2423/2635/837 2408/2619/948
f 2415/2627/502 2431/2644/510 2416/2628/490
f 2408/2619/948 2424/2636/511 2409/2620/489
f 2417/2629/491 2431/2644/510 2432/2645/512
f 2409/2620/489 2425/2637/513 2410/2621/492
f 2417/2629/491 2433/2646/514 2418/2630/493
f 2411/2622/926 2425/2637/513 2426/2638/515
f 2419/2631/495 2433/2646/514 2434/2647/516
f 2411/2622/926 2427/2639/517 2412/2623/496
f 2420/2632/927 2434/2647/516 2435/2648/504
f 2432/2645/512 2446/2660/518 2447/2661/519
f 2424/2636/511 2440/2653/520 2425/2637/513
f 2432/2645/512 2448/2662/521 2433/2646/514
f 2425/2637/513 2441/2654/949 2426/2638/515
f 2434/2647/516 2448/2662/521 2449/2663/523
f 2426/2638/515 2442/2655/524 2427/2639/517
f 2434/2647/516 2450/2664/930 2435/2648/504
f 2428/2640/503 2442/2655/524 2443/2656/526
f 2435/2648/504 2451/2665/527 2436/2649/505
f 2429/2641/506 2443/2656/526 2444/2657/528
f 2422/2634/836 2331/2537/71 2437/2650/950
f 2557/2778/338 2436/2649/505 2451/2665/527
f 2429/2642/506 2445/2659/530 2430/2643/508
f 2422/2634/836 2438/2651/531 2423/2635/837
f 2430/2643/508 2446/2660/518 2431/2644/510
f 2423/2635/837 2439/2652/532 2424/2636/511
f 2451/2665/527 2465/2680/533 2466/2681/534
f 2444/2657/528 2458/2672/535 2459/2673/536
f 2437/2650/950 2331/2537/71 2452/2666/843
f 2557/2778/338 2451/2665/527 2466/2681/534
f 2444/2658/528 2460/2675/538 2445/2659/530
f 2437/2650/950 2453/2667/539 2438/2651/531
f 2445/2659/530 2461/2676/540 2446/2660/518
f 2438/2651/531 2454/2668/541 2439/2652/532
f 2447/2661/519 2461/2676/540 2462/2677/542
f 2439/2652/532 2455/2669/543 2440/2653/520
f 2447/2661/519 2463/2678/544 2448/2662/521
f 2441/2654/949 2455/2669/543 2456/2670/844
f 2449/2663/523 2463/2678/544 2464/2679/546
f 2441/2654/949 2457/2671/547 2442/2655/524
f 2450/2664/930 2464/2679/546 2465/2680/533
f 2443/2656/526 2457/2671/547 2458/2672/535
f 2462/2677/542 2478/2694/549 2463/2678/544
f 2456/2670/844 2470/2685/550 2471/2686/551
f 2464/2679/546 2478/2694/549 2479/2695/552
f 2456/2670/844 2472/2687/553 2457/2671/547
f 2465/2680/533 2479/2695/552 2480/2696/554
f 2458/2672/535 2472/2687/553 2473/2688/555
f 2466/2681/534 2480/2696/554 2481/2697/556
f 2459/2673/536 2473/2688/555 2474/2690/557
f 2452/2666/843 2331/2537/71 2467/2682/846
f 2557/2778/338 2466/2681/534 2481/2697/556
f 2459/2674/536 2475/2691/559 2460/2675/538
f 2452/2666/843 2468/2683/560 2453/2667/539
f 2460/2675/538 2476/2692/561 2461/2676/540
f 2454/2668/541 2468/2683/560 2469/2684/562
f 2462/2677/542 2476/2692/561 2477/2693/548
f 2455/2669/543 2469/2684/562 2470/2685/550
f 2467/2682/846 2331/2537/71 2482/2698/563
f 2557/2778/338 2481/2697/556 2496/2713/564
f 2474/2689/557 2490/2707/565 2475/2691/559
f 2468/2683/560 2482/2698/563 2483/2699/566
f 2475/2691/559 2491/2708/567 2476/2692/561
f 2468/2683/560 2484/2700/568 2469/2684/562
f 2477/2693/548 2491/2708/567 2492/2709/569
f 2469/2684/562 2485/2701/848 2470/2685/550
f 2477/2693/548 2493/2710/571 2478/2694/549
f 2470/2685/550 2486/2702/905 2471/2686/551
f 2479/2695/552 2493/2710/571 2494/2711/573
f 2471/2686/551 2487/2703/574 2472/2687/553
f 2479/2695/552 2495/2712/575 2480/2696/554
f 2473/2688/555 2487/2703/574 2488/2704/576
f 2480/2696/554 2496/2713/564 2481/2697/556
f 2474/2690/557 2488/2704/576 2489/2705/577
f 2486/2702/905 2500/2717/906 2501/2718/850
f 2494/2711/573 2508/2726/579 2509/2727/580
f 2486/2702/905 2502/2719/581 2487/2703/574
f 2494/2711/573 2510/2728/951 2495/2712/575
f 2488/2704/576 2502/2719/581 2503/2720/583
f 2495/2712/575 2511/2729/584 2496/2713/564
f 2489/2705/577 2503/2720/583 2504/2722/585
f 2482/2698/563 2331/2537/71 2497/2714/952
f 2557/2778/338 2496/2713/564 2511/2729/584
f 2489/2706/577 2505/2723/587 2490/2707/565
f 2482/2698/563 2498/2715/851 2483/2699/566
f 2490/2707/565 2506/2724/589 2491/2708/567
f 2484/2700/568 2498/2715/851 2499/2716/590
f 2492/2709/569 2506/2724/589 2507/2725/591
f 2485/2701/848 2499/2716/590 2500/2717/906
f 2492/2709/569 2508/2726/579 2493/2710/571
f 2504/2721/585 2520/2739/593 2505/2723/587
f 2498/2715/851 2512/2730/854 2513/2731/594
f 2505/2723/587 2521/2740/595 2506/2724/589
f 2498/2715/851 2514/2732/596 2499/2716/590
f 2507/2725/591 2521/2740/595 2522/2741/597
f 2499/2716/590 2515/2733/598 2500/2717/906
f 2507/2725/591 2523/2742/599 2508/2726/579
f 2501/2718/850 2515/2733/598 2516/2734/600
f 2509/2727/580 2523/2742/599 2524/2743/601
f 2501/2718/850 2517/2735/602 2502/2719/581
f 2510/2728/951 2524/2743/601 2525/2744/603
f 2503/2720/583 2517/2735/602 2518/2736/604
f 2510/2728/951 2526/2745/605 2511/2729/584
f 2504/2722/585 2518/2736/604 2519/2737/606
f 2497/2714/952 2331/2537/71 2512/2730/854
f 2557/2778/338 2511/2729/584 2526/2745/605
f 2524/2743/601 2538/2758/608 2539/2759/609
f 2516/2734/600 2532/2751/610 2517/2735/602
f 2525/2744/603 2539/2759/609 2540/2760/611
f 2518/2736/604 2532/2751/610 2533/2752/612
f 2526/2745/605 2540/2760/611 2541/2761/613
f 2519/2737/606 2533/2752/612 2534/2753/614
f 2512/2730/854 2331/2537/71 2527/2746/856
f 2557/2778/338 2526/2745/605 2541/2761/613
f 2519/2738/606 2535/2755/616 2520/2739/593
f 2512/2730/854 2528/2747/617 2513/2731/594
f 2520/2739/593 2536/2756/618 2521/2740/595
f 2513/2731/594 2529/2748/619 2514/2732/596
f 2522/2741/597 2536/2756/618 2537/2757/620
f 2514/2732/596 2530/2749/621 2515/2733/598
f 2522/2741/597 2538/2758/608 2523/2742/599
f 2515/2733/598 2531/2750/622 2516/2734/600
f 2528/2747/617 2542/2762/858 2543/2763/624
f 2535/2755/616 2551/2772/625 2536/2756/618
f 2529/2748/619 2543/2763/624 2544/2764/626
f 2537/2757/620 2551/2772/625 2552/2773/627
f 2530/2749/621 2544/2764/626 2545/2765/935
f 2537/2757/620 2553/2774/629 2538/2758/608
f 2531/2750/622 2545/2765/935 2546/2766/630
f 2539/2759/609 2553/2774/629 2554/2775/631
f 2531/2750/622 2547/2767/632 2532/2751/610
f 2539/2759/609 2555/2776/909 2540/2760/611
f 2533/2752/612 2547/2767/632 2548/2768/634
f 2540/2760/611 2556/2777/635 2541/2761/613
f 2534/2753/614 2548/2768/634 2549/2769/636
f 2527/2746/856 2331/2537/71 2542/2762/858
f 2557/2778/338 2541/2761/613 2556/2777/635
f 2534/2754/614 2550/2771/637 2535/2755/616
f 2546/2766/630 2563/2784/638 2547/2767/632
f 2554/2775/631 2571/2793/640 2555/2776/909
f 2548/2768/634 2563/2784/638 2564/2785/641
f 2556/2777/635 2571/2793/640 2572/2794/642
f 2549/2769/636 2564/2785/641 2565/2786/643
f 2542/2762/858 2331/2537/71 2558/2779/644
f 2557/2778/338 2556/2777/635 2572/2794/642
f 2549/2770/636 2566/2788/645 2550/2771/637
f 2542/2762/858 2559/2780/646 2543/2763/624
f 2550/2771/637 2567/2789/647 2551/2772/625
f 2544/2764/626 2559/2780/646 2560/2781/648
f 2552/2773/627 2567/2789/647 2568/2790/649
f 2544/2764/626 2561/2782/650 2545/2765/935
f 2552/2773/627 2569/2791/651 2553/2774/629
f 2546/2766/630 2561/2782/650 2562/2783/652
f 2554/2775/631 2569/2791/651 2570/2792/639
f 2566/2788/645 2582/2805/653 2567/2789/647
f 2560/2781/648 2574/2796/667 2575/2797/654
f 2568/2790/649 2582/2805/653 2583/2806/655
f 2561/2782/650 2575/2797/654 2576/2798/656
f 2568/2790/649 2584/2807/657 2569/2791/651
f 2562/2783/652 2576/2798/656 2577/2799/911
f 2570/2792/639 2584/2807/657 2585/2808/659
f 2562/2783/652 2578/2800/660 2563/2784/638
f 2570/2792/639 2586/2809/661 2571/2793/640
f 2564/2785/641 2578/2800/660 2579/2801/662
f 2572/2794/642 2586/2809/661 2587/2810/663
f 2565/2786/643 2579/2801/662 2580/2802/664
f 2558/2779/644 2331/2537/71 2573/2795/665
f 2557/2778/338 2572/2794/642 2587/2810/663
f 2565/2787/643 2581/2804/666 2566/2788/645
f 2559/2780/646 2573/2795/665 2574/2796/667
f 2585/2808/659 2601/2825/668 2586/2809/661
f 2579/2801/662 2593/2816/669 2594/2817/670
f 2586/2809/661 2602/2826/671 2587/2810/663
f 2580/2802/664 2594/2817/670 2595/2818/672
f 2573/2795/665 2331/2537/71 2588/2811/673
f 2557/2778/338 2587/2810/663 2602/2826/671
f 2580/2803/664 2596/2820/674 2581/2804/666
f 2573/2795/665 2589/2812/675 2574/2796/667
f 2581/2804/666 2597/2821/676 2582/2805/653
f 2574/2796/667 2590/2813/677 2575/2797/654
f 2583/2806/655 2597/2821/676 2598/2822/678
f 2575/2797/654 2591/2814/865 2576/2798/656
f 2583/2806/655 2599/2823/680 2584/2807/657
f 2577/2799/911 2591/2814/865 2592/2815/913
f 2585/2808/659 2599/2823/680 2600/2824/682
f 2577/2799/911 2593/2816/669 2578/2800/660
f 2598/2822/678 2612/2837/683 2613/2838/684
f 2590/2813/677 2606/2830/866 2591/2814/865
f 2598/2822/678 2614/2839/686 2599/2823/680
f 2592/2815/913 2606/2830/866 2607/2831/687
f 2600/2824/682 2614/2839/686 2615/2840/688
f 2592/2815/913 2608/2832/689 2593/2816/669
f 2601/2825/668 2615/2840/688 2616/2841/690
f 2594/2817/670 2608/2832/689 2609/2833/691
f 2602/2826/671 2616/2841/690 2617/2842/692
f 2595/2818/672 2609/2833/691 2610/2834/693
f 2588/2811/673 2331/2537/71 2603/2827/694
f 2557/2778/338 2602/2826/671 2617/2842/692
f 2595/2819/672 2611/2836/695 2596/2820/674
f 2589/2812/675 2603/2827/694 2604/2828/696
f 2596/2820/674 2612/2837/683 2597/2821/676
f 2590/2813/677 2604/2828/696 2605/2829/697
f 2616/2841/690 2632/2858/698 2617/2842/692
f 2610/2834/693 2624/2849/699 2625/2850/700
f 2603/2827/694 2331/2537/71 2618/2843/870
f 2557/2778/338 2617/2842/692 2632/2858/698
f 2610/2835/693 2626/2852/702 2611/2836/695
f 2604/2828/696 2618/2843/870 2619/2844/703
f 2611/2836/695 2627/2853/704 2612/2837/683
f 2605/2829/697 2619/2844/703 2620/2845/705
f 2613/2838/684 2627/2853/704 2628/2854/706
f 2605/2829/697 2621/2846/871 2606/2830/866
f 2613/2838/684 2629/2855/708 2614/2839/686
f 2607/2831/687 2621/2846/871 2622/2847/709
f 2615/2840/688 2629/2855/708 2630/2856/710
f 2607/2831/687 2623/2848/711 2608/2832/689
f 2615/2840/688 2631/2857/869 2616/2841/690
f 2609/2833/691 2623/2848/711 2624/2849/699
f 2620/2845/705 2636/2862/939 2621/2846/871
f 2628/2854/706 2644/2871/715 2629/2855/708
f 2622/2847/709 2636/2862/939 2637/2863/716
f 2630/2856/710 2644/2871/715 2645/2872/717
f 2622/2847/709 2638/2864/718 2623/2848/711
f 2630/2856/710 2646/2873/719 2631/2857/869
f 2624/2849/699 2638/2864/718 2639/2865/720
f 2631/2857/869 2647/2874/875 2632/2858/698
f 2625/2850/700 2639/2865/720 2640/2866/722
f 2618/2843/870 2331/2537/71 2633/2859/723
f 2557/2778/338 2632/2858/698 2647/2874/875
f 2625/2851/700 2641/2868/724 2626/2852/702
f 2619/2844/703 2633/2859/723 2634/2860/725
f 2626/2852/702 2642/2869/726 2627/2853/704
f 2620/2845/705 2634/2860/725 2635/2861/713
f 2628/2854/706 2642/2869/726 2643/2870/727
f 2640/2866/722 2654/2881/728 2655/2882/729
f 2633/2859/723 2331/2537/71 2648/2875/730
f 2557/2778/338 2647/2874/875 2662/2890/731
f 2640/2867/722 2656/2884/732 2641/2868/724
f 2634/2860/725 2648/2875/730 2649/2876/733
f 2641/2868/724 2657/2885/734 2642/2869/726
f 2634/2860/725 2650/2877/735 2635/2861/713
f 2643/2870/727 2657/2885/734 2658/2886/736
f 2635/2861/713 2651/2878/737 2636/2862/939
f 2643/2870/727 2659/2887/738 2644/2871/715
f 2637/2863/716 2651/2878/737 2652/2879/739
f 2645/2872/717 2659/2887/738 2660/2888/740
f 2637/2863/716 2653/2880/741 2638/2864/718
f 2645/2872/717 2661/2889/742 2646/2873/719
f 2639/2865/720 2653/2880/741 2654/2881/728
f 2647/2874/875 2661/2889/742 2662/2890/731
f 2658/2886/736 2674/2903/743 2659/2887/738
f 2652/2879/739 2666/2894/744 2667/2895/745
f 2660/2888/740 2674/2903/743 2675/2904/746
f 2652/2879/739 2668/2896/747 2653/2880/741
f 2660/2888/740 2676/2905/748 2661/2889/742
f 2654/2881/728 2668/2896/747 2669/2897/749
f 2662/2890/731 2676/2905/748 2677/2906/750
f 2655/2882/729 2669/2897/749 2670/2899/751
f 2648/2875/730 2331/2537/71 2663/2891/752
f 2557/2778/338 2662/2890/731 2677/2906/750
f 2655/2883/729 2671/2900/753 2656/2884/732
f 2648/2875/730 2664/2892/882 2649/2876/733
f 2656/2884/732 2672/2901/755 2657/2885/734
f 2650/2877/735 2664/2892/882 2665/2893/756
f 2658/2886/736 2672/2901/755 2673/2902/757
f 2651/2878/737 2665/2893/756 2666/2894/744
f 2663/2891/752 2331/2537/71 2678/2907/953
f 2557/2778/338 2677/2906/750 2692/2922/759
f 2670/2898/751 2686/2916/760 2671/2900/753
f 2664/2892/882 2678/2907/953 2679/2908/884
f 2671/2900/753 2687/2917/762 2672/2901/755
f 2664/2892/882 2680/2909/763 2665/2893/756
f 2673/2902/757 2687/2917/762 2688/2918/764
f 2665/2893/756 2681/2910/885 2666/2894/744
f 2673/2902/757 2689/2919/766 2674/2903/743
f 2667/2895/745 2681/2910/885 2682/2911/954
f 2675/2904/746 2689/2919/766 2690/2920/768
f 2667/2895/745 2683/2912/769 2668/2896/747
f 2675/2904/746 2691/2921/914 2676/2905/748
f 2669/2897/749 2683/2912/769 2684/2913/771
f 2676/2905/748 2692/2922/759 2677/2906/750
f 2670/2899/751 2684/2913/771 2685/2914/772
f 2682/2911/954 2696/2926/887 2697/2927/774
f 2690/2920/768 2704/2935/775 2705/2936/776
f 2682/2911/954 2698/2928/777 2683/2912/769
f 2690/2920/768 2706/2937/889 2691/2921/914
f 2684/2913/771 2698/2928/777 2699/2929/779
f 2691/2921/914 2707/2938/780 2692/2922/759
f 2685/2914/772 2699/2929/779 2700/2931/781
f 2678/2907/953 2331/2537/71 2693/2923/915
f 2557/2778/338 2692/2922/759 2707/2938/780
f 2685/2915/772 2701/2932/783 2686/2916/760
f 2679/2908/884 2693/2923/915 2694/2924/891
f 2686/2916/760 2702/2933/785 2687/2917/762
f 2680/2909/763 2694/2924/891 2695/2925/786
f 2688/2918/764 2702/2933/785 2703/2934/787
f 2681/2910/885 2695/2925/786 2696/2926/887
f 2688/2918/764 2704/2935/775 2689/2919/766
f 2700/2930/781 2716/2948/788 2701/2932/783
f 2694/2924/891 2708/2939/916 2709/2940/789
f 2701/2932/783 2717/2949/790 2702/2933/785
f 2694/2924/891 2710/2941/791 2695/2925/786
f 2703/2934/787 2717/2949/790 2718/2950/792
f 2695/2925/786 2711/2942/793 2696/2926/887
f 2703/2934/787 2719/2951/794 2704/2935/775
f 2697/2927/774 2711/2942/793 2712/2943/795
f 2705/2936/776 2719/2951/794 2720/2952/796
f 2697/2927/774 2713/2944/797 2698/2928/777
f 2705/2936/776 2721/2953/893 2706/2937/889
f 2699/2929/779 2713/2944/797 2714/2945/799
f 2707/2938/780 2721/2953/893 2722/2954/800
f 2700/2931/781 2714/2945/799 2715/2946/801
f 2693/2923/915 2331/2537/71 2708/2939/916
f 2557/2778/338 2707/2938/780 2722/2954/800
f 2720/2952/796 2728/2960/322 2729/2961/324
f 2713/2944/797 2251/2451/352 2726/2958/325
f 2721/2953/893 2729/2961/324 2730/2962/329
f 2714/2945/799 2726/2958/325 2252/2452/331
f 2722/2954/800 2730/2962/329 2731/2963/333
f 2715/2946/801 2252/2452/331 2253/2453/335
f 2708/2939/916 2331/2537/71 2723/2955/336
f 2557/2778/338 2722/2954/800 2731/2963/333
f 2715/2947/801 2254/2455/339 2716/2948/788
f 2708/2939/916 2724/2956/341 2709/2940/789
f 2716/2948/788 2727/2959/343 2717/2949/790
f 2710/2941/791 2724/2956/341 2250/2450/346
f 2717/2949/790 2255/2456/348 2718/2950/792
f 2711/2942/793 2250/2450/346 2725/2957/349
f 2718/2950/792 2728/2960/322 2719/2951/794
f 2712/2943/795 2725/2957/349 2251/2451/352
f 3210/3474/322 2750/2984/323 3211/3475/324
f 3208/3472/325 2742/2975/326 2743/2976/327
f 3211/3475/324 2751/2985/803 3212/3476/804
f 3208/3472/325 2744/2977/330 2734/2966/331
f 3212/3476/804 2752/2986/332 3213/3477/333
f 2734/2966/331 2745/2978/334 2735/2967/335
f 3205/3469/336 2813/3051/71 2738/2971/337
f 3039/3292/338 3213/3477/333 2752/2986/332
f 2736/2969/339 2745/2979/334 2746/2980/340
f 3206/3470/341 2738/2971/337 2739/2972/342
f 2736/2969/339 2747/2981/344 3209/3473/343
f 3206/3470/341 2740/2973/345 2732/2964/346
f 3209/3473/343 2748/2982/347 2737/2970/348
f 2732/2964/346 2741/2974/945 3207/3471/955
f 3210/3474/322 2748/2982/347 2749/2983/351
f 3207/3471/955 2742/2975/326 2733/2965/352
f 2740/2973/345 2756/2990/946 2741/2974/945
f 2748/2982/347 2764/2999/354 2749/2983/351
f 2741/2974/945 2757/2991/355 2742/2975/326
f 2749/2983/351 2765/3000/356 2750/2984/323
f 2742/2975/326 2758/2992/357 2743/2976/327
f 2750/2984/323 2766/3001/806 2751/2985/803
f 2744/2977/330 2758/2992/357 2759/2993/359
f 2751/2985/803 2767/3002/360 2752/2986/332
f 2744/2977/330 2760/2994/361 2745/2978/334
f 2738/2971/337 2813/3051/71 2753/2987/362
f 3039/3292/338 2752/2986/332 2767/3002/360
f 2746/2980/340 2760/2995/361 2761/2996/363
f 2739/2972/342 2753/2987/362 2754/2988/364
f 2746/2980/340 2762/2997/365 2747/2981/344
f 2740/2973/345 2754/2988/364 2755/2989/366
f 2748/2982/347 2762/2997/365 2763/2998/367
f 2760/2994/361 2774/3009/382 2775/3010/368
f 2753/2987/362 2813/3051/71 2768/3003/808
f 3039/3292/338 2767/3002/360 2782/3018/370
f 2760/2995/361 2776/3012/371 2761/2996/363
f 2753/2987/362 2769/3004/372 2754/2988/364
f 2762/2997/365 2776/3012/371 2777/3013/373
f 2754/2988/364 2770/3005/374 2755/2989/366
f 2763/2998/367 2777/3013/373 2778/3014/375
f 2755/2989/366 2771/3006/897 2756/2990/946
f 2763/2998/367 2779/3015/377 2764/2999/354
f 2756/2990/946 2772/3007/919 2757/2991/355
f 2765/3000/356 2779/3015/377 2780/3016/379
f 2757/2991/355 2773/3008/380 2758/2992/357
f 2766/3001/806 2780/3016/379 2781/3017/381
f 2758/2992/357 2774/3009/382 2759/2993/359
f 2767/3002/360 2781/3017/381 2782/3018/370
f 2779/3015/377 2793/3030/397 2794/3031/383
f 2771/3006/897 2787/3023/385 2772/3007/919
f 2780/3016/379 2794/3031/383 2795/3032/386
f 2772/3007/919 2788/3024/387 2773/3008/380
f 2781/3017/381 2795/3032/386 2796/3033/388
f 2774/3009/382 2788/3024/387 2789/3025/389
f 2782/3018/370 2796/3033/388 2797/3034/390
f 2775/3010/368 2789/3025/389 2790/3027/391
f 2768/3003/808 2813/3051/71 2783/3019/392
f 3039/3292/338 2782/3018/370 2797/3034/390
f 2775/3011/368 2791/3028/393 2776/3012/371
f 2769/3004/372 2783/3019/392 2784/3020/394
f 2776/3012/371 2792/3029/395 2777/3013/373
f 2769/3004/372 2785/3021/396 2770/3005/374
f 2778/3014/375 2792/3029/395 2793/3030/397
f 2770/3005/374 2786/3022/384 2771/3006/897
f 3039/3292/338 2797/3034/390 2812/3050/398
f 2790/3026/391 2806/3044/400 2791/3028/393
f 2783/3019/392 2799/3036/401 2784/3020/394
f 2791/3028/393 2807/3045/402 2792/3029/395
f 2785/3021/396 2799/3036/401 2800/3037/403
f 2793/3030/397 2807/3045/402 2808/3046/404
f 2786/3022/384 2800/3037/403 2801/3038/405
f 2793/3030/397 2809/3047/406 2794/3031/383
f 2787/3023/385 2801/3038/405 2802/3039/816
f 2794/3031/383 2810/3048/408 2795/3032/386
f 2787/3023/385 2803/3040/409 2788/3024/387
f 2795/3032/386 2811/3049/817 2796/3033/388
f 2789/3025/389 2803/3040/409 2804/3041/411
f 2796/3033/388 2812/3050/398 2797/3034/390
f 2790/3027/391 2804/3041/411 2805/3042/399
f 2783/3019/392 2813/3051/71 2798/3035/412
f 2810/3048/408 2825/3064/426 2826/3065/413
f 2802/3039/816 2819/3057/414 2803/3040/409
f 2811/3049/817 2826/3065/413 2827/3066/818
f 2804/3041/411 2819/3057/414 2820/3058/416
f 2812/3050/398 2827/3066/818 2828/3067/819
f 2805/3042/399 2820/3058/416 2821/3059/418
f 2798/3035/412 2813/3051/71 2814/3052/921
f 3039/3292/338 2812/3050/398 2828/3067/819
f 2805/3043/399 2822/3061/420 2806/3044/400
f 2799/3036/401 2814/3052/921 2815/3053/421
f 2806/3044/400 2823/3062/422 2807/3045/402
f 2799/3036/401 2816/3054/423 2800/3037/403
f 2808/3046/404 2823/3062/422 2824/3063/424
f 2800/3037/403 2817/3055/425 2801/3038/405
f 2808/3046/404 2825/3064/426 2809/3047/406
f 2801/3038/405 2818/3056/900 2802/3039/816
f 2814/3052/921 2830/3069/428 2815/3053/421
f 2822/3061/420 2838/3078/429 2823/3062/422
f 2815/3053/421 2831/3070/430 2816/3054/423
f 2824/3063/424 2838/3078/429 2839/3079/431
f 2816/3054/423 2832/3071/821 2817/3055/425
f 2824/3063/424 2840/3080/433 2825/3064/426
f 2818/3056/900 2832/3071/821 2833/3072/434
f 2826/3065/413 2840/3080/433 2841/3081/435
f 2818/3056/900 2834/3073/436 2819/3057/414
f 2827/3066/818 2841/3081/435 2842/3082/823
f 2820/3058/416 2834/3073/436 2835/3074/438
f 2827/3066/818 2843/3083/439 2828/3067/819
f 2821/3059/418 2835/3074/438 2836/3075/440
f 2814/3052/921 2813/3051/71 2829/3068/922
f 3039/3292/338 2828/3067/819 2843/3083/439
f 2821/3060/418 2837/3077/442 2822/3061/420
f 2833/3072/434 2849/3089/443 2834/3073/436
f 2842/3082/823 2856/3097/457 2857/3098/825
f 2835/3074/438 2849/3089/443 2850/3090/445
f 2842/3082/823 2858/3099/446 2843/3083/439
f 2836/3075/440 2850/3090/445 2851/3091/447
f 2829/3068/922 2813/3051/71 2844/3084/448
f 3039/3292/338 2843/3083/439 2858/3099/446
f 2836/3076/440 2852/3093/449 2837/3077/442
f 2829/3068/922 2845/3085/450 2830/3069/428
f 2837/3077/442 2853/3094/451 2838/3078/429
f 2830/3069/428 2846/3086/452 2831/3070/430
f 2839/3079/431 2853/3094/451 2854/3095/453
f 2831/3070/430 2847/3087/826 2832/3071/821
f 2839/3079/431 2855/3096/455 2840/3080/433
f 2832/3071/821 2848/3088/824 2833/3072/434
f 2841/3081/435 2855/3096/455 2856/3097/457
f 2852/3093/449 2868/3110/458 2853/3094/451
f 2846/3086/452 2860/3101/472 2861/3102/459
f 2854/3095/453 2868/3110/458 2869/3111/460
f 2846/3086/452 2862/3103/461 2847/3087/826
f 2854/3095/453 2870/3112/462 2855/3096/455
f 2848/3088/824 2862/3103/461 2863/3104/463
f 2856/3097/457 2870/3112/462 2871/3113/464
f 2848/3088/824 2864/3105/465 2849/3089/443
f 2856/3097/457 2872/3114/828 2857/3098/825
f 2850/3090/445 2864/3105/465 2865/3106/467
f 2858/3099/446 2872/3114/828 2873/3115/468
f 2851/3091/447 2865/3106/467 2866/3107/469
f 2844/3084/448 2813/3051/71 2859/3100/470
f 3039/3292/338 2858/3099/446 2873/3115/468
f 2851/3092/447 2867/3109/471 2852/3093/449
f 2844/3084/448 2860/3101/472 2845/3085/450
f 2871/3113/464 2887/3130/829 2872/3114/828
f 2865/3106/467 2879/3121/474 2880/3122/475
f 2872/3114/828 2888/3131/830 2873/3115/468
f 2866/3107/469 2880/3122/475 2881/3123/477
f 2859/3100/470 2813/3051/71 2874/3116/478
f 3039/3292/338 2873/3115/468 2888/3131/830
f 2866/3108/469 2882/3125/479 2867/3109/471
f 2859/3100/470 2875/3117/901 2860/3101/472
f 2867/3109/471 2883/3126/481 2868/3110/458
f 2860/3101/472 2876/3118/482 2861/3102/459
f 2869/3111/460 2883/3126/481 2884/3127/483
f 2861/3102/459 2877/3119/832 2862/3103/461
f 2869/3111/460 2885/3128/485 2870/3112/462
f 2863/3104/463 2877/3119/832 2878/3120/833
f 2871/3113/464 2885/3128/485 2886/3129/487
f 2863/3104/463 2879/3121/474 2864/3105/465
f 2876/3118/482 2890/3133/488 2891/3134/489
f 2884/3127/483 2898/3142/490 2899/3143/491
f 2876/3118/482 2892/3135/925 2877/3119/832
f 2884/3127/483 2900/3144/493 2885/3128/485
f 2878/3120/833 2892/3135/925 2893/3136/926
f 2886/3129/487 2900/3144/493 2901/3145/495
f 2878/3120/833 2894/3137/496 2879/3121/474
f 2887/3130/829 2901/3145/495 2902/3146/497
f 2880/3122/475 2894/3137/496 2895/3138/498
f 2888/3131/830 2902/3146/497 2903/3147/499
f 2881/3123/477 2895/3138/498 2896/3139/500
f 2874/3116/478 2813/3051/71 2889/3132/902
f 3039/3292/338 2888/3131/830 2903/3147/499
f 2881/3124/477 2897/3141/502 2882/3125/479
f 2875/3117/901 2889/3132/902 2890/3133/488
f 2882/3125/479 2898/3142/490 2883/3126/481
f 2895/3138/498 2909/3153/517 2910/3154/503
f 2903/3147/499 2917/3162/504 2918/3163/505
f 2896/3139/500 2910/3154/503 2911/3155/506
f 2889/3132/902 2813/3051/71 2904/3148/507
f 3039/3292/338 2903/3147/499 2918/3163/505
f 2896/3140/500 2912/3157/508 2897/3141/502
f 2890/3133/488 2904/3148/507 2905/3149/956
f 2897/3141/502 2913/3158/510 2898/3142/490
f 2890/3133/488 2906/3150/511 2891/3134/489
f 2899/3143/491 2913/3158/510 2914/3159/512
f 2891/3134/489 2907/3151/928 2892/3135/925
f 2899/3143/491 2915/3160/514 2900/3144/493
f 2893/3136/926 2907/3151/928 2908/3152/838
f 2901/3145/495 2915/3160/514 2916/3161/516
f 2893/3136/926 2909/3153/517 2894/3137/496
f 2901/3145/495 2917/3162/504 2902/3146/497
f 2914/3159/512 2928/3174/518 2929/3175/519
f 2906/3150/511 2922/3167/957 2907/3151/928
f 2915/3160/514 2929/3175/519 2930/3176/521
f 2907/3151/928 2923/3168/949 2908/3152/838
f 2916/3161/516 2930/3176/521 2931/3177/523
f 2908/3152/838 2924/3169/524 2909/3153/517
f 2916/3161/516 2932/3178/930 2917/3162/504
f 2910/3154/503 2924/3169/524 2925/3170/526
f 2917/3162/504 2933/3179/527 2918/3163/505
f 2911/3155/506 2925/3170/526 2926/3171/528
f 2904/3148/507 2813/3051/71 2919/3164/958
f 3039/3292/338 2918/3163/505 2933/3179/527
f 2911/3156/506 2927/3173/530 2912/3157/508
f 2904/3148/507 2920/3165/531 2905/3149/956
f 2912/3157/508 2928/3174/518 2913/3158/510
f 2905/3149/956 2921/3166/532 2906/3150/511
f 2933/3179/527 2947/3194/842 2948/3195/534
f 2926/3171/528 2940/3186/535 2941/3187/536
f 2919/3164/958 2813/3051/71 2934/3180/537
f 3039/3292/338 2933/3179/527 2948/3195/534
f 2926/3172/528 2942/3189/538 2927/3173/530
f 2920/3165/531 2934/3180/537 2935/3181/904
f 2927/3173/530 2943/3190/540 2928/3174/518
f 2921/3166/532 2935/3181/904 2936/3182/541
f 2929/3175/519 2943/3190/540 2944/3191/542
f 2922/3167/957 2936/3182/541 2937/3183/543
f 2929/3175/519 2945/3192/544 2930/3176/521
f 2923/3168/949 2937/3183/543 2938/3184/545
f 2931/3177/523 2945/3192/544 2946/3193/546
f 2923/3168/949 2939/3185/547 2924/3169/524
f 2932/3178/930 2946/3193/546 2947/3194/842
f 2925/3170/526 2939/3185/547 2940/3186/535
f 2944/3191/542 2960/3208/549 2945/3192/544
f 2938/3184/545 2952/3199/931 2953/3200/551
f 2946/3193/546 2960/3208/549 2961/3209/552
f 2938/3184/545 2954/3201/553 2939/3185/547
f 2947/3194/842 2961/3209/552 2962/3210/845
f 2940/3186/535 2954/3201/553 2955/3202/555
f 2947/3194/842 2963/3211/556 2948/3195/534
f 2941/3187/536 2955/3202/555 2956/3204/557
f 2934/3180/537 2813/3051/71 2949/3196/959
f 3039/3292/338 2948/3195/534 2963/3211/556
f 2941/3188/536 2957/3205/559 2942/3189/538
f 2934/3180/537 2950/3197/847 2935/3181/904
f 2942/3189/538 2958/3206/561 2943/3190/540
f 2935/3181/904 2951/3198/562 2936/3182/541
f 2944/3191/542 2958/3206/561 2959/3207/548
f 2937/3183/543 2951/3198/562 2952/3199/931
f 2949/3196/959 2813/3051/71 2964/3212/563
f 3039/3292/338 2963/3211/556 2978/3227/564
f 2956/3203/557 2972/3221/565 2957/3205/559
f 2949/3196/959 2965/3213/566 2950/3197/847
f 2957/3205/559 2973/3222/567 2958/3206/561
f 2950/3197/847 2966/3214/568 2951/3198/562
f 2959/3207/548 2973/3222/567 2974/3223/569
f 2951/3198/562 2967/3215/848 2952/3199/931
f 2959/3207/548 2975/3224/571 2960/3208/549
f 2953/3200/551 2967/3215/848 2968/3216/905
f 2961/3209/552 2975/3224/571 2976/3225/573
f 2953/3200/551 2969/3217/574 2954/3201/553
f 2961/3209/552 2977/3226/849 2962/3210/845
f 2955/3202/555 2969/3217/574 2970/3218/576
f 2962/3210/845 2978/3227/564 2963/3211/556
f 2956/3204/557 2970/3218/576 2971/3219/577
f 2968/3216/905 2982/3231/592 2983/3232/578
f 2976/3225/573 2990/3240/579 2991/3241/580
f 2968/3216/905 2984/3233/581 2969/3217/574
f 2976/3225/573 2992/3242/582 2977/3226/849
f 2970/3218/576 2984/3233/581 2985/3234/583
f 2978/3227/564 2992/3242/582 2993/3243/584
f 2971/3219/577 2985/3234/583 2986/3236/585
f 2964/3212/563 2813/3051/71 2979/3228/586
f 3039/3292/338 2978/3227/564 2993/3243/584
f 2971/3220/577 2987/3237/587 2972/3221/565
f 2965/3213/566 2979/3228/586 2980/3229/851
f 2972/3221/565 2988/3238/589 2973/3222/567
f 2966/3214/568 2980/3229/851 2981/3230/590
f 2974/3223/569 2988/3238/589 2989/3239/591
f 2967/3215/848 2981/3230/590 2982/3231/592
f 2974/3223/569 2990/3240/579 2975/3224/571
f 2986/3235/585 3002/3253/593 2987/3237/587
f 2980/3229/851 2994/3244/854 2995/3245/908
f 2987/3237/587 3003/3254/595 2988/3238/589
f 2980/3229/851 2996/3246/596 2981/3230/590
f 2989/3239/591 3003/3254/595 3004/3255/597
f 2981/3230/590 2997/3247/598 2982/3231/592
f 2989/3239/591 3005/3256/599 2990/3240/579
f 2982/3231/592 2998/3248/600 2983/3232/578
f 2990/3240/579 3006/3257/601 2991/3241/580
f 2983/3232/578 2999/3249/602 2984/3233/581
f 2991/3241/580 3007/3258/853 2992/3242/582
f 2985/3234/583 2999/3249/602 3000/3250/604
f 2993/3243/584 3007/3258/853 3008/3259/605
f 2986/3236/585 3000/3250/604 3001/3251/606
f 2979/3228/586 2813/3051/71 2994/3244/854
f 3039/3292/338 2993/3243/584 3008/3259/605
f 3006/3257/601 3020/3272/608 3021/3273/609
f 2998/3248/600 3014/3265/610 2999/3249/602
f 3007/3258/853 3021/3273/609 3022/3274/855
f 3000/3250/604 3014/3265/610 3015/3266/612
f 3007/3258/853 3023/3275/613 3008/3259/605
f 3001/3251/606 3015/3266/612 3016/3267/614
f 2994/3244/854 2813/3051/71 3009/3260/856
f 3039/3292/338 3008/3259/605 3023/3275/613
f 3001/3252/606 3017/3269/616 3002/3253/593
f 2994/3244/854 3010/3261/617 2995/3245/908
f 3002/3253/593 3018/3270/618 3003/3254/595
f 2996/3246/596 3010/3261/617 3011/3262/619
f 3004/3255/597 3018/3270/618 3019/3271/620
f 2996/3246/596 3012/3263/857 2997/3247/598
f 3004/3255/597 3020/3272/608 3005/3256/599
f 2998/3248/600 3012/3263/857 3013/3264/934
f 3010/3261/617 3024/3276/623 3025/3277/624
f 3017/3269/616 3033/3286/625 3018/3270/618
f 3011/3262/619 3025/3277/624 3026/3278/626
f 3019/3271/620 3033/3286/625 3034/3287/627
f 3012/3263/857 3026/3278/626 3027/3279/935
f 3020/3272/608 3034/3287/627 3035/3288/629
f 3013/3264/934 3027/3279/935 3028/3280/960
f 3021/3273/609 3035/3288/629 3036/3289/631
f 3013/3264/934 3029/3281/632 3014/3265/610
f 3021/3273/609 3037/3290/633 3022/3274/855
f 3015/3266/612 3029/3281/632 3030/3282/634
f 3023/3275/613 3037/3290/633 3038/3291/635
f 3016/3267/614 3030/3282/634 3031/3283/636
f 3009/3260/856 2813/3051/71 3024/3276/623
f 3039/3292/338 3023/3275/613 3038/3291/635
f 3016/3268/614 3032/3285/637 3017/3269/616
f 3028/3280/960 3045/3298/638 3029/3281/632
f 3036/3289/631 3053/3307/860 3037/3290/633
f 3030/3282/634 3045/3298/638 3046/3299/641
f 3038/3291/635 3053/3307/860 3054/3308/642
f 3031/3283/636 3046/3299/641 3047/3300/643
f 3024/3276/623 2813/3051/71 3040/3293/961
f 3039/3292/338 3038/3291/635 3054/3308/642
f 3031/3284/636 3048/3302/645 3032/3285/637
f 3024/3276/623 3041/3294/646 3025/3277/624
f 3032/3285/637 3049/3303/647 3033/3286/625
f 3025/3277/624 3042/3295/648 3026/3278/626
f 3034/3287/627 3049/3303/647 3050/3304/649
f 3026/3278/626 3043/3296/937 3027/3279/935
f 3034/3287/627 3051/3305/651 3035/3288/629
f 3028/3280/960 3043/3296/937 3044/3297/652
f 3036/3289/631 3051/3305/651 3052/3306/639
f 3048/3302/645 3064/3319/653 3049/3303/647
f 3041/3294/646 3057/3311/654 3042/3295/648
f 3050/3304/649 3064/3319/653 3065/3320/655
f 3043/3296/937 3057/3311/654 3058/3312/862
f 3050/3304/649 3066/3321/657 3051/3305/651
f 3044/3297/652 3058/3312/862 3059/3313/911
f 3052/3306/639 3066/3321/657 3067/3322/659
f 3044/3297/652 3060/3314/660 3045/3298/638
f 3053/3307/860 3067/3322/659 3068/3323/863
f 3046/3299/641 3060/3314/660 3061/3315/662
f 3054/3308/642 3068/3323/863 3069/3324/663
f 3047/3300/643 3061/3315/662 3062/3316/664
f 3040/3293/961 2813/3051/71 3055/3309/665
f 3039/3292/338 3054/3308/642 3069/3324/663
f 3047/3301/643 3063/3318/666 3048/3302/645
f 3041/3294/646 3055/3309/665 3056/3310/667
f 3067/3322/659 3083/3339/864 3068/3323/863
f 3061/3315/662 3075/3330/669 3076/3331/670
f 3068/3323/863 3084/3340/671 3069/3324/663
f 3062/3316/664 3076/3331/670 3077/3332/672
f 3055/3309/665 2813/3051/71 3070/3325/673
f 3039/3292/338 3069/3324/663 3084/3340/671
f 3062/3317/664 3078/3334/674 3063/3318/666
f 3056/3310/667 3070/3325/673 3071/3326/675
f 3063/3318/666 3079/3335/676 3064/3319/653
f 3057/3311/654 3071/3326/675 3072/3327/677
f 3065/3320/655 3079/3335/676 3080/3336/678
f 3058/3312/862 3072/3327/677 3073/3328/679
f 3065/3320/655 3081/3337/680 3066/3321/657
f 3059/3313/911 3073/3328/679 3074/3329/681
f 3066/3321/657 3082/3338/682 3067/3322/659
f 3059/3313/911 3075/3330/669 3060/3314/660
f 3080/3336/678 3094/3351/683 3095/3352/684
f 3073/3328/679 3087/3343/697 3088/3344/866
f 3081/3337/680 3095/3352/684 3096/3353/686
f 3074/3329/681 3088/3344/866 3089/3345/687
f 3082/3338/682 3096/3353/686 3097/3354/688
f 3074/3329/681 3090/3346/689 3075/3330/669
f 3083/3339/864 3097/3354/688 3098/3355/690
f 3076/3331/670 3090/3346/689 3091/3347/691
f 3083/3339/864 3099/3356/692 3084/3340/671
f 3077/3332/672 3091/3347/691 3092/3348/693
f 3070/3325/673 2813/3051/71 3085/3341/694
f 3039/3292/338 3084/3340/671 3099/3356/692
f 3077/3333/672 3093/3350/695 3078/3334/674
f 3071/3326/675 3085/3341/694 3086/3342/696
f 3078/3334/674 3094/3351/683 3079/3335/676
f 3071/3326/675 3087/3343/697 3072/3327/677
f 3099/3356/692 3113/3371/869 3114/3372/698
f 3092/3348/693 3106/3363/699 3107/3364/700
f 3085/3341/694 2813/3051/71 3100/3357/870
f 3039/3292/338 3099/3356/692 3114/3372/698
f 3092/3349/693 3108/3366/702 3093/3350/695
f 3086/3342/696 3100/3357/870 3101/3358/703
f 3093/3350/695 3109/3367/704 3094/3351/683
f 3087/3343/697 3101/3358/703 3102/3359/705
f 3095/3352/684 3109/3367/704 3110/3368/706
f 3088/3344/866 3102/3359/705 3103/3360/871
f 3095/3352/684 3111/3369/708 3096/3353/686
f 3089/3345/687 3103/3360/871 3104/3361/872
f 3097/3354/688 3111/3369/708 3112/3370/710
f 3089/3345/687 3105/3362/711 3090/3346/689
f 3097/3354/688 3113/3371/869 3098/3355/690
f 3091/3347/691 3105/3362/711 3106/3363/699
f 3103/3360/871 3117/3375/713 3118/3376/939
f 3110/3368/706 3126/3385/715 3111/3369/708
f 3104/3361/872 3118/3376/939 3119/3377/716
f 3112/3370/710 3126/3385/715 3127/3386/717
f 3104/3361/872 3120/3378/718 3105/3362/711
f 3113/3371/869 3127/3386/717 3128/3387/874
f 3106/3363/699 3120/3378/718 3121/3379/720
f 3114/3372/698 3128/3387/874 3129/3388/721
f 3107/3364/700 3121/3379/720 3122/3380/722
f 3100/3357/870 2813/3051/71 3115/3373/723
f 3039/3292/338 3114/3372/698 3129/3388/721
f 3107/3365/700 3123/3382/724 3108/3366/702
f 3101/3358/703 3115/3373/723 3116/3374/725
f 3108/3366/702 3124/3383/726 3109/3367/704
f 3101/3358/703 3117/3375/713 3102/3359/705
f 3110/3368/706 3124/3383/726 3125/3384/727
f 3122/3380/722 3136/3395/728 3137/3396/729
f 3115/3373/723 2813/3051/71 3130/3389/940
f 3039/3292/338 3129/3388/721 3144/3404/731
f 3122/3381/722 3138/3398/732 3123/3382/724
f 3116/3374/725 3130/3389/940 3131/3390/733
f 3123/3382/724 3139/3399/734 3124/3383/726
f 3116/3374/725 3132/3391/735 3117/3375/713
f 3125/3384/727 3139/3399/734 3140/3400/736
f 3117/3375/713 3133/3392/737 3118/3376/939
f 3125/3384/727 3141/3401/738 3126/3385/715
f 3119/3377/716 3133/3392/737 3134/3393/877
f 3127/3386/717 3141/3401/738 3142/3402/740
f 3119/3377/716 3135/3394/741 3120/3378/718
f 3127/3386/717 3143/3403/742 3128/3387/874
f 3121/3379/720 3135/3394/741 3136/3395/728
f 3129/3388/721 3143/3403/742 3144/3404/731
f 3140/3400/736 3156/3417/743 3141/3401/738
f 3134/3393/877 3148/3408/962 3149/3409/879
f 3142/3402/740 3156/3417/743 3157/3418/746
f 3134/3393/877 3150/3410/747 3135/3394/741
f 3143/3403/742 3157/3418/746 3158/3419/880
f 3136/3395/728 3150/3410/747 3151/3411/749
f 3144/3404/731 3158/3419/880 3159/3420/750
f 3137/3396/729 3151/3411/749 3152/3413/751
f 3130/3389/940 2813/3051/71 3145/3405/881
f 3039/3292/338 3144/3404/731 3159/3420/750
f 3137/3397/729 3153/3414/753 3138/3398/732
f 3131/3390/733 3145/3405/881 3146/3406/882
f 3138/3398/732 3154/3415/755 3139/3399/734
f 3132/3391/735 3146/3406/882 3147/3407/756
f 3140/3400/736 3154/3415/755 3155/3416/757
f 3133/3392/737 3147/3407/756 3148/3408/962
f 3145/3405/881 2813/3051/71 3160/3421/963
f 3039/3292/338 3159/3420/750 3174/3436/759
f 3152/3412/751 3168/3430/760 3153/3414/753
f 3145/3405/881 3161/3422/884 3146/3406/882
f 3153/3414/753 3169/3431/762 3154/3415/755
f 3146/3406/882 3162/3423/763 3147/3407/756
f 3155/3416/757 3169/3431/762 3170/3432/764
f 3147/3407/756 3163/3424/885 3148/3408/962
f 3155/3416/757 3171/3433/766 3156/3417/743
f 3149/3409/879 3163/3424/885 3164/3425/886
f 3157/3418/746 3171/3433/766 3172/3434/768
f 3149/3409/879 3165/3426/769 3150/3410/747
f 3157/3418/746 3173/3435/914 3158/3419/880
f 3151/3411/749 3165/3426/769 3166/3427/771
f 3158/3419/880 3174/3436/759 3159/3420/750
f 3152/3413/751 3166/3427/771 3167/3428/772
f 3164/3425/886 3178/3440/887 3179/3441/888
f 3172/3434/768 3186/3449/775 3187/3450/776
f 3164/3425/886 3180/3442/777 3165/3426/769
f 3172/3434/768 3188/3451/889 3173/3435/914
f 3166/3427/771 3180/3442/777 3181/3443/779
f 3174/3436/759 3188/3451/889 3189/3452/780
f 3167/3428/772 3181/3443/779 3182/3445/781
f 3160/3421/963 2813/3051/71 3175/3437/890
f 3039/3292/338 3174/3436/759 3189/3452/780
f 3167/3429/772 3183/3446/783 3168/3430/760
f 3161/3422/884 3175/3437/890 3176/3438/784
f 3168/3430/760 3184/3447/785 3169/3431/762
f 3162/3423/763 3176/3438/784 3177/3439/786
f 3170/3432/764 3184/3447/785 3185/3448/787
f 3163/3424/885 3177/3439/786 3178/3440/887
f 3170/3432/764 3186/3449/775 3171/3433/766
f 3182/3444/781 3198/3462/788 3183/3446/783
f 3176/3438/784 3190/3453/802 3191/3454/789
f 3183/3446/783 3199/3463/790 3184/3447/785
f 3177/3439/786 3191/3454/789 3192/3455/791
f 3185/3448/787 3199/3463/790 3200/3464/792
f 3177/3439/786 3193/3456/892 3178/3440/887
f 3185/3448/787 3201/3465/794 3186/3449/775
f 3179/3441/888 3193/3456/892 3194/3457/795
f 3187/3450/776 3201/3465/794 3202/3466/796
f 3179/3441/888 3195/3458/797 3180/3442/777
f 3187/3450/776 3203/3467/893 3188/3451/889
f 3181/3443/779 3195/3458/797 3196/3459/799
f 3188/3451/889 3204/3468/800 3189/3452/780
f 3182/3445/781 3196/3459/799 3197/3460/801
f 3175/3437/890 2813/3051/71 3190/3453/802
f 3039/3292/338 3189/3452/780 3204/3468/800
f 3202/3466/796 3210/3474/322 3211/3475/324
f 3195/3458/797 2733/2965/352 3208/3472/325
f 3202/3466/796 3212/3476/804 3203/3467/893
f 3196/3459/799 3208/3472/325 2734/2966/331
f 3204/3468/800 3212/3476/804 3213/3477/333
f 3197/3460/801 2734/2966/331 2735/2967/335
f 3190/3453/802 2813/3051/71 3205/3469/336
f 3039/3292/338 3204/3468/800 3213/3477/333
f 3197/3461/801 2736/2969/339 3198/3462/788
f 3190/3453/802 3206/3470/341 3191/3454/789
f 3198/3462/788 3209/3473/343 3199/3463/790
f 3192/3455/791 3206/3470/341 2732/2964/346
f 3199/3463/790 2737/2970/348 3200/3464/792
f 3193/3456/892 2732/2964/346 3207/3471/955
f 3200/3464/792 3210/3474/322 3201/3465/794
f 3194/3457/795 3207/3471/955 2733/2965/352
f 3692/3988/322 3232/3498/323 3693/3989/324
f 3215/3479/352 3225/3490/327 3690/3986/325
f 3693/3989/324 3233/3499/803 3694/3990/804
f 3690/3986/325 3226/3491/330 3216/3480/331
f 3694/3990/804 3234/3500/332 3695/3991/333
f 3216/3480/331 3227/3492/334 3217/3481/335
f 3687/3983/336 3295/3565/71 3220/3485/337
f 3521/3806/338 3695/3991/333 3234/3500/332
f 3218/3483/339 3227/3493/334 3228/3494/340
f 3688/3984/341 3220/3485/337 3221/3486/342
f 3691/3987/343 3228/3494/340 3229/3495/344
f 3214/3478/346 3221/3486/342 3222/3487/345
f 3219/3484/348 3229/3495/344 3230/3496/347
f 3689/3985/349 3222/3487/345 3223/3488/350
f 3692/3988/322 3230/3496/347 3231/3497/351
f 3689/3985/349 3224/3489/894 3215/3479/352
f 3222/3487/345 3238/3504/353 3223/3488/350
f 3230/3496/347 3246/3513/354 3231/3497/351
f 3224/3489/894 3238/3504/353 3239/3505/355
f 3232/3498/323 3246/3513/354 3247/3514/356
f 3225/3490/327 3239/3505/355 3240/3506/357
f 3233/3499/803 3247/3514/356 3248/3515/806
f 3226/3491/330 3240/3506/357 3241/3507/359
f 3233/3499/803 3249/3516/360 3234/3500/332
f 3226/3491/330 3242/3508/361 3227/3492/334
f 3220/3485/337 3295/3565/71 3235/3501/807
f 3521/3806/338 3234/3500/332 3249/3516/360
f 3228/3494/340 3242/3509/361 3243/3510/363
f 3221/3486/342 3235/3501/807 3236/3502/364
f 3228/3494/340 3244/3511/365 3229/3495/344
f 3221/3486/342 3237/3503/366 3222/3487/345
f 3229/3495/344 3245/3512/367 3230/3496/347
f 3241/3507/359 3257/3524/368 3242/3508/361
f 3235/3501/807 3295/3565/71 3250/3517/369
f 3521/3806/338 3249/3516/360 3264/3532/370
f 3243/3510/363 3257/3525/368 3258/3526/371
f 3235/3501/807 3251/3518/372 3236/3502/364
f 3243/3510/363 3259/3527/373 3244/3511/365
f 3237/3503/366 3251/3518/372 3252/3519/374
f 3244/3511/365 3260/3528/375 3245/3512/367
f 3238/3504/353 3252/3519/374 3253/3520/897
f 3246/3513/354 3260/3528/375 3261/3529/377
f 3238/3504/353 3254/3521/964 3239/3505/355
f 3246/3513/354 3262/3530/379 3247/3514/356
f 3240/3506/357 3254/3521/964 3255/3522/380
f 3247/3514/356 3263/3531/810 3248/3515/806
f 3241/3507/359 3255/3522/380 3256/3523/382
f 3248/3515/806 3264/3532/370 3249/3516/360
f 3261/3529/377 3275/3544/397 3276/3545/383
f 3253/3520/897 3269/3537/385 3254/3521/964
f 3262/3530/379 3276/3545/383 3277/3546/386
f 3254/3521/964 3270/3538/387 3255/3522/380
f 3262/3530/379 3278/3547/388 3263/3531/810
f 3256/3523/382 3270/3538/387 3271/3539/389
f 3264/3532/370 3278/3547/388 3279/3548/390
f 3256/3523/382 3272/3540/391 3257/3524/368
f 3250/3517/369 3295/3565/71 3265/3533/812
f 3521/3806/338 3264/3532/370 3279/3548/390
f 3258/3526/371 3272/3541/391 3273/3542/393
f 3251/3518/372 3265/3533/812 3266/3534/965
f 3258/3526/371 3274/3543/395 3259/3527/373
f 3251/3518/372 3267/3535/396 3252/3519/374
f 3260/3528/375 3274/3543/395 3275/3544/397
f 3252/3519/374 3268/3536/384 3253/3520/897
f 3521/3806/338 3279/3548/390 3294/3564/398
f 3273/3542/393 3287/3557/399 3288/3558/400
f 3266/3534/965 3280/3549/412 3281/3550/401
f 3274/3543/395 3288/3558/400 3289/3559/402
f 3267/3535/396 3281/3550/401 3282/3551/403
f 3275/3544/397 3289/3559/402 3290/3560/404
f 3268/3536/384 3282/3551/403 3283/3552/405
f 3275/3544/397 3291/3561/406 3276/3545/383
f 3268/3536/384 3284/3553/407 3269/3537/385
f 3276/3545/383 3292/3562/408 3277/3546/386
f 3269/3537/385 3285/3554/409 3270/3538/387
f 3277/3546/386 3293/3563/410 3278/3547/388
f 3270/3538/387 3286/3555/411 3271/3539/389
f 3279/3548/390 3293/3563/410 3294/3564/398
f 3271/3539/389 3287/3556/399 3272/3540/391
f 3265/3533/812 3295/3565/71 3280/3549/412
f 3292/3562/408 3307/3578/426 3308/3579/413
f 3285/3554/409 3300/3570/427 3301/3571/414
f 3293/3563/410 3308/3579/413 3309/3580/818
f 3285/3554/409 3302/3572/416 3286/3555/411
f 3293/3563/410 3310/3581/819 3294/3564/398
f 3287/3556/399 3302/3572/416 3303/3573/418
f 3280/3549/412 3295/3565/71 3296/3566/419
f 3521/3806/338 3294/3564/398 3310/3581/819
f 3287/3557/399 3304/3575/420 3288/3558/400
f 3280/3549/412 3297/3567/899 3281/3550/401
f 3289/3559/402 3304/3575/420 3305/3576/422
f 3281/3550/401 3298/3568/423 3282/3551/403
f 3289/3559/402 3306/3577/424 3290/3560/404
f 3282/3551/403 3299/3569/425 3283/3552/405
f 3290/3560/404 3307/3578/426 3291/3561/406
f 3283/3552/405 3300/3570/427 3284/3553/407
f 3297/3567/899 3311/3582/441 3312/3583/428
f 3304/3575/420 3320/3592/429 3305/3576/422
f 3297/3567/899 3313/3584/430 3298/3568/423
f 3305/3576/422 3321/3593/431 3306/3577/424
f 3299/3569/425 3313/3584/430 3314/3585/432
f 3307/3578/426 3321/3593/431 3322/3594/433
f 3299/3569/425 3315/3586/822 3300/3570/427
f 3308/3579/413 3322/3594/433 3323/3595/435
f 3301/3571/414 3315/3586/822 3316/3587/436
f 3308/3579/413 3324/3596/823 3309/3580/818
f 3302/3572/416 3316/3587/436 3317/3588/438
f 3310/3581/819 3324/3596/823 3325/3597/439
f 3303/3573/418 3317/3588/438 3318/3589/440
f 3296/3566/419 3295/3565/71 3311/3582/441
f 3521/3806/338 3310/3581/819 3325/3597/439
f 3303/3574/418 3319/3591/442 3304/3575/420
f 3316/3587/436 3330/3602/824 3331/3603/443
f 3323/3595/435 3339/3612/825 3324/3596/823
f 3317/3588/438 3331/3603/443 3332/3604/445
f 3325/3597/439 3339/3612/825 3340/3613/446
f 3317/3588/438 3333/3605/447 3318/3589/440
f 3311/3582/441 3295/3565/71 3326/3598/448
f 3521/3806/338 3325/3597/439 3340/3613/446
f 3319/3591/442 3333/3606/447 3334/3607/449
f 3311/3582/441 3327/3599/450 3312/3583/428
f 3319/3591/442 3335/3608/451 3320/3592/429
f 3312/3583/428 3328/3600/452 3313/3584/430
f 3320/3592/429 3336/3609/453 3321/3593/431
f 3313/3584/430 3329/3601/826 3314/3585/432
f 3322/3594/433 3336/3609/453 3337/3610/455
f 3314/3585/432 3330/3602/824 3315/3586/822
f 3322/3594/433 3338/3611/457 3323/3595/435
f 3335/3608/451 3349/3623/471 3350/3624/458
f 3327/3599/450 3343/3616/459 3328/3600/452
f 3336/3609/453 3350/3624/458 3351/3625/460
f 3328/3600/452 3344/3617/461 3329/3601/826
f 3336/3609/453 3352/3626/462 3337/3610/455
f 3329/3601/826 3345/3618/966 3330/3602/824
f 3338/3611/457 3352/3626/462 3353/3627/464
f 3330/3602/824 3346/3619/465 3331/3603/443
f 3338/3611/457 3354/3628/828 3339/3612/825
f 3331/3603/443 3347/3620/467 3332/3604/445
f 3340/3613/446 3354/3628/828 3355/3629/468
f 3333/3605/447 3347/3620/467 3348/3621/469
f 3326/3598/448 3295/3565/71 3341/3614/470
f 3521/3806/338 3340/3613/446 3355/3629/468
f 3333/3606/447 3349/3623/471 3334/3607/449
f 3326/3598/448 3342/3615/472 3327/3599/450
f 3353/3627/464 3369/3644/829 3354/3628/828
f 3346/3619/465 3362/3636/475 3347/3620/467
f 3354/3628/828 3370/3645/830 3355/3629/468
f 3348/3621/469 3362/3636/475 3363/3637/477
f 3341/3614/470 3295/3565/71 3356/3630/478
f 3521/3806/338 3355/3629/468 3370/3645/830
f 3348/3622/469 3364/3639/479 3349/3623/471
f 3342/3615/472 3356/3630/478 3357/3631/901
f 3350/3624/458 3364/3639/479 3365/3640/481
f 3342/3615/472 3358/3632/482 3343/3616/459
f 3350/3624/458 3366/3641/483 3351/3625/460
f 3343/3616/459 3359/3633/484 3344/3617/461
f 3352/3626/462 3366/3641/483 3367/3642/485
f 3344/3617/461 3360/3634/833 3345/3618/966
f 3353/3627/464 3367/3642/485 3368/3643/487
f 3346/3619/465 3360/3634/833 3361/3635/474
f 3358/3632/482 3372/3647/488 3373/3648/489
f 3365/3640/481 3381/3657/491 3366/3641/483
f 3358/3632/482 3374/3649/492 3359/3633/484
f 3367/3642/485 3381/3657/491 3382/3658/493
f 3359/3633/484 3375/3650/967 3360/3634/833
f 3367/3642/485 3383/3659/495 3368/3643/487
f 3361/3635/474 3375/3650/967 3376/3651/496
f 3369/3644/829 3383/3659/495 3384/3660/497
f 3362/3636/475 3376/3651/496 3377/3652/498
f 3369/3644/829 3385/3661/499 3370/3645/830
f 3363/3637/477 3377/3652/498 3378/3653/500
f 3356/3630/478 3295/3565/71 3371/3646/501
f 3521/3806/338 3370/3645/830 3385/3661/499
f 3363/3638/477 3379/3655/502 3364/3639/479
f 3357/3631/901 3371/3646/501 3372/3647/488
f 3364/3639/479 3380/3656/490 3365/3640/481
f 3376/3651/496 3392/3668/503 3377/3652/498
f 3385/3661/499 3399/3676/504 3400/3677/505
f 3378/3653/500 3392/3668/503 3393/3669/506
f 3371/3646/501 3295/3565/71 3386/3662/836
f 3521/3806/338 3385/3661/499 3400/3677/505
f 3378/3654/500 3394/3671/508 3379/3655/502
f 3371/3646/501 3387/3663/509 3372/3647/488
f 3380/3656/490 3394/3671/508 3395/3672/510
f 3372/3647/488 3388/3664/511 3373/3648/489
f 3381/3657/491 3395/3672/510 3396/3673/512
f 3373/3648/489 3389/3665/928 3374/3649/492
f 3382/3658/493 3396/3673/512 3397/3674/514
f 3375/3650/967 3389/3665/928 3390/3666/838
f 3383/3659/495 3397/3674/514 3398/3675/516
f 3375/3650/967 3391/3667/517 3376/3651/496
f 3383/3659/495 3399/3676/504 3384/3660/497
f 3396/3673/512 3410/3688/518 3411/3689/519
f 3388/3664/511 3404/3681/520 3389/3665/928
f 3396/3673/512 3412/3690/521 3397/3674/514
f 3390/3666/838 3404/3681/520 3405/3682/949
f 3398/3675/516 3412/3690/521 3413/3691/523
f 3390/3666/838 3406/3683/524 3391/3667/517
f 3399/3676/504 3413/3691/523 3414/3692/525
f 3392/3668/503 3406/3683/524 3407/3684/526
f 3400/3677/505 3414/3692/525 3415/3693/527
f 3393/3669/506 3407/3684/526 3408/3685/528
f 3386/3662/836 3295/3565/71 3401/3678/968
f 3521/3806/338 3400/3677/505 3415/3693/527
f 3393/3670/506 3409/3687/530 3394/3671/508
f 3386/3662/836 3402/3679/531 3387/3663/509
f 3394/3671/508 3410/3688/518 3395/3672/510
f 3387/3663/509 3403/3680/969 3388/3664/511
f 3414/3692/525 3430/3709/534 3415/3693/527
f 3408/3685/528 3422/3700/535 3423/3701/536
f 3401/3678/968 3295/3565/71 3416/3694/537
f 3521/3806/338 3415/3693/527 3430/3709/534
f 3408/3686/528 3424/3703/538 3409/3687/530
f 3402/3679/531 3416/3694/537 3417/3695/539
f 3409/3687/530 3425/3704/540 3410/3688/518
f 3403/3680/969 3417/3695/539 3418/3696/541
f 3411/3689/519 3425/3704/540 3426/3705/542
f 3404/3681/520 3418/3696/541 3419/3697/970
f 3411/3689/519 3427/3706/544 3412/3690/521
f 3404/3681/520 3420/3698/844 3405/3682/949
f 3413/3691/523 3427/3706/544 3428/3707/546
f 3405/3682/949 3421/3699/547 3406/3683/524
f 3413/3691/523 3429/3708/842 3414/3692/525
f 3407/3684/526 3421/3699/547 3422/3700/535
f 3426/3705/542 3442/3722/549 3427/3706/544
f 3420/3698/844 3434/3713/931 3435/3714/551
f 3428/3707/546 3442/3722/549 3443/3723/552
f 3421/3699/547 3435/3714/551 3436/3715/553
f 3428/3707/546 3444/3724/845 3429/3708/842
f 3422/3700/535 3436/3715/553 3437/3716/555
f 3430/3709/534 3444/3724/845 3445/3725/556
f 3423/3701/536 3437/3716/555 3438/3718/557
f 3416/3694/537 3295/3565/71 3431/3710/846
f 3521/3806/338 3430/3709/534 3445/3725/556
f 3423/3702/536 3439/3719/559 3424/3703/538
f 3417/3695/539 3431/3710/846 3432/3711/847
f 3424/3703/538 3440/3720/561 3425/3704/540
f 3417/3695/539 3433/3712/562 3418/3696/541
f 3425/3704/540 3441/3721/548 3426/3705/542
f 3418/3696/541 3434/3713/931 3419/3697/970
f 3431/3710/846 3295/3565/71 3446/3726/563
f 3521/3806/338 3445/3725/556 3460/3741/564
f 3438/3717/557 3454/3735/565 3439/3719/559
f 3431/3710/846 3447/3727/566 3432/3711/847
f 3439/3719/559 3455/3736/567 3440/3720/561
f 3432/3711/847 3448/3728/568 3433/3712/562
f 3441/3721/548 3455/3736/567 3456/3737/569
f 3433/3712/562 3449/3729/848 3434/3713/931
f 3441/3721/548 3457/3738/571 3442/3722/549
f 3435/3714/551 3449/3729/848 3450/3730/572
f 3443/3723/552 3457/3738/571 3458/3739/573
f 3435/3714/551 3451/3731/574 3436/3715/553
f 3444/3724/845 3458/3739/573 3459/3740/849
f 3437/3716/555 3451/3731/574 3452/3732/576
f 3444/3724/845 3460/3741/564 3445/3725/556
f 3438/3718/557 3452/3732/576 3453/3733/577
f 3449/3729/848 3465/3746/850 3450/3730/572
f 3458/3739/573 3472/3754/579 3473/3755/580
f 3450/3730/572 3466/3747/581 3451/3731/574
f 3458/3739/573 3474/3756/582 3459/3740/849
f 3452/3732/576 3466/3747/581 3467/3748/583
f 3460/3741/564 3474/3756/582 3475/3757/584
f 3453/3733/577 3467/3748/583 3468/3750/585
f 3446/3726/563 3295/3565/71 3461/3742/586
f 3521/3806/338 3460/3741/564 3475/3757/584
f 3453/3734/577 3469/3751/587 3454/3735/565
f 3447/3727/566 3461/3742/586 3462/3743/851
f 3454/3735/565 3470/3752/589 3455/3736/567
f 3448/3728/568 3462/3743/851 3463/3744/590
f 3456/3737/569 3470/3752/589 3471/3753/591
f 3449/3729/848 3463/3744/590 3464/3745/592
f 3457/3738/571 3471/3753/591 3472/3754/579
f 3468/3749/585 3484/3767/593 3469/3751/587
f 3461/3742/586 3477/3759/594 3462/3743/851
f 3469/3751/587 3485/3768/595 3470/3752/589
f 3463/3744/590 3477/3759/594 3478/3760/596
f 3471/3753/591 3485/3768/595 3486/3769/597
f 3464/3745/592 3478/3760/596 3479/3761/852
f 3471/3753/591 3487/3770/599 3472/3754/579
f 3465/3746/850 3479/3761/852 3480/3762/932
f 3472/3754/579 3488/3771/601 3473/3755/580
f 3465/3746/850 3481/3763/602 3466/3747/581
f 3474/3756/582 3488/3771/601 3489/3772/853
f 3467/3748/583 3481/3763/602 3482/3764/604
f 3474/3756/582 3490/3773/605 3475/3757/584
f 3468/3750/585 3482/3764/604 3483/3765/606
f 3461/3742/586 3295/3565/71 3476/3758/607
f 3521/3806/338 3475/3757/584 3490/3773/605
f 3488/3771/601 3502/3786/608 3503/3787/609
f 3480/3762/932 3496/3779/610 3481/3763/602
f 3489/3772/853 3503/3787/609 3504/3788/611
f 3482/3764/604 3496/3779/610 3497/3780/612
f 3490/3773/605 3504/3788/611 3505/3789/613
f 3483/3765/606 3497/3780/612 3498/3781/614
f 3476/3758/607 3295/3565/71 3491/3774/971
f 3521/3806/338 3490/3773/605 3505/3789/613
f 3483/3766/606 3499/3783/616 3484/3767/593
f 3476/3758/607 3492/3775/617 3477/3759/594
f 3484/3767/593 3500/3784/618 3485/3768/595
f 3477/3759/594 3493/3776/619 3478/3760/596
f 3486/3769/597 3500/3784/618 3501/3785/620
f 3478/3760/596 3494/3777/857 3479/3761/852
f 3486/3769/597 3502/3786/608 3487/3770/599
f 3479/3761/852 3495/3778/622 3480/3762/932
f 3492/3775/617 3506/3790/623 3507/3791/624
f 3499/3783/616 3515/3800/625 3500/3784/618
f 3493/3776/619 3507/3791/624 3508/3792/626
f 3501/3785/620 3515/3800/625 3516/3801/627
f 3494/3777/857 3508/3792/626 3509/3793/935
f 3502/3786/608 3516/3801/627 3517/3802/629
f 3494/3777/857 3510/3794/960 3495/3778/622
f 3503/3787/609 3517/3802/629 3518/3803/631
f 3495/3778/622 3511/3795/632 3496/3779/610
f 3503/3787/609 3519/3804/633 3504/3788/611
f 3497/3780/612 3511/3795/632 3512/3796/634
f 3504/3788/611 3520/3805/635 3505/3789/613
f 3497/3780/612 3513/3797/636 3498/3781/614
f 3491/3774/971 3295/3565/71 3506/3790/623
f 3521/3806/338 3505/3789/613 3520/3805/635
f 3499/3783/616 3513/3798/636 3514/3799/637
f 3510/3794/960 3527/3812/638 3511/3795/632
f 3519/3804/633 3534/3820/639 3535/3821/860
f 3512/3796/634 3527/3812/638 3528/3813/641
f 3520/3805/635 3535/3821/860 3536/3822/642
f 3513/3797/636 3528/3813/641 3529/3814/643
f 3506/3790/623 3295/3565/71 3522/3807/644
f 3521/3806/338 3520/3805/635 3536/3822/642
f 3513/3798/636 3530/3816/645 3514/3799/637
f 3506/3790/623 3523/3808/646 3507/3791/624
f 3514/3799/637 3531/3817/647 3515/3800/625
f 3507/3791/624 3524/3809/648 3508/3792/626
f 3516/3801/627 3531/3817/647 3532/3818/649
f 3508/3792/626 3525/3810/650 3509/3793/935
f 3516/3801/627 3533/3819/651 3517/3802/629
f 3510/3794/960 3525/3810/650 3526/3811/972
f 3518/3803/631 3533/3819/651 3534/3820/639
f 3530/3816/645 3546/3833/653 3531/3817/647
f 3524/3809/648 3538/3824/910 3539/3825/654
f 3532/3818/649 3546/3833/653 3547/3834/655
f 3525/3810/650 3539/3825/654 3540/3826/862
f 3532/3818/649 3548/3835/657 3533/3819/651
f 3526/3811/972 3540/3826/862 3541/3827/658
f 3534/3820/639 3548/3835/657 3549/3836/659
f 3526/3811/972 3542/3828/660 3527/3812/638
f 3535/3821/860 3549/3836/659 3550/3837/863
f 3528/3813/641 3542/3828/660 3543/3829/662
f 3535/3821/860 3551/3838/663 3536/3822/642
f 3529/3814/643 3543/3829/662 3544/3830/664
f 3522/3807/644 3295/3565/71 3537/3823/665
f 3521/3806/338 3536/3822/642 3551/3838/663
f 3529/3815/643 3545/3832/666 3530/3816/645
f 3522/3807/644 3538/3824/910 3523/3808/646
f 3549/3836/659 3565/3853/864 3550/3837/863
f 3543/3829/662 3557/3844/669 3558/3845/670
f 3551/3838/663 3565/3853/864 3566/3854/671
f 3544/3830/664 3558/3845/670 3559/3846/672
f 3537/3823/665 3295/3565/71 3552/3839/673
f 3521/3806/338 3551/3838/663 3566/3854/671
f 3544/3831/664 3560/3848/674 3545/3832/666
f 3537/3823/665 3553/3840/675 3538/3824/910
f 3545/3832/666 3561/3849/676 3546/3833/653
f 3538/3824/910 3554/3841/677 3539/3825/654
f 3547/3834/655 3561/3849/676 3562/3850/678
f 3539/3825/654 3555/3842/865 3540/3826/862
f 3547/3834/655 3563/3851/680 3548/3835/657
f 3541/3827/658 3555/3842/865 3556/3843/681
f 3549/3836/659 3563/3851/680 3564/3852/682
f 3541/3827/658 3557/3844/669 3542/3828/660
f 3562/3850/678 3576/3865/683 3577/3866/684
f 3554/3841/677 3570/3858/685 3555/3842/865
f 3562/3850/678 3578/3867/686 3563/3851/680
f 3556/3843/681 3570/3858/685 3571/3859/687
f 3564/3852/682 3578/3867/686 3579/3868/688
f 3556/3843/681 3572/3860/689 3557/3844/669
f 3565/3853/864 3579/3868/688 3580/3869/868
f 3558/3845/670 3572/3860/689 3573/3861/691
f 3565/3853/864 3581/3870/692 3566/3854/671
f 3559/3846/672 3573/3861/691 3574/3862/693
f 3552/3839/673 3295/3565/71 3567/3855/694
f 3521/3806/338 3566/3854/671 3581/3870/692
f 3559/3847/672 3575/3864/695 3560/3848/674
f 3553/3840/675 3567/3855/694 3568/3856/696
f 3560/3848/674 3576/3865/683 3561/3849/676
f 3554/3841/677 3568/3856/696 3569/3857/697
f 3580/3869/868 3596/3886/698 3581/3870/692
f 3573/3861/691 3589/3878/700 3574/3862/693
f 3567/3855/694 3295/3565/71 3582/3871/870
f 3521/3806/338 3581/3870/692 3596/3886/698
f 3575/3864/695 3589/3879/700 3590/3880/702
f 3568/3856/696 3582/3871/870 3583/3872/703
f 3575/3864/695 3591/3881/704 3576/3865/683
f 3569/3857/697 3583/3872/703 3584/3873/705
f 3577/3866/684 3591/3881/704 3592/3882/706
f 3569/3857/697 3585/3874/707 3570/3858/685
f 3577/3866/684 3593/3883/708 3578/3867/686
f 3571/3859/687 3585/3874/707 3586/3875/872
f 3579/3868/688 3593/3883/708 3594/3884/710
f 3571/3859/687 3587/3876/711 3572/3860/689
f 3579/3868/688 3595/3885/869 3580/3869/868
f 3573/3861/691 3587/3876/711 3588/3877/699
f 3584/3873/705 3600/3890/714 3585/3874/707
f 3592/3882/706 3608/3899/715 3593/3883/708
f 3586/3875/872 3600/3890/714 3601/3891/716
f 3593/3883/708 3609/3900/717 3594/3884/710
f 3586/3875/872 3602/3892/718 3587/3876/711
f 3595/3885/869 3609/3900/717 3610/3901/874
f 3588/3877/699 3602/3892/718 3603/3893/720
f 3595/3885/869 3611/3902/875 3596/3886/698
f 3589/3878/700 3603/3893/720 3604/3894/722
f 3582/3871/870 3295/3565/71 3597/3887/723
f 3521/3806/338 3596/3886/698 3611/3902/875
f 3589/3879/700 3605/3896/724 3590/3880/702
f 3582/3871/870 3598/3888/725 3583/3872/703
f 3590/3880/702 3606/3897/726 3591/3881/704
f 3583/3872/703 3599/3889/713 3584/3873/705
f 3592/3882/706 3606/3897/726 3607/3898/727
f 3604/3894/722 3618/3909/728 3619/3910/729
f 3597/3887/723 3295/3565/71 3612/3903/730
f 3521/3806/338 3611/3902/875 3626/3918/731
f 3604/3895/722 3620/3912/732 3605/3896/724
f 3598/3888/725 3612/3903/730 3613/3904/733
f 3605/3896/724 3621/3913/734 3606/3897/726
f 3599/3889/713 3613/3904/733 3614/3905/735
f 3607/3898/727 3621/3913/734 3622/3914/736
f 3599/3889/713 3615/3906/876 3600/3890/714
f 3608/3899/715 3622/3914/736 3623/3915/738
f 3601/3891/716 3615/3906/876 3616/3907/877
f 3609/3900/717 3623/3915/738 3624/3916/740
f 3601/3891/716 3617/3908/741 3602/3892/718
f 3609/3900/717 3625/3917/878 3610/3901/874
f 3603/3893/720 3617/3908/741 3618/3909/728
f 3611/3902/875 3625/3917/878 3626/3918/731
f 3622/3914/736 3638/3931/743 3623/3915/738
f 3616/3907/877 3630/3922/962 3631/3923/879
f 3624/3916/740 3638/3931/743 3639/3932/746
f 3616/3907/877 3632/3924/747 3617/3908/741
f 3625/3917/878 3639/3932/746 3640/3933/880
f 3618/3909/728 3632/3924/747 3633/3925/749
f 3626/3918/731 3640/3933/880 3641/3934/750
f 3619/3910/729 3633/3925/749 3634/3927/751
f 3612/3903/730 3295/3565/71 3627/3919/881
f 3521/3806/338 3626/3918/731 3641/3934/750
f 3619/3911/729 3635/3928/753 3620/3912/732
f 3613/3904/733 3627/3919/881 3628/3920/882
f 3620/3912/732 3636/3929/755 3621/3913/734
f 3614/3905/735 3628/3920/882 3629/3921/756
f 3622/3914/736 3636/3929/755 3637/3930/757
f 3615/3906/876 3629/3921/756 3630/3922/962
f 3627/3919/881 3295/3565/71 3642/3935/883
f 3521/3806/338 3641/3934/750 3656/3950/759
f 3634/3926/751 3650/3944/760 3635/3928/753
f 3628/3920/882 3642/3935/883 3643/3936/884
f 3635/3928/753 3651/3945/762 3636/3929/755
f 3629/3921/756 3643/3936/884 3644/3937/763
f 3637/3930/757 3651/3945/762 3652/3946/764
f 3630/3922/962 3644/3937/763 3645/3938/885
f 3637/3930/757 3653/3947/766 3638/3931/743
f 3630/3922/962 3646/3939/973 3631/3923/879
f 3639/3932/746 3653/3947/766 3654/3948/768
f 3631/3923/879 3647/3940/769 3632/3924/747
f 3639/3932/746 3655/3949/914 3640/3933/880
f 3633/3925/749 3647/3940/769 3648/3941/771
f 3640/3933/880 3656/3950/759 3641/3934/750
f 3634/3927/751 3648/3941/771 3649/3942/772
f 3646/3939/973 3660/3954/773 3661/3955/774
f 3654/3948/768 3668/3963/775 3669/3964/776
f 3646/3939/973 3662/3956/777 3647/3940/769
f 3655/3949/914 3669/3964/776 3670/3965/889
f 3648/3941/771 3662/3956/777 3663/3957/779
f 3655/3949/914 3671/3966/780 3656/3950/759
f 3649/3942/772 3663/3957/779 3664/3959/781
f 3642/3935/883 3295/3565/71 3657/3951/890
f 3521/3806/338 3656/3950/759 3671/3966/780
f 3649/3943/772 3665/3960/783 3650/3944/760
f 3643/3936/884 3657/3951/890 3658/3952/784
f 3650/3944/760 3666/3961/785 3651/3945/762
f 3643/3936/884 3659/3953/786 3644/3937/763
f 3652/3946/764 3666/3961/785 3667/3962/787
f 3644/3937/763 3660/3954/773 3645/3938/885
f 3652/3946/764 3668/3963/775 3653/3947/766
f 3664/3958/781 3680/3976/788 3665/3960/783
f 3657/3951/890 3673/3968/789 3658/3952/784
f 3665/3960/783 3681/3977/790 3666/3961/785
f 3659/3953/786 3673/3968/789 3674/3969/791
f 3667/3962/787 3681/3977/790 3682/3978/792
f 3660/3954/773 3674/3969/791 3675/3970/793
f 3667/3962/787 3683/3979/794 3668/3963/775
f 3661/3955/774 3675/3970/793 3676/3971/795
f 3668/3963/775 3684/3980/796 3669/3964/776
f 3661/3955/774 3677/3972/797 3662/3956/777
f 3669/3964/776 3685/3981/893 3670/3965/889
f 3663/3957/779 3677/3972/797 3678/3973/799
f 3671/3966/780 3685/3981/893 3686/3982/800
f 3664/3959/781 3678/3973/799 3679/3974/801
f 3657/3951/890 3295/3565/71 3672/3967/802
f 3521/3806/338 3671/3966/780 3686/3982/800
f 3684/3980/796 3692/3988/322 3693/3989/324
f 3677/3972/797 3215/3479/352 3690/3986/325
f 3684/3980/796 3694/3990/804 3685/3981/893
f 3678/3973/799 3690/3986/325 3216/3480/331
f 3686/3982/800 3694/3990/804 3695/3991/333
f 3679/3974/801 3216/3480/331 3217/3481/335
f 3672/3967/802 3295/3565/71 3687/3983/336
f 3521/3806/338 3686/3982/800 3695/3991/333
f 3679/3975/801 3218/3483/339 3680/3976/788
f 3672/3967/802 3688/3984/341 3673/3968/789
f 3680/3976/788 3691/3987/343 3681/3977/790
f 3674/3969/791 3688/3984/341 3214/3478/346
f 3681/3977/790 3219/3484/348 3682/3978/792
f 3675/3970/793 3214/3478/346 3689/3985/349
f 3682/3978/792 3692/3988/322 3683/3979/794
f 3676/3971/795 3689/3985/349 3215/3479/352
f 2/4/1 4/7/4 3/5/2
f 4/7/4 6/11/6 5/9/5
f 6/11/6 8/16/8 7/14/7
f 8/17/8 10/21/10 9/19/9
f 10/21/10 12/25/12 11/23/11
f 12/25/12 14/29/14 13/27/13
f 14/29/14 16/33/16 15/31/15
f 16/33/16 18/37/18 17/35/17
f 18/37/18 20/41/20 19/39/19
f 20/41/20 22/45/22 21/43/21
f 22/45/22 24/50/24 23/48/23
f 24/51/24 26/55/26 25/53/25
f 26/55/26 28/59/28 27/57/27
f 28/59/28 30/63/30 29/61/29
f 30/63/30 32/67/32 31/65/31
f 32/67/32 34/71/34 33/69/33
f 34/71/34 36/75/36 35/73/35
f 36/75/36 38/79/38 37/77/37
f 38/79/38 40/84/40 39/82/39
f 40/85/40 42/89/42 41/87/41
f 42/89/42 44/93/44 43/91/43
f 44/93/44 46/97/46 45/95/45
f 46/97/46 48/101/48 47/99/47
f 48/101/48 50/105/50 49/103/49
f 50/105/50 52/109/52 51/107/51
f 52/109/52 54/113/54 53/111/53
f 54/113/54 56/118/56 55/116/55
f 56/119/56 58/123/58 57/121/57
f 58/123/58 60/127/60 59/125/59
f 60/127/60 62/132/62 61/129/61
f 6/12/6 4/8/4 2/3/1
f 2/3/1 64/135/64 6/12/6
f 64/135/64 62/131/62 6/12/6
f 62/131/62 60/128/60 58/124/58
f 58/124/58 56/120/56 54/114/54
f 54/114/54 52/110/52 50/106/50
f 50/106/50 48/102/48 54/114/54
f 48/102/48 46/98/46 54/114/54
f 46/98/46 44/94/44 42/90/42
f 42/90/42 40/86/40 38/80/38
f 38/80/38 36/76/36 30/64/30
f 36/76/36 34/72/34 30/64/30
f 34/72/34 32/68/32 30/64/30
f 30/64/30 28/60/28 26/56/26
f 26/56/26 24/52/24 22/46/22
f 22/46/22 20/42/20 14/30/14
f 20/42/20 18/38/18 14/30/14
f 18/38/18 16/34/16 14/30/14
f 14/30/14 12/26/12 10/22/10
f 10/22/10 8/18/8 6/12/6
f 62/131/62 58/124/58 6/12/6
f 58/124/58 54/114/54 6/12/6
f 46/98/46 42/90/42 54/114/54
f 42/90/42 38/80/38 54/114/54
f 30/64/30 26/56/26 38/80/38
f 26/56/26 22/46/22 38/80/38
f 14/30/14 10/22/10 22/46/22
f 10/22/10 6/12/6 22/46/22
f 6/12/6 54/114/54 38/80/38
f 62/132/62 64/136/64 63/133/63
f 64/136/64 2/4/1 1/1/3
f 63/134/63 1/2/3 3/6/2
f 3/6/2 5/10/5 7/15/7
f 7/15/7 9/20/9 11/24/11
f 11/24/11 13/28/13 15/32/15
f 15/32/15 17/36/17 19/40/19
f 19/40/19 21/44/21 23/49/23
f 23/49/23 25/54/25 27/58/27
f 27/58/27 29/62/29 31/66/31
f 31/66/31 33/70/33 35/74/35
f 35/74/35 37/78/37 39/83/39
f 39/83/39 41/88/41 43/92/43
f 43/92/43 45/96/45 47/100/47
f 47/100/47 49/104/49 51/108/51
f 51/108/51 53/112/53 55/117/55
f 55/117/55 57/122/57 59/126/59
f 59/126/59 61/130/61 63/134/63
f 63/134/63 3/6/2 15/32/15
f 3/6/2 7/15/7 15/32/15
f 7/15/7 11/24/11 15/32/15
f 15/32/15 19/40/19 31/66/31
f 19/40/19 23/49/23 31/66/31
f 23/49/23 27/58/27 31/66/31
f 31/66/31 35/74/35 47/100/47
f 35/74/35 39/83/39 47/100/47
f 39/83/39 43/92/43 47/100/47
f 47/100/47 51/108/51 63/134/63
f 51/108/51 55/117/55 63/134/63
f 55/117/55 59/126/59 63/134/63
f 63/134/63 15/32/15 31/66/31
f 67/139/65 321/393/81 74/146/66
f 67/139/65 75/147/67 76/148/68
f 319/391/73 318/390/70 69/141/72
f 65/137/75 319/391/73 70/142/74
f 320/392/77 65/137/75 71/143/76
f 320/392/77 72/144/78 73/145/79
f 321/393/81 66/138/80 73/145/79
f 73/145/79 81/153/89 82/154/82
f 75/147/67 74/146/66 82/154/82
f 76/148/68 75/147/67 83/155/83
f 69/141/72 77/149/85 78/150/86
f 70/142/74 78/150/86 79/151/87
f 71/143/76 79/151/87 80/152/88
f 73/145/79 72/144/78 80/152/88
f 78/150/86 86/158/97 87/159/90
f 79/151/87 87/159/90 88/160/91
f 80/152/88 88/160/91 89/161/92
f 81/153/89 89/161/92 90/162/93
f 83/155/83 82/154/82 90/162/93
f 83/155/83 91/163/94 92/164/95
f 77/149/85 85/157/96 86/158/97
f 91/163/94 90/162/93 98/170/98
f 92/164/95 91/163/94 99/171/99
f 85/157/96 93/165/101 94/166/102
f 86/158/97 94/166/102 95/167/103
f 87/159/90 95/167/103 96/168/104
f 89/161/92 88/160/91 96/168/104
f 89/161/92 97/169/105 98/170/98
f 95/167/103 94/166/102 102/174/106
f 95/167/103 103/175/107 104/176/108
f 97/169/105 96/168/104 104/176/108
f 97/169/105 105/177/109 106/178/110
f 99/171/99 98/170/98 106/178/110
f 99/171/99 107/179/111 108/180/112
f 93/165/101 101/173/113 102/174/106
f 107/179/111 106/178/110 115/187/114
f 108/180/112 107/179/111 116/188/115
f 101/173/113 110/182/117 111/183/118
f 102/174/106 111/183/118 112/184/119
f 103/175/107 112/184/119 113/185/120
f 105/177/109 104/176/108 113/185/120
f 105/177/109 114/186/121 115/187/114
f 112/184/119 120/192/129 121/193/122
f 114/186/121 113/185/120 121/193/122
f 114/186/121 122/194/123 123/195/124
f 116/188/115 115/187/114 123/195/124
f 116/188/115 124/196/125 125/197/126
f 111/183/118 110/182/117 118/190/127
f 112/184/119 111/183/118 119/191/128
f 125/197/126 124/196/125 132/204/130
f 119/191/128 118/190/127 126/198/132
f 120/192/129 119/191/128 127/199/133
f 120/192/129 128/200/134 129/201/135
f 122/194/123 121/193/122 129/201/135
f 122/194/123 130/202/136 131/203/137
f 124/196/125 123/195/124 131/203/137
f 128/200/134 136/208/145 137/209/138
f 130/202/136 129/201/135 137/209/138
f 130/202/136 138/210/139 139/211/140
f 132/204/130 131/203/137 139/211/140
f 132/204/130 140/212/141 141/213/142
f 126/198/132 134/206/143 135/207/144
f 127/199/133 135/207/144 136/208/145
f 141/213/142 140/212/141 148/220/146
f 134/206/143 142/214/148 143/215/149
f 135/207/144 143/215/149 144/216/150
f 136/208/145 144/216/150 145/217/151
f 138/210/139 137/209/138 145/217/151
f 138/210/139 146/218/152 147/219/153
f 140/212/141 139/211/140 147/219/153
f 146/218/152 145/217/151 153/225/154
f 146/218/152 154/226/155 155/227/156
f 148/220/146 147/219/153 155/227/156
f 148/220/146 156/228/157 157/229/158
f 142/214/148 150/222/159 151/223/160
f 143/215/149 151/223/160 152/224/161
f 144/216/150 152/224/161 153/225/154
f 150/222/159 158/230/169 159/231/162
f 151/223/160 159/231/162 160/232/163
f 152/224/161 160/232/163 161/233/164
f 154/226/155 153/225/154 161/233/164
f 154/226/155 162/234/165 163/235/166
f 156/228/157 155/227/156 163/235/166
f 157/229/158 156/228/157 164/236/167
f 162/234/165 170/242/177 171/243/170
f 164/236/167 163/235/166 171/243/170
f 164/236/167 172/244/171 173/245/172
f 159/231/162 158/230/169 166/238/173
f 160/232/163 159/231/162 167/239/174
f 160/232/163 168/240/175 169/241/176
f 162/234/165 161/233/164 169/241/176
f 166/238/173 174/246/185 175/247/178
f 167/239/174 175/247/178 176/248/179
f 168/240/175 176/248/179 177/249/180
f 170/242/177 169/241/176 177/249/180
f 170/242/177 178/250/181 179/251/182
f 172/244/171 171/243/170 179/251/182
f 173/245/172 172/244/171 180/252/183
f 178/250/181 186/258/193 187/259/186
f 180/252/183 179/251/182 187/259/186
f 180/252/183 188/260/187 189/261/188
f 174/246/185 182/254/189 183/255/190
f 175/247/178 183/255/190 184/256/191
f 176/248/179 184/256/191 185/257/192
f 178/250/181 177/249/180 185/257/192
f 184/256/191 183/255/190 191/263/194
f 184/256/191 192/264/195 193/265/196
f 186/258/193 185/257/192 193/265/196
f 186/258/193 194/266/197 195/267/198
f 188/260/187 187/259/186 195/267/198
f 189/261/188 188/260/187 196/268/199
f 183/255/190 182/254/189 190/262/201
f 196/268/199 195/267/198 203/275/202
f 196/268/199 204/276/203 205/277/204
f 190/262/201 198/270/205 199/271/206
f 192/264/195 191/263/194 199/271/206
f 192/264/195 200/272/207 201/273/208
f 194/266/197 193/265/196 201/273/208
f 194/266/197 202/274/209 203/275/202
f 199/271/206 207/279/217 208/280/210
f 200/272/207 208/280/210 209/281/211
f 202/274/209 201/273/208 209/281/211
f 202/274/209 210/282/212 211/283/213
f 204/276/203 203/275/202 211/283/213
f 205/277/204 204/276/203 212/284/214
f 199/271/206 198/270/205 206/278/216
f 212/284/214 211/283/213 219/291/218
f 212/284/214 220/292/219 221/293/220
f 206/278/216 214/286/221 215/287/222
f 207/279/217 215/287/222 216/288/223
f 208/280/210 216/288/223 217/289/224
f 210/282/212 209/281/211 217/289/224
f 210/282/212 218/290/225 219/291/218
f 216/288/223 224/296/233 225/297/226
f 218/290/225 217/289/224 225/297/226
f 218/290/225 226/298/227 227/299/228
f 220/292/219 219/291/218 227/299/228
f 221/293/220 220/292/219 228/300/229
f 214/286/221 222/294/231 223/295/232
f 216/288/223 215/287/222 223/295/232
f 228/300/229 236/308/241 237/309/234
f 223/295/232 222/294/231 230/302/235
f 224/296/233 223/295/232 231/303/236
f 224/296/233 232/304/237 233/305/238
f 226/298/227 225/297/226 233/305/238
f 226/298/227 234/306/239 235/307/240
f 228/300/229 227/299/228 235/307/240
f 234/306/239 233/305/238 241/313/242
f 234/306/239 242/314/243 243/315/244
f 236/308/241 235/307/240 243/315/244
f 237/309/234 236/308/241 244/316/245
f 230/302/235 238/310/247 239/311/248
f 231/303/236 239/311/248 240/312/249
f 232/304/237 240/312/249 241/313/242
f 238/310/247 246/318/250 247/319/251
f 240/312/249 239/311/248 247/319/251
f 240/312/249 248/320/252 249/321/253
f 242/314/243 241/313/242 249/321/253
f 242/314/243 250/322/254 251/323/255
f 244/316/245 243/315/244 251/323/255
f 244/316/245 252/324/256 253/325/257
f 250/322/254 249/321/253 257/329/258
f 250/322/254 258/330/259 259/331/260
f 252/324/256 251/323/255 259/331/260
f 253/325/257 252/324/256 260/332/261
f 246/318/250 254/326/263 255/327/264
f 248/320/252 247/319/251 255/327/264
f 248/320/252 256/328/265 257/329/258
f 254/326/263 262/334/273 263/335/266
f 256/328/265 255/327/264 263/335/266
f 256/328/265 264/336/267 265/337/268
f 258/330/259 257/329/258 265/337/268
f 258/330/259 266/338/269 267/339/270
f 260/332/261 259/331/260 267/339/270
f 260/332/261 268/340/271 269/341/272
f 266/338/269 274/346/281 275/347/274
f 268/340/271 267/339/270 275/347/274
f 269/341/272 268/340/271 276/348/275
f 262/334/273 270/342/277 271/343/278
f 263/335/266 271/343/278 272/344/279
f 264/336/267 272/344/279 273/345/280
f 266/338/269 265/337/268 273/345/280
f 270/342/277 278/350/289 279/351/282
f 272/344/279 271/343/278 279/351/282
f 272/344/279 280/352/283 281/353/284
f 274/346/281 273/345/280 281/353/284
f 274/346/281 282/354/285 283/355/286
f 276/348/275 275/347/274 283/355/286
f 276/348/275 284/356/287 285/357/288
f 282/354/285 290/362/297 291/363/290
f 284/356/287 283/355/286 291/363/290
f 285/357/288 284/356/287 292/364/291
f 278/350/289 286/358/293 287/359/294
f 280/352/283 279/351/282 287/359/294
f 280/352/283 288/360/295 289/361/296
f 282/354/285 281/353/284 289/361/296
f 288/360/295 287/359/294 295/367/298
f 288/360/295 296/368/299 297/369/300
f 290/362/297 289/361/296 297/369/300
f 290/362/297 298/370/301 299/371/302
f 292/364/291 291/363/290 299/371/302
f 292/364/291 300/372/303 301/373/304
f 286/358/293 294/366/305 295/367/298
f 300/372/303 299/371/302 307/379/306
f 301/373/304 300/372/303 308/380/307
f 295/367/298 294/366/305 302/374/309
f 296/368/299 295/367/298 303/375/310
f 296/368/299 304/376/311 305/377/312
f 298/370/301 297/369/300 305/377/312
f 298/370/301 306/378/313 307/379/306
f 304/376/311 312/384/321 313/385/314
f 306/378/313 305/377/312 313/385/314
f 306/378/313 314/386/315 315/387/316
f 308/380/307 307/379/306 315/387/316
f 308/380/307 316/388/317 317/389/318
f 302/374/309 310/382/319 311/383/320
f 304/376/311 303/375/310 311/383/320
f 317/389/318 316/388/317 67/139/65
f 311/383/320 310/382/319 318/390/70
f 312/384/321 311/383/320 319/391/73
f 313/385/314 312/384/321 65/137/75
f 314/386/315 313/385/314 320/392/77
f 315/387/316 314/386/315 66/138/80
f 316/388/317 315/387/316 321/393/81
f 800/904/322 339/413/351 340/414/323
f 798/902/325 323/395/352 332/405/326
f 801/905/324 340/414/323 341/415/328
f 798/902/325 333/406/327 334/407/330
f 802/906/329 341/415/328 342/416/332
f 324/396/331 334/407/330 335/408/334
f 326/399/339 325/398/335 335/409/334
f 796/900/341 795/899/336 328/401/337
f 799/903/343 326/399/339 336/410/340
f 796/900/341 329/402/342 330/403/345
f 799/903/343 337/411/344 338/412/347
f 797/901/349 322/394/346 330/403/345
f 800/904/322 327/400/348 338/412/347
f 797/901/349 331/404/350 332/405/326
f 330/403/345 345/419/366 346/420/353
f 338/412/347 353/428/367 354/429/354
f 332/405/326 331/404/350 346/420/353
f 339/413/351 354/429/354 355/430/356
f 332/405/326 347/421/355 348/422/357
f 340/414/323 355/430/356 356/431/358
f 333/406/327 348/422/357 349/423/359
f 342/416/332 341/415/328 356/431/358
f 334/407/330 349/423/359 350/424/361
f 336/410/340 335/409/334 350/425/361
f 329/402/342 328/401/337 343/417/362
f 336/410/340 351/426/363 352/427/365
f 329/402/342 344/418/364 345/419/366
f 338/412/347 337/411/344 352/427/365
f 349/423/359 364/439/382 365/440/368
f 351/426/363 350/425/361 365/441/368
f 343/417/362 358/433/369 359/434/372
f 352/427/365 351/426/363 366/442/371
f 344/418/364 359/434/372 360/435/374
f 353/428/367 352/427/365 367/443/373
f 345/419/366 360/435/374 361/436/376
f 353/428/367 368/444/375 369/445/377
f 346/420/353 361/436/376 362/437/378
f 354/429/354 369/445/377 370/446/379
f 347/421/355 362/437/378 363/438/380
f 355/430/356 370/446/379 371/447/381
f 348/422/357 363/438/380 364/439/382
f 356/431/358 371/447/381 372/448/370
f 368/444/375 383/460/397 384/461/383
f 362/437/378 361/436/376 376/452/384
f 370/446/379 369/445/377 384/461/383
f 362/437/378 377/453/385 378/454/387
f 371/447/381 370/446/379 385/462/386
f 364/439/382 363/438/380 378/454/387
f 372/448/370 371/447/381 386/463/388
f 364/439/382 379/455/389 380/456/391
f 366/442/371 365/441/368 380/457/391
f 359/434/372 358/433/369 373/449/392
f 366/442/371 381/458/393 382/459/395
f 360/435/374 359/434/372 374/450/394
f 368/444/375 367/443/373 382/459/395
f 361/436/376 360/435/374 375/451/396
f 381/458/393 380/457/391 395/473/399
f 373/449/392 388/465/412 389/466/401
f 381/458/393 396/474/400 397/475/402
f 374/450/394 389/466/401 390/467/403
f 383/460/397 382/459/395 397/475/402
f 375/451/396 390/467/403 391/468/405
f 383/460/397 398/476/404 399/477/406
f 376/452/384 391/468/405 392/469/407
f 384/461/383 399/477/406 400/478/408
f 377/453/385 392/469/407 393/470/409
f 386/463/388 385/462/386 400/478/408
f 379/455/389 378/454/387 393/470/409
f 386/463/388 401/479/410 402/480/398
f 379/455/389 394/471/411 395/472/399
f 399/477/406 415/494/426 416/495/413
f 392/469/407 408/486/427 409/487/414
f 401/479/410 400/478/408 416/495/413
f 394/471/411 393/470/409 409/487/414
f 401/479/410 417/496/415 418/497/417
f 395/472/399 394/471/411 410/488/416
f 395/473/399 411/490/418 412/491/420
f 388/465/412 404/482/419 405/483/421
f 396/474/400 412/491/420 413/492/422
f 389/466/401 405/483/421 406/484/423
f 398/476/404 397/475/402 413/492/422
f 390/467/403 406/484/423 407/485/425
f 399/477/406 398/476/404 414/493/424
f 391/468/405 407/485/425 408/486/427
f 404/482/419 419/498/441 420/499/428
f 412/491/420 427/507/442 428/508/429
f 405/483/421 420/499/428 421/500/430
f 414/493/424 413/492/422 428/508/429
f 406/484/423 421/500/430 422/501/432
f 414/493/424 429/509/431 430/510/433
f 408/486/427 407/485/425 422/501/432
f 416/495/413 415/494/426 430/510/433
f 408/486/427 423/502/434 424/503/436
f 416/495/413 431/511/435 432/512/437
f 410/488/416 409/487/414 424/503/436
f 417/496/415 432/512/437 433/513/439
f 410/488/416 425/504/438 426/505/440
f 412/491/420 411/490/418 426/506/440
f 423/502/434 438/518/456 439/519/443
f 431/511/435 446/527/457 447/528/444
f 425/504/438 424/503/436 439/519/443
f 433/513/439 432/512/437 447/528/444
f 425/504/438 440/520/445 441/521/447
f 427/507/442 426/506/440 441/522/447
f 419/498/441 434/514/448 435/515/450
f 427/507/442 442/523/449 443/524/451
f 420/499/428 435/515/450 436/516/452
f 429/509/431 428/508/429 443/524/451
f 421/500/430 436/516/452 437/517/454
f 429/509/431 444/525/453 445/526/455
f 423/502/434 422/501/432 437/517/454
f 431/511/435 430/510/433 445/526/455
f 442/523/449 457/539/471 458/540/458
f 435/515/450 450/531/472 451/532/459
f 444/525/453 443/524/451 458/540/458
f 436/516/452 451/532/459 452/533/461
f 444/525/453 459/541/460 460/542/462
f 438/518/456 437/517/454 452/533/461
f 446/527/457 445/526/455 460/542/462
f 438/518/456 453/534/463 454/535/465
f 446/527/457 461/543/464 462/544/466
f 440/520/445 439/519/443 454/535/465
f 448/529/446 447/528/444 462/544/466
f 440/520/445 455/536/467 456/537/469
f 442/523/449 441/522/447 456/538/469
f 434/514/448 449/530/470 450/531/472
f 461/543/464 476/559/487 477/560/473
f 455/536/467 454/535/465 469/551/474
f 462/544/466 477/560/473 478/561/476
f 455/536/467 470/552/475 471/553/477
f 457/539/471 456/538/469 471/554/477
f 450/531/472 449/530/470 464/546/478
f 457/539/471 472/555/479 473/556/481
f 450/531/472 465/547/480 466/548/482
f 459/541/460 458/540/458 473/556/481
f 451/532/459 466/548/482 467/549/484
f 459/541/460 474/557/483 475/558/485
f 452/533/461 467/549/484 468/550/486
f 461/543/464 460/542/462 475/558/485
f 453/534/463 468/550/486 469/551/474
f 466/548/482 465/547/480 480/563/488
f 474/557/483 473/556/481 488/572/490
f 466/548/482 481/564/489 482/565/492
f 475/558/485 474/557/483 489/573/491
f 467/549/484 482/565/492 483/566/494
f 476/559/487 475/558/485 490/574/493
f 468/550/486 483/566/494 484/567/496
f 476/559/487 491/575/495 492/576/497
f 469/551/474 484/567/496 485/568/498
f 477/560/473 492/576/497 493/577/499
f 471/553/477 470/552/475 485/568/498
f 471/554/477 486/570/500 487/571/502
f 465/547/480 464/546/478 479/562/501
f 473/556/481 472/555/479 487/571/502
f 484/567/496 499/583/517 500/584/503
f 493/577/499 492/576/497 507/592/504
f 486/569/500 485/568/498 500/584/503
f 486/570/500 501/586/506 502/587/508
f 479/562/501 494/578/507 495/579/509
f 488/572/490 487/571/502 502/587/508
f 480/563/488 495/579/509 496/580/511
f 489/573/491 488/572/490 503/588/510
f 481/564/489 496/580/511 497/581/513
f 489/573/491 504/589/512 505/590/514
f 482/565/492 497/581/513 498/582/515
f 491/575/495 490/574/493 505/590/514
f 483/566/494 498/582/515 499/583/517
f 492/576/497 491/575/495 506/591/516
f 504/589/512 503/588/510 518/604/518
f 496/580/511 511/596/532 512/597/520
f 504/589/512 519/605/519 520/606/521
f 498/582/515 497/581/513 512/597/520
f 505/590/514 520/606/521 521/607/523
f 498/582/515 513/598/522 514/599/524
f 507/592/504 506/591/516 521/607/523
f 500/584/503 499/583/517 514/599/524
f 508/593/505 507/592/504 522/608/525
f 501/585/506 500/584/503 515/600/526
f 501/586/506 516/602/528 517/603/530
f 494/578/507 509/594/529 510/595/531
f 502/587/508 517/603/530 518/604/518
f 495/579/509 510/595/531 511/596/532
f 523/609/527 522/608/525 537/624/533
f 516/601/528 515/600/526 530/616/535
f 516/602/528 531/618/536 532/619/538
f 510/595/531 509/594/529 524/610/537
f 517/603/530 532/619/538 533/620/540
f 510/595/531 525/611/539 526/612/541
f 519/605/519 518/604/518 533/620/540
f 512/597/520 511/596/532 526/612/541
f 520/606/521 519/605/519 534/621/542
f 513/598/522 512/597/520 527/613/543
f 521/607/523 520/606/521 535/622/544
f 513/598/522 528/614/545 529/615/547
f 521/607/523 536/623/546 537/624/533
f 515/600/526 514/599/524 529/615/547
f 535/622/544 534/621/542 549/637/548
f 528/614/545 527/613/543 542/629/550
f 536/623/546 535/622/544 550/638/549
f 528/614/545 543/630/551 544/631/553
f 537/624/533 536/623/546 551/639/552
f 530/616/535 529/615/547 544/631/553
f 538/625/534 537/624/533 552/640/554
f 531/617/536 530/616/535 545/632/555
f 531/618/536 546/633/557 547/635/559
f 525/611/539 524/610/537 539/626/558
f 532/619/538 547/635/559 548/636/561
f 526/612/541 525/611/539 540/627/560
f 534/621/542 533/620/540 548/636/561
f 526/612/541 541/628/562 542/629/550
f 546/633/557 561/650/577 562/651/565
f 539/626/558 554/642/563 555/643/566
f 547/635/559 562/651/565 563/652/567
f 540/627/560 555/643/566 556/644/568
f 548/636/561 563/652/567 564/653/569
f 541/628/562 556/644/568 557/645/570
f 549/637/548 564/653/569 565/654/571
f 543/630/551 542/629/550 557/645/570
f 550/638/549 565/654/571 566/655/573
f 544/631/553 543/630/551 558/646/572
f 551/639/552 566/655/573 567/656/575
f 545/632/555 544/631/553 559/647/574
f 552/640/554 567/656/575 568/657/564
f 546/634/557 545/632/555 560/648/576
f 557/645/570 572/661/592 573/662/578
f 566/655/573 565/654/571 580/670/579
f 558/646/572 573/662/578 574/663/581
f 567/656/575 566/655/573 581/671/580
f 560/648/576 559/647/574 574/663/581
f 568/657/564 567/656/575 582/672/582
f 561/649/577 560/648/576 575/664/583
f 561/650/577 576/665/585 577/667/587
f 555/643/566 554/642/563 569/658/586
f 562/651/565 577/667/587 578/668/589
f 556/644/568 555/643/566 570/659/588
f 564/653/569 563/652/567 578/668/589
f 557/645/570 556/644/568 571/660/590
f 565/654/571 564/653/569 579/669/591
f 576/665/585 591/682/606 592/683/593
f 569/658/586 584/674/607 585/675/594
f 577/667/587 592/683/593 593/684/595
f 570/659/588 585/675/594 586/676/596
f 579/669/591 578/668/589 593/684/595
f 572/661/592 571/660/590 586/676/596
f 579/669/591 594/685/597 595/686/599
f 573/662/578 572/661/592 587/677/598
f 580/670/579 595/686/599 596/687/601
f 573/662/578 588/678/600 589/679/602
f 581/671/580 596/687/601 597/688/603
f 575/664/583 574/663/581 589/679/602
f 582/672/582 597/688/603 598/689/605
f 576/666/585 575/664/583 590/680/604
f 596/687/601 595/686/599 610/702/608
f 588/678/600 603/694/622 604/695/610
f 597/688/603 596/687/601 611/703/609
f 590/680/604 589/679/602 604/695/610
f 597/688/603 612/704/611 613/705/613
f 591/681/606 590/680/604 605/696/612
f 591/682/606 606/698/614 607/699/616
f 584/674/607 599/690/615 600/691/617
f 592/683/593 607/699/616 608/700/618
f 585/675/594 600/691/617 601/692/619
f 594/685/597 593/684/595 608/700/618
f 586/676/596 601/692/619 602/693/621
f 595/686/599 594/685/597 609/701/620
f 588/678/600 587/677/598 602/693/621
f 600/691/617 599/690/615 614/706/623
f 607/699/616 622/715/637 623/716/625
f 601/692/619 600/691/617 615/707/624
f 609/701/620 608/700/618 623/716/625
f 602/693/621 601/692/619 616/708/626
f 610/702/608 609/701/620 624/717/627
f 603/694/622 602/693/621 617/709/628
f 610/702/608 625/718/629 626/719/631
f 603/694/622 618/710/630 619/711/632
f 612/704/611 611/703/609 626/719/631
f 605/696/612 604/695/610 619/711/632
f 613/705/613 612/704/611 627/720/633
f 606/697/614 605/696/612 620/712/634
f 606/698/614 621/714/636 622/715/637
f 618/710/630 634/727/652 635/728/638
f 627/720/633 626/719/631 642/736/639
f 620/712/634 619/711/632 635/728/638
f 627/720/633 643/737/640 644/738/642
f 621/713/636 620/712/634 636/729/641
f 621/714/636 637/731/643 638/732/645
f 614/706/623 630/723/644 631/724/646
f 622/715/637 638/732/645 639/733/647
f 615/707/624 631/724/646 632/725/648
f 624/717/627 623/716/625 639/733/647
f 616/708/626 632/725/648 633/726/650
f 625/718/629 624/717/627 640/734/649
f 618/710/630 617/709/628 633/726/650
f 626/719/631 625/718/629 641/735/651
f 638/732/645 653/748/666 654/749/653
f 631/724/646 646/740/667 647/741/654
f 640/734/649 639/733/647 654/749/653
f 632/725/648 647/741/654 648/742/656
f 640/734/649 655/750/655 656/751/657
f 634/727/652 633/726/650 648/742/656
f 642/736/639 641/735/651 656/751/657
f 634/727/652 649/743/658 650/744/660
f 642/736/639 657/752/659 658/753/661
f 636/729/641 635/728/638 650/744/660
f 643/737/640 658/753/661 659/754/663
f 637/730/643 636/729/641 651/745/662
f 637/731/643 652/747/664 653/748/666
f 631/724/646 630/723/644 645/739/665
f 657/752/659 672/768/682 673/769/668
f 651/745/662 650/744/660 665/760/669
f 659/754/663 658/753/661 673/769/668
f 652/746/664 651/745/662 666/761/670
f 652/747/664 667/763/672 668/764/674
f 645/739/665 660/755/673 661/756/675
f 653/748/666 668/764/674 669/765/676
f 647/741/654 646/740/667 661/756/675
f 655/750/655 654/749/653 669/765/676
f 647/741/654 662/757/677 663/758/679
f 655/750/655 670/766/678 671/767/680
f 649/743/658 648/742/656 663/758/679
f 657/752/659 656/751/657 671/767/680
f 649/743/658 664/759/681 665/760/669
f 670/766/678 669/765/676 684/781/683
f 662/757/677 677/773/697 678/774/685
f 670/766/678 685/782/684 686/783/686
f 664/759/681 663/758/679 678/774/685
f 672/768/682 671/767/680 686/783/686
f 664/759/681 679/775/687 680/776/689
f 672/768/682 687/784/688 688/785/690
f 666/761/670 665/760/669 680/776/689
f 674/770/671 673/769/668 688/785/690
f 667/762/672 666/761/670 681/777/691
f 667/763/672 682/779/693 683/780/695
f 661/756/675 660/755/673 675/771/694
f 668/764/674 683/780/695 684/781/683
f 662/757/677 661/756/675 676/772/696
f 688/785/690 703/801/712 704/802/698
f 682/778/693 681/777/691 696/793/699
f 682/779/693 697/795/700 698/796/702
f 676/772/696 675/771/694 690/787/701
f 683/780/695 698/796/702 699/797/704
f 677/773/697 676/772/696 691/788/703
f 685/782/684 684/781/683 699/797/704
f 678/774/685 677/773/697 692/789/705
f 685/782/684 700/798/706 701/799/708
f 679/775/687 678/774/685 693/790/707
f 687/784/688 686/783/686 701/799/708
f 679/775/687 694/791/709 695/792/711
f 687/784/688 702/800/710 703/801/712
f 681/777/691 680/776/689 695/792/711
f 693/790/707 692/789/705 707/805/713
f 700/798/706 715/814/727 716/815/715
f 693/790/707 708/806/714 709/807/716
f 702/800/710 701/799/708 716/815/715
f 694/791/709 709/807/716 710/808/718
f 703/801/712 702/800/710 717/816/717
f 696/793/699 695/792/711 710/808/718
f 704/802/698 703/801/712 718/817/719
f 697/794/700 696/793/699 711/809/720
f 697/795/700 712/811/722 713/812/724
f 691/788/703 690/787/701 705/803/723
f 698/796/702 713/812/724 714/813/726
f 691/788/703 706/804/725 707/805/713
f 700/798/706 699/797/704 714/813/726
f 712/810/722 711/809/720 726/825/728
f 712/811/722 727/827/729 728/828/732
f 706/804/725 705/803/723 720/819/730
f 713/812/724 728/828/732 729/829/734
f 707/805/713 706/804/725 721/820/733
f 715/814/727 714/813/726 729/829/734
f 707/805/713 722/821/735 723/822/737
f 715/814/727 730/830/736 731/831/738
f 709/807/716 708/806/714 723/822/737
f 717/816/717 716/815/715 731/831/738
f 709/807/716 724/823/739 725/824/741
f 717/816/717 732/832/740 733/833/742
f 711/809/720 710/808/718 725/824/741
f 719/818/721 718/817/719 733/833/742
f 730/830/736 745/846/757 746/847/743
f 724/823/739 723/822/737 738/838/744
f 732/832/740 731/831/738 746/847/743
f 724/823/739 739/839/745 740/840/747
f 733/833/742 732/832/740 747/848/746
f 726/825/728 725/824/741 740/840/747
f 733/833/742 748/849/748 749/850/750
f 727/826/729 726/825/728 741/841/749
f 727/827/729 742/842/751 743/844/753
f 721/820/733 720/819/730 735/835/752
f 728/828/732 743/844/753 744/845/755
f 722/821/735 721/820/733 736/836/754
f 730/830/736 729/829/734 744/845/755
f 723/822/737 722/821/735 737/837/756
f 742/842/751 757/859/772 758/860/760
f 736/836/754 735/835/752 750/851/758
f 743/844/753 758/860/760 759/861/762
f 736/836/754 751/852/761 752/853/763
f 745/846/757 744/845/755 759/861/762
f 737/837/756 752/853/763 753/854/765
f 745/846/757 760/862/764 761/863/766
f 739/839/745 738/838/744 753/854/765
f 747/848/746 746/847/743 761/863/766
f 739/839/745 754/855/767 755/856/769
f 747/848/746 762/864/768 763/865/770
f 741/841/749 740/840/747 755/856/769
f 748/849/748 763/865/770 764/866/759
f 742/843/751 741/841/749 756/857/771
f 754/855/767 753/854/765 768/870/773
f 762/864/768 761/863/766 776/879/775
f 754/855/767 769/871/774 770/872/777
f 762/864/768 777/880/776 778/881/778
f 756/857/771 755/856/769 770/872/777
f 763/865/770 778/881/778 779/882/780
f 757/858/772 756/857/771 771/873/779
f 757/859/772 772/874/781 773/876/783
f 751/852/761 750/851/758 765/867/782
f 758/860/760 773/876/783 774/877/785
f 752/853/763 751/852/761 766/868/784
f 760/862/764 759/861/762 774/877/785
f 753/854/765 752/853/763 767/869/786
f 760/862/764 775/878/787 776/879/775
f 772/874/781 787/891/801 788/892/788
f 765/867/782 780/883/802 781/884/789
f 773/876/783 788/892/788 789/893/790
f 766/868/784 781/884/789 782/885/791
f 775/878/787 774/877/785 789/893/790
f 767/869/786 782/885/791 783/886/793
f 775/878/787 790/894/792 791/895/794
f 769/871/774 768/870/773 783/886/793
f 777/880/776 776/879/775 791/895/794
f 769/871/774 784/887/795 785/888/797
f 777/880/776 792/896/796 793/897/798
f 771/873/779 770/872/777 785/888/797
f 778/881/778 793/897/798 794/898/800
f 772/875/781 771/873/779 786/889/799
f 792/896/796 791/895/794 800/904/322
f 785/888/797 784/887/795 323/395/352
f 792/896/796 801/905/324 802/906/329
f 786/889/799 785/888/797 798/902/325
f 794/898/800 793/897/798 802/906/329
f 787/890/801 786/889/799 324/396/331
f 787/891/801 325/398/335 326/399/339
f 780/883/802 795/899/336 796/900/341
f 788/892/788 326/399/339 799/903/343
f 782/885/791 781/884/789 796/900/341
f 789/893/790 799/903/343 327/400/348
f 783/886/793 782/885/791 322/394/346
f 790/894/792 327/400/348 800/904/322
f 784/887/795 783/886/793 797/901/349
f 1283/1419/324 1282/1418/322 821/927/351
f 1280/1416/325 805/909/352 814/919/326
f 1283/1419/324 822/928/323 823/929/803
f 806/910/331 1280/1416/325 815/920/327
f 1284/1420/804 823/929/803 824/930/332
f 806/910/331 816/921/330 817/922/334
f 808/913/339 807/912/335 817/923/334
f 1278/1414/341 1277/1413/336 810/915/337
f 808/913/339 818/924/340 819/925/344
f 804/908/346 1278/1414/341 811/916/342
f 1281/1417/343 819/925/344 820/926/347
f 804/908/346 812/917/345 813/918/350
f 1282/1418/322 809/914/348 820/926/347
f 805/909/352 1279/1415/349 813/918/350
f 813/918/350 812/917/345 827/933/366
f 820/926/347 835/942/367 836/943/354
f 814/919/326 813/918/350 828/934/353
f 821/927/351 836/943/354 837/944/356
f 815/920/327 814/919/326 829/935/805
f 823/929/803 822/928/323 837/944/356
f 816/921/330 815/920/327 830/936/357
f 823/929/803 838/945/806 839/946/360
f 817/922/334 816/921/330 831/937/359
f 817/923/334 832/939/361 833/940/363
f 811/916/342 810/915/337 825/931/807
f 818/924/340 833/940/363 834/941/365
f 812/917/345 811/916/342 826/932/364
f 819/925/344 834/941/365 835/942/367
f 832/938/361 831/937/359 846/953/382
f 832/939/361 847/955/368 848/956/371
f 825/931/807 840/947/808 841/948/372
f 833/940/363 848/956/371 849/957/373
f 826/932/364 841/948/372 842/949/374
f 835/942/367 834/941/365 849/957/373
f 827/933/366 842/949/374 843/950/376
f 836/943/354 835/942/367 850/958/809
f 828/934/353 843/950/376 844/951/378
f 836/943/354 851/959/377 852/960/379
f 829/935/805 844/951/378 845/952/380
f 838/945/806 837/944/356 852/960/379
f 831/937/359 830/936/357 845/952/380
f 839/946/360 838/945/806 853/961/810
f 851/959/377 850/958/809 865/974/397
f 843/950/376 858/966/814 859/967/385
f 852/960/379 851/959/377 866/975/383
f 844/951/378 859/967/385 860/968/387
f 853/961/810 852/960/379 867/976/386
f 846/953/382 845/952/380 860/968/387
f 853/961/810 868/977/811 869/978/390
f 846/953/382 861/969/389 862/970/391
f 848/956/371 847/955/368 862/971/391
f 841/948/372 840/947/808 855/963/812
f 848/956/371 863/972/393 864/973/395
f 841/948/372 856/964/813 857/965/396
f 850/958/809 849/957/373 864/973/395
f 842/949/374 857/965/396 858/966/814
f 863/972/393 862/971/391 877/987/399
f 856/964/813 855/963/812 870/979/412
f 863/972/393 878/988/400 879/989/402
f 857/965/396 856/964/813 871/980/401
f 865/974/397 864/973/395 879/989/402
f 858/966/814 857/965/396 872/981/403
f 865/974/397 880/990/404 881/991/406
f 858/966/814 873/982/815 874/983/816
f 866/975/383 881/991/406 882/992/408
f 859/967/385 874/983/816 875/984/409
f 867/976/386 882/992/408 883/993/817
f 861/969/389 860/968/387 875/984/409
f 868/977/811 883/993/817 884/994/398
f 861/969/389 876/985/411 877/986/399
f 882/992/408 881/991/406 897/1008/426
f 874/983/816 890/1000/427 891/1001/414
f 882/992/408 898/1009/413 899/1010/818
f 875/984/409 891/1001/414 892/1002/416
f 884/994/398 883/993/817 899/1010/818
f 877/986/399 876/985/411 892/1002/416
f 877/987/399 893/1004/418 894/1005/420
f 871/980/401 870/979/412 886/996/419
f 879/989/402 878/988/400 894/1005/420
f 871/980/401 887/997/421 888/998/423
f 880/990/404 879/989/402 895/1006/422
f 872/981/403 888/998/423 889/999/820
f 880/990/404 896/1007/424 897/1008/426
f 873/982/815 889/999/820 890/1000/427
f 887/997/421 886/996/419 901/1012/441
f 894/1005/420 909/1021/442 910/1022/429
f 887/997/421 902/1013/428 903/1014/430
f 896/1007/424 895/1006/422 910/1022/429
f 888/998/423 903/1014/430 904/1015/821
f 896/1007/424 911/1023/431 912/1024/433
f 890/1000/427 889/999/820 904/1015/821
f 897/1008/426 912/1024/433 913/1025/435
f 890/1000/427 905/1016/822 906/1017/436
f 899/1010/818 898/1009/413 913/1025/435
f 892/1002/416 891/1001/414 906/1017/436
f 900/1011/819 899/1010/818 914/1026/823
f 893/1003/418 892/1002/416 907/1018/438
f 893/1004/418 908/1020/440 909/1021/442
f 906/1017/436 905/1016/822 920/1032/824
f 914/1026/823 913/1025/435 928/1041/457
f 907/1018/438 906/1017/436 921/1033/443
f 914/1026/823 929/1042/825 930/1043/446
f 907/1018/438 922/1034/445 923/1035/447
f 909/1021/442 908/1020/440 923/1036/447
f 901/1012/441 916/1028/448 917/1029/450
f 909/1021/442 924/1037/449 925/1038/451
f 902/1013/428 917/1029/450 918/1030/452
f 910/1022/429 925/1038/451 926/1039/453
f 903/1014/430 918/1030/452 919/1031/826
f 912/1024/433 911/1023/431 926/1039/453
f 905/1016/822 904/1015/821 919/1031/826
f 912/1024/433 927/1040/455 928/1041/457
f 925/1038/451 924/1037/449 939/1053/471
f 917/1029/450 932/1045/472 933/1046/459
f 926/1039/453 925/1038/451 940/1054/458
f 918/1030/452 933/1046/459 934/1047/827
f 926/1039/453 941/1055/460 942/1056/462
f 920/1032/824 919/1031/826 934/1047/827
f 928/1041/457 927/1040/455 942/1056/462
f 920/1032/824 935/1048/463 936/1049/465
f 929/1042/825 928/1041/457 943/1057/464
f 921/1033/443 936/1049/465 937/1050/467
f 929/1042/825 944/1058/828 945/1059/468
f 923/1035/447 922/1034/445 937/1050/467
f 923/1036/447 938/1052/469 939/1053/471
f 916/1028/448 931/1044/470 932/1045/472
f 944/1058/828 943/1057/464 958/1073/487
f 936/1049/465 951/1065/474 952/1066/475
f 944/1058/828 959/1074/829 960/1075/830
f 938/1051/469 937/1050/467 952/1066/475
f 938/1052/469 953/1068/477 954/1069/479
f 931/1044/470 946/1060/831 947/1061/480
f 940/1054/458 939/1053/471 954/1069/479
f 932/1045/472 947/1061/480 948/1062/482
f 941/1055/460 940/1054/458 955/1070/481
f 933/1046/459 948/1062/482 949/1063/832
f 941/1055/460 956/1071/483 957/1072/485
f 935/1048/463 934/1047/827 949/1063/832
f 942/1056/462 957/1072/485 958/1073/487
f 935/1048/463 950/1064/833 951/1065/474
f 948/1062/482 947/1061/480 962/1077/488
f 956/1071/483 955/1070/481 970/1086/490
f 948/1062/482 963/1078/489 964/1079/492
f 957/1072/485 956/1071/483 971/1087/491
f 949/1063/832 964/1079/492 965/1080/834
f 957/1072/485 972/1088/493 973/1089/495
f 950/1064/833 965/1080/834 966/1081/496
f 958/1073/487 973/1089/495 974/1090/497
f 952/1066/475 951/1065/474 966/1081/496
f 960/1075/830 959/1074/829 974/1090/497
f 953/1067/477 952/1066/475 967/1082/498
f 953/1068/477 968/1084/500 969/1085/502
f 946/1060/831 961/1076/501 962/1077/488
f 954/1069/479 969/1085/502 970/1086/490
f 967/1082/498 966/1081/496 981/1097/517
f 974/1090/497 989/1106/839 990/1107/835
f 968/1083/500 967/1082/498 982/1098/503
f 968/1084/500 983/1100/506 984/1101/508
f 961/1076/501 976/1092/836 977/1093/837
f 969/1085/502 984/1101/508 985/1102/510
f 962/1077/488 977/1093/837 978/1094/511
f 971/1087/491 970/1086/490 985/1102/510
f 963/1078/489 978/1094/511 979/1095/513
f 972/1088/493 971/1087/491 986/1103/512
f 965/1080/834 964/1079/492 979/1095/513
f 973/1089/495 972/1088/493 987/1104/514
f 965/1080/834 980/1096/838 981/1097/517
f 973/1089/495 988/1105/516 989/1106/839
f 986/1103/512 985/1102/510 1000/1118/518
f 978/1094/511 993/1110/532 994/1111/520
f 986/1103/512 1001/1119/519 1002/1120/521
f 979/1095/513 994/1111/520 995/1112/840
f 988/1105/516 987/1104/514 1002/1120/521
f 980/1096/838 995/1112/840 996/1113/524
f 989/1106/839 988/1105/516 1003/1121/523
f 982/1098/503 981/1097/517 996/1113/524
f 989/1106/839 1004/1122/525 1005/1123/527
f 983/1099/506 982/1098/503 997/1114/526
f 983/1100/506 998/1116/528 999/1117/530
f 976/1092/836 991/1108/841 992/1109/531
f 984/1101/508 999/1117/530 1000/1118/518
f 977/1093/837 992/1109/531 993/1110/532
f 1005/1123/527 1004/1122/525 1019/1138/842
f 998/1115/528 997/1114/526 1012/1130/535
f 998/1116/528 1013/1132/536 1014/1133/538
f 992/1109/531 991/1108/841 1006/1124/843
f 999/1117/530 1014/1133/538 1015/1134/540
f 993/1110/532 992/1109/531 1007/1125/539
f 1001/1119/519 1000/1118/518 1015/1134/540
f 993/1110/532 1008/1126/541 1009/1127/543
f 1001/1119/519 1016/1135/542 1017/1136/544
f 994/1111/520 1009/1127/543 1010/1128/844
f 1003/1121/523 1002/1120/521 1017/1136/544
f 995/1112/840 1010/1128/844 1011/1129/547
f 1004/1122/525 1003/1121/523 1018/1137/546
f 997/1114/526 996/1113/524 1011/1129/547
f 1016/1135/542 1031/1151/548 1032/1152/549
f 1010/1128/844 1009/1127/543 1024/1143/550
f 1017/1136/544 1032/1152/549 1033/1153/552
f 1011/1129/547 1010/1128/844 1025/1144/551
f 1018/1137/546 1033/1153/552 1034/1154/845
f 1012/1130/535 1011/1129/547 1026/1145/553
f 1020/1139/534 1019/1138/842 1034/1154/845
f 1013/1131/536 1012/1130/535 1027/1146/555
f 1013/1132/536 1028/1147/557 1029/1149/559
f 1007/1125/539 1006/1124/843 1021/1140/846
f 1014/1133/538 1029/1149/559 1030/1150/561
f 1008/1126/541 1007/1125/539 1022/1141/847
f 1015/1134/540 1030/1150/561 1031/1151/548
f 1009/1127/543 1008/1126/541 1023/1142/562
f 1028/1147/557 1043/1164/577 1044/1165/565
f 1021/1140/846 1036/1156/563 1037/1157/566
f 1029/1149/559 1044/1165/565 1045/1166/567
f 1022/1141/847 1037/1157/566 1038/1158/568
f 1031/1151/548 1030/1150/561 1045/1166/567
f 1023/1142/562 1038/1158/568 1039/1159/848
f 1031/1151/548 1046/1167/569 1047/1168/571
f 1025/1144/551 1024/1143/550 1039/1159/848
f 1033/1153/552 1032/1152/549 1047/1168/571
f 1025/1144/551 1040/1160/572 1041/1161/574
f 1034/1154/845 1033/1153/552 1048/1169/573
f 1027/1146/555 1026/1145/553 1041/1161/574
f 1034/1154/845 1049/1170/849 1050/1171/564
f 1028/1148/557 1027/1146/555 1042/1162/576
f 1040/1160/572 1039/1159/848 1054/1175/592
f 1047/1168/571 1062/1184/579 1063/1185/580
f 1040/1160/572 1055/1176/850 1056/1177/581
f 1048/1169/573 1063/1185/580 1064/1186/582
f 1041/1161/574 1056/1177/581 1057/1178/583
f 1050/1171/564 1049/1170/849 1064/1186/582
f 1043/1163/577 1042/1162/576 1057/1178/583
f 1043/1164/577 1058/1179/585 1059/1181/587
f 1037/1157/566 1036/1156/563 1051/1172/586
f 1044/1165/565 1059/1181/587 1060/1182/589
f 1038/1158/568 1037/1157/566 1052/1173/851
f 1046/1167/569 1045/1166/567 1060/1182/589
f 1039/1159/848 1038/1158/568 1053/1174/590
f 1046/1167/569 1061/1183/591 1062/1184/579
f 1058/1179/585 1073/1196/606 1074/1197/593
f 1051/1172/586 1066/1188/854 1067/1189/594
f 1059/1181/587 1074/1197/593 1075/1198/595
f 1052/1173/851 1067/1189/594 1068/1190/596
f 1061/1183/591 1060/1182/589 1075/1198/595
f 1053/1174/590 1068/1190/596 1069/1191/852
f 1061/1183/591 1076/1199/597 1077/1200/599
f 1054/1175/592 1069/1191/852 1070/1192/600
f 1063/1185/580 1062/1184/579 1077/1200/599
f 1055/1176/850 1070/1192/600 1071/1193/602
f 1064/1186/582 1063/1185/580 1078/1201/601
f 1057/1178/583 1056/1177/581 1071/1193/602
f 1064/1186/582 1079/1202/853 1080/1203/605
f 1058/1180/585 1057/1178/583 1072/1194/604
f 1078/1201/601 1077/1200/599 1092/1216/608
f 1070/1192/600 1085/1208/622 1086/1209/610
f 1078/1201/601 1093/1217/609 1094/1218/855
f 1072/1194/604 1071/1193/602 1086/1209/610
f 1079/1202/853 1094/1218/855 1095/1219/613
f 1073/1195/606 1072/1194/604 1087/1210/612
f 1073/1196/606 1088/1212/614 1089/1213/616
f 1066/1188/854 1081/1204/856 1082/1205/617
f 1074/1197/593 1089/1213/616 1090/1214/618
f 1067/1189/594 1082/1205/617 1083/1206/619
f 1076/1199/597 1075/1198/595 1090/1214/618
f 1068/1190/596 1083/1206/619 1084/1207/857
f 1076/1199/597 1091/1215/620 1092/1216/608
f 1069/1191/852 1084/1207/857 1085/1208/622
f 1082/1205/617 1081/1204/856 1096/1220/858
f 1089/1213/616 1104/1229/637 1105/1230/625
f 1083/1206/619 1082/1205/617 1097/1221/859
f 1090/1214/618 1105/1230/625 1106/1231/627
f 1084/1207/857 1083/1206/619 1098/1222/626
f 1092/1216/608 1091/1215/620 1106/1231/627
f 1085/1208/622 1084/1207/857 1099/1223/628
f 1093/1217/609 1092/1216/608 1107/1232/629
f 1086/1209/610 1085/1208/622 1100/1224/630
f 1094/1218/855 1093/1217/609 1108/1233/631
f 1087/1210/612 1086/1209/610 1101/1225/632
f 1095/1219/613 1094/1218/855 1109/1234/633
f 1088/1211/614 1087/1210/612 1102/1226/634
f 1088/1212/614 1103/1228/636 1104/1229/637
f 1100/1224/630 1116/1241/652 1117/1242/638
f 1108/1233/631 1124/1250/639 1125/1251/860
f 1101/1225/632 1117/1242/638 1118/1243/641
f 1109/1234/633 1125/1251/860 1126/1252/642
f 1103/1227/636 1102/1226/634 1118/1243/641
f 1103/1228/636 1119/1245/643 1120/1246/645
f 1096/1220/858 1112/1237/644 1113/1238/646
f 1105/1230/625 1104/1229/637 1120/1246/645
f 1097/1221/859 1113/1238/646 1114/1239/648
f 1106/1231/627 1105/1230/625 1121/1247/647
f 1098/1222/626 1114/1239/648 1115/1240/650
f 1107/1232/629 1106/1231/627 1122/1248/861
f 1099/1223/628 1115/1240/650 1116/1241/652
f 1108/1233/631 1107/1232/629 1123/1249/651
f 1120/1246/645 1135/1262/666 1136/1263/653
f 1113/1238/646 1128/1254/667 1129/1255/654
f 1121/1247/647 1136/1263/653 1137/1264/655
f 1115/1240/650 1114/1239/648 1129/1255/654
f 1123/1249/651 1122/1248/861 1137/1264/655
f 1115/1240/650 1130/1256/862 1131/1257/658
f 1123/1249/651 1138/1265/657 1139/1266/659
f 1117/1242/638 1116/1241/652 1131/1257/658
f 1125/1251/860 1124/1250/639 1139/1266/659
f 1118/1243/641 1117/1242/638 1132/1258/660
f 1125/1251/860 1140/1267/863 1141/1268/663
f 1119/1244/643 1118/1243/641 1133/1259/662
f 1119/1245/643 1134/1261/664 1135/1262/666
f 1113/1238/646 1112/1237/644 1127/1253/665
f 1139/1266/659 1154/1282/682 1155/1283/864
f 1133/1259/662 1132/1258/660 1147/1274/669
f 1141/1268/663 1140/1267/863 1155/1283/864
f 1133/1259/662 1148/1275/670 1149/1276/672
f 1135/1262/666 1134/1261/664 1149/1277/672
f 1127/1253/665 1142/1269/673 1143/1270/675
f 1135/1262/666 1150/1278/674 1151/1279/676
f 1128/1254/667 1143/1270/675 1144/1271/677
f 1137/1264/655 1136/1263/653 1151/1279/676
f 1129/1255/654 1144/1271/677 1145/1272/865
f 1138/1265/657 1137/1264/655 1152/1280/678
f 1130/1256/862 1145/1272/865 1146/1273/681
f 1139/1266/659 1138/1265/657 1153/1281/680
f 1131/1257/658 1146/1273/681 1147/1274/669
f 1152/1280/678 1151/1279/676 1166/1295/683
f 1144/1271/677 1159/1287/697 1160/1288/866
f 1153/1281/680 1152/1280/678 1167/1296/684
f 1146/1273/681 1145/1272/865 1160/1288/866
f 1154/1282/682 1153/1281/680 1168/1297/686
f 1146/1273/681 1161/1289/867 1162/1290/689
f 1154/1282/682 1169/1298/688 1170/1299/868
f 1148/1275/670 1147/1274/669 1162/1290/689
f 1156/1284/671 1155/1283/864 1170/1299/868
f 1149/1276/672 1148/1275/670 1163/1291/691
f 1149/1277/672 1164/1293/693 1165/1294/695
f 1143/1270/675 1142/1269/673 1157/1285/694
f 1150/1278/674 1165/1294/695 1166/1295/683
f 1144/1271/677 1143/1270/675 1158/1286/696
f 1171/1300/692 1170/1299/868 1185/1315/869
f 1164/1292/693 1163/1291/691 1178/1307/699
f 1164/1293/693 1179/1309/700 1180/1310/702
f 1158/1286/696 1157/1285/694 1172/1301/870
f 1165/1294/695 1180/1310/702 1181/1311/704
f 1159/1287/697 1158/1286/696 1173/1302/703
f 1167/1296/684 1166/1295/683 1181/1311/704
f 1160/1288/866 1159/1287/697 1174/1303/705
f 1167/1296/684 1182/1312/706 1183/1313/708
f 1160/1288/866 1175/1304/871 1176/1305/872
f 1169/1298/688 1168/1297/686 1183/1313/708
f 1161/1289/867 1176/1305/872 1177/1306/711
f 1169/1298/688 1184/1314/710 1185/1315/869
f 1163/1291/691 1162/1290/689 1177/1306/711
f 1174/1303/705 1189/1319/713 1190/1320/714
f 1183/1313/708 1182/1312/706 1197/1328/727
f 1175/1304/871 1190/1320/714 1191/1321/873
f 1184/1314/710 1183/1313/708 1198/1329/715
f 1177/1306/711 1176/1305/872 1191/1321/873
f 1184/1314/710 1199/1330/717 1200/1331/874
f 1178/1307/699 1177/1306/711 1192/1322/718
f 1185/1315/869 1200/1331/874 1201/1332/875
f 1179/1308/700 1178/1307/699 1193/1323/720
f 1179/1309/700 1194/1325/722 1195/1326/724
f 1172/1301/870 1187/1317/723 1188/1318/725
f 1180/1310/702 1195/1326/724 1196/1327/726
f 1174/1303/705 1173/1302/703 1188/1318/725
f 1181/1311/704 1196/1327/726 1197/1328/727
f 1194/1324/722 1193/1323/720 1208/1339/728
f 1194/1325/722 1209/1341/729 1210/1342/732
f 1187/1317/723 1202/1333/730 1203/1334/733
f 1195/1326/724 1210/1342/732 1211/1343/734
f 1189/1319/713 1188/1318/725 1203/1334/733
f 1196/1327/726 1211/1343/734 1212/1344/736
f 1190/1320/714 1189/1319/713 1204/1335/735
f 1197/1328/727 1212/1344/736 1213/1345/738
f 1191/1321/873 1190/1320/714 1205/1336/876
f 1199/1330/717 1198/1329/715 1213/1345/738
f 1192/1322/718 1191/1321/873 1206/1337/877
f 1199/1330/717 1214/1346/740 1215/1347/878
f 1193/1323/720 1192/1322/718 1207/1338/741
f 1200/1331/874 1215/1347/878 1216/1348/731
f 1212/1344/736 1227/1360/757 1228/1361/743
f 1205/1336/876 1220/1352/744 1221/1353/879
f 1214/1346/740 1213/1345/738 1228/1361/743
f 1206/1337/877 1221/1353/879 1222/1354/747
f 1214/1346/740 1229/1362/746 1230/1363/880
f 1207/1338/741 1222/1354/747 1223/1355/749
f 1216/1348/731 1215/1347/878 1230/1363/880
f 1209/1340/729 1208/1339/728 1223/1355/749
f 1209/1341/729 1224/1356/751 1225/1358/753
f 1203/1334/733 1202/1333/730 1217/1349/881
f 1211/1343/734 1210/1342/732 1225/1358/753
f 1203/1334/733 1218/1350/882 1219/1351/756
f 1212/1344/736 1211/1343/734 1226/1359/755
f 1204/1335/735 1219/1351/756 1220/1352/744
f 1224/1356/751 1239/1373/772 1240/1374/760
f 1217/1349/881 1232/1365/883 1233/1366/884
f 1226/1359/755 1225/1358/753 1240/1374/760
f 1218/1350/882 1233/1366/884 1234/1367/763
f 1226/1359/755 1241/1375/762 1242/1376/764
f 1220/1352/744 1219/1351/756 1234/1367/763
f 1227/1360/757 1242/1376/764 1243/1377/766
f 1221/1353/879 1220/1352/744 1235/1368/885
f 1229/1362/746 1228/1361/743 1243/1377/766
f 1222/1354/747 1221/1353/879 1236/1369/886
f 1230/1363/880 1229/1362/746 1244/1378/768
f 1222/1354/747 1237/1370/769 1238/1371/771
f 1231/1364/750 1230/1363/880 1245/1379/770
f 1224/1357/751 1223/1355/749 1238/1371/771
f 1236/1369/886 1235/1368/885 1250/1384/887
f 1243/1377/766 1258/1393/775 1259/1394/776
f 1236/1369/886 1251/1385/888 1252/1386/777
f 1244/1378/768 1259/1394/776 1260/1395/889
f 1238/1371/771 1237/1370/769 1252/1386/777
f 1245/1379/770 1260/1395/889 1261/1396/780
f 1239/1372/772 1238/1371/771 1253/1387/779
f 1239/1373/772 1254/1388/781 1255/1390/783
f 1233/1366/884 1232/1365/883 1247/1381/890
f 1240/1374/760 1255/1390/783 1256/1391/785
f 1234/1367/763 1233/1366/884 1248/1382/891
f 1242/1376/764 1241/1375/762 1256/1391/785
f 1235/1368/885 1234/1367/763 1249/1383/786
f 1242/1376/764 1257/1392/787 1258/1393/775
f 1254/1388/781 1269/1405/801 1270/1406/788
f 1247/1381/890 1262/1397/802 1263/1398/789
f 1255/1390/783 1270/1406/788 1271/1407/790
f 1249/1383/786 1248/1382/891 1263/1398/789
f 1257/1392/787 1256/1391/785 1271/1407/790
f 1250/1384/887 1249/1383/786 1264/1399/791
f 1258/1393/775 1257/1392/787 1272/1408/792
f 1250/1384/887 1265/1400/892 1266/1401/795
f 1259/1394/776 1258/1393/775 1273/1409/794
f 1251/1385/888 1266/1401/795 1267/1402/797
f 1259/1394/776 1274/1410/796 1275/1411/893
f 1253/1387/779 1252/1386/777 1267/1402/797
f 1261/1396/780 1260/1395/889 1275/1411/893
f 1254/1389/781 1253/1387/779 1268/1403/799
f 1273/1409/794 1282/1418/322 1283/1419/324
f 1267/1402/797 1266/1401/795 805/909/352
f 1274/1410/796 1283/1419/324 1284/1420/804
f 1268/1403/799 1267/1402/797 1280/1416/325
f 1276/1412/800 1275/1411/893 1284/1420/804
f 1269/1404/801 1268/1403/799 806/910/331
f 1269/1405/801 807/912/335 808/913/339
f 1262/1397/802 1277/1413/336 1278/1414/341
f 1270/1406/788 808/913/339 1281/1417/343
f 1264/1399/791 1263/1398/789 1278/1414/341
f 1271/1407/790 1281/1417/343 809/914/348
f 1265/1400/892 1264/1399/791 804/908/346
f 1272/1408/792 809/914/348 1282/1418/322
f 1266/1401/795 1265/1400/892 1279/1415/349
f 1764/1932/322 1303/1441/351 1304/1442/323
f 1762/1930/325 1287/1423/352 1296/1433/894
f 1765/1933/324 1304/1442/323 1305/1443/803
f 1762/1930/325 1297/1434/327 1298/1435/330
f 1767/1935/333 1766/1934/804 1305/1443/803
f 1288/1424/331 1298/1435/330 1299/1436/334
f 1290/1427/339 1289/1426/335 1299/1437/334
f 1760/1928/341 1759/1927/336 1292/1429/895
f 1763/1931/343 1290/1427/339 1300/1438/340
f 1286/1422/346 1760/1928/341 1293/1430/342
f 1763/1931/343 1301/1439/344 1302/1440/347
f 1761/1929/349 1286/1422/346 1294/1431/345
f 1764/1932/322 1291/1428/348 1302/1440/347
f 1761/1929/349 1295/1432/350 1296/1433/894
f 1295/1432/350 1294/1431/345 1309/1447/366
f 1302/1440/347 1317/1456/367 1318/1457/354
f 1295/1432/350 1310/1448/353 1311/1449/355
f 1304/1442/323 1303/1441/351 1318/1457/354
f 1296/1433/894 1311/1449/355 1312/1450/357
f 1305/1443/803 1304/1442/323 1319/1458/356
f 1298/1435/330 1297/1434/327 1312/1450/357
f 1305/1443/803 1320/1459/806 1321/1460/360
f 1298/1435/330 1313/1451/359 1314/1452/361
f 1300/1438/340 1299/1437/334 1314/1453/361
f 1293/1430/342 1292/1429/895 1307/1445/362
f 1300/1438/340 1315/1454/363 1316/1455/365
f 1293/1430/342 1308/1446/364 1309/1447/366
f 1302/1440/347 1301/1439/344 1316/1455/365
f 1313/1451/359 1328/1467/382 1329/1468/368
f 1315/1454/363 1314/1453/361 1329/1469/368
f 1307/1445/362 1322/1461/896 1323/1462/372
f 1315/1454/363 1330/1470/371 1331/1471/373
f 1308/1446/364 1323/1462/372 1324/1463/374
f 1317/1456/367 1316/1455/365 1331/1471/373
f 1309/1447/366 1324/1463/374 1325/1464/897
f 1317/1456/367 1332/1472/375 1333/1473/377
f 1311/1449/355 1310/1448/353 1325/1464/897
f 1318/1457/354 1333/1473/377 1334/1474/379
f 1311/1449/355 1326/1465/378 1327/1466/380
f 1319/1458/356 1334/1474/379 1335/1475/381
f 1313/1451/359 1312/1450/357 1327/1466/380
f 1320/1459/806 1335/1475/381 1336/1476/370
f 1332/1472/375 1347/1488/397 1348/1489/383
f 1325/1464/897 1340/1480/814 1341/1481/898
f 1334/1474/379 1333/1473/377 1348/1489/383
f 1326/1465/378 1341/1481/898 1342/1482/387
f 1334/1474/379 1349/1490/386 1350/1491/388
f 1328/1467/382 1327/1466/380 1342/1482/387
f 1335/1475/381 1350/1491/388 1351/1492/390
f 1328/1467/382 1343/1483/389 1344/1484/391
f 1330/1470/371 1329/1469/368 1344/1485/391
f 1323/1462/372 1322/1461/896 1337/1477/392
f 1330/1470/371 1345/1486/393 1346/1487/395
f 1323/1462/372 1338/1478/813 1339/1479/396
f 1332/1472/375 1331/1471/373 1346/1487/395
f 1324/1463/374 1339/1479/396 1340/1480/814
f 1345/1486/393 1344/1485/391 1359/1501/399
f 1338/1478/813 1337/1477/392 1352/1493/412
f 1345/1486/393 1360/1502/400 1361/1503/402
f 1339/1479/396 1338/1478/813 1353/1494/401
f 1347/1488/397 1346/1487/395 1361/1503/402
f 1340/1480/814 1339/1479/396 1354/1495/403
f 1347/1488/397 1362/1504/404 1363/1505/406
f 1341/1481/898 1340/1480/814 1355/1496/815
f 1349/1490/386 1348/1489/383 1363/1505/406
f 1341/1481/898 1356/1497/407 1357/1498/409
f 1349/1490/386 1364/1506/408 1365/1507/410
f 1343/1483/389 1342/1482/387 1357/1498/409
f 1350/1491/388 1365/1507/410 1366/1508/398
f 1343/1483/389 1358/1499/411 1359/1500/399
f 1363/1505/406 1379/1522/426 1380/1523/413
f 1356/1497/407 1372/1514/900 1373/1515/414
f 1365/1507/410 1364/1506/408 1380/1523/413
f 1358/1499/411 1357/1498/409 1373/1515/414
f 1366/1508/398 1365/1507/410 1381/1524/818
f 1358/1499/411 1374/1516/416 1375/1517/418
f 1360/1502/400 1359/1501/399 1375/1518/418
f 1352/1493/412 1368/1510/419 1369/1511/899
f 1360/1502/400 1376/1519/420 1377/1520/422
f 1353/1494/401 1369/1511/899 1370/1512/423
f 1362/1504/404 1361/1503/402 1377/1520/422
f 1354/1495/403 1370/1512/423 1371/1513/425
f 1362/1504/404 1378/1521/424 1379/1522/426
f 1356/1497/407 1355/1496/815 1371/1513/425
f 1369/1511/899 1368/1510/419 1383/1526/441
f 1376/1519/420 1391/1535/442 1392/1536/429
f 1370/1512/423 1369/1511/899 1384/1527/428
f 1377/1520/422 1392/1536/429 1393/1537/431
f 1370/1512/423 1385/1528/430 1386/1529/432
f 1379/1522/426 1378/1521/424 1393/1537/431
f 1372/1514/900 1371/1513/425 1386/1529/432
f 1379/1522/426 1394/1538/433 1395/1539/435
f 1373/1515/414 1372/1514/900 1387/1530/822
f 1381/1524/818 1380/1523/413 1395/1539/435
f 1374/1516/416 1373/1515/414 1388/1531/436
f 1382/1525/417 1381/1524/818 1396/1540/437
f 1374/1516/416 1389/1532/438 1390/1533/440
f 1376/1519/420 1375/1518/418 1390/1534/440
f 1388/1531/436 1387/1530/822 1402/1546/824
f 1396/1540/437 1395/1539/435 1410/1555/457
f 1389/1532/438 1388/1531/436 1403/1547/443
f 1396/1540/437 1411/1556/825 1412/1557/446
f 1390/1533/440 1389/1532/438 1404/1548/445
f 1390/1534/440 1405/1550/447 1406/1551/449
f 1383/1526/441 1398/1542/448 1399/1543/450
f 1391/1535/442 1406/1551/449 1407/1552/451
f 1384/1527/428 1399/1543/450 1400/1544/452
f 1392/1536/429 1407/1552/451 1408/1553/453
f 1385/1528/430 1400/1544/452 1401/1545/454
f 1394/1538/433 1393/1537/431 1408/1553/453
f 1386/1529/432 1401/1545/454 1402/1546/824
f 1394/1538/433 1409/1554/455 1410/1555/457
f 1406/1551/449 1421/1567/471 1422/1568/458
f 1399/1543/450 1414/1559/472 1415/1560/459
f 1408/1553/453 1407/1552/451 1422/1568/458
f 1401/1545/454 1400/1544/452 1415/1560/459
f 1408/1553/453 1423/1569/460 1424/1570/462
f 1402/1546/824 1401/1545/454 1416/1561/827
f 1410/1555/457 1409/1554/455 1424/1570/462
f 1402/1546/824 1417/1562/463 1418/1563/465
f 1411/1556/825 1410/1555/457 1425/1571/464
f 1404/1548/445 1403/1547/443 1418/1563/465
f 1411/1556/825 1426/1572/828 1427/1573/468
f 1405/1549/447 1404/1548/445 1419/1564/467
f 1405/1550/447 1420/1566/469 1421/1567/471
f 1398/1542/448 1413/1558/470 1414/1559/472
f 1425/1571/464 1440/1587/487 1441/1588/473
f 1419/1564/467 1418/1563/465 1433/1579/474
f 1426/1572/828 1441/1588/473 1442/1589/476
f 1420/1565/469 1419/1564/467 1434/1580/475
f 1420/1566/469 1435/1582/477 1436/1583/479
f 1414/1559/472 1413/1558/470 1428/1574/478
f 1421/1567/471 1436/1583/479 1437/1584/481
f 1414/1559/472 1429/1575/901 1430/1576/482
f 1423/1569/460 1422/1568/458 1437/1584/481
f 1415/1560/459 1430/1576/482 1431/1577/832
f 1423/1569/460 1438/1585/483 1439/1586/485
f 1416/1561/827 1431/1577/832 1432/1578/486
f 1425/1571/464 1424/1570/462 1439/1586/485
f 1417/1562/463 1432/1578/486 1433/1579/474
f 1429/1575/901 1444/1591/488 1445/1592/489
f 1438/1585/483 1437/1584/481 1452/1600/490
f 1430/1576/482 1445/1592/489 1446/1593/492
f 1438/1585/483 1453/1601/491 1454/1602/493
f 1431/1577/832 1446/1593/492 1447/1594/494
f 1440/1587/487 1439/1586/485 1454/1602/493
f 1432/1578/486 1447/1594/494 1448/1595/496
f 1441/1588/473 1440/1587/487 1455/1603/495
f 1434/1580/475 1433/1579/474 1448/1595/496
f 1442/1589/476 1441/1588/473 1456/1604/497
f 1435/1581/477 1434/1580/475 1449/1596/498
f 1435/1582/477 1450/1598/500 1451/1599/502
f 1428/1574/478 1443/1590/902 1444/1591/488
f 1436/1583/479 1451/1599/502 1452/1600/490
f 1449/1596/498 1448/1595/496 1463/1611/517
f 1457/1605/499 1456/1604/497 1471/1620/504
f 1450/1597/500 1449/1596/498 1464/1612/503
f 1450/1598/500 1465/1614/506 1466/1615/508
f 1444/1591/488 1443/1590/902 1458/1606/507
f 1451/1599/502 1466/1615/508 1467/1616/510
f 1444/1591/488 1459/1607/509 1460/1608/511
f 1453/1601/491 1452/1600/490 1467/1616/510
f 1445/1592/489 1460/1608/511 1461/1609/513
f 1453/1601/491 1468/1617/512 1469/1618/514
f 1447/1594/494 1446/1593/492 1461/1609/513
f 1455/1603/495 1454/1602/493 1469/1618/514
f 1447/1594/494 1462/1610/515 1463/1611/517
f 1455/1603/495 1470/1619/516 1471/1620/504
f 1468/1617/512 1467/1616/510 1482/1632/518
f 1460/1608/511 1475/1624/532 1476/1625/520
f 1469/1618/514 1468/1617/512 1483/1633/519
f 1461/1609/513 1476/1625/520 1477/1626/903
f 1470/1619/516 1469/1618/514 1484/1634/521
f 1462/1610/515 1477/1626/903 1478/1627/524
f 1470/1619/516 1485/1635/523 1486/1636/525
f 1464/1612/503 1463/1611/517 1478/1627/524
f 1472/1621/505 1471/1620/504 1486/1636/525
f 1465/1613/506 1464/1612/503 1479/1628/526
f 1465/1614/506 1480/1630/528 1481/1631/530
f 1458/1606/507 1473/1622/529 1474/1623/531
f 1466/1615/508 1481/1631/530 1482/1632/518
f 1459/1607/509 1474/1623/531 1475/1624/532
f 1487/1637/527 1486/1636/525 1501/1652/533
f 1480/1629/528 1479/1628/526 1494/1644/535
f 1480/1630/528 1495/1646/536 1496/1647/538
f 1474/1623/531 1473/1622/529 1488/1638/537
f 1481/1631/530 1496/1647/538 1497/1648/540
f 1475/1624/532 1474/1623/531 1489/1639/904
f 1483/1633/519 1482/1632/518 1497/1648/540
f 1476/1625/520 1475/1624/532 1490/1640/541
f 1483/1633/519 1498/1649/542 1499/1650/544
f 1477/1626/903 1476/1625/520 1491/1641/543
f 1485/1635/523 1484/1634/521 1499/1650/544
f 1477/1626/903 1492/1642/844 1493/1643/547
f 1485/1635/523 1500/1651/546 1501/1652/533
f 1479/1628/526 1478/1627/524 1493/1643/547
f 1498/1649/542 1513/1665/548 1514/1666/549
f 1492/1642/844 1491/1641/543 1506/1657/550
f 1500/1651/546 1499/1650/544 1514/1666/549
f 1492/1642/844 1507/1658/551 1508/1659/553
f 1501/1652/533 1500/1651/546 1515/1667/552
f 1494/1644/535 1493/1643/547 1508/1659/553
f 1501/1652/533 1516/1668/554 1517/1669/556
f 1495/1645/536 1494/1644/535 1509/1660/555
f 1495/1646/536 1510/1661/557 1511/1663/559
f 1488/1638/537 1503/1654/846 1504/1655/847
f 1496/1647/538 1511/1663/559 1512/1664/561
f 1489/1639/904 1504/1655/847 1505/1656/562
f 1498/1649/542 1497/1648/540 1512/1664/561
f 1490/1640/541 1505/1656/562 1506/1657/550
f 1510/1661/557 1525/1678/577 1526/1679/565
f 1503/1654/846 1518/1670/563 1519/1671/566
f 1511/1663/559 1526/1679/565 1527/1680/567
f 1504/1655/847 1519/1671/566 1520/1672/568
f 1513/1665/548 1512/1664/561 1527/1680/567
f 1505/1656/562 1520/1672/568 1521/1673/570
f 1513/1665/548 1528/1681/569 1529/1682/571
f 1507/1658/551 1506/1657/550 1521/1673/570
f 1515/1667/552 1514/1666/549 1529/1682/571
f 1507/1658/551 1522/1674/905 1523/1675/574
f 1516/1668/554 1515/1667/552 1530/1683/573
f 1509/1660/555 1508/1659/553 1523/1675/574
f 1516/1668/554 1531/1684/575 1532/1685/564
f 1510/1662/557 1509/1660/555 1524/1676/576
f 1522/1674/905 1521/1673/570 1536/1689/906
f 1530/1683/573 1529/1682/571 1544/1698/579
f 1522/1674/905 1537/1690/850 1538/1691/581
f 1530/1683/573 1545/1699/580 1546/1700/582
f 1524/1676/576 1523/1675/574 1538/1691/581
f 1532/1685/564 1531/1684/575 1546/1700/582
f 1525/1677/577 1524/1676/576 1539/1692/583
f 1525/1678/577 1540/1693/585 1541/1695/587
f 1519/1671/566 1518/1670/563 1533/1686/907
f 1526/1679/565 1541/1695/587 1542/1696/589
f 1520/1672/568 1519/1671/566 1534/1687/588
f 1528/1681/569 1527/1680/567 1542/1696/589
f 1521/1673/570 1520/1672/568 1535/1688/590
f 1528/1681/569 1543/1697/591 1544/1698/579
f 1540/1693/585 1555/1710/606 1556/1711/593
f 1534/1687/588 1533/1686/907 1548/1702/607
f 1541/1695/587 1556/1711/593 1557/1712/595
f 1535/1688/590 1534/1687/588 1549/1703/908
f 1543/1697/591 1542/1696/589 1557/1712/595
f 1535/1688/590 1550/1704/596 1551/1705/598
f 1543/1697/591 1558/1713/597 1559/1714/599
f 1536/1689/906 1551/1705/598 1552/1706/600
f 1544/1698/579 1559/1714/599 1560/1715/601
f 1537/1690/850 1552/1706/600 1553/1707/602
f 1545/1699/580 1560/1715/601 1561/1716/603
f 1539/1692/583 1538/1691/581 1553/1707/602
f 1547/1701/584 1546/1700/582 1561/1716/603
f 1540/1694/585 1539/1692/583 1554/1708/604
f 1560/1715/601 1559/1714/599 1574/1730/608
f 1552/1706/600 1567/1722/622 1568/1723/610
f 1561/1716/603 1560/1715/601 1575/1731/609
f 1554/1708/604 1553/1707/602 1568/1723/610
f 1561/1716/603 1576/1732/611 1577/1733/613
f 1555/1709/606 1554/1708/604 1569/1724/612
f 1555/1710/606 1570/1726/614 1571/1727/616
f 1548/1702/607 1563/1718/615 1564/1719/617
f 1556/1711/593 1571/1727/616 1572/1728/618
f 1549/1703/908 1564/1719/617 1565/1720/619
f 1558/1713/597 1557/1712/595 1572/1728/618
f 1550/1704/596 1565/1720/619 1566/1721/857
f 1558/1713/597 1573/1729/620 1574/1730/608
f 1552/1706/600 1551/1705/598 1566/1721/857
f 1564/1719/617 1563/1718/615 1578/1734/623
f 1571/1727/616 1586/1743/637 1587/1744/625
f 1565/1720/619 1564/1719/617 1579/1735/624
f 1573/1729/620 1572/1728/618 1587/1744/625
f 1566/1721/857 1565/1720/619 1580/1736/626
f 1574/1730/608 1573/1729/620 1588/1745/627
f 1567/1722/622 1566/1721/857 1581/1737/628
f 1575/1731/609 1574/1730/608 1589/1746/629
f 1567/1722/622 1582/1738/630 1583/1739/632
f 1575/1731/609 1590/1747/631 1591/1748/909
f 1569/1724/612 1568/1723/610 1583/1739/632
f 1576/1732/611 1591/1748/909 1592/1749/635
f 1570/1725/614 1569/1724/612 1584/1740/634
f 1570/1726/614 1585/1742/636 1586/1743/637
f 1582/1738/630 1598/1755/652 1599/1756/638
f 1590/1747/631 1606/1764/639 1607/1765/640
f 1584/1740/634 1583/1739/632 1599/1756/638
f 1592/1749/635 1591/1748/909 1607/1765/640
f 1585/1741/636 1584/1740/634 1600/1757/641
f 1585/1742/636 1601/1759/643 1602/1760/645
f 1578/1734/623 1594/1751/644 1595/1752/646
f 1586/1743/637 1602/1760/645 1603/1761/647
f 1579/1735/624 1595/1752/646 1596/1753/648
f 1588/1745/627 1587/1744/625 1603/1761/647
f 1580/1736/626 1596/1753/648 1597/1754/650
f 1588/1745/627 1604/1762/649 1605/1763/651
f 1582/1738/630 1581/1737/628 1597/1754/650
f 1590/1747/631 1589/1746/629 1605/1763/651
f 1602/1760/645 1617/1776/666 1618/1777/653
f 1596/1753/648 1595/1752/646 1610/1768/910
f 1604/1762/649 1603/1761/647 1618/1777/653
f 1597/1754/650 1596/1753/648 1611/1769/654
f 1604/1762/649 1619/1778/655 1620/1779/657
f 1598/1755/652 1597/1754/650 1612/1770/656
f 1606/1764/639 1605/1763/651 1620/1779/657
f 1598/1755/652 1613/1771/911 1614/1772/660
f 1607/1765/640 1606/1764/639 1621/1780/659
f 1600/1757/641 1599/1756/638 1614/1772/660
f 1608/1766/642 1607/1765/640 1622/1781/661
f 1601/1758/643 1600/1757/641 1615/1773/662
f 1601/1759/643 1616/1775/664 1617/1776/666
f 1595/1752/646 1594/1751/644 1609/1767/665
f 1621/1780/659 1636/1796/682 1637/1797/668
f 1615/1773/662 1614/1772/660 1629/1788/669
f 1622/1781/661 1637/1797/668 1638/1798/671
f 1616/1774/664 1615/1773/662 1630/1789/670
f 1616/1775/664 1631/1791/672 1632/1792/674
f 1610/1768/910 1609/1767/665 1624/1783/673
f 1617/1776/666 1632/1792/674 1633/1793/676
f 1610/1768/910 1625/1784/675 1626/1785/677
f 1619/1778/655 1618/1777/653 1633/1793/676
f 1612/1770/656 1611/1769/654 1626/1785/677
f 1620/1779/657 1619/1778/655 1634/1794/678
f 1613/1771/911 1612/1770/656 1627/1786/865
f 1621/1780/659 1620/1779/657 1635/1795/680
f 1613/1771/911 1628/1787/913 1629/1788/669
f 1634/1794/678 1633/1793/676 1648/1809/683
f 1626/1785/677 1641/1801/697 1642/1802/866
f 1635/1795/680 1634/1794/678 1649/1810/684
f 1628/1787/913 1627/1786/865 1642/1802/866
f 1636/1796/682 1635/1795/680 1650/1811/686
f 1628/1787/913 1643/1803/687 1644/1804/689
f 1637/1797/668 1636/1796/682 1651/1812/688
f 1630/1789/670 1629/1788/669 1644/1804/689
f 1637/1797/668 1652/1813/690 1653/1814/692
f 1631/1790/672 1630/1789/670 1645/1805/691
f 1631/1791/672 1646/1807/693 1647/1808/695
f 1625/1784/675 1624/1783/673 1639/1799/694
f 1632/1792/674 1647/1808/695 1648/1809/683
f 1626/1785/677 1625/1784/675 1640/1800/696
f 1653/1814/692 1652/1813/690 1667/1829/712
f 1645/1805/691 1660/1821/699 1661/1822/700
f 1647/1808/695 1646/1807/693 1661/1823/700
f 1640/1800/696 1639/1799/694 1654/1815/870
f 1647/1808/695 1662/1824/702 1663/1825/704
f 1640/1800/696 1655/1816/703 1656/1817/705
f 1649/1810/684 1648/1809/683 1663/1825/704
f 1642/1802/866 1641/1801/697 1656/1817/705
f 1649/1810/684 1664/1826/706 1665/1827/708
f 1642/1802/866 1657/1818/871 1658/1819/709
f 1651/1812/688 1650/1811/686 1665/1827/708
f 1643/1803/687 1658/1819/709 1659/1820/711
f 1651/1812/688 1666/1828/710 1667/1829/712
f 1645/1805/691 1644/1804/689 1659/1820/711
f 1656/1817/705 1671/1833/713 1672/1834/714
f 1664/1826/706 1679/1842/727 1680/1843/715
f 1657/1818/871 1672/1834/714 1673/1835/716
f 1666/1828/710 1665/1827/708 1680/1843/715
f 1658/1819/709 1673/1835/716 1674/1836/718
f 1666/1828/710 1681/1844/717 1682/1845/874
f 1660/1821/699 1659/1820/711 1674/1836/718
f 1667/1829/712 1682/1845/874 1683/1846/721
f 1661/1822/700 1660/1821/699 1675/1837/720
f 1661/1823/700 1676/1839/722 1677/1840/724
f 1654/1815/870 1669/1831/723 1670/1832/725
f 1662/1824/702 1677/1840/724 1678/1841/726
f 1655/1816/703 1670/1832/725 1671/1833/713
f 1664/1826/706 1663/1825/704 1678/1841/726
f 1676/1838/722 1675/1837/720 1690/1853/728
f 1676/1839/722 1691/1855/729 1692/1856/732
f 1669/1831/723 1684/1847/730 1685/1848/733
f 1677/1840/724 1692/1856/732 1693/1857/734
f 1670/1832/725 1685/1848/733 1686/1849/735
f 1679/1842/727 1678/1841/726 1693/1857/734
f 1672/1834/714 1671/1833/713 1686/1849/735
f 1679/1842/727 1694/1858/736 1695/1859/738
f 1673/1835/716 1672/1834/714 1687/1850/737
f 1681/1844/717 1680/1843/715 1695/1859/738
f 1673/1835/716 1688/1851/739 1689/1852/741
f 1681/1844/717 1696/1860/740 1697/1861/742
f 1675/1837/720 1674/1836/718 1689/1852/741
f 1682/1845/874 1697/1861/742 1698/1862/731
f 1694/1858/736 1709/1874/757 1710/1875/743
f 1688/1851/739 1687/1850/737 1702/1866/744
f 1696/1860/740 1695/1859/738 1710/1875/743
f 1688/1851/739 1703/1867/745 1704/1868/747
f 1697/1861/742 1696/1860/740 1711/1876/746
f 1690/1853/728 1689/1852/741 1704/1868/747
f 1698/1862/731 1697/1861/742 1712/1877/748
f 1691/1854/729 1690/1853/728 1705/1869/749
f 1691/1855/729 1706/1870/751 1707/1872/753
f 1685/1848/733 1684/1847/730 1699/1863/881
f 1692/1856/732 1707/1872/753 1708/1873/755
f 1686/1849/735 1685/1848/733 1700/1864/754
f 1694/1858/736 1693/1857/734 1708/1873/755
f 1687/1850/737 1686/1849/735 1701/1865/756
f 1706/1870/751 1721/1887/772 1722/1888/760
f 1699/1863/881 1714/1879/883 1715/1880/884
f 1707/1872/753 1722/1888/760 1723/1889/762
f 1700/1864/754 1715/1880/884 1716/1881/763
f 1709/1874/757 1708/1873/755 1723/1889/762
f 1701/1865/756 1716/1881/763 1717/1882/885
f 1709/1874/757 1724/1890/764 1725/1891/766
f 1703/1867/745 1702/1866/744 1717/1882/885
f 1711/1876/746 1710/1875/743 1725/1891/766
f 1703/1867/745 1718/1883/767 1719/1884/769
f 1711/1876/746 1726/1892/768 1727/1893/914
f 1705/1869/749 1704/1868/747 1719/1884/769
f 1712/1877/748 1727/1893/914 1728/1894/759
f 1706/1871/751 1705/1869/749 1720/1885/771
f 1718/1883/767 1717/1882/885 1732/1898/773
f 1726/1892/768 1725/1891/766 1740/1907/775
f 1718/1883/767 1733/1899/774 1734/1900/777
f 1726/1892/768 1741/1908/776 1742/1909/889
f 1720/1885/771 1719/1884/769 1734/1900/777
f 1727/1893/914 1742/1909/889 1743/1910/780
f 1721/1886/772 1720/1885/771 1735/1901/779
f 1721/1887/772 1736/1902/781 1737/1904/783
f 1715/1880/884 1714/1879/883 1729/1895/915
f 1722/1888/760 1737/1904/783 1738/1905/785
f 1715/1880/884 1730/1896/784 1731/1897/786
f 1724/1890/764 1723/1889/762 1738/1905/785
f 1717/1882/885 1716/1881/763 1731/1897/786
f 1724/1890/764 1739/1906/787 1740/1907/775
f 1736/1902/781 1751/1919/801 1752/1920/788
f 1729/1895/915 1744/1911/916 1745/1912/789
f 1737/1904/783 1752/1920/788 1753/1921/790
f 1731/1897/786 1730/1896/784 1745/1912/789
f 1739/1906/787 1738/1905/785 1753/1921/790
f 1732/1898/773 1731/1897/786 1746/1913/791
f 1739/1906/787 1754/1922/792 1755/1923/794
f 1733/1899/774 1732/1898/773 1747/1914/793
f 1741/1908/776 1740/1907/775 1755/1923/794
f 1733/1899/774 1748/1915/795 1749/1916/797
f 1741/1908/776 1756/1924/796 1757/1925/798
f 1735/1901/779 1734/1900/777 1749/1916/797
f 1743/1910/780 1742/1909/889 1757/1925/798
f 1736/1903/781 1735/1901/779 1750/1917/799
f 1756/1924/796 1755/1923/794 1764/1932/322
f 1749/1916/797 1748/1915/795 1287/1423/352
f 1757/1925/798 1756/1924/796 1765/1933/324
f 1750/1917/799 1749/1916/797 1762/1930/325
f 1757/1925/798 1766/1934/804 1767/1935/333
f 1751/1918/801 1750/1917/799 1288/1424/331
f 1751/1919/801 1289/1426/335 1290/1427/339
f 1744/1911/916 1759/1927/336 1760/1928/341
f 1752/1920/788 1290/1427/339 1763/1931/343
f 1746/1913/791 1745/1912/789 1760/1928/341
f 1753/1921/790 1763/1931/343 1291/1428/348
f 1747/1914/793 1746/1913/791 1286/1422/346
f 1754/1922/792 1291/1428/348 1764/1932/322
f 1748/1915/795 1747/1914/793 1761/1929/349
f 2246/2446/322 1785/1955/351 1786/1956/323
f 2244/2444/325 1769/1937/352 1778/1947/326
f 2247/2447/324 1786/1956/323 1787/1957/803
f 2244/2444/325 1779/1948/327 1780/1949/330
f 2248/2448/804 1787/1957/803 1788/1958/332
f 1770/1938/331 1780/1949/330 1781/1950/334
f 1772/1941/339 1771/1940/335 1781/1951/334
f 2241/2441/336 1774/1943/337 1775/1944/342
f 2245/2445/343 1772/1941/339 1782/1952/340
f 2242/2442/341 1775/1944/342 1776/1945/345
f 2245/2445/343 1783/1953/344 1784/1954/347
f 2243/2443/349 1768/1936/346 1776/1945/345
f 2246/2446/322 1773/1942/348 1784/1954/347
f 2243/2443/349 1777/1946/350 1778/1947/326
f 1776/1945/345 1791/1961/366 1792/1962/353
f 1784/1954/347 1799/1970/367 1800/1971/354
f 1778/1947/326 1777/1946/350 1792/1962/353
f 1785/1955/351 1800/1971/354 1801/1972/356
f 1778/1947/326 1793/1963/355 1794/1964/357
f 1786/1956/323 1801/1972/356 1802/1973/806
f 1779/1948/327 1794/1964/357 1795/1965/359
f 1788/1958/332 1787/1957/803 1802/1973/806
f 1780/1949/330 1795/1965/359 1796/1966/361
f 1782/1952/340 1781/1951/334 1796/1967/361
f 1775/1944/342 1774/1943/337 1789/1959/362
f 1782/1952/340 1797/1968/363 1798/1969/365
f 1775/1944/342 1790/1960/917 1791/1961/366
f 1784/1954/347 1783/1953/344 1798/1969/365
f 1795/1965/359 1810/1981/382 1811/1982/368
f 1797/1968/363 1796/1967/361 1811/1983/368
f 1789/1959/362 1804/1975/918 1805/1976/372
f 1798/1969/365 1797/1968/363 1812/1984/371
f 1790/1960/917 1805/1976/372 1806/1977/374
f 1799/1970/367 1798/1969/365 1813/1985/373
f 1791/1961/366 1806/1977/374 1807/1978/897
f 1799/1970/367 1814/1986/375 1815/1987/377
f 1792/1962/353 1807/1978/897 1808/1979/919
f 1800/1971/354 1815/1987/377 1816/1988/379
f 1793/1963/355 1808/1979/919 1809/1980/380
f 1801/1972/356 1816/1988/379 1817/1989/810
f 1794/1964/357 1809/1980/380 1810/1981/382
f 1802/1973/806 1817/1989/810 1818/1990/370
f 1814/1986/375 1829/2002/397 1830/2003/383
f 1808/1979/919 1807/1978/897 1822/1994/814
f 1816/1988/379 1815/1987/377 1830/2003/383
f 1808/1979/919 1823/1995/385 1824/1996/387
f 1817/1989/810 1816/1988/379 1831/2004/386
f 1810/1981/382 1809/1980/380 1824/1996/387
f 1818/1990/370 1817/1989/810 1832/2005/811
f 1810/1981/382 1825/1997/389 1826/1998/391
f 1812/1984/371 1811/1983/368 1826/1999/391
f 1804/1975/918 1819/1991/392 1820/1992/813
f 1812/1984/371 1827/2000/393 1828/2001/395
f 1806/1977/374 1805/1976/372 1820/1992/813
f 1814/1986/375 1813/1985/373 1828/2001/395
f 1807/1978/897 1806/1977/374 1821/1993/396
f 1827/2000/393 1826/1999/391 1841/2015/399
f 1819/1991/392 1834/2007/920 1835/2008/401
f 1827/2000/393 1842/2016/400 1843/2017/402
f 1821/1993/396 1820/1992/813 1835/2008/401
f 1828/2001/395 1843/2017/402 1844/2018/404
f 1822/1994/814 1821/1993/396 1836/2009/403
f 1830/2003/383 1829/2002/397 1844/2018/404
f 1822/1994/814 1837/2010/405 1838/2011/816
f 1830/2003/383 1845/2019/406 1846/2020/408
f 1824/1996/387 1823/1995/385 1838/2011/816
f 1832/2005/811 1831/2004/386 1846/2020/408
f 1825/1997/389 1824/1996/387 1839/2012/409
f 1832/2005/811 1847/2021/817 1848/2022/398
f 1825/1997/389 1840/2013/411 1841/2014/399
f 1845/2019/406 1861/2036/426 1862/2037/413
f 1839/2012/409 1838/2011/816 1854/2028/427
f 1847/2021/817 1846/2020/408 1862/2037/413
f 1840/2013/411 1839/2012/409 1855/2029/414
f 1848/2022/398 1847/2021/817 1863/2038/818
f 1841/2014/399 1840/2013/411 1856/2030/416
f 1841/2015/399 1857/2032/418 1858/2033/420
f 1834/2007/920 1850/2024/921 1851/2025/421
f 1842/2016/400 1858/2033/420 1859/2034/422
f 1836/2009/403 1835/2008/401 1851/2025/421
f 1843/2017/402 1859/2034/422 1860/2035/424
f 1836/2009/403 1852/2026/423 1853/2027/820
f 1845/2019/406 1844/2018/404 1860/2035/424
f 1837/2010/405 1853/2027/820 1854/2028/427
f 1850/2024/921 1865/2040/922 1866/2041/428
f 1858/2033/420 1873/2049/442 1874/2050/429
f 1851/2025/421 1866/2041/428 1867/2042/430
f 1860/2035/424 1859/2034/422 1874/2050/429
f 1852/2026/423 1867/2042/430 1868/2043/821
f 1860/2035/424 1875/2051/431 1876/2052/433
f 1854/2028/427 1853/2027/820 1868/2043/821
f 1862/2037/413 1861/2036/426 1876/2052/433
f 1854/2028/427 1869/2044/434 1870/2045/436
f 1863/2038/818 1862/2037/413 1877/2053/435
f 1856/2030/416 1855/2029/414 1870/2045/436
f 1863/2038/818 1878/2054/437 1879/2055/439
f 1857/2031/418 1856/2030/416 1871/2046/438
f 1857/2032/418 1872/2048/440 1873/2049/442
f 1869/2044/434 1884/2060/456 1885/2061/443
f 1877/2053/435 1892/2069/457 1893/2070/825
f 1871/2046/438 1870/2045/436 1885/2061/443
f 1878/2054/437 1893/2070/825 1894/2071/446
f 1871/2046/438 1886/2062/445 1887/2063/447
f 1873/2049/442 1872/2048/440 1887/2064/447
f 1865/2040/922 1880/2056/923 1881/2057/450
f 1873/2049/442 1888/2065/449 1889/2066/451
f 1866/2041/428 1881/2057/450 1882/2058/452
f 1875/2051/431 1874/2050/429 1889/2066/451
f 1867/2042/430 1882/2058/452 1883/2059/826
f 1875/2051/431 1890/2067/453 1891/2068/455
f 1869/2044/434 1868/2043/821 1883/2059/826
f 1877/2053/435 1876/2052/433 1891/2068/455
f 1888/2065/449 1903/2081/471 1904/2082/458
f 1882/2058/452 1881/2057/450 1896/2073/472
f 1890/2067/453 1889/2066/451 1904/2082/458
f 1882/2058/452 1897/2074/459 1898/2075/461
f 1890/2067/453 1905/2083/460 1906/2084/462
f 1884/2060/456 1883/2059/826 1898/2075/461
f 1892/2069/457 1891/2068/455 1906/2084/462
f 1884/2060/456 1899/2076/463 1900/2077/465
f 1892/2069/457 1907/2085/464 1908/2086/828
f 1886/2062/445 1885/2061/443 1900/2077/465
f 1894/2071/446 1893/2070/825 1908/2086/828
f 1887/2063/447 1886/2062/445 1901/2078/467
f 1887/2064/447 1902/2080/469 1903/2081/471
f 1880/2056/923 1895/2072/470 1896/2073/472
f 1907/2085/464 1922/2101/487 1923/2102/829
f 1901/2078/467 1900/2077/465 1915/2093/474
f 1909/2087/468 1908/2086/828 1923/2102/829
f 1902/2079/469 1901/2078/467 1916/2094/475
f 1902/2080/469 1917/2096/477 1918/2097/479
f 1896/2073/472 1895/2072/470 1910/2088/478
f 1903/2081/471 1918/2097/479 1919/2098/481
f 1896/2073/472 1911/2089/901 1912/2090/482
f 1905/2083/460 1904/2082/458 1919/2098/481
f 1897/2074/459 1912/2090/482 1913/2091/484
f 1905/2083/460 1920/2099/483 1921/2100/485
f 1898/2075/461 1913/2091/484 1914/2092/833
f 1907/2085/464 1906/2084/462 1921/2100/485
f 1899/2076/463 1914/2092/833 1915/2093/474
f 1912/2090/482 1911/2089/901 1926/2105/488
f 1920/2099/483 1919/2098/481 1934/2114/490
f 1912/2090/482 1927/2106/489 1928/2107/925
f 1920/2099/483 1935/2115/924 1936/2116/493
f 1914/2092/833 1913/2091/484 1928/2107/925
f 1922/2101/487 1921/2100/485 1936/2116/493
f 1914/2092/833 1929/2108/926 1930/2109/496
f 1922/2101/487 1937/2117/495 1938/2118/927
f 1916/2094/475 1915/2093/474 1930/2109/496
f 1923/2102/829 1938/2118/927 1939/2119/499
f 1917/2095/477 1916/2094/475 1931/2110/498
f 1917/2096/477 1932/2112/500 1933/2113/502
f 1911/2089/901 1910/2088/478 1925/2104/902
f 1918/2097/479 1933/2113/502 1934/2114/490
f 1931/2110/498 1930/2109/496 1945/2125/517
f 1939/2119/499 1938/2118/927 1953/2134/839
f 1932/2111/500 1931/2110/498 1946/2126/503
f 1932/2112/500 1947/2128/506 1948/2129/508
f 1925/2104/902 1940/2120/507 1941/2121/509
f 1933/2113/502 1948/2129/508 1949/2130/510
f 1926/2105/488 1941/2121/509 1942/2122/511
f 1935/2115/924 1934/2114/490 1949/2130/510
f 1927/2106/489 1942/2122/511 1943/2123/928
f 1935/2115/924 1950/2131/512 1951/2132/514
f 1929/2108/926 1928/2107/925 1943/2123/928
f 1937/2117/495 1936/2116/493 1951/2132/514
f 1929/2108/926 1944/2124/838 1945/2125/517
f 1938/2118/927 1937/2117/495 1952/2133/516
f 1950/2131/512 1949/2130/510 1964/2146/518
f 1942/2122/511 1957/2138/532 1958/2139/520
f 1950/2131/512 1965/2147/519 1966/2148/521
f 1944/2124/838 1943/2123/928 1958/2139/520
f 1952/2133/516 1951/2132/514 1966/2148/521
f 1944/2124/838 1959/2140/522 1960/2141/524
f 1952/2133/516 1967/2149/929 1968/2150/930
f 1946/2126/503 1945/2125/517 1960/2141/524
f 1953/2134/839 1968/2150/930 1969/2151/527
f 1947/2127/506 1946/2126/503 1961/2142/526
f 1947/2128/506 1962/2144/528 1963/2145/530
f 1941/2121/509 1940/2120/507 1955/2136/841
f 1948/2129/508 1963/2145/530 1964/2146/518
f 1941/2121/509 1956/2137/531 1957/2138/532
f 1969/2151/527 1968/2150/930 1983/2166/842
f 1962/2143/528 1961/2142/526 1976/2158/535
f 1962/2144/528 1977/2160/536 1978/2161/538
f 1955/2136/841 1970/2152/537 1971/2153/904
f 1963/2145/530 1978/2161/538 1979/2162/540
f 1957/2138/532 1956/2137/531 1971/2153/904
f 1965/2147/519 1964/2146/518 1979/2162/540
f 1957/2138/532 1972/2154/541 1973/2155/543
f 1965/2147/519 1980/2163/542 1981/2164/544
f 1959/2140/522 1958/2139/520 1973/2155/543
f 1967/2149/929 1966/2148/521 1981/2164/544
f 1959/2140/522 1974/2156/545 1975/2157/547
f 1968/2150/930 1967/2149/929 1982/2165/546
f 1961/2142/526 1960/2141/524 1975/2157/547
f 1980/2163/542 1995/2179/548 1996/2180/549
f 1974/2156/545 1973/2155/543 1988/2171/931
f 1982/2165/546 1981/2164/544 1996/2180/549
f 1974/2156/545 1989/2172/551 1990/2173/553
f 1982/2165/546 1997/2181/552 1998/2182/845
f 1976/2158/535 1975/2157/547 1990/2173/553
f 1983/2166/842 1998/2182/845 1999/2183/556
f 1977/2159/536 1976/2158/535 1991/2174/555
f 1977/2160/536 1992/2175/557 1993/2177/559
f 1970/2152/537 1985/2168/558 1986/2169/847
f 1978/2161/538 1993/2177/559 1994/2178/561
f 1971/2153/904 1986/2169/847 1987/2170/562
f 1980/2163/542 1979/2162/540 1994/2178/561
f 1973/2155/543 1972/2154/541 1987/2170/562
f 1992/2175/557 2007/2192/577 2008/2193/565
f 1986/2169/847 1985/2168/558 2000/2184/563
f 1993/2177/559 2008/2193/565 2009/2194/567
f 1986/2169/847 2001/2185/566 2002/2186/568
f 1995/2179/548 1994/2178/561 2009/2194/567
f 1987/2170/562 2002/2186/568 2003/2187/848
f 1995/2179/548 2010/2195/569 2011/2196/571
f 1988/2171/931 2003/2187/848 2004/2188/905
f 1997/2181/552 1996/2180/549 2011/2196/571
f 1989/2172/551 2004/2188/905 2005/2189/574
f 1997/2181/552 2012/2197/573 2013/2198/849
f 1991/2174/555 1990/2173/553 2005/2189/574
f 1998/2182/845 2013/2198/849 2014/2199/564
f 1992/2176/557 1991/2174/555 2006/2190/576
f 2004/2188/905 2003/2187/848 2018/2203/592
f 2012/2197/573 2011/2196/571 2026/2212/579
f 2004/2188/905 2019/2204/578 2020/2205/581
f 2012/2197/573 2027/2213/580 2028/2214/582
f 2006/2190/576 2005/2189/574 2020/2205/581
f 2014/2199/564 2013/2198/849 2028/2214/582
f 2007/2191/577 2006/2190/576 2021/2206/583
f 2007/2192/577 2022/2207/585 2023/2209/587
f 2000/2184/563 2015/2200/907 2016/2201/851
f 2008/2193/565 2023/2209/587 2024/2210/589
f 2002/2186/568 2001/2185/566 2016/2201/851
f 2010/2195/569 2009/2194/567 2024/2210/589
f 2003/2187/848 2002/2186/568 2017/2202/590
f 2010/2195/569 2025/2211/591 2026/2212/579
f 2022/2207/585 2037/2224/606 2038/2225/593
f 2016/2201/851 2015/2200/907 2030/2216/607
f 2023/2209/587 2038/2225/593 2039/2226/595
f 2016/2201/851 2031/2217/908 2032/2218/596
f 2025/2211/591 2024/2210/589 2039/2226/595
f 2017/2202/590 2032/2218/596 2033/2219/598
f 2025/2211/591 2040/2227/597 2041/2228/599
f 2018/2203/592 2033/2219/598 2034/2220/932
f 2027/2213/580 2026/2212/579 2041/2228/599
f 2019/2204/578 2034/2220/932 2035/2221/602
f 2028/2214/582 2027/2213/580 2042/2229/601
f 2021/2206/583 2020/2205/581 2035/2221/602
f 2029/2215/584 2028/2214/582 2043/2230/853
f 2022/2208/585 2021/2206/583 2036/2222/604
f 2042/2229/601 2041/2228/599 2056/2244/608
f 2034/2220/932 2049/2236/934 2050/2237/610
f 2043/2230/853 2042/2229/601 2057/2245/609
f 2036/2222/604 2035/2221/602 2050/2237/610
f 2043/2230/853 2058/2246/855 2059/2247/613
f 2037/2223/606 2036/2222/604 2051/2238/612
f 2037/2224/606 2052/2240/614 2053/2241/616
f 2031/2217/908 2030/2216/607 2045/2232/933
f 2038/2225/593 2053/2241/616 2054/2242/618
f 2031/2217/908 2046/2233/617 2047/2234/619
f 2040/2227/597 2039/2226/595 2054/2242/618
f 2033/2219/598 2032/2218/596 2047/2234/619
f 2040/2227/597 2055/2243/620 2056/2244/608
f 2034/2220/932 2033/2219/598 2048/2235/857
f 2045/2232/933 2060/2248/623 2061/2249/624
f 2053/2241/616 2068/2257/637 2069/2258/625
f 2047/2234/619 2046/2233/617 2061/2249/624
f 2055/2243/620 2054/2242/618 2069/2258/625
f 2048/2235/857 2047/2234/619 2062/2250/626
f 2055/2243/620 2070/2259/627 2071/2260/629
f 2049/2236/934 2048/2235/857 2063/2251/935
f 2057/2245/609 2056/2244/608 2071/2260/629
f 2049/2236/934 2064/2252/630 2065/2253/632
f 2057/2245/609 2072/2261/631 2073/2262/633
f 2051/2238/612 2050/2237/610 2065/2253/632
f 2059/2247/613 2058/2246/855 2073/2262/633
f 2052/2239/614 2051/2238/612 2066/2254/634
f 2052/2240/614 2067/2256/636 2068/2257/637
f 2064/2252/630 2080/2269/652 2081/2270/638
f 2072/2261/631 2088/2278/639 2089/2279/860
f 2066/2254/634 2065/2253/632 2081/2270/638
f 2074/2263/635 2073/2262/633 2089/2279/860
f 2067/2255/636 2066/2254/634 2082/2271/641
f 2067/2256/636 2083/2273/643 2084/2274/645
f 2061/2249/624 2060/2248/623 2076/2265/936
f 2068/2257/637 2084/2274/645 2085/2275/647
f 2061/2249/624 2077/2266/646 2078/2267/648
f 2070/2259/627 2069/2258/625 2085/2275/647
f 2062/2250/626 2078/2267/648 2079/2268/937
f 2070/2259/627 2086/2276/649 2087/2277/651
f 2064/2252/630 2063/2251/935 2079/2268/937
f 2072/2261/631 2071/2260/629 2087/2277/651
f 2084/2274/645 2099/2290/666 2100/2291/653
f 2078/2267/648 2077/2266/646 2092/2282/667
f 2086/2276/649 2085/2275/647 2100/2291/653
f 2079/2268/937 2078/2267/648 2093/2283/654
f 2086/2276/649 2101/2292/655 2102/2293/657
f 2080/2269/652 2079/2268/937 2094/2284/862
f 2088/2278/639 2087/2277/651 2102/2293/657
f 2080/2269/652 2095/2285/911 2096/2286/660
f 2089/2279/860 2088/2278/639 2103/2294/659
f 2082/2271/641 2081/2270/638 2096/2286/660
f 2090/2280/642 2089/2279/860 2104/2295/863
f 2083/2272/643 2082/2271/641 2097/2287/662
f 2083/2273/643 2098/2289/664 2099/2290/666
f 2077/2266/646 2076/2265/936 2091/2281/938
f 2103/2294/659 2118/2310/682 2119/2311/864
f 2097/2287/662 2096/2286/660 2111/2302/669
f 2104/2295/863 2119/2311/864 2120/2312/671
f 2098/2288/664 2097/2287/662 2112/2303/670
f 2098/2289/664 2113/2305/672 2114/2306/674
f 2091/2281/938 2106/2297/673 2107/2298/675
f 2099/2290/666 2114/2306/674 2115/2307/676
f 2092/2282/667 2107/2298/675 2108/2299/677
f 2101/2292/655 2100/2291/653 2115/2307/676
f 2093/2283/654 2108/2299/677 2109/2300/679
f 2101/2292/655 2116/2308/678 2117/2309/680
f 2095/2285/911 2094/2284/862 2109/2300/679
f 2103/2294/659 2102/2293/657 2117/2309/680
f 2095/2285/911 2110/2301/681 2111/2302/669
f 2116/2308/678 2115/2307/676 2130/2323/683
f 2109/2300/679 2108/2299/677 2123/2315/697
f 2116/2308/678 2131/2324/684 2132/2325/686
f 2110/2301/681 2109/2300/679 2124/2316/866
f 2118/2310/682 2117/2309/680 2132/2325/686
f 2110/2301/681 2125/2317/687 2126/2318/689
f 2118/2310/682 2133/2326/688 2134/2327/690
f 2112/2303/670 2111/2302/669 2126/2318/689
f 2120/2312/671 2119/2311/864 2134/2327/690
f 2113/2304/672 2112/2303/670 2127/2319/691
f 2113/2305/672 2128/2321/693 2129/2322/695
f 2107/2298/675 2106/2297/673 2121/2313/694
f 2114/2306/674 2129/2322/695 2130/2323/683
f 2108/2299/677 2107/2298/675 2122/2314/696
f 2135/2328/692 2134/2327/690 2149/2343/869
f 2128/2320/693 2127/2319/691 2142/2335/699
f 2128/2321/693 2143/2337/700 2144/2338/702
f 2121/2313/694 2136/2329/870 2137/2330/703
f 2129/2322/695 2144/2338/702 2145/2339/704
f 2123/2315/697 2122/2314/696 2137/2330/703
f 2131/2324/684 2130/2323/683 2145/2339/704
f 2124/2316/866 2123/2315/697 2138/2331/705
f 2131/2324/684 2146/2340/706 2147/2341/708
f 2125/2317/687 2124/2316/866 2139/2332/871
f 2133/2326/688 2132/2325/686 2147/2341/708
f 2125/2317/687 2140/2333/709 2141/2334/711
f 2133/2326/688 2148/2342/710 2149/2343/869
f 2127/2319/691 2126/2318/689 2141/2334/711
f 2139/2332/871 2138/2331/705 2153/2347/713
f 2146/2340/706 2161/2356/727 2162/2357/715
f 2140/2333/709 2139/2332/871 2154/2348/939
f 2148/2342/710 2147/2341/708 2162/2357/715
f 2140/2333/709 2155/2349/873 2156/2350/718
f 2148/2342/710 2163/2358/717 2164/2359/874
f 2142/2335/699 2141/2334/711 2156/2350/718
f 2150/2344/698 2149/2343/869 2164/2359/874
f 2143/2336/700 2142/2335/699 2157/2351/720
f 2143/2337/700 2158/2353/722 2159/2354/724
f 2136/2329/870 2151/2345/723 2152/2346/725
f 2144/2338/702 2159/2354/724 2160/2355/726
f 2138/2331/705 2137/2330/703 2152/2346/725
f 2146/2340/706 2145/2339/704 2160/2355/726
f 2158/2352/722 2157/2351/720 2172/2367/728
f 2158/2353/722 2173/2369/729 2174/2370/732
f 2152/2346/725 2151/2345/723 2166/2361/940
f 2159/2354/724 2174/2370/732 2175/2371/734
f 2152/2346/725 2167/2362/733 2168/2363/735
f 2161/2356/727 2160/2355/726 2175/2371/734
f 2153/2347/713 2168/2363/735 2169/2364/737
f 2161/2356/727 2176/2372/736 2177/2373/738
f 2155/2349/873 2154/2348/939 2169/2364/737
f 2163/2358/717 2162/2357/715 2177/2373/738
f 2155/2349/873 2170/2365/877 2171/2366/741
f 2163/2358/717 2178/2374/740 2179/2375/878
f 2157/2351/720 2156/2350/718 2171/2366/741
f 2165/2360/875 2164/2359/874 2179/2375/878
f 2176/2372/736 2191/2388/757 2192/2389/743
f 2170/2365/877 2169/2364/737 2184/2380/744
f 2178/2374/740 2177/2373/738 2192/2389/743
f 2170/2365/877 2185/2381/745 2186/2382/747
f 2179/2375/878 2178/2374/740 2193/2390/746
f 2172/2367/728 2171/2366/741 2186/2382/747
f 2180/2376/731 2179/2375/878 2194/2391/880
f 2173/2368/729 2172/2367/728 2187/2383/749
f 2173/2369/729 2188/2384/751 2189/2386/753
f 2166/2361/940 2181/2377/881 2182/2378/941
f 2174/2370/732 2189/2386/753 2190/2387/755
f 2168/2363/735 2167/2362/733 2182/2378/941
f 2176/2372/736 2175/2371/734 2190/2387/755
f 2169/2364/737 2168/2363/735 2183/2379/756
f 2188/2384/751 2203/2401/772 2204/2402/760
f 2182/2378/941 2181/2377/881 2196/2393/942
f 2189/2386/753 2204/2402/760 2205/2403/762
f 2182/2378/941 2197/2394/884 2198/2395/763
f 2191/2388/757 2190/2387/755 2205/2403/762
f 2183/2379/756 2198/2395/763 2199/2396/885
f 2191/2388/757 2206/2404/764 2207/2405/766
f 2185/2381/745 2184/2380/744 2199/2396/885
f 2193/2390/746 2192/2389/743 2207/2405/766
f 2185/2381/745 2200/2397/886 2201/2398/769
f 2193/2390/746 2208/2406/768 2209/2407/770
f 2187/2383/749 2186/2382/747 2201/2398/769
f 2194/2391/880 2209/2407/770 2210/2408/759
f 2188/2385/751 2187/2383/749 2202/2399/771
f 2200/2397/886 2199/2396/885 2214/2412/887
f 2208/2406/768 2207/2405/766 2222/2421/775
f 2200/2397/886 2215/2413/888 2216/2414/777
f 2208/2406/768 2223/2422/776 2224/2423/889
f 2202/2399/771 2201/2398/769 2216/2414/777
f 2209/2407/770 2224/2423/889 2225/2424/780
f 2203/2400/772 2202/2399/771 2217/2415/779
f 2203/2401/772 2218/2416/781 2219/2418/943
f 2197/2394/884 2196/2393/942 2211/2409/915
f 2204/2402/760 2219/2418/943 2220/2419/785
f 2198/2395/763 2197/2394/884 2212/2410/784
f 2206/2404/764 2205/2403/762 2220/2419/785
f 2199/2396/885 2198/2395/763 2213/2411/786
f 2206/2404/764 2221/2420/787 2222/2421/775
f 2218/2416/781 2233/2433/801 2234/2434/788
f 2211/2409/915 2226/2425/802 2227/2426/789
f 2219/2418/943 2234/2434/788 2235/2435/790
f 2212/2410/784 2227/2426/789 2228/2427/791
f 2221/2420/787 2220/2419/785 2235/2435/790
f 2213/2411/786 2228/2427/791 2229/2428/793
f 2221/2420/787 2236/2436/792 2237/2437/794
f 2215/2413/888 2214/2412/887 2229/2428/793
f 2223/2422/776 2222/2421/775 2237/2437/794
f 2215/2413/888 2230/2429/944 2231/2430/797
f 2224/2423/889 2223/2422/776 2238/2438/796
f 2217/2415/779 2216/2414/777 2231/2430/797
f 2224/2423/889 2239/2439/893 2240/2440/800
f 2218/2417/781 2217/2415/779 2232/2431/799
f 2238/2438/796 2237/2437/794 2246/2446/322
f 2231/2430/797 2230/2429/944 1769/1937/352
f 2239/2439/893 2238/2438/796 2247/2447/324
f 2232/2431/799 2231/2430/797 2244/2444/325
f 2240/2440/800 2239/2439/893 2248/2448/804
f 2233/2432/801 2232/2431/799 1770/1938/331
f 2233/2433/801 1771/1940/335 1772/1941/339
f 2227/2426/789 2226/2425/802 2241/2441/336
f 2234/2434/788 1772/1941/339 2245/2445/343
f 2228/2427/791 2227/2426/789 2242/2442/341
f 2235/2435/790 2245/2445/343 1773/1942/348
f 2229/2428/793 2228/2427/791 1768/1936/346
f 2236/2436/792 1773/1942/348 2246/2446/322
f 2230/2429/944 2229/2428/793 2243/2443/349
f 2728/2960/322 2267/2469/351 2268/2470/323
f 2726/2958/325 2251/2451/352 2260/2461/894
f 2729/2961/324 2268/2470/323 2269/2471/328
f 2726/2958/325 2261/2462/327 2262/2463/330
f 2730/2962/329 2269/2471/328 2270/2472/332
f 2252/2452/331 2262/2463/330 2263/2464/334
f 2254/2455/339 2253/2454/335 2263/2465/334
f 2724/2956/341 2723/2955/336 2256/2457/337
f 2254/2455/339 2264/2466/340 2265/2467/344
f 2724/2956/341 2257/2458/342 2258/2459/345
f 2727/2959/343 2265/2467/344 2266/2468/347
f 2250/2450/346 2258/2459/345 2259/2460/945
f 2255/2456/348 2266/2468/347 2267/2469/351
f 2251/2451/352 2725/2957/349 2259/2460/945
f 2258/2459/345 2273/2475/366 2274/2476/946
f 2267/2469/351 2266/2468/347 2281/2484/367
f 2259/2460/945 2274/2476/946 2275/2477/355
f 2268/2470/323 2267/2469/351 2282/2485/354
f 2260/2461/894 2275/2477/355 2276/2478/357
f 2268/2470/323 2283/2486/356 2284/2487/358
f 2262/2463/330 2261/2462/327 2276/2478/357
f 2269/2471/328 2284/2487/358 2285/2488/360
f 2262/2463/330 2277/2479/359 2278/2480/361
f 2264/2466/340 2263/2465/334 2278/2481/361
f 2257/2458/342 2256/2457/337 2271/2473/362
f 2264/2466/340 2279/2482/363 2280/2483/365
f 2257/2458/342 2272/2474/917 2273/2475/366
f 2266/2468/347 2265/2467/344 2280/2483/365
f 2278/2480/361 2277/2479/359 2292/2495/382
f 2278/2481/361 2293/2497/368 2294/2498/371
f 2271/2473/362 2286/2489/896 2287/2490/372
f 2279/2482/363 2294/2498/371 2295/2499/373
f 2272/2474/917 2287/2490/372 2288/2491/947
f 2281/2484/367 2280/2483/365 2295/2499/373
f 2273/2475/366 2288/2491/947 2289/2492/376
f 2281/2484/367 2296/2500/375 2297/2501/377
f 2274/2476/946 2289/2492/376 2290/2493/919
f 2283/2486/356 2282/2485/354 2297/2501/377
f 2275/2477/355 2290/2493/919 2291/2494/380
f 2283/2486/356 2298/2502/379 2299/2503/381
f 2277/2479/359 2276/2478/357 2291/2494/380
f 2285/2488/360 2284/2487/358 2299/2503/381
f 2297/2501/377 2296/2500/375 2311/2516/397
f 2289/2492/376 2304/2508/814 2305/2509/898
f 2298/2502/379 2297/2501/377 2312/2517/383
f 2290/2493/919 2305/2509/898 2306/2510/387
f 2299/2503/381 2298/2502/379 2313/2518/386
f 2292/2495/382 2291/2494/380 2306/2510/387
f 2300/2504/370 2299/2503/381 2314/2519/388
f 2293/2496/368 2292/2495/382 2307/2511/389
f 2293/2497/368 2308/2512/391 2309/2514/393
f 2287/2490/372 2286/2489/896 2301/2505/812
f 2294/2498/371 2309/2514/393 2310/2515/395
f 2288/2491/947 2287/2490/372 2302/2506/813
f 2296/2500/375 2295/2499/373 2310/2515/395
f 2288/2491/947 2303/2507/396 2304/2508/814
f 2308/2512/391 2323/2529/399 2324/2530/400
f 2302/2506/813 2301/2505/812 2316/2521/412
f 2309/2514/393 2324/2530/400 2325/2531/402
f 2303/2507/396 2302/2506/813 2317/2522/401
f 2311/2516/397 2310/2515/395 2325/2531/402
f 2304/2508/814 2303/2507/396 2318/2523/403
f 2311/2516/397 2326/2532/404 2327/2533/406
f 2305/2509/898 2304/2508/814 2319/2524/405
f 2313/2518/386 2312/2517/383 2327/2533/406
f 2305/2509/898 2320/2525/407 2321/2526/409
f 2313/2518/386 2328/2534/408 2329/2535/410
f 2307/2511/389 2306/2510/387 2321/2526/409
f 2315/2520/390 2314/2519/388 2329/2535/410
f 2308/2513/391 2307/2511/389 2322/2527/411
f 2328/2534/408 2327/2533/406 2343/2550/426
f 2320/2525/407 2336/2542/900 2337/2543/414
f 2329/2535/410 2328/2534/408 2344/2551/413
f 2322/2527/411 2321/2526/409 2337/2543/414
f 2330/2536/398 2329/2535/410 2345/2552/818
f 2323/2528/399 2322/2527/411 2338/2544/416
f 2323/2529/399 2339/2546/418 2340/2547/420
f 2316/2521/412 2332/2538/419 2333/2539/899
f 2324/2530/400 2340/2547/420 2341/2548/422
f 2317/2522/401 2333/2539/899 2334/2540/423
f 2326/2532/404 2325/2531/402 2341/2548/422
f 2318/2523/403 2334/2540/423 2335/2541/820
f 2326/2532/404 2342/2549/424 2343/2550/426
f 2319/2524/405 2335/2541/820 2336/2542/900
f 2332/2538/419 2347/2554/441 2348/2555/428
f 2340/2547/420 2355/2563/442 2356/2564/429
f 2333/2539/899 2348/2555/428 2349/2556/430
f 2342/2549/424 2341/2548/422 2356/2564/429
f 2334/2540/423 2349/2556/430 2350/2557/821
f 2342/2549/424 2357/2565/431 2358/2566/433
f 2336/2542/900 2335/2541/820 2350/2557/821
f 2344/2551/413 2343/2550/426 2358/2566/433
f 2336/2542/900 2351/2558/434 2352/2559/436
f 2345/2552/818 2344/2551/413 2359/2567/435
f 2338/2544/416 2337/2543/414 2352/2559/436
f 2346/2553/417 2345/2552/818 2360/2568/823
f 2339/2545/418 2338/2544/416 2353/2560/438
f 2339/2546/418 2354/2562/440 2355/2563/442
f 2351/2558/434 2366/2574/824 2367/2575/443
f 2360/2568/823 2359/2567/435 2374/2583/457
f 2353/2560/438 2352/2559/436 2367/2575/443
f 2361/2569/439 2360/2568/823 2375/2584/825
f 2354/2561/440 2353/2560/438 2368/2576/445
f 2354/2562/440 2369/2578/447 2370/2579/449
f 2347/2554/441 2362/2570/448 2363/2571/450
f 2355/2563/442 2370/2579/449 2371/2580/451
f 2348/2555/428 2363/2571/450 2364/2572/452
f 2357/2565/431 2356/2564/429 2371/2580/451
f 2349/2556/430 2364/2572/452 2365/2573/454
f 2357/2565/431 2372/2581/453 2373/2582/455
f 2350/2557/821 2365/2573/454 2366/2574/824
f 2359/2567/435 2358/2566/433 2373/2582/455
f 2370/2579/449 2385/2595/471 2386/2596/458
f 2364/2572/452 2363/2571/450 2378/2587/472
f 2372/2581/453 2371/2580/451 2386/2596/458
f 2364/2572/452 2379/2588/459 2380/2589/827
f 2372/2581/453 2387/2597/460 2388/2598/462
f 2366/2574/824 2365/2573/454 2380/2589/827
f 2374/2583/457 2373/2582/455 2388/2598/462
f 2366/2574/824 2381/2590/463 2382/2591/465
f 2374/2583/457 2389/2599/464 2390/2600/828
f 2368/2576/445 2367/2575/443 2382/2591/465
f 2375/2584/825 2390/2600/828 2391/2601/468
f 2369/2577/447 2368/2576/445 2383/2592/467
f 2369/2578/447 2384/2594/469 2385/2595/471
f 2362/2570/448 2377/2586/470 2378/2587/472
f 2389/2599/464 2404/2615/487 2405/2616/829
f 2383/2592/467 2382/2591/465 2397/2607/474
f 2390/2600/828 2405/2616/829 2406/2617/476
f 2384/2593/469 2383/2592/467 2398/2608/475
f 2384/2594/469 2399/2610/477 2400/2611/479
f 2377/2586/470 2392/2602/478 2393/2603/480
f 2385/2595/471 2400/2611/479 2401/2612/481
f 2378/2587/472 2393/2603/480 2394/2604/482
f 2387/2597/460 2386/2596/458 2401/2612/481
f 2379/2588/459 2394/2604/482 2395/2605/832
f 2387/2597/460 2402/2613/483 2403/2614/485
f 2380/2589/827 2395/2605/832 2396/2606/486
f 2389/2599/464 2388/2598/462 2403/2614/485
f 2381/2590/463 2396/2606/486 2397/2607/474
f 2394/2604/482 2393/2603/480 2408/2619/948
f 2402/2613/483 2401/2612/481 2416/2628/490
f 2394/2604/482 2409/2620/489 2410/2621/492
f 2402/2613/483 2417/2629/491 2418/2630/493
f 2395/2605/832 2410/2621/492 2411/2622/926
f 2404/2615/487 2403/2614/485 2418/2630/493
f 2396/2606/486 2411/2622/926 2412/2623/496
f 2405/2616/829 2404/2615/487 2419/2631/495
f 2398/2608/475 2397/2607/474 2412/2623/496
f 2406/2617/476 2405/2616/829 2420/2632/927
f 2399/2609/477 2398/2608/475 2413/2624/498
f 2399/2610/477 2414/2626/500 2415/2627/502
f 2393/2603/480 2392/2602/478 2407/2618/501
f 2400/2611/479 2415/2627/502 2416/2628/490
f 2413/2624/498 2412/2623/496 2427/2639/517
f 2420/2632/927 2435/2648/504 2436/2649/505
f 2414/2625/500 2413/2624/498 2428/2640/503
f 2414/2626/500 2429/2642/506 2430/2643/508
f 2407/2618/501 2422/2634/836 2423/2635/837
f 2415/2627/502 2430/2643/508 2431/2644/510
f 2408/2619/948 2423/2635/837 2424/2636/511
f 2417/2629/491 2416/2628/490 2431/2644/510
f 2409/2620/489 2424/2636/511 2425/2637/513
f 2417/2629/491 2432/2645/512 2433/2646/514
f 2411/2622/926 2410/2621/492 2425/2637/513
f 2419/2631/495 2418/2630/493 2433/2646/514
f 2411/2622/926 2426/2638/515 2427/2639/517
f 2420/2632/927 2419/2631/495 2434/2647/516
f 2432/2645/512 2431/2644/510 2446/2660/518
f 2424/2636/511 2439/2652/532 2440/2653/520
f 2432/2645/512 2447/2661/519 2448/2662/521
f 2425/2637/513 2440/2653/520 2441/2654/949
f 2434/2647/516 2433/2646/514 2448/2662/521
f 2426/2638/515 2441/2654/949 2442/2655/524
f 2434/2647/516 2449/2663/523 2450/2664/930
f 2428/2640/503 2427/2639/517 2442/2655/524
f 2435/2648/504 2450/2664/930 2451/2665/527
f 2429/2641/506 2428/2640/503 2443/2656/526
f 2429/2642/506 2444/2658/528 2445/2659/530
f 2422/2634/836 2437/2650/950 2438/2651/531
f 2430/2643/508 2445/2659/530 2446/2660/518
f 2423/2635/837 2438/2651/531 2439/2652/532
f 2451/2665/527 2450/2664/930 2465/2680/533
f 2444/2657/528 2443/2656/526 2458/2672/535
f 2444/2658/528 2459/2674/536 2460/2675/538
f 2437/2650/950 2452/2666/843 2453/2667/539
f 2445/2659/530 2460/2675/538 2461/2676/540
f 2438/2651/531 2453/2667/539 2454/2668/541
f 2447/2661/519 2446/2660/518 2461/2676/540
f 2439/2652/532 2454/2668/541 2455/2669/543
f 2447/2661/519 2462/2677/542 2463/2678/544
f 2441/2654/949 2440/2653/520 2455/2669/543
f 2449/2663/523 2448/2662/521 2463/2678/544
f 2441/2654/949 2456/2670/844 2457/2671/547
f 2450/2664/930 2449/2663/523 2464/2679/546
f 2443/2656/526 2442/2655/524 2457/2671/547
f 2462/2677/542 2477/2693/548 2478/2694/549
f 2456/2670/844 2455/2669/543 2470/2685/550
f 2464/2679/546 2463/2678/544 2478/2694/549
f 2456/2670/844 2471/2686/551 2472/2687/553
f 2465/2680/533 2464/2679/546 2479/2695/552
f 2458/2672/535 2457/2671/547 2472/2687/553
f 2466/2681/534 2465/2680/533 2480/2696/554
f 2459/2673/536 2458/2672/535 2473/2688/555
f 2459/2674/536 2474/2689/557 2475/2691/559
f 2452/2666/843 2467/2682/846 2468/2683/560
f 2460/2675/538 2475/2691/559 2476/2692/561
f 2454/2668/541 2453/2667/539 2468/2683/560
f 2462/2677/542 2461/2676/540 2476/2692/561
f 2455/2669/543 2454/2668/541 2469/2684/562
f 2474/2689/557 2489/2706/577 2490/2707/565
f 2468/2683/560 2467/2682/846 2482/2698/563
f 2475/2691/559 2490/2707/565 2491/2708/567
f 2468/2683/560 2483/2699/566 2484/2700/568
f 2477/2693/548 2476/2692/561 2491/2708/567
f 2469/2684/562 2484/2700/568 2485/2701/848
f 2477/2693/548 2492/2709/569 2493/2710/571
f 2470/2685/550 2485/2701/848 2486/2702/905
f 2479/2695/552 2478/2694/549 2493/2710/571
f 2471/2686/551 2486/2702/905 2487/2703/574
f 2479/2695/552 2494/2711/573 2495/2712/575
f 2473/2688/555 2472/2687/553 2487/2703/574
f 2480/2696/554 2495/2712/575 2496/2713/564
f 2474/2690/557 2473/2688/555 2488/2704/576
f 2486/2702/905 2485/2701/848 2500/2717/906
f 2494/2711/573 2493/2710/571 2508/2726/579
f 2486/2702/905 2501/2718/850 2502/2719/581
f 2494/2711/573 2509/2727/580 2510/2728/951
f 2488/2704/576 2487/2703/574 2502/2719/581
f 2495/2712/575 2510/2728/951 2511/2729/584
f 2489/2705/577 2488/2704/576 2503/2720/583
f 2489/2706/577 2504/2721/585 2505/2723/587
f 2482/2698/563 2497/2714/952 2498/2715/851
f 2490/2707/565 2505/2723/587 2506/2724/589
f 2484/2700/568 2483/2699/566 2498/2715/851
f 2492/2709/569 2491/2708/567 2506/2724/589
f 2485/2701/848 2484/2700/568 2499/2716/590
f 2492/2709/569 2507/2725/591 2508/2726/579
f 2504/2721/585 2519/2738/606 2520/2739/593
f 2498/2715/851 2497/2714/952 2512/2730/854
f 2505/2723/587 2520/2739/593 2521/2740/595
f 2498/2715/851 2513/2731/594 2514/2732/596
f 2507/2725/591 2506/2724/589 2521/2740/595
f 2499/2716/590 2514/2732/596 2515/2733/598
f 2507/2725/591 2522/2741/597 2523/2742/599
f 2501/2718/850 2500/2717/906 2515/2733/598
f 2509/2727/580 2508/2726/579 2523/2742/599
f 2501/2718/850 2516/2734/600 2517/2735/602
f 2510/2728/951 2509/2727/580 2524/2743/601
f 2503/2720/583 2502/2719/581 2517/2735/602
f 2510/2728/951 2525/2744/603 2526/2745/605
f 2504/2722/585 2503/2720/583 2518/2736/604
f 2524/2743/601 2523/2742/599 2538/2758/608
f 2516/2734/600 2531/2750/622 2532/2751/610
f 2525/2744/603 2524/2743/601 2539/2759/609
f 2518/2736/604 2517/2735/602 2532/2751/610
f 2526/2745/605 2525/2744/603 2540/2760/611
f 2519/2737/606 2518/2736/604 2533/2752/612
f 2519/2738/606 2534/2754/614 2535/2755/616
f 2512/2730/854 2527/2746/856 2528/2747/617
f 2520/2739/593 2535/2755/616 2536/2756/618
f 2513/2731/594 2528/2747/617 2529/2748/619
f 2522/2741/597 2521/2740/595 2536/2756/618
f 2514/2732/596 2529/2748/619 2530/2749/621
f 2522/2741/597 2537/2757/620 2538/2758/608
f 2515/2733/598 2530/2749/621 2531/2750/622
f 2528/2747/617 2527/2746/856 2542/2762/858
f 2535/2755/616 2550/2771/637 2551/2772/625
f 2529/2748/619 2528/2747/617 2543/2763/624
f 2537/2757/620 2536/2756/618 2551/2772/625
f 2530/2749/621 2529/2748/619 2544/2764/626
f 2537/2757/620 2552/2773/627 2553/2774/629
f 2531/2750/622 2530/2749/621 2545/2765/935
f 2539/2759/609 2538/2758/608 2553/2774/629
f 2531/2750/622 2546/2766/630 2547/2767/632
f 2539/2759/609 2554/2775/631 2555/2776/909
f 2533/2752/612 2532/2751/610 2547/2767/632
f 2540/2760/611 2555/2776/909 2556/2777/635
f 2534/2753/614 2533/2752/612 2548/2768/634
f 2534/2754/614 2549/2770/636 2550/2771/637
f 2546/2766/630 2562/2783/652 2563/2784/638
f 2554/2775/631 2570/2792/639 2571/2793/640
f 2548/2768/634 2547/2767/632 2563/2784/638
f 2556/2777/635 2555/2776/909 2571/2793/640
f 2549/2769/636 2548/2768/634 2564/2785/641
f 2549/2770/636 2565/2787/643 2566/2788/645
f 2542/2762/858 2558/2779/644 2559/2780/646
f 2550/2771/637 2566/2788/645 2567/2789/647
f 2544/2764/626 2543/2763/624 2559/2780/646
f 2552/2773/627 2551/2772/625 2567/2789/647
f 2544/2764/626 2560/2781/648 2561/2782/650
f 2552/2773/627 2568/2790/649 2569/2791/651
f 2546/2766/630 2545/2765/935 2561/2782/650
f 2554/2775/631 2553/2774/629 2569/2791/651
f 2566/2788/645 2581/2804/666 2582/2805/653
f 2560/2781/648 2559/2780/646 2574/2796/667
f 2568/2790/649 2567/2789/647 2582/2805/653
f 2561/2782/650 2560/2781/648 2575/2797/654
f 2568/2790/649 2583/2806/655 2584/2807/657
f 2562/2783/652 2561/2782/650 2576/2798/656
f 2570/2792/639 2569/2791/651 2584/2807/657
f 2562/2783/652 2577/2799/911 2578/2800/660
f 2570/2792/639 2585/2808/659 2586/2809/661
f 2564/2785/641 2563/2784/638 2578/2800/660
f 2572/2794/642 2571/2793/640 2586/2809/661
f 2565/2786/643 2564/2785/641 2579/2801/662
f 2565/2787/643 2580/2803/664 2581/2804/666
f 2559/2780/646 2558/2779/644 2573/2795/665
f 2585/2808/659 2600/2824/682 2601/2825/668
f 2579/2801/662 2578/2800/660 2593/2816/669
f 2586/2809/661 2601/2825/668 2602/2826/671
f 2580/2802/664 2579/2801/662 2594/2817/670
f 2580/2803/664 2595/2819/672 2596/2820/674
f 2573/2795/665 2588/2811/673 2589/2812/675
f 2581/2804/666 2596/2820/674 2597/2821/676
f 2574/2796/667 2589/2812/675 2590/2813/677
f 2583/2806/655 2582/2805/653 2597/2821/676
f 2575/2797/654 2590/2813/677 2591/2814/865
f 2583/2806/655 2598/2822/678 2599/2823/680
f 2577/2799/911 2576/2798/656 2591/2814/865
f 2585/2808/659 2584/2807/657 2599/2823/680
f 2577/2799/911 2592/2815/913 2593/2816/669
f 2598/2822/678 2597/2821/676 2612/2837/683
f 2590/2813/677 2605/2829/697 2606/2830/866
f 2598/2822/678 2613/2838/684 2614/2839/686
f 2592/2815/913 2591/2814/865 2606/2830/866
f 2600/2824/682 2599/2823/680 2614/2839/686
f 2592/2815/913 2607/2831/687 2608/2832/689
f 2601/2825/668 2600/2824/682 2615/2840/688
f 2594/2817/670 2593/2816/669 2608/2832/689
f 2602/2826/671 2601/2825/668 2616/2841/690
f 2595/2818/672 2594/2817/670 2609/2833/691
f 2595/2819/672 2610/2835/693 2611/2836/695
f 2589/2812/675 2588/2811/673 2603/2827/694
f 2596/2820/674 2611/2836/695 2612/2837/683
f 2590/2813/677 2589/2812/675 2604/2828/696
f 2616/2841/690 2631/2857/869 2632/2858/698
f 2610/2834/693 2609/2833/691 2624/2849/699
f 2610/2835/693 2625/2851/700 2626/2852/702
f 2604/2828/696 2603/2827/694 2618/2843/870
f 2611/2836/695 2626/2852/702 2627/2853/704
f 2605/2829/697 2604/2828/696 2619/2844/703
f 2613/2838/684 2612/2837/683 2627/2853/704
f 2605/2829/697 2620/2845/705 2621/2846/871
f 2613/2838/684 2628/2854/706 2629/2855/708
f 2607/2831/687 2606/2830/866 2621/2846/871
f 2615/2840/688 2614/2839/686 2629/2855/708
f 2607/2831/687 2622/2847/709 2623/2848/711
f 2615/2840/688 2630/2856/710 2631/2857/869
f 2609/2833/691 2608/2832/689 2623/2848/711
f 2620/2845/705 2635/2861/713 2636/2862/939
f 2628/2854/706 2643/2870/727 2644/2871/715
f 2622/2847/709 2621/2846/871 2636/2862/939
f 2630/2856/710 2629/2855/708 2644/2871/715
f 2622/2847/709 2637/2863/716 2638/2864/718
f 2630/2856/710 2645/2872/717 2646/2873/719
f 2624/2849/699 2623/2848/711 2638/2864/718
f 2631/2857/869 2646/2873/719 2647/2874/875
f 2625/2850/700 2624/2849/699 2639/2865/720
f 2625/2851/700 2640/2867/722 2641/2868/724
f 2619/2844/703 2618/2843/870 2633/2859/723
f 2626/2852/702 2641/2868/724 2642/2869/726
f 2620/2845/705 2619/2844/703 2634/2860/725
f 2628/2854/706 2627/2853/704 2642/2869/726
f 2640/2866/722 2639/2865/720 2654/2881/728
f 2640/2867/722 2655/2883/729 2656/2884/732
f 2634/2860/725 2633/2859/723 2648/2875/730
f 2641/2868/724 2656/2884/732 2657/2885/734
f 2634/2860/725 2649/2876/733 2650/2877/735
f 2643/2870/727 2642/2869/726 2657/2885/734
f 2635/2861/713 2650/2877/735 2651/2878/737
f 2643/2870/727 2658/2886/736 2659/2887/738
f 2637/2863/716 2636/2862/939 2651/2878/737
f 2645/2872/717 2644/2871/715 2659/2887/738
f 2637/2863/716 2652/2879/739 2653/2880/741
f 2645/2872/717 2660/2888/740 2661/2889/742
f 2639/2865/720 2638/2864/718 2653/2880/741
f 2647/2874/875 2646/2873/719 2661/2889/742
f 2658/2886/736 2673/2902/757 2674/2903/743
f 2652/2879/739 2651/2878/737 2666/2894/744
f 2660/2888/740 2659/2887/738 2674/2903/743
f 2652/2879/739 2667/2895/745 2668/2896/747
f 2660/2888/740 2675/2904/746 2676/2905/748
f 2654/2881/728 2653/2880/741 2668/2896/747
f 2662/2890/731 2661/2889/742 2676/2905/748
f 2655/2882/729 2654/2881/728 2669/2897/749
f 2655/2883/729 2670/2898/751 2671/2900/753
f 2648/2875/730 2663/2891/752 2664/2892/882
f 2656/2884/732 2671/2900/753 2672/2901/755
f 2650/2877/735 2649/2876/733 2664/2892/882
f 2658/2886/736 2657/2885/734 2672/2901/755
f 2651/2878/737 2650/2877/735 2665/2893/756
f 2670/2898/751 2685/2915/772 2686/2916/760
f 2664/2892/882 2663/2891/752 2678/2907/953
f 2671/2900/753 2686/2916/760 2687/2917/762
f 2664/2892/882 2679/2908/884 2680/2909/763
f 2673/2902/757 2672/2901/755 2687/2917/762
f 2665/2893/756 2680/2909/763 2681/2910/885
f 2673/2902/757 2688/2918/764 2689/2919/766
f 2667/2895/745 2666/2894/744 2681/2910/885
f 2675/2904/746 2674/2903/743 2689/2919/766
f 2667/2895/745 2682/2911/954 2683/2912/769
f 2675/2904/746 2690/2920/768 2691/2921/914
f 2669/2897/749 2668/2896/747 2683/2912/769
f 2676/2905/748 2691/2921/914 2692/2922/759
f 2670/2899/751 2669/2897/749 2684/2913/771
f 2682/2911/954 2681/2910/885 2696/2926/887
f 2690/2920/768 2689/2919/766 2704/2935/775
f 2682/2911/954 2697/2927/774 2698/2928/777
f 2690/2920/768 2705/2936/776 2706/2937/889
f 2684/2913/771 2683/2912/769 2698/2928/777
f 2691/2921/914 2706/2937/889 2707/2938/780
f 2685/2914/772 2684/2913/771 2699/2929/779
f 2685/2915/772 2700/2930/781 2701/2932/783
f 2679/2908/884 2678/2907/953 2693/2923/915
f 2686/2916/760 2701/2932/783 2702/2933/785
f 2680/2909/763 2679/2908/884 2694/2924/891
f 2688/2918/764 2687/2917/762 2702/2933/785
f 2681/2910/885 2680/2909/763 2695/2925/786
f 2688/2918/764 2703/2934/787 2704/2935/775
f 2700/2930/781 2715/2947/801 2716/2948/788
f 2694/2924/891 2693/2923/915 2708/2939/916
f 2701/2932/783 2716/2948/788 2717/2949/790
f 2694/2924/891 2709/2940/789 2710/2941/791
f 2703/2934/787 2702/2933/785 2717/2949/790
f 2695/2925/786 2710/2941/791 2711/2942/793
f 2703/2934/787 2718/2950/792 2719/2951/794
f 2697/2927/774 2696/2926/887 2711/2942/793
f 2705/2936/776 2704/2935/775 2719/2951/794
f 2697/2927/774 2712/2943/795 2713/2944/797
f 2705/2936/776 2720/2952/796 2721/2953/893
f 2699/2929/779 2698/2928/777 2713/2944/797
f 2707/2938/780 2706/2937/889 2721/2953/893
f 2700/2931/781 2699/2929/779 2714/2945/799
f 2720/2952/796 2719/2951/794 2728/2960/322
f 2713/2944/797 2712/2943/795 2251/2451/352
f 2721/2953/893 2720/2952/796 2729/2961/324
f 2714/2945/799 2713/2944/797 2726/2958/325
f 2722/2954/800 2721/2953/893 2730/2962/329
f 2715/2946/801 2714/2945/799 2252/2452/331
f 2715/2947/801 2253/2454/335 2254/2455/339
f 2708/2939/916 2723/2955/336 2724/2956/341
f 2716/2948/788 2254/2455/339 2727/2959/343
f 2710/2941/791 2709/2940/789 2724/2956/341
f 2717/2949/790 2727/2959/343 2255/2456/348
f 2711/2942/793 2710/2941/791 2250/2450/346
f 2718/2950/792 2255/2456/348 2728/2960/322
f 2712/2943/795 2711/2942/793 2725/2957/349
f 3210/3474/322 2749/2983/351 2750/2984/323
f 3208/3472/325 2733/2965/352 2742/2975/326
f 3211/3475/324 2750/2984/323 2751/2985/803
f 3208/3472/325 2743/2976/327 2744/2977/330
f 3212/3476/804 2751/2985/803 2752/2986/332
f 2734/2966/331 2744/2977/330 2745/2978/334
f 2736/2969/339 2735/2968/335 2745/2979/334
f 3206/3470/341 3205/3469/336 2738/2971/337
f 2736/2969/339 2746/2980/340 2747/2981/344
f 3206/3470/341 2739/2972/342 2740/2973/345
f 3209/3473/343 2747/2981/344 2748/2982/347
f 2732/2964/346 2740/2973/345 2741/2974/945
f 3210/3474/322 2737/2970/348 2748/2982/347
f 3207/3471/955 2741/2974/945 2742/2975/326
f 2740/2973/345 2755/2989/366 2756/2990/946
f 2748/2982/347 2763/2998/367 2764/2999/354
f 2741/2974/945 2756/2990/946 2757/2991/355
f 2749/2983/351 2764/2999/354 2765/3000/356
f 2742/2975/326 2757/2991/355 2758/2992/357
f 2750/2984/323 2765/3000/356 2766/3001/806
f 2744/2977/330 2743/2976/327 2758/2992/357
f 2751/2985/803 2766/3001/806 2767/3002/360
f 2744/2977/330 2759/2993/359 2760/2994/361
f 2746/2980/340 2745/2979/334 2760/2995/361
f 2739/2972/342 2738/2971/337 2753/2987/362
f 2746/2980/340 2761/2996/363 2762/2997/365
f 2740/2973/345 2739/2972/342 2754/2988/364
f 2748/2982/347 2747/2981/344 2762/2997/365
f 2760/2994/361 2759/2993/359 2774/3009/382
f 2760/2995/361 2775/3011/368 2776/3012/371
f 2753/2987/362 2768/3003/808 2769/3004/372
f 2762/2997/365 2761/2996/363 2776/3012/371
f 2754/2988/364 2769/3004/372 2770/3005/374
f 2763/2998/367 2762/2997/365 2777/3013/373
f 2755/2989/366 2770/3005/374 2771/3006/897
f 2763/2998/367 2778/3014/375 2779/3015/377
f 2756/2990/946 2771/3006/897 2772/3007/919
f 2765/3000/356 2764/2999/354 2779/3015/377
f 2757/2991/355 2772/3007/919 2773/3008/380
f 2766/3001/806 2765/3000/356 2780/3016/379
f 2758/2992/357 2773/3008/380 2774/3009/382
f 2767/3002/360 2766/3001/806 2781/3017/381
f 2779/3015/377 2778/3014/375 2793/3030/397
f 2771/3006/897 2786/3022/384 2787/3023/385
f 2780/3016/379 2779/3015/377 2794/3031/383
f 2772/3007/919 2787/3023/385 2788/3024/387
f 2781/3017/381 2780/3016/379 2795/3032/386
f 2774/3009/382 2773/3008/380 2788/3024/387
f 2782/3018/370 2781/3017/381 2796/3033/388
f 2775/3010/368 2774/3009/382 2789/3025/389
f 2775/3011/368 2790/3026/391 2791/3028/393
f 2769/3004/372 2768/3003/808 2783/3019/392
f 2776/3012/371 2791/3028/393 2792/3029/395
f 2769/3004/372 2784/3020/394 2785/3021/396
f 2778/3014/375 2777/3013/373 2792/3029/395
f 2770/3005/374 2785/3021/396 2786/3022/384
f 2790/3026/391 2805/3043/399 2806/3044/400
f 2783/3019/392 2798/3035/412 2799/3036/401
f 2791/3028/393 2806/3044/400 2807/3045/402
f 2785/3021/396 2784/3020/394 2799/3036/401
f 2793/3030/397 2792/3029/395 2807/3045/402
f 2786/3022/384 2785/3021/396 2800/3037/403
f 2793/3030/397 2808/3046/404 2809/3047/406
f 2787/3023/385 2786/3022/384 2801/3038/405
f 2794/3031/383 2809/3047/406 2810/3048/408
f 2787/3023/385 2802/3039/816 2803/3040/409
f 2795/3032/386 2810/3048/408 2811/3049/817
f 2789/3025/389 2788/3024/387 2803/3040/409
f 2796/3033/388 2811/3049/817 2812/3050/398
f 2790/3027/391 2789/3025/389 2804/3041/411
f 2810/3048/408 2809/3047/406 2825/3064/426
f 2802/3039/816 2818/3056/900 2819/3057/414
f 2811/3049/817 2810/3048/408 2826/3065/413
f 2804/3041/411 2803/3040/409 2819/3057/414
f 2812/3050/398 2811/3049/817 2827/3066/818
f 2805/3042/399 2804/3041/411 2820/3058/416
f 2805/3043/399 2821/3060/418 2822/3061/420
f 2799/3036/401 2798/3035/412 2814/3052/921
f 2806/3044/400 2822/3061/420 2823/3062/422
f 2799/3036/401 2815/3053/421 2816/3054/423
f 2808/3046/404 2807/3045/402 2823/3062/422
f 2800/3037/403 2816/3054/423 2817/3055/425
f 2808/3046/404 2824/3063/424 2825/3064/426
f 2801/3038/405 2817/3055/425 2818/3056/900
f 2814/3052/921 2829/3068/922 2830/3069/428
f 2822/3061/420 2837/3077/442 2838/3078/429
f 2815/3053/421 2830/3069/428 2831/3070/430
f 2824/3063/424 2823/3062/422 2838/3078/429
f 2816/3054/423 2831/3070/430 2832/3071/821
f 2824/3063/424 2839/3079/431 2840/3080/433
f 2818/3056/900 2817/3055/425 2832/3071/821
f 2826/3065/413 2825/3064/426 2840/3080/433
f 2818/3056/900 2833/3072/434 2834/3073/436
f 2827/3066/818 2826/3065/413 2841/3081/435
f 2820/3058/416 2819/3057/414 2834/3073/436
f 2827/3066/818 2842/3082/823 2843/3083/439
f 2821/3059/418 2820/3058/416 2835/3074/438
f 2821/3060/418 2836/3076/440 2837/3077/442
f 2833/3072/434 2848/3088/824 2849/3089/443
f 2842/3082/823 2841/3081/435 2856/3097/457
f 2835/3074/438 2834/3073/436 2849/3089/443
f 2842/3082/823 2857/3098/825 2858/3099/446
f 2836/3075/440 2835/3074/438 2850/3090/445
f 2836/3076/440 2851/3092/447 2852/3093/449
f 2829/3068/922 2844/3084/448 2845/3085/450
f 2837/3077/442 2852/3093/449 2853/3094/451
f 2830/3069/428 2845/3085/450 2846/3086/452
f 2839/3079/431 2838/3078/429 2853/3094/451
f 2831/3070/430 2846/3086/452 2847/3087/826
f 2839/3079/431 2854/3095/453 2855/3096/455
f 2832/3071/821 2847/3087/826 2848/3088/824
f 2841/3081/435 2840/3080/433 2855/3096/455
f 2852/3093/449 2867/3109/471 2868/3110/458
f 2846/3086/452 2845/3085/450 2860/3101/472
f 2854/3095/453 2853/3094/451 2868/3110/458
f 2846/3086/452 2861/3102/459 2862/3103/461
f 2854/3095/453 2869/3111/460 2870/3112/462
f 2848/3088/824 2847/3087/826 2862/3103/461
f 2856/3097/457 2855/3096/455 2870/3112/462
f 2848/3088/824 2863/3104/463 2864/3105/465
f 2856/3097/457 2871/3113/464 2872/3114/828
f 2850/3090/445 2849/3089/443 2864/3105/465
f 2858/3099/446 2857/3098/825 2872/3114/828
f 2851/3091/447 2850/3090/445 2865/3106/467
f 2851/3092/447 2866/3108/469 2867/3109/471
f 2844/3084/448 2859/3100/470 2860/3101/472
f 2871/3113/464 2886/3129/487 2887/3130/829
f 2865/3106/467 2864/3105/465 2879/3121/474
f 2872/3114/828 2887/3130/829 2888/3131/830
f 2866/3107/469 2865/3106/467 2880/3122/475
f 2866/3108/469 2881/3124/477 2882/3125/479
f 2859/3100/470 2874/3116/478 2875/3117/901
f 2867/3109/471 2882/3125/479 2883/3126/481
f 2860/3101/472 2875/3117/901 2876/3118/482
f 2869/3111/460 2868/3110/458 2883/3126/481
f 2861/3102/459 2876/3118/482 2877/3119/832
f 2869/3111/460 2884/3127/483 2885/3128/485
f 2863/3104/463 2862/3103/461 2877/3119/832
f 2871/3113/464 2870/3112/462 2885/3128/485
f 2863/3104/463 2878/3120/833 2879/3121/474
f 2876/3118/482 2875/3117/901 2890/3133/488
f 2884/3127/483 2883/3126/481 2898/3142/490
f 2876/3118/482 2891/3134/489 2892/3135/925
f 2884/3127/483 2899/3143/491 2900/3144/493
f 2878/3120/833 2877/3119/832 2892/3135/925
f 2886/3129/487 2885/3128/485 2900/3144/493
f 2878/3120/833 2893/3136/926 2894/3137/496
f 2887/3130/829 2886/3129/487 2901/3145/495
f 2880/3122/475 2879/3121/474 2894/3137/496
f 2888/3131/830 2887/3130/829 2902/3146/497
f 2881/3123/477 2880/3122/475 2895/3138/498
f 2881/3124/477 2896/3140/500 2897/3141/502
f 2875/3117/901 2874/3116/478 2889/3132/902
f 2882/3125/479 2897/3141/502 2898/3142/490
f 2895/3138/498 2894/3137/496 2909/3153/517
f 2903/3147/499 2902/3146/497 2917/3162/504
f 2896/3139/500 2895/3138/498 2910/3154/503
f 2896/3140/500 2911/3156/506 2912/3157/508
f 2890/3133/488 2889/3132/902 2904/3148/507
f 2897/3141/502 2912/3157/508 2913/3158/510
f 2890/3133/488 2905/3149/956 2906/3150/511
f 2899/3143/491 2898/3142/490 2913/3158/510
f 2891/3134/489 2906/3150/511 2907/3151/928
f 2899/3143/491 2914/3159/512 2915/3160/514
f 2893/3136/926 2892/3135/925 2907/3151/928
f 2901/3145/495 2900/3144/493 2915/3160/514
f 2893/3136/926 2908/3152/838 2909/3153/517
f 2901/3145/495 2916/3161/516 2917/3162/504
f 2914/3159/512 2913/3158/510 2928/3174/518
f 2906/3150/511 2921/3166/532 2922/3167/957
f 2915/3160/514 2914/3159/512 2929/3175/519
f 2907/3151/928 2922/3167/957 2923/3168/949
f 2916/3161/516 2915/3160/514 2930/3176/521
f 2908/3152/838 2923/3168/949 2924/3169/524
f 2916/3161/516 2931/3177/523 2932/3178/930
f 2910/3154/503 2909/3153/517 2924/3169/524
f 2917/3162/504 2932/3178/930 2933/3179/527
f 2911/3155/506 2910/3154/503 2925/3170/526
f 2911/3156/506 2926/3172/528 2927/3173/530
f 2904/3148/507 2919/3164/958 2920/3165/531
f 2912/3157/508 2927/3173/530 2928/3174/518
f 2905/3149/956 2920/3165/531 2921/3166/532
f 2933/3179/527 2932/3178/930 2947/3194/842
f 2926/3171/528 2925/3170/526 2940/3186/535
f 2926/3172/528 2941/3188/536 2942/3189/538
f 2920/3165/531 2919/3164/958 2934/3180/537
f 2927/3173/530 2942/3189/538 2943/3190/540
f 2921/3166/532 2920/3165/531 2935/3181/904
f 2929/3175/519 2928/3174/518 2943/3190/540
f 2922/3167/957 2921/3166/532 2936/3182/541
f 2929/3175/519 2944/3191/542 2945/3192/544
f 2923/3168/949 2922/3167/957 2937/3183/543
f 2931/3177/523 2930/3176/521 2945/3192/544
f 2923/3168/949 2938/3184/545 2939/3185/547
f 2932/3178/930 2931/3177/523 2946/3193/546
f 2925/3170/526 2924/3169/524 2939/3185/547
f 2944/3191/542 2959/3207/548 2960/3208/549
f 2938/3184/545 2937/3183/543 2952/3199/931
f 2946/3193/546 2945/3192/544 2960/3208/549
f 2938/3184/545 2953/3200/551 2954/3201/553
f 2947/3194/842 2946/3193/546 2961/3209/552
f 2940/3186/535 2939/3185/547 2954/3201/553
f 2947/3194/842 2962/3210/845 2963/3211/556
f 2941/3187/536 2940/3186/535 2955/3202/555
f 2941/3188/536 2956/3203/557 2957/3205/559
f 2934/3180/537 2949/3196/959 2950/3197/847
f 2942/3189/538 2957/3205/559 2958/3206/561
f 2935/3181/904 2950/3197/847 2951/3198/562
f 2944/3191/542 2943/3190/540 2958/3206/561
f 2937/3183/543 2936/3182/541 2951/3198/562
f 2956/3203/557 2971/3220/577 2972/3221/565
f 2949/3196/959 2964/3212/563 2965/3213/566
f 2957/3205/559 2972/3221/565 2973/3222/567
f 2950/3197/847 2965/3213/566 2966/3214/568
f 2959/3207/548 2958/3206/561 2973/3222/567
f 2951/3198/562 2966/3214/568 2967/3215/848
f 2959/3207/548 2974/3223/569 2975/3224/571
f 2953/3200/551 2952/3199/931 2967/3215/848
f 2961/3209/552 2960/3208/549 2975/3224/571
f 2953/3200/551 2968/3216/905 2969/3217/574
f 2961/3209/552 2976/3225/573 2977/3226/849
f 2955/3202/555 2954/3201/553 2969/3217/574
f 2962/3210/845 2977/3226/849 2978/3227/564
f 2956/3204/557 2955/3202/555 2970/3218/576
f 2968/3216/905 2967/3215/848 2982/3231/592
f 2976/3225/573 2975/3224/571 2990/3240/579
f 2968/3216/905 2983/3232/578 2984/3233/581
f 2976/3225/573 2991/3241/580 2992/3242/582
f 2970/3218/576 2969/3217/574 2984/3233/581
f 2978/3227/564 2977/3226/849 2992/3242/582
f 2971/3219/577 2970/3218/576 2985/3234/583
f 2971/3220/577 2986/3235/585 2987/3237/587
f 2965/3213/566 2964/3212/563 2979/3228/586
f 2972/3221/565 2987/3237/587 2988/3238/589
f 2966/3214/568 2965/3213/566 2980/3229/851
f 2974/3223/569 2973/3222/567 2988/3238/589
f 2967/3215/848 2966/3214/568 2981/3230/590
f 2974/3223/569 2989/3239/591 2990/3240/579
f 2986/3235/585 3001/3252/606 3002/3253/593
f 2980/3229/851 2979/3228/586 2994/3244/854
f 2987/3237/587 3002/3253/593 3003/3254/595
f 2980/3229/851 2995/3245/908 2996/3246/596
f 2989/3239/591 2988/3238/589 3003/3254/595
f 2981/3230/590 2996/3246/596 2997/3247/598
f 2989/3239/591 3004/3255/597 3005/3256/599
f 2982/3231/592 2997/3247/598 2998/3248/600
f 2990/3240/579 3005/3256/599 3006/3257/601
f 2983/3232/578 2998/3248/600 2999/3249/602
f 2991/3241/580 3006/3257/601 3007/3258/853
f 2985/3234/583 2984/3233/581 2999/3249/602
f 2993/3243/584 2992/3242/582 3007/3258/853
f 2986/3236/585 2985/3234/583 3000/3250/604
f 3006/3257/601 3005/3256/599 3020/3272/608
f 2998/3248/600 3013/3264/934 3014/3265/610
f 3007/3258/853 3006/3257/601 3021/3273/609
f 3000/3250/604 2999/3249/602 3014/3265/610
f 3007/3258/853 3022/3274/855 3023/3275/613
f 3001/3251/606 3000/3250/604 3015/3266/612
f 3001/3252/606 3016/3268/614 3017/3269/616
f 2994/3244/854 3009/3260/856 3010/3261/617
f 3002/3253/593 3017/3269/616 3018/3270/618
f 2996/3246/596 2995/3245/908 3010/3261/617
f 3004/3255/597 3003/3254/595 3018/3270/618
f 2996/3246/596 3011/3262/619 3012/3263/857
f 3004/3255/597 3019/3271/620 3020/3272/608
f 2998/3248/600 2997/3247/598 3012/3263/857
f 3010/3261/617 3009/3260/856 3024/3276/623
f 3017/3269/616 3032/3285/637 3033/3286/625
f 3011/3262/619 3010/3261/617 3025/3277/624
f 3019/3271/620 3018/3270/618 3033/3286/625
f 3012/3263/857 3011/3262/619 3026/3278/626
f 3020/3272/608 3019/3271/620 3034/3287/627
f 3013/3264/934 3012/3263/857 3027/3279/935
f 3021/3273/609 3020/3272/608 3035/3288/629
f 3013/3264/934 3028/3280/960 3029/3281/632
f 3021/3273/609 3036/3289/631 3037/3290/633
f 3015/3266/612 3014/3265/610 3029/3281/632
f 3023/3275/613 3022/3274/855 3037/3290/633
f 3016/3267/614 3015/3266/612 3030/3282/634
f 3016/3268/614 3031/3284/636 3032/3285/637
f 3028/3280/960 3044/3297/652 3045/3298/638
f 3036/3289/631 3052/3306/639 3053/3307/860
f 3030/3282/634 3029/3281/632 3045/3298/638
f 3038/3291/635 3037/3290/633 3053/3307/860
f 3031/3283/636 3030/3282/634 3046/3299/641
f 3031/3284/636 3047/3301/643 3048/3302/645
f 3024/3276/623 3040/3293/961 3041/3294/646
f 3032/3285/637 3048/3302/645 3049/3303/647
f 3025/3277/624 3041/3294/646 3042/3295/648
f 3034/3287/627 3033/3286/625 3049/3303/647
f 3026/3278/626 3042/3295/648 3043/3296/937
f 3034/3287/627 3050/3304/649 3051/3305/651
f 3028/3280/960 3027/3279/935 3043/3296/937
f 3036/3289/631 3035/3288/629 3051/3305/651
f 3048/3302/645 3063/3318/666 3064/3319/653
f 3041/3294/646 3056/3310/667 3057/3311/654
f 3050/3304/649 3049/3303/647 3064/3319/653
f 3043/3296/937 3042/3295/648 3057/3311/654
f 3050/3304/649 3065/3320/655 3066/3321/657
f 3044/3297/652 3043/3296/937 3058/3312/862
f 3052/3306/639 3051/3305/651 3066/3321/657
f 3044/3297/652 3059/3313/911 3060/3314/660
f 3053/3307/860 3052/3306/639 3067/3322/659
f 3046/3299/641 3045/3298/638 3060/3314/660
f 3054/3308/642 3053/3307/860 3068/3323/863
f 3047/3300/643 3046/3299/641 3061/3315/662
f 3047/3301/643 3062/3317/664 3063/3318/666
f 3041/3294/646 3040/3293/961 3055/3309/665
f 3067/3322/659 3082/3338/682 3083/3339/864
f 3061/3315/662 3060/3314/660 3075/3330/669
f 3068/3323/863 3083/3339/864 3084/3340/671
f 3062/3316/664 3061/3315/662 3076/3331/670
f 3062/3317/664 3077/3333/672 3078/3334/674
f 3056/3310/667 3055/3309/665 3070/3325/673
f 3063/3318/666 3078/3334/674 3079/3335/676
f 3057/3311/654 3056/3310/667 3071/3326/675
f 3065/3320/655 3064/3319/653 3079/3335/676
f 3058/3312/862 3057/3311/654 3072/3327/677
f 3065/3320/655 3080/3336/678 3081/3337/680
f 3059/3313/911 3058/3312/862 3073/3328/679
f 3066/3321/657 3081/3337/680 3082/3338/682
f 3059/3313/911 3074/3329/681 3075/3330/669
f 3080/3336/678 3079/3335/676 3094/3351/683
f 3073/3328/679 3072/3327/677 3087/3343/697
f 3081/3337/680 3080/3336/678 3095/3352/684
f 3074/3329/681 3073/3328/679 3088/3344/866
f 3082/3338/682 3081/3337/680 3096/3353/686
f 3074/3329/681 3089/3345/687 3090/3346/689
f 3083/3339/864 3082/3338/682 3097/3354/688
f 3076/3331/670 3075/3330/669 3090/3346/689
f 3083/3339/864 3098/3355/690 3099/3356/692
f 3077/3332/672 3076/3331/670 3091/3347/691
f 3077/3333/672 3092/3349/693 3093/3350/695
f 3071/3326/675 3070/3325/673 3085/3341/694
f 3078/3334/674 3093/3350/695 3094/3351/683
f 3071/3326/675 3086/3342/696 3087/3343/697
f 3099/3356/692 3098/3355/690 3113/3371/869
f 3092/3348/693 3091/3347/691 3106/3363/699
f 3092/3349/693 3107/3365/700 3108/3366/702
f 3086/3342/696 3085/3341/694 3100/3357/870
f 3093/3350/695 3108/3366/702 3109/3367/704
f 3087/3343/697 3086/3342/696 3101/3358/703
f 3095/3352/684 3094/3351/683 3109/3367/704
f 3088/3344/866 3087/3343/697 3102/3359/705
f 3095/3352/684 3110/3368/706 3111/3369/708
f 3089/3345/687 3088/3344/866 3103/3360/871
f 3097/3354/688 3096/3353/686 3111/3369/708
f 3089/3345/687 3104/3361/872 3105/3362/711
f 3097/3354/688 3112/3370/710 3113/3371/869
f 3091/3347/691 3090/3346/689 3105/3362/711
f 3103/3360/871 3102/3359/705 3117/3375/713
f 3110/3368/706 3125/3384/727 3126/3385/715
f 3104/3361/872 3103/3360/871 3118/3376/939
f 3112/3370/710 3111/3369/708 3126/3385/715
f 3104/3361/872 3119/3377/716 3120/3378/718
f 3113/3371/869 3112/3370/710 3127/3386/717
f 3106/3363/699 3105/3362/711 3120/3378/718
f 3114/3372/698 3113/3371/869 3128/3387/874
f 3107/3364/700 3106/3363/699 3121/3379/720
f 3107/3365/700 3122/3381/722 3123/3382/724
f 3101/3358/703 3100/3357/870 3115/3373/723
f 3108/3366/702 3123/3382/724 3124/3383/726
f 3101/3358/703 3116/3374/725 3117/3375/713
f 3110/3368/706 3109/3367/704 3124/3383/726
f 3122/3380/722 3121/3379/720 3136/3395/728
f 3122/3381/722 3137/3397/729 3138/3398/732
f 3116/3374/725 3115/3373/723 3130/3389/940
f 3123/3382/724 3138/3398/732 3139/3399/734
f 3116/3374/725 3131/3390/733 3132/3391/735
f 3125/3384/727 3124/3383/726 3139/3399/734
f 3117/3375/713 3132/3391/735 3133/3392/737
f 3125/3384/727 3140/3400/736 3141/3401/738
f 3119/3377/716 3118/3376/939 3133/3392/737
f 3127/3386/717 3126/3385/715 3141/3401/738
f 3119/3377/716 3134/3393/877 3135/3394/741
f 3127/3386/717 3142/3402/740 3143/3403/742
f 3121/3379/720 3120/3378/718 3135/3394/741
f 3129/3388/721 3128/3387/874 3143/3403/742
f 3140/3400/736 3155/3416/757 3156/3417/743
f 3134/3393/877 3133/3392/737 3148/3408/962
f 3142/3402/740 3141/3401/738 3156/3417/743
f 3134/3393/877 3149/3409/879 3150/3410/747
f 3143/3403/742 3142/3402/740 3157/3418/746
f 3136/3395/728 3135/3394/741 3150/3410/747
f 3144/3404/731 3143/3403/742 3158/3419/880
f 3137/3396/729 3136/3395/728 3151/3411/749
f 3137/3397/729 3152/3412/751 3153/3414/753
f 3131/3390/733 3130/3389/940 3145/3405/881
f 3138/3398/732 3153/3414/753 3154/3415/755
f 3132/3391/735 3131/3390/733 3146/3406/882
f 3140/3400/736 3139/3399/734 3154/3415/755
f 3133/3392/737 3132/3391/735 3147/3407/756
f 3152/3412/751 3167/3429/772 3168/3430/760
f 3145/3405/881 3160/3421/963 3161/3422/884
f 3153/3414/753 3168/3430/760 3169/3431/762
f 3146/3406/882 3161/3422/884 3162/3423/763
f 3155/3416/757 3154/3415/755 3169/3431/762
f 3147/3407/756 3162/3423/763 3163/3424/885
f 3155/3416/757 3170/3432/764 3171/3433/766
f 3149/3409/879 3148/3408/962 3163/3424/885
f 3157/3418/746 3156/3417/743 3171/3433/766
f 3149/3409/879 3164/3425/886 3165/3426/769
f 3157/3418/746 3172/3434/768 3173/3435/914
f 3151/3411/749 3150/3410/747 3165/3426/769
f 3158/3419/880 3173/3435/914 3174/3436/759
f 3152/3413/751 3151/3411/749 3166/3427/771
f 3164/3425/886 3163/3424/885 3178/3440/887
f 3172/3434/768 3171/3433/766 3186/3449/775
f 3164/3425/886 3179/3441/888 3180/3442/777
f 3172/3434/768 3187/3450/776 3188/3451/889
f 3166/3427/771 3165/3426/769 3180/3442/777
f 3174/3436/759 3173/3435/914 3188/3451/889
f 3167/3428/772 3166/3427/771 3181/3443/779
f 3167/3429/772 3182/3444/781 3183/3446/783
f 3161/3422/884 3160/3421/963 3175/3437/890
f 3168/3430/760 3183/3446/783 3184/3447/785
f 3162/3423/763 3161/3422/884 3176/3438/784
f 3170/3432/764 3169/3431/762 3184/3447/785
f 3163/3424/885 3162/3423/763 3177/3439/786
f 3170/3432/764 3185/3448/787 3186/3449/775
f 3182/3444/781 3197/3461/801 3198/3462/788
f 3176/3438/784 3175/3437/890 3190/3453/802
f 3183/3446/783 3198/3462/788 3199/3463/790
f 3177/3439/786 3176/3438/784 3191/3454/789
f 3185/3448/787 3184/3447/785 3199/3463/790
f 3177/3439/786 3192/3455/791 3193/3456/892
f 3185/3448/787 3200/3464/792 3201/3465/794
f 3179/3441/888 3178/3440/887 3193/3456/892
f 3187/3450/776 3186/3449/775 3201/3465/794
f 3179/3441/888 3194/3457/795 3195/3458/797
f 3187/3450/776 3202/3466/796 3203/3467/893
f 3181/3443/779 3180/3442/777 3195/3458/797
f 3188/3451/889 3203/3467/893 3204/3468/800
f 3182/3445/781 3181/3443/779 3196/3459/799
f 3202/3466/796 3201/3465/794 3210/3474/322
f 3195/3458/797 3194/3457/795 2733/2965/352
f 3202/3466/796 3211/3475/324 3212/3476/804
f 3196/3459/799 3195/3458/797 3208/3472/325
f 3204/3468/800 3203/3467/893 3212/3476/804
f 3197/3460/801 3196/3459/799 2734/2966/331
f 3197/3461/801 2735/2968/335 2736/2969/339
f 3190/3453/802 3205/3469/336 3206/3470/341
f 3198/3462/788 2736/2969/339 3209/3473/343
f 3192/3455/791 3191/3454/789 3206/3470/341
f 3199/3463/790 3209/3473/343 2737/2970/348
f 3193/3456/892 3192/3455/791 2732/2964/346
f 3200/3464/792 2737/2970/348 3210/3474/322
f 3194/3457/795 3193/3456/892 3207/3471/955
f 3692/3988/322 3231/3497/351 3232/3498/323
f 3215/3479/352 3224/3489/894 3225/3490/327
f 3693/3989/324 3232/3498/323 3233/3499/803
f 3690/3986/325 3225/3490/327 3226/3491/330
f 3694/3990/804 3233/3499/803 3234/3500/332
f 3216/3480/331 3226/3491/330 3227/3492/334
f 3218/3483/339 3217/3482/335 3227/3493/334
f 3688/3984/341 3687/3983/336 3220/3485/337
f 3691/3987/343 3218/3483/339 3228/3494/340
f 3214/3478/346 3688/3984/341 3221/3486/342
f 3219/3484/348 3691/3987/343 3229/3495/344
f 3689/3985/349 3214/3478/346 3222/3487/345
f 3692/3988/322 3219/3484/348 3230/3496/347
f 3689/3985/349 3223/3488/350 3224/3489/894
f 3222/3487/345 3237/3503/366 3238/3504/353
f 3230/3496/347 3245/3512/367 3246/3513/354
f 3224/3489/894 3223/3488/350 3238/3504/353
f 3232/3498/323 3231/3497/351 3246/3513/354
f 3225/3490/327 3224/3489/894 3239/3505/355
f 3233/3499/803 3232/3498/323 3247/3514/356
f 3226/3491/330 3225/3490/327 3240/3506/357
f 3233/3499/803 3248/3515/806 3249/3516/360
f 3226/3491/330 3241/3507/359 3242/3508/361
f 3228/3494/340 3227/3493/334 3242/3509/361
f 3221/3486/342 3220/3485/337 3235/3501/807
f 3228/3494/340 3243/3510/363 3244/3511/365
f 3221/3486/342 3236/3502/364 3237/3503/366
f 3229/3495/344 3244/3511/365 3245/3512/367
f 3241/3507/359 3256/3523/382 3257/3524/368
f 3243/3510/363 3242/3509/361 3257/3525/368
f 3235/3501/807 3250/3517/369 3251/3518/372
f 3243/3510/363 3258/3526/371 3259/3527/373
f 3237/3503/366 3236/3502/364 3251/3518/372
f 3244/3511/365 3259/3527/373 3260/3528/375
f 3238/3504/353 3237/3503/366 3252/3519/374
f 3246/3513/354 3245/3512/367 3260/3528/375
f 3238/3504/353 3253/3520/897 3254/3521/964
f 3246/3513/354 3261/3529/377 3262/3530/379
f 3240/3506/357 3239/3505/355 3254/3521/964
f 3247/3514/356 3262/3530/379 3263/3531/810
f 3241/3507/359 3240/3506/357 3255/3522/380
f 3248/3515/806 3263/3531/810 3264/3532/370
f 3261/3529/377 3260/3528/375 3275/3544/397
f 3253/3520/897 3268/3536/384 3269/3537/385
f 3262/3530/379 3261/3529/377 3276/3545/383
f 3254/3521/964 3269/3537/385 3270/3538/387
f 3262/3530/379 3277/3546/386 3278/3547/388
f 3256/3523/382 3255/3522/380 3270/3538/387
f 3264/3532/370 3263/3531/810 3278/3547/388
f 3256/3523/382 3271/3539/389 3272/3540/391
f 3258/3526/371 3257/3525/368 3272/3541/391
f 3251/3518/372 3250/3517/369 3265/3533/812
f 3258/3526/371 3273/3542/393 3274/3543/395
f 3251/3518/372 3266/3534/965 3267/3535/396
f 3260/3528/375 3259/3527/373 3274/3543/395
f 3252/3519/374 3267/3535/396 3268/3536/384
f 3273/3542/393 3272/3541/391 3287/3557/399
f 3266/3534/965 3265/3533/812 3280/3549/412
f 3274/3543/395 3273/3542/393 3288/3558/400
f 3267/3535/396 3266/3534/965 3281/3550/401
f 3275/3544/397 3274/3543/395 3289/3559/402
f 3268/3536/384 3267/3535/396 3282/3551/403
f 3275/3544/397 3290/3560/404 3291/3561/406
f 3268/3536/384 3283/3552/405 3284/3553/407
f 3276/3545/383 3291/3561/406 3292/3562/408
f 3269/3537/385 3284/3553/407 3285/3554/409
f 3277/3546/386 3292/3562/408 3293/3563/410
f 3270/3538/387 3285/3554/409 3286/3555/411
f 3279/3548/390 3278/3547/388 3293/3563/410
f 3271/3539/389 3286/3555/411 3287/3556/399
f 3292/3562/408 3291/3561/406 3307/3578/426
f 3285/3554/409 3284/3553/407 3300/3570/427
f 3293/3563/410 3292/3562/408 3308/3579/413
f 3285/3554/409 3301/3571/414 3302/3572/416
f 3293/3563/410 3309/3580/818 3310/3581/819
f 3287/3556/399 3286/3555/411 3302/3572/416
f 3287/3557/399 3303/3574/418 3304/3575/420
f 3280/3549/412 3296/3566/419 3297/3567/899
f 3289/3559/402 3288/3558/400 3304/3575/420
f 3281/3550/401 3297/3567/899 3298/3568/423
f 3289/3559/402 3305/3576/422 3306/3577/424
f 3282/3551/403 3298/3568/423 3299/3569/425
f 3290/3560/404 3306/3577/424 3307/3578/426
f 3283/3552/405 3299/3569/425 3300/3570/427
f 3297/3567/899 3296/3566/419 3311/3582/441
f 3304/3575/420 3319/3591/442 3320/3592/429
f 3297/3567/899 3312/3583/428 3313/3584/430
f 3305/3576/422 3320/3592/429 3321/3593/431
f 3299/3569/425 3298/3568/423 3313/3584/430
f 3307/3578/426 3306/3577/424 3321/3593/431
f 3299/3569/425 3314/3585/432 3315/3586/822
f 3308/3579/413 3307/3578/426 3322/3594/433
f 3301/3571/414 3300/3570/427 3315/3586/822
f 3308/3579/413 3323/3595/435 3324/3596/823
f 3302/3572/416 3301/3571/414 3316/3587/436
f 3310/3581/819 3309/3580/818 3324/3596/823
f 3303/3573/418 3302/3572/416 3317/3588/438
f 3303/3574/418 3318/3590/440 3319/3591/442
f 3316/3587/436 3315/3586/822 3330/3602/824
f 3323/3595/435 3338/3611/457 3339/3612/825
f 3317/3588/438 3316/3587/436 3331/3603/443
f 3325/3597/439 3324/3596/823 3339/3612/825
f 3317/3588/438 3332/3604/445 3333/3605/447
f 3319/3591/442 3318/3590/440 3333/3606/447
f 3311/3582/441 3326/3598/448 3327/3599/450
f 3319/3591/442 3334/3607/449 3335/3608/451
f 3312/3583/428 3327/3599/450 3328/3600/452
f 3320/3592/429 3335/3608/451 3336/3609/453
f 3313/3584/430 3328/3600/452 3329/3601/826
f 3322/3594/433 3321/3593/431 3336/3609/453
f 3314/3585/432 3329/3601/826 3330/3602/824
f 3322/3594/433 3337/3610/455 3338/3611/457
f 3335/3608/451 3334/3607/449 3349/3623/471
f 3327/3599/450 3342/3615/472 3343/3616/459
f 3336/3609/453 3335/3608/451 3350/3624/458
f 3328/3600/452 3343/3616/459 3344/3617/461
f 3336/3609/453 3351/3625/460 3352/3626/462
f 3329/3601/826 3344/3617/461 3345/3618/966
f 3338/3611/457 3337/3610/455 3352/3626/462
f 3330/3602/824 3345/3618/966 3346/3619/465
f 3338/3611/457 3353/3627/464 3354/3628/828
f 3331/3603/443 3346/3619/465 3347/3620/467
f 3340/3613/446 3339/3612/825 3354/3628/828
f 3333/3605/447 3332/3604/445 3347/3620/467
f 3333/3606/447 3348/3622/469 3349/3623/471
f 3326/3598/448 3341/3614/470 3342/3615/472
f 3353/3627/464 3368/3643/487 3369/3644/829
f 3346/3619/465 3361/3635/474 3362/3636/475
f 3354/3628/828 3369/3644/829 3370/3645/830
f 3348/3621/469 3347/3620/467 3362/3636/475
f 3348/3622/469 3363/3638/477 3364/3639/479
f 3342/3615/472 3341/3614/470 3356/3630/478
f 3350/3624/458 3349/3623/471 3364/3639/479
f 3342/3615/472 3357/3631/901 3358/3632/482
f 3350/3624/458 3365/3640/481 3366/3641/483
f 3343/3616/459 3358/3632/482 3359/3633/484
f 3352/3626/462 3351/3625/460 3366/3641/483
f 3344/3617/461 3359/3633/484 3360/3634/833
f 3353/3627/464 3352/3626/462 3367/3642/485
f 3346/3619/465 3345/3618/966 3360/3634/833
f 3358/3632/482 3357/3631/901 3372/3647/488
f 3365/3640/481 3380/3656/490 3381/3657/491
f 3358/3632/482 3373/3648/489 3374/3649/492
f 3367/3642/485 3366/3641/483 3381/3657/491
f 3359/3633/484 3374/3649/492 3375/3650/967
f 3367/3642/485 3382/3658/493 3383/3659/495
f 3361/3635/474 3360/3634/833 3375/3650/967
f 3369/3644/829 3368/3643/487 3383/3659/495
f 3362/3636/475 3361/3635/474 3376/3651/496
f 3369/3644/829 3384/3660/497 3385/3661/499
f 3363/3637/477 3362/3636/475 3377/3652/498
f 3363/3638/477 3378/3654/500 3379/3655/502
f 3357/3631/901 3356/3630/478 3371/3646/501
f 3364/3639/479 3379/3655/502 3380/3656/490
f 3376/3651/496 3391/3667/517 3392/3668/503
f 3385/3661/499 3384/3660/497 3399/3676/504
f 3378/3653/500 3377/3652/498 3392/3668/503
f 3378/3654/500 3393/3670/506 3394/3671/508
f 3371/3646/501 3386/3662/836 3387/3663/509
f 3380/3656/490 3379/3655/502 3394/3671/508
f 3372/3647/488 3387/3663/509 3388/3664/511
f 3381/3657/491 3380/3656/490 3395/3672/510
f 3373/3648/489 3388/3664/511 3389/3665/928
f 3382/3658/493 3381/3657/491 3396/3673/512
f 3375/3650/967 3374/3649/492 3389/3665/928
f 3383/3659/495 3382/3658/493 3397/3674/514
f 3375/3650/967 3390/3666/838 3391/3667/517
f 3383/3659/495 3398/3675/516 3399/3676/504
f 3396/3673/512 3395/3672/510 3410/3688/518
f 3388/3664/511 3403/3680/969 3404/3681/520
f 3396/3673/512 3411/3689/519 3412/3690/521
f 3390/3666/838 3389/3665/928 3404/3681/520
f 3398/3675/516 3397/3674/514 3412/3690/521
f 3390/3666/838 3405/3682/949 3406/3683/524
f 3399/3676/504 3398/3675/516 3413/3691/523
f 3392/3668/503 3391/3667/517 3406/3683/524
f 3400/3677/505 3399/3676/504 3414/3692/525
f 3393/3669/506 3392/3668/503 3407/3684/526
f 3393/3670/506 3408/3686/528 3409/3687/530
f 3386/3662/836 3401/3678/968 3402/3679/531
f 3394/3671/508 3409/3687/530 3410/3688/518
f 3387/3663/509 3402/3679/531 3403/3680/969
f 3414/3692/525 3429/3708/842 3430/3709/534
f 3408/3685/528 3407/3684/526 3422/3700/535
f 3408/3686/528 3423/3702/536 3424/3703/538
f 3402/3679/531 3401/3678/968 3416/3694/537
f 3409/3687/530 3424/3703/538 3425/3704/540
f 3403/3680/969 3402/3679/531 3417/3695/539
f 3411/3689/519 3410/3688/518 3425/3704/540
f 3404/3681/520 3403/3680/969 3418/3696/541
f 3411/3689/519 3426/3705/542 3427/3706/544
f 3404/3681/520 3419/3697/970 3420/3698/844
f 3413/3691/523 3412/3690/521 3427/3706/544
f 3405/3682/949 3420/3698/844 3421/3699/547
f 3413/3691/523 3428/3707/546 3429/3708/842
f 3407/3684/526 3406/3683/524 3421/3699/547
f 3426/3705/542 3441/3721/548 3442/3722/549
f 3420/3698/844 3419/3697/970 3434/3713/931
f 3428/3707/546 3427/3706/544 3442/3722/549
f 3421/3699/547 3420/3698/844 3435/3714/551
f 3428/3707/546 3443/3723/552 3444/3724/845
f 3422/3700/535 3421/3699/547 3436/3715/553
f 3430/3709/534 3429/3708/842 3444/3724/845
f 3423/3701/536 3422/3700/535 3437/3716/555
f 3423/3702/536 3438/3717/557 3439/3719/559
f 3417/3695/539 3416/3694/537 3431/3710/846
f 3424/3703/538 3439/3719/559 3440/3720/561
f 3417/3695/539 3432/3711/847 3433/3712/562
f 3425/3704/540 3440/3720/561 3441/3721/548
f 3418/3696/541 3433/3712/562 3434/3713/931
f 3438/3717/557 3453/3734/577 3454/3735/565
f 3431/3710/846 3446/3726/563 3447/3727/566
f 3439/3719/559 3454/3735/565 3455/3736/567
f 3432/3711/847 3447/3727/566 3448/3728/568
f 3441/3721/548 3440/3720/561 3455/3736/567
f 3433/3712/562 3448/3728/568 3449/3729/848
f 3441/3721/548 3456/3737/569 3457/3738/571
f 3435/3714/551 3434/3713/931 3449/3729/848
f 3443/3723/552 3442/3722/549 3457/3738/571
f 3435/3714/551 3450/3730/572 3451/3731/574
f 3444/3724/845 3443/3723/552 3458/3739/573
f 3437/3716/555 3436/3715/553 3451/3731/574
f 3444/3724/845 3459/3740/849 3460/3741/564
f 3438/3718/557 3437/3716/555 3452/3732/576
f 3449/3729/848 3464/3745/592 3465/3746/850
f 3458/3739/573 3457/3738/571 3472/3754/579
f 3450/3730/572 3465/3746/850 3466/3747/581
f 3458/3739/573 3473/3755/580 3474/3756/582
f 3452/3732/576 3451/3731/574 3466/3747/581
f 3460/3741/564 3459/3740/849 3474/3756/582
f 3453/3733/577 3452/3732/576 3467/3748/583
f 3453/3734/577 3468/3749/585 3469/3751/587
f 3447/3727/566 3446/3726/563 3461/3742/586
f 3454/3735/565 3469/3751/587 3470/3752/589
f 3448/3728/568 3447/3727/566 3462/3743/851
f 3456/3737/569 3455/3736/567 3470/3752/589
f 3449/3729/848 3448/3728/568 3463/3744/590
f 3457/3738/571 3456/3737/569 3471/3753/591
f 3468/3749/585 3483/3766/606 3484/3767/593
f 3461/3742/586 3476/3758/607 3477/3759/594
f 3469/3751/587 3484/3767/593 3485/3768/595
f 3463/3744/590 3462/3743/851 3477/3759/594
f 3471/3753/591 3470/3752/589 3485/3768/595
f 3464/3745/592 3463/3744/590 3478/3760/596
f 3471/3753/591 3486/3769/597 3487/3770/599
f 3465/3746/850 3464/3745/592 3479/3761/852
f 3472/3754/579 3487/3770/599 3488/3771/601
f 3465/3746/850 3480/3762/932 3481/3763/602
f 3474/3756/582 3473/3755/580 3488/3771/601
f 3467/3748/583 3466/3747/581 3481/3763/602
f 3474/3756/582 3489/3772/853 3490/3773/605
f 3468/3750/585 3467/3748/583 3482/3764/604
f 3488/3771/601 3487/3770/599 3502/3786/608
f 3480/3762/932 3495/3778/622 3496/3779/610
f 3489/3772/853 3488/3771/601 3503/3787/609
f 3482/3764/604 3481/3763/602 3496/3779/610
f 3490/3773/605 3489/3772/853 3504/3788/611
f 3483/3765/606 3482/3764/604 3497/3780/612
f 3483/3766/606 3498/3782/614 3499/3783/616
f 3476/3758/607 3491/3774/971 3492/3775/617
f 3484/3767/593 3499/3783/616 3500/3784/618
f 3477/3759/594 3492/3775/617 3493/3776/619
f 3486/3769/597 3485/3768/595 3500/3784/618
f 3478/3760/596 3493/3776/619 3494/3777/857
f 3486/3769/597 3501/3785/620 3502/3786/608
f 3479/3761/852 3494/3777/857 3495/3778/622
f 3492/3775/617 3491/3774/971 3506/3790/623
f 3499/3783/616 3514/3799/637 3515/3800/625
f 3493/3776/619 3492/3775/617 3507/3791/624
f 3501/3785/620 3500/3784/618 3515/3800/625
f 3494/3777/857 3493/3776/619 3508/3792/626
f 3502/3786/608 3501/3785/620 3516/3801/627
f 3494/3777/857 3509/3793/935 3510/3794/960
f 3503/3787/609 3502/3786/608 3517/3802/629
f 3495/3778/622 3510/3794/960 3511/3795/632
f 3503/3787/609 3518/3803/631 3519/3804/633
f 3497/3780/612 3496/3779/610 3511/3795/632
f 3504/3788/611 3519/3804/633 3520/3805/635
f 3497/3780/612 3512/3796/634 3513/3797/636
f 3499/3783/616 3498/3782/614 3513/3798/636
f 3510/3794/960 3526/3811/972 3527/3812/638
f 3519/3804/633 3518/3803/631 3534/3820/639
f 3512/3796/634 3511/3795/632 3527/3812/638
f 3520/3805/635 3519/3804/633 3535/3821/860
f 3513/3797/636 3512/3796/634 3528/3813/641
f 3513/3798/636 3529/3815/643 3530/3816/645
f 3506/3790/623 3522/3807/644 3523/3808/646
f 3514/3799/637 3530/3816/645 3531/3817/647
f 3507/3791/624 3523/3808/646 3524/3809/648
f 3516/3801/627 3515/3800/625 3531/3817/647
f 3508/3792/626 3524/3809/648 3525/3810/650
f 3516/3801/627 3532/3818/649 3533/3819/651
f 3510/3794/960 3509/3793/935 3525/3810/650
f 3518/3803/631 3517/3802/629 3533/3819/651
f 3530/3816/645 3545/3832/666 3546/3833/653
f 3524/3809/648 3523/3808/646 3538/3824/910
f 3532/3818/649 3531/3817/647 3546/3833/653
f 3525/3810/650 3524/3809/648 3539/3825/654
f 3532/3818/649 3547/3834/655 3548/3835/657
f 3526/3811/972 3525/3810/650 3540/3826/862
f 3534/3820/639 3533/3819/651 3548/3835/657
f 3526/3811/972 3541/3827/658 3542/3828/660
f 3535/3821/860 3534/3820/639 3549/3836/659
f 3528/3813/641 3527/3812/638 3542/3828/660
f 3535/3821/860 3550/3837/863 3551/3838/663
f 3529/3814/643 3528/3813/641 3543/3829/662
f 3529/3815/643 3544/3831/664 3545/3832/666
f 3522/3807/644 3537/3823/665 3538/3824/910
f 3549/3836/659 3564/3852/682 3565/3853/864
f 3543/3829/662 3542/3828/660 3557/3844/669
f 3551/3838/663 3550/3837/863 3565/3853/864
f 3544/3830/664 3543/3829/662 3558/3845/670
f 3544/3831/664 3559/3847/672 3560/3848/674
f 3537/3823/665 3552/3839/673 3553/3840/675
f 3545/3832/666 3560/3848/674 3561/3849/676
f 3538/3824/910 3553/3840/675 3554/3841/677
f 3547/3834/655 3546/3833/653 3561/3849/676
f 3539/3825/654 3554/3841/677 3555/3842/865
f 3547/3834/655 3562/3850/678 3563/3851/680
f 3541/3827/658 3540/3826/862 3555/3842/865
f 3549/3836/659 3548/3835/657 3563/3851/680
f 3541/3827/658 3556/3843/681 3557/3844/669
f 3562/3850/678 3561/3849/676 3576/3865/683
f 3554/3841/677 3569/3857/697 3570/3858/685
f 3562/3850/678 3577/3866/684 3578/3867/686
f 3556/3843/681 3555/3842/865 3570/3858/685
f 3564/3852/682 3563/3851/680 3578/3867/686
f 3556/3843/681 3571/3859/687 3572/3860/689
f 3565/3853/864 3564/3852/682 3579/3868/688
f 3558/3845/670 3557/3844/669 3572/3860/689
f 3565/3853/864 3580/3869/868 3581/3870/692
f 3559/3846/672 3558/3845/670 3573/3861/691
f 3559/3847/672 3574/3863/693 3575/3864/695
f 3553/3840/675 3552/3839/673 3567/3855/694
f 3560/3848/674 3575/3864/695 3576/3865/683
f 3554/3841/677 3553/3840/675 3568/3856/696
f 3580/3869/868 3595/3885/869 3596/3886/698
f 3573/3861/691 3588/3877/699 3589/3878/700
f 3575/3864/695 3574/3863/693 3589/3879/700
f 3568/3856/696 3567/3855/694 3582/3871/870
f 3575/3864/695 3590/3880/702 3591/3881/704
f 3569/3857/697 3568/3856/696 3583/3872/703
f 3577/3866/684 3576/3865/683 3591/3881/704
f 3569/3857/697 3584/3873/705 3585/3874/707
f 3577/3866/684 3592/3882/706 3593/3883/708
f 3571/3859/687 3570/3858/685 3585/3874/707
f 3579/3868/688 3578/3867/686 3593/3883/708
f 3571/3859/687 3586/3875/872 3587/3876/711
f 3579/3868/688 3594/3884/710 3595/3885/869
f 3573/3861/691 3572/3860/689 3587/3876/711
f 3584/3873/705 3599/3889/713 3600/3890/714
f 3592/3882/706 3607/3898/727 3608/3899/715
f 3586/3875/872 3585/3874/707 3600/3890/714
f 3593/3883/708 3608/3899/715 3609/3900/717
f 3586/3875/872 3601/3891/716 3602/3892/718
f 3595/3885/869 3594/3884/710 3609/3900/717
f 3588/3877/699 3587/3876/711 3602/3892/718
f 3595/3885/869 3610/3901/874 3611/3902/875
f 3589/3878/700 3588/3877/699 3603/3893/720
f 3589/3879/700 3604/3895/722 3605/3896/724
f 3582/3871/870 3597/3887/723 3598/3888/725
f 3590/3880/702 3605/3896/724 3606/3897/726
f 3583/3872/703 3598/3888/725 3599/3889/713
f 3592/3882/706 3591/3881/704 3606/3897/726
f 3604/3894/722 3603/3893/720 3618/3909/728
f 3604/3895/722 3619/3911/729 3620/3912/732
f 3598/3888/725 3597/3887/723 3612/3903/730
f 3605/3896/724 3620/3912/732 3621/3913/734
f 3599/3889/713 3598/3888/725 3613/3904/733
f 3607/3898/727 3606/3897/726 3621/3913/734
f 3599/3889/713 3614/3905/735 3615/3906/876
f 3608/3899/715 3607/3898/727 3622/3914/736
f 3601/3891/716 3600/3890/714 3615/3906/876
f 3609/3900/717 3608/3899/715 3623/3915/738
f 3601/3891/716 3616/3907/877 3617/3908/741
f 3609/3900/717 3624/3916/740 3625/3917/878
f 3603/3893/720 3602/3892/718 3617/3908/741
f 3611/3902/875 3610/3901/874 3625/3917/878
f 3622/3914/736 3637/3930/757 3638/3931/743
f 3616/3907/877 3615/3906/876 3630/3922/962
f 3624/3916/740 3623/3915/738 3638/3931/743
f 3616/3907/877 3631/3923/879 3632/3924/747
f 3625/3917/878 3624/3916/740 3639/3932/746
f 3618/3909/728 3617/3908/741 3632/3924/747
f 3626/3918/731 3625/3917/878 3640/3933/880
f 3619/3910/729 3618/3909/728 3633/3925/749
f 3619/3911/729 3634/3926/751 3635/3928/753
f 3613/3904/733 3612/3903/730 3627/3919/881
f 3620/3912/732 3635/3928/753 3636/3929/755
f 3614/3905/735 3613/3904/733 3628/3920/882
f 3622/3914/736 3621/3913/734 3636/3929/755
f 3615/3906/876 3614/3905/735 3629/3921/756
f 3634/3926/751 3649/3943/772 3650/3944/760
f 3628/3920/882 3627/3919/881 3642/3935/883
f 3635/3928/753 3650/3944/760 3651/3945/762
f 3629/3921/756 3628/3920/882 3643/3936/884
f 3637/3930/757 3636/3929/755 3651/3945/762
f 3630/3922/962 3629/3921/756 3644/3937/763
f 3637/3930/757 3652/3946/764 3653/3947/766
f 3630/3922/962 3645/3938/885 3646/3939/973
f 3639/3932/746 3638/3931/743 3653/3947/766
f 3631/3923/879 3646/3939/973 3647/3940/769
f 3639/3932/746 3654/3948/768 3655/3949/914
f 3633/3925/749 3632/3924/747 3647/3940/769
f 3640/3933/880 3655/3949/914 3656/3950/759
f 3634/3927/751 3633/3925/749 3648/3941/771
f 3646/3939/973 3645/3938/885 3660/3954/773
f 3654/3948/768 3653/3947/766 3668/3963/775
f 3646/3939/973 3661/3955/774 3662/3956/777
f 3655/3949/914 3654/3948/768 3669/3964/776
f 3648/3941/771 3647/3940/769 3662/3956/777
f 3655/3949/914 3670/3965/889 3671/3966/780
f 3649/3942/772 3648/3941/771 3663/3957/779
f 3649/3943/772 3664/3958/781 3665/3960/783
f 3643/3936/884 3642/3935/883 3657/3951/890
f 3650/3944/760 3665/3960/783 3666/3961/785
f 3643/3936/884 3658/3952/784 3659/3953/786
f 3652/3946/764 3651/3945/762 3666/3961/785
f 3644/3937/763 3659/3953/786 3660/3954/773
f 3652/3946/764 3667/3962/787 3668/3963/775
f 3664/3958/781 3679/3975/801 3680/3976/788
f 3657/3951/890 3672/3967/802 3673/3968/789
f 3665/3960/783 3680/3976/788 3681/3977/790
f 3659/3953/786 3658/3952/784 3673/3968/789
f 3667/3962/787 3666/3961/785 3681/3977/790
f 3660/3954/773 3659/3953/786 3674/3969/791
f 3667/3962/787 3682/3978/792 3683/3979/794
f 3661/3955/774 3660/3954/773 3675/3970/793
f 3668/3963/775 3683/3979/794 3684/3980/796
f 3661/3955/774 3676/3971/795 3677/3972/797
f 3669/3964/776 3684/3980/796 3685/3981/893
f 3663/3957/779 3662/3956/777 3677/3972/797
f 3671/3966/780 3670/3965/889 3685/3981/893
f 3664/3959/781 3663/3957/779 3678/3973/799
f 3684/3980/796 3683/3979/794 3692/3988/322
f 3677/3972/797 3676/3971/795 3215/3479/352
f 3684/3980/796 3693/3989/324 3694/3990/804
f 3678/3973/799 3677/3972/797 3690/3986/325
f 3686/3982/800 3685/3981/893 3694/3990/804
f 3679/3974/801 3678/3973/799 3216/3480/331
f 3679/3975/801 3217/3482/335 3218/3483/339
f 3672/3967/802 3687/3983/336 3688/3984/341
f 3680/3976/788 3218/3483/339 3691/3987/343
f 3674/3969/791 3673/3968/789 3688/3984/341
f 3681/3977/790 3691/3987/343 3219/3484/348
f 3675/3970/793 3674/3969/791 3214/3478/346
f 3682/3978/792 3219/3484/348 3692/3988/322
f 3676/3971/795 3675/3970/793 3689/3985/349
