# Blender 3.3.18
# www.blender.org
mtllib Snowman.mtl
o 球
v -0.555570 1.831470 0.000000
v -0.831470 1.555570 0.000000
v -0.980785 1.195090 0.000000
v -1.000000 1.000000 0.000000
v -0.980785 0.804910 0.000000
v -0.831470 0.444430 0.000000
v -0.191342 1.980785 -0.038060
v -0.375330 1.923880 -0.074658
v -0.544895 1.831470 -0.108386
v -0.693520 1.707107 -0.137950
v -0.815493 1.555570 -0.162212
v -0.906127 1.382684 -0.180240
v -0.961940 1.195090 -0.191342
v -0.980785 1.000000 -0.195090
v -0.961940 0.804910 -0.191342
v -0.906127 0.617317 -0.180240
v -0.815493 0.444430 -0.162212
v -0.693520 0.292893 -0.137950
v -0.544895 0.168530 -0.108386
v -0.375330 0.076120 -0.074658
v -0.191342 0.019215 -0.038060
v -0.180240 1.980785 -0.074658
v -0.353553 1.923880 -0.146447
v -0.513280 1.831470 -0.212608
v -0.653281 1.707107 -0.270598
v -0.768178 1.555570 -0.318190
v -0.853553 1.382684 -0.353553
v -0.906127 1.195090 -0.375330
v -0.923879 1.000000 -0.382683
v -0.906127 0.804910 -0.375330
v -0.853553 0.617317 -0.353553
v -0.768178 0.444430 -0.318190
v -0.653281 0.292893 -0.270598
v -0.513280 0.168530 -0.212608
v -0.353553 0.076120 -0.146447
v -0.180240 0.019215 -0.074658
v -0.162212 1.980785 -0.108386
v -0.318190 1.923880 -0.212608
v -0.461940 1.831470 -0.308658
v -0.587938 1.707107 -0.392847
v -0.691342 1.555570 -0.461940
v -0.768178 1.382684 -0.513280
v -0.815493 1.195090 -0.544895
v -0.831469 1.000000 -0.555570
v -0.815493 0.804910 -0.544895
v -0.768178 0.617317 -0.513280
v -0.691342 0.444430 -0.461940
v -0.587938 0.292893 -0.392847
v -0.461940 0.168530 -0.308658
v -0.318190 0.076120 -0.212608
v -0.162212 0.019215 -0.108386
v -0.137950 1.980785 -0.137950
v -0.270598 1.923880 -0.270598
v -0.392847 1.831470 -0.392847
v -0.500000 1.707107 -0.500000
v -0.587938 1.555570 -0.587938
v -0.653281 1.382684 -0.653281
v -0.693520 1.195090 -0.693520
v -0.707107 1.000000 -0.707107
v -0.693520 0.804910 -0.693520
v -0.653281 0.617317 -0.653281
v -0.587938 0.444430 -0.587938
v -0.500000 0.292893 -0.500000
v -0.392847 0.168530 -0.392847
v -0.270598 0.076120 -0.270598
v -0.137950 0.019215 -0.137950
v -0.108386 1.980785 -0.162212
v -0.212608 1.923880 -0.318190
v -0.308658 1.831470 -0.461940
v -0.392848 1.707107 -0.587938
v -0.461940 1.555570 -0.691342
v -0.513280 1.382684 -0.768178
v -0.544895 1.195090 -0.815493
v -0.555570 1.000000 -0.831470
v -0.544895 0.804910 -0.815493
v -0.513280 0.617317 -0.768178
v -0.461940 0.444430 -0.691342
v -0.392848 0.292893 -0.587938
v -0.308658 0.168530 -0.461940
v -0.212608 0.076120 -0.318190
v -0.108386 0.019215 -0.162212
v 0.000000 2.000000 0.000000
v -0.074658 1.980785 -0.180240
v -0.146447 1.923880 -0.353553
v -0.212607 1.831470 -0.513280
v -0.270598 1.707107 -0.653281
v -0.318190 1.555570 -0.768178
v -0.353553 1.382684 -0.853553
v -0.375330 1.195090 -0.906127
v -0.382683 1.000000 -0.923879
v -0.375330 0.804910 -0.906127
v -0.353553 0.617317 -0.853553
v -0.318190 0.444430 -0.768178
v -0.270598 0.292893 -0.653281
v -0.212607 0.168530 -0.513280
v -0.146447 0.076120 -0.353553
v -0.074658 0.019215 -0.180240
v -0.038060 1.980785 -0.191342
v -0.074658 1.923880 -0.375330
v -0.108386 1.831470 -0.544895
v -0.137950 1.707107 -0.693520
v -0.162212 1.555570 -0.815493
v -0.180240 1.382684 -0.906127
v -0.191342 1.195090 -0.961940
v -0.195090 1.000000 -0.980785
v -0.191342 0.804910 -0.961940
v -0.180240 0.617317 -0.906127
v -0.162212 0.444430 -0.815493
v -0.137950 0.292893 -0.693520
v -0.108386 0.168530 -0.544895
v -0.074658 0.076120 -0.375330
v -0.038060 0.019215 -0.191342
v 0.000000 1.980785 -0.195090
v 0.000000 1.923880 -0.382683
v 0.000000 1.831470 -0.555570
v -0.000000 1.707107 -0.707107
v 0.000000 1.555570 -0.831469
v -0.000000 1.382684 -0.923879
v 0.000000 1.195090 -0.980785
v 0.000000 1.000000 -1.000000
v 0.000000 0.804910 -0.980785
v -0.000000 0.617317 -0.923879
v 0.000000 0.444430 -0.831469
v -0.000000 0.292893 -0.707107
v 0.000000 0.168530 -0.555570
v 0.000000 0.076120 -0.382683
v 0.000000 0.019215 -0.195090
v 0.038060 1.980785 -0.191342
v 0.074658 1.923880 -0.375330
v 0.108386 1.831470 -0.544895
v 0.137950 1.707107 -0.693520
v 0.162212 1.555570 -0.815493
v 0.180240 1.382684 -0.906127
v 0.191342 1.195090 -0.961940
v 0.195090 1.000000 -0.980785
v 0.191342 0.804910 -0.961940
v 0.180240 0.617317 -0.906127
v 0.162212 0.444430 -0.815493
v 0.137950 0.292893 -0.693520
v 0.108386 0.168530 -0.544895
v 0.074658 0.076120 -0.375330
v 0.038060 0.019215 -0.191342
v 0.074658 1.980785 -0.180240
v 0.146447 1.923880 -0.353553
v 0.212608 1.831470 -0.513280
v 0.270598 1.707107 -0.653281
v 0.318190 1.555570 -0.768178
v 0.353553 1.382684 -0.853553
v 0.375330 1.195090 -0.906127
v 0.382683 1.000000 -0.923879
v 0.375330 0.804910 -0.906127
v 0.353553 0.617317 -0.853553
v 0.318190 0.444430 -0.768178
v 0.270598 0.292893 -0.653281
v 0.212608 0.168530 -0.513280
v 0.146447 0.076120 -0.353553
v 0.074658 0.019215 -0.180240
v 0.108386 1.980785 -0.162212
v 0.212608 1.923880 -0.318190
v 0.308658 1.831470 -0.461940
v 0.392847 1.707107 -0.587938
v 0.461940 1.555570 -0.691341
v 0.513280 1.382684 -0.768178
v 0.544895 1.195090 -0.815493
v 0.555570 1.000000 -0.831469
v 0.544895 0.804910 -0.815493
v 0.513280 0.617317 -0.768178
v 0.461940 0.444430 -0.691341
v 0.392847 0.292893 -0.587938
v 0.308658 0.168530 -0.461940
v 0.212608 0.076120 -0.318190
v 0.108386 0.019215 -0.162212
v 0.137950 1.980785 -0.137950
v 0.270598 1.923880 -0.270598
v 0.392847 1.831470 -0.392847
v 0.500000 1.707107 -0.500000
v 0.587938 1.555570 -0.587938
v 0.653281 1.382684 -0.653281
v 0.693520 1.195090 -0.693520
v 0.707107 1.000000 -0.707106
v 0.693520 0.804910 -0.693520
v 0.653281 0.617317 -0.653281
v 0.587938 0.444430 -0.587938
v 0.500000 0.292893 -0.500000
v 0.392847 0.168530 -0.392847
v 0.270598 0.076120 -0.270598
v 0.137950 0.019215 -0.137950
v 0.162212 1.980785 -0.108386
v 0.318190 1.923880 -0.212607
v 0.461940 1.831470 -0.308658
v 0.587938 1.707107 -0.392847
v 0.691342 1.555570 -0.461940
v 0.768178 1.382684 -0.513280
v 0.815493 1.195090 -0.544895
v 0.831469 1.000000 -0.555570
v 0.815493 0.804910 -0.544895
v 0.768178 0.617317 -0.513280
v 0.691342 0.444430 -0.461940
v 0.587938 0.292893 -0.392847
v 0.461940 0.168530 -0.308658
v 0.318190 0.076120 -0.212607
v 0.162212 0.019215 -0.108386
v 0.180240 1.980785 -0.074658
v 0.353553 1.923880 -0.146447
v 0.513280 1.831470 -0.212607
v 0.653281 1.707107 -0.270598
v 0.768178 1.555570 -0.318189
v 0.853553 1.382684 -0.353553
v 0.906127 1.195090 -0.375330
v 0.923879 1.000000 -0.382683
v 0.906127 0.804910 -0.375330
v 0.853553 0.617317 -0.353553
v 0.768178 0.444430 -0.318189
v 0.653281 0.292893 -0.270598
v 0.513280 0.168530 -0.212607
v 0.353553 0.076120 -0.146447
v 0.180240 0.019215 -0.074658
v 0.191342 1.980785 -0.038060
v 0.375330 1.923880 -0.074658
v 0.544895 1.831470 -0.108386
v 0.693520 1.707107 -0.137950
v 0.815493 1.555570 -0.162212
v 0.906127 1.382684 -0.180240
v 0.961939 1.195090 -0.191342
v 0.980785 1.000000 -0.195090
v 0.961939 0.804910 -0.191342
v 0.906127 0.617317 -0.180240
v 0.815493 0.444430 -0.162212
v 0.693520 0.292893 -0.137950
v 0.544895 0.168530 -0.108386
v 0.375330 0.076120 -0.074658
v 0.191342 0.019215 -0.038060
v 0.195090 1.980785 -0.000000
v 0.382683 1.923880 0.000000
v 0.555570 1.831470 0.000000
v 0.707107 1.707107 -0.000000
v 0.831469 1.555570 0.000000
v 0.923879 1.382684 -0.000000
v 0.980785 1.195090 0.000000
v 0.999999 1.000000 0.000000
v 0.980785 0.804910 0.000000
v 0.923879 0.617317 -0.000000
v 0.831469 0.444430 0.000000
v 0.707107 0.292893 -0.000000
v 0.555570 0.168530 0.000000
v 0.382683 0.076120 0.000000
v 0.195090 0.019215 -0.000000
v 0.191342 1.980785 0.038060
v 0.375330 1.923880 0.074658
v 0.544895 1.831470 0.108386
v 0.693520 1.707107 0.137950
v 0.815493 1.555570 0.162212
v 0.906127 1.382684 0.180240
v 0.961939 1.195090 0.191342
v 0.980785 1.000000 0.195090
v 0.961939 0.804910 0.191342
v 0.906127 0.617317 0.180240
v 0.815493 0.444430 0.162212
v 0.693520 0.292893 0.137950
v 0.544895 0.168530 0.108386
v 0.375330 0.076120 0.074658
v 0.191342 0.019215 0.038060
v 0.180240 1.980785 0.074658
v 0.353553 1.923880 0.146447
v 0.513280 1.831470 0.212607
v 0.653281 1.707107 0.270598
v 0.768177 1.555570 0.318190
v 0.853553 1.382684 0.353553
v 0.906127 1.195090 0.375330
v 0.923879 1.000000 0.382683
v 0.906127 0.804910 0.375330
v 0.853553 0.617317 0.353553
v 0.768177 0.444430 0.318190
v 0.653281 0.292893 0.270598
v 0.513280 0.168530 0.212607
v 0.353553 0.076120 0.146447
v 0.180240 0.019215 0.074658
v 0.162212 1.980785 0.108386
v 0.318190 1.923880 0.212607
v 0.461939 1.831470 0.308658
v 0.587938 1.707107 0.392847
v 0.691341 1.555570 0.461940
v 0.768178 1.382684 0.513280
v 0.815493 1.195090 0.544895
v 0.831469 1.000000 0.555570
v 0.815493 0.804910 0.544895
v 0.768178 0.617317 0.513280
v 0.691341 0.444430 0.461940
v 0.587938 0.292893 0.392847
v 0.461939 0.168530 0.308658
v 0.318190 0.076120 0.212607
v 0.162212 0.019215 0.108386
v 0.137950 1.980785 0.137950
v 0.270598 1.923880 0.270598
v 0.392847 1.831470 0.392847
v 0.500000 1.707107 0.500000
v 0.587937 1.555570 0.587938
v 0.653281 1.382684 0.653281
v 0.693520 1.195090 0.693520
v 0.707106 1.000000 0.707106
v 0.693520 0.804910 0.693520
v 0.653281 0.617317 0.653281
v 0.587937 0.444430 0.587938
v 0.500000 0.292893 0.500000
v 0.392847 0.168530 0.392847
v 0.270598 0.076120 0.270598
v 0.137950 0.019215 0.137950
v 0.000000 0.000000 0.000000
v 0.108386 1.980785 0.162212
v 0.212607 1.923880 0.318190
v 0.308658 1.831470 0.461940
v 0.392847 1.707107 0.587938
v 0.461939 1.555570 0.691341
v 0.513280 1.382684 0.768177
v 0.544895 1.195090 0.815493
v 0.555569 1.000000 0.831469
v 0.544895 0.804910 0.815493
v 0.513280 0.617317 0.768177
v 0.461939 0.444430 0.691341
v 0.392847 0.292893 0.587938
v 0.308658 0.168530 0.461940
v 0.212607 0.076120 0.318190
v 0.108386 0.019215 0.162212
v 0.074658 1.980785 0.180240
v 0.146447 1.923880 0.353553
v 0.212607 1.831470 0.513280
v 0.270598 1.707107 0.653281
v 0.318189 1.555570 0.768177
v 0.353553 1.382684 0.853553
v 0.375330 1.195090 0.906127
v 0.382683 1.000000 0.923879
v 0.375330 0.804910 0.906127
v 0.353553 0.617317 0.853553
v 0.318189 0.444430 0.768177
v 0.270598 0.292893 0.653281
v 0.212607 0.168530 0.513280
v 0.146447 0.076120 0.353553
v 0.074658 0.019215 0.180240
v 0.038060 1.980785 0.191342
v 0.074658 1.923880 0.375330
v 0.108386 1.831470 0.544895
v 0.137950 1.707107 0.693520
v 0.162211 1.555570 0.815493
v 0.180240 1.382684 0.906127
v 0.191341 1.195090 0.961939
v 0.195090 1.000000 0.980784
v 0.191341 0.804910 0.961939
v 0.180240 0.617317 0.906127
v 0.162211 0.444430 0.815493
v 0.137950 0.292893 0.693520
v 0.108386 0.168530 0.544895
v 0.074658 0.076120 0.375330
v 0.038060 0.019215 0.191342
v -0.000000 1.980785 0.195090
v -0.000000 1.923880 0.382683
v -0.000000 1.831470 0.555570
v 0.000000 1.707107 0.707107
v -0.000000 1.555570 0.831469
v 0.000000 1.382684 0.923879
v -0.000000 1.195090 0.980785
v -0.000000 1.000000 0.999999
v -0.000000 0.804910 0.980785
v 0.000000 0.617317 0.923879
v -0.000000 0.444430 0.831469
v 0.000000 0.292893 0.707107
v -0.000000 0.168530 0.555570
v -0.000000 0.076120 0.382683
v -0.000000 0.019215 0.195090
v -0.038060 1.980785 0.191342
v -0.074658 1.923880 0.375330
v -0.108386 1.831470 0.544895
v -0.137950 1.707107 0.693520
v -0.162212 1.555570 0.815493
v -0.180240 1.382684 0.906127
v -0.191342 1.195090 0.961939
v -0.195091 1.000000 0.980784
v -0.191342 0.804910 0.961939
v -0.180240 0.617317 0.906127
v -0.162212 0.444430 0.815493
v -0.137950 0.292893 0.693520
v -0.108386 0.168530 0.544895
v -0.074658 0.076120 0.375330
v -0.038060 0.019215 0.191342
v -0.074658 1.980785 0.180240
v -0.146447 1.923880 0.353553
v -0.212607 1.831470 0.513279
v -0.270598 1.707107 0.653281
v -0.318190 1.555570 0.768177
v -0.353553 1.382684 0.853553
v -0.375330 1.195090 0.906127
v -0.382683 1.000000 0.923878
v -0.375330 0.804910 0.906127
v -0.353553 0.617317 0.853553
v -0.318190 0.444430 0.768177
v -0.270598 0.292893 0.653281
v -0.212607 0.168530 0.513279
v -0.146447 0.076120 0.353553
v -0.074658 0.019215 0.180240
v -0.108386 1.980785 0.162212
v -0.212607 1.923880 0.318189
v -0.308658 1.831470 0.461939
v -0.392847 1.707107 0.587938
v -0.461940 1.555570 0.691341
v -0.513280 1.382684 0.768177
v -0.544895 1.195090 0.815493
v -0.555570 1.000000 0.831468
v -0.544895 0.804910 0.815493
v -0.513280 0.617317 0.768177
v -0.461940 0.444430 0.691341
v -0.392847 0.292893 0.587938
v -0.308658 0.168530 0.461939
v -0.212607 0.076120 0.318189
v -0.108386 0.019215 0.162212
v -0.137950 1.980785 0.137950
v -0.270598 1.923880 0.270598
v -0.392847 1.831470 0.392847
v -0.500000 1.707107 0.500000
v -0.587938 1.555570 0.587937
v -0.653281 1.382684 0.653281
v -0.693520 1.195090 0.693519
v -0.707106 1.000000 0.707106
v -0.693520 0.804910 0.693519
v -0.653281 0.617317 0.653281
v -0.587938 0.444430 0.587937
v -0.500000 0.292893 0.500000
v -0.392847 0.168530 0.392847
v -0.270598 0.076120 0.270598
v -0.137950 0.019215 0.137950
v -0.162212 1.980785 0.108386
v -0.318190 1.923880 0.212607
v -0.461939 1.831470 0.308658
v -0.587938 1.707107 0.392847
v -0.691341 1.555570 0.461939
v -0.768177 1.382684 0.513280
v -0.815493 1.195090 0.544895
v -0.831469 1.000000 0.555569
v -0.815493 0.804910 0.544895
v -0.768177 0.617317 0.513280
v -0.691341 0.444430 0.461939
v -0.587938 0.292893 0.392847
v -0.461939 0.168530 0.308658
v -0.318190 0.076120 0.212607
v -0.162212 0.019215 0.108386
v -0.180240 1.980785 0.074658
v -0.353553 1.923880 0.146446
v -0.513279 1.831470 0.212607
v -0.653281 1.707107 0.270598
v -0.768177 1.555570 0.318189
v -0.853553 1.382684 0.353553
v -0.906127 1.195090 0.375330
v -0.923879 1.000000 0.382683
v -0.906127 0.804910 0.375330
v -0.853553 0.617317 0.353553
v -0.768177 0.444430 0.318189
v -0.653281 0.292893 0.270598
v -0.513279 0.168530 0.212607
v -0.353553 0.076120 0.146446
v -0.180240 0.019215 0.074658
v -0.191342 1.980785 0.038060
v -0.375330 1.923880 0.074658
v -0.544895 1.831470 0.108386
v -0.693520 1.707107 0.137950
v -0.815493 1.555570 0.162211
v -0.906127 1.382684 0.180240
v -0.961939 1.195090 0.191341
v -0.980784 1.000000 0.195090
v -0.961939 0.804910 0.191341
v -0.906127 0.617317 0.180240
v -0.815493 0.444430 0.162211
v -0.693520 0.292893 0.137950
v -0.544895 0.168530 0.108386
v -0.375330 0.076120 0.074658
v -0.191342 0.019215 0.038060
v -0.195090 1.980785 -0.000000
v -0.382683 1.923880 -0.000000
v -0.707107 1.707107 -0.000000
v -0.923879 1.382684 -0.000000
v -0.923879 0.617317 -0.000000
v -0.707107 0.292893 -0.000000
v -0.555570 0.168530 -0.000000
v -0.382683 0.076120 -0.000000
v -0.195090 0.019215 -0.000000
v -0.124561 2.737200 -0.653148
v -0.102528 2.759233 -0.653148
v -0.090604 2.788020 -0.653148
v -0.089070 2.803599 -0.653148
v -0.090604 2.819179 -0.653148
v -0.102528 2.847966 -0.653148
v -0.153647 2.725276 -0.650109
v -0.138955 2.729820 -0.647186
v -0.125413 2.737200 -0.644493
v -0.113545 2.747131 -0.642132
v -0.103804 2.759233 -0.640194
v -0.096566 2.773039 -0.638754
v -0.092109 2.788020 -0.637868
v -0.090604 2.803599 -0.637569
v -0.092109 2.819179 -0.637868
v -0.096566 2.834159 -0.638754
v -0.103804 2.847966 -0.640194
v -0.113545 2.860067 -0.642132
v -0.125413 2.869998 -0.644493
v -0.138955 2.877378 -0.647186
v -0.153647 2.881922 -0.650109
v -0.154534 2.725276 -0.647186
v -0.140694 2.729820 -0.641453
v -0.127938 2.737200 -0.636170
v -0.116758 2.747131 -0.631539
v -0.107583 2.759233 -0.627738
v -0.100765 2.773039 -0.624914
v -0.096566 2.788020 -0.623175
v -0.095149 2.803599 -0.622588
v -0.096566 2.819179 -0.623175
v -0.100765 2.834159 -0.624914
v -0.107583 2.847966 -0.627738
v -0.116758 2.860067 -0.631539
v -0.127938 2.869998 -0.636170
v -0.140694 2.877378 -0.641453
v -0.154534 2.881922 -0.647186
v -0.155974 2.725276 -0.644493
v -0.143518 2.729820 -0.636170
v -0.132038 2.737200 -0.628499
v -0.121976 2.747131 -0.621776
v -0.113719 2.759233 -0.616259
v -0.107583 2.773039 -0.612159
v -0.103804 2.788020 -0.609634
v -0.102528 2.803599 -0.608781
v -0.103804 2.819179 -0.609634
v -0.107583 2.834159 -0.612159
v -0.113719 2.847966 -0.616259
v -0.121976 2.860067 -0.621776
v -0.132038 2.869998 -0.628499
v -0.143518 2.877378 -0.636170
v -0.155974 2.881922 -0.644493
v -0.157911 2.725276 -0.642132
v -0.147318 2.729820 -0.631539
v -0.137556 2.737200 -0.621776
v -0.128999 2.747131 -0.613219
v -0.121976 2.759233 -0.606197
v -0.116758 2.773039 -0.600978
v -0.113545 2.788020 -0.597765
v -0.112460 2.803599 -0.596680
v -0.113545 2.819179 -0.597765
v -0.116758 2.834159 -0.600978
v -0.121976 2.847966 -0.606197
v -0.128999 2.860067 -0.613219
v -0.137556 2.869998 -0.621776
v -0.147318 2.877378 -0.631539
v -0.157911 2.881922 -0.642132
v -0.160272 2.725276 -0.640194
v -0.151949 2.729820 -0.627738
v -0.144279 2.737200 -0.616259
v -0.137556 2.747131 -0.606197
v -0.132038 2.759233 -0.597939
v -0.127938 2.773039 -0.591803
v -0.125413 2.788020 -0.588025
v -0.124561 2.803599 -0.586749
v -0.125413 2.819179 -0.588025
v -0.127938 2.834159 -0.591803
v -0.132038 2.847966 -0.597939
v -0.137556 2.860067 -0.606197
v -0.144279 2.869998 -0.616259
v -0.151949 2.877378 -0.627738
v -0.160272 2.881922 -0.640194
v -0.168928 2.723741 -0.653148
v -0.162966 2.725276 -0.638754
v -0.157233 2.729820 -0.624914
v -0.151949 2.737200 -0.612159
v -0.147318 2.747131 -0.600978
v -0.143518 2.759233 -0.591803
v -0.140694 2.773039 -0.584985
v -0.138955 2.788020 -0.580787
v -0.138367 2.803599 -0.579369
v -0.138955 2.819179 -0.580787
v -0.140694 2.834159 -0.584985
v -0.143518 2.847966 -0.591803
v -0.147318 2.860067 -0.600978
v -0.151949 2.869998 -0.612159
v -0.157233 2.877378 -0.624914
v -0.162966 2.881922 -0.638754
v -0.165888 2.725276 -0.637868
v -0.162966 2.729820 -0.623175
v -0.160272 2.737200 -0.609634
v -0.157911 2.747131 -0.597765
v -0.155974 2.759233 -0.588025
v -0.154534 2.773039 -0.580787
v -0.153647 2.788020 -0.576330
v -0.153348 2.803599 -0.574825
v -0.153647 2.819179 -0.576330
v -0.154534 2.834159 -0.580787
v -0.155974 2.847966 -0.588025
v -0.157911 2.860067 -0.597765
v -0.160272 2.869998 -0.609634
v -0.162966 2.877378 -0.623175
v -0.165888 2.881922 -0.637868
v -0.168928 2.725276 -0.637569
v -0.168928 2.729820 -0.622588
v -0.168928 2.737200 -0.608781
v -0.168928 2.747131 -0.596680
v -0.168928 2.759233 -0.586749
v -0.168928 2.773039 -0.579369
v -0.168928 2.788020 -0.574825
v -0.168928 2.803599 -0.573290
v -0.168928 2.819179 -0.574825
v -0.168928 2.834159 -0.579369
v -0.168928 2.847966 -0.586749
v -0.168928 2.860067 -0.596680
v -0.168928 2.869998 -0.608781
v -0.168928 2.877378 -0.622588
v -0.168928 2.881922 -0.637569
v -0.171967 2.725276 -0.637868
v -0.174890 2.729820 -0.623175
v -0.177583 2.737200 -0.609634
v -0.179944 2.747131 -0.597765
v -0.181881 2.759233 -0.588025
v -0.183321 2.773039 -0.580787
v -0.184208 2.788020 -0.576330
v -0.184507 2.803599 -0.574825
v -0.184208 2.819179 -0.576330
v -0.183321 2.834159 -0.580787
v -0.181881 2.847966 -0.588025
v -0.179944 2.860067 -0.597765
v -0.177583 2.869998 -0.609634
v -0.174890 2.877378 -0.623175
v -0.171967 2.881922 -0.637868
v -0.174890 2.725276 -0.638754
v -0.180622 2.729820 -0.624914
v -0.185906 2.737200 -0.612159
v -0.190537 2.747131 -0.600978
v -0.194337 2.759233 -0.591803
v -0.197162 2.773039 -0.584985
v -0.198901 2.788020 -0.580787
v -0.199488 2.803599 -0.579369
v -0.198901 2.819179 -0.580787
v -0.197162 2.834159 -0.584985
v -0.194337 2.847966 -0.591803
v -0.190537 2.860067 -0.600978
v -0.185906 2.869998 -0.612159
v -0.180622 2.877378 -0.624914
v -0.174890 2.881922 -0.638754
v -0.177583 2.725276 -0.640194
v -0.185906 2.729820 -0.627738
v -0.193576 2.737200 -0.616259
v -0.200300 2.747131 -0.606197
v -0.205817 2.759233 -0.597939
v -0.209917 2.773039 -0.591803
v -0.212442 2.788020 -0.588025
v -0.213294 2.803599 -0.586749
v -0.212442 2.819179 -0.588025
v -0.209917 2.834159 -0.591803
v -0.205817 2.847966 -0.597939
v -0.200300 2.860067 -0.606197
v -0.193576 2.869998 -0.616259
v -0.185906 2.877378 -0.627738
v -0.177583 2.881922 -0.640194
v -0.179944 2.725276 -0.642132
v -0.190537 2.729820 -0.631539
v -0.200300 2.737200 -0.621776
v -0.208856 2.747131 -0.613219
v -0.215879 2.759233 -0.606197
v -0.221097 2.773039 -0.600978
v -0.224311 2.788020 -0.597765
v -0.225396 2.803599 -0.596680
v -0.224311 2.819179 -0.597765
v -0.221097 2.834159 -0.600978
v -0.215879 2.847966 -0.606197
v -0.208856 2.860067 -0.613219
v -0.200300 2.869998 -0.621776
v -0.190537 2.877378 -0.631539
v -0.179944 2.881922 -0.642132
v -0.181881 2.725276 -0.644493
v -0.194337 2.729820 -0.636170
v -0.205817 2.737200 -0.628499
v -0.215879 2.747131 -0.621776
v -0.224137 2.759233 -0.616259
v -0.230273 2.773039 -0.612159
v -0.234051 2.788020 -0.609634
v -0.235327 2.803599 -0.608781
v -0.234051 2.819179 -0.609634
v -0.230273 2.834159 -0.612159
v -0.224137 2.847966 -0.616259
v -0.215879 2.860067 -0.621776
v -0.205817 2.869998 -0.628499
v -0.194337 2.877378 -0.636170
v -0.181881 2.881922 -0.644493
v -0.183321 2.725276 -0.647186
v -0.197162 2.729820 -0.641453
v -0.209917 2.737200 -0.636170
v -0.221097 2.747131 -0.631539
v -0.230273 2.759233 -0.627738
v -0.237090 2.773039 -0.624914
v -0.241289 2.788020 -0.623175
v -0.242707 2.803599 -0.622588
v -0.241289 2.819179 -0.623175
v -0.237090 2.834159 -0.624914
v -0.230273 2.847966 -0.627738
v -0.221097 2.860067 -0.631539
v -0.209917 2.869998 -0.636170
v -0.197162 2.877378 -0.641453
v -0.183321 2.881922 -0.647186
v -0.184208 2.725276 -0.650109
v -0.198901 2.729820 -0.647186
v -0.212442 2.737200 -0.644493
v -0.224311 2.747131 -0.642132
v -0.234051 2.759233 -0.640194
v -0.241289 2.773039 -0.638754
v -0.245746 2.788020 -0.637868
v -0.247251 2.803599 -0.637569
v -0.245746 2.819179 -0.637868
v -0.241289 2.834159 -0.638754
v -0.234051 2.847966 -0.640194
v -0.224311 2.860067 -0.642132
v -0.212442 2.869998 -0.644493
v -0.198901 2.877378 -0.647186
v -0.184208 2.881922 -0.650109
v -0.184507 2.725276 -0.653148
v -0.199488 2.729820 -0.653148
v -0.213294 2.737200 -0.653148
v -0.225396 2.747131 -0.653148
v -0.235327 2.759233 -0.653148
v -0.242707 2.773039 -0.653148
v -0.247251 2.788020 -0.653148
v -0.248785 2.803599 -0.653148
v -0.247251 2.819179 -0.653148
v -0.242707 2.834159 -0.653148
v -0.235327 2.847966 -0.653148
v -0.225396 2.860067 -0.653148
v -0.213294 2.869998 -0.653148
v -0.199488 2.877378 -0.653148
v -0.184507 2.881922 -0.653148
v -0.184208 2.725276 -0.656187
v -0.198901 2.729820 -0.659110
v -0.212442 2.737200 -0.661804
v -0.224311 2.747131 -0.664164
v -0.234051 2.759233 -0.666102
v -0.241289 2.773039 -0.667542
v -0.245746 2.788020 -0.668428
v -0.247251 2.803599 -0.668728
v -0.245746 2.819179 -0.668428
v -0.241289 2.834159 -0.667542
v -0.234051 2.847966 -0.666102
v -0.224311 2.860067 -0.664164
v -0.212442 2.869998 -0.661804
v -0.198901 2.877378 -0.659110
v -0.184208 2.881922 -0.656187
v -0.183321 2.725276 -0.659110
v -0.197162 2.729820 -0.664843
v -0.209917 2.737200 -0.670126
v -0.221097 2.747131 -0.674757
v -0.230273 2.759233 -0.678558
v -0.237090 2.773039 -0.681382
v -0.241289 2.788020 -0.683121
v -0.242706 2.803599 -0.683708
v -0.241289 2.819179 -0.683121
v -0.237090 2.834159 -0.681382
v -0.230273 2.847966 -0.678558
v -0.221097 2.860067 -0.674757
v -0.209917 2.869998 -0.670126
v -0.197162 2.877378 -0.664843
v -0.183321 2.881922 -0.659110
v -0.181881 2.725276 -0.661804
v -0.194337 2.729820 -0.670126
v -0.205817 2.737200 -0.677797
v -0.215879 2.747131 -0.684520
v -0.224137 2.759233 -0.690038
v -0.230273 2.773039 -0.694137
v -0.234051 2.788020 -0.696662
v -0.235327 2.803599 -0.697515
v -0.234051 2.819179 -0.696662
v -0.230273 2.834159 -0.694137
v -0.224137 2.847966 -0.690038
v -0.215879 2.860067 -0.684520
v -0.205817 2.869998 -0.677797
v -0.194337 2.877378 -0.670126
v -0.181881 2.881922 -0.661804
v -0.179944 2.725276 -0.664164
v -0.190537 2.729820 -0.674757
v -0.200299 2.737200 -0.684520
v -0.208856 2.747131 -0.693077
v -0.215879 2.759233 -0.700099
v -0.221097 2.773039 -0.705318
v -0.224311 2.788020 -0.708531
v -0.225395 2.803599 -0.709616
v -0.224311 2.819179 -0.708531
v -0.221097 2.834159 -0.705318
v -0.215879 2.847966 -0.700099
v -0.208856 2.860067 -0.693077
v -0.200299 2.869998 -0.684520
v -0.190537 2.877378 -0.674757
v -0.179944 2.881922 -0.664164
v -0.168928 2.883457 -0.653148
v -0.177583 2.725276 -0.666102
v -0.185906 2.729820 -0.678558
v -0.193576 2.737200 -0.690038
v -0.200299 2.747131 -0.700099
v -0.205817 2.759233 -0.708357
v -0.209917 2.773039 -0.714493
v -0.212442 2.788020 -0.718271
v -0.213294 2.803599 -0.719547
v -0.212442 2.819179 -0.718271
v -0.209917 2.834159 -0.714493
v -0.205817 2.847966 -0.708357
v -0.200299 2.860067 -0.700099
v -0.193576 2.869998 -0.690038
v -0.185906 2.877378 -0.678558
v -0.177583 2.881922 -0.666102
v -0.174890 2.725276 -0.667542
v -0.180622 2.729820 -0.681382
v -0.185906 2.737200 -0.694137
v -0.190537 2.747131 -0.705318
v -0.194337 2.759233 -0.714493
v -0.197162 2.773039 -0.721311
v -0.198901 2.788020 -0.725509
v -0.199488 2.803599 -0.726927
v -0.198901 2.819179 -0.725509
v -0.197162 2.834159 -0.721311
v -0.194337 2.847966 -0.714493
v -0.190537 2.860067 -0.705318
v -0.185906 2.869998 -0.694137
v -0.180622 2.877378 -0.681382
v -0.174890 2.881922 -0.667542
v -0.171967 2.725276 -0.668428
v -0.174890 2.729820 -0.683121
v -0.177583 2.737200 -0.696662
v -0.179944 2.747131 -0.708531
v -0.181881 2.759233 -0.718271
v -0.183321 2.773039 -0.725509
v -0.184208 2.788020 -0.729966
v -0.184507 2.803599 -0.731471
v -0.184208 2.819179 -0.729966
v -0.183321 2.834159 -0.725509
v -0.181881 2.847966 -0.718271
v -0.179944 2.860067 -0.708531
v -0.177583 2.869998 -0.696662
v -0.174890 2.877378 -0.683121
v -0.171967 2.881922 -0.668428
v -0.168928 2.725276 -0.668728
v -0.168928 2.729820 -0.683708
v -0.168928 2.737200 -0.697515
v -0.168928 2.747131 -0.709616
v -0.168928 2.759233 -0.719547
v -0.168928 2.773039 -0.726927
v -0.168928 2.788020 -0.731471
v -0.168928 2.803599 -0.733006
v -0.168928 2.819179 -0.731471
v -0.168928 2.834159 -0.726927
v -0.168928 2.847966 -0.719547
v -0.168928 2.860067 -0.709616
v -0.168928 2.869998 -0.697515
v -0.168928 2.877378 -0.683708
v -0.168928 2.881922 -0.668728
v -0.165888 2.725276 -0.668428
v -0.162966 2.729820 -0.683121
v -0.160272 2.737200 -0.696662
v -0.157911 2.747131 -0.708531
v -0.155974 2.759233 -0.718271
v -0.154534 2.773039 -0.725509
v -0.153647 2.788020 -0.729966
v -0.153348 2.803599 -0.731471
v -0.153647 2.819179 -0.729966
v -0.154534 2.834159 -0.725509
v -0.155974 2.847966 -0.718271
v -0.157911 2.860067 -0.708531
v -0.160272 2.869998 -0.696662
v -0.162966 2.877378 -0.683121
v -0.165888 2.881922 -0.668428
v -0.162966 2.725276 -0.667542
v -0.157233 2.729820 -0.681382
v -0.151949 2.737200 -0.694137
v -0.147318 2.747131 -0.705318
v -0.143518 2.759233 -0.714493
v -0.140694 2.773039 -0.721311
v -0.138955 2.788020 -0.725509
v -0.138367 2.803599 -0.726927
v -0.138955 2.819179 -0.725509
v -0.140694 2.834159 -0.721311
v -0.143518 2.847966 -0.714493
v -0.147318 2.860067 -0.705318
v -0.151949 2.869998 -0.694137
v -0.157233 2.877378 -0.681382
v -0.162966 2.881922 -0.667542
v -0.160272 2.725276 -0.666102
v -0.151949 2.729820 -0.678558
v -0.144279 2.737200 -0.690037
v -0.137556 2.747131 -0.700099
v -0.132038 2.759233 -0.708357
v -0.127938 2.773039 -0.714493
v -0.125413 2.788020 -0.718271
v -0.124561 2.803599 -0.719547
v -0.125413 2.819179 -0.718271
v -0.127938 2.834159 -0.714493
v -0.132038 2.847966 -0.708357
v -0.137556 2.860067 -0.700099
v -0.144279 2.869998 -0.690037
v -0.151949 2.877378 -0.678558
v -0.160272 2.881922 -0.666102
v -0.157911 2.725276 -0.664164
v -0.147318 2.729820 -0.674757
v -0.137556 2.737200 -0.684520
v -0.128999 2.747131 -0.693077
v -0.121976 2.759233 -0.700099
v -0.116758 2.773039 -0.705318
v -0.113545 2.788020 -0.708531
v -0.112460 2.803599 -0.709616
v -0.113545 2.819179 -0.708531
v -0.116758 2.834159 -0.705318
v -0.121976 2.847966 -0.700099
v -0.128999 2.860067 -0.693077
v -0.137556 2.869998 -0.684520
v -0.147318 2.877378 -0.674757
v -0.157911 2.881922 -0.664164
v -0.155974 2.725276 -0.661804
v -0.143518 2.729820 -0.670126
v -0.132038 2.737200 -0.677797
v -0.121976 2.747131 -0.684520
v -0.113719 2.759233 -0.690037
v -0.107583 2.773039 -0.694137
v -0.103804 2.788020 -0.696662
v -0.102528 2.803599 -0.697515
v -0.103804 2.819179 -0.696662
v -0.107583 2.834159 -0.694137
v -0.113719 2.847966 -0.690037
v -0.121976 2.860067 -0.684520
v -0.132038 2.869998 -0.677797
v -0.143518 2.877378 -0.670126
v -0.155974 2.881922 -0.661804
v -0.154534 2.725276 -0.659110
v -0.140694 2.729820 -0.664843
v -0.127938 2.737200 -0.670126
v -0.116758 2.747131 -0.674757
v -0.107583 2.759233 -0.678558
v -0.100765 2.773039 -0.681382
v -0.096566 2.788020 -0.683121
v -0.095149 2.803599 -0.683708
v -0.096566 2.819179 -0.683121
v -0.100765 2.834159 -0.681382
v -0.107583 2.847966 -0.678558
v -0.116758 2.860067 -0.674757
v -0.127938 2.869998 -0.670126
v -0.140694 2.877378 -0.664843
v -0.154534 2.881922 -0.659110
v -0.153647 2.725276 -0.656187
v -0.138955 2.729820 -0.659110
v -0.125413 2.737200 -0.661804
v -0.113545 2.747131 -0.664164
v -0.103804 2.759233 -0.666102
v -0.096566 2.773039 -0.667542
v -0.092109 2.788020 -0.668428
v -0.090604 2.803599 -0.668727
v -0.092109 2.819179 -0.668428
v -0.096566 2.834159 -0.667542
v -0.103804 2.847966 -0.666102
v -0.113545 2.860067 -0.664164
v -0.125413 2.869998 -0.661804
v -0.138955 2.877378 -0.659110
v -0.153647 2.881922 -0.656187
v -0.153348 2.725276 -0.653148
v -0.138367 2.729820 -0.653148
v -0.112460 2.747131 -0.653148
v -0.095149 2.773039 -0.653148
v -0.095149 2.834159 -0.653148
v -0.112460 2.860067 -0.653148
v -0.124561 2.869998 -0.653148
v -0.138367 2.877378 -0.653148
v -0.153348 2.881922 -0.653148
v 0.244310 2.737200 -0.653148
v 0.266343 2.759233 -0.653148
v 0.278267 2.788020 -0.653148
v 0.279801 2.803599 -0.653148
v 0.278267 2.819179 -0.653148
v 0.266343 2.847966 -0.653148
v 0.215223 2.725276 -0.650109
v 0.229916 2.729820 -0.647186
v 0.243457 2.737200 -0.644493
v 0.255326 2.747131 -0.642132
v 0.265067 2.759233 -0.640194
v 0.272305 2.773039 -0.638754
v 0.276762 2.788020 -0.637868
v 0.278267 2.803599 -0.637569
v 0.276762 2.819179 -0.637868
v 0.272305 2.834159 -0.638754
v 0.265067 2.847966 -0.640194
v 0.255326 2.860067 -0.642132
v 0.243457 2.869998 -0.644493
v 0.229916 2.877378 -0.647186
v 0.215223 2.881922 -0.650109
v 0.214337 2.725276 -0.647186
v 0.228177 2.729820 -0.641453
v 0.240933 2.737200 -0.636170
v 0.252113 2.747131 -0.631539
v 0.261288 2.759233 -0.627738
v 0.268106 2.773039 -0.624914
v 0.272305 2.788020 -0.623175
v 0.273722 2.803599 -0.622588
v 0.272305 2.819179 -0.623175
v 0.268106 2.834159 -0.624914
v 0.261288 2.847966 -0.627738
v 0.252113 2.860067 -0.631539
v 0.240933 2.869998 -0.636170
v 0.228177 2.877378 -0.641453
v 0.214337 2.881922 -0.647186
v 0.212897 2.725276 -0.644493
v 0.225353 2.729820 -0.636170
v 0.236833 2.737200 -0.628499
v 0.246895 2.747131 -0.621776
v 0.255152 2.759233 -0.616259
v 0.261288 2.773039 -0.612159
v 0.265067 2.788020 -0.609634
v 0.266343 2.803599 -0.608781
v 0.265067 2.819179 -0.609634
v 0.261288 2.834159 -0.612159
v 0.255152 2.847966 -0.616259
v 0.246895 2.860067 -0.621776
v 0.236833 2.869998 -0.628499
v 0.225353 2.877378 -0.636170
v 0.212897 2.881922 -0.644493
v 0.210960 2.725276 -0.642132
v 0.221553 2.729820 -0.631539
v 0.231315 2.737200 -0.621776
v 0.239872 2.747131 -0.613219
v 0.246895 2.759233 -0.606197
v 0.252113 2.773039 -0.600978
v 0.255326 2.788020 -0.597765
v 0.256411 2.803599 -0.596680
v 0.255326 2.819179 -0.597765
v 0.252113 2.834159 -0.600978
v 0.246895 2.847966 -0.606197
v 0.239872 2.860067 -0.613219
v 0.231315 2.869998 -0.621776
v 0.221553 2.877378 -0.631539
v 0.210960 2.881922 -0.642132
v 0.208599 2.725276 -0.640194
v 0.216922 2.729820 -0.627738
v 0.224592 2.737200 -0.616259
v 0.231315 2.747131 -0.606197
v 0.236833 2.759233 -0.597939
v 0.240933 2.773039 -0.591803
v 0.243457 2.788020 -0.588025
v 0.244310 2.803599 -0.586749
v 0.243457 2.819179 -0.588025
v 0.240933 2.834159 -0.591803
v 0.236833 2.847966 -0.597939
v 0.231315 2.860067 -0.606197
v 0.224592 2.869998 -0.616259
v 0.216922 2.877378 -0.627738
v 0.208599 2.881922 -0.640194
v 0.199943 2.723741 -0.653148
v 0.205905 2.725276 -0.638754
v 0.211638 2.729820 -0.624914
v 0.216922 2.737200 -0.612159
v 0.221553 2.747131 -0.600978
v 0.225353 2.759233 -0.591803
v 0.228177 2.773039 -0.584985
v 0.229916 2.788020 -0.580787
v 0.230504 2.803599 -0.579369
v 0.229916 2.819179 -0.580787
v 0.228177 2.834159 -0.584985
v 0.225353 2.847966 -0.591803
v 0.221553 2.860067 -0.600978
v 0.216922 2.869998 -0.612159
v 0.211638 2.877378 -0.624914
v 0.205905 2.881922 -0.638754
v 0.202983 2.725276 -0.637868
v 0.205905 2.729820 -0.623175
v 0.208599 2.737200 -0.609634
v 0.210960 2.747131 -0.597765
v 0.212897 2.759233 -0.588025
v 0.214337 2.773039 -0.580787
v 0.215223 2.788020 -0.576330
v 0.215523 2.803599 -0.574825
v 0.215223 2.819179 -0.576330
v 0.214337 2.834159 -0.580787
v 0.212897 2.847966 -0.588025
v 0.210960 2.860067 -0.597765
v 0.208599 2.869998 -0.609634
v 0.205905 2.877378 -0.623175
v 0.202983 2.881922 -0.637868
v 0.199943 2.725276 -0.637569
v 0.199943 2.729820 -0.622588
v 0.199943 2.737200 -0.608781
v 0.199943 2.747131 -0.596680
v 0.199943 2.759233 -0.586749
v 0.199943 2.773039 -0.579369
v 0.199943 2.788020 -0.574825
v 0.199943 2.803599 -0.573290
v 0.199943 2.819179 -0.574825
v 0.199943 2.834159 -0.579369
v 0.199943 2.847966 -0.586749
v 0.199943 2.860067 -0.596680
v 0.199943 2.869998 -0.608781
v 0.199943 2.877378 -0.622588
v 0.199943 2.881922 -0.637569
v 0.196904 2.725276 -0.637868
v 0.193981 2.729820 -0.623175
v 0.191288 2.737200 -0.609634
v 0.188927 2.747131 -0.597765
v 0.186989 2.759233 -0.588025
v 0.185550 2.773039 -0.580787
v 0.184663 2.788020 -0.576330
v 0.184364 2.803599 -0.574825
v 0.184663 2.819179 -0.576330
v 0.185550 2.834159 -0.580787
v 0.186989 2.847966 -0.588025
v 0.188927 2.860067 -0.597765
v 0.191288 2.869998 -0.609634
v 0.193981 2.877378 -0.623175
v 0.196904 2.881922 -0.637868
v 0.193981 2.725276 -0.638754
v 0.188248 2.729820 -0.624914
v 0.182965 2.737200 -0.612159
v 0.178334 2.747131 -0.600978
v 0.174533 2.759233 -0.591803
v 0.171709 2.773039 -0.584985
v 0.169970 2.788020 -0.580787
v 0.169383 2.803599 -0.579369
v 0.169970 2.819179 -0.580787
v 0.171709 2.834159 -0.584985
v 0.174533 2.847966 -0.591803
v 0.178334 2.860067 -0.600978
v 0.182965 2.869998 -0.612159
v 0.188248 2.877378 -0.624914
v 0.193981 2.881922 -0.638754
v 0.191288 2.725276 -0.640194
v 0.182965 2.729820 -0.627738
v 0.175295 2.737200 -0.616259
v 0.168571 2.747131 -0.606197
v 0.163054 2.759233 -0.597939
v 0.158954 2.773039 -0.591803
v 0.156429 2.788020 -0.588025
v 0.155577 2.803599 -0.586749
v 0.156429 2.819179 -0.588025
v 0.158954 2.834159 -0.591803
v 0.163054 2.847966 -0.597939
v 0.168571 2.860067 -0.606197
v 0.175295 2.869998 -0.616259
v 0.182965 2.877378 -0.627738
v 0.191288 2.881922 -0.640194
v 0.188927 2.725276 -0.642132
v 0.178334 2.729820 -0.631539
v 0.168571 2.737200 -0.621776
v 0.160014 2.747131 -0.613219
v 0.152992 2.759233 -0.606197
v 0.147774 2.773039 -0.600978
v 0.144560 2.788020 -0.597765
v 0.143475 2.803599 -0.596680
v 0.144560 2.819179 -0.597765
v 0.147774 2.834159 -0.600978
v 0.152992 2.847966 -0.606197
v 0.160014 2.860067 -0.613219
v 0.168571 2.869998 -0.621776
v 0.178334 2.877378 -0.631539
v 0.188927 2.881922 -0.642132
v 0.186989 2.725276 -0.644493
v 0.174533 2.729820 -0.636170
v 0.163054 2.737200 -0.628499
v 0.152992 2.747131 -0.621776
v 0.144734 2.759233 -0.616259
v 0.138598 2.773039 -0.612159
v 0.134820 2.788020 -0.609634
v 0.133544 2.803599 -0.608781
v 0.134820 2.819179 -0.609634
v 0.138598 2.834159 -0.612159
v 0.144734 2.847966 -0.616259
v 0.152992 2.860067 -0.621776
v 0.163054 2.869998 -0.628499
v 0.174533 2.877378 -0.636170
v 0.186989 2.881922 -0.644493
v 0.185550 2.725276 -0.647186
v 0.171709 2.729820 -0.641453
v 0.158954 2.737200 -0.636170
v 0.147774 2.747131 -0.631539
v 0.138598 2.759233 -0.627738
v 0.131780 2.773039 -0.624914
v 0.127582 2.788020 -0.623175
v 0.126164 2.803599 -0.622588
v 0.127582 2.819179 -0.623175
v 0.131780 2.834159 -0.624914
v 0.138598 2.847966 -0.627738
v 0.147774 2.860067 -0.631539
v 0.158954 2.869998 -0.636170
v 0.171709 2.877378 -0.641453
v 0.185550 2.881922 -0.647186
v 0.184663 2.725276 -0.650109
v 0.169970 2.729820 -0.647186
v 0.156429 2.737200 -0.644493
v 0.144560 2.747131 -0.642132
v 0.134820 2.759233 -0.640194
v 0.127582 2.773039 -0.638754
v 0.123125 2.788020 -0.637868
v 0.121620 2.803599 -0.637569
v 0.123125 2.819179 -0.637868
v 0.127582 2.834159 -0.638754
v 0.134820 2.847966 -0.640194
v 0.144560 2.860067 -0.642132
v 0.156429 2.869998 -0.644493
v 0.169970 2.877378 -0.647186
v 0.184663 2.881922 -0.650109
v 0.184364 2.725276 -0.653148
v 0.169383 2.729820 -0.653148
v 0.155577 2.737200 -0.653148
v 0.143475 2.747131 -0.653148
v 0.133544 2.759233 -0.653148
v 0.126164 2.773039 -0.653148
v 0.121620 2.788020 -0.653148
v 0.120086 2.803599 -0.653148
v 0.121620 2.819179 -0.653148
v 0.126164 2.834159 -0.653148
v 0.133544 2.847966 -0.653148
v 0.143475 2.860067 -0.653148
v 0.155577 2.869998 -0.653148
v 0.169383 2.877378 -0.653148
v 0.184364 2.881922 -0.653148
v 0.184663 2.725276 -0.656187
v 0.169970 2.729820 -0.659110
v 0.156429 2.737200 -0.661804
v 0.144560 2.747131 -0.664164
v 0.134820 2.759233 -0.666102
v 0.127582 2.773039 -0.667542
v 0.123125 2.788020 -0.668428
v 0.121620 2.803599 -0.668728
v 0.123125 2.819179 -0.668428
v 0.127582 2.834159 -0.667542
v 0.134820 2.847966 -0.666102
v 0.144560 2.860067 -0.664164
v 0.156429 2.869998 -0.661804
v 0.169970 2.877378 -0.659110
v 0.184663 2.881922 -0.656187
v 0.185550 2.725276 -0.659110
v 0.171709 2.729820 -0.664843
v 0.158954 2.737200 -0.670126
v 0.147774 2.747131 -0.674757
v 0.138598 2.759233 -0.678558
v 0.131780 2.773039 -0.681382
v 0.127582 2.788020 -0.683121
v 0.126164 2.803599 -0.683708
v 0.127582 2.819179 -0.683121
v 0.131780 2.834159 -0.681382
v 0.138598 2.847966 -0.678558
v 0.147774 2.860067 -0.674757
v 0.158954 2.869998 -0.670126
v 0.171709 2.877378 -0.664843
v 0.185550 2.881922 -0.659110
v 0.186989 2.725276 -0.661804
v 0.174533 2.729820 -0.670126
v 0.163054 2.737200 -0.677797
v 0.152992 2.747131 -0.684520
v 0.144734 2.759233 -0.690038
v 0.138598 2.773039 -0.694137
v 0.134820 2.788020 -0.696662
v 0.133544 2.803599 -0.697515
v 0.134820 2.819179 -0.696662
v 0.138598 2.834159 -0.694137
v 0.144734 2.847966 -0.690038
v 0.152992 2.860067 -0.684520
v 0.163054 2.869998 -0.677797
v 0.174533 2.877378 -0.670126
v 0.186989 2.881922 -0.661804
v 0.188927 2.725276 -0.664164
v 0.178334 2.729820 -0.674757
v 0.168571 2.737200 -0.684520
v 0.160014 2.747131 -0.693077
v 0.152992 2.759233 -0.700099
v 0.147774 2.773039 -0.705318
v 0.144560 2.788020 -0.708531
v 0.143475 2.803599 -0.709616
v 0.144560 2.819179 -0.708531
v 0.147774 2.834159 -0.705318
v 0.152992 2.847966 -0.700099
v 0.160014 2.860067 -0.693077
v 0.168571 2.869998 -0.684520
v 0.178334 2.877378 -0.674757
v 0.188927 2.881922 -0.664164
v 0.199943 2.883457 -0.653148
v 0.191288 2.725276 -0.666102
v 0.182965 2.729820 -0.678558
v 0.175295 2.737200 -0.690038
v 0.168571 2.747131 -0.700099
v 0.163054 2.759233 -0.708357
v 0.158954 2.773039 -0.714493
v 0.156429 2.788020 -0.718271
v 0.155577 2.803599 -0.719547
v 0.156429 2.819179 -0.718271
v 0.158954 2.834159 -0.714493
v 0.163054 2.847966 -0.708357
v 0.168571 2.860067 -0.700099
v 0.175295 2.869998 -0.690038
v 0.182965 2.877378 -0.678558
v 0.191288 2.881922 -0.666102
v 0.193981 2.725276 -0.667542
v 0.188248 2.729820 -0.681382
v 0.182965 2.737200 -0.694137
v 0.178334 2.747131 -0.705318
v 0.174533 2.759233 -0.714493
v 0.171709 2.773039 -0.721311
v 0.169970 2.788020 -0.725509
v 0.169383 2.803599 -0.726927
v 0.169970 2.819179 -0.725509
v 0.171709 2.834159 -0.721311
v 0.174533 2.847966 -0.714493
v 0.178334 2.860067 -0.705318
v 0.182965 2.869998 -0.694137
v 0.188248 2.877378 -0.681382
v 0.193981 2.881922 -0.667542
v 0.196904 2.725276 -0.668428
v 0.193981 2.729820 -0.683121
v 0.191288 2.737200 -0.696662
v 0.188927 2.747131 -0.708531
v 0.186989 2.759233 -0.718271
v 0.185550 2.773039 -0.725509
v 0.184663 2.788020 -0.729966
v 0.184364 2.803599 -0.731471
v 0.184663 2.819179 -0.729966
v 0.185550 2.834159 -0.725509
v 0.186989 2.847966 -0.718271
v 0.188927 2.860067 -0.708531
v 0.191288 2.869998 -0.696662
v 0.193981 2.877378 -0.683121
v 0.196904 2.881922 -0.668428
v 0.199943 2.725276 -0.668728
v 0.199943 2.729820 -0.683708
v 0.199943 2.737200 -0.697515
v 0.199943 2.747131 -0.709616
v 0.199943 2.759233 -0.719547
v 0.199943 2.773039 -0.726927
v 0.199943 2.788020 -0.731471
v 0.199943 2.803599 -0.733006
v 0.199943 2.819179 -0.731471
v 0.199943 2.834159 -0.726927
v 0.199943 2.847966 -0.719547
v 0.199943 2.860067 -0.709616
v 0.199943 2.869998 -0.697515
v 0.199943 2.877378 -0.683708
v 0.199943 2.881922 -0.668728
v 0.202983 2.725276 -0.668428
v 0.205905 2.729820 -0.683121
v 0.208599 2.737200 -0.696662
v 0.210960 2.747131 -0.708531
v 0.212897 2.759233 -0.718271
v 0.214337 2.773039 -0.725509
v 0.215223 2.788020 -0.729966
v 0.215523 2.803599 -0.731471
v 0.215223 2.819179 -0.729966
v 0.214337 2.834159 -0.725509
v 0.212897 2.847966 -0.718271
v 0.210960 2.860067 -0.708531
v 0.208599 2.869998 -0.696662
v 0.205905 2.877378 -0.683121
v 0.202983 2.881922 -0.668428
v 0.205905 2.725276 -0.667542
v 0.211638 2.729820 -0.681382
v 0.216922 2.737200 -0.694137
v 0.221553 2.747131 -0.705318
v 0.225353 2.759233 -0.714493
v 0.228177 2.773039 -0.721311
v 0.229916 2.788020 -0.725509
v 0.230504 2.803599 -0.726927
v 0.229916 2.819179 -0.725509
v 0.228177 2.834159 -0.721311
v 0.225353 2.847966 -0.714493
v 0.221553 2.860067 -0.705318
v 0.216922 2.869998 -0.694137
v 0.211638 2.877378 -0.681382
v 0.205905 2.881922 -0.667542
v 0.208599 2.725276 -0.666102
v 0.216922 2.729820 -0.678558
v 0.224592 2.737200 -0.690037
v 0.231315 2.747131 -0.700099
v 0.236833 2.759233 -0.708357
v 0.240933 2.773039 -0.714493
v 0.243457 2.788020 -0.718271
v 0.244310 2.803599 -0.719547
v 0.243457 2.819179 -0.718271
v 0.240933 2.834159 -0.714493
v 0.236833 2.847966 -0.708357
v 0.231315 2.860067 -0.700099
v 0.224592 2.869998 -0.690037
v 0.216922 2.877378 -0.678558
v 0.208599 2.881922 -0.666102
v 0.210960 2.725276 -0.664164
v 0.221553 2.729820 -0.674757
v 0.231315 2.737200 -0.684520
v 0.239872 2.747131 -0.693077
v 0.246895 2.759233 -0.700099
v 0.252113 2.773039 -0.705318
v 0.255326 2.788020 -0.708531
v 0.256411 2.803599 -0.709616
v 0.255326 2.819179 -0.708531
v 0.252113 2.834159 -0.705318
v 0.246895 2.847966 -0.700099
v 0.239872 2.860067 -0.693077
v 0.231315 2.869998 -0.684520
v 0.221553 2.877378 -0.674757
v 0.210960 2.881922 -0.664164
v 0.212897 2.725276 -0.661804
v 0.225353 2.729820 -0.670126
v 0.236833 2.737200 -0.677797
v 0.246895 2.747131 -0.684520
v 0.255152 2.759233 -0.690037
v 0.261288 2.773039 -0.694137
v 0.265067 2.788020 -0.696662
v 0.266343 2.803599 -0.697515
v 0.265067 2.819179 -0.696662
v 0.261288 2.834159 -0.694137
v 0.255152 2.847966 -0.690037
v 0.246895 2.860067 -0.684520
v 0.236833 2.869998 -0.677797
v 0.225353 2.877378 -0.670126
v 0.212897 2.881922 -0.661804
v 0.214337 2.725276 -0.659110
v 0.228177 2.729820 -0.664843
v 0.240933 2.737200 -0.670126
v 0.252113 2.747131 -0.674757
v 0.261288 2.759233 -0.678558
v 0.268106 2.773039 -0.681382
v 0.272305 2.788020 -0.683121
v 0.273722 2.803599 -0.683708
v 0.272305 2.819179 -0.683121
v 0.268106 2.834159 -0.681382
v 0.261288 2.847966 -0.678558
v 0.252113 2.860067 -0.674757
v 0.240933 2.869998 -0.670126
v 0.228177 2.877378 -0.664843
v 0.214337 2.881922 -0.659110
v 0.215223 2.725276 -0.656187
v 0.229916 2.729820 -0.659110
v 0.243457 2.737200 -0.661804
v 0.255326 2.747131 -0.664164
v 0.265067 2.759233 -0.666102
v 0.272305 2.773039 -0.667542
v 0.276762 2.788020 -0.668428
v 0.278267 2.803599 -0.668727
v 0.276762 2.819179 -0.668428
v 0.272305 2.834159 -0.667542
v 0.265067 2.847966 -0.666102
v 0.255326 2.860067 -0.664164
v 0.243457 2.869998 -0.661804
v 0.229916 2.877378 -0.659110
v 0.215223 2.881922 -0.656187
v 0.215523 2.725276 -0.653148
v 0.230504 2.729820 -0.653148
v 0.256411 2.747131 -0.653148
v 0.273722 2.773039 -0.653148
v 0.273722 2.834159 -0.653148
v 0.256411 2.860067 -0.653148
v 0.244310 2.869998 -0.653148
v 0.230504 2.877378 -0.653148
v 0.215523 2.881922 -0.653148
v -0.409943 3.121098 0.000000
v -0.613523 2.917518 0.000000
v -0.723700 2.651527 0.000000
v -0.737878 2.507575 0.000000
v -0.723700 2.363622 0.000000
v -0.613523 2.097631 0.000000
v -0.141187 3.231275 -0.028084
v -0.276948 3.189285 -0.055088
v -0.402066 3.121098 -0.079976
v -0.511733 3.029333 -0.101790
v -0.601734 2.917518 -0.119692
v -0.668611 2.789948 -0.132995
v -0.709794 2.651527 -0.141187
v -0.723700 2.507575 -0.143953
v -0.709794 2.363622 -0.141187
v -0.668611 2.225201 -0.132995
v -0.601734 2.097631 -0.119692
v -0.511733 1.985816 -0.101790
v -0.402066 1.894052 -0.079976
v -0.276948 1.825864 -0.055088
v -0.141187 1.783875 -0.028084
v -0.132995 3.231275 -0.055088
v -0.260879 3.189285 -0.108060
v -0.378738 3.121098 -0.156878
v -0.482042 3.029333 -0.199668
v -0.566821 2.917518 -0.234785
v -0.629818 2.789948 -0.260879
v -0.668611 2.651527 -0.276948
v -0.681710 2.507575 -0.282374
v -0.668611 2.363622 -0.276948
v -0.629818 2.225201 -0.260879
v -0.566821 2.097631 -0.234785
v -0.482042 1.985816 -0.199668
v -0.378738 1.894052 -0.156878
v -0.260879 1.825864 -0.108060
v -0.132995 1.783875 -0.055088
v -0.119692 3.231275 -0.079976
v -0.234785 3.189285 -0.156878
v -0.340855 3.121098 -0.227752
v -0.433826 3.029333 -0.289873
v -0.510126 2.917518 -0.340855
v -0.566821 2.789948 -0.378738
v -0.601734 2.651527 -0.402066
v -0.613523 2.507575 -0.409943
v -0.601734 2.363622 -0.402066
v -0.566821 2.225201 -0.378738
v -0.510126 2.097631 -0.340855
v -0.433826 1.985816 -0.289873
v -0.340855 1.894052 -0.227752
v -0.234785 1.825864 -0.156878
v -0.119692 1.783875 -0.079976
v -0.101790 3.231275 -0.101790
v -0.199668 3.189285 -0.199668
v -0.289873 3.121098 -0.289874
v -0.368939 3.029333 -0.368939
v -0.433826 2.917518 -0.433826
v -0.482042 2.789948 -0.482042
v -0.511733 2.651527 -0.511733
v -0.521758 2.507575 -0.521759
v -0.511733 2.363622 -0.511733
v -0.482042 2.225201 -0.482042
v -0.433826 2.097631 -0.433826
v -0.368939 1.985816 -0.368939
v -0.289873 1.894052 -0.289874
v -0.199668 1.825864 -0.199668
v -0.101790 1.783875 -0.101790
v -0.079976 3.231275 -0.119692
v -0.156878 3.189285 -0.234785
v -0.227752 3.121098 -0.340855
v -0.289874 3.029333 -0.433826
v -0.340855 2.917518 -0.510126
v -0.378738 2.789948 -0.566821
v -0.402066 2.651527 -0.601734
v -0.409943 2.507575 -0.613523
v -0.402066 2.363622 -0.601734
v -0.378738 2.225201 -0.566821
v -0.340855 2.097631 -0.510126
v -0.289874 1.985816 -0.433826
v -0.227752 1.894052 -0.340855
v -0.156878 1.825864 -0.234785
v -0.079976 1.783875 -0.119692
v 0.000000 3.245453 0.000000
v -0.055088 3.231275 -0.132995
v -0.108060 3.189285 -0.260879
v -0.156878 3.121098 -0.378738
v -0.199668 3.029333 -0.482042
v -0.234785 2.917518 -0.566821
v -0.260879 2.789948 -0.629818
v -0.276948 2.651527 -0.668611
v -0.282374 2.507575 -0.681710
v -0.276948 2.363622 -0.668611
v -0.260879 2.225201 -0.629818
v -0.234785 2.097631 -0.566821
v -0.199668 1.985816 -0.482042
v -0.156878 1.894052 -0.378738
v -0.108060 1.825864 -0.260879
v -0.055088 1.783875 -0.132995
v -0.028084 3.231275 -0.141187
v -0.055088 3.189285 -0.276948
v -0.079976 3.121098 -0.402066
v -0.101790 3.029333 -0.511733
v -0.119692 2.917518 -0.601734
v -0.132995 2.789948 -0.668611
v -0.141187 2.651527 -0.709794
v -0.143953 2.507575 -0.723700
v -0.141187 2.363622 -0.709794
v -0.132995 2.225201 -0.668611
v -0.119692 2.097631 -0.601734
v -0.101790 1.985816 -0.511733
v -0.079976 1.894052 -0.402066
v -0.055088 1.825864 -0.276948
v -0.028084 1.783875 -0.141187
v 0.000000 3.231275 -0.143953
v 0.000000 3.189285 -0.282374
v 0.000000 3.121098 -0.409943
v -0.000000 3.029333 -0.521758
v 0.000000 2.917518 -0.613523
v -0.000000 2.789948 -0.681710
v 0.000000 2.651527 -0.723700
v 0.000000 2.507575 -0.737878
v 0.000000 2.363622 -0.723700
v -0.000000 2.225201 -0.681710
v 0.000000 2.097631 -0.613523
v -0.000000 1.985816 -0.521758
v 0.000000 1.894052 -0.409943
v 0.000000 1.825864 -0.282374
v 0.000000 1.783875 -0.143953
v 0.028084 3.231275 -0.141187
v 0.055088 3.189285 -0.276948
v 0.079976 3.121098 -0.402066
v 0.101790 3.029333 -0.511733
v 0.119692 2.917518 -0.601734
v 0.132995 2.789948 -0.668611
v 0.141187 2.651527 -0.709794
v 0.143953 2.507575 -0.723700
v 0.141187 2.363622 -0.709794
v 0.132995 2.225201 -0.668611
v 0.119692 2.097631 -0.601734
v 0.101790 1.985816 -0.511733
v 0.079976 1.894052 -0.402066
v 0.055088 1.825864 -0.276948
v 0.028084 1.783875 -0.141187
v 0.055088 3.231275 -0.132995
v 0.108060 3.189285 -0.260879
v 0.156878 3.121098 -0.378738
v 0.199668 3.029333 -0.482042
v 0.234785 2.917518 -0.566821
v 0.260879 2.789948 -0.629818
v 0.276948 2.651527 -0.668611
v 0.282374 2.507575 -0.681710
v 0.276948 2.363622 -0.668611
v 0.260879 2.225201 -0.629818
v 0.234785 2.097631 -0.566821
v 0.199668 1.985816 -0.482042
v 0.156878 1.894052 -0.378738
v 0.108060 1.825864 -0.260879
v 0.055088 1.783875 -0.132995
v 0.079976 3.231275 -0.119692
v 0.156878 3.189285 -0.234785
v 0.227752 3.121098 -0.340855
v 0.289873 3.029333 -0.433826
v 0.340855 2.917518 -0.510126
v 0.378738 2.789948 -0.566821
v 0.402066 2.651527 -0.601734
v 0.409943 2.507575 -0.613523
v 0.402066 2.363622 -0.601734
v 0.378738 2.225201 -0.566821
v 0.340855 2.097631 -0.510126
v 0.289873 1.985816 -0.433826
v 0.227752 1.894052 -0.340855
v 0.156878 1.825864 -0.234785
v 0.079976 1.783875 -0.119692
v 0.101790 3.231275 -0.101790
v 0.199668 3.189285 -0.199668
v 0.289873 3.121098 -0.289873
v 0.368939 3.029333 -0.368939
v 0.433826 2.917518 -0.433826
v 0.482042 2.789948 -0.482042
v 0.511733 2.651527 -0.511733
v 0.521758 2.507575 -0.521758
v 0.511733 2.363622 -0.511733
v 0.482042 2.225201 -0.482042
v 0.433826 2.097631 -0.433826
v 0.368939 1.985816 -0.368939
v 0.289873 1.894052 -0.289873
v 0.199668 1.825864 -0.199668
v 0.101790 1.783875 -0.101790
v 0.119692 3.231275 -0.079976
v 0.234785 3.189285 -0.156878
v 0.340855 3.121098 -0.227752
v 0.433826 3.029333 -0.289874
v 0.510126 2.917518 -0.340855
v 0.566821 2.789948 -0.378738
v 0.601734 2.651527 -0.402066
v 0.613523 2.507575 -0.409943
v 0.601734 2.363622 -0.402066
v 0.566821 2.225201 -0.378738
v 0.510126 2.097631 -0.340855
v 0.433826 1.985816 -0.289874
v 0.340855 1.894052 -0.227752
v 0.234785 1.825864 -0.156878
v 0.119692 1.783875 -0.079976
v 0.132995 3.231275 -0.055088
v 0.260879 3.189285 -0.108060
v 0.378738 3.121098 -0.156878
v 0.482042 3.029333 -0.199668
v 0.566821 2.917518 -0.234785
v 0.629818 2.789948 -0.260879
v 0.668611 2.651527 -0.276948
v 0.681710 2.507575 -0.282373
v 0.668611 2.363622 -0.276948
v 0.629818 2.225201 -0.260879
v 0.566821 2.097631 -0.234785
v 0.482042 1.985816 -0.199668
v 0.378738 1.894052 -0.156878
v 0.260879 1.825864 -0.108060
v 0.132995 1.783875 -0.055088
v 0.141187 3.231275 -0.028084
v 0.276948 3.189285 -0.055088
v 0.402066 3.121098 -0.079976
v 0.511733 3.029333 -0.101790
v 0.601734 2.917518 -0.119692
v 0.668611 2.789948 -0.132995
v 0.709794 2.651527 -0.141187
v 0.723700 2.507575 -0.143953
v 0.709794 2.363622 -0.141187
v 0.668611 2.225201 -0.132995
v 0.601734 2.097631 -0.119692
v 0.511733 1.985816 -0.101790
v 0.402066 1.894052 -0.079976
v 0.276948 1.825864 -0.055088
v 0.141187 1.783875 -0.028084
v 0.143953 3.231275 -0.000000
v 0.282374 3.189285 0.000000
v 0.409943 3.121098 0.000000
v 0.521758 3.029333 -0.000000
v 0.613523 2.917518 0.000000
v 0.681710 2.789948 -0.000000
v 0.723700 2.651527 0.000000
v 0.737878 2.507575 0.000000
v 0.723700 2.363622 0.000000
v 0.681710 2.225201 -0.000000
v 0.613523 2.097631 0.000000
v 0.521758 1.985816 -0.000000
v 0.409943 1.894052 0.000000
v 0.282374 1.825864 0.000000
v 0.143953 1.783875 -0.000000
v 0.141187 3.231275 0.028084
v 0.276948 3.189285 0.055088
v 0.402066 3.121098 0.079976
v 0.511733 3.029333 0.101790
v 0.601734 2.917518 0.119692
v 0.668611 2.789948 0.132995
v 0.709794 2.651527 0.141187
v 0.723699 2.507575 0.143953
v 0.709794 2.363622 0.141187
v 0.668611 2.225201 0.132995
v 0.601734 2.097631 0.119692
v 0.511733 1.985816 0.101790
v 0.402066 1.894052 0.079976
v 0.276948 1.825864 0.055088
v 0.141187 1.783875 0.028084
v 0.132995 3.231275 0.055088
v 0.260879 3.189285 0.108060
v 0.378738 3.121098 0.156878
v 0.482042 3.029333 0.199668
v 0.566821 2.917518 0.234785
v 0.629818 2.789948 0.260879
v 0.668611 2.651527 0.276948
v 0.681710 2.507575 0.282374
v 0.668611 2.363622 0.276948
v 0.629818 2.225201 0.260879
v 0.566821 2.097631 0.234785
v 0.482042 1.985816 0.199668
v 0.378738 1.894052 0.156878
v 0.260879 1.825864 0.108060
v 0.132995 1.783875 0.055088
v 0.119692 3.231275 0.079976
v 0.234785 3.189285 0.156878
v 0.340855 3.121098 0.227752
v 0.433826 3.029333 0.289873
v 0.510126 2.917518 0.340855
v 0.566821 2.789948 0.378738
v 0.601734 2.651527 0.402066
v 0.613523 2.507575 0.409943
v 0.601734 2.363622 0.402066
v 0.566821 2.225201 0.378738
v 0.510126 2.097631 0.340855
v 0.433826 1.985816 0.289873
v 0.340855 1.894052 0.227752
v 0.234785 1.825864 0.156878
v 0.119692 1.783875 0.079976
v 0.101790 3.231275 0.101790
v 0.199668 3.189285 0.199668
v 0.289873 3.121098 0.289873
v 0.368939 3.029333 0.368939
v 0.433826 2.917518 0.433826
v 0.482042 2.789948 0.482042
v 0.511733 2.651527 0.511733
v 0.521758 2.507575 0.521758
v 0.511733 2.363622 0.511733
v 0.482042 2.225201 0.482042
v 0.433826 2.097631 0.433826
v 0.368939 1.985816 0.368939
v 0.289873 1.894052 0.289873
v 0.199668 1.825864 0.199668
v 0.101790 1.783875 0.101790
v 0.000000 1.769697 0.000000
v 0.079976 3.231275 0.119692
v 0.156878 3.189285 0.234785
v 0.227752 3.121098 0.340855
v 0.289873 3.029333 0.433826
v 0.340855 2.917518 0.510126
v 0.378738 2.789948 0.566821
v 0.402066 2.651527 0.601734
v 0.409942 2.507575 0.613523
v 0.402066 2.363622 0.601734
v 0.378738 2.225201 0.566821
v 0.340855 2.097631 0.510126
v 0.289873 1.985816 0.433826
v 0.227752 1.894052 0.340855
v 0.156878 1.825864 0.234785
v 0.079976 1.783875 0.119692
v 0.055088 3.231275 0.132995
v 0.108060 3.189285 0.260879
v 0.156878 3.121098 0.378738
v 0.199668 3.029333 0.482042
v 0.234785 2.917518 0.566821
v 0.260879 2.789948 0.629818
v 0.276948 2.651527 0.668611
v 0.282373 2.507575 0.681710
v 0.276948 2.363622 0.668611
v 0.260879 2.225201 0.629818
v 0.234785 2.097631 0.566821
v 0.199668 1.985816 0.482042
v 0.156878 1.894052 0.378738
v 0.108060 1.825864 0.260879
v 0.055088 1.783875 0.132995
v 0.028084 3.231275 0.141187
v 0.055088 3.189285 0.276948
v 0.079976 3.121098 0.402066
v 0.101790 3.029333 0.511733
v 0.119692 2.917518 0.601734
v 0.132995 2.789948 0.668611
v 0.141187 2.651527 0.709794
v 0.143952 2.507575 0.723699
v 0.141187 2.363622 0.709794
v 0.132995 2.225201 0.668611
v 0.119692 2.097631 0.601734
v 0.101790 1.985816 0.511733
v 0.079976 1.894052 0.402066
v 0.055088 1.825864 0.276948
v 0.028084 1.783875 0.141187
v -0.000000 3.231275 0.143953
v -0.000000 3.189285 0.282374
v -0.000000 3.121098 0.409943
v 0.000000 3.029333 0.521758
v -0.000000 2.917518 0.613523
v 0.000000 2.789948 0.681710
v -0.000000 2.651527 0.723700
v -0.000000 2.507575 0.737877
v -0.000000 2.363622 0.723700
v 0.000000 2.225201 0.681710
v -0.000000 2.097631 0.613523
v 0.000000 1.985816 0.521758
v -0.000000 1.894052 0.409943
v -0.000000 1.825864 0.282374
v -0.000000 1.783875 0.143953
v -0.028084 3.231275 0.141187
v -0.055088 3.189285 0.276948
v -0.079976 3.121098 0.402066
v -0.101790 3.029333 0.511733
v -0.119692 2.917518 0.601734
v -0.132995 2.789948 0.668611
v -0.141187 2.651527 0.709794
v -0.143953 2.507575 0.723699
v -0.141187 2.363622 0.709794
v -0.132995 2.225201 0.668611
v -0.119692 2.097631 0.601734
v -0.101790 1.985816 0.511733
v -0.079976 1.894052 0.402066
v -0.055088 1.825864 0.276948
v -0.028084 1.783875 0.141187
v -0.055088 3.231275 0.132995
v -0.108060 3.189285 0.260879
v -0.156878 3.121098 0.378738
v -0.199668 3.029333 0.482042
v -0.234785 2.917518 0.566821
v -0.260879 2.789948 0.629818
v -0.276948 2.651527 0.668611
v -0.282374 2.507575 0.681710
v -0.276948 2.363622 0.668611
v -0.260879 2.225201 0.629818
v -0.234785 2.097631 0.566821
v -0.199668 1.985816 0.482042
v -0.156878 1.894052 0.378738
v -0.108060 1.825864 0.260879
v -0.055088 1.783875 0.132995
v -0.079976 3.231275 0.119692
v -0.156878 3.189285 0.234785
v -0.227752 3.121098 0.340855
v -0.289873 3.029333 0.433826
v -0.340855 2.917518 0.510125
v -0.378738 2.789948 0.566821
v -0.402066 2.651527 0.601734
v -0.409943 2.507575 0.613522
v -0.402066 2.363622 0.601734
v -0.378738 2.225201 0.566821
v -0.340855 2.097631 0.510125
v -0.289873 1.985816 0.433826
v -0.227752 1.894052 0.340855
v -0.156878 1.825864 0.234785
v -0.079976 1.783875 0.119692
v -0.101790 3.231275 0.101790
v -0.199668 3.189285 0.199668
v -0.289873 3.121098 0.289873
v -0.368939 3.029333 0.368939
v -0.433826 2.917518 0.433826
v -0.482042 2.789948 0.482042
v -0.511733 2.651527 0.511733
v -0.521758 2.507575 0.521758
v -0.511733 2.363622 0.511733
v -0.482042 2.225201 0.482042
v -0.433826 2.097631 0.433826
v -0.368939 1.985816 0.368939
v -0.289873 1.894052 0.289873
v -0.199668 1.825864 0.199668
v -0.101790 1.783875 0.101790
v -0.119692 3.231275 0.079976
v -0.234785 3.189285 0.156878
v -0.340855 3.121098 0.227752
v -0.433826 3.029333 0.289873
v -0.510126 2.917518 0.340855
v -0.566821 2.789948 0.378738
v -0.601734 2.651527 0.402066
v -0.613523 2.507575 0.409942
v -0.601734 2.363622 0.402066
v -0.566821 2.225201 0.378738
v -0.510126 2.097631 0.340855
v -0.433826 1.985816 0.289873
v -0.340855 1.894052 0.227752
v -0.234785 1.825864 0.156878
v -0.119692 1.783875 0.079976
v -0.132995 3.231275 0.055088
v -0.260879 3.189285 0.108060
v -0.378738 3.121098 0.156878
v -0.482042 3.029333 0.199668
v -0.566821 2.917518 0.234785
v -0.629818 2.789948 0.260879
v -0.668611 2.651527 0.276948
v -0.681710 2.507575 0.282373
v -0.668611 2.363622 0.276948
v -0.629818 2.225201 0.260879
v -0.566821 2.097631 0.234785
v -0.482042 1.985816 0.199668
v -0.378738 1.894052 0.156878
v -0.260879 1.825864 0.108060
v -0.132995 1.783875 0.055088
v -0.141187 3.231275 0.028084
v -0.276948 3.189285 0.055088
v -0.402066 3.121098 0.079976
v -0.511733 3.029333 0.101790
v -0.601734 2.917518 0.119692
v -0.668611 2.789948 0.132995
v -0.709794 2.651527 0.141187
v -0.723699 2.507575 0.143952
v -0.709794 2.363622 0.141187
v -0.668611 2.225201 0.132995
v -0.601734 2.097631 0.119692
v -0.511733 1.985816 0.101790
v -0.402066 1.894052 0.079976
v -0.276948 1.825864 0.055088
v -0.141187 1.783875 0.028084
v -0.143953 3.231275 -0.000000
v -0.282374 3.189285 -0.000000
v -0.521758 3.029333 -0.000000
v -0.681710 2.789948 -0.000000
v -0.681710 2.225201 -0.000000
v -0.521758 1.985816 -0.000000
v -0.409943 1.894052 -0.000000
v -0.282374 1.825864 -0.000000
v -0.143953 1.783875 -0.000000
v -0.067729 2.535300 -0.672997
v -0.066427 2.522087 -0.672997
v -0.062573 2.509381 -0.672997
v -0.056314 2.497672 -0.672997
v -0.047891 2.487408 -0.672997
v -0.037628 2.478985 -0.672997
v -0.025918 2.472726 -0.672997
v -0.013213 2.468872 -0.672997
v 0.000001 2.467571 -0.672997
v 0.013214 2.468872 -0.672997
v 0.025919 2.472726 -0.672997
v 0.037629 2.478985 -0.672997
v 0.047892 2.487408 -0.672997
v 0.056315 2.497672 -0.672997
v 0.062574 2.509381 -0.672997
v 0.066428 2.522087 -0.672997
v 0.067730 2.535300 -0.672997
v 0.066428 2.548513 -0.672997
v 0.062574 2.561219 -0.672997
v 0.056315 2.572928 -0.672997
v 0.047892 2.583192 -0.672997
v 0.037629 2.591615 -0.672997
v 0.025919 2.597874 -0.672997
v 0.013214 2.601728 -0.672997
v 0.000001 2.603029 -0.672997
v -0.013213 2.601728 -0.672997
v -0.025918 2.597874 -0.672997
v -0.037628 2.591615 -0.672997
v -0.047891 2.583192 -0.672997
v -0.056314 2.572928 -0.672997
v -0.062573 2.561219 -0.672997
v -0.066427 2.548513 -0.672997
v -0.000000 2.535300 -0.990470
v -0.619995 2.871022 0.000000
v -0.963351 3.396105 0.000000
v -0.614950 2.874321 -0.061198
v -0.958306 3.399404 -0.061198
v -0.600010 2.884090 -0.120044
v -0.943366 3.409173 -0.120044
v -0.575749 2.899955 -0.174277
v -0.919105 3.425038 -0.174277
v -0.543099 2.921305 -0.221812
v -0.886454 3.446389 -0.221812
v -0.503314 2.947321 -0.260824
v -0.846670 3.472404 -0.260824
v -0.457924 2.977002 -0.289812
v -0.801280 3.502085 -0.289812
v -0.408673 3.009207 -0.307662
v -0.752029 3.534291 -0.307662
v -0.357454 3.042700 -0.313690
v -0.700809 3.567783 -0.313690
v -0.306234 3.076193 -0.307662
v -0.649590 3.601276 -0.307662
v -0.256983 3.108398 -0.289812
v -0.600339 3.633482 -0.289812
v -0.211593 3.138079 -0.260824
v -0.554949 3.663162 -0.260824
v -0.171809 3.164094 -0.221812
v -0.515164 3.689178 -0.221812
v -0.139158 3.185445 -0.174277
v -0.482514 3.710528 -0.174277
v -0.114897 3.201310 -0.120044
v -0.458252 3.726393 -0.120044
v -0.099957 3.211079 -0.061198
v -0.443312 3.736162 -0.061198
v -0.094912 3.214378 0.000000
v -0.438268 3.739461 0.000000
v -0.099957 3.211079 0.061198
v -0.443312 3.736162 0.061198
v -0.114897 3.201310 0.120044
v -0.458252 3.726393 0.120044
v -0.139158 3.185445 0.174277
v -0.482514 3.710528 0.174277
v -0.171809 3.164094 0.221812
v -0.515164 3.689178 0.221812
v -0.211593 3.138079 0.260824
v -0.554949 3.663162 0.260824
v -0.256983 3.108398 0.289812
v -0.600339 3.633482 0.289812
v -0.306234 3.076193 0.307662
v -0.649590 3.601276 0.307662
v -0.357454 3.042700 0.313690
v -0.700809 3.567783 0.313690
v -0.408673 3.009207 0.307662
v -0.752029 3.534291 0.307662
v -0.457924 2.977002 0.289812
v -0.801280 3.502085 0.289812
v -0.503314 2.947321 0.260824
v -0.846670 3.472404 0.260824
v -0.543099 2.921305 0.221812
v -0.886454 3.446389 0.221812
v -0.575749 2.899955 0.174277
v -0.919105 3.425038 0.174277
v -0.600010 2.884090 0.120044
v -0.943366 3.409173 0.120044
v -0.614950 2.874321 0.061198
v -0.958306 3.399404 0.061198
vn -0.9248 -0.3805 -0.0000
vn -0.8173 -0.5528 -0.1626
vn -0.8333 -0.5528 -0.0000
vn -0.7101 0.7041 -0.0000
vn -0.5490 0.8286 -0.1092
vn -0.6965 0.7041 -0.1385
vn -0.7101 -0.7041 -0.0000
vn -0.6965 -0.7041 -0.1385
vn -0.8173 0.5528 -0.1626
vn -0.8333 0.5528 -0.0000
vn -0.5490 -0.8286 -0.1092
vn -0.5598 -0.8286 -0.0000
vn -0.9248 0.3805 -0.0000
vn -0.9070 0.3805 -0.1804
vn -0.3804 -0.9217 -0.0757
vn -0.3879 -0.9217 -0.0000
vn -0.9810 0.1939 -0.0000
vn -0.9622 0.1939 -0.1914
vn -0.1971 -0.9796 -0.0392
vn -0.2010 -0.9796 -0.0000
vn -0.9808 -0.0000 -0.1951
vn -1.0000 -0.0000 -0.0000
vn -0.2010 0.9796 -0.0000
vn -0.0000 1.0000 -0.0000
vn -0.1971 0.9796 -0.0392
vn -0.0000 -1.0000 -0.0000
vn -0.9622 -0.1939 -0.1914
vn -0.9810 -0.1939 -0.0000
vn -0.3879 0.9217 -0.0000
vn -0.3804 0.9217 -0.0757
vn -0.9070 -0.3805 -0.1804
vn -0.5598 0.8286 -0.0000
vn -0.8544 -0.3805 -0.3539
vn -0.5172 0.8286 -0.2142
vn -0.7699 -0.5528 -0.3189
vn -0.6561 0.7041 -0.2718
vn -0.6561 -0.7041 -0.2718
vn -0.7699 0.5528 -0.3189
vn -0.5172 -0.8286 -0.2142
vn -0.8544 0.3805 -0.3539
vn -0.3584 -0.9217 -0.1484
vn -0.9063 0.1939 -0.3754
vn -0.1857 -0.9796 -0.0769
vn -0.9239 -0.0000 -0.3827
vn -0.1857 0.9796 -0.0769
vn -0.9063 -0.1939 -0.3754
vn -0.3584 0.9217 -0.1484
vn -0.4654 -0.8286 -0.3110
vn -0.3225 -0.9217 -0.2155
vn -0.7689 0.3805 -0.5138
vn -0.8157 0.1939 -0.5450
vn -0.1671 -0.9796 -0.1117
vn -0.8315 -0.0000 -0.5556
vn -0.1671 0.9796 -0.1117
vn -0.8157 -0.1939 -0.5450
vn -0.3225 0.9217 -0.2155
vn -0.7689 -0.3805 -0.5138
vn -0.4654 0.8286 -0.3110
vn -0.6929 -0.5528 -0.4630
vn -0.5905 0.7041 -0.3945
vn -0.5905 -0.7041 -0.3945
vn -0.6929 0.5528 -0.4630
vn -0.3958 0.8286 -0.3958
vn -0.6539 -0.3805 -0.6539
vn -0.5893 -0.5528 -0.5893
vn -0.5021 0.7041 -0.5021
vn -0.5021 -0.7041 -0.5021
vn -0.5893 0.5528 -0.5893
vn -0.3958 -0.8286 -0.3958
vn -0.6539 0.3805 -0.6539
vn -0.2743 -0.9217 -0.2743
vn -0.6937 0.1939 -0.6937
vn -0.1421 -0.9796 -0.1421
vn -0.7071 -0.0000 -0.7071
vn -0.1421 0.9796 -0.1421
vn -0.6937 -0.1939 -0.6937
vn -0.2743 0.9217 -0.2743
vn -0.5138 0.3805 -0.7689
vn -0.5450 0.1939 -0.8157
vn -0.1117 -0.9796 -0.1671
vn -0.5556 -0.0000 -0.8315
vn -0.1117 0.9796 -0.1671
vn -0.5450 -0.1939 -0.8157
vn -0.2155 0.9217 -0.3225
vn -0.5138 -0.3805 -0.7689
vn -0.3110 0.8286 -0.4654
vn -0.4630 -0.5528 -0.6929
vn -0.3945 0.7041 -0.5905
vn -0.3945 -0.7041 -0.5905
vn -0.4630 0.5528 -0.6929
vn -0.3110 -0.8286 -0.4654
vn -0.2155 -0.9217 -0.3225
vn -0.3539 -0.3805 -0.8544
vn -0.3189 -0.5528 -0.7699
vn -0.2718 0.7041 -0.6561
vn -0.2718 -0.7041 -0.6561
vn -0.3189 0.5528 -0.7699
vn -0.2142 -0.8286 -0.5172
vn -0.3539 0.3805 -0.8544
vn -0.1484 -0.9217 -0.3584
vn -0.3754 0.1939 -0.9063
vn -0.0769 -0.9796 -0.1857
vn -0.3827 -0.0000 -0.9239
vn -0.0769 0.9796 -0.1857
vn -0.3754 -0.1939 -0.9063
vn -0.1484 0.9217 -0.3584
vn -0.2142 0.8286 -0.5172
vn -0.0392 -0.9796 -0.1971
vn -0.1914 0.1939 -0.9622
vn -0.1951 -0.0000 -0.9808
vn -0.0392 0.9796 -0.1971
vn -0.1914 -0.1939 -0.9622
vn -0.0757 0.9217 -0.3804
vn -0.1804 -0.3805 -0.9070
vn -0.1092 0.8286 -0.5490
vn -0.1626 -0.5528 -0.8173
vn -0.1385 0.7041 -0.6965
vn -0.1385 -0.7041 -0.6965
vn -0.1626 0.5528 -0.8173
vn -0.1092 -0.8286 -0.5490
vn -0.1804 0.3805 -0.9070
vn -0.0757 -0.9217 -0.3804
vn -0.0000 0.7041 -0.7101
vn -0.0000 -0.7041 -0.7101
vn -0.0000 0.5528 -0.8333
vn -0.0000 -0.8286 -0.5598
vn -0.0000 0.3805 -0.9248
vn -0.0000 -0.9217 -0.3879
vn -0.0000 0.1939 -0.9810
vn -0.0000 -0.9796 -0.2010
vn -0.0000 -0.0000 -1.0000
vn -0.0000 0.9796 -0.2010
vn -0.0000 -0.1939 -0.9810
vn -0.0000 0.9217 -0.3879
vn -0.0000 -0.3805 -0.9248
vn -0.0000 0.8286 -0.5598
vn -0.0000 -0.5528 -0.8333
vn 0.1914 0.1939 -0.9622
vn 0.1951 -0.0000 -0.9808
vn 0.0392 0.9796 -0.1971
vn 0.0392 -0.9796 -0.1971
vn 0.1914 -0.1939 -0.9622
vn 0.0757 0.9217 -0.3804
vn 0.1804 -0.3805 -0.9070
vn 0.1092 0.8286 -0.5490
vn 0.1626 -0.5528 -0.8173
vn 0.1385 0.7041 -0.6965
vn 0.1385 -0.7041 -0.6965
vn 0.1626 0.5528 -0.8173
vn 0.1092 -0.8286 -0.5490
vn 0.1804 0.3805 -0.9070
vn 0.0757 -0.9217 -0.3804
vn 0.2718 -0.7041 -0.6561
vn 0.2718 0.7041 -0.6561
vn 0.3189 0.5528 -0.7699
vn 0.2142 -0.8286 -0.5172
vn 0.3539 0.3805 -0.8544
vn 0.1484 -0.9217 -0.3584
vn 0.3754 0.1939 -0.9063
vn 0.0769 -0.9796 -0.1857
vn 0.3827 -0.0000 -0.9239
vn 0.0769 0.9796 -0.1857
vn 0.3754 -0.1939 -0.9063
vn 0.1484 0.9217 -0.3584
vn 0.3539 -0.3805 -0.8544
vn 0.2142 0.8286 -0.5172
vn 0.3189 -0.5528 -0.7699
vn 0.1117 -0.9796 -0.1671
vn 0.5450 -0.1939 -0.8157
vn 0.2155 0.9217 -0.3225
vn 0.5138 -0.3805 -0.7689
vn 0.3110 0.8286 -0.4654
vn 0.4630 -0.5528 -0.6929
vn 0.3945 0.7041 -0.5905
vn 0.3945 -0.7041 -0.5905
vn 0.4630 0.5528 -0.6929
vn 0.3110 -0.8286 -0.4654
vn 0.5138 0.3805 -0.7689
vn 0.2155 -0.9217 -0.3225
vn 0.5450 0.1939 -0.8157
vn 0.5556 -0.0000 -0.8315
vn 0.1117 0.9796 -0.1671
vn 0.5021 -0.7041 -0.5021
vn 0.3958 -0.8286 -0.3958
vn 0.6539 0.3805 -0.6539
vn 0.2743 -0.9217 -0.2743
vn 0.6937 0.1939 -0.6937
vn 0.1421 -0.9796 -0.1421
vn 0.7071 -0.0000 -0.7071
vn 0.1421 0.9796 -0.1421
vn 0.6937 -0.1939 -0.6937
vn 0.2743 0.9217 -0.2743
vn 0.6539 -0.3805 -0.6539
vn 0.3958 0.8286 -0.3958
vn 0.5893 -0.5528 -0.5893
vn 0.5021 0.7041 -0.5021
vn 0.5893 0.5528 -0.5893
vn 0.1671 0.9796 -0.1117
vn 0.3225 0.9217 -0.2155
vn 0.7689 -0.3805 -0.5138
vn 0.4654 0.8286 -0.3110
vn 0.6929 -0.5528 -0.4630
vn 0.5905 0.7041 -0.3945
vn 0.5905 -0.7041 -0.3945
vn 0.6929 0.5528 -0.4630
vn 0.4654 -0.8286 -0.3110
vn 0.7689 0.3805 -0.5138
vn 0.3225 -0.9217 -0.2155
vn 0.8157 0.1939 -0.5450
vn 0.1671 -0.9796 -0.1117
vn 0.8315 -0.0000 -0.5556
vn 0.8157 -0.1939 -0.5450
vn 0.8544 0.3805 -0.3539
vn 0.5172 -0.8286 -0.2142
vn 0.3584 -0.9217 -0.1484
vn 0.9063 0.1939 -0.3754
vn 0.1857 -0.9796 -0.0769
vn 0.9239 -0.0000 -0.3827
vn 0.1857 0.9796 -0.0769
vn 0.9063 -0.1939 -0.3754
vn 0.3584 0.9217 -0.1484
vn 0.8544 -0.3805 -0.3539
vn 0.5172 0.8286 -0.2142
vn 0.7699 -0.5528 -0.3189
vn 0.6561 0.7041 -0.2718
vn 0.6561 -0.7041 -0.2718
vn 0.7699 0.5528 -0.3189
vn 0.9070 -0.3805 -0.1804
vn 0.5490 0.8286 -0.1092
vn 0.8173 -0.5528 -0.1626
vn 0.6965 0.7041 -0.1385
vn 0.6965 -0.7041 -0.1385
vn 0.8173 0.5528 -0.1626
vn 0.5490 -0.8286 -0.1092
vn 0.9070 0.3805 -0.1804
vn 0.3804 -0.9217 -0.0757
vn 0.9622 0.1939 -0.1914
vn 0.1971 -0.9796 -0.0392
vn 0.9808 -0.0000 -0.1951
vn 0.1971 0.9796 -0.0392
vn 0.9622 -0.1939 -0.1914
vn 0.3804 0.9217 -0.0757
vn 0.5598 -0.8286 -0.0000
vn 0.3879 -0.9217 -0.0000
vn 0.9248 0.3805 -0.0000
vn 0.9810 0.1939 -0.0000
vn 0.2010 -0.9796 -0.0000
vn 1.0000 -0.0000 -0.0000
vn 0.2010 0.9796 -0.0000
vn 0.9810 -0.1939 -0.0000
vn 0.3879 0.9217 -0.0000
vn 0.9248 -0.3805 -0.0000
vn 0.5598 0.8286 -0.0000
vn 0.8333 -0.5528 -0.0000
vn 0.7101 0.7041 -0.0000
vn 0.7101 -0.7041 -0.0000
vn 0.8333 0.5528 -0.0000
vn 0.3804 0.9217 0.0757
vn 0.5490 0.8286 0.1092
vn 0.9070 -0.3805 0.1804
vn 0.8173 -0.5528 0.1626
vn 0.6965 0.7041 0.1385
vn 0.6965 -0.7041 0.1385
vn 0.8173 0.5528 0.1626
vn 0.5490 -0.8286 0.1092
vn 0.9070 0.3805 0.1804
vn 0.3804 -0.9217 0.0757
vn 0.9622 0.1939 0.1914
vn 0.1971 -0.9796 0.0392
vn 0.9808 -0.0000 0.1951
vn 0.1971 0.9796 0.0392
vn 0.9622 -0.1939 0.1914
vn 0.8544 0.3805 0.3539
vn 0.9063 0.1939 0.3754
vn 0.1857 -0.9796 0.0769
vn 0.9239 -0.0000 0.3827
vn 0.1857 0.9796 0.0769
vn 0.9063 -0.1939 0.3754
vn 0.3584 0.9217 0.1484
vn 0.8544 -0.3805 0.3539
vn 0.5172 0.8286 0.2142
vn 0.7699 -0.5528 0.3189
vn 0.6561 0.7041 0.2718
vn 0.6561 -0.7041 0.2718
vn 0.7699 0.5528 0.3189
vn 0.5172 -0.8286 0.2142
vn 0.3584 -0.9217 0.1484
vn 0.7689 -0.3805 0.5138
vn 0.6929 -0.5528 0.4630
vn 0.5905 0.7041 0.3945
vn 0.5905 -0.7041 0.3945
vn 0.6929 0.5528 0.4630
vn 0.4654 -0.8286 0.3110
vn 0.7689 0.3805 0.5138
vn 0.3225 -0.9217 0.2155
vn 0.8157 0.1939 0.5450
vn 0.1671 -0.9796 0.1117
vn 0.8315 -0.0000 0.5556
vn 0.1671 0.9796 0.1117
vn 0.8157 -0.1939 0.5450
vn 0.3225 0.9217 0.2155
vn 0.4654 0.8286 0.3110
vn 0.2743 -0.9217 0.2743
vn 0.1421 -0.9796 0.1421
vn 0.6937 0.1939 0.6937
vn 0.7071 -0.0000 0.7071
vn 0.1421 0.9796 0.1421
vn 0.6937 -0.1939 0.6937
vn 0.2743 0.9217 0.2743
vn 0.6539 -0.3805 0.6539
vn 0.3958 0.8286 0.3958
vn 0.5893 -0.5528 0.5893
vn 0.5021 0.7041 0.5021
vn 0.5021 -0.7041 0.5021
vn 0.5893 0.5528 0.5893
vn 0.3958 -0.8286 0.3958
vn 0.6539 0.3805 0.6539
vn 0.3945 -0.7041 0.5905
vn 0.3945 0.7041 0.5905
vn 0.4630 0.5528 0.6929
vn 0.3110 -0.8286 0.4654
vn 0.5138 0.3805 0.7689
vn 0.2155 -0.9217 0.3225
vn 0.5450 0.1939 0.8157
vn 0.1117 -0.9796 0.1671
vn 0.5556 -0.0000 0.8315
vn 0.1117 0.9796 0.1671
vn 0.5450 -0.1939 0.8157
vn 0.2155 0.9217 0.3225
vn 0.5138 -0.3805 0.7689
vn 0.3110 0.8286 0.4654
vn 0.4630 -0.5528 0.6929
vn 0.0769 0.9796 0.1857
vn 0.0769 -0.9796 0.1857
vn 0.3754 -0.1939 0.9063
vn 0.1484 0.9217 0.3584
vn 0.3539 -0.3805 0.8544
vn 0.2142 0.8286 0.5172
vn 0.3189 -0.5528 0.7699
vn 0.2718 0.7041 0.6561
vn 0.2718 -0.7041 0.6561
vn 0.3189 0.5528 0.7699
vn 0.2142 -0.8286 0.5172
vn 0.3539 0.3805 0.8544
vn 0.1484 -0.9217 0.3584
vn 0.3754 0.1939 0.9063
vn 0.3827 -0.0000 0.9239
vn 0.1385 0.7041 0.6965
vn 0.1626 0.5528 0.8173
vn 0.1385 -0.7041 0.6965
vn 0.1092 -0.8286 0.5490
vn 0.1804 0.3805 0.9070
vn 0.0757 -0.9217 0.3804
vn 0.1914 0.1939 0.9622
vn 0.0392 -0.9796 0.1971
vn 0.1951 -0.0000 0.9808
vn 0.0392 0.9796 0.1971
vn 0.1914 -0.1939 0.9622
vn 0.0757 0.9217 0.3804
vn 0.1804 -0.3805 0.9070
vn 0.1092 0.8286 0.5490
vn 0.1626 -0.5528 0.8173
vn -0.0000 -0.1939 0.9810
vn -0.0000 0.9217 0.3879
vn -0.0000 -0.3805 0.9248
vn -0.0000 0.8286 0.5598
vn -0.0000 -0.5528 0.8333
vn -0.0000 0.7041 0.7101
vn -0.0000 -0.7041 0.7101
vn -0.0000 0.5528 0.8333
vn -0.0000 -0.8286 0.5598
vn -0.0000 0.3805 0.9248
vn -0.0000 -0.9217 0.3879
vn -0.0000 0.1939 0.9810
vn -0.0000 -0.9796 0.2010
vn -0.0000 -0.0000 1.0000
vn -0.0000 0.9796 0.2010
vn -0.1385 -0.7041 0.6965
vn -0.1092 -0.8286 0.5490
vn -0.1804 0.3805 0.9070
vn -0.0757 -0.9217 0.3804
vn -0.1914 0.1939 0.9622
vn -0.0392 -0.9796 0.1971
vn -0.1951 -0.0000 0.9808
vn -0.0392 0.9796 0.1971
vn -0.1914 -0.1939 0.9622
vn -0.0757 0.9217 0.3804
vn -0.1804 -0.3805 0.9070
vn -0.1092 0.8286 0.5490
vn -0.1626 -0.5528 0.8173
vn -0.1385 0.7041 0.6965
vn -0.1626 0.5528 0.8173
vn -0.0769 0.9796 0.1857
vn -0.1484 0.9217 0.3584
vn -0.3539 -0.3805 0.8544
vn -0.2142 0.8286 0.5172
vn -0.3189 -0.5528 0.7699
vn -0.2718 0.7041 0.6561
vn -0.2718 -0.7041 0.6561
vn -0.3189 0.5528 0.7699
vn -0.2142 -0.8286 0.5172
vn -0.3539 0.3805 0.8544
vn -0.1484 -0.9217 0.3584
vn -0.3754 0.1939 0.9063
vn -0.0769 -0.9796 0.1857
vn -0.3827 -0.0000 0.9239
vn -0.3754 -0.1939 0.9063
vn -0.5138 0.3805 0.7689
vn -0.2155 -0.9217 0.3225
vn -0.5450 0.1939 0.8157
vn -0.1117 -0.9796 0.1671
vn -0.5556 -0.0000 0.8315
vn -0.1117 0.9796 0.1671
vn -0.5450 -0.1939 0.8157
vn -0.2155 0.9217 0.3225
vn -0.5138 -0.3805 0.7689
vn -0.3110 0.8286 0.4654
vn -0.4630 -0.5528 0.6929
vn -0.3945 0.7041 0.5905
vn -0.3945 -0.7041 0.5905
vn -0.4630 0.5528 0.6929
vn -0.3110 -0.8286 0.4654
vn -0.6539 -0.3805 0.6539
vn -0.2743 0.9217 0.2743
vn -0.3958 0.8286 0.3958
vn -0.5893 -0.5528 0.5893
vn -0.5021 0.7041 0.5021
vn -0.5021 -0.7041 0.5021
vn -0.5893 0.5528 0.5893
vn -0.3958 -0.8286 0.3958
vn -0.6539 0.3805 0.6539
vn -0.2743 -0.9217 0.2743
vn -0.6937 0.1939 0.6937
vn -0.1421 -0.9796 0.1421
vn -0.7071 -0.0000 0.7071
vn -0.1421 0.9796 0.1421
vn -0.6937 -0.1939 0.6937
vn -0.3225 -0.9217 0.2155
vn -0.7689 0.3805 0.5138
vn -0.8157 0.1939 0.5450
vn -0.1671 -0.9796 0.1117
vn -0.8315 -0.0000 0.5556
vn -0.1671 0.9796 0.1117
vn -0.8157 -0.1939 0.5450
vn -0.3225 0.9217 0.2155
vn -0.7689 -0.3805 0.5138
vn -0.4654 0.8286 0.3110
vn -0.6929 -0.5528 0.4630
vn -0.5905 0.7041 0.3945
vn -0.5905 -0.7041 0.3945
vn -0.6929 0.5528 0.4630
vn -0.4654 -0.8286 0.3110
vn -0.8544 -0.3805 0.3539
vn -0.7699 -0.5528 0.3189
vn -0.6561 0.7041 0.2718
vn -0.6561 -0.7041 0.2718
vn -0.7699 0.5528 0.3189
vn -0.5172 -0.8286 0.2142
vn -0.8544 0.3805 0.3539
vn -0.3584 -0.9217 0.1484
vn -0.9063 0.1939 0.3754
vn -0.1857 -0.9796 0.0769
vn -0.9239 -0.0000 0.3827
vn -0.1857 0.9796 0.0769
vn -0.9063 -0.1939 0.3754
vn -0.3584 0.9217 0.1484
vn -0.5172 0.8286 0.2142
vn -0.3804 -0.9217 0.0757
vn -0.1971 -0.9796 0.0392
vn -0.9622 0.1939 0.1914
vn -0.9808 -0.0000 0.1951
vn -0.1971 0.9796 0.0392
vn -0.9622 -0.1939 0.1914
vn -0.3804 0.9217 0.0757
vn -0.9070 -0.3805 0.1804
vn -0.5490 0.8286 0.1092
vn -0.8173 -0.5528 0.1626
vn -0.6965 0.7041 0.1385
vn -0.6965 -0.7041 0.1385
vn -0.8173 0.5528 0.1626
vn -0.5490 -0.8286 0.1092
vn -0.9070 0.3805 0.1804
vn -0.1671 0.9796 -0.1116
vn 0.1671 0.9796 -0.1116
vn 0.1671 0.9796 0.1116
vn -0.1671 0.9796 0.1116
vn -0.7952 -0.0000 0.6063
vn -0.7800 -0.1551 0.6063
vn -0.7347 -0.3043 0.6063
vn -0.6612 -0.4418 0.6063
vn -0.5623 -0.5623 0.6063
vn -0.4418 -0.6612 0.6063
vn -0.3043 -0.7347 0.6063
vn -0.1551 -0.7800 0.6063
vn -0.0000 -0.7952 0.6063
vn 0.1551 -0.7800 0.6063
vn 0.3043 -0.7347 0.6063
vn 0.4418 -0.6612 0.6063
vn 0.5623 -0.5623 0.6063
vn 0.6612 -0.4418 0.6063
vn 0.7347 -0.3043 0.6063
vn 0.7800 -0.1551 0.6063
vn 0.7952 -0.0000 0.6063
vn 0.7800 0.1551 0.6063
vn 0.7347 0.3043 0.6063
vn 0.6612 0.4418 0.6063
vn 0.5623 0.5623 0.6063
vn 0.4418 0.6612 0.6063
vn 0.3043 0.7347 0.6063
vn 0.1551 0.7800 0.6063
vn -0.0000 0.7952 0.6063
vn -0.1551 0.7800 0.6063
vn -0.3043 0.7347 0.6063
vn -0.4418 0.6612 0.6063
vn -0.5623 0.5623 0.6063
vn -0.6612 0.4418 0.6063
vn -0.7347 0.3043 0.6063
vn -0.7800 0.1551 0.6063
vn -0.2339 -0.9723 -0.0000
vn -0.9728 0.1832 -0.1420
vn -0.2222 -0.9646 -0.1420
vn -0.1876 -0.9419 -0.2786
vn -0.8818 0.2427 -0.4044
vn -0.1313 -0.9051 -0.4044
vn -0.0555 -0.8556 -0.5147
vn -0.8060 0.2922 -0.5147
vn 0.0368 -0.7952 -0.6052
vn -0.7137 0.3526 -0.6052
vn 0.1421 -0.7263 -0.6725
vn -0.6084 0.4214 -0.6725
vn 0.2564 -0.6516 -0.7139
vn -0.4941 0.4962 -0.7139
vn 0.3753 -0.5739 -0.7279
vn -0.3753 0.5739 -0.7279
vn 0.4941 -0.4962 -0.7139
vn -0.2564 0.6516 -0.7139
vn 0.6084 -0.4214 -0.6725
vn -0.1421 0.7263 -0.6725
vn 0.7137 -0.3526 -0.6052
vn -0.0368 0.7952 -0.6052
vn 0.8060 -0.2922 -0.5147
vn 0.0555 0.8556 -0.5147
vn 0.8818 -0.2427 -0.4044
vn 0.1313 0.9051 -0.4044
vn 0.9381 -0.2058 -0.2785
vn 0.1876 0.9419 -0.2786
vn 0.9728 -0.1832 -0.1420
vn 0.2222 0.9646 -0.1420
vn 0.9845 -0.1755 -0.0000
vn 0.2339 0.9723 -0.0000
vn 0.9728 -0.1832 0.1420
vn 0.2222 0.9646 0.1420
vn 0.9381 -0.2058 0.2785
vn 0.1876 0.9419 0.2785
vn 0.8818 -0.2427 0.4044
vn 0.0555 0.8556 0.5147
vn 0.8060 -0.2922 0.5147
vn 0.7137 -0.3526 0.6052
vn -0.0368 0.7952 0.6052
vn 0.6084 -0.4214 0.6725
vn -0.2564 0.6516 0.7139
vn 0.4941 -0.4962 0.7139
vn 0.3753 -0.5739 0.7279
vn -0.3753 0.5739 0.7279
vn 0.2564 -0.6516 0.7139
vn -0.6084 0.4214 0.6725
vn 0.1421 -0.7263 0.6725
vn 0.0368 -0.7952 0.6052
vn -0.7137 0.3526 0.6052
vn -0.0555 -0.8556 0.5147
vn -0.8818 0.2427 0.4044
vn -0.1313 -0.9051 0.4044
vn -0.1876 -0.9419 0.2786
vn -0.9381 0.2059 -0.2786
vn -0.9728 0.1832 0.1420
vn -0.2222 -0.9646 0.1420
vn -0.9845 0.1755 -0.0000
vn 0.1313 0.9051 0.4044
vn -0.1421 0.7263 0.6725
vn -0.4941 0.4962 0.7139
vn -0.8060 0.2922 0.5147
vn -0.9381 0.2059 0.2786
vt 0.166331 0.482810
vt 0.211775 0.527834
vt 0.059593 0.249189
vt 0.093171 0.251889
vt 0.128827 0.251277
vt 0.200869 0.240336
vt 0.118781 0.426740
vt 0.149400 0.446833
vt 0.179013 0.466929
vt 0.206484 0.486254
vt 0.230756 0.504066
vt 0.250896 0.519680
vt 0.026306 0.211885
vt 0.056325 0.215859
vt 0.089839 0.217906
vt 0.125559 0.217947
vt 0.162114 0.215980
vt 0.198098 0.212081
vt 0.232129 0.206399
vt 0.262899 0.199154
vt 0.289225 0.190623
vt 0.517426 0.260476
vt 0.504549 0.235534
vt 0.122091 0.420449
vt 0.155891 0.434494
vt 0.188437 0.449015
vt 0.218479 0.463454
vt 0.244860 0.477257
vt 0.000000 0.176212
vt 0.266568 0.489892
vt 0.025266 0.178635
vt 0.055221 0.180561
vt 0.088713 0.181917
vt 0.124456 0.182649
vt 0.161075 0.182730
vt 0.197163 0.182157
vt 0.231334 0.180951
vt 0.262274 0.179159
vt 0.288794 0.176851
vt 0.504936 0.266606
vt 0.498182 0.238659
vt 0.124128 0.413687
vt 0.159889 0.421231
vt 0.194241 0.429759
vt 0.225865 0.438946
vt 0.253545 0.448438
vt 0.000935 0.145770
vt 0.026306 0.144810
vt 0.056325 0.144653
vt 0.089839 0.145304
vt 0.125559 0.146740
vt 0.162114 0.148905
vt 0.198098 0.151715
vt 0.232129 0.155062
vt 0.262899 0.158819
vt 0.289225 0.162840
vt 0.491691 0.270297
vt 0.491429 0.240541
vt 0.124816 0.406714
vt 0.161238 0.407552
vt 0.196200 0.409900
vt 0.228359 0.413671
vt 0.256478 0.418717
vt 0.003706 0.115979
vt 0.029384 0.111709
vt 0.059593 0.109513
vt 0.093171 0.109476
vt 0.128827 0.111600
vt 0.165192 0.115804
vt 0.200869 0.121925
vt 0.234485 0.129728
vt 0.264750 0.138914
vt 0.290500 0.149129
vt 0.478199 0.271407
vt 0.484551 0.241107
vt 0.124128 0.399797
vt 0.159889 0.393983
vt 0.194241 0.390202
vt 0.225865 0.388599
vt 0.253545 0.389236
vt 0.008205 0.087986
vt 0.034383 0.080604
vt 0.064900 0.076492
vt 0.098581 0.075808
vt 0.134134 0.078580
vt 0.170191 0.084699
vt 0.205368 0.093931
vt 0.238311 0.105921
vt 0.267756 0.120209
vt 0.451127 0.294914
vt 0.292571 0.136245
vt 0.464978 0.269894
vt 0.477811 0.240336
vt 0.088334 0.407420
vt 0.122091 0.393202
vt 0.155891 0.381046
vt 0.188437 0.371420
vt 0.218479 0.364695
vt 0.014260 0.062865
vt 0.244860 0.361127
vt 0.266568 0.360856
vt 0.041111 0.052691
vt 0.072042 0.046859
vt 0.105863 0.045595
vt 0.141276 0.048947
vt 0.176919 0.056786
vt 0.211422 0.068810
vt 0.243460 0.084557
vt 0.271802 0.103423
vt 0.433066 0.288994
vt 0.452538 0.265816
vt 0.471469 0.238257
vt 0.118781 0.387182
vt 0.149400 0.369238
vt 0.179013 0.354278
vt 0.206484 0.342876
vt 0.230756 0.335472
vt 0.588953 0.516519
vt 0.250896 0.332349
vt 0.049308 0.029042
vt 0.616419 0.540613
vt 0.080744 0.021754
vt 0.647120 0.559538
vt 0.679874 0.572567
vt 0.114736 0.019998
vt 0.149978 0.023842
vt 0.185117 0.033137
vt 0.218800 0.047526
vt 0.249734 0.066457
vt 0.393139 0.294914
vt 0.276731 0.089202
vt 0.416832 0.279577
vt 0.441356 0.259330
vt 0.465769 0.234950
vt 0.114328 0.381969
vt 0.140664 0.359013
vt 0.166331 0.339433
vt 0.190342 0.323983
vt 0.576388 0.476495
vt 0.211775 0.313255
vt 0.601431 0.502776
vt 0.630284 0.525342
vt 0.661839 0.543326
vt 0.124859 0.000000
vt 0.694882 0.556038
vt 0.159907 0.004228
vt 0.728144 0.562988
vt 0.760346 0.563910
vt 0.194469 0.014661
vt 0.328901 0.287839
vt 0.227217 0.030898
vt 0.350559 0.285967
vt 0.256893 0.052316
vt 0.375596 0.278939
vt 0.403048 0.267026
vt 0.431862 0.250684
vt 0.460928 0.230543
vt 0.108901 0.377764
vt 0.130019 0.350763
vt 0.150877 0.327457
vt 0.564577 0.435126
vt 0.170673 0.308740
vt 0.587155 0.460733
vt 0.614092 0.484242
vt 0.644352 0.504748
vt 0.676773 0.521464
vt 0.710108 0.533747
vt 0.743077 0.541125
vt 0.310935 0.262556
vt 0.774413 0.543316
vt 0.334390 0.263213
vt 0.802912 0.540233
vt 0.361845 0.259589
vt 0.392245 0.251822
vt 0.424420 0.240212
vt 0.457135 0.225204
vt 0.102710 0.374727
vt 0.117874 0.344807
vt 0.133245 0.318809
vt 0.572833 0.420017
vt 0.597663 0.441503
vt 0.626447 0.461629
vt 0.658081 0.479622
vt 0.691347 0.494791
vt 0.724968 0.506551
vt 0.757652 0.514452
vt 0.788142 0.518190
vt 0.815268 0.517621
vt 0.323303 0.237364
vt 0.352416 0.237606
vt 0.384836 0.234550
vt 0.419317 0.228315
vt 0.454533 0.219139
vt 0.095992 0.372976
vt 0.104697 0.341372
vt 0.114114 0.313822
vt 0.580568 0.402764
vt 0.607508 0.419544
vt 0.638024 0.435808
vt 0.670944 0.450931
vt 0.705002 0.464332
vt 0.738891 0.475496
vt 0.771307 0.483994
vt 0.801005 0.489499
vt 0.826844 0.491800
vt 0.317722 0.209414
vt 0.347670 0.213836
vt 0.381107 0.215874
vt 0.416748 0.215450
vt 0.453224 0.212581
vt 0.089005 0.372577
vt 0.090992 0.340590
vt 0.094219 0.312688
vt 0.587485 0.384029
vt 0.616311 0.395699
vt 0.648376 0.407770
vt 0.682446 0.419777
vt 0.717214 0.431259
vt 0.751341 0.441775
vt 0.783518 0.450921
vt 0.812508 0.458345
vt 0.292570 0.170579
vt 0.837196 0.463762
vt 0.317863 0.180436
vt 0.347790 0.189192
vt 0.381201 0.196512
vt 0.416813 0.202113
vt 0.453257 0.205781
vt 0.082019 0.373547
vt 0.077288 0.342492
vt 0.074323 0.315449
vt 0.593318 0.364533
vt 0.623736 0.370886
vt 0.657106 0.378592
vt 0.692147 0.387356
vt 0.727511 0.396842
vt 0.761841 0.406683
vt 0.793816 0.416503
vt 0.822208 0.425924
vt 0.299079 0.138476
vt 0.323720 0.151544
vt 0.352771 0.164622
vt 0.385115 0.177207
vt 0.419509 0.188816
vt 0.454631 0.199002
vt 0.075301 0.375848
vt 0.064110 0.347005
vt 0.055192 0.322001
vt 0.597844 0.345025
vt 0.629495 0.346057
vt 0.663878 0.349397
vt 0.699672 0.354916
vt 0.735500 0.362403
vt 0.769986 0.371570
vt 0.801805 0.382065
vt 0.829733 0.393484
vt 0.311689 0.107703
vt 0.335069 0.123849
vt 0.362423 0.141069
vt 0.392698 0.158702
vt 0.424732 0.176069
vt 0.457294 0.192504
vt 0.069110 0.379391
vt 0.051965 0.353955
vt 0.782326 0.268527
vt 0.037561 0.332090
vt 0.600887 0.326255
vt 0.803878 0.240381
vt 0.821919 0.208756
vt 0.633368 0.322167
vt 0.668433 0.321305
vt 0.704732 0.323702
vt 0.740872 0.329267
vt 0.775464 0.337784
vt 0.807177 0.348928
vt 0.834794 0.362270
vt 0.329916 0.079441
vt 0.351473 0.098414
vt 0.376373 0.119438
vt 0.403659 0.141707
vt 0.432282 0.164363
vt 0.461143 0.186536
vt 0.063683 0.384040
vt 0.771809 0.264836
vt 0.041321 0.363075
vt 0.788610 0.235022
vt 0.635207 0.300134
vt 0.802486 0.201936
vt 0.670595 0.295397
vt 0.812906 0.166848
vt 0.707134 0.294914
vt 0.819467 0.131106
vt 0.743422 0.298706
vt 0.821919 0.096086
vt 0.778063 0.306625
vt 0.820167 0.063132
vt 0.814278 0.033511
vt 0.809727 0.318367
vt 0.337099 0.037067
vt 0.837196 0.333482
vt 0.353059 0.054778
vt 0.372301 0.076217
vt 0.394086 0.100562
vt 0.417576 0.126875
vt 0.441868 0.154147
vt 0.466030 0.181328
vt 0.059229 0.389617
vt 0.032585 0.374015
vt 0.759709 0.262421
vt 0.771043 0.231516
vt 0.780129 0.197472
vt 0.786616 0.161599
vt 0.790256 0.125275
vt 0.790908 0.089895
vt 0.788548 0.056820
vt 0.783266 0.027320
vt 0.365943 0.015710
vt 0.380229 0.034660
vt 0.396754 0.058112
vt 0.414881 0.085165
vt 0.433915 0.114778
vt 0.453123 0.145814
vt 0.471767 0.177080
vt 0.055920 0.395907
vt 0.026093 0.386353
vt 0.746491 0.261373
vt 0.751854 0.229995
vt 0.755705 0.195537
vt 0.757897 0.159324
vt 0.758345 0.122746
vt 0.757031 0.087211
vt 0.754008 0.054083
vt 0.397953 0.000000
vt 0.749390 0.024635
vt 0.743355 0.000000
vt 0.410383 0.019862
vt 0.423891 0.044794
vt 0.437960 0.073838
vt 0.452047 0.105879
vt 0.465613 0.139684
vt 0.478135 0.173955
vt 0.053882 0.402669
vt 0.022096 0.399617
vt 0.732663 0.261734
vt 0.731779 0.230519
vt 0.730154 0.196204
vt 0.727852 0.160108
vt 0.724961 0.123618
vt 0.721591 0.088136
vt 0.717873 0.055027
vt 0.713950 0.025561
vt 0.709971 0.000872
vt 0.442360 0.010951
vt 0.452670 0.036774
vt 0.462434 0.067018
vt 0.471277 0.100520
vt 0.478858 0.135993
vt 0.484887 0.172074
vt 0.053194 0.409643
vt 0.020746 0.413296
vt 0.718756 0.263490
vt 0.711589 0.233068
vt 0.704458 0.199448
vt 0.697636 0.163923
vt 0.691387 0.127857
vt 0.685949 0.092636
vt 0.681533 0.059614
vt 0.678308 0.030061
vt 0.676397 0.005111
vt 0.474933 0.008270
vt 0.481985 0.034362
vt 0.487364 0.064966
vt 0.490864 0.098908
vt 0.492350 0.134883
vt 0.491765 0.171508
vt 0.489132 0.207375
vt 0.053882 0.416560
vt 0.022096 0.426865
vt 0.705305 0.266573
vt 0.692061 0.237544
vt 0.679603 0.205145
vt 0.668410 0.170621
vt 0.658913 0.135300
vt 0.651475 0.100537
vt 0.646384 0.067670
vt 0.643834 0.037962
vt 0.564321 0.372279
vt 0.643923 0.012553
vt 0.506849 0.011922
vt 0.545027 0.341301
vt 0.521649 0.314153
vt 0.510709 0.037649
vt 0.511792 0.067762
vt 0.510057 0.101105
vt 0.505570 0.136396
vt 0.498505 0.172279
vt 0.055920 0.423155
vt 0.692827 0.270865
vt 0.026093 0.439802
vt 0.000000 0.456721
vt 0.673945 0.243774
vt 0.656546 0.213075
vt 0.641298 0.179946
vt 0.628787 0.145660
vt 0.619494 0.111536
vt 0.564577 0.451626
vt 0.613776 0.078885
vt 0.555032 0.416872
vt 0.611852 0.048961
vt 0.541019 0.383043
vt 0.523077 0.351440
vt 0.537738 0.046509
vt 0.501894 0.323278
vt 0.478286 0.299639
vt 0.534779 0.075297
vt 0.528117 0.107025
vt 0.518011 0.140474
vt 0.504847 0.174358
vt 0.059229 0.429175
vt 0.032585 0.451610
vt 0.009424 0.473863
vt 0.657938 0.251520
vt 0.636172 0.222933
vt 0.617341 0.191538
vt 0.602167 0.158541
vt 0.543210 0.496966
vt 0.591235 0.125210
vt 0.536893 0.463299
vt 0.526806 0.428773
vt 0.513335 0.394715
vt 0.496999 0.362435
vt 0.478425 0.333173
vt 0.458327 0.308054
vt 0.555441 0.087282
vt 0.544351 0.116442
vt 0.529193 0.146960
vt 0.510547 0.177664
vt 0.063683 0.434387
vt 0.041321 0.461835
vt 0.644653 0.260483
vt 0.022107 0.488708
vt 0.006780 0.513973
vt 0.619265 0.234341
vt 0.521362 0.565381
vt 0.597460 0.204952
vt 0.519230 0.538767
vt 0.580076 0.173446
vt 0.514006 0.508394
vt 0.505891 0.475430
vt 0.495196 0.441142
vt 0.482333 0.406847
vt 0.467795 0.373863
vt 0.452142 0.343458
vt 0.572984 0.103257
vt 0.435975 0.316800
vt 0.419915 0.294914
vt 0.558135 0.128993
vt 0.538687 0.155606
vt 0.515388 0.182072
vt 0.069110 0.438593
vt 0.051966 0.470084
vt 0.037561 0.500684
vt 0.026449 0.529216
vt 0.497477 0.574123
vt 0.491144 0.549046
vt 0.482799 0.519816
vt 0.472761 0.487556
vt 0.461418 0.453505
vt 0.449203 0.418972
vt 0.436588 0.385285
vt 0.424056 0.353738
vt 0.412090 0.325542
vt 0.401149 0.301783
vt 0.568939 0.144197
vt 0.546129 0.166078
vt 0.519181 0.187411
vt 0.075301 0.441630
vt 0.064110 0.476041
vt 0.055192 0.509332
vt 0.472977 0.582524
vt 0.048889 0.540223
vt 0.462335 0.558925
vt 0.045444 0.567527
vt 0.450788 0.530793
vt 0.438779 0.499208
vt 0.426769 0.465386
vt 0.415220 0.430625
vt 0.404577 0.396262
vt 0.395247 0.363616
vt 0.387590 0.333943
vt 0.576348 0.161469
vt 0.381899 0.308383
vt 0.551232 0.177975
vt 0.521783 0.193476
vt 0.082019 0.443381
vt 0.077288 0.479476
vt 0.074323 0.514319
vt 0.073238 0.546570
vt 0.074076 0.574990
vt 0.433909 0.568023
vt 0.419202 0.540902
vt 0.405248 0.509941
vt 0.392581 0.476328
vt 0.381690 0.441357
vt 0.372992 0.406371
vt 0.366821 0.372715
vt 0.363416 0.341681
vt 0.362906 0.314463
vt 0.580076 0.180145
vt 0.553801 0.190839
vt 0.523092 0.200034
vt 0.089005 0.443779
vt 0.090992 0.480258
vt 0.094219 0.515453
vt 0.098561 0.548014
vt 0.103852 0.576688
vt 0.406959 0.575992
vt 0.389257 0.549756
vt 0.373458 0.519340
vt 0.360169 0.485912
vt 0.349900 0.450757
vt 0.343046 0.415225
vt 0.339871 0.380683
vt 0.340496 0.348458
vt 0.579982 0.199507
vt 0.344898 0.319787
vt 0.553736 0.204176
vt 0.523059 0.206833
vt 0.095992 0.442809
vt 0.104697 0.478355
vt 0.114114 0.512692
vt 0.123883 0.544499
vt 0.382520 0.582524
vt 0.133628 0.572555
vt 0.142973 0.595781
vt 0.362102 0.557015
vt 0.344630 0.527045
vt 0.330776 0.493768
vt 0.321072 0.458462
vt 0.315891 0.422484
vt 0.315432 0.387215
vt 0.218800 0.304804
vt 0.319713 0.354013
vt 0.249734 0.285254
vt 0.328569 0.324152
vt 0.276731 0.261110
vt 0.576068 0.218812
vt 0.551040 0.217474
vt 0.521685 0.213612
vt 0.102710 0.440509
vt 0.117874 0.473843
vt 0.133245 0.506140
vt 0.148232 0.536161
vt 0.162259 0.562750
vt 0.174787 0.584887
vt 0.338781 0.562398
vt 0.041111 0.295804
vt 0.319873 0.532761
vt 0.072042 0.304948
vt 0.305534 0.499596
vt 0.105863 0.308740
vt 0.296315 0.464178
vt 0.141276 0.307035
vt 0.292570 0.427867
vt 0.176919 0.299900
vt 0.294444 0.392061
vt 0.211422 0.287606
vt 0.243460 0.270629
vt 0.271802 0.249619
vt 0.568485 0.237317
vt 0.545817 0.230221
vt 0.519022 0.220110
vt 0.108901 0.436966
vt 0.130019 0.466893
vt 0.150877 0.496050
vt 0.170673 0.523319
vt 0.188646 0.547650
vt 0.204107 0.568108
vt 0.034383 0.271617
vt 0.064900 0.279271
vt 0.098581 0.282560
vt 0.134134 0.281358
vt 0.170191 0.275712
vt 0.205368 0.265838
vt 0.238311 0.252117
vt 0.557525 0.254312
vt 0.267756 0.235074
vt 0.292570 0.215365
vt 0.538267 0.241927
vt 0.515173 0.226078
vt 0.114328 0.432316
vt 0.140664 0.457773
vt 0.190342 0.506467
vt 0.229806 0.546090
vt 0.029384 0.243281
vt 0.165192 0.247376
vt 0.234485 0.230429
vt 0.264750 0.218034
vt 0.290500 0.203628
vt 0.528681 0.252143
vt 0.510286 0.231286
vt 0.638041 0.284765
vt 0.641670 0.288361
vt 0.509474 0.602424
vt 0.512155 0.602639
vt 0.515003 0.602591
vt 0.520756 0.601717
vt 0.634244 0.280288
vt 0.636689 0.281892
vt 0.639054 0.283497
vt 0.641247 0.285040
vt 0.643186 0.286463
vt 0.644794 0.287710
vt 0.506816 0.599445
vt 0.509213 0.599762
vt 0.511889 0.599926
vt 0.514742 0.599929
vt 0.517661 0.599772
vt 0.520535 0.599460
vt 0.523252 0.599007
vt 0.525709 0.598428
vt 0.527812 0.597747
vt 0.598033 0.291666
vt 0.597005 0.289674
vt 0.634508 0.279785
vt 0.637207 0.280907
vt 0.639806 0.282067
vt 0.642205 0.283220
vt 0.644312 0.284322
vt 0.504715 0.596596
vt 0.646046 0.285331
vt 0.506733 0.596789
vt 0.509125 0.596943
vt 0.511799 0.597052
vt 0.514654 0.597110
vt 0.517578 0.597117
vt 0.520460 0.597071
vt 0.523189 0.596974
vt 0.525659 0.596831
vt 0.527777 0.596647
vt 0.597036 0.292155
vt 0.596496 0.289923
vt 0.634671 0.279245
vt 0.637526 0.279848
vt 0.640270 0.280529
vt 0.642795 0.281263
vt 0.645006 0.282021
vt 0.504790 0.594165
vt 0.506816 0.594088
vt 0.509213 0.594076
vt 0.511889 0.594128
vt 0.514742 0.594242
vt 0.517661 0.594415
vt 0.520535 0.594640
vt 0.523252 0.594907
vt 0.525709 0.595207
vt 0.527812 0.595528
vt 0.595978 0.292450
vt 0.595957 0.290074
vt 0.634726 0.278689
vt 0.637634 0.278755
vt 0.640426 0.278943
vt 0.642994 0.279244
vt 0.645240 0.279647
vt 0.505011 0.591786
vt 0.507061 0.591445
vt 0.509474 0.591270
vt 0.512155 0.591267
vt 0.515003 0.591436
vt 0.517907 0.591772
vt 0.520756 0.592261
vt 0.523440 0.592884
vt 0.525857 0.593617
vt 0.527914 0.594433
vt 0.594900 0.292539
vt 0.595408 0.290119
vt 0.634671 0.278136
vt 0.637526 0.277672
vt 0.640270 0.277370
vt 0.642795 0.277242
vt 0.645006 0.277293
vt 0.505370 0.589550
vt 0.507461 0.588961
vt 0.509898 0.588633
vt 0.512587 0.588578
vt 0.515427 0.588799
vt 0.518306 0.589288
vt 0.521115 0.590025
vt 0.523746 0.590983
vt 0.526097 0.592124
vt 0.592738 0.294416
vt 0.528079 0.593404
vt 0.593845 0.292418
vt 0.594869 0.290057
vt 0.631812 0.278745
vt 0.634508 0.277609
vt 0.637207 0.276639
vt 0.639806 0.275870
vt 0.642205 0.275333
vt 0.505854 0.587544
vt 0.644312 0.275048
vt 0.646046 0.275026
vt 0.507998 0.586732
vt 0.510468 0.586266
vt 0.513169 0.586165
vt 0.515997 0.586433
vt 0.518843 0.587059
vt 0.521599 0.588019
vt 0.524157 0.589277
vt 0.526420 0.590783
vt 0.591296 0.293943
vt 0.592851 0.292092
vt 0.594363 0.289891
vt 0.634244 0.277129
vt 0.636689 0.275696
vt 0.639054 0.274501
vt 0.641247 0.273591
vt 0.643186 0.272999
vt 0.506661 0.647799
vt 0.644794 0.272750
vt 0.508653 0.584843
vt 0.508855 0.649723
vt 0.511163 0.584261
vt 0.511307 0.651234
vt 0.513922 0.652275
vt 0.513878 0.584121
vt 0.516692 0.584428
vt 0.519498 0.585170
vt 0.522188 0.586319
vt 0.524658 0.587831
vt 0.588108 0.294416
vt 0.526814 0.589648
vt 0.590000 0.293191
vt 0.591958 0.291574
vt 0.593908 0.289627
vt 0.633888 0.276712
vt 0.635991 0.274879
vt 0.638041 0.273316
vt 0.639958 0.272082
vt 0.505658 0.644603
vt 0.641670 0.271225
vt 0.507658 0.646701
vt 0.509962 0.648503
vt 0.512482 0.649940
vt 0.514686 0.582524
vt 0.515121 0.650955
vt 0.517485 0.582862
vt 0.517777 0.651510
vt 0.520245 0.583695
vt 0.520349 0.651583
vt 0.582978 0.293851
vt 0.522860 0.584992
vt 0.584707 0.293701
vt 0.525230 0.586702
vt 0.586707 0.293140
vt 0.588899 0.292189
vt 0.591200 0.290884
vt 0.593521 0.289275
vt 0.633455 0.276377
vt 0.635141 0.274220
vt 0.636807 0.272359
vt 0.504715 0.641299
vt 0.638388 0.270865
vt 0.506518 0.643344
vt 0.508669 0.645221
vt 0.511086 0.646859
vt 0.513674 0.648194
vt 0.516337 0.649175
vt 0.518969 0.649764
vt 0.581543 0.291832
vt 0.521472 0.649939
vt 0.583416 0.291884
vt 0.523748 0.649693
vt 0.585609 0.291595
vt 0.588036 0.290974
vt 0.590606 0.290047
vt 0.593218 0.288849
vt 0.632960 0.276134
vt 0.634171 0.273745
vt 0.635399 0.271669
vt 0.505374 0.640092
vt 0.507357 0.641808
vt 0.509656 0.643415
vt 0.512182 0.644852
vt 0.514838 0.646064
vt 0.517523 0.647003
vt 0.520133 0.647634
vt 0.522568 0.647932
vt 0.524734 0.647887
vt 0.582531 0.289820
vt 0.584856 0.289839
vt 0.587445 0.289595
vt 0.590198 0.289097
vt 0.593010 0.288364
vt 0.632424 0.275994
vt 0.633119 0.273470
vt 0.633871 0.271270
vt 0.505992 0.638714
vt 0.508143 0.640055
vt 0.510580 0.641353
vt 0.513209 0.642561
vt 0.515929 0.643631
vt 0.518635 0.644523
vt 0.521224 0.645201
vt 0.523595 0.645641
vt 0.525659 0.645825
vt 0.582085 0.287588
vt 0.584477 0.287941
vt 0.587147 0.288104
vt 0.589993 0.288070
vt 0.592906 0.287841
vt 0.631866 0.275962
vt 0.632024 0.273408
vt 0.632282 0.271180
vt 0.506544 0.637218
vt 0.508846 0.638150
vt 0.511407 0.639114
vt 0.514128 0.640073
vt 0.516904 0.640990
vt 0.519629 0.641830
vt 0.522199 0.642560
vt 0.524514 0.643153
vt 0.580077 0.284487
vt 0.526486 0.643586
vt 0.582096 0.285274
vt 0.584486 0.285973
vt 0.587154 0.286558
vt 0.589998 0.287005
vt 0.592909 0.287298
vt 0.631308 0.276040
vt 0.630930 0.273560
vt 0.630693 0.271400
vt 0.507010 0.635662
vt 0.509439 0.636169
vt 0.512104 0.636784
vt 0.514902 0.637484
vt 0.517726 0.638242
vt 0.520468 0.639028
vt 0.523021 0.639812
vt 0.525289 0.640564
vt 0.580596 0.281923
vt 0.582564 0.282967
vt 0.584884 0.284011
vt 0.587467 0.285016
vt 0.590214 0.285943
vt 0.593018 0.286756
vt 0.630771 0.276224
vt 0.629878 0.273920
vt 0.629165 0.271924
vt 0.507371 0.634104
vt 0.509899 0.634186
vt 0.512645 0.634453
vt 0.515503 0.634894
vt 0.518364 0.635491
vt 0.521118 0.636223
vt 0.523659 0.637062
vt 0.525890 0.637973
vt 0.581603 0.279465
vt 0.583470 0.280755
vt 0.585655 0.282130
vt 0.588072 0.283538
vt 0.590631 0.284925
vt 0.593231 0.286238
vt 0.630277 0.276507
vt 0.628908 0.274475
vt 0.544230 0.672660
vt 0.627757 0.272729
vt 0.507614 0.632605
vt 0.545951 0.670412
vt 0.547392 0.667887
vt 0.510208 0.632278
vt 0.513009 0.632209
vt 0.515907 0.632401
vt 0.518793 0.632845
vt 0.521556 0.633525
vt 0.524088 0.634415
vt 0.526294 0.635481
vt 0.583059 0.277209
vt 0.584780 0.278724
vt 0.586769 0.280403
vt 0.588948 0.282181
vt 0.591234 0.283990
vt 0.593538 0.285761
vt 0.629844 0.276878
vt 0.543390 0.672365
vt 0.628058 0.275204
vt 0.544732 0.669984
vt 0.510355 0.630519
vt 0.545840 0.667342
vt 0.513181 0.630140
vt 0.546672 0.664540
vt 0.516099 0.630102
vt 0.547196 0.661686
vt 0.518997 0.630405
vt 0.547392 0.658889
vt 0.521763 0.631037
vt 0.547252 0.656258
vt 0.546782 0.653892
vt 0.524292 0.631975
vt 0.583632 0.273825
vt 0.526486 0.633182
vt 0.584907 0.275239
vt 0.586444 0.276951
vt 0.588183 0.278895
vt 0.590059 0.280997
vt 0.591999 0.283174
vt 0.593929 0.285345
vt 0.629488 0.277323
vt 0.627360 0.276077
vt 0.542424 0.672172
vt 0.543329 0.669704
vt 0.544055 0.666986
vt 0.544573 0.664121
vt 0.544863 0.661220
vt 0.544915 0.658395
vt 0.544727 0.655753
vt 0.544305 0.653398
vt 0.585936 0.272119
vt 0.587077 0.273632
vt 0.588396 0.275505
vt 0.589844 0.277666
vt 0.591364 0.280030
vt 0.592898 0.282509
vt 0.594387 0.285006
vt 0.629224 0.277826
vt 0.626842 0.277063
vt 0.541368 0.672089
vt 0.541797 0.669583
vt 0.542104 0.666831
vt 0.542279 0.663939
vt 0.542315 0.661018
vt 0.542210 0.658180
vt 0.541969 0.655535
vt 0.588492 0.270865
vt 0.541600 0.653183
vt 0.541118 0.651216
vt 0.589485 0.272451
vt 0.590564 0.274442
vt 0.591687 0.276761
vt 0.592812 0.279320
vt 0.593895 0.282019
vt 0.594895 0.284756
vt 0.629061 0.278366
vt 0.626522 0.278122
vt 0.540264 0.672118
vt 0.540193 0.669625
vt 0.540064 0.666885
vt 0.539880 0.664002
vt 0.539649 0.661088
vt 0.539380 0.658254
vt 0.539083 0.655610
vt 0.538770 0.653257
vt 0.538452 0.651286
vt 0.592038 0.271739
vt 0.592862 0.273801
vt 0.593641 0.276216
vt 0.594348 0.278892
vt 0.594953 0.281725
vt 0.595434 0.284606
vt 0.629006 0.278922
vt 0.626415 0.279214
vt 0.539154 0.672258
vt 0.538581 0.669828
vt 0.538012 0.667144
vt 0.537467 0.664307
vt 0.536968 0.661426
vt 0.536534 0.658614
vt 0.536181 0.655977
vt 0.535923 0.653617
vt 0.535771 0.651624
vt 0.594640 0.271525
vt 0.595203 0.273609
vt 0.595632 0.276053
vt 0.595912 0.278763
vt 0.596030 0.281636
vt 0.595984 0.284561
vt 0.595773 0.287425
vt 0.629061 0.279475
vt 0.626522 0.280298
vt 0.538079 0.672504
vt 0.537022 0.670186
vt 0.536027 0.667598
vt 0.535133 0.664841
vt 0.534375 0.662021
vt 0.533781 0.659245
vt 0.533374 0.656620
vt 0.533170 0.654248
vt 0.624738 0.277043
vt 0.533178 0.652219
vt 0.597188 0.271817
vt 0.623197 0.274569
vt 0.621330 0.272401
vt 0.597497 0.273871
vt 0.597583 0.276276
vt 0.597445 0.278939
vt 0.597086 0.281757
vt 0.596522 0.284622
vt 0.629224 0.280001
vt 0.537083 0.672847
vt 0.626842 0.281331
vt 0.624758 0.282682
vt 0.535575 0.670683
vt 0.534186 0.668232
vt 0.532968 0.665586
vt 0.531969 0.662848
vt 0.531227 0.660123
vt 0.624758 0.283379
vt 0.530770 0.657516
vt 0.623996 0.280604
vt 0.530616 0.655126
vt 0.622877 0.277902
vt 0.621444 0.275379
vt 0.599655 0.274579
vt 0.619752 0.273130
vt 0.599419 0.276878
vt 0.617867 0.271242
vt 0.598887 0.279411
vt 0.598080 0.282082
vt 0.597028 0.284788
vt 0.629488 0.280482
vt 0.627360 0.282274
vt 0.625511 0.284051
vt 0.534297 0.671302
vt 0.532559 0.669019
vt 0.531055 0.666512
vt 0.529843 0.663877
vt 0.623052 0.287000
vt 0.528970 0.661215
vt 0.622547 0.284311
vt 0.621742 0.281554
vt 0.620666 0.278834
vt 0.619361 0.276257
vt 0.617878 0.273920
vt 0.616273 0.271914
vt 0.601069 0.277835
vt 0.600183 0.280163
vt 0.598973 0.282600
vt 0.597484 0.285052
vt 0.629844 0.280898
vt 0.628058 0.283090
vt 0.533236 0.672018
vt 0.626523 0.285236
vt 0.625299 0.287254
vt 0.531208 0.669930
vt 0.621307 0.292463
vt 0.529467 0.667583
vt 0.621137 0.290338
vt 0.528079 0.665067
vt 0.620719 0.287912
vt 0.620071 0.285280
vt 0.619217 0.282542
vt 0.618190 0.279803
vt 0.617029 0.277169
vt 0.615779 0.274741
vt 0.602470 0.279110
vt 0.614488 0.272612
vt 0.613206 0.270864
vt 0.601284 0.281166
vt 0.599731 0.283291
vt 0.597870 0.285404
vt 0.630277 0.281234
vt 0.628908 0.283749
vt 0.627757 0.286193
vt 0.626870 0.288471
vt 0.619399 0.293162
vt 0.618894 0.291159
vt 0.618227 0.288825
vt 0.617426 0.286248
vt 0.616520 0.283529
vt 0.615544 0.280771
vt 0.614537 0.278081
vt 0.613536 0.275562
vt 0.612581 0.273310
vt 0.611707 0.271413
vt 0.602147 0.282380
vt 0.600325 0.284127
vt 0.598173 0.285831
vt 0.630771 0.281477
vt 0.629878 0.284225
vt 0.629166 0.286883
vt 0.617443 0.293832
vt 0.628662 0.289350
vt 0.616593 0.291948
vt 0.628387 0.291531
vt 0.615671 0.289701
vt 0.614712 0.287179
vt 0.613753 0.284478
vt 0.612831 0.281702
vt 0.611981 0.278958
vt 0.611236 0.276351
vt 0.610624 0.273981
vt 0.602738 0.283759
vt 0.610170 0.271940
vt 0.600733 0.285077
vt 0.598381 0.286315
vt 0.631308 0.281617
vt 0.630930 0.284499
vt 0.630693 0.287282
vt 0.630607 0.289857
vt 0.630674 0.292127
vt 0.614323 0.292674
vt 0.613149 0.290509
vt 0.612034 0.288036
vt 0.611023 0.285352
vt 0.610153 0.282559
vt 0.609458 0.279765
vt 0.608966 0.277077
vt 0.608694 0.274599
vt 0.608653 0.272426
vt 0.603036 0.285251
vt 0.600938 0.286105
vt 0.598485 0.286839
vt 0.631866 0.281649
vt 0.632024 0.284562
vt 0.632282 0.287372
vt 0.632629 0.289972
vt 0.633051 0.292262
vt 0.612171 0.293311
vt 0.610757 0.291216
vt 0.609496 0.288787
vt 0.608434 0.286117
vt 0.607614 0.283310
vt 0.607067 0.280472
vt 0.606813 0.277714
vt 0.606863 0.275140
vt 0.603029 0.286797
vt 0.607215 0.272851
vt 0.600933 0.287170
vt 0.598483 0.287382
vt 0.632424 0.281571
vt 0.633119 0.284410
vt 0.633871 0.287152
vt 0.634651 0.289692
vt 0.610219 0.293832
vt 0.635429 0.291932
vt 0.636176 0.293787
vt 0.608589 0.291795
vt 0.607193 0.289402
vt 0.606087 0.286745
vt 0.605312 0.283925
vt 0.604898 0.281052
vt 0.604862 0.278235
vt 0.522188 0.606865
vt 0.605204 0.275584
vt 0.524658 0.605304
vt 0.605911 0.273199
vt 0.526814 0.603376
vt 0.602716 0.288338
vt 0.600717 0.288232
vt 0.598373 0.287923
vt 0.632960 0.281387
vt 0.634171 0.284049
vt 0.635399 0.286628
vt 0.636595 0.289026
vt 0.637716 0.291149
vt 0.638716 0.292917
vt 0.606726 0.292225
vt 0.507998 0.606146
vt 0.605216 0.289858
vt 0.510468 0.606877
vt 0.604071 0.287210
vt 0.513169 0.607179
vt 0.603335 0.284382
vt 0.515997 0.607043
vt 0.603036 0.281482
vt 0.518843 0.606473
vt 0.603186 0.278622
vt 0.521599 0.605492
vt 0.524157 0.604136
vt 0.526420 0.602458
vt 0.602110 0.289816
vt 0.600300 0.289249
vt 0.598160 0.288442
vt 0.633455 0.281104
vt 0.635141 0.283494
vt 0.636807 0.285823
vt 0.638388 0.288000
vt 0.639823 0.289943
vt 0.641057 0.291577
vt 0.507461 0.604215
vt 0.509898 0.604826
vt 0.512587 0.605089
vt 0.515426 0.604993
vt 0.518306 0.604542
vt 0.521115 0.603753
vt 0.523746 0.602658
vt 0.601235 0.291173
vt 0.526097 0.601297
vt 0.528079 0.599723
vt 0.599697 0.290184
vt 0.597853 0.288919
vt 0.633888 0.280733
vt 0.635991 0.282766
vt 0.639958 0.286655
vt 0.643110 0.289819
vt 0.507061 0.601952
vt 0.517907 0.602279
vt 0.523440 0.600926
vt 0.525857 0.599936
vt 0.527913 0.598785
vt 0.598932 0.291000
vt 0.597463 0.289335
vt 0.517998 0.621080
vt 0.521627 0.624676
vt 0.271327 0.586009
vt 0.274009 0.586224
vt 0.276856 0.586176
vt 0.282609 0.585302
vt 0.514200 0.616603
vt 0.516646 0.618207
vt 0.519010 0.619812
vt 0.521204 0.621355
vt 0.523143 0.622778
vt 0.524751 0.624025
vt 0.268669 0.583030
vt 0.271066 0.583347
vt 0.273742 0.583511
vt 0.276595 0.583514
vt 0.279514 0.583357
vt 0.282388 0.583045
vt 0.285105 0.582592
vt 0.287563 0.582013
vt 0.289665 0.581332
vt 0.546035 0.603325
vt 0.545007 0.601333
vt 0.514465 0.616100
vt 0.517164 0.617222
vt 0.519763 0.618382
vt 0.522162 0.619535
vt 0.524269 0.620637
vt 0.266568 0.580181
vt 0.526002 0.621646
vt 0.268586 0.580375
vt 0.270978 0.580528
vt 0.273653 0.580637
vt 0.276507 0.580695
vt 0.279431 0.580702
vt 0.282313 0.580656
vt 0.285042 0.580559
vt 0.287513 0.580416
vt 0.289631 0.580232
vt 0.545038 0.603815
vt 0.544499 0.601583
vt 0.514627 0.615560
vt 0.517483 0.616163
vt 0.520226 0.616844
vt 0.522752 0.617577
vt 0.524962 0.618335
vt 0.266643 0.577750
vt 0.268669 0.577673
vt 0.271066 0.577661
vt 0.273742 0.577713
vt 0.276595 0.577827
vt 0.279514 0.578000
vt 0.282388 0.578225
vt 0.285105 0.578492
vt 0.287563 0.578792
vt 0.289665 0.579113
vt 0.543980 0.604109
vt 0.543959 0.601733
vt 0.514682 0.615003
vt 0.517591 0.615070
vt 0.520383 0.615258
vt 0.522951 0.615559
vt 0.525197 0.615962
vt 0.266864 0.575371
vt 0.268915 0.575030
vt 0.271327 0.574855
vt 0.274009 0.574852
vt 0.276856 0.575021
vt 0.279760 0.575357
vt 0.282609 0.575846
vt 0.285294 0.576469
vt 0.287710 0.577202
vt 0.289767 0.578018
vt 0.542903 0.604198
vt 0.543410 0.601778
vt 0.514627 0.614451
vt 0.517483 0.613987
vt 0.520226 0.613685
vt 0.522752 0.613557
vt 0.524962 0.613608
vt 0.267223 0.573135
vt 0.269314 0.572546
vt 0.271751 0.572218
vt 0.274441 0.572163
vt 0.277280 0.572384
vt 0.280159 0.572873
vt 0.282968 0.573610
vt 0.285599 0.574568
vt 0.287951 0.575709
vt 0.540741 0.606075
vt 0.289932 0.576989
vt 0.541847 0.604077
vt 0.542872 0.601717
vt 0.511769 0.615060
vt 0.514465 0.613924
vt 0.517164 0.612954
vt 0.519763 0.612185
vt 0.522162 0.611648
vt 0.267707 0.571129
vt 0.524269 0.611363
vt 0.526002 0.611341
vt 0.269851 0.570317
vt 0.272321 0.569851
vt 0.275022 0.569750
vt 0.277850 0.570018
vt 0.280696 0.570644
vt 0.283452 0.571604
vt 0.286010 0.572862
vt 0.288274 0.574368
vt 0.539298 0.605603
vt 0.540854 0.603752
vt 0.542365 0.601551
vt 0.514200 0.613444
vt 0.516646 0.612011
vt 0.519010 0.610816
vt 0.521204 0.609905
vt 0.523143 0.609314
vt 0.530025 0.646740
vt 0.524751 0.609065
vt 0.270506 0.568428
vt 0.532219 0.648664
vt 0.273016 0.567846
vt 0.534671 0.650176
vt 0.537286 0.651216
vt 0.275731 0.567706
vt 0.278545 0.568013
vt 0.281351 0.568755
vt 0.284041 0.569904
vt 0.286511 0.571416
vt 0.536110 0.606075
vt 0.288667 0.573233
vt 0.538002 0.604851
vt 0.539961 0.603234
vt 0.541910 0.601287
vt 0.513845 0.613027
vt 0.515948 0.611194
vt 0.517998 0.609631
vt 0.519915 0.608397
vt 0.529022 0.643544
vt 0.521627 0.607540
vt 0.531022 0.645643
vt 0.533326 0.647445
vt 0.535846 0.648881
vt 0.276539 0.566109
vt 0.538485 0.649896
vt 0.279338 0.566447
vt 0.541141 0.650451
vt 0.282098 0.567280
vt 0.543713 0.650525
vt 0.530980 0.605510
vt 0.284713 0.568577
vt 0.532710 0.605361
vt 0.287083 0.570287
vt 0.534709 0.604800
vt 0.536901 0.603848
vt 0.539202 0.602543
vt 0.541524 0.600935
vt 0.513411 0.612692
vt 0.515098 0.610535
vt 0.516764 0.608674
vt 0.528079 0.640240
vt 0.518344 0.607179
vt 0.529882 0.642285
vt 0.532033 0.644163
vt 0.534450 0.645800
vt 0.537039 0.647135
vt 0.539701 0.648116
vt 0.542333 0.648705
vt 0.529545 0.603491
vt 0.544836 0.648880
vt 0.531419 0.603544
vt 0.547112 0.648634
vt 0.533611 0.603254
vt 0.536039 0.602634
vt 0.538608 0.601707
vt 0.541221 0.600508
vt 0.512917 0.612449
vt 0.514128 0.610060
vt 0.515356 0.607983
vt 0.528738 0.639034
vt 0.530721 0.640750
vt 0.533020 0.642357
vt 0.535546 0.643794
vt 0.538202 0.645005
vt 0.540887 0.645944
vt 0.543497 0.646575
vt 0.545932 0.646874
vt 0.548099 0.646828
vt 0.530533 0.601480
vt 0.532858 0.601499
vt 0.535447 0.601255
vt 0.538201 0.600757
vt 0.541013 0.600024
vt 0.512381 0.612309
vt 0.513076 0.609785
vt 0.513828 0.607585
vt 0.529356 0.637656
vt 0.531507 0.638996
vt 0.533944 0.640295
vt 0.536573 0.641502
vt 0.539293 0.642573
vt 0.541999 0.643464
vt 0.544588 0.644143
vt 0.546959 0.644582
vt 0.549023 0.644766
vt 0.530087 0.599247
vt 0.532479 0.599601
vt 0.535149 0.599763
vt 0.537995 0.599730
vt 0.540908 0.599500
vt 0.511823 0.612277
vt 0.511981 0.609723
vt 0.512239 0.607495
vt 0.529908 0.636160
vt 0.532210 0.637092
vt 0.534771 0.638056
vt 0.537492 0.639015
vt 0.540268 0.639931
vt 0.542993 0.640771
vt 0.545563 0.641502
vt 0.547878 0.642094
vt 0.528079 0.596146
vt 0.549850 0.642527
vt 0.530099 0.596933
vt 0.532489 0.597633
vt 0.535157 0.598217
vt 0.538001 0.598664
vt 0.540911 0.598957
vt 0.511265 0.612355
vt 0.510887 0.609875
vt 0.510650 0.607715
vt 0.530374 0.634603
vt 0.532803 0.635110
vt 0.535468 0.635726
vt 0.538266 0.636425
vt 0.541090 0.637183
vt 0.543832 0.637969
vt 0.546385 0.638753
vt 0.548653 0.639505
vt 0.528599 0.593583
vt 0.530566 0.594626
vt 0.532886 0.595670
vt 0.535469 0.596676
vt 0.538216 0.597603
vt 0.541021 0.598416
vt 0.510728 0.612538
vt 0.509835 0.610235
vt 0.509122 0.608238
vt 0.530735 0.633045
vt 0.533263 0.633127
vt 0.536009 0.633394
vt 0.538867 0.633835
vt 0.541728 0.634433
vt 0.544482 0.635165
vt 0.547023 0.636003
vt 0.549254 0.636915
vt 0.529606 0.591125
vt 0.531473 0.592414
vt 0.533657 0.593790
vt 0.536075 0.595198
vt 0.538633 0.596585
vt 0.541233 0.597897
vt 0.510234 0.612821
vt 0.508865 0.610790
vt 0.662197 0.292308
vt 0.507714 0.609044
vt 0.530979 0.631546
vt 0.663918 0.290061
vt 0.665359 0.287535
vt 0.533572 0.631220
vt 0.536373 0.631151
vt 0.539271 0.631342
vt 0.542157 0.631787
vt 0.544920 0.632467
vt 0.547452 0.633357
vt 0.549658 0.634422
vt 0.531061 0.588868
vt 0.532783 0.590383
vt 0.534771 0.592062
vt 0.536950 0.593840
vt 0.539236 0.595650
vt 0.541541 0.597421
vt 0.509800 0.613193
vt 0.661357 0.292014
vt 0.508015 0.611519
vt 0.662699 0.289633
vt 0.533719 0.629460
vt 0.663807 0.286991
vt 0.536545 0.629082
vt 0.664639 0.284189
vt 0.539463 0.629043
vt 0.665163 0.281334
vt 0.542361 0.629346
vt 0.665359 0.278538
vt 0.545127 0.629978
vt 0.665219 0.275906
vt 0.664748 0.273541
vt 0.547656 0.630916
vt 0.531635 0.585484
vt 0.549850 0.632123
vt 0.532909 0.586899
vt 0.534446 0.588611
vt 0.536186 0.590555
vt 0.538061 0.592656
vt 0.540001 0.594834
vt 0.541931 0.597005
vt 0.509445 0.613638
vt 0.507317 0.612392
vt 0.660391 0.291821
vt 0.661296 0.289353
vt 0.662021 0.286634
vt 0.662539 0.283769
vt 0.662830 0.280869
vt 0.662882 0.278043
vt 0.662694 0.275402
vt 0.662272 0.273046
vt 0.533938 0.583779
vt 0.535079 0.585292
vt 0.536399 0.587165
vt 0.537846 0.589325
vt 0.539366 0.591690
vt 0.540900 0.594169
vt 0.542389 0.596665
vt 0.509180 0.614140
vt 0.506799 0.613377
vt 0.659335 0.291737
vt 0.659763 0.289231
vt 0.660071 0.286480
vt 0.660246 0.283588
vt 0.660282 0.280667
vt 0.660177 0.277829
vt 0.659935 0.275183
vt 0.536495 0.582524
vt 0.659567 0.272832
vt 0.659085 0.270864
vt 0.537487 0.584110
vt 0.538566 0.586101
vt 0.539689 0.588421
vt 0.540814 0.590979
vt 0.541898 0.593679
vt 0.542898 0.596416
vt 0.509018 0.614680
vt 0.506479 0.614437
vt 0.658231 0.291766
vt 0.658160 0.289273
vt 0.658030 0.286533
vt 0.657847 0.283650
vt 0.657616 0.280736
vt 0.657347 0.277903
vt 0.657050 0.275259
vt 0.656736 0.272906
vt 0.656419 0.270934
vt 0.540041 0.583399
vt 0.540864 0.585461
vt 0.541644 0.587876
vt 0.542350 0.590551
vt 0.542955 0.593384
vt 0.543437 0.596266
vt 0.508963 0.615237
vt 0.506372 0.615529
vt 0.657120 0.291906
vt 0.656548 0.289477
vt 0.655978 0.286792
vt 0.655434 0.283955
vt 0.654935 0.281075
vt 0.654500 0.278262
vt 0.654148 0.275625
vt 0.653890 0.273265
vt 0.653738 0.271273
vt 0.542642 0.583185
vt 0.543205 0.585268
vt 0.543635 0.587712
vt 0.543914 0.590423
vt 0.544033 0.593296
vt 0.543986 0.596220
vt 0.543776 0.599085
vt 0.509018 0.615790
vt 0.506479 0.616613
vt 0.656046 0.292152
vt 0.654988 0.289834
vt 0.653994 0.287247
vt 0.653100 0.284490
vt 0.652341 0.281669
vt 0.651747 0.278893
vt 0.651341 0.276268
vt 0.651137 0.273896
vt 0.549780 0.612253
vt 0.651144 0.271867
vt 0.545191 0.583476
vt 0.548239 0.609780
vt 0.546373 0.607612
vt 0.545499 0.585531
vt 0.545585 0.587935
vt 0.545447 0.590598
vt 0.545089 0.593416
vt 0.544524 0.596282
vt 0.509180 0.616316
vt 0.655050 0.292495
vt 0.506799 0.617646
vt 0.504715 0.618997
vt 0.653542 0.290332
vt 0.652152 0.287880
vt 0.650935 0.285235
vt 0.649935 0.282497
vt 0.649193 0.279772
vt 0.549801 0.618590
vt 0.648737 0.277164
vt 0.549038 0.615815
vt 0.648583 0.274774
vt 0.547919 0.613113
vt 0.546487 0.610589
vt 0.547657 0.586238
vt 0.544795 0.608340
vt 0.547421 0.588537
vt 0.542910 0.606453
vt 0.546889 0.591071
vt 0.546082 0.593742
vt 0.545031 0.596448
vt 0.509445 0.616797
vt 0.507317 0.618589
vt 0.505467 0.620366
vt 0.652263 0.290950
vt 0.650525 0.288667
vt 0.649021 0.286160
vt 0.647810 0.283525
vt 0.548094 0.622211
vt 0.646937 0.280864
vt 0.547590 0.619522
vt 0.546784 0.616765
vt 0.545709 0.614045
vt 0.544404 0.611467
vt 0.542921 0.609131
vt 0.541316 0.607125
vt 0.549071 0.589494
vt 0.548186 0.591823
vt 0.546975 0.594260
vt 0.545486 0.596712
vt 0.509800 0.617213
vt 0.508015 0.619405
vt 0.651202 0.291666
vt 0.506480 0.621551
vt 0.505256 0.623569
vt 0.649175 0.289578
vt 0.546350 0.627674
vt 0.647434 0.287232
vt 0.546179 0.625549
vt 0.646046 0.284716
vt 0.545762 0.623123
vt 0.545114 0.620491
vt 0.544260 0.617753
vt 0.543233 0.615014
vt 0.542072 0.612380
vt 0.540822 0.609952
vt 0.550472 0.590770
vt 0.539531 0.607823
vt 0.538248 0.606075
vt 0.549286 0.592825
vt 0.547733 0.594950
vt 0.545873 0.597064
vt 0.510234 0.617549
vt 0.508865 0.620064
vt 0.507714 0.622508
vt 0.506827 0.624786
vt 0.544442 0.628372
vt 0.543936 0.626370
vt 0.543270 0.624035
vt 0.542468 0.621459
vt 0.541563 0.618740
vt 0.540587 0.615982
vt 0.539580 0.613292
vt 0.538579 0.610773
vt 0.537623 0.608521
vt 0.536750 0.606624
vt 0.550149 0.594039
vt 0.548328 0.595787
vt 0.546176 0.597490
vt 0.510728 0.617792
vt 0.509835 0.620540
vt 0.509122 0.623198
vt 0.542486 0.629043
vt 0.508619 0.625665
vt 0.541636 0.627159
vt 0.508344 0.627846
vt 0.540714 0.624912
vt 0.539755 0.622390
vt 0.538796 0.619689
vt 0.537873 0.616913
vt 0.537023 0.614169
vt 0.536278 0.611562
vt 0.535667 0.609192
vt 0.550741 0.595419
vt 0.535212 0.607151
vt 0.548735 0.596737
vt 0.546383 0.597975
vt 0.511265 0.617932
vt 0.510887 0.620814
vt 0.510650 0.623596
vt 0.510563 0.626172
vt 0.510630 0.628442
vt 0.539366 0.627885
vt 0.538191 0.625719
vt 0.537077 0.623247
vt 0.536065 0.620563
vt 0.535196 0.617770
vt 0.534501 0.614976
vt 0.534008 0.612288
vt 0.533736 0.609810
vt 0.533696 0.607636
vt 0.551038 0.596910
vt 0.548940 0.597764
vt 0.546488 0.598498
vt 0.511823 0.617963
vt 0.511981 0.620876
vt 0.512239 0.623687
vt 0.512586 0.626287
vt 0.513008 0.628577
vt 0.537214 0.628521
vt 0.535800 0.626426
vt 0.534538 0.623997
vt 0.533477 0.621328
vt 0.532657 0.618520
vt 0.532110 0.615683
vt 0.531856 0.612925
vt 0.531906 0.610351
vt 0.551031 0.598456
vt 0.532258 0.608062
vt 0.548935 0.598829
vt 0.546485 0.599041
vt 0.512381 0.617886
vt 0.513076 0.620725
vt 0.513828 0.623467
vt 0.514608 0.626007
vt 0.535262 0.629043
vt 0.515386 0.628247
vt 0.516132 0.630102
vt 0.533632 0.627006
vt 0.532236 0.624613
vt 0.531130 0.621955
vt 0.530355 0.619136
vt 0.529941 0.616263
vt 0.529905 0.613446
vt 0.284041 0.590450
vt 0.530246 0.610795
vt 0.286511 0.588889
vt 0.530954 0.608410
vt 0.288667 0.586961
vt 0.550718 0.599998
vt 0.548720 0.599891
vt 0.546375 0.599583
vt 0.512917 0.617702
vt 0.514128 0.620364
vt 0.515356 0.622943
vt 0.516552 0.625341
vt 0.517672 0.627464
vt 0.518673 0.629232
vt 0.531769 0.627436
vt 0.269851 0.589731
vt 0.530259 0.625069
vt 0.272321 0.590462
vt 0.529114 0.622421
vt 0.275022 0.590764
vt 0.528378 0.619592
vt 0.277850 0.590628
vt 0.528079 0.616693
vt 0.280696 0.590058
vt 0.528228 0.613833
vt 0.283452 0.589077
vt 0.286010 0.587721
vt 0.288274 0.586043
vt 0.550113 0.601476
vt 0.548302 0.600909
vt 0.546163 0.600102
vt 0.513411 0.617419
vt 0.515098 0.619809
vt 0.516764 0.622138
vt 0.518344 0.624315
vt 0.519780 0.626258
vt 0.521014 0.627892
vt 0.269314 0.587800
vt 0.271751 0.588411
vt 0.274441 0.588674
vt 0.277280 0.588578
vt 0.280159 0.588127
vt 0.282968 0.587338
vt 0.285599 0.586243
vt 0.549238 0.602833
vt 0.287951 0.584882
vt 0.289932 0.583308
vt 0.547700 0.601844
vt 0.545855 0.600578
vt 0.513845 0.617048
vt 0.515948 0.619081
vt 0.519915 0.622969
vt 0.523067 0.626134
vt 0.268915 0.585537
vt 0.279760 0.585864
vt 0.285294 0.584511
vt 0.287710 0.583521
vt 0.289767 0.582370
vt 0.546934 0.602660
vt 0.545465 0.600994
vt 0.903190 0.701010
vt 0.936723 0.734232
vt 0.608550 0.756438
vt 0.633326 0.758430
vt 0.659636 0.757979
vt 0.712794 0.749906
vt 0.868105 0.659637
vt 0.890698 0.674463
vt 0.912549 0.689291
vt 0.932819 0.703551
vt 0.950728 0.716694
vt 0.965590 0.728215
vt 0.583988 0.728912
vt 0.606138 0.731845
vt 0.630867 0.733355
vt 0.657225 0.733385
vt 0.684198 0.731934
vt 0.710750 0.729057
vt 0.735860 0.724865
vt 0.758565 0.719518
vt 0.777990 0.713224
vt 0.458487 0.774723
vt 0.448985 0.756320
vt 0.870547 0.654995
vt 0.895487 0.665359
vt 0.919503 0.676073
vt 0.941669 0.686728
vt 0.961136 0.696912
vt 0.564577 0.702590
vt 0.977154 0.706235
vt 0.583221 0.704378
vt 0.605324 0.705799
vt 0.630037 0.706800
vt 0.656410 0.707340
vt 0.683431 0.707400
vt 0.710060 0.706977
vt 0.735273 0.706087
vt 0.758103 0.704765
vt 0.777672 0.703061
vt 0.449271 0.779246
vt 0.444286 0.758626
vt 0.872050 0.650006
vt 0.898437 0.655572
vt 0.923785 0.661865
vt 0.947119 0.668644
vt 0.967544 0.675647
vt 0.565268 0.680127
vt 0.583988 0.679419
vt 0.606138 0.679303
vt 0.630867 0.679784
vt 0.657225 0.680844
vt 0.684198 0.682441
vt 0.710750 0.684514
vt 0.735860 0.686984
vt 0.758565 0.689756
vt 0.777990 0.692723
vt 0.439497 0.781970
vt 0.439304 0.760014
vt 0.872558 0.644860
vt 0.899433 0.645478
vt 0.925231 0.647211
vt 0.948960 0.649993
vt 0.969708 0.653717
vt 0.567312 0.658146
vt 0.586259 0.654994
vt 0.608550 0.653374
vt 0.633326 0.653347
vt 0.659636 0.654915
vt 0.686469 0.658016
vt 0.712794 0.662533
vt 0.737599 0.668290
vt 0.759930 0.675068
vt 0.778931 0.682606
vt 0.429541 0.782789
vt 0.434229 0.760432
vt 0.872050 0.639756
vt 0.898437 0.635466
vt 0.923785 0.632676
vt 0.947119 0.631493
vt 0.967544 0.631963
vt 0.570632 0.637490
vt 0.589948 0.632043
vt 0.612465 0.629009
vt 0.637318 0.628505
vt 0.663552 0.630549
vt 0.690158 0.635065
vt 0.716114 0.641877
vt 0.740422 0.650724
vt 0.762149 0.661267
vt 0.409566 0.800135
vt 0.780459 0.673099
vt 0.419787 0.781673
vt 0.429256 0.759863
vt 0.845639 0.645381
vt 0.870547 0.634890
vt 0.895487 0.625920
vt 0.919503 0.618818
vt 0.941669 0.613855
vt 0.575099 0.618954
vt 0.961136 0.611223
vt 0.977154 0.611022
vt 0.594912 0.611446
vt 0.617735 0.607144
vt 0.642691 0.606211
vt 0.668822 0.608684
vt 0.695122 0.614468
vt 0.720581 0.623340
vt 0.744221 0.634960
vt 0.765134 0.648881
vt 0.396239 0.795766
vt 0.410607 0.778664
vt 0.424576 0.758328
vt 0.868105 0.630448
vt 0.890698 0.617207
vt 0.912549 0.606169
vt 0.932819 0.597756
vt 0.950728 0.592292
vt 0.798445 0.947886
vt 0.965590 0.589988
vt 0.600961 0.593996
vt 0.818712 0.965665
vt 0.624157 0.588619
vt 0.841365 0.979629
vt 0.865534 0.989243
vt 0.649239 0.587323
vt 0.675243 0.590159
vt 0.701171 0.597018
vt 0.726025 0.607636
vt 0.748851 0.621605
vt 0.366778 0.800135
vt 0.768771 0.638388
vt 0.384260 0.788818
vt 0.402356 0.773878
vt 0.420370 0.755889
vt 0.864819 0.626602
vt 0.884251 0.609663
vt 0.903190 0.595215
vt 0.920908 0.583815
vt 0.789174 0.918353
vt 0.936723 0.575899
vt 0.807653 0.937745
vt 0.828943 0.954396
vt 0.852226 0.967666
vt 0.656708 0.572567
vt 0.876608 0.977046
vt 0.682569 0.575687
vt 0.901151 0.982174
vt 0.924912 0.982855
vt 0.708072 0.583385
vt 0.319378 0.794914
vt 0.732236 0.595366
vt 0.335359 0.793533
vt 0.754133 0.611170
vt 0.353833 0.788347
vt 0.374090 0.779557
vt 0.395350 0.767498
vt 0.416798 0.752636
vt 0.860814 0.623498
vt 0.876397 0.603575
vt 0.891787 0.586378
vt 0.780459 0.887828
vt 0.906394 0.572567
vt 0.797119 0.906723
vt 0.816994 0.924069
vt 0.839323 0.939200
vt 0.863245 0.951535
vt 0.887843 0.960598
vt 0.912170 0.966043
vt 0.306121 0.776259
vt 0.935292 0.967659
vt 0.323429 0.776743
vt 0.956321 0.965384
vt 0.343687 0.774069
vt 0.366118 0.768338
vt 0.389859 0.759771
vt 0.413999 0.748697
vt 0.856246 0.621258
vt 0.867436 0.599180
vt 0.878778 0.579997
vt 0.786551 0.876679
vt 0.804872 0.892533
vt 0.826111 0.907384
vt 0.849453 0.920661
vt 0.873999 0.931853
vt 0.898808 0.940531
vt 0.922924 0.946361
vt 0.945422 0.949119
vt 0.965438 0.948699
vt 0.315247 0.757670
vt 0.336729 0.757848
vt 0.360651 0.755594
vt 0.386094 0.750992
vt 0.412079 0.744222
vt 0.851289 0.619965
vt 0.857712 0.596645
vt 0.864661 0.576317
vt 0.792258 0.863948
vt 0.812136 0.876330
vt 0.834653 0.888331
vt 0.858944 0.899490
vt 0.884075 0.909379
vt 0.909081 0.917616
vt 0.933000 0.923887
vt 0.954914 0.927949
vt 0.973979 0.929646
vt 0.311129 0.737046
vt 0.333227 0.740309
vt 0.357900 0.741813
vt 0.384198 0.741500
vt 0.411113 0.739383
vt 0.846134 0.619671
vt 0.847600 0.596069
vt 0.849981 0.575480
vt 0.797362 0.850125
vt 0.818632 0.858736
vt 0.842292 0.867642
vt 0.867432 0.876502
vt 0.893086 0.884974
vt 0.918268 0.892734
vt 0.942011 0.899482
vt 0.963401 0.904961
vt 0.292570 0.708391
vt 0.981618 0.908958
vt 0.311233 0.715664
vt 0.333316 0.722125
vt 0.357969 0.727526
vt 0.384246 0.731659
vt 0.411137 0.734366
vt 0.840979 0.620387
vt 0.837488 0.597472
vt 0.835300 0.577518
vt 0.801666 0.835739
vt 0.824111 0.840426
vt 0.848734 0.846113
vt 0.874589 0.852580
vt 0.900684 0.859579
vt 0.926015 0.866841
vt 0.949609 0.874087
vt 0.970559 0.881038
vt 0.297373 0.684703
vt 0.315555 0.694345
vt 0.336991 0.703995
vt 0.360857 0.713281
vt 0.386236 0.721847
vt 0.412151 0.729364
vt 0.836022 0.622085
vt 0.827764 0.600802
vt 0.821184 0.582352
vt 0.805005 0.821345
vt 0.828360 0.822106
vt 0.853731 0.824570
vt 0.880142 0.828643
vt 0.906579 0.834167
vt 0.932025 0.840931
vt 0.955504 0.848675
vt 0.976111 0.857101
vt 0.306678 0.661996
vt 0.323929 0.673909
vt 0.344113 0.686616
vt 0.366452 0.699626
vt 0.390090 0.712442
vt 0.414116 0.724569
vt 0.831453 0.624699
vt 0.818803 0.605931
vt 0.441806 0.998275
vt 0.808174 0.589797
vt 0.807251 0.807494
vt 0.457709 0.977507
vt 0.471021 0.954171
vt 0.831218 0.804478
vt 0.857091 0.803842
vt 0.883876 0.805611
vt 0.910543 0.809717
vt 0.936067 0.816002
vt 0.959468 0.824225
vt 0.979846 0.834069
vt 0.320127 0.641142
vt 0.336033 0.655142
vt 0.354406 0.670655
vt 0.374540 0.687086
vt 0.395661 0.703804
vt 0.416956 0.720165
vt 0.827449 0.628130
vt 0.810948 0.612660
vt 0.434046 0.995552
vt 0.446443 0.973553
vt 0.832575 0.788220
vt 0.456682 0.949139
vt 0.858687 0.784725
vt 0.464370 0.923248
vt 0.885648 0.784369
vt 0.469212 0.896876
vt 0.912425 0.787166
vt 0.471021 0.871035
vt 0.937986 0.793010
vt 0.469728 0.846719
vt 0.465382 0.824862
vt 0.961349 0.801674
vt 0.325427 0.609875
vt 0.981618 0.812827
vt 0.337204 0.622943
vt 0.351402 0.638763
vt 0.367477 0.656726
vt 0.384809 0.676143
vt 0.402734 0.696266
vt 0.420562 0.716322
vt 0.824163 0.632245
vt 0.804502 0.620732
vt 0.425118 0.993769
vt 0.433481 0.970965
vt 0.440185 0.945845
vt 0.444971 0.919375
vt 0.447657 0.892573
vt 0.448138 0.866467
vt 0.446397 0.842061
vt 0.442500 0.820293
vt 0.346710 0.594116
vt 0.357252 0.608099
vt 0.369445 0.625404
vt 0.382821 0.645365
vt 0.396865 0.667216
vt 0.411038 0.690117
vt 0.424796 0.713188
vt 0.821721 0.636886
vt 0.799712 0.629837
vt 0.415364 0.992997
vt 0.419321 0.969843
vt 0.422163 0.944417
vt 0.423780 0.917696
vt 0.424111 0.890707
vt 0.423142 0.864486
vt 0.420911 0.840042
vt 0.370330 0.582524
vt 0.417503 0.818313
vt 0.413050 0.800135
vt 0.379502 0.597180
vt 0.389469 0.615576
vt 0.399850 0.637008
vt 0.410245 0.660650
vt 0.420254 0.685594
vt 0.429494 0.710882
vt 0.820217 0.641876
vt 0.796763 0.639624
vt 0.405161 0.993263
vt 0.404508 0.970230
vt 0.403309 0.944910
vt 0.401611 0.918275
vt 0.399477 0.891350
vt 0.396991 0.865169
vt 0.394248 0.840738
vt 0.391353 0.818996
vt 0.388417 0.800778
vt 0.403097 0.590604
vt 0.410705 0.609659
vt 0.417909 0.631975
vt 0.424434 0.656696
vt 0.430028 0.682870
vt 0.434477 0.709493
vt 0.819710 0.647021
vt 0.795767 0.649717
vt 0.394899 0.994559
vt 0.389611 0.972111
vt 0.384349 0.947304
vt 0.379315 0.921090
vt 0.374704 0.894478
vt 0.370692 0.868489
vt 0.367433 0.844123
vt 0.365053 0.822316
vt 0.363643 0.803906
vt 0.427132 0.588626
vt 0.432335 0.607879
vt 0.436305 0.630461
vt 0.438887 0.655506
vt 0.439984 0.682051
vt 0.439552 0.709076
vt 0.437609 0.735542
vt 0.820217 0.652125
vt 0.796763 0.659729
vt 0.384974 0.996833
vt 0.375202 0.975413
vt 0.366009 0.951507
vt 0.357750 0.926033
vt 0.350742 0.899970
vt 0.345254 0.874319
vt 0.341497 0.850067
vt 0.339616 0.828146
vt 0.200519 0.652867
vt 0.339682 0.809398
vt 0.450682 0.591321
vt 0.186282 0.630009
vt 0.169032 0.609977
vt 0.453530 0.610304
vt 0.454329 0.632524
vt 0.453049 0.657127
vt 0.449738 0.683167
vt 0.444525 0.709645
vt 0.821721 0.656992
vt 0.375767 1.000000
vt 0.799712 0.669275
vt 0.780459 0.681759
vt 0.361834 0.980011
vt 0.348996 0.957358
vt 0.337745 0.932913
vt 0.328513 0.907614
vt 0.321656 0.882435
vt 0.200708 0.711416
vt 0.317437 0.858342
vt 0.193665 0.685771
vt 0.316017 0.836262
vt 0.183325 0.660810
vt 0.170086 0.637491
vt 0.473474 0.616842
vt 0.154455 0.616711
vt 0.137035 0.599267
vt 0.471291 0.638084
vt 0.466375 0.661495
vt 0.458918 0.686176
vt 0.449204 0.711179
vt 0.824163 0.661433
vt 0.804502 0.677988
vt 0.787413 0.694408
vt 0.350023 0.985726
vt 0.333962 0.964632
vt 0.320067 0.941466
vt 0.308871 0.917119
vt 0.184941 0.744871
vt 0.300804 0.892525
vt 0.180280 0.720029
vt 0.172837 0.694553
vt 0.162897 0.669422
vt 0.150843 0.645604
vt 0.137138 0.624012
vt 0.122308 0.605477
vt 0.486537 0.646928
vt 0.478354 0.668444
vt 0.467169 0.690963
vt 0.453411 0.713619
vt 0.827449 0.665280
vt 0.810948 0.685533
vt 0.340220 0.992340
vt 0.796771 0.705361
vt 0.785461 0.724004
vt 0.321487 0.973050
vt 0.168820 0.795353
vt 0.305397 0.951365
vt 0.167247 0.775715
vt 0.292571 0.928117
vt 0.163392 0.753304
vt 0.157404 0.728980
vt 0.149513 0.703680
vt 0.140021 0.678374
vt 0.129294 0.654036
vt 0.117744 0.631601
vt 0.499481 0.658715
vt 0.105815 0.611931
vt 0.093965 0.595781
vt 0.488525 0.677705
vt 0.474175 0.697342
vt 0.456982 0.716871
vt 0.831453 0.668383
vt 0.818803 0.691620
vt 0.808174 0.714199
vt 0.799975 0.735252
vt 0.151196 0.801803
vt 0.146523 0.783300
vt 0.140365 0.761731
vt 0.132959 0.737927
vt 0.124589 0.712802
vt 0.115576 0.687321
vt 0.106267 0.662464
vt 0.097021 0.639186
vt 0.088191 0.618381
vt 0.080118 0.600849
vt 0.496497 0.688924
vt 0.479666 0.705069
vt 0.459782 0.720810
vt 0.836022 0.670624
vt 0.827764 0.696015
vt 0.821184 0.720580
vt 0.133118 0.808002
vt 0.816533 0.743373
vt 0.125265 0.790589
vt 0.813991 0.763520
vt 0.116745 0.769831
vt 0.107884 0.746525
vt 0.099022 0.721569
vt 0.090501 0.695919
vt 0.082647 0.670563
vt 0.075763 0.646475
vt 0.070113 0.624580
vt 0.501963 0.701668
vt 0.065914 0.605720
vt 0.483431 0.713848
vt 0.461701 0.725286
vt 0.840979 0.671916
vt 0.837488 0.698550
vt 0.835300 0.724259
vt 0.834500 0.748057
vt 0.835118 0.769027
vt 0.104291 0.797302
vt 0.093439 0.777290
vt 0.083142 0.754445
vt 0.073796 0.729643
vt 0.065759 0.703838
vt 0.059341 0.678023
vt 0.054788 0.653189
vt 0.052275 0.630289
vt 0.051899 0.610206
vt 0.504715 0.715449
vt 0.485327 0.723340
vt 0.462668 0.730125
vt 0.846134 0.672210
vt 0.847600 0.699126
vt 0.849981 0.725097
vt 0.853185 0.749122
vt 0.857089 0.770280
vt 0.084405 0.803182
vt 0.071343 0.783824
vt 0.059685 0.761380
vt 0.049879 0.736714
vt 0.042302 0.710774
vt 0.037245 0.684556
vt 0.034902 0.659068
vt 0.035363 0.635290
vt 0.504645 0.729736
vt 0.038612 0.614134
vt 0.485279 0.733181
vt 0.462643 0.735142
vt 0.851289 0.671494
vt 0.857712 0.697723
vt 0.864661 0.723059
vt 0.871869 0.746529
vt 0.066372 0.808002
vt 0.879060 0.767231
vt 0.885956 0.784369
vt 0.051306 0.789180
vt 0.038414 0.767066
vt 0.028191 0.742511
vt 0.021031 0.716460
vt 0.017208 0.689912
vt 0.016869 0.663888
vt 0.726025 0.797475
vt 0.020028 0.639389
vt 0.748851 0.783050
vt 0.026562 0.617355
vt 0.768771 0.765234
vt 0.501757 0.743981
vt 0.483289 0.742993
vt 0.461629 0.740144
vt 0.856246 0.669797
vt 0.867436 0.694393
vt 0.878778 0.718225
vt 0.889836 0.740376
vt 0.900186 0.759996
vt 0.909430 0.776330
vt 0.034098 0.793152
vt 0.594912 0.790835
vt 0.020146 0.771283
vt 0.617735 0.797581
vt 0.009566 0.746811
vt 0.642691 0.800380
vt 0.002763 0.720677
vt 0.668822 0.799122
vt 0.000000 0.693885
vt 0.695122 0.793856
vt 0.001383 0.667464
vt 0.720581 0.784786
vt 0.744221 0.772258
vt 0.765134 0.756755
vt 0.496162 0.757635
vt 0.479435 0.752399
vt 0.459664 0.744939
vt 0.860814 0.667182
vt 0.876397 0.689265
vt 0.891787 0.710780
vt 0.906394 0.730900
vt 0.919657 0.748853
vt 0.931065 0.763949
vt 0.589948 0.772987
vt 0.612465 0.778635
vt 0.637318 0.781062
vt 0.663552 0.780175
vt 0.690158 0.776009
vt 0.716114 0.768723
vt 0.740422 0.758598
vt 0.488074 0.770176
vt 0.762149 0.746023
vt 0.780459 0.731480
vt 0.473864 0.761037
vt 0.456824 0.749342
vt 0.864819 0.663752
vt 0.884251 0.682535
vt 0.920908 0.718466
vt 0.950027 0.747703
vt 0.586259 0.752079
vt 0.686469 0.755100
vt 0.737599 0.742596
vt 0.759930 0.733450
vt 0.778931 0.722820
vt 0.466791 0.768575
vt 0.453218 0.753185
vt 0.279882 0.427848
vt 0.290123 0.549777
vt 0.277468 0.427926
vt 0.290584 0.552207
vt 0.275010 0.428227
vt 0.290584 0.554688
vt 0.272601 0.428740
vt 0.290123 0.557123
vt 0.270334 0.429446
vt 0.289218 0.559420
vt 0.268297 0.430316
vt 0.287903 0.561489
vt 0.266568 0.431318
vt 0.266568 0.366138
vt 0.286231 0.563252
vt 0.268430 0.366421
vt 0.284264 0.564640
vt 0.270568 0.366743
vt 0.282079 0.565601
vt 0.272901 0.367091
vt 0.279759 0.566097
vt 0.275337 0.367452
vt 0.277393 0.566109
vt 0.277784 0.367812
vt 0.275074 0.565637
vt 0.280148 0.368157
vt 0.272888 0.564699
vt 0.282338 0.368474
vt 0.270921 0.563332
vt 0.284270 0.368750
vt 0.266568 0.536922
vt 0.269249 0.561586
vt 0.268284 0.538173
vt 0.267935 0.559531
vt 0.270310 0.539234
vt 0.267030 0.557243
vt 0.272569 0.540064
vt 0.266568 0.554813
vt 0.274975 0.540630
vt 0.266568 0.552333
vt 0.277434 0.540911
vt 0.267030 0.549897
vt 0.279852 0.540897
vt 0.267935 0.547601
vt 0.282136 0.540587
vt 0.269249 0.545531
vt 0.284199 0.539995
vt 0.266568 0.427848
vt 0.270921 0.543769
vt 0.268644 0.427812
vt 0.272888 0.542380
vt 0.270945 0.427785
vt 0.275074 0.541420
vt 0.273383 0.427768
vt 0.277394 0.540924
vt 0.275863 0.427763
vt 0.279759 0.540911
vt 0.278292 0.427768
vt 0.282079 0.541383
vt 0.280575 0.427785
vt 0.284264 0.542321
vt 0.282624 0.427812
vt 0.286231 0.543689
vt 0.284362 0.427848
vt 0.284211 0.428366
vt 0.287903 0.545434
vt 0.282159 0.427997
vt 0.289218 0.547490
vt 0.284270 0.308740
vt 0.274356 0.368750
vt 0.284211 0.486233
vt 0.839858 0.119955
vt 0.564577 0.864359
vt 0.111625 0.871993
vt 0.839858 0.005045
vt 0.850552 0.120787
vt 0.564577 0.852870
vt 0.850552 0.005876
vt 0.111625 0.860503
vt 0.861861 0.121190
vt 0.566789 0.841605
vt 0.861861 0.006279
vt 0.109480 0.849238
vt 0.873349 0.121149
vt 0.571126 0.830997
vt 0.873349 0.006238
vt 0.105273 0.838629
vt 0.884576 0.120665
vt 0.577424 0.821455
vt 0.884576 0.005754
vt 0.099165 0.829086
vt 0.895110 0.119757
vt 0.585439 0.813345
vt 0.895110 0.004846
vt 0.091391 0.820974
vt 0.904546 0.118460
vt 0.594863 0.806979
vt 0.904546 0.003549
vt 0.082249 0.814606
vt 0.912523 0.116824
vt 0.605336 0.802601
vt 0.912523 0.001913
vt 0.072092 0.810226
vt 0.282795 0.595781
vt 0.918732 0.114911
vt 0.616453 0.800380
vt 0.918732 0.000000
vt 0.282795 0.711872
vt 0.061309 0.808002
vt 0.275013 0.596956
vt 0.627788 0.800400
vt 0.275013 0.713047
vt 0.050315 0.808021
vt 0.265731 0.597897
vt 0.638905 0.802661
vt 0.265731 0.713988
vt 0.039533 0.810281
vt 0.255306 0.598569
vt 0.649377 0.807077
vt 0.255306 0.714659
vt 0.029375 0.814695
vt 0.244139 0.598944
vt 0.658802 0.813478
vt 0.244139 0.715035
vt 0.020234 0.821094
vt 0.232658 0.599010
vt 0.666817 0.821616
vt 0.232658 0.715101
vt 0.012460 0.829232
vt 0.221305 0.598764
vt 0.673114 0.831181
vt 0.221305 0.714855
vt 0.006352 0.838796
vt 0.210517 0.598214
vt 0.677452 0.841804
vt 0.210517 0.714305
vt 0.002145 0.849419
vt 0.887041 0.121682
vt 0.200708 0.597383
vt 0.679663 0.853077
vt 0.200708 0.713473
vt 0.887041 0.238750
vt 0.000000 0.860691
vt 0.876832 0.121407
vt 0.679663 0.864566
vt 0.876832 0.238475
vt 0.000000 0.872182
vt 0.865791 0.121240
vt 0.677452 0.875831
vt 0.865791 0.238309
vt 0.002145 0.883447
vt 0.854342 0.121190
vt 0.673114 0.886439
vt 0.854342 0.238258
vt 0.006352 0.894056
vt 0.842923 0.121257
vt 0.666817 0.895981
vt 0.842923 0.238325
vt 0.012460 0.903599
vt 0.831976 0.121439
vt 0.658802 0.904091
vt 0.831976 0.238508
vt 0.020234 0.911711
vt 0.821919 0.121729
vt 0.283238 0.716012
vt 0.649377 0.910457
vt 0.821919 0.238798
vt 0.283238 0.832961
vt 0.029375 0.918079
vt 0.273714 0.715569
vt 0.638905 0.914835
vt 0.273714 0.832519
vt 0.039533 0.922459
vt 0.263119 0.715263
vt 0.627788 0.917057
vt 0.263119 0.832212
vt 0.050315 0.924683
vt 0.251860 0.715105
vt 0.616453 0.917036
vt 0.251860 0.832054
vt 0.061309 0.924664
vt 0.240370 0.715101
vt 0.605335 0.914775
vt 0.240370 0.832051
vt 0.072092 0.922404
vt 0.229090 0.715252
vt 0.594863 0.910359
vt 0.229090 0.832201
vt 0.082250 0.917990
vt 0.218454 0.715551
vt 0.585439 0.903959
vt 0.218454 0.832501
vt 0.091391 0.911591
vt 0.208871 0.715988
vt 0.577424 0.895820
vt 0.208871 0.832937
vt 0.099165 0.903453
vt 0.200708 0.716545
vt 0.821919 0.117149
vt 0.571126 0.886255
vt 0.200708 0.833494
vt 0.105273 0.893889
vt 0.821919 0.002238
vt 0.830190 0.118727
vt 0.566789 0.875632
vt 0.109480 0.883266
vt 0.830190 0.003816
s 1
usemtl マテリアル
f 478/596/1 17/18/2 6/6/3
f 476/593/4 9/9/5 10/10/6
f 479/597/7 17/18/2 18/19/8
f 476/593/4 11/11/9 2/2/10
f 479/597/7 19/20/11 480/598/12
f 477/594/13 11/11/9 12/12/14
f 480/598/12 20/21/15 481/599/16
f 3/3/17 12/13/14 13/14/18
f 481/600/16 21/23/19 482/601/20
f 3/3/17 14/15/21 4/4/22
f 474/591/23 82/94/24 7/7/25
f 308/376/26 482/601/20 21/23/19
f 4/4/22 15/16/27 5/5/28
f 475/592/29 7/7/25 8/8/30
f 5/5/28 16/17/31 478/596/1
f 1/1/32 8/8/30 9/9/5
f 15/16/27 31/35/33 16/17/31
f 8/8/30 24/26/34 9/9/5
f 17/18/2 31/35/33 32/36/35
f 9/9/5 25/27/36 10/10/6
f 18/19/8 32/36/35 33/37/37
f 10/10/6 26/28/38 11/11/9
f 19/20/11 33/37/37 34/38/39
f 11/11/9 27/30/40 12/12/14
f 20/21/15 34/38/39 35/39/41
f 13/14/18 27/31/40 28/32/42
f 20/22/15 36/41/43 21/23/19
f 13/14/18 29/33/44 14/15/21
f 7/7/25 82/94/24 22/24/45
f 308/376/26 21/23/19 36/41/43
f 14/15/21 30/34/46 15/16/27
f 7/7/25 23/25/47 8/8/30
f 35/39/41 49/55/48 50/56/49
f 28/32/42 42/48/50 43/49/51
f 36/41/43 50/57/49 51/58/52
f 29/33/44 43/49/51 44/50/53
f 22/24/45 82/94/24 37/42/54
f 308/376/26 36/41/43 51/58/52
f 29/33/44 45/51/55 30/34/46
f 22/24/45 38/43/56 23/25/47
f 30/34/46 46/52/57 31/35/33
f 23/25/47 39/44/58 24/26/34
f 32/36/35 46/52/57 47/53/59
f 24/26/34 40/45/60 25/27/36
f 33/37/37 47/53/59 48/54/61
f 25/27/36 41/46/62 26/28/38
f 34/38/39 48/54/61 49/55/48
f 26/29/38 42/48/50 27/31/40
f 38/43/56 54/61/63 39/44/58
f 47/53/59 61/69/64 62/70/65
f 39/44/58 55/62/66 40/45/60
f 47/53/59 63/71/67 48/54/61
f 41/46/62 55/62/66 56/63/68
f 49/55/48 63/71/67 64/72/69
f 41/47/62 57/65/70 42/48/50
f 50/56/49 64/72/69 65/73/71
f 43/49/51 57/65/70 58/66/72
f 51/58/52 65/74/71 66/75/73
f 44/50/53 58/66/72 59/67/74
f 37/42/54 82/94/24 52/59/75
f 308/376/26 51/58/52 66/75/73
f 44/50/53 60/68/76 45/51/55
f 37/42/54 53/60/77 38/43/56
f 45/51/55 61/69/64 46/52/57
f 58/66/72 72/82/78 73/83/79
f 65/74/71 81/93/80 66/75/73
f 59/67/74 73/83/79 74/84/81
f 52/59/75 82/94/24 67/76/82
f 308/376/26 66/75/73 81/93/80
f 59/67/74 75/85/83 60/68/76
f 53/60/77 67/76/82 68/77/84
f 60/68/76 76/86/85 61/69/64
f 54/61/63 68/77/84 69/78/86
f 62/70/65 76/86/85 77/87/87
f 54/61/63 70/79/88 55/62/66
f 62/70/65 78/88/89 63/71/67
f 56/63/68 70/79/88 71/80/90
f 64/72/69 78/88/89 79/89/91
f 56/64/68 72/82/78 57/65/70
f 64/72/69 80/91/92 65/73/71
f 77/87/87 92/106/93 93/107/94
f 69/78/86 86/98/95 70/79/88
f 77/87/87 94/108/96 78/88/89
f 71/80/90 86/98/95 87/100/97
f 79/89/91 94/108/96 95/109/98
f 71/81/90 88/102/99 72/82/78
f 80/92/92 95/110/98 96/111/100
f 73/83/79 88/102/99 89/103/101
f 81/93/80 96/111/100 97/112/102
f 74/84/81 89/103/101 90/104/103
f 67/76/82 82/94/24 83/95/104
f 308/376/26 81/93/80 97/112/102
f 74/84/81 91/105/105 75/85/83
f 67/76/82 84/96/106 68/77/84
f 75/85/83 92/106/93 76/86/85
f 68/77/84 85/97/107 69/78/86
f 96/111/100 112/134/108 97/112/102
f 90/104/103 104/122/109 105/125/110
f 83/95/104 82/94/24 98/113/111
f 308/376/26 97/112/102 112/134/108
f 90/104/103 106/126/112 91/105/105
f 83/95/104 99/114/113 84/96/106
f 91/105/105 107/127/114 92/106/93
f 85/97/107 99/114/113 100/115/115
f 93/107/94 107/127/114 108/128/116
f 85/97/107 101/116/117 86/98/95
f 93/107/94 109/129/118 94/108/96
f 87/100/97 101/116/117 102/117/119
f 95/109/98 109/129/118 110/131/120
f 87/100/97 103/119/121 88/101/99
f 95/110/98 111/133/122 96/111/100
f 89/103/101 103/120/121 104/122/109
f 100/115/115 116/138/123 101/116/117
f 108/128/116 124/153/124 109/129/118
f 102/117/119 116/138/123 117/140/125
f 110/132/120 124/154/124 125/155/126
f 102/118/119 118/142/127 103/121/121
f 111/133/122 125/155/126 126/156/128
f 104/123/109 118/142/127 119/143/129
f 111/133/122 127/157/130 112/134/108
f 105/124/110 119/143/129 120/145/131
f 98/113/111 82/94/24 113/135/132
f 308/376/26 112/134/108 127/157/130
f 105/125/110 121/146/133 106/126/112
f 98/113/111 114/136/134 99/114/113
f 106/126/112 122/149/135 107/127/114
f 99/114/113 115/137/136 100/115/115
f 108/128/116 122/149/135 123/151/137
f 120/145/131 134/166/138 135/167/139
f 113/135/132 82/94/24 128/158/140
f 308/376/26 127/157/130 142/176/141
f 120/145/131 136/168/142 121/147/133
f 114/136/134 128/158/140 129/159/143
f 121/147/133 137/170/144 122/148/135
f 115/137/136 129/159/143 130/160/145
f 123/152/137 137/169/144 138/171/146
f 115/137/136 131/162/147 116/138/123
f 123/152/137 139/173/148 124/154/124
f 117/141/125 131/163/147 132/164/149
f 125/155/126 139/173/148 140/174/150
f 117/141/125 133/165/151 118/142/127
f 125/155/126 141/175/152 126/156/128
f 119/143/129 133/165/151 134/166/138
f 126/156/128 142/176/141 127/157/130
f 138/171/146 154/190/153 139/173/148
f 132/164/149 146/181/154 147/182/155
f 140/174/150 154/190/153 155/191/156
f 132/164/149 148/183/157 133/165/151
f 141/175/152 155/191/156 156/192/158
f 134/166/138 148/183/157 149/184/159
f 141/175/152 157/193/160 142/176/141
f 135/167/139 149/184/159 150/185/161
f 128/158/140 82/94/24 143/177/162
f 308/376/26 142/176/141 157/193/160
f 135/167/139 151/186/163 136/168/142
f 128/158/140 144/178/164 129/159/143
f 136/168/142 152/187/165 137/170/144
f 129/159/143 145/179/166 130/160/145
f 138/172/146 152/187/165 153/188/167
f 130/161/145 146/181/154 131/163/147
f 308/376/26 157/193/160 172/210/168
f 150/185/161 166/203/169 151/186/163
f 143/177/162 159/195/170 144/178/164
f 151/186/163 167/204/171 152/187/165
f 144/178/164 160/196/172 145/179/166
f 153/188/167 167/204/171 168/205/173
f 145/180/166 161/198/174 146/181/154
f 153/189/167 169/207/175 154/190/153
f 147/182/155 161/198/174 162/199/176
f 155/191/156 169/207/175 170/208/177
f 147/182/155 163/200/178 148/183/157
f 156/192/158 170/208/177 171/209/179
f 149/184/159 163/200/178 164/201/180
f 157/193/160 171/209/179 172/210/168
f 150/185/161 164/201/180 165/202/181
f 143/177/162 82/94/24 158/194/182
f 170/208/177 184/225/183 185/226/184
f 162/199/176 178/217/185 163/200/178
f 171/209/179 185/226/184 186/227/186
f 164/201/180 178/217/185 179/218/187
f 172/210/168 186/227/186 187/228/188
f 165/202/181 179/218/187 180/219/189
f 158/194/182 82/94/24 173/211/190
f 308/376/26 172/210/168 187/228/188
f 165/202/181 181/220/191 166/203/169
f 158/194/182 174/212/192 159/195/170
f 166/203/169 182/221/193 167/204/171
f 159/195/170 175/213/194 160/196/172
f 168/205/173 182/221/193 183/223/195
f 160/197/172 176/215/196 161/198/174
f 168/206/173 184/225/183 169/207/175
f 162/199/176 176/215/196 177/216/197
f 174/212/192 188/229/198 189/230/199
f 181/220/191 197/239/200 182/221/193
f 175/213/194 189/230/199 190/231/201
f 183/224/195 197/240/200 198/241/202
f 175/214/194 191/233/203 176/215/196
f 183/224/195 199/242/204 184/225/183
f 177/216/197 191/233/203 192/234/205
f 185/226/184 199/242/204 200/243/206
f 177/216/197 193/235/207 178/217/185
f 185/226/184 201/244/208 186/227/186
f 179/218/187 193/235/207 194/236/209
f 186/227/186 202/245/210 187/228/188
f 180/219/189 194/236/209 195/237/211
f 173/211/190 82/94/24 188/229/198
f 308/376/26 187/228/188 202/245/210
f 180/219/189 196/238/212 181/220/191
f 192/234/205 208/252/213 193/235/207
f 201/244/208 215/260/214 216/261/215
f 194/236/209 208/252/213 209/253/216
f 202/245/210 216/261/215 217/262/217
f 195/237/211 209/253/216 210/254/218
f 188/229/198 82/94/24 203/246/219
f 308/376/26 202/245/210 217/262/217
f 195/237/211 211/255/220 196/238/212
f 188/229/198 204/247/221 189/230/199
f 196/238/212 212/256/222 197/239/200
f 189/230/199 205/248/223 190/231/201
f 198/241/202 212/257/222 213/258/224
f 190/232/201 206/250/225 191/233/203
f 198/241/202 214/259/226 199/242/204
f 192/234/205 206/250/225 207/251/227
f 200/243/206 214/259/226 215/260/214
f 211/255/220 227/276/228 212/256/222
f 204/247/221 220/266/229 205/248/223
f 213/258/224 227/277/228 228/278/230
f 205/249/223 221/270/231 206/250/225
f 213/258/224 229/279/232 214/259/226
f 207/251/227 221/270/231 222/271/233
f 215/260/214 229/279/232 230/280/234
f 207/251/227 223/272/235 208/252/213
f 216/261/215 230/280/234 231/281/236
f 209/253/216 223/272/235 224/273/237
f 217/262/217 231/281/236 232/282/238
f 210/254/218 224/273/237 225/274/239
f 203/246/219 82/94/24 218/263/240
f 308/376/26 217/262/217 232/282/238
f 210/254/218 226/275/241 211/255/220
f 203/246/219 219/264/242 204/247/221
f 231/281/236 245/304/243 246/305/244
f 224/273/237 238/291/245 239/293/246
f 231/281/236 247/306/247 232/282/238
f 225/274/239 239/293/246 240/295/248
f 218/263/240 82/94/24 233/283/249
f 308/376/26 232/282/238 247/306/247
f 225/274/239 241/298/250 226/275/241
f 219/264/242 233/283/249 234/285/251
f 226/275/241 242/300/252 227/276/228
f 219/265/242 235/286/253 220/268/229
f 228/278/230 242/301/252 243/302/254
f 220/268/229 236/288/255 221/269/231
f 228/278/230 244/303/256 229/279/232
f 222/271/233 236/287/255 237/289/257
f 230/280/234 244/303/256 245/304/243
f 222/271/233 238/291/245 223/272/235
f 235/286/253 249/309/258 250/310/259
f 243/302/254 257/318/260 258/319/261
f 235/286/253 251/311/262 236/288/255
f 243/302/254 259/320/263 244/303/256
f 237/290/257 251/311/262 252/312/264
f 245/304/243 259/320/263 260/321/265
f 237/290/257 253/313/266 238/292/245
f 245/304/243 261/322/267 246/305/244
f 239/294/246 253/313/266 254/314/268
f 246/305/244 262/323/269 247/306/247
f 240/296/248 254/314/268 255/315/270
f 233/283/249 82/94/24 248/307/271
f 308/376/26 247/306/247 262/323/269
f 240/296/248 256/316/272 241/297/250
f 234/285/251 248/307/271 249/308/258
f 241/299/250 257/318/260 242/301/252
f 254/314/268 268/330/273 269/331/274
f 261/322/267 277/341/275 262/323/269
f 255/315/270 269/331/274 270/332/276
f 248/307/271 82/94/24 263/324/277
f 308/376/26 262/323/269 277/341/275
f 255/315/270 271/334/278 256/316/272
f 249/308/258 263/324/277 264/325/279
f 256/317/272 272/336/280 257/318/260
f 249/309/258 265/327/281 250/310/259
f 258/319/261 272/336/280 273/337/282
f 250/310/259 266/328/283 251/311/262
f 258/319/261 274/338/284 259/320/263
f 252/312/264 266/328/283 267/329/285
f 260/321/265 274/338/284 275/339/286
f 252/312/264 268/330/273 253/313/266
f 261/322/267 275/339/286 276/340/287
f 273/337/282 287/353/288 288/354/289
f 265/327/281 281/346/290 266/328/283
f 273/337/282 289/355/291 274/338/284
f 267/329/285 281/346/290 282/347/292
f 275/339/286 289/355/291 290/356/293
f 267/329/285 283/348/294 268/330/273
f 275/339/286 291/357/295 276/340/287
f 269/331/274 283/348/294 284/349/296
f 276/340/287 292/358/297 277/341/275
f 270/332/276 284/349/296 285/350/298
f 263/324/277 82/94/24 278/342/299
f 308/376/26 277/341/275 292/358/297
f 270/332/276 286/351/300 271/334/278
f 263/324/277 279/343/301 264/325/279
f 271/334/278 287/352/288 272/335/280
f 264/326/279 280/345/302 265/327/281
f 292/358/297 306/374/303 307/375/304
f 285/350/298 299/366/305 300/367/306
f 278/342/299 82/94/24 293/359/307
f 308/376/26 292/358/297 307/375/304
f 285/350/298 301/368/308 286/351/300
f 278/342/299 294/360/309 279/343/301
f 286/351/300 302/369/310 287/352/288
f 280/345/302 294/361/309 295/362/311
f 288/354/289 302/370/310 303/371/312
f 280/345/302 296/363/313 281/346/290
f 288/354/289 304/372/314 289/355/291
f 282/347/292 296/363/313 297/364/315
f 290/356/293 304/372/314 305/373/316
f 282/347/292 298/365/317 283/348/294
f 290/356/293 306/374/303 291/357/295
f 284/349/296 298/365/317 299/366/305
f 303/371/312 320/393/318 304/372/314
f 297/364/315 312/381/319 313/382/320
f 305/373/316 320/393/318 321/394/321
f 297/364/315 314/383/322 298/365/317
f 305/373/316 322/395/323 306/374/303
f 299/366/305 314/383/322 315/384/324
f 306/374/303 323/396/325 307/375/304
f 300/367/306 315/384/324 316/385/326
f 293/359/307 82/94/24 309/377/327
f 308/376/26 307/375/304 323/396/325
f 300/367/306 317/386/328 301/368/308
f 294/360/309 309/377/327 310/378/329
f 301/368/308 318/388/330 302/369/310
f 295/362/311 310/379/329 311/380/331
f 303/371/312 318/389/330 319/392/332
f 295/362/311 312/381/319 296/363/313
f 309/377/327 82/94/24 324/397/333
f 308/376/26 323/396/325 338/418/334
f 316/385/326 332/409/335 317/386/328
f 309/377/327 325/399/336 310/378/329
f 317/387/328 333/411/337 318/390/330
f 310/379/329 326/401/338 311/380/331
f 319/391/332 333/411/337 334/413/339
f 311/380/331 327/402/340 312/381/319
f 319/392/332 335/415/341 320/393/318
f 313/382/320 327/402/340 328/403/342
f 321/394/321 335/415/341 336/416/343
f 313/382/320 329/404/344 314/383/322
f 321/394/321 337/417/345 322/395/323
f 315/384/324 329/404/344 330/405/346
f 323/396/325 337/417/345 338/418/334
f 316/385/326 330/405/346 331/407/347
f 328/403/342 342/423/348 343/424/349
f 336/416/343 350/434/350 351/435/351
f 328/403/342 344/425/352 329/404/344
f 336/416/343 352/436/353 337/417/345
f 330/405/346 344/425/352 345/427/354
f 338/418/334 352/436/353 353/437/355
f 331/408/347 345/428/354 346/429/356
f 324/397/333 82/94/24 339/419/357
f 308/376/26 338/418/334 353/437/355
f 331/408/347 347/430/358 332/410/335
f 324/397/333 340/420/359 325/399/336
f 332/410/335 348/431/360 333/411/337
f 326/400/338 340/420/359 341/421/361
f 334/413/339 348/431/360 349/432/362
f 326/401/338 342/423/348 327/402/340
f 334/413/339 350/433/350 335/414/341
f 346/429/356 362/451/363 347/430/358
f 339/419/357 355/439/364 340/420/359
f 347/430/358 363/452/365 348/431/360
f 341/421/361 355/439/364 356/441/366
f 349/432/362 363/452/365 364/453/367
f 341/422/361 357/443/368 342/423/348
f 349/432/362 365/455/369 350/433/350
f 343/424/349 357/443/368 358/445/370
f 351/435/351 365/454/369 366/457/371
f 343/424/349 359/447/372 344/425/352
f 351/435/351 367/458/373 352/436/353
f 345/428/354 359/448/372 360/449/374
f 353/437/355 367/458/373 368/459/375
f 346/429/356 360/449/374 361/450/376
f 339/419/357 82/94/24 354/438/377
f 308/376/26 353/437/355 368/459/375
f 366/456/371 380/472/378 381/473/379
f 358/446/370 374/466/380 359/448/372
f 366/457/371 382/475/381 367/458/373
f 360/449/374 374/466/380 375/467/382
f 367/458/373 383/476/383 368/459/375
f 361/450/376 375/467/382 376/468/384
f 354/438/377 82/94/24 369/460/385
f 308/376/26 368/459/375 383/476/383
f 361/450/376 377/469/386 362/451/363
f 355/439/364 369/460/385 370/461/387
f 362/451/363 378/470/388 363/452/365
f 356/441/366 370/461/387 371/462/389
f 364/453/367 378/470/388 379/471/390
f 356/441/366 372/463/391 357/442/368
f 364/453/367 380/472/378 365/455/369
f 358/446/370 372/464/391 373/465/392
f 370/461/387 384/477/393 385/478/394
f 377/469/386 393/488/395 378/470/388
f 371/462/389 385/478/394 386/479/396
f 379/471/390 393/488/395 394/489/397
f 371/462/389 387/481/398 372/463/391
f 379/471/390 395/490/399 380/472/378
f 373/465/392 387/480/398 388/482/400
f 381/473/379 395/490/399 396/492/401
f 373/465/392 389/484/402 374/466/380
f 381/474/379 397/493/403 382/475/381
f 375/467/382 389/484/402 390/485/404
f 382/475/381 398/494/405 383/476/383
f 376/468/384 390/485/404 391/486/406
f 369/460/385 82/94/24 384/477/393
f 308/376/26 383/476/383 398/494/405
f 376/468/384 392/487/407 377/469/386
f 388/482/400 404/501/408 389/484/402
f 396/491/401 412/510/409 397/493/403
f 390/485/404 404/501/408 405/502/410
f 398/494/405 412/510/409 413/511/411
f 391/486/406 405/502/410 406/503/412
f 384/477/393 82/94/24 399/495/413
f 308/376/26 398/494/405 413/511/411
f 391/486/406 407/504/414 392/487/407
f 384/477/393 400/496/415 385/478/394
f 392/487/407 408/505/416 393/488/395
f 386/479/396 400/496/415 401/497/417
f 394/489/397 408/505/416 409/506/418
f 386/479/396 402/498/419 387/481/398
f 394/489/397 410/507/420 395/490/399
f 388/483/400 402/498/419 403/499/421
f 396/492/401 410/507/420 411/508/422
f 407/504/414 423/522/423 408/505/416
f 401/497/417 415/513/424 416/514/425
f 409/506/418 423/522/423 424/523/426
f 401/497/417 417/515/427 402/498/419
f 409/506/418 425/524/428 410/507/420
f 403/499/421 417/515/427 418/516/429
f 411/508/422 425/524/428 426/526/430
f 403/500/421 419/518/431 404/501/408
f 411/509/422 427/527/432 412/510/409
f 405/502/410 419/518/431 420/519/433
f 412/510/409 428/528/434 413/511/411
f 406/503/412 420/519/433 421/520/435
f 399/495/413 82/94/24 414/512/436
f 308/376/26 413/511/411 428/528/434
f 406/503/412 422/521/437 407/504/414
f 399/495/413 415/513/424 400/496/415
f 426/525/430 442/548/438 427/527/432
f 420/519/433 434/536/439 435/537/440
f 428/528/434 442/548/438 443/549/441
f 421/520/435 435/537/440 436/538/442
f 414/512/436 82/94/24 429/529/443
f 308/376/26 428/528/434 443/549/441
f 421/520/435 437/539/444 422/521/437
f 414/512/436 430/530/445 415/513/424
f 422/521/437 438/540/446 423/522/423
f 416/514/425 430/530/445 431/531/447
f 424/523/426 438/540/446 439/541/448
f 416/514/425 432/532/449 417/515/427
f 424/523/426 440/543/450 425/524/428
f 418/516/429 432/532/449 433/534/451
f 426/526/430 440/543/450 441/545/452
f 418/517/429 434/536/439 419/518/431
f 439/541/448 453/564/453 454/566/454
f 431/531/447 447/553/455 432/532/449
f 439/542/448 455/568/456 440/544/450
f 433/534/451 447/553/455 448/554/457
f 441/546/452 455/568/456 456/569/458
f 433/534/451 449/555/459 434/535/439
f 441/547/452 457/571/460 442/548/438
f 435/537/440 449/556/459 450/558/461
f 442/548/438 458/572/462 443/549/441
f 436/538/442 450/558/461 451/560/463
f 429/529/443 82/94/24 444/550/464
f 308/376/26 443/549/441 458/572/462
f 436/538/442 452/562/465 437/539/444
f 430/530/445 444/550/464 445/551/466
f 437/539/444 453/564/453 438/540/446
f 431/531/447 445/551/466 446/552/467
f 458/572/462 472/589/468 473/590/469
f 451/561/463 465/580/470 466/581/471
f 444/550/464 82/94/24 459/573/472
f 308/376/26 458/572/462 473/590/469
f 451/561/463 467/582/473 452/563/465
f 444/550/464 460/574/474 445/551/466
f 452/563/465 468/583/475 453/565/453
f 446/552/467 460/574/474 461/575/476
f 454/567/454 468/583/475 469/584/477
f 446/552/467 462/576/478 447/553/455
f 454/567/454 470/585/479 455/568/456
f 448/554/457 462/576/478 463/577/480
f 456/569/458 470/585/479 471/587/481
f 448/554/457 464/578/482 449/555/459
f 456/570/458 472/589/468 457/571/460
f 450/559/461 464/579/482 465/580/470
f 462/576/478 1/1/32 476/593/4
f 469/584/477 479/597/7 470/585/479
f 463/577/480 476/593/4 2/2/10
f 471/587/481 479/597/7 480/598/12
f 464/578/482 2/2/10 477/594/13
f 471/587/481 481/599/16 472/588/468
f 465/580/470 477/595/13 3/3/17
f 472/589/468 482/601/20 473/590/469
f 466/581/471 3/3/17 4/4/22
f 459/573/472 82/94/24 474/591/23
f 308/376/26 473/590/469 482/601/20
f 466/581/471 5/5/28 467/582/473
f 459/573/472 475/592/29 460/574/474
f 467/582/473 478/596/1 468/583/475
f 461/575/476 475/592/29 1/1/32
f 468/583/475 6/6/3 469/584/477
f 960/1197/1 499/619/2 488/607/3
f 958/1194/4 491/610/5 492/611/6
f 488/607/3 500/620/8 961/1198/7
f 484/603/10 492/611/6 493/612/9
f 961/1198/7 501/621/11 962/1199/12
f 959/1195/13 493/612/9 494/613/14
f 962/1199/12 502/622/15 963/1200/16
f 485/604/17 494/614/14 495/615/18
f 963/1201/16 503/624/19 964/1202/20
f 485/604/17 496/616/21 486/605/22
f 956/1192/23 564/695/24 489/608/25
f 790/977/26 964/1202/20 503/624/19
f 487/606/28 496/616/21 497/617/27
f 957/1193/29 489/608/25 490/609/30
f 487/606/28 498/618/31 960/1197/1
f 957/1193/29 491/610/5 483/602/32
f 498/618/31 512/635/46 513/636/33
f 491/610/5 505/626/47 506/627/34
f 499/619/2 513/636/33 514/637/35
f 492/611/6 506/627/34 507/628/36
f 499/619/2 515/638/37 500/620/8
f 493/612/9 507/628/36 508/629/38
f 500/620/8 516/639/39 501/621/11
f 493/612/9 509/631/40 494/613/14
f 501/621/11 517/640/41 502/622/15
f 494/614/14 510/633/42 495/615/18
f 503/624/19 517/641/41 518/642/43
f 495/615/18 511/634/44 496/616/21
f 489/608/25 564/695/24 504/625/45
f 790/977/26 503/624/19 518/642/43
f 497/617/27 511/634/44 512/635/46
f 489/608/25 505/626/47 490/609/30
f 516/639/39 532/657/49 517/640/41
f 509/632/40 525/650/51 510/633/42
f 517/641/41 533/659/52 518/642/43
f 510/633/42 526/651/53 511/634/44
f 504/625/45 564/695/24 519/643/54
f 790/977/26 518/642/43 533/659/52
f 512/635/46 526/651/53 527/652/55
f 505/626/47 519/643/54 520/644/56
f 513/636/33 527/652/55 528/653/57
f 506/627/34 520/644/56 521/645/58
f 514/637/35 528/653/57 529/654/59
f 506/627/34 522/646/60 507/628/36
f 514/637/35 530/655/61 515/638/37
f 507/628/36 523/647/62 508/629/38
f 516/639/39 530/655/61 531/656/48
f 508/630/38 524/649/50 509/632/40
f 521/645/58 535/661/77 536/662/63
f 529/654/59 543/670/64 544/671/65
f 521/645/58 537/663/66 522/646/60
f 530/655/61 544/671/65 545/672/67
f 522/646/60 538/664/68 523/647/62
f 531/656/48 545/672/67 546/673/69
f 523/648/62 539/666/70 524/649/50
f 531/656/48 547/674/71 532/657/49
f 525/650/51 539/666/70 540/667/72
f 532/658/49 548/676/73 533/659/52
f 526/651/53 540/667/72 541/668/74
f 519/643/54 564/695/24 534/660/75
f 790/977/26 533/659/52 548/676/73
f 526/651/53 542/669/76 527/652/55
f 520/644/56 534/660/75 535/661/77
f 527/652/55 543/670/64 528/653/57
f 540/667/72 554/683/78 555/684/79
f 547/675/71 563/694/80 548/676/73
f 541/668/74 555/684/79 556/685/81
f 534/660/75 564/695/24 549/677/82
f 790/977/26 548/676/73 563/694/80
f 541/668/74 557/686/83 542/669/76
f 534/660/75 550/678/84 535/661/77
f 542/669/76 558/687/85 543/670/64
f 536/662/63 550/678/84 551/679/86
f 544/671/65 558/687/85 559/688/87
f 536/662/63 552/680/88 537/663/66
f 544/671/65 560/689/89 545/672/67
f 538/664/68 552/680/88 553/681/90
f 546/673/69 560/689/89 561/690/91
f 538/665/68 554/683/78 539/666/70
f 546/673/69 562/692/92 547/674/71
f 559/688/87 574/707/93 575/708/94
f 551/679/86 568/699/95 552/680/88
f 559/688/87 576/709/96 560/689/89
f 553/681/90 568/699/95 569/701/97
f 561/690/91 576/709/96 577/710/98
f 553/682/90 570/703/99 554/683/78
f 562/693/92 577/711/98 578/712/100
f 555/684/79 570/703/99 571/704/101
f 563/694/80 578/712/100 579/713/102
f 556/685/81 571/704/101 572/705/103
f 549/677/82 564/695/24 565/696/104
f 790/977/26 563/694/80 579/713/102
f 556/685/81 573/706/105 557/686/83
f 549/677/82 566/697/106 550/678/84
f 557/686/83 574/707/93 558/687/85
f 550/678/84 567/698/107 551/679/86
f 579/713/102 593/734/122 594/735/108
f 572/705/103 586/723/109 587/726/110
f 565/696/104 564/695/24 580/714/111
f 790/977/26 579/713/102 594/735/108
f 572/705/103 588/727/112 573/706/105
f 565/696/104 581/715/113 566/697/106
f 574/707/93 588/727/112 589/728/114
f 566/697/106 582/716/115 567/698/107
f 575/708/94 589/728/114 590/729/116
f 567/698/107 583/717/117 568/699/95
f 575/708/94 591/730/118 576/709/96
f 569/701/97 583/717/117 584/718/119
f 576/709/96 592/732/120 577/710/98
f 569/701/97 585/720/121 570/702/99
f 578/712/100 592/733/120 593/734/122
f 570/703/99 586/723/109 571/704/101
f 582/716/115 598/739/123 583/717/117
f 590/729/116 606/754/124 591/730/118
f 584/718/119 598/739/123 599/741/125
f 591/731/118 607/756/126 592/733/120
f 584/719/119 600/743/127 585/722/121
f 592/733/120 608/757/128 593/734/122
f 586/724/109 600/743/127 601/744/129
f 594/735/108 608/757/128 609/758/130
f 587/725/110 601/744/129 602/746/131
f 580/714/111 564/695/24 595/736/132
f 790/977/26 594/735/108 609/758/130
f 587/726/110 603/747/133 588/727/112
f 580/714/111 596/737/134 581/715/113
f 588/727/112 604/749/135 589/728/114
f 581/715/113 597/738/136 582/716/115
f 590/729/116 604/749/135 605/752/137
f 602/746/131 616/767/138 617/768/139
f 595/736/132 564/695/24 610/759/140
f 790/977/26 609/758/130 624/777/141
f 602/746/131 618/769/142 603/748/133
f 596/737/134 610/759/140 611/760/143
f 604/750/135 618/769/142 619/771/144
f 597/738/136 611/760/143 612/761/145
f 605/753/137 619/770/144 620/772/146
f 597/738/136 613/763/147 598/739/123
f 606/755/124 620/772/146 621/774/148
f 598/740/123 614/765/149 599/742/125
f 607/756/126 621/774/148 622/775/150
f 599/742/125 615/766/151 600/743/127
f 607/756/126 623/776/152 608/757/128
f 600/743/127 616/767/138 601/744/129
f 608/757/128 624/777/141 609/758/130
f 620/772/146 636/791/153 621/774/148
f 614/765/149 628/782/154 629/783/155
f 622/775/150 636/791/153 637/792/156
f 614/765/149 630/784/157 615/766/151
f 622/775/150 638/793/158 623/776/152
f 616/767/138 630/784/157 631/785/159
f 623/776/152 639/794/160 624/777/141
f 617/768/139 631/785/159 632/786/161
f 610/759/140 564/695/24 625/778/162
f 790/977/26 624/777/141 639/794/160
f 617/768/139 633/787/163 618/769/142
f 611/760/143 625/778/162 626/779/164
f 618/769/142 634/788/165 619/771/144
f 612/761/145 626/779/164 627/780/166
f 620/773/146 634/788/165 635/789/167
f 612/762/145 628/782/154 613/764/147
f 790/977/26 639/794/160 654/811/168
f 632/786/161 648/804/169 633/787/163
f 626/779/164 640/795/182 641/796/170
f 633/787/163 649/805/171 634/788/165
f 627/780/166 641/796/170 642/797/172
f 635/789/167 649/805/171 650/806/173
f 628/782/154 642/798/172 643/799/174
f 636/791/153 650/807/173 651/808/175
f 628/782/154 644/800/176 629/783/155
f 636/791/153 652/809/177 637/792/156
f 629/783/155 645/801/178 630/784/157
f 637/792/156 653/810/179 638/793/158
f 631/785/159 645/801/178 646/802/180
f 638/793/158 654/811/168 639/794/160
f 632/786/161 646/802/180 647/803/181
f 625/778/162 564/695/24 640/795/182
f 652/809/177 666/826/183 667/827/184
f 644/800/176 660/818/185 645/801/178
f 653/810/179 667/827/184 668/828/186
f 646/802/180 660/818/185 661/819/187
f 653/810/179 669/829/188 654/811/168
f 647/803/181 661/819/187 662/820/189
f 640/795/182 564/695/24 655/812/190
f 790/977/26 654/811/168 669/829/188
f 647/803/181 663/821/191 648/804/169
f 640/795/182 656/813/192 641/796/170
f 648/804/169 664/822/193 649/805/171
f 641/796/170 657/814/194 642/797/172
f 650/806/173 664/822/193 665/824/195
f 642/798/172 658/816/196 643/799/174
f 650/807/173 666/826/183 651/808/175
f 644/800/176 658/816/196 659/817/197
f 655/812/190 671/831/199 656/813/192
f 663/821/191 679/840/200 664/822/193
f 657/814/194 671/831/199 672/832/201
f 664/823/193 680/842/202 665/825/195
f 657/815/194 673/834/203 658/816/196
f 665/825/195 681/843/204 666/826/183
f 659/817/197 673/834/203 674/835/205
f 667/827/184 681/843/204 682/844/206
f 660/818/185 674/835/205 675/836/207
f 667/827/184 683/845/208 668/828/186
f 661/819/187 675/836/207 676/837/209
f 669/829/188 683/845/208 684/846/210
f 662/820/189 676/837/209 677/838/211
f 655/812/190 564/695/24 670/830/198
f 790/977/26 669/829/188 684/846/210
f 662/820/189 678/839/212 663/821/191
f 675/836/207 689/852/227 690/853/213
f 683/845/208 697/861/214 698/862/215
f 676/837/209 690/853/213 691/854/216
f 684/846/210 698/862/215 699/863/217
f 677/838/211 691/854/216 692/855/218
f 670/830/198 564/695/24 685/847/219
f 790/977/26 684/846/210 699/863/217
f 677/838/211 693/856/220 678/839/212
f 670/830/198 686/848/221 671/831/199
f 678/839/212 694/857/222 679/840/200
f 671/831/199 687/849/223 672/832/201
f 679/841/200 695/859/224 680/842/202
f 672/833/201 688/851/225 673/834/203
f 681/843/204 695/859/224 696/860/226
f 673/834/203 689/852/227 674/835/205
f 682/844/206 696/860/226 697/861/214
f 693/856/220 709/877/228 694/857/222
f 686/848/221 702/867/229 687/849/223
f 694/858/222 710/879/230 695/859/224
f 687/850/223 703/871/231 688/851/225
f 696/860/226 710/879/230 711/880/232
f 688/851/225 704/872/233 689/852/227
f 697/861/214 711/880/232 712/881/234
f 690/853/213 704/872/233 705/873/235
f 698/862/215 712/881/234 713/882/236
f 691/854/216 705/873/235 706/874/237
f 698/862/215 714/883/238 699/863/217
f 692/855/218 706/874/237 707/875/239
f 685/847/219 564/695/24 700/864/240
f 790/977/26 699/863/217 714/883/238
f 692/855/218 708/876/241 693/856/220
f 686/848/221 700/864/240 701/865/242
f 713/882/236 727/905/243 728/906/244
f 706/874/237 720/892/245 721/894/246
f 714/883/238 728/906/244 729/907/247
f 707/875/239 721/894/246 722/896/248
f 700/864/240 564/695/24 715/884/249
f 790/977/26 714/883/238 729/907/247
f 707/875/239 723/899/250 708/876/241
f 700/864/240 716/886/251 701/865/242
f 708/876/241 724/901/252 709/877/228
f 701/866/242 717/887/253 702/869/229
f 709/878/228 725/903/254 710/879/230
f 702/869/229 718/889/255 703/870/231
f 711/880/232 725/903/254 726/904/256
f 703/871/231 719/890/257 704/872/233
f 712/881/234 726/904/256 727/905/243
f 705/873/235 719/890/257 720/892/245
f 717/887/253 731/910/258 732/911/259
f 725/903/254 739/919/260 740/920/261
f 718/889/255 732/911/259 733/912/262
f 726/904/256 740/920/261 741/921/263
f 718/889/255 734/913/264 719/891/257
f 726/904/256 742/922/265 727/905/243
f 719/891/257 735/914/266 720/893/245
f 727/905/243 743/923/267 728/906/244
f 720/893/245 736/915/268 721/895/246
f 728/906/244 744/924/269 729/907/247
f 722/897/248 736/915/268 737/916/270
f 715/884/249 564/695/24 730/908/271
f 790/977/26 729/907/247 744/924/269
f 722/897/248 738/917/272 723/898/250
f 716/886/251 730/908/271 731/909/258
f 724/902/252 738/918/272 739/919/260
f 735/914/266 751/932/274 736/915/268
f 744/924/269 758/941/287 759/942/275
f 737/916/270 751/932/274 752/933/276
f 730/908/271 564/695/24 745/925/277
f 790/977/26 744/924/269 759/942/275
f 737/916/270 753/935/278 738/917/272
f 730/908/271 746/926/279 731/909/258
f 739/919/260 753/934/278 754/937/280
f 732/911/259 746/927/279 747/928/281
f 740/920/261 754/937/280 755/938/282
f 733/912/262 747/928/281 748/929/283
f 740/920/261 756/939/284 741/921/263
f 734/913/264 748/929/283 749/930/285
f 741/921/263 757/940/286 742/922/265
f 734/913/264 750/931/273 735/914/266
f 742/922/265 758/941/287 743/923/267
f 755/938/282 769/954/288 770/955/289
f 747/928/281 763/947/290 748/929/283
f 755/938/282 771/956/291 756/939/284
f 749/930/285 763/947/290 764/948/292
f 757/940/286 771/956/291 772/957/293
f 749/930/285 765/949/294 750/931/273
f 757/940/286 773/958/295 758/941/287
f 751/932/274 765/949/294 766/950/296
f 758/941/287 774/959/297 759/942/275
f 752/933/276 766/950/296 767/951/298
f 745/925/277 564/695/24 760/943/299
f 790/977/26 759/942/275 774/959/297
f 752/933/276 768/952/300 753/935/278
f 746/926/279 760/943/299 761/944/301
f 753/935/278 769/953/288 754/936/280
f 747/928/281 761/945/301 762/946/302
f 773/958/295 789/976/304 774/959/297
f 766/950/296 782/968/306 767/951/298
f 760/943/299 564/695/24 775/960/307
f 790/977/26 774/959/297 789/976/304
f 768/952/300 782/968/306 783/969/308
f 760/943/299 776/961/309 761/944/301
f 768/952/300 784/970/310 769/953/288
f 762/946/302 776/962/309 777/963/311
f 770/955/289 784/971/310 785/972/312
f 762/946/302 778/964/313 763/947/290
f 771/956/291 785/972/312 786/973/314
f 763/947/290 779/965/315 764/948/292
f 772/957/293 786/973/314 787/974/316
f 764/948/292 780/966/317 765/949/294
f 772/957/293 788/975/303 773/958/295
f 766/950/296 780/966/317 781/967/305
f 786/973/314 801/993/332 802/994/318
f 778/964/313 795/983/320 779/965/315
f 787/974/316 802/994/318 803/995/321
f 779/965/315 796/984/322 780/966/317
f 787/974/316 804/996/323 788/975/303
f 780/966/317 797/985/324 781/967/305
f 788/975/303 805/997/325 789/976/304
f 782/968/306 797/985/324 798/986/326
f 775/960/307 564/695/24 791/978/327
f 790/977/26 789/976/304 805/997/325
f 782/968/306 799/987/328 783/969/308
f 776/961/309 791/978/327 792/979/329
f 784/970/310 799/987/328 800/989/330
f 777/963/311 792/980/329 793/981/331
f 785/972/312 800/990/330 801/993/332
f 777/963/311 794/982/319 778/964/313
f 791/978/327 564/695/24 806/998/333
f 790/977/26 805/997/325 820/1019/334
f 798/986/326 814/1010/335 799/987/328
f 791/978/327 807/1000/336 792/979/329
f 799/988/328 815/1012/337 800/991/330
f 792/980/329 808/1002/338 793/981/331
f 801/992/332 815/1012/337 816/1014/339
f 793/981/331 809/1003/340 794/982/319
f 801/993/332 817/1015/341 802/994/318
f 795/983/320 809/1003/340 810/1004/342
f 803/995/321 817/1015/341 818/1017/343
f 795/983/320 811/1005/344 796/984/322
f 803/995/321 819/1018/345 804/996/323
f 797/985/324 811/1005/344 812/1006/346
f 805/997/325 819/1018/345 820/1019/334
f 798/986/326 812/1006/346 813/1008/347
f 809/1003/340 825/1025/349 810/1004/342
f 818/1017/343 832/1035/350 833/1036/351
f 810/1004/342 826/1026/352 811/1005/344
f 819/1018/345 833/1036/351 834/1037/353
f 812/1006/346 826/1026/352 827/1028/354
f 820/1019/334 834/1037/353 835/1038/355
f 813/1009/347 827/1029/354 828/1030/356
f 806/998/333 564/695/24 821/1020/357
f 790/977/26 820/1019/334 835/1038/355
f 813/1009/347 829/1031/358 814/1011/335
f 806/998/333 822/1021/359 807/1000/336
f 814/1011/335 830/1032/360 815/1012/337
f 807/1000/336 823/1022/361 808/1001/338
f 816/1014/339 830/1032/360 831/1033/362
f 808/1002/338 824/1024/348 809/1003/340
f 817/1016/341 831/1033/362 832/1034/350
f 828/1030/356 844/1052/363 829/1031/358
f 821/1020/357 837/1040/364 822/1021/359
f 829/1031/358 845/1053/365 830/1032/360
f 823/1022/361 837/1040/364 838/1042/366
f 831/1033/362 845/1053/365 846/1054/367
f 823/1023/361 839/1044/368 824/1024/348
f 832/1034/350 846/1054/367 847/1056/369
f 824/1024/348 840/1046/370 825/1025/349
f 833/1036/351 847/1055/369 848/1058/371
f 825/1025/349 841/1048/372 826/1026/352
f 833/1036/351 849/1059/373 834/1037/353
f 827/1029/354 841/1049/372 842/1050/374
f 834/1037/353 850/1060/375 835/1038/355
f 828/1030/356 842/1050/374 843/1051/376
f 821/1020/357 564/695/24 836/1039/377
f 790/977/26 835/1038/355 850/1060/375
f 848/1057/371 862/1073/378 863/1074/379
f 840/1047/370 856/1067/380 841/1049/372
f 849/1059/373 863/1075/379 864/1076/381
f 842/1050/374 856/1067/380 857/1068/382
f 849/1059/373 865/1077/383 850/1060/375
f 843/1051/376 857/1068/382 858/1069/384
f 836/1039/377 564/695/24 851/1061/385
f 790/977/26 850/1060/375 865/1077/383
f 843/1051/376 859/1070/386 844/1052/363
f 837/1040/364 851/1061/385 852/1062/387
f 844/1052/363 860/1071/388 845/1053/365
f 837/1040/364 853/1063/389 838/1042/366
f 846/1054/367 860/1071/388 861/1072/390
f 838/1042/366 854/1064/391 839/1043/368
f 846/1054/367 862/1073/378 847/1056/369
f 840/1047/370 854/1065/391 855/1066/392
f 852/1062/387 866/1078/393 867/1079/394
f 859/1070/386 875/1089/395 860/1071/388
f 853/1063/389 867/1079/394 868/1080/396
f 861/1072/390 875/1089/395 876/1090/397
f 853/1063/389 869/1082/398 854/1064/391
f 861/1072/390 877/1091/399 862/1073/378
f 855/1066/392 869/1081/398 870/1083/400
f 863/1074/379 877/1091/399 878/1093/401
f 855/1066/392 871/1085/402 856/1067/380
f 863/1075/379 879/1094/403 864/1076/381
f 857/1068/382 871/1085/402 872/1086/404
f 864/1076/381 880/1095/405 865/1077/383
f 858/1069/384 872/1086/404 873/1087/406
f 851/1061/385 564/695/24 866/1078/393
f 790/977/26 865/1077/383 880/1095/405
f 858/1069/384 874/1088/407 859/1070/386
f 870/1083/400 886/1102/408 871/1085/402
f 878/1092/401 894/1111/409 879/1094/403
f 872/1086/404 886/1102/408 887/1103/410
f 879/1094/403 895/1112/411 880/1095/405
f 873/1087/406 887/1103/410 888/1104/412
f 866/1078/393 564/695/24 881/1096/413
f 790/977/26 880/1095/405 895/1112/411
f 873/1087/406 889/1105/414 874/1088/407
f 867/1079/394 881/1096/413 882/1097/415
f 874/1088/407 890/1106/416 875/1089/395
f 868/1080/396 882/1097/415 883/1098/417
f 876/1090/397 890/1106/416 891/1107/418
f 868/1080/396 884/1099/419 869/1082/398
f 876/1090/397 892/1108/420 877/1091/399
f 870/1084/400 884/1099/419 885/1100/421
f 878/1093/401 892/1108/420 893/1109/422
f 889/1105/414 905/1123/423 890/1106/416
f 883/1098/417 897/1114/424 898/1115/425
f 891/1107/418 905/1123/423 906/1124/426
f 883/1098/417 899/1116/427 884/1099/419
f 891/1107/418 907/1125/428 892/1108/420
f 885/1100/421 899/1116/427 900/1117/429
f 893/1109/422 907/1125/428 908/1127/430
f 885/1101/421 901/1119/431 886/1102/408
f 893/1110/422 909/1128/432 894/1111/409
f 887/1103/410 901/1119/431 902/1120/433
f 895/1112/411 909/1128/432 910/1129/434
f 888/1104/412 902/1120/433 903/1121/435
f 881/1096/413 564/695/24 896/1113/436
f 790/977/26 895/1112/411 910/1129/434
f 888/1104/412 904/1122/437 889/1105/414
f 881/1096/413 897/1114/424 882/1097/415
f 908/1126/430 924/1149/438 909/1128/432
f 902/1120/433 916/1137/439 917/1138/440
f 910/1129/434 924/1149/438 925/1150/441
f 903/1121/435 917/1138/440 918/1139/442
f 896/1113/436 564/695/24 911/1130/443
f 790/977/26 910/1129/434 925/1150/441
f 903/1121/435 919/1140/444 904/1122/437
f 896/1113/436 912/1131/445 897/1114/424
f 904/1122/437 920/1141/446 905/1123/423
f 898/1115/425 912/1131/445 913/1132/447
f 906/1124/426 920/1141/446 921/1142/448
f 898/1115/425 914/1133/449 899/1116/427
f 906/1124/426 922/1144/450 907/1125/428
f 900/1117/429 914/1133/449 915/1135/451
f 908/1127/430 922/1144/450 923/1146/452
f 900/1118/429 916/1137/439 901/1119/431
f 921/1142/448 935/1165/453 936/1167/454
f 913/1132/447 929/1154/455 914/1133/449
f 921/1143/448 937/1169/456 922/1145/450
f 915/1135/451 929/1154/455 930/1155/457
f 923/1147/452 937/1169/456 938/1170/458
f 915/1135/451 931/1156/459 916/1136/439
f 923/1148/452 939/1172/460 924/1149/438
f 917/1138/440 931/1157/459 932/1159/461
f 925/1150/441 939/1172/460 940/1173/462
f 918/1139/442 932/1159/461 933/1161/463
f 911/1130/443 564/695/24 926/1151/464
f 790/977/26 925/1150/441 940/1173/462
f 918/1139/442 934/1163/465 919/1140/444
f 911/1130/443 927/1152/466 912/1131/445
f 919/1140/444 935/1165/453 920/1141/446
f 913/1132/447 927/1152/466 928/1153/467
f 940/1173/462 954/1190/468 955/1191/469
f 933/1162/463 947/1181/470 948/1182/471
f 926/1151/464 564/695/24 941/1174/472
f 790/977/26 940/1173/462 955/1191/469
f 933/1162/463 949/1183/473 934/1164/465
f 926/1151/464 942/1175/474 927/1152/466
f 934/1164/465 950/1184/475 935/1166/453
f 928/1153/467 942/1175/474 943/1176/476
f 936/1168/454 950/1184/475 951/1185/477
f 928/1153/467 944/1177/478 929/1154/455
f 936/1168/454 952/1186/479 937/1169/456
f 930/1155/457 944/1177/478 945/1178/480
f 938/1170/458 952/1186/479 953/1188/481
f 930/1155/457 946/1179/482 931/1156/459
f 938/1171/458 954/1190/468 939/1172/460
f 932/1160/461 946/1180/482 947/1181/470
f 944/1177/478 483/602/32 958/1194/4
f 951/1185/477 961/1198/7 952/1186/479
f 945/1178/480 958/1194/4 484/603/10
f 953/1188/481 961/1198/7 962/1199/12
f 945/1178/480 959/1195/13 946/1179/482
f 954/1189/468 962/1199/12 963/1200/16
f 947/1181/470 959/1196/13 485/604/17
f 955/1191/469 963/1201/16 964/1202/20
f 948/1182/471 485/604/17 486/605/22
f 941/1174/472 564/695/24 956/1192/23
f 790/977/26 955/1191/469 964/1202/20
f 948/1182/471 487/606/28 949/1183/473
f 941/1174/472 957/1193/29 942/1175/474
f 949/1183/473 960/1197/1 950/1184/475
f 943/1176/476 957/1193/29 483/602/32
f 951/1185/477 960/1197/1 488/607/3
f 1442/1798/1 981/1220/2 970/1208/3
f 1440/1795/4 973/1211/5 974/1212/6
f 970/1208/3 982/1221/8 1443/1799/7
f 966/1204/10 974/1212/6 975/1213/9
f 1443/1799/7 983/1222/11 1444/1800/12
f 1441/1796/13 975/1213/9 976/1214/14
f 1444/1800/12 984/1223/15 1445/1801/16
f 967/1205/17 976/1215/14 977/1216/18
f 1445/1802/16 985/1225/19 1446/1803/20
f 967/1205/17 978/1217/21 968/1206/22
f 1438/1793/23 1046/1296/24 971/1209/25
f 1272/1578/26 1446/1803/20 985/1225/19
f 969/1207/28 978/1217/21 979/1218/27
f 1439/1794/29 971/1209/25 972/1210/30
f 969/1207/28 980/1219/31 1442/1798/1
f 1439/1794/29 973/1211/5 965/1203/32
f 980/1219/31 994/1236/46 995/1237/33
f 973/1211/5 987/1227/47 988/1228/34
f 981/1220/2 995/1237/33 996/1238/35
f 973/1211/5 989/1229/36 974/1212/6
f 982/1221/8 996/1238/35 997/1239/37
f 974/1212/6 990/1230/38 975/1213/9
f 983/1222/11 997/1239/37 998/1240/39
f 975/1213/9 991/1232/40 976/1214/14
f 983/1222/11 999/1241/41 984/1223/15
f 976/1215/14 992/1234/42 977/1216/18
f 985/1225/19 999/1242/41 1000/1243/43
f 977/1216/18 993/1235/44 978/1217/21
f 971/1209/25 1046/1296/24 986/1226/45
f 1272/1578/26 985/1225/19 1000/1243/43
f 979/1218/27 993/1235/44 994/1236/46
f 971/1209/25 987/1227/47 972/1210/30
f 998/1240/39 1014/1258/49 999/1241/41
f 991/1233/40 1007/1251/51 992/1234/42
f 999/1242/41 1015/1260/52 1000/1243/43
f 992/1234/42 1008/1252/53 993/1235/44
f 986/1226/45 1046/1296/24 1001/1244/54
f 1272/1578/26 1000/1243/43 1015/1260/52
f 993/1235/44 1009/1253/55 994/1236/46
f 987/1227/47 1001/1244/54 1002/1245/56
f 995/1237/33 1009/1253/55 1010/1254/57
f 988/1228/34 1002/1245/56 1003/1246/58
f 996/1238/35 1010/1254/57 1011/1255/59
f 989/1229/36 1003/1246/58 1004/1247/60
f 996/1238/35 1012/1256/61 997/1239/37
f 990/1230/38 1004/1247/60 1005/1248/62
f 997/1239/37 1013/1257/48 998/1240/39
f 990/1231/38 1006/1250/50 991/1233/40
f 1003/1246/58 1017/1262/77 1018/1263/63
f 1011/1255/59 1025/1271/64 1026/1272/65
f 1003/1246/58 1019/1264/66 1004/1247/60
f 1012/1256/61 1026/1272/65 1027/1273/67
f 1004/1247/60 1020/1265/68 1005/1248/62
f 1013/1257/48 1027/1273/67 1028/1274/69
f 1005/1249/62 1021/1267/70 1006/1250/50
f 1013/1257/48 1029/1275/71 1014/1258/49
f 1006/1250/50 1022/1268/72 1007/1251/51
f 1014/1259/49 1030/1277/73 1015/1260/52
f 1008/1252/53 1022/1268/72 1023/1269/74
f 1001/1244/54 1046/1296/24 1016/1261/75
f 1272/1578/26 1015/1260/52 1030/1277/73
f 1008/1252/53 1024/1270/76 1009/1253/55
f 1002/1245/56 1016/1261/75 1017/1262/77
f 1009/1253/55 1025/1271/64 1010/1254/57
f 1022/1268/72 1036/1284/78 1037/1285/79
f 1029/1276/71 1045/1295/80 1030/1277/73
f 1023/1269/74 1037/1285/79 1038/1286/81
f 1016/1261/75 1046/1296/24 1031/1278/82
f 1272/1578/26 1030/1277/73 1045/1295/80
f 1023/1269/74 1039/1287/83 1024/1270/76
f 1016/1261/75 1032/1279/84 1017/1262/77
f 1024/1270/76 1040/1288/85 1025/1271/64
f 1018/1263/63 1032/1279/84 1033/1280/86
f 1026/1272/65 1040/1288/85 1041/1289/87
f 1018/1263/63 1034/1281/88 1019/1264/66
f 1026/1272/65 1042/1290/89 1027/1273/67
f 1020/1265/68 1034/1281/88 1035/1282/90
f 1028/1274/69 1042/1290/89 1043/1291/91
f 1020/1266/68 1036/1284/78 1021/1267/70
f 1028/1274/69 1044/1293/92 1029/1275/71
f 1041/1289/87 1056/1308/93 1057/1309/94
f 1033/1280/86 1050/1300/95 1034/1281/88
f 1041/1289/87 1058/1310/96 1042/1290/89
f 1035/1282/90 1050/1300/95 1051/1302/97
f 1043/1291/91 1058/1310/96 1059/1311/98
f 1035/1283/90 1052/1304/99 1036/1284/78
f 1044/1294/92 1059/1312/98 1060/1313/100
f 1037/1285/79 1052/1304/99 1053/1305/101
f 1045/1295/80 1060/1313/100 1061/1314/102
f 1038/1286/81 1053/1305/101 1054/1306/103
f 1031/1278/82 1046/1296/24 1047/1297/104
f 1272/1578/26 1045/1295/80 1061/1314/102
f 1038/1286/81 1055/1307/105 1039/1287/83
f 1031/1278/82 1048/1298/106 1032/1279/84
f 1039/1287/83 1056/1308/93 1040/1288/85
f 1032/1279/84 1049/1299/107 1033/1280/86
f 1061/1314/102 1075/1335/122 1076/1336/108
f 1054/1306/103 1068/1324/109 1069/1327/110
f 1047/1297/104 1046/1296/24 1062/1315/111
f 1272/1578/26 1061/1314/102 1076/1336/108
f 1054/1306/103 1070/1328/112 1055/1307/105
f 1047/1297/104 1063/1316/113 1048/1298/106
f 1056/1308/93 1070/1328/112 1071/1329/114
f 1048/1298/106 1064/1317/115 1049/1299/107
f 1057/1309/94 1071/1329/114 1072/1330/116
f 1049/1299/107 1065/1318/117 1050/1300/95
f 1057/1309/94 1073/1331/118 1058/1310/96
f 1051/1302/97 1065/1318/117 1066/1319/119
f 1058/1310/96 1074/1333/120 1059/1311/98
f 1051/1302/97 1067/1321/121 1052/1303/99
f 1060/1313/100 1074/1334/120 1075/1335/122
f 1052/1304/99 1068/1324/109 1053/1305/101
f 1064/1317/115 1080/1340/123 1065/1318/117
f 1072/1330/116 1088/1355/124 1073/1331/118
f 1066/1319/119 1080/1340/123 1081/1342/125
f 1073/1332/118 1089/1357/126 1074/1334/120
f 1066/1320/119 1082/1344/127 1067/1323/121
f 1074/1334/120 1090/1358/128 1075/1335/122
f 1068/1325/109 1082/1344/127 1083/1345/129
f 1076/1336/108 1090/1358/128 1091/1359/130
f 1069/1326/110 1083/1345/129 1084/1347/131
f 1062/1315/111 1046/1296/24 1077/1337/132
f 1272/1578/26 1076/1336/108 1091/1359/130
f 1069/1327/110 1085/1348/133 1070/1328/112
f 1062/1315/111 1078/1338/134 1063/1316/113
f 1070/1328/112 1086/1350/135 1071/1329/114
f 1063/1316/113 1079/1339/136 1064/1317/115
f 1072/1330/116 1086/1350/135 1087/1353/137
f 1084/1347/131 1098/1368/138 1099/1369/139
f 1077/1337/132 1046/1296/24 1092/1360/140
f 1272/1578/26 1091/1359/130 1106/1378/141
f 1084/1347/131 1100/1370/142 1085/1349/133
f 1078/1338/134 1092/1360/140 1093/1361/143
f 1086/1351/135 1100/1370/142 1101/1372/144
f 1079/1339/136 1093/1361/143 1094/1362/145
f 1087/1354/137 1101/1371/144 1102/1373/146
f 1079/1339/136 1095/1364/147 1080/1340/123
f 1088/1356/124 1102/1373/146 1103/1375/148
f 1080/1341/123 1096/1366/149 1081/1343/125
f 1089/1357/126 1103/1375/148 1104/1376/150
f 1081/1343/125 1097/1367/151 1082/1344/127
f 1089/1357/126 1105/1377/152 1090/1358/128
f 1082/1344/127 1098/1368/138 1083/1345/129
f 1090/1358/128 1106/1378/141 1091/1359/130
f 1102/1373/146 1118/1392/153 1103/1375/148
f 1096/1366/149 1110/1383/154 1111/1384/155
f 1104/1376/150 1118/1392/153 1119/1393/156
f 1096/1366/149 1112/1385/157 1097/1367/151
f 1104/1376/150 1120/1394/158 1105/1377/152
f 1098/1368/138 1112/1385/157 1113/1386/159
f 1105/1377/152 1121/1395/160 1106/1378/141
f 1099/1369/139 1113/1386/159 1114/1387/161
f 1092/1360/140 1046/1296/24 1107/1379/162
f 1272/1578/26 1106/1378/141 1121/1395/160
f 1099/1369/139 1115/1388/163 1100/1370/142
f 1093/1361/143 1107/1379/162 1108/1380/164
f 1100/1370/142 1116/1389/165 1101/1372/144
f 1094/1362/145 1108/1380/164 1109/1381/166
f 1102/1374/146 1116/1389/165 1117/1390/167
f 1094/1363/145 1110/1383/154 1095/1365/147
f 1272/1578/26 1121/1395/160 1136/1412/168
f 1114/1387/161 1130/1405/169 1115/1388/163
f 1108/1380/164 1122/1396/182 1123/1397/170
f 1115/1388/163 1131/1406/171 1116/1389/165
f 1109/1381/166 1123/1397/170 1124/1398/172
f 1117/1390/167 1131/1406/171 1132/1407/173
f 1110/1383/154 1124/1399/172 1125/1400/174
f 1118/1392/153 1132/1408/173 1133/1409/175
f 1110/1383/154 1126/1401/176 1111/1384/155
f 1118/1392/153 1134/1410/177 1119/1393/156
f 1111/1384/155 1127/1402/178 1112/1385/157
f 1119/1393/156 1135/1411/179 1120/1394/158
f 1113/1386/159 1127/1402/178 1128/1403/180
f 1120/1394/158 1136/1412/168 1121/1395/160
f 1114/1387/161 1128/1403/180 1129/1404/181
f 1107/1379/162 1046/1296/24 1122/1396/182
f 1134/1410/177 1148/1427/183 1149/1428/184
f 1126/1401/176 1142/1419/185 1127/1402/178
f 1135/1411/179 1149/1428/184 1150/1429/186
f 1128/1403/180 1142/1419/185 1143/1420/187
f 1135/1411/179 1151/1430/188 1136/1412/168
f 1129/1404/181 1143/1420/187 1144/1421/189
f 1122/1396/182 1046/1296/24 1137/1413/190
f 1272/1578/26 1136/1412/168 1151/1430/188
f 1129/1404/181 1145/1422/191 1130/1405/169
f 1122/1396/182 1138/1414/192 1123/1397/170
f 1130/1405/169 1146/1423/193 1131/1406/171
f 1123/1397/170 1139/1415/194 1124/1398/172
f 1132/1407/173 1146/1423/193 1147/1425/195
f 1124/1399/172 1140/1417/196 1125/1400/174
f 1132/1408/173 1148/1427/183 1133/1409/175
f 1126/1401/176 1140/1417/196 1141/1418/197
f 1137/1413/190 1153/1432/199 1138/1414/192
f 1145/1422/191 1161/1441/200 1146/1423/193
f 1139/1415/194 1153/1432/199 1154/1433/201
f 1146/1424/193 1162/1443/202 1147/1426/195
f 1139/1416/194 1155/1435/203 1140/1417/196
f 1147/1426/195 1163/1444/204 1148/1427/183
f 1141/1418/197 1155/1435/203 1156/1436/205
f 1149/1428/184 1163/1444/204 1164/1445/206
f 1142/1419/185 1156/1436/205 1157/1437/207
f 1149/1428/184 1165/1446/208 1150/1429/186
f 1143/1420/187 1157/1437/207 1158/1438/209
f 1151/1430/188 1165/1446/208 1166/1447/210
f 1144/1421/189 1158/1438/209 1159/1439/211
f 1137/1413/190 1046/1296/24 1152/1431/198
f 1272/1578/26 1151/1430/188 1166/1447/210
f 1144/1421/189 1160/1440/212 1145/1422/191
f 1157/1437/207 1171/1453/227 1172/1454/213
f 1165/1446/208 1179/1462/214 1180/1463/215
f 1158/1438/209 1172/1454/213 1173/1455/216
f 1166/1447/210 1180/1463/215 1181/1464/217
f 1159/1439/211 1173/1455/216 1174/1456/218
f 1152/1431/198 1046/1296/24 1167/1448/219
f 1272/1578/26 1166/1447/210 1181/1464/217
f 1159/1439/211 1175/1457/220 1160/1440/212
f 1152/1431/198 1168/1449/221 1153/1432/199
f 1160/1440/212 1176/1458/222 1161/1441/200
f 1153/1432/199 1169/1450/223 1154/1433/201
f 1161/1442/200 1177/1460/224 1162/1443/202
f 1154/1434/201 1170/1452/225 1155/1435/203
f 1163/1444/204 1177/1460/224 1178/1461/226
f 1155/1435/203 1171/1453/227 1156/1436/205
f 1164/1445/206 1178/1461/226 1179/1462/214
f 1175/1457/220 1191/1478/228 1176/1458/222
f 1168/1449/221 1184/1468/229 1169/1450/223
f 1176/1459/222 1192/1480/230 1177/1460/224
f 1169/1451/223 1185/1472/231 1170/1452/225
f 1178/1461/226 1192/1480/230 1193/1481/232
f 1170/1452/225 1186/1473/233 1171/1453/227
f 1179/1462/214 1193/1481/232 1194/1482/234
f 1172/1454/213 1186/1473/233 1187/1474/235
f 1180/1463/215 1194/1482/234 1195/1483/236
f 1173/1455/216 1187/1474/235 1188/1475/237
f 1180/1463/215 1196/1484/238 1181/1464/217
f 1174/1456/218 1188/1475/237 1189/1476/239
f 1167/1448/219 1046/1296/24 1182/1465/240
f 1272/1578/26 1181/1464/217 1196/1484/238
f 1174/1456/218 1190/1477/241 1175/1457/220
f 1168/1449/221 1182/1465/240 1183/1466/242
f 1195/1483/236 1209/1506/243 1210/1507/244
f 1188/1475/237 1202/1493/245 1203/1495/246
f 1196/1484/238 1210/1507/244 1211/1508/247
f 1189/1476/239 1203/1495/246 1204/1497/248
f 1182/1465/240 1046/1296/24 1197/1485/249
f 1272/1578/26 1196/1484/238 1211/1508/247
f 1189/1476/239 1205/1500/250 1190/1477/241
f 1182/1465/240 1198/1487/251 1183/1466/242
f 1190/1477/241 1206/1502/252 1191/1478/228
f 1183/1467/242 1199/1488/253 1184/1470/229
f 1191/1479/228 1207/1504/254 1192/1480/230
f 1184/1470/229 1200/1490/255 1185/1471/231
f 1193/1481/232 1207/1504/254 1208/1505/256
f 1185/1472/231 1201/1491/257 1186/1473/233
f 1194/1482/234 1208/1505/256 1209/1506/243
f 1187/1474/235 1201/1491/257 1202/1493/245
f 1199/1488/253 1213/1511/258 1214/1512/259
f 1207/1504/254 1221/1520/260 1222/1521/261
f 1200/1490/255 1214/1512/259 1215/1513/262
f 1208/1505/256 1222/1521/261 1223/1522/263
f 1200/1490/255 1216/1514/264 1201/1492/257
f 1208/1505/256 1224/1523/265 1209/1506/243
f 1201/1492/257 1217/1515/266 1202/1494/245
f 1209/1506/243 1225/1524/267 1210/1507/244
f 1202/1494/245 1218/1516/268 1203/1496/246
f 1210/1507/244 1226/1525/269 1211/1508/247
f 1204/1498/248 1218/1516/268 1219/1517/270
f 1197/1485/249 1046/1296/24 1212/1509/271
f 1272/1578/26 1211/1508/247 1226/1525/269
f 1204/1498/248 1220/1518/272 1205/1499/250
f 1198/1487/251 1212/1509/271 1213/1510/258
f 1206/1503/252 1220/1519/272 1221/1520/260
f 1217/1515/266 1233/1533/274 1218/1516/268
f 1226/1525/269 1240/1542/287 1241/1543/275
f 1219/1517/270 1233/1533/274 1234/1534/276
f 1212/1509/271 1046/1296/24 1227/1526/277
f 1272/1578/26 1226/1525/269 1241/1543/275
f 1219/1517/270 1235/1536/278 1220/1518/272
f 1212/1509/271 1228/1527/279 1213/1510/258
f 1221/1520/260 1235/1535/278 1236/1538/280
f 1214/1512/259 1228/1528/279 1229/1529/281
f 1222/1521/261 1236/1538/280 1237/1539/282
f 1215/1513/262 1229/1529/281 1230/1530/283
f 1222/1521/261 1238/1540/284 1223/1522/263
f 1216/1514/264 1230/1530/283 1231/1531/285
f 1223/1522/263 1239/1541/286 1224/1523/265
f 1216/1514/264 1232/1532/273 1217/1515/266
f 1224/1523/265 1240/1542/287 1225/1524/267
f 1237/1539/282 1251/1555/288 1252/1556/289
f 1229/1529/281 1245/1548/290 1230/1530/283
f 1237/1539/282 1253/1557/291 1238/1540/284
f 1231/1531/285 1245/1548/290 1246/1549/292
f 1239/1541/286 1253/1557/291 1254/1558/293
f 1231/1531/285 1247/1550/294 1232/1532/273
f 1239/1541/286 1255/1559/295 1240/1542/287
f 1233/1533/274 1247/1550/294 1248/1551/296
f 1240/1542/287 1256/1560/297 1241/1543/275
f 1234/1534/276 1248/1551/296 1249/1552/298
f 1227/1526/277 1046/1296/24 1242/1544/299
f 1272/1578/26 1241/1543/275 1256/1560/297
f 1234/1534/276 1250/1553/300 1235/1536/278
f 1228/1527/279 1242/1544/299 1243/1545/301
f 1235/1536/278 1251/1554/288 1236/1537/280
f 1229/1529/281 1243/1546/301 1244/1547/302
f 1255/1559/295 1271/1577/304 1256/1560/297
f 1248/1551/296 1264/1569/306 1249/1552/298
f 1242/1544/299 1046/1296/24 1257/1561/307
f 1272/1578/26 1256/1560/297 1271/1577/304
f 1250/1553/300 1264/1569/306 1265/1570/308
f 1242/1544/299 1258/1562/309 1243/1545/301
f 1250/1553/300 1266/1571/310 1251/1554/288
f 1244/1547/302 1258/1563/309 1259/1564/311
f 1252/1556/289 1266/1572/310 1267/1573/312
f 1244/1547/302 1260/1565/313 1245/1548/290
f 1253/1557/291 1267/1573/312 1268/1574/314
f 1245/1548/290 1261/1566/315 1246/1549/292
f 1254/1558/293 1268/1574/314 1269/1575/316
f 1246/1549/292 1262/1567/317 1247/1550/294
f 1254/1558/293 1270/1576/303 1255/1559/295
f 1248/1551/296 1262/1567/317 1263/1568/305
f 1268/1574/314 1283/1594/332 1284/1595/318
f 1260/1565/313 1277/1584/320 1261/1566/315
f 1269/1575/316 1284/1595/318 1285/1596/321
f 1261/1566/315 1278/1585/322 1262/1567/317
f 1269/1575/316 1286/1597/323 1270/1576/303
f 1262/1567/317 1279/1586/324 1263/1568/305
f 1270/1576/303 1287/1598/325 1271/1577/304
f 1264/1569/306 1279/1586/324 1280/1587/326
f 1257/1561/307 1046/1296/24 1273/1579/327
f 1272/1578/26 1271/1577/304 1287/1598/325
f 1264/1569/306 1281/1588/328 1265/1570/308
f 1258/1562/309 1273/1579/327 1274/1580/329
f 1266/1571/310 1281/1588/328 1282/1590/330
f 1259/1564/311 1274/1581/329 1275/1582/331
f 1267/1573/312 1282/1591/330 1283/1594/332
f 1259/1564/311 1276/1583/319 1260/1565/313
f 1273/1579/327 1046/1296/24 1288/1599/333
f 1272/1578/26 1287/1598/325 1302/1620/334
f 1280/1587/326 1296/1611/335 1281/1588/328
f 1273/1579/327 1289/1601/336 1274/1580/329
f 1281/1589/328 1297/1613/337 1282/1592/330
f 1274/1581/329 1290/1603/338 1275/1582/331
f 1283/1593/332 1297/1613/337 1298/1615/339
f 1275/1582/331 1291/1604/340 1276/1583/319
f 1283/1594/332 1299/1616/341 1284/1595/318
f 1277/1584/320 1291/1604/340 1292/1605/342
f 1285/1596/321 1299/1616/341 1300/1618/343
f 1277/1584/320 1293/1606/344 1278/1585/322
f 1285/1596/321 1301/1619/345 1286/1597/323
f 1279/1586/324 1293/1606/344 1294/1607/346
f 1287/1598/325 1301/1619/345 1302/1620/334
f 1280/1587/326 1294/1607/346 1295/1609/347
f 1291/1604/340 1307/1626/349 1292/1605/342
f 1300/1618/343 1314/1636/350 1315/1637/351
f 1292/1605/342 1308/1627/352 1293/1606/344
f 1301/1619/345 1315/1637/351 1316/1638/353
f 1294/1607/346 1308/1627/352 1309/1629/354
f 1302/1620/334 1316/1638/353 1317/1639/355
f 1295/1610/347 1309/1630/354 1310/1631/356
f 1288/1599/333 1046/1296/24 1303/1621/357
f 1272/1578/26 1302/1620/334 1317/1639/355
f 1295/1610/347 1311/1632/358 1296/1612/335
f 1288/1599/333 1304/1622/359 1289/1601/336
f 1296/1612/335 1312/1633/360 1297/1613/337
f 1289/1601/336 1305/1623/361 1290/1602/338
f 1298/1615/339 1312/1633/360 1313/1634/362
f 1290/1603/338 1306/1625/348 1291/1604/340
f 1299/1617/341 1313/1634/362 1314/1635/350
f 1310/1631/356 1326/1653/363 1311/1632/358
f 1303/1621/357 1319/1641/364 1304/1622/359
f 1311/1632/358 1327/1654/365 1312/1633/360
f 1305/1623/361 1319/1641/364 1320/1643/366
f 1313/1634/362 1327/1654/365 1328/1655/367
f 1305/1624/361 1321/1645/368 1306/1625/348
f 1314/1635/350 1328/1655/367 1329/1657/369
f 1306/1625/348 1322/1647/370 1307/1626/349
f 1315/1637/351 1329/1656/369 1330/1659/371
f 1307/1626/349 1323/1649/372 1308/1627/352
f 1315/1637/351 1331/1660/373 1316/1638/353
f 1309/1630/354 1323/1650/372 1324/1651/374
f 1316/1638/353 1332/1661/375 1317/1639/355
f 1310/1631/356 1324/1651/374 1325/1652/376
f 1303/1621/357 1046/1296/24 1318/1640/377
f 1272/1578/26 1317/1639/355 1332/1661/375
f 1330/1658/371 1344/1674/378 1345/1675/379
f 1322/1648/370 1338/1668/380 1323/1650/372
f 1331/1660/373 1345/1676/379 1346/1677/381
f 1324/1651/374 1338/1668/380 1339/1669/382
f 1331/1660/373 1347/1678/383 1332/1661/375
f 1325/1652/376 1339/1669/382 1340/1670/384
f 1318/1640/377 1046/1296/24 1333/1662/385
f 1272/1578/26 1332/1661/375 1347/1678/383
f 1325/1652/376 1341/1671/386 1326/1653/363
f 1319/1641/364 1333/1662/385 1334/1663/387
f 1326/1653/363 1342/1672/388 1327/1654/365
f 1319/1641/364 1335/1664/389 1320/1643/366
f 1328/1655/367 1342/1672/388 1343/1673/390
f 1320/1643/366 1336/1665/391 1321/1644/368
f 1328/1655/367 1344/1674/378 1329/1657/369
f 1322/1648/370 1336/1666/391 1337/1667/392
f 1334/1663/387 1348/1679/393 1349/1680/394
f 1341/1671/386 1357/1690/395 1342/1672/388
f 1335/1664/389 1349/1680/394 1350/1681/396
f 1343/1673/390 1357/1690/395 1358/1691/397
f 1335/1664/389 1351/1683/398 1336/1665/391
f 1343/1673/390 1359/1692/399 1344/1674/378
f 1337/1667/392 1351/1682/398 1352/1684/400
f 1345/1675/379 1359/1692/399 1360/1694/401
f 1337/1667/392 1353/1686/402 1338/1668/380
f 1345/1676/379 1361/1695/403 1346/1677/381
f 1339/1669/382 1353/1686/402 1354/1687/404
f 1346/1677/381 1362/1696/405 1347/1678/383
f 1340/1670/384 1354/1687/404 1355/1688/406
f 1333/1662/385 1046/1296/24 1348/1679/393
f 1272/1578/26 1347/1678/383 1362/1696/405
f 1340/1670/384 1356/1689/407 1341/1671/386
f 1352/1684/400 1368/1703/408 1353/1686/402
f 1360/1693/401 1376/1712/409 1361/1695/403
f 1354/1687/404 1368/1703/408 1369/1704/410
f 1361/1695/403 1377/1713/411 1362/1696/405
f 1355/1688/406 1369/1704/410 1370/1705/412
f 1348/1679/393 1046/1296/24 1363/1697/413
f 1272/1578/26 1362/1696/405 1377/1713/411
f 1355/1688/406 1371/1706/414 1356/1689/407
f 1349/1680/394 1363/1697/413 1364/1698/415
f 1356/1689/407 1372/1707/416 1357/1690/395
f 1350/1681/396 1364/1698/415 1365/1699/417
f 1358/1691/397 1372/1707/416 1373/1708/418
f 1350/1681/396 1366/1700/419 1351/1683/398
f 1358/1691/397 1374/1709/420 1359/1692/399
f 1352/1685/400 1366/1700/419 1367/1701/421
f 1360/1694/401 1374/1709/420 1375/1710/422
f 1371/1706/414 1387/1724/423 1372/1707/416
f 1365/1699/417 1379/1715/424 1380/1716/425
f 1373/1708/418 1387/1724/423 1388/1725/426
f 1365/1699/417 1381/1717/427 1366/1700/419
f 1373/1708/418 1389/1726/428 1374/1709/420
f 1367/1701/421 1381/1717/427 1382/1718/429
f 1375/1710/422 1389/1726/428 1390/1728/430
f 1367/1702/421 1383/1720/431 1368/1703/408
f 1375/1711/422 1391/1729/432 1376/1712/409
f 1369/1704/410 1383/1720/431 1384/1721/433
f 1377/1713/411 1391/1729/432 1392/1730/434
f 1370/1705/412 1384/1721/433 1385/1722/435
f 1363/1697/413 1046/1296/24 1378/1714/436
f 1272/1578/26 1377/1713/411 1392/1730/434
f 1370/1705/412 1386/1723/437 1371/1706/414
f 1363/1697/413 1379/1715/424 1364/1698/415
f 1390/1727/430 1406/1750/438 1391/1729/432
f 1384/1721/433 1398/1738/439 1399/1739/440
f 1392/1730/434 1406/1750/438 1407/1751/441
f 1385/1722/435 1399/1739/440 1400/1740/442
f 1378/1714/436 1046/1296/24 1393/1731/443
f 1272/1578/26 1392/1730/434 1407/1751/441
f 1385/1722/435 1401/1741/444 1386/1723/437
f 1378/1714/436 1394/1732/445 1379/1715/424
f 1386/1723/437 1402/1742/446 1387/1724/423
f 1380/1716/425 1394/1732/445 1395/1733/447
f 1388/1725/426 1402/1742/446 1403/1743/448
f 1380/1716/425 1396/1734/449 1381/1717/427
f 1388/1725/426 1404/1745/450 1389/1726/428
f 1382/1718/429 1396/1734/449 1397/1736/451
f 1390/1728/430 1404/1745/450 1405/1747/452
f 1382/1719/429 1398/1738/439 1383/1720/431
f 1403/1743/448 1417/1766/453 1418/1768/454
f 1395/1733/447 1411/1755/455 1396/1734/449
f 1403/1744/448 1419/1770/456 1404/1746/450
f 1397/1736/451 1411/1755/455 1412/1756/457
f 1405/1748/452 1419/1770/456 1420/1771/458
f 1397/1736/451 1413/1757/459 1398/1737/439
f 1405/1749/452 1421/1773/460 1406/1750/438
f 1399/1739/440 1413/1758/459 1414/1760/461
f 1407/1751/441 1421/1773/460 1422/1774/462
f 1400/1740/442 1414/1760/461 1415/1762/463
f 1393/1731/443 1046/1296/24 1408/1752/464
f 1272/1578/26 1407/1751/441 1422/1774/462
f 1400/1740/442 1416/1764/465 1401/1741/444
f 1393/1731/443 1409/1753/466 1394/1732/445
f 1401/1741/444 1417/1766/453 1402/1742/446
f 1395/1733/447 1409/1753/466 1410/1754/467
f 1422/1774/462 1436/1791/468 1437/1792/469
f 1415/1763/463 1429/1782/470 1430/1783/471
f 1408/1752/464 1046/1296/24 1423/1775/472
f 1272/1578/26 1422/1774/462 1437/1792/469
f 1415/1763/463 1431/1784/473 1416/1765/465
f 1408/1752/464 1424/1776/474 1409/1753/466
f 1416/1765/465 1432/1785/475 1417/1767/453
f 1410/1754/467 1424/1776/474 1425/1777/476
f 1418/1769/454 1432/1785/475 1433/1786/477
f 1410/1754/467 1426/1778/478 1411/1755/455
f 1418/1769/454 1434/1787/479 1419/1770/456
f 1412/1756/457 1426/1778/478 1427/1779/480
f 1420/1771/458 1434/1787/479 1435/1789/481
f 1412/1756/457 1428/1780/482 1413/1757/459
f 1420/1772/458 1436/1791/468 1421/1773/460
f 1414/1761/461 1428/1781/482 1429/1782/470
f 1426/1778/478 965/1203/32 1440/1795/4
f 1433/1786/477 1443/1799/7 1434/1787/479
f 1427/1779/480 1440/1795/4 966/1204/10
f 1435/1789/481 1443/1799/7 1444/1800/12
f 1427/1779/480 1441/1796/13 1428/1780/482
f 1436/1790/468 1444/1800/12 1445/1801/16
f 1429/1782/470 1441/1797/13 967/1205/17
f 1437/1792/469 1445/1802/16 1446/1803/20
f 1430/1783/471 967/1205/17 968/1206/22
f 1423/1775/472 1046/1296/24 1438/1793/23
f 1272/1578/26 1437/1792/469 1446/1803/20
f 1430/1783/471 969/1207/28 1431/1784/473
f 1423/1775/472 1439/1794/29 1424/1776/474
f 1431/1784/473 1442/1798/1 1432/1785/475
f 1425/1777/476 1439/1794/29 965/1203/32
f 1433/1786/477 1442/1798/1 970/1208/3
f 1924/2399/1 1463/1821/2 1452/1809/3
f 1922/2396/4 1455/1812/5 1456/1813/6
f 1452/1809/3 1464/1822/8 1925/2400/7
f 1448/1805/10 1456/1813/6 1457/1814/9
f 1925/2400/7 1465/1823/11 1926/2401/12
f 1923/2397/13 1457/1814/9 1458/1815/14
f 1926/2401/12 1466/1824/15 1927/2402/16
f 1449/1806/17 1458/1816/14 1459/1817/18
f 1927/2403/16 1467/1826/19 1928/2404/20
f 1449/1806/17 1460/1818/21 1450/1807/22
f 1920/2394/23 1528/1897/24 1453/1810/25
f 1754/2179/26 1928/2404/20 1467/1826/19
f 1451/1808/28 1460/1818/21 1461/1819/27
f 1921/2395/29 1453/1810/25 1454/1811/30
f 1451/1808/28 1462/1820/31 1924/2399/1
f 1447/1804/32 1454/1811/30 1455/1812/5
f 1461/1819/27 1477/1838/33 1462/1820/31
f 1454/1811/30 1470/1829/34 1455/1812/5
f 1463/1821/2 1477/1838/33 1478/1839/35
f 1455/1812/5 1471/1830/36 1456/1813/6
f 1464/1822/8 1478/1839/35 1479/1840/37
f 1456/1813/6 1472/1831/38 1457/1814/9
f 1465/1823/11 1479/1840/37 1480/1841/39
f 1457/1814/9 1473/1833/40 1458/1815/14
f 1466/1824/15 1480/1841/39 1481/1842/41
f 1459/1817/18 1473/1834/40 1474/1835/42
f 1466/1825/15 1482/1844/43 1467/1826/19
f 1460/1818/21 1474/1835/42 1475/1836/44
f 1453/1810/25 1528/1897/24 1468/1827/45
f 1754/2179/26 1467/1826/19 1482/1844/43
f 1460/1818/21 1476/1837/46 1461/1819/27
f 1454/1811/30 1468/1827/45 1469/1828/47
f 1481/1842/41 1495/1858/48 1496/1859/49
f 1474/1835/42 1488/1851/50 1489/1852/51
f 1482/1844/43 1496/1860/49 1497/1861/52
f 1475/1836/44 1489/1852/51 1490/1853/53
f 1468/1827/45 1528/1897/24 1483/1845/483
f 1754/2179/26 1482/1844/43 1497/1861/52
f 1475/1836/44 1491/1854/55 1476/1837/46
f 1468/1827/45 1484/1846/56 1469/1828/47
f 1476/1837/46 1492/1855/57 1477/1838/33
f 1469/1828/47 1485/1847/58 1470/1829/34
f 1478/1839/35 1492/1855/57 1493/1856/59
f 1470/1829/34 1486/1848/60 1471/1830/36
f 1479/1840/37 1493/1856/59 1494/1857/61
f 1471/1830/36 1487/1849/62 1472/1831/38
f 1480/1841/39 1494/1857/61 1495/1858/48
f 1472/1832/38 1488/1851/50 1473/1834/40
f 1484/1846/56 1500/1864/63 1485/1847/58
f 1493/1856/59 1507/1872/64 1508/1873/65
f 1485/1847/58 1501/1865/66 1486/1848/60
f 1493/1856/59 1509/1874/67 1494/1857/61
f 1487/1849/62 1501/1865/66 1502/1866/68
f 1495/1858/48 1509/1874/67 1510/1875/69
f 1487/1850/62 1503/1868/70 1488/1851/50
f 1496/1859/49 1510/1875/69 1511/1876/71
f 1489/1852/51 1503/1868/70 1504/1869/72
f 1497/1861/52 1511/1877/71 1512/1878/73
f 1490/1853/53 1504/1869/72 1505/1870/74
f 1483/1845/483 1528/1897/24 1498/1862/75
f 1754/2179/26 1497/1861/52 1512/1878/73
f 1490/1853/53 1506/1871/76 1491/1854/55
f 1483/1845/483 1499/1863/77 1484/1846/56
f 1491/1854/55 1507/1872/64 1492/1855/57
f 1504/1869/72 1518/1885/78 1519/1886/79
f 1511/1877/71 1527/1896/80 1512/1878/73
f 1505/1870/74 1519/1886/79 1520/1887/81
f 1498/1862/75 1528/1897/24 1513/1879/82
f 1754/2179/26 1512/1878/73 1527/1896/80
f 1505/1870/74 1521/1888/83 1506/1871/76
f 1499/1863/77 1513/1879/82 1514/1880/84
f 1506/1871/76 1522/1889/85 1507/1872/64
f 1500/1864/63 1514/1880/84 1515/1881/86
f 1508/1873/65 1522/1889/85 1523/1890/87
f 1500/1864/63 1516/1882/88 1501/1865/66
f 1508/1873/65 1524/1891/89 1509/1874/67
f 1502/1866/68 1516/1882/88 1517/1883/90
f 1510/1875/69 1524/1891/89 1525/1892/91
f 1502/1867/68 1518/1885/78 1503/1868/70
f 1510/1875/69 1526/1894/92 1511/1876/71
f 1523/1890/87 1538/1909/93 1539/1910/94
f 1515/1881/86 1532/1901/95 1516/1882/88
f 1523/1890/87 1540/1911/96 1524/1891/89
f 1517/1883/90 1532/1901/95 1533/1903/97
f 1525/1892/91 1540/1911/96 1541/1912/98
f 1517/1884/90 1534/1905/99 1518/1885/78
f 1526/1895/92 1541/1913/98 1542/1914/100
f 1519/1886/79 1534/1905/99 1535/1906/101
f 1527/1896/80 1542/1914/100 1543/1915/102
f 1520/1887/81 1535/1906/101 1536/1907/103
f 1513/1879/82 1528/1897/24 1529/1898/104
f 1754/2179/26 1527/1896/80 1543/1915/102
f 1520/1887/81 1537/1908/105 1521/1888/83
f 1513/1879/82 1530/1899/106 1514/1880/84
f 1521/1888/83 1538/1909/93 1522/1889/85
f 1514/1880/84 1531/1900/107 1515/1881/86
f 1542/1914/100 1558/1937/108 1543/1915/102
f 1536/1907/103 1550/1925/109 1551/1928/110
f 1529/1898/104 1528/1897/24 1544/1916/111
f 1754/2179/26 1543/1915/102 1558/1937/108
f 1536/1907/103 1552/1929/112 1537/1908/105
f 1530/1899/106 1544/1916/111 1545/1917/113
f 1537/1908/105 1553/1930/114 1538/1909/93
f 1531/1900/107 1545/1917/113 1546/1918/115
f 1539/1910/94 1553/1930/114 1554/1931/116
f 1531/1900/107 1547/1919/117 1532/1901/95
f 1539/1910/94 1555/1932/118 1540/1911/96
f 1533/1903/97 1547/1919/117 1548/1920/119
f 1541/1912/98 1555/1932/118 1556/1934/120
f 1533/1903/97 1549/1922/121 1534/1904/99
f 1541/1913/98 1557/1936/122 1542/1914/100
f 1535/1906/101 1549/1923/121 1550/1925/109
f 1546/1918/115 1562/1941/123 1547/1919/117
f 1554/1931/116 1570/1956/124 1555/1932/118
f 1548/1920/119 1562/1941/123 1563/1943/125
f 1556/1935/120 1570/1957/124 1571/1958/126
f 1548/1921/119 1564/1945/127 1549/1924/121
f 1557/1936/122 1571/1958/126 1572/1959/128
f 1550/1926/109 1564/1945/127 1565/1946/129
f 1558/1937/108 1572/1959/128 1573/1960/130
f 1551/1927/110 1565/1946/129 1566/1948/131
f 1544/1916/111 1528/1897/24 1559/1938/132
f 1754/2179/26 1558/1937/108 1573/1960/130
f 1551/1928/110 1567/1949/133 1552/1929/112
f 1544/1916/111 1560/1939/134 1545/1917/113
f 1552/1929/112 1568/1952/135 1553/1930/114
f 1545/1917/113 1561/1940/136 1546/1918/115
f 1554/1931/116 1568/1952/135 1569/1954/137
f 1566/1948/131 1580/1969/138 1581/1970/139
f 1559/1938/132 1528/1897/24 1574/1961/140
f 1754/2179/26 1573/1960/130 1588/1979/141
f 1566/1948/131 1582/1971/142 1567/1950/133
f 1560/1939/134 1574/1961/140 1575/1962/143
f 1567/1950/133 1583/1973/144 1568/1951/135
f 1561/1940/136 1575/1962/143 1576/1963/145
f 1569/1955/137 1583/1972/144 1584/1974/146
f 1561/1940/136 1577/1965/147 1562/1941/123
f 1569/1955/137 1585/1976/148 1570/1957/124
f 1563/1944/125 1577/1966/147 1578/1967/149
f 1571/1958/126 1585/1976/148 1586/1977/150
f 1563/1944/125 1579/1968/151 1564/1945/127
f 1571/1958/126 1587/1978/152 1572/1959/128
f 1565/1946/129 1579/1968/151 1580/1969/138
f 1572/1959/128 1588/1979/141 1573/1960/130
f 1584/1974/146 1600/1993/153 1585/1976/148
f 1578/1967/149 1592/1984/154 1593/1985/155
f 1586/1977/150 1600/1993/153 1601/1994/156
f 1578/1967/149 1594/1986/157 1579/1968/151
f 1587/1978/152 1601/1994/156 1602/1995/158
f 1580/1969/138 1594/1986/157 1595/1987/159
f 1588/1979/141 1602/1995/158 1603/1996/160
f 1581/1970/139 1595/1987/159 1596/1988/161
f 1574/1961/140 1528/1897/24 1589/1980/162
f 1754/2179/26 1588/1979/141 1603/1996/160
f 1581/1970/139 1597/1989/163 1582/1971/142
f 1574/1961/140 1590/1981/164 1575/1962/143
f 1582/1971/142 1598/1990/165 1583/1973/144
f 1575/1962/143 1591/1982/166 1576/1963/145
f 1584/1975/146 1598/1990/165 1599/1991/167
f 1576/1964/145 1592/1984/154 1577/1966/147
f 1754/2179/26 1603/1996/160 1618/2013/168
f 1596/1988/161 1612/2006/169 1597/1989/163
f 1589/1980/162 1605/1998/170 1590/1981/164
f 1597/1989/163 1613/2007/171 1598/1990/165
f 1591/1982/166 1605/1998/170 1606/1999/172
f 1599/1991/167 1613/2007/171 1614/2008/173
f 1591/1983/166 1607/2001/174 1592/1984/154
f 1599/1992/167 1615/2010/175 1600/1993/153
f 1593/1985/155 1607/2001/174 1608/2002/176
f 1601/1994/156 1615/2010/175 1616/2011/177
f 1593/1985/155 1609/2003/178 1594/1986/157
f 1601/1994/156 1617/2012/179 1602/1995/158
f 1595/1987/159 1609/2003/178 1610/2004/180
f 1603/1996/160 1617/2012/179 1618/2013/168
f 1596/1988/161 1610/2004/180 1611/2005/181
f 1589/1980/162 1528/1897/24 1604/1997/182
f 1616/2011/177 1630/2028/183 1631/2029/184
f 1608/2002/176 1624/2020/185 1609/2003/178
f 1616/2011/177 1632/2030/186 1617/2012/179
f 1610/2004/180 1624/2020/185 1625/2021/187
f 1618/2013/168 1632/2030/186 1633/2031/188
f 1611/2005/181 1625/2021/187 1626/2022/189
f 1604/1997/182 1528/1897/24 1619/2014/190
f 1754/2179/26 1618/2013/168 1633/2031/188
f 1611/2005/181 1627/2023/191 1612/2006/169
f 1604/1997/182 1620/2015/192 1605/1998/170
f 1612/2006/169 1628/2024/193 1613/2007/171
f 1605/1998/170 1621/2016/194 1606/1999/172
f 1614/2008/173 1628/2024/193 1629/2026/195
f 1606/2000/172 1622/2018/196 1607/2001/174
f 1614/2009/173 1630/2028/183 1615/2010/175
f 1608/2002/176 1622/2018/196 1623/2019/197
f 1620/2015/192 1634/2032/484 1635/2033/199
f 1627/2023/191 1643/2042/200 1628/2024/193
f 1621/2016/194 1635/2033/199 1636/2034/201
f 1629/2027/195 1643/2043/200 1644/2044/202
f 1621/2017/194 1637/2036/203 1622/2018/196
f 1629/2027/195 1645/2045/204 1630/2028/183
f 1623/2019/197 1637/2036/203 1638/2037/205
f 1631/2029/184 1645/2045/204 1646/2046/206
f 1623/2019/197 1639/2038/207 1624/2020/185
f 1631/2029/184 1647/2047/208 1632/2030/186
f 1625/2021/187 1639/2038/207 1640/2039/209
f 1632/2030/186 1648/2048/210 1633/2031/188
f 1626/2022/189 1640/2039/209 1641/2040/211
f 1619/2014/190 1528/1897/24 1634/2032/484
f 1754/2179/26 1633/2031/188 1648/2048/210
f 1626/2022/189 1642/2041/212 1627/2023/191
f 1638/2037/205 1654/2055/213 1639/2038/207
f 1647/2047/208 1661/2063/214 1662/2064/215
f 1640/2039/209 1654/2055/213 1655/2056/216
f 1648/2048/210 1662/2064/215 1663/2065/217
f 1641/2040/211 1655/2056/216 1656/2057/218
f 1634/2032/484 1528/1897/24 1649/2049/219
f 1754/2179/26 1648/2048/210 1663/2065/217
f 1641/2040/211 1657/2058/220 1642/2041/212
f 1634/2032/484 1650/2050/221 1635/2033/199
f 1642/2041/212 1658/2059/222 1643/2042/200
f 1635/2033/199 1651/2051/223 1636/2034/201
f 1644/2044/202 1658/2060/222 1659/2061/224
f 1636/2035/201 1652/2053/225 1637/2036/203
f 1644/2044/202 1660/2062/226 1645/2045/204
f 1638/2037/205 1652/2053/225 1653/2054/227
f 1646/2046/206 1660/2062/226 1661/2063/214
f 1657/2058/220 1673/2079/228 1658/2059/222
f 1651/2051/223 1665/2067/242 1666/2069/229
f 1659/2061/224 1673/2080/228 1674/2081/230
f 1651/2052/223 1667/2073/231 1652/2053/225
f 1659/2061/224 1675/2082/232 1660/2062/226
f 1653/2054/227 1667/2073/231 1668/2074/233
f 1661/2063/214 1675/2082/232 1676/2083/234
f 1653/2054/227 1669/2075/235 1654/2055/213
f 1661/2063/214 1677/2084/236 1662/2064/215
f 1655/2056/216 1669/2075/235 1670/2076/237
f 1662/2064/215 1678/2085/238 1663/2065/217
f 1656/2057/218 1670/2076/237 1671/2077/239
f 1649/2049/219 1528/1897/24 1664/2066/240
f 1754/2179/26 1663/2065/217 1678/2085/238
f 1656/2057/218 1672/2078/241 1657/2058/220
f 1649/2049/219 1665/2067/242 1650/2050/221
f 1676/2083/234 1692/2108/244 1677/2084/236
f 1670/2076/237 1684/2094/245 1685/2096/246
f 1677/2084/236 1693/2109/247 1678/2085/238
f 1671/2077/239 1685/2096/246 1686/2098/248
f 1664/2066/240 1528/1897/24 1679/2086/249
f 1754/2179/26 1678/2085/238 1693/2109/247
f 1671/2077/239 1687/2101/250 1672/2078/241
f 1665/2067/242 1679/2086/249 1680/2087/251
f 1672/2078/241 1688/2103/252 1673/2079/228
f 1666/2071/229 1680/2088/251 1681/2089/253
f 1674/2081/230 1688/2104/252 1689/2105/254
f 1666/2071/229 1682/2091/255 1667/2072/231
f 1674/2081/230 1690/2106/256 1675/2082/232
f 1668/2074/233 1682/2090/255 1683/2092/257
f 1676/2083/234 1690/2106/256 1691/2107/243
f 1668/2074/233 1684/2094/245 1669/2075/235
f 1680/2088/251 1696/2113/259 1681/2089/253
f 1689/2105/254 1703/2121/260 1704/2122/261
f 1681/2089/253 1697/2114/262 1682/2091/255
f 1689/2105/254 1705/2123/263 1690/2106/256
f 1683/2093/257 1697/2114/262 1698/2115/264
f 1691/2107/243 1705/2123/263 1706/2124/265
f 1683/2093/257 1699/2116/266 1684/2095/245
f 1692/2108/244 1706/2124/265 1707/2125/267
f 1685/2097/246 1699/2116/266 1700/2117/268
f 1693/2109/247 1707/2125/267 1708/2126/269
f 1686/2099/248 1700/2117/268 1701/2118/270
f 1679/2086/249 1528/1897/24 1694/2110/271
f 1754/2179/26 1693/2109/247 1708/2126/269
f 1686/2099/248 1702/2119/272 1687/2100/250
f 1679/2086/249 1695/2111/258 1680/2087/251
f 1687/2102/250 1703/2121/260 1688/2104/252
f 1700/2117/268 1714/2133/273 1715/2134/274
f 1707/2125/267 1723/2144/275 1708/2126/269
f 1701/2118/270 1715/2134/274 1716/2135/276
f 1694/2110/271 1528/1897/24 1709/2127/277
f 1754/2179/26 1708/2126/269 1723/2144/275
f 1701/2118/270 1717/2137/278 1702/2119/272
f 1695/2111/258 1709/2127/277 1710/2128/279
f 1702/2120/272 1718/2139/280 1703/2121/260
f 1695/2112/258 1711/2130/281 1696/2113/259
f 1704/2122/261 1718/2139/280 1719/2140/282
f 1696/2113/259 1712/2131/283 1697/2114/262
f 1704/2122/261 1720/2141/284 1705/2123/263
f 1698/2115/264 1712/2131/283 1713/2132/285
f 1706/2124/265 1720/2141/284 1721/2142/286
f 1698/2115/264 1714/2133/273 1699/2116/266
f 1707/2125/267 1721/2142/286 1722/2143/287
f 1719/2140/282 1733/2156/288 1734/2157/289
f 1711/2130/281 1727/2149/290 1712/2131/283
f 1719/2140/282 1735/2158/291 1720/2141/284
f 1713/2132/285 1727/2149/290 1728/2150/292
f 1721/2142/286 1735/2158/291 1736/2159/293
f 1713/2132/285 1729/2151/294 1714/2133/273
f 1722/2143/287 1736/2159/293 1737/2160/295
f 1715/2134/274 1729/2151/294 1730/2152/296
f 1723/2144/275 1737/2160/295 1738/2161/297
f 1716/2135/276 1730/2152/296 1731/2153/298
f 1709/2127/277 1528/1897/24 1724/2145/485
f 1754/2179/26 1723/2144/275 1738/2161/297
f 1716/2135/276 1732/2154/300 1717/2137/278
f 1709/2127/277 1725/2146/301 1710/2128/279
f 1717/2137/278 1733/2155/288 1718/2138/280
f 1710/2129/279 1726/2148/302 1711/2130/281
f 1737/2160/295 1753/2178/304 1738/2161/297
f 1731/2153/298 1745/2169/305 1746/2170/306
f 1724/2145/485 1528/1897/24 1739/2162/307
f 1754/2179/26 1738/2161/297 1753/2178/304
f 1731/2153/298 1747/2171/308 1732/2154/300
f 1724/2145/485 1740/2163/309 1725/2146/301
f 1732/2154/300 1748/2172/310 1733/2155/288
f 1726/2148/302 1740/2164/309 1741/2165/311
f 1734/2157/289 1748/2173/310 1749/2174/312
f 1726/2148/302 1742/2166/313 1727/2149/290
f 1734/2157/289 1750/2175/314 1735/2158/291
f 1728/2150/292 1742/2166/313 1743/2167/315
f 1736/2159/293 1750/2175/314 1751/2176/316
f 1728/2150/292 1744/2168/317 1729/2151/294
f 1736/2159/293 1752/2177/303 1737/2160/295
f 1730/2152/296 1744/2168/317 1745/2169/305
f 1749/2174/312 1766/2196/318 1750/2175/314
f 1743/2167/315 1758/2184/319 1759/2185/320
f 1751/2176/316 1766/2196/318 1767/2197/321
f 1743/2167/315 1760/2186/322 1744/2168/317
f 1752/2177/303 1767/2197/321 1768/2198/323
f 1745/2169/305 1760/2186/322 1761/2187/324
f 1753/2178/304 1768/2198/323 1769/2199/325
f 1746/2170/306 1761/2187/324 1762/2188/326
f 1739/2162/307 1528/1897/24 1755/2180/327
f 1754/2179/26 1753/2178/304 1769/2199/325
f 1746/2170/306 1763/2189/328 1747/2171/308
f 1739/2162/307 1756/2181/329 1740/2163/309
f 1747/2171/308 1764/2191/330 1748/2172/310
f 1740/2164/309 1757/2183/331 1741/2165/311
f 1749/2174/312 1764/2192/330 1765/2195/332
f 1741/2165/311 1758/2184/319 1742/2166/313
f 1755/2180/327 1528/1897/24 1770/2200/333
f 1754/2179/26 1769/2199/325 1784/2221/334
f 1762/2188/326 1778/2212/335 1763/2189/328
f 1755/2180/327 1771/2202/336 1756/2181/329
f 1763/2190/328 1779/2214/337 1764/2193/330
f 1757/2183/331 1771/2201/336 1772/2204/338
f 1765/2194/332 1779/2214/337 1780/2216/339
f 1757/2183/331 1773/2205/340 1758/2184/319
f 1765/2195/332 1781/2218/341 1766/2196/318
f 1759/2185/320 1773/2205/340 1774/2206/342
f 1767/2197/321 1781/2218/341 1782/2219/343
f 1759/2185/320 1775/2207/344 1760/2186/322
f 1767/2197/321 1783/2220/345 1768/2198/323
f 1761/2187/324 1775/2207/344 1776/2208/346
f 1769/2199/325 1783/2220/345 1784/2221/334
f 1762/2188/326 1776/2208/346 1777/2210/347
f 1774/2206/342 1788/2226/348 1789/2227/349
f 1782/2219/343 1796/2237/350 1797/2238/351
f 1774/2206/342 1790/2228/352 1775/2207/344
f 1782/2219/343 1798/2239/353 1783/2220/345
f 1776/2208/346 1790/2228/352 1791/2230/354
f 1783/2220/345 1799/2240/355 1784/2221/334
f 1777/2211/347 1791/2231/354 1792/2232/356
f 1770/2200/333 1528/1897/24 1785/2222/357
f 1754/2179/26 1784/2221/334 1799/2240/355
f 1777/2211/347 1793/2233/358 1778/2213/335
f 1770/2200/333 1786/2223/359 1771/2202/336
f 1778/2213/335 1794/2234/360 1779/2214/337
f 1772/2203/338 1786/2223/359 1787/2224/361
f 1780/2216/339 1794/2234/360 1795/2235/362
f 1772/2204/338 1788/2226/348 1773/2205/340
f 1780/2216/339 1796/2236/350 1781/2217/341
f 1792/2232/356 1808/2254/363 1793/2233/358
f 1785/2222/357 1801/2242/364 1786/2223/359
f 1793/2233/358 1809/2255/365 1794/2234/360
f 1787/2224/361 1801/2242/364 1802/2244/366
f 1795/2235/362 1809/2255/365 1810/2256/367
f 1787/2225/361 1803/2246/368 1788/2226/348
f 1795/2235/362 1811/2258/369 1796/2236/350
f 1789/2227/349 1803/2246/368 1804/2248/370
f 1797/2238/351 1811/2257/369 1812/2260/371
f 1789/2227/349 1805/2250/372 1790/2228/352
f 1797/2238/351 1813/2261/373 1798/2239/353
f 1791/2231/354 1805/2251/372 1806/2252/374
f 1799/2240/355 1813/2261/373 1814/2262/375
f 1792/2232/356 1806/2252/374 1807/2253/376
f 1785/2222/357 1528/1897/24 1800/2241/377
f 1754/2179/26 1799/2240/355 1814/2262/375
f 1812/2259/371 1826/2275/378 1827/2276/379
f 1804/2249/370 1820/2269/380 1805/2251/372
f 1812/2260/371 1828/2278/381 1813/2261/373
f 1806/2252/374 1820/2269/380 1821/2270/382
f 1813/2261/373 1829/2279/383 1814/2262/375
f 1807/2253/376 1821/2270/382 1822/2271/384
f 1800/2241/377 1528/1897/24 1815/2263/385
f 1754/2179/26 1814/2262/375 1829/2279/383
f 1807/2253/376 1823/2272/386 1808/2254/363
f 1801/2242/364 1815/2263/385 1816/2264/387
f 1808/2254/363 1824/2273/388 1809/2255/365
f 1802/2244/366 1816/2264/387 1817/2265/389
f 1810/2256/367 1824/2273/388 1825/2274/390
f 1802/2244/366 1818/2266/391 1803/2245/368
f 1810/2256/367 1826/2275/378 1811/2258/369
f 1804/2249/370 1818/2267/391 1819/2268/392
f 1815/2263/385 1831/2281/394 1816/2264/387
f 1823/2272/386 1839/2291/395 1824/2273/388
f 1817/2265/389 1831/2281/394 1832/2282/396
f 1825/2274/390 1839/2291/395 1840/2292/397
f 1817/2265/389 1833/2284/398 1818/2266/391
f 1825/2274/390 1841/2293/399 1826/2275/378
f 1819/2268/392 1833/2283/398 1834/2285/400
f 1827/2276/379 1841/2293/399 1842/2295/401
f 1819/2268/392 1835/2287/402 1820/2269/380
f 1827/2277/379 1843/2296/403 1828/2278/381
f 1821/2270/382 1835/2287/402 1836/2288/404
f 1828/2278/381 1844/2297/405 1829/2279/383
f 1822/2271/384 1836/2288/404 1837/2289/406
f 1815/2263/385 1528/1897/24 1830/2280/393
f 1754/2179/26 1829/2279/383 1844/2297/405
f 1822/2271/384 1838/2290/407 1823/2272/386
f 1834/2285/400 1850/2304/408 1835/2287/402
f 1842/2294/401 1858/2313/409 1843/2296/403
f 1836/2288/404 1850/2304/408 1851/2305/410
f 1844/2297/405 1858/2313/409 1859/2314/411
f 1837/2289/406 1851/2305/410 1852/2306/412
f 1830/2280/393 1528/1897/24 1845/2298/413
f 1754/2179/26 1844/2297/405 1859/2314/411
f 1837/2289/406 1853/2307/414 1838/2290/407
f 1830/2280/393 1846/2299/415 1831/2281/394
f 1838/2290/407 1854/2308/416 1839/2291/395
f 1832/2282/396 1846/2299/415 1847/2300/417
f 1840/2292/397 1854/2308/416 1855/2309/418
f 1832/2282/396 1848/2301/419 1833/2284/398
f 1840/2292/397 1856/2310/420 1841/2293/399
f 1834/2286/400 1848/2301/419 1849/2302/421
f 1842/2295/401 1856/2310/420 1857/2311/422
f 1853/2307/414 1869/2325/423 1854/2308/416
f 1847/2300/417 1861/2316/424 1862/2317/425
f 1855/2309/418 1869/2325/423 1870/2326/426
f 1847/2300/417 1863/2318/427 1848/2301/419
f 1855/2309/418 1871/2327/428 1856/2310/420
f 1849/2302/421 1863/2318/427 1864/2319/429
f 1857/2311/422 1871/2327/428 1872/2329/430
f 1849/2303/421 1865/2321/431 1850/2304/408
f 1857/2312/422 1873/2330/432 1858/2313/409
f 1851/2305/410 1865/2321/431 1866/2322/433
f 1858/2313/409 1874/2331/434 1859/2314/411
f 1852/2306/412 1866/2322/433 1867/2323/435
f 1845/2298/413 1528/1897/24 1860/2315/436
f 1754/2179/26 1859/2314/411 1874/2331/434
f 1852/2306/412 1868/2324/437 1853/2307/414
f 1846/2299/415 1860/2315/436 1861/2316/424
f 1872/2328/430 1888/2351/438 1873/2330/432
f 1866/2322/433 1880/2339/439 1881/2340/440
f 1874/2331/434 1888/2351/438 1889/2352/441
f 1867/2323/435 1881/2340/440 1882/2341/442
f 1860/2315/436 1528/1897/24 1875/2332/486
f 1754/2179/26 1874/2331/434 1889/2352/441
f 1867/2323/435 1883/2342/444 1868/2324/437
f 1860/2315/436 1876/2333/445 1861/2316/424
f 1868/2324/437 1884/2343/446 1869/2325/423
f 1862/2317/425 1876/2333/445 1877/2334/447
f 1870/2326/426 1884/2343/446 1885/2344/448
f 1862/2317/425 1878/2335/449 1863/2318/427
f 1870/2326/426 1886/2346/450 1871/2327/428
f 1864/2319/429 1878/2335/449 1879/2337/451
f 1872/2329/430 1886/2346/450 1887/2348/452
f 1864/2320/429 1880/2339/439 1865/2321/431
f 1885/2344/448 1899/2367/453 1900/2369/454
f 1877/2334/447 1893/2356/455 1878/2335/449
f 1885/2345/448 1901/2371/456 1886/2347/450
f 1879/2337/451 1893/2356/455 1894/2357/457
f 1887/2349/452 1901/2371/456 1902/2372/458
f 1879/2337/451 1895/2358/459 1880/2338/439
f 1887/2350/452 1903/2374/460 1888/2351/438
f 1881/2340/440 1895/2359/459 1896/2361/461
f 1889/2352/441 1903/2374/460 1904/2375/462
f 1882/2341/442 1896/2361/461 1897/2363/463
f 1875/2332/486 1528/1897/24 1890/2353/464
f 1754/2179/26 1889/2352/441 1904/2375/462
f 1882/2341/442 1898/2365/465 1883/2342/444
f 1875/2332/486 1891/2354/466 1876/2333/445
f 1883/2342/444 1899/2367/453 1884/2343/446
f 1877/2334/447 1891/2354/466 1892/2355/467
f 1904/2375/462 1918/2392/468 1919/2393/469
f 1897/2364/463 1911/2383/470 1912/2384/471
f 1890/2353/464 1528/1897/24 1905/2376/472
f 1754/2179/26 1904/2375/462 1919/2393/469
f 1897/2364/463 1913/2385/473 1898/2366/465
f 1890/2353/464 1906/2377/474 1891/2354/466
f 1898/2366/465 1914/2386/475 1899/2368/453
f 1892/2355/467 1906/2377/474 1907/2378/476
f 1900/2370/454 1914/2386/475 1915/2387/477
f 1892/2355/467 1908/2379/478 1893/2356/455
f 1900/2370/454 1916/2388/479 1901/2371/456
f 1894/2357/457 1908/2379/478 1909/2380/480
f 1902/2372/458 1916/2388/479 1917/2390/481
f 1894/2357/457 1910/2381/482 1895/2358/459
f 1902/2373/458 1918/2392/468 1903/2374/460
f 1896/2362/461 1910/2382/482 1911/2383/470
f 1908/2379/478 1447/1804/32 1922/2396/4
f 1915/2387/477 1925/2400/7 1916/2388/479
f 1909/2380/480 1922/2396/4 1448/1805/10
f 1917/2390/481 1925/2400/7 1926/2401/12
f 1910/2381/482 1448/1805/10 1923/2397/13
f 1917/2390/481 1927/2402/16 1918/2391/468
f 1911/2383/470 1923/2398/13 1449/1806/17
f 1918/2392/468 1928/2404/20 1919/2393/469
f 1912/2384/471 1449/1806/17 1450/1807/22
f 1905/2376/472 1528/1897/24 1920/2394/23
f 1754/2179/26 1919/2393/469 1928/2404/20
f 1912/2384/471 1451/1808/28 1913/2385/473
f 1906/2377/474 1920/2394/23 1921/2395/29
f 1913/2385/473 1924/2399/1 1914/2386/475
f 1907/2378/476 1921/2395/29 1447/1804/32
f 1914/2386/475 1452/1809/3 1915/2387/477
f 1929/2405/487 1961/2475/131 1930/2407/488
f 1930/2407/488 1961/2475/131 1931/2409/489
f 1931/2409/489 1961/2475/131 1932/2411/490
f 1932/2411/490 1961/2475/131 1933/2413/491
f 1933/2413/491 1961/2475/131 1934/2415/492
f 1934/2415/492 1961/2475/131 1935/2417/493
f 1935/2418/493 1961/2473/131 1936/2420/494
f 1936/2420/494 1961/2473/131 1937/2422/495
f 1937/2422/495 1961/2473/131 1938/2424/496
f 1938/2424/496 1961/2473/131 1939/2426/497
f 1939/2426/497 1961/2473/131 1940/2428/498
f 1940/2428/498 1961/2473/131 1941/2430/499
f 1941/2430/499 1961/2473/131 1942/2432/500
f 1942/2432/500 1961/2473/131 1943/2434/501
f 1943/2435/501 1961/2475/131 1944/2437/502
f 1944/2437/502 1961/2475/131 1945/2439/503
f 1945/2439/503 1961/2475/131 1946/2441/504
f 1946/2441/504 1961/2475/131 1947/2443/505
f 1947/2443/505 1961/2475/131 1948/2445/506
f 1948/2445/506 1961/2475/131 1949/2447/507
f 1949/2447/507 1961/2475/131 1950/2449/508
f 1950/2449/508 1961/2475/131 1951/2451/509
f 1951/2452/509 1961/2474/131 1952/2454/510
f 1952/2454/510 1961/2474/131 1953/2456/511
f 1953/2456/511 1961/2474/131 1954/2458/512
f 1954/2458/512 1961/2474/131 1955/2460/513
f 1955/2460/513 1961/2474/131 1956/2462/514
f 1956/2462/514 1961/2474/131 1957/2464/515
f 1957/2464/515 1961/2474/131 1958/2466/516
f 1958/2466/516 1961/2474/131 1959/2468/517
f 1936/2421/494 1944/2438/502 1952/2455/510
f 1959/2469/517 1961/2475/131 1960/2471/518
f 1960/2471/518 1961/2475/131 1929/2405/487
f 1962/2476/519 1965/2482/520 1964/2480/521
f 1965/2482/520 1966/2484/522 1964/2480/521
f 1966/2484/522 1969/2490/523 1968/2488/524
f 1969/2490/523 1970/2492/525 1968/2488/524
f 1971/2494/526 1972/2496/527 1970/2492/525
f 1973/2498/528 1974/2500/529 1972/2496/527
f 1975/2502/530 1976/2504/531 1974/2500/529
f 1977/2506/532 1978/2509/533 1976/2504/531
f 1979/2512/534 1980/2514/535 1978/2508/533
f 1981/2516/536 1982/2518/537 1980/2514/535
f 1983/2520/538 1984/2522/539 1982/2518/537
f 1985/2524/540 1986/2526/541 1984/2522/539
f 1987/2528/542 1988/2530/543 1986/2526/541
f 1989/2532/544 1990/2534/545 1988/2530/543
f 1991/2536/546 1992/2538/547 1990/2534/545
f 1993/2540/548 1994/2543/549 1992/2538/547
f 1995/2546/550 1996/2548/551 1994/2542/549
f 1997/2550/552 1998/2552/553 1996/2548/551
f 1999/2554/554 2000/2556/555 1998/2552/553
f 2000/2556/555 2003/2562/556 2002/2560/557
f 2003/2562/556 2004/2564/558 2002/2560/557
f 2005/2566/559 2006/2568/560 2004/2564/558
f 2006/2569/560 2009/2576/561 2008/2574/562
f 2009/2576/561 2010/2578/563 2008/2574/562
f 2011/2580/564 2012/2582/565 2010/2578/563
f 2012/2582/565 2015/2588/566 2014/2586/567
f 2015/2588/566 2016/2590/568 2014/2586/567
f 2017/2592/569 2018/2594/570 2016/2590/568
f 2018/2594/570 2021/2600/571 2020/2598/572
f 2021/2600/571 2022/2602/573 2020/2598/572
f 1975/2503/530 1967/2487/574 1999/2555/554
f 2022/2603/573 2025/2611/575 2024/2608/576
f 2025/2611/575 1962/2476/519 2024/2608/576
f 2016/2591/568 2024/2609/576 1992/2539/547
f 1969/2490/523 1971/2494/526 1970/2492/525
f 1971/2494/526 1973/2498/528 1972/2496/527
f 1973/2498/528 1975/2502/530 1974/2500/529
f 1975/2502/530 1977/2506/532 1976/2504/531
f 1977/2506/532 1979/2511/534 1978/2509/533
f 1979/2512/534 1981/2516/536 1980/2514/535
f 1981/2516/536 1983/2520/538 1982/2518/537
f 1983/2520/538 1985/2524/540 1984/2522/539
f 1985/2524/540 1987/2528/542 1986/2526/541
f 1987/2528/542 1989/2532/544 1988/2530/543
f 1989/2532/544 1991/2536/546 1990/2534/545
f 1991/2536/546 1993/2540/548 1992/2538/547
f 1993/2540/548 1995/2545/550 1994/2543/549
f 1995/2546/550 1997/2550/552 1996/2548/551
f 1997/2550/552 1999/2554/554 1998/2552/553
f 478/596/1 16/17/31 17/18/2
f 476/593/4 1/1/32 9/9/5
f 479/597/7 6/6/3 17/18/2
f 476/593/4 10/10/6 11/11/9
f 479/597/7 18/19/8 19/20/11
f 477/594/13 2/2/10 11/11/9
f 480/598/12 19/20/11 20/21/15
f 3/3/17 477/595/13 12/13/14
f 481/600/16 20/22/15 21/23/19
f 3/3/17 13/14/18 14/15/21
f 4/4/22 14/15/21 15/16/27
f 475/592/29 474/591/23 7/7/25
f 5/5/28 15/16/27 16/17/31
f 1/1/32 475/592/29 8/8/30
f 15/16/27 30/34/46 31/35/33
f 8/8/30 23/25/47 24/26/34
f 17/18/2 16/17/31 31/35/33
f 9/9/5 24/26/34 25/27/36
f 18/19/8 17/18/2 32/36/35
f 10/10/6 25/27/36 26/28/38
f 19/20/11 18/19/8 33/37/37
f 11/11/9 26/28/38 27/30/40
f 20/21/15 19/20/11 34/38/39
f 13/14/18 12/13/14 27/31/40
f 20/22/15 35/40/41 36/41/43
f 13/14/18 28/32/42 29/33/44
f 14/15/21 29/33/44 30/34/46
f 7/7/25 22/24/45 23/25/47
f 35/39/41 34/38/39 49/55/48
f 28/32/42 27/31/40 42/48/50
f 36/41/43 35/40/41 50/57/49
f 29/33/44 28/32/42 43/49/51
f 29/33/44 44/50/53 45/51/55
f 22/24/45 37/42/54 38/43/56
f 30/34/46 45/51/55 46/52/57
f 23/25/47 38/43/56 39/44/58
f 32/36/35 31/35/33 46/52/57
f 24/26/34 39/44/58 40/45/60
f 33/37/37 32/36/35 47/53/59
f 25/27/36 40/45/60 41/46/62
f 34/38/39 33/37/37 48/54/61
f 26/29/38 41/47/62 42/48/50
f 38/43/56 53/60/77 54/61/63
f 47/53/59 46/52/57 61/69/64
f 39/44/58 54/61/63 55/62/66
f 47/53/59 62/70/65 63/71/67
f 41/46/62 40/45/60 55/62/66
f 49/55/48 48/54/61 63/71/67
f 41/47/62 56/64/68 57/65/70
f 50/56/49 49/55/48 64/72/69
f 43/49/51 42/48/50 57/65/70
f 51/58/52 50/57/49 65/74/71
f 44/50/53 43/49/51 58/66/72
f 44/50/53 59/67/74 60/68/76
f 37/42/54 52/59/75 53/60/77
f 45/51/55 60/68/76 61/69/64
f 58/66/72 57/65/70 72/82/78
f 65/74/71 80/92/92 81/93/80
f 59/67/74 58/66/72 73/83/79
f 59/67/74 74/84/81 75/85/83
f 53/60/77 52/59/75 67/76/82
f 60/68/76 75/85/83 76/86/85
f 54/61/63 53/60/77 68/77/84
f 62/70/65 61/69/64 76/86/85
f 54/61/63 69/78/86 70/79/88
f 62/70/65 77/87/87 78/88/89
f 56/63/68 55/62/66 70/79/88
f 64/72/69 63/71/67 78/88/89
f 56/64/68 71/81/90 72/82/78
f 64/72/69 79/89/91 80/91/92
f 77/87/87 76/86/85 92/106/93
f 69/78/86 85/97/107 86/98/95
f 77/87/87 93/107/94 94/108/96
f 71/80/90 70/79/88 86/98/95
f 79/89/91 78/88/89 94/108/96
f 71/81/90 87/99/97 88/102/99
f 80/92/92 79/90/91 95/110/98
f 73/83/79 72/82/78 88/102/99
f 81/93/80 80/92/92 96/111/100
f 74/84/81 73/83/79 89/103/101
f 74/84/81 90/104/103 91/105/105
f 67/76/82 83/95/104 84/96/106
f 75/85/83 91/105/105 92/106/93
f 68/77/84 84/96/106 85/97/107
f 96/111/100 111/133/122 112/134/108
f 90/104/103 89/103/101 104/122/109
f 90/104/103 105/125/110 106/126/112
f 83/95/104 98/113/111 99/114/113
f 91/105/105 106/126/112 107/127/114
f 85/97/107 84/96/106 99/114/113
f 93/107/94 92/106/93 107/127/114
f 85/97/107 100/115/115 101/116/117
f 93/107/94 108/128/116 109/129/118
f 87/100/97 86/98/95 101/116/117
f 95/109/98 94/108/96 109/129/118
f 87/100/97 102/117/119 103/119/121
f 95/110/98 110/132/120 111/133/122
f 89/103/101 88/102/99 103/120/121
f 100/115/115 115/137/136 116/138/123
f 108/128/116 123/151/137 124/153/124
f 102/117/119 101/116/117 116/138/123
f 110/132/120 109/130/118 124/154/124
f 102/118/119 117/141/125 118/142/127
f 111/133/122 110/132/120 125/155/126
f 104/123/109 103/121/121 118/142/127
f 111/133/122 126/156/128 127/157/130
f 105/124/110 104/123/109 119/143/129
f 105/125/110 120/144/131 121/146/133
f 98/113/111 113/135/132 114/136/134
f 106/126/112 121/146/133 122/149/135
f 99/114/113 114/136/134 115/137/136
f 108/128/116 107/127/114 122/149/135
f 120/145/131 119/143/129 134/166/138
f 120/145/131 135/167/139 136/168/142
f 114/136/134 113/135/132 128/158/140
f 121/147/133 136/168/142 137/170/144
f 115/137/136 114/136/134 129/159/143
f 123/152/137 122/150/135 137/169/144
f 115/137/136 130/160/145 131/162/147
f 123/152/137 138/171/146 139/173/148
f 117/141/125 116/139/123 131/163/147
f 125/155/126 124/154/124 139/173/148
f 117/141/125 132/164/149 133/165/151
f 125/155/126 140/174/150 141/175/152
f 119/143/129 118/142/127 133/165/151
f 126/156/128 141/175/152 142/176/141
f 138/171/146 153/189/167 154/190/153
f 132/164/149 131/163/147 146/181/154
f 140/174/150 139/173/148 154/190/153
f 132/164/149 147/182/155 148/183/157
f 141/175/152 140/174/150 155/191/156
f 134/166/138 133/165/151 148/183/157
f 141/175/152 156/192/158 157/193/160
f 135/167/139 134/166/138 149/184/159
f 135/167/139 150/185/161 151/186/163
f 128/158/140 143/177/162 144/178/164
f 136/168/142 151/186/163 152/187/165
f 129/159/143 144/178/164 145/179/166
f 138/172/146 137/170/144 152/187/165
f 130/161/145 145/180/166 146/181/154
f 150/185/161 165/202/181 166/203/169
f 143/177/162 158/194/182 159/195/170
f 151/186/163 166/203/169 167/204/171
f 144/178/164 159/195/170 160/196/172
f 153/188/167 152/187/165 167/204/171
f 145/180/166 160/197/172 161/198/174
f 153/189/167 168/206/173 169/207/175
f 147/182/155 146/181/154 161/198/174
f 155/191/156 154/190/153 169/207/175
f 147/182/155 162/199/176 163/200/178
f 156/192/158 155/191/156 170/208/177
f 149/184/159 148/183/157 163/200/178
f 157/193/160 156/192/158 171/209/179
f 150/185/161 149/184/159 164/201/180
f 170/208/177 169/207/175 184/225/183
f 162/199/176 177/216/197 178/217/185
f 171/209/179 170/208/177 185/226/184
f 164/201/180 163/200/178 178/217/185
f 172/210/168 171/209/179 186/227/186
f 165/202/181 164/201/180 179/218/187
f 165/202/181 180/219/189 181/220/191
f 158/194/182 173/211/190 174/212/192
f 166/203/169 181/220/191 182/221/193
f 159/195/170 174/212/192 175/213/194
f 168/205/173 167/204/171 182/221/193
f 160/197/172 175/214/194 176/215/196
f 168/206/173 183/224/195 184/225/183
f 162/199/176 161/198/174 176/215/196
f 174/212/192 173/211/190 188/229/198
f 181/220/191 196/238/212 197/239/200
f 175/213/194 174/212/192 189/230/199
f 183/224/195 182/222/193 197/240/200
f 175/214/194 190/232/201 191/233/203
f 183/224/195 198/241/202 199/242/204
f 177/216/197 176/215/196 191/233/203
f 185/226/184 184/225/183 199/242/204
f 177/216/197 192/234/205 193/235/207
f 185/226/184 200/243/206 201/244/208
f 179/218/187 178/217/185 193/235/207
f 186/227/186 201/244/208 202/245/210
f 180/219/189 179/218/187 194/236/209
f 180/219/189 195/237/211 196/238/212
f 192/234/205 207/251/227 208/252/213
f 201/244/208 200/243/206 215/260/214
f 194/236/209 193/235/207 208/252/213
f 202/245/210 201/244/208 216/261/215
f 195/237/211 194/236/209 209/253/216
f 195/237/211 210/254/218 211/255/220
f 188/229/198 203/246/219 204/247/221
f 196/238/212 211/255/220 212/256/222
f 189/230/199 204/247/221 205/248/223
f 198/241/202 197/240/200 212/257/222
f 190/232/201 205/249/223 206/250/225
f 198/241/202 213/258/224 214/259/226
f 192/234/205 191/233/203 206/250/225
f 200/243/206 199/242/204 214/259/226
f 211/255/220 226/275/241 227/276/228
f 204/247/221 219/264/242 220/266/229
f 213/258/224 212/257/222 227/277/228
f 205/249/223 220/267/229 221/270/231
f 213/258/224 228/278/230 229/279/232
f 207/251/227 206/250/225 221/270/231
f 215/260/214 214/259/226 229/279/232
f 207/251/227 222/271/233 223/272/235
f 216/261/215 215/260/214 230/280/234
f 209/253/216 208/252/213 223/272/235
f 217/262/217 216/261/215 231/281/236
f 210/254/218 209/253/216 224/273/237
f 210/254/218 225/274/239 226/275/241
f 203/246/219 218/263/240 219/264/242
f 231/281/236 230/280/234 245/304/243
f 224/273/237 223/272/235 238/291/245
f 231/281/236 246/305/244 247/306/247
f 225/274/239 224/273/237 239/293/246
f 225/274/239 240/295/248 241/298/250
f 219/264/242 218/263/240 233/283/249
f 226/275/241 241/298/250 242/300/252
f 219/265/242 234/284/251 235/286/253
f 228/278/230 227/277/228 242/301/252
f 220/268/229 235/286/253 236/288/255
f 228/278/230 243/302/254 244/303/256
f 222/271/233 221/270/231 236/287/255
f 230/280/234 229/279/232 244/303/256
f 222/271/233 237/289/257 238/291/245
f 235/286/253 234/284/251 249/309/258
f 243/302/254 242/301/252 257/318/260
f 235/286/253 250/310/259 251/311/262
f 243/302/254 258/319/261 259/320/263
f 237/290/257 236/288/255 251/311/262
f 245/304/243 244/303/256 259/320/263
f 237/290/257 252/312/264 253/313/266
f 245/304/243 260/321/265 261/322/267
f 239/294/246 238/292/245 253/313/266
f 246/305/244 261/322/267 262/323/269
f 240/296/248 239/294/246 254/314/268
f 240/296/248 255/315/270 256/316/272
f 234/285/251 233/283/249 248/307/271
f 241/299/250 256/317/272 257/318/260
f 254/314/268 253/313/266 268/330/273
f 261/322/267 276/340/287 277/341/275
f 255/315/270 254/314/268 269/331/274
f 255/315/270 270/332/276 271/334/278
f 249/308/258 248/307/271 263/324/277
f 256/317/272 271/333/278 272/336/280
f 249/309/258 264/326/279 265/327/281
f 258/319/261 257/318/260 272/336/280
f 250/310/259 265/327/281 266/328/283
f 258/319/261 273/337/282 274/338/284
f 252/312/264 251/311/262 266/328/283
f 260/321/265 259/320/263 274/338/284
f 252/312/264 267/329/285 268/330/273
f 261/322/267 260/321/265 275/339/286
f 273/337/282 272/336/280 287/353/288
f 265/327/281 280/345/302 281/346/290
f 273/337/282 288/354/289 289/355/291
f 267/329/285 266/328/283 281/346/290
f 275/339/286 274/338/284 289/355/291
f 267/329/285 282/347/292 283/348/294
f 275/339/286 290/356/293 291/357/295
f 269/331/274 268/330/273 283/348/294
f 276/340/287 291/357/295 292/358/297
f 270/332/276 269/331/274 284/349/296
f 270/332/276 285/350/298 286/351/300
f 263/324/277 278/342/299 279/343/301
f 271/334/278 286/351/300 287/352/288
f 264/326/279 279/344/301 280/345/302
f 292/358/297 291/357/295 306/374/303
f 285/350/298 284/349/296 299/366/305
f 285/350/298 300/367/306 301/368/308
f 278/342/299 293/359/307 294/360/309
f 286/351/300 301/368/308 302/369/310
f 280/345/302 279/344/301 294/361/309
f 288/354/289 287/353/288 302/370/310
f 280/345/302 295/362/311 296/363/313
f 288/354/289 303/371/312 304/372/314
f 282/347/292 281/346/290 296/363/313
f 290/356/293 289/355/291 304/372/314
f 282/347/292 297/364/315 298/365/317
f 290/356/293 305/373/316 306/374/303
f 284/349/296 283/348/294 298/365/317
f 303/371/312 319/392/332 320/393/318
f 297/364/315 296/363/313 312/381/319
f 305/373/316 304/372/314 320/393/318
f 297/364/315 313/382/320 314/383/322
f 305/373/316 321/394/321 322/395/323
f 299/366/305 298/365/317 314/383/322
f 306/374/303 322/395/323 323/396/325
f 300/367/306 299/366/305 315/384/324
f 300/367/306 316/385/326 317/386/328
f 294/360/309 293/359/307 309/377/327
f 301/368/308 317/386/328 318/388/330
f 295/362/311 294/361/309 310/379/329
f 303/371/312 302/370/310 318/389/330
f 295/362/311 311/380/331 312/381/319
f 316/385/326 331/407/347 332/409/335
f 309/377/327 324/397/333 325/399/336
f 317/387/328 332/410/335 333/411/337
f 310/379/329 325/398/336 326/401/338
f 319/391/332 318/390/330 333/411/337
f 311/380/331 326/401/338 327/402/340
f 319/392/332 334/412/339 335/415/341
f 313/382/320 312/381/319 327/402/340
f 321/394/321 320/393/318 335/415/341
f 313/382/320 328/403/342 329/404/344
f 321/394/321 336/416/343 337/417/345
f 315/384/324 314/383/322 329/404/344
f 323/396/325 322/395/323 337/417/345
f 316/385/326 315/384/324 330/405/346
f 328/403/342 327/402/340 342/423/348
f 336/416/343 335/415/341 350/434/350
f 328/403/342 343/424/349 344/425/352
f 336/416/343 351/435/351 352/436/353
f 330/405/346 329/404/344 344/425/352
f 338/418/334 337/417/345 352/436/353
f 331/408/347 330/406/346 345/428/354
f 331/408/347 346/429/356 347/430/358
f 324/397/333 339/419/357 340/420/359
f 332/410/335 347/430/358 348/431/360
f 326/400/338 325/399/336 340/420/359
f 334/413/339 333/411/337 348/431/360
f 326/401/338 341/422/361 342/423/348
f 334/413/339 349/432/362 350/433/350
f 346/429/356 361/450/376 362/451/363
f 339/419/357 354/438/377 355/439/364
f 347/430/358 362/451/363 363/452/365
f 341/421/361 340/420/359 355/439/364
f 349/432/362 348/431/360 363/452/365
f 341/422/361 356/440/366 357/443/368
f 349/432/362 364/453/367 365/455/369
f 343/424/349 342/423/348 357/443/368
f 351/435/351 350/434/350 365/454/369
f 343/424/349 358/445/370 359/447/372
f 351/435/351 366/457/371 367/458/373
f 345/428/354 344/426/352 359/448/372
f 353/437/355 352/436/353 367/458/373
f 346/429/356 345/428/354 360/449/374
f 366/456/371 365/455/369 380/472/378
f 358/446/370 373/465/392 374/466/380
f 366/457/371 381/474/379 382/475/381
f 360/449/374 359/448/372 374/466/380
f 367/458/373 382/475/381 383/476/383
f 361/450/376 360/449/374 375/467/382
f 361/450/376 376/468/384 377/469/386
f 355/439/364 354/438/377 369/460/385
f 362/451/363 377/469/386 378/470/388
f 356/441/366 355/439/364 370/461/387
f 364/453/367 363/452/365 378/470/388
f 356/441/366 371/462/389 372/463/391
f 364/453/367 379/471/390 380/472/378
f 358/446/370 357/444/368 372/464/391
f 370/461/387 369/460/385 384/477/393
f 377/469/386 392/487/407 393/488/395
f 371/462/389 370/461/387 385/478/394
f 379/471/390 378/470/388 393/488/395
f 371/462/389 386/479/396 387/481/398
f 379/471/390 394/489/397 395/490/399
f 373/465/392 372/464/391 387/480/398
f 381/473/379 380/472/378 395/490/399
f 373/465/392 388/482/400 389/484/402
f 381/474/379 396/491/401 397/493/403
f 375/467/382 374/466/380 389/484/402
f 382/475/381 397/493/403 398/494/405
f 376/468/384 375/467/382 390/485/404
f 376/468/384 391/486/406 392/487/407
f 388/482/400 403/500/421 404/501/408
f 396/491/401 411/509/422 412/510/409
f 390/485/404 389/484/402 404/501/408
f 398/494/405 397/493/403 412/510/409
f 391/486/406 390/485/404 405/502/410
f 391/486/406 406/503/412 407/504/414
f 384/477/393 399/495/413 400/496/415
f 392/487/407 407/504/414 408/505/416
f 386/479/396 385/478/394 400/496/415
f 394/489/397 393/488/395 408/505/416
f 386/479/396 401/497/417 402/498/419
f 394/489/397 409/506/418 410/507/420
f 388/483/400 387/481/398 402/498/419
f 396/492/401 395/490/399 410/507/420
f 407/504/414 422/521/437 423/522/423
f 401/497/417 400/496/415 415/513/424
f 409/506/418 408/505/416 423/522/423
f 401/497/417 416/514/425 417/515/427
f 409/506/418 424/523/426 425/524/428
f 403/499/421 402/498/419 417/515/427
f 411/508/422 410/507/420 425/524/428
f 403/500/421 418/517/429 419/518/431
f 411/509/422 426/525/430 427/527/432
f 405/502/410 404/501/408 419/518/431
f 412/510/409 427/527/432 428/528/434
f 406/503/412 405/502/410 420/519/433
f 406/503/412 421/520/435 422/521/437
f 399/495/413 414/512/436 415/513/424
f 426/525/430 441/547/452 442/548/438
f 420/519/433 419/518/431 434/536/439
f 428/528/434 427/527/432 442/548/438
f 421/520/435 420/519/433 435/537/440
f 421/520/435 436/538/442 437/539/444
f 414/512/436 429/529/443 430/530/445
f 422/521/437 437/539/444 438/540/446
f 416/514/425 415/513/424 430/530/445
f 424/523/426 423/522/423 438/540/446
f 416/514/425 431/531/447 432/532/449
f 424/523/426 439/541/448 440/543/450
f 418/516/429 417/515/427 432/532/449
f 426/526/430 425/524/428 440/543/450
f 418/517/429 433/533/451 434/536/439
f 439/541/448 438/540/446 453/564/453
f 431/531/447 446/552/467 447/553/455
f 439/542/448 454/567/454 455/568/456
f 433/534/451 432/532/449 447/553/455
f 441/546/452 440/544/450 455/568/456
f 433/534/451 448/554/457 449/555/459
f 441/547/452 456/570/458 457/571/460
f 435/537/440 434/536/439 449/556/459
f 442/548/438 457/571/460 458/572/462
f 436/538/442 435/537/440 450/558/461
f 436/538/442 451/560/463 452/562/465
f 430/530/445 429/529/443 444/550/464
f 437/539/444 452/562/465 453/564/453
f 431/531/447 430/530/445 445/551/466
f 458/572/462 457/571/460 472/589/468
f 451/561/463 450/559/461 465/580/470
f 451/561/463 466/581/471 467/582/473
f 444/550/464 459/573/472 460/574/474
f 452/563/465 467/582/473 468/583/475
f 446/552/467 445/551/466 460/574/474
f 454/567/454 453/565/453 468/583/475
f 446/552/467 461/575/476 462/576/478
f 454/567/454 469/584/477 470/585/479
f 448/554/457 447/553/455 462/576/478
f 456/569/458 455/568/456 470/585/479
f 448/554/457 463/577/480 464/578/482
f 456/570/458 471/586/481 472/589/468
f 450/559/461 449/557/459 464/579/482
f 462/576/478 461/575/476 1/1/32
f 469/584/477 6/6/3 479/597/7
f 463/577/480 462/576/478 476/593/4
f 471/587/481 470/585/479 479/597/7
f 464/578/482 463/577/480 2/2/10
f 471/587/481 480/598/12 481/599/16
f 465/580/470 464/579/482 477/595/13
f 472/589/468 481/600/16 482/601/20
f 466/581/471 465/580/470 3/3/17
f 466/581/471 4/4/22 5/5/28
f 459/573/472 474/591/23 475/592/29
f 467/582/473 5/5/28 478/596/1
f 461/575/476 460/574/474 475/592/29
f 468/583/475 478/596/1 6/6/3
f 960/1197/1 498/618/31 499/619/2
f 958/1194/4 483/602/32 491/610/5
f 488/607/3 499/619/2 500/620/8
f 484/603/10 958/1194/4 492/611/6
f 961/1198/7 500/620/8 501/621/11
f 959/1195/13 484/603/10 493/612/9
f 962/1199/12 501/621/11 502/622/15
f 485/604/17 959/1196/13 494/614/14
f 963/1201/16 502/623/15 503/624/19
f 485/604/17 495/615/18 496/616/21
f 487/606/28 486/605/22 496/616/21
f 957/1193/29 956/1192/23 489/608/25
f 487/606/28 497/617/27 498/618/31
f 957/1193/29 490/609/30 491/610/5
f 498/618/31 497/617/27 512/635/46
f 491/610/5 490/609/30 505/626/47
f 499/619/2 498/618/31 513/636/33
f 492/611/6 491/610/5 506/627/34
f 499/619/2 514/637/35 515/638/37
f 493/612/9 492/611/6 507/628/36
f 500/620/8 515/638/37 516/639/39
f 493/612/9 508/629/38 509/631/40
f 501/621/11 516/639/39 517/640/41
f 494/614/14 509/632/40 510/633/42
f 503/624/19 502/623/15 517/641/41
f 495/615/18 510/633/42 511/634/44
f 497/617/27 496/616/21 511/634/44
f 489/608/25 504/625/45 505/626/47
f 516/639/39 531/656/48 532/657/49
f 509/632/40 524/649/50 525/650/51
f 517/641/41 532/658/49 533/659/52
f 510/633/42 525/650/51 526/651/53
f 512/635/46 511/634/44 526/651/53
f 505/626/47 504/625/45 519/643/54
f 513/636/33 512/635/46 527/652/55
f 506/627/34 505/626/47 520/644/56
f 514/637/35 513/636/33 528/653/57
f 506/627/34 521/645/58 522/646/60
f 514/637/35 529/654/59 530/655/61
f 507/628/36 522/646/60 523/647/62
f 516/639/39 515/638/37 530/655/61
f 508/630/38 523/648/62 524/649/50
f 521/645/58 520/644/56 535/661/77
f 529/654/59 528/653/57 543/670/64
f 521/645/58 536/662/63 537/663/66
f 530/655/61 529/654/59 544/671/65
f 522/646/60 537/663/66 538/664/68
f 531/656/48 530/655/61 545/672/67
f 523/648/62 538/665/68 539/666/70
f 531/656/48 546/673/69 547/674/71
f 525/650/51 524/649/50 539/666/70
f 532/658/49 547/675/71 548/676/73
f 526/651/53 525/650/51 540/667/72
f 526/651/53 541/668/74 542/669/76
f 520/644/56 519/643/54 534/660/75
f 527/652/55 542/669/76 543/670/64
f 540/667/72 539/666/70 554/683/78
f 547/675/71 562/693/92 563/694/80
f 541/668/74 540/667/72 555/684/79
f 541/668/74 556/685/81 557/686/83
f 534/660/75 549/677/82 550/678/84
f 542/669/76 557/686/83 558/687/85
f 536/662/63 535/661/77 550/678/84
f 544/671/65 543/670/64 558/687/85
f 536/662/63 551/679/86 552/680/88
f 544/671/65 559/688/87 560/689/89
f 538/664/68 537/663/66 552/680/88
f 546/673/69 545/672/67 560/689/89
f 538/665/68 553/682/90 554/683/78
f 546/673/69 561/690/91 562/692/92
f 559/688/87 558/687/85 574/707/93
f 551/679/86 567/698/107 568/699/95
f 559/688/87 575/708/94 576/709/96
f 553/681/90 552/680/88 568/699/95
f 561/690/91 560/689/89 576/709/96
f 553/682/90 569/700/97 570/703/99
f 562/693/92 561/691/91 577/711/98
f 555/684/79 554/683/78 570/703/99
f 563/694/80 562/693/92 578/712/100
f 556/685/81 555/684/79 571/704/101
f 556/685/81 572/705/103 573/706/105
f 549/677/82 565/696/104 566/697/106
f 557/686/83 573/706/105 574/707/93
f 550/678/84 566/697/106 567/698/107
f 579/713/102 578/712/100 593/734/122
f 572/705/103 571/704/101 586/723/109
f 572/705/103 587/726/110 588/727/112
f 565/696/104 580/714/111 581/715/113
f 574/707/93 573/706/105 588/727/112
f 566/697/106 581/715/113 582/716/115
f 575/708/94 574/707/93 589/728/114
f 567/698/107 582/716/115 583/717/117
f 575/708/94 590/729/116 591/730/118
f 569/701/97 568/699/95 583/717/117
f 576/709/96 591/730/118 592/732/120
f 569/701/97 584/718/119 585/720/121
f 578/712/100 577/711/98 592/733/120
f 570/703/99 585/721/121 586/723/109
f 582/716/115 597/738/136 598/739/123
f 590/729/116 605/752/137 606/754/124
f 584/718/119 583/717/117 598/739/123
f 591/731/118 606/755/124 607/756/126
f 584/719/119 599/742/125 600/743/127
f 592/733/120 607/756/126 608/757/128
f 586/724/109 585/722/121 600/743/127
f 594/735/108 593/734/122 608/757/128
f 587/725/110 586/724/109 601/744/129
f 587/726/110 602/745/131 603/747/133
f 580/714/111 595/736/132 596/737/134
f 588/727/112 603/747/133 604/749/135
f 581/715/113 596/737/134 597/738/136
f 590/729/116 589/728/114 604/749/135
f 602/746/131 601/744/129 616/767/138
f 602/746/131 617/768/139 618/769/142
f 596/737/134 595/736/132 610/759/140
f 604/750/135 603/748/133 618/769/142
f 597/738/136 596/737/134 611/760/143
f 605/753/137 604/751/135 619/770/144
f 597/738/136 612/761/145 613/763/147
f 606/755/124 605/753/137 620/772/146
f 598/740/123 613/764/147 614/765/149
f 607/756/126 606/755/124 621/774/148
f 599/742/125 614/765/149 615/766/151
f 607/756/126 622/775/150 623/776/152
f 600/743/127 615/766/151 616/767/138
f 608/757/128 623/776/152 624/777/141
f 620/772/146 635/790/167 636/791/153
f 614/765/149 613/764/147 628/782/154
f 622/775/150 621/774/148 636/791/153
f 614/765/149 629/783/155 630/784/157
f 622/775/150 637/792/156 638/793/158
f 616/767/138 615/766/151 630/784/157
f 623/776/152 638/793/158 639/794/160
f 617/768/139 616/767/138 631/785/159
f 617/768/139 632/786/161 633/787/163
f 611/760/143 610/759/140 625/778/162
f 618/769/142 633/787/163 634/788/165
f 612/761/145 611/760/143 626/779/164
f 620/773/146 619/771/144 634/788/165
f 612/762/145 627/781/166 628/782/154
f 632/786/161 647/803/181 648/804/169
f 626/779/164 625/778/162 640/795/182
f 633/787/163 648/804/169 649/805/171
f 627/780/166 626/779/164 641/796/170
f 635/789/167 634/788/165 649/805/171
f 628/782/154 627/781/166 642/798/172
f 636/791/153 635/790/167 650/807/173
f 628/782/154 643/799/174 644/800/176
f 636/791/153 651/808/175 652/809/177
f 629/783/155 644/800/176 645/801/178
f 637/792/156 652/809/177 653/810/179
f 631/785/159 630/784/157 645/801/178
f 638/793/158 653/810/179 654/811/168
f 632/786/161 631/785/159 646/802/180
f 652/809/177 651/808/175 666/826/183
f 644/800/176 659/817/197 660/818/185
f 653/810/179 652/809/177 667/827/184
f 646/802/180 645/801/178 660/818/185
f 653/810/179 668/828/186 669/829/188
f 647/803/181 646/802/180 661/819/187
f 647/803/181 662/820/189 663/821/191
f 640/795/182 655/812/190 656/813/192
f 648/804/169 663/821/191 664/822/193
f 641/796/170 656/813/192 657/814/194
f 650/806/173 649/805/171 664/822/193
f 642/798/172 657/815/194 658/816/196
f 650/807/173 665/825/195 666/826/183
f 644/800/176 643/799/174 658/816/196
f 655/812/190 670/830/198 671/831/199
f 663/821/191 678/839/212 679/840/200
f 657/814/194 656/813/192 671/831/199
f 664/823/193 679/841/200 680/842/202
f 657/815/194 672/833/201 673/834/203
f 665/825/195 680/842/202 681/843/204
f 659/817/197 658/816/196 673/834/203
f 667/827/184 666/826/183 681/843/204
f 660/818/185 659/817/197 674/835/205
f 667/827/184 682/844/206 683/845/208
f 661/819/187 660/818/185 675/836/207
f 669/829/188 668/828/186 683/845/208
f 662/820/189 661/819/187 676/837/209
f 662/820/189 677/838/211 678/839/212
f 675/836/207 674/835/205 689/852/227
f 683/845/208 682/844/206 697/861/214
f 676/837/209 675/836/207 690/853/213
f 684/846/210 683/845/208 698/862/215
f 677/838/211 676/837/209 691/854/216
f 677/838/211 692/855/218 693/856/220
f 670/830/198 685/847/219 686/848/221
f 678/839/212 693/856/220 694/857/222
f 671/831/199 686/848/221 687/849/223
f 679/841/200 694/858/222 695/859/224
f 672/833/201 687/850/223 688/851/225
f 681/843/204 680/842/202 695/859/224
f 673/834/203 688/851/225 689/852/227
f 682/844/206 681/843/204 696/860/226
f 693/856/220 708/876/241 709/877/228
f 686/848/221 701/865/242 702/867/229
f 694/858/222 709/878/228 710/879/230
f 687/850/223 702/868/229 703/871/231
f 696/860/226 695/859/224 710/879/230
f 688/851/225 703/871/231 704/872/233
f 697/861/214 696/860/226 711/880/232
f 690/853/213 689/852/227 704/872/233
f 698/862/215 697/861/214 712/881/234
f 691/854/216 690/853/213 705/873/235
f 698/862/215 713/882/236 714/883/238
f 692/855/218 691/854/216 706/874/237
f 692/855/218 707/875/239 708/876/241
f 686/848/221 685/847/219 700/864/240
f 713/882/236 712/881/234 727/905/243
f 706/874/237 705/873/235 720/892/245
f 714/883/238 713/882/236 728/906/244
f 707/875/239 706/874/237 721/894/246
f 707/875/239 722/896/248 723/899/250
f 700/864/240 715/884/249 716/886/251
f 708/876/241 723/899/250 724/901/252
f 701/866/242 716/885/251 717/887/253
f 709/878/228 724/902/252 725/903/254
f 702/869/229 717/887/253 718/889/255
f 711/880/232 710/879/230 725/903/254
f 703/871/231 718/888/255 719/890/257
f 712/881/234 711/880/232 726/904/256
f 705/873/235 704/872/233 719/890/257
f 717/887/253 716/885/251 731/910/258
f 725/903/254 724/902/252 739/919/260
f 718/889/255 717/887/253 732/911/259
f 726/904/256 725/903/254 740/920/261
f 718/889/255 733/912/262 734/913/264
f 726/904/256 741/921/263 742/922/265
f 719/891/257 734/913/264 735/914/266
f 727/905/243 742/922/265 743/923/267
f 720/893/245 735/914/266 736/915/268
f 728/906/244 743/923/267 744/924/269
f 722/897/248 721/895/246 736/915/268
f 722/897/248 737/916/270 738/917/272
f 716/886/251 715/884/249 730/908/271
f 724/902/252 723/900/250 738/918/272
f 735/914/266 750/931/273 751/932/274
f 744/924/269 743/923/267 758/941/287
f 737/916/270 736/915/268 751/932/274
f 737/916/270 752/933/276 753/935/278
f 730/908/271 745/925/277 746/926/279
f 739/919/260 738/918/272 753/934/278
f 732/911/259 731/910/258 746/927/279
f 740/920/261 739/919/260 754/937/280
f 733/912/262 732/911/259 747/928/281
f 740/920/261 755/938/282 756/939/284
f 734/913/264 733/912/262 748/929/283
f 741/921/263 756/939/284 757/940/286
f 734/913/264 749/930/285 750/931/273
f 742/922/265 757/940/286 758/941/287
f 755/938/282 754/937/280 769/954/288
f 747/928/281 762/946/302 763/947/290
f 755/938/282 770/955/289 771/956/291
f 749/930/285 748/929/283 763/947/290
f 757/940/286 756/939/284 771/956/291
f 749/930/285 764/948/292 765/949/294
f 757/940/286 772/957/293 773/958/295
f 751/932/274 750/931/273 765/949/294
f 758/941/287 773/958/295 774/959/297
f 752/933/276 751/932/274 766/950/296
f 752/933/276 767/951/298 768/952/300
f 746/926/279 745/925/277 760/943/299
f 753/935/278 768/952/300 769/953/288
f 747/928/281 746/927/279 761/945/301
f 773/958/295 788/975/303 789/976/304
f 766/950/296 781/967/305 782/968/306
f 768/952/300 767/951/298 782/968/306
f 760/943/299 775/960/307 776/961/309
f 768/952/300 783/969/308 784/970/310
f 762/946/302 761/945/301 776/962/309
f 770/955/289 769/954/288 784/971/310
f 762/946/302 777/963/311 778/964/313
f 771/956/291 770/955/289 785/972/312
f 763/947/290 778/964/313 779/965/315
f 772/957/293 771/956/291 786/973/314
f 764/948/292 779/965/315 780/966/317
f 772/957/293 787/974/316 788/975/303
f 766/950/296 765/949/294 780/966/317
f 786/973/314 785/972/312 801/993/332
f 778/964/313 794/982/319 795/983/320
f 787/974/316 786/973/314 802/994/318
f 779/965/315 795/983/320 796/984/322
f 787/974/316 803/995/321 804/996/323
f 780/966/317 796/984/322 797/985/324
f 788/975/303 804/996/323 805/997/325
f 782/968/306 781/967/305 797/985/324
f 782/968/306 798/986/326 799/987/328
f 776/961/309 775/960/307 791/978/327
f 784/970/310 783/969/308 799/987/328
f 777/963/311 776/962/309 792/980/329
f 785/972/312 784/971/310 800/990/330
f 777/963/311 793/981/331 794/982/319
f 798/986/326 813/1008/347 814/1010/335
f 791/978/327 806/998/333 807/1000/336
f 799/988/328 814/1011/335 815/1012/337
f 792/980/329 807/999/336 808/1002/338
f 801/992/332 800/991/330 815/1012/337
f 793/981/331 808/1002/338 809/1003/340
f 801/993/332 816/1013/339 817/1015/341
f 795/983/320 794/982/319 809/1003/340
f 803/995/321 802/994/318 817/1015/341
f 795/983/320 810/1004/342 811/1005/344
f 803/995/321 818/1017/343 819/1018/345
f 797/985/324 796/984/322 811/1005/344
f 805/997/325 804/996/323 819/1018/345
f 798/986/326 797/985/324 812/1006/346
f 809/1003/340 824/1024/348 825/1025/349
f 818/1017/343 817/1015/341 832/1035/350
f 810/1004/342 825/1025/349 826/1026/352
f 819/1018/345 818/1017/343 833/1036/351
f 812/1006/346 811/1005/344 826/1026/352
f 820/1019/334 819/1018/345 834/1037/353
f 813/1009/347 812/1007/346 827/1029/354
f 813/1009/347 828/1030/356 829/1031/358
f 806/998/333 821/1020/357 822/1021/359
f 814/1011/335 829/1031/358 830/1032/360
f 807/1000/336 822/1021/359 823/1022/361
f 816/1014/339 815/1012/337 830/1032/360
f 808/1002/338 823/1023/361 824/1024/348
f 817/1016/341 816/1014/339 831/1033/362
f 828/1030/356 843/1051/376 844/1052/363
f 821/1020/357 836/1039/377 837/1040/364
f 829/1031/358 844/1052/363 845/1053/365
f 823/1022/361 822/1021/359 837/1040/364
f 831/1033/362 830/1032/360 845/1053/365
f 823/1023/361 838/1041/366 839/1044/368
f 832/1034/350 831/1033/362 846/1054/367
f 824/1024/348 839/1044/368 840/1046/370
f 833/1036/351 832/1035/350 847/1055/369
f 825/1025/349 840/1046/370 841/1048/372
f 833/1036/351 848/1058/371 849/1059/373
f 827/1029/354 826/1027/352 841/1049/372
f 834/1037/353 849/1059/373 850/1060/375
f 828/1030/356 827/1029/354 842/1050/374
f 848/1057/371 847/1056/369 862/1073/378
f 840/1047/370 855/1066/392 856/1067/380
f 849/1059/373 848/1058/371 863/1075/379
f 842/1050/374 841/1049/372 856/1067/380
f 849/1059/373 864/1076/381 865/1077/383
f 843/1051/376 842/1050/374 857/1068/382
f 843/1051/376 858/1069/384 859/1070/386
f 837/1040/364 836/1039/377 851/1061/385
f 844/1052/363 859/1070/386 860/1071/388
f 837/1040/364 852/1062/387 853/1063/389
f 846/1054/367 845/1053/365 860/1071/388
f 838/1042/366 853/1063/389 854/1064/391
f 846/1054/367 861/1072/390 862/1073/378
f 840/1047/370 839/1045/368 854/1065/391
f 852/1062/387 851/1061/385 866/1078/393
f 859/1070/386 874/1088/407 875/1089/395
f 853/1063/389 852/1062/387 867/1079/394
f 861/1072/390 860/1071/388 875/1089/395
f 853/1063/389 868/1080/396 869/1082/398
f 861/1072/390 876/1090/397 877/1091/399
f 855/1066/392 854/1065/391 869/1081/398
f 863/1074/379 862/1073/378 877/1091/399
f 855/1066/392 870/1083/400 871/1085/402
f 863/1075/379 878/1092/401 879/1094/403
f 857/1068/382 856/1067/380 871/1085/402
f 864/1076/381 879/1094/403 880/1095/405
f 858/1069/384 857/1068/382 872/1086/404
f 858/1069/384 873/1087/406 874/1088/407
f 870/1083/400 885/1101/421 886/1102/408
f 878/1092/401 893/1110/422 894/1111/409
f 872/1086/404 871/1085/402 886/1102/408
f 879/1094/403 894/1111/409 895/1112/411
f 873/1087/406 872/1086/404 887/1103/410
f 873/1087/406 888/1104/412 889/1105/414
f 867/1079/394 866/1078/393 881/1096/413
f 874/1088/407 889/1105/414 890/1106/416
f 868/1080/396 867/1079/394 882/1097/415
f 876/1090/397 875/1089/395 890/1106/416
f 868/1080/396 883/1098/417 884/1099/419
f 876/1090/397 891/1107/418 892/1108/420
f 870/1084/400 869/1082/398 884/1099/419
f 878/1093/401 877/1091/399 892/1108/420
f 889/1105/414 904/1122/437 905/1123/423
f 883/1098/417 882/1097/415 897/1114/424
f 891/1107/418 890/1106/416 905/1123/423
f 883/1098/417 898/1115/425 899/1116/427
f 891/1107/418 906/1124/426 907/1125/428
f 885/1100/421 884/1099/419 899/1116/427
f 893/1109/422 892/1108/420 907/1125/428
f 885/1101/421 900/1118/429 901/1119/431
f 893/1110/422 908/1126/430 909/1128/432
f 887/1103/410 886/1102/408 901/1119/431
f 895/1112/411 894/1111/409 909/1128/432
f 888/1104/412 887/1103/410 902/1120/433
f 888/1104/412 903/1121/435 904/1122/437
f 881/1096/413 896/1113/436 897/1114/424
f 908/1126/430 923/1148/452 924/1149/438
f 902/1120/433 901/1119/431 916/1137/439
f 910/1129/434 909/1128/432 924/1149/438
f 903/1121/435 902/1120/433 917/1138/440
f 903/1121/435 918/1139/442 919/1140/444
f 896/1113/436 911/1130/443 912/1131/445
f 904/1122/437 919/1140/444 920/1141/446
f 898/1115/425 897/1114/424 912/1131/445
f 906/1124/426 905/1123/423 920/1141/446
f 898/1115/425 913/1132/447 914/1133/449
f 906/1124/426 921/1142/448 922/1144/450
f 900/1117/429 899/1116/427 914/1133/449
f 908/1127/430 907/1125/428 922/1144/450
f 900/1118/429 915/1134/451 916/1137/439
f 921/1142/448 920/1141/446 935/1165/453
f 913/1132/447 928/1153/467 929/1154/455
f 921/1143/448 936/1168/454 937/1169/456
f 915/1135/451 914/1133/449 929/1154/455
f 923/1147/452 922/1145/450 937/1169/456
f 915/1135/451 930/1155/457 931/1156/459
f 923/1148/452 938/1171/458 939/1172/460
f 917/1138/440 916/1137/439 931/1157/459
f 925/1150/441 924/1149/438 939/1172/460
f 918/1139/442 917/1138/440 932/1159/461
f 918/1139/442 933/1161/463 934/1163/465
f 911/1130/443 926/1151/464 927/1152/466
f 919/1140/444 934/1163/465 935/1165/453
f 913/1132/447 912/1131/445 927/1152/466
f 940/1173/462 939/1172/460 954/1190/468
f 933/1162/463 932/1160/461 947/1181/470
f 933/1162/463 948/1182/471 949/1183/473
f 926/1151/464 941/1174/472 942/1175/474
f 934/1164/465 949/1183/473 950/1184/475
f 928/1153/467 927/1152/466 942/1175/474
f 936/1168/454 935/1166/453 950/1184/475
f 928/1153/467 943/1176/476 944/1177/478
f 936/1168/454 951/1185/477 952/1186/479
f 930/1155/457 929/1154/455 944/1177/478
f 938/1170/458 937/1169/456 952/1186/479
f 930/1155/457 945/1178/480 946/1179/482
f 938/1171/458 953/1187/481 954/1190/468
f 932/1160/461 931/1158/459 946/1180/482
f 944/1177/478 943/1176/476 483/602/32
f 951/1185/477 488/607/3 961/1198/7
f 945/1178/480 944/1177/478 958/1194/4
f 953/1188/481 952/1186/479 961/1198/7
f 945/1178/480 484/603/10 959/1195/13
f 954/1189/468 953/1188/481 962/1199/12
f 947/1181/470 946/1180/482 959/1196/13
f 955/1191/469 954/1190/468 963/1201/16
f 948/1182/471 947/1181/470 485/604/17
f 948/1182/471 486/605/22 487/606/28
f 941/1174/472 956/1192/23 957/1193/29
f 949/1183/473 487/606/28 960/1197/1
f 943/1176/476 942/1175/474 957/1193/29
f 951/1185/477 950/1184/475 960/1197/1
f 1442/1798/1 980/1219/31 981/1220/2
f 1440/1795/4 965/1203/32 973/1211/5
f 970/1208/3 981/1220/2 982/1221/8
f 966/1204/10 1440/1795/4 974/1212/6
f 1443/1799/7 982/1221/8 983/1222/11
f 1441/1796/13 966/1204/10 975/1213/9
f 1444/1800/12 983/1222/11 984/1223/15
f 967/1205/17 1441/1797/13 976/1215/14
f 1445/1802/16 984/1224/15 985/1225/19
f 967/1205/17 977/1216/18 978/1217/21
f 969/1207/28 968/1206/22 978/1217/21
f 1439/1794/29 1438/1793/23 971/1209/25
f 969/1207/28 979/1218/27 980/1219/31
f 1439/1794/29 972/1210/30 973/1211/5
f 980/1219/31 979/1218/27 994/1236/46
f 973/1211/5 972/1210/30 987/1227/47
f 981/1220/2 980/1219/31 995/1237/33
f 973/1211/5 988/1228/34 989/1229/36
f 982/1221/8 981/1220/2 996/1238/35
f 974/1212/6 989/1229/36 990/1230/38
f 983/1222/11 982/1221/8 997/1239/37
f 975/1213/9 990/1230/38 991/1232/40
f 983/1222/11 998/1240/39 999/1241/41
f 976/1215/14 991/1233/40 992/1234/42
f 985/1225/19 984/1224/15 999/1242/41
f 977/1216/18 992/1234/42 993/1235/44
f 979/1218/27 978/1217/21 993/1235/44
f 971/1209/25 986/1226/45 987/1227/47
f 998/1240/39 1013/1257/48 1014/1258/49
f 991/1233/40 1006/1250/50 1007/1251/51
f 999/1242/41 1014/1259/49 1015/1260/52
f 992/1234/42 1007/1251/51 1008/1252/53
f 993/1235/44 1008/1252/53 1009/1253/55
f 987/1227/47 986/1226/45 1001/1244/54
f 995/1237/33 994/1236/46 1009/1253/55
f 988/1228/34 987/1227/47 1002/1245/56
f 996/1238/35 995/1237/33 1010/1254/57
f 989/1229/36 988/1228/34 1003/1246/58
f 996/1238/35 1011/1255/59 1012/1256/61
f 990/1230/38 989/1229/36 1004/1247/60
f 997/1239/37 1012/1256/61 1013/1257/48
f 990/1231/38 1005/1249/62 1006/1250/50
f 1003/1246/58 1002/1245/56 1017/1262/77
f 1011/1255/59 1010/1254/57 1025/1271/64
f 1003/1246/58 1018/1263/63 1019/1264/66
f 1012/1256/61 1011/1255/59 1026/1272/65
f 1004/1247/60 1019/1264/66 1020/1265/68
f 1013/1257/48 1012/1256/61 1027/1273/67
f 1005/1249/62 1020/1266/68 1021/1267/70
f 1013/1257/48 1028/1274/69 1029/1275/71
f 1006/1250/50 1021/1267/70 1022/1268/72
f 1014/1259/49 1029/1276/71 1030/1277/73
f 1008/1252/53 1007/1251/51 1022/1268/72
f 1008/1252/53 1023/1269/74 1024/1270/76
f 1002/1245/56 1001/1244/54 1016/1261/75
f 1009/1253/55 1024/1270/76 1025/1271/64
f 1022/1268/72 1021/1267/70 1036/1284/78
f 1029/1276/71 1044/1294/92 1045/1295/80
f 1023/1269/74 1022/1268/72 1037/1285/79
f 1023/1269/74 1038/1286/81 1039/1287/83
f 1016/1261/75 1031/1278/82 1032/1279/84
f 1024/1270/76 1039/1287/83 1040/1288/85
f 1018/1263/63 1017/1262/77 1032/1279/84
f 1026/1272/65 1025/1271/64 1040/1288/85
f 1018/1263/63 1033/1280/86 1034/1281/88
f 1026/1272/65 1041/1289/87 1042/1290/89
f 1020/1265/68 1019/1264/66 1034/1281/88
f 1028/1274/69 1027/1273/67 1042/1290/89
f 1020/1266/68 1035/1283/90 1036/1284/78
f 1028/1274/69 1043/1291/91 1044/1293/92
f 1041/1289/87 1040/1288/85 1056/1308/93
f 1033/1280/86 1049/1299/107 1050/1300/95
f 1041/1289/87 1057/1309/94 1058/1310/96
f 1035/1282/90 1034/1281/88 1050/1300/95
f 1043/1291/91 1042/1290/89 1058/1310/96
f 1035/1283/90 1051/1301/97 1052/1304/99
f 1044/1294/92 1043/1292/91 1059/1312/98
f 1037/1285/79 1036/1284/78 1052/1304/99
f 1045/1295/80 1044/1294/92 1060/1313/100
f 1038/1286/81 1037/1285/79 1053/1305/101
f 1038/1286/81 1054/1306/103 1055/1307/105
f 1031/1278/82 1047/1297/104 1048/1298/106
f 1039/1287/83 1055/1307/105 1056/1308/93
f 1032/1279/84 1048/1298/106 1049/1299/107
f 1061/1314/102 1060/1313/100 1075/1335/122
f 1054/1306/103 1053/1305/101 1068/1324/109
f 1054/1306/103 1069/1327/110 1070/1328/112
f 1047/1297/104 1062/1315/111 1063/1316/113
f 1056/1308/93 1055/1307/105 1070/1328/112
f 1048/1298/106 1063/1316/113 1064/1317/115
f 1057/1309/94 1056/1308/93 1071/1329/114
f 1049/1299/107 1064/1317/115 1065/1318/117
f 1057/1309/94 1072/1330/116 1073/1331/118
f 1051/1302/97 1050/1300/95 1065/1318/117
f 1058/1310/96 1073/1331/118 1074/1333/120
f 1051/1302/97 1066/1319/119 1067/1321/121
f 1060/1313/100 1059/1312/98 1074/1334/120
f 1052/1304/99 1067/1322/121 1068/1324/109
f 1064/1317/115 1079/1339/136 1080/1340/123
f 1072/1330/116 1087/1353/137 1088/1355/124
f 1066/1319/119 1065/1318/117 1080/1340/123
f 1073/1332/118 1088/1356/124 1089/1357/126
f 1066/1320/119 1081/1343/125 1082/1344/127
f 1074/1334/120 1089/1357/126 1090/1358/128
f 1068/1325/109 1067/1323/121 1082/1344/127
f 1076/1336/108 1075/1335/122 1090/1358/128
f 1069/1326/110 1068/1325/109 1083/1345/129
f 1069/1327/110 1084/1346/131 1085/1348/133
f 1062/1315/111 1077/1337/132 1078/1338/134
f 1070/1328/112 1085/1348/133 1086/1350/135
f 1063/1316/113 1078/1338/134 1079/1339/136
f 1072/1330/116 1071/1329/114 1086/1350/135
f 1084/1347/131 1083/1345/129 1098/1368/138
f 1084/1347/131 1099/1369/139 1100/1370/142
f 1078/1338/134 1077/1337/132 1092/1360/140
f 1086/1351/135 1085/1349/133 1100/1370/142
f 1079/1339/136 1078/1338/134 1093/1361/143
f 1087/1354/137 1086/1352/135 1101/1371/144
f 1079/1339/136 1094/1362/145 1095/1364/147
f 1088/1356/124 1087/1354/137 1102/1373/146
f 1080/1341/123 1095/1365/147 1096/1366/149
f 1089/1357/126 1088/1356/124 1103/1375/148
f 1081/1343/125 1096/1366/149 1097/1367/151
f 1089/1357/126 1104/1376/150 1105/1377/152
f 1082/1344/127 1097/1367/151 1098/1368/138
f 1090/1358/128 1105/1377/152 1106/1378/141
f 1102/1373/146 1117/1391/167 1118/1392/153
f 1096/1366/149 1095/1365/147 1110/1383/154
f 1104/1376/150 1103/1375/148 1118/1392/153
f 1096/1366/149 1111/1384/155 1112/1385/157
f 1104/1376/150 1119/1393/156 1120/1394/158
f 1098/1368/138 1097/1367/151 1112/1385/157
f 1105/1377/152 1120/1394/158 1121/1395/160
f 1099/1369/139 1098/1368/138 1113/1386/159
f 1099/1369/139 1114/1387/161 1115/1388/163
f 1093/1361/143 1092/1360/140 1107/1379/162
f 1100/1370/142 1115/1388/163 1116/1389/165
f 1094/1362/145 1093/1361/143 1108/1380/164
f 1102/1374/146 1101/1372/144 1116/1389/165
f 1094/1363/145 1109/1382/166 1110/1383/154
f 1114/1387/161 1129/1404/181 1130/1405/169
f 1108/1380/164 1107/1379/162 1122/1396/182
f 1115/1388/163 1130/1405/169 1131/1406/171
f 1109/1381/166 1108/1380/164 1123/1397/170
f 1117/1390/167 1116/1389/165 1131/1406/171
f 1110/1383/154 1109/1382/166 1124/1399/172
f 1118/1392/153 1117/1391/167 1132/1408/173
f 1110/1383/154 1125/1400/174 1126/1401/176
f 1118/1392/153 1133/1409/175 1134/1410/177
f 1111/1384/155 1126/1401/176 1127/1402/178
f 1119/1393/156 1134/1410/177 1135/1411/179
f 1113/1386/159 1112/1385/157 1127/1402/178
f 1120/1394/158 1135/1411/179 1136/1412/168
f 1114/1387/161 1113/1386/159 1128/1403/180
f 1134/1410/177 1133/1409/175 1148/1427/183
f 1126/1401/176 1141/1418/197 1142/1419/185
f 1135/1411/179 1134/1410/177 1149/1428/184
f 1128/1403/180 1127/1402/178 1142/1419/185
f 1135/1411/179 1150/1429/186 1151/1430/188
f 1129/1404/181 1128/1403/180 1143/1420/187
f 1129/1404/181 1144/1421/189 1145/1422/191
f 1122/1396/182 1137/1413/190 1138/1414/192
f 1130/1405/169 1145/1422/191 1146/1423/193
f 1123/1397/170 1138/1414/192 1139/1415/194
f 1132/1407/173 1131/1406/171 1146/1423/193
f 1124/1399/172 1139/1416/194 1140/1417/196
f 1132/1408/173 1147/1426/195 1148/1427/183
f 1126/1401/176 1125/1400/174 1140/1417/196
f 1137/1413/190 1152/1431/198 1153/1432/199
f 1145/1422/191 1160/1440/212 1161/1441/200
f 1139/1415/194 1138/1414/192 1153/1432/199
f 1146/1424/193 1161/1442/200 1162/1443/202
f 1139/1416/194 1154/1434/201 1155/1435/203
f 1147/1426/195 1162/1443/202 1163/1444/204
f 1141/1418/197 1140/1417/196 1155/1435/203
f 1149/1428/184 1148/1427/183 1163/1444/204
f 1142/1419/185 1141/1418/197 1156/1436/205
f 1149/1428/184 1164/1445/206 1165/1446/208
f 1143/1420/187 1142/1419/185 1157/1437/207
f 1151/1430/188 1150/1429/186 1165/1446/208
f 1144/1421/189 1143/1420/187 1158/1438/209
f 1144/1421/189 1159/1439/211 1160/1440/212
f 1157/1437/207 1156/1436/205 1171/1453/227
f 1165/1446/208 1164/1445/206 1179/1462/214
f 1158/1438/209 1157/1437/207 1172/1454/213
f 1166/1447/210 1165/1446/208 1180/1463/215
f 1159/1439/211 1158/1438/209 1173/1455/216
f 1159/1439/211 1174/1456/218 1175/1457/220
f 1152/1431/198 1167/1448/219 1168/1449/221
f 1160/1440/212 1175/1457/220 1176/1458/222
f 1153/1432/199 1168/1449/221 1169/1450/223
f 1161/1442/200 1176/1459/222 1177/1460/224
f 1154/1434/201 1169/1451/223 1170/1452/225
f 1163/1444/204 1162/1443/202 1177/1460/224
f 1155/1435/203 1170/1452/225 1171/1453/227
f 1164/1445/206 1163/1444/204 1178/1461/226
f 1175/1457/220 1190/1477/241 1191/1478/228
f 1168/1449/221 1183/1466/242 1184/1468/229
f 1176/1459/222 1191/1479/228 1192/1480/230
f 1169/1451/223 1184/1469/229 1185/1472/231
f 1178/1461/226 1177/1460/224 1192/1480/230
f 1170/1452/225 1185/1472/231 1186/1473/233
f 1179/1462/214 1178/1461/226 1193/1481/232
f 1172/1454/213 1171/1453/227 1186/1473/233
f 1180/1463/215 1179/1462/214 1194/1482/234
f 1173/1455/216 1172/1454/213 1187/1474/235
f 1180/1463/215 1195/1483/236 1196/1484/238
f 1174/1456/218 1173/1455/216 1188/1475/237
f 1174/1456/218 1189/1476/239 1190/1477/241
f 1168/1449/221 1167/1448/219 1182/1465/240
f 1195/1483/236 1194/1482/234 1209/1506/243
f 1188/1475/237 1187/1474/235 1202/1493/245
f 1196/1484/238 1195/1483/236 1210/1507/244
f 1189/1476/239 1188/1475/237 1203/1495/246
f 1189/1476/239 1204/1497/248 1205/1500/250
f 1182/1465/240 1197/1485/249 1198/1487/251
f 1190/1477/241 1205/1500/250 1206/1502/252
f 1183/1467/242 1198/1486/251 1199/1488/253
f 1191/1479/228 1206/1503/252 1207/1504/254
f 1184/1470/229 1199/1488/253 1200/1490/255
f 1193/1481/232 1192/1480/230 1207/1504/254
f 1185/1472/231 1200/1489/255 1201/1491/257
f 1194/1482/234 1193/1481/232 1208/1505/256
f 1187/1474/235 1186/1473/233 1201/1491/257
f 1199/1488/253 1198/1486/251 1213/1511/258
f 1207/1504/254 1206/1503/252 1221/1520/260
f 1200/1490/255 1199/1488/253 1214/1512/259
f 1208/1505/256 1207/1504/254 1222/1521/261
f 1200/1490/255 1215/1513/262 1216/1514/264
f 1208/1505/256 1223/1522/263 1224/1523/265
f 1201/1492/257 1216/1514/264 1217/1515/266
f 1209/1506/243 1224/1523/265 1225/1524/267
f 1202/1494/245 1217/1515/266 1218/1516/268
f 1210/1507/244 1225/1524/267 1226/1525/269
f 1204/1498/248 1203/1496/246 1218/1516/268
f 1204/1498/248 1219/1517/270 1220/1518/272
f 1198/1487/251 1197/1485/249 1212/1509/271
f 1206/1503/252 1205/1501/250 1220/1519/272
f 1217/1515/266 1232/1532/273 1233/1533/274
f 1226/1525/269 1225/1524/267 1240/1542/287
f 1219/1517/270 1218/1516/268 1233/1533/274
f 1219/1517/270 1234/1534/276 1235/1536/278
f 1212/1509/271 1227/1526/277 1228/1527/279
f 1221/1520/260 1220/1519/272 1235/1535/278
f 1214/1512/259 1213/1511/258 1228/1528/279
f 1222/1521/261 1221/1520/260 1236/1538/280
f 1215/1513/262 1214/1512/259 1229/1529/281
f 1222/1521/261 1237/1539/282 1238/1540/284
f 1216/1514/264 1215/1513/262 1230/1530/283
f 1223/1522/263 1238/1540/284 1239/1541/286
f 1216/1514/264 1231/1531/285 1232/1532/273
f 1224/1523/265 1239/1541/286 1240/1542/287
f 1237/1539/282 1236/1538/280 1251/1555/288
f 1229/1529/281 1244/1547/302 1245/1548/290
f 1237/1539/282 1252/1556/289 1253/1557/291
f 1231/1531/285 1230/1530/283 1245/1548/290
f 1239/1541/286 1238/1540/284 1253/1557/291
f 1231/1531/285 1246/1549/292 1247/1550/294
f 1239/1541/286 1254/1558/293 1255/1559/295
f 1233/1533/274 1232/1532/273 1247/1550/294
f 1240/1542/287 1255/1559/295 1256/1560/297
f 1234/1534/276 1233/1533/274 1248/1551/296
f 1234/1534/276 1249/1552/298 1250/1553/300
f 1228/1527/279 1227/1526/277 1242/1544/299
f 1235/1536/278 1250/1553/300 1251/1554/288
f 1229/1529/281 1228/1528/279 1243/1546/301
f 1255/1559/295 1270/1576/303 1271/1577/304
f 1248/1551/296 1263/1568/305 1264/1569/306
f 1250/1553/300 1249/1552/298 1264/1569/306
f 1242/1544/299 1257/1561/307 1258/1562/309
f 1250/1553/300 1265/1570/308 1266/1571/310
f 1244/1547/302 1243/1546/301 1258/1563/309
f 1252/1556/289 1251/1555/288 1266/1572/310
f 1244/1547/302 1259/1564/311 1260/1565/313
f 1253/1557/291 1252/1556/289 1267/1573/312
f 1245/1548/290 1260/1565/313 1261/1566/315
f 1254/1558/293 1253/1557/291 1268/1574/314
f 1246/1549/292 1261/1566/315 1262/1567/317
f 1254/1558/293 1269/1575/316 1270/1576/303
f 1248/1551/296 1247/1550/294 1262/1567/317
f 1268/1574/314 1267/1573/312 1283/1594/332
f 1260/1565/313 1276/1583/319 1277/1584/320
f 1269/1575/316 1268/1574/314 1284/1595/318
f 1261/1566/315 1277/1584/320 1278/1585/322
f 1269/1575/316 1285/1596/321 1286/1597/323
f 1262/1567/317 1278/1585/322 1279/1586/324
f 1270/1576/303 1286/1597/323 1287/1598/325
f 1264/1569/306 1263/1568/305 1279/1586/324
f 1264/1569/306 1280/1587/326 1281/1588/328
f 1258/1562/309 1257/1561/307 1273/1579/327
f 1266/1571/310 1265/1570/308 1281/1588/328
f 1259/1564/311 1258/1563/309 1274/1581/329
f 1267/1573/312 1266/1572/310 1282/1591/330
f 1259/1564/311 1275/1582/331 1276/1583/319
f 1280/1587/326 1295/1609/347 1296/1611/335
f 1273/1579/327 1288/1599/333 1289/1601/336
f 1281/1589/328 1296/1612/335 1297/1613/337
f 1274/1581/329 1289/1600/336 1290/1603/338
f 1283/1593/332 1282/1592/330 1297/1613/337
f 1275/1582/331 1290/1603/338 1291/1604/340
f 1283/1594/332 1298/1614/339 1299/1616/341
f 1277/1584/320 1276/1583/319 1291/1604/340
f 1285/1596/321 1284/1595/318 1299/1616/341
f 1277/1584/320 1292/1605/342 1293/1606/344
f 1285/1596/321 1300/1618/343 1301/1619/345
f 1279/1586/324 1278/1585/322 1293/1606/344
f 1287/1598/325 1286/1597/323 1301/1619/345
f 1280/1587/326 1279/1586/324 1294/1607/346
f 1291/1604/340 1306/1625/348 1307/1626/349
f 1300/1618/343 1299/1616/341 1314/1636/350
f 1292/1605/342 1307/1626/349 1308/1627/352
f 1301/1619/345 1300/1618/343 1315/1637/351
f 1294/1607/346 1293/1606/344 1308/1627/352
f 1302/1620/334 1301/1619/345 1316/1638/353
f 1295/1610/347 1294/1608/346 1309/1630/354
f 1295/1610/347 1310/1631/356 1311/1632/358
f 1288/1599/333 1303/1621/357 1304/1622/359
f 1296/1612/335 1311/1632/358 1312/1633/360
f 1289/1601/336 1304/1622/359 1305/1623/361
f 1298/1615/339 1297/1613/337 1312/1633/360
f 1290/1603/338 1305/1624/361 1306/1625/348
f 1299/1617/341 1298/1615/339 1313/1634/362
f 1310/1631/356 1325/1652/376 1326/1653/363
f 1303/1621/357 1318/1640/377 1319/1641/364
f 1311/1632/358 1326/1653/363 1327/1654/365
f 1305/1623/361 1304/1622/359 1319/1641/364
f 1313/1634/362 1312/1633/360 1327/1654/365
f 1305/1624/361 1320/1642/366 1321/1645/368
f 1314/1635/350 1313/1634/362 1328/1655/367
f 1306/1625/348 1321/1645/368 1322/1647/370
f 1315/1637/351 1314/1636/350 1329/1656/369
f 1307/1626/349 1322/1647/370 1323/1649/372
f 1315/1637/351 1330/1659/371 1331/1660/373
f 1309/1630/354 1308/1628/352 1323/1650/372
f 1316/1638/353 1331/1660/373 1332/1661/375
f 1310/1631/356 1309/1630/354 1324/1651/374
f 1330/1658/371 1329/1657/369 1344/1674/378
f 1322/1648/370 1337/1667/392 1338/1668/380
f 1331/1660/373 1330/1659/371 1345/1676/379
f 1324/1651/374 1323/1650/372 1338/1668/380
f 1331/1660/373 1346/1677/381 1347/1678/383
f 1325/1652/376 1324/1651/374 1339/1669/382
f 1325/1652/376 1340/1670/384 1341/1671/386
f 1319/1641/364 1318/1640/377 1333/1662/385
f 1326/1653/363 1341/1671/386 1342/1672/388
f 1319/1641/364 1334/1663/387 1335/1664/389
f 1328/1655/367 1327/1654/365 1342/1672/388
f 1320/1643/366 1335/1664/389 1336/1665/391
f 1328/1655/367 1343/1673/390 1344/1674/378
f 1322/1648/370 1321/1646/368 1336/1666/391
f 1334/1663/387 1333/1662/385 1348/1679/393
f 1341/1671/386 1356/1689/407 1357/1690/395
f 1335/1664/389 1334/1663/387 1349/1680/394
f 1343/1673/390 1342/1672/388 1357/1690/395
f 1335/1664/389 1350/1681/396 1351/1683/398
f 1343/1673/390 1358/1691/397 1359/1692/399
f 1337/1667/392 1336/1666/391 1351/1682/398
f 1345/1675/379 1344/1674/378 1359/1692/399
f 1337/1667/392 1352/1684/400 1353/1686/402
f 1345/1676/379 1360/1693/401 1361/1695/403
f 1339/1669/382 1338/1668/380 1353/1686/402
f 1346/1677/381 1361/1695/403 1362/1696/405
f 1340/1670/384 1339/1669/382 1354/1687/404
f 1340/1670/384 1355/1688/406 1356/1689/407
f 1352/1684/400 1367/1702/421 1368/1703/408
f 1360/1693/401 1375/1711/422 1376/1712/409
f 1354/1687/404 1353/1686/402 1368/1703/408
f 1361/1695/403 1376/1712/409 1377/1713/411
f 1355/1688/406 1354/1687/404 1369/1704/410
f 1355/1688/406 1370/1705/412 1371/1706/414
f 1349/1680/394 1348/1679/393 1363/1697/413
f 1356/1689/407 1371/1706/414 1372/1707/416
f 1350/1681/396 1349/1680/394 1364/1698/415
f 1358/1691/397 1357/1690/395 1372/1707/416
f 1350/1681/396 1365/1699/417 1366/1700/419
f 1358/1691/397 1373/1708/418 1374/1709/420
f 1352/1685/400 1351/1683/398 1366/1700/419
f 1360/1694/401 1359/1692/399 1374/1709/420
f 1371/1706/414 1386/1723/437 1387/1724/423
f 1365/1699/417 1364/1698/415 1379/1715/424
f 1373/1708/418 1372/1707/416 1387/1724/423
f 1365/1699/417 1380/1716/425 1381/1717/427
f 1373/1708/418 1388/1725/426 1389/1726/428
f 1367/1701/421 1366/1700/419 1381/1717/427
f 1375/1710/422 1374/1709/420 1389/1726/428
f 1367/1702/421 1382/1719/429 1383/1720/431
f 1375/1711/422 1390/1727/430 1391/1729/432
f 1369/1704/410 1368/1703/408 1383/1720/431
f 1377/1713/411 1376/1712/409 1391/1729/432
f 1370/1705/412 1369/1704/410 1384/1721/433
f 1370/1705/412 1385/1722/435 1386/1723/437
f 1363/1697/413 1378/1714/436 1379/1715/424
f 1390/1727/430 1405/1749/452 1406/1750/438
f 1384/1721/433 1383/1720/431 1398/1738/439
f 1392/1730/434 1391/1729/432 1406/1750/438
f 1385/1722/435 1384/1721/433 1399/1739/440
f 1385/1722/435 1400/1740/442 1401/1741/444
f 1378/1714/436 1393/1731/443 1394/1732/445
f 1386/1723/437 1401/1741/444 1402/1742/446
f 1380/1716/425 1379/1715/424 1394/1732/445
f 1388/1725/426 1387/1724/423 1402/1742/446
f 1380/1716/425 1395/1733/447 1396/1734/449
f 1388/1725/426 1403/1743/448 1404/1745/450
f 1382/1718/429 1381/1717/427 1396/1734/449
f 1390/1728/430 1389/1726/428 1404/1745/450
f 1382/1719/429 1397/1735/451 1398/1738/439
f 1403/1743/448 1402/1742/446 1417/1766/453
f 1395/1733/447 1410/1754/467 1411/1755/455
f 1403/1744/448 1418/1769/454 1419/1770/456
f 1397/1736/451 1396/1734/449 1411/1755/455
f 1405/1748/452 1404/1746/450 1419/1770/456
f 1397/1736/451 1412/1756/457 1413/1757/459
f 1405/1749/452 1420/1772/458 1421/1773/460
f 1399/1739/440 1398/1738/439 1413/1758/459
f 1407/1751/441 1406/1750/438 1421/1773/460
f 1400/1740/442 1399/1739/440 1414/1760/461
f 1400/1740/442 1415/1762/463 1416/1764/465
f 1393/1731/443 1408/1752/464 1409/1753/466
f 1401/1741/444 1416/1764/465 1417/1766/453
f 1395/1733/447 1394/1732/445 1409/1753/466
f 1422/1774/462 1421/1773/460 1436/1791/468
f 1415/1763/463 1414/1761/461 1429/1782/470
f 1415/1763/463 1430/1783/471 1431/1784/473
f 1408/1752/464 1423/1775/472 1424/1776/474
f 1416/1765/465 1431/1784/473 1432/1785/475
f 1410/1754/467 1409/1753/466 1424/1776/474
f 1418/1769/454 1417/1767/453 1432/1785/475
f 1410/1754/467 1425/1777/476 1426/1778/478
f 1418/1769/454 1433/1786/477 1434/1787/479
f 1412/1756/457 1411/1755/455 1426/1778/478
f 1420/1771/458 1419/1770/456 1434/1787/479
f 1412/1756/457 1427/1779/480 1428/1780/482
f 1420/1772/458 1435/1788/481 1436/1791/468
f 1414/1761/461 1413/1759/459 1428/1781/482
f 1426/1778/478 1425/1777/476 965/1203/32
f 1433/1786/477 970/1208/3 1443/1799/7
f 1427/1779/480 1426/1778/478 1440/1795/4
f 1435/1789/481 1434/1787/479 1443/1799/7
f 1427/1779/480 966/1204/10 1441/1796/13
f 1436/1790/468 1435/1789/481 1444/1800/12
f 1429/1782/470 1428/1781/482 1441/1797/13
f 1437/1792/469 1436/1791/468 1445/1802/16
f 1430/1783/471 1429/1782/470 967/1205/17
f 1430/1783/471 968/1206/22 969/1207/28
f 1423/1775/472 1438/1793/23 1439/1794/29
f 1431/1784/473 969/1207/28 1442/1798/1
f 1425/1777/476 1424/1776/474 1439/1794/29
f 1433/1786/477 1432/1785/475 1442/1798/1
f 1924/2399/1 1462/1820/31 1463/1821/2
f 1922/2396/4 1447/1804/32 1455/1812/5
f 1452/1809/3 1463/1821/2 1464/1822/8
f 1448/1805/10 1922/2396/4 1456/1813/6
f 1925/2400/7 1464/1822/8 1465/1823/11
f 1923/2397/13 1448/1805/10 1457/1814/9
f 1926/2401/12 1465/1823/11 1466/1824/15
f 1449/1806/17 1923/2398/13 1458/1816/14
f 1927/2403/16 1466/1825/15 1467/1826/19
f 1449/1806/17 1459/1817/18 1460/1818/21
f 1451/1808/28 1450/1807/22 1460/1818/21
f 1921/2395/29 1920/2394/23 1453/1810/25
f 1451/1808/28 1461/1819/27 1462/1820/31
f 1447/1804/32 1921/2395/29 1454/1811/30
f 1461/1819/27 1476/1837/46 1477/1838/33
f 1454/1811/30 1469/1828/47 1470/1829/34
f 1463/1821/2 1462/1820/31 1477/1838/33
f 1455/1812/5 1470/1829/34 1471/1830/36
f 1464/1822/8 1463/1821/2 1478/1839/35
f 1456/1813/6 1471/1830/36 1472/1831/38
f 1465/1823/11 1464/1822/8 1479/1840/37
f 1457/1814/9 1472/1831/38 1473/1833/40
f 1466/1824/15 1465/1823/11 1480/1841/39
f 1459/1817/18 1458/1816/14 1473/1834/40
f 1466/1825/15 1481/1843/41 1482/1844/43
f 1460/1818/21 1459/1817/18 1474/1835/42
f 1460/1818/21 1475/1836/44 1476/1837/46
f 1454/1811/30 1453/1810/25 1468/1827/45
f 1481/1842/41 1480/1841/39 1495/1858/48
f 1474/1835/42 1473/1834/40 1488/1851/50
f 1482/1844/43 1481/1843/41 1496/1860/49
f 1475/1836/44 1474/1835/42 1489/1852/51
f 1475/1836/44 1490/1853/53 1491/1854/55
f 1468/1827/45 1483/1845/483 1484/1846/56
f 1476/1837/46 1491/1854/55 1492/1855/57
f 1469/1828/47 1484/1846/56 1485/1847/58
f 1478/1839/35 1477/1838/33 1492/1855/57
f 1470/1829/34 1485/1847/58 1486/1848/60
f 1479/1840/37 1478/1839/35 1493/1856/59
f 1471/1830/36 1486/1848/60 1487/1849/62
f 1480/1841/39 1479/1840/37 1494/1857/61
f 1472/1832/38 1487/1850/62 1488/1851/50
f 1484/1846/56 1499/1863/77 1500/1864/63
f 1493/1856/59 1492/1855/57 1507/1872/64
f 1485/1847/58 1500/1864/63 1501/1865/66
f 1493/1856/59 1508/1873/65 1509/1874/67
f 1487/1849/62 1486/1848/60 1501/1865/66
f 1495/1858/48 1494/1857/61 1509/1874/67
f 1487/1850/62 1502/1867/68 1503/1868/70
f 1496/1859/49 1495/1858/48 1510/1875/69
f 1489/1852/51 1488/1851/50 1503/1868/70
f 1497/1861/52 1496/1860/49 1511/1877/71
f 1490/1853/53 1489/1852/51 1504/1869/72
f 1490/1853/53 1505/1870/74 1506/1871/76
f 1483/1845/483 1498/1862/75 1499/1863/77
f 1491/1854/55 1506/1871/76 1507/1872/64
f 1504/1869/72 1503/1868/70 1518/1885/78
f 1511/1877/71 1526/1895/92 1527/1896/80
f 1505/1870/74 1504/1869/72 1519/1886/79
f 1505/1870/74 1520/1887/81 1521/1888/83
f 1499/1863/77 1498/1862/75 1513/1879/82
f 1506/1871/76 1521/1888/83 1522/1889/85
f 1500/1864/63 1499/1863/77 1514/1880/84
f 1508/1873/65 1507/1872/64 1522/1889/85
f 1500/1864/63 1515/1881/86 1516/1882/88
f 1508/1873/65 1523/1890/87 1524/1891/89
f 1502/1866/68 1501/1865/66 1516/1882/88
f 1510/1875/69 1509/1874/67 1524/1891/89
f 1502/1867/68 1517/1884/90 1518/1885/78
f 1510/1875/69 1525/1892/91 1526/1894/92
f 1523/1890/87 1522/1889/85 1538/1909/93
f 1515/1881/86 1531/1900/107 1532/1901/95
f 1523/1890/87 1539/1910/94 1540/1911/96
f 1517/1883/90 1516/1882/88 1532/1901/95
f 1525/1892/91 1524/1891/89 1540/1911/96
f 1517/1884/90 1533/1902/97 1534/1905/99
f 1526/1895/92 1525/1893/91 1541/1913/98
f 1519/1886/79 1518/1885/78 1534/1905/99
f 1527/1896/80 1526/1895/92 1542/1914/100
f 1520/1887/81 1519/1886/79 1535/1906/101
f 1520/1887/81 1536/1907/103 1537/1908/105
f 1513/1879/82 1529/1898/104 1530/1899/106
f 1521/1888/83 1537/1908/105 1538/1909/93
f 1514/1880/84 1530/1899/106 1531/1900/107
f 1542/1914/100 1557/1936/122 1558/1937/108
f 1536/1907/103 1535/1906/101 1550/1925/109
f 1536/1907/103 1551/1928/110 1552/1929/112
f 1530/1899/106 1529/1898/104 1544/1916/111
f 1537/1908/105 1552/1929/112 1553/1930/114
f 1531/1900/107 1530/1899/106 1545/1917/113
f 1539/1910/94 1538/1909/93 1553/1930/114
f 1531/1900/107 1546/1918/115 1547/1919/117
f 1539/1910/94 1554/1931/116 1555/1932/118
f 1533/1903/97 1532/1901/95 1547/1919/117
f 1541/1912/98 1540/1911/96 1555/1932/118
f 1533/1903/97 1548/1920/119 1549/1922/121
f 1541/1913/98 1556/1935/120 1557/1936/122
f 1535/1906/101 1534/1905/99 1549/1923/121
f 1546/1918/115 1561/1940/136 1562/1941/123
f 1554/1931/116 1569/1954/137 1570/1956/124
f 1548/1920/119 1547/1919/117 1562/1941/123
f 1556/1935/120 1555/1933/118 1570/1957/124
f 1548/1921/119 1563/1944/125 1564/1945/127
f 1557/1936/122 1556/1935/120 1571/1958/126
f 1550/1926/109 1549/1924/121 1564/1945/127
f 1558/1937/108 1557/1936/122 1572/1959/128
f 1551/1927/110 1550/1926/109 1565/1946/129
f 1551/1928/110 1566/1947/131 1567/1949/133
f 1544/1916/111 1559/1938/132 1560/1939/134
f 1552/1929/112 1567/1949/133 1568/1952/135
f 1545/1917/113 1560/1939/134 1561/1940/136
f 1554/1931/116 1553/1930/114 1568/1952/135
f 1566/1948/131 1565/1946/129 1580/1969/138
f 1566/1948/131 1581/1970/139 1582/1971/142
f 1560/1939/134 1559/1938/132 1574/1961/140
f 1567/1950/133 1582/1971/142 1583/1973/144
f 1561/1940/136 1560/1939/134 1575/1962/143
f 1569/1955/137 1568/1953/135 1583/1972/144
f 1561/1940/136 1576/1963/145 1577/1965/147
f 1569/1955/137 1584/1974/146 1585/1976/148
f 1563/1944/125 1562/1942/123 1577/1966/147
f 1571/1958/126 1570/1957/124 1585/1976/148
f 1563/1944/125 1578/1967/149 1579/1968/151
f 1571/1958/126 1586/1977/150 1587/1978/152
f 1565/1946/129 1564/1945/127 1579/1968/151
f 1572/1959/128 1587/1978/152 1588/1979/141
f 1584/1974/146 1599/1992/167 1600/1993/153
f 1578/1967/149 1577/1966/147 1592/1984/154
f 1586/1977/150 1585/1976/148 1600/1993/153
f 1578/1967/149 1593/1985/155 1594/1986/157
f 1587/1978/152 1586/1977/150 1601/1994/156
f 1580/1969/138 1579/1968/151 1594/1986/157
f 1588/1979/141 1587/1978/152 1602/1995/158
f 1581/1970/139 1580/1969/138 1595/1987/159
f 1581/1970/139 1596/1988/161 1597/1989/163
f 1574/1961/140 1589/1980/162 1590/1981/164
f 1582/1971/142 1597/1989/163 1598/1990/165
f 1575/1962/143 1590/1981/164 1591/1982/166
f 1584/1975/146 1583/1973/144 1598/1990/165
f 1576/1964/145 1591/1983/166 1592/1984/154
f 1596/1988/161 1611/2005/181 1612/2006/169
f 1589/1980/162 1604/1997/182 1605/1998/170
f 1597/1989/163 1612/2006/169 1613/2007/171
f 1591/1982/166 1590/1981/164 1605/1998/170
f 1599/1991/167 1598/1990/165 1613/2007/171
f 1591/1983/166 1606/2000/172 1607/2001/174
f 1599/1992/167 1614/2009/173 1615/2010/175
f 1593/1985/155 1592/1984/154 1607/2001/174
f 1601/1994/156 1600/1993/153 1615/2010/175
f 1593/1985/155 1608/2002/176 1609/2003/178
f 1601/1994/156 1616/2011/177 1617/2012/179
f 1595/1987/159 1594/1986/157 1609/2003/178
f 1603/1996/160 1602/1995/158 1617/2012/179
f 1596/1988/161 1595/1987/159 1610/2004/180
f 1616/2011/177 1615/2010/175 1630/2028/183
f 1608/2002/176 1623/2019/197 1624/2020/185
f 1616/2011/177 1631/2029/184 1632/2030/186
f 1610/2004/180 1609/2003/178 1624/2020/185
f 1618/2013/168 1617/2012/179 1632/2030/186
f 1611/2005/181 1610/2004/180 1625/2021/187
f 1611/2005/181 1626/2022/189 1627/2023/191
f 1604/1997/182 1619/2014/190 1620/2015/192
f 1612/2006/169 1627/2023/191 1628/2024/193
f 1605/1998/170 1620/2015/192 1621/2016/194
f 1614/2008/173 1613/2007/171 1628/2024/193
f 1606/2000/172 1621/2017/194 1622/2018/196
f 1614/2009/173 1629/2027/195 1630/2028/183
f 1608/2002/176 1607/2001/174 1622/2018/196
f 1620/2015/192 1619/2014/190 1634/2032/484
f 1627/2023/191 1642/2041/212 1643/2042/200
f 1621/2016/194 1620/2015/192 1635/2033/199
f 1629/2027/195 1628/2025/193 1643/2043/200
f 1621/2017/194 1636/2035/201 1637/2036/203
f 1629/2027/195 1644/2044/202 1645/2045/204
f 1623/2019/197 1622/2018/196 1637/2036/203
f 1631/2029/184 1630/2028/183 1645/2045/204
f 1623/2019/197 1638/2037/205 1639/2038/207
f 1631/2029/184 1646/2046/206 1647/2047/208
f 1625/2021/187 1624/2020/185 1639/2038/207
f 1632/2030/186 1647/2047/208 1648/2048/210
f 1626/2022/189 1625/2021/187 1640/2039/209
f 1626/2022/189 1641/2040/211 1642/2041/212
f 1638/2037/205 1653/2054/227 1654/2055/213
f 1647/2047/208 1646/2046/206 1661/2063/214
f 1640/2039/209 1639/2038/207 1654/2055/213
f 1648/2048/210 1647/2047/208 1662/2064/215
f 1641/2040/211 1640/2039/209 1655/2056/216
f 1641/2040/211 1656/2057/218 1657/2058/220
f 1634/2032/484 1649/2049/219 1650/2050/221
f 1642/2041/212 1657/2058/220 1658/2059/222
f 1635/2033/199 1650/2050/221 1651/2051/223
f 1644/2044/202 1643/2043/200 1658/2060/222
f 1636/2035/201 1651/2052/223 1652/2053/225
f 1644/2044/202 1659/2061/224 1660/2062/226
f 1638/2037/205 1637/2036/203 1652/2053/225
f 1646/2046/206 1645/2045/204 1660/2062/226
f 1657/2058/220 1672/2078/241 1673/2079/228
f 1651/2051/223 1650/2050/221 1665/2067/242
f 1659/2061/224 1658/2060/222 1673/2080/228
f 1651/2052/223 1666/2070/229 1667/2073/231
f 1659/2061/224 1674/2081/230 1675/2082/232
f 1653/2054/227 1652/2053/225 1667/2073/231
f 1661/2063/214 1660/2062/226 1675/2082/232
f 1653/2054/227 1668/2074/233 1669/2075/235
f 1661/2063/214 1676/2083/234 1677/2084/236
f 1655/2056/216 1654/2055/213 1669/2075/235
f 1662/2064/215 1677/2084/236 1678/2085/238
f 1656/2057/218 1655/2056/216 1670/2076/237
f 1656/2057/218 1671/2077/239 1672/2078/241
f 1649/2049/219 1664/2066/240 1665/2067/242
f 1676/2083/234 1691/2107/243 1692/2108/244
f 1670/2076/237 1669/2075/235 1684/2094/245
f 1677/2084/236 1692/2108/244 1693/2109/247
f 1671/2077/239 1670/2076/237 1685/2096/246
f 1671/2077/239 1686/2098/248 1687/2101/250
f 1665/2067/242 1664/2066/240 1679/2086/249
f 1672/2078/241 1687/2101/250 1688/2103/252
f 1666/2071/229 1665/2068/242 1680/2088/251
f 1674/2081/230 1673/2080/228 1688/2104/252
f 1666/2071/229 1681/2089/253 1682/2091/255
f 1674/2081/230 1689/2105/254 1690/2106/256
f 1668/2074/233 1667/2073/231 1682/2090/255
f 1676/2083/234 1675/2082/232 1690/2106/256
f 1668/2074/233 1683/2092/257 1684/2094/245
f 1680/2088/251 1695/2112/258 1696/2113/259
f 1689/2105/254 1688/2104/252 1703/2121/260
f 1681/2089/253 1696/2113/259 1697/2114/262
f 1689/2105/254 1704/2122/261 1705/2123/263
f 1683/2093/257 1682/2091/255 1697/2114/262
f 1691/2107/243 1690/2106/256 1705/2123/263
f 1683/2093/257 1698/2115/264 1699/2116/266
f 1692/2108/244 1691/2107/243 1706/2124/265
f 1685/2097/246 1684/2095/245 1699/2116/266
f 1693/2109/247 1692/2108/244 1707/2125/267
f 1686/2099/248 1685/2097/246 1700/2117/268
f 1686/2099/248 1701/2118/270 1702/2119/272
f 1679/2086/249 1694/2110/271 1695/2111/258
f 1687/2102/250 1702/2120/272 1703/2121/260
f 1700/2117/268 1699/2116/266 1714/2133/273
f 1707/2125/267 1722/2143/287 1723/2144/275
f 1701/2118/270 1700/2117/268 1715/2134/274
f 1701/2118/270 1716/2135/276 1717/2137/278
f 1695/2111/258 1694/2110/271 1709/2127/277
f 1702/2120/272 1717/2136/278 1718/2139/280
f 1695/2112/258 1710/2129/279 1711/2130/281
f 1704/2122/261 1703/2121/260 1718/2139/280
f 1696/2113/259 1711/2130/281 1712/2131/283
f 1704/2122/261 1719/2140/282 1720/2141/284
f 1698/2115/264 1697/2114/262 1712/2131/283
f 1706/2124/265 1705/2123/263 1720/2141/284
f 1698/2115/264 1713/2132/285 1714/2133/273
f 1707/2125/267 1706/2124/265 1721/2142/286
f 1719/2140/282 1718/2139/280 1733/2156/288
f 1711/2130/281 1726/2148/302 1727/2149/290
f 1719/2140/282 1734/2157/289 1735/2158/291
f 1713/2132/285 1712/2131/283 1727/2149/290
f 1721/2142/286 1720/2141/284 1735/2158/291
f 1713/2132/285 1728/2150/292 1729/2151/294
f 1722/2143/287 1721/2142/286 1736/2159/293
f 1715/2134/274 1714/2133/273 1729/2151/294
f 1723/2144/275 1722/2143/287 1737/2160/295
f 1716/2135/276 1715/2134/274 1730/2152/296
f 1716/2135/276 1731/2153/298 1732/2154/300
f 1709/2127/277 1724/2145/485 1725/2146/301
f 1717/2137/278 1732/2154/300 1733/2155/288
f 1710/2129/279 1725/2147/301 1726/2148/302
f 1737/2160/295 1752/2177/303 1753/2178/304
f 1731/2153/298 1730/2152/296 1745/2169/305
f 1731/2153/298 1746/2170/306 1747/2171/308
f 1724/2145/485 1739/2162/307 1740/2163/309
f 1732/2154/300 1747/2171/308 1748/2172/310
f 1726/2148/302 1725/2147/301 1740/2164/309
f 1734/2157/289 1733/2156/288 1748/2173/310
f 1726/2148/302 1741/2165/311 1742/2166/313
f 1734/2157/289 1749/2174/312 1750/2175/314
f 1728/2150/292 1727/2149/290 1742/2166/313
f 1736/2159/293 1735/2158/291 1750/2175/314
f 1728/2150/292 1743/2167/315 1744/2168/317
f 1736/2159/293 1751/2176/316 1752/2177/303
f 1730/2152/296 1729/2151/294 1744/2168/317
f 1749/2174/312 1765/2195/332 1766/2196/318
f 1743/2167/315 1742/2166/313 1758/2184/319
f 1751/2176/316 1750/2175/314 1766/2196/318
f 1743/2167/315 1759/2185/320 1760/2186/322
f 1752/2177/303 1751/2176/316 1767/2197/321
f 1745/2169/305 1744/2168/317 1760/2186/322
f 1753/2178/304 1752/2177/303 1768/2198/323
f 1746/2170/306 1745/2169/305 1761/2187/324
f 1746/2170/306 1762/2188/326 1763/2189/328
f 1739/2162/307 1755/2180/327 1756/2181/329
f 1747/2171/308 1763/2189/328 1764/2191/330
f 1740/2164/309 1756/2182/329 1757/2183/331
f 1749/2174/312 1748/2173/310 1764/2192/330
f 1741/2165/311 1757/2183/331 1758/2184/319
f 1762/2188/326 1777/2210/347 1778/2212/335
f 1755/2180/327 1770/2200/333 1771/2202/336
f 1763/2190/328 1778/2213/335 1779/2214/337
f 1757/2183/331 1756/2182/329 1771/2201/336
f 1765/2194/332 1764/2193/330 1779/2214/337
f 1757/2183/331 1772/2204/338 1773/2205/340
f 1765/2195/332 1780/2215/339 1781/2218/341
f 1759/2185/320 1758/2184/319 1773/2205/340
f 1767/2197/321 1766/2196/318 1781/2218/341
f 1759/2185/320 1774/2206/342 1775/2207/344
f 1767/2197/321 1782/2219/343 1783/2220/345
f 1761/2187/324 1760/2186/322 1775/2207/344
f 1769/2199/325 1768/2198/323 1783/2220/345
f 1762/2188/326 1761/2187/324 1776/2208/346
f 1774/2206/342 1773/2205/340 1788/2226/348
f 1782/2219/343 1781/2218/341 1796/2237/350
f 1774/2206/342 1789/2227/349 1790/2228/352
f 1782/2219/343 1797/2238/351 1798/2239/353
f 1776/2208/346 1775/2207/344 1790/2228/352
f 1783/2220/345 1798/2239/353 1799/2240/355
f 1777/2211/347 1776/2209/346 1791/2231/354
f 1777/2211/347 1792/2232/356 1793/2233/358
f 1770/2200/333 1785/2222/357 1786/2223/359
f 1778/2213/335 1793/2233/358 1794/2234/360
f 1772/2203/338 1771/2202/336 1786/2223/359
f 1780/2216/339 1779/2214/337 1794/2234/360
f 1772/2204/338 1787/2225/361 1788/2226/348
f 1780/2216/339 1795/2235/362 1796/2236/350
f 1792/2232/356 1807/2253/376 1808/2254/363
f 1785/2222/357 1800/2241/377 1801/2242/364
f 1793/2233/358 1808/2254/363 1809/2255/365
f 1787/2224/361 1786/2223/359 1801/2242/364
f 1795/2235/362 1794/2234/360 1809/2255/365
f 1787/2225/361 1802/2243/366 1803/2246/368
f 1795/2235/362 1810/2256/367 1811/2258/369
f 1789/2227/349 1788/2226/348 1803/2246/368
f 1797/2238/351 1796/2237/350 1811/2257/369
f 1789/2227/349 1804/2248/370 1805/2250/372
f 1797/2238/351 1812/2260/371 1813/2261/373
f 1791/2231/354 1790/2229/352 1805/2251/372
f 1799/2240/355 1798/2239/353 1813/2261/373
f 1792/2232/356 1791/2231/354 1806/2252/374
f 1812/2259/371 1811/2258/369 1826/2275/378
f 1804/2249/370 1819/2268/392 1820/2269/380
f 1812/2260/371 1827/2277/379 1828/2278/381
f 1806/2252/374 1805/2251/372 1820/2269/380
f 1813/2261/373 1828/2278/381 1829/2279/383
f 1807/2253/376 1806/2252/374 1821/2270/382
f 1807/2253/376 1822/2271/384 1823/2272/386
f 1801/2242/364 1800/2241/377 1815/2263/385
f 1808/2254/363 1823/2272/386 1824/2273/388
f 1802/2244/366 1801/2242/364 1816/2264/387
f 1810/2256/367 1809/2255/365 1824/2273/388
f 1802/2244/366 1817/2265/389 1818/2266/391
f 1810/2256/367 1825/2274/390 1826/2275/378
f 1804/2249/370 1803/2247/368 1818/2267/391
f 1815/2263/385 1830/2280/393 1831/2281/394
f 1823/2272/386 1838/2290/407 1839/2291/395
f 1817/2265/389 1816/2264/387 1831/2281/394
f 1825/2274/390 1824/2273/388 1839/2291/395
f 1817/2265/389 1832/2282/396 1833/2284/398
f 1825/2274/390 1840/2292/397 1841/2293/399
f 1819/2268/392 1818/2267/391 1833/2283/398
f 1827/2276/379 1826/2275/378 1841/2293/399
f 1819/2268/392 1834/2285/400 1835/2287/402
f 1827/2277/379 1842/2294/401 1843/2296/403
f 1821/2270/382 1820/2269/380 1835/2287/402
f 1828/2278/381 1843/2296/403 1844/2297/405
f 1822/2271/384 1821/2270/382 1836/2288/404
f 1822/2271/384 1837/2289/406 1838/2290/407
f 1834/2285/400 1849/2303/421 1850/2304/408
f 1842/2294/401 1857/2312/422 1858/2313/409
f 1836/2288/404 1835/2287/402 1850/2304/408
f 1844/2297/405 1843/2296/403 1858/2313/409
f 1837/2289/406 1836/2288/404 1851/2305/410
f 1837/2289/406 1852/2306/412 1853/2307/414
f 1830/2280/393 1845/2298/413 1846/2299/415
f 1838/2290/407 1853/2307/414 1854/2308/416
f 1832/2282/396 1831/2281/394 1846/2299/415
f 1840/2292/397 1839/2291/395 1854/2308/416
f 1832/2282/396 1847/2300/417 1848/2301/419
f 1840/2292/397 1855/2309/418 1856/2310/420
f 1834/2286/400 1833/2284/398 1848/2301/419
f 1842/2295/401 1841/2293/399 1856/2310/420
f 1853/2307/414 1868/2324/437 1869/2325/423
f 1847/2300/417 1846/2299/415 1861/2316/424
f 1855/2309/418 1854/2308/416 1869/2325/423
f 1847/2300/417 1862/2317/425 1863/2318/427
f 1855/2309/418 1870/2326/426 1871/2327/428
f 1849/2302/421 1848/2301/419 1863/2318/427
f 1857/2311/422 1856/2310/420 1871/2327/428
f 1849/2303/421 1864/2320/429 1865/2321/431
f 1857/2312/422 1872/2328/430 1873/2330/432
f 1851/2305/410 1850/2304/408 1865/2321/431
f 1858/2313/409 1873/2330/432 1874/2331/434
f 1852/2306/412 1851/2305/410 1866/2322/433
f 1852/2306/412 1867/2323/435 1868/2324/437
f 1846/2299/415 1845/2298/413 1860/2315/436
f 1872/2328/430 1887/2350/452 1888/2351/438
f 1866/2322/433 1865/2321/431 1880/2339/439
f 1874/2331/434 1873/2330/432 1888/2351/438
f 1867/2323/435 1866/2322/433 1881/2340/440
f 1867/2323/435 1882/2341/442 1883/2342/444
f 1860/2315/436 1875/2332/486 1876/2333/445
f 1868/2324/437 1883/2342/444 1884/2343/446
f 1862/2317/425 1861/2316/424 1876/2333/445
f 1870/2326/426 1869/2325/423 1884/2343/446
f 1862/2317/425 1877/2334/447 1878/2335/449
f 1870/2326/426 1885/2344/448 1886/2346/450
f 1864/2319/429 1863/2318/427 1878/2335/449
f 1872/2329/430 1871/2327/428 1886/2346/450
f 1864/2320/429 1879/2336/451 1880/2339/439
f 1885/2344/448 1884/2343/446 1899/2367/453
f 1877/2334/447 1892/2355/467 1893/2356/455
f 1885/2345/448 1900/2370/454 1901/2371/456
f 1879/2337/451 1878/2335/449 1893/2356/455
f 1887/2349/452 1886/2347/450 1901/2371/456
f 1879/2337/451 1894/2357/457 1895/2358/459
f 1887/2350/452 1902/2373/458 1903/2374/460
f 1881/2340/440 1880/2339/439 1895/2359/459
f 1889/2352/441 1888/2351/438 1903/2374/460
f 1882/2341/442 1881/2340/440 1896/2361/461
f 1882/2341/442 1897/2363/463 1898/2365/465
f 1875/2332/486 1890/2353/464 1891/2354/466
f 1883/2342/444 1898/2365/465 1899/2367/453
f 1877/2334/447 1876/2333/445 1891/2354/466
f 1904/2375/462 1903/2374/460 1918/2392/468
f 1897/2364/463 1896/2362/461 1911/2383/470
f 1897/2364/463 1912/2384/471 1913/2385/473
f 1890/2353/464 1905/2376/472 1906/2377/474
f 1898/2366/465 1913/2385/473 1914/2386/475
f 1892/2355/467 1891/2354/466 1906/2377/474
f 1900/2370/454 1899/2368/453 1914/2386/475
f 1892/2355/467 1907/2378/476 1908/2379/478
f 1900/2370/454 1915/2387/477 1916/2388/479
f 1894/2357/457 1893/2356/455 1908/2379/478
f 1902/2372/458 1901/2371/456 1916/2388/479
f 1894/2357/457 1909/2380/480 1910/2381/482
f 1902/2373/458 1917/2389/481 1918/2392/468
f 1896/2362/461 1895/2360/459 1910/2382/482
f 1908/2379/478 1907/2378/476 1447/1804/32
f 1915/2387/477 1452/1809/3 1925/2400/7
f 1909/2380/480 1908/2379/478 1922/2396/4
f 1917/2390/481 1916/2388/479 1925/2400/7
f 1910/2381/482 1909/2380/480 1448/1805/10
f 1917/2390/481 1926/2401/12 1927/2402/16
f 1911/2383/470 1910/2382/482 1923/2398/13
f 1918/2392/468 1927/2403/16 1928/2404/20
f 1912/2384/471 1911/2383/470 1449/1806/17
f 1912/2384/471 1450/1807/22 1451/1808/28
f 1906/2377/474 1905/2376/472 1920/2394/23
f 1913/2385/473 1451/1808/28 1924/2399/1
f 1907/2378/476 1906/2377/474 1921/2395/29
f 1914/2386/475 1924/2399/1 1452/1809/3
f 1960/2472/518 1929/2406/487 1932/2412/490
f 1929/2406/487 1930/2408/488 1932/2412/490
f 1930/2408/488 1931/2410/489 1932/2412/490
f 1932/2412/490 1933/2414/491 1934/2416/492
f 1934/2416/492 1935/2419/493 1932/2412/490
f 1935/2419/493 1936/2421/494 1932/2412/490
f 1936/2421/494 1937/2423/495 1938/2425/496
f 1938/2425/496 1939/2427/497 1940/2429/498
f 1940/2429/498 1941/2431/499 1942/2433/500
f 1942/2433/500 1943/2436/501 1944/2438/502
f 1944/2438/502 1945/2440/503 1946/2442/504
f 1946/2442/504 1947/2444/505 1948/2446/506
f 1948/2446/506 1949/2448/507 1950/2450/508
f 1950/2450/508 1951/2453/509 1952/2455/510
f 1952/2455/510 1953/2457/511 1954/2459/512
f 1954/2459/512 1955/2461/513 1956/2463/514
f 1956/2463/514 1957/2465/515 1958/2467/516
f 1958/2467/516 1959/2470/517 1960/2472/518
f 1936/2421/494 1938/2425/496 1944/2438/502
f 1938/2425/496 1940/2429/498 1944/2438/502
f 1940/2429/498 1942/2433/500 1944/2438/502
f 1944/2438/502 1946/2442/504 1948/2446/506
f 1948/2446/506 1950/2450/508 1952/2455/510
f 1952/2455/510 1954/2459/512 1956/2463/514
f 1956/2463/514 1958/2467/516 1952/2455/510
f 1958/2467/516 1960/2472/518 1952/2455/510
f 1960/2472/518 1932/2412/490 1936/2421/494
f 1944/2438/502 1948/2446/506 1952/2455/510
f 1960/2472/518 1936/2421/494 1952/2455/510
f 1962/2476/519 1963/2479/577 1965/2482/520
f 1965/2482/520 1967/2486/574 1966/2484/522
f 1966/2484/522 1967/2486/574 1969/2490/523
f 1999/2554/554 2001/2558/578 2000/2556/555
f 2000/2556/555 2001/2558/578 2003/2562/556
f 2003/2562/556 2005/2566/559 2004/2564/558
f 2005/2566/559 2007/2571/579 2006/2568/560
f 2006/2569/560 2007/2572/579 2009/2576/561
f 2009/2576/561 2011/2580/564 2010/2578/563
f 2011/2580/564 2013/2584/580 2012/2582/565
f 2012/2582/565 2013/2584/580 2015/2588/566
f 2015/2588/566 2017/2592/569 2016/2590/568
f 2017/2592/569 2019/2596/581 2018/2594/570
f 2018/2594/570 2019/2596/581 2021/2600/571
f 2021/2600/571 2023/2605/582 2022/2602/573
f 1967/2487/574 1965/2483/520 2023/2606/582
f 1965/2483/520 1963/2478/577 2023/2606/582
f 1963/2478/577 2025/2610/575 2023/2606/582
f 2023/2606/582 2021/2601/571 2019/2597/581
f 2019/2597/581 2017/2593/569 2015/2589/566
f 2015/2589/566 2013/2585/580 2011/2581/564
f 2011/2581/564 2009/2577/561 2015/2589/566
f 2009/2577/561 2007/2573/579 2015/2589/566
f 2007/2573/579 2005/2567/559 2003/2563/556
f 2003/2563/556 2001/2559/578 2007/2573/579
f 2001/2559/578 1999/2555/554 2007/2573/579
f 1999/2555/554 1997/2551/552 1995/2547/550
f 1995/2547/550 1993/2541/548 1991/2537/546
f 1991/2537/546 1989/2533/544 1983/2521/538
f 1989/2533/544 1987/2529/542 1983/2521/538
f 1987/2529/542 1985/2525/540 1983/2521/538
f 1983/2521/538 1981/2517/536 1979/2513/534
f 1979/2513/534 1977/2507/532 1975/2503/530
f 1975/2503/530 1973/2499/528 1971/2495/526
f 1971/2495/526 1969/2491/523 1967/2487/574
f 2023/2606/582 2019/2597/581 1967/2487/574
f 2019/2597/581 2015/2589/566 1967/2487/574
f 1999/2555/554 1995/2547/550 1983/2521/538
f 1995/2547/550 1991/2537/546 1983/2521/538
f 1983/2521/538 1979/2513/534 1975/2503/530
f 1975/2503/530 1971/2495/526 1967/2487/574
f 2015/2589/566 2007/2573/579 1967/2487/574
f 2007/2573/579 1999/2555/554 1967/2487/574
f 1983/2521/538 1975/2503/530 1999/2555/554
f 2022/2603/573 2023/2607/582 2025/2611/575
f 2025/2611/575 1963/2479/577 1962/2476/519
f 2024/2609/576 1962/2477/519 1964/2481/521
f 1964/2481/521 1966/2485/522 2024/2609/576
f 1966/2485/522 1968/2489/524 2024/2609/576
f 1968/2489/524 1970/2493/525 1972/2497/527
f 1972/2497/527 1974/2501/529 1968/2489/524
f 1974/2501/529 1976/2505/531 1968/2489/524
f 1976/2505/531 1978/2510/533 1980/2515/535
f 1980/2515/535 1982/2519/537 1976/2505/531
f 1982/2519/537 1984/2523/539 1976/2505/531
f 1984/2523/539 1986/2527/541 1988/2531/543
f 1988/2531/543 1990/2535/545 1992/2539/547
f 1992/2539/547 1994/2544/549 2000/2557/555
f 1994/2544/549 1996/2549/551 2000/2557/555
f 1996/2549/551 1998/2553/553 2000/2557/555
f 2000/2557/555 2002/2561/557 2008/2575/562
f 2002/2561/557 2004/2565/558 2008/2575/562
f 2004/2565/558 2006/2570/560 2008/2575/562
f 2008/2575/562 2010/2579/563 2012/2583/565
f 2012/2583/565 2014/2587/567 2008/2575/562
f 2014/2587/567 2016/2591/568 2008/2575/562
f 2016/2591/568 2018/2595/570 2020/2599/572
f 2020/2599/572 2022/2604/573 2024/2609/576
f 1984/2523/539 1988/2531/543 1976/2505/531
f 1988/2531/543 1992/2539/547 1976/2505/531
f 2016/2591/568 2020/2599/572 2024/2609/576
f 2024/2609/576 1968/2489/524 1992/2539/547
f 1968/2489/524 1976/2505/531 1992/2539/547
f 1992/2539/547 2000/2557/555 2008/2575/562
f 2008/2575/562 2016/2591/568 1992/2539/547
