# Blender 3.5.0
# www.blender.org
mtllib fog.mtl
o 球.005
v 2.001472 0.576741 -0.000000
v 1.434693 0.009962 -0.000000
v 1.127954 -0.730571 -0.000000
v 1.088481 -1.131344 -0.000000
v 1.127954 -1.532118 -0.000000
v 1.434693 -2.272650 -0.000000
v 2.749705 0.883479 -0.023456
v 2.371738 0.766578 -0.046011
v 2.023402 0.576741 -0.066797
v 1.718082 0.321263 -0.085017
v 1.467513 0.009962 -0.099969
v 1.281324 -0.345199 -0.111080
v 1.166669 -0.730571 -0.117922
v 1.127954 -1.131344 -0.120232
v 1.166669 -1.532118 -0.117922
v 1.281324 -1.917490 -0.111080
v 1.467513 -2.272650 -0.099969
v 1.718082 -2.583951 -0.085017
v 2.023402 -2.839430 -0.066797
v 2.371738 -3.029267 -0.046011
v 2.749705 -3.146168 -0.023456
v 2.772512 0.883479 -0.046011
v 2.416475 0.766578 -0.090254
v 2.088349 0.576741 -0.131028
v 1.800744 0.321263 -0.166767
v 1.564713 0.009962 -0.196097
v 1.389326 -0.345199 -0.217891
v 1.281324 -0.730571 -0.231312
v 1.244856 -1.131344 -0.235844
v 1.281324 -1.532118 -0.231312
v 1.389326 -1.917490 -0.217891
v 1.564713 -2.272650 -0.196097
v 1.800744 -2.583951 -0.166767
v 2.088349 -2.839430 -0.131028
v 2.416475 -3.029267 -0.090254
v 2.772512 -3.146168 -0.046011
v 2.809547 0.883479 -0.066797
v 2.489122 0.766578 -0.131028
v 2.193817 0.576741 -0.190223
v 1.934979 0.321263 -0.242108
v 1.722557 0.009962 -0.284688
v 1.564713 -0.345199 -0.316329
v 1.467513 -0.730571 -0.335813
v 1.434693 -1.131344 -0.342392
v 1.467513 -1.532118 -0.335813
v 1.564713 -1.917490 -0.316329
v 1.722557 -2.272650 -0.284688
v 1.934979 -2.583951 -0.242108
v 2.193817 -2.839430 -0.190223
v 2.489122 -3.029267 -0.131028
v 2.809547 -3.146168 -0.066797
v 2.859389 0.883479 -0.085017
v 2.586890 0.766578 -0.166767
v 2.335753 0.576741 -0.242108
v 2.115630 0.321263 -0.308145
v 1.934980 0.009962 -0.362340
v 1.800744 -0.345199 -0.402610
v 1.718083 -0.730571 -0.427409
v 1.690171 -1.131344 -0.435782
v 1.718083 -1.532118 -0.427409
v 1.800744 -1.917490 -0.402610
v 1.934980 -2.272650 -0.362340
v 2.115630 -2.583951 -0.308145
v 2.335753 -2.839430 -0.242108
v 2.586890 -3.029267 -0.166767
v 2.859389 -3.146168 -0.085017
v 2.920120 0.883479 -0.099969
v 2.706019 0.766578 -0.196097
v 2.508703 0.576741 -0.284689
v 2.335753 0.321263 -0.362340
v 2.193817 0.009962 -0.426066
v 2.088349 -0.345199 -0.473420
v 2.023402 -0.730571 -0.502580
v 2.001472 -1.131344 -0.512426
v 2.023402 -1.532118 -0.502580
v 2.088349 -1.917490 -0.473420
v 2.193817 -2.272650 -0.426066
v 2.335753 -2.583951 -0.362340
v 2.508703 -2.839430 -0.284689
v 2.706019 -3.029267 -0.196097
v 2.920120 -3.146168 -0.099969
v 3.142778 0.922952 -0.000000
v 2.989409 0.883479 -0.111080
v 2.841933 0.766578 -0.217891
v 2.706019 0.576741 -0.316329
v 2.586890 0.321263 -0.402610
v 2.489122 0.009962 -0.473420
v 2.416475 -0.345199 -0.526036
v 2.371738 -0.730571 -0.558436
v 2.356633 -1.131344 -0.569377
v 2.371738 -1.532118 -0.558436
v 2.416475 -1.917490 -0.526036
v 2.489122 -2.272650 -0.473420
v 2.586890 -2.583951 -0.402610
v 2.706019 -2.839430 -0.316329
v 2.841933 -3.029267 -0.217891
v 2.989409 -3.146168 -0.111080
v 3.064591 0.883479 -0.117922
v 2.989409 0.766578 -0.231312
v 2.920120 0.576741 -0.335813
v 2.859389 0.321263 -0.427409
v 2.809547 0.009962 -0.502580
v 2.772511 -0.345199 -0.558436
v 2.749706 -0.730571 -0.592833
v 2.742005 -1.131344 -0.604447
v 2.749706 -1.532118 -0.592833
v 2.772511 -1.917490 -0.558436
v 2.809547 -2.272650 -0.502580
v 2.859389 -2.583951 -0.427409
v 2.920120 -2.839430 -0.335813
v 2.989409 -3.029267 -0.231312
v 3.064591 -3.146168 -0.117922
v 3.142778 0.883479 -0.120232
v 3.142778 0.766578 -0.235844
v 3.142778 0.576741 -0.342392
v 3.142778 0.321263 -0.435782
v 3.142778 0.009962 -0.512426
v 3.142778 -0.345199 -0.569377
v 3.142778 -0.730571 -0.604447
v 3.142778 -1.131344 -0.616289
v 3.142778 -1.532118 -0.604447
v 3.142778 -1.917490 -0.569377
v 3.142778 -2.272650 -0.512426
v 3.142778 -2.583951 -0.435782
v 3.142778 -2.839430 -0.342392
v 3.142778 -3.029267 -0.235844
v 3.142778 -3.146168 -0.120232
v 3.220965 0.883479 -0.117922
v 3.296147 0.766578 -0.231312
v 3.365436 0.576741 -0.335813
v 3.426168 0.321263 -0.427409
v 3.476009 0.009962 -0.502580
v 3.513044 -0.345199 -0.558437
v 3.535851 -0.730571 -0.592833
v 3.543552 -1.131344 -0.604447
v 3.535851 -1.532118 -0.592833
v 3.513044 -1.917490 -0.558437
v 3.476009 -2.272650 -0.502580
v 3.426168 -2.583951 -0.427409
v 3.365436 -2.839430 -0.335813
v 3.296147 -3.029267 -0.231312
v 3.220965 -3.146168 -0.117922
v 3.296147 0.883479 -0.111080
v 3.443623 0.766578 -0.217891
v 3.579537 0.576741 -0.316329
v 3.698667 0.321263 -0.402610
v 3.796434 0.009962 -0.473420
v 3.869081 -0.345199 -0.526036
v 3.913818 -0.730571 -0.558436
v 3.928924 -1.131344 -0.569377
v 3.913818 -1.532118 -0.558436
v 3.869081 -1.917490 -0.526036
v 3.796434 -2.272650 -0.473420
v 3.698667 -2.583951 -0.402610
v 3.579537 -2.839430 -0.316329
v 3.443623 -3.029267 -0.217891
v 3.296147 -3.146168 -0.111080
v 3.365436 0.883479 -0.099969
v 3.579537 0.766578 -0.196097
v 3.776854 0.576741 -0.284688
v 3.949803 0.321263 -0.362340
v 4.091739 0.009962 -0.426066
v 4.197207 -0.345199 -0.473420
v 4.262154 -0.730571 -0.502580
v 4.284084 -1.131344 -0.512425
v 4.262154 -1.532118 -0.502580
v 4.197207 -1.917490 -0.473420
v 4.091739 -2.272650 -0.426066
v 3.949803 -2.583951 -0.362340
v 3.776854 -2.839430 -0.284688
v 3.579537 -3.029267 -0.196097
v 3.365436 -3.146168 -0.099969
v 3.426167 0.883479 -0.085017
v 3.698667 0.766578 -0.166767
v 3.949803 0.576741 -0.242108
v 4.169927 0.321263 -0.308145
v 4.350576 0.009962 -0.362340
v 4.484812 -0.345199 -0.402610
v 4.567473 -0.730571 -0.427409
v 4.595385 -1.131344 -0.435782
v 4.567473 -1.532118 -0.427409
v 4.484812 -1.917490 -0.402610
v 4.350576 -2.272650 -0.362340
v 4.169927 -2.583951 -0.308145
v 3.949803 -2.839430 -0.242108
v 3.698667 -3.029267 -0.166767
v 3.426167 -3.146168 -0.085017
v 3.476009 0.883479 -0.066797
v 3.796434 0.766578 -0.131028
v 4.091739 0.576741 -0.190223
v 4.350576 0.321263 -0.242108
v 4.562999 0.009962 -0.284688
v 4.720843 -0.345199 -0.316329
v 4.818042 -0.730571 -0.335813
v 4.850863 -1.131344 -0.342392
v 4.818042 -1.532118 -0.335813
v 4.720843 -1.917490 -0.316329
v 4.562999 -2.272650 -0.284688
v 4.350576 -2.583951 -0.242108
v 4.091739 -2.839430 -0.190223
v 3.796434 -3.029267 -0.131028
v 3.476009 -3.146168 -0.066797
v 3.513044 0.883479 -0.046011
v 3.869081 0.766578 -0.090254
v 4.197207 0.576741 -0.131028
v 4.484812 0.321263 -0.166767
v 4.720843 0.009962 -0.196097
v 4.896229 -0.345199 -0.217891
v 5.004232 -0.730571 -0.231312
v 5.040700 -1.131344 -0.235844
v 5.004232 -1.532118 -0.231312
v 4.896229 -1.917490 -0.217891
v 4.720843 -2.272650 -0.196097
v 4.484812 -2.583951 -0.166767
v 4.197207 -2.839430 -0.131028
v 3.869081 -3.029267 -0.090254
v 3.513044 -3.146168 -0.046011
v 3.535851 0.883479 -0.023456
v 3.913818 0.766578 -0.046011
v 4.262154 0.576741 -0.066797
v 4.567473 0.321263 -0.085017
v 4.818042 0.009962 -0.099969
v 5.004232 -0.345199 -0.111080
v 5.118887 -0.730571 -0.117922
v 5.157601 -1.131344 -0.120232
v 5.118887 -1.532118 -0.117922
v 5.004232 -1.917490 -0.111080
v 4.818042 -2.272650 -0.099969
v 4.567473 -2.583951 -0.085017
v 4.262154 -2.839430 -0.066797
v 3.913818 -3.029267 -0.046011
v 3.535851 -3.146168 -0.023456
v 3.543551 0.883479 -0.000000
v 3.928923 0.766578 -0.000000
v 4.284083 0.576741 -0.000000
v 4.595385 0.321263 -0.000000
v 4.850863 0.009962 -0.000000
v 5.040700 -0.345199 -0.000000
v 5.157601 -0.730571 -0.000000
v 5.197073 -1.131344 0.000000
v 5.157601 -1.532118 -0.000000
v 5.040700 -1.917490 -0.000000
v 4.850863 -2.272650 -0.000000
v 4.595385 -2.583951 -0.000000
v 4.284083 -2.839430 -0.000000
v 3.928923 -3.029267 -0.000000
v 3.543551 -3.146168 -0.000000
v 3.535851 0.883479 0.023456
v 3.913818 0.766578 0.046011
v 4.262154 0.576741 0.066797
v 4.567473 0.321263 0.085017
v 4.818042 0.009962 0.099969
v 5.004232 -0.345199 0.111080
v 5.118887 -0.730571 0.117922
v 5.157601 -1.131344 0.120232
v 5.118887 -1.532118 0.117922
v 5.004232 -1.917490 0.111080
v 4.818042 -2.272650 0.099969
v 4.567473 -2.583951 0.085017
v 4.262154 -2.839430 0.066797
v 3.913818 -3.029267 0.046011
v 3.535851 -3.146168 0.023456
v 3.513044 0.883479 0.046011
v 3.869081 0.766578 0.090253
v 4.197207 0.576741 0.131028
v 4.484812 0.321263 0.166766
v 4.720842 0.009962 0.196097
v 4.896229 -0.345199 0.217891
v 5.004232 -0.730571 0.231312
v 5.040699 -1.131344 0.235843
v 5.004232 -1.532118 0.231312
v 4.896229 -1.917490 0.217891
v 4.720842 -2.272650 0.196097
v 4.484812 -2.583951 0.166766
v 4.197207 -2.839430 0.131028
v 3.869081 -3.029267 0.090253
v 3.513044 -3.146168 0.046011
v 3.476009 0.883479 0.066797
v 3.796434 0.766578 0.131028
v 4.091739 0.576741 0.190223
v 4.350576 0.321263 0.242107
v 4.562998 0.009962 0.284688
v 4.720843 -0.345199 0.316329
v 4.818042 -0.730571 0.335813
v 4.850862 -1.131344 0.342392
v 4.818042 -1.532118 0.335813
v 4.720843 -1.917490 0.316329
v 4.562998 -2.272650 0.284688
v 4.350576 -2.583951 0.242107
v 4.091739 -2.839430 0.190223
v 3.796434 -3.029267 0.131028
v 3.476009 -3.146168 0.066797
v 3.426167 0.883479 0.085017
v 3.698667 0.766578 0.166766
v 3.949803 0.576741 0.242107
v 4.169926 0.321263 0.308144
v 4.350576 0.009962 0.362339
v 4.484812 -0.345199 0.402610
v 4.567473 -0.730571 0.427408
v 4.595383 -1.131344 0.435782
v 4.567473 -1.532118 0.427408
v 4.484812 -1.917490 0.402610
v 4.350576 -2.272650 0.362339
v 4.169926 -2.583951 0.308144
v 3.949803 -2.839430 0.242107
v 3.698667 -3.029267 0.166766
v 3.426167 -3.146168 0.085017
v 3.142778 -3.185641 -0.000000
v 3.365436 0.883479 0.099969
v 3.579537 0.766578 0.196097
v 3.776853 0.576741 0.284688
v 3.949803 0.321263 0.362339
v 4.091739 0.009962 0.426066
v 4.197207 -0.345199 0.473419
v 4.262154 -0.730571 0.502579
v 4.284082 -1.131344 0.512425
v 4.262154 -1.532118 0.502579
v 4.197207 -1.917490 0.473419
v 4.091739 -2.272650 0.426066
v 3.949803 -2.583951 0.362339
v 3.776853 -2.839430 0.284688
v 3.579537 -3.029267 0.196097
v 3.365436 -3.146168 0.099969
v 3.296147 0.883479 0.111080
v 3.443623 0.766578 0.217891
v 3.579536 0.576741 0.316328
v 3.698667 0.321263 0.402610
v 3.796433 0.009962 0.473419
v 3.869081 -0.345199 0.526035
v 3.913817 -0.730571 0.558436
v 3.928922 -1.131344 0.569376
v 3.913817 -1.532118 0.558436
v 3.869081 -1.917490 0.526035
v 3.796433 -2.272650 0.473419
v 3.698667 -2.583951 0.402610
v 3.579536 -2.839430 0.316328
v 3.443623 -3.029267 0.217891
v 3.296147 -3.146168 0.111080
v 3.220965 0.883479 0.117922
v 3.296147 0.766578 0.231312
v 3.365435 0.576741 0.335813
v 3.426167 0.321263 0.427409
v 3.476008 0.009962 0.502579
v 3.513044 -0.345199 0.558436
v 3.535850 -0.730571 0.592833
v 3.543550 -1.131344 0.604447
v 3.535850 -1.532118 0.592833
v 3.513044 -1.917490 0.558436
v 3.476008 -2.272650 0.502579
v 3.426167 -2.583951 0.427409
v 3.365435 -2.839430 0.335813
v 3.296147 -3.029267 0.231312
v 3.220965 -3.146168 0.117922
v 3.142778 0.883479 0.120232
v 3.142778 0.766578 0.235843
v 3.142778 0.576741 0.342391
v 3.142778 0.321263 0.435782
v 3.142778 0.009962 0.512425
v 3.142778 -0.345199 0.569377
v 3.142778 -0.730571 0.604447
v 3.142777 -1.131344 0.616288
v 3.142778 -1.532118 0.604447
v 3.142778 -1.917490 0.569377
v 3.142778 -2.272650 0.512425
v 3.142778 -2.583951 0.435782
v 3.142778 -2.839430 0.342391
v 3.142778 -3.029267 0.235843
v 3.142778 -3.146168 0.120232
v 3.064591 0.883479 0.117922
v 2.989409 0.766578 0.231312
v 2.920120 0.576741 0.335813
v 2.859389 0.321263 0.427409
v 2.809547 0.009962 0.502579
v 2.772512 -0.345199 0.558436
v 2.749705 -0.730571 0.592833
v 2.742004 -1.131344 0.604447
v 2.749705 -1.532118 0.592833
v 2.772512 -1.917490 0.558436
v 2.809547 -2.272650 0.502579
v 2.859389 -2.583951 0.427409
v 2.920120 -2.839430 0.335813
v 2.989409 -3.029267 0.231312
v 3.064591 -3.146168 0.117922
v 2.989409 0.883479 0.111080
v 2.841933 0.766578 0.217891
v 2.706019 0.576741 0.316328
v 2.586890 0.321263 0.402610
v 2.489122 0.009962 0.473419
v 2.416475 -0.345199 0.526035
v 2.371738 -0.730571 0.558436
v 2.356633 -1.131344 0.569376
v 2.371738 -1.532118 0.558436
v 2.416475 -1.917490 0.526035
v 2.489122 -2.272650 0.473419
v 2.586890 -2.583951 0.402610
v 2.706019 -2.839430 0.316328
v 2.841933 -3.029267 0.217891
v 2.989409 -3.146168 0.111080
v 2.920120 0.883479 0.099969
v 2.706019 0.766578 0.196097
v 2.508703 0.576741 0.284688
v 2.335753 0.321263 0.362339
v 2.193817 0.009962 0.426066
v 2.088349 -0.345199 0.473419
v 2.023402 -0.730571 0.502579
v 2.001472 -1.131344 0.512425
v 2.023402 -1.532118 0.502579
v 2.088349 -1.917490 0.473419
v 2.193817 -2.272650 0.426066
v 2.335753 -2.583951 0.362339
v 2.508703 -2.839430 0.284688
v 2.706019 -3.029267 0.196097
v 2.920120 -3.146168 0.099969
v 2.859389 0.883479 0.085017
v 2.586890 0.766578 0.166766
v 2.335753 0.576741 0.242107
v 2.115630 0.321263 0.308144
v 1.934980 0.009962 0.362339
v 1.800745 -0.345199 0.402610
v 1.718083 -0.730571 0.427408
v 1.690172 -1.131344 0.435782
v 1.718083 -1.532118 0.427408
v 1.800745 -1.917490 0.402610
v 1.934980 -2.272650 0.362339
v 2.115630 -2.583951 0.308144
v 2.335753 -2.839430 0.242107
v 2.586890 -3.029267 0.166766
v 2.859389 -3.146168 0.085017
v 2.809547 0.883479 0.066797
v 2.489122 0.766578 0.131028
v 2.193817 0.576741 0.190222
v 1.934980 0.321263 0.242107
v 1.722558 0.009962 0.284688
v 1.564714 -0.345199 0.316329
v 1.467514 -0.730571 0.335813
v 1.434694 -1.131344 0.342391
v 1.467514 -1.532118 0.335813
v 1.564714 -1.917490 0.316329
v 1.722558 -2.272650 0.284688
v 1.934980 -2.583951 0.242107
v 2.193817 -2.839430 0.190222
v 2.489122 -3.029267 0.131028
v 2.809547 -3.146168 0.066797
v 2.772512 0.883479 0.046011
v 2.416475 0.766578 0.090253
v 2.088350 0.576741 0.131027
v 1.800744 0.321263 0.166766
v 1.564714 0.009962 0.196096
v 1.389327 -0.345199 0.217891
v 1.281324 -0.730571 0.231312
v 1.244857 -1.131344 0.235843
v 1.281324 -1.532118 0.231312
v 1.389327 -1.917490 0.217891
v 1.564714 -2.272650 0.196096
v 1.800744 -2.583951 0.166766
v 2.088350 -2.839430 0.131027
v 2.416475 -3.029267 0.090253
v 2.772512 -3.146168 0.046011
v 2.749706 0.883479 0.023456
v 2.371739 0.766578 0.046011
v 2.023403 0.576741 0.066797
v 1.718083 0.321263 0.085017
v 1.467514 0.009962 0.099969
v 1.281324 -0.345199 0.111080
v 1.166669 -0.730571 0.117922
v 1.127956 -1.131344 0.120232
v 1.166669 -1.532118 0.117922
v 1.281324 -1.917490 0.111080
v 1.467514 -2.272650 0.099969
v 1.718083 -2.583951 0.085017
v 2.023403 -2.839430 0.066797
v 2.371739 -3.029267 0.046011
v 2.749706 -3.146168 0.023456
v 2.742005 0.883479 -0.000000
v 2.356633 0.766578 -0.000000
v 1.690171 0.321263 -0.000000
v 1.244856 -0.345199 -0.000000
v 1.244856 -1.917490 -0.000000
v 1.690171 -2.583951 -0.000000
v 2.001473 -2.839430 -0.000000
v 2.356633 -3.029267 -0.000000
v 2.742005 -3.146168 -0.000000
v 0.411024 1.661802 0.000000
v -0.155755 1.095023 0.000000
v -0.462494 0.354490 0.000000
v -0.501967 -0.046283 0.000000
v -0.462494 -0.447056 0.000000
v -0.155755 -1.187589 0.000000
v 1.159258 1.968541 -0.023456
v 0.781290 1.851640 -0.046011
v 0.432954 1.661802 -0.066797
v 0.127634 1.406324 -0.085017
v -0.122935 1.095023 -0.099969
v -0.309124 0.739862 -0.111080
v -0.423779 0.354490 -0.117922
v -0.462494 -0.046283 -0.120232
v -0.423779 -0.447056 -0.117922
v -0.309124 -0.832428 -0.111080
v -0.122935 -1.187589 -0.099969
v 0.127634 -1.498890 -0.085017
v 0.432954 -1.754368 -0.066797
v 0.781290 -1.944206 -0.046011
v 1.159258 -2.061107 -0.023456
v 1.182064 1.968541 -0.046011
v 0.826026 1.851640 -0.090253
v 0.497901 1.661802 -0.131028
v 0.210296 1.406324 -0.166767
v -0.025735 1.095023 -0.196097
v -0.201122 0.739862 -0.217891
v -0.309124 0.354490 -0.231312
v -0.345592 -0.046283 -0.235844
v -0.309124 -0.447056 -0.231312
v -0.201122 -0.832428 -0.217891
v -0.025735 -1.187589 -0.196097
v 0.210296 -1.498890 -0.166767
v 0.497901 -1.754368 -0.131028
v 0.826026 -1.944206 -0.090253
v 1.182064 -2.061107 -0.046011
v 1.219099 1.968541 -0.066797
v 0.898674 1.851640 -0.131028
v 0.603369 1.661802 -0.190223
v 0.344532 1.406324 -0.242108
v 0.132110 1.095023 -0.284688
v -0.025735 0.739862 -0.316329
v -0.122935 0.354490 -0.335813
v -0.155755 -0.046283 -0.342392
v -0.122935 -0.447056 -0.335813
v -0.025735 -0.832428 -0.316329
v 0.132110 -1.187589 -0.284688
v 0.344532 -1.498890 -0.242108
v 0.603369 -1.754368 -0.190223
v 0.898674 -1.944206 -0.131028
v 1.219099 -2.061107 -0.066797
v 1.268941 1.968541 -0.085017
v 0.996441 1.851640 -0.166767
v 0.745305 1.661802 -0.242108
v 0.525182 1.406324 -0.308145
v 0.344532 1.095023 -0.362340
v 0.210296 0.739862 -0.402610
v 0.127635 0.354490 -0.427409
v 0.099723 -0.046283 -0.435782
v 0.127635 -0.447056 -0.427409
v 0.210296 -0.832428 -0.402610
v 0.344532 -1.187589 -0.362340
v 0.525182 -1.498890 -0.308145
v 0.745305 -1.754368 -0.242108
v 0.996441 -1.944206 -0.166767
v 1.268941 -2.061107 -0.085017
v 1.329672 1.968541 -0.099969
v 1.115571 1.851640 -0.196097
v 0.918255 1.661802 -0.284688
v 0.745305 1.406324 -0.362340
v 0.603369 1.095023 -0.426066
v 0.497901 0.739862 -0.473419
v 0.432954 0.354490 -0.502579
v 0.411024 -0.046283 -0.512426
v 0.432954 -0.447056 -0.502579
v 0.497901 -0.832428 -0.473419
v 0.603369 -1.187589 -0.426066
v 0.745305 -1.498890 -0.362340
v 0.918255 -1.754368 -0.284688
v 1.115571 -1.944206 -0.196097
v 1.329672 -2.061107 -0.099969
v 1.552330 2.008014 -0.000000
v 1.398961 1.968541 -0.111080
v 1.251485 1.851640 -0.217891
v 1.115571 1.661802 -0.316329
v 0.996441 1.406324 -0.402610
v 0.898674 1.095023 -0.473419
v 0.826026 0.739862 -0.526036
v 0.781291 0.354490 -0.558436
v 0.766185 -0.046283 -0.569377
v 0.781291 -0.447056 -0.558436
v 0.826026 -0.832428 -0.526036
v 0.898674 -1.187589 -0.473419
v 0.996441 -1.498890 -0.402610
v 1.115571 -1.754368 -0.316329
v 1.251485 -1.944206 -0.217891
v 1.398961 -2.061107 -0.111080
v 1.474143 1.968541 -0.117922
v 1.398961 1.851640 -0.231312
v 1.329672 1.661802 -0.335813
v 1.268941 1.406324 -0.427409
v 1.219100 1.095023 -0.502579
v 1.182064 0.739862 -0.558436
v 1.159258 0.354490 -0.592833
v 1.151557 -0.046283 -0.604447
v 1.159258 -0.447056 -0.592833
v 1.182064 -0.832428 -0.558436
v 1.219100 -1.187589 -0.502579
v 1.268941 -1.498890 -0.427409
v 1.329672 -1.754368 -0.335813
v 1.398961 -1.944206 -0.231312
v 1.474143 -2.061107 -0.117922
v 1.552330 1.968541 -0.120232
v 1.552330 1.851640 -0.235844
v 1.552330 1.661802 -0.342392
v 1.552330 1.406324 -0.435782
v 1.552330 1.095023 -0.512426
v 1.552330 0.739862 -0.569377
v 1.552330 0.354490 -0.604447
v 1.552330 -0.046283 -0.616289
v 1.552330 -0.447056 -0.604447
v 1.552330 -0.832428 -0.569377
v 1.552330 -1.187589 -0.512426
v 1.552330 -1.498890 -0.435782
v 1.552330 -1.754368 -0.342392
v 1.552330 -1.944206 -0.235844
v 1.552330 -2.061107 -0.120232
v 1.630517 1.968541 -0.117922
v 1.705700 1.851640 -0.231312
v 1.774988 1.661802 -0.335813
v 1.835720 1.406324 -0.427409
v 1.885561 1.095023 -0.502579
v 1.922596 0.739862 -0.558436
v 1.945403 0.354490 -0.592833
v 1.953104 -0.046283 -0.604447
v 1.945403 -0.447056 -0.592833
v 1.922596 -0.832428 -0.558436
v 1.885561 -1.187589 -0.502579
v 1.835720 -1.498890 -0.427409
v 1.774988 -1.754368 -0.335813
v 1.705700 -1.944206 -0.231312
v 1.630517 -2.061107 -0.117922
v 1.705699 1.968541 -0.111080
v 1.853175 1.851640 -0.217891
v 1.989089 1.661802 -0.316329
v 2.108219 1.406324 -0.402610
v 2.205986 1.095023 -0.473419
v 2.278634 0.739862 -0.526036
v 2.323370 0.354490 -0.558436
v 2.338475 -0.046283 -0.569377
v 2.323370 -0.447056 -0.558436
v 2.278634 -0.832428 -0.526036
v 2.205986 -1.187589 -0.473419
v 2.108219 -1.498890 -0.402610
v 1.989089 -1.754368 -0.316329
v 1.853175 -1.944206 -0.217891
v 1.705699 -2.061107 -0.111080
v 1.774988 1.968541 -0.099969
v 1.989089 1.851640 -0.196097
v 2.186406 1.661802 -0.284688
v 2.359355 1.406324 -0.362340
v 2.501291 1.095023 -0.426066
v 2.606759 0.739862 -0.473420
v 2.671706 0.354490 -0.502579
v 2.693636 -0.046283 -0.512425
v 2.671706 -0.447056 -0.502579
v 2.606759 -0.832428 -0.473420
v 2.501291 -1.187589 -0.426066
v 2.359355 -1.498890 -0.362340
v 2.186406 -1.754368 -0.284688
v 1.989089 -1.944206 -0.196097
v 1.774988 -2.061107 -0.099969
v 1.835720 1.968541 -0.085017
v 2.108219 1.851640 -0.166767
v 2.359355 1.661802 -0.242108
v 2.579478 1.406324 -0.308145
v 2.760129 1.095023 -0.362340
v 2.894364 0.739862 -0.402610
v 2.977026 0.354490 -0.427409
v 3.004937 -0.046283 -0.435782
v 2.977026 -0.447056 -0.427409
v 2.894364 -0.832428 -0.402610
v 2.760129 -1.187589 -0.362340
v 2.579478 -1.498890 -0.308145
v 2.359355 -1.754368 -0.242108
v 2.108219 -1.944206 -0.166767
v 1.835720 -2.061107 -0.085017
v 1.885561 1.968541 -0.066797
v 2.205986 1.851640 -0.131028
v 2.501291 1.661802 -0.190223
v 2.760129 1.406324 -0.242108
v 2.972551 1.095023 -0.284688
v 3.130395 0.739862 -0.316329
v 3.227595 0.354490 -0.335813
v 3.260415 -0.046283 -0.342392
v 3.227595 -0.447056 -0.335813
v 3.130395 -0.832428 -0.316329
v 2.972551 -1.187589 -0.284688
v 2.760129 -1.498890 -0.242108
v 2.501291 -1.754368 -0.190223
v 2.205986 -1.944206 -0.131028
v 1.885561 -2.061107 -0.066797
v 1.922596 1.968541 -0.046011
v 2.278634 1.851640 -0.090253
v 2.606759 1.661802 -0.131028
v 2.894364 1.406324 -0.166767
v 3.130395 1.095023 -0.196097
v 3.305782 0.739862 -0.217891
v 3.413784 0.354490 -0.231312
v 3.450252 -0.046283 -0.235843
v 3.413784 -0.447056 -0.231312
v 3.305782 -0.832428 -0.217891
v 3.130395 -1.187589 -0.196097
v 2.894364 -1.498890 -0.166767
v 2.606759 -1.754368 -0.131028
v 2.278634 -1.944206 -0.090253
v 1.922596 -2.061107 -0.046011
v 1.945403 1.968541 -0.023456
v 2.323370 1.851640 -0.046011
v 2.671706 1.661802 -0.066797
v 2.977026 1.406324 -0.085017
v 3.227594 1.095023 -0.099969
v 3.413784 0.739862 -0.111080
v 3.528439 0.354490 -0.117922
v 3.567153 -0.046283 -0.120232
v 3.528439 -0.447056 -0.117922
v 3.413784 -0.832428 -0.111080
v 3.227594 -1.187589 -0.099969
v 2.977026 -1.498890 -0.085017
v 2.671706 -1.754368 -0.066797
v 2.323370 -1.944206 -0.046011
v 1.945403 -2.061107 -0.023456
v 1.953103 1.968541 -0.000000
v 2.338475 1.851640 -0.000000
v 2.693636 1.661802 -0.000000
v 3.004937 1.406324 -0.000000
v 3.260415 1.095023 -0.000000
v 3.450252 0.739862 -0.000000
v 3.567154 0.354490 -0.000000
v 3.606626 -0.046283 0.000000
v 3.567154 -0.447056 -0.000000
v 3.450252 -0.832428 -0.000000
v 3.260415 -1.187589 -0.000000
v 3.004937 -1.498890 -0.000000
v 2.693636 -1.754368 -0.000000
v 2.338475 -1.944206 -0.000000
v 1.953103 -2.061107 -0.000000
v 1.945403 1.968541 0.023456
v 2.323370 1.851640 0.046011
v 2.671706 1.661802 0.066797
v 2.977026 1.406324 0.085017
v 3.227594 1.095023 0.099969
v 3.413784 0.739862 0.111080
v 3.528439 0.354490 0.117922
v 3.567153 -0.046283 0.120232
v 3.528439 -0.447056 0.117922
v 3.413784 -0.832428 0.111080
v 3.227594 -1.187589 0.099969
v 2.977026 -1.498890 0.085017
v 2.671706 -1.754368 0.066797
v 2.323370 -1.944206 0.046011
v 1.945403 -2.061107 0.023456
v 1.922596 1.968541 0.046011
v 2.278634 1.851640 0.090253
v 2.606759 1.661802 0.131028
v 2.894364 1.406324 0.166767
v 3.130394 1.095023 0.196097
v 3.305782 0.739862 0.217891
v 3.413784 0.354490 0.231312
v 3.450251 -0.046283 0.235844
v 3.413784 -0.447056 0.231312
v 3.305782 -0.832428 0.217891
v 3.130394 -1.187589 0.196097
v 2.894364 -1.498890 0.166767
v 2.606759 -1.754368 0.131028
v 2.278634 -1.944206 0.090253
v 1.922596 -2.061107 0.046011
v 1.885561 1.968541 0.066797
v 2.205986 1.851640 0.131028
v 2.501291 1.661802 0.190223
v 2.760129 1.406324 0.242107
v 2.972550 1.095023 0.284688
v 3.130395 0.739862 0.316329
v 3.227594 0.354490 0.335813
v 3.260414 -0.046283 0.342392
v 3.227594 -0.447056 0.335813
v 3.130395 -0.832428 0.316329
v 2.972550 -1.187589 0.284688
v 2.760129 -1.498890 0.242107
v 2.501291 -1.754368 0.190223
v 2.205986 -1.944206 0.131028
v 1.885561 -2.061107 0.066797
v 1.835720 1.968541 0.085017
v 2.108219 1.851640 0.166767
v 2.359355 1.661802 0.242107
v 2.579478 1.406324 0.308144
v 2.760128 1.095023 0.362339
v 2.894364 0.739862 0.402610
v 2.977025 0.354490 0.427409
v 3.004936 -0.046283 0.435782
v 2.977025 -0.447056 0.427409
v 2.894364 -0.832428 0.402610
v 2.760128 -1.187589 0.362339
v 2.579478 -1.498890 0.308144
v 2.359355 -1.754368 0.242107
v 2.108219 -1.944206 0.166767
v 1.835720 -2.061107 0.085017
v 1.552330 -2.100580 -0.000000
v 1.774988 1.968541 0.099969
v 1.989089 1.851640 0.196097
v 2.186405 1.661802 0.284688
v 2.359355 1.406324 0.362339
v 2.501291 1.095023 0.426066
v 2.606759 0.739862 0.473419
v 2.671705 0.354490 0.502579
v 2.693635 -0.046283 0.512425
v 2.671705 -0.447056 0.502579
v 2.606759 -0.832428 0.473419
v 2.501291 -1.187589 0.426066
v 2.359355 -1.498890 0.362339
v 2.186405 -1.754368 0.284688
v 1.989089 -1.944206 0.196097
v 1.774988 -2.061107 0.099969
v 1.705699 1.968541 0.111080
v 1.853175 1.851640 0.217891
v 1.989089 1.661802 0.316329
v 2.108219 1.406324 0.402610
v 2.205985 1.095023 0.473419
v 2.278634 0.739862 0.526035
v 2.323369 0.354490 0.558436
v 2.338474 -0.046283 0.569376
v 2.323369 -0.447056 0.558436
v 2.278634 -0.832428 0.526035
v 2.205985 -1.187589 0.473419
v 2.108219 -1.498890 0.402610
v 1.989089 -1.754368 0.316329
v 1.853175 -1.944206 0.217891
v 1.705699 -2.061107 0.111080
v 1.630517 1.968541 0.117922
v 1.705699 1.851640 0.231312
v 1.774987 1.661802 0.335813
v 1.835720 1.406324 0.427409
v 1.885561 1.095023 0.502579
v 1.922596 0.739862 0.558436
v 1.945402 0.354490 0.592833
v 1.953102 -0.046283 0.604447
v 1.945402 -0.447056 0.592833
v 1.922596 -0.832428 0.558436
v 1.885561 -1.187589 0.502579
v 1.835720 -1.498890 0.427409
v 1.774987 -1.754368 0.335813
v 1.705699 -1.944206 0.231312
v 1.630517 -2.061107 0.117922
v 1.552330 1.968541 0.120232
v 1.552330 1.851640 0.235843
v 1.552330 1.661802 0.342392
v 1.552330 1.406324 0.435782
v 1.552330 1.095023 0.512425
v 1.552330 0.739862 0.569377
v 1.552330 0.354490 0.604447
v 1.552329 -0.046283 0.616288
v 1.552330 -0.447056 0.604447
v 1.552330 -0.832428 0.569377
v 1.552330 -1.187589 0.512425
v 1.552330 -1.498890 0.435782
v 1.552330 -1.754368 0.342392
v 1.552330 -1.944206 0.235843
v 1.552330 -2.061107 0.120232
v 1.474143 1.968541 0.117922
v 1.398961 1.851640 0.231312
v 1.329672 1.661802 0.335813
v 1.268941 1.406324 0.427409
v 1.219099 1.095023 0.502579
v 1.182064 0.739862 0.558436
v 1.159257 0.354490 0.592833
v 1.151556 -0.046283 0.604447
v 1.159257 -0.447056 0.592833
v 1.182064 -0.832428 0.558436
v 1.219099 -1.187589 0.502579
v 1.268941 -1.498890 0.427409
v 1.329672 -1.754368 0.335813
v 1.398961 -1.944206 0.231312
v 1.474143 -2.061107 0.117922
v 1.398961 1.968541 0.111080
v 1.251485 1.851640 0.217891
v 1.115571 1.661802 0.316328
v 0.996441 1.406324 0.402610
v 0.898674 1.095023 0.473419
v 0.826027 0.739862 0.526035
v 0.781290 0.354490 0.558436
v 0.766185 -0.046283 0.569376
v 0.781290 -0.447056 0.558436
v 0.826027 -0.832428 0.526035
v 0.898674 -1.187589 0.473419
v 0.996441 -1.498890 0.402610
v 1.115571 -1.754368 0.316328
v 1.251485 -1.944206 0.217891
v 1.398961 -2.061107 0.111080
v 1.329673 1.968541 0.099969
v 1.115571 1.851640 0.196097
v 0.918255 1.661802 0.284688
v 0.745305 1.406324 0.362340
v 0.603369 1.095023 0.426066
v 0.497901 0.739862 0.473419
v 0.432954 0.354490 0.502579
v 0.411025 -0.046283 0.512425
v 0.432954 -0.447056 0.502579
v 0.497901 -0.832428 0.473419
v 0.603369 -1.187589 0.426066
v 0.745305 -1.498890 0.362340
v 0.918255 -1.754368 0.284688
v 1.115571 -1.944206 0.196097
v 1.329673 -2.061107 0.099969
v 1.268941 1.968541 0.085017
v 0.996442 1.851640 0.166767
v 0.745305 1.661802 0.242107
v 0.525182 1.406324 0.308144
v 0.344532 1.095023 0.362339
v 0.210297 0.739862 0.402610
v 0.127635 0.354490 0.427408
v 0.099724 -0.046283 0.435782
v 0.127635 -0.447056 0.427408
v 0.210297 -0.832428 0.402610
v 0.344532 -1.187589 0.362339
v 0.525182 -1.498890 0.308144
v 0.745305 -1.754368 0.242107
v 0.996442 -1.944206 0.166767
v 1.268941 -2.061107 0.085017
v 1.219100 1.968541 0.066797
v 0.898674 1.851640 0.131028
v 0.603369 1.661802 0.190222
v 0.344532 1.406324 0.242108
v 0.132110 1.095023 0.284688
v -0.025734 0.739862 0.316329
v -0.122934 0.354490 0.335813
v -0.155754 -0.046283 0.342391
v -0.122934 -0.447056 0.335813
v -0.025734 -0.832428 0.316329
v 0.132110 -1.187589 0.284688
v 0.344532 -1.498890 0.242108
v 0.603369 -1.754368 0.190222
v 0.898674 -1.944206 0.131028
v 1.219100 -2.061107 0.066797
v 1.182064 1.968541 0.046011
v 0.826027 1.851640 0.090253
v 0.497902 1.661802 0.131027
v 0.210296 1.406324 0.166767
v -0.025734 1.095023 0.196097
v -0.201121 0.739862 0.217891
v -0.309124 0.354490 0.231312
v -0.345591 -0.046283 0.235843
v -0.309124 -0.447056 0.231312
v -0.201121 -0.832428 0.217891
v -0.025734 -1.187589 0.196097
v 0.210296 -1.498890 0.166767
v 0.497902 -1.754368 0.131027
v 0.826027 -1.944206 0.090253
v 1.182064 -2.061107 0.046011
v 1.159258 1.968541 0.023456
v 0.781291 1.851640 0.046011
v 0.432955 1.661802 0.066797
v 0.127635 1.406324 0.085017
v -0.122933 1.095023 0.099969
v -0.309124 0.739862 0.111080
v -0.423778 0.354490 0.117922
v -0.462492 -0.046283 0.120232
v -0.423778 -0.447056 0.117922
v -0.309124 -0.832428 0.111080
v -0.122933 -1.187589 0.099969
v 0.127635 -1.498890 0.085017
v 0.432955 -1.754368 0.066797
v 0.781291 -1.944206 0.046011
v 1.159258 -2.061107 0.023456
v 1.151557 1.968541 -0.000000
v 0.766185 1.851640 -0.000000
v 0.099723 1.406324 -0.000000
v -0.345592 0.739862 0.000000
v -0.345592 -0.832428 0.000000
v 0.099723 -1.498890 -0.000000
v 0.411025 -1.754368 -0.000000
v 0.766185 -1.944206 -0.000000
v 1.151557 -2.061107 -0.000000
v -2.803552 1.661802 0.000000
v -3.370331 1.095023 0.000000
v -3.677069 0.354490 0.000000
v -3.716542 -0.046283 0.000000
v -3.677069 -0.447056 0.000000
v -3.370331 -1.187589 0.000000
v -2.055318 1.968541 -0.023456
v -2.433285 1.851640 -0.046011
v -2.781622 1.661802 -0.066797
v -3.086941 1.406324 -0.085017
v -3.337510 1.095023 -0.099969
v -3.523700 0.739862 -0.111080
v -3.638355 0.354490 -0.117922
v -3.677069 -0.046283 -0.120232
v -3.638355 -0.447056 -0.117922
v -3.523700 -0.832428 -0.111080
v -3.337510 -1.187589 -0.099969
v -3.086941 -1.498890 -0.085017
v -2.781622 -1.754368 -0.066797
v -2.433285 -1.944206 -0.046011
v -2.055318 -2.061107 -0.023456
v -2.032512 1.968541 -0.046011
v -2.388549 1.851640 -0.090253
v -2.716675 1.661802 -0.131028
v -3.004279 1.406324 -0.166766
v -3.240310 1.095023 -0.196097
v -3.415697 0.739862 -0.217891
v -3.523700 0.354490 -0.231312
v -3.560168 -0.046283 -0.235843
v -3.523700 -0.447056 -0.231312
v -3.415697 -0.832428 -0.217891
v -3.240310 -1.187589 -0.196097
v -3.004279 -1.498890 -0.166766
v -2.716675 -1.754368 -0.131028
v -2.388549 -1.944206 -0.090253
v -2.032512 -2.061107 -0.046011
v -1.995476 1.968541 -0.066797
v -2.315901 1.851640 -0.131028
v -2.611206 1.661802 -0.190223
v -2.870044 1.406324 -0.242107
v -3.082466 1.095023 -0.284688
v -3.240310 0.739862 -0.316329
v -3.337510 0.354490 -0.335813
v -3.370331 -0.046283 -0.342392
v -3.337510 -0.447056 -0.335813
v -3.240310 -0.832428 -0.316329
v -3.082466 -1.187589 -0.284688
v -2.870044 -1.498890 -0.242107
v -2.611206 -1.754368 -0.190223
v -2.315901 -1.944206 -0.131028
v -1.995476 -2.061107 -0.066797
v -1.945635 1.968541 -0.085017
v -2.218134 1.851640 -0.166766
v -2.469270 1.661802 -0.242107
v -2.689394 1.406324 -0.308144
v -2.870044 1.095023 -0.362339
v -3.004279 0.739862 -0.402610
v -3.086941 0.354490 -0.427409
v -3.114852 -0.046283 -0.435782
v -3.086941 -0.447056 -0.427409
v -3.004279 -0.832428 -0.402610
v -2.870044 -1.187589 -0.362339
v -2.689394 -1.498890 -0.308144
v -2.469270 -1.754368 -0.242107
v -2.218134 -1.944206 -0.166766
v -1.945635 -2.061107 -0.085017
v -1.884903 1.968541 -0.099969
v -2.099005 1.851640 -0.196097
v -2.296321 1.661802 -0.284688
v -2.469271 1.406324 -0.362339
v -2.611206 1.095023 -0.426066
v -2.716675 0.739862 -0.473419
v -2.781621 0.354490 -0.502579
v -2.803551 -0.046283 -0.512425
v -2.781621 -0.447056 -0.502579
v -2.716675 -0.832428 -0.473419
v -2.611206 -1.187589 -0.426066
v -2.469271 -1.498890 -0.362339
v -2.296321 -1.754368 -0.284688
v -2.099005 -1.944206 -0.196097
v -1.884903 -2.061107 -0.099969
v -1.662245 2.008014 0.000000
v -1.815615 1.968541 -0.111080
v -1.963090 1.851640 -0.217891
v -2.099004 1.661802 -0.316329
v -2.218134 1.406324 -0.402610
v -2.315901 1.095023 -0.473419
v -2.388549 0.739862 -0.526035
v -2.433285 0.354490 -0.558436
v -2.448390 -0.046283 -0.569377
v -2.433285 -0.447056 -0.558436
v -2.388549 -0.832428 -0.526035
v -2.315901 -1.187589 -0.473419
v -2.218134 -1.498890 -0.402610
v -2.099004 -1.754368 -0.316329
v -1.963090 -1.944206 -0.217891
v -1.815615 -2.061107 -0.111080
v -1.740432 1.968541 -0.117922
v -1.815615 1.851640 -0.231312
v -1.884903 1.661802 -0.335813
v -1.945635 1.406324 -0.427409
v -1.995476 1.095023 -0.502579
v -2.032512 0.739862 -0.558436
v -2.055318 0.354490 -0.592833
v -2.063018 -0.046283 -0.604447
v -2.055318 -0.447056 -0.592833
v -2.032512 -0.832428 -0.558436
v -1.995476 -1.187589 -0.502579
v -1.945635 -1.498890 -0.427409
v -1.884903 -1.754368 -0.335813
v -1.815615 -1.944206 -0.231312
v -1.740432 -2.061107 -0.117922
v -1.662245 1.968541 -0.120232
v -1.662245 1.851640 -0.235843
v -1.662245 1.661802 -0.342392
v -1.662245 1.406324 -0.435782
v -1.662245 1.095023 -0.512425
v -1.662245 0.739862 -0.569377
v -1.662245 0.354490 -0.604447
v -1.662245 -0.046283 -0.616289
v -1.662245 -0.447056 -0.604447
v -1.662245 -0.832428 -0.569377
v -1.662245 -1.187589 -0.512425
v -1.662245 -1.498890 -0.435782
v -1.662245 -1.754368 -0.342392
v -1.662245 -1.944206 -0.235843
v -1.662245 -2.061107 -0.120232
v -1.584059 1.968541 -0.117922
v -1.508876 1.851640 -0.231312
v -1.439587 1.661802 -0.335813
v -1.378856 1.406324 -0.427409
v -1.329015 1.095023 -0.502579
v -1.291979 0.739862 -0.558436
v -1.269172 0.354490 -0.592833
v -1.261472 -0.046283 -0.604447
v -1.269172 -0.447056 -0.592833
v -1.291979 -0.832428 -0.558436
v -1.329015 -1.187589 -0.502579
v -1.378856 -1.498890 -0.427409
v -1.439587 -1.754368 -0.335813
v -1.508876 -1.944206 -0.231312
v -1.584059 -2.061107 -0.117922
v -1.508876 1.968541 -0.111080
v -1.361400 1.851640 -0.217891
v -1.225486 1.661802 -0.316329
v -1.106357 1.406324 -0.402610
v -1.008590 1.095023 -0.473419
v -0.935942 0.739862 -0.526035
v -0.891206 0.354490 -0.558436
v -0.876100 -0.046283 -0.569376
v -0.891206 -0.447056 -0.558436
v -0.935942 -0.832428 -0.526035
v -1.008590 -1.187589 -0.473419
v -1.106357 -1.498890 -0.402610
v -1.225486 -1.754368 -0.316329
v -1.361400 -1.944206 -0.217891
v -1.508876 -2.061107 -0.111080
v -1.439588 1.968541 -0.099969
v -1.225486 1.851640 -0.196097
v -1.028170 1.661802 -0.284688
v -0.855220 1.406324 -0.362340
v -0.713284 1.095023 -0.426066
v -0.607816 0.739862 -0.473419
v -0.542869 0.354490 -0.502579
v -0.520940 -0.046283 -0.512425
v -0.542869 -0.447056 -0.502579
v -0.607816 -0.832428 -0.473419
v -0.713284 -1.187589 -0.426066
v -0.855220 -1.498890 -0.362340
v -1.028170 -1.754368 -0.284688
v -1.225486 -1.944206 -0.196097
v -1.439588 -2.061107 -0.099969
v -1.378856 1.968541 -0.085017
v -1.106357 1.851640 -0.166766
v -0.855220 1.661802 -0.242107
v -0.635097 1.406324 -0.308144
v -0.454447 1.095023 -0.362339
v -0.320212 0.739862 -0.402610
v -0.237550 0.354490 -0.427409
v -0.209639 -0.046283 -0.435782
v -0.237550 -0.447056 -0.427409
v -0.320212 -0.832428 -0.402610
v -0.454447 -1.187589 -0.362339
v -0.635097 -1.498890 -0.308144
v -0.855220 -1.754368 -0.242107
v -1.106357 -1.944206 -0.166766
v -1.378856 -2.061107 -0.085017
v -1.329015 1.968541 -0.066797
v -1.008590 1.851640 -0.131028
v -0.713284 1.661802 -0.190223
v -0.454447 1.406324 -0.242108
v -0.242025 1.095023 -0.284688
v -0.084181 0.739862 -0.316329
v 0.013019 0.354490 -0.335813
v 0.045839 -0.046283 -0.342392
v 0.013019 -0.447056 -0.335813
v -0.084181 -0.832428 -0.316329
v -0.242025 -1.187589 -0.284688
v -0.454447 -1.498890 -0.242108
v -0.713284 -1.754368 -0.190223
v -1.008590 -1.944206 -0.131028
v -1.329015 -2.061107 -0.066797
v -1.291979 1.968541 -0.046011
v -0.935942 1.851640 -0.090253
v -0.607816 1.661802 -0.131028
v -0.320211 1.406324 -0.166767
v -0.084181 1.095023 -0.196097
v 0.091206 0.739862 -0.217891
v 0.199209 0.354490 -0.231312
v 0.235676 -0.046283 -0.235843
v 0.199209 -0.447056 -0.231312
v 0.091206 -0.832428 -0.217891
v -0.084181 -1.187589 -0.196097
v -0.320211 -1.498890 -0.166767
v -0.607816 -1.754368 -0.131028
v -0.935942 -1.944206 -0.090253
v -1.291979 -2.061107 -0.046011
v -1.269173 1.968541 -0.023456
v -0.891206 1.851640 -0.046011
v -0.542870 1.661802 -0.066797
v -0.237550 1.406324 -0.085017
v 0.013019 1.095023 -0.099969
v 0.199209 0.739862 -0.111080
v 0.313864 0.354490 -0.117922
v 0.352578 -0.046283 -0.120232
v 0.313864 -0.447056 -0.117922
v 0.199209 -0.832428 -0.111080
v 0.013019 -1.187589 -0.099969
v -0.237550 -1.498890 -0.085017
v -0.542870 -1.754368 -0.066797
v -0.891206 -1.944206 -0.046011
v -1.269173 -2.061107 -0.023456
v -1.261472 1.968541 0.000000
v -0.876100 1.851640 0.000000
v -0.520940 1.661802 0.000000
v -0.209639 1.406324 0.000000
v 0.045839 1.095023 0.000000
v 0.235677 0.739862 0.000000
v 0.352578 0.354490 0.000000
v 0.392050 -0.046283 0.000000
v 0.352578 -0.447056 0.000000
v 0.235677 -0.832428 0.000000
v 0.045839 -1.187589 0.000000
v -0.209639 -1.498890 0.000000
v -0.520940 -1.754368 0.000000
v -0.876100 -1.944206 0.000000
v -1.261472 -2.061107 0.000000
v -1.269173 1.968541 0.023456
v -0.891206 1.851640 0.046011
v -0.542870 1.661802 0.066797
v -0.237550 1.406324 0.085017
v 0.013019 1.095023 0.099969
v 0.199209 0.739862 0.111080
v 0.313863 0.354490 0.117922
v 0.352577 -0.046283 0.120232
v 0.313863 -0.447056 0.117922
v 0.199209 -0.832428 0.111080
v 0.013019 -1.187589 0.099969
v -0.237550 -1.498890 0.085017
v -0.542870 -1.754368 0.066797
v -0.891206 -1.944206 0.046011
v -1.269173 -2.061107 0.023456
v -1.291979 1.968541 0.046011
v -0.935942 1.851640 0.090254
v -0.607817 1.661802 0.131028
v -0.320212 1.406324 0.166767
v -0.084181 1.095023 0.196097
v 0.091206 0.739862 0.217891
v 0.199208 0.354490 0.231312
v 0.235676 -0.046283 0.235844
v 0.199208 -0.447056 0.231312
v 0.091206 -0.832428 0.217891
v -0.084181 -1.187589 0.196097
v -0.320212 -1.498890 0.166767
v -0.607817 -1.754368 0.131028
v -0.935942 -1.944206 0.090254
v -1.291979 -2.061107 0.046011
v -1.329015 1.968541 0.066797
v -1.008590 1.851640 0.131028
v -0.713285 1.661802 0.190223
v -0.454447 1.406324 0.242108
v -0.242025 1.095023 0.284688
v -0.084181 0.739862 0.316329
v 0.013019 0.354490 0.335813
v 0.045838 -0.046283 0.342392
v 0.013019 -0.447056 0.335813
v -0.084181 -0.832428 0.316329
v -0.242025 -1.187589 0.284688
v -0.454447 -1.498890 0.242108
v -0.713285 -1.754368 0.190223
v -1.008590 -1.944206 0.131028
v -1.329015 -2.061107 0.066797
v -1.378856 1.968541 0.085017
v -1.106357 1.851640 0.166767
v -0.855221 1.661802 0.242108
v -0.635097 1.406324 0.308145
v -0.454448 1.095023 0.362340
v -0.320212 0.739862 0.402610
v -0.237550 0.354490 0.427409
v -0.209640 -0.046283 0.435782
v -0.237550 -0.447056 0.427409
v -0.320212 -0.832428 0.402610
v -0.454448 -1.187589 0.362340
v -0.635097 -1.498890 0.308145
v -0.855221 -1.754368 0.242108
v -1.106357 -1.944206 0.166767
v -1.378856 -2.061107 0.085017
v -1.662245 -2.100580 0.000000
v -1.439588 1.968541 0.099969
v -1.225487 1.851640 0.196097
v -1.028171 1.661802 0.284688
v -0.855220 1.406324 0.362340
v -0.713285 1.095023 0.426066
v -0.607816 0.739862 0.473419
v -0.542870 0.354490 0.502579
v -0.520941 -0.046283 0.512425
v -0.542870 -0.447056 0.502579
v -0.607816 -0.832428 0.473419
v -0.713285 -1.187589 0.426066
v -0.855220 -1.498890 0.362340
v -1.028171 -1.754368 0.284688
v -1.225487 -1.944206 0.196097
v -1.439588 -2.061107 0.099969
v -1.508876 1.968541 0.111080
v -1.361401 1.851640 0.217891
v -1.225487 1.661802 0.316329
v -1.106357 1.406324 0.402610
v -1.008590 1.095023 0.473419
v -0.935942 0.739862 0.526036
v -0.891207 0.354490 0.558436
v -0.876102 -0.046283 0.569377
v -0.891207 -0.447056 0.558436
v -0.935942 -0.832428 0.526036
v -1.008590 -1.187589 0.473419
v -1.106357 -1.498890 0.402610
v -1.225487 -1.754368 0.316329
v -1.361401 -1.944206 0.217891
v -1.508876 -2.061107 0.111080
v -1.584059 1.968541 0.117922
v -1.508876 1.851640 0.231312
v -1.439588 1.661802 0.335813
v -1.378856 1.406324 0.427409
v -1.329015 1.095023 0.502579
v -1.291979 0.739862 0.558436
v -1.269173 0.354490 0.592833
v -1.261474 -0.046283 0.604447
v -1.269173 -0.447056 0.592833
v -1.291979 -0.832428 0.558436
v -1.329015 -1.187589 0.502579
v -1.378856 -1.498890 0.427409
v -1.439588 -1.754368 0.335813
v -1.508876 -1.944206 0.231312
v -1.584059 -2.061107 0.117922
v -1.662245 1.968541 0.120232
v -1.662245 1.851640 0.235844
v -1.662246 1.661802 0.342392
v -1.662245 1.406324 0.435782
v -1.662246 1.095023 0.512425
v -1.662245 0.739862 0.569377
v -1.662246 0.354490 0.604447
v -1.662246 -0.046283 0.616289
v -1.662246 -0.447056 0.604447
v -1.662245 -0.832428 0.569377
v -1.662246 -1.187589 0.512425
v -1.662245 -1.498890 0.435782
v -1.662246 -1.754368 0.342392
v -1.662245 -1.944206 0.235844
v -1.662245 -2.061107 0.120232
v -1.740432 1.968541 0.117922
v -1.815615 1.851640 0.231312
v -1.884904 1.661802 0.335813
v -1.945635 1.406324 0.427409
v -1.995476 1.095023 0.502579
v -2.032512 0.739862 0.558436
v -2.055318 0.354490 0.592833
v -2.063019 -0.046283 0.604447
v -2.055318 -0.447056 0.592833
v -2.032512 -0.832428 0.558436
v -1.995476 -1.187589 0.502579
v -1.945635 -1.498890 0.427409
v -1.884904 -1.754368 0.335813
v -1.815615 -1.944206 0.231312
v -1.740432 -2.061107 0.117922
v -1.815614 1.968541 0.111080
v -1.963090 1.851640 0.217891
v -2.099004 1.661802 0.316329
v -2.218134 1.406324 0.402610
v -2.315901 1.095023 0.473419
v -2.388549 0.739862 0.526036
v -2.433285 0.354490 0.558436
v -2.448391 -0.046283 0.569376
v -2.433285 -0.447056 0.558436
v -2.388549 -0.832428 0.526036
v -2.315901 -1.187589 0.473419
v -2.218134 -1.498890 0.402610
v -2.099004 -1.754368 0.316329
v -1.963090 -1.944206 0.217891
v -1.815614 -2.061107 0.111080
v -1.884903 1.968541 0.099969
v -2.099004 1.851640 0.196097
v -2.296321 1.661802 0.284688
v -2.469270 1.406324 0.362340
v -2.611206 1.095023 0.426066
v -2.716674 0.739862 0.473419
v -2.781621 0.354490 0.502579
v -2.803551 -0.046283 0.512425
v -2.781621 -0.447056 0.502579
v -2.716674 -0.832428 0.473419
v -2.611206 -1.187589 0.426066
v -2.469270 -1.498890 0.362340
v -2.296321 -1.754368 0.284688
v -2.099004 -1.944206 0.196097
v -1.884903 -2.061107 0.099969
v -1.945635 1.968541 0.085017
v -2.218134 1.851640 0.166767
v -2.469270 1.661802 0.242107
v -2.689393 1.406324 0.308145
v -2.870044 1.095023 0.362339
v -3.004279 0.739862 0.402610
v -3.086941 0.354490 0.427409
v -3.114852 -0.046283 0.435782
v -3.086941 -0.447056 0.427409
v -3.004279 -0.832428 0.402610
v -2.870044 -1.187589 0.362339
v -2.689393 -1.498890 0.308145
v -2.469270 -1.754368 0.242107
v -2.218134 -1.944206 0.166767
v -1.945635 -2.061107 0.085017
v -1.995476 1.968541 0.066797
v -2.315901 1.851640 0.131028
v -2.611206 1.661802 0.190223
v -2.870044 1.406324 0.242108
v -3.082466 1.095023 0.284688
v -3.240309 0.739862 0.316329
v -3.337510 0.354490 0.335813
v -3.370329 -0.046283 0.342391
v -3.337510 -0.447056 0.335813
v -3.240309 -0.832428 0.316329
v -3.082466 -1.187589 0.284688
v -2.870044 -1.498890 0.242108
v -2.611206 -1.754368 0.190223
v -2.315901 -1.944206 0.131028
v -1.995476 -2.061107 0.066797
v -2.032511 1.968541 0.046011
v -2.388549 1.851640 0.090254
v -2.716674 1.661802 0.131028
v -3.004279 1.406324 0.166767
v -3.240309 1.095023 0.196097
v -3.415697 0.739862 0.217891
v -3.523699 0.354490 0.231312
v -3.560166 -0.046283 0.235843
v -3.523699 -0.447056 0.231312
v -3.415697 -0.832428 0.217891
v -3.240309 -1.187589 0.196097
v -3.004279 -1.498890 0.166767
v -2.716674 -1.754368 0.131028
v -2.388549 -1.944206 0.090254
v -2.032511 -2.061107 0.046011
v -2.055317 1.968541 0.023456
v -2.433285 1.851640 0.046011
v -2.781620 1.661802 0.066797
v -3.086941 1.406324 0.085017
v -3.337509 1.095023 0.099969
v -3.523699 0.739862 0.111080
v -3.638354 0.354490 0.117922
v -3.677067 -0.046283 0.120232
v -3.638354 -0.447056 0.117922
v -3.523699 -0.832428 0.111080
v -3.337509 -1.187589 0.099969
v -3.086941 -1.498890 0.085017
v -2.781620 -1.754368 0.066797
v -2.433285 -1.944206 0.046011
v -2.055317 -2.061107 0.023456
v -2.063018 1.968541 0.000000
v -2.448390 1.851640 0.000000
v -3.114852 1.406324 0.000000
v -3.560167 0.739862 0.000000
v -3.560167 -0.832428 0.000000
v -3.114852 -1.498890 0.000000
v -2.803550 -1.754368 0.000000
v -2.448390 -1.944206 0.000000
v -2.063018 -2.061107 0.000000
v 3.735942 1.661802 -0.000000
v 3.169163 1.095023 -0.000000
v 2.862424 0.354490 -0.000000
v 2.822951 -0.046283 -0.000000
v 2.862424 -0.447056 -0.000000
v 3.169163 -1.187589 -0.000000
v 4.484175 1.968541 -0.023456
v 4.106208 1.851640 -0.046011
v 3.757872 1.661802 -0.066797
v 3.452552 1.406324 -0.085017
v 3.201983 1.095023 -0.099969
v 3.015794 0.739862 -0.111080
v 2.901139 0.354490 -0.117922
v 2.862424 -0.046283 -0.120232
v 2.901139 -0.447056 -0.117922
v 3.015794 -0.832428 -0.111080
v 3.201983 -1.187589 -0.099969
v 3.452552 -1.498890 -0.085017
v 3.757872 -1.754368 -0.066797
v 4.106208 -1.944206 -0.046011
v 4.484175 -2.061107 -0.023456
v 4.506981 1.968541 -0.046011
v 4.150944 1.851640 -0.090254
v 3.822819 1.661802 -0.131028
v 3.535214 1.406324 -0.166767
v 3.299183 1.095023 -0.196097
v 3.123796 0.739862 -0.217891
v 3.015794 0.354490 -0.231312
v 2.979326 -0.046283 -0.235844
v 3.015794 -0.447056 -0.231312
v 3.123796 -0.832428 -0.217891
v 3.299183 -1.187589 -0.196097
v 3.535214 -1.498890 -0.166767
v 3.822819 -1.754368 -0.131028
v 4.150944 -1.944206 -0.090254
v 4.506981 -2.061107 -0.046011
v 4.544017 1.968541 -0.066798
v 4.223592 1.851640 -0.131028
v 3.928287 1.661802 -0.190223
v 3.669450 1.406324 -0.242108
v 3.457027 1.095023 -0.284689
v 3.299183 0.739862 -0.316329
v 3.201983 0.354490 -0.335813
v 3.169163 -0.046283 -0.342392
v 3.201983 -0.447056 -0.335813
v 3.299183 -0.832428 -0.316329
v 3.457027 -1.187589 -0.284689
v 3.669450 -1.498890 -0.242108
v 3.928287 -1.754368 -0.190223
v 4.223592 -1.944206 -0.131028
v 4.544017 -2.061107 -0.066798
v 4.593859 1.968541 -0.085017
v 4.321359 1.851640 -0.166767
v 4.070223 1.661802 -0.242108
v 3.850100 1.406324 -0.308145
v 3.669450 1.095023 -0.362340
v 3.535214 0.739862 -0.402610
v 3.452553 0.354490 -0.427409
v 3.424641 -0.046283 -0.435782
v 3.452553 -0.447056 -0.427409
v 3.535214 -0.832428 -0.402610
v 3.669450 -1.187589 -0.362340
v 3.850100 -1.498890 -0.308145
v 4.070223 -1.754368 -0.242108
v 4.321359 -1.944206 -0.166767
v 4.593859 -2.061107 -0.085017
v 4.654590 1.968541 -0.099969
v 4.440489 1.851640 -0.196097
v 4.243173 1.661802 -0.284689
v 4.070223 1.406324 -0.362340
v 3.928287 1.095023 -0.426066
v 3.822819 0.739862 -0.473420
v 3.757872 0.354490 -0.502580
v 3.735942 -0.046283 -0.512426
v 3.757872 -0.447056 -0.502580
v 3.822819 -0.832428 -0.473420
v 3.928287 -1.187589 -0.426066
v 4.070223 -1.498890 -0.362340
v 4.243173 -1.754368 -0.284689
v 4.440489 -1.944206 -0.196097
v 4.654590 -2.061107 -0.099969
v 4.877248 2.008014 -0.000000
v 4.723879 1.968541 -0.111080
v 4.576403 1.851640 -0.217891
v 4.440489 1.661802 -0.316329
v 4.321359 1.406324 -0.402610
v 4.223592 1.095023 -0.473420
v 4.150944 0.739862 -0.526036
v 4.106209 0.354490 -0.558437
v 4.091104 -0.046283 -0.569377
v 4.106209 -0.447056 -0.558437
v 4.150944 -0.832428 -0.526036
v 4.223592 -1.187589 -0.473420
v 4.321359 -1.498890 -0.402610
v 4.440489 -1.754368 -0.316329
v 4.576403 -1.944206 -0.217891
v 4.723879 -2.061107 -0.111080
v 4.799061 1.968541 -0.117922
v 4.723879 1.851640 -0.231312
v 4.654590 1.661802 -0.335813
v 4.593858 1.406324 -0.427409
v 4.544017 1.095023 -0.502580
v 4.506981 0.739862 -0.558437
v 4.484175 0.354490 -0.592833
v 4.476475 -0.046283 -0.604447
v 4.484175 -0.447056 -0.592833
v 4.506981 -0.832428 -0.558437
v 4.544017 -1.187589 -0.502580
v 4.593858 -1.498890 -0.427409
v 4.654590 -1.754368 -0.335813
v 4.723879 -1.944206 -0.231312
v 4.799061 -2.061107 -0.117922
v 4.877248 1.968541 -0.120232
v 4.877248 1.851640 -0.235844
v 4.877248 1.661802 -0.342392
v 4.877248 1.406324 -0.435782
v 4.877248 1.095023 -0.512426
v 4.877248 0.739862 -0.569377
v 4.877248 0.354490 -0.604447
v 4.877248 -0.046283 -0.616289
v 4.877248 -0.447056 -0.604447
v 4.877248 -0.832428 -0.569377
v 4.877248 -1.187589 -0.512426
v 4.877248 -1.498890 -0.435782
v 4.877248 -1.754368 -0.342392
v 4.877248 -1.944206 -0.235844
v 4.877248 -2.061107 -0.120232
v 4.955435 1.968541 -0.117922
v 5.030617 1.851640 -0.231312
v 5.099906 1.661802 -0.335813
v 5.160637 1.406324 -0.427409
v 5.210479 1.095023 -0.502580
v 5.247514 0.739862 -0.558437
v 5.270321 0.354490 -0.592833
v 5.278022 -0.046283 -0.604447
v 5.270321 -0.447056 -0.592833
v 5.247514 -0.832428 -0.558437
v 5.210479 -1.187589 -0.502580
v 5.160637 -1.498890 -0.427409
v 5.099906 -1.754368 -0.335813
v 5.030617 -1.944206 -0.231312
v 4.955435 -2.061107 -0.117922
v 5.030617 1.968541 -0.111080
v 5.178093 1.851640 -0.217891
v 5.314007 1.661802 -0.316329
v 5.433137 1.406324 -0.402610
v 5.530904 1.095023 -0.473420
v 5.603552 0.739862 -0.526036
v 5.648288 0.354490 -0.558437
v 5.663393 -0.046283 -0.569377
v 5.648288 -0.447056 -0.558437
v 5.603552 -0.832428 -0.526036
v 5.530904 -1.187589 -0.473420
v 5.433137 -1.498890 -0.402610
v 5.314007 -1.754368 -0.316329
v 5.178093 -1.944206 -0.217891
v 5.030617 -2.061107 -0.111080
v 5.099906 1.968541 -0.099969
v 5.314007 1.851640 -0.196097
v 5.511324 1.661802 -0.284689
v 5.684273 1.406324 -0.362340
v 5.826209 1.095023 -0.426066
v 5.931677 0.739862 -0.473420
v 5.996624 0.354490 -0.502580
v 6.018554 -0.046283 -0.512426
v 5.996624 -0.447056 -0.502580
v 5.931677 -0.832428 -0.473420
v 5.826209 -1.187589 -0.426066
v 5.684273 -1.498890 -0.362340
v 5.511324 -1.754368 -0.284689
v 5.314007 -1.944206 -0.196097
v 5.099906 -2.061107 -0.099969
v 5.160637 1.968541 -0.085017
v 5.433137 1.851640 -0.166767
v 5.684273 1.661802 -0.242108
v 5.904396 1.406324 -0.308145
v 6.085047 1.095023 -0.362340
v 6.219282 0.739862 -0.402610
v 6.301943 0.354490 -0.427409
v 6.329855 -0.046283 -0.435782
v 6.301943 -0.447056 -0.427409
v 6.219282 -0.832428 -0.402610
v 6.085047 -1.187589 -0.362340
v 5.904396 -1.498890 -0.308145
v 5.684273 -1.754368 -0.242108
v 5.433137 -1.944206 -0.166767
v 5.160637 -2.061107 -0.085017
v 5.210479 1.968541 -0.066798
v 5.530904 1.851640 -0.131028
v 5.826209 1.661802 -0.190223
v 6.085047 1.406324 -0.242108
v 6.297469 1.095023 -0.284689
v 6.455313 0.739862 -0.316329
v 6.552513 0.354490 -0.335813
v 6.585333 -0.046283 -0.342392
v 6.552513 -0.447056 -0.335813
v 6.455313 -0.832428 -0.316329
v 6.297469 -1.187589 -0.284689
v 6.085047 -1.498890 -0.242108
v 5.826209 -1.754368 -0.190223
v 5.530904 -1.944206 -0.131028
v 5.210479 -2.061107 -0.066798
v 5.247514 1.968541 -0.046011
v 5.603552 1.851640 -0.090254
v 5.931677 1.661802 -0.131028
v 6.219282 1.406324 -0.166767
v 6.455313 1.095023 -0.196097
v 6.630700 0.739862 -0.217891
v 6.738702 0.354490 -0.231312
v 6.775170 -0.046283 -0.235844
v 6.738702 -0.447056 -0.231312
v 6.630700 -0.832428 -0.217891
v 6.455313 -1.187589 -0.196097
v 6.219282 -1.498890 -0.166767
v 5.931677 -1.754368 -0.131028
v 5.603552 -1.944206 -0.090254
v 5.247514 -2.061107 -0.046011
v 5.270320 1.968541 -0.023456
v 5.648287 1.851640 -0.046011
v 5.996624 1.661802 -0.066797
v 6.301943 1.406324 -0.085017
v 6.552512 1.095023 -0.099969
v 6.738702 0.739862 -0.111080
v 6.853357 0.354490 -0.117922
v 6.892071 -0.046283 -0.120232
v 6.853357 -0.447056 -0.117922
v 6.738702 -0.832428 -0.111080
v 6.552512 -1.187589 -0.099969
v 6.301943 -1.498890 -0.085017
v 5.996624 -1.754368 -0.066797
v 5.648287 -1.944206 -0.046011
v 5.270320 -2.061107 -0.023456
v 5.278021 1.968541 -0.000000
v 5.663393 1.851640 -0.000000
v 6.018554 1.661802 -0.000000
v 6.329855 1.406324 -0.000000
v 6.585332 1.095023 -0.000000
v 6.775170 0.739862 -0.000000
v 6.892072 0.354490 -0.000000
v 6.931544 -0.046283 -0.000000
v 6.892072 -0.447056 -0.000000
v 6.775170 -0.832428 -0.000000
v 6.585332 -1.187589 -0.000000
v 6.329855 -1.498890 -0.000000
v 6.018554 -1.754368 -0.000000
v 5.663393 -1.944206 -0.000000
v 5.278021 -2.061107 -0.000000
v 5.270320 1.968541 0.023456
v 5.648287 1.851640 0.046011
v 5.996624 1.661802 0.066797
v 6.301943 1.406324 0.085017
v 6.552512 1.095023 0.099969
v 6.738702 0.739862 0.111080
v 6.853357 0.354490 0.117922
v 6.892071 -0.046283 0.120232
v 6.853357 -0.447056 0.117922
v 6.738702 -0.832428 0.111080
v 6.552512 -1.187589 0.099969
v 6.301943 -1.498890 0.085017
v 5.996624 -1.754368 0.066797
v 5.648287 -1.944206 0.046011
v 5.270320 -2.061107 0.023456
v 5.247514 1.968541 0.046011
v 5.603552 1.851640 0.090253
v 5.931676 1.661802 0.131027
v 6.219282 1.406324 0.166766
v 6.455312 1.095023 0.196097
v 6.630700 0.739862 0.217891
v 6.738702 0.354490 0.231312
v 6.775169 -0.046283 0.235843
v 6.738702 -0.447056 0.231312
v 6.630700 -0.832428 0.217891
v 6.455312 -1.187589 0.196097
v 6.219282 -1.498890 0.166766
v 5.931676 -1.754368 0.131027
v 5.603552 -1.944206 0.090253
v 5.247514 -2.061107 0.046011
v 5.210479 1.968541 0.066797
v 5.530904 1.851640 0.131027
v 5.826209 1.661802 0.190222
v 6.085047 1.406324 0.242107
v 6.297468 1.095023 0.284688
v 6.455313 0.739862 0.316328
v 6.552512 0.354490 0.335813
v 6.585331 -0.046283 0.342392
v 6.552512 -0.447056 0.335813
v 6.455313 -0.832428 0.316328
v 6.297468 -1.187589 0.284688
v 6.085047 -1.498890 0.242107
v 5.826209 -1.754368 0.190222
v 5.530904 -1.944206 0.131027
v 5.210479 -2.061107 0.066797
v 5.160637 1.968541 0.085017
v 5.433137 1.851640 0.166766
v 5.684273 1.661802 0.242107
v 5.904396 1.406324 0.308144
v 6.085046 1.095023 0.362339
v 6.219282 0.739862 0.402610
v 6.301943 0.354490 0.427408
v 6.329854 -0.046283 0.435782
v 6.301943 -0.447056 0.427408
v 6.219282 -0.832428 0.402610
v 6.085046 -1.187589 0.362339
v 5.904396 -1.498890 0.308144
v 5.684273 -1.754368 0.242107
v 5.433137 -1.944206 0.166766
v 5.160637 -2.061107 0.085017
v 4.877248 -2.100580 -0.000000
v 5.099905 1.968541 0.099969
v 5.314007 1.851640 0.196097
v 5.511323 1.661802 0.284688
v 5.684273 1.406324 0.362339
v 5.826209 1.095023 0.426066
v 5.931677 0.739862 0.473419
v 5.996624 0.354490 0.502579
v 6.018552 -0.046283 0.512425
v 5.996624 -0.447056 0.502579
v 5.931677 -0.832428 0.473419
v 5.826209 -1.187589 0.426066
v 5.684273 -1.498890 0.362339
v 5.511323 -1.754368 0.284688
v 5.314007 -1.944206 0.196097
v 5.099905 -2.061107 0.099969
v 5.030617 1.968541 0.111080
v 5.178093 1.851640 0.217891
v 5.314006 1.661802 0.316328
v 5.433137 1.406324 0.402610
v 5.530903 1.095023 0.473419
v 5.603552 0.739862 0.526035
v 5.648287 0.354490 0.558436
v 5.663392 -0.046283 0.569376
v 5.648287 -0.447056 0.558436
v 5.603552 -0.832428 0.526035
v 5.530903 -1.187589 0.473419
v 5.433137 -1.498890 0.402610
v 5.314006 -1.754368 0.316328
v 5.178093 -1.944206 0.217891
v 5.030617 -2.061107 0.111080
v 4.955435 1.968541 0.117922
v 5.030617 1.851640 0.231312
v 5.099905 1.661802 0.335812
v 5.160637 1.406324 0.427408
v 5.210479 1.095023 0.502579
v 5.247514 0.739862 0.558436
v 5.270320 0.354490 0.592833
v 5.278020 -0.046283 0.604447
v 5.270320 -0.447056 0.592833
v 5.247514 -0.832428 0.558436
v 5.210479 -1.187589 0.502579
v 5.160637 -1.498890 0.427408
v 5.099905 -1.754368 0.335812
v 5.030617 -1.944206 0.231312
v 4.955435 -2.061107 0.117922
v 4.877248 1.968541 0.120232
v 4.877248 1.851640 0.235843
v 4.877248 1.661802 0.342391
v 4.877248 1.406324 0.435782
v 4.877248 1.095023 0.512425
v 4.877248 0.739862 0.569376
v 4.877247 0.354490 0.604447
v 4.877247 -0.046283 0.616288
v 4.877247 -0.447056 0.604447
v 4.877248 -0.832428 0.569376
v 4.877248 -1.187589 0.512425
v 4.877248 -1.498890 0.435782
v 4.877248 -1.754368 0.342391
v 4.877248 -1.944206 0.235843
v 4.877248 -2.061107 0.120232
v 4.799061 1.968541 0.117922
v 4.723879 1.851640 0.231312
v 4.654590 1.661802 0.335812
v 4.593858 1.406324 0.427408
v 4.544017 1.095023 0.502579
v 4.506981 0.739862 0.558436
v 4.484175 0.354490 0.592833
v 4.476474 -0.046283 0.604446
v 4.484175 -0.447056 0.592833
v 4.506981 -0.832428 0.558436
v 4.544017 -1.187589 0.502579
v 4.593858 -1.498890 0.427408
v 4.654590 -1.754368 0.335812
v 4.723879 -1.944206 0.231312
v 4.799061 -2.061107 0.117922
v 4.723879 1.968541 0.111080
v 4.576403 1.851640 0.217891
v 4.440489 1.661802 0.316328
v 4.321359 1.406324 0.402610
v 4.223592 1.095023 0.473419
v 4.150945 0.739862 0.526035
v 4.106208 0.354490 0.558436
v 4.091103 -0.046283 0.569376
v 4.106208 -0.447056 0.558436
v 4.150945 -0.832428 0.526035
v 4.223592 -1.187589 0.473419
v 4.321359 -1.498890 0.402610
v 4.440489 -1.754368 0.316328
v 4.576403 -1.944206 0.217891
v 4.723879 -2.061107 0.111080
v 4.654590 1.968541 0.099969
v 4.440489 1.851640 0.196097
v 4.243173 1.661802 0.284688
v 4.070223 1.406324 0.362339
v 3.928287 1.095023 0.426066
v 3.822819 0.739862 0.473419
v 3.757872 0.354490 0.502579
v 3.735942 -0.046283 0.512425
v 3.757872 -0.447056 0.502579
v 3.822819 -0.832428 0.473419
v 3.928287 -1.187589 0.426066
v 4.070223 -1.498890 0.362339
v 4.243173 -1.754368 0.284688
v 4.440489 -1.944206 0.196097
v 4.654590 -2.061107 0.099969
v 4.593859 1.968541 0.085017
v 4.321360 1.851640 0.166766
v 4.070223 1.661802 0.242107
v 3.850100 1.406324 0.308144
v 3.669450 1.095023 0.362339
v 3.535215 0.739862 0.402610
v 3.452553 0.354490 0.427408
v 3.424642 -0.046283 0.435781
v 3.452553 -0.447056 0.427408
v 3.535215 -0.832428 0.402610
v 3.669450 -1.187589 0.362339
v 3.850100 -1.498890 0.308144
v 4.070223 -1.754368 0.242107
v 4.321360 -1.944206 0.166766
v 4.593859 -2.061107 0.085017
v 4.544017 1.968541 0.066797
v 4.223592 1.851640 0.131027
v 3.928287 1.661802 0.190222
v 3.669450 1.406324 0.242107
v 3.457028 1.095023 0.284688
v 3.299184 0.739862 0.316329
v 3.201984 0.354490 0.335812
v 3.169164 -0.046283 0.342391
v 3.201984 -0.447056 0.335812
v 3.299184 -0.832428 0.316329
v 3.457028 -1.187589 0.284688
v 3.669450 -1.498890 0.242107
v 3.928287 -1.754368 0.190222
v 4.223592 -1.944206 0.131027
v 4.544017 -2.061107 0.066797
v 4.506982 1.968541 0.046011
v 4.150945 1.851640 0.090253
v 3.822819 1.661802 0.131027
v 3.535214 1.406324 0.166766
v 3.299184 1.095023 0.196096
v 3.123797 0.739862 0.217891
v 3.015795 0.354490 0.231312
v 2.979327 -0.046283 0.235843
v 3.015795 -0.447056 0.231312
v 3.123797 -0.832428 0.217891
v 3.299184 -1.187589 0.196096
v 3.535214 -1.498890 0.166766
v 3.822819 -1.754368 0.131027
v 4.150945 -1.944206 0.090253
v 4.506982 -2.061107 0.046011
v 4.484176 1.968541 0.023456
v 4.106209 1.851640 0.046011
v 3.757873 1.661802 0.066797
v 3.452553 1.406324 0.085017
v 3.201984 1.095023 0.099969
v 3.015795 0.739862 0.111080
v 2.901139 0.354490 0.117921
v 2.862426 -0.046283 0.120232
v 2.901139 -0.447056 0.117921
v 3.015795 -0.832428 0.111080
v 3.201984 -1.187589 0.099969
v 3.452553 -1.498890 0.085017
v 3.757873 -1.754368 0.066797
v 4.106209 -1.944206 0.046011
v 4.484176 -2.061107 0.023456
v 4.476475 1.968541 -0.000000
v 4.091104 1.851640 -0.000000
v 3.424641 1.406324 -0.000000
v 2.979326 0.739862 -0.000000
v 2.979326 -0.832428 -0.000000
v 3.424641 -1.498890 -0.000000
v 3.735943 -1.754368 -0.000000
v 4.091104 -1.944206 -0.000000
v 4.476475 -2.061107 -0.000000
v 2.139860 2.836987 -0.000000
v 1.573081 2.270208 -0.000000
v 1.266342 1.529675 -0.000000
v 1.226869 1.128901 -0.000000
v 1.266342 0.728128 -0.000000
v 1.573081 -0.012405 -0.000000
v 2.888093 3.143725 -0.023456
v 2.510126 3.026824 -0.046011
v 2.161790 2.836987 -0.066797
v 1.856470 2.581509 -0.085017
v 1.605901 2.270208 -0.099969
v 1.419711 1.915047 -0.111080
v 1.305056 1.529675 -0.117922
v 1.266342 1.128901 -0.120232
v 1.305056 0.728128 -0.117922
v 1.419711 0.342756 -0.111080
v 1.605901 -0.012405 -0.099969
v 1.856470 -0.323706 -0.085017
v 2.161790 -0.579184 -0.066797
v 2.510126 -0.769021 -0.046011
v 2.888093 -0.885922 -0.023456
v 2.910900 3.143725 -0.046011
v 2.554862 3.026824 -0.090254
v 2.226737 2.836987 -0.131028
v 1.939132 2.581509 -0.166767
v 1.703101 2.270208 -0.196097
v 1.527714 1.915047 -0.217891
v 1.419711 1.529675 -0.231312
v 1.383244 1.128901 -0.235844
v 1.419711 0.728128 -0.231312
v 1.527714 0.342756 -0.217891
v 1.703101 -0.012405 -0.196097
v 1.939132 -0.323706 -0.166767
v 2.226737 -0.579184 -0.131028
v 2.554862 -0.769021 -0.090254
v 2.910900 -0.885922 -0.046011
v 2.947935 3.143725 -0.066797
v 2.627510 3.026824 -0.131028
v 2.332205 2.836987 -0.190223
v 2.073367 2.581509 -0.242108
v 1.860945 2.270208 -0.284688
v 1.703101 1.915047 -0.316329
v 1.605901 1.529675 -0.335813
v 1.573081 1.128901 -0.342392
v 1.605901 0.728128 -0.335813
v 1.703101 0.342756 -0.316329
v 1.860945 -0.012405 -0.284688
v 2.073367 -0.323706 -0.242108
v 2.332205 -0.579184 -0.190223
v 2.627510 -0.769021 -0.131028
v 2.947935 -0.885922 -0.066797
v 2.997777 3.143725 -0.085017
v 2.725277 3.026824 -0.166767
v 2.474141 2.836987 -0.242108
v 2.254018 2.581509 -0.308145
v 2.073368 2.270208 -0.362340
v 1.939132 1.915047 -0.402610
v 1.856470 1.529675 -0.427409
v 1.828559 1.128901 -0.435782
v 1.856470 0.728128 -0.427409
v 1.939132 0.342756 -0.402610
v 2.073368 -0.012405 -0.362340
v 2.254018 -0.323706 -0.308145
v 2.474141 -0.579184 -0.242108
v 2.725277 -0.769021 -0.166767
v 2.997777 -0.885922 -0.085017
v 3.058508 3.143725 -0.099969
v 2.844407 3.026824 -0.196097
v 2.647090 2.836987 -0.284689
v 2.474141 2.581509 -0.362340
v 2.332205 2.270208 -0.426066
v 2.226737 1.915047 -0.473420
v 2.161790 1.529675 -0.502580
v 2.139860 1.128901 -0.512426
v 2.161790 0.728128 -0.502580
v 2.226737 0.342756 -0.473420
v 2.332205 -0.012405 -0.426066
v 2.474141 -0.323706 -0.362340
v 2.647090 -0.579184 -0.284689
v 2.844407 -0.769021 -0.196097
v 3.058508 -0.885922 -0.099969
v 3.281166 3.183198 -0.000000
v 3.127797 3.143725 -0.111080
v 2.980321 3.026824 -0.217891
v 2.844407 2.836987 -0.316329
v 2.725277 2.581509 -0.402610
v 2.627510 2.270208 -0.473420
v 2.554862 1.915047 -0.526036
v 2.510127 1.529675 -0.558436
v 2.495021 1.128901 -0.569377
v 2.510127 0.728128 -0.558436
v 2.554862 0.342756 -0.526036
v 2.627510 -0.012405 -0.473420
v 2.725277 -0.323706 -0.402610
v 2.844407 -0.579184 -0.316329
v 2.980321 -0.769021 -0.217891
v 3.127797 -0.885922 -0.111080
v 3.202979 3.143725 -0.117922
v 3.127797 3.026824 -0.231312
v 3.058508 2.836987 -0.335813
v 2.997777 2.581509 -0.427409
v 2.947935 2.270208 -0.502580
v 2.910900 1.915047 -0.558436
v 2.888094 1.529675 -0.592833
v 2.880393 1.128901 -0.604447
v 2.888094 0.728128 -0.592833
v 2.910900 0.342756 -0.558436
v 2.947935 -0.012405 -0.502580
v 2.997777 -0.323706 -0.427409
v 3.058508 -0.579184 -0.335813
v 3.127797 -0.769021 -0.231312
v 3.202979 -0.885922 -0.117922
v 3.281166 3.143725 -0.120232
v 3.281166 3.026824 -0.235844
v 3.281166 2.836987 -0.342392
v 3.281166 2.581509 -0.435782
v 3.281166 2.270208 -0.512426
v 3.281166 1.915047 -0.569377
v 3.281166 1.529675 -0.604447
v 3.281166 1.128901 -0.616289
v 3.281166 0.728128 -0.604447
v 3.281166 0.342756 -0.569377
v 3.281166 -0.012405 -0.512426
v 3.281166 -0.323706 -0.435782
v 3.281166 -0.579184 -0.342392
v 3.281166 -0.769021 -0.235844
v 3.281166 -0.885922 -0.120232
v 3.359353 3.143725 -0.117922
v 3.434536 3.026824 -0.231312
v 3.503824 2.836987 -0.335813
v 3.564556 2.581509 -0.427409
v 3.614397 2.270208 -0.502580
v 3.651432 1.915047 -0.558437
v 3.674239 1.529675 -0.592833
v 3.681940 1.128901 -0.604447
v 3.674239 0.728128 -0.592833
v 3.651432 0.342756 -0.558437
v 3.614397 -0.012405 -0.502580
v 3.564556 -0.323706 -0.427409
v 3.503824 -0.579184 -0.335813
v 3.434536 -0.769021 -0.231312
v 3.359353 -0.885922 -0.117922
v 3.434536 3.143725 -0.111080
v 3.582011 3.026824 -0.217891
v 3.717925 2.836987 -0.316329
v 3.837055 2.581509 -0.402610
v 3.934822 2.270208 -0.473420
v 4.007470 1.915047 -0.526036
v 4.052206 1.529675 -0.558436
v 4.067311 1.128901 -0.569377
v 4.052206 0.728128 -0.558436
v 4.007470 0.342756 -0.526036
v 3.934822 -0.012405 -0.473420
v 3.837055 -0.323706 -0.402610
v 3.717925 -0.579184 -0.316329
v 3.582011 -0.769021 -0.217891
v 3.434536 -0.885922 -0.111080
v 3.503824 3.143725 -0.099969
v 3.717925 3.026824 -0.196097
v 3.915241 2.836987 -0.284688
v 4.088191 2.581509 -0.362340
v 4.230127 2.270208 -0.426066
v 4.335595 1.915047 -0.473420
v 4.400542 1.529675 -0.502580
v 4.422472 1.128901 -0.512425
v 4.400542 0.728128 -0.502580
v 4.335595 0.342756 -0.473420
v 4.230127 -0.012405 -0.426066
v 4.088191 -0.323706 -0.362340
v 3.915241 -0.579184 -0.284688
v 3.717925 -0.769021 -0.196097
v 3.503824 -0.885922 -0.099969
v 3.564556 3.143725 -0.085017
v 3.837055 3.026824 -0.166767
v 4.088191 2.836987 -0.242108
v 4.308314 2.581509 -0.308145
v 4.488965 2.270208 -0.362340
v 4.623199 1.915047 -0.402610
v 4.705862 1.529675 -0.427409
v 4.733773 1.128901 -0.435782
v 4.705862 0.728128 -0.427409
v 4.623199 0.342756 -0.402610
v 4.488965 -0.012405 -0.362340
v 4.308314 -0.323706 -0.308145
v 4.088191 -0.579184 -0.242108
v 3.837055 -0.769021 -0.166767
v 3.564556 -0.885922 -0.085017
v 3.614397 3.143725 -0.066797
v 3.934822 3.026824 -0.131028
v 4.230127 2.836987 -0.190223
v 4.488965 2.581509 -0.242108
v 4.701386 2.270208 -0.284688
v 4.859231 1.915047 -0.316329
v 4.956430 1.529675 -0.335813
v 4.989251 1.128901 -0.342392
v 4.956430 0.728128 -0.335813
v 4.859231 0.342756 -0.316329
v 4.701386 -0.012405 -0.284688
v 4.488965 -0.323706 -0.242108
v 4.230127 -0.579184 -0.190223
v 3.934822 -0.769021 -0.131028
v 3.614397 -0.885922 -0.066797
v 3.651432 3.143725 -0.046011
v 4.007470 3.026824 -0.090254
v 4.335595 2.836987 -0.131028
v 4.623200 2.581509 -0.166767
v 4.859231 2.270208 -0.196097
v 5.034617 1.915047 -0.217891
v 5.142621 1.529675 -0.231312
v 5.179088 1.128901 -0.235844
v 5.142621 0.728128 -0.231312
v 5.034617 0.342756 -0.217891
v 4.859231 -0.012405 -0.196097
v 4.623200 -0.323706 -0.166767
v 4.335595 -0.579184 -0.131028
v 4.007470 -0.769021 -0.090254
v 3.651432 -0.885922 -0.046011
v 3.674238 3.143725 -0.023456
v 4.052206 3.026824 -0.046011
v 4.400542 2.836987 -0.066797
v 4.705862 2.581509 -0.085017
v 4.956430 2.270208 -0.099969
v 5.142621 1.915047 -0.111080
v 5.257275 1.529675 -0.117922
v 5.295989 1.128901 -0.120232
v 5.257275 0.728128 -0.117922
v 5.142621 0.342756 -0.111080
v 4.956430 -0.012405 -0.099969
v 4.705862 -0.323706 -0.085017
v 4.400542 -0.579184 -0.066797
v 4.052206 -0.769021 -0.046011
v 3.674238 -0.885922 -0.023456
v 3.681939 3.143725 -0.000000
v 4.067311 3.026824 -0.000000
v 4.422472 2.836987 -0.000000
v 4.733773 2.581509 -0.000000
v 4.989251 2.270208 -0.000000
v 5.179088 1.915047 -0.000000
v 5.295990 1.529675 -0.000000
v 5.335462 1.128901 -0.000000
v 5.295990 0.728128 -0.000000
v 5.179088 0.342756 -0.000000
v 4.989251 -0.012405 -0.000000
v 4.733773 -0.323706 -0.000000
v 4.422472 -0.579184 -0.000000
v 4.067311 -0.769021 -0.000000
v 3.681939 -0.885922 -0.000000
v 3.674238 3.143725 0.023456
v 4.052206 3.026824 0.046011
v 4.400542 2.836987 0.066797
v 4.705862 2.581509 0.085017
v 4.956430 2.270208 0.099969
v 5.142621 1.915047 0.111080
v 5.257275 1.529675 0.117922
v 5.295989 1.128901 0.120232
v 5.257275 0.728128 0.117922
v 5.142621 0.342756 0.111080
v 4.956430 -0.012405 0.099969
v 4.705862 -0.323706 0.085017
v 4.400542 -0.579184 0.066797
v 4.052206 -0.769021 0.046011
v 3.674238 -0.885922 0.023456
v 3.651432 3.143725 0.046011
v 4.007470 3.026824 0.090253
v 4.335595 2.836987 0.131028
v 4.623199 2.581509 0.166766
v 4.859230 2.270208 0.196097
v 5.034617 1.915047 0.217891
v 5.142620 1.529675 0.231312
v 5.179087 1.128901 0.235843
v 5.142620 0.728128 0.231312
v 5.034617 0.342756 0.217891
v 4.859230 -0.012405 0.196097
v 4.623199 -0.323706 0.166766
v 4.335595 -0.579184 0.131028
v 4.007470 -0.769021 0.090253
v 3.651432 -0.885922 0.046011
v 3.614397 3.143725 0.066797
v 3.934822 3.026824 0.131028
v 4.230127 2.836987 0.190223
v 4.488965 2.581509 0.242107
v 4.701386 2.270208 0.284688
v 4.859231 1.915047 0.316329
v 4.956430 1.529675 0.335813
v 4.989250 1.128901 0.342392
v 4.956430 0.728128 0.335813
v 4.859231 0.342756 0.316329
v 4.701386 -0.012405 0.284688
v 4.488965 -0.323706 0.242107
v 4.230127 -0.579184 0.190223
v 3.934822 -0.769021 0.131028
v 3.614397 -0.885922 0.066797
v 3.564555 3.143725 0.085017
v 3.837055 3.026824 0.166766
v 4.088191 2.836987 0.242107
v 4.308314 2.581509 0.308144
v 4.488964 2.270208 0.362339
v 4.623199 1.915047 0.402610
v 4.705861 1.529675 0.427408
v 4.733771 1.128901 0.435782
v 4.705861 0.728128 0.427408
v 4.623199 0.342756 0.402610
v 4.488964 -0.012405 0.362339
v 4.308314 -0.323706 0.308144
v 4.088191 -0.579184 0.242107
v 3.837055 -0.769021 0.166766
v 3.564555 -0.885922 0.085017
v 3.281166 -0.925395 -0.000000
v 3.503824 3.143725 0.099969
v 3.717925 3.026824 0.196097
v 3.915241 2.836987 0.284688
v 4.088191 2.581509 0.362339
v 4.230127 2.270208 0.426066
v 4.335595 1.915047 0.473419
v 4.400542 1.529675 0.502579
v 4.422471 1.128901 0.512425
v 4.400542 0.728128 0.502579
v 4.335595 0.342756 0.473419
v 4.230127 -0.012405 0.426066
v 4.088191 -0.323706 0.362339
v 3.915241 -0.579184 0.284688
v 3.717925 -0.769021 0.196097
v 3.503824 -0.885922 0.099969
v 3.434535 3.143725 0.111080
v 3.582011 3.026824 0.217891
v 3.717924 2.836987 0.316328
v 3.837055 2.581509 0.402610
v 3.934821 2.270208 0.473419
v 4.007469 1.915047 0.526035
v 4.052205 1.529675 0.558436
v 4.067310 1.128901 0.569376
v 4.052205 0.728128 0.558436
v 4.007469 0.342756 0.526035
v 3.934821 -0.012405 0.473419
v 3.837055 -0.323706 0.402610
v 3.717924 -0.579184 0.316328
v 3.582011 -0.769021 0.217891
v 3.434535 -0.885922 0.111080
v 3.359353 3.143725 0.117922
v 3.434535 3.026824 0.231312
v 3.503823 2.836987 0.335813
v 3.564556 2.581509 0.427409
v 3.614397 2.270208 0.502579
v 3.651432 1.915047 0.558436
v 3.674238 1.529675 0.592833
v 3.681938 1.128901 0.604447
v 3.674238 0.728128 0.592833
v 3.651432 0.342756 0.558436
v 3.614397 -0.012405 0.502579
v 3.564556 -0.323706 0.427409
v 3.503823 -0.579184 0.335813
v 3.434535 -0.769021 0.231312
v 3.359353 -0.885922 0.117922
v 3.281166 3.143725 0.120232
v 3.281166 3.026824 0.235843
v 3.281166 2.836987 0.342391
v 3.281166 2.581509 0.435782
v 3.281166 2.270208 0.512425
v 3.281166 1.915047 0.569377
v 3.281165 1.529675 0.604447
v 3.281165 1.128901 0.616288
v 3.281165 0.728128 0.604447
v 3.281166 0.342756 0.569377
v 3.281166 -0.012405 0.512425
v 3.281166 -0.323706 0.435782
v 3.281166 -0.579184 0.342391
v 3.281166 -0.769021 0.235843
v 3.281166 -0.885922 0.120232
v 3.202979 3.143725 0.117922
v 3.127797 3.026824 0.231312
v 3.058508 2.836987 0.335813
v 2.997777 2.581509 0.427409
v 2.947935 2.270208 0.502579
v 2.910900 1.915047 0.558436
v 2.888093 1.529675 0.592833
v 2.880392 1.128901 0.604447
v 2.888093 0.728128 0.592833
v 2.910900 0.342756 0.558436
v 2.947935 -0.012405 0.502579
v 2.997777 -0.323706 0.427409
v 3.058508 -0.579184 0.335813
v 3.127797 -0.769021 0.231312
v 3.202979 -0.885922 0.117922
v 3.127797 3.143725 0.111080
v 2.980321 3.026824 0.217891
v 2.844407 2.836987 0.316328
v 2.725277 2.581509 0.402610
v 2.627510 2.270208 0.473419
v 2.554863 1.915047 0.526035
v 2.510126 1.529675 0.558436
v 2.495021 1.128901 0.569376
v 2.510126 0.728128 0.558436
v 2.554863 0.342756 0.526035
v 2.627510 -0.012405 0.473419
v 2.725277 -0.323706 0.402610
v 2.844407 -0.579184 0.316328
v 2.980321 -0.769021 0.217891
v 3.127797 -0.885922 0.111080
v 3.058508 3.143725 0.099969
v 2.844407 3.026824 0.196097
v 2.647090 2.836987 0.284688
v 2.474141 2.581509 0.362339
v 2.332205 2.270208 0.426066
v 2.226737 1.915047 0.473419
v 2.161790 1.529675 0.502579
v 2.139860 1.128901 0.512425
v 2.161790 0.728128 0.502579
v 2.226737 0.342756 0.473419
v 2.332205 -0.012405 0.426066
v 2.474141 -0.323706 0.362339
v 2.647090 -0.579184 0.284688
v 2.844407 -0.769021 0.196097
v 3.058508 -0.885922 0.099969
v 2.997777 3.143725 0.085017
v 2.725278 3.026824 0.166766
v 2.474141 2.836987 0.242107
v 2.254018 2.581509 0.308144
v 2.073368 2.270208 0.362339
v 1.939133 1.915047 0.402610
v 1.856471 1.529675 0.427408
v 1.828560 1.128901 0.435781
v 1.856471 0.728128 0.427408
v 1.939133 0.342756 0.402610
v 2.073368 -0.012405 0.362339
v 2.254018 -0.323706 0.308144
v 2.474141 -0.579184 0.242107
v 2.725278 -0.769021 0.166766
v 2.997777 -0.885922 0.085017
v 2.947936 3.143725 0.066797
v 2.627510 3.026824 0.131028
v 2.332206 2.836987 0.190222
v 2.073368 2.581509 0.242107
v 1.860946 2.270208 0.284688
v 1.703102 1.915047 0.316329
v 1.605902 1.529675 0.335813
v 1.573082 1.128901 0.342391
v 1.605902 0.728128 0.335813
v 1.703102 0.342756 0.316329
v 1.860946 -0.012405 0.284688
v 2.073368 -0.323706 0.242107
v 2.332206 -0.579184 0.190222
v 2.627510 -0.769021 0.131028
v 2.947936 -0.885922 0.066797
v 2.910900 3.143725 0.046011
v 2.554863 3.026824 0.090253
v 2.226738 2.836987 0.131027
v 1.939132 2.581509 0.166766
v 1.703102 2.270208 0.196096
v 1.527715 1.915047 0.217891
v 1.419712 1.529675 0.231312
v 1.383245 1.128901 0.235843
v 1.419712 0.728128 0.231312
v 1.527715 0.342756 0.217891
v 1.703102 -0.012405 0.196096
v 1.939132 -0.323706 0.166766
v 2.226738 -0.579184 0.131027
v 2.554863 -0.769021 0.090253
v 2.910900 -0.885922 0.046011
v 2.888094 3.143725 0.023456
v 2.510127 3.026824 0.046011
v 2.161791 2.836987 0.066797
v 1.856471 2.581509 0.085017
v 1.605902 2.270208 0.099969
v 1.419712 1.915047 0.111080
v 1.305057 1.529675 0.117922
v 1.266344 1.128901 0.120232
v 1.305057 0.728128 0.117922
v 1.419712 0.342756 0.111080
v 1.605902 -0.012405 0.099969
v 1.856471 -0.323706 0.085017
v 2.161791 -0.579184 0.066797
v 2.510127 -0.769021 0.046011
v 2.888094 -0.885922 0.023456
v 2.880393 3.143725 -0.000000
v 2.495021 3.026824 -0.000000
v 1.828559 2.581509 -0.000000
v 1.383244 1.915047 -0.000000
v 1.383244 0.342756 -0.000000
v 1.828559 -0.323706 -0.000000
v 2.139861 -0.579184 -0.000000
v 2.495021 -0.769021 -0.000000
v 2.880393 -0.885922 -0.000000
v -1.241618 2.900414 0.000000
v -1.808397 2.333634 0.000000
v -2.115136 1.593102 0.000000
v -2.154608 1.192328 0.000000
v -2.115136 0.791555 0.000000
v -1.808397 0.051022 0.000000
v -0.493385 3.207152 -0.023456
v -0.871352 3.090251 -0.046011
v -1.219688 2.900414 -0.066797
v -1.525007 2.644936 -0.085017
v -1.775577 2.333634 -0.099969
v -1.961766 1.978474 -0.111080
v -2.076422 1.593102 -0.117922
v -2.115136 1.192328 -0.120232
v -2.076422 0.791555 -0.117922
v -1.961766 0.406183 -0.111080
v -1.775577 0.051022 -0.099969
v -1.525007 -0.260279 -0.085017
v -1.219688 -0.515757 -0.066797
v -0.871352 -0.705594 -0.046011
v -0.493385 -0.822496 -0.023456
v -0.470578 3.207152 -0.046011
v -0.826616 3.090251 -0.090253
v -1.154741 2.900414 -0.131028
v -1.442346 2.644936 -0.166767
v -1.678376 2.333634 -0.196097
v -1.853764 1.978474 -0.217891
v -1.961766 1.593102 -0.231312
v -1.998234 1.192328 -0.235843
v -1.961766 0.791555 -0.231312
v -1.853764 0.406183 -0.217891
v -1.678376 0.051022 -0.196097
v -1.442346 -0.260279 -0.166767
v -1.154741 -0.515757 -0.131028
v -0.826616 -0.705594 -0.090253
v -0.470578 -0.822496 -0.046011
v -0.433543 3.207152 -0.066797
v -0.753968 3.090251 -0.131028
v -1.049273 2.900414 -0.190223
v -1.308111 2.644936 -0.242108
v -1.520533 2.333634 -0.284688
v -1.678377 1.978474 -0.316329
v -1.775577 1.593102 -0.335813
v -1.808397 1.192328 -0.342392
v -1.775577 0.791555 -0.335813
v -1.678377 0.406183 -0.316329
v -1.520533 0.051022 -0.284688
v -1.308111 -0.260279 -0.242108
v -1.049273 -0.515757 -0.190223
v -0.753968 -0.705594 -0.131028
v -0.433543 -0.822496 -0.066797
v -0.383702 3.207152 -0.085017
v -0.656201 3.090251 -0.166767
v -0.907337 2.900414 -0.242108
v -1.127460 2.644936 -0.308144
v -1.308110 2.333634 -0.362339
v -1.442346 1.978474 -0.402610
v -1.525007 1.593102 -0.427409
v -1.552919 1.192328 -0.435782
v -1.525007 0.791555 -0.427409
v -1.442346 0.406183 -0.402610
v -1.308110 0.051022 -0.362339
v -1.127460 -0.260279 -0.308144
v -0.907337 -0.515757 -0.242108
v -0.656201 -0.705594 -0.166767
v -0.383702 -0.822496 -0.085017
v -0.322970 3.207152 -0.099969
v -0.537071 3.090251 -0.196097
v -0.734387 2.900414 -0.284688
v -0.907337 2.644936 -0.362340
v -1.049273 2.333634 -0.426066
v -1.154741 1.978474 -0.473419
v -1.219688 1.593102 -0.502579
v -1.241618 1.192328 -0.512425
v -1.219688 0.791555 -0.502579
v -1.154741 0.406183 -0.473419
v -1.049273 0.051022 -0.426066
v -0.907337 -0.260279 -0.362340
v -0.734387 -0.515757 -0.284688
v -0.537071 -0.705594 -0.196097
v -0.322970 -0.822496 -0.099969
v -0.100312 3.246625 0.000000
v -0.253681 3.207152 -0.111080
v -0.401157 3.090251 -0.217891
v -0.537071 2.900414 -0.316329
v -0.656201 2.644936 -0.402610
v -0.753968 2.333634 -0.473419
v -0.826616 1.978474 -0.526035
v -0.871351 1.593102 -0.558436
v -0.886457 1.192328 -0.569377
v -0.871351 0.791555 -0.558436
v -0.826616 0.406183 -0.526035
v -0.753968 0.051022 -0.473419
v -0.656201 -0.260279 -0.402610
v -0.537071 -0.515757 -0.316329
v -0.401157 -0.705594 -0.217891
v -0.253681 -0.822496 -0.111080
v -0.178499 3.207152 -0.117922
v -0.253681 3.090251 -0.231312
v -0.322969 2.900414 -0.335813
v -0.383702 2.644936 -0.427409
v -0.433543 2.333634 -0.502579
v -0.470578 1.978474 -0.558436
v -0.493384 1.593102 -0.592833
v -0.501085 1.192328 -0.604447
v -0.493384 0.791555 -0.592833
v -0.470578 0.406183 -0.558436
v -0.433543 0.051022 -0.502579
v -0.383702 -0.260279 -0.427409
v -0.322969 -0.515757 -0.335813
v -0.253681 -0.705594 -0.231312
v -0.178499 -0.822496 -0.117922
v -0.100312 3.207152 -0.120232
v -0.100312 3.090251 -0.235844
v -0.100312 2.900414 -0.342392
v -0.100312 2.644936 -0.435782
v -0.100312 2.333634 -0.512425
v -0.100312 1.978474 -0.569377
v -0.100312 1.593102 -0.604447
v -0.100312 1.192328 -0.616289
v -0.100312 0.791555 -0.604447
v -0.100312 0.406183 -0.569377
v -0.100312 0.051022 -0.512425
v -0.100312 -0.260279 -0.435782
v -0.100312 -0.515757 -0.342392
v -0.100312 -0.705594 -0.235844
v -0.100312 -0.822496 -0.120232
v -0.022125 3.207152 -0.117922
v 0.053057 3.090251 -0.231312
v 0.122346 2.900414 -0.335813
v 0.183078 2.644936 -0.427409
v 0.232919 2.333634 -0.502579
v 0.269954 1.978474 -0.558436
v 0.292761 1.593102 -0.592833
v 0.300462 1.192328 -0.604447
v 0.292761 0.791555 -0.592833
v 0.269954 0.406183 -0.558436
v 0.232919 0.051022 -0.502579
v 0.183078 -0.260279 -0.427409
v 0.122346 -0.515757 -0.335813
v 0.053057 -0.705594 -0.231312
v -0.022125 -0.822496 -0.117922
v 0.053057 3.207152 -0.111080
v 0.200533 3.090251 -0.217891
v 0.336447 2.900414 -0.316329
v 0.455577 2.644936 -0.402610
v 0.553344 2.333634 -0.473419
v 0.625992 1.978474 -0.526036
v 0.670728 1.593102 -0.558436
v 0.685834 1.192328 -0.569377
v 0.670728 0.791555 -0.558436
v 0.625992 0.406183 -0.526036
v 0.553344 0.051022 -0.473419
v 0.455577 -0.260279 -0.402610
v 0.336447 -0.515757 -0.316329
v 0.200533 -0.705594 -0.217891
v 0.053057 -0.822496 -0.111080
v 0.122346 3.207152 -0.099969
v 0.336447 3.090251 -0.196097
v 0.533764 2.900414 -0.284688
v 0.706713 2.644936 -0.362340
v 0.848649 2.333634 -0.426066
v 0.954117 1.978474 -0.473419
v 1.019064 1.593102 -0.502579
v 1.040994 1.192328 -0.512425
v 1.019064 0.791555 -0.502579
v 0.954117 0.406183 -0.473419
v 0.848649 0.051022 -0.426066
v 0.706713 -0.260279 -0.362340
v 0.533764 -0.515757 -0.284688
v 0.336447 -0.705594 -0.196097
v 0.122346 -0.822496 -0.099969
v 0.183078 3.207152 -0.085017
v 0.455577 3.090251 -0.166767
v 0.706713 2.900414 -0.242107
v 0.926836 2.644936 -0.308145
v 1.107486 2.333634 -0.362339
v 1.241722 1.978474 -0.402610
v 1.324384 1.593102 -0.427409
v 1.352295 1.192328 -0.435782
v 1.324384 0.791555 -0.427409
v 1.241722 0.406183 -0.402610
v 1.107486 0.051022 -0.362339
v 0.926836 -0.260279 -0.308145
v 0.706713 -0.515757 -0.242107
v 0.455577 -0.705594 -0.166767
v 0.183078 -0.822496 -0.085017
v 0.232919 3.207152 -0.066797
v 0.553344 3.090251 -0.131028
v 0.848649 2.900414 -0.190223
v 1.107487 2.644936 -0.242108
v 1.319909 2.333634 -0.284688
v 1.477753 1.978474 -0.316329
v 1.574953 1.593102 -0.335813
v 1.607773 1.192328 -0.342392
v 1.574953 0.791555 -0.335813
v 1.477753 0.406183 -0.316329
v 1.319909 0.051022 -0.284688
v 1.107487 -0.260279 -0.242108
v 0.848649 -0.515757 -0.190223
v 0.553344 -0.705594 -0.131028
v 0.232919 -0.822496 -0.066797
v 0.269954 3.207152 -0.046011
v 0.625992 3.090251 -0.090253
v 0.954117 2.900414 -0.131028
v 1.241722 2.644936 -0.166767
v 1.477753 2.333634 -0.196097
v 1.653140 1.978474 -0.217891
v 1.761142 1.593102 -0.231312
v 1.797610 1.192328 -0.235843
v 1.761142 0.791555 -0.231312
v 1.653140 0.406183 -0.217891
v 1.477753 0.051022 -0.196097
v 1.241722 -0.260279 -0.166767
v 0.954117 -0.515757 -0.131028
v 0.625992 -0.705594 -0.090253
v 0.269954 -0.822496 -0.046011
v 0.292761 3.207152 -0.023456
v 0.670728 3.090251 -0.046011
v 1.019064 2.900414 -0.066797
v 1.324384 2.644936 -0.085017
v 1.574952 2.333634 -0.099969
v 1.761142 1.978474 -0.111080
v 1.875797 1.593102 -0.117922
v 1.914511 1.192328 -0.120232
v 1.875797 0.791555 -0.117922
v 1.761142 0.406183 -0.111080
v 1.574952 0.051022 -0.099969
v 1.324384 -0.260279 -0.085017
v 1.019064 -0.515757 -0.066797
v 0.670728 -0.705594 -0.046011
v 0.292761 -0.822496 -0.023456
v 0.300461 3.207152 0.000000
v 0.685833 3.090251 0.000000
v 1.040994 2.900414 0.000000
v 1.352295 2.644936 -0.000000
v 1.607773 2.333634 0.000000
v 1.797610 1.978474 -0.000000
v 1.914511 1.593102 0.000000
v 1.953984 1.192328 0.000000
v 1.914511 0.791555 0.000000
v 1.797610 0.406183 -0.000000
v 1.607773 0.051022 0.000000
v 1.352295 -0.260279 -0.000000
v 1.040994 -0.515757 0.000000
v 0.685833 -0.705594 0.000000
v 0.300461 -0.822496 0.000000
v 0.292761 3.207152 0.023456
v 0.670728 3.090251 0.046011
v 1.019064 2.900414 0.066797
v 1.324383 2.644936 0.085017
v 1.574952 2.333634 0.099969
v 1.761142 1.978474 0.111080
v 1.875797 1.593102 0.117922
v 1.914511 1.192328 0.120232
v 1.875797 0.791555 0.117922
v 1.761142 0.406183 0.111080
v 1.574952 0.051022 0.099969
v 1.324383 -0.260279 0.085017
v 1.019064 -0.515757 0.066797
v 0.670728 -0.705594 0.046011
v 0.292761 -0.822496 0.023456
v 0.269954 3.207152 0.046011
v 0.625992 3.090251 0.090253
v 0.954117 2.900414 0.131028
v 1.241722 2.644936 0.166767
v 1.477752 2.333634 0.196097
v 1.653139 1.978474 0.217891
v 1.761142 1.593102 0.231312
v 1.797609 1.192328 0.235844
v 1.761142 0.791555 0.231312
v 1.653139 0.406183 0.217891
v 1.477752 0.051022 0.196097
v 1.241722 -0.260279 0.166767
v 0.954117 -0.515757 0.131028
v 0.625992 -0.705594 0.090253
v 0.269954 -0.822496 0.046011
v 0.232919 3.207152 0.066797
v 0.553344 3.090251 0.131028
v 0.848649 2.900414 0.190223
v 1.107486 2.644936 0.242108
v 1.319908 2.333634 0.284688
v 1.477753 1.978474 0.316329
v 1.574952 1.593102 0.335813
v 1.607772 1.192328 0.342392
v 1.574952 0.791555 0.335813
v 1.477753 0.406183 0.316329
v 1.319908 0.051022 0.284688
v 1.107486 -0.260279 0.242108
v 0.848649 -0.515757 0.190223
v 0.553344 -0.705594 0.131028
v 0.232919 -0.822496 0.066797
v 0.183078 3.207152 0.085017
v 0.455577 3.090251 0.166767
v 0.706713 2.900414 0.242108
v 0.926836 2.644936 0.308144
v 1.107486 2.333634 0.362339
v 1.241722 1.978474 0.402610
v 1.324383 1.593102 0.427409
v 1.352293 1.192328 0.435782
v 1.324383 0.791555 0.427409
v 1.241722 0.406183 0.402610
v 1.107486 0.051022 0.362339
v 0.926836 -0.260279 0.308144
v 0.706713 -0.515757 0.242108
v 0.455577 -0.705594 0.166767
v 0.183078 -0.822496 0.085017
v -0.100312 -0.861968 0.000000
v 0.122346 3.207152 0.099969
v 0.336447 3.090251 0.196097
v 0.533763 2.900414 0.284688
v 0.706713 2.644936 0.362340
v 0.848649 2.333634 0.426066
v 0.954117 1.978474 0.473419
v 1.019063 1.593102 0.502579
v 1.040993 1.192328 0.512425
v 1.019063 0.791555 0.502579
v 0.954117 0.406183 0.473419
v 0.848649 0.051022 0.426066
v 0.706713 -0.260279 0.362340
v 0.533763 -0.515757 0.284688
v 0.336447 -0.705594 0.196097
v 0.122346 -0.822496 0.099969
v 0.053057 3.207152 0.111080
v 0.200533 3.090251 0.217891
v 0.336447 2.900414 0.316329
v 0.455577 2.644936 0.402610
v 0.553344 2.333634 0.473419
v 0.625992 1.978474 0.526035
v 0.670727 1.593102 0.558436
v 0.685832 1.192328 0.569376
v 0.670727 0.791555 0.558436
v 0.625992 0.406183 0.526035
v 0.553344 0.051022 0.473419
v 0.455577 -0.260279 0.402610
v 0.336447 -0.515757 0.316329
v 0.200533 -0.705594 0.217891
v 0.053057 -0.822496 0.111080
v -0.022125 3.207152 0.117922
v 0.053057 3.090251 0.231312
v 0.122345 2.900414 0.335813
v 0.183078 2.644936 0.427409
v 0.232919 2.333634 0.502579
v 0.269954 1.978474 0.558436
v 0.292760 1.593102 0.592833
v 0.300460 1.192328 0.604447
v 0.292760 0.791555 0.592833
v 0.269954 0.406183 0.558436
v 0.232919 0.051022 0.502579
v 0.183078 -0.260279 0.427409
v 0.122345 -0.515757 0.335813
v 0.053057 -0.705594 0.231312
v -0.022125 -0.822496 0.117922
v -0.100312 3.207152 0.120232
v -0.100312 3.090251 0.235844
v -0.100312 2.900414 0.342392
v -0.100312 2.644936 0.435782
v -0.100312 2.333634 0.512425
v -0.100312 1.978474 0.569377
v -0.100312 1.593102 0.604447
v -0.100313 1.192328 0.616289
v -0.100312 0.791555 0.604447
v -0.100312 0.406183 0.569377
v -0.100312 0.051022 0.512425
v -0.100312 -0.260279 0.435782
v -0.100312 -0.515757 0.342392
v -0.100312 -0.705594 0.235844
v -0.100312 -0.822496 0.120232
v -0.178499 3.207152 0.117922
v -0.253681 3.090251 0.231312
v -0.322970 2.900414 0.335813
v -0.383701 2.644936 0.427409
v -0.433543 2.333634 0.502579
v -0.470578 1.978474 0.558436
v -0.493385 1.593102 0.592833
v -0.501086 1.192328 0.604447
v -0.493385 0.791555 0.592833
v -0.470578 0.406183 0.558436
v -0.433543 0.051022 0.502579
v -0.383701 -0.260279 0.427409
v -0.322970 -0.515757 0.335813
v -0.253681 -0.705594 0.231312
v -0.178499 -0.822496 0.117922
v -0.253681 3.207152 0.111080
v -0.401157 3.090251 0.217891
v -0.537071 2.900414 0.316329
v -0.656200 2.644936 0.402610
v -0.753968 2.333634 0.473419
v -0.826615 1.978474 0.526035
v -0.871352 1.593102 0.558436
v -0.886457 1.192328 0.569376
v -0.871352 0.791555 0.558436
v -0.826615 0.406183 0.526035
v -0.753968 0.051022 0.473419
v -0.656200 -0.260279 0.402610
v -0.537071 -0.515757 0.316329
v -0.401157 -0.705594 0.217891
v -0.253681 -0.822496 0.111080
v -0.322969 3.207152 0.099969
v -0.537071 3.090251 0.196097
v -0.734387 2.900414 0.284688
v -0.907337 2.644936 0.362340
v -1.049273 2.333634 0.426066
v -1.154741 1.978474 0.473419
v -1.219688 1.593102 0.502579
v -1.241618 1.192328 0.512425
v -1.219688 0.791555 0.502579
v -1.154741 0.406183 0.473419
v -1.049273 0.051022 0.426066
v -0.907337 -0.260279 0.362340
v -0.734387 -0.515757 0.284688
v -0.537071 -0.705594 0.196097
v -0.322969 -0.822496 0.099969
v -0.383701 3.207152 0.085017
v -0.656200 3.090251 0.166767
v -0.907337 2.900414 0.242107
v -1.127460 2.644936 0.308145
v -1.308110 2.333634 0.362339
v -1.442345 1.978474 0.402610
v -1.525007 1.593102 0.427408
v -1.552918 1.192328 0.435782
v -1.525007 0.791555 0.427408
v -1.442345 0.406183 0.402610
v -1.308110 0.051022 0.362339
v -1.127460 -0.260279 0.308145
v -0.907337 -0.515757 0.242107
v -0.656200 -0.705594 0.166767
v -0.383701 -0.822496 0.085017
v -0.433542 3.207152 0.066797
v -0.753968 3.090251 0.131028
v -1.049272 2.900414 0.190223
v -1.308110 2.644936 0.242108
v -1.520532 2.333634 0.284688
v -1.678376 1.978474 0.316329
v -1.775576 1.593102 0.335813
v -1.808396 1.192328 0.342391
v -1.775576 0.791555 0.335813
v -1.678376 0.406183 0.316329
v -1.520532 0.051022 0.284688
v -1.308110 -0.260279 0.242108
v -1.049272 -0.515757 0.190223
v -0.753968 -0.705594 0.131028
v -0.433542 -0.822496 0.066797
v -0.470578 3.207152 0.046011
v -0.826615 3.090251 0.090253
v -1.154740 2.900414 0.131028
v -1.442345 2.644936 0.166767
v -1.678376 2.333634 0.196097
v -1.853763 1.978474 0.217891
v -1.961766 1.593102 0.231312
v -1.998233 1.192328 0.235843
v -1.961766 0.791555 0.231312
v -1.853763 0.406183 0.217891
v -1.678376 0.051022 0.196097
v -1.442345 -0.260279 0.166767
v -1.154740 -0.515757 0.131028
v -0.826615 -0.705594 0.090253
v -0.470578 -0.822496 0.046011
v -0.493384 3.207152 0.023456
v -0.871351 3.090251 0.046011
v -1.219687 2.900414 0.066797
v -1.525007 2.644936 0.085017
v -1.775576 2.333634 0.099969
v -1.961766 1.978474 0.111080
v -2.076421 1.593102 0.117922
v -2.115134 1.192328 0.120232
v -2.076421 0.791555 0.117922
v -1.961766 0.406183 0.111080
v -1.775576 0.051022 0.099969
v -1.525007 -0.260279 0.085017
v -1.219687 -0.515757 0.066797
v -0.871351 -0.705594 0.046011
v -0.493384 -0.822496 0.023456
v -0.501085 3.207152 0.000000
v -0.886457 3.090251 0.000000
v -1.552919 2.644936 0.000000
v -1.998234 1.978474 0.000000
v -1.998234 0.406183 0.000000
v -1.552919 -0.260279 0.000000
v -1.241617 -0.515757 -0.000000
v -0.886457 -0.705594 0.000000
v -0.501085 -0.822496 0.000000
v -1.286159 0.769795 0.000000
v -1.852938 0.203016 0.000000
v -2.159677 -0.537517 0.000000
v -2.199149 -0.938290 0.000000
v -2.159677 -1.339063 0.000000
v -1.852938 -2.079596 0.000000
v -0.537925 1.076534 -0.023456
v -0.915893 0.959633 -0.046011
v -1.264229 0.769795 -0.066797
v -1.569548 0.514317 -0.085017
v -1.820117 0.203016 -0.099969
v -2.006307 -0.152145 -0.111080
v -2.120962 -0.537517 -0.117922
v -2.159677 -0.938290 -0.120232
v -2.120962 -1.339063 -0.117922
v -2.006307 -1.724435 -0.111080
v -1.820117 -2.079596 -0.099969
v -1.569548 -2.390897 -0.085017
v -1.264229 -2.646375 -0.066797
v -0.915893 -2.836212 -0.046011
v -0.537925 -2.953114 -0.023456
v -0.515119 1.076534 -0.046011
v -0.871156 0.959633 -0.090253
v -1.199282 0.769795 -0.131028
v -1.486887 0.514317 -0.166767
v -1.722917 0.203016 -0.196097
v -1.898304 -0.152145 -0.217891
v -2.006307 -0.537517 -0.231312
v -2.042775 -0.938290 -0.235843
v -2.006307 -1.339063 -0.231312
v -1.898304 -1.724435 -0.217891
v -1.722917 -2.079596 -0.196097
v -1.486887 -2.390897 -0.166767
v -1.199282 -2.646375 -0.131028
v -0.871156 -2.836212 -0.090253
v -0.515119 -2.953114 -0.046011
v -0.478084 1.076534 -0.066797
v -0.798509 0.959633 -0.131028
v -1.093814 0.769795 -0.190223
v -1.352651 0.514317 -0.242108
v -1.565074 0.203016 -0.284688
v -1.722918 -0.152145 -0.316329
v -1.820117 -0.537517 -0.335813
v -1.852938 -0.938290 -0.342392
v -1.820117 -1.339063 -0.335813
v -1.722918 -1.724435 -0.316329
v -1.565074 -2.079596 -0.284688
v -1.352651 -2.390897 -0.242108
v -1.093814 -2.646375 -0.190223
v -0.798509 -2.836212 -0.131028
v -0.478084 -2.953114 -0.066797
v -0.428242 1.076534 -0.085017
v -0.700741 0.959633 -0.166767
v -0.951878 0.769795 -0.242108
v -1.172001 0.514317 -0.308144
v -1.352651 0.203016 -0.362339
v -1.486887 -0.152145 -0.402610
v -1.569548 -0.537517 -0.427409
v -1.597459 -0.938290 -0.435782
v -1.569548 -1.339063 -0.427409
v -1.486887 -1.724435 -0.402610
v -1.352651 -2.079596 -0.362339
v -1.172001 -2.390897 -0.308144
v -0.951878 -2.646375 -0.242108
v -0.700741 -2.836212 -0.166767
v -0.428242 -2.953114 -0.085017
v -0.367510 1.076534 -0.099969
v -0.581612 0.959633 -0.196097
v -0.778928 0.769795 -0.284688
v -0.951878 0.514317 -0.362340
v -1.093814 0.203016 -0.426066
v -1.199282 -0.152145 -0.473419
v -1.264229 -0.537517 -0.502579
v -1.286159 -0.938290 -0.512425
v -1.264229 -1.339063 -0.502579
v -1.199282 -1.724435 -0.473419
v -1.093814 -2.079596 -0.426066
v -0.951878 -2.390897 -0.362340
v -0.778928 -2.646375 -0.284688
v -0.581612 -2.836212 -0.196097
v -0.367510 -2.953114 -0.099969
v -0.144853 1.116007 0.000000
v -0.298222 1.076534 -0.111080
v -0.445697 0.959633 -0.217891
v -0.581612 0.769795 -0.316329
v -0.700741 0.514317 -0.402610
v -0.798508 0.203016 -0.473419
v -0.871156 -0.152145 -0.526035
v -0.915892 -0.537517 -0.558436
v -0.930998 -0.938290 -0.569377
v -0.915892 -1.339063 -0.558436
v -0.871156 -1.724435 -0.526035
v -0.798508 -2.079596 -0.473419
v -0.700741 -2.390897 -0.402610
v -0.581612 -2.646375 -0.316329
v -0.445697 -2.836212 -0.217891
v -0.298222 -2.953114 -0.111080
v -0.223040 1.076534 -0.117922
v -0.298222 0.959633 -0.231312
v -0.367510 0.769795 -0.335813
v -0.428242 0.514317 -0.427409
v -0.478083 0.203016 -0.502579
v -0.515119 -0.152145 -0.558436
v -0.537925 -0.537517 -0.592833
v -0.545626 -0.938290 -0.604447
v -0.537925 -1.339063 -0.592833
v -0.515119 -1.724435 -0.558436
v -0.478083 -2.079596 -0.502579
v -0.428242 -2.390897 -0.427409
v -0.367510 -2.646375 -0.335813
v -0.298222 -2.836212 -0.231312
v -0.223040 -2.953114 -0.117922
v -0.144853 1.076534 -0.120232
v -0.144853 0.959633 -0.235844
v -0.144853 0.769795 -0.342392
v -0.144853 0.514317 -0.435782
v -0.144852 0.203016 -0.512425
v -0.144853 -0.152145 -0.569377
v -0.144852 -0.537517 -0.604447
v -0.144852 -0.938290 -0.616289
v -0.144852 -1.339063 -0.604447
v -0.144853 -1.724435 -0.569377
v -0.144852 -2.079596 -0.512425
v -0.144853 -2.390897 -0.435782
v -0.144853 -2.646375 -0.342392
v -0.144853 -2.836212 -0.235844
v -0.144853 -2.953114 -0.120232
v -0.066666 1.076534 -0.117922
v 0.008517 0.959633 -0.231312
v 0.077805 0.769795 -0.335813
v 0.138537 0.514317 -0.427409
v 0.188378 0.203016 -0.502579
v 0.225414 -0.152145 -0.558436
v 0.248220 -0.537517 -0.592833
v 0.255921 -0.938290 -0.604447
v 0.248220 -1.339063 -0.592833
v 0.225414 -1.724435 -0.558436
v 0.188378 -2.079596 -0.502579
v 0.138537 -2.390897 -0.427409
v 0.077805 -2.646375 -0.335813
v 0.008517 -2.836212 -0.231312
v -0.066666 -2.953114 -0.117922
v 0.008517 1.076534 -0.111080
v 0.155992 0.959633 -0.217891
v 0.291906 0.769795 -0.316329
v 0.411036 0.514317 -0.402610
v 0.508803 0.203016 -0.473419
v 0.581451 -0.152145 -0.526036
v 0.626187 -0.537517 -0.558436
v 0.641293 -0.938290 -0.569377
v 0.626187 -1.339063 -0.558436
v 0.581451 -1.724435 -0.526036
v 0.508803 -2.079596 -0.473419
v 0.411036 -2.390897 -0.402610
v 0.291906 -2.646375 -0.316329
v 0.155992 -2.836212 -0.217891
v 0.008517 -2.953114 -0.111080
v 0.077805 1.076534 -0.099969
v 0.291906 0.959633 -0.196097
v 0.489223 0.769795 -0.284688
v 0.662172 0.514317 -0.362340
v 0.804109 0.203016 -0.426066
v 0.909577 -0.152145 -0.473419
v 0.974523 -0.537517 -0.502579
v 0.996453 -0.938290 -0.512425
v 0.974523 -1.339063 -0.502579
v 0.909577 -1.724435 -0.473419
v 0.804109 -2.079596 -0.426066
v 0.662172 -2.390897 -0.362340
v 0.489223 -2.646375 -0.284688
v 0.291906 -2.836212 -0.196097
v 0.077805 -2.953114 -0.099969
v 0.138537 1.076534 -0.085017
v 0.411036 0.959633 -0.166767
v 0.662172 0.769795 -0.242107
v 0.882296 0.514317 -0.308145
v 1.062946 0.203016 -0.362339
v 1.197181 -0.152145 -0.402610
v 1.279843 -0.537517 -0.427409
v 1.307754 -0.938290 -0.435782
v 1.279843 -1.339063 -0.427409
v 1.197181 -1.724435 -0.402610
v 1.062946 -2.079596 -0.362339
v 0.882296 -2.390897 -0.308145
v 0.662172 -2.646375 -0.242107
v 0.411036 -2.836212 -0.166767
v 0.138537 -2.953114 -0.085017
v 0.188378 1.076534 -0.066797
v 0.508803 0.959633 -0.131028
v 0.804109 0.769795 -0.190223
v 1.062946 0.514317 -0.242108
v 1.275368 0.203016 -0.284688
v 1.433212 -0.152145 -0.316329
v 1.530412 -0.537517 -0.335813
v 1.563232 -0.938290 -0.342392
v 1.530412 -1.339063 -0.335813
v 1.433212 -1.724435 -0.316329
v 1.275368 -2.079596 -0.284688
v 1.062946 -2.390897 -0.242108
v 0.804109 -2.646375 -0.190223
v 0.508803 -2.836212 -0.131028
v 0.188378 -2.953114 -0.066797
v 0.225414 1.076534 -0.046011
v 0.581451 0.959633 -0.090253
v 0.909576 0.769795 -0.131028
v 1.197181 0.514317 -0.166767
v 1.433212 0.203016 -0.196097
v 1.608599 -0.152145 -0.217891
v 1.716601 -0.537517 -0.231312
v 1.753069 -0.938290 -0.235843
v 1.716601 -1.339063 -0.231312
v 1.608599 -1.724435 -0.217891
v 1.433212 -2.079596 -0.196097
v 1.197181 -2.390897 -0.166767
v 0.909576 -2.646375 -0.131028
v 0.581451 -2.836212 -0.090253
v 0.225414 -2.953114 -0.046011
v 0.248220 1.076534 -0.023456
v 0.626187 0.959633 -0.046011
v 0.974523 0.769795 -0.066797
v 1.279843 0.514317 -0.085017
v 1.530412 0.203016 -0.099969
v 1.716601 -0.152145 -0.111080
v 1.831256 -0.537517 -0.117922
v 1.869970 -0.938290 -0.120232
v 1.831256 -1.339063 -0.117922
v 1.716601 -1.724435 -0.111080
v 1.530412 -2.079596 -0.099969
v 1.279843 -2.390897 -0.085017
v 0.974523 -2.646375 -0.066797
v 0.626187 -2.836212 -0.046011
v 0.248220 -2.953114 -0.023456
v 0.255920 1.076534 0.000000
v 0.641292 0.959633 0.000000
v 0.996453 0.769795 0.000000
v 1.307754 0.514317 -0.000000
v 1.563232 0.203016 0.000000
v 1.753070 -0.152145 -0.000000
v 1.869971 -0.537517 0.000000
v 1.909443 -0.938290 0.000000
v 1.869971 -1.339063 0.000000
v 1.753070 -1.724435 -0.000000
v 1.563232 -2.079596 0.000000
v 1.307754 -2.390897 -0.000000
v 0.996453 -2.646375 0.000000
v 0.641292 -2.836212 0.000000
v 0.255920 -2.953114 0.000000
v 0.248220 1.076534 0.023456
v 0.626187 0.959633 0.046011
v 0.974523 0.769795 0.066797
v 1.279843 0.514317 0.085017
v 1.530411 0.203016 0.099969
v 1.716601 -0.152145 0.111080
v 1.831256 -0.537517 0.117922
v 1.869970 -0.938290 0.120232
v 1.831256 -1.339063 0.117922
v 1.716601 -1.724435 0.111080
v 1.530411 -2.079596 0.099969
v 1.279843 -2.390897 0.085017
v 0.974523 -2.646375 0.066797
v 0.626187 -2.836212 0.046011
v 0.248220 -2.953114 0.023456
v 0.225413 1.076534 0.046011
v 0.581451 0.959633 0.090253
v 0.909576 0.769795 0.131028
v 1.197181 0.514317 0.166767
v 1.433212 0.203016 0.196097
v 1.608599 -0.152145 0.217891
v 1.716601 -0.537517 0.231312
v 1.753068 -0.938290 0.235844
v 1.716601 -1.339063 0.231312
v 1.608599 -1.724435 0.217891
v 1.433212 -2.079596 0.196097
v 1.197181 -2.390897 0.166767
v 0.909576 -2.646375 0.131028
v 0.581451 -2.836212 0.090253
v 0.225413 -2.953114 0.046011
v 0.188378 1.076534 0.066797
v 0.508803 0.959633 0.131028
v 0.804108 0.769795 0.190223
v 1.062946 0.514317 0.242108
v 1.275368 0.203016 0.284688
v 1.433212 -0.152145 0.316329
v 1.530411 -0.537517 0.335813
v 1.563231 -0.938290 0.342392
v 1.530411 -1.339063 0.335813
v 1.433212 -1.724435 0.316329
v 1.275368 -2.079596 0.284688
v 1.062946 -2.390897 0.242108
v 0.804108 -2.646375 0.190223
v 0.508803 -2.836212 0.131028
v 0.188378 -2.953114 0.066797
v 0.138537 1.076534 0.085017
v 0.411036 0.959633 0.166767
v 0.662172 0.769795 0.242108
v 0.882295 0.514317 0.308144
v 1.062945 0.203016 0.362339
v 1.197181 -0.152145 0.402610
v 1.279842 -0.537517 0.427409
v 1.307753 -0.938290 0.435782
v 1.279842 -1.339063 0.427409
v 1.197181 -1.724435 0.402610
v 1.062945 -2.079596 0.362339
v 0.882295 -2.390897 0.308144
v 0.662172 -2.646375 0.242108
v 0.411036 -2.836212 0.166767
v 0.138537 -2.953114 0.085017
v -0.144853 -2.992587 0.000000
v 0.077805 1.076534 0.099969
v 0.291906 0.959633 0.196097
v 0.489222 0.769795 0.284688
v 0.662172 0.514317 0.362340
v 0.804108 0.203016 0.426066
v 0.909576 -0.152145 0.473419
v 0.974523 -0.537517 0.502579
v 0.996452 -0.938290 0.512425
v 0.974523 -1.339063 0.502579
v 0.909576 -1.724435 0.473419
v 0.804108 -2.079596 0.426066
v 0.662172 -2.390897 0.362340
v 0.489222 -2.646375 0.284688
v 0.291906 -2.836212 0.196097
v 0.077805 -2.953114 0.099969
v 0.008517 1.076534 0.111080
v 0.155992 0.959633 0.217891
v 0.291906 0.769795 0.316329
v 0.411036 0.514317 0.402610
v 0.508803 0.203016 0.473419
v 0.581451 -0.152145 0.526035
v 0.626186 -0.537517 0.558436
v 0.641291 -0.938290 0.569376
v 0.626186 -1.339063 0.558436
v 0.581451 -1.724435 0.526035
v 0.508803 -2.079596 0.473419
v 0.411036 -2.390897 0.402610
v 0.291906 -2.646375 0.316329
v 0.155992 -2.836212 0.217891
v 0.008517 -2.953114 0.111080
v -0.066666 1.076534 0.117922
v 0.008517 0.959633 0.231312
v 0.077805 0.769795 0.335813
v 0.138537 0.514317 0.427409
v 0.188378 0.203016 0.502579
v 0.225414 -0.152145 0.558436
v 0.248219 -0.537517 0.592833
v 0.255919 -0.938290 0.604447
v 0.248219 -1.339063 0.592833
v 0.225414 -1.724435 0.558436
v 0.188378 -2.079596 0.502579
v 0.138537 -2.390897 0.427409
v 0.077805 -2.646375 0.335813
v 0.008517 -2.836212 0.231312
v -0.066666 -2.953114 0.117922
v -0.144853 1.076534 0.120232
v -0.144853 0.959633 0.235844
v -0.144853 0.769795 0.342392
v -0.144853 0.514317 0.435782
v -0.144853 0.203016 0.512425
v -0.144853 -0.152145 0.569377
v -0.144853 -0.537517 0.604447
v -0.144854 -0.938290 0.616289
v -0.144853 -1.339063 0.604447
v -0.144853 -1.724435 0.569377
v -0.144853 -2.079596 0.512425
v -0.144853 -2.390897 0.435782
v -0.144853 -2.646375 0.342392
v -0.144853 -2.836212 0.235844
v -0.144853 -2.953114 0.120232
v -0.223040 1.076534 0.117922
v -0.298222 0.959633 0.231312
v -0.367510 0.769795 0.335813
v -0.428242 0.514317 0.427409
v -0.478084 0.203016 0.502579
v -0.515119 -0.152145 0.558436
v -0.537926 -0.537517 0.592833
v -0.545627 -0.938290 0.604447
v -0.537926 -1.339063 0.592833
v -0.515119 -1.724435 0.558436
v -0.478084 -2.079596 0.502579
v -0.428242 -2.390897 0.427409
v -0.367510 -2.646375 0.335813
v -0.298222 -2.836212 0.231312
v -0.223040 -2.953114 0.117922
v -0.298222 1.076534 0.111080
v -0.445697 0.959633 0.217891
v -0.581612 0.769795 0.316329
v -0.700741 0.514317 0.402610
v -0.798509 0.203016 0.473419
v -0.871156 -0.152145 0.526035
v -0.915893 -0.537517 0.558436
v -0.930998 -0.938290 0.569376
v -0.915893 -1.339063 0.558436
v -0.871156 -1.724435 0.526035
v -0.798509 -2.079596 0.473419
v -0.700741 -2.390897 0.402610
v -0.581612 -2.646375 0.316329
v -0.445697 -2.836212 0.217891
v -0.298222 -2.953114 0.111080
v -0.367510 1.076534 0.099969
v -0.581612 0.959633 0.196097
v -0.778928 0.769795 0.284688
v -0.951878 0.514317 0.362340
v -1.093814 0.203016 0.426066
v -1.199281 -0.152145 0.473419
v -1.264229 -0.537517 0.502579
v -1.286159 -0.938290 0.512425
v -1.264229 -1.339063 0.502579
v -1.199281 -1.724435 0.473419
v -1.093814 -2.079596 0.426066
v -0.951878 -2.390897 0.362340
v -0.778928 -2.646375 0.284688
v -0.581612 -2.836212 0.196097
v -0.367510 -2.953114 0.099969
v -0.428242 1.076534 0.085017
v -0.700741 0.959633 0.166767
v -0.951878 0.769795 0.242107
v -1.172001 0.514317 0.308145
v -1.352651 0.203016 0.362339
v -1.486886 -0.152145 0.402610
v -1.569548 -0.537517 0.427408
v -1.597459 -0.938290 0.435782
v -1.569548 -1.339063 0.427408
v -1.486886 -1.724435 0.402610
v -1.352651 -2.079596 0.362339
v -1.172001 -2.390897 0.308145
v -0.951878 -2.646375 0.242107
v -0.700741 -2.836212 0.166767
v -0.428242 -2.953114 0.085017
v -0.478083 1.076534 0.066797
v -0.798508 0.959633 0.131028
v -1.093813 0.769795 0.190223
v -1.352651 0.514317 0.242108
v -1.565073 0.203016 0.284688
v -1.722917 -0.152145 0.316329
v -1.820117 -0.537517 0.335813
v -1.852937 -0.938290 0.342391
v -1.820117 -1.339063 0.335813
v -1.722917 -1.724435 0.316329
v -1.565073 -2.079596 0.284688
v -1.352651 -2.390897 0.242108
v -1.093813 -2.646375 0.190223
v -0.798508 -2.836212 0.131028
v -0.478083 -2.953114 0.066797
v -0.515119 1.076534 0.046011
v -0.871156 0.959633 0.090253
v -1.199281 0.769795 0.131028
v -1.486886 0.514317 0.166767
v -1.722917 0.203016 0.196097
v -1.898304 -0.152145 0.217891
v -2.006306 -0.537517 0.231312
v -2.042774 -0.938290 0.235843
v -2.006306 -1.339063 0.231312
v -1.898304 -1.724435 0.217891
v -1.722917 -2.079596 0.196097
v -1.486886 -2.390897 0.166767
v -1.199281 -2.646375 0.131028
v -0.871156 -2.836212 0.090253
v -0.515119 -2.953114 0.046011
v -0.537925 1.076534 0.023456
v -0.915892 0.959633 0.046011
v -1.264228 0.769795 0.066797
v -1.569548 0.514317 0.085017
v -1.820117 0.203016 0.099969
v -2.006306 -0.152145 0.111080
v -2.120961 -0.537517 0.117922
v -2.159674 -0.938290 0.120232
v -2.120961 -1.339063 0.117922
v -2.006306 -1.724435 0.111080
v -1.820117 -2.079596 0.099969
v -1.569548 -2.390897 0.085017
v -1.264228 -2.646375 0.066797
v -0.915892 -2.836212 0.046011
v -0.537925 -2.953114 0.023456
v -0.545626 1.076534 0.000000
v -0.930998 0.959633 0.000000
v -1.597459 0.514317 0.000000
v -2.042775 -0.152145 0.000000
v -2.042775 -1.724435 0.000000
v -1.597459 -2.390897 0.000000
v -1.286158 -2.646375 -0.000000
v -0.930998 -2.836212 0.000000
v -0.545626 -2.953114 0.000000
v -4.380702 2.793133 0.000000
v -4.947482 2.226354 0.000000
v -5.254220 1.485822 0.000000
v -5.293693 1.085048 0.000000
v -5.254220 0.684275 0.000000
v -4.947482 -0.056258 0.000000
v -3.632469 3.099872 -0.023456
v -4.010436 2.982971 -0.046011
v -4.358773 2.793133 -0.066797
v -4.664092 2.537656 -0.085017
v -4.914661 2.226354 -0.099969
v -5.100851 1.871194 -0.111080
v -5.215507 1.485822 -0.117922
v -5.254220 1.085048 -0.120232
v -5.215507 0.684275 -0.117922
v -5.100851 0.298903 -0.111080
v -4.914661 -0.056258 -0.099969
v -4.664092 -0.367559 -0.085017
v -4.358773 -0.623037 -0.066797
v -4.010436 -0.812874 -0.046011
v -3.632469 -0.929776 -0.023456
v -3.609663 3.099872 -0.046011
v -3.965700 2.982971 -0.090253
v -4.293826 2.793133 -0.131027
v -4.581430 2.537656 -0.166766
v -4.817461 2.226354 -0.196097
v -4.992848 1.871194 -0.217891
v -5.100851 1.485822 -0.231312
v -5.137320 1.085048 -0.235843
v -5.100851 0.684275 -0.231312
v -4.992848 0.298903 -0.217891
v -4.817461 -0.056258 -0.196097
v -4.581430 -0.367559 -0.166766
v -4.293826 -0.623037 -0.131027
v -3.965700 -0.812874 -0.090253
v -3.609663 -0.929776 -0.046011
v -3.572627 3.099872 -0.066797
v -3.893052 2.982971 -0.131028
v -4.188358 2.793133 -0.190223
v -4.447196 2.537656 -0.242107
v -4.659617 2.226354 -0.284688
v -4.817461 1.871194 -0.316329
v -4.914661 1.485822 -0.335813
v -4.947482 1.085048 -0.342392
v -4.914661 0.684275 -0.335813
v -4.817461 0.298903 -0.316329
v -4.659617 -0.056258 -0.284688
v -4.447196 -0.367559 -0.242107
v -4.188358 -0.623037 -0.190223
v -3.893052 -0.812874 -0.131028
v -3.572627 -0.929776 -0.066797
v -3.522786 3.099872 -0.085017
v -3.795285 2.982971 -0.166766
v -4.046422 2.793133 -0.242107
v -4.266545 2.537656 -0.308144
v -4.447195 2.226354 -0.362339
v -4.581430 1.871194 -0.402610
v -4.664092 1.485822 -0.427408
v -4.692003 1.085048 -0.435782
v -4.664092 0.684275 -0.427408
v -4.581430 0.298903 -0.402610
v -4.447195 -0.056258 -0.362339
v -4.266545 -0.367559 -0.308144
v -4.046422 -0.623037 -0.242107
v -3.795285 -0.812874 -0.166766
v -3.522786 -0.929776 -0.085017
v -3.462054 3.099872 -0.099969
v -3.676155 2.982971 -0.196097
v -3.873472 2.793133 -0.284688
v -4.046422 2.537656 -0.362339
v -4.188357 2.226354 -0.426066
v -4.293826 1.871194 -0.473419
v -4.358772 1.485822 -0.502579
v -4.380702 1.085048 -0.512425
v -4.358772 0.684275 -0.502579
v -4.293826 0.298903 -0.473419
v -4.188357 -0.056258 -0.426066
v -4.046422 -0.367559 -0.362339
v -3.873472 -0.623037 -0.284688
v -3.676155 -0.812874 -0.196097
v -3.462054 -0.929776 -0.099969
v -3.239397 3.139345 0.000000
v -3.392766 3.099872 -0.111080
v -3.540241 2.982971 -0.217891
v -3.676155 2.793133 -0.316329
v -3.795285 2.537656 -0.402610
v -3.893052 2.226354 -0.473419
v -3.965700 1.871194 -0.526035
v -4.010436 1.485822 -0.558436
v -4.025541 1.085048 -0.569377
v -4.010436 0.684275 -0.558436
v -3.965700 0.298903 -0.526035
v -3.893052 -0.056258 -0.473419
v -3.795285 -0.367559 -0.402610
v -3.676155 -0.623037 -0.316329
v -3.540241 -0.812874 -0.217891
v -3.392766 -0.929776 -0.111080
v -3.317584 3.099872 -0.117922
v -3.392766 2.982971 -0.231312
v -3.462054 2.793133 -0.335813
v -3.522786 2.537656 -0.427409
v -3.572627 2.226354 -0.502579
v -3.609663 1.871194 -0.558436
v -3.632469 1.485822 -0.592833
v -3.640169 1.085048 -0.604447
v -3.632469 0.684275 -0.592833
v -3.609663 0.298903 -0.558436
v -3.572627 -0.056258 -0.502579
v -3.522786 -0.367559 -0.427409
v -3.462054 -0.623037 -0.335813
v -3.392766 -0.812874 -0.231312
v -3.317584 -0.929776 -0.117922
v -3.239397 3.099872 -0.120232
v -3.239397 2.982971 -0.235843
v -3.239397 2.793133 -0.342392
v -3.239397 2.537656 -0.435782
v -3.239397 2.226354 -0.512425
v -3.239397 1.871194 -0.569377
v -3.239397 1.485822 -0.604447
v -3.239396 1.085048 -0.616289
v -3.239397 0.684275 -0.604447
v -3.239397 0.298903 -0.569377
v -3.239397 -0.056258 -0.512425
v -3.239397 -0.367559 -0.435782
v -3.239397 -0.623037 -0.342392
v -3.239397 -0.812874 -0.235843
v -3.239397 -0.929776 -0.120232
v -3.161210 3.099872 -0.117922
v -3.086027 2.982971 -0.231312
v -3.016738 2.793133 -0.335813
v -2.956007 2.537656 -0.427409
v -2.906166 2.226354 -0.502579
v -2.869130 1.871194 -0.558436
v -2.846323 1.485822 -0.592833
v -2.838623 1.085048 -0.604447
v -2.846323 0.684275 -0.592833
v -2.869130 0.298903 -0.558436
v -2.906166 -0.056258 -0.502579
v -2.956007 -0.367559 -0.427409
v -3.016738 -0.623037 -0.335813
v -3.086027 -0.812874 -0.231312
v -3.161210 -0.929776 -0.117922
v -3.086027 3.099872 -0.111080
v -2.938551 2.982971 -0.217891
v -2.802637 2.793133 -0.316329
v -2.683508 2.537656 -0.402610
v -2.585741 2.226354 -0.473419
v -2.513093 1.871194 -0.526035
v -2.468357 1.485822 -0.558436
v -2.453251 1.085048 -0.569376
v -2.468357 0.684275 -0.558436
v -2.513093 0.298903 -0.526035
v -2.585741 -0.056258 -0.473419
v -2.683508 -0.367559 -0.402610
v -2.802637 -0.623037 -0.316329
v -2.938551 -0.812874 -0.217891
v -3.086027 -0.929776 -0.111080
v -3.016739 3.099872 -0.099969
v -2.802637 2.982971 -0.196097
v -2.605321 2.793133 -0.284688
v -2.432371 2.537656 -0.362339
v -2.290435 2.226354 -0.426066
v -2.184967 1.871194 -0.473419
v -2.120020 1.485822 -0.502579
v -2.098091 1.085048 -0.512425
v -2.120020 0.684275 -0.502579
v -2.184967 0.298903 -0.473419
v -2.290435 -0.056258 -0.426066
v -2.432371 -0.367559 -0.362339
v -2.605321 -0.623037 -0.284688
v -2.802637 -0.812874 -0.196097
v -3.016739 -0.929776 -0.099969
v -2.956007 3.099872 -0.085017
v -2.683508 2.982971 -0.166766
v -2.432371 2.793133 -0.242107
v -2.212248 2.537656 -0.308144
v -2.031598 2.226354 -0.362339
v -1.897363 1.871194 -0.402610
v -1.814701 1.485822 -0.427408
v -1.786790 1.085048 -0.435782
v -1.814701 0.684275 -0.427408
v -1.897363 0.298903 -0.402610
v -2.031598 -0.056258 -0.362339
v -2.212248 -0.367559 -0.308144
v -2.432371 -0.623037 -0.242107
v -2.683508 -0.812874 -0.166766
v -2.956007 -0.929776 -0.085017
v -2.906166 3.099872 -0.066797
v -2.585741 2.982971 -0.131028
v -2.290436 2.793133 -0.190222
v -2.031598 2.537656 -0.242107
v -1.819176 2.226354 -0.284688
v -1.661332 1.871194 -0.316329
v -1.564132 1.485822 -0.335813
v -1.531312 1.085048 -0.342391
v -1.564132 0.684275 -0.335813
v -1.661332 0.298903 -0.316329
v -1.819176 -0.056258 -0.284688
v -2.031598 -0.367559 -0.242107
v -2.290436 -0.623037 -0.190222
v -2.585741 -0.812874 -0.131028
v -2.906166 -0.929776 -0.066797
v -2.869130 3.099872 -0.046011
v -2.513093 2.982971 -0.090253
v -2.184967 2.793133 -0.131027
v -1.897363 2.537656 -0.166766
v -1.661332 2.226354 -0.196097
v -1.485945 1.871194 -0.217891
v -1.377942 1.485822 -0.231312
v -1.341475 1.085048 -0.235843
v -1.377942 0.684275 -0.231312
v -1.485945 0.298903 -0.217891
v -1.661332 -0.056258 -0.196097
v -1.897363 -0.367559 -0.166766
v -2.184967 -0.623037 -0.131027
v -2.513093 -0.812874 -0.090253
v -2.869130 -0.929776 -0.046011
v -2.846324 3.099872 -0.023456
v -2.468357 2.982971 -0.046011
v -2.120021 2.793133 -0.066797
v -1.814701 2.537656 -0.085017
v -1.564132 2.226354 -0.099969
v -1.377942 1.871194 -0.111080
v -1.263288 1.485822 -0.117922
v -1.224573 1.085048 -0.120232
v -1.263288 0.684275 -0.117922
v -1.377942 0.298903 -0.111080
v -1.564132 -0.056258 -0.099969
v -1.814701 -0.367559 -0.085017
v -2.120021 -0.623037 -0.066797
v -2.468357 -0.812874 -0.046011
v -2.846324 -0.929776 -0.023456
v -2.838623 3.099872 0.000000
v -2.453252 2.982971 0.000000
v -2.098091 2.793133 0.000000
v -1.786790 2.537656 0.000000
v -1.531312 2.226354 0.000000
v -1.341475 1.871194 0.000000
v -1.224573 1.485822 0.000000
v -1.185101 1.085048 0.000000
v -1.224573 0.684275 0.000000
v -1.341475 0.298903 0.000000
v -1.531312 -0.056258 0.000000
v -1.786790 -0.367559 0.000000
v -2.098091 -0.623037 0.000000
v -2.453252 -0.812874 0.000000
v -2.838623 -0.929776 0.000000
v -2.846324 3.099872 0.023456
v -2.468357 2.982971 0.046011
v -2.120021 2.793133 0.066797
v -1.814701 2.537656 0.085017
v -1.564132 2.226354 0.099969
v -1.377942 1.871194 0.111080
v -1.263288 1.485822 0.117922
v -1.224574 1.085048 0.120232
v -1.263288 0.684275 0.117922
v -1.377942 0.298903 0.111080
v -1.564132 -0.056258 0.099969
v -1.814701 -0.367559 0.085017
v -2.120021 -0.623037 0.066797
v -2.468357 -0.812874 0.046011
v -2.846324 -0.929776 0.023456
v -2.869130 3.099872 0.046011
v -2.513093 2.982971 0.090254
v -2.184968 2.793133 0.131028
v -1.897363 2.537656 0.166767
v -1.661332 2.226354 0.196097
v -1.485945 1.871194 0.217891
v -1.377943 1.485822 0.231312
v -1.341476 1.085048 0.235844
v -1.377943 0.684275 0.231312
v -1.485945 0.298903 0.217891
v -1.661332 -0.056258 0.196097
v -1.897363 -0.367559 0.166767
v -2.184968 -0.623037 0.131028
v -2.513093 -0.812874 0.090254
v -2.869130 -0.929776 0.046011
v -2.906166 3.099872 0.066797
v -2.585741 2.982971 0.131028
v -2.290436 2.793133 0.190223
v -2.031598 2.537656 0.242108
v -1.819176 2.226354 0.284688
v -1.661332 1.871194 0.316329
v -1.564133 1.485822 0.335813
v -1.531313 1.085048 0.342392
v -1.564133 0.684275 0.335813
v -1.661332 0.298903 0.316329
v -1.819176 -0.056258 0.284688
v -2.031598 -0.367559 0.242108
v -2.290436 -0.623037 0.190223
v -2.585741 -0.812874 0.131028
v -2.906166 -0.929776 0.066797
v -2.956007 3.099872 0.085017
v -2.683508 2.982971 0.166767
v -2.432372 2.793133 0.242108
v -2.212248 2.537656 0.308145
v -2.031599 2.226354 0.362340
v -1.897363 1.871194 0.402610
v -1.814701 1.485822 0.427409
v -1.786791 1.085048 0.435782
v -1.814701 0.684275 0.427409
v -1.897363 0.298903 0.402610
v -2.031599 -0.056258 0.362340
v -2.212248 -0.367559 0.308145
v -2.432372 -0.623037 0.242108
v -2.683508 -0.812874 0.166767
v -2.956007 -0.929776 0.085017
v -3.239397 -0.969248 0.000000
v -3.016739 3.099872 0.099969
v -2.802638 2.982971 0.196097
v -2.605322 2.793133 0.284688
v -2.432372 2.537656 0.362340
v -2.290436 2.226354 0.426066
v -2.184967 1.871194 0.473419
v -2.120021 1.485822 0.502580
v -2.098092 1.085048 0.512425
v -2.120021 0.684275 0.502580
v -2.184967 0.298903 0.473419
v -2.290436 -0.056258 0.426066
v -2.432372 -0.367559 0.362340
v -2.605322 -0.623037 0.284688
v -2.802638 -0.812874 0.196097
v -3.016739 -0.929776 0.099969
v -3.086028 3.099872 0.111080
v -2.938552 2.982971 0.217891
v -2.802638 2.793133 0.316329
v -2.683508 2.537656 0.402610
v -2.585741 2.226354 0.473419
v -2.513093 1.871194 0.526036
v -2.468357 1.485822 0.558436
v -2.453253 1.085048 0.569377
v -2.468357 0.684275 0.558436
v -2.513093 0.298903 0.526036
v -2.585741 -0.056258 0.473419
v -2.683508 -0.367559 0.402610
v -2.802638 -0.623037 0.316329
v -2.938552 -0.812874 0.217891
v -3.086028 -0.929776 0.111080
v -3.161210 3.099872 0.117922
v -3.086028 2.982971 0.231312
v -3.016739 2.793133 0.335813
v -2.956007 2.537656 0.427409
v -2.906166 2.226354 0.502579
v -2.869130 1.871194 0.558436
v -2.846324 1.485822 0.592833
v -2.838624 1.085048 0.604447
v -2.846324 0.684275 0.592833
v -2.869130 0.298903 0.558436
v -2.906166 -0.056258 0.502579
v -2.956007 -0.367559 0.427409
v -3.016739 -0.623037 0.335813
v -3.086028 -0.812874 0.231312
v -3.161210 -0.929776 0.117922
v -3.239397 3.099872 0.120232
v -3.239397 2.982971 0.235844
v -3.239397 2.793133 0.342392
v -3.239397 2.537656 0.435782
v -3.239397 2.226354 0.512426
v -3.239397 1.871194 0.569377
v -3.239397 1.485822 0.604447
v -3.239398 1.085048 0.616289
v -3.239397 0.684275 0.604447
v -3.239397 0.298903 0.569377
v -3.239397 -0.056258 0.512426
v -3.239397 -0.367559 0.435782
v -3.239397 -0.623037 0.342392
v -3.239397 -0.812874 0.235844
v -3.239397 -0.929776 0.120232
v -3.317584 3.099872 0.117922
v -3.392766 2.982971 0.231312
v -3.462054 2.793133 0.335813
v -3.522786 2.537656 0.427409
v -3.572627 2.226354 0.502579
v -3.609663 1.871194 0.558436
v -3.632469 1.485822 0.592833
v -3.640170 1.085048 0.604447
v -3.632469 0.684275 0.592833
v -3.609663 0.298903 0.558436
v -3.572627 -0.056258 0.502579
v -3.522786 -0.367559 0.427409
v -3.462054 -0.623037 0.335813
v -3.392766 -0.812874 0.231312
v -3.317584 -0.929776 0.117922
v -3.392766 3.099872 0.111080
v -3.540241 2.982971 0.217891
v -3.676155 2.793133 0.316329
v -3.795285 2.537656 0.402610
v -3.893052 2.226354 0.473419
v -3.965700 1.871194 0.526036
v -4.010437 1.485822 0.558436
v -4.025542 1.085048 0.569376
v -4.010437 0.684275 0.558436
v -3.965700 0.298903 0.526036
v -3.893052 -0.056258 0.473419
v -3.795285 -0.367559 0.402610
v -3.676155 -0.623037 0.316329
v -3.540241 -0.812874 0.217891
v -3.392766 -0.929776 0.111080
v -3.462054 3.099872 0.099969
v -3.676155 2.982971 0.196097
v -3.873472 2.793133 0.284688
v -4.046422 2.537656 0.362340
v -4.188357 2.226354 0.426066
v -4.293825 1.871194 0.473420
v -4.358773 1.485822 0.502579
v -4.380702 1.085048 0.512425
v -4.358773 0.684275 0.502579
v -4.293825 0.298903 0.473420
v -4.188357 -0.056258 0.426066
v -4.046422 -0.367559 0.362340
v -3.873472 -0.623037 0.284688
v -3.676155 -0.812874 0.196097
v -3.462054 -0.929776 0.099969
v -3.522786 3.099872 0.085017
v -3.795285 2.982971 0.166767
v -4.046422 2.793133 0.242107
v -4.266545 2.537656 0.308145
v -4.447195 2.226354 0.362340
v -4.581430 1.871194 0.402610
v -4.664092 1.485822 0.427409
v -4.692003 1.085048 0.435782
v -4.664092 0.684275 0.427409
v -4.581430 0.298903 0.402610
v -4.447195 -0.056258 0.362340
v -4.266545 -0.367559 0.308145
v -4.046422 -0.623037 0.242107
v -3.795285 -0.812874 0.166767
v -3.522786 -0.929776 0.085017
v -3.572627 3.099872 0.066797
v -3.893052 2.982971 0.131028
v -4.188357 2.793133 0.190223
v -4.447195 2.537656 0.242108
v -4.659617 2.226354 0.284688
v -4.817461 1.871194 0.316329
v -4.914661 1.485822 0.335813
v -4.947481 1.085048 0.342391
v -4.914661 0.684275 0.335813
v -4.817461 0.298903 0.316329
v -4.659617 -0.056258 0.284688
v -4.447195 -0.367559 0.242108
v -4.188357 -0.623037 0.190223
v -3.893052 -0.812874 0.131028
v -3.572627 -0.929776 0.066797
v -3.609662 3.099872 0.046011
v -3.965700 2.982971 0.090254
v -4.293825 2.793133 0.131028
v -4.581430 2.537656 0.166767
v -4.817461 2.226354 0.196097
v -4.992848 1.871194 0.217891
v -5.100850 1.485822 0.231312
v -5.137318 1.085048 0.235843
v -5.100850 0.684275 0.231312
v -4.992848 0.298903 0.217891
v -4.817461 -0.056258 0.196097
v -4.581430 -0.367559 0.166767
v -4.293825 -0.623037 0.131028
v -3.965700 -0.812874 0.090254
v -3.609662 -0.929776 0.046011
v -3.632468 3.099872 0.023456
v -4.010436 2.982971 0.046011
v -4.358771 2.793133 0.066797
v -4.664092 2.537656 0.085017
v -4.914660 2.226354 0.099969
v -5.100850 1.871194 0.111080
v -5.215505 1.485822 0.117922
v -5.254218 1.085048 0.120232
v -5.215505 0.684275 0.117922
v -5.100850 0.298903 0.111080
v -4.914660 -0.056258 0.099969
v -4.664092 -0.367559 0.085017
v -4.358771 -0.623037 0.066797
v -4.010436 -0.812874 0.046011
v -3.632468 -0.929776 0.023456
v -3.640169 3.099872 0.000000
v -4.025541 2.982971 0.000000
v -4.692003 2.537656 0.000000
v -5.137319 1.871194 0.000000
v -5.137319 0.298903 0.000000
v -4.692003 -0.367559 0.000000
v -4.380702 -0.623037 0.000000
v -4.025541 -0.812874 0.000000
v -3.640169 -0.929776 0.000000
v -4.380702 0.498306 0.000000
v -4.947482 -0.068473 0.000000
v -5.254220 -0.809006 0.000000
v -5.293693 -1.209780 0.000000
v -5.254220 -1.610553 0.000000
v -4.947482 -2.351086 0.000000
v -3.632469 0.805044 -0.023456
v -4.010436 0.688143 -0.046011
v -4.358773 0.498306 -0.066797
v -4.664092 0.242828 -0.085017
v -4.914661 -0.068473 -0.099969
v -5.100851 -0.423634 -0.111080
v -5.215507 -0.809006 -0.117922
v -5.254220 -1.209780 -0.120232
v -5.215507 -1.610553 -0.117922
v -5.100851 -1.995925 -0.111080
v -4.914661 -2.351086 -0.099969
v -4.664092 -2.662387 -0.085017
v -4.358773 -2.917865 -0.066797
v -4.010436 -3.107702 -0.046011
v -3.632469 -3.224603 -0.023456
v -3.609663 0.805044 -0.046011
v -3.965700 0.688143 -0.090253
v -4.293826 0.498306 -0.131027
v -4.581430 0.242828 -0.166766
v -4.817461 -0.068473 -0.196097
v -4.992848 -0.423634 -0.217891
v -5.100851 -0.809006 -0.231312
v -5.137320 -1.209780 -0.235843
v -5.100851 -1.610553 -0.231312
v -4.992848 -1.995925 -0.217891
v -4.817461 -2.351086 -0.196097
v -4.581430 -2.662387 -0.166766
v -4.293826 -2.917865 -0.131027
v -3.965700 -3.107702 -0.090253
v -3.609663 -3.224603 -0.046011
v -3.572627 0.805044 -0.066797
v -3.893052 0.688143 -0.131028
v -4.188358 0.498306 -0.190223
v -4.447196 0.242828 -0.242107
v -4.659617 -0.068473 -0.284688
v -4.817461 -0.423634 -0.316329
v -4.914661 -0.809006 -0.335813
v -4.947482 -1.209780 -0.342392
v -4.914661 -1.610553 -0.335813
v -4.817461 -1.995925 -0.316329
v -4.659617 -2.351086 -0.284688
v -4.447196 -2.662387 -0.242107
v -4.188358 -2.917865 -0.190223
v -3.893052 -3.107702 -0.131028
v -3.572627 -3.224603 -0.066797
v -3.522786 0.805044 -0.085017
v -3.795285 0.688143 -0.166766
v -4.046422 0.498306 -0.242107
v -4.266545 0.242828 -0.308144
v -4.447195 -0.068473 -0.362339
v -4.581430 -0.423634 -0.402610
v -4.664092 -0.809006 -0.427408
v -4.692003 -1.209780 -0.435782
v -4.664092 -1.610553 -0.427408
v -4.581430 -1.995925 -0.402610
v -4.447195 -2.351086 -0.362339
v -4.266545 -2.662387 -0.308144
v -4.046422 -2.917865 -0.242107
v -3.795285 -3.107702 -0.166766
v -3.522786 -3.224603 -0.085017
v -3.462054 0.805044 -0.099969
v -3.676155 0.688143 -0.196097
v -3.873472 0.498306 -0.284688
v -4.046422 0.242828 -0.362339
v -4.188357 -0.068473 -0.426066
v -4.293826 -0.423634 -0.473419
v -4.358772 -0.809006 -0.502579
v -4.380702 -1.209780 -0.512425
v -4.358772 -1.610553 -0.502579
v -4.293826 -1.995925 -0.473419
v -4.188357 -2.351086 -0.426066
v -4.046422 -2.662387 -0.362339
v -3.873472 -2.917865 -0.284688
v -3.676155 -3.107702 -0.196097
v -3.462054 -3.224603 -0.099969
v -3.239397 0.844517 0.000000
v -3.392766 0.805044 -0.111080
v -3.540241 0.688143 -0.217891
v -3.676155 0.498306 -0.316329
v -3.795285 0.242828 -0.402610
v -3.893052 -0.068473 -0.473419
v -3.965700 -0.423634 -0.526035
v -4.010436 -0.809006 -0.558436
v -4.025541 -1.209780 -0.569377
v -4.010436 -1.610553 -0.558436
v -3.965700 -1.995925 -0.526035
v -3.893052 -2.351086 -0.473419
v -3.795285 -2.662387 -0.402610
v -3.676155 -2.917865 -0.316329
v -3.540241 -3.107702 -0.217891
v -3.392766 -3.224603 -0.111080
v -3.317584 0.805044 -0.117922
v -3.392766 0.688143 -0.231312
v -3.462054 0.498306 -0.335813
v -3.522786 0.242828 -0.427409
v -3.572627 -0.068473 -0.502579
v -3.609663 -0.423634 -0.558436
v -3.632469 -0.809006 -0.592833
v -3.640169 -1.209780 -0.604447
v -3.632469 -1.610553 -0.592833
v -3.609663 -1.995925 -0.558436
v -3.572627 -2.351086 -0.502579
v -3.522786 -2.662387 -0.427409
v -3.462054 -2.917865 -0.335813
v -3.392766 -3.107702 -0.231312
v -3.317584 -3.224603 -0.117922
v -3.239397 0.805044 -0.120232
v -3.239397 0.688143 -0.235843
v -3.239397 0.498306 -0.342392
v -3.239397 0.242828 -0.435782
v -3.239397 -0.068473 -0.512425
v -3.239397 -0.423634 -0.569377
v -3.239397 -0.809006 -0.604447
v -3.239396 -1.209780 -0.616289
v -3.239397 -1.610553 -0.604447
v -3.239397 -1.995925 -0.569377
v -3.239397 -2.351086 -0.512425
v -3.239397 -2.662387 -0.435782
v -3.239397 -2.917865 -0.342392
v -3.239397 -3.107702 -0.235843
v -3.239397 -3.224603 -0.120232
v -3.161210 0.805044 -0.117922
v -3.086027 0.688143 -0.231312
v -3.016738 0.498306 -0.335813
v -2.956007 0.242828 -0.427409
v -2.906166 -0.068473 -0.502579
v -2.869130 -0.423634 -0.558436
v -2.846323 -0.809006 -0.592833
v -2.838623 -1.209780 -0.604447
v -2.846323 -1.610553 -0.592833
v -2.869130 -1.995925 -0.558436
v -2.906166 -2.351086 -0.502579
v -2.956007 -2.662387 -0.427409
v -3.016738 -2.917865 -0.335813
v -3.086027 -3.107702 -0.231312
v -3.161210 -3.224603 -0.117922
v -3.086027 0.805044 -0.111080
v -2.938551 0.688143 -0.217891
v -2.802637 0.498306 -0.316329
v -2.683508 0.242828 -0.402610
v -2.585741 -0.068473 -0.473419
v -2.513093 -0.423634 -0.526035
v -2.468357 -0.809006 -0.558436
v -2.453251 -1.209780 -0.569376
v -2.468357 -1.610553 -0.558436
v -2.513093 -1.995925 -0.526035
v -2.585741 -2.351086 -0.473419
v -2.683508 -2.662387 -0.402610
v -2.802637 -2.917865 -0.316329
v -2.938551 -3.107702 -0.217891
v -3.086027 -3.224603 -0.111080
v -3.016739 0.805044 -0.099969
v -2.802637 0.688143 -0.196097
v -2.605321 0.498306 -0.284688
v -2.432371 0.242828 -0.362339
v -2.290435 -0.068473 -0.426066
v -2.184967 -0.423634 -0.473419
v -2.120020 -0.809006 -0.502579
v -2.098091 -1.209780 -0.512425
v -2.120020 -1.610553 -0.502579
v -2.184967 -1.995925 -0.473419
v -2.290435 -2.351086 -0.426066
v -2.432371 -2.662387 -0.362339
v -2.605321 -2.917865 -0.284688
v -2.802637 -3.107702 -0.196097
v -3.016739 -3.224603 -0.099969
v -2.956007 0.805044 -0.085017
v -2.683508 0.688143 -0.166766
v -2.432371 0.498306 -0.242107
v -2.212248 0.242828 -0.308144
v -2.031598 -0.068473 -0.362339
v -1.897363 -0.423634 -0.402610
v -1.814701 -0.809006 -0.427408
v -1.786790 -1.209780 -0.435782
v -1.814701 -1.610553 -0.427408
v -1.897363 -1.995925 -0.402610
v -2.031598 -2.351086 -0.362339
v -2.212248 -2.662387 -0.308144
v -2.432371 -2.917865 -0.242107
v -2.683508 -3.107702 -0.166766
v -2.956007 -3.224603 -0.085017
v -2.906166 0.805044 -0.066797
v -2.585741 0.688143 -0.131028
v -2.290436 0.498306 -0.190222
v -2.031598 0.242828 -0.242107
v -1.819176 -0.068473 -0.284688
v -1.661332 -0.423634 -0.316329
v -1.564132 -0.809006 -0.335813
v -1.531312 -1.209780 -0.342391
v -1.564132 -1.610553 -0.335813
v -1.661332 -1.995925 -0.316329
v -1.819176 -2.351086 -0.284688
v -2.031598 -2.662387 -0.242107
v -2.290436 -2.917865 -0.190222
v -2.585741 -3.107702 -0.131028
v -2.906166 -3.224603 -0.066797
v -2.869130 0.805044 -0.046011
v -2.513093 0.688143 -0.090253
v -2.184967 0.498306 -0.131027
v -1.897363 0.242828 -0.166766
v -1.661332 -0.068473 -0.196097
v -1.485945 -0.423634 -0.217891
v -1.377942 -0.809006 -0.231312
v -1.341475 -1.209780 -0.235843
v -1.377942 -1.610553 -0.231312
v -1.485945 -1.995925 -0.217891
v -1.661332 -2.351086 -0.196097
v -1.897363 -2.662387 -0.166766
v -2.184967 -2.917865 -0.131027
v -2.513093 -3.107702 -0.090253
v -2.869130 -3.224603 -0.046011
v -2.846324 0.805044 -0.023456
v -2.468357 0.688143 -0.046011
v -2.120021 0.498306 -0.066797
v -1.814701 0.242828 -0.085017
v -1.564132 -0.068473 -0.099969
v -1.377942 -0.423634 -0.111080
v -1.263288 -0.809006 -0.117922
v -1.224573 -1.209780 -0.120232
v -1.263288 -1.610553 -0.117922
v -1.377942 -1.995925 -0.111080
v -1.564132 -2.351086 -0.099969
v -1.814701 -2.662387 -0.085017
v -2.120021 -2.917865 -0.066797
v -2.468357 -3.107702 -0.046011
v -2.846324 -3.224603 -0.023456
v -2.838623 0.805044 0.000000
v -2.453252 0.688143 0.000000
v -2.098091 0.498306 0.000000
v -1.786790 0.242828 0.000000
v -1.531312 -0.068473 0.000000
v -1.341475 -0.423634 0.000000
v -1.224573 -0.809006 0.000000
v -1.185101 -1.209780 0.000000
v -1.224573 -1.610553 0.000000
v -1.341475 -1.995925 0.000000
v -1.531312 -2.351086 0.000000
v -1.786790 -2.662387 0.000000
v -2.098091 -2.917865 0.000000
v -2.453252 -3.107702 0.000000
v -2.838623 -3.224603 0.000000
v -2.846324 0.805044 0.023456
v -2.468357 0.688143 0.046011
v -2.120021 0.498306 0.066797
v -1.814701 0.242828 0.085017
v -1.564132 -0.068473 0.099969
v -1.377942 -0.423634 0.111080
v -1.263288 -0.809006 0.117922
v -1.224574 -1.209780 0.120232
v -1.263288 -1.610553 0.117922
v -1.377942 -1.995925 0.111080
v -1.564132 -2.351086 0.099969
v -1.814701 -2.662387 0.085017
v -2.120021 -2.917865 0.066797
v -2.468357 -3.107702 0.046011
v -2.846324 -3.224603 0.023456
v -2.869130 0.805044 0.046011
v -2.513093 0.688143 0.090254
v -2.184968 0.498306 0.131028
v -1.897363 0.242828 0.166767
v -1.661332 -0.068473 0.196097
v -1.485945 -0.423634 0.217891
v -1.377943 -0.809006 0.231312
v -1.341476 -1.209780 0.235844
v -1.377943 -1.610553 0.231312
v -1.485945 -1.995925 0.217891
v -1.661332 -2.351086 0.196097
v -1.897363 -2.662387 0.166767
v -2.184968 -2.917865 0.131028
v -2.513093 -3.107702 0.090254
v -2.869130 -3.224603 0.046011
v -2.906166 0.805044 0.066797
v -2.585741 0.688143 0.131028
v -2.290436 0.498306 0.190223
v -2.031598 0.242828 0.242108
v -1.819176 -0.068473 0.284688
v -1.661332 -0.423634 0.316329
v -1.564133 -0.809006 0.335813
v -1.531313 -1.209780 0.342392
v -1.564133 -1.610553 0.335813
v -1.661332 -1.995925 0.316329
v -1.819176 -2.351086 0.284688
v -2.031598 -2.662387 0.242108
v -2.290436 -2.917865 0.190223
v -2.585741 -3.107702 0.131028
v -2.906166 -3.224603 0.066797
v -2.956007 0.805044 0.085017
v -2.683508 0.688143 0.166767
v -2.432372 0.498306 0.242108
v -2.212248 0.242828 0.308145
v -2.031599 -0.068473 0.362340
v -1.897363 -0.423634 0.402610
v -1.814701 -0.809006 0.427409
v -1.786791 -1.209780 0.435782
v -1.814701 -1.610553 0.427409
v -1.897363 -1.995925 0.402610
v -2.031599 -2.351086 0.362340
v -2.212248 -2.662387 0.308145
v -2.432372 -2.917865 0.242108
v -2.683508 -3.107702 0.166767
v -2.956007 -3.224603 0.085017
v -3.239397 -3.264076 0.000000
v -3.016739 0.805044 0.099969
v -2.802638 0.688143 0.196097
v -2.605322 0.498306 0.284688
v -2.432372 0.242828 0.362340
v -2.290436 -0.068473 0.426066
v -2.184967 -0.423634 0.473419
v -2.120021 -0.809006 0.502580
v -2.098092 -1.209780 0.512425
v -2.120021 -1.610553 0.502580
v -2.184967 -1.995925 0.473419
v -2.290436 -2.351086 0.426066
v -2.432372 -2.662387 0.362340
v -2.605322 -2.917865 0.284688
v -2.802638 -3.107702 0.196097
v -3.016739 -3.224603 0.099969
v -3.086028 0.805044 0.111080
v -2.938552 0.688143 0.217891
v -2.802638 0.498306 0.316329
v -2.683508 0.242828 0.402610
v -2.585741 -0.068473 0.473419
v -2.513093 -0.423634 0.526036
v -2.468357 -0.809006 0.558436
v -2.453253 -1.209780 0.569377
v -2.468357 -1.610553 0.558436
v -2.513093 -1.995925 0.526036
v -2.585741 -2.351086 0.473419
v -2.683508 -2.662387 0.402610
v -2.802638 -2.917865 0.316329
v -2.938552 -3.107702 0.217891
v -3.086028 -3.224603 0.111080
v -3.161210 0.805044 0.117922
v -3.086028 0.688143 0.231312
v -3.016739 0.498306 0.335813
v -2.956007 0.242828 0.427409
v -2.906166 -0.068473 0.502579
v -2.869130 -0.423634 0.558436
v -2.846324 -0.809006 0.592833
v -2.838624 -1.209780 0.604447
v -2.846324 -1.610553 0.592833
v -2.869130 -1.995925 0.558436
v -2.906166 -2.351086 0.502579
v -2.956007 -2.662387 0.427409
v -3.016739 -2.917865 0.335813
v -3.086028 -3.107702 0.231312
v -3.161210 -3.224603 0.117922
v -3.239397 0.805044 0.120232
v -3.239397 0.688143 0.235844
v -3.239397 0.498306 0.342392
v -3.239397 0.242828 0.435782
v -3.239397 -0.068473 0.512426
v -3.239397 -0.423634 0.569377
v -3.239397 -0.809006 0.604447
v -3.239398 -1.209780 0.616289
v -3.239397 -1.610553 0.604447
v -3.239397 -1.995925 0.569377
v -3.239397 -2.351086 0.512426
v -3.239397 -2.662387 0.435782
v -3.239397 -2.917865 0.342392
v -3.239397 -3.107702 0.235844
v -3.239397 -3.224603 0.120232
v -3.317584 0.805044 0.117922
v -3.392766 0.688143 0.231312
v -3.462054 0.498306 0.335813
v -3.522786 0.242828 0.427409
v -3.572627 -0.068473 0.502579
v -3.609663 -0.423634 0.558436
v -3.632469 -0.809006 0.592833
v -3.640170 -1.209780 0.604447
v -3.632469 -1.610553 0.592833
v -3.609663 -1.995925 0.558436
v -3.572627 -2.351086 0.502579
v -3.522786 -2.662387 0.427409
v -3.462054 -2.917865 0.335813
v -3.392766 -3.107702 0.231312
v -3.317584 -3.224603 0.117922
v -3.392766 0.805044 0.111080
v -3.540241 0.688143 0.217891
v -3.676155 0.498306 0.316329
v -3.795285 0.242828 0.402610
v -3.893052 -0.068473 0.473419
v -3.965700 -0.423634 0.526036
v -4.010437 -0.809006 0.558436
v -4.025542 -1.209780 0.569376
v -4.010437 -1.610553 0.558436
v -3.965700 -1.995925 0.526036
v -3.893052 -2.351086 0.473419
v -3.795285 -2.662387 0.402610
v -3.676155 -2.917865 0.316329
v -3.540241 -3.107702 0.217891
v -3.392766 -3.224603 0.111080
v -3.462054 0.805044 0.099969
v -3.676155 0.688143 0.196097
v -3.873472 0.498306 0.284688
v -4.046422 0.242828 0.362340
v -4.188357 -0.068473 0.426066
v -4.293825 -0.423634 0.473420
v -4.358773 -0.809006 0.502579
v -4.380702 -1.209780 0.512425
v -4.358773 -1.610553 0.502579
v -4.293825 -1.995925 0.473420
v -4.188357 -2.351086 0.426066
v -4.046422 -2.662387 0.362340
v -3.873472 -2.917865 0.284688
v -3.676155 -3.107702 0.196097
v -3.462054 -3.224603 0.099969
v -3.522786 0.805044 0.085017
v -3.795285 0.688143 0.166767
v -4.046422 0.498306 0.242107
v -4.266545 0.242828 0.308145
v -4.447195 -0.068473 0.362340
v -4.581430 -0.423634 0.402610
v -4.664092 -0.809006 0.427409
v -4.692003 -1.209780 0.435782
v -4.664092 -1.610553 0.427409
v -4.581430 -1.995925 0.402610
v -4.447195 -2.351086 0.362340
v -4.266545 -2.662387 0.308145
v -4.046422 -2.917865 0.242107
v -3.795285 -3.107702 0.166767
v -3.522786 -3.224603 0.085017
v -3.572627 0.805044 0.066797
v -3.893052 0.688143 0.131028
v -4.188357 0.498306 0.190223
v -4.447195 0.242828 0.242108
v -4.659617 -0.068473 0.284688
v -4.817461 -0.423634 0.316329
v -4.914661 -0.809006 0.335813
v -4.947481 -1.209780 0.342391
v -4.914661 -1.610553 0.335813
v -4.817461 -1.995925 0.316329
v -4.659617 -2.351086 0.284688
v -4.447195 -2.662387 0.242108
v -4.188357 -2.917865 0.190223
v -3.893052 -3.107702 0.131028
v -3.572627 -3.224603 0.066797
v -3.609662 0.805044 0.046011
v -3.965700 0.688143 0.090254
v -4.293825 0.498306 0.131028
v -4.581430 0.242828 0.166767
v -4.817461 -0.068473 0.196097
v -4.992848 -0.423634 0.217891
v -5.100850 -0.809006 0.231312
v -5.137318 -1.209780 0.235843
v -5.100850 -1.610553 0.231312
v -4.992848 -1.995925 0.217891
v -4.817461 -2.351086 0.196097
v -4.581430 -2.662387 0.166767
v -4.293825 -2.917865 0.131028
v -3.965700 -3.107702 0.090254
v -3.609662 -3.224603 0.046011
v -3.632468 0.805044 0.023456
v -4.010436 0.688143 0.046011
v -4.358771 0.498306 0.066797
v -4.664092 0.242828 0.085017
v -4.914660 -0.068473 0.099969
v -5.100850 -0.423634 0.111080
v -5.215505 -0.809006 0.117922
v -5.254218 -1.209780 0.120232
v -5.215505 -1.610553 0.117922
v -5.100850 -1.995925 0.111080
v -4.914660 -2.351086 0.099969
v -4.664092 -2.662387 0.085017
v -4.358771 -2.917865 0.066797
v -4.010436 -3.107702 0.046011
v -3.632468 -3.224603 0.023456
v -3.640169 0.805044 0.000000
v -4.025541 0.688143 0.000000
v -4.692003 0.242828 0.000000
v -5.137319 -0.423634 0.000000
v -5.137319 -1.995925 0.000000
v -4.692003 -2.662387 0.000000
v -4.380702 -2.917865 0.000000
v -4.025541 -3.107702 0.000000
v -3.640169 -3.224603 0.000000
v -5.608483 1.720124 0.000000
v -6.175262 1.153345 0.000000
v -6.482002 0.412812 0.000000
v -6.521474 0.012038 0.000000
v -6.482002 -0.388735 0.000000
v -6.175262 -1.129268 0.000000
v -4.860250 2.026862 -0.023456
v -5.238217 1.909961 -0.046011
v -5.586554 1.720124 -0.066797
v -5.891873 1.464646 -0.085017
v -6.142442 1.153345 -0.099969
v -6.328632 0.798184 -0.111080
v -6.443287 0.412812 -0.117921
v -6.482002 0.012038 -0.120232
v -6.443287 -0.388735 -0.117921
v -6.328632 -0.774107 -0.111080
v -6.142442 -1.129268 -0.099969
v -5.891873 -1.440569 -0.085017
v -5.586554 -1.696047 -0.066797
v -5.238217 -1.885884 -0.046011
v -4.860250 -2.002785 -0.023456
v -4.837444 2.026862 -0.046011
v -5.193481 1.909961 -0.090253
v -5.521607 1.720124 -0.131027
v -5.809212 1.464646 -0.166766
v -6.045242 1.153345 -0.196096
v -6.220629 0.798184 -0.217891
v -6.328632 0.412812 -0.231312
v -6.365100 0.012038 -0.235843
v -6.328632 -0.388735 -0.231312
v -6.220629 -0.774107 -0.217891
v -6.045242 -1.129268 -0.196096
v -5.809212 -1.440569 -0.166766
v -5.521607 -1.696047 -0.131027
v -5.193481 -1.885884 -0.090253
v -4.837444 -2.002785 -0.046011
v -4.800408 2.026862 -0.066797
v -5.120833 1.909961 -0.131027
v -5.416139 1.720124 -0.190222
v -5.674976 1.464646 -0.242107
v -5.887398 1.153345 -0.284688
v -6.045242 0.798184 -0.316328
v -6.142442 0.412812 -0.335813
v -6.175262 0.012038 -0.342392
v -6.142442 -0.388735 -0.335813
v -6.045242 -0.774107 -0.316328
v -5.887398 -1.129268 -0.284688
v -5.674976 -1.440569 -0.242107
v -5.416139 -1.696047 -0.190222
v -5.120833 -1.885884 -0.131027
v -4.800408 -2.002785 -0.066797
v -4.750567 2.026862 -0.085017
v -5.023066 1.909961 -0.166766
v -5.274203 1.720124 -0.242107
v -5.494326 1.464646 -0.308144
v -5.674976 1.153345 -0.362339
v -5.809212 0.798184 -0.402610
v -5.891873 0.412812 -0.427408
v -5.919784 0.012038 -0.435782
v -5.891873 -0.388735 -0.427408
v -5.809212 -0.774107 -0.402610
v -5.674976 -1.129268 -0.362339
v -5.494326 -1.440569 -0.308144
v -5.274203 -1.696047 -0.242107
v -5.023066 -1.885884 -0.166766
v -4.750567 -2.002785 -0.085017
v -4.689835 2.026862 -0.099969
v -4.903936 1.909961 -0.196097
v -5.101253 1.720124 -0.284688
v -5.274203 1.464646 -0.362339
v -5.416139 1.153345 -0.426066
v -5.521607 0.798184 -0.473419
v -5.586554 0.412812 -0.502579
v -5.608483 0.012038 -0.512425
v -5.586554 -0.388735 -0.502579
v -5.521607 -0.774107 -0.473419
v -5.416139 -1.129268 -0.426066
v -5.274203 -1.440569 -0.362339
v -5.101253 -1.696047 -0.284688
v -4.903936 -1.885884 -0.196097
v -4.689835 -2.002785 -0.099969
v -4.467177 2.066335 0.000000
v -4.620547 2.026862 -0.111080
v -4.768023 1.909961 -0.217891
v -4.903936 1.720124 -0.316329
v -5.023066 1.464646 -0.402610
v -5.120833 1.153345 -0.473419
v -5.193481 0.798184 -0.526035
v -5.238216 0.412812 -0.558436
v -5.253323 0.012038 -0.569377
v -5.238216 -0.388735 -0.558436
v -5.193481 -0.774107 -0.526035
v -5.120833 -1.129268 -0.473419
v -5.023066 -1.440569 -0.402610
v -4.903936 -1.696047 -0.316329
v -4.768023 -1.885884 -0.217891
v -4.620547 -2.002785 -0.111080
v -4.545364 2.026862 -0.117922
v -4.620547 1.909961 -0.231312
v -4.689835 1.720124 -0.335813
v -4.750567 1.464646 -0.427408
v -4.800408 1.153345 -0.502579
v -4.837444 0.798184 -0.558436
v -4.860250 0.412812 -0.592833
v -4.867950 0.012038 -0.604447
v -4.860250 -0.388735 -0.592833
v -4.837444 -0.774107 -0.558436
v -4.800408 -1.129268 -0.502579
v -4.750567 -1.440569 -0.427408
v -4.689835 -1.696047 -0.335813
v -4.620547 -1.885884 -0.231312
v -4.545364 -2.002785 -0.117922
v -4.467177 2.026862 -0.120232
v -4.467177 1.909961 -0.235843
v -4.467177 1.720124 -0.342392
v -4.467177 1.464646 -0.435782
v -4.467177 1.153345 -0.512425
v -4.467177 0.798184 -0.569377
v -4.467177 0.412812 -0.604447
v -4.467177 0.012038 -0.616289
v -4.467177 -0.388735 -0.604447
v -4.467177 -0.774107 -0.569377
v -4.467177 -1.129268 -0.512425
v -4.467177 -1.440569 -0.435782
v -4.467177 -1.696047 -0.342392
v -4.467177 -1.885884 -0.235843
v -4.467177 -2.002785 -0.120232
v -4.388990 2.026862 -0.117922
v -4.313808 1.909961 -0.231312
v -4.244519 1.720124 -0.335813
v -4.183788 1.464646 -0.427408
v -4.133946 1.153345 -0.502579
v -4.096911 0.798184 -0.558436
v -4.074104 0.412812 -0.592833
v -4.066403 0.012038 -0.604447
v -4.074104 -0.388735 -0.592833
v -4.096911 -0.774107 -0.558436
v -4.133946 -1.129268 -0.502579
v -4.183788 -1.440569 -0.427408
v -4.244519 -1.696047 -0.335813
v -4.313808 -1.885884 -0.231312
v -4.388990 -2.002785 -0.117922
v -4.313808 2.026862 -0.111080
v -4.166332 1.909961 -0.217891
v -4.030418 1.720124 -0.316329
v -3.911289 1.464646 -0.402610
v -3.813522 1.153345 -0.473419
v -3.740874 0.798184 -0.526035
v -3.696138 0.412812 -0.558436
v -3.681032 0.012038 -0.569376
v -3.696138 -0.388735 -0.558436
v -3.740874 -0.774107 -0.526035
v -3.813522 -1.129268 -0.473419
v -3.911289 -1.440569 -0.402610
v -4.030418 -1.696047 -0.316329
v -4.166332 -1.885884 -0.217891
v -4.313808 -2.002785 -0.111080
v -4.244520 2.026862 -0.099969
v -4.030418 1.909961 -0.196097
v -3.833102 1.720124 -0.284688
v -3.660152 1.464646 -0.362339
v -3.518216 1.153345 -0.426066
v -3.412748 0.798184 -0.473419
v -3.347801 0.412812 -0.502579
v -3.325871 0.012038 -0.512425
v -3.347801 -0.388735 -0.502579
v -3.412748 -0.774107 -0.473419
v -3.518216 -1.129268 -0.426066
v -3.660152 -1.440569 -0.362339
v -3.833102 -1.696047 -0.284688
v -4.030418 -1.885884 -0.196097
v -4.244520 -2.002785 -0.099969
v -4.183788 2.026862 -0.085017
v -3.911289 1.909961 -0.166766
v -3.660152 1.720124 -0.242107
v -3.440029 1.464646 -0.308144
v -3.259379 1.153345 -0.362339
v -3.125144 0.798184 -0.402610
v -3.042482 0.412812 -0.427408
v -3.014571 0.012038 -0.435782
v -3.042482 -0.388735 -0.427408
v -3.125144 -0.774107 -0.402610
v -3.259379 -1.129268 -0.362339
v -3.440029 -1.440569 -0.308144
v -3.660152 -1.696047 -0.242107
v -3.911289 -1.885884 -0.166766
v -4.183788 -2.002785 -0.085017
v -4.133946 2.026862 -0.066797
v -3.813522 1.909961 -0.131027
v -3.518216 1.720124 -0.190222
v -3.259379 1.464646 -0.242107
v -3.046957 1.153345 -0.284688
v -2.889113 0.798184 -0.316329
v -2.791913 0.412812 -0.335813
v -2.759093 0.012038 -0.342391
v -2.791913 -0.388735 -0.335813
v -2.889113 -0.774107 -0.316329
v -3.046957 -1.129268 -0.284688
v -3.259379 -1.440569 -0.242107
v -3.518216 -1.696047 -0.190222
v -3.813522 -1.885884 -0.131027
v -4.133946 -2.002785 -0.066797
v -4.096911 2.026862 -0.046011
v -3.740874 1.909961 -0.090253
v -3.412748 1.720124 -0.131027
v -3.125144 1.464646 -0.166766
v -2.889113 1.153345 -0.196097
v -2.713726 0.798184 -0.217891
v -2.605723 0.412812 -0.231312
v -2.569256 0.012038 -0.235843
v -2.605723 -0.388735 -0.231312
v -2.713726 -0.774107 -0.217891
v -2.889113 -1.129268 -0.196097
v -3.125144 -1.440569 -0.166766
v -3.412748 -1.696047 -0.131027
v -3.740874 -1.885884 -0.090253
v -4.096911 -2.002785 -0.046011
v -4.074105 2.026862 -0.023456
v -3.696138 1.909961 -0.046011
v -3.347801 1.720124 -0.066797
v -3.042482 1.464646 -0.085017
v -2.791913 1.153345 -0.099969
v -2.605723 0.798184 -0.111080
v -2.491069 0.412812 -0.117922
v -2.452354 0.012038 -0.120232
v -2.491069 -0.388735 -0.117922
v -2.605723 -0.774107 -0.111080
v -2.791913 -1.129268 -0.099969
v -3.042482 -1.440569 -0.085017
v -3.347801 -1.696047 -0.066797
v -3.696138 -1.885884 -0.046011
v -4.074105 -2.002785 -0.023456
v -4.066404 2.026862 0.000000
v -3.681032 1.909961 0.000000
v -3.325872 1.720124 0.000000
v -3.014571 1.464646 0.000000
v -2.759093 1.153345 0.000000
v -2.569256 0.798184 0.000000
v -2.452354 0.412812 0.000000
v -2.412882 0.012038 0.000000
v -2.452354 -0.388735 0.000000
v -2.569256 -0.774107 0.000000
v -2.759093 -1.129268 0.000000
v -3.014571 -1.440569 0.000000
v -3.325872 -1.696047 0.000000
v -3.681032 -1.885884 0.000000
v -4.066404 -2.002785 0.000000
v -4.074105 2.026862 0.023456
v -3.696138 1.909961 0.046011
v -3.347802 1.720124 0.066798
v -3.042482 1.464646 0.085017
v -2.791913 1.153345 0.099969
v -2.605723 0.798184 0.111080
v -2.491069 0.412812 0.117922
v -2.452355 0.012038 0.120232
v -2.491069 -0.388735 0.117922
v -2.605723 -0.774107 0.111080
v -2.791913 -1.129268 0.099969
v -3.042482 -1.440569 0.085017
v -3.347802 -1.696047 0.066798
v -3.696138 -1.885884 0.046011
v -4.074105 -2.002785 0.023456
v -4.096911 2.026862 0.046011
v -3.740874 1.909961 0.090254
v -3.412749 1.720124 0.131028
v -3.125144 1.464646 0.166767
v -2.889113 1.153345 0.196097
v -2.713726 0.798184 0.217891
v -2.605724 0.412812 0.231312
v -2.569257 0.012038 0.235844
v -2.605724 -0.388735 0.231312
v -2.713726 -0.774107 0.217891
v -2.889113 -1.129268 0.196097
v -3.125144 -1.440569 0.166767
v -3.412749 -1.696047 0.131028
v -3.740874 -1.885884 0.090254
v -4.096911 -2.002785 0.046011
v -4.133946 2.026862 0.066798
v -3.813522 1.909961 0.131028
v -3.518217 1.720124 0.190223
v -3.259379 1.464646 0.242108
v -3.046957 1.153345 0.284689
v -2.889113 0.798184 0.316329
v -2.791914 0.412812 0.335813
v -2.759094 0.012038 0.342392
v -2.791914 -0.388735 0.335813
v -2.889113 -0.774107 0.316329
v -3.046957 -1.129268 0.284689
v -3.259379 -1.440569 0.242108
v -3.518217 -1.696047 0.190223
v -3.813522 -1.885884 0.131028
v -4.133946 -2.002785 0.066798
v -4.183788 2.026862 0.085017
v -3.911289 1.909961 0.166767
v -3.660153 1.720124 0.242108
v -3.440029 1.464646 0.308145
v -3.259380 1.153345 0.362340
v -3.125144 0.798184 0.402610
v -3.042482 0.412812 0.427409
v -3.014572 0.012038 0.435782
v -3.042482 -0.388735 0.427409
v -3.125144 -0.774107 0.402610
v -3.259380 -1.129268 0.362340
v -3.440029 -1.440569 0.308145
v -3.660153 -1.696047 0.242108
v -3.911289 -1.885884 0.166767
v -4.183788 -2.002785 0.085017
v -4.467177 -2.042258 0.000000
v -4.244520 2.026862 0.099969
v -4.030419 1.909961 0.196097
v -3.833102 1.720124 0.284689
v -3.660152 1.464646 0.362340
v -3.518217 1.153345 0.426066
v -3.412748 0.798184 0.473420
v -3.347802 0.412812 0.502580
v -3.325873 0.012038 0.512425
v -3.347802 -0.388735 0.502580
v -3.412748 -0.774107 0.473420
v -3.518217 -1.129268 0.426066
v -3.660152 -1.440569 0.362340
v -3.833102 -1.696047 0.284689
v -4.030419 -1.885884 0.196097
v -4.244520 -2.002785 0.099969
v -4.313808 2.026862 0.111080
v -4.166333 1.909961 0.217891
v -4.030419 1.720124 0.316329
v -3.911289 1.464646 0.402610
v -3.813522 1.153345 0.473420
v -3.740874 0.798184 0.526036
v -3.696138 0.412812 0.558437
v -3.681033 0.012038 0.569377
v -3.696138 -0.388735 0.558437
v -3.740874 -0.774107 0.526036
v -3.813522 -1.129268 0.473420
v -3.911289 -1.440569 0.402610
v -4.030419 -1.696047 0.316329
v -4.166333 -1.885884 0.217891
v -4.313808 -2.002785 0.111080
v -4.388990 2.026862 0.117922
v -4.313808 1.909961 0.231312
v -4.244520 1.720124 0.335813
v -4.183788 1.464646 0.427409
v -4.133947 1.153345 0.502580
v -4.096911 0.798184 0.558436
v -4.074105 0.412812 0.592833
v -4.066405 0.012038 0.604447
v -4.074105 -0.388735 0.592833
v -4.096911 -0.774107 0.558436
v -4.133947 -1.129268 0.502580
v -4.183788 -1.440569 0.427409
v -4.244520 -1.696047 0.335813
v -4.313808 -1.885884 0.231312
v -4.388990 -2.002785 0.117922
v -4.467177 2.026862 0.120232
v -4.467177 1.909961 0.235844
v -4.467178 1.720124 0.342392
v -4.467177 1.464646 0.435782
v -4.467178 1.153345 0.512426
v -4.467177 0.798184 0.569377
v -4.467178 0.412812 0.604447
v -4.467178 0.012038 0.616289
v -4.467178 -0.388735 0.604447
v -4.467177 -0.774107 0.569377
v -4.467178 -1.129268 0.512426
v -4.467177 -1.440569 0.435782
v -4.467178 -1.696047 0.342392
v -4.467177 -1.885884 0.235844
v -4.467177 -2.002785 0.120232
v -4.545364 2.026862 0.117922
v -4.620547 1.909961 0.231312
v -4.689836 1.720124 0.335813
v -4.750567 1.464646 0.427409
v -4.800408 1.153345 0.502579
v -4.837444 0.798184 0.558436
v -4.860250 0.412812 0.592833
v -4.867951 0.012038 0.604447
v -4.860250 -0.388735 0.592833
v -4.837444 -0.774107 0.558436
v -4.800408 -1.129268 0.502579
v -4.750567 -1.440569 0.427409
v -4.689836 -1.696047 0.335813
v -4.620547 -1.885884 0.231312
v -4.545364 -2.002785 0.117922
v -4.620546 2.026862 0.111080
v -4.768023 1.909961 0.217891
v -4.903936 1.720124 0.316329
v -5.023066 1.464646 0.402610
v -5.120833 1.153345 0.473419
v -5.193481 0.798184 0.526036
v -5.238217 0.412812 0.558436
v -5.253323 0.012038 0.569376
v -5.238217 -0.388735 0.558436
v -5.193481 -0.774107 0.526036
v -5.120833 -1.129268 0.473419
v -5.023066 -1.440569 0.402610
v -4.903936 -1.696047 0.316329
v -4.768023 -1.885884 0.217891
v -4.620546 -2.002785 0.111080
v -4.689835 2.026862 0.099969
v -4.903936 1.909961 0.196097
v -5.101253 1.720124 0.284688
v -5.274203 1.464646 0.362340
v -5.416139 1.153345 0.426066
v -5.521607 0.798184 0.473420
v -5.586554 0.412812 0.502579
v -5.608483 0.012038 0.512425
v -5.586554 -0.388735 0.502579
v -5.521607 -0.774107 0.473420
v -5.416139 -1.129268 0.426066
v -5.274203 -1.440569 0.362340
v -5.101253 -1.696047 0.284688
v -4.903936 -1.885884 0.196097
v -4.689835 -2.002785 0.099969
v -4.750566 2.026862 0.085017
v -5.023066 1.909961 0.166767
v -5.274202 1.720124 0.242108
v -5.494326 1.464646 0.308145
v -5.674975 1.153345 0.362340
v -5.809211 0.798184 0.402610
v -5.891872 0.412812 0.427409
v -5.919783 0.012038 0.435782
v -5.891872 -0.388735 0.427409
v -5.809211 -0.774107 0.402610
v -5.674975 -1.129268 0.362340
v -5.494326 -1.440569 0.308145
v -5.274202 -1.696047 0.242108
v -5.023066 -1.885884 0.166767
v -4.750566 -2.002785 0.085017
v -4.800408 2.026862 0.066797
v -5.120833 1.909961 0.131028
v -5.416138 1.720124 0.190223
v -5.674976 1.464646 0.242108
v -5.887398 1.153345 0.284688
v -6.045242 0.798184 0.316329
v -6.142441 0.412812 0.335813
v -6.175261 0.012038 0.342392
v -6.142441 -0.388735 0.335813
v -6.045242 -0.774107 0.316329
v -5.887398 -1.129268 0.284688
v -5.674976 -1.440569 0.242108
v -5.416138 -1.696047 0.190223
v -5.120833 -1.885884 0.131028
v -4.800408 -2.002785 0.066797
v -4.837443 2.026862 0.046011
v -5.193481 1.909961 0.090254
v -5.521605 1.720124 0.131028
v -5.809211 1.464646 0.166767
v -6.045242 1.153345 0.196097
v -6.220628 0.798184 0.217891
v -6.328631 0.412812 0.231312
v -6.365098 0.012038 0.235843
v -6.328631 -0.388735 0.231312
v -6.220628 -0.774107 0.217891
v -6.045242 -1.129268 0.196097
v -5.809211 -1.440569 0.166767
v -5.521605 -1.696047 0.131028
v -5.193481 -1.885884 0.090254
v -4.837443 -2.002785 0.046011
v -4.860250 2.026862 0.023456
v -5.238216 1.909961 0.046011
v -5.586553 1.720124 0.066797
v -5.891872 1.464646 0.085017
v -6.142441 1.153345 0.099969
v -6.328631 0.798184 0.111080
v -6.443286 0.412812 0.117922
v -6.481999 0.012038 0.120232
v -6.443286 -0.388735 0.117922
v -6.328631 -0.774107 0.111080
v -6.142441 -1.129268 0.099969
v -5.891872 -1.440569 0.085017
v -5.586553 -1.696047 0.066797
v -5.238216 -1.885884 0.046011
v -4.860250 -2.002785 0.023456
v -4.867950 2.026862 0.000000
v -5.253323 1.909961 0.000000
v -5.919784 1.464646 0.000000
v -6.365099 0.798184 0.000000
v -6.365099 -0.774107 0.000000
v -5.919784 -1.440569 0.000000
v -5.608482 -1.696047 0.000000
v -5.253323 -1.885884 0.000000
v -4.867950 -2.002785 0.000000
vn -0.7101 0.7041 -0.0000
vn -0.7260 0.4910 -0.4814
vn -0.8333 0.5528 -0.0000
vn -0.7101 -0.7041 -0.0000
vn -0.5186 -0.7828 -0.3439
vn -0.5598 -0.8286 -0.0000
vn -0.9248 0.3805 -0.0000
vn -0.7867 0.3301 -0.5216
vn -0.3699 -0.8961 -0.2452
vn -0.3879 -0.9217 -0.0000
vn -0.9810 0.1939 -0.0000
vn -0.8219 0.1657 -0.5450
vn -0.1956 -0.9721 -0.1297
vn -0.2010 -0.9796 -0.0000
vn -0.8334 -0.0000 -0.5526
vn -1.0000 -0.0000 -0.0000
vn -0.2010 0.9796 -0.0000
vn -0.0000 1.0000 -0.0000
vn -0.1956 0.9721 -0.1297
vn -0.0000 -1.0000 -0.0000
vn -0.9810 -0.1939 -0.0000
vn -0.8219 -0.1657 -0.5450
vn -0.3879 0.9217 -0.0000
vn -0.3699 0.8961 -0.2452
vn -0.7867 -0.3301 -0.5216
vn -0.9248 -0.3805 -0.0000
vn -0.5598 0.8286 -0.0000
vn -0.5186 0.7828 -0.3439
vn -0.7260 -0.4910 -0.4814
vn -0.8333 -0.5528 -0.0000
vn -0.6374 0.6443 -0.4226
vn -0.6374 -0.6443 -0.4226
vn -0.4964 0.5327 -0.6854
vn -0.5406 -0.3881 -0.7464
vn -0.4964 -0.5327 -0.6854
vn -0.5406 0.3881 -0.7464
vn -0.4274 -0.6849 -0.5902
vn -0.5675 0.2528 -0.7836
vn -0.3241 -0.8335 -0.4475
vn -0.5820 0.1245 -0.8036
vn -0.1804 -0.9516 -0.2490
vn -0.5866 -0.0000 -0.8099
vn -0.1804 0.9516 -0.2490
vn -0.5820 -0.1245 -0.8036
vn -0.3241 0.8335 -0.4475
vn -0.5675 -0.2528 -0.7836
vn -0.4274 0.6849 -0.5902
vn -0.4077 0.0969 -0.9080
vn -0.4096 -0.0000 -0.9123
vn -0.1575 0.9231 -0.3507
vn -0.1575 -0.9231 -0.3507
vn -0.4077 -0.0969 -0.9080
vn -0.2660 0.7603 -0.5926
vn -0.4014 -0.1987 -0.8941
vn -0.3309 0.5892 -0.7371
vn -0.3893 -0.3106 -0.8672
vn -0.3680 0.4389 -0.8197
vn -0.3680 -0.4389 -0.8197
vn -0.3893 0.3106 -0.8672
vn -0.3309 -0.5892 -0.7371
vn -0.4014 0.1987 -0.8941
vn -0.2660 -0.7603 -0.5926
vn -0.2665 -0.3737 -0.8884
vn -0.2665 0.3737 -0.8884
vn -0.2774 0.2603 -0.9248
vn -0.2462 -0.5155 -0.8208
vn -0.2834 0.1649 -0.9447
vn -0.2067 -0.6946 -0.6890
vn -0.2864 0.0801 -0.9548
vn -0.1295 -0.8927 -0.4317
vn -0.2873 -0.0000 -0.9578
vn -0.1295 0.8927 -0.4317
vn -0.2864 -0.0801 -0.9548
vn -0.2067 0.6946 -0.6890
vn -0.2834 -0.1649 -0.9447
vn -0.2462 0.5155 -0.8208
vn -0.2774 -0.2603 -0.9248
vn -0.0986 0.8651 -0.4919
vn -0.0986 -0.8651 -0.4919
vn -0.1961 -0.0698 -0.9781
vn -0.1504 0.6435 -0.7505
vn -0.1945 -0.1441 -0.9703
vn -0.1741 0.4639 -0.8686
vn -0.1913 -0.2285 -0.9546
vn -0.1855 0.3310 -0.9252
vn -0.1855 -0.3310 -0.9252
vn -0.1913 0.2285 -0.9546
vn -0.1741 -0.4639 -0.8686
vn -0.1945 0.1441 -0.9703
vn -0.1504 -0.6435 -0.7505
vn -0.1961 0.0698 -0.9781
vn -0.1965 -0.0000 -0.9805
vn -0.1175 0.3043 -0.9453
vn -0.1206 0.2090 -0.9704
vn -0.1175 -0.3043 -0.9453
vn -0.1113 -0.4305 -0.8957
vn -0.1222 0.1314 -0.9838
vn -0.0979 -0.6080 -0.7879
vn -0.1231 0.0636 -0.9904
vn -0.0662 -0.8436 -0.5329
vn -0.1233 -0.0000 -0.9924
vn -0.0662 0.8436 -0.5329
vn -0.1231 -0.0636 -0.9904
vn -0.0979 0.6080 -0.7879
vn -0.1222 -0.1314 -0.9838
vn -0.1113 0.4305 -0.8957
vn -0.1206 -0.2090 -0.9704
vn -0.0595 -0.0602 -0.9964
vn -0.0482 0.5873 -0.8080
vn -0.0591 -0.1247 -0.9904
vn -0.0543 0.4119 -0.9096
vn -0.0584 -0.1985 -0.9784
vn -0.0570 0.2897 -0.9554
vn -0.0570 -0.2897 -0.9554
vn -0.0584 0.1985 -0.9784
vn -0.0543 -0.4119 -0.9096
vn -0.0591 0.1247 -0.9904
vn -0.0482 -0.5873 -0.8080
vn -0.0595 0.0602 -0.9964
vn -0.0332 -0.8300 -0.5567
vn -0.0596 -0.0000 -0.9982
vn -0.0332 0.8300 -0.5567
vn -0.0000 -0.2851 -0.9585
vn -0.0000 -0.4059 -0.9139
vn -0.0000 0.1225 -0.9925
vn -0.0000 -0.5805 -0.8143
vn -0.0000 0.0592 -0.9982
vn -0.0000 -0.8254 -0.5645
vn -0.0000 -0.0000 -1.0000
vn -0.0000 0.8254 -0.5645
vn -0.0000 -0.0592 -0.9982
vn -0.0000 0.5805 -0.8143
vn -0.0000 -0.1225 -0.9925
vn -0.0000 0.4059 -0.9139
vn -0.0000 -0.1952 -0.9808
vn -0.0000 0.2851 -0.9585
vn -0.0000 0.1952 -0.9808
vn 0.0591 -0.1247 -0.9904
vn 0.0482 0.5873 -0.8080
vn 0.0543 0.4119 -0.9096
vn 0.0584 -0.1985 -0.9784
vn 0.0570 0.2897 -0.9554
vn 0.0570 -0.2897 -0.9554
vn 0.0584 0.1985 -0.9784
vn 0.0543 -0.4119 -0.9096
vn 0.0591 0.1247 -0.9904
vn 0.0482 -0.5873 -0.8080
vn 0.0595 0.0602 -0.9964
vn 0.0332 -0.8300 -0.5567
vn 0.0596 -0.0000 -0.9982
vn 0.0332 0.8300 -0.5567
vn 0.0595 -0.0602 -0.9964
vn 0.1113 -0.4305 -0.8957
vn 0.0979 -0.6080 -0.7879
vn 0.1222 0.1314 -0.9838
vn 0.1231 0.0636 -0.9904
vn 0.0662 -0.8436 -0.5329
vn 0.1233 -0.0000 -0.9924
vn 0.0662 0.8436 -0.5330
vn 0.1231 -0.0636 -0.9904
vn 0.0979 0.6080 -0.7879
vn 0.1222 -0.1314 -0.9838
vn 0.1113 0.4305 -0.8957
vn 0.1206 -0.2090 -0.9704
vn 0.1175 0.3043 -0.9453
vn 0.1175 -0.3043 -0.9453
vn 0.1206 0.2090 -0.9704
vn 0.1504 0.6435 -0.7505
vn 0.1741 0.4639 -0.8686
vn 0.1945 -0.1441 -0.9703
vn 0.1913 -0.2285 -0.9546
vn 0.1855 0.3310 -0.9252
vn 0.1855 -0.3310 -0.9252
vn 0.1913 0.2285 -0.9546
vn 0.1741 -0.4639 -0.8686
vn 0.1945 0.1441 -0.9703
vn 0.1504 -0.6435 -0.7505
vn 0.1961 0.0698 -0.9781
vn 0.0986 -0.8651 -0.4919
vn 0.1965 -0.0000 -0.9805
vn 0.0986 0.8651 -0.4919
vn 0.1961 -0.0698 -0.9781
vn 0.2834 0.1649 -0.9447
vn 0.2864 0.0801 -0.9548
vn 0.1295 -0.8927 -0.4317
vn 0.2873 -0.0000 -0.9578
vn 0.1295 0.8927 -0.4317
vn 0.2864 -0.0801 -0.9548
vn 0.2067 0.6946 -0.6890
vn 0.2834 -0.1649 -0.9447
vn 0.2462 0.5155 -0.8208
vn 0.2774 -0.2603 -0.9248
vn 0.2665 0.3737 -0.8884
vn 0.2665 -0.3737 -0.8884
vn 0.2774 0.2603 -0.9248
vn 0.2462 -0.5155 -0.8208
vn 0.2067 -0.6946 -0.6890
vn 0.4014 -0.1987 -0.8941
vn 0.3893 -0.3106 -0.8672
vn 0.3680 0.4389 -0.8197
vn 0.3680 -0.4388 -0.8197
vn 0.3893 0.3106 -0.8672
vn 0.3309 -0.5892 -0.7371
vn 0.4014 0.1987 -0.8941
vn 0.2660 -0.7603 -0.5926
vn 0.4077 0.0969 -0.9080
vn 0.1575 -0.9231 -0.3507
vn 0.4096 -0.0000 -0.9123
vn 0.1575 0.9231 -0.3507
vn 0.4077 -0.0969 -0.9080
vn 0.2660 0.7603 -0.5926
vn 0.3309 0.5892 -0.7371
vn 0.3241 -0.8335 -0.4475
vn 0.1804 -0.9516 -0.2490
vn 0.5820 0.1245 -0.8036
vn 0.5866 -0.0000 -0.8099
vn 0.1804 0.9516 -0.2490
vn 0.5820 -0.1245 -0.8036
vn 0.3241 0.8335 -0.4475
vn 0.5675 -0.2528 -0.7836
vn 0.4274 0.6849 -0.5902
vn 0.5406 -0.3881 -0.7464
vn 0.4964 0.5327 -0.6854
vn 0.4964 -0.5327 -0.6854
vn 0.5406 0.3881 -0.7464
vn 0.4274 -0.6849 -0.5902
vn 0.5675 0.2528 -0.7836
vn 0.6374 0.6443 -0.4226
vn 0.6374 -0.6443 -0.4226
vn 0.7260 0.4910 -0.4814
vn 0.5186 -0.7828 -0.3439
vn 0.7867 0.3301 -0.5216
vn 0.3699 -0.8961 -0.2452
vn 0.8219 0.1657 -0.5450
vn 0.1956 -0.9721 -0.1297
vn 0.8334 -0.0000 -0.5526
vn 0.1956 0.9721 -0.1297
vn 0.8219 -0.1657 -0.5450
vn 0.3699 0.8961 -0.2452
vn 0.7867 -0.3301 -0.5216
vn 0.5186 0.7828 -0.3439
vn 0.7260 -0.4910 -0.4814
vn 0.9810 0.1939 -0.0000
vn 1.0000 -0.0000 -0.0000
vn 0.2010 0.9796 -0.0000
vn 0.2010 -0.9796 -0.0000
vn 0.9810 -0.1939 -0.0000
vn 0.3879 0.9217 -0.0000
vn 0.9248 -0.3805 -0.0000
vn 0.5598 0.8286 -0.0000
vn 0.8333 -0.5528 -0.0000
vn 0.7101 0.7041 -0.0000
vn 0.7101 -0.7041 -0.0000
vn 0.8333 0.5528 -0.0000
vn 0.5598 -0.8286 -0.0000
vn 0.9248 0.3805 -0.0000
vn 0.3879 -0.9217 -0.0000
vn 0.6374 -0.6443 0.4226
vn 0.6374 0.6443 0.4226
vn 0.7260 0.4910 0.4814
vn 0.5186 -0.7828 0.3439
vn 0.7867 0.3301 0.5216
vn 0.3699 -0.8961 0.2452
vn 0.8219 0.1657 0.5450
vn 0.1956 -0.9721 0.1297
vn 0.8334 -0.0000 0.5526
vn 0.1956 0.9721 0.1297
vn 0.8219 -0.1657 0.5450
vn 0.3699 0.8961 0.2452
vn 0.7867 -0.3301 0.5216
vn 0.5186 0.7828 0.3439
vn 0.7260 -0.4910 0.4814
vn 0.1804 -0.9516 0.2490
vn 0.5820 -0.1245 0.8036
vn 0.3241 0.8335 0.4475
vn 0.5675 -0.2528 0.7836
vn 0.4274 0.6849 0.5902
vn 0.5406 -0.3881 0.7464
vn 0.4964 0.5327 0.6854
vn 0.4964 -0.5327 0.6854
vn 0.5406 0.3881 0.7464
vn 0.4274 -0.6849 0.5902
vn 0.5675 0.2528 0.7836
vn 0.3241 -0.8335 0.4475
vn 0.5820 0.1245 0.8036
vn 0.5866 -0.0000 0.8099
vn 0.1804 0.9516 0.2490
vn 0.3680 -0.4388 0.8197
vn 0.3309 -0.5892 0.7371
vn 0.4014 0.1987 0.8941
vn 0.2660 -0.7603 0.5926
vn 0.4077 0.0969 0.9080
vn 0.1575 -0.9231 0.3507
vn 0.4096 -0.0000 0.9123
vn 0.1575 0.9231 0.3507
vn 0.4077 -0.0969 0.9080
vn 0.2660 0.7603 0.5926
vn 0.4014 -0.1987 0.8941
vn 0.3309 0.5892 0.7371
vn 0.3893 -0.3106 0.8672
vn 0.3680 0.4388 0.8197
vn 0.3893 0.3106 0.8672
vn 0.1295 0.8927 0.4317
vn 0.2067 0.6946 0.6890
vn 0.2834 -0.1649 0.9447
vn 0.2462 0.5155 0.8208
vn 0.2774 -0.2603 0.9248
vn 0.2665 0.3737 0.8884
vn 0.2665 -0.3737 0.8884
vn 0.2774 0.2603 0.9248
vn 0.2462 -0.5155 0.8208
vn 0.2834 0.1649 0.9447
vn 0.2067 -0.6946 0.6890
vn 0.2864 0.0801 0.9548
vn 0.1295 -0.8927 0.4317
vn 0.2873 -0.0000 0.9578
vn 0.2864 -0.0801 0.9548
vn 0.1945 0.1441 0.9703
vn 0.1504 -0.6435 0.7505
vn 0.1961 0.0698 0.9781
vn 0.0986 -0.8651 0.4919
vn 0.1965 -0.0000 0.9805
vn 0.0986 0.8651 0.4919
vn 0.1961 -0.0698 0.9781
vn 0.1504 0.6435 0.7505
vn 0.1945 -0.1441 0.9703
vn 0.1741 0.4639 0.8686
vn 0.1913 -0.2285 0.9546
vn 0.1855 0.3310 0.9252
vn 0.1855 -0.3310 0.9252
vn 0.1913 0.2285 0.9546
vn 0.1741 -0.4639 0.8686
vn 0.1222 -0.1314 0.9838
vn 0.0979 0.6080 0.7879
vn 0.1113 0.4305 0.8957
vn 0.1206 -0.2090 0.9704
vn 0.1175 0.3043 0.9453
vn 0.1175 -0.3043 0.9453
vn 0.1206 0.2090 0.9704
vn 0.1113 -0.4305 0.8957
vn 0.1222 0.1314 0.9838
vn 0.0979 -0.6080 0.7879
vn 0.1231 0.0636 0.9904
vn 0.0662 -0.8436 0.5329
vn 0.1233 -0.0000 0.9924
vn 0.0662 0.8436 0.5330
vn 0.1231 -0.0636 0.9904
vn 0.0482 -0.5873 0.8080
vn 0.0591 0.1247 0.9904
vn 0.0595 0.0602 0.9964
vn 0.0332 -0.8300 0.5567
vn 0.0596 -0.0000 0.9982
vn 0.0332 0.8300 0.5567
vn 0.0595 -0.0602 0.9964
vn 0.0482 0.5873 0.8080
vn 0.0591 -0.1247 0.9904
vn 0.0543 0.4119 0.9096
vn 0.0584 -0.1985 0.9784
vn 0.0570 0.2897 0.9554
vn 0.0570 -0.2897 0.9554
vn 0.0584 0.1985 0.9784
vn 0.0543 -0.4119 0.9096
vn -0.0000 0.5805 0.8143
vn -0.0000 0.4059 0.9139
vn -0.0000 -0.1225 0.9925
vn -0.0000 -0.1952 0.9808
vn -0.0000 0.2851 0.9585
vn -0.0000 -0.2851 0.9585
vn -0.0000 0.1952 0.9808
vn -0.0000 -0.4059 0.9139
vn -0.0000 0.1225 0.9925
vn -0.0000 -0.5805 0.8143
vn -0.0000 0.0592 0.9982
vn -0.0000 -0.8254 0.5645
vn -0.0000 -0.0000 1.0000
vn -0.0000 0.8254 0.5645
vn -0.0000 -0.0592 0.9982
vn -0.0591 0.1247 0.9904
vn -0.0595 0.0602 0.9964
vn -0.0482 -0.5873 0.8080
vn -0.0332 -0.8300 0.5567
vn -0.0596 -0.0000 0.9982
vn -0.0332 0.8300 0.5567
vn -0.0595 -0.0602 0.9964
vn -0.0482 0.5873 0.8080
vn -0.0591 -0.1247 0.9904
vn -0.0543 0.4119 0.9096
vn -0.0584 -0.1985 0.9784
vn -0.0570 0.2897 0.9554
vn -0.0570 -0.2897 0.9554
vn -0.0584 0.1985 0.9784
vn -0.0543 -0.4119 0.9096
vn -0.1222 -0.1314 0.9838
vn -0.1206 -0.2090 0.9704
vn -0.1175 0.3043 0.9453
vn -0.1175 -0.3043 0.9453
vn -0.1206 0.2090 0.9704
vn -0.1113 -0.4305 0.8957
vn -0.1222 0.1314 0.9838
vn -0.0979 -0.6080 0.7879
vn -0.1231 0.0636 0.9904
vn -0.0662 -0.8436 0.5329
vn -0.1233 -0.0000 0.9924
vn -0.0662 0.8436 0.5329
vn -0.1231 -0.0636 0.9904
vn -0.0979 0.6080 0.7879
vn -0.1113 0.4305 0.8957
vn -0.1504 -0.6435 0.7505
vn -0.0986 -0.8651 0.4919
vn -0.1961 0.0698 0.9781
vn -0.1965 -0.0000 0.9805
vn -0.0986 0.8651 0.4919
vn -0.1961 -0.0698 0.9781
vn -0.1504 0.6435 0.7505
vn -0.1945 -0.1441 0.9703
vn -0.1741 0.4639 0.8686
vn -0.1913 -0.2285 0.9546
vn -0.1855 0.3310 0.9252
vn -0.1855 -0.3310 0.9252
vn -0.1913 0.2285 0.9546
vn -0.1741 -0.4639 0.8686
vn -0.1945 0.1441 0.9703
vn -0.2665 -0.3737 0.8884
vn -0.2665 0.3737 0.8884
vn -0.2774 0.2603 0.9248
vn -0.2462 -0.5155 0.8208
vn -0.2834 0.1649 0.9447
vn -0.2067 -0.6946 0.6890
vn -0.2864 0.0801 0.9548
vn -0.1295 -0.8927 0.4317
vn -0.2873 -0.0000 0.9578
vn -0.1295 0.8927 0.4317
vn -0.2864 -0.0801 0.9548
vn -0.2067 0.6946 0.6890
vn -0.2834 -0.1649 0.9447
vn -0.2462 0.5155 0.8208
vn -0.2774 -0.2603 0.9248
vn -0.1575 0.9231 0.3507
vn -0.1575 -0.9231 0.3507
vn -0.4077 -0.0969 0.9080
vn -0.2660 0.7603 0.5926
vn -0.4014 -0.1987 0.8941
vn -0.3309 0.5892 0.7371
vn -0.3893 -0.3106 0.8672
vn -0.3680 0.4389 0.8197
vn -0.3680 -0.4389 0.8197
vn -0.3893 0.3106 0.8672
vn -0.3309 -0.5892 0.7371
vn -0.4014 0.1987 0.8941
vn -0.2660 -0.7603 0.5926
vn -0.4077 0.0969 0.9080
vn -0.4096 -0.0000 0.9123
vn -0.4964 0.5327 0.6854
vn -0.5406 0.3881 0.7464
vn -0.4964 -0.5327 0.6854
vn -0.4274 -0.6849 0.5902
vn -0.5675 0.2528 0.7836
vn -0.3241 -0.8335 0.4475
vn -0.5820 0.1245 0.8036
vn -0.1804 -0.9516 0.2490
vn -0.5866 -0.0000 0.8099
vn -0.1804 0.9516 0.2490
vn -0.5820 -0.1245 0.8036
vn -0.3241 0.8335 0.4475
vn -0.5675 -0.2528 0.7836
vn -0.4274 0.6849 0.5902
vn -0.5406 -0.3881 0.7464
vn -0.8219 -0.1657 0.5450
vn -0.3699 0.8961 0.2452
vn -0.7867 -0.3301 0.5216
vn -0.5186 0.7828 0.3439
vn -0.7260 -0.4910 0.4814
vn -0.6374 0.6443 0.4226
vn -0.6374 -0.6443 0.4226
vn -0.7260 0.4910 0.4814
vn -0.5186 -0.7828 0.3439
vn -0.7867 0.3301 0.5216
vn -0.3699 -0.8961 0.2452
vn -0.8219 0.1657 0.5450
vn -0.1956 -0.9721 0.1297
vn -0.8334 -0.0000 0.5526
vn -0.1956 0.9721 0.1297
vn -0.0662 -0.8436 -0.5330
vn -0.0662 0.8436 -0.5330
vn 0.0662 -0.8436 -0.5330
vn 0.0662 0.8436 -0.5329
vn 0.3680 -0.4389 -0.8197
vn 0.3680 -0.4389 0.8197
vn 0.0662 -0.8436 0.5330
vn 0.0662 0.8436 0.5329
vn -0.0662 -0.8435 0.5330
vn -0.0662 0.8436 0.5330
vn 0.3680 0.4389 0.8197
vn -0.0662 -0.8436 0.5330
vn -0.0662 -0.8435 -0.5330
vn 0.4274 -0.6849 -0.5901
vn -0.0662 0.8435 0.5330
vn 0.0662 0.8435 -0.5330
vn 0.3241 0.8335 -0.4474
vn 0.0662 0.8435 0.5330
vn 0.0662 -0.8435 0.5330
vn -0.3680 0.4388 -0.8197
vn -0.3680 -0.4388 -0.8197
vn 0.3680 0.4388 -0.8197
vt 0.750000 0.812500
vt 0.750000 0.687500
vt 0.750000 0.562500
vt 0.750000 0.500000
vt 0.750000 0.437500
vt 0.750000 0.312500
vt 0.718750 0.937500
vt 0.718750 0.875000
vt 0.718750 0.812500
vt 0.718750 0.750000
vt 0.718750 0.687500
vt 0.718750 0.625000
vt 0.718750 0.562500
vt 0.718750 0.500000
vt 0.718750 0.437500
vt 0.718750 0.375000
vt 0.718750 0.312500
vt 0.718750 0.250000
vt 0.718750 0.187500
vt 0.718750 0.125000
vt 0.718750 0.062500
vt 0.687500 0.937500
vt 0.687500 0.875000
vt 0.687500 0.812500
vt 0.687500 0.750000
vt 0.687500 0.687500
vt 0.687500 0.625000
vt 0.687500 0.562500
vt 0.687500 0.500000
vt 0.687500 0.437500
vt 0.687500 0.375000
vt 0.687500 0.312500
vt 0.687500 0.250000
vt 0.687500 0.187500
vt 0.687500 0.125000
vt 0.687500 0.062500
vt 0.656250 0.937500
vt 0.656250 0.875000
vt 0.656250 0.812500
vt 0.656250 0.750000
vt 0.656250 0.687500
vt 0.656250 0.625000
vt 0.656250 0.562500
vt 0.656250 0.500000
vt 0.656250 0.437500
vt 0.656250 0.375000
vt 0.656250 0.312500
vt 0.656250 0.250000
vt 0.656250 0.187500
vt 0.656250 0.125000
vt 0.656250 0.062500
vt 0.625000 0.937500
vt 0.625000 0.875000
vt 0.625000 0.812500
vt 0.625000 0.750000
vt 0.625000 0.687500
vt 0.625000 0.625000
vt 0.625000 0.562500
vt 0.625000 0.500000
vt 0.625000 0.437500
vt 0.625000 0.375000
vt 0.625000 0.312500
vt 0.625000 0.250000
vt 0.625000 0.187500
vt 0.625000 0.125000
vt 0.625000 0.062500
vt 0.593750 0.937500
vt 0.593750 0.875000
vt 0.593750 0.812500
vt 0.593750 0.750000
vt 0.593750 0.687500
vt 0.593750 0.625000
vt 0.593750 0.562500
vt 0.593750 0.500000
vt 0.593750 0.437500
vt 0.593750 0.375000
vt 0.593750 0.312500
vt 0.593750 0.250000
vt 0.593750 0.187500
vt 0.593750 0.125000
vt 0.593750 0.062500
vt 0.734375 1.000000
vt 0.703125 1.000000
vt 0.671875 1.000000
vt 0.640625 1.000000
vt 0.609375 1.000000
vt 0.578125 1.000000
vt 0.546875 1.000000
vt 0.515625 1.000000
vt 0.484375 1.000000
vt 0.453125 1.000000
vt 0.421875 1.000000
vt 0.390625 1.000000
vt 0.359375 1.000000
vt 0.328125 1.000000
vt 0.296875 1.000000
vt 0.265625 1.000000
vt 0.234375 1.000000
vt 0.203125 1.000000
vt 0.171875 1.000000
vt 0.140625 1.000000
vt 0.109375 1.000000
vt 0.078125 1.000000
vt 0.046875 1.000000
vt 0.015625 1.000000
vt 0.984375 1.000000
vt 0.953125 1.000000
vt 0.921875 1.000000
vt 0.890625 1.000000
vt 0.859375 1.000000
vt 0.828125 1.000000
vt 0.796875 1.000000
vt 0.765625 1.000000
vt 0.562500 0.937500
vt 0.562500 0.875000
vt 0.562500 0.812500
vt 0.562500 0.750000
vt 0.562500 0.687500
vt 0.562500 0.625000
vt 0.562500 0.562500
vt 0.562500 0.500000
vt 0.562500 0.437500
vt 0.562500 0.375000
vt 0.562500 0.312500
vt 0.562500 0.250000
vt 0.562500 0.187500
vt 0.562500 0.125000
vt 0.562500 0.062500
vt 0.531250 0.937500
vt 0.531250 0.875000
vt 0.531250 0.812500
vt 0.531250 0.750000
vt 0.531250 0.687500
vt 0.531250 0.625000
vt 0.531250 0.562500
vt 0.531250 0.500000
vt 0.531250 0.437500
vt 0.531250 0.375000
vt 0.531250 0.312500
vt 0.531250 0.250000
vt 0.531250 0.187500
vt 0.531250 0.125000
vt 0.531250 0.062500
vt 0.500000 0.937500
vt 0.500000 0.875000
vt 0.500000 0.812500
vt 0.500000 0.750000
vt 0.500000 0.687500
vt 0.500000 0.625000
vt 0.500000 0.562500
vt 0.500000 0.500000
vt 0.500000 0.437500
vt 0.500000 0.375000
vt 0.500000 0.312500
vt 0.500000 0.250000
vt 0.500000 0.187500
vt 0.500000 0.125000
vt 0.500000 0.062500
vt 0.468750 0.937500
vt 0.468750 0.875000
vt 0.468750 0.812500
vt 0.468750 0.750000
vt 0.468750 0.687500
vt 0.468750 0.625000
vt 0.468750 0.562500
vt 0.468750 0.500000
vt 0.468750 0.437500
vt 0.468750 0.375000
vt 0.468750 0.312500
vt 0.468750 0.250000
vt 0.468750 0.187500
vt 0.468750 0.125000
vt 0.468750 0.062500
vt 0.437500 0.937500
vt 0.437500 0.875000
vt 0.437500 0.812500
vt 0.437500 0.750000
vt 0.437500 0.687500
vt 0.437500 0.625000
vt 0.437500 0.562500
vt 0.437500 0.500000
vt 0.437500 0.437500
vt 0.437500 0.375000
vt 0.437500 0.312500
vt 0.437500 0.250000
vt 0.437500 0.187500
vt 0.437500 0.125000
vt 0.437500 0.062500
vt 0.406250 0.937500
vt 0.406250 0.875000
vt 0.406250 0.812500
vt 0.406250 0.750000
vt 0.406250 0.687500
vt 0.406250 0.625000
vt 0.406250 0.562500
vt 0.406250 0.500000
vt 0.406250 0.437500
vt 0.406250 0.375000
vt 0.406250 0.312500
vt 0.406250 0.250000
vt 0.406250 0.187500
vt 0.406250 0.125000
vt 0.406250 0.062500
vt 0.375000 0.937500
vt 0.375000 0.875000
vt 0.375000 0.812500
vt 0.375000 0.750000
vt 0.375000 0.687500
vt 0.375000 0.625000
vt 0.375000 0.562500
vt 0.375000 0.500000
vt 0.375000 0.437500
vt 0.375000 0.375000
vt 0.375000 0.312500
vt 0.375000 0.250000
vt 0.375000 0.187500
vt 0.375000 0.125000
vt 0.375000 0.062500
vt 0.343750 0.937500
vt 0.343750 0.875000
vt 0.343750 0.812500
vt 0.343750 0.750000
vt 0.343750 0.687500
vt 0.343750 0.625000
vt 0.343750 0.562500
vt 0.343750 0.500000
vt 0.343750 0.437500
vt 0.343750 0.375000
vt 0.343750 0.312500
vt 0.343750 0.250000
vt 0.343750 0.187500
vt 0.343750 0.125000
vt 0.343750 0.062500
vt 0.312500 0.937500
vt 0.312500 0.875000
vt 0.312500 0.812500
vt 0.312500 0.750000
vt 0.312500 0.687500
vt 0.312500 0.625000
vt 0.312500 0.562500
vt 0.312500 0.500000
vt 0.312500 0.437500
vt 0.312500 0.375000
vt 0.312500 0.312500
vt 0.312500 0.250000
vt 0.312500 0.187500
vt 0.312500 0.125000
vt 0.312500 0.062500
vt 0.281250 0.937500
vt 0.281250 0.875000
vt 0.281250 0.812500
vt 0.281250 0.750000
vt 0.281250 0.687500
vt 0.281250 0.625000
vt 0.281250 0.562500
vt 0.281250 0.500000
vt 0.281250 0.437500
vt 0.281250 0.375000
vt 0.281250 0.312500
vt 0.281250 0.250000
vt 0.281250 0.187500
vt 0.281250 0.125000
vt 0.281250 0.062500
vt 0.250000 0.937500
vt 0.250000 0.875000
vt 0.250000 0.812500
vt 0.250000 0.750000
vt 0.250000 0.687500
vt 0.250000 0.625000
vt 0.250000 0.562500
vt 0.250000 0.500000
vt 0.250000 0.437500
vt 0.250000 0.375000
vt 0.250000 0.312500
vt 0.250000 0.250000
vt 0.250000 0.187500
vt 0.250000 0.125000
vt 0.250000 0.062500
vt 0.218750 0.937500
vt 0.218750 0.875000
vt 0.218750 0.812500
vt 0.218750 0.750000
vt 0.218750 0.687500
vt 0.218750 0.625000
vt 0.218750 0.562500
vt 0.218750 0.500000
vt 0.218750 0.437500
vt 0.218750 0.375000
vt 0.218750 0.312500
vt 0.218750 0.250000
vt 0.218750 0.187500
vt 0.218750 0.125000
vt 0.218750 0.062500
vt 0.187500 0.937500
vt 0.187500 0.875000
vt 0.187500 0.812500
vt 0.187500 0.750000
vt 0.187500 0.687500
vt 0.187500 0.625000
vt 0.187500 0.562500
vt 0.187500 0.500000
vt 0.187500 0.437500
vt 0.187500 0.375000
vt 0.187500 0.312500
vt 0.187500 0.250000
vt 0.187500 0.187500
vt 0.187500 0.125000
vt 0.187500 0.062500
vt 0.156250 0.937500
vt 0.156250 0.875000
vt 0.156250 0.812500
vt 0.156250 0.750000
vt 0.156250 0.687500
vt 0.156250 0.625000
vt 0.156250 0.562500
vt 0.156250 0.500000
vt 0.156250 0.437500
vt 0.156250 0.375000
vt 0.156250 0.312500
vt 0.156250 0.250000
vt 0.156250 0.187500
vt 0.156250 0.125000
vt 0.156250 0.062500
vt 0.125000 0.937500
vt 0.125000 0.875000
vt 0.125000 0.812500
vt 0.125000 0.750000
vt 0.125000 0.687500
vt 0.125000 0.625000
vt 0.125000 0.562500
vt 0.125000 0.500000
vt 0.125000 0.437500
vt 0.125000 0.375000
vt 0.125000 0.312500
vt 0.125000 0.250000
vt 0.125000 0.187500
vt 0.125000 0.125000
vt 0.125000 0.062500
vt 0.734375 0.000000
vt 0.703125 0.000000
vt 0.671875 0.000000
vt 0.640625 0.000000
vt 0.609375 0.000000
vt 0.578125 0.000000
vt 0.546875 0.000000
vt 0.515625 0.000000
vt 0.484375 0.000000
vt 0.453125 0.000000
vt 0.421875 0.000000
vt 0.390625 0.000000
vt 0.359375 0.000000
vt 0.328125 0.000000
vt 0.296875 0.000000
vt 0.265625 0.000000
vt 0.234375 0.000000
vt 0.203125 0.000000
vt 0.171875 0.000000
vt 0.140625 0.000000
vt 0.109375 0.000000
vt 0.078125 0.000000
vt 0.046875 0.000000
vt 0.015625 0.000000
vt 0.984375 0.000000
vt 0.953125 0.000000
vt 0.921875 0.000000
vt 0.890625 0.000000
vt 0.859375 0.000000
vt 0.828125 0.000000
vt 0.796875 0.000000
vt 0.765625 0.000000
vt 0.093750 0.937500
vt 0.093750 0.875000
vt 0.093750 0.812500
vt 0.093750 0.750000
vt 0.093750 0.687500
vt 0.093750 0.625000
vt 0.093750 0.562500
vt 0.093750 0.500000
vt 0.093750 0.437500
vt 0.093750 0.375000
vt 0.093750 0.312500
vt 0.093750 0.250000
vt 0.093750 0.187500
vt 0.093750 0.125000
vt 0.093750 0.062500
vt 0.062500 0.937500
vt 0.062500 0.875000
vt 0.062500 0.812500
vt 0.062500 0.750000
vt 0.062500 0.687500
vt 0.062500 0.625000
vt 0.062500 0.562500
vt 0.062500 0.500000
vt 0.062500 0.437500
vt 0.062500 0.375000
vt 0.062500 0.312500
vt 0.062500 0.250000
vt 0.062500 0.187500
vt 0.062500 0.125000
vt 0.062500 0.062500
vt 0.031250 0.937500
vt 0.031250 0.875000
vt 0.031250 0.812500
vt 0.031250 0.750000
vt 0.031250 0.687500
vt 0.031250 0.625000
vt 0.031250 0.562500
vt 0.031250 0.500000
vt 0.031250 0.437500
vt 0.031250 0.375000
vt 0.031250 0.312500
vt 0.031250 0.250000
vt 0.031250 0.187500
vt 0.031250 0.125000
vt 0.031250 0.062500
vt 0.000000 0.937500
vt 1.000000 0.937500
vt 0.000000 0.875000
vt 1.000000 0.875000
vt 0.000000 0.812500
vt 1.000000 0.812500
vt 0.000000 0.750000
vt 1.000000 0.750000
vt 0.000000 0.687500
vt 1.000000 0.687500
vt 0.000000 0.625000
vt 1.000000 0.625000
vt 0.000000 0.562500
vt 1.000000 0.562500
vt 0.000000 0.500000
vt 1.000000 0.500000
vt 0.000000 0.437500
vt 1.000000 0.437500
vt 0.000000 0.375000
vt 1.000000 0.375000
vt 0.000000 0.312500
vt 1.000000 0.312500
vt 0.000000 0.250000
vt 1.000000 0.250000
vt 0.000000 0.187500
vt 1.000000 0.187500
vt 0.000000 0.125000
vt 1.000000 0.125000
vt 0.000000 0.062500
vt 1.000000 0.062500
vt 0.968750 0.937500
vt 0.968750 0.875000
vt 0.968750 0.812500
vt 0.968750 0.750000
vt 0.968750 0.687500
vt 0.968750 0.625000
vt 0.968750 0.562500
vt 0.968750 0.500000
vt 0.968750 0.437500
vt 0.968750 0.375000
vt 0.968750 0.312500
vt 0.968750 0.250000
vt 0.968750 0.187500
vt 0.968750 0.125000
vt 0.968750 0.062500
vt 0.937500 0.937500
vt 0.937500 0.875000
vt 0.937500 0.812500
vt 0.937500 0.750000
vt 0.937500 0.687500
vt 0.937500 0.625000
vt 0.937500 0.562500
vt 0.937500 0.500000
vt 0.937500 0.437500
vt 0.937500 0.375000
vt 0.937500 0.312500
vt 0.937500 0.250000
vt 0.937500 0.187500
vt 0.937500 0.125000
vt 0.937500 0.062500
vt 0.906250 0.937500
vt 0.906250 0.875000
vt 0.906250 0.812500
vt 0.906250 0.750000
vt 0.906250 0.687500
vt 0.906250 0.625000
vt 0.906250 0.562500
vt 0.906250 0.500000
vt 0.906250 0.437500
vt 0.906250 0.375000
vt 0.906250 0.312500
vt 0.906250 0.250000
vt 0.906250 0.187500
vt 0.906250 0.125000
vt 0.906250 0.062500
vt 0.875000 0.937500
vt 0.875000 0.875000
vt 0.875000 0.812500
vt 0.875000 0.750000
vt 0.875000 0.687500
vt 0.875000 0.625000
vt 0.875000 0.562500
vt 0.875000 0.500000
vt 0.875000 0.437500
vt 0.875000 0.375000
vt 0.875000 0.312500
vt 0.875000 0.250000
vt 0.875000 0.187500
vt 0.875000 0.125000
vt 0.875000 0.062500
vt 0.843750 0.937500
vt 0.843750 0.875000
vt 0.843750 0.812500
vt 0.843750 0.750000
vt 0.843750 0.687500
vt 0.843750 0.625000
vt 0.843750 0.562500
vt 0.843750 0.500000
vt 0.843750 0.437500
vt 0.843750 0.375000
vt 0.843750 0.312500
vt 0.843750 0.250000
vt 0.843750 0.187500
vt 0.843750 0.125000
vt 0.843750 0.062500
vt 0.812500 0.937500
vt 0.812500 0.875000
vt 0.812500 0.812500
vt 0.812500 0.750000
vt 0.812500 0.687500
vt 0.812500 0.625000
vt 0.812500 0.562500
vt 0.812500 0.500000
vt 0.812500 0.437500
vt 0.812500 0.375000
vt 0.812500 0.312500
vt 0.812500 0.250000
vt 0.812500 0.187500
vt 0.812500 0.125000
vt 0.812500 0.062500
vt 0.781250 0.937500
vt 0.781250 0.875000
vt 0.781250 0.812500
vt 0.781250 0.750000
vt 0.781250 0.687500
vt 0.781250 0.625000
vt 0.781250 0.562500
vt 0.781250 0.500000
vt 0.781250 0.437500
vt 0.781250 0.375000
vt 0.781250 0.312500
vt 0.781250 0.250000
vt 0.781250 0.187500
vt 0.781250 0.125000
vt 0.781250 0.062500
vt 0.750000 0.937500
vt 0.750000 0.875000
vt 0.750000 0.750000
vt 0.750000 0.625000
vt 0.750000 0.375000
vt 0.750000 0.250000
vt 0.750000 0.187500
vt 0.750000 0.125000
vt 0.750000 0.062500
vt 0.750000 0.812500
vt 0.750000 0.687500
vt 0.750000 0.562500
vt 0.750000 0.500000
vt 0.750000 0.437500
vt 0.750000 0.312500
vt 0.718750 0.937500
vt 0.718750 0.875000
vt 0.718750 0.812500
vt 0.718750 0.750000
vt 0.718750 0.687500
vt 0.718750 0.625000
vt 0.718750 0.562500
vt 0.718750 0.500000
vt 0.718750 0.437500
vt 0.718750 0.375000
vt 0.718750 0.312500
vt 0.718750 0.250000
vt 0.718750 0.187500
vt 0.718750 0.125000
vt 0.718750 0.062500
vt 0.687500 0.937500
vt 0.687500 0.875000
vt 0.687500 0.812500
vt 0.687500 0.750000
vt 0.687500 0.687500
vt 0.687500 0.625000
vt 0.687500 0.562500
vt 0.687500 0.500000
vt 0.687500 0.437500
vt 0.687500 0.375000
vt 0.687500 0.312500
vt 0.687500 0.250000
vt 0.687500 0.187500
vt 0.687500 0.125000
vt 0.687500 0.062500
vt 0.656250 0.937500
vt 0.656250 0.875000
vt 0.656250 0.812500
vt 0.656250 0.750000
vt 0.656250 0.687500
vt 0.656250 0.625000
vt 0.656250 0.562500
vt 0.656250 0.500000
vt 0.656250 0.437500
vt 0.656250 0.375000
vt 0.656250 0.312500
vt 0.656250 0.250000
vt 0.656250 0.187500
vt 0.656250 0.125000
vt 0.656250 0.062500
vt 0.625000 0.937500
vt 0.625000 0.875000
vt 0.625000 0.812500
vt 0.625000 0.750000
vt 0.625000 0.687500
vt 0.625000 0.625000
vt 0.625000 0.562500
vt 0.625000 0.500000
vt 0.625000 0.437500
vt 0.625000 0.375000
vt 0.625000 0.312500
vt 0.625000 0.250000
vt 0.625000 0.187500
vt 0.625000 0.125000
vt 0.625000 0.062500
vt 0.593750 0.937500
vt 0.593750 0.875000
vt 0.593750 0.812500
vt 0.593750 0.750000
vt 0.593750 0.687500
vt 0.593750 0.625000
vt 0.593750 0.562500
vt 0.593750 0.500000
vt 0.593750 0.437500
vt 0.593750 0.375000
vt 0.593750 0.312500
vt 0.593750 0.250000
vt 0.593750 0.187500
vt 0.593750 0.125000
vt 0.593750 0.062500
vt 0.734375 1.000000
vt 0.703125 1.000000
vt 0.671875 1.000000
vt 0.640625 1.000000
vt 0.609375 1.000000
vt 0.578125 1.000000
vt 0.546875 1.000000
vt 0.515625 1.000000
vt 0.484375 1.000000
vt 0.453125 1.000000
vt 0.421875 1.000000
vt 0.390625 1.000000
vt 0.359375 1.000000
vt 0.328125 1.000000
vt 0.296875 1.000000
vt 0.265625 1.000000
vt 0.234375 1.000000
vt 0.203125 1.000000
vt 0.171875 1.000000
vt 0.140625 1.000000
vt 0.109375 1.000000
vt 0.078125 1.000000
vt 0.046875 1.000000
vt 0.015625 1.000000
vt 0.984375 1.000000
vt 0.953125 1.000000
vt 0.921875 1.000000
vt 0.890625 1.000000
vt 0.859375 1.000000
vt 0.828125 1.000000
vt 0.796875 1.000000
vt 0.765625 1.000000
vt 0.562500 0.937500
vt 0.562500 0.875000
vt 0.562500 0.812500
vt 0.562500 0.750000
vt 0.562500 0.687500
vt 0.562500 0.625000
vt 0.562500 0.562500
vt 0.562500 0.500000
vt 0.562500 0.437500
vt 0.562500 0.375000
vt 0.562500 0.312500
vt 0.562500 0.250000
vt 0.562500 0.187500
vt 0.562500 0.125000
vt 0.562500 0.062500
vt 0.531250 0.937500
vt 0.531250 0.875000
vt 0.531250 0.812500
vt 0.531250 0.750000
vt 0.531250 0.687500
vt 0.531250 0.625000
vt 0.531250 0.562500
vt 0.531250 0.500000
vt 0.531250 0.437500
vt 0.531250 0.375000
vt 0.531250 0.312500
vt 0.531250 0.250000
vt 0.531250 0.187500
vt 0.531250 0.125000
vt 0.531250 0.062500
vt 0.500000 0.937500
vt 0.500000 0.875000
vt 0.500000 0.812500
vt 0.500000 0.750000
vt 0.500000 0.687500
vt 0.500000 0.625000
vt 0.500000 0.562500
vt 0.500000 0.500000
vt 0.500000 0.437500
vt 0.500000 0.375000
vt 0.500000 0.312500
vt 0.500000 0.250000
vt 0.500000 0.187500
vt 0.500000 0.125000
vt 0.500000 0.062500
vt 0.468750 0.937500
vt 0.468750 0.875000
vt 0.468750 0.812500
vt 0.468750 0.750000
vt 0.468750 0.687500
vt 0.468750 0.625000
vt 0.468750 0.562500
vt 0.468750 0.500000
vt 0.468750 0.437500
vt 0.468750 0.375000
vt 0.468750 0.312500
vt 0.468750 0.250000
vt 0.468750 0.187500
vt 0.468750 0.125000
vt 0.468750 0.062500
vt 0.437500 0.937500
vt 0.437500 0.875000
vt 0.437500 0.812500
vt 0.437500 0.750000
vt 0.437500 0.687500
vt 0.437500 0.625000
vt 0.437500 0.562500
vt 0.437500 0.500000
vt 0.437500 0.437500
vt 0.437500 0.375000
vt 0.437500 0.312500
vt 0.437500 0.250000
vt 0.437500 0.187500
vt 0.437500 0.125000
vt 0.437500 0.062500
vt 0.406250 0.937500
vt 0.406250 0.875000
vt 0.406250 0.812500
vt 0.406250 0.750000
vt 0.406250 0.687500
vt 0.406250 0.625000
vt 0.406250 0.562500
vt 0.406250 0.500000
vt 0.406250 0.437500
vt 0.406250 0.375000
vt 0.406250 0.312500
vt 0.406250 0.250000
vt 0.406250 0.187500
vt 0.406250 0.125000
vt 0.406250 0.062500
vt 0.375000 0.937500
vt 0.375000 0.875000
vt 0.375000 0.812500
vt 0.375000 0.750000
vt 0.375000 0.687500
vt 0.375000 0.625000
vt 0.375000 0.562500
vt 0.375000 0.500000
vt 0.375000 0.437500
vt 0.375000 0.375000
vt 0.375000 0.312500
vt 0.375000 0.250000
vt 0.375000 0.187500
vt 0.375000 0.125000
vt 0.375000 0.062500
vt 0.343750 0.937500
vt 0.343750 0.875000
vt 0.343750 0.812500
vt 0.343750 0.750000
vt 0.343750 0.687500
vt 0.343750 0.625000
vt 0.343750 0.562500
vt 0.343750 0.500000
vt 0.343750 0.437500
vt 0.343750 0.375000
vt 0.343750 0.312500
vt 0.343750 0.250000
vt 0.343750 0.187500
vt 0.343750 0.125000
vt 0.343750 0.062500
vt 0.312500 0.937500
vt 0.312500 0.875000
vt 0.312500 0.812500
vt 0.312500 0.750000
vt 0.312500 0.687500
vt 0.312500 0.625000
vt 0.312500 0.562500
vt 0.312500 0.500000
vt 0.312500 0.437500
vt 0.312500 0.375000
vt 0.312500 0.312500
vt 0.312500 0.250000
vt 0.312500 0.187500
vt 0.312500 0.125000
vt 0.312500 0.062500
vt 0.281250 0.937500
vt 0.281250 0.875000
vt 0.281250 0.812500
vt 0.281250 0.750000
vt 0.281250 0.687500
vt 0.281250 0.625000
vt 0.281250 0.562500
vt 0.281250 0.500000
vt 0.281250 0.437500
vt 0.281250 0.375000
vt 0.281250 0.312500
vt 0.281250 0.250000
vt 0.281250 0.187500
vt 0.281250 0.125000
vt 0.281250 0.062500
vt 0.250000 0.937500
vt 0.250000 0.875000
vt 0.250000 0.812500
vt 0.250000 0.750000
vt 0.250000 0.687500
vt 0.250000 0.625000
vt 0.250000 0.562500
vt 0.250000 0.500000
vt 0.250000 0.437500
vt 0.250000 0.375000
vt 0.250000 0.312500
vt 0.250000 0.250000
vt 0.250000 0.187500
vt 0.250000 0.125000
vt 0.250000 0.062500
vt 0.218750 0.937500
vt 0.218750 0.875000
vt 0.218750 0.812500
vt 0.218750 0.750000
vt 0.218750 0.687500
vt 0.218750 0.625000
vt 0.218750 0.562500
vt 0.218750 0.500000
vt 0.218750 0.437500
vt 0.218750 0.375000
vt 0.218750 0.312500
vt 0.218750 0.250000
vt 0.218750 0.187500
vt 0.218750 0.125000
vt 0.218750 0.062500
vt 0.187500 0.937500
vt 0.187500 0.875000
vt 0.187500 0.812500
vt 0.187500 0.750000
vt 0.187500 0.687500
vt 0.187500 0.625000
vt 0.187500 0.562500
vt 0.187500 0.500000
vt 0.187500 0.437500
vt 0.187500 0.375000
vt 0.187500 0.312500
vt 0.187500 0.250000
vt 0.187500 0.187500
vt 0.187500 0.125000
vt 0.187500 0.062500
vt 0.156250 0.937500
vt 0.156250 0.875000
vt 0.156250 0.812500
vt 0.156250 0.750000
vt 0.156250 0.687500
vt 0.156250 0.625000
vt 0.156250 0.562500
vt 0.156250 0.500000
vt 0.156250 0.437500
vt 0.156250 0.375000
vt 0.156250 0.312500
vt 0.156250 0.250000
vt 0.156250 0.187500
vt 0.156250 0.125000
vt 0.156250 0.062500
vt 0.125000 0.937500
vt 0.125000 0.875000
vt 0.125000 0.812500
vt 0.125000 0.750000
vt 0.125000 0.687500
vt 0.125000 0.625000
vt 0.125000 0.562500
vt 0.125000 0.500000
vt 0.125000 0.437500
vt 0.125000 0.375000
vt 0.125000 0.312500
vt 0.125000 0.250000
vt 0.125000 0.187500
vt 0.125000 0.125000
vt 0.125000 0.062500
vt 0.734375 0.000000
vt 0.703125 0.000000
vt 0.671875 0.000000
vt 0.640625 0.000000
vt 0.609375 0.000000
vt 0.578125 0.000000
vt 0.546875 0.000000
vt 0.515625 0.000000
vt 0.484375 0.000000
vt 0.453125 0.000000
vt 0.421875 0.000000
vt 0.390625 0.000000
vt 0.359375 0.000000
vt 0.328125 0.000000
vt 0.296875 0.000000
vt 0.265625 0.000000
vt 0.234375 0.000000
vt 0.203125 0.000000
vt 0.171875 0.000000
vt 0.140625 0.000000
vt 0.109375 0.000000
vt 0.078125 0.000000
vt 0.046875 0.000000
vt 0.015625 0.000000
vt 0.984375 0.000000
vt 0.953125 0.000000
vt 0.921875 0.000000
vt 0.890625 0.000000
vt 0.859375 0.000000
vt 0.828125 0.000000
vt 0.796875 0.000000
vt 0.765625 0.000000
vt 0.093750 0.937500
vt 0.093750 0.875000
vt 0.093750 0.812500
vt 0.093750 0.750000
vt 0.093750 0.687500
vt 0.093750 0.625000
vt 0.093750 0.562500
vt 0.093750 0.500000
vt 0.093750 0.437500
vt 0.093750 0.375000
vt 0.093750 0.312500
vt 0.093750 0.250000
vt 0.093750 0.187500
vt 0.093750 0.125000
vt 0.093750 0.062500
vt 0.062500 0.937500
vt 0.062500 0.875000
vt 0.062500 0.812500
vt 0.062500 0.750000
vt 0.062500 0.687500
vt 0.062500 0.625000
vt 0.062500 0.562500
vt 0.062500 0.500000
vt 0.062500 0.437500
vt 0.062500 0.375000
vt 0.062500 0.312500
vt 0.062500 0.250000
vt 0.062500 0.187500
vt 0.062500 0.125000
vt 0.062500 0.062500
vt 0.031250 0.937500
vt 0.031250 0.875000
vt 0.031250 0.812500
vt 0.031250 0.750000
vt 0.031250 0.687500
vt 0.031250 0.625000
vt 0.031250 0.562500
vt 0.031250 0.500000
vt 0.031250 0.437500
vt 0.031250 0.375000
vt 0.031250 0.312500
vt 0.031250 0.250000
vt 0.031250 0.187500
vt 0.031250 0.125000
vt 0.031250 0.062500
vt 0.000000 0.937500
vt 1.000000 0.937500
vt 0.000000 0.875000
vt 1.000000 0.875000
vt 0.000000 0.812500
vt 1.000000 0.812500
vt 0.000000 0.750000
vt 1.000000 0.750000
vt 0.000000 0.687500
vt 1.000000 0.687500
vt 0.000000 0.625000
vt 1.000000 0.625000
vt 0.000000 0.562500
vt 1.000000 0.562500
vt 0.000000 0.500000
vt 1.000000 0.500000
vt 0.000000 0.437500
vt 1.000000 0.437500
vt 0.000000 0.375000
vt 1.000000 0.375000
vt 0.000000 0.312500
vt 1.000000 0.312500
vt 0.000000 0.250000
vt 1.000000 0.250000
vt 0.000000 0.187500
vt 1.000000 0.187500
vt 0.000000 0.125000
vt 1.000000 0.125000
vt 1.000000 0.062500
vt 0.000000 0.062500
vt 0.968750 0.937500
vt 0.968750 0.875000
vt 0.968750 0.812500
vt 0.968750 0.750000
vt 0.968750 0.687500
vt 0.968750 0.625000
vt 0.968750 0.562500
vt 0.968750 0.500000
vt 0.968750 0.437500
vt 0.968750 0.375000
vt 0.968750 0.312500
vt 0.968750 0.250000
vt 0.968750 0.187500
vt 0.968750 0.125000
vt 0.968750 0.062500
vt 0.937500 0.937500
vt 0.937500 0.875000
vt 0.937500 0.812500
vt 0.937500 0.750000
vt 0.937500 0.687500
vt 0.937500 0.625000
vt 0.937500 0.562500
vt 0.937500 0.500000
vt 0.937500 0.437500
vt 0.937500 0.375000
vt 0.937500 0.312500
vt 0.937500 0.250000
vt 0.937500 0.187500
vt 0.937500 0.125000
vt 0.937500 0.062500
vt 0.906250 0.937500
vt 0.906250 0.875000
vt 0.906250 0.812500
vt 0.906250 0.750000
vt 0.906250 0.687500
vt 0.906250 0.625000
vt 0.906250 0.562500
vt 0.906250 0.500000
vt 0.906250 0.437500
vt 0.906250 0.375000
vt 0.906250 0.312500
vt 0.906250 0.250000
vt 0.906250 0.187500
vt 0.906250 0.125000
vt 0.906250 0.062500
vt 0.875000 0.937500
vt 0.875000 0.875000
vt 0.875000 0.812500
vt 0.875000 0.750000
vt 0.875000 0.687500
vt 0.875000 0.625000
vt 0.875000 0.562500
vt 0.875000 0.500000
vt 0.875000 0.437500
vt 0.875000 0.375000
vt 0.875000 0.312500
vt 0.875000 0.250000
vt 0.875000 0.187500
vt 0.875000 0.125000
vt 0.875000 0.062500
vt 0.843750 0.937500
vt 0.843750 0.875000
vt 0.843750 0.812500
vt 0.843750 0.750000
vt 0.843750 0.687500
vt 0.843750 0.625000
vt 0.843750 0.562500
vt 0.843750 0.500000
vt 0.843750 0.437500
vt 0.843750 0.375000
vt 0.843750 0.312500
vt 0.843750 0.250000
vt 0.843750 0.187500
vt 0.843750 0.125000
vt 0.843750 0.062500
vt 0.812500 0.937500
vt 0.812500 0.875000
vt 0.812500 0.812500
vt 0.812500 0.750000
vt 0.812500 0.687500
vt 0.812500 0.625000
vt 0.812500 0.562500
vt 0.812500 0.500000
vt 0.812500 0.437500
vt 0.812500 0.375000
vt 0.812500 0.312500
vt 0.812500 0.250000
vt 0.812500 0.187500
vt 0.812500 0.125000
vt 0.812500 0.062500
vt 0.781250 0.937500
vt 0.781250 0.875000
vt 0.781250 0.812500
vt 0.781250 0.750000
vt 0.781250 0.687500
vt 0.781250 0.625000
vt 0.781250 0.562500
vt 0.781250 0.500000
vt 0.781250 0.437500
vt 0.781250 0.375000
vt 0.781250 0.312500
vt 0.781250 0.250000
vt 0.781250 0.187500
vt 0.781250 0.125000
vt 0.781250 0.062500
vt 0.750000 0.937500
vt 0.750000 0.875000
vt 0.750000 0.750000
vt 0.750000 0.625000
vt 0.750000 0.375000
vt 0.750000 0.250000
vt 0.750000 0.187500
vt 0.750000 0.125000
vt 0.750000 0.062500
vt 0.750000 0.812500
vt 0.750000 0.687500
vt 0.750000 0.562500
vt 0.750000 0.500000
vt 0.750000 0.437500
vt 0.750000 0.312500
vt 0.718750 0.937500
vt 0.718750 0.875000
vt 0.718750 0.812500
vt 0.718750 0.750000
vt 0.718750 0.687500
vt 0.718750 0.625000
vt 0.718750 0.562500
vt 0.718750 0.500000
vt 0.718750 0.437500
vt 0.718750 0.375000
vt 0.718750 0.312500
vt 0.718750 0.250000
vt 0.718750 0.187500
vt 0.718750 0.125000
vt 0.718750 0.062500
vt 0.687500 0.937500
vt 0.687500 0.875000
vt 0.687500 0.812500
vt 0.687500 0.750000
vt 0.687500 0.687500
vt 0.687500 0.625000
vt 0.687500 0.562500
vt 0.687500 0.500000
vt 0.687500 0.437500
vt 0.687500 0.375000
vt 0.687500 0.312500
vt 0.687500 0.250000
vt 0.687500 0.187500
vt 0.687500 0.125000
vt 0.687500 0.062500
vt 0.656250 0.937500
vt 0.656250 0.875000
vt 0.656250 0.812500
vt 0.656250 0.750000
vt 0.656250 0.687500
vt 0.656250 0.625000
vt 0.656250 0.562500
vt 0.656250 0.500000
vt 0.656250 0.437500
vt 0.656250 0.375000
vt 0.656250 0.312500
vt 0.656250 0.250000
vt 0.656250 0.187500
vt 0.656250 0.125000
vt 0.656250 0.062500
vt 0.625000 0.937500
vt 0.625000 0.875000
vt 0.625000 0.812500
vt 0.625000 0.750000
vt 0.625000 0.687500
vt 0.625000 0.625000
vt 0.625000 0.562500
vt 0.625000 0.500000
vt 0.625000 0.437500
vt 0.625000 0.375000
vt 0.625000 0.312500
vt 0.625000 0.250000
vt 0.625000 0.187500
vt 0.625000 0.125000
vt 0.625000 0.062500
vt 0.593750 0.937500
vt 0.593750 0.875000
vt 0.593750 0.812500
vt 0.593750 0.750000
vt 0.593750 0.687500
vt 0.593750 0.625000
vt 0.593750 0.562500
vt 0.593750 0.500000
vt 0.593750 0.437500
vt 0.593750 0.375000
vt 0.593750 0.312500
vt 0.593750 0.250000
vt 0.593750 0.187500
vt 0.593750 0.125000
vt 0.593750 0.062500
vt 0.734375 1.000000
vt 0.703125 1.000000
vt 0.671875 1.000000
vt 0.640625 1.000000
vt 0.609375 1.000000
vt 0.578125 1.000000
vt 0.546875 1.000000
vt 0.515625 1.000000
vt 0.484375 1.000000
vt 0.453125 1.000000
vt 0.421875 1.000000
vt 0.390625 1.000000
vt 0.359375 1.000000
vt 0.328125 1.000000
vt 0.296875 1.000000
vt 0.265625 1.000000
vt 0.234375 1.000000
vt 0.203125 1.000000
vt 0.171875 1.000000
vt 0.140625 1.000000
vt 0.109375 1.000000
vt 0.078125 1.000000
vt 0.046875 1.000000
vt 0.015625 1.000000
vt 0.984375 1.000000
vt 0.953125 1.000000
vt 0.921875 1.000000
vt 0.890625 1.000000
vt 0.859375 1.000000
vt 0.828125 1.000000
vt 0.796875 1.000000
vt 0.765625 1.000000
vt 0.562500 0.937500
vt 0.562500 0.875000
vt 0.562500 0.812500
vt 0.562500 0.750000
vt 0.562500 0.687500
vt 0.562500 0.625000
vt 0.562500 0.562500
vt 0.562500 0.500000
vt 0.562500 0.437500
vt 0.562500 0.375000
vt 0.562500 0.312500
vt 0.562500 0.250000
vt 0.562500 0.187500
vt 0.562500 0.125000
vt 0.562500 0.062500
vt 0.531250 0.937500
vt 0.531250 0.875000
vt 0.531250 0.812500
vt 0.531250 0.750000
vt 0.531250 0.687500
vt 0.531250 0.625000
vt 0.531250 0.562500
vt 0.531250 0.500000
vt 0.531250 0.437500
vt 0.531250 0.375000
vt 0.531250 0.312500
vt 0.531250 0.250000
vt 0.531250 0.187500
vt 0.531250 0.125000
vt 0.531250 0.062500
vt 0.500000 0.937500
vt 0.500000 0.875000
vt 0.500000 0.812500
vt 0.500000 0.750000
vt 0.500000 0.687500
vt 0.500000 0.625000
vt 0.500000 0.562500
vt 0.500000 0.500000
vt 0.500000 0.437500
vt 0.500000 0.375000
vt 0.500000 0.312500
vt 0.500000 0.250000
vt 0.500000 0.187500
vt 0.500000 0.125000
vt 0.500000 0.062500
vt 0.468750 0.937500
vt 0.468750 0.875000
vt 0.468750 0.812500
vt 0.468750 0.750000
vt 0.468750 0.687500
vt 0.468750 0.625000
vt 0.468750 0.562500
vt 0.468750 0.500000
vt 0.468750 0.437500
vt 0.468750 0.375000
vt 0.468750 0.312500
vt 0.468750 0.250000
vt 0.468750 0.187500
vt 0.468750 0.125000
vt 0.468750 0.062500
vt 0.437500 0.937500
vt 0.437500 0.875000
vt 0.437500 0.812500
vt 0.437500 0.750000
vt 0.437500 0.687500
vt 0.437500 0.625000
vt 0.437500 0.562500
vt 0.437500 0.500000
vt 0.437500 0.437500
vt 0.437500 0.375000
vt 0.437500 0.312500
vt 0.437500 0.250000
vt 0.437500 0.187500
vt 0.437500 0.125000
vt 0.437500 0.062500
vt 0.406250 0.937500
vt 0.406250 0.875000
vt 0.406250 0.812500
vt 0.406250 0.750000
vt 0.406250 0.687500
vt 0.406250 0.625000
vt 0.406250 0.562500
vt 0.406250 0.500000
vt 0.406250 0.437500
vt 0.406250 0.375000
vt 0.406250 0.312500
vt 0.406250 0.250000
vt 0.406250 0.187500
vt 0.406250 0.125000
vt 0.406250 0.062500
vt 0.375000 0.937500
vt 0.375000 0.875000
vt 0.375000 0.812500
vt 0.375000 0.750000
vt 0.375000 0.687500
vt 0.375000 0.625000
vt 0.375000 0.562500
vt 0.375000 0.500000
vt 0.375000 0.437500
vt 0.375000 0.375000
vt 0.375000 0.312500
vt 0.375000 0.250000
vt 0.375000 0.187500
vt 0.375000 0.125000
vt 0.375000 0.062500
vt 0.343750 0.937500
vt 0.343750 0.875000
vt 0.343750 0.812500
vt 0.343750 0.750000
vt 0.343750 0.687500
vt 0.343750 0.625000
vt 0.343750 0.562500
vt 0.343750 0.500000
vt 0.343750 0.437500
vt 0.343750 0.375000
vt 0.343750 0.312500
vt 0.343750 0.250000
vt 0.343750 0.187500
vt 0.343750 0.125000
vt 0.343750 0.062500
vt 0.312500 0.937500
vt 0.312500 0.875000
vt 0.312500 0.812500
vt 0.312500 0.750000
vt 0.312500 0.687500
vt 0.312500 0.625000
vt 0.312500 0.562500
vt 0.312500 0.500000
vt 0.312500 0.437500
vt 0.312500 0.375000
vt 0.312500 0.312500
vt 0.312500 0.250000
vt 0.312500 0.187500
vt 0.312500 0.125000
vt 0.312500 0.062500
vt 0.281250 0.937500
vt 0.281250 0.875000
vt 0.281250 0.812500
vt 0.281250 0.750000
vt 0.281250 0.687500
vt 0.281250 0.625000
vt 0.281250 0.562500
vt 0.281250 0.500000
vt 0.281250 0.437500
vt 0.281250 0.375000
vt 0.281250 0.312500
vt 0.281250 0.250000
vt 0.281250 0.187500
vt 0.281250 0.125000
vt 0.281250 0.062500
vt 0.250000 0.937500
vt 0.250000 0.875000
vt 0.250000 0.812500
vt 0.250000 0.750000
vt 0.250000 0.687500
vt 0.250000 0.625000
vt 0.250000 0.562500
vt 0.250000 0.500000
vt 0.250000 0.437500
vt 0.250000 0.375000
vt 0.250000 0.312500
vt 0.250000 0.250000
vt 0.250000 0.187500
vt 0.250000 0.125000
vt 0.250000 0.062500
vt 0.218750 0.937500
vt 0.218750 0.875000
vt 0.218750 0.812500
vt 0.218750 0.750000
vt 0.218750 0.687500
vt 0.218750 0.625000
vt 0.218750 0.562500
vt 0.218750 0.500000
vt 0.218750 0.437500
vt 0.218750 0.375000
vt 0.218750 0.312500
vt 0.218750 0.250000
vt 0.218750 0.187500
vt 0.218750 0.125000
vt 0.218750 0.062500
vt 0.187500 0.937500
vt 0.187500 0.875000
vt 0.187500 0.812500
vt 0.187500 0.750000
vt 0.187500 0.687500
vt 0.187500 0.625000
vt 0.187500 0.562500
vt 0.187500 0.500000
vt 0.187500 0.437500
vt 0.187500 0.375000
vt 0.187500 0.312500
vt 0.187500 0.250000
vt 0.187500 0.187500
vt 0.187500 0.125000
vt 0.187500 0.062500
vt 0.156250 0.937500
vt 0.156250 0.875000
vt 0.156250 0.812500
vt 0.156250 0.750000
vt 0.156250 0.687500
vt 0.156250 0.625000
vt 0.156250 0.562500
vt 0.156250 0.500000
vt 0.156250 0.437500
vt 0.156250 0.375000
vt 0.156250 0.312500
vt 0.156250 0.250000
vt 0.156250 0.187500
vt 0.156250 0.125000
vt 0.156250 0.062500
vt 0.125000 0.937500
vt 0.125000 0.875000
vt 0.125000 0.812500
vt 0.125000 0.750000
vt 0.125000 0.687500
vt 0.125000 0.625000
vt 0.125000 0.562500
vt 0.125000 0.500000
vt 0.125000 0.437500
vt 0.125000 0.375000
vt 0.125000 0.312500
vt 0.125000 0.250000
vt 0.125000 0.187500
vt 0.125000 0.125000
vt 0.125000 0.062500
vt 0.734375 0.000000
vt 0.703125 0.000000
vt 0.671875 0.000000
vt 0.640625 0.000000
vt 0.609375 0.000000
vt 0.578125 0.000000
vt 0.546875 0.000000
vt 0.515625 0.000000
vt 0.484375 0.000000
vt 0.453125 0.000000
vt 0.421875 0.000000
vt 0.390625 0.000000
vt 0.359375 0.000000
vt 0.328125 0.000000
vt 0.296875 0.000000
vt 0.265625 0.000000
vt 0.234375 0.000000
vt 0.203125 0.000000
vt 0.171875 0.000000
vt 0.140625 0.000000
vt 0.109375 0.000000
vt 0.078125 0.000000
vt 0.046875 0.000000
vt 0.015625 0.000000
vt 0.984375 0.000000
vt 0.953125 0.000000
vt 0.921875 0.000000
vt 0.890625 0.000000
vt 0.859375 0.000000
vt 0.828125 0.000000
vt 0.796875 0.000000
vt 0.765625 0.000000
vt 0.093750 0.937500
vt 0.093750 0.875000
vt 0.093750 0.812500
vt 0.093750 0.750000
vt 0.093750 0.687500
vt 0.093750 0.625000
vt 0.093750 0.562500
vt 0.093750 0.500000
vt 0.093750 0.437500
vt 0.093750 0.375000
vt 0.093750 0.312500
vt 0.093750 0.250000
vt 0.093750 0.187500
vt 0.093750 0.125000
vt 0.093750 0.062500
vt 0.062500 0.937500
vt 0.062500 0.875000
vt 0.062500 0.812500
vt 0.062500 0.750000
vt 0.062500 0.687500
vt 0.062500 0.625000
vt 0.062500 0.562500
vt 0.062500 0.500000
vt 0.062500 0.437500
vt 0.062500 0.375000
vt 0.062500 0.312500
vt 0.062500 0.250000
vt 0.062500 0.187500
vt 0.062500 0.125000
vt 0.062500 0.062500
vt 0.031250 0.937500
vt 0.031250 0.875000
vt 0.031250 0.812500
vt 0.031250 0.750000
vt 0.031250 0.687500
vt 0.031250 0.625000
vt 0.031250 0.562500
vt 0.031250 0.500000
vt 0.031250 0.437500
vt 0.031250 0.375000
vt 0.031250 0.312500
vt 0.031250 0.250000
vt 0.031250 0.187500
vt 0.031250 0.125000
vt 0.031250 0.062500
vt 0.000000 0.937500
vt 1.000000 0.937500
vt 0.000000 0.875000
vt 1.000000 0.875000
vt 0.000000 0.812500
vt 1.000000 0.812500
vt 0.000000 0.750000
vt 1.000000 0.750000
vt 0.000000 0.687500
vt 1.000000 0.687500
vt 0.000000 0.625000
vt 1.000000 0.625000
vt 0.000000 0.562500
vt 1.000000 0.562500
vt 0.000000 0.500000
vt 1.000000 0.500000
vt 0.000000 0.437500
vt 1.000000 0.437500
vt 0.000000 0.375000
vt 1.000000 0.375000
vt 0.000000 0.312500
vt 1.000000 0.312500
vt 0.000000 0.250000
vt 1.000000 0.250000
vt 0.000000 0.187500
vt 1.000000 0.187500
vt 0.000000 0.125000
vt 1.000000 0.125000
vt 1.000000 0.062500
vt 0.000000 0.062500
vt 0.968750 0.937500
vt 0.968750 0.875000
vt 0.968750 0.812500
vt 0.968750 0.750000
vt 0.968750 0.687500
vt 0.968750 0.625000
vt 0.968750 0.562500
vt 0.968750 0.500000
vt 0.968750 0.437500
vt 0.968750 0.375000
vt 0.968750 0.312500
vt 0.968750 0.250000
vt 0.968750 0.187500
vt 0.968750 0.125000
vt 0.968750 0.062500
vt 0.937500 0.937500
vt 0.937500 0.875000
vt 0.937500 0.812500
vt 0.937500 0.750000
vt 0.937500 0.687500
vt 0.937500 0.625000
vt 0.937500 0.562500
vt 0.937500 0.500000
vt 0.937500 0.437500
vt 0.937500 0.375000
vt 0.937500 0.312500
vt 0.937500 0.250000
vt 0.937500 0.187500
vt 0.937500 0.125000
vt 0.937500 0.062500
vt 0.906250 0.937500
vt 0.906250 0.875000
vt 0.906250 0.812500
vt 0.906250 0.750000
vt 0.906250 0.687500
vt 0.906250 0.625000
vt 0.906250 0.562500
vt 0.906250 0.500000
vt 0.906250 0.437500
vt 0.906250 0.375000
vt 0.906250 0.312500
vt 0.906250 0.250000
vt 0.906250 0.187500
vt 0.906250 0.125000
vt 0.906250 0.062500
vt 0.875000 0.937500
vt 0.875000 0.875000
vt 0.875000 0.812500
vt 0.875000 0.750000
vt 0.875000 0.687500
vt 0.875000 0.625000
vt 0.875000 0.562500
vt 0.875000 0.500000
vt 0.875000 0.437500
vt 0.875000 0.375000
vt 0.875000 0.312500
vt 0.875000 0.250000
vt 0.875000 0.187500
vt 0.875000 0.125000
vt 0.875000 0.062500
vt 0.843750 0.937500
vt 0.843750 0.875000
vt 0.843750 0.812500
vt 0.843750 0.750000
vt 0.843750 0.687500
vt 0.843750 0.625000
vt 0.843750 0.562500
vt 0.843750 0.500000
vt 0.843750 0.437500
vt 0.843750 0.375000
vt 0.843750 0.312500
vt 0.843750 0.250000
vt 0.843750 0.187500
vt 0.843750 0.125000
vt 0.843750 0.062500
vt 0.812500 0.937500
vt 0.812500 0.875000
vt 0.812500 0.812500
vt 0.812500 0.750000
vt 0.812500 0.687500
vt 0.812500 0.625000
vt 0.812500 0.562500
vt 0.812500 0.500000
vt 0.812500 0.437500
vt 0.812500 0.375000
vt 0.812500 0.312500
vt 0.812500 0.250000
vt 0.812500 0.187500
vt 0.812500 0.125000
vt 0.812500 0.062500
vt 0.781250 0.937500
vt 0.781250 0.875000
vt 0.781250 0.812500
vt 0.781250 0.750000
vt 0.781250 0.687500
vt 0.781250 0.625000
vt 0.781250 0.562500
vt 0.781250 0.500000
vt 0.781250 0.437500
vt 0.781250 0.375000
vt 0.781250 0.312500
vt 0.781250 0.250000
vt 0.781250 0.187500
vt 0.781250 0.125000
vt 0.781250 0.062500
vt 0.750000 0.937500
vt 0.750000 0.875000
vt 0.750000 0.750000
vt 0.750000 0.625000
vt 0.750000 0.375000
vt 0.750000 0.250000
vt 0.750000 0.187500
vt 0.750000 0.125000
vt 0.750000 0.062500
vt 0.750000 0.812500
vt 0.750000 0.687500
vt 0.750000 0.562500
vt 0.750000 0.500000
vt 0.750000 0.437500
vt 0.750000 0.312500
vt 0.718750 0.937500
vt 0.718750 0.875000
vt 0.718750 0.812500
vt 0.718750 0.750000
vt 0.718750 0.687500
vt 0.718750 0.625000
vt 0.718750 0.562500
vt 0.718750 0.500000
vt 0.718750 0.437500
vt 0.718750 0.375000
vt 0.718750 0.312500
vt 0.718750 0.250000
vt 0.718750 0.187500
vt 0.718750 0.125000
vt 0.718750 0.062500
vt 0.687500 0.937500
vt 0.687500 0.875000
vt 0.687500 0.812500
vt 0.687500 0.750000
vt 0.687500 0.687500
vt 0.687500 0.625000
vt 0.687500 0.562500
vt 0.687500 0.500000
vt 0.687500 0.437500
vt 0.687500 0.375000
vt 0.687500 0.312500
vt 0.687500 0.250000
vt 0.687500 0.187500
vt 0.687500 0.125000
vt 0.687500 0.062500
vt 0.656250 0.937500
vt 0.656250 0.875000
vt 0.656250 0.812500
vt 0.656250 0.750000
vt 0.656250 0.687500
vt 0.656250 0.625000
vt 0.656250 0.562500
vt 0.656250 0.500000
vt 0.656250 0.437500
vt 0.656250 0.375000
vt 0.656250 0.312500
vt 0.656250 0.250000
vt 0.656250 0.187500
vt 0.656250 0.125000
vt 0.656250 0.062500
vt 0.625000 0.937500
vt 0.625000 0.875000
vt 0.625000 0.812500
vt 0.625000 0.750000
vt 0.625000 0.687500
vt 0.625000 0.625000
vt 0.625000 0.562500
vt 0.625000 0.500000
vt 0.625000 0.437500
vt 0.625000 0.375000
vt 0.625000 0.312500
vt 0.625000 0.250000
vt 0.625000 0.187500
vt 0.625000 0.125000
vt 0.625000 0.062500
vt 0.593750 0.937500
vt 0.593750 0.875000
vt 0.593750 0.812500
vt 0.593750 0.750000
vt 0.593750 0.687500
vt 0.593750 0.625000
vt 0.593750 0.562500
vt 0.593750 0.500000
vt 0.593750 0.437500
vt 0.593750 0.375000
vt 0.593750 0.312500
vt 0.593750 0.250000
vt 0.593750 0.187500
vt 0.593750 0.125000
vt 0.593750 0.062500
vt 0.734375 1.000000
vt 0.703125 1.000000
vt 0.671875 1.000000
vt 0.640625 1.000000
vt 0.609375 1.000000
vt 0.578125 1.000000
vt 0.546875 1.000000
vt 0.515625 1.000000
vt 0.484375 1.000000
vt 0.453125 1.000000
vt 0.421875 1.000000
vt 0.390625 1.000000
vt 0.359375 1.000000
vt 0.328125 1.000000
vt 0.296875 1.000000
vt 0.265625 1.000000
vt 0.234375 1.000000
vt 0.203125 1.000000
vt 0.171875 1.000000
vt 0.140625 1.000000
vt 0.109375 1.000000
vt 0.078125 1.000000
vt 0.046875 1.000000
vt 0.015625 1.000000
vt 0.984375 1.000000
vt 0.953125 1.000000
vt 0.921875 1.000000
vt 0.890625 1.000000
vt 0.859375 1.000000
vt 0.828125 1.000000
vt 0.796875 1.000000
vt 0.765625 1.000000
vt 0.562500 0.937500
vt 0.562500 0.875000
vt 0.562500 0.812500
vt 0.562500 0.750000
vt 0.562500 0.687500
vt 0.562500 0.625000
vt 0.562500 0.562500
vt 0.562500 0.500000
vt 0.562500 0.437500
vt 0.562500 0.375000
vt 0.562500 0.312500
vt 0.562500 0.250000
vt 0.562500 0.187500
vt 0.562500 0.125000
vt 0.562500 0.062500
vt 0.531250 0.937500
vt 0.531250 0.875000
vt 0.531250 0.812500
vt 0.531250 0.750000
vt 0.531250 0.687500
vt 0.531250 0.625000
vt 0.531250 0.562500
vt 0.531250 0.500000
vt 0.531250 0.437500
vt 0.531250 0.375000
vt 0.531250 0.312500
vt 0.531250 0.250000
vt 0.531250 0.187500
vt 0.531250 0.125000
vt 0.531250 0.062500
vt 0.500000 0.937500
vt 0.500000 0.875000
vt 0.500000 0.812500
vt 0.500000 0.750000
vt 0.500000 0.687500
vt 0.500000 0.625000
vt 0.500000 0.562500
vt 0.500000 0.500000
vt 0.500000 0.437500
vt 0.500000 0.375000
vt 0.500000 0.312500
vt 0.500000 0.250000
vt 0.500000 0.187500
vt 0.500000 0.125000
vt 0.500000 0.062500
vt 0.468750 0.937500
vt 0.468750 0.875000
vt 0.468750 0.812500
vt 0.468750 0.750000
vt 0.468750 0.687500
vt 0.468750 0.625000
vt 0.468750 0.562500
vt 0.468750 0.500000
vt 0.468750 0.437500
vt 0.468750 0.375000
vt 0.468750 0.312500
vt 0.468750 0.250000
vt 0.468750 0.187500
vt 0.468750 0.125000
vt 0.468750 0.062500
vt 0.437500 0.937500
vt 0.437500 0.875000
vt 0.437500 0.812500
vt 0.437500 0.750000
vt 0.437500 0.687500
vt 0.437500 0.625000
vt 0.437500 0.562500
vt 0.437500 0.500000
vt 0.437500 0.437500
vt 0.437500 0.375000
vt 0.437500 0.312500
vt 0.437500 0.250000
vt 0.437500 0.187500
vt 0.437500 0.125000
vt 0.437500 0.062500
vt 0.406250 0.937500
vt 0.406250 0.875000
vt 0.406250 0.812500
vt 0.406250 0.750000
vt 0.406250 0.687500
vt 0.406250 0.625000
vt 0.406250 0.562500
vt 0.406250 0.500000
vt 0.406250 0.437500
vt 0.406250 0.375000
vt 0.406250 0.312500
vt 0.406250 0.250000
vt 0.406250 0.187500
vt 0.406250 0.125000
vt 0.406250 0.062500
vt 0.375000 0.937500
vt 0.375000 0.875000
vt 0.375000 0.812500
vt 0.375000 0.750000
vt 0.375000 0.687500
vt 0.375000 0.625000
vt 0.375000 0.562500
vt 0.375000 0.500000
vt 0.375000 0.437500
vt 0.375000 0.375000
vt 0.375000 0.312500
vt 0.375000 0.250000
vt 0.375000 0.187500
vt 0.375000 0.125000
vt 0.375000 0.062500
vt 0.343750 0.937500
vt 0.343750 0.875000
vt 0.343750 0.812500
vt 0.343750 0.750000
vt 0.343750 0.687500
vt 0.343750 0.625000
vt 0.343750 0.562500
vt 0.343750 0.500000
vt 0.343750 0.437500
vt 0.343750 0.375000
vt 0.343750 0.312500
vt 0.343750 0.250000
vt 0.343750 0.187500
vt 0.343750 0.125000
vt 0.343750 0.062500
vt 0.312500 0.937500
vt 0.312500 0.875000
vt 0.312500 0.812500
vt 0.312500 0.750000
vt 0.312500 0.687500
vt 0.312500 0.625000
vt 0.312500 0.562500
vt 0.312500 0.500000
vt 0.312500 0.437500
vt 0.312500 0.375000
vt 0.312500 0.312500
vt 0.312500 0.250000
vt 0.312500 0.187500
vt 0.312500 0.125000
vt 0.312500 0.062500
vt 0.281250 0.937500
vt 0.281250 0.875000
vt 0.281250 0.812500
vt 0.281250 0.750000
vt 0.281250 0.687500
vt 0.281250 0.625000
vt 0.281250 0.562500
vt 0.281250 0.500000
vt 0.281250 0.437500
vt 0.281250 0.375000
vt 0.281250 0.312500
vt 0.281250 0.250000
vt 0.281250 0.187500
vt 0.281250 0.125000
vt 0.281250 0.062500
vt 0.250000 0.937500
vt 0.250000 0.875000
vt 0.250000 0.812500
vt 0.250000 0.750000
vt 0.250000 0.687500
vt 0.250000 0.625000
vt 0.250000 0.562500
vt 0.250000 0.500000
vt 0.250000 0.437500
vt 0.250000 0.375000
vt 0.250000 0.312500
vt 0.250000 0.250000
vt 0.250000 0.187500
vt 0.250000 0.125000
vt 0.250000 0.062500
vt 0.218750 0.937500
vt 0.218750 0.875000
vt 0.218750 0.812500
vt 0.218750 0.750000
vt 0.218750 0.687500
vt 0.218750 0.625000
vt 0.218750 0.562500
vt 0.218750 0.500000
vt 0.218750 0.437500
vt 0.218750 0.375000
vt 0.218750 0.312500
vt 0.218750 0.250000
vt 0.218750 0.187500
vt 0.218750 0.125000
vt 0.218750 0.062500
vt 0.187500 0.937500
vt 0.187500 0.875000
vt 0.187500 0.812500
vt 0.187500 0.750000
vt 0.187500 0.687500
vt 0.187500 0.625000
vt 0.187500 0.562500
vt 0.187500 0.500000
vt 0.187500 0.437500
vt 0.187500 0.375000
vt 0.187500 0.312500
vt 0.187500 0.250000
vt 0.187500 0.187500
vt 0.187500 0.125000
vt 0.187500 0.062500
vt 0.156250 0.937500
vt 0.156250 0.875000
vt 0.156250 0.812500
vt 0.156250 0.750000
vt 0.156250 0.687500
vt 0.156250 0.625000
vt 0.156250 0.562500
vt 0.156250 0.500000
vt 0.156250 0.437500
vt 0.156250 0.375000
vt 0.156250 0.312500
vt 0.156250 0.250000
vt 0.156250 0.187500
vt 0.156250 0.125000
vt 0.156250 0.062500
vt 0.125000 0.937500
vt 0.125000 0.875000
vt 0.125000 0.812500
vt 0.125000 0.750000
vt 0.125000 0.687500
vt 0.125000 0.625000
vt 0.125000 0.562500
vt 0.125000 0.500000
vt 0.125000 0.437500
vt 0.125000 0.375000
vt 0.125000 0.312500
vt 0.125000 0.250000
vt 0.125000 0.187500
vt 0.125000 0.125000
vt 0.125000 0.062500
vt 0.734375 0.000000
vt 0.703125 0.000000
vt 0.671875 0.000000
vt 0.640625 0.000000
vt 0.609375 0.000000
vt 0.578125 0.000000
vt 0.546875 0.000000
vt 0.515625 0.000000
vt 0.484375 0.000000
vt 0.453125 0.000000
vt 0.421875 0.000000
vt 0.390625 0.000000
vt 0.359375 0.000000
vt 0.328125 0.000000
vt 0.296875 0.000000
vt 0.265625 0.000000
vt 0.234375 0.000000
vt 0.203125 0.000000
vt 0.171875 0.000000
vt 0.140625 0.000000
vt 0.109375 0.000000
vt 0.078125 0.000000
vt 0.046875 0.000000
vt 0.015625 0.000000
vt 0.984375 0.000000
vt 0.953125 0.000000
vt 0.921875 0.000000
vt 0.890625 0.000000
vt 0.859375 0.000000
vt 0.828125 0.000000
vt 0.796875 0.000000
vt 0.765625 0.000000
vt 0.093750 0.937500
vt 0.093750 0.875000
vt 0.093750 0.812500
vt 0.093750 0.750000
vt 0.093750 0.687500
vt 0.093750 0.625000
vt 0.093750 0.562500
vt 0.093750 0.500000
vt 0.093750 0.437500
vt 0.093750 0.375000
vt 0.093750 0.312500
vt 0.093750 0.250000
vt 0.093750 0.187500
vt 0.093750 0.125000
vt 0.093750 0.062500
vt 0.062500 0.937500
vt 0.062500 0.875000
vt 0.062500 0.812500
vt 0.062500 0.750000
vt 0.062500 0.687500
vt 0.062500 0.625000
vt 0.062500 0.562500
vt 0.062500 0.500000
vt 0.062500 0.437500
vt 0.062500 0.375000
vt 0.062500 0.312500
vt 0.062500 0.250000
vt 0.062500 0.187500
vt 0.062500 0.125000
vt 0.062500 0.062500
vt 0.031250 0.937500
vt 0.031250 0.875000
vt 0.031250 0.812500
vt 0.031250 0.750000
vt 0.031250 0.687500
vt 0.031250 0.625000
vt 0.031250 0.562500
vt 0.031250 0.500000
vt 0.031250 0.437500
vt 0.031250 0.375000
vt 0.031250 0.312500
vt 0.031250 0.250000
vt 0.031250 0.187500
vt 0.031250 0.125000
vt 0.031250 0.062500
vt 0.000000 0.937500
vt 1.000000 0.937500
vt 0.000000 0.875000
vt 1.000000 0.875000
vt 0.000000 0.812500
vt 1.000000 0.812500
vt 0.000000 0.750000
vt 1.000000 0.750000
vt 0.000000 0.687500
vt 1.000000 0.687500
vt 0.000000 0.625000
vt 1.000000 0.625000
vt 0.000000 0.562500
vt 1.000000 0.562500
vt 0.000000 0.500000
vt 1.000000 0.500000
vt 0.000000 0.437500
vt 1.000000 0.437500
vt 0.000000 0.375000
vt 1.000000 0.375000
vt 0.000000 0.312500
vt 1.000000 0.312500
vt 0.000000 0.250000
vt 1.000000 0.250000
vt 0.000000 0.187500
vt 1.000000 0.187500
vt 0.000000 0.125000
vt 1.000000 0.125000
vt 1.000000 0.062500
vt 0.000000 0.062500
vt 0.968750 0.937500
vt 0.968750 0.875000
vt 0.968750 0.812500
vt 0.968750 0.750000
vt 0.968750 0.687500
vt 0.968750 0.625000
vt 0.968750 0.562500
vt 0.968750 0.500000
vt 0.968750 0.437500
vt 0.968750 0.375000
vt 0.968750 0.312500
vt 0.968750 0.250000
vt 0.968750 0.187500
vt 0.968750 0.125000
vt 0.968750 0.062500
vt 0.937500 0.937500
vt 0.937500 0.875000
vt 0.937500 0.812500
vt 0.937500 0.750000
vt 0.937500 0.687500
vt 0.937500 0.625000
vt 0.937500 0.562500
vt 0.937500 0.500000
vt 0.937500 0.437500
vt 0.937500 0.375000
vt 0.937500 0.312500
vt 0.937500 0.250000
vt 0.937500 0.187500
vt 0.937500 0.125000
vt 0.937500 0.062500
vt 0.906250 0.937500
vt 0.906250 0.875000
vt 0.906250 0.812500
vt 0.906250 0.750000
vt 0.906250 0.687500
vt 0.906250 0.625000
vt 0.906250 0.562500
vt 0.906250 0.500000
vt 0.906250 0.437500
vt 0.906250 0.375000
vt 0.906250 0.312500
vt 0.906250 0.250000
vt 0.906250 0.187500
vt 0.906250 0.125000
vt 0.906250 0.062500
vt 0.875000 0.937500
vt 0.875000 0.875000
vt 0.875000 0.812500
vt 0.875000 0.750000
vt 0.875000 0.687500
vt 0.875000 0.625000
vt 0.875000 0.562500
vt 0.875000 0.500000
vt 0.875000 0.437500
vt 0.875000 0.375000
vt 0.875000 0.312500
vt 0.875000 0.250000
vt 0.875000 0.187500
vt 0.875000 0.125000
vt 0.875000 0.062500
vt 0.843750 0.937500
vt 0.843750 0.875000
vt 0.843750 0.812500
vt 0.843750 0.750000
vt 0.843750 0.687500
vt 0.843750 0.625000
vt 0.843750 0.562500
vt 0.843750 0.500000
vt 0.843750 0.437500
vt 0.843750 0.375000
vt 0.843750 0.312500
vt 0.843750 0.250000
vt 0.843750 0.187500
vt 0.843750 0.125000
vt 0.843750 0.062500
vt 0.812500 0.937500
vt 0.812500 0.875000
vt 0.812500 0.812500
vt 0.812500 0.750000
vt 0.812500 0.687500
vt 0.812500 0.625000
vt 0.812500 0.562500
vt 0.812500 0.500000
vt 0.812500 0.437500
vt 0.812500 0.375000
vt 0.812500 0.312500
vt 0.812500 0.250000
vt 0.812500 0.187500
vt 0.812500 0.125000
vt 0.812500 0.062500
vt 0.781250 0.937500
vt 0.781250 0.875000
vt 0.781250 0.812500
vt 0.781250 0.750000
vt 0.781250 0.687500
vt 0.781250 0.625000
vt 0.781250 0.562500
vt 0.781250 0.500000
vt 0.781250 0.437500
vt 0.781250 0.375000
vt 0.781250 0.312500
vt 0.781250 0.250000
vt 0.781250 0.187500
vt 0.781250 0.125000
vt 0.781250 0.062500
vt 0.750000 0.937500
vt 0.750000 0.875000
vt 0.750000 0.750000
vt 0.750000 0.625000
vt 0.750000 0.375000
vt 0.750000 0.250000
vt 0.750000 0.187500
vt 0.750000 0.125000
vt 0.750000 0.062500
vt 0.750000 0.812500
vt 0.750000 0.687500
vt 0.750000 0.562500
vt 0.750000 0.500000
vt 0.750000 0.437500
vt 0.750000 0.312500
vt 0.718750 0.937500
vt 0.718750 0.875000
vt 0.718750 0.812500
vt 0.718750 0.750000
vt 0.718750 0.687500
vt 0.718750 0.625000
vt 0.718750 0.562500
vt 0.718750 0.500000
vt 0.718750 0.437500
vt 0.718750 0.375000
vt 0.718750 0.312500
vt 0.718750 0.250000
vt 0.718750 0.187500
vt 0.718750 0.125000
vt 0.718750 0.062500
vt 0.687500 0.937500
vt 0.687500 0.875000
vt 0.687500 0.812500
vt 0.687500 0.750000
vt 0.687500 0.687500
vt 0.687500 0.625000
vt 0.687500 0.562500
vt 0.687500 0.500000
vt 0.687500 0.437500
vt 0.687500 0.375000
vt 0.687500 0.312500
vt 0.687500 0.250000
vt 0.687500 0.187500
vt 0.687500 0.125000
vt 0.687500 0.062500
vt 0.656250 0.937500
vt 0.656250 0.875000
vt 0.656250 0.812500
vt 0.656250 0.750000
vt 0.656250 0.687500
vt 0.656250 0.625000
vt 0.656250 0.562500
vt 0.656250 0.500000
vt 0.656250 0.437500
vt 0.656250 0.375000
vt 0.656250 0.312500
vt 0.656250 0.250000
vt 0.656250 0.187500
vt 0.656250 0.125000
vt 0.656250 0.062500
vt 0.625000 0.937500
vt 0.625000 0.875000
vt 0.625000 0.812500
vt 0.625000 0.750000
vt 0.625000 0.687500
vt 0.625000 0.625000
vt 0.625000 0.562500
vt 0.625000 0.500000
vt 0.625000 0.437500
vt 0.625000 0.375000
vt 0.625000 0.312500
vt 0.625000 0.250000
vt 0.625000 0.187500
vt 0.625000 0.125000
vt 0.625000 0.062500
vt 0.593750 0.937500
vt 0.593750 0.875000
vt 0.593750 0.812500
vt 0.593750 0.750000
vt 0.593750 0.687500
vt 0.593750 0.625000
vt 0.593750 0.562500
vt 0.593750 0.500000
vt 0.593750 0.437500
vt 0.593750 0.375000
vt 0.593750 0.312500
vt 0.593750 0.250000
vt 0.593750 0.187500
vt 0.593750 0.125000
vt 0.593750 0.062500
vt 0.734375 1.000000
vt 0.703125 1.000000
vt 0.671875 1.000000
vt 0.640625 1.000000
vt 0.609375 1.000000
vt 0.578125 1.000000
vt 0.546875 1.000000
vt 0.515625 1.000000
vt 0.484375 1.000000
vt 0.453125 1.000000
vt 0.421875 1.000000
vt 0.390625 1.000000
vt 0.359375 1.000000
vt 0.328125 1.000000
vt 0.296875 1.000000
vt 0.265625 1.000000
vt 0.234375 1.000000
vt 0.203125 1.000000
vt 0.171875 1.000000
vt 0.140625 1.000000
vt 0.109375 1.000000
vt 0.078125 1.000000
vt 0.046875 1.000000
vt 0.015625 1.000000
vt 0.984375 1.000000
vt 0.953125 1.000000
vt 0.921875 1.000000
vt 0.890625 1.000000
vt 0.859375 1.000000
vt 0.828125 1.000000
vt 0.796875 1.000000
vt 0.765625 1.000000
vt 0.562500 0.937500
vt 0.562500 0.875000
vt 0.562500 0.812500
vt 0.562500 0.750000
vt 0.562500 0.687500
vt 0.562500 0.625000
vt 0.562500 0.562500
vt 0.562500 0.500000
vt 0.562500 0.437500
vt 0.562500 0.375000
vt 0.562500 0.312500
vt 0.562500 0.250000
vt 0.562500 0.187500
vt 0.562500 0.125000
vt 0.562500 0.062500
vt 0.531250 0.937500
vt 0.531250 0.875000
vt 0.531250 0.812500
vt 0.531250 0.750000
vt 0.531250 0.687500
vt 0.531250 0.625000
vt 0.531250 0.562500
vt 0.531250 0.500000
vt 0.531250 0.437500
vt 0.531250 0.375000
vt 0.531250 0.312500
vt 0.531250 0.250000
vt 0.531250 0.187500
vt 0.531250 0.125000
vt 0.531250 0.062500
vt 0.500000 0.937500
vt 0.500000 0.875000
vt 0.500000 0.812500
vt 0.500000 0.750000
vt 0.500000 0.687500
vt 0.500000 0.625000
vt 0.500000 0.562500
vt 0.500000 0.500000
vt 0.500000 0.437500
vt 0.500000 0.375000
vt 0.500000 0.312500
vt 0.500000 0.250000
vt 0.500000 0.187500
vt 0.500000 0.125000
vt 0.500000 0.062500
vt 0.468750 0.937500
vt 0.468750 0.875000
vt 0.468750 0.812500
vt 0.468750 0.750000
vt 0.468750 0.687500
vt 0.468750 0.625000
vt 0.468750 0.562500
vt 0.468750 0.500000
vt 0.468750 0.437500
vt 0.468750 0.375000
vt 0.468750 0.312500
vt 0.468750 0.250000
vt 0.468750 0.187500
vt 0.468750 0.125000
vt 0.468750 0.062500
vt 0.437500 0.937500
vt 0.437500 0.875000
vt 0.437500 0.812500
vt 0.437500 0.750000
vt 0.437500 0.687500
vt 0.437500 0.625000
vt 0.437500 0.562500
vt 0.437500 0.500000
vt 0.437500 0.437500
vt 0.437500 0.375000
vt 0.437500 0.312500
vt 0.437500 0.250000
vt 0.437500 0.187500
vt 0.437500 0.125000
vt 0.437500 0.062500
vt 0.406250 0.937500
vt 0.406250 0.875000
vt 0.406250 0.812500
vt 0.406250 0.750000
vt 0.406250 0.687500
vt 0.406250 0.625000
vt 0.406250 0.562500
vt 0.406250 0.500000
vt 0.406250 0.437500
vt 0.406250 0.375000
vt 0.406250 0.312500
vt 0.406250 0.250000
vt 0.406250 0.187500
vt 0.406250 0.125000
vt 0.406250 0.062500
vt 0.375000 0.937500
vt 0.375000 0.875000
vt 0.375000 0.812500
vt 0.375000 0.750000
vt 0.375000 0.687500
vt 0.375000 0.625000
vt 0.375000 0.562500
vt 0.375000 0.500000
vt 0.375000 0.437500
vt 0.375000 0.375000
vt 0.375000 0.312500
vt 0.375000 0.250000
vt 0.375000 0.187500
vt 0.375000 0.125000
vt 0.375000 0.062500
vt 0.343750 0.937500
vt 0.343750 0.875000
vt 0.343750 0.812500
vt 0.343750 0.750000
vt 0.343750 0.687500
vt 0.343750 0.625000
vt 0.343750 0.562500
vt 0.343750 0.500000
vt 0.343750 0.437500
vt 0.343750 0.375000
vt 0.343750 0.312500
vt 0.343750 0.250000
vt 0.343750 0.187500
vt 0.343750 0.125000
vt 0.343750 0.062500
vt 0.312500 0.937500
vt 0.312500 0.875000
vt 0.312500 0.812500
vt 0.312500 0.750000
vt 0.312500 0.687500
vt 0.312500 0.625000
vt 0.312500 0.562500
vt 0.312500 0.500000
vt 0.312500 0.437500
vt 0.312500 0.375000
vt 0.312500 0.312500
vt 0.312500 0.250000
vt 0.312500 0.187500
vt 0.312500 0.125000
vt 0.312500 0.062500
vt 0.281250 0.937500
vt 0.281250 0.875000
vt 0.281250 0.812500
vt 0.281250 0.750000
vt 0.281250 0.687500
vt 0.281250 0.625000
vt 0.281250 0.562500
vt 0.281250 0.500000
vt 0.281250 0.437500
vt 0.281250 0.375000
vt 0.281250 0.312500
vt 0.281250 0.250000
vt 0.281250 0.187500
vt 0.281250 0.125000
vt 0.281250 0.062500
vt 0.250000 0.937500
vt 0.250000 0.875000
vt 0.250000 0.812500
vt 0.250000 0.750000
vt 0.250000 0.687500
vt 0.250000 0.625000
vt 0.250000 0.562500
vt 0.250000 0.500000
vt 0.250000 0.437500
vt 0.250000 0.375000
vt 0.250000 0.312500
vt 0.250000 0.250000
vt 0.250000 0.187500
vt 0.250000 0.125000
vt 0.250000 0.062500
vt 0.218750 0.937500
vt 0.218750 0.875000
vt 0.218750 0.812500
vt 0.218750 0.750000
vt 0.218750 0.687500
vt 0.218750 0.625000
vt 0.218750 0.562500
vt 0.218750 0.500000
vt 0.218750 0.437500
vt 0.218750 0.375000
vt 0.218750 0.312500
vt 0.218750 0.250000
vt 0.218750 0.187500
vt 0.218750 0.125000
vt 0.218750 0.062500
vt 0.187500 0.937500
vt 0.187500 0.875000
vt 0.187500 0.812500
vt 0.187500 0.750000
vt 0.187500 0.687500
vt 0.187500 0.625000
vt 0.187500 0.562500
vt 0.187500 0.500000
vt 0.187500 0.437500
vt 0.187500 0.375000
vt 0.187500 0.312500
vt 0.187500 0.250000
vt 0.187500 0.187500
vt 0.187500 0.125000
vt 0.187500 0.062500
vt 0.156250 0.937500
vt 0.156250 0.875000
vt 0.156250 0.812500
vt 0.156250 0.750000
vt 0.156250 0.687500
vt 0.156250 0.625000
vt 0.156250 0.562500
vt 0.156250 0.500000
vt 0.156250 0.437500
vt 0.156250 0.375000
vt 0.156250 0.312500
vt 0.156250 0.250000
vt 0.156250 0.187500
vt 0.156250 0.125000
vt 0.156250 0.062500
vt 0.125000 0.937500
vt 0.125000 0.875000
vt 0.125000 0.812500
vt 0.125000 0.750000
vt 0.125000 0.687500
vt 0.125000 0.625000
vt 0.125000 0.562500
vt 0.125000 0.500000
vt 0.125000 0.437500
vt 0.125000 0.375000
vt 0.125000 0.312500
vt 0.125000 0.250000
vt 0.125000 0.187500
vt 0.125000 0.125000
vt 0.125000 0.062500
vt 0.734375 0.000000
vt 0.703125 0.000000
vt 0.671875 0.000000
vt 0.640625 0.000000
vt 0.609375 0.000000
vt 0.578125 0.000000
vt 0.546875 0.000000
vt 0.515625 0.000000
vt 0.484375 0.000000
vt 0.453125 0.000000
vt 0.421875 0.000000
vt 0.390625 0.000000
vt 0.359375 0.000000
vt 0.328125 0.000000
vt 0.296875 0.000000
vt 0.265625 0.000000
vt 0.234375 0.000000
vt 0.203125 0.000000
vt 0.171875 0.000000
vt 0.140625 0.000000
vt 0.109375 0.000000
vt 0.078125 0.000000
vt 0.046875 0.000000
vt 0.015625 0.000000
vt 0.984375 0.000000
vt 0.953125 0.000000
vt 0.921875 0.000000
vt 0.890625 0.000000
vt 0.859375 0.000000
vt 0.828125 0.000000
vt 0.796875 0.000000
vt 0.765625 0.000000
vt 0.093750 0.937500
vt 0.093750 0.875000
vt 0.093750 0.812500
vt 0.093750 0.750000
vt 0.093750 0.687500
vt 0.093750 0.625000
vt 0.093750 0.562500
vt 0.093750 0.500000
vt 0.093750 0.437500
vt 0.093750 0.375000
vt 0.093750 0.312500
vt 0.093750 0.250000
vt 0.093750 0.187500
vt 0.093750 0.125000
vt 0.093750 0.062500
vt 0.062500 0.937500
vt 0.062500 0.875000
vt 0.062500 0.812500
vt 0.062500 0.750000
vt 0.062500 0.687500
vt 0.062500 0.625000
vt 0.062500 0.562500
vt 0.062500 0.500000
vt 0.062500 0.437500
vt 0.062500 0.375000
vt 0.062500 0.312500
vt 0.062500 0.250000
vt 0.062500 0.187500
vt 0.062500 0.125000
vt 0.062500 0.062500
vt 0.031250 0.937500
vt 0.031250 0.875000
vt 0.031250 0.812500
vt 0.031250 0.750000
vt 0.031250 0.687500
vt 0.031250 0.625000
vt 0.031250 0.562500
vt 0.031250 0.500000
vt 0.031250 0.437500
vt 0.031250 0.375000
vt 0.031250 0.312500
vt 0.031250 0.250000
vt 0.031250 0.187500
vt 0.031250 0.125000
vt 0.031250 0.062500
vt 0.000000 0.937500
vt 1.000000 0.937500
vt 0.000000 0.875000
vt 1.000000 0.875000
vt 0.000000 0.812500
vt 1.000000 0.812500
vt 0.000000 0.750000
vt 1.000000 0.750000
vt 0.000000 0.687500
vt 1.000000 0.687500
vt 0.000000 0.625000
vt 1.000000 0.625000
vt 0.000000 0.562500
vt 1.000000 0.562500
vt 0.000000 0.500000
vt 1.000000 0.500000
vt 0.000000 0.437500
vt 1.000000 0.437500
vt 0.000000 0.375000
vt 1.000000 0.375000
vt 0.000000 0.312500
vt 1.000000 0.312500
vt 0.000000 0.250000
vt 1.000000 0.250000
vt 0.000000 0.187500
vt 1.000000 0.187500
vt 0.000000 0.125000
vt 1.000000 0.125000
vt 0.000000 0.062500
vt 1.000000 0.062500
vt 0.968750 0.937500
vt 0.968750 0.875000
vt 0.968750 0.812500
vt 0.968750 0.750000
vt 0.968750 0.687500
vt 0.968750 0.625000
vt 0.968750 0.562500
vt 0.968750 0.500000
vt 0.968750 0.437500
vt 0.968750 0.375000
vt 0.968750 0.312500
vt 0.968750 0.250000
vt 0.968750 0.187500
vt 0.968750 0.125000
vt 0.968750 0.062500
vt 0.937500 0.937500
vt 0.937500 0.875000
vt 0.937500 0.812500
vt 0.937500 0.750000
vt 0.937500 0.687500
vt 0.937500 0.625000
vt 0.937500 0.562500
vt 0.937500 0.500000
vt 0.937500 0.437500
vt 0.937500 0.375000
vt 0.937500 0.312500
vt 0.937500 0.250000
vt 0.937500 0.187500
vt 0.937500 0.125000
vt 0.937500 0.062500
vt 0.906250 0.937500
vt 0.906250 0.875000
vt 0.906250 0.812500
vt 0.906250 0.750000
vt 0.906250 0.687500
vt 0.906250 0.625000
vt 0.906250 0.562500
vt 0.906250 0.500000
vt 0.906250 0.437500
vt 0.906250 0.375000
vt 0.906250 0.312500
vt 0.906250 0.250000
vt 0.906250 0.187500
vt 0.906250 0.125000
vt 0.906250 0.062500
vt 0.875000 0.937500
vt 0.875000 0.875000
vt 0.875000 0.812500
vt 0.875000 0.750000
vt 0.875000 0.687500
vt 0.875000 0.625000
vt 0.875000 0.562500
vt 0.875000 0.500000
vt 0.875000 0.437500
vt 0.875000 0.375000
vt 0.875000 0.312500
vt 0.875000 0.250000
vt 0.875000 0.187500
vt 0.875000 0.125000
vt 0.875000 0.062500
vt 0.843750 0.937500
vt 0.843750 0.875000
vt 0.843750 0.812500
vt 0.843750 0.750000
vt 0.843750 0.687500
vt 0.843750 0.625000
vt 0.843750 0.562500
vt 0.843750 0.500000
vt 0.843750 0.437500
vt 0.843750 0.375000
vt 0.843750 0.312500
vt 0.843750 0.250000
vt 0.843750 0.187500
vt 0.843750 0.125000
vt 0.843750 0.062500
vt 0.812500 0.937500
vt 0.812500 0.875000
vt 0.812500 0.812500
vt 0.812500 0.750000
vt 0.812500 0.687500
vt 0.812500 0.625000
vt 0.812500 0.562500
vt 0.812500 0.500000
vt 0.812500 0.437500
vt 0.812500 0.375000
vt 0.812500 0.312500
vt 0.812500 0.250000
vt 0.812500 0.187500
vt 0.812500 0.125000
vt 0.812500 0.062500
vt 0.781250 0.937500
vt 0.781250 0.875000
vt 0.781250 0.812500
vt 0.781250 0.750000
vt 0.781250 0.687500
vt 0.781250 0.625000
vt 0.781250 0.562500
vt 0.781250 0.500000
vt 0.781250 0.437500
vt 0.781250 0.375000
vt 0.781250 0.312500
vt 0.781250 0.250000
vt 0.781250 0.187500
vt 0.781250 0.125000
vt 0.781250 0.062500
vt 0.750000 0.937500
vt 0.750000 0.875000
vt 0.750000 0.750000
vt 0.750000 0.625000
vt 0.750000 0.375000
vt 0.750000 0.250000
vt 0.750000 0.187500
vt 0.750000 0.125000
vt 0.750000 0.062500
vt 0.750000 0.812500
vt 0.750000 0.687500
vt 0.750000 0.562500
vt 0.750000 0.500000
vt 0.750000 0.437500
vt 0.750000 0.312500
vt 0.718750 0.937500
vt 0.718750 0.875000
vt 0.718750 0.812500
vt 0.718750 0.750000
vt 0.718750 0.687500
vt 0.718750 0.625000
vt 0.718750 0.562500
vt 0.718750 0.500000
vt 0.718750 0.437500
vt 0.718750 0.375000
vt 0.718750 0.312500
vt 0.718750 0.250000
vt 0.718750 0.187500
vt 0.718750 0.125000
vt 0.718750 0.062500
vt 0.687500 0.937500
vt 0.687500 0.875000
vt 0.687500 0.812500
vt 0.687500 0.750000
vt 0.687500 0.687500
vt 0.687500 0.625000
vt 0.687500 0.562500
vt 0.687500 0.500000
vt 0.687500 0.437500
vt 0.687500 0.375000
vt 0.687500 0.312500
vt 0.687500 0.250000
vt 0.687500 0.187500
vt 0.687500 0.125000
vt 0.687500 0.062500
vt 0.656250 0.937500
vt 0.656250 0.875000
vt 0.656250 0.812500
vt 0.656250 0.750000
vt 0.656250 0.687500
vt 0.656250 0.625000
vt 0.656250 0.562500
vt 0.656250 0.500000
vt 0.656250 0.437500
vt 0.656250 0.375000
vt 0.656250 0.312500
vt 0.656250 0.250000
vt 0.656250 0.187500
vt 0.656250 0.125000
vt 0.656250 0.062500
vt 0.625000 0.937500
vt 0.625000 0.875000
vt 0.625000 0.812500
vt 0.625000 0.750000
vt 0.625000 0.687500
vt 0.625000 0.625000
vt 0.625000 0.562500
vt 0.625000 0.500000
vt 0.625000 0.437500
vt 0.625000 0.375000
vt 0.625000 0.312500
vt 0.625000 0.250000
vt 0.625000 0.187500
vt 0.625000 0.125000
vt 0.625000 0.062500
vt 0.593750 0.937500
vt 0.593750 0.875000
vt 0.593750 0.812500
vt 0.593750 0.750000
vt 0.593750 0.687500
vt 0.593750 0.625000
vt 0.593750 0.562500
vt 0.593750 0.500000
vt 0.593750 0.437500
vt 0.593750 0.375000
vt 0.593750 0.312500
vt 0.593750 0.250000
vt 0.593750 0.187500
vt 0.593750 0.125000
vt 0.593750 0.062500
vt 0.734375 1.000000
vt 0.703125 1.000000
vt 0.671875 1.000000
vt 0.640625 1.000000
vt 0.609375 1.000000
vt 0.578125 1.000000
vt 0.546875 1.000000
vt 0.515625 1.000000
vt 0.484375 1.000000
vt 0.453125 1.000000
vt 0.421875 1.000000
vt 0.390625 1.000000
vt 0.359375 1.000000
vt 0.328125 1.000000
vt 0.296875 1.000000
vt 0.265625 1.000000
vt 0.234375 1.000000
vt 0.203125 1.000000
vt 0.171875 1.000000
vt 0.140625 1.000000
vt 0.109375 1.000000
vt 0.078125 1.000000
vt 0.046875 1.000000
vt 0.015625 1.000000
vt 0.984375 1.000000
vt 0.953125 1.000000
vt 0.921875 1.000000
vt 0.890625 1.000000
vt 0.859375 1.000000
vt 0.828125 1.000000
vt 0.796875 1.000000
vt 0.765625 1.000000
vt 0.562500 0.937500
vt 0.562500 0.875000
vt 0.562500 0.812500
vt 0.562500 0.750000
vt 0.562500 0.687500
vt 0.562500 0.625000
vt 0.562500 0.562500
vt 0.562500 0.500000
vt 0.562500 0.437500
vt 0.562500 0.375000
vt 0.562500 0.312500
vt 0.562500 0.250000
vt 0.562500 0.187500
vt 0.562500 0.125000
vt 0.562500 0.062500
vt 0.531250 0.937500
vt 0.531250 0.875000
vt 0.531250 0.812500
vt 0.531250 0.750000
vt 0.531250 0.687500
vt 0.531250 0.625000
vt 0.531250 0.562500
vt 0.531250 0.500000
vt 0.531250 0.437500
vt 0.531250 0.375000
vt 0.531250 0.312500
vt 0.531250 0.250000
vt 0.531250 0.187500
vt 0.531250 0.125000
vt 0.531250 0.062500
vt 0.500000 0.937500
vt 0.500000 0.875000
vt 0.500000 0.812500
vt 0.500000 0.750000
vt 0.500000 0.687500
vt 0.500000 0.625000
vt 0.500000 0.562500
vt 0.500000 0.500000
vt 0.500000 0.437500
vt 0.500000 0.375000
vt 0.500000 0.312500
vt 0.500000 0.250000
vt 0.500000 0.187500
vt 0.500000 0.125000
vt 0.500000 0.062500
vt 0.468750 0.937500
vt 0.468750 0.875000
vt 0.468750 0.812500
vt 0.468750 0.750000
vt 0.468750 0.687500
vt 0.468750 0.625000
vt 0.468750 0.562500
vt 0.468750 0.500000
vt 0.468750 0.437500
vt 0.468750 0.375000
vt 0.468750 0.312500
vt 0.468750 0.250000
vt 0.468750 0.187500
vt 0.468750 0.125000
vt 0.468750 0.062500
vt 0.437500 0.937500
vt 0.437500 0.875000
vt 0.437500 0.812500
vt 0.437500 0.750000
vt 0.437500 0.687500
vt 0.437500 0.625000
vt 0.437500 0.562500
vt 0.437500 0.500000
vt 0.437500 0.437500
vt 0.437500 0.375000
vt 0.437500 0.312500
vt 0.437500 0.250000
vt 0.437500 0.187500
vt 0.437500 0.125000
vt 0.437500 0.062500
vt 0.406250 0.937500
vt 0.406250 0.875000
vt 0.406250 0.812500
vt 0.406250 0.750000
vt 0.406250 0.687500
vt 0.406250 0.625000
vt 0.406250 0.562500
vt 0.406250 0.500000
vt 0.406250 0.437500
vt 0.406250 0.375000
vt 0.406250 0.312500
vt 0.406250 0.250000
vt 0.406250 0.187500
vt 0.406250 0.125000
vt 0.406250 0.062500
vt 0.375000 0.937500
vt 0.375000 0.875000
vt 0.375000 0.812500
vt 0.375000 0.750000
vt 0.375000 0.687500
vt 0.375000 0.625000
vt 0.375000 0.562500
vt 0.375000 0.500000
vt 0.375000 0.437500
vt 0.375000 0.375000
vt 0.375000 0.312500
vt 0.375000 0.250000
vt 0.375000 0.187500
vt 0.375000 0.125000
vt 0.375000 0.062500
vt 0.343750 0.937500
vt 0.343750 0.875000
vt 0.343750 0.812500
vt 0.343750 0.750000
vt 0.343750 0.687500
vt 0.343750 0.625000
vt 0.343750 0.562500
vt 0.343750 0.500000
vt 0.343750 0.437500
vt 0.343750 0.375000
vt 0.343750 0.312500
vt 0.343750 0.250000
vt 0.343750 0.187500
vt 0.343750 0.125000
vt 0.343750 0.062500
vt 0.312500 0.937500
vt 0.312500 0.875000
vt 0.312500 0.812500
vt 0.312500 0.750000
vt 0.312500 0.687500
vt 0.312500 0.625000
vt 0.312500 0.562500
vt 0.312500 0.500000
vt 0.312500 0.437500
vt 0.312500 0.375000
vt 0.312500 0.312500
vt 0.312500 0.250000
vt 0.312500 0.187500
vt 0.312500 0.125000
vt 0.312500 0.062500
vt 0.281250 0.937500
vt 0.281250 0.875000
vt 0.281250 0.812500
vt 0.281250 0.750000
vt 0.281250 0.687500
vt 0.281250 0.625000
vt 0.281250 0.562500
vt 0.281250 0.500000
vt 0.281250 0.437500
vt 0.281250 0.375000
vt 0.281250 0.312500
vt 0.281250 0.250000
vt 0.281250 0.187500
vt 0.281250 0.125000
vt 0.281250 0.062500
vt 0.250000 0.937500
vt 0.250000 0.875000
vt 0.250000 0.812500
vt 0.250000 0.750000
vt 0.250000 0.687500
vt 0.250000 0.625000
vt 0.250000 0.562500
vt 0.250000 0.500000
vt 0.250000 0.437500
vt 0.250000 0.375000
vt 0.250000 0.312500
vt 0.250000 0.250000
vt 0.250000 0.187500
vt 0.250000 0.125000
vt 0.250000 0.062500
vt 0.218750 0.937500
vt 0.218750 0.875000
vt 0.218750 0.812500
vt 0.218750 0.750000
vt 0.218750 0.687500
vt 0.218750 0.625000
vt 0.218750 0.562500
vt 0.218750 0.500000
vt 0.218750 0.437500
vt 0.218750 0.375000
vt 0.218750 0.312500
vt 0.218750 0.250000
vt 0.218750 0.187500
vt 0.218750 0.125000
vt 0.218750 0.062500
vt 0.187500 0.937500
vt 0.187500 0.875000
vt 0.187500 0.812500
vt 0.187500 0.750000
vt 0.187500 0.687500
vt 0.187500 0.625000
vt 0.187500 0.562500
vt 0.187500 0.500000
vt 0.187500 0.437500
vt 0.187500 0.375000
vt 0.187500 0.312500
vt 0.187500 0.250000
vt 0.187500 0.187500
vt 0.187500 0.125000
vt 0.187500 0.062500
vt 0.156250 0.937500
vt 0.156250 0.875000
vt 0.156250 0.812500
vt 0.156250 0.750000
vt 0.156250 0.687500
vt 0.156250 0.625000
vt 0.156250 0.562500
vt 0.156250 0.500000
vt 0.156250 0.437500
vt 0.156250 0.375000
vt 0.156250 0.312500
vt 0.156250 0.250000
vt 0.156250 0.187500
vt 0.156250 0.125000
vt 0.156250 0.062500
vt 0.125000 0.937500
vt 0.125000 0.875000
vt 0.125000 0.812500
vt 0.125000 0.750000
vt 0.125000 0.687500
vt 0.125000 0.625000
vt 0.125000 0.562500
vt 0.125000 0.500000
vt 0.125000 0.437500
vt 0.125000 0.375000
vt 0.125000 0.312500
vt 0.125000 0.250000
vt 0.125000 0.187500
vt 0.125000 0.125000
vt 0.125000 0.062500
vt 0.734375 0.000000
vt 0.703125 0.000000
vt 0.671875 0.000000
vt 0.640625 0.000000
vt 0.609375 0.000000
vt 0.578125 0.000000
vt 0.546875 0.000000
vt 0.515625 0.000000
vt 0.484375 0.000000
vt 0.453125 0.000000
vt 0.421875 0.000000
vt 0.390625 0.000000
vt 0.359375 0.000000
vt 0.328125 0.000000
vt 0.296875 0.000000
vt 0.265625 0.000000
vt 0.234375 0.000000
vt 0.203125 0.000000
vt 0.171875 0.000000
vt 0.140625 0.000000
vt 0.109375 0.000000
vt 0.078125 0.000000
vt 0.046875 0.000000
vt 0.015625 0.000000
vt 0.984375 0.000000
vt 0.953125 0.000000
vt 0.921875 0.000000
vt 0.890625 0.000000
vt 0.859375 0.000000
vt 0.828125 0.000000
vt 0.796875 0.000000
vt 0.765625 0.000000
vt 0.093750 0.937500
vt 0.093750 0.875000
vt 0.093750 0.812500
vt 0.093750 0.750000
vt 0.093750 0.687500
vt 0.093750 0.625000
vt 0.093750 0.562500
vt 0.093750 0.500000
vt 0.093750 0.437500
vt 0.093750 0.375000
vt 0.093750 0.312500
vt 0.093750 0.250000
vt 0.093750 0.187500
vt 0.093750 0.125000
vt 0.093750 0.062500
vt 0.062500 0.937500
vt 0.062500 0.875000
vt 0.062500 0.812500
vt 0.062500 0.750000
vt 0.062500 0.687500
vt 0.062500 0.625000
vt 0.062500 0.562500
vt 0.062500 0.500000
vt 0.062500 0.437500
vt 0.062500 0.375000
vt 0.062500 0.312500
vt 0.062500 0.250000
vt 0.062500 0.187500
vt 0.062500 0.125000
vt 0.062500 0.062500
vt 0.031250 0.937500
vt 0.031250 0.875000
vt 0.031250 0.812500
vt 0.031250 0.750000
vt 0.031250 0.687500
vt 0.031250 0.625000
vt 0.031250 0.562500
vt 0.031250 0.500000
vt 0.031250 0.437500
vt 0.031250 0.375000
vt 0.031250 0.312500
vt 0.031250 0.250000
vt 0.031250 0.187500
vt 0.031250 0.125000
vt 0.031250 0.062500
vt 0.000000 0.937500
vt 1.000000 0.937500
vt 0.000000 0.875000
vt 1.000000 0.875000
vt 0.000000 0.812500
vt 1.000000 0.812500
vt 0.000000 0.750000
vt 1.000000 0.750000
vt 0.000000 0.687500
vt 1.000000 0.687500
vt 0.000000 0.625000
vt 1.000000 0.625000
vt 0.000000 0.562500
vt 1.000000 0.562500
vt 0.000000 0.500000
vt 1.000000 0.500000
vt 0.000000 0.437500
vt 1.000000 0.437500
vt 0.000000 0.375000
vt 1.000000 0.375000
vt 0.000000 0.312500
vt 1.000000 0.312500
vt 0.000000 0.250000
vt 1.000000 0.250000
vt 0.000000 0.187500
vt 1.000000 0.187500
vt 0.000000 0.125000
vt 1.000000 0.125000
vt 0.000000 0.062500
vt 1.000000 0.062500
vt 0.968750 0.937500
vt 0.968750 0.875000
vt 0.968750 0.812500
vt 0.968750 0.750000
vt 0.968750 0.687500
vt 0.968750 0.625000
vt 0.968750 0.562500
vt 0.968750 0.500000
vt 0.968750 0.437500
vt 0.968750 0.375000
vt 0.968750 0.312500
vt 0.968750 0.250000
vt 0.968750 0.187500
vt 0.968750 0.125000
vt 0.968750 0.062500
vt 0.937500 0.937500
vt 0.937500 0.875000
vt 0.937500 0.812500
vt 0.937500 0.750000
vt 0.937500 0.687500
vt 0.937500 0.625000
vt 0.937500 0.562500
vt 0.937500 0.500000
vt 0.937500 0.437500
vt 0.937500 0.375000
vt 0.937500 0.312500
vt 0.937500 0.250000
vt 0.937500 0.187500
vt 0.937500 0.125000
vt 0.937500 0.062500
vt 0.906250 0.937500
vt 0.906250 0.875000
vt 0.906250 0.812500
vt 0.906250 0.750000
vt 0.906250 0.687500
vt 0.906250 0.625000
vt 0.906250 0.562500
vt 0.906250 0.500000
vt 0.906250 0.437500
vt 0.906250 0.375000
vt 0.906250 0.312500
vt 0.906250 0.250000
vt 0.906250 0.187500
vt 0.906250 0.125000
vt 0.906250 0.062500
vt 0.875000 0.937500
vt 0.875000 0.875000
vt 0.875000 0.812500
vt 0.875000 0.750000
vt 0.875000 0.687500
vt 0.875000 0.625000
vt 0.875000 0.562500
vt 0.875000 0.500000
vt 0.875000 0.437500
vt 0.875000 0.375000
vt 0.875000 0.312500
vt 0.875000 0.250000
vt 0.875000 0.187500
vt 0.875000 0.125000
vt 0.875000 0.062500
vt 0.843750 0.937500
vt 0.843750 0.875000
vt 0.843750 0.812500
vt 0.843750 0.750000
vt 0.843750 0.687500
vt 0.843750 0.625000
vt 0.843750 0.562500
vt 0.843750 0.500000
vt 0.843750 0.437500
vt 0.843750 0.375000
vt 0.843750 0.312500
vt 0.843750 0.250000
vt 0.843750 0.187500
vt 0.843750 0.125000
vt 0.843750 0.062500
vt 0.812500 0.937500
vt 0.812500 0.875000
vt 0.812500 0.812500
vt 0.812500 0.750000
vt 0.812500 0.687500
vt 0.812500 0.625000
vt 0.812500 0.562500
vt 0.812500 0.500000
vt 0.812500 0.437500
vt 0.812500 0.375000
vt 0.812500 0.312500
vt 0.812500 0.250000
vt 0.812500 0.187500
vt 0.812500 0.125000
vt 0.812500 0.062500
vt 0.781250 0.937500
vt 0.781250 0.875000
vt 0.781250 0.812500
vt 0.781250 0.750000
vt 0.781250 0.687500
vt 0.781250 0.625000
vt 0.781250 0.562500
vt 0.781250 0.500000
vt 0.781250 0.437500
vt 0.781250 0.375000
vt 0.781250 0.312500
vt 0.781250 0.250000
vt 0.781250 0.187500
vt 0.781250 0.125000
vt 0.781250 0.062500
vt 0.750000 0.937500
vt 0.750000 0.875000
vt 0.750000 0.750000
vt 0.750000 0.625000
vt 0.750000 0.375000
vt 0.750000 0.250000
vt 0.750000 0.187500
vt 0.750000 0.125000
vt 0.750000 0.062500
vt 0.750000 0.812500
vt 0.750000 0.687500
vt 0.750000 0.562500
vt 0.750000 0.500000
vt 0.750000 0.437500
vt 0.750000 0.312500
vt 0.718750 0.937500
vt 0.718750 0.875000
vt 0.718750 0.812500
vt 0.718750 0.750000
vt 0.718750 0.687500
vt 0.718750 0.625000
vt 0.718750 0.562500
vt 0.718750 0.500000
vt 0.718750 0.437500
vt 0.718750 0.375000
vt 0.718750 0.312500
vt 0.718750 0.250000
vt 0.718750 0.187500
vt 0.718750 0.125000
vt 0.718750 0.062500
vt 0.687500 0.937500
vt 0.687500 0.875000
vt 0.687500 0.812500
vt 0.687500 0.750000
vt 0.687500 0.687500
vt 0.687500 0.625000
vt 0.687500 0.562500
vt 0.687500 0.500000
vt 0.687500 0.437500
vt 0.687500 0.375000
vt 0.687500 0.312500
vt 0.687500 0.250000
vt 0.687500 0.187500
vt 0.687500 0.125000
vt 0.687500 0.062500
vt 0.656250 0.937500
vt 0.656250 0.875000
vt 0.656250 0.812500
vt 0.656250 0.750000
vt 0.656250 0.687500
vt 0.656250 0.625000
vt 0.656250 0.562500
vt 0.656250 0.500000
vt 0.656250 0.437500
vt 0.656250 0.375000
vt 0.656250 0.312500
vt 0.656250 0.250000
vt 0.656250 0.187500
vt 0.656250 0.125000
vt 0.656250 0.062500
vt 0.625000 0.937500
vt 0.625000 0.875000
vt 0.625000 0.812500
vt 0.625000 0.750000
vt 0.625000 0.687500
vt 0.625000 0.625000
vt 0.625000 0.562500
vt 0.625000 0.500000
vt 0.625000 0.437500
vt 0.625000 0.375000
vt 0.625000 0.312500
vt 0.625000 0.250000
vt 0.625000 0.187500
vt 0.625000 0.125000
vt 0.625000 0.062500
vt 0.593750 0.937500
vt 0.593750 0.875000
vt 0.593750 0.812500
vt 0.593750 0.750000
vt 0.593750 0.687500
vt 0.593750 0.625000
vt 0.593750 0.562500
vt 0.593750 0.500000
vt 0.593750 0.437500
vt 0.593750 0.375000
vt 0.593750 0.312500
vt 0.593750 0.250000
vt 0.593750 0.187500
vt 0.593750 0.125000
vt 0.593750 0.062500
vt 0.734375 1.000000
vt 0.703125 1.000000
vt 0.671875 1.000000
vt 0.640625 1.000000
vt 0.609375 1.000000
vt 0.578125 1.000000
vt 0.546875 1.000000
vt 0.515625 1.000000
vt 0.484375 1.000000
vt 0.453125 1.000000
vt 0.421875 1.000000
vt 0.390625 1.000000
vt 0.359375 1.000000
vt 0.328125 1.000000
vt 0.296875 1.000000
vt 0.265625 1.000000
vt 0.234375 1.000000
vt 0.203125 1.000000
vt 0.171875 1.000000
vt 0.140625 1.000000
vt 0.109375 1.000000
vt 0.078125 1.000000
vt 0.046875 1.000000
vt 0.015625 1.000000
vt 0.984375 1.000000
vt 0.953125 1.000000
vt 0.921875 1.000000
vt 0.890625 1.000000
vt 0.859375 1.000000
vt 0.828125 1.000000
vt 0.796875 1.000000
vt 0.765625 1.000000
vt 0.562500 0.937500
vt 0.562500 0.875000
vt 0.562500 0.812500
vt 0.562500 0.750000
vt 0.562500 0.687500
vt 0.562500 0.625000
vt 0.562500 0.562500
vt 0.562500 0.500000
vt 0.562500 0.437500
vt 0.562500 0.375000
vt 0.562500 0.312500
vt 0.562500 0.250000
vt 0.562500 0.187500
vt 0.562500 0.125000
vt 0.562500 0.062500
vt 0.531250 0.937500
vt 0.531250 0.875000
vt 0.531250 0.812500
vt 0.531250 0.750000
vt 0.531250 0.687500
vt 0.531250 0.625000
vt 0.531250 0.562500
vt 0.531250 0.500000
vt 0.531250 0.437500
vt 0.531250 0.375000
vt 0.531250 0.312500
vt 0.531250 0.250000
vt 0.531250 0.187500
vt 0.531250 0.125000
vt 0.531250 0.062500
vt 0.500000 0.937500
vt 0.500000 0.875000
vt 0.500000 0.812500
vt 0.500000 0.750000
vt 0.500000 0.687500
vt 0.500000 0.625000
vt 0.500000 0.562500
vt 0.500000 0.500000
vt 0.500000 0.437500
vt 0.500000 0.375000
vt 0.500000 0.312500
vt 0.500000 0.250000
vt 0.500000 0.187500
vt 0.500000 0.125000
vt 0.500000 0.062500
vt 0.468750 0.937500
vt 0.468750 0.875000
vt 0.468750 0.812500
vt 0.468750 0.750000
vt 0.468750 0.687500
vt 0.468750 0.625000
vt 0.468750 0.562500
vt 0.468750 0.500000
vt 0.468750 0.437500
vt 0.468750 0.375000
vt 0.468750 0.312500
vt 0.468750 0.250000
vt 0.468750 0.187500
vt 0.468750 0.125000
vt 0.468750 0.062500
vt 0.437500 0.937500
vt 0.437500 0.875000
vt 0.437500 0.812500
vt 0.437500 0.750000
vt 0.437500 0.687500
vt 0.437500 0.625000
vt 0.437500 0.562500
vt 0.437500 0.500000
vt 0.437500 0.437500
vt 0.437500 0.375000
vt 0.437500 0.312500
vt 0.437500 0.250000
vt 0.437500 0.187500
vt 0.437500 0.125000
vt 0.437500 0.062500
vt 0.406250 0.937500
vt 0.406250 0.875000
vt 0.406250 0.812500
vt 0.406250 0.750000
vt 0.406250 0.687500
vt 0.406250 0.625000
vt 0.406250 0.562500
vt 0.406250 0.500000
vt 0.406250 0.437500
vt 0.406250 0.375000
vt 0.406250 0.312500
vt 0.406250 0.250000
vt 0.406250 0.187500
vt 0.406250 0.125000
vt 0.406250 0.062500
vt 0.375000 0.937500
vt 0.375000 0.875000
vt 0.375000 0.812500
vt 0.375000 0.750000
vt 0.375000 0.687500
vt 0.375000 0.625000
vt 0.375000 0.562500
vt 0.375000 0.500000
vt 0.375000 0.437500
vt 0.375000 0.375000
vt 0.375000 0.312500
vt 0.375000 0.250000
vt 0.375000 0.187500
vt 0.375000 0.125000
vt 0.375000 0.062500
vt 0.343750 0.937500
vt 0.343750 0.875000
vt 0.343750 0.812500
vt 0.343750 0.750000
vt 0.343750 0.687500
vt 0.343750 0.625000
vt 0.343750 0.562500
vt 0.343750 0.500000
vt 0.343750 0.437500
vt 0.343750 0.375000
vt 0.343750 0.312500
vt 0.343750 0.250000
vt 0.343750 0.187500
vt 0.343750 0.125000
vt 0.343750 0.062500
vt 0.312500 0.937500
vt 0.312500 0.875000
vt 0.312500 0.812500
vt 0.312500 0.750000
vt 0.312500 0.687500
vt 0.312500 0.625000
vt 0.312500 0.562500
vt 0.312500 0.500000
vt 0.312500 0.437500
vt 0.312500 0.375000
vt 0.312500 0.312500
vt 0.312500 0.250000
vt 0.312500 0.187500
vt 0.312500 0.125000
vt 0.312500 0.062500
vt 0.281250 0.937500
vt 0.281250 0.875000
vt 0.281250 0.812500
vt 0.281250 0.750000
vt 0.281250 0.687500
vt 0.281250 0.625000
vt 0.281250 0.562500
vt 0.281250 0.500000
vt 0.281250 0.437500
vt 0.281250 0.375000
vt 0.281250 0.312500
vt 0.281250 0.250000
vt 0.281250 0.187500
vt 0.281250 0.125000
vt 0.281250 0.062500
vt 0.250000 0.937500
vt 0.250000 0.875000
vt 0.250000 0.812500
vt 0.250000 0.750000
vt 0.250000 0.687500
vt 0.250000 0.625000
vt 0.250000 0.562500
vt 0.250000 0.500000
vt 0.250000 0.437500
vt 0.250000 0.375000
vt 0.250000 0.312500
vt 0.250000 0.250000
vt 0.250000 0.187500
vt 0.250000 0.125000
vt 0.250000 0.062500
vt 0.218750 0.937500
vt 0.218750 0.875000
vt 0.218750 0.812500
vt 0.218750 0.750000
vt 0.218750 0.687500
vt 0.218750 0.625000
vt 0.218750 0.562500
vt 0.218750 0.500000
vt 0.218750 0.437500
vt 0.218750 0.375000
vt 0.218750 0.312500
vt 0.218750 0.250000
vt 0.218750 0.187500
vt 0.218750 0.125000
vt 0.218750 0.062500
vt 0.187500 0.937500
vt 0.187500 0.875000
vt 0.187500 0.812500
vt 0.187500 0.750000
vt 0.187500 0.687500
vt 0.187500 0.625000
vt 0.187500 0.562500
vt 0.187500 0.500000
vt 0.187500 0.437500
vt 0.187500 0.375000
vt 0.187500 0.312500
vt 0.187500 0.250000
vt 0.187500 0.187500
vt 0.187500 0.125000
vt 0.187500 0.062500
vt 0.156250 0.937500
vt 0.156250 0.875000
vt 0.156250 0.812500
vt 0.156250 0.750000
vt 0.156250 0.687500
vt 0.156250 0.625000
vt 0.156250 0.562500
vt 0.156250 0.500000
vt 0.156250 0.437500
vt 0.156250 0.375000
vt 0.156250 0.312500
vt 0.156250 0.250000
vt 0.156250 0.187500
vt 0.156250 0.125000
vt 0.156250 0.062500
vt 0.125000 0.937500
vt 0.125000 0.875000
vt 0.125000 0.812500
vt 0.125000 0.750000
vt 0.125000 0.687500
vt 0.125000 0.625000
vt 0.125000 0.562500
vt 0.125000 0.500000
vt 0.125000 0.437500
vt 0.125000 0.375000
vt 0.125000 0.312500
vt 0.125000 0.250000
vt 0.125000 0.187500
vt 0.125000 0.125000
vt 0.125000 0.062500
vt 0.734375 0.000000
vt 0.703125 0.000000
vt 0.671875 0.000000
vt 0.640625 0.000000
vt 0.609375 0.000000
vt 0.578125 0.000000
vt 0.546875 0.000000
vt 0.515625 0.000000
vt 0.484375 0.000000
vt 0.453125 0.000000
vt 0.421875 0.000000
vt 0.390625 0.000000
vt 0.359375 0.000000
vt 0.328125 0.000000
vt 0.296875 0.000000
vt 0.265625 0.000000
vt 0.234375 0.000000
vt 0.203125 0.000000
vt 0.171875 0.000000
vt 0.140625 0.000000
vt 0.109375 0.000000
vt 0.078125 0.000000
vt 0.046875 0.000000
vt 0.015625 0.000000
vt 0.984375 0.000000
vt 0.953125 0.000000
vt 0.921875 0.000000
vt 0.890625 0.000000
vt 0.859375 0.000000
vt 0.828125 0.000000
vt 0.796875 0.000000
vt 0.765625 0.000000
vt 0.093750 0.937500
vt 0.093750 0.875000
vt 0.093750 0.812500
vt 0.093750 0.750000
vt 0.093750 0.687500
vt 0.093750 0.625000
vt 0.093750 0.562500
vt 0.093750 0.500000
vt 0.093750 0.437500
vt 0.093750 0.375000
vt 0.093750 0.312500
vt 0.093750 0.250000
vt 0.093750 0.187500
vt 0.093750 0.125000
vt 0.093750 0.062500
vt 0.062500 0.937500
vt 0.062500 0.875000
vt 0.062500 0.812500
vt 0.062500 0.750000
vt 0.062500 0.687500
vt 0.062500 0.625000
vt 0.062500 0.562500
vt 0.062500 0.500000
vt 0.062500 0.437500
vt 0.062500 0.375000
vt 0.062500 0.312500
vt 0.062500 0.250000
vt 0.062500 0.187500
vt 0.062500 0.125000
vt 0.062500 0.062500
vt 0.031250 0.937500
vt 0.031250 0.875000
vt 0.031250 0.812500
vt 0.031250 0.750000
vt 0.031250 0.687500
vt 0.031250 0.625000
vt 0.031250 0.562500
vt 0.031250 0.500000
vt 0.031250 0.437500
vt 0.031250 0.375000
vt 0.031250 0.312500
vt 0.031250 0.250000
vt 0.031250 0.187500
vt 0.031250 0.125000
vt 0.031250 0.062500
vt 0.000000 0.937500
vt 1.000000 0.937500
vt 0.000000 0.875000
vt 1.000000 0.875000
vt 0.000000 0.812500
vt 1.000000 0.812500
vt 0.000000 0.750000
vt 1.000000 0.750000
vt 0.000000 0.687500
vt 1.000000 0.687500
vt 0.000000 0.625000
vt 1.000000 0.625000
vt 0.000000 0.562500
vt 1.000000 0.562500
vt 0.000000 0.500000
vt 1.000000 0.500000
vt 0.000000 0.437500
vt 1.000000 0.437500
vt 0.000000 0.375000
vt 1.000000 0.375000
vt 0.000000 0.312500
vt 1.000000 0.312500
vt 0.000000 0.250000
vt 1.000000 0.250000
vt 0.000000 0.187500
vt 1.000000 0.187500
vt 0.000000 0.125000
vt 1.000000 0.125000
vt 0.000000 0.062500
vt 1.000000 0.062500
vt 0.968750 0.937500
vt 0.968750 0.875000
vt 0.968750 0.812500
vt 0.968750 0.750000
vt 0.968750 0.687500
vt 0.968750 0.625000
vt 0.968750 0.562500
vt 0.968750 0.500000
vt 0.968750 0.437500
vt 0.968750 0.375000
vt 0.968750 0.312500
vt 0.968750 0.250000
vt 0.968750 0.187500
vt 0.968750 0.125000
vt 0.968750 0.062500
vt 0.937500 0.937500
vt 0.937500 0.875000
vt 0.937500 0.812500
vt 0.937500 0.750000
vt 0.937500 0.687500
vt 0.937500 0.625000
vt 0.937500 0.562500
vt 0.937500 0.500000
vt 0.937500 0.437500
vt 0.937500 0.375000
vt 0.937500 0.312500
vt 0.937500 0.250000
vt 0.937500 0.187500
vt 0.937500 0.125000
vt 0.937500 0.062500
vt 0.906250 0.937500
vt 0.906250 0.875000
vt 0.906250 0.812500
vt 0.906250 0.750000
vt 0.906250 0.687500
vt 0.906250 0.625000
vt 0.906250 0.562500
vt 0.906250 0.500000
vt 0.906250 0.437500
vt 0.906250 0.375000
vt 0.906250 0.312500
vt 0.906250 0.250000
vt 0.906250 0.187500
vt 0.906250 0.125000
vt 0.906250 0.062500
vt 0.875000 0.937500
vt 0.875000 0.875000
vt 0.875000 0.812500
vt 0.875000 0.750000
vt 0.875000 0.687500
vt 0.875000 0.625000
vt 0.875000 0.562500
vt 0.875000 0.500000
vt 0.875000 0.437500
vt 0.875000 0.375000
vt 0.875000 0.312500
vt 0.875000 0.250000
vt 0.875000 0.187500
vt 0.875000 0.125000
vt 0.875000 0.062500
vt 0.843750 0.937500
vt 0.843750 0.875000
vt 0.843750 0.812500
vt 0.843750 0.750000
vt 0.843750 0.687500
vt 0.843750 0.625000
vt 0.843750 0.562500
vt 0.843750 0.500000
vt 0.843750 0.437500
vt 0.843750 0.375000
vt 0.843750 0.312500
vt 0.843750 0.250000
vt 0.843750 0.187500
vt 0.843750 0.125000
vt 0.843750 0.062500
vt 0.812500 0.937500
vt 0.812500 0.875000
vt 0.812500 0.812500
vt 0.812500 0.750000
vt 0.812500 0.687500
vt 0.812500 0.625000
vt 0.812500 0.562500
vt 0.812500 0.500000
vt 0.812500 0.437500
vt 0.812500 0.375000
vt 0.812500 0.312500
vt 0.812500 0.250000
vt 0.812500 0.187500
vt 0.812500 0.125000
vt 0.812500 0.062500
vt 0.781250 0.937500
vt 0.781250 0.875000
vt 0.781250 0.812500
vt 0.781250 0.750000
vt 0.781250 0.687500
vt 0.781250 0.625000
vt 0.781250 0.562500
vt 0.781250 0.500000
vt 0.781250 0.437500
vt 0.781250 0.375000
vt 0.781250 0.312500
vt 0.781250 0.250000
vt 0.781250 0.187500
vt 0.781250 0.125000
vt 0.781250 0.062500
vt 0.750000 0.937500
vt 0.750000 0.875000
vt 0.750000 0.750000
vt 0.750000 0.625000
vt 0.750000 0.375000
vt 0.750000 0.250000
vt 0.750000 0.187500
vt 0.750000 0.125000
vt 0.750000 0.062500
vt 0.750000 0.812500
vt 0.750000 0.687500
vt 0.750000 0.562500
vt 0.750000 0.500000
vt 0.750000 0.437500
vt 0.750000 0.312500
vt 0.718750 0.937500
vt 0.718750 0.875000
vt 0.718750 0.812500
vt 0.718750 0.750000
vt 0.718750 0.687500
vt 0.718750 0.625000
vt 0.718750 0.562500
vt 0.718750 0.500000
vt 0.718750 0.437500
vt 0.718750 0.375000
vt 0.718750 0.312500
vt 0.718750 0.250000
vt 0.718750 0.187500
vt 0.718750 0.125000
vt 0.718750 0.062500
vt 0.687500 0.937500
vt 0.687500 0.875000
vt 0.687500 0.812500
vt 0.687500 0.750000
vt 0.687500 0.687500
vt 0.687500 0.625000
vt 0.687500 0.562500
vt 0.687500 0.500000
vt 0.687500 0.437500
vt 0.687500 0.375000
vt 0.687500 0.312500
vt 0.687500 0.250000
vt 0.687500 0.187500
vt 0.687500 0.125000
vt 0.687500 0.062500
vt 0.656250 0.937500
vt 0.656250 0.875000
vt 0.656250 0.812500
vt 0.656250 0.750000
vt 0.656250 0.687500
vt 0.656250 0.625000
vt 0.656250 0.562500
vt 0.656250 0.500000
vt 0.656250 0.437500
vt 0.656250 0.375000
vt 0.656250 0.312500
vt 0.656250 0.250000
vt 0.656250 0.187500
vt 0.656250 0.125000
vt 0.656250 0.062500
vt 0.625000 0.937500
vt 0.625000 0.875000
vt 0.625000 0.812500
vt 0.625000 0.750000
vt 0.625000 0.687500
vt 0.625000 0.625000
vt 0.625000 0.562500
vt 0.625000 0.500000
vt 0.625000 0.437500
vt 0.625000 0.375000
vt 0.625000 0.312500
vt 0.625000 0.250000
vt 0.625000 0.187500
vt 0.625000 0.125000
vt 0.625000 0.062500
vt 0.593750 0.937500
vt 0.593750 0.875000
vt 0.593750 0.812500
vt 0.593750 0.750000
vt 0.593750 0.687500
vt 0.593750 0.625000
vt 0.593750 0.562500
vt 0.593750 0.500000
vt 0.593750 0.437500
vt 0.593750 0.375000
vt 0.593750 0.312500
vt 0.593750 0.250000
vt 0.593750 0.187500
vt 0.593750 0.125000
vt 0.593750 0.062500
vt 0.734375 1.000000
vt 0.703125 1.000000
vt 0.671875 1.000000
vt 0.640625 1.000000
vt 0.609375 1.000000
vt 0.578125 1.000000
vt 0.546875 1.000000
vt 0.515625 1.000000
vt 0.484375 1.000000
vt 0.453125 1.000000
vt 0.421875 1.000000
vt 0.390625 1.000000
vt 0.359375 1.000000
vt 0.328125 1.000000
vt 0.296875 1.000000
vt 0.265625 1.000000
vt 0.234375 1.000000
vt 0.203125 1.000000
vt 0.171875 1.000000
vt 0.140625 1.000000
vt 0.109375 1.000000
vt 0.078125 1.000000
vt 0.046875 1.000000
vt 0.015625 1.000000
vt 0.984375 1.000000
vt 0.953125 1.000000
vt 0.921875 1.000000
vt 0.890625 1.000000
vt 0.859375 1.000000
vt 0.828125 1.000000
vt 0.796875 1.000000
vt 0.765625 1.000000
vt 0.562500 0.937500
vt 0.562500 0.875000
vt 0.562500 0.812500
vt 0.562500 0.750000
vt 0.562500 0.687500
vt 0.562500 0.625000
vt 0.562500 0.562500
vt 0.562500 0.500000
vt 0.562500 0.437500
vt 0.562500 0.375000
vt 0.562500 0.312500
vt 0.562500 0.250000
vt 0.562500 0.187500
vt 0.562500 0.125000
vt 0.562500 0.062500
vt 0.531250 0.937500
vt 0.531250 0.875000
vt 0.531250 0.812500
vt 0.531250 0.750000
vt 0.531250 0.687500
vt 0.531250 0.625000
vt 0.531250 0.562500
vt 0.531250 0.500000
vt 0.531250 0.437500
vt 0.531250 0.375000
vt 0.531250 0.312500
vt 0.531250 0.250000
vt 0.531250 0.187500
vt 0.531250 0.125000
vt 0.531250 0.062500
vt 0.500000 0.937500
vt 0.500000 0.875000
vt 0.500000 0.812500
vt 0.500000 0.750000
vt 0.500000 0.687500
vt 0.500000 0.625000
vt 0.500000 0.562500
vt 0.500000 0.500000
vt 0.500000 0.437500
vt 0.500000 0.375000
vt 0.500000 0.312500
vt 0.500000 0.250000
vt 0.500000 0.187500
vt 0.500000 0.125000
vt 0.500000 0.062500
vt 0.468750 0.937500
vt 0.468750 0.875000
vt 0.468750 0.812500
vt 0.468750 0.750000
vt 0.468750 0.687500
vt 0.468750 0.625000
vt 0.468750 0.562500
vt 0.468750 0.500000
vt 0.468750 0.437500
vt 0.468750 0.375000
vt 0.468750 0.312500
vt 0.468750 0.250000
vt 0.468750 0.187500
vt 0.468750 0.125000
vt 0.468750 0.062500
vt 0.437500 0.937500
vt 0.437500 0.875000
vt 0.437500 0.812500
vt 0.437500 0.750000
vt 0.437500 0.687500
vt 0.437500 0.625000
vt 0.437500 0.562500
vt 0.437500 0.500000
vt 0.437500 0.437500
vt 0.437500 0.375000
vt 0.437500 0.312500
vt 0.437500 0.250000
vt 0.437500 0.187500
vt 0.437500 0.125000
vt 0.437500 0.062500
vt 0.406250 0.937500
vt 0.406250 0.875000
vt 0.406250 0.812500
vt 0.406250 0.750000
vt 0.406250 0.687500
vt 0.406250 0.625000
vt 0.406250 0.562500
vt 0.406250 0.500000
vt 0.406250 0.437500
vt 0.406250 0.375000
vt 0.406250 0.312500
vt 0.406250 0.250000
vt 0.406250 0.187500
vt 0.406250 0.125000
vt 0.406250 0.062500
vt 0.375000 0.937500
vt 0.375000 0.875000
vt 0.375000 0.812500
vt 0.375000 0.750000
vt 0.375000 0.687500
vt 0.375000 0.625000
vt 0.375000 0.562500
vt 0.375000 0.500000
vt 0.375000 0.437500
vt 0.375000 0.375000
vt 0.375000 0.312500
vt 0.375000 0.250000
vt 0.375000 0.187500
vt 0.375000 0.125000
vt 0.375000 0.062500
vt 0.343750 0.937500
vt 0.343750 0.875000
vt 0.343750 0.812500
vt 0.343750 0.750000
vt 0.343750 0.687500
vt 0.343750 0.625000
vt 0.343750 0.562500
vt 0.343750 0.500000
vt 0.343750 0.437500
vt 0.343750 0.375000
vt 0.343750 0.312500
vt 0.343750 0.250000
vt 0.343750 0.187500
vt 0.343750 0.125000
vt 0.343750 0.062500
vt 0.312500 0.937500
vt 0.312500 0.875000
vt 0.312500 0.812500
vt 0.312500 0.750000
vt 0.312500 0.687500
vt 0.312500 0.625000
vt 0.312500 0.562500
vt 0.312500 0.500000
vt 0.312500 0.437500
vt 0.312500 0.375000
vt 0.312500 0.312500
vt 0.312500 0.250000
vt 0.312500 0.187500
vt 0.312500 0.125000
vt 0.312500 0.062500
vt 0.281250 0.937500
vt 0.281250 0.875000
vt 0.281250 0.812500
vt 0.281250 0.750000
vt 0.281250 0.687500
vt 0.281250 0.625000
vt 0.281250 0.562500
vt 0.281250 0.500000
vt 0.281250 0.437500
vt 0.281250 0.375000
vt 0.281250 0.312500
vt 0.281250 0.250000
vt 0.281250 0.187500
vt 0.281250 0.125000
vt 0.281250 0.062500
vt 0.250000 0.937500
vt 0.250000 0.875000
vt 0.250000 0.812500
vt 0.250000 0.750000
vt 0.250000 0.687500
vt 0.250000 0.625000
vt 0.250000 0.562500
vt 0.250000 0.500000
vt 0.250000 0.437500
vt 0.250000 0.375000
vt 0.250000 0.312500
vt 0.250000 0.250000
vt 0.250000 0.187500
vt 0.250000 0.125000
vt 0.250000 0.062500
vt 0.218750 0.937500
vt 0.218750 0.875000
vt 0.218750 0.812500
vt 0.218750 0.750000
vt 0.218750 0.687500
vt 0.218750 0.625000
vt 0.218750 0.562500
vt 0.218750 0.500000
vt 0.218750 0.437500
vt 0.218750 0.375000
vt 0.218750 0.312500
vt 0.218750 0.250000
vt 0.218750 0.187500
vt 0.218750 0.125000
vt 0.218750 0.062500
vt 0.187500 0.937500
vt 0.187500 0.875000
vt 0.187500 0.812500
vt 0.187500 0.750000
vt 0.187500 0.687500
vt 0.187500 0.625000
vt 0.187500 0.562500
vt 0.187500 0.500000
vt 0.187500 0.437500
vt 0.187500 0.375000
vt 0.187500 0.312500
vt 0.187500 0.250000
vt 0.187500 0.187500
vt 0.187500 0.125000
vt 0.187500 0.062500
vt 0.156250 0.937500
vt 0.156250 0.875000
vt 0.156250 0.812500
vt 0.156250 0.750000
vt 0.156250 0.687500
vt 0.156250 0.625000
vt 0.156250 0.562500
vt 0.156250 0.500000
vt 0.156250 0.437500
vt 0.156250 0.375000
vt 0.156250 0.312500
vt 0.156250 0.250000
vt 0.156250 0.187500
vt 0.156250 0.125000
vt 0.156250 0.062500
vt 0.125000 0.937500
vt 0.125000 0.875000
vt 0.125000 0.812500
vt 0.125000 0.750000
vt 0.125000 0.687500
vt 0.125000 0.625000
vt 0.125000 0.562500
vt 0.125000 0.500000
vt 0.125000 0.437500
vt 0.125000 0.375000
vt 0.125000 0.312500
vt 0.125000 0.250000
vt 0.125000 0.187500
vt 0.125000 0.125000
vt 0.125000 0.062500
vt 0.734375 0.000000
vt 0.703125 0.000000
vt 0.671875 0.000000
vt 0.640625 0.000000
vt 0.609375 0.000000
vt 0.578125 0.000000
vt 0.546875 0.000000
vt 0.515625 0.000000
vt 0.484375 0.000000
vt 0.453125 0.000000
vt 0.421875 0.000000
vt 0.390625 0.000000
vt 0.359375 0.000000
vt 0.328125 0.000000
vt 0.296875 0.000000
vt 0.265625 0.000000
vt 0.234375 0.000000
vt 0.203125 0.000000
vt 0.171875 0.000000
vt 0.140625 0.000000
vt 0.109375 0.000000
vt 0.078125 0.000000
vt 0.046875 0.000000
vt 0.015625 0.000000
vt 0.984375 0.000000
vt 0.953125 0.000000
vt 0.921875 0.000000
vt 0.890625 0.000000
vt 0.859375 0.000000
vt 0.828125 0.000000
vt 0.796875 0.000000
vt 0.765625 0.000000
vt 0.093750 0.937500
vt 0.093750 0.875000
vt 0.093750 0.812500
vt 0.093750 0.750000
vt 0.093750 0.687500
vt 0.093750 0.625000
vt 0.093750 0.562500
vt 0.093750 0.500000
vt 0.093750 0.437500
vt 0.093750 0.375000
vt 0.093750 0.312500
vt 0.093750 0.250000
vt 0.093750 0.187500
vt 0.093750 0.125000
vt 0.093750 0.062500
vt 0.062500 0.937500
vt 0.062500 0.875000
vt 0.062500 0.812500
vt 0.062500 0.750000
vt 0.062500 0.687500
vt 0.062500 0.625000
vt 0.062500 0.562500
vt 0.062500 0.500000
vt 0.062500 0.437500
vt 0.062500 0.375000
vt 0.062500 0.312500
vt 0.062500 0.250000
vt 0.062500 0.187500
vt 0.062500 0.125000
vt 0.062500 0.062500
vt 0.031250 0.937500
vt 0.031250 0.875000
vt 0.031250 0.812500
vt 0.031250 0.750000
vt 0.031250 0.687500
vt 0.031250 0.625000
vt 0.031250 0.562500
vt 0.031250 0.500000
vt 0.031250 0.437500
vt 0.031250 0.375000
vt 0.031250 0.312500
vt 0.031250 0.250000
vt 0.031250 0.187500
vt 0.031250 0.125000
vt 0.031250 0.062500
vt 0.000000 0.937500
vt 1.000000 0.937500
vt 0.000000 0.875000
vt 1.000000 0.875000
vt 0.000000 0.812500
vt 1.000000 0.812500
vt 0.000000 0.750000
vt 1.000000 0.750000
vt 0.000000 0.687500
vt 1.000000 0.687500
vt 0.000000 0.625000
vt 1.000000 0.625000
vt 0.000000 0.562500
vt 1.000000 0.562500
vt 0.000000 0.500000
vt 1.000000 0.500000
vt 0.000000 0.437500
vt 1.000000 0.437500
vt 0.000000 0.375000
vt 1.000000 0.375000
vt 0.000000 0.312500
vt 1.000000 0.312500
vt 0.000000 0.250000
vt 1.000000 0.250000
vt 0.000000 0.187500
vt 1.000000 0.187500
vt 0.000000 0.125000
vt 1.000000 0.125000
vt 1.000000 0.062500
vt 0.000000 0.062500
vt 0.968750 0.937500
vt 0.968750 0.875000
vt 0.968750 0.812500
vt 0.968750 0.750000
vt 0.968750 0.687500
vt 0.968750 0.625000
vt 0.968750 0.562500
vt 0.968750 0.500000
vt 0.968750 0.437500
vt 0.968750 0.375000
vt 0.968750 0.312500
vt 0.968750 0.250000
vt 0.968750 0.187500
vt 0.968750 0.125000
vt 0.968750 0.062500
vt 0.937500 0.937500
vt 0.937500 0.875000
vt 0.937500 0.812500
vt 0.937500 0.750000
vt 0.937500 0.687500
vt 0.937500 0.625000
vt 0.937500 0.562500
vt 0.937500 0.500000
vt 0.937500 0.437500
vt 0.937500 0.375000
vt 0.937500 0.312500
vt 0.937500 0.250000
vt 0.937500 0.187500
vt 0.937500 0.125000
vt 0.937500 0.062500
vt 0.906250 0.937500
vt 0.906250 0.875000
vt 0.906250 0.812500
vt 0.906250 0.750000
vt 0.906250 0.687500
vt 0.906250 0.625000
vt 0.906250 0.562500
vt 0.906250 0.500000
vt 0.906250 0.437500
vt 0.906250 0.375000
vt 0.906250 0.312500
vt 0.906250 0.250000
vt 0.906250 0.187500
vt 0.906250 0.125000
vt 0.906250 0.062500
vt 0.875000 0.937500
vt 0.875000 0.875000
vt 0.875000 0.812500
vt 0.875000 0.750000
vt 0.875000 0.687500
vt 0.875000 0.625000
vt 0.875000 0.562500
vt 0.875000 0.500000
vt 0.875000 0.437500
vt 0.875000 0.375000
vt 0.875000 0.312500
vt 0.875000 0.250000
vt 0.875000 0.187500
vt 0.875000 0.125000
vt 0.875000 0.062500
vt 0.843750 0.937500
vt 0.843750 0.875000
vt 0.843750 0.812500
vt 0.843750 0.750000
vt 0.843750 0.687500
vt 0.843750 0.625000
vt 0.843750 0.562500
vt 0.843750 0.500000
vt 0.843750 0.437500
vt 0.843750 0.375000
vt 0.843750 0.312500
vt 0.843750 0.250000
vt 0.843750 0.187500
vt 0.843750 0.125000
vt 0.843750 0.062500
vt 0.812500 0.937500
vt 0.812500 0.875000
vt 0.812500 0.812500
vt 0.812500 0.750000
vt 0.812500 0.687500
vt 0.812500 0.625000
vt 0.812500 0.562500
vt 0.812500 0.500000
vt 0.812500 0.437500
vt 0.812500 0.375000
vt 0.812500 0.312500
vt 0.812500 0.250000
vt 0.812500 0.187500
vt 0.812500 0.125000
vt 0.812500 0.062500
vt 0.781250 0.937500
vt 0.781250 0.875000
vt 0.781250 0.812500
vt 0.781250 0.750000
vt 0.781250 0.687500
vt 0.781250 0.625000
vt 0.781250 0.562500
vt 0.781250 0.500000
vt 0.781250 0.437500
vt 0.781250 0.375000
vt 0.781250 0.312500
vt 0.781250 0.250000
vt 0.781250 0.187500
vt 0.781250 0.125000
vt 0.781250 0.062500
vt 0.750000 0.937500
vt 0.750000 0.875000
vt 0.750000 0.750000
vt 0.750000 0.625000
vt 0.750000 0.375000
vt 0.750000 0.250000
vt 0.750000 0.187500
vt 0.750000 0.125000
vt 0.750000 0.062500
vt 0.750000 0.812500
vt 0.750000 0.687500
vt 0.750000 0.562500
vt 0.750000 0.500000
vt 0.750000 0.437500
vt 0.750000 0.312500
vt 0.718750 0.937500
vt 0.718750 0.875000
vt 0.718750 0.812500
vt 0.718750 0.750000
vt 0.718750 0.687500
vt 0.718750 0.625000
vt 0.718750 0.562500
vt 0.718750 0.500000
vt 0.718750 0.437500
vt 0.718750 0.375000
vt 0.718750 0.312500
vt 0.718750 0.250000
vt 0.718750 0.187500
vt 0.718750 0.125000
vt 0.718750 0.062500
vt 0.687500 0.937500
vt 0.687500 0.875000
vt 0.687500 0.812500
vt 0.687500 0.750000
vt 0.687500 0.687500
vt 0.687500 0.625000
vt 0.687500 0.562500
vt 0.687500 0.500000
vt 0.687500 0.437500
vt 0.687500 0.375000
vt 0.687500 0.312500
vt 0.687500 0.250000
vt 0.687500 0.187500
vt 0.687500 0.125000
vt 0.687500 0.062500
vt 0.656250 0.937500
vt 0.656250 0.875000
vt 0.656250 0.812500
vt 0.656250 0.750000
vt 0.656250 0.687500
vt 0.656250 0.625000
vt 0.656250 0.562500
vt 0.656250 0.500000
vt 0.656250 0.437500
vt 0.656250 0.375000
vt 0.656250 0.312500
vt 0.656250 0.250000
vt 0.656250 0.187500
vt 0.656250 0.125000
vt 0.656250 0.062500
vt 0.625000 0.937500
vt 0.625000 0.875000
vt 0.625000 0.812500
vt 0.625000 0.750000
vt 0.625000 0.687500
vt 0.625000 0.625000
vt 0.625000 0.562500
vt 0.625000 0.500000
vt 0.625000 0.437500
vt 0.625000 0.375000
vt 0.625000 0.312500
vt 0.625000 0.250000
vt 0.625000 0.187500
vt 0.625000 0.125000
vt 0.625000 0.062500
vt 0.593750 0.937500
vt 0.593750 0.875000
vt 0.593750 0.812500
vt 0.593750 0.750000
vt 0.593750 0.687500
vt 0.593750 0.625000
vt 0.593750 0.562500
vt 0.593750 0.500000
vt 0.593750 0.437500
vt 0.593750 0.375000
vt 0.593750 0.312500
vt 0.593750 0.250000
vt 0.593750 0.187500
vt 0.593750 0.125000
vt 0.593750 0.062500
vt 0.734375 1.000000
vt 0.703125 1.000000
vt 0.671875 1.000000
vt 0.640625 1.000000
vt 0.609375 1.000000
vt 0.578125 1.000000
vt 0.546875 1.000000
vt 0.515625 1.000000
vt 0.484375 1.000000
vt 0.453125 1.000000
vt 0.421875 1.000000
vt 0.390625 1.000000
vt 0.359375 1.000000
vt 0.328125 1.000000
vt 0.296875 1.000000
vt 0.265625 1.000000
vt 0.234375 1.000000
vt 0.203125 1.000000
vt 0.171875 1.000000
vt 0.140625 1.000000
vt 0.109375 1.000000
vt 0.078125 1.000000
vt 0.046875 1.000000
vt 0.015625 1.000000
vt 0.984375 1.000000
vt 0.953125 1.000000
vt 0.921875 1.000000
vt 0.890625 1.000000
vt 0.859375 1.000000
vt 0.828125 1.000000
vt 0.796875 1.000000
vt 0.765625 1.000000
vt 0.562500 0.937500
vt 0.562500 0.875000
vt 0.562500 0.812500
vt 0.562500 0.750000
vt 0.562500 0.687500
vt 0.562500 0.625000
vt 0.562500 0.562500
vt 0.562500 0.500000
vt 0.562500 0.437500
vt 0.562500 0.375000
vt 0.562500 0.312500
vt 0.562500 0.250000
vt 0.562500 0.187500
vt 0.562500 0.125000
vt 0.562500 0.062500
vt 0.531250 0.937500
vt 0.531250 0.875000
vt 0.531250 0.812500
vt 0.531250 0.750000
vt 0.531250 0.687500
vt 0.531250 0.625000
vt 0.531250 0.562500
vt 0.531250 0.500000
vt 0.531250 0.437500
vt 0.531250 0.375000
vt 0.531250 0.312500
vt 0.531250 0.250000
vt 0.531250 0.187500
vt 0.531250 0.125000
vt 0.531250 0.062500
vt 0.500000 0.937500
vt 0.500000 0.875000
vt 0.500000 0.812500
vt 0.500000 0.750000
vt 0.500000 0.687500
vt 0.500000 0.625000
vt 0.500000 0.562500
vt 0.500000 0.500000
vt 0.500000 0.437500
vt 0.500000 0.375000
vt 0.500000 0.312500
vt 0.500000 0.250000
vt 0.500000 0.187500
vt 0.500000 0.125000
vt 0.500000 0.062500
vt 0.468750 0.937500
vt 0.468750 0.875000
vt 0.468750 0.812500
vt 0.468750 0.750000
vt 0.468750 0.687500
vt 0.468750 0.625000
vt 0.468750 0.562500
vt 0.468750 0.500000
vt 0.468750 0.437500
vt 0.468750 0.375000
vt 0.468750 0.312500
vt 0.468750 0.250000
vt 0.468750 0.187500
vt 0.468750 0.125000
vt 0.468750 0.062500
vt 0.437500 0.937500
vt 0.437500 0.875000
vt 0.437500 0.812500
vt 0.437500 0.750000
vt 0.437500 0.687500
vt 0.437500 0.625000
vt 0.437500 0.562500
vt 0.437500 0.500000
vt 0.437500 0.437500
vt 0.437500 0.375000
vt 0.437500 0.312500
vt 0.437500 0.250000
vt 0.437500 0.187500
vt 0.437500 0.125000
vt 0.437500 0.062500
vt 0.406250 0.937500
vt 0.406250 0.875000
vt 0.406250 0.812500
vt 0.406250 0.750000
vt 0.406250 0.687500
vt 0.406250 0.625000
vt 0.406250 0.562500
vt 0.406250 0.500000
vt 0.406250 0.437500
vt 0.406250 0.375000
vt 0.406250 0.312500
vt 0.406250 0.250000
vt 0.406250 0.187500
vt 0.406250 0.125000
vt 0.406250 0.062500
vt 0.375000 0.937500
vt 0.375000 0.875000
vt 0.375000 0.812500
vt 0.375000 0.750000
vt 0.375000 0.687500
vt 0.375000 0.625000
vt 0.375000 0.562500
vt 0.375000 0.500000
vt 0.375000 0.437500
vt 0.375000 0.375000
vt 0.375000 0.312500
vt 0.375000 0.250000
vt 0.375000 0.187500
vt 0.375000 0.125000
vt 0.375000 0.062500
vt 0.343750 0.937500
vt 0.343750 0.875000
vt 0.343750 0.812500
vt 0.343750 0.750000
vt 0.343750 0.687500
vt 0.343750 0.625000
vt 0.343750 0.562500
vt 0.343750 0.500000
vt 0.343750 0.437500
vt 0.343750 0.375000
vt 0.343750 0.312500
vt 0.343750 0.250000
vt 0.343750 0.187500
vt 0.343750 0.125000
vt 0.343750 0.062500
vt 0.312500 0.937500
vt 0.312500 0.875000
vt 0.312500 0.812500
vt 0.312500 0.750000
vt 0.312500 0.687500
vt 0.312500 0.625000
vt 0.312500 0.562500
vt 0.312500 0.500000
vt 0.312500 0.437500
vt 0.312500 0.375000
vt 0.312500 0.312500
vt 0.312500 0.250000
vt 0.312500 0.187500
vt 0.312500 0.125000
vt 0.312500 0.062500
vt 0.281250 0.937500
vt 0.281250 0.875000
vt 0.281250 0.812500
vt 0.281250 0.750000
vt 0.281250 0.687500
vt 0.281250 0.625000
vt 0.281250 0.562500
vt 0.281250 0.500000
vt 0.281250 0.437500
vt 0.281250 0.375000
vt 0.281250 0.312500
vt 0.281250 0.250000
vt 0.281250 0.187500
vt 0.281250 0.125000
vt 0.281250 0.062500
vt 0.250000 0.937500
vt 0.250000 0.875000
vt 0.250000 0.812500
vt 0.250000 0.750000
vt 0.250000 0.687500
vt 0.250000 0.625000
vt 0.250000 0.562500
vt 0.250000 0.500000
vt 0.250000 0.437500
vt 0.250000 0.375000
vt 0.250000 0.312500
vt 0.250000 0.250000
vt 0.250000 0.187500
vt 0.250000 0.125000
vt 0.250000 0.062500
vt 0.218750 0.937500
vt 0.218750 0.875000
vt 0.218750 0.812500
vt 0.218750 0.750000
vt 0.218750 0.687500
vt 0.218750 0.625000
vt 0.218750 0.562500
vt 0.218750 0.500000
vt 0.218750 0.437500
vt 0.218750 0.375000
vt 0.218750 0.312500
vt 0.218750 0.250000
vt 0.218750 0.187500
vt 0.218750 0.125000
vt 0.218750 0.062500
vt 0.187500 0.937500
vt 0.187500 0.875000
vt 0.187500 0.812500
vt 0.187500 0.750000
vt 0.187500 0.687500
vt 0.187500 0.625000
vt 0.187500 0.562500
vt 0.187500 0.500000
vt 0.187500 0.437500
vt 0.187500 0.375000
vt 0.187500 0.312500
vt 0.187500 0.250000
vt 0.187500 0.187500
vt 0.187500 0.125000
vt 0.187500 0.062500
vt 0.156250 0.937500
vt 0.156250 0.875000
vt 0.156250 0.812500
vt 0.156250 0.750000
vt 0.156250 0.687500
vt 0.156250 0.625000
vt 0.156250 0.562500
vt 0.156250 0.500000
vt 0.156250 0.437500
vt 0.156250 0.375000
vt 0.156250 0.312500
vt 0.156250 0.250000
vt 0.156250 0.187500
vt 0.156250 0.125000
vt 0.156250 0.062500
vt 0.125000 0.937500
vt 0.125000 0.875000
vt 0.125000 0.812500
vt 0.125000 0.750000
vt 0.125000 0.687500
vt 0.125000 0.625000
vt 0.125000 0.562500
vt 0.125000 0.500000
vt 0.125000 0.437500
vt 0.125000 0.375000
vt 0.125000 0.312500
vt 0.125000 0.250000
vt 0.125000 0.187500
vt 0.125000 0.125000
vt 0.125000 0.062500
vt 0.734375 0.000000
vt 0.703125 0.000000
vt 0.671875 0.000000
vt 0.640625 0.000000
vt 0.609375 0.000000
vt 0.578125 0.000000
vt 0.546875 0.000000
vt 0.515625 0.000000
vt 0.484375 0.000000
vt 0.453125 0.000000
vt 0.421875 0.000000
vt 0.390625 0.000000
vt 0.359375 0.000000
vt 0.328125 0.000000
vt 0.296875 0.000000
vt 0.265625 0.000000
vt 0.234375 0.000000
vt 0.203125 0.000000
vt 0.171875 0.000000
vt 0.140625 0.000000
vt 0.109375 0.000000
vt 0.078125 0.000000
vt 0.046875 0.000000
vt 0.015625 0.000000
vt 0.984375 0.000000
vt 0.953125 0.000000
vt 0.921875 0.000000
vt 0.890625 0.000000
vt 0.859375 0.000000
vt 0.828125 0.000000
vt 0.796875 0.000000
vt 0.765625 0.000000
vt 0.093750 0.937500
vt 0.093750 0.875000
vt 0.093750 0.812500
vt 0.093750 0.750000
vt 0.093750 0.687500
vt 0.093750 0.625000
vt 0.093750 0.562500
vt 0.093750 0.500000
vt 0.093750 0.437500
vt 0.093750 0.375000
vt 0.093750 0.312500
vt 0.093750 0.250000
vt 0.093750 0.187500
vt 0.093750 0.125000
vt 0.093750 0.062500
vt 0.062500 0.937500
vt 0.062500 0.875000
vt 0.062500 0.812500
vt 0.062500 0.750000
vt 0.062500 0.687500
vt 0.062500 0.625000
vt 0.062500 0.562500
vt 0.062500 0.500000
vt 0.062500 0.437500
vt 0.062500 0.375000
vt 0.062500 0.312500
vt 0.062500 0.250000
vt 0.062500 0.187500
vt 0.062500 0.125000
vt 0.062500 0.062500
vt 0.031250 0.937500
vt 0.031250 0.875000
vt 0.031250 0.812500
vt 0.031250 0.750000
vt 0.031250 0.687500
vt 0.031250 0.625000
vt 0.031250 0.562500
vt 0.031250 0.500000
vt 0.031250 0.437500
vt 0.031250 0.375000
vt 0.031250 0.312500
vt 0.031250 0.250000
vt 0.031250 0.187500
vt 0.031250 0.125000
vt 0.031250 0.062500
vt 0.000000 0.937500
vt 1.000000 0.937500
vt 0.000000 0.875000
vt 1.000000 0.875000
vt 0.000000 0.812500
vt 1.000000 0.812500
vt 0.000000 0.750000
vt 1.000000 0.750000
vt 0.000000 0.687500
vt 1.000000 0.687500
vt 0.000000 0.625000
vt 1.000000 0.625000
vt 0.000000 0.562500
vt 1.000000 0.562500
vt 0.000000 0.500000
vt 1.000000 0.500000
vt 0.000000 0.437500
vt 1.000000 0.437500
vt 0.000000 0.375000
vt 1.000000 0.375000
vt 0.000000 0.312500
vt 1.000000 0.312500
vt 0.000000 0.250000
vt 1.000000 0.250000
vt 0.000000 0.187500
vt 1.000000 0.187500
vt 0.000000 0.125000
vt 1.000000 0.125000
vt 1.000000 0.062500
vt 0.000000 0.062500
vt 0.968750 0.937500
vt 0.968750 0.875000
vt 0.968750 0.812500
vt 0.968750 0.750000
vt 0.968750 0.687500
vt 0.968750 0.625000
vt 0.968750 0.562500
vt 0.968750 0.500000
vt 0.968750 0.437500
vt 0.968750 0.375000
vt 0.968750 0.312500
vt 0.968750 0.250000
vt 0.968750 0.187500
vt 0.968750 0.125000
vt 0.968750 0.062500
vt 0.937500 0.937500
vt 0.937500 0.875000
vt 0.937500 0.812500
vt 0.937500 0.750000
vt 0.937500 0.687500
vt 0.937500 0.625000
vt 0.937500 0.562500
vt 0.937500 0.500000
vt 0.937500 0.437500
vt 0.937500 0.375000
vt 0.937500 0.312500
vt 0.937500 0.250000
vt 0.937500 0.187500
vt 0.937500 0.125000
vt 0.937500 0.062500
vt 0.906250 0.937500
vt 0.906250 0.875000
vt 0.906250 0.812500
vt 0.906250 0.750000
vt 0.906250 0.687500
vt 0.906250 0.625000
vt 0.906250 0.562500
vt 0.906250 0.500000
vt 0.906250 0.437500
vt 0.906250 0.375000
vt 0.906250 0.312500
vt 0.906250 0.250000
vt 0.906250 0.187500
vt 0.906250 0.125000
vt 0.906250 0.062500
vt 0.875000 0.937500
vt 0.875000 0.875000
vt 0.875000 0.812500
vt 0.875000 0.750000
vt 0.875000 0.687500
vt 0.875000 0.625000
vt 0.875000 0.562500
vt 0.875000 0.500000
vt 0.875000 0.437500
vt 0.875000 0.375000
vt 0.875000 0.312500
vt 0.875000 0.250000
vt 0.875000 0.187500
vt 0.875000 0.125000
vt 0.875000 0.062500
vt 0.843750 0.937500
vt 0.843750 0.875000
vt 0.843750 0.812500
vt 0.843750 0.750000
vt 0.843750 0.687500
vt 0.843750 0.625000
vt 0.843750 0.562500
vt 0.843750 0.500000
vt 0.843750 0.437500
vt 0.843750 0.375000
vt 0.843750 0.312500
vt 0.843750 0.250000
vt 0.843750 0.187500
vt 0.843750 0.125000
vt 0.843750 0.062500
vt 0.812500 0.937500
vt 0.812500 0.875000
vt 0.812500 0.812500
vt 0.812500 0.750000
vt 0.812500 0.687500
vt 0.812500 0.625000
vt 0.812500 0.562500
vt 0.812500 0.500000
vt 0.812500 0.437500
vt 0.812500 0.375000
vt 0.812500 0.312500
vt 0.812500 0.250000
vt 0.812500 0.187500
vt 0.812500 0.125000
vt 0.812500 0.062500
vt 0.781250 0.937500
vt 0.781250 0.875000
vt 0.781250 0.812500
vt 0.781250 0.750000
vt 0.781250 0.687500
vt 0.781250 0.625000
vt 0.781250 0.562500
vt 0.781250 0.500000
vt 0.781250 0.437500
vt 0.781250 0.375000
vt 0.781250 0.312500
vt 0.781250 0.250000
vt 0.781250 0.187500
vt 0.781250 0.125000
vt 0.781250 0.062500
vt 0.750000 0.937500
vt 0.750000 0.875000
vt 0.750000 0.750000
vt 0.750000 0.625000
vt 0.750000 0.375000
vt 0.750000 0.250000
vt 0.750000 0.187500
vt 0.750000 0.125000
vt 0.750000 0.062500
vt 0.750000 0.812500
vt 0.750000 0.687500
vt 0.750000 0.562500
vt 0.750000 0.500000
vt 0.750000 0.437500
vt 0.750000 0.312500
vt 0.718750 0.937500
vt 0.718750 0.875000
vt 0.718750 0.812500
vt 0.718750 0.750000
vt 0.718750 0.687500
vt 0.718750 0.625000
vt 0.718750 0.562500
vt 0.718750 0.500000
vt 0.718750 0.437500
vt 0.718750 0.375000
vt 0.718750 0.312500
vt 0.718750 0.250000
vt 0.718750 0.187500
vt 0.718750 0.125000
vt 0.718750 0.062500
vt 0.687500 0.937500
vt 0.687500 0.875000
vt 0.687500 0.812500
vt 0.687500 0.750000
vt 0.687500 0.687500
vt 0.687500 0.625000
vt 0.687500 0.562500
vt 0.687500 0.500000
vt 0.687500 0.437500
vt 0.687500 0.375000
vt 0.687500 0.312500
vt 0.687500 0.250000
vt 0.687500 0.187500
vt 0.687500 0.125000
vt 0.687500 0.062500
vt 0.656250 0.937500
vt 0.656250 0.875000
vt 0.656250 0.812500
vt 0.656250 0.750000
vt 0.656250 0.687500
vt 0.656250 0.625000
vt 0.656250 0.562500
vt 0.656250 0.500000
vt 0.656250 0.437500
vt 0.656250 0.375000
vt 0.656250 0.312500
vt 0.656250 0.250000
vt 0.656250 0.187500
vt 0.656250 0.125000
vt 0.656250 0.062500
vt 0.625000 0.937500
vt 0.625000 0.875000
vt 0.625000 0.812500
vt 0.625000 0.750000
vt 0.625000 0.687500
vt 0.625000 0.625000
vt 0.625000 0.562500
vt 0.625000 0.500000
vt 0.625000 0.437500
vt 0.625000 0.375000
vt 0.625000 0.312500
vt 0.625000 0.250000
vt 0.625000 0.187500
vt 0.625000 0.125000
vt 0.625000 0.062500
vt 0.593750 0.937500
vt 0.593750 0.875000
vt 0.593750 0.812500
vt 0.593750 0.750000
vt 0.593750 0.687500
vt 0.593750 0.625000
vt 0.593750 0.562500
vt 0.593750 0.500000
vt 0.593750 0.437500
vt 0.593750 0.375000
vt 0.593750 0.312500
vt 0.593750 0.250000
vt 0.593750 0.187500
vt 0.593750 0.125000
vt 0.593750 0.062500
vt 0.734375 1.000000
vt 0.703125 1.000000
vt 0.671875 1.000000
vt 0.640625 1.000000
vt 0.609375 1.000000
vt 0.578125 1.000000
vt 0.546875 1.000000
vt 0.515625 1.000000
vt 0.484375 1.000000
vt 0.453125 1.000000
vt 0.421875 1.000000
vt 0.390625 1.000000
vt 0.359375 1.000000
vt 0.328125 1.000000
vt 0.296875 1.000000
vt 0.265625 1.000000
vt 0.234375 1.000000
vt 0.203125 1.000000
vt 0.171875 1.000000
vt 0.140625 1.000000
vt 0.109375 1.000000
vt 0.078125 1.000000
vt 0.046875 1.000000
vt 0.015625 1.000000
vt 0.984375 1.000000
vt 0.953125 1.000000
vt 0.921875 1.000000
vt 0.890625 1.000000
vt 0.859375 1.000000
vt 0.828125 1.000000
vt 0.796875 1.000000
vt 0.765625 1.000000
vt 0.562500 0.937500
vt 0.562500 0.875000
vt 0.562500 0.812500
vt 0.562500 0.750000
vt 0.562500 0.687500
vt 0.562500 0.625000
vt 0.562500 0.562500
vt 0.562500 0.500000
vt 0.562500 0.437500
vt 0.562500 0.375000
vt 0.562500 0.312500
vt 0.562500 0.250000
vt 0.562500 0.187500
vt 0.562500 0.125000
vt 0.562500 0.062500
vt 0.531250 0.937500
vt 0.531250 0.875000
vt 0.531250 0.812500
vt 0.531250 0.750000
vt 0.531250 0.687500
vt 0.531250 0.625000
vt 0.531250 0.562500
vt 0.531250 0.500000
vt 0.531250 0.437500
vt 0.531250 0.375000
vt 0.531250 0.312500
vt 0.531250 0.250000
vt 0.531250 0.187500
vt 0.531250 0.125000
vt 0.531250 0.062500
vt 0.500000 0.937500
vt 0.500000 0.875000
vt 0.500000 0.812500
vt 0.500000 0.750000
vt 0.500000 0.687500
vt 0.500000 0.625000
vt 0.500000 0.562500
vt 0.500000 0.500000
vt 0.500000 0.437500
vt 0.500000 0.375000
vt 0.500000 0.312500
vt 0.500000 0.250000
vt 0.500000 0.187500
vt 0.500000 0.125000
vt 0.500000 0.062500
vt 0.468750 0.937500
vt 0.468750 0.875000
vt 0.468750 0.812500
vt 0.468750 0.750000
vt 0.468750 0.687500
vt 0.468750 0.625000
vt 0.468750 0.562500
vt 0.468750 0.500000
vt 0.468750 0.437500
vt 0.468750 0.375000
vt 0.468750 0.312500
vt 0.468750 0.250000
vt 0.468750 0.187500
vt 0.468750 0.125000
vt 0.468750 0.062500
vt 0.437500 0.937500
vt 0.437500 0.875000
vt 0.437500 0.812500
vt 0.437500 0.750000
vt 0.437500 0.687500
vt 0.437500 0.625000
vt 0.437500 0.562500
vt 0.437500 0.500000
vt 0.437500 0.437500
vt 0.437500 0.375000
vt 0.437500 0.312500
vt 0.437500 0.250000
vt 0.437500 0.187500
vt 0.437500 0.125000
vt 0.437500 0.062500
vt 0.406250 0.937500
vt 0.406250 0.875000
vt 0.406250 0.812500
vt 0.406250 0.750000
vt 0.406250 0.687500
vt 0.406250 0.625000
vt 0.406250 0.562500
vt 0.406250 0.500000
vt 0.406250 0.437500
vt 0.406250 0.375000
vt 0.406250 0.312500
vt 0.406250 0.250000
vt 0.406250 0.187500
vt 0.406250 0.125000
vt 0.406250 0.062500
vt 0.375000 0.937500
vt 0.375000 0.875000
vt 0.375000 0.812500
vt 0.375000 0.750000
vt 0.375000 0.687500
vt 0.375000 0.625000
vt 0.375000 0.562500
vt 0.375000 0.500000
vt 0.375000 0.437500
vt 0.375000 0.375000
vt 0.375000 0.312500
vt 0.375000 0.250000
vt 0.375000 0.187500
vt 0.375000 0.125000
vt 0.375000 0.062500
vt 0.343750 0.937500
vt 0.343750 0.875000
vt 0.343750 0.812500
vt 0.343750 0.750000
vt 0.343750 0.687500
vt 0.343750 0.625000
vt 0.343750 0.562500
vt 0.343750 0.500000
vt 0.343750 0.437500
vt 0.343750 0.375000
vt 0.343750 0.312500
vt 0.343750 0.250000
vt 0.343750 0.187500
vt 0.343750 0.125000
vt 0.343750 0.062500
vt 0.312500 0.937500
vt 0.312500 0.875000
vt 0.312500 0.812500
vt 0.312500 0.750000
vt 0.312500 0.687500
vt 0.312500 0.625000
vt 0.312500 0.562500
vt 0.312500 0.500000
vt 0.312500 0.437500
vt 0.312500 0.375000
vt 0.312500 0.312500
vt 0.312500 0.250000
vt 0.312500 0.187500
vt 0.312500 0.125000
vt 0.312500 0.062500
vt 0.281250 0.937500
vt 0.281250 0.875000
vt 0.281250 0.812500
vt 0.281250 0.750000
vt 0.281250 0.687500
vt 0.281250 0.625000
vt 0.281250 0.562500
vt 0.281250 0.500000
vt 0.281250 0.437500
vt 0.281250 0.375000
vt 0.281250 0.312500
vt 0.281250 0.250000
vt 0.281250 0.187500
vt 0.281250 0.125000
vt 0.281250 0.062500
vt 0.250000 0.937500
vt 0.250000 0.875000
vt 0.250000 0.812500
vt 0.250000 0.750000
vt 0.250000 0.687500
vt 0.250000 0.625000
vt 0.250000 0.562500
vt 0.250000 0.500000
vt 0.250000 0.437500
vt 0.250000 0.375000
vt 0.250000 0.312500
vt 0.250000 0.250000
vt 0.250000 0.187500
vt 0.250000 0.125000
vt 0.250000 0.062500
vt 0.218750 0.937500
vt 0.218750 0.875000
vt 0.218750 0.812500
vt 0.218750 0.750000
vt 0.218750 0.687500
vt 0.218750 0.625000
vt 0.218750 0.562500
vt 0.218750 0.500000
vt 0.218750 0.437500
vt 0.218750 0.375000
vt 0.218750 0.312500
vt 0.218750 0.250000
vt 0.218750 0.187500
vt 0.218750 0.125000
vt 0.218750 0.062500
vt 0.187500 0.937500
vt 0.187500 0.875000
vt 0.187500 0.812500
vt 0.187500 0.750000
vt 0.187500 0.687500
vt 0.187500 0.625000
vt 0.187500 0.562500
vt 0.187500 0.500000
vt 0.187500 0.437500
vt 0.187500 0.375000
vt 0.187500 0.312500
vt 0.187500 0.250000
vt 0.187500 0.187500
vt 0.187500 0.125000
vt 0.187500 0.062500
vt 0.156250 0.937500
vt 0.156250 0.875000
vt 0.156250 0.812500
vt 0.156250 0.750000
vt 0.156250 0.687500
vt 0.156250 0.625000
vt 0.156250 0.562500
vt 0.156250 0.500000
vt 0.156250 0.437500
vt 0.156250 0.375000
vt 0.156250 0.312500
vt 0.156250 0.250000
vt 0.156250 0.187500
vt 0.156250 0.125000
vt 0.156250 0.062500
vt 0.125000 0.937500
vt 0.125000 0.875000
vt 0.125000 0.812500
vt 0.125000 0.750000
vt 0.125000 0.687500
vt 0.125000 0.625000
vt 0.125000 0.562500
vt 0.125000 0.500000
vt 0.125000 0.437500
vt 0.125000 0.375000
vt 0.125000 0.312500
vt 0.125000 0.250000
vt 0.125000 0.187500
vt 0.125000 0.125000
vt 0.125000 0.062500
vt 0.734375 0.000000
vt 0.703125 0.000000
vt 0.671875 0.000000
vt 0.640625 0.000000
vt 0.609375 0.000000
vt 0.578125 0.000000
vt 0.546875 0.000000
vt 0.515625 0.000000
vt 0.484375 0.000000
vt 0.453125 0.000000
vt 0.421875 0.000000
vt 0.390625 0.000000
vt 0.359375 0.000000
vt 0.328125 0.000000
vt 0.296875 0.000000
vt 0.265625 0.000000
vt 0.234375 0.000000
vt 0.203125 0.000000
vt 0.171875 0.000000
vt 0.140625 0.000000
vt 0.109375 0.000000
vt 0.078125 0.000000
vt 0.046875 0.000000
vt 0.015625 0.000000
vt 0.984375 0.000000
vt 0.953125 0.000000
vt 0.921875 0.000000
vt 0.890625 0.000000
vt 0.859375 0.000000
vt 0.828125 0.000000
vt 0.796875 0.000000
vt 0.765625 0.000000
vt 0.093750 0.937500
vt 0.093750 0.875000
vt 0.093750 0.812500
vt 0.093750 0.750000
vt 0.093750 0.687500
vt 0.093750 0.625000
vt 0.093750 0.562500
vt 0.093750 0.500000
vt 0.093750 0.437500
vt 0.093750 0.375000
vt 0.093750 0.312500
vt 0.093750 0.250000
vt 0.093750 0.187500
vt 0.093750 0.125000
vt 0.093750 0.062500
vt 0.062500 0.937500
vt 0.062500 0.875000
vt 0.062500 0.812500
vt 0.062500 0.750000
vt 0.062500 0.687500
vt 0.062500 0.625000
vt 0.062500 0.562500
vt 0.062500 0.500000
vt 0.062500 0.437500
vt 0.062500 0.375000
vt 0.062500 0.312500
vt 0.062500 0.250000
vt 0.062500 0.187500
vt 0.062500 0.125000
vt 0.062500 0.062500
vt 0.031250 0.937500
vt 0.031250 0.875000
vt 0.031250 0.812500
vt 0.031250 0.750000
vt 0.031250 0.687500
vt 0.031250 0.625000
vt 0.031250 0.562500
vt 0.031250 0.500000
vt 0.031250 0.437500
vt 0.031250 0.375000
vt 0.031250 0.312500
vt 0.031250 0.250000
vt 0.031250 0.187500
vt 0.031250 0.125000
vt 0.031250 0.062500
vt 0.000000 0.937500
vt 1.000000 0.937500
vt 0.000000 0.875000
vt 1.000000 0.875000
vt 0.000000 0.812500
vt 1.000000 0.812500
vt 0.000000 0.750000
vt 1.000000 0.750000
vt 0.000000 0.687500
vt 1.000000 0.687500
vt 0.000000 0.625000
vt 1.000000 0.625000
vt 0.000000 0.562500
vt 1.000000 0.562500
vt 0.000000 0.500000
vt 1.000000 0.500000
vt 0.000000 0.437500
vt 1.000000 0.437500
vt 0.000000 0.375000
vt 1.000000 0.375000
vt 0.000000 0.312500
vt 1.000000 0.312500
vt 0.000000 0.250000
vt 1.000000 0.250000
vt 0.000000 0.187500
vt 1.000000 0.187500
vt 0.000000 0.125000
vt 1.000000 0.125000
vt 1.000000 0.062500
vt 0.000000 0.062500
vt 0.968750 0.937500
vt 0.968750 0.875000
vt 0.968750 0.812500
vt 0.968750 0.750000
vt 0.968750 0.687500
vt 0.968750 0.625000
vt 0.968750 0.562500
vt 0.968750 0.500000
vt 0.968750 0.437500
vt 0.968750 0.375000
vt 0.968750 0.312500
vt 0.968750 0.250000
vt 0.968750 0.187500
vt 0.968750 0.125000
vt 0.968750 0.062500
vt 0.937500 0.937500
vt 0.937500 0.875000
vt 0.937500 0.812500
vt 0.937500 0.750000
vt 0.937500 0.687500
vt 0.937500 0.625000
vt 0.937500 0.562500
vt 0.937500 0.500000
vt 0.937500 0.437500
vt 0.937500 0.375000
vt 0.937500 0.312500
vt 0.937500 0.250000
vt 0.937500 0.187500
vt 0.937500 0.125000
vt 0.937500 0.062500
vt 0.906250 0.937500
vt 0.906250 0.875000
vt 0.906250 0.812500
vt 0.906250 0.750000
vt 0.906250 0.687500
vt 0.906250 0.625000
vt 0.906250 0.562500
vt 0.906250 0.500000
vt 0.906250 0.437500
vt 0.906250 0.375000
vt 0.906250 0.312500
vt 0.906250 0.250000
vt 0.906250 0.187500
vt 0.906250 0.125000
vt 0.906250 0.062500
vt 0.875000 0.937500
vt 0.875000 0.875000
vt 0.875000 0.812500
vt 0.875000 0.750000
vt 0.875000 0.687500
vt 0.875000 0.625000
vt 0.875000 0.562500
vt 0.875000 0.500000
vt 0.875000 0.437500
vt 0.875000 0.375000
vt 0.875000 0.312500
vt 0.875000 0.250000
vt 0.875000 0.187500
vt 0.875000 0.125000
vt 0.875000 0.062500
vt 0.843750 0.937500
vt 0.843750 0.875000
vt 0.843750 0.812500
vt 0.843750 0.750000
vt 0.843750 0.687500
vt 0.843750 0.625000
vt 0.843750 0.562500
vt 0.843750 0.500000
vt 0.843750 0.437500
vt 0.843750 0.375000
vt 0.843750 0.312500
vt 0.843750 0.250000
vt 0.843750 0.187500
vt 0.843750 0.125000
vt 0.843750 0.062500
vt 0.812500 0.937500
vt 0.812500 0.875000
vt 0.812500 0.812500
vt 0.812500 0.750000
vt 0.812500 0.687500
vt 0.812500 0.625000
vt 0.812500 0.562500
vt 0.812500 0.500000
vt 0.812500 0.437500
vt 0.812500 0.375000
vt 0.812500 0.312500
vt 0.812500 0.250000
vt 0.812500 0.187500
vt 0.812500 0.125000
vt 0.812500 0.062500
vt 0.781250 0.937500
vt 0.781250 0.875000
vt 0.781250 0.812500
vt 0.781250 0.750000
vt 0.781250 0.687500
vt 0.781250 0.625000
vt 0.781250 0.562500
vt 0.781250 0.500000
vt 0.781250 0.437500
vt 0.781250 0.375000
vt 0.781250 0.312500
vt 0.781250 0.250000
vt 0.781250 0.187500
vt 0.781250 0.125000
vt 0.781250 0.062500
vt 0.750000 0.937500
vt 0.750000 0.875000
vt 0.750000 0.750000
vt 0.750000 0.625000
vt 0.750000 0.375000
vt 0.750000 0.250000
vt 0.750000 0.187500
vt 0.750000 0.125000
vt 0.750000 0.062500
s 1
usemtl mt
f 476/553/1 11/11/2 2/2/3
f 479/556/4 19/19/5 480/557/6
f 477/554/7 11/11/2 12/12/8
f 480/557/6 20/20/9 481/558/10
f 3/3/11 12/12/8 13/13/12
f 481/558/10 21/21/13 482/559/14
f 3/3/11 14/14/15 4/4/16
f 474/551/17 82/82/18 7/7/19
f 308/339/20 482/559/14 21/21/13
f 5/5/21 14/14/15 15/15/22
f 475/552/23 7/7/19 8/8/24
f 5/5/21 16/16/25 478/555/26
f 1/1/27 8/8/24 9/9/28
f 478/555/26 17/17/29 6/6/30
f 476/553/1 9/9/28 10/10/31
f 479/556/4 17/17/29 18/18/32
f 9/9/28 25/25/33 10/10/31
f 18/18/32 32/32/34 33/33/35
f 10/10/31 26/26/36 11/11/2
f 19/19/5 33/33/35 34/34/37
f 11/11/2 27/27/38 12/12/8
f 20/20/9 34/34/37 35/35/39
f 13/13/12 27/27/38 28/28/40
f 21/21/13 35/35/39 36/36/41
f 14/14/15 28/28/40 29/29/42
f 7/7/19 82/83/18 22/22/43
f 308/340/20 21/21/13 36/36/41
f 14/14/15 30/30/44 15/15/22
f 7/7/19 23/23/45 8/8/24
f 15/15/22 31/31/46 16/16/25
f 8/8/24 24/24/47 9/9/28
f 17/17/29 31/31/46 32/32/34
f 29/29/42 43/43/48 44/44/49
f 22/22/43 82/84/18 37/37/50
f 308/341/20 36/36/41 51/51/51
f 29/29/42 45/45/52 30/30/44
f 22/22/43 38/38/53 23/23/45
f 30/30/44 46/46/54 31/31/46
f 23/23/45 39/39/55 24/24/47
f 32/32/34 46/46/54 47/47/56
f 24/24/47 40/40/57 25/25/33
f 33/33/35 47/47/56 48/48/58
f 25/25/33 41/41/59 26/26/36
f 34/34/37 48/48/58 49/49/60
f 26/26/36 42/42/61 27/27/38
f 35/35/39 49/49/60 50/50/62
f 28/28/40 42/42/61 43/43/48
f 36/36/41 50/50/62 51/51/51
f 47/47/56 63/63/63 48/48/58
f 41/41/59 55/55/64 56/56/65
f 48/48/58 64/64/66 49/49/60
f 41/41/59 57/57/67 42/42/61
f 49/49/60 65/65/68 50/50/62
f 43/43/48 57/57/67 58/58/69
f 50/50/62 66/66/70 51/51/51
f 44/44/49 58/58/69 59/59/71
f 37/37/50 82/85/18 52/52/72
f 308/342/20 51/51/51 66/66/70
f 44/44/49 60/60/73 45/45/52
f 38/38/53 52/52/72 53/53/74
f 45/45/52 61/61/75 46/46/54
f 39/39/55 53/53/74 54/54/76
f 47/47/56 61/61/75 62/62/77
f 39/39/55 55/55/64 40/40/57
f 52/52/72 82/86/18 67/67/78
f 308/343/20 66/66/70 81/81/79
f 59/59/71 75/75/80 60/60/73
f 52/52/72 68/68/81 53/53/74
f 60/60/73 76/76/82 61/61/75
f 53/53/74 69/69/83 54/54/76
f 62/62/77 76/76/82 77/77/84
f 54/54/76 70/70/85 55/55/64
f 62/62/77 78/78/86 63/63/63
f 56/56/65 70/70/85 71/71/87
f 64/64/66 78/78/86 79/79/88
f 56/56/65 72/72/89 57/57/67
f 64/64/66 80/80/90 65/65/68
f 58/58/69 72/72/89 73/73/91
f 65/65/68 81/81/79 66/66/70
f 59/59/71 73/73/91 74/74/92
f 71/71/87 86/117/93 87/118/94
f 79/79/88 94/125/95 95/126/96
f 71/71/87 88/119/97 72/72/89
f 80/80/90 95/126/96 96/127/98
f 73/73/91 88/119/97 89/120/99
f 81/81/79 96/127/98 97/128/100
f 74/74/92 89/120/99 90/121/101
f 67/67/78 82/87/18 83/114/102
f 308/344/20 81/81/79 97/128/100
f 74/74/92 91/122/103 75/75/80
f 67/67/78 84/115/104 68/68/81
f 75/75/80 92/123/105 76/76/82
f 68/68/81 85/116/106 69/69/83
f 77/77/84 92/123/105 93/124/107
f 69/69/83 86/117/93 70/70/85
f 77/77/84 94/125/95 78/78/86
f 90/121/101 106/137/108 91/122/103
f 83/114/102 99/130/109 84/115/104
f 91/122/103 107/138/110 92/123/105
f 84/115/104 100/131/111 85/116/106
f 93/124/107 107/138/110 108/139/112
f 85/116/106 101/132/113 86/117/93
f 93/124/107 109/140/114 94/125/95
f 87/118/94 101/132/113 102/133/115
f 95/126/96 109/140/114 110/141/116
f 87/118/94 103/134/117 88/119/97
f 95/126/96 111/142/118 96/127/98
f 89/120/99 103/134/117 104/135/119
f 97/128/100 111/142/118 112/143/120
f 90/121/101 104/135/119 105/136/121
f 83/114/102 82/88/18 98/129/122
f 308/345/20 97/128/100 112/143/120
f 110/141/116 124/155/123 125/156/124
f 102/133/115 118/149/125 103/134/117
f 111/142/118 125/156/124 126/157/126
f 104/135/119 118/149/125 119/150/127
f 111/142/118 127/158/128 112/143/120
f 105/136/121 119/150/127 120/151/129
f 98/129/122 82/89/18 113/144/130
f 308/346/20 112/143/120 127/158/128
f 105/136/121 121/152/131 106/137/108
f 98/129/122 114/145/132 99/130/109
f 106/137/108 122/153/133 107/138/110
f 99/130/109 115/146/134 100/131/111
f 108/139/112 122/153/133 123/154/135
f 100/131/111 116/147/136 101/132/113
f 108/139/112 124/155/123 109/140/114
f 102/133/115 116/147/136 117/148/137
f 121/152/131 137/168/138 122/153/133
f 115/146/134 129/160/139 130/161/140
f 123/154/135 137/168/138 138/169/141
f 115/146/134 131/162/142 116/147/136
f 123/154/135 139/170/143 124/155/123
f 117/148/137 131/162/142 132/163/144
f 125/156/124 139/170/143 140/171/145
f 117/148/137 133/164/146 118/149/125
f 125/156/124 141/172/147 126/157/126
f 119/150/127 133/164/146 134/165/148
f 127/158/128 141/172/147 142/173/149
f 120/151/129 134/165/148 135/166/150
f 113/144/130 82/90/18 128/159/151
f 308/347/20 127/158/128 142/173/149
f 120/151/129 136/167/152 121/152/131
f 113/144/130 129/160/139 114/145/132
f 141/172/147 155/186/153 156/187/154
f 134/165/148 148/179/155 149/180/156
f 141/172/147 157/188/157 142/173/149
f 135/166/150 149/180/156 150/181/158
f 128/159/151 82/91/18 143/174/159
f 308/348/20 142/173/149 157/188/157
f 135/166/150 151/182/160 136/167/152
f 128/159/151 144/175/161 129/160/139
f 136/167/152 152/183/162 137/168/138
f 129/160/139 145/176/163 130/161/140
f 138/169/141 152/183/162 153/184/164
f 130/161/140 146/177/165 131/162/142
f 138/169/141 154/185/166 139/170/143
f 132/163/144 146/177/165 147/178/167
f 140/171/145 154/185/166 155/186/153
f 132/163/144 148/179/155 133/164/146
f 145/176/163 159/190/168 160/191/169
f 153/184/164 167/198/170 168/199/171
f 145/176/163 161/192/172 146/177/165
f 153/184/164 169/200/173 154/185/166
f 147/178/167 161/192/172 162/193/174
f 155/186/153 169/200/173 170/201/175
f 147/178/167 163/194/176 148/179/155
f 155/186/153 171/202/177 156/187/154
f 149/180/156 163/194/176 164/195/178
f 157/188/157 171/202/177 172/203/179
f 150/181/158 164/195/178 165/196/180
f 143/174/159 82/92/18 158/189/181
f 308/349/20 157/188/157 172/203/179
f 150/181/158 166/197/182 151/182/160
f 143/174/159 159/190/168 144/175/161
f 151/182/160 167/198/170 152/183/162
f 164/195/178 178/209/183 179/210/184
f 171/202/177 187/218/185 172/203/179
f 165/196/180 179/210/184 180/211/186
f 158/189/181 82/93/18 173/204/187
f 308/350/20 172/203/179 187/218/185
f 165/196/180 181/212/188 166/197/182
f 159/190/168 173/204/187 174/205/189
f 166/197/182 182/213/190 167/198/170
f 160/191/169 174/205/189 175/206/191
f 168/199/171 182/213/190 183/214/192
f 160/191/169 176/207/193 161/192/172
f 168/199/171 184/215/194 169/200/173
f 162/193/174 176/207/193 177/208/195
f 170/201/175 184/215/194 185/216/196
f 162/193/174 178/209/183 163/194/176
f 170/201/175 186/217/197 171/202/177
f 183/214/192 197/228/198 198/229/199
f 175/206/191 191/222/200 176/207/193
f 183/214/192 199/230/201 184/215/194
f 177/208/195 191/222/200 192/223/202
f 185/216/196 199/230/201 200/231/203
f 177/208/195 193/224/204 178/209/183
f 185/216/196 201/232/205 186/217/197
f 179/210/184 193/224/204 194/225/206
f 186/217/197 202/233/207 187/218/185
f 180/211/186 194/225/206 195/226/208
f 173/204/187 82/94/18 188/219/209
f 308/351/20 187/218/185 202/233/207
f 180/211/186 196/227/210 181/212/188
f 174/205/189 188/219/209 189/220/211
f 181/212/188 197/228/198 182/213/190
f 175/206/191 189/220/211 190/221/212
f 202/233/207 216/247/213 217/248/214
f 195/226/208 209/240/215 210/241/216
f 188/219/209 82/95/18 203/234/217
f 308/352/20 202/233/207 217/248/214
f 195/226/208 211/242/218 196/227/210
f 188/219/209 204/235/219 189/220/211
f 196/227/210 212/243/220 197/228/198
f 189/220/211 205/236/221 190/221/212
f 198/229/199 212/243/220 213/244/222
f 190/221/212 206/237/223 191/222/200
f 198/229/199 214/245/224 199/230/201
f 192/223/202 206/237/223 207/238/225
f 200/231/203 214/245/224 215/246/226
f 192/223/202 208/239/227 193/224/204
f 201/232/205 215/246/226 216/247/213
f 194/225/206 208/239/227 209/240/215
f 205/236/221 221/252/228 206/237/223
f 213/244/222 229/260/229 214/245/224
f 207/238/225 221/252/228 222/253/230
f 215/246/226 229/260/229 230/261/231
f 207/238/225 223/254/232 208/239/227
f 215/246/226 231/262/233 216/247/213
f 209/240/215 223/254/232 224/255/234
f 216/247/213 232/263/235 217/248/214
f 210/241/216 224/255/234 225/256/236
f 203/234/217 82/96/18 218/249/237
f 308/353/20 217/248/214 232/263/235
f 210/241/216 226/257/238 211/242/218
f 204/235/219 218/249/237 219/250/239
f 211/242/218 227/258/240 212/243/220
f 205/236/221 219/250/239 220/251/241
f 213/244/222 227/258/240 228/259/242
f 225/256/236 239/270/243 240/271/244
f 218/249/237 82/97/18 233/264/245
f 308/354/20 232/263/235 247/278/246
f 225/256/236 241/272/247 226/257/238
f 218/249/237 234/265/248 219/250/239
f 226/257/238 242/273/249 227/258/240
f 219/250/239 235/266/250 220/251/241
f 228/259/242 242/273/249 243/274/251
f 220/251/241 236/267/252 221/252/228
f 228/259/242 244/275/253 229/260/229
f 222/253/230 236/267/252 237/268/254
f 230/261/231 244/275/253 245/276/255
f 222/253/230 238/269/256 223/254/232
f 231/262/233 245/276/255 246/277/257
f 224/255/234 238/269/256 239/270/243
f 232/263/235 246/277/257 247/278/246
f 243/274/251 259/290/258 244/275/253
f 237/268/254 251/282/259 252/283/260
f 244/275/253 260/291/261 245/276/255
f 237/268/254 253/284/262 238/269/256
f 245/276/255 261/292/263 246/277/257
f 239/270/243 253/284/262 254/285/264
f 246/277/257 262/293/265 247/278/246
f 240/271/244 254/285/264 255/286/266
f 233/264/245 82/98/18 248/279/267
f 308/355/20 247/278/246 262/293/265
f 240/271/244 256/287/268 241/272/247
f 234/265/248 248/279/267 249/280/269
f 241/272/247 257/288/270 242/273/249
f 235/266/250 249/280/269 250/281/271
f 243/274/251 257/288/270 258/289/272
f 236/267/252 250/281/271 251/282/259
f 308/356/20 262/293/265 277/308/273
f 255/286/266 271/302/274 256/287/268
f 248/279/267 264/295/275 249/280/269
f 256/287/268 272/303/276 257/288/270
f 249/280/269 265/296/277 250/281/271
f 258/289/272 272/303/276 273/304/278
f 250/281/271 266/297/279 251/282/259
f 258/289/272 274/305/280 259/290/258
f 252/283/260 266/297/279 267/298/281
f 260/291/261 274/305/280 275/306/282
f 252/283/260 268/299/283 253/284/262
f 261/292/263 275/306/282 276/307/284
f 254/285/264 268/299/283 269/300/285
f 262/293/265 276/307/284 277/308/273
f 255/286/266 269/300/285 270/301/286
f 248/279/267 82/99/18 263/294/287
f 275/306/282 289/320/288 290/321/289
f 267/298/281 283/314/290 268/299/283
f 276/307/284 290/321/289 291/322/291
f 269/300/285 283/314/290 284/315/292
f 277/308/273 291/322/291 292/323/293
f 270/301/286 284/315/292 285/316/294
f 263/294/287 82/100/18 278/309/295
f 308/357/20 277/308/273 292/323/293
f 270/301/286 286/317/296 271/302/274
f 263/294/287 279/310/297 264/295/275
f 271/302/274 287/318/298 272/303/276
f 264/295/275 280/311/299 265/296/277
f 273/304/278 287/318/298 288/319/300
f 265/296/277 281/312/301 266/297/279
f 273/304/278 289/320/288 274/305/280
f 267/298/281 281/312/301 282/313/302
f 279/310/297 293/324/303 294/325/304
f 286/317/296 302/333/305 287/318/298
f 280/311/299 294/325/304 295/326/306
f 288/319/300 302/333/305 303/334/307
f 280/311/299 296/327/308 281/312/301
f 289/320/288 303/334/307 304/335/309
f 281/312/301 297/328/310 282/313/302
f 290/321/289 304/335/309 305/336/311
f 282/313/302 298/329/312 283/314/290
f 290/321/289 306/337/313 291/322/291
f 284/315/292 298/329/312 299/330/314
f 291/322/291 307/338/315 292/323/293
f 285/316/294 299/330/314 300/331/316
f 278/309/295 82/101/18 293/324/303
f 308/358/20 292/323/293 307/338/315
f 285/316/294 301/332/317 286/317/296
f 297/328/310 314/376/318 298/329/312
f 305/336/311 322/384/319 306/337/313
f 299/330/314 314/376/318 315/377/320
f 307/338/315 322/384/319 323/385/321
f 300/331/316 315/377/320 316/378/322
f 293/324/303 82/102/18 309/371/323
f 308/359/20 307/338/315 323/385/321
f 300/331/316 317/379/324 301/332/317
f 293/324/303 310/372/325 294/325/304
f 301/332/317 318/380/326 302/333/305
f 295/326/306 310/372/325 311/373/327
f 303/334/307 318/380/326 319/381/328
f 295/326/306 312/374/329 296/327/308
f 303/334/307 320/382/330 304/335/309
f 297/328/310 312/374/329 313/375/331
f 305/336/311 320/382/330 321/383/332
f 317/379/324 333/395/333 318/380/326
f 311/373/327 325/387/334 326/388/335
f 319/381/328 333/395/333 334/396/336
f 311/373/327 327/389/337 312/374/329
f 319/381/328 335/397/338 320/382/330
f 313/375/331 327/389/337 328/390/339
f 321/383/332 335/397/338 336/398/340
f 313/375/331 329/391/341 314/376/318
f 321/383/332 337/399/342 322/384/319
f 315/377/320 329/391/341 330/392/343
f 322/384/319 338/400/344 323/385/321
f 316/378/322 330/392/343 331/393/345
f 309/371/323 82/103/18 324/386/346
f 308/360/20 323/385/321 338/400/344
f 316/378/322 332/394/347 317/379/324
f 310/372/325 324/386/346 325/387/334
f 336/398/340 352/414/348 337/399/342
f 330/392/343 344/406/349 345/407/350
f 337/399/342 353/415/351 338/400/344
f 331/393/345 345/407/350 346/408/352
f 324/386/346 82/104/18 339/401/353
f 308/361/20 338/400/344 353/415/351
f 331/393/345 347/409/354 332/394/347
f 324/386/346 340/402/355 325/387/334
f 332/394/347 348/410/356 333/395/333
f 326/388/335 340/402/355 341/403/357
f 334/396/336 348/410/356 349/411/358
f 326/388/335 342/404/359 327/389/337
f 334/396/336 350/412/360 335/397/338
f 328/390/339 342/404/359 343/405/361
f 336/398/340 350/412/360 351/413/362
f 328/390/339 344/406/349 329/391/341
f 341/403/357 355/418/363 356/420/364
f 349/411/358 363/434/365 364/436/366
f 341/403/357 357/422/367 342/404/359
f 349/411/358 365/438/368 350/412/360
f 343/405/361 357/422/367 358/424/369
f 351/413/362 365/438/368 366/440/370
f 343/405/361 359/426/371 344/406/349
f 351/413/362 367/442/372 352/414/348
f 345/407/350 359/426/371 360/428/373
f 353/415/351 367/442/372 368/444/374
f 346/408/352 360/428/373 361/430/375
f 339/401/353 82/105/18 354/416/376
f 308/362/20 353/415/351 368/444/374
f 346/408/352 362/432/377 347/409/354
f 339/401/353 355/418/363 340/402/355
f 347/409/354 363/434/365 348/410/356
f 360/429/373 374/451/378 375/452/379
f 368/445/374 382/459/380 383/460/381
f 361/431/375 375/452/379 376/453/382
f 354/417/376 82/106/18 369/446/383
f 308/363/20 368/445/374 383/460/381
f 361/431/375 377/454/384 362/433/377
f 354/417/376 370/447/385 355/419/363
f 362/433/377 378/455/386 363/435/365
f 356/421/364 370/447/385 371/448/387
f 364/437/366 378/455/386 379/456/388
f 356/421/364 372/449/389 357/423/367
f 364/437/366 380/457/390 365/439/368
f 358/425/369 372/449/389 373/450/391
f 366/441/370 380/457/390 381/458/392
f 358/425/369 374/451/378 359/427/371
f 366/441/370 382/459/380 367/443/372
f 379/456/388 393/470/393 394/471/394
f 371/448/387 387/464/395 372/449/389
f 379/456/388 395/472/396 380/457/390
f 373/450/391 387/464/395 388/465/397
f 381/458/392 395/472/396 396/473/398
f 373/450/391 389/466/399 374/451/378
f 381/458/392 397/474/400 382/459/380
f 375/452/379 389/466/399 390/467/401
f 382/459/380 398/475/402 383/460/381
f 376/453/382 390/467/401 391/468/403
f 369/446/383 82/107/18 384/461/404
f 308/364/20 383/460/381 398/475/402
f 376/453/382 392/469/405 377/454/384
f 370/447/385 384/461/404 385/462/406
f 377/454/384 393/470/393 378/455/386
f 371/448/387 385/462/406 386/463/407
f 398/475/402 412/489/408 413/490/409
f 391/468/403 405/482/410 406/483/411
f 384/461/404 82/108/18 399/476/412
f 308/365/20 398/475/402 413/490/409
f 391/468/403 407/484/413 392/469/405
f 384/461/404 400/477/414 385/462/406
f 392/469/405 408/485/415 393/470/393
f 386/463/407 400/477/414 401/478/416
f 394/471/394 408/485/415 409/486/417
f 386/463/407 402/479/418 387/464/395
f 394/471/394 410/487/419 395/472/396
f 388/465/397 402/479/418 403/480/420
f 396/473/398 410/487/419 411/488/421
f 388/465/397 404/481/422 389/466/399
f 396/473/398 412/489/408 397/474/400
f 390/467/401 404/481/422 405/482/410
f 409/486/417 425/502/423 410/487/419
f 403/480/420 417/494/424 418/495/425
f 411/488/421 425/502/423 426/503/426
f 403/480/420 419/496/427 404/481/422
f 411/488/421 427/504/428 412/489/408
f 405/482/410 419/496/427 420/497/429
f 413/490/409 427/504/428 428/505/430
f 406/483/411 420/497/429 421/498/431
f 399/476/412 82/109/18 414/491/432
f 308/366/20 413/490/409 428/505/430
f 406/483/411 422/499/433 407/484/413
f 399/476/412 415/492/434 400/477/414
f 407/484/413 423/500/435 408/485/415
f 401/478/416 415/492/434 416/493/436
f 409/486/417 423/500/435 424/501/437
f 401/478/416 417/494/424 402/479/418
f 414/491/432 82/110/18 429/506/438
f 308/367/20 428/505/430 443/520/439
f 421/498/431 437/514/440 422/499/433
f 414/491/432 430/507/441 415/492/434
f 422/499/433 438/515/442 423/500/435
f 416/493/436 430/507/441 431/508/443
f 424/501/437 438/515/442 439/516/444
f 416/493/436 432/509/445 417/494/424
f 424/501/437 440/517/446 425/502/423
f 418/495/425 432/509/445 433/510/447
f 426/503/426 440/517/446 441/518/448
f 418/495/425 434/511/449 419/496/427
f 426/503/426 442/519/450 427/504/428
f 420/497/429 434/511/449 435/512/451
f 428/505/430 442/519/450 443/520/439
f 421/498/431 435/512/451 436/513/452
f 433/510/447 447/524/453 448/525/454
f 441/518/448 455/532/455 456/533/456
f 433/510/447 449/526/457 434/511/449
f 441/518/448 457/534/458 442/519/450
f 435/512/451 449/526/457 450/527/459
f 442/519/450 458/535/460 443/520/439
f 436/513/452 450/527/459 451/528/461
f 429/506/438 82/111/18 444/521/462
f 308/368/20 443/520/439 458/535/460
f 436/513/452 452/529/463 437/514/440
f 430/507/441 444/521/462 445/522/464
f 437/514/440 453/530/465 438/515/442
f 431/508/443 445/522/464 446/523/466
f 439/516/444 453/530/465 454/531/467
f 431/508/443 447/524/453 432/509/445
f 439/516/444 455/532/455 440/517/446
f 451/528/461 467/544/468 452/529/463
f 444/521/462 460/537/469 445/522/464
f 452/529/463 468/545/470 453/530/465
f 446/523/466 460/537/469 461/538/471
f 454/531/467 468/545/470 469/546/472
f 446/523/466 462/539/473 447/524/453
f 454/531/467 470/547/474 455/532/455
f 448/525/454 462/539/473 463/540/475
f 456/533/456 470/547/474 471/548/476
f 448/525/454 464/541/477 449/526/457
f 456/533/456 472/549/478 457/534/458
f 450/527/459 464/541/477 465/542/479
f 458/535/460 472/549/478 473/550/480
f 451/528/461 465/542/479 466/543/481
f 444/521/462 82/112/18 459/536/482
f 308/369/20 458/535/460 473/550/480
f 471/548/476 479/556/4 480/557/6
f 464/541/477 2/2/3 477/554/7
f 471/548/476 481/558/10 472/549/478
f 465/542/479 477/554/7 3/3/11
f 472/549/478 482/559/14 473/550/480
f 466/543/481 3/3/11 4/4/16
f 459/536/482 82/113/18 474/551/17
f 308/370/20 473/550/480 482/559/14
f 466/543/481 5/5/21 467/544/468
f 460/537/469 474/551/17 475/552/23
f 467/544/468 478/555/26 468/545/470
f 461/538/471 475/552/23 1/1/27
f 468/545/470 6/6/30 469/546/472
f 462/539/473 1/1/27 476/553/1
f 469/546/472 479/556/4 470/547/474
f 463/540/475 476/553/1 2/2/3
f 958/1112/1 493/570/2 484/561/3
f 961/1115/4 501/578/5 962/1116/6
f 959/1113/7 493/570/2 494/571/8
f 962/1116/6 502/579/9 963/1117/10
f 959/1113/7 495/572/12 485/562/11
f 963/1117/10 503/580/13 964/1118/14
f 485/562/11 496/573/15 486/563/16
f 956/1110/17 564/641/18 489/566/19
f 790/898/20 964/1118/14 503/580/13
f 486/563/16 497/574/22 487/564/21
f 957/1111/23 489/566/19 490/567/24
f 487/564/21 498/575/25 960/1114/26
f 483/560/27 490/567/24 491/568/28
f 960/1114/26 499/576/29 488/565/30
f 958/1112/1 491/568/28 492/569/31
f 961/1115/4 499/576/29 500/577/32
f 491/568/28 507/584/33 492/569/31
f 500/577/32 514/591/34 515/592/35
f 492/569/31 508/585/36 493/570/2
f 501/578/5 515/592/35 516/593/37
f 493/570/2 509/586/38 494/571/8
f 502/579/9 516/593/37 517/594/39
f 495/572/12 509/586/38 510/587/40
f 503/580/13 517/594/39 518/595/41
f 495/572/12 511/588/42 496/573/15
f 489/566/19 564/642/18 504/581/43
f 790/899/20 503/580/13 518/595/41
f 497/574/22 511/588/42 512/589/44
f 489/566/19 505/582/45 490/567/24
f 497/574/22 513/590/46 498/575/25
f 490/567/24 506/583/47 491/568/28
f 499/576/29 513/590/46 514/591/34
f 511/588/42 525/602/48 526/603/49
f 504/581/43 564/643/18 519/596/50
f 790/900/20 518/595/41 533/610/51
f 511/588/42 527/604/52 512/589/44
f 504/581/43 520/597/53 505/582/45
f 512/589/44 528/605/54 513/590/46
f 505/582/45 521/598/55 506/583/47
f 514/591/34 528/605/54 529/606/56
f 506/583/47 522/599/57 507/584/33
f 515/592/35 529/606/56 530/607/58
f 507/584/33 523/600/59 508/585/36
f 516/593/37 530/607/58 531/608/60
f 508/585/36 524/601/61 509/586/38
f 517/594/39 531/608/60 532/609/62
f 510/587/40 524/601/61 525/602/48
f 518/595/41 532/609/62 533/610/51
f 529/606/56 545/622/63 530/607/58
f 523/600/59 537/614/64 538/615/65
f 530/607/58 546/623/66 531/608/60
f 523/600/59 539/616/67 524/601/61
f 531/608/60 547/624/68 532/609/62
f 525/602/48 539/616/67 540/617/69
f 533/610/51 547/624/68 548/625/70
f 526/603/49 540/617/69 541/618/71
f 519/596/50 564/644/18 534/611/72
f 790/901/20 533/610/51 548/625/70
f 526/603/49 542/619/73 527/604/52
f 519/596/50 535/612/74 520/597/53
f 527/604/52 543/620/75 528/605/54
f 521/598/55 535/612/74 536/613/76
f 528/605/54 544/621/77 529/606/56
f 522/599/57 536/613/76 537/614/64
f 534/611/72 564/645/18 549/626/78
f 790/902/20 548/625/70 563/640/79
f 541/618/71 557/634/80 542/619/73
f 534/611/72 550/627/81 535/612/74
f 542/619/73 558/635/82 543/620/75
f 535/612/74 551/628/83 536/613/76
f 544/621/77 558/635/82 559/636/84
f 536/613/76 552/629/85 537/614/64
f 545/622/63 559/636/84 560/637/86
f 537/614/64 553/630/87 538/615/65
f 546/623/66 560/637/86 561/638/88
f 538/615/65 554/631/89 539/616/67
f 546/623/66 562/639/90 547/624/68
f 540/617/69 554/631/89 555/632/91
f 548/625/70 562/639/90 563/640/79
f 541/618/71 555/632/91 556/633/92
f 553/630/87 568/676/93 569/677/94
f 561/638/88 576/684/95 577/685/96
f 553/630/87 570/678/97 554/631/89
f 562/639/90 577/685/96 578/686/98
f 555/632/91 570/678/97 571/679/99
f 563/640/79 578/686/98 579/687/483
f 556/633/92 571/679/99 572/680/101
f 549/626/78 564/646/18 565/673/484
f 790/903/20 563/640/79 579/687/483
f 556/633/92 573/681/103 557/634/80
f 549/626/78 566/674/104 550/627/81
f 557/634/80 574/682/105 558/635/82
f 550/627/81 567/675/106 551/628/83
f 559/636/84 574/682/105 575/683/107
f 551/628/83 568/676/93 552/629/85
f 559/636/84 576/684/95 560/637/86
f 572/680/101 588/696/108 573/681/103
f 565/673/484 581/689/109 566/674/104
f 573/681/103 589/697/110 574/682/105
f 567/675/106 581/689/109 582/690/111
f 575/683/107 589/697/110 590/698/112
f 567/675/106 583/691/113 568/676/93
f 575/683/107 591/699/114 576/684/95
f 569/677/94 583/691/113 584/692/115
f 577/685/96 591/699/114 592/700/116
f 569/677/94 585/693/117 570/678/97
f 577/685/96 593/701/118 578/686/98
f 571/679/99 585/693/117 586/694/119
f 579/687/483 593/701/118 594/702/120
f 572/680/101 586/694/119 587/695/121
f 565/673/484 564/647/18 580/688/122
f 790/904/20 579/687/483 594/702/120
f 592/700/116 606/714/123 607/715/124
f 584/692/115 600/708/125 585/693/117
f 593/701/118 607/715/124 608/716/126
f 586/694/119 600/708/125 601/709/127
f 593/701/118 609/717/128 594/702/120
f 587/695/121 601/709/127 602/710/129
f 580/688/122 564/648/18 595/703/130
f 790/905/20 594/702/120 609/717/128
f 587/695/121 603/711/131 588/696/108
f 580/688/122 596/704/132 581/689/109
f 588/696/108 604/712/133 589/697/110
f 581/689/109 597/705/134 582/690/111
f 590/698/112 604/712/133 605/713/135
f 582/690/111 598/706/136 583/691/113
f 590/698/112 606/714/123 591/699/114
f 584/692/115 598/706/136 599/707/137
f 603/711/131 619/727/138 604/712/133
f 597/705/134 611/719/139 612/720/140
f 605/713/135 619/727/138 620/728/141
f 597/705/134 613/721/142 598/706/136
f 605/713/135 621/729/143 606/714/123
f 599/707/137 613/721/142 614/722/144
f 607/715/124 621/729/143 622/730/145
f 599/707/137 615/723/146 600/708/125
f 607/715/124 623/731/147 608/716/126
f 601/709/127 615/723/146 616/724/148
f 609/717/128 623/731/147 624/732/149
f 602/710/129 616/724/148 617/725/150
f 595/703/130 564/649/18 610/718/151
f 790/906/20 609/717/128 624/732/149
f 602/710/129 618/726/152 603/711/131
f 595/703/130 611/719/139 596/704/132
f 623/731/147 637/745/153 638/746/154
f 616/724/148 630/738/155 631/739/156
f 624/732/149 638/746/154 639/747/485
f 617/725/150 631/739/156 632/740/158
f 610/718/151 564/650/18 625/733/486
f 790/907/20 624/732/149 639/747/485
f 617/725/150 633/741/160 618/726/152
f 610/718/151 626/734/161 611/719/139
f 618/726/152 634/742/162 619/727/138
f 611/719/139 627/735/163 612/720/140
f 620/728/141 634/742/162 635/743/164
f 612/720/140 628/736/165 613/721/142
f 620/728/141 636/744/166 621/729/143
f 614/722/144 628/736/165 629/737/167
f 622/730/145 636/744/166 637/745/153
f 614/722/144 630/738/155 615/723/146
f 627/735/163 641/749/168 642/750/169
f 635/743/164 649/757/170 650/758/171
f 627/735/163 643/751/172 628/736/165
f 635/743/164 651/759/173 636/744/166
f 629/737/167 643/751/172 644/752/174
f 637/745/153 651/759/173 652/760/175
f 629/737/167 645/753/176 630/738/155
f 637/745/153 653/761/177 638/746/154
f 631/739/156 645/753/176 646/754/178
f 639/747/485 653/761/177 654/762/179
f 632/740/158 646/754/178 647/755/180
f 625/733/486 564/651/18 640/748/181
f 790/908/20 639/747/485 654/762/179
f 632/740/158 648/756/182 633/741/160
f 625/733/486 641/749/168 626/734/161
f 633/741/160 649/757/170 634/742/162
f 646/754/178 660/768/183 661/769/184
f 653/761/177 669/777/185 654/762/179
f 647/755/180 661/769/184 662/770/186
f 640/748/181 564/652/18 655/763/187
f 790/909/20 654/762/179 669/777/185
f 647/755/180 663/771/188 648/756/182
f 641/749/168 655/763/187 656/764/189
f 648/756/182 664/772/190 649/757/170
f 642/750/169 656/764/189 657/765/191
f 650/758/171 664/772/190 665/773/192
f 642/750/169 658/766/193 643/751/172
f 650/758/171 666/774/194 651/759/173
f 644/752/174 658/766/193 659/767/195
f 652/760/175 666/774/194 667/775/196
f 644/752/174 660/768/183 645/753/176
f 652/760/175 668/776/197 653/761/177
f 665/773/192 679/787/198 680/788/199
f 657/765/191 673/781/200 658/766/193
f 665/773/192 681/789/487 666/774/194
f 659/767/195 673/781/200 674/782/202
f 667/775/196 681/789/487 682/790/203
f 659/767/195 675/783/204 660/768/183
f 667/775/196 683/791/205 668/776/197
f 661/769/184 675/783/204 676/784/206
f 668/776/197 684/792/207 669/777/185
f 662/770/186 676/784/206 677/785/208
f 655/763/187 564/653/18 670/778/209
f 790/910/20 669/777/185 684/792/207
f 662/770/186 678/786/210 663/771/188
f 656/764/189 670/778/209 671/779/211
f 663/771/188 679/787/198 664/772/190
f 657/765/191 671/779/211 672/780/212
f 684/792/207 698/806/213 699/807/214
f 677/785/208 691/799/215 692/800/216
f 670/778/209 564/654/18 685/793/217
f 790/911/20 684/792/207 699/807/214
f 677/785/208 693/801/218 678/786/210
f 670/778/209 686/794/219 671/779/211
f 678/786/210 694/802/220 679/787/198
f 671/779/211 687/795/221 672/780/212
f 680/788/199 694/802/220 695/803/222
f 672/780/212 688/796/223 673/781/200
f 680/788/199 696/804/224 681/789/487
f 674/782/202 688/796/223 689/797/225
f 682/790/203 696/804/224 697/805/226
f 674/782/202 690/798/227 675/783/204
f 683/791/205 697/805/226 698/806/213
f 676/784/206 690/798/227 691/799/215
f 687/795/221 703/811/228 688/796/223
f 695/803/222 711/819/229 696/804/224
f 689/797/225 703/811/228 704/812/230
f 697/805/226 711/819/229 712/820/231
f 689/797/225 705/813/232 690/798/227
f 698/806/213 712/820/231 713/821/233
f 691/799/215 705/813/232 706/814/234
f 698/806/213 714/822/235 699/807/214
f 692/800/216 706/814/234 707/815/236
f 685/793/217 564/655/18 700/808/237
f 790/912/20 699/807/214 714/822/235
f 692/800/216 708/816/238 693/801/218
f 686/794/219 700/808/237 701/809/239
f 693/801/218 709/817/240 694/802/220
f 686/794/219 702/810/241 687/795/221
f 695/803/222 709/817/240 710/818/242
f 707/815/236 721/829/243 722/830/244
f 700/808/237 564/656/18 715/823/245
f 790/913/20 714/822/235 729/837/246
f 707/815/236 723/831/247 708/816/238
f 701/809/239 715/823/245 716/824/248
f 708/816/238 724/832/249 709/817/240
f 702/810/241 716/824/248 717/825/250
f 710/818/242 724/832/249 725/833/251
f 702/810/241 718/826/252 703/811/228
f 710/818/242 726/834/253 711/819/229
f 704/812/230 718/826/252 719/827/254
f 712/820/231 726/834/253 727/835/255
f 704/812/230 720/828/256 705/813/232
f 712/820/231 728/836/257 713/821/233
f 706/814/234 720/828/256 721/829/243
f 713/821/233 729/837/246 714/822/235
f 726/834/253 740/848/272 741/849/258
f 718/826/252 734/842/260 719/827/254
f 727/835/255 741/849/258 742/850/261
f 719/827/254 735/843/262 720/828/256
f 728/836/257 742/850/261 743/851/263
f 721/829/243 735/843/262 736/844/264
f 729/837/246 743/851/263 744/852/265
f 722/830/244 736/844/264 737/845/266
f 715/823/245 564/657/18 730/838/267
f 790/914/20 729/837/246 744/852/265
f 722/830/244 738/846/268 723/831/247
f 715/823/245 731/839/269 716/824/248
f 723/831/247 739/847/270 724/832/249
f 716/824/248 732/840/271 717/825/250
f 725/833/251 739/847/270 740/848/272
f 717/825/250 733/841/259 718/826/252
f 790/915/20 744/852/265 759/867/273
f 737/845/266 753/861/274 738/846/268
f 730/838/267 746/854/275 731/839/269
f 738/846/268 754/862/276 739/847/270
f 731/839/269 747/855/277 732/840/271
f 740/848/272 754/862/276 755/863/278
f 732/840/271 748/856/279 733/841/259
f 740/848/272 756/864/280 741/849/258
f 734/842/260 748/856/279 749/857/281
f 742/850/261 756/864/280 757/865/282
f 734/842/260 750/858/283 735/843/262
f 743/851/263 757/865/282 758/866/284
f 736/844/264 750/858/283 751/859/285
f 744/852/265 758/866/284 759/867/273
f 737/845/266 751/859/285 752/860/286
f 730/838/267 564/658/18 745/853/287
f 757/865/282 771/879/488 772/880/289
f 749/857/281 765/873/290 750/858/283
f 757/865/282 773/881/291 758/866/284
f 751/859/285 765/873/290 766/874/292
f 759/867/273 773/881/291 774/882/293
f 752/860/286 766/874/292 767/875/294
f 745/853/287 564/659/18 760/868/295
f 790/916/20 759/867/273 774/882/293
f 752/860/286 768/876/296 753/861/274
f 745/853/287 761/869/297 746/854/275
f 753/861/274 769/877/298 754/862/276
f 747/855/277 761/869/297 762/870/299
f 755/863/278 769/877/298 770/878/300
f 747/855/277 763/871/301 748/856/279
f 755/863/278 771/879/488 756/864/280
f 749/857/281 763/871/301 764/872/302
f 761/869/297 775/883/303 776/884/304
f 768/876/296 784/892/305 769/877/298
f 762/870/299 776/884/304 777/885/306
f 770/878/300 784/892/305 785/893/307
f 762/870/299 778/886/308 763/871/301
f 770/878/300 786/894/309 771/879/488
f 764/872/302 778/886/308 779/887/310
f 772/880/289 786/894/309 787/895/311
f 764/872/302 780/888/312 765/873/290
f 772/880/289 788/896/313 773/881/291
f 766/874/292 780/888/312 781/889/314
f 773/881/291 789/897/315 774/882/293
f 767/875/294 781/889/314 782/890/316
f 760/868/295 564/660/18 775/883/303
f 790/917/20 774/882/293 789/897/315
f 767/875/294 783/891/317 768/876/296
f 779/887/310 796/935/318 780/888/312
f 788/896/313 803/942/332 804/943/319
f 781/889/314 796/935/318 797/936/320
f 789/897/315 804/943/319 805/944/321
f 782/890/316 797/936/320 798/937/322
f 775/883/303 564/661/18 791/930/323
f 790/918/20 789/897/315 805/944/321
f 782/890/316 799/938/324 783/891/317
f 775/883/303 792/931/325 776/884/304
f 783/891/317 800/939/326 784/892/305
f 776/884/304 793/932/327 777/885/306
f 785/893/307 800/939/326 801/940/328
f 777/885/306 794/933/329 778/886/308
f 785/893/307 802/941/330 786/894/309
f 779/887/310 794/933/329 795/934/331
f 787/895/311 802/941/330 803/942/332
f 799/938/324 815/954/333 800/939/326
f 792/931/325 808/947/335 793/932/327
f 801/940/328 815/954/333 816/955/336
f 793/932/327 809/948/337 794/933/329
f 801/940/328 817/956/338 802/941/330
f 795/934/331 809/948/337 810/949/339
f 803/942/332 817/956/338 818/957/340
f 795/934/331 811/950/341 796/935/318
f 804/943/319 818/957/340 819/958/342
f 797/936/320 811/950/341 812/951/343
f 804/943/319 820/959/489 805/944/321
f 798/937/322 812/951/343 813/952/345
f 791/930/323 564/662/18 806/945/490
f 790/919/20 805/944/321 820/959/489
f 798/937/322 814/953/347 799/938/324
f 791/930/323 807/946/334 792/931/325
f 819/958/342 833/972/362 834/973/348
f 812/951/343 826/965/349 827/966/350
f 820/959/489 834/973/348 835/974/351
f 813/952/345 827/966/350 828/967/352
f 806/945/490 564/663/18 821/960/353
f 790/920/20 820/959/489 835/974/351
f 813/952/345 829/968/354 814/953/347
f 806/945/490 822/961/355 807/946/334
f 814/953/347 830/969/356 815/954/333
f 807/946/334 823/962/357 808/947/335
f 816/955/336 830/969/356 831/970/358
f 808/947/335 824/963/359 809/948/337
f 816/955/336 832/971/360 817/956/338
f 810/949/339 824/963/359 825/964/361
f 818/957/340 832/971/360 833/972/362
f 810/949/339 826/965/349 811/950/341
f 822/961/355 838/979/364 823/962/357
f 831/970/358 845/993/365 846/995/366
f 823/962/357 839/981/367 824/963/359
f 831/970/358 847/997/368 832/971/360
f 825/964/361 839/981/367 840/983/369
f 833/972/362 847/997/368 848/999/370
f 825/964/361 841/985/371 826/965/349
f 834/973/348 848/999/370 849/1001/372
f 827/966/350 841/985/371 842/987/373
f 834/973/348 850/1004/374 835/974/351
f 828/967/352 842/987/373 843/989/375
f 821/960/353 564/664/18 836/975/376
f 790/921/20 835/974/351 850/1004/374
f 828/967/352 844/991/377 829/968/354
f 821/960/353 837/977/363 822/961/355
f 829/968/354 845/993/365 830/969/356
f 842/988/373 856/1010/378 857/1011/379
f 849/1002/372 865/1019/381 850/1003/374
f 843/990/375 857/1011/379 858/1012/382
f 836/976/376 564/665/18 851/1005/383
f 790/922/20 850/1003/374 865/1019/381
f 843/990/375 859/1013/384 844/992/377
f 837/978/363 851/1005/383 852/1006/385
f 844/992/377 860/1014/386 845/994/365
f 838/980/364 852/1006/385 853/1007/387
f 846/996/366 860/1014/386 861/1015/388
f 838/980/364 854/1008/389 839/982/367
f 846/996/366 862/1016/390 847/998/368
f 840/984/369 854/1008/389 855/1009/391
f 848/1000/370 862/1016/390 863/1017/392
f 840/984/369 856/1010/378 841/986/371
f 848/1000/370 864/1018/380 849/1002/372
f 861/1015/388 875/1029/393 876/1030/394
f 853/1007/387 869/1023/395 854/1008/389
f 861/1015/388 877/1031/396 862/1016/390
f 855/1009/391 869/1023/395 870/1024/397
f 863/1017/392 877/1031/396 878/1032/398
f 855/1009/391 871/1025/399 856/1010/378
f 863/1017/392 879/1033/400 864/1018/380
f 857/1011/379 871/1025/399 872/1026/401
f 864/1018/380 880/1034/491 865/1019/381
f 858/1012/382 872/1026/401 873/1027/403
f 851/1005/383 564/666/18 866/1020/492
f 790/923/20 865/1019/381 880/1034/491
f 858/1012/382 874/1028/405 859/1013/384
f 852/1006/385 866/1020/492 867/1021/406
f 859/1013/384 875/1029/393 860/1014/386
f 853/1007/387 867/1021/406 868/1022/407
f 880/1034/491 894/1048/408 895/1049/409
f 873/1027/403 887/1041/410 888/1042/411
f 866/1020/492 564/667/18 881/1035/412
f 790/924/20 880/1034/491 895/1049/409
f 873/1027/403 889/1043/413 874/1028/405
f 866/1020/492 882/1036/414 867/1021/406
f 874/1028/405 890/1044/415 875/1029/393
f 868/1022/407 882/1036/414 883/1037/416
f 876/1030/394 890/1044/415 891/1045/417
f 868/1022/407 884/1038/418 869/1023/395
f 876/1030/394 892/1046/419 877/1031/396
f 870/1024/397 884/1038/418 885/1039/420
f 878/1032/398 892/1046/419 893/1047/421
f 870/1024/397 886/1040/422 871/1025/399
f 878/1032/398 894/1048/408 879/1033/400
f 872/1026/401 886/1040/422 887/1041/410
f 891/1045/417 907/1061/423 892/1046/419
f 885/1039/420 899/1053/424 900/1054/425
f 893/1047/421 907/1061/423 908/1062/426
f 885/1039/420 901/1055/427 886/1040/422
f 893/1047/421 909/1063/428 894/1048/408
f 887/1041/410 901/1055/427 902/1056/429
f 894/1048/408 910/1064/430 895/1049/409
f 888/1042/411 902/1056/429 903/1057/431
f 881/1035/412 564/668/18 896/1050/432
f 790/925/20 895/1049/409 910/1064/430
f 888/1042/411 904/1058/433 889/1043/413
f 882/1036/414 896/1050/432 897/1051/434
f 889/1043/413 905/1059/435 890/1044/415
f 883/1037/416 897/1051/434 898/1052/436
f 891/1045/417 905/1059/435 906/1060/437
f 883/1037/416 899/1053/424 884/1038/418
f 896/1050/432 564/669/18 911/1065/438
f 790/926/20 910/1064/430 925/1079/439
f 903/1057/431 919/1073/440 904/1058/433
f 896/1050/432 912/1066/441 897/1051/434
f 904/1058/433 920/1074/442 905/1059/435
f 898/1052/436 912/1066/441 913/1067/443
f 906/1060/437 920/1074/442 921/1075/444
f 898/1052/436 914/1068/445 899/1053/424
f 906/1060/437 922/1076/446 907/1061/423
f 900/1054/425 914/1068/445 915/1069/447
f 908/1062/426 922/1076/446 923/1077/448
f 900/1054/425 916/1070/449 901/1055/427
f 908/1062/426 924/1078/450 909/1063/428
f 902/1056/429 916/1070/449 917/1071/451
f 910/1064/430 924/1078/450 925/1079/439
f 903/1057/431 917/1071/451 918/1072/452
f 915/1069/447 929/1083/453 930/1084/454
f 923/1077/448 937/1091/455 938/1092/456
f 915/1069/447 931/1085/457 916/1070/449
f 923/1077/448 939/1093/458 924/1078/450
f 917/1071/451 931/1085/457 932/1086/459
f 925/1079/439 939/1093/458 940/1094/460
f 918/1072/452 932/1086/459 933/1087/461
f 911/1065/438 564/670/18 926/1080/462
f 790/927/20 925/1079/439 940/1094/460
f 918/1072/452 934/1088/463 919/1073/440
f 911/1065/438 927/1081/464 912/1066/441
f 919/1073/440 935/1089/465 920/1074/442
f 913/1067/443 927/1081/464 928/1082/466
f 921/1075/444 935/1089/465 936/1090/467
f 913/1067/443 929/1083/453 914/1068/445
f 921/1075/444 937/1091/455 922/1076/446
f 933/1087/461 949/1103/468 934/1088/463
f 927/1081/464 941/1095/482 942/1096/469
f 934/1088/463 950/1104/470 935/1089/465
f 928/1082/466 942/1096/469 943/1097/471
f 936/1090/467 950/1104/470 951/1105/472
f 928/1082/466 944/1098/473 929/1083/453
f 936/1090/467 952/1106/474 937/1091/455
f 930/1084/454 944/1098/473 945/1099/475
f 938/1092/456 952/1106/474 953/1107/476
f 930/1084/454 946/1100/477 931/1085/457
f 938/1092/456 954/1108/478 939/1093/458
f 932/1086/459 946/1100/477 947/1101/479
f 939/1093/458 955/1109/480 940/1094/460
f 933/1087/461 947/1101/479 948/1102/481
f 926/1080/462 564/671/18 941/1095/482
f 790/928/20 940/1094/460 955/1109/480
f 953/1107/476 961/1115/4 962/1116/6
f 946/1100/477 484/561/3 959/1113/7
f 954/1108/478 962/1116/6 963/1117/10
f 947/1101/479 959/1113/7 485/562/11
f 955/1109/480 963/1117/10 964/1118/14
f 948/1102/481 485/562/11 486/563/16
f 941/1095/482 564/672/18 956/1110/17
f 790/929/20 955/1109/480 964/1118/14
f 948/1102/481 487/564/21 949/1103/468
f 941/1095/482 957/1111/23 942/1096/469
f 949/1103/468 960/1114/26 950/1104/470
f 943/1097/471 957/1111/23 483/560/27
f 950/1104/470 488/565/30 951/1105/472
f 944/1098/473 483/560/27 958/1112/1
f 951/1105/472 961/1115/4 952/1106/474
f 945/1099/475 958/1112/1 484/561/3
f 1440/1671/1 975/1129/2 966/1120/3
f 1443/1674/4 983/1137/5 1444/1675/6
f 1441/1672/7 975/1129/2 976/1130/8
f 1444/1675/6 984/1138/9 1445/1676/10
f 967/1121/11 976/1130/8 977/1131/12
f 1445/1676/10 985/1139/13 1446/1677/14
f 967/1121/11 978/1132/15 968/1122/16
f 1438/1669/17 1046/1200/18 971/1125/19
f 1272/1457/20 1446/1677/14 985/1139/13
f 969/1123/21 978/1132/15 979/1133/22
f 1439/1670/23 971/1125/19 972/1126/24
f 969/1123/21 980/1134/25 1442/1673/26
f 1439/1670/23 973/1127/28 965/1119/27
f 1442/1673/26 981/1135/29 970/1124/30
f 1440/1671/1 973/1127/28 974/1128/31
f 1443/1674/4 981/1135/29 982/1136/32
f 973/1127/28 989/1143/33 974/1128/31
f 981/1135/29 997/1151/35 982/1136/32
f 975/1129/2 989/1143/33 990/1144/36
f 983/1137/5 997/1151/35 998/1152/37
f 975/1129/2 991/1145/38 976/1130/8
f 983/1137/5 999/1153/39 984/1138/9
f 977/1131/12 991/1145/38 992/1146/40
f 984/1138/9 1000/1154/41 985/1139/13
f 978/1132/15 992/1146/40 993/1147/42
f 971/1125/19 1046/1201/18 986/1140/43
f 1272/1458/20 985/1139/13 1000/1154/41
f 978/1132/15 994/1148/44 979/1133/22
f 972/1126/24 986/1140/43 987/1141/45
f 979/1133/22 995/1149/46 980/1134/25
f 973/1127/28 987/1141/45 988/1142/47
f 981/1135/29 995/1149/46 996/1150/34
f 993/1147/42 1007/1161/48 1008/1162/49
f 986/1140/43 1046/1202/18 1001/1155/50
f 1272/1459/20 1000/1154/41 1015/1169/51
f 993/1147/42 1009/1163/52 994/1148/44
f 986/1140/43 1002/1156/53 987/1141/45
f 994/1148/44 1010/1164/54 995/1149/46
f 987/1141/45 1003/1157/55 988/1142/47
f 995/1149/46 1011/1165/56 996/1150/34
f 988/1142/47 1004/1158/57 989/1143/33
f 997/1151/35 1011/1165/56 1012/1166/58
f 989/1143/33 1005/1159/59 990/1144/36
f 998/1152/37 1012/1166/58 1013/1167/60
f 990/1144/36 1006/1160/61 991/1145/38
f 999/1153/39 1013/1167/60 1014/1168/62
f 992/1146/40 1006/1160/61 1007/1161/48
f 1000/1154/41 1014/1168/62 1015/1169/51
f 1012/1166/58 1026/1180/77 1027/1181/63
f 1004/1158/57 1020/1174/65 1005/1159/59
f 1013/1167/60 1027/1181/63 1028/1182/66
f 1005/1159/59 1021/1175/67 1006/1160/61
f 1014/1168/62 1028/1182/66 1029/1183/68
f 1007/1161/48 1021/1175/67 1022/1176/69
f 1015/1169/51 1029/1183/68 1030/1184/70
f 1008/1162/49 1022/1176/69 1023/1177/71
f 1001/1155/50 1046/1203/18 1016/1170/72
f 1272/1460/20 1015/1169/51 1030/1184/70
f 1008/1162/49 1024/1178/73 1009/1163/52
f 1001/1155/50 1017/1171/74 1002/1156/53
f 1009/1163/52 1025/1179/75 1010/1164/54
f 1002/1156/53 1018/1172/76 1003/1157/55
f 1011/1165/56 1025/1179/75 1026/1180/77
f 1003/1157/55 1019/1173/64 1004/1158/57
f 1016/1170/72 1046/1204/18 1031/1185/78
f 1272/1461/20 1030/1184/70 1045/1199/79
f 1023/1177/71 1039/1193/80 1024/1178/73
f 1017/1171/74 1031/1185/78 1032/1186/81
f 1024/1178/73 1040/1194/82 1025/1179/75
f 1018/1172/76 1032/1186/81 1033/1187/83
f 1026/1180/77 1040/1194/82 1041/1195/84
f 1018/1172/76 1034/1188/85 1019/1173/64
f 1026/1180/77 1042/1196/86 1027/1181/63
f 1020/1174/65 1034/1188/85 1035/1189/87
f 1028/1182/66 1042/1196/86 1043/1197/88
f 1020/1174/65 1036/1190/89 1021/1175/67
f 1028/1182/66 1044/1198/90 1029/1183/68
f 1022/1176/69 1036/1190/89 1037/1191/91
f 1029/1183/68 1045/1199/79 1030/1184/70
f 1023/1177/71 1037/1191/91 1038/1192/92
f 1035/1189/87 1050/1235/93 1051/1236/94
f 1043/1197/88 1058/1243/95 1059/1244/96
f 1035/1189/87 1052/1237/97 1036/1190/89
f 1044/1198/90 1059/1244/96 1060/1245/98
f 1037/1191/91 1052/1237/97 1053/1238/99
f 1045/1199/79 1060/1245/98 1061/1246/483
f 1038/1192/92 1053/1238/99 1054/1239/101
f 1031/1185/78 1046/1205/18 1047/1232/484
f 1272/1462/20 1045/1199/79 1061/1246/483
f 1038/1192/92 1055/1240/103 1039/1193/80
f 1031/1185/78 1048/1233/104 1032/1186/81
f 1039/1193/80 1056/1241/105 1040/1194/82
f 1032/1186/81 1049/1234/106 1033/1187/83
f 1041/1195/84 1056/1241/105 1057/1242/107
f 1033/1187/83 1050/1235/93 1034/1188/85
f 1041/1195/84 1058/1243/95 1042/1196/86
f 1054/1239/101 1070/1255/108 1055/1240/103
f 1048/1233/104 1062/1247/122 1063/1248/109
f 1055/1240/103 1071/1256/110 1056/1241/105
f 1049/1234/106 1063/1248/109 1064/1249/111
f 1057/1242/107 1071/1256/110 1072/1257/112
f 1049/1234/106 1065/1250/113 1050/1235/93
f 1057/1242/107 1073/1258/114 1058/1243/95
f 1051/1236/94 1065/1250/113 1066/1251/115
f 1059/1244/96 1073/1258/114 1074/1259/116
f 1051/1236/94 1067/1252/117 1052/1237/97
f 1059/1244/96 1075/1260/118 1060/1245/98
f 1053/1238/99 1067/1252/117 1068/1253/119
f 1060/1245/98 1076/1261/120 1061/1246/483
f 1054/1239/101 1068/1253/119 1069/1254/121
f 1047/1232/484 1046/1206/18 1062/1247/122
f 1272/1463/20 1061/1246/483 1076/1261/120
f 1074/1259/116 1088/1273/123 1089/1274/124
f 1067/1252/117 1081/1266/137 1082/1267/125
f 1074/1259/116 1090/1275/126 1075/1260/118
f 1068/1253/119 1082/1267/125 1083/1268/127
f 1076/1261/120 1090/1275/126 1091/1276/128
f 1069/1254/121 1083/1268/127 1084/1269/129
f 1062/1247/122 1046/1207/18 1077/1262/130
f 1272/1464/20 1076/1261/120 1091/1276/128
f 1069/1254/121 1085/1270/131 1070/1255/108
f 1062/1247/122 1078/1263/132 1063/1248/109
f 1070/1255/108 1086/1271/133 1071/1256/110
f 1064/1249/111 1078/1263/132 1079/1264/134
f 1071/1256/110 1087/1272/135 1072/1257/112
f 1064/1249/111 1080/1265/136 1065/1250/113
f 1073/1258/114 1087/1272/135 1088/1273/123
f 1065/1250/113 1081/1266/137 1066/1251/115
f 1085/1270/131 1101/1286/138 1086/1271/133
f 1079/1264/134 1093/1278/139 1094/1279/140
f 1087/1272/135 1101/1286/138 1102/1287/141
f 1079/1264/134 1095/1280/142 1080/1265/136
f 1088/1273/123 1102/1287/141 1103/1288/143
f 1080/1265/136 1096/1281/144 1081/1266/137
f 1089/1274/124 1103/1288/143 1104/1289/145
f 1081/1266/137 1097/1282/146 1082/1267/125
f 1089/1274/124 1105/1290/147 1090/1275/126
f 1083/1268/127 1097/1282/146 1098/1283/148
f 1090/1275/126 1106/1291/149 1091/1276/128
f 1084/1269/129 1098/1283/148 1099/1284/150
f 1077/1262/130 1046/1208/18 1092/1277/151
f 1272/1465/20 1091/1276/128 1106/1291/149
f 1084/1269/129 1100/1285/152 1085/1270/131
f 1078/1263/132 1092/1277/151 1093/1278/139
f 1105/1290/147 1119/1304/153 1120/1305/154
f 1098/1283/148 1112/1297/155 1113/1298/156
f 1105/1290/147 1121/1306/485 1106/1291/149
f 1099/1284/150 1113/1298/156 1114/1299/158
f 1092/1277/151 1046/1209/18 1107/1292/486
f 1272/1466/20 1106/1291/149 1121/1306/485
f 1099/1284/150 1115/1300/160 1100/1285/152
f 1093/1278/139 1107/1292/486 1108/1293/161
f 1100/1285/152 1116/1301/162 1101/1286/138
f 1093/1278/139 1109/1294/163 1094/1279/140
f 1102/1287/141 1116/1301/162 1117/1302/164
f 1094/1279/140 1110/1295/165 1095/1280/142
f 1102/1287/141 1118/1303/166 1103/1288/143
f 1096/1281/144 1110/1295/165 1111/1296/167
f 1104/1289/145 1118/1303/166 1119/1304/153
f 1096/1281/144 1112/1297/155 1097/1282/146
f 1109/1294/163 1123/1308/168 1124/1309/169
f 1117/1302/164 1131/1316/170 1132/1317/171
f 1109/1294/163 1125/1310/172 1110/1295/165
f 1117/1302/164 1133/1318/173 1118/1303/166
f 1111/1296/167 1125/1310/172 1126/1311/174
f 1119/1304/153 1133/1318/173 1134/1319/175
f 1111/1296/167 1127/1312/176 1112/1297/155
f 1119/1304/153 1135/1320/177 1120/1305/154
f 1113/1298/156 1127/1312/176 1128/1313/178
f 1121/1306/485 1135/1320/177 1136/1321/179
f 1114/1299/158 1128/1313/178 1129/1314/180
f 1107/1292/486 1046/1210/18 1122/1307/181
f 1272/1467/20 1121/1306/485 1136/1321/179
f 1114/1299/158 1130/1315/182 1115/1300/160
f 1107/1292/486 1123/1308/168 1108/1293/161
f 1115/1300/160 1131/1316/170 1116/1301/162
f 1128/1313/178 1142/1327/183 1143/1328/184
f 1136/1321/179 1150/1335/197 1151/1336/185
f 1129/1314/180 1143/1328/184 1144/1329/186
f 1122/1307/181 1046/1211/18 1137/1322/187
f 1272/1468/20 1136/1321/179 1151/1336/185
f 1129/1314/180 1145/1330/188 1130/1315/182
f 1122/1307/181 1138/1323/189 1123/1308/168
f 1130/1315/182 1146/1331/190 1131/1316/170
f 1123/1308/168 1139/1324/191 1124/1309/169
f 1132/1317/171 1146/1331/190 1147/1332/192
f 1124/1309/169 1140/1325/193 1125/1310/172
f 1132/1317/171 1148/1333/194 1133/1318/173
f 1126/1311/174 1140/1325/193 1141/1326/195
f 1134/1319/175 1148/1333/194 1149/1334/196
f 1126/1311/174 1142/1327/183 1127/1312/176
f 1135/1320/177 1149/1334/196 1150/1335/197
f 1147/1332/192 1161/1346/198 1162/1347/199
f 1139/1324/191 1155/1340/200 1140/1325/193
f 1147/1332/192 1163/1348/487 1148/1333/194
f 1141/1326/195 1155/1340/200 1156/1341/202
f 1149/1334/196 1163/1348/487 1164/1349/203
f 1141/1326/195 1157/1342/204 1142/1327/183
f 1149/1334/196 1165/1350/205 1150/1335/197
f 1143/1328/184 1157/1342/204 1158/1343/206
f 1150/1335/197 1166/1351/207 1151/1336/185
f 1144/1329/186 1158/1343/206 1159/1344/208
f 1137/1322/187 1046/1212/18 1152/1337/209
f 1272/1469/20 1151/1336/185 1166/1351/207
f 1144/1329/186 1160/1345/210 1145/1330/188
f 1138/1323/189 1152/1337/209 1153/1338/211
f 1145/1330/188 1161/1346/198 1146/1331/190
f 1139/1324/191 1153/1338/211 1154/1339/212
f 1166/1351/207 1180/1365/213 1181/1366/214
f 1159/1344/208 1173/1358/215 1174/1359/216
f 1152/1337/209 1046/1213/18 1167/1352/217
f 1272/1470/20 1166/1351/207 1181/1366/214
f 1159/1344/208 1175/1360/218 1160/1345/210
f 1152/1337/209 1168/1353/219 1153/1338/211
f 1160/1345/210 1176/1361/220 1161/1346/198
f 1153/1338/211 1169/1354/221 1154/1339/212
f 1162/1347/199 1176/1361/220 1177/1362/222
f 1154/1339/212 1170/1355/223 1155/1340/200
f 1162/1347/199 1178/1363/224 1163/1348/487
f 1156/1341/202 1170/1355/223 1171/1356/225
f 1164/1349/203 1178/1363/224 1179/1364/226
f 1156/1341/202 1172/1357/227 1157/1342/204
f 1165/1350/205 1179/1364/226 1180/1365/213
f 1158/1343/206 1172/1357/227 1173/1358/215
f 1169/1354/221 1185/1370/228 1170/1355/223
f 1177/1362/222 1193/1378/229 1178/1363/224
f 1171/1356/225 1185/1370/228 1186/1371/230
f 1179/1364/226 1193/1378/229 1194/1379/231
f 1171/1356/225 1187/1372/232 1172/1357/227
f 1179/1364/226 1195/1380/233 1180/1365/213
f 1173/1358/215 1187/1372/232 1188/1373/234
f 1180/1365/213 1196/1381/235 1181/1366/214
f 1174/1359/216 1188/1373/234 1189/1374/236
f 1167/1352/217 1046/1214/18 1182/1367/237
f 1272/1471/20 1181/1366/214 1196/1381/235
f 1174/1359/216 1190/1375/238 1175/1360/218
f 1168/1353/219 1182/1367/237 1183/1368/239
f 1175/1360/218 1191/1376/240 1176/1361/220
f 1169/1354/221 1183/1368/239 1184/1369/241
f 1177/1362/222 1191/1376/240 1192/1377/242
f 1189/1374/236 1203/1388/243 1204/1389/244
f 1182/1367/237 1046/1215/18 1197/1382/245
f 1272/1472/20 1196/1381/235 1211/1396/246
f 1189/1374/236 1205/1390/247 1190/1375/238
f 1182/1367/237 1198/1383/248 1183/1368/239
f 1190/1375/238 1206/1391/249 1191/1376/240
f 1183/1368/239 1199/1384/250 1184/1369/241
f 1192/1377/242 1206/1391/249 1207/1392/251
f 1184/1369/241 1200/1385/252 1185/1370/228
f 1192/1377/242 1208/1393/253 1193/1378/229
f 1186/1371/230 1200/1385/252 1201/1386/254
f 1194/1379/231 1208/1393/253 1209/1394/255
f 1186/1371/230 1202/1387/256 1187/1372/232
f 1195/1380/233 1209/1394/255 1210/1395/257
f 1188/1373/234 1202/1387/256 1203/1388/243
f 1196/1381/235 1210/1395/257 1211/1396/246
f 1207/1392/251 1223/1408/258 1208/1393/253
f 1201/1386/254 1215/1400/259 1216/1401/260
f 1209/1394/255 1223/1408/258 1224/1409/261
f 1201/1386/254 1217/1402/262 1202/1387/256
f 1209/1394/255 1225/1410/263 1210/1395/257
f 1203/1388/243 1217/1402/262 1218/1403/264
f 1210/1395/257 1226/1411/265 1211/1396/246
f 1204/1389/244 1218/1403/264 1219/1404/266
f 1197/1382/245 1046/1216/18 1212/1397/267
f 1272/1473/20 1211/1396/246 1226/1411/265
f 1204/1389/244 1220/1405/268 1205/1390/247
f 1198/1383/248 1212/1397/267 1213/1398/269
f 1205/1390/247 1221/1406/270 1206/1391/249
f 1199/1384/250 1213/1398/269 1214/1399/271
f 1207/1392/251 1221/1406/270 1222/1407/272
f 1199/1384/250 1215/1400/259 1200/1385/252
f 1272/1474/20 1226/1411/265 1241/1426/273
f 1219/1404/266 1235/1420/274 1220/1405/268
f 1213/1398/269 1227/1412/287 1228/1413/275
f 1220/1405/268 1236/1421/276 1221/1406/270
f 1214/1399/271 1228/1413/275 1229/1414/277
f 1222/1407/272 1236/1421/276 1237/1422/278
f 1214/1399/271 1230/1415/279 1215/1400/259
f 1222/1407/272 1238/1423/280 1223/1408/258
f 1216/1401/260 1230/1415/279 1231/1416/281
f 1224/1409/261 1238/1423/280 1239/1424/282
f 1216/1401/260 1232/1417/283 1217/1402/262
f 1224/1409/261 1240/1425/284 1225/1410/263
f 1218/1403/264 1232/1417/283 1233/1418/285
f 1225/1410/263 1241/1426/273 1226/1411/265
f 1219/1404/266 1233/1418/285 1234/1419/286
f 1212/1397/267 1046/1217/18 1227/1412/287
f 1239/1424/282 1253/1438/488 1254/1439/289
f 1231/1416/281 1247/1432/290 1232/1417/283
f 1239/1424/282 1255/1440/291 1240/1425/284
f 1233/1418/285 1247/1432/290 1248/1433/292
f 1240/1425/284 1256/1441/293 1241/1426/273
f 1234/1419/286 1248/1433/292 1249/1434/294
f 1227/1412/287 1046/1218/18 1242/1427/295
f 1272/1475/20 1241/1426/273 1256/1441/293
f 1234/1419/286 1250/1435/296 1235/1420/274
f 1228/1413/275 1242/1427/295 1243/1428/297
f 1235/1420/274 1251/1436/298 1236/1421/276
f 1228/1413/275 1244/1429/299 1229/1414/277
f 1237/1422/278 1251/1436/298 1252/1437/300
f 1229/1414/277 1245/1430/493 1230/1415/279
f 1237/1422/278 1253/1438/488 1238/1423/280
f 1231/1416/281 1245/1430/493 1246/1431/302
f 1242/1427/295 1258/1443/304 1243/1428/297
f 1250/1435/296 1266/1451/305 1251/1436/298
f 1244/1429/299 1258/1443/304 1259/1444/306
f 1252/1437/300 1266/1451/305 1267/1452/307
f 1244/1429/299 1260/1445/308 1245/1430/493
f 1252/1437/300 1268/1453/309 1253/1438/488
f 1246/1431/302 1260/1445/308 1261/1446/310
f 1254/1439/289 1268/1453/309 1269/1454/311
f 1246/1431/302 1262/1447/312 1247/1432/290
f 1254/1439/289 1270/1455/313 1255/1440/291
f 1248/1433/292 1262/1447/312 1263/1448/314
f 1256/1441/293 1270/1455/313 1271/1456/315
f 1249/1434/294 1263/1448/314 1264/1449/316
f 1242/1427/295 1046/1219/18 1257/1442/303
f 1272/1476/20 1256/1441/293 1271/1456/315
f 1249/1434/294 1265/1450/317 1250/1435/296
f 1261/1446/310 1278/1494/318 1262/1447/312
f 1269/1454/311 1286/1502/319 1270/1455/313
f 1263/1448/314 1278/1494/318 1279/1495/320
f 1270/1455/313 1287/1503/321 1271/1456/315
f 1264/1449/316 1279/1495/320 1280/1496/322
f 1257/1442/303 1046/1220/18 1273/1489/323
f 1272/1477/20 1271/1456/315 1287/1503/321
f 1264/1449/316 1281/1497/324 1265/1450/317
f 1258/1443/304 1273/1489/323 1274/1490/325
f 1265/1450/317 1282/1498/326 1266/1451/305
f 1259/1444/306 1274/1490/325 1275/1491/327
f 1267/1452/307 1282/1498/326 1283/1499/328
f 1259/1444/306 1276/1492/329 1260/1445/308
f 1267/1452/307 1284/1500/330 1268/1453/309
f 1261/1446/310 1276/1492/329 1277/1493/331
f 1269/1454/311 1284/1500/330 1285/1501/332
f 1281/1497/324 1297/1513/333 1282/1498/326
f 1275/1491/327 1289/1505/334 1290/1506/335
f 1283/1499/328 1297/1513/333 1298/1514/336
f 1275/1491/327 1291/1507/337 1276/1492/329
f 1283/1499/328 1299/1515/338 1284/1500/330
f 1277/1493/331 1291/1507/337 1292/1508/339
f 1285/1501/332 1299/1515/338 1300/1516/340
f 1277/1493/331 1293/1509/341 1278/1494/318
f 1285/1501/332 1301/1517/342 1286/1502/319
f 1279/1495/320 1293/1509/341 1294/1510/343
f 1287/1503/321 1301/1517/342 1302/1518/489
f 1280/1496/322 1294/1510/343 1295/1511/345
f 1273/1489/323 1046/1221/18 1288/1504/346
f 1272/1478/20 1287/1503/321 1302/1518/489
f 1280/1496/322 1296/1512/347 1281/1497/324
f 1273/1489/323 1289/1505/334 1274/1490/325
f 1300/1516/340 1316/1532/348 1301/1517/342
f 1294/1510/343 1308/1524/349 1309/1525/350
f 1301/1517/342 1317/1533/351 1302/1518/489
f 1295/1511/345 1309/1525/350 1310/1526/352
f 1288/1504/346 1046/1222/18 1303/1519/353
f 1272/1479/20 1302/1518/489 1317/1533/351
f 1295/1511/345 1311/1527/354 1296/1512/347
f 1288/1504/346 1304/1520/355 1289/1505/334
f 1296/1512/347 1312/1528/356 1297/1513/333
f 1290/1506/335 1304/1520/355 1305/1521/357
f 1298/1514/336 1312/1528/356 1313/1529/358
f 1290/1506/335 1306/1522/359 1291/1507/337
f 1298/1514/336 1314/1530/360 1299/1515/338
f 1292/1508/339 1306/1522/359 1307/1523/361
f 1300/1516/340 1314/1530/360 1315/1531/362
f 1292/1508/339 1308/1524/349 1293/1509/341
f 1305/1521/357 1319/1536/363 1320/1538/364
f 1313/1529/358 1327/1552/365 1328/1554/366
f 1305/1521/357 1321/1540/367 1306/1522/359
f 1313/1529/358 1329/1556/368 1314/1530/360
f 1307/1523/361 1321/1540/367 1322/1542/369
f 1315/1531/362 1329/1556/368 1330/1558/370
f 1307/1523/361 1323/1544/371 1308/1524/349
f 1315/1531/362 1331/1560/372 1316/1532/348
f 1309/1525/350 1323/1544/371 1324/1546/373
f 1316/1532/348 1332/1563/374 1317/1533/351
f 1310/1526/352 1324/1546/373 1325/1548/375
f 1303/1519/353 1046/1223/18 1318/1534/376
f 1272/1480/20 1317/1533/351 1332/1563/374
f 1310/1526/352 1326/1550/377 1311/1527/354
f 1304/1520/355 1318/1534/376 1319/1536/363
f 1311/1527/354 1327/1552/365 1312/1528/356
f 1324/1547/373 1338/1569/378 1339/1570/379
f 1331/1561/372 1347/1578/381 1332/1562/374
f 1325/1549/375 1339/1570/379 1340/1571/382
f 1318/1535/376 1046/1224/18 1333/1564/383
f 1272/1481/20 1332/1562/374 1347/1578/381
f 1325/1549/375 1341/1572/384 1326/1551/377
f 1319/1537/363 1333/1564/383 1334/1565/385
f 1326/1551/377 1342/1573/386 1327/1553/365
f 1320/1539/364 1334/1565/385 1335/1566/387
f 1328/1555/366 1342/1573/386 1343/1574/388
f 1320/1539/364 1336/1567/389 1321/1541/367
f 1328/1555/366 1344/1575/390 1329/1557/368
f 1322/1543/369 1336/1567/389 1337/1568/391
f 1330/1559/370 1344/1575/390 1345/1576/392
f 1322/1543/369 1338/1569/378 1323/1545/371
f 1330/1559/370 1346/1577/380 1331/1561/372
f 1343/1574/388 1357/1588/393 1358/1589/394
f 1335/1566/387 1351/1582/395 1336/1567/389
f 1343/1574/388 1359/1590/396 1344/1575/390
f 1337/1568/391 1351/1582/395 1352/1583/397
f 1345/1576/392 1359/1590/396 1360/1591/398
f 1337/1568/391 1353/1584/399 1338/1569/378
f 1346/1577/380 1360/1591/398 1361/1592/400
f 1339/1570/379 1353/1584/399 1354/1585/401
f 1347/1578/381 1361/1592/400 1362/1593/494
f 1340/1571/382 1354/1585/401 1355/1586/403
f 1333/1564/383 1046/1225/18 1348/1579/492
f 1272/1482/20 1347/1578/381 1362/1593/494
f 1340/1571/382 1356/1587/405 1341/1572/384
f 1333/1564/383 1349/1580/406 1334/1565/385
f 1341/1572/384 1357/1588/393 1342/1573/386
f 1334/1565/385 1350/1581/407 1335/1566/387
f 1361/1592/400 1377/1608/409 1362/1593/494
f 1355/1586/403 1369/1600/410 1370/1601/411
f 1348/1579/492 1046/1226/18 1363/1594/412
f 1272/1483/20 1362/1593/494 1377/1608/409
f 1355/1586/403 1371/1602/413 1356/1587/405
f 1349/1580/406 1363/1594/412 1364/1595/414
f 1356/1587/405 1372/1603/415 1357/1588/393
f 1350/1581/407 1364/1595/414 1365/1596/416
f 1358/1589/394 1372/1603/415 1373/1604/417
f 1350/1581/407 1366/1597/418 1351/1582/395
f 1358/1589/394 1374/1605/419 1359/1590/396
f 1352/1583/397 1366/1597/418 1367/1598/420
f 1360/1591/398 1374/1605/419 1375/1606/421
f 1352/1583/397 1368/1599/422 1353/1584/399
f 1360/1591/398 1376/1607/408 1361/1592/400
f 1354/1585/401 1368/1599/422 1369/1600/410
f 1373/1604/417 1389/1620/423 1374/1605/419
f 1367/1598/420 1381/1612/424 1382/1613/425
f 1375/1606/421 1389/1620/423 1390/1621/426
f 1367/1598/420 1383/1614/427 1368/1599/422
f 1375/1606/421 1391/1622/428 1376/1607/408
f 1369/1600/410 1383/1614/427 1384/1615/429
f 1377/1608/409 1391/1622/428 1392/1623/430
f 1370/1601/411 1384/1615/429 1385/1616/431
f 1363/1594/412 1046/1227/18 1378/1609/432
f 1272/1484/20 1377/1608/409 1392/1623/430
f 1370/1601/411 1386/1617/433 1371/1602/413
f 1363/1594/412 1379/1610/434 1364/1595/414
f 1371/1602/413 1387/1618/435 1372/1603/415
f 1365/1596/416 1379/1610/434 1380/1611/436
f 1373/1604/417 1387/1618/435 1388/1619/437
f 1365/1596/416 1381/1612/424 1366/1597/418
f 1378/1609/432 1046/1228/18 1393/1624/438
f 1272/1485/20 1392/1623/430 1407/1638/439
f 1385/1616/431 1401/1632/440 1386/1617/433
f 1378/1609/432 1394/1625/441 1379/1610/434
f 1386/1617/433 1402/1633/442 1387/1618/435
f 1379/1610/434 1395/1626/443 1380/1611/436
f 1388/1619/437 1402/1633/442 1403/1634/444
f 1380/1611/436 1396/1627/445 1381/1612/424
f 1388/1619/437 1404/1635/446 1389/1620/423
f 1382/1613/425 1396/1627/445 1397/1628/447
f 1390/1621/426 1404/1635/446 1405/1636/448
f 1382/1613/425 1398/1629/449 1383/1614/427
f 1391/1622/428 1405/1636/448 1406/1637/450
f 1384/1615/429 1398/1629/449 1399/1630/451
f 1392/1623/430 1406/1637/450 1407/1638/439
f 1385/1616/431 1399/1630/451 1400/1631/452
f 1397/1628/447 1411/1642/453 1412/1643/454
f 1405/1636/448 1419/1650/455 1420/1651/456
f 1397/1628/447 1413/1644/457 1398/1629/449
f 1405/1636/448 1421/1652/458 1406/1637/450
f 1399/1630/451 1413/1644/457 1414/1645/459
f 1406/1637/450 1422/1653/460 1407/1638/439
f 1400/1631/452 1414/1645/459 1415/1646/461
f 1393/1624/438 1046/1229/18 1408/1639/462
f 1272/1486/20 1407/1638/439 1422/1653/460
f 1400/1631/452 1416/1647/463 1401/1632/440
f 1394/1625/441 1408/1639/462 1409/1640/464
f 1401/1632/440 1417/1648/465 1402/1633/442
f 1395/1626/443 1409/1640/464 1410/1641/466
f 1403/1634/444 1417/1648/465 1418/1649/467
f 1395/1626/443 1411/1642/453 1396/1627/445
f 1403/1634/444 1419/1650/455 1404/1635/446
f 1415/1646/461 1431/1662/468 1416/1647/463
f 1409/1640/464 1423/1654/482 1424/1655/469
f 1416/1647/463 1432/1663/470 1417/1648/465
f 1410/1641/466 1424/1655/469 1425/1656/471
f 1418/1649/467 1432/1663/470 1433/1664/472
f 1410/1641/466 1426/1657/473 1411/1642/453
f 1418/1649/467 1434/1665/474 1419/1650/455
f 1412/1643/454 1426/1657/473 1427/1658/475
f 1420/1651/456 1434/1665/474 1435/1666/476
f 1412/1643/454 1428/1659/477 1413/1644/457
f 1420/1651/456 1436/1667/478 1421/1652/458
f 1414/1645/459 1428/1659/477 1429/1660/479
f 1421/1652/458 1437/1668/480 1422/1653/460
f 1415/1646/461 1429/1660/479 1430/1661/481
f 1408/1639/462 1046/1230/18 1423/1654/482
f 1272/1487/20 1422/1653/460 1437/1668/480
f 1435/1666/476 1443/1674/4 1444/1675/6
f 1427/1658/475 1441/1672/7 1428/1659/477
f 1436/1667/478 1444/1675/6 1445/1676/10
f 1429/1660/479 1441/1672/7 967/1121/11
f 1436/1667/478 1446/1677/14 1437/1668/480
f 1430/1661/481 967/1121/11 968/1122/16
f 1423/1654/482 1046/1231/18 1438/1669/17
f 1272/1488/20 1437/1668/480 1446/1677/14
f 1430/1661/481 969/1123/21 1431/1662/468
f 1424/1655/469 1438/1669/17 1439/1670/23
f 1431/1662/468 1442/1673/26 1432/1663/470
f 1425/1656/471 1439/1670/23 965/1119/27
f 1432/1663/470 970/1124/30 1433/1664/472
f 1426/1657/473 965/1119/27 1440/1671/1
f 1433/1664/472 1443/1674/4 1434/1665/474
f 1427/1658/475 1440/1671/1 966/1120/3
f 1922/2230/1 1457/1688/2 1448/1679/3
f 1925/2233/4 1465/1696/5 1926/2234/6
f 1923/2231/7 1457/1688/2 1458/1689/8
f 1926/2234/6 1466/1697/9 1927/2235/10
f 1923/2231/7 1459/1690/12 1449/1680/11
f 1927/2235/10 1467/1698/13 1928/2236/14
f 1449/1680/11 1460/1691/15 1450/1681/16
f 1920/2228/17 1528/1759/18 1453/1684/19
f 1754/2016/20 1928/2236/14 1467/1698/13
f 1450/1681/16 1461/1692/22 1451/1682/21
f 1921/2229/23 1453/1684/19 1454/1685/24
f 1451/1682/21 1462/1693/25 1924/2232/26
f 1447/1678/27 1454/1685/24 1455/1686/28
f 1924/2232/26 1463/1694/29 1452/1683/30
f 1922/2230/1 1455/1686/28 1456/1687/31
f 1925/2233/4 1463/1694/29 1464/1695/32
f 1455/1686/28 1471/1702/33 1456/1687/31
f 1464/1695/32 1478/1709/34 1479/1710/35
f 1456/1687/31 1472/1703/36 1457/1688/2
f 1465/1696/5 1479/1710/35 1480/1711/37
f 1457/1688/2 1473/1704/38 1458/1689/8
f 1466/1697/9 1480/1711/37 1481/1712/39
f 1459/1690/12 1473/1704/38 1474/1705/40
f 1466/1697/9 1482/1713/41 1467/1698/13
f 1459/1690/12 1475/1706/42 1460/1691/15
f 1453/1684/19 1528/1760/18 1468/1699/43
f 1754/2017/20 1467/1698/13 1482/1713/41
f 1461/1692/22 1475/1706/42 1476/1707/44
f 1454/1685/24 1468/1699/43 1469/1700/45
f 1461/1692/22 1477/1708/46 1462/1693/25
f 1454/1685/24 1470/1701/47 1455/1686/28
f 1463/1694/29 1477/1708/46 1478/1709/34
f 1475/1706/42 1489/1720/48 1490/1721/49
f 1468/1699/43 1528/1761/18 1483/1714/50
f 1754/2018/20 1482/1713/41 1497/1728/51
f 1475/1706/42 1491/1722/52 1476/1707/44
f 1468/1699/43 1484/1715/53 1469/1700/45
f 1476/1707/44 1492/1723/54 1477/1708/46
f 1469/1700/45 1485/1716/55 1470/1701/47
f 1478/1709/34 1492/1723/54 1493/1724/56
f 1470/1701/47 1486/1717/57 1471/1702/33
f 1479/1710/35 1493/1724/56 1494/1725/58
f 1471/1702/33 1487/1718/59 1472/1703/36
f 1480/1711/37 1494/1725/58 1495/1726/60
f 1472/1703/36 1488/1719/61 1473/1704/38
f 1481/1712/39 1495/1726/60 1496/1727/62
f 1474/1705/40 1488/1719/61 1489/1720/48
f 1482/1713/41 1496/1727/62 1497/1728/51
f 1493/1724/56 1509/1740/63 1494/1725/58
f 1487/1718/59 1501/1732/64 1502/1733/65
f 1494/1725/58 1510/1741/66 1495/1726/60
f 1487/1718/59 1503/1734/67 1488/1719/61
f 1495/1726/60 1511/1742/68 1496/1727/62
f 1489/1720/48 1503/1734/67 1504/1735/69
f 1497/1728/51 1511/1742/68 1512/1743/70
f 1490/1721/49 1504/1735/69 1505/1736/71
f 1483/1714/50 1528/1762/18 1498/1729/72
f 1754/2019/20 1497/1728/51 1512/1743/70
f 1490/1721/49 1506/1737/73 1491/1722/52
f 1483/1714/50 1499/1730/74 1484/1715/53
f 1491/1722/52 1507/1738/75 1492/1723/54
f 1485/1716/55 1499/1730/74 1500/1731/76
f 1492/1723/54 1508/1739/77 1493/1724/56
f 1486/1717/57 1500/1731/76 1501/1732/64
f 1498/1729/72 1528/1763/18 1513/1744/78
f 1754/2020/20 1512/1743/70 1527/1758/79
f 1505/1736/71 1521/1752/80 1506/1737/73
f 1499/1730/74 1513/1744/78 1514/1745/81
f 1506/1737/73 1522/1753/82 1507/1738/75
f 1499/1730/74 1515/1746/83 1500/1731/76
f 1508/1739/77 1522/1753/82 1523/1754/84
f 1500/1731/76 1516/1747/85 1501/1732/64
f 1509/1740/63 1523/1754/84 1524/1755/86
f 1501/1732/64 1517/1748/87 1502/1733/65
f 1510/1741/66 1524/1755/86 1525/1756/88
f 1502/1733/65 1518/1749/89 1503/1734/67
f 1510/1741/66 1526/1757/90 1511/1742/68
f 1504/1735/69 1518/1749/89 1519/1750/91
f 1511/1742/68 1527/1758/79 1512/1743/70
f 1505/1736/71 1519/1750/91 1520/1751/92
f 1517/1748/87 1532/1794/93 1533/1795/94
f 1524/1755/86 1541/1803/96 1525/1756/88
f 1517/1748/87 1534/1796/97 1518/1749/89
f 1526/1757/90 1541/1803/96 1542/1804/98
f 1519/1750/91 1534/1796/97 1535/1797/99
f 1527/1758/79 1542/1804/98 1543/1805/495
f 1520/1751/92 1535/1797/99 1536/1798/101
f 1513/1744/78 1528/1764/18 1529/1791/484
f 1754/2021/20 1527/1758/79 1543/1805/495
f 1520/1751/92 1537/1799/103 1521/1752/80
f 1513/1744/78 1530/1792/104 1514/1745/81
f 1521/1752/80 1538/1800/105 1522/1753/82
f 1514/1745/81 1531/1793/106 1515/1746/83
f 1523/1754/84 1538/1800/105 1539/1801/107
f 1516/1747/85 1531/1793/106 1532/1794/93
f 1523/1754/84 1540/1802/95 1524/1755/86
f 1536/1798/101 1552/1814/108 1537/1799/103
f 1529/1791/484 1545/1807/109 1530/1792/104
f 1537/1799/103 1553/1815/110 1538/1800/105
f 1530/1792/104 1546/1808/111 1531/1793/106
f 1539/1801/107 1553/1815/110 1554/1816/112
f 1531/1793/106 1547/1809/113 1532/1794/93
f 1539/1801/107 1555/1817/114 1540/1802/95
f 1533/1795/94 1547/1809/113 1548/1810/115
f 1541/1803/96 1555/1817/114 1556/1818/116
f 1533/1795/94 1549/1811/117 1534/1796/97
f 1542/1804/98 1556/1818/116 1557/1819/118
f 1535/1797/99 1549/1811/117 1550/1812/119
f 1543/1805/495 1557/1819/118 1558/1820/120
f 1536/1798/101 1550/1812/119 1551/1813/121
f 1529/1791/484 1528/1765/18 1544/1806/122
f 1754/2022/20 1543/1805/495 1558/1820/120
f 1556/1818/116 1570/1832/123 1571/1833/124
f 1548/1810/115 1564/1826/125 1549/1811/117
f 1557/1819/118 1571/1833/124 1572/1834/126
f 1550/1812/119 1564/1826/125 1565/1827/127
f 1558/1820/120 1572/1834/126 1573/1835/128
f 1551/1813/121 1565/1827/127 1566/1828/129
f 1544/1806/122 1528/1766/18 1559/1821/130
f 1754/2023/20 1558/1820/120 1573/1835/128
f 1551/1813/121 1567/1829/131 1552/1814/108
f 1544/1806/122 1560/1822/132 1545/1807/109
f 1552/1814/108 1568/1830/133 1553/1815/110
f 1545/1807/109 1561/1823/134 1546/1808/111
f 1554/1816/112 1568/1830/133 1569/1831/135
f 1546/1808/111 1562/1824/136 1547/1809/113
f 1554/1816/112 1570/1832/123 1555/1817/114
f 1548/1810/115 1562/1824/136 1563/1825/137
f 1567/1829/131 1583/1845/138 1568/1830/133
f 1561/1823/134 1575/1837/139 1576/1838/140
f 1569/1831/135 1583/1845/138 1584/1846/141
f 1561/1823/134 1577/1839/142 1562/1824/136
f 1569/1831/135 1585/1847/143 1570/1832/123
f 1563/1825/137 1577/1839/142 1578/1840/144
f 1571/1833/124 1585/1847/143 1586/1848/145
f 1563/1825/137 1579/1841/146 1564/1826/125
f 1571/1833/124 1587/1849/147 1572/1834/126
f 1565/1827/127 1579/1841/146 1580/1842/148
f 1573/1835/128 1587/1849/147 1588/1850/149
f 1566/1828/129 1580/1842/148 1581/1843/150
f 1559/1821/130 1528/1767/18 1574/1836/151
f 1754/2024/20 1573/1835/128 1588/1850/149
f 1566/1828/129 1582/1844/152 1567/1829/131
f 1559/1821/130 1575/1837/139 1560/1822/132
f 1587/1849/147 1601/1863/153 1602/1864/154
f 1580/1842/148 1594/1856/155 1595/1857/156
f 1588/1850/149 1602/1864/154 1603/1865/485
f 1581/1843/150 1595/1857/156 1596/1858/158
f 1574/1836/151 1528/1768/18 1589/1851/486
f 1754/2025/20 1588/1850/149 1603/1865/485
f 1581/1843/150 1597/1859/160 1582/1844/152
f 1574/1836/151 1590/1852/161 1575/1837/139
f 1582/1844/152 1598/1860/162 1583/1845/138
f 1575/1837/139 1591/1853/163 1576/1838/140
f 1584/1846/141 1598/1860/162 1599/1861/164
f 1576/1838/140 1592/1854/165 1577/1839/142
f 1584/1846/141 1600/1862/166 1585/1847/143
f 1578/1840/144 1592/1854/165 1593/1855/167
f 1586/1848/145 1600/1862/166 1601/1863/153
f 1578/1840/144 1594/1856/155 1579/1841/146
f 1591/1853/163 1605/1867/168 1606/1868/169
f 1599/1861/164 1613/1875/170 1614/1876/171
f 1591/1853/163 1607/1869/172 1592/1854/165
f 1599/1861/164 1615/1877/173 1600/1862/166
f 1593/1855/167 1607/1869/172 1608/1870/174
f 1601/1863/153 1615/1877/173 1616/1878/175
f 1593/1855/167 1609/1871/176 1594/1856/155
f 1601/1863/153 1617/1879/177 1602/1864/154
f 1595/1857/156 1609/1871/176 1610/1872/178
f 1603/1865/485 1617/1879/177 1618/1880/179
f 1596/1858/158 1610/1872/178 1611/1873/180
f 1589/1851/486 1528/1769/18 1604/1866/181
f 1754/2026/20 1603/1865/485 1618/1880/179
f 1596/1858/158 1612/1874/182 1597/1859/160
f 1589/1851/486 1605/1867/168 1590/1852/161
f 1597/1859/160 1613/1875/170 1598/1860/162
f 1610/1872/178 1624/1886/183 1625/1887/184
f 1618/1880/179 1632/1894/197 1633/1895/185
f 1611/1873/180 1625/1887/184 1626/1888/186
f 1604/1866/181 1528/1770/18 1619/1881/187
f 1754/2027/20 1618/1880/179 1633/1895/185
f 1611/1873/180 1627/1889/188 1612/1874/182
f 1604/1866/181 1620/1882/189 1605/1867/168
f 1612/1874/182 1628/1890/190 1613/1875/170
f 1606/1868/169 1620/1882/189 1621/1883/191
f 1614/1876/171 1628/1890/190 1629/1891/192
f 1606/1868/169 1622/1884/193 1607/1869/172
f 1614/1876/171 1630/1892/194 1615/1877/173
f 1608/1870/174 1622/1884/193 1623/1885/195
f 1616/1878/175 1630/1892/194 1631/1893/196
f 1608/1870/174 1624/1886/183 1609/1871/176
f 1616/1878/175 1632/1894/197 1617/1879/177
f 1629/1891/192 1643/1905/198 1644/1906/199
f 1621/1883/191 1637/1899/200 1622/1884/193
f 1629/1891/192 1645/1907/487 1630/1892/194
f 1623/1885/195 1637/1899/200 1638/1900/202
f 1631/1893/196 1645/1907/487 1646/1908/203
f 1623/1885/195 1639/1901/204 1624/1886/183
f 1631/1893/196 1647/1909/205 1632/1894/197
f 1625/1887/184 1639/1901/204 1640/1902/206
f 1632/1894/197 1648/1910/207 1633/1895/185
f 1626/1888/186 1640/1902/206 1641/1903/208
f 1619/1881/187 1528/1771/18 1634/1896/209
f 1754/2028/20 1633/1895/185 1648/1910/207
f 1626/1888/186 1642/1904/210 1627/1889/188
f 1620/1882/189 1634/1896/209 1635/1897/211
f 1627/1889/188 1643/1905/198 1628/1890/190
f 1621/1883/191 1635/1897/211 1636/1898/212
f 1648/1910/207 1662/1924/213 1663/1925/214
f 1641/1903/208 1655/1917/215 1656/1918/216
f 1634/1896/209 1528/1772/18 1649/1911/217
f 1754/2029/20 1648/1910/207 1663/1925/214
f 1641/1903/208 1657/1919/218 1642/1904/210
f 1634/1896/209 1650/1912/219 1635/1897/211
f 1642/1904/210 1658/1920/220 1643/1905/198
f 1635/1897/211 1651/1913/221 1636/1898/212
f 1644/1906/199 1658/1920/220 1659/1921/222
f 1636/1898/212 1652/1914/223 1637/1899/200
f 1644/1906/199 1660/1922/224 1645/1907/487
f 1638/1900/202 1652/1914/223 1653/1915/225
f 1646/1908/203 1660/1922/224 1661/1923/496
f 1638/1900/202 1654/1916/227 1639/1901/204
f 1647/1909/205 1661/1923/496 1662/1924/213
f 1640/1902/206 1654/1916/227 1655/1917/215
f 1651/1913/221 1667/1929/228 1652/1914/223
f 1660/1922/224 1674/1936/242 1675/1937/229
f 1652/1914/223 1668/1930/230 1653/1915/225
f 1661/1923/496 1675/1937/229 1676/1938/231
f 1653/1915/225 1669/1931/232 1654/1916/227
f 1662/1924/213 1676/1938/231 1677/1939/233
f 1655/1917/215 1669/1931/232 1670/1932/234
f 1663/1925/214 1677/1939/233 1678/1940/235
f 1656/1918/216 1670/1932/234 1671/1933/236
f 1649/1911/217 1528/1773/18 1664/1926/237
f 1754/2030/20 1663/1925/214 1678/1940/235
f 1656/1918/216 1672/1934/238 1657/1919/218
f 1649/1911/217 1665/1927/239 1650/1912/219
f 1657/1919/218 1673/1935/240 1658/1920/220
f 1650/1912/219 1666/1928/241 1651/1913/221
f 1659/1921/222 1673/1935/240 1674/1936/242
f 1671/1933/236 1685/1947/243 1686/1948/244
f 1664/1926/237 1528/1774/18 1679/1941/245
f 1754/2031/20 1678/1940/235 1693/1955/246
f 1671/1933/236 1687/1949/247 1672/1934/238
f 1665/1927/239 1679/1941/245 1680/1942/248
f 1672/1934/238 1688/1950/249 1673/1935/240
f 1666/1928/241 1680/1942/248 1681/1943/250
f 1674/1936/242 1688/1950/249 1689/1951/251
f 1667/1929/228 1681/1943/250 1682/1944/252
f 1674/1936/242 1690/1952/253 1675/1937/229
f 1668/1930/230 1682/1944/252 1683/1945/254
f 1675/1937/229 1691/1953/255 1676/1938/231
f 1668/1930/230 1684/1946/256 1669/1931/232
f 1676/1938/231 1692/1954/257 1677/1939/233
f 1670/1932/234 1684/1946/256 1685/1947/243
f 1677/1939/233 1693/1955/246 1678/1940/235
f 1689/1951/251 1705/1967/258 1690/1952/253
f 1683/1945/254 1697/1959/259 1698/1960/260
f 1691/1953/255 1705/1967/258 1706/1968/261
f 1683/1945/254 1699/1961/262 1684/1946/256
f 1692/1954/257 1706/1968/261 1707/1969/263
f 1685/1947/243 1699/1961/262 1700/1962/264
f 1693/1955/246 1707/1969/263 1708/1970/265
f 1686/1948/244 1700/1962/264 1701/1963/266
f 1679/1941/245 1528/1775/18 1694/1956/267
f 1754/2032/20 1693/1955/246 1708/1970/265
f 1686/1948/244 1702/1964/268 1687/1949/247
f 1679/1941/245 1695/1957/269 1680/1942/248
f 1687/1949/247 1703/1965/270 1688/1950/249
f 1680/1942/248 1696/1958/271 1681/1943/250
f 1689/1951/251 1703/1965/270 1704/1966/272
f 1681/1943/250 1697/1959/259 1682/1944/252
f 1754/2033/20 1708/1970/265 1723/1985/273
f 1701/1963/266 1717/1979/274 1702/1964/268
f 1695/1957/269 1709/1971/287 1710/1972/275
f 1702/1964/268 1718/1980/276 1703/1965/270
f 1696/1958/271 1710/1972/275 1711/1973/277
f 1704/1966/272 1718/1980/276 1719/1981/278
f 1696/1958/271 1712/1974/279 1697/1959/259
f 1704/1966/272 1720/1982/280 1705/1967/258
f 1698/1960/260 1712/1974/279 1713/1975/281
f 1706/1968/261 1720/1982/280 1721/1983/282
f 1698/1960/260 1714/1976/283 1699/1961/262
f 1706/1968/261 1722/1984/284 1707/1969/263
f 1700/1962/264 1714/1976/283 1715/1977/285
f 1707/1969/263 1723/1985/273 1708/1970/265
f 1701/1963/266 1715/1977/285 1716/1978/286
f 1694/1956/267 1528/1776/18 1709/1971/287
f 1721/1983/282 1735/1997/488 1736/1998/289
f 1713/1975/281 1729/1991/290 1714/1976/283
f 1721/1983/282 1737/1999/291 1722/1984/284
f 1715/1977/285 1729/1991/290 1730/1992/292
f 1723/1985/273 1737/1999/291 1738/2000/293
f 1716/1978/286 1730/1992/292 1731/1993/294
f 1709/1971/287 1528/1777/18 1724/1986/295
f 1754/2034/20 1723/1985/273 1738/2000/293
f 1716/1978/286 1732/1994/296 1717/1979/274
f 1709/1971/287 1725/1987/297 1710/1972/275
f 1717/1979/274 1733/1995/298 1718/1980/276
f 1710/1972/275 1726/1988/299 1711/1973/277
f 1719/1981/278 1733/1995/298 1734/1996/300
f 1711/1973/277 1727/1989/301 1712/1974/279
f 1719/1981/278 1735/1997/488 1720/1982/280
f 1713/1975/281 1727/1989/301 1728/1990/302
f 1725/1987/297 1739/2001/303 1740/2002/304
f 1732/1994/296 1748/2010/305 1733/1995/298
f 1726/1988/299 1740/2002/304 1741/2003/306
f 1734/1996/300 1748/2010/305 1749/2011/307
f 1726/1988/299 1742/2004/308 1727/1989/301
f 1734/1996/300 1750/2012/309 1735/1997/488
f 1728/1990/302 1742/2004/308 1743/2005/310
f 1736/1998/289 1750/2012/309 1751/2013/311
f 1728/1990/302 1744/2006/312 1729/1991/290
f 1736/1998/289 1752/2014/313 1737/1999/291
f 1730/1992/292 1744/2006/312 1745/2007/314
f 1737/1999/291 1753/2015/315 1738/2000/293
f 1731/1993/294 1745/2007/314 1746/2008/316
f 1724/1986/295 1528/1778/18 1739/2001/303
f 1754/2035/20 1738/2000/293 1753/2015/315
f 1731/1993/294 1747/2009/317 1732/1994/296
f 1743/2005/310 1760/2053/318 1744/2006/312
f 1751/2013/311 1768/2061/319 1752/2014/313
f 1745/2007/314 1760/2053/318 1761/2054/320
f 1753/2015/315 1768/2061/319 1769/2062/321
f 1746/2008/316 1761/2054/320 1762/2055/322
f 1739/2001/303 1528/1779/18 1755/2048/323
f 1754/2036/20 1753/2015/315 1769/2062/321
f 1746/2008/316 1763/2056/324 1747/2009/317
f 1739/2001/303 1756/2049/325 1740/2002/304
f 1747/2009/317 1764/2057/326 1748/2010/305
f 1741/2003/306 1756/2049/325 1757/2050/327
f 1749/2011/307 1764/2057/326 1765/2058/328
f 1741/2003/306 1758/2051/329 1742/2004/308
f 1749/2011/307 1766/2059/330 1750/2012/309
f 1743/2005/310 1758/2051/329 1759/2052/331
f 1751/2013/311 1766/2059/330 1767/2060/332
f 1763/2056/324 1779/2072/333 1764/2057/326
f 1757/2050/327 1771/2064/334 1772/2065/335
f 1765/2058/328 1779/2072/333 1780/2073/336
f 1757/2050/327 1773/2066/337 1758/2051/329
f 1765/2058/328 1781/2074/338 1766/2059/330
f 1759/2052/331 1773/2066/337 1774/2067/339
f 1767/2060/332 1781/2074/338 1782/2075/340
f 1759/2052/331 1775/2068/341 1760/2053/318
f 1767/2060/332 1783/2076/342 1768/2061/319
f 1761/2054/320 1775/2068/341 1776/2069/343
f 1768/2061/319 1784/2077/344 1769/2062/321
f 1762/2055/322 1776/2069/343 1777/2070/345
f 1755/2048/323 1528/1780/18 1770/2063/490
f 1754/2037/20 1769/2062/321 1784/2077/344
f 1762/2055/322 1778/2071/347 1763/2056/324
f 1755/2048/323 1771/2064/334 1756/2049/325
f 1782/2075/340 1798/2091/348 1783/2076/342
f 1776/2069/343 1790/2083/349 1791/2084/350
f 1783/2076/342 1799/2092/351 1784/2077/344
f 1777/2070/345 1791/2084/350 1792/2085/352
f 1770/2063/490 1528/1781/18 1785/2078/353
f 1754/2038/20 1784/2077/344 1799/2092/351
f 1777/2070/345 1793/2086/354 1778/2071/347
f 1770/2063/490 1786/2079/355 1771/2064/334
f 1778/2071/347 1794/2087/356 1779/2072/333
f 1772/2065/335 1786/2079/355 1787/2080/357
f 1780/2073/336 1794/2087/356 1795/2088/358
f 1772/2065/335 1788/2081/359 1773/2066/337
f 1780/2073/336 1796/2089/360 1781/2074/338
f 1774/2067/339 1788/2081/359 1789/2082/361
f 1782/2075/340 1796/2089/360 1797/2090/362
f 1774/2067/339 1790/2083/349 1775/2068/341
f 1786/2079/355 1802/2097/364 1787/2080/357
f 1795/2088/358 1809/2111/365 1810/2113/366
f 1787/2080/357 1803/2099/367 1788/2081/359
f 1795/2088/358 1811/2115/368 1796/2089/360
f 1789/2082/361 1803/2099/367 1804/2101/369
f 1797/2090/362 1811/2115/368 1812/2117/370
f 1789/2082/361 1805/2103/371 1790/2083/349
f 1798/2091/348 1812/2117/370 1813/2119/372
f 1791/2084/350 1805/2103/371 1806/2105/373
f 1798/2091/348 1814/2122/374 1799/2092/351
f 1792/2085/352 1806/2105/373 1807/2107/375
f 1785/2078/353 1528/1782/18 1800/2093/376
f 1754/2039/20 1799/2092/351 1814/2122/374
f 1792/2085/352 1808/2109/377 1793/2086/354
f 1786/2079/355 1800/2093/376 1801/2095/363
f 1793/2086/354 1809/2111/365 1794/2087/356
f 1806/2106/373 1820/2128/378 1821/2129/379
f 1813/2120/372 1829/2137/381 1814/2121/374
f 1807/2108/375 1821/2129/379 1822/2130/382
f 1800/2094/376 1528/1783/18 1815/2123/383
f 1754/2040/20 1814/2121/374 1829/2137/381
f 1807/2108/375 1823/2131/384 1808/2110/377
f 1801/2096/363 1815/2123/383 1816/2124/385
f 1808/2110/377 1824/2132/386 1809/2112/365
f 1802/2098/364 1816/2124/385 1817/2125/387
f 1810/2114/366 1824/2132/386 1825/2133/388
f 1802/2098/364 1818/2126/389 1803/2100/367
f 1810/2114/366 1826/2134/390 1811/2116/368
f 1804/2102/369 1818/2126/389 1819/2127/391
f 1812/2118/370 1826/2134/390 1827/2135/392
f 1804/2102/369 1820/2128/378 1805/2104/371
f 1812/2118/370 1828/2136/380 1813/2120/372
f 1825/2133/388 1839/2147/393 1840/2148/394
f 1817/2125/387 1833/2141/395 1818/2126/389
f 1826/2134/390 1840/2148/394 1841/2149/396
f 1818/2126/389 1834/2142/397 1819/2127/391
f 1827/2135/392 1841/2149/396 1842/2150/398
f 1819/2127/391 1835/2143/399 1820/2128/378
f 1827/2135/392 1843/2151/400 1828/2136/380
f 1821/2129/379 1835/2143/399 1836/2144/401
f 1828/2136/380 1844/2152/494 1829/2137/381
f 1822/2130/382 1836/2144/401 1837/2145/403
f 1815/2123/383 1528/1784/18 1830/2138/404
f 1754/2041/20 1829/2137/381 1844/2152/494
f 1822/2130/382 1838/2146/405 1823/2131/384
f 1816/2124/385 1830/2138/404 1831/2139/406
f 1823/2131/384 1839/2147/393 1824/2132/386
f 1817/2125/387 1831/2139/406 1832/2140/407
f 1843/2151/400 1859/2167/409 1844/2152/494
f 1837/2145/403 1851/2159/410 1852/2160/411
f 1830/2138/404 1528/1785/18 1845/2153/412
f 1754/2042/20 1844/2152/494 1859/2167/409
f 1837/2145/403 1853/2161/413 1838/2146/405
f 1831/2139/406 1845/2153/412 1846/2154/414
f 1838/2146/405 1854/2162/415 1839/2147/393
f 1831/2139/406 1847/2155/416 1832/2140/407
f 1840/2148/394 1854/2162/415 1855/2163/417
f 1832/2140/407 1848/2156/418 1833/2141/395
f 1840/2148/394 1856/2164/419 1841/2149/396
f 1834/2142/397 1848/2156/418 1849/2157/420
f 1842/2150/398 1856/2164/419 1857/2165/421
f 1834/2142/397 1850/2158/422 1835/2143/399
f 1843/2151/400 1857/2165/421 1858/2166/408
f 1836/2144/401 1850/2158/422 1851/2159/410
f 1855/2163/417 1871/2179/423 1856/2164/419
f 1849/2157/420 1863/2171/424 1864/2172/425
f 1857/2165/421 1871/2179/423 1872/2180/426
f 1849/2157/420 1865/2173/427 1850/2158/422
f 1858/2166/408 1872/2180/426 1873/2181/428
f 1851/2159/410 1865/2173/427 1866/2174/429
f 1859/2167/409 1873/2181/428 1874/2182/430
f 1852/2160/411 1866/2174/429 1867/2175/431
f 1845/2153/412 1528/1786/18 1860/2168/432
f 1754/2043/20 1859/2167/409 1874/2182/430
f 1852/2160/411 1868/2176/433 1853/2161/413
f 1845/2153/412 1861/2169/434 1846/2154/414
f 1853/2161/413 1869/2177/435 1854/2162/415
f 1846/2154/414 1862/2170/436 1847/2155/416
f 1855/2163/417 1869/2177/435 1870/2178/437
f 1847/2155/416 1863/2171/424 1848/2156/418
f 1860/2168/432 1528/1787/18 1875/2183/438
f 1754/2044/20 1874/2182/430 1889/2197/439
f 1867/2175/431 1883/2191/440 1868/2176/433
f 1861/2169/434 1875/2183/438 1876/2184/441
f 1868/2176/433 1884/2192/442 1869/2177/435
f 1862/2170/436 1876/2184/441 1877/2185/443
f 1870/2178/437 1884/2192/442 1885/2193/444
f 1862/2170/436 1878/2186/445 1863/2171/424
f 1870/2178/437 1886/2194/446 1871/2179/423
f 1864/2172/425 1878/2186/445 1879/2187/447
f 1872/2180/426 1886/2194/446 1887/2195/448
f 1864/2172/425 1880/2188/449 1865/2173/427
f 1872/2180/426 1888/2196/450 1873/2181/428
f 1866/2174/429 1880/2188/449 1881/2189/451
f 1873/2181/428 1889/2197/439 1874/2182/430
f 1867/2175/431 1881/2189/451 1882/2190/452
f 1879/2187/447 1893/2201/453 1894/2202/454
f 1887/2195/448 1901/2209/455 1902/2210/456
f 1879/2187/447 1895/2203/457 1880/2188/449
f 1887/2195/448 1903/2211/458 1888/2196/450
f 1881/2189/451 1895/2203/457 1896/2204/459
f 1889/2197/439 1903/2211/458 1904/2212/460
f 1882/2190/452 1896/2204/459 1897/2205/461
f 1875/2183/438 1528/1788/18 1890/2198/462
f 1754/2045/20 1889/2197/439 1904/2212/460
f 1882/2190/452 1898/2206/463 1883/2191/440
f 1875/2183/438 1891/2199/464 1876/2184/441
f 1883/2191/440 1899/2207/465 1884/2192/442
f 1877/2185/443 1891/2199/464 1892/2200/466
f 1885/2193/444 1899/2207/465 1900/2208/467
f 1877/2185/443 1893/2201/453 1878/2186/445
f 1885/2193/444 1901/2209/455 1886/2194/446
f 1897/2205/461 1913/2221/468 1898/2206/463
f 1891/2199/464 1905/2213/482 1906/2214/469
f 1898/2206/463 1914/2222/470 1899/2207/465
f 1892/2200/466 1906/2214/469 1907/2215/471
f 1900/2208/467 1914/2222/470 1915/2223/472
f 1892/2200/466 1908/2216/473 1893/2201/453
f 1900/2208/467 1916/2224/474 1901/2209/455
f 1894/2202/454 1908/2216/473 1909/2217/475
f 1902/2210/456 1916/2224/474 1917/2225/476
f 1894/2202/454 1910/2218/477 1895/2203/457
f 1902/2210/456 1918/2226/478 1903/2211/458
f 1896/2204/459 1910/2218/477 1911/2219/479
f 1903/2211/458 1919/2227/480 1904/2212/460
f 1897/2205/461 1911/2219/479 1912/2220/481
f 1890/2198/462 1528/1789/18 1905/2213/482
f 1754/2046/20 1904/2212/460 1919/2227/480
f 1917/2225/476 1925/2233/4 1926/2234/6
f 1910/2218/477 1448/1679/3 1923/2231/7
f 1918/2226/478 1926/2234/6 1927/2235/10
f 1911/2219/479 1923/2231/7 1449/1680/11
f 1918/2226/478 1928/2236/14 1919/2227/480
f 1912/2220/481 1449/1680/11 1450/1681/16
f 1905/2213/482 1528/1790/18 1920/2228/17
f 1754/2047/20 1919/2227/480 1928/2236/14
f 1912/2220/481 1451/1682/21 1913/2221/468
f 1905/2213/482 1921/2229/23 1906/2214/469
f 1913/2221/468 1924/2232/26 1914/2222/470
f 1907/2215/471 1921/2229/23 1447/1678/27
f 1914/2222/470 1452/1683/30 1915/2223/472
f 1908/2216/473 1447/1678/27 1922/2230/1
f 1915/2223/472 1925/2233/4 1916/2224/474
f 1909/2217/475 1922/2230/1 1448/1679/3
f 2404/2789/1 1939/2247/2 1930/2238/3
f 2407/2792/4 1947/2255/5 2408/2793/6
f 2405/2790/7 1939/2247/2 1940/2248/8
f 2408/2793/6 1948/2256/9 2409/2794/10
f 1931/2239/11 1940/2248/8 1941/2249/12
f 2409/2794/10 1949/2257/13 2410/2795/14
f 1931/2239/11 1942/2250/15 1932/2240/16
f 2402/2787/17 2010/2318/18 1935/2243/19
f 2236/2575/20 2410/2795/14 1949/2257/13
f 1933/2241/21 1942/2250/15 1943/2251/22
f 2403/2788/23 1935/2243/19 1936/2244/24
f 1933/2241/21 1944/2252/25 2406/2791/26
f 1929/2237/27 1936/2244/24 1937/2245/28
f 2406/2791/26 1945/2253/29 1934/2242/30
f 2404/2789/1 1937/2245/28 1938/2246/31
f 2407/2792/4 1945/2253/29 1946/2254/32
f 1937/2245/28 1953/2261/33 1938/2246/31
f 1946/2254/32 1960/2268/34 1961/2269/35
f 1938/2246/31 1954/2262/36 1939/2247/2
f 1947/2255/5 1961/2269/35 1962/2270/37
f 1939/2247/2 1955/2263/38 1940/2248/8
f 1948/2256/9 1962/2270/37 1963/2271/39
f 1941/2249/12 1955/2263/38 1956/2264/40
f 1948/2256/9 1964/2272/41 1949/2257/13
f 1941/2249/12 1957/2265/42 1942/2250/15
f 1935/2243/19 2010/2319/18 1950/2258/43
f 2236/2576/20 1949/2257/13 1964/2272/41
f 1942/2250/15 1958/2266/44 1943/2251/22
f 1936/2244/24 1950/2258/43 1951/2259/45
f 1943/2251/22 1959/2267/46 1944/2252/25
f 1936/2244/24 1952/2260/47 1937/2245/28
f 1945/2253/29 1959/2267/46 1960/2268/34
f 1957/2265/42 1971/2279/48 1972/2280/49
f 1950/2258/43 2010/2320/18 1965/2273/50
f 2236/2577/20 1964/2272/41 1979/2287/51
f 1957/2265/42 1973/2281/52 1958/2266/44
f 1950/2258/43 1966/2274/53 1951/2259/45
f 1958/2266/44 1974/2282/54 1959/2267/46
f 1952/2260/47 1966/2274/53 1967/2275/55
f 1960/2268/34 1974/2282/54 1975/2283/56
f 1953/2261/33 1967/2275/55 1968/2276/57
f 1961/2269/35 1975/2283/56 1976/2284/58
f 1953/2261/33 1969/2277/59 1954/2262/36
f 1961/2269/35 1977/2285/60 1962/2270/37
f 1954/2262/36 1970/2278/61 1955/2263/38
f 1962/2270/37 1978/2286/62 1963/2271/39
f 1956/2264/40 1970/2278/61 1971/2279/48
f 1964/2272/41 1978/2286/62 1979/2287/51
f 1976/2284/58 1990/2298/77 1991/2299/63
f 1968/2276/57 1984/2292/65 1969/2277/59
f 1977/2285/60 1991/2299/63 1992/2300/66
f 1969/2277/59 1985/2293/67 1970/2278/61
f 1978/2286/62 1992/2300/66 1993/2301/68
f 1971/2279/48 1985/2293/67 1986/2294/69
f 1979/2287/51 1993/2301/68 1994/2302/70
f 1972/2280/49 1986/2294/69 1987/2295/71
f 1965/2273/50 2010/2321/18 1980/2288/72
f 2236/2578/20 1979/2287/51 1994/2302/70
f 1972/2280/49 1988/2296/73 1973/2281/52
f 1965/2273/50 1981/2289/74 1966/2274/53
f 1973/2281/52 1989/2297/75 1974/2282/54
f 1966/2274/53 1982/2290/76 1967/2275/55
f 1975/2283/56 1989/2297/75 1990/2298/77
f 1967/2275/55 1983/2291/64 1968/2276/57
f 1980/2288/72 2010/2322/18 1995/2303/78
f 2236/2579/20 1994/2302/70 2009/2317/79
f 1987/2295/71 2003/2311/80 1988/2296/73
f 1981/2289/74 1995/2303/78 1996/2304/81
f 1988/2296/73 2004/2312/82 1989/2297/75
f 1982/2290/76 1996/2304/81 1997/2305/83
f 1990/2298/77 2004/2312/82 2005/2313/84
f 1982/2290/76 1998/2306/85 1983/2291/64
f 1990/2298/77 2006/2314/86 1991/2299/63
f 1984/2292/65 1998/2306/85 1999/2307/87
f 1992/2300/66 2006/2314/86 2007/2315/88
f 1984/2292/65 2000/2308/89 1985/2293/67
f 1992/2300/66 2008/2316/90 1993/2301/68
f 1986/2294/69 2000/2308/89 2001/2309/91
f 1993/2301/68 2009/2317/79 1994/2302/70
f 1987/2295/71 2001/2309/91 2002/2310/92
f 1999/2307/87 2014/2353/93 2015/2354/94
f 2007/2315/88 2022/2361/95 2023/2362/96
f 1999/2307/87 2016/2355/97 2000/2308/89
f 2007/2315/88 2024/2363/98 2008/2316/90
f 2001/2309/91 2016/2355/97 2017/2356/99
f 2009/2317/79 2024/2363/98 2025/2364/100
f 2002/2310/92 2017/2356/99 2018/2357/101
f 1995/2303/78 2010/2323/18 2011/2350/102
f 2236/2580/20 2009/2317/79 2025/2364/100
f 2002/2310/92 2019/2358/103 2003/2311/80
f 1995/2303/78 2012/2351/104 1996/2304/81
f 2003/2311/80 2020/2359/105 2004/2312/82
f 1997/2305/83 2012/2351/104 2013/2352/106
f 2005/2313/84 2020/2359/105 2021/2360/107
f 1997/2305/83 2014/2353/93 1998/2306/85
f 2005/2313/84 2022/2361/95 2006/2314/86
f 2018/2357/101 2034/2373/108 2019/2358/103
f 2011/2350/102 2027/2366/109 2012/2351/104
f 2019/2358/103 2035/2374/110 2020/2359/105
f 2013/2352/106 2027/2366/109 2028/2367/111
f 2021/2360/107 2035/2374/110 2036/2375/112
f 2013/2352/106 2029/2368/113 2014/2353/93
f 2021/2360/107 2037/2376/114 2022/2361/95
f 2015/2354/94 2029/2368/113 2030/2369/115
f 2023/2362/96 2037/2376/114 2038/2377/116
f 2015/2354/94 2031/2370/117 2016/2355/97
f 2023/2362/96 2039/2378/118 2024/2363/98
f 2017/2356/99 2031/2370/117 2032/2371/119
f 2025/2364/100 2039/2378/118 2040/2379/120
f 2018/2357/101 2032/2371/119 2033/2372/121
f 2011/2350/102 2010/2324/18 2026/2365/122
f 2236/2581/20 2025/2364/100 2040/2379/120
f 2038/2377/116 2052/2391/123 2053/2392/124
f 2030/2369/115 2046/2385/125 2031/2370/117
f 2039/2378/118 2053/2392/124 2054/2393/126
f 2032/2371/119 2046/2385/125 2047/2386/127
f 2040/2379/120 2054/2393/126 2055/2394/128
f 2033/2372/121 2047/2386/127 2048/2387/129
f 2026/2365/122 2010/2325/18 2041/2380/130
f 2236/2582/20 2040/2379/120 2055/2394/128
f 2033/2372/121 2049/2388/131 2034/2373/108
f 2026/2365/122 2042/2381/132 2027/2366/109
f 2034/2373/108 2050/2389/133 2035/2374/110
f 2027/2366/109 2043/2382/134 2028/2367/111
f 2036/2375/112 2050/2389/133 2051/2390/135
f 2028/2367/111 2044/2383/136 2029/2368/113
f 2036/2375/112 2052/2391/123 2037/2376/114
f 2030/2369/115 2044/2383/136 2045/2384/137
f 2049/2388/131 2065/2404/138 2050/2389/133
f 2042/2381/132 2058/2397/140 2043/2382/134
f 2051/2390/135 2065/2404/138 2066/2405/141
f 2043/2382/134 2059/2398/142 2044/2383/136
f 2051/2390/135 2067/2406/143 2052/2391/123
f 2045/2384/137 2059/2398/142 2060/2399/144
f 2053/2392/124 2067/2406/143 2068/2407/145
f 2045/2384/137 2061/2400/146 2046/2385/125
f 2054/2393/126 2068/2407/145 2069/2408/147
f 2047/2386/127 2061/2400/146 2062/2401/148
f 2055/2394/128 2069/2408/147 2070/2409/149
f 2048/2387/129 2062/2401/148 2063/2402/150
f 2041/2380/130 2010/2326/18 2056/2395/151
f 2236/2583/20 2055/2394/128 2070/2409/149
f 2048/2387/129 2064/2403/152 2049/2388/131
f 2041/2380/130 2057/2396/139 2042/2381/132
f 2069/2408/147 2083/2422/153 2084/2423/154
f 2062/2401/148 2076/2415/155 2077/2416/156
f 2069/2408/147 2085/2424/485 2070/2409/149
f 2063/2402/150 2077/2416/156 2078/2417/158
f 2056/2395/151 2010/2327/18 2071/2410/159
f 2236/2584/20 2070/2409/149 2085/2424/485
f 2063/2402/150 2079/2418/160 2064/2403/152
f 2056/2395/151 2072/2411/161 2057/2396/139
f 2064/2403/152 2080/2419/162 2065/2404/138
f 2057/2396/139 2073/2412/163 2058/2397/140
f 2066/2405/141 2080/2419/162 2081/2420/164
f 2058/2397/140 2074/2413/165 2059/2398/142
f 2066/2405/141 2082/2421/166 2067/2406/143
f 2060/2399/144 2074/2413/165 2075/2414/167
f 2068/2407/145 2082/2421/166 2083/2422/153
f 2060/2399/144 2076/2415/155 2061/2400/146
f 2072/2411/161 2088/2427/169 2073/2412/163
f 2081/2420/164 2095/2434/170 2096/2435/171
f 2073/2412/163 2089/2428/172 2074/2413/165
f 2081/2420/164 2097/2436/173 2082/2421/166
f 2075/2414/167 2089/2428/172 2090/2429/174
f 2083/2422/153 2097/2436/173 2098/2437/175
f 2075/2414/167 2091/2430/176 2076/2415/155
f 2084/2423/154 2098/2437/175 2099/2438/177
f 2077/2416/156 2091/2430/176 2092/2431/178
f 2085/2424/485 2099/2438/177 2100/2439/179
f 2078/2417/158 2092/2431/178 2093/2432/180
f 2071/2410/159 2010/2328/18 2086/2425/181
f 2236/2585/20 2085/2424/485 2100/2439/179
f 2078/2417/158 2094/2433/182 2079/2418/160
f 2071/2410/159 2087/2426/168 2072/2411/161
f 2079/2418/160 2095/2434/170 2080/2419/162
f 2092/2431/178 2106/2445/183 2107/2446/184
f 2100/2439/179 2114/2453/197 2115/2454/185
f 2093/2432/180 2107/2446/184 2108/2447/186
f 2086/2425/181 2010/2329/18 2101/2440/187
f 2236/2586/20 2100/2439/179 2115/2454/185
f 2093/2432/180 2109/2448/188 2094/2433/182
f 2086/2425/181 2102/2441/189 2087/2426/168
f 2094/2433/182 2110/2449/190 2095/2434/170
f 2088/2427/169 2102/2441/189 2103/2442/191
f 2096/2435/171 2110/2449/190 2111/2450/192
f 2088/2427/169 2104/2443/193 2089/2428/172
f 2096/2435/171 2112/2451/194 2097/2436/173
f 2090/2429/174 2104/2443/193 2105/2444/195
f 2098/2437/175 2112/2451/194 2113/2452/196
f 2090/2429/174 2106/2445/183 2091/2430/176
f 2098/2437/175 2114/2453/197 2099/2438/177
f 2111/2450/192 2125/2464/198 2126/2465/199
f 2103/2442/191 2119/2458/200 2104/2443/193
f 2111/2450/192 2127/2466/487 2112/2451/194
f 2105/2444/195 2119/2458/200 2120/2459/202
f 2113/2452/196 2127/2466/487 2128/2467/203
f 2105/2444/195 2121/2460/204 2106/2445/183
f 2113/2452/196 2129/2468/205 2114/2453/197
f 2107/2446/184 2121/2460/204 2122/2461/206
f 2114/2453/197 2130/2469/207 2115/2454/185
f 2108/2447/186 2122/2461/206 2123/2462/208
f 2101/2440/187 2010/2330/18 2116/2455/209
f 2236/2587/20 2115/2454/185 2130/2469/207
f 2108/2447/186 2124/2463/210 2109/2448/188
f 2102/2441/189 2116/2455/209 2117/2456/211
f 2109/2448/188 2125/2464/198 2110/2449/190
f 2103/2442/191 2117/2456/211 2118/2457/212
f 2130/2469/207 2144/2483/213 2145/2484/214
f 2123/2462/208 2137/2476/215 2138/2477/216
f 2116/2455/209 2010/2331/18 2131/2470/217
f 2236/2588/20 2130/2469/207 2145/2484/214
f 2123/2462/208 2139/2478/218 2124/2463/210
f 2116/2455/209 2132/2471/219 2117/2456/211
f 2124/2463/210 2140/2479/220 2125/2464/198
f 2117/2456/211 2133/2472/221 2118/2457/212
f 2126/2465/199 2140/2479/220 2141/2480/222
f 2119/2458/200 2133/2472/221 2134/2473/223
f 2126/2465/199 2142/2481/224 2127/2466/487
f 2120/2459/202 2134/2473/223 2135/2474/225
f 2127/2466/487 2143/2482/226 2128/2467/203
f 2120/2459/202 2136/2475/227 2121/2460/204
f 2129/2468/205 2143/2482/226 2144/2483/213
f 2122/2461/206 2136/2475/227 2137/2476/215
f 2133/2472/221 2149/2488/228 2134/2473/223
f 2141/2480/222 2157/2496/229 2142/2481/224
f 2135/2474/225 2149/2488/228 2150/2489/230
f 2143/2482/226 2157/2496/229 2158/2497/231
f 2135/2474/225 2151/2490/232 2136/2475/227
f 2143/2482/226 2159/2498/233 2144/2483/213
f 2137/2476/215 2151/2490/232 2152/2491/234
f 2145/2484/214 2159/2498/233 2160/2499/235
f 2138/2477/216 2152/2491/234 2153/2492/236
f 2131/2470/217 2010/2332/18 2146/2485/237
f 2236/2589/20 2145/2484/214 2160/2499/235
f 2138/2477/216 2154/2493/238 2139/2478/218
f 2131/2470/217 2147/2486/239 2132/2471/219
f 2139/2478/218 2155/2494/240 2140/2479/220
f 2133/2472/221 2147/2486/239 2148/2487/241
f 2141/2480/222 2155/2494/240 2156/2495/242
f 2153/2492/236 2167/2506/243 2168/2507/244
f 2146/2485/237 2010/2333/18 2161/2500/245
f 2236/2590/20 2160/2499/235 2175/2514/246
f 2153/2492/236 2169/2508/247 2154/2493/238
f 2146/2485/237 2162/2501/248 2147/2486/239
f 2154/2493/238 2170/2509/249 2155/2494/240
f 2147/2486/239 2163/2502/250 2148/2487/241
f 2156/2495/242 2170/2509/249 2171/2510/251
f 2148/2487/241 2164/2503/252 2149/2488/228
f 2156/2495/242 2172/2511/253 2157/2496/229
f 2150/2489/230 2164/2503/252 2165/2504/254
f 2158/2497/231 2172/2511/253 2173/2512/255
f 2150/2489/230 2166/2505/256 2151/2490/232
f 2159/2498/233 2173/2512/255 2174/2513/257
f 2152/2491/234 2166/2505/256 2167/2506/243
f 2159/2498/233 2175/2514/246 2160/2499/235
f 2171/2510/251 2187/2526/258 2172/2511/253
f 2165/2504/254 2179/2518/259 2180/2519/260
f 2173/2512/255 2187/2526/258 2188/2527/261
f 2165/2504/254 2181/2520/262 2166/2505/256
f 2174/2513/257 2188/2527/261 2189/2528/263
f 2167/2506/243 2181/2520/262 2182/2521/264
f 2174/2513/257 2190/2529/265 2175/2514/246
f 2168/2507/244 2182/2521/264 2183/2522/266
f 2161/2500/245 2010/2334/18 2176/2515/267
f 2236/2591/20 2175/2514/246 2190/2529/265
f 2168/2507/244 2184/2523/268 2169/2508/247
f 2162/2501/248 2176/2515/267 2177/2516/269
f 2169/2508/247 2185/2524/270 2170/2509/249
f 2162/2501/248 2178/2517/271 2163/2502/250
f 2171/2510/251 2185/2524/270 2186/2525/272
f 2163/2502/250 2179/2518/259 2164/2503/252
f 2236/2592/20 2190/2529/265 2205/2544/273
f 2183/2522/266 2199/2538/274 2184/2523/268
f 2177/2516/269 2191/2530/287 2192/2531/275
f 2184/2523/268 2200/2539/276 2185/2524/270
f 2178/2517/271 2192/2531/275 2193/2532/277
f 2186/2525/272 2200/2539/276 2201/2540/278
f 2178/2517/271 2194/2533/279 2179/2518/259
f 2187/2526/258 2201/2540/278 2202/2541/280
f 2179/2518/259 2195/2534/281 2180/2519/260
f 2188/2527/261 2202/2541/280 2203/2542/282
f 2180/2519/260 2196/2535/283 2181/2520/262
f 2188/2527/261 2204/2543/284 2189/2528/263
f 2182/2521/264 2196/2535/283 2197/2536/285
f 2189/2528/263 2205/2544/273 2190/2529/265
f 2183/2522/266 2197/2536/285 2198/2537/286
f 2176/2515/267 2010/2335/18 2191/2530/287
f 2203/2542/282 2217/2556/288 2218/2557/289
f 2195/2534/281 2211/2550/290 2196/2535/283
f 2204/2543/284 2218/2557/289 2219/2558/291
f 2197/2536/285 2211/2550/290 2212/2551/292
f 2205/2544/273 2219/2558/291 2220/2559/293
f 2198/2537/286 2212/2551/292 2213/2552/294
f 2191/2530/287 2010/2336/18 2206/2545/295
f 2236/2593/20 2205/2544/273 2220/2559/293
f 2198/2537/286 2214/2553/296 2199/2538/274
f 2191/2530/287 2207/2546/297 2192/2531/275
f 2199/2538/274 2215/2554/298 2200/2539/276
f 2192/2531/275 2208/2547/299 2193/2532/277
f 2201/2540/278 2215/2554/298 2216/2555/300
f 2193/2532/277 2209/2548/301 2194/2533/279
f 2201/2540/278 2217/2556/288 2202/2541/280
f 2195/2534/281 2209/2548/301 2210/2549/302
f 2206/2545/295 2222/2561/304 2207/2546/297
f 2214/2553/296 2230/2569/305 2215/2554/298
f 2208/2547/299 2222/2561/304 2223/2562/306
f 2216/2555/300 2230/2569/305 2231/2570/307
f 2208/2547/299 2224/2563/308 2209/2548/301
f 2216/2555/300 2232/2571/309 2217/2556/288
f 2210/2549/302 2224/2563/308 2225/2564/310
f 2218/2557/289 2232/2571/309 2233/2572/311
f 2210/2549/302 2226/2565/312 2211/2550/290
f 2218/2557/289 2234/2573/313 2219/2558/291
f 2212/2551/292 2226/2565/312 2227/2566/314
f 2220/2559/293 2234/2573/313 2235/2574/315
f 2213/2552/294 2227/2566/314 2228/2567/316
f 2206/2545/295 2010/2337/18 2221/2560/303
f 2236/2594/20 2220/2559/293 2235/2574/315
f 2213/2552/294 2229/2568/317 2214/2553/296
f 2225/2564/310 2242/2612/318 2226/2565/312
f 2233/2572/311 2250/2620/319 2234/2573/313
f 2227/2566/314 2242/2612/318 2243/2613/320
f 2234/2573/313 2251/2621/321 2235/2574/315
f 2228/2567/316 2243/2613/320 2244/2614/322
f 2221/2560/303 2010/2338/18 2237/2607/323
f 2236/2595/20 2235/2574/315 2251/2621/321
f 2228/2567/316 2245/2615/324 2229/2568/317
f 2222/2561/304 2237/2607/323 2238/2608/325
f 2229/2568/317 2246/2616/326 2230/2569/305
f 2223/2562/306 2238/2608/325 2239/2609/327
f 2231/2570/307 2246/2616/326 2247/2617/328
f 2223/2562/306 2240/2610/329 2224/2563/308
f 2231/2570/307 2248/2618/330 2232/2571/309
f 2225/2564/310 2240/2610/329 2241/2611/331
f 2233/2572/311 2248/2618/330 2249/2619/332
f 2245/2615/324 2261/2631/333 2246/2616/326
f 2239/2609/327 2253/2623/334 2254/2624/335
f 2247/2617/328 2261/2631/333 2262/2632/336
f 2239/2609/327 2255/2625/337 2240/2610/329
f 2247/2617/328 2263/2633/338 2248/2618/330
f 2241/2611/331 2255/2625/337 2256/2626/339
f 2249/2619/332 2263/2633/338 2264/2634/340
f 2241/2611/331 2257/2627/341 2242/2612/318
f 2249/2619/332 2265/2635/342 2250/2620/319
f 2243/2613/320 2257/2627/341 2258/2628/343
f 2251/2621/321 2265/2635/342 2266/2636/344
f 2244/2614/322 2258/2628/343 2259/2629/345
f 2237/2607/323 2010/2339/18 2252/2622/490
f 2236/2596/20 2251/2621/321 2266/2636/344
f 2244/2614/322 2260/2630/347 2245/2615/324
f 2237/2607/323 2253/2623/334 2238/2608/325
f 2264/2634/340 2280/2650/348 2265/2635/342
f 2258/2628/343 2272/2642/349 2273/2643/350
f 2266/2636/344 2280/2650/348 2281/2651/351
f 2259/2629/345 2273/2643/350 2274/2644/352
f 2252/2622/490 2010/2340/18 2267/2637/353
f 2236/2597/20 2266/2636/344 2281/2651/351
f 2259/2629/345 2275/2645/354 2260/2630/347
f 2252/2622/490 2268/2638/355 2253/2623/334
f 2260/2630/347 2276/2646/356 2261/2631/333
f 2254/2624/335 2268/2638/355 2269/2639/357
f 2262/2632/336 2276/2646/356 2277/2647/358
f 2254/2624/335 2270/2640/359 2255/2625/337
f 2262/2632/336 2278/2648/360 2263/2633/338
f 2256/2626/339 2270/2640/359 2271/2641/361
f 2264/2634/340 2278/2648/360 2279/2649/362
f 2256/2626/339 2272/2642/349 2257/2627/341
f 2269/2639/357 2283/2654/363 2284/2656/364
f 2277/2647/358 2291/2670/365 2292/2672/366
f 2269/2639/357 2285/2658/367 2270/2640/359
f 2277/2647/358 2293/2674/368 2278/2648/360
f 2271/2641/361 2285/2658/367 2286/2660/369
f 2279/2649/362 2293/2674/368 2294/2676/370
f 2271/2641/361 2287/2662/371 2272/2642/349
f 2279/2649/362 2295/2678/372 2280/2650/348
f 2273/2643/350 2287/2662/371 2288/2664/373
f 2281/2651/351 2295/2678/372 2296/2680/374
f 2274/2644/352 2288/2664/373 2289/2666/375
f 2267/2637/353 2010/2341/18 2282/2652/376
f 2236/2598/20 2281/2651/351 2296/2680/374
f 2274/2644/352 2290/2668/377 2275/2645/354
f 2267/2637/353 2283/2654/363 2268/2638/355
f 2275/2645/354 2291/2670/365 2276/2646/356
f 2288/2665/373 2302/2687/378 2303/2688/379
f 2296/2681/374 2310/2695/380 2311/2696/381
f 2289/2667/375 2303/2688/379 2304/2689/382
f 2282/2653/376 2010/2342/18 2297/2682/383
f 2236/2599/20 2296/2681/374 2311/2696/381
f 2289/2667/375 2305/2690/384 2290/2669/377
f 2282/2653/376 2298/2683/385 2283/2655/363
f 2290/2669/377 2306/2691/386 2291/2671/365
f 2284/2657/364 2298/2683/385 2299/2684/387
f 2292/2673/366 2306/2691/386 2307/2692/388
f 2284/2657/364 2300/2685/389 2285/2659/367
f 2292/2673/366 2308/2693/390 2293/2675/368
f 2286/2661/369 2300/2685/389 2301/2686/391
f 2294/2677/370 2308/2693/390 2309/2694/392
f 2286/2661/369 2302/2687/378 2287/2663/371
f 2294/2677/370 2310/2695/380 2295/2679/372
f 2307/2692/388 2321/2706/393 2322/2707/394
f 2299/2684/387 2315/2700/395 2300/2685/389
f 2307/2692/388 2323/2708/396 2308/2693/390
f 2301/2686/391 2315/2700/395 2316/2701/397
f 2309/2694/392 2323/2708/396 2324/2709/398
f 2301/2686/391 2317/2702/399 2302/2687/378
f 2310/2695/380 2324/2709/398 2325/2710/400
f 2303/2688/379 2317/2702/399 2318/2703/401
f 2310/2695/380 2326/2711/494 2311/2696/381
f 2304/2689/382 2318/2703/401 2319/2704/403
f 2297/2682/383 2010/2343/18 2312/2697/497
f 2236/2600/20 2311/2696/381 2326/2711/494
f 2304/2689/382 2320/2705/405 2305/2690/384
f 2298/2683/385 2312/2697/497 2313/2698/406
f 2305/2690/384 2321/2706/393 2306/2691/386
f 2298/2683/385 2314/2699/407 2299/2684/387
f 2326/2711/494 2340/2725/408 2341/2726/409
f 2319/2704/403 2333/2718/410 2334/2719/411
f 2312/2697/497 2010/2344/18 2327/2712/412
f 2236/2601/20 2326/2711/494 2341/2726/409
f 2319/2704/403 2335/2720/413 2320/2705/405
f 2312/2697/497 2328/2713/414 2313/2698/406
f 2320/2705/405 2336/2721/415 2321/2706/393
f 2314/2699/407 2328/2713/414 2329/2714/416
f 2322/2707/394 2336/2721/415 2337/2722/417
f 2314/2699/407 2330/2715/418 2315/2700/395
f 2322/2707/394 2338/2723/419 2323/2708/396
f 2316/2701/397 2330/2715/418 2331/2716/420
f 2324/2709/398 2338/2723/419 2339/2724/421
f 2316/2701/397 2332/2717/422 2317/2702/399
f 2324/2709/398 2340/2725/408 2325/2710/400
f 2318/2703/401 2332/2717/422 2333/2718/410
f 2337/2722/417 2353/2738/423 2338/2723/419
f 2331/2716/420 2345/2730/424 2346/2731/425
f 2339/2724/421 2353/2738/423 2354/2739/426
f 2331/2716/420 2347/2732/427 2332/2717/422
f 2339/2724/421 2355/2740/428 2340/2725/408
f 2333/2718/410 2347/2732/427 2348/2733/429
f 2341/2726/409 2355/2740/428 2356/2741/430
f 2334/2719/411 2348/2733/429 2349/2734/431
f 2327/2712/412 2010/2345/18 2342/2727/432
f 2236/2602/20 2341/2726/409 2356/2741/430
f 2334/2719/411 2350/2735/433 2335/2720/413
f 2327/2712/412 2343/2728/434 2328/2713/414
f 2335/2720/413 2351/2736/435 2336/2721/415
f 2329/2714/416 2343/2728/434 2344/2729/436
f 2337/2722/417 2351/2736/435 2352/2737/437
f 2329/2714/416 2345/2730/424 2330/2715/418
f 2342/2727/432 2010/2346/18 2357/2742/438
f 2236/2603/20 2356/2741/430 2371/2756/439
f 2349/2734/431 2365/2750/440 2350/2735/433
f 2343/2728/434 2357/2742/438 2358/2743/441
f 2350/2735/433 2366/2751/442 2351/2736/435
f 2344/2729/436 2358/2743/441 2359/2744/443
f 2352/2737/437 2366/2751/442 2367/2752/444
f 2344/2729/436 2360/2745/445 2345/2730/424
f 2352/2737/437 2368/2753/446 2353/2738/423
f 2346/2731/425 2360/2745/445 2361/2746/447
f 2354/2739/426 2368/2753/446 2369/2754/448
f 2346/2731/425 2362/2747/449 2347/2732/427
f 2354/2739/426 2370/2755/450 2355/2740/428
f 2348/2733/429 2362/2747/449 2363/2748/451
f 2355/2740/428 2371/2756/439 2356/2741/430
f 2349/2734/431 2363/2748/451 2364/2749/452
f 2361/2746/447 2375/2760/453 2376/2761/454
f 2369/2754/448 2383/2768/455 2384/2769/456
f 2361/2746/447 2377/2762/457 2362/2747/449
f 2369/2754/448 2385/2770/458 2370/2755/450
f 2363/2748/451 2377/2762/457 2378/2763/459
f 2371/2756/439 2385/2770/458 2386/2771/460
f 2364/2749/452 2378/2763/459 2379/2764/461
f 2357/2742/438 2010/2347/18 2372/2757/462
f 2236/2604/20 2371/2756/439 2386/2771/460
f 2364/2749/452 2380/2765/463 2365/2750/440
f 2357/2742/438 2373/2758/464 2358/2743/441
f 2365/2750/440 2381/2766/465 2366/2751/442
f 2359/2744/443 2373/2758/464 2374/2759/466
f 2367/2752/444 2381/2766/465 2382/2767/467
f 2359/2744/443 2375/2760/453 2360/2745/445
f 2367/2752/444 2383/2768/455 2368/2753/446
f 2379/2764/461 2395/2780/468 2380/2765/463
f 2373/2758/464 2387/2772/482 2388/2773/469
f 2380/2765/463 2396/2781/470 2381/2766/465
f 2374/2759/466 2388/2773/469 2389/2774/471
f 2382/2767/467 2396/2781/470 2397/2782/472
f 2374/2759/466 2390/2775/473 2375/2760/453
f 2382/2767/467 2398/2783/474 2383/2768/455
f 2376/2761/454 2390/2775/473 2391/2776/475
f 2384/2769/456 2398/2783/474 2399/2784/476
f 2376/2761/454 2392/2777/477 2377/2762/457
f 2384/2769/456 2400/2785/478 2385/2770/458
f 2378/2763/459 2392/2777/477 2393/2778/479
f 2385/2770/458 2401/2786/480 2386/2771/460
f 2379/2764/461 2393/2778/479 2394/2779/481
f 2372/2757/462 2010/2348/18 2387/2772/482
f 2236/2605/20 2386/2771/460 2401/2786/480
f 2399/2784/476 2407/2792/4 2408/2793/6
f 2392/2777/477 1930/2238/3 2405/2790/7
f 2399/2784/476 2409/2794/10 2400/2785/478
f 2393/2778/479 2405/2790/7 1931/2239/11
f 2400/2785/478 2410/2795/14 2401/2786/480
f 2394/2779/481 1931/2239/11 1932/2240/16
f 2387/2772/482 2010/2349/18 2402/2787/17
f 2236/2606/20 2401/2786/480 2410/2795/14
f 2394/2779/481 1933/2241/21 2395/2780/468
f 2388/2773/469 2402/2787/17 2403/2788/23
f 2395/2780/468 2406/2791/26 2396/2781/470
f 2389/2774/471 2403/2788/23 1929/2237/27
f 2396/2781/470 1934/2242/30 2397/2782/472
f 2390/2775/473 1929/2237/27 2404/2789/1
f 2397/2782/472 2407/2792/4 2398/2783/474
f 2391/2776/475 2404/2789/1 1930/2238/3
f 2886/3348/1 2421/2806/2 2412/2797/3
f 2889/3351/4 2429/2814/5 2890/3352/6
f 2887/3349/7 2421/2806/2 2422/2807/8
f 2890/3352/6 2430/2815/9 2891/3353/10
f 2887/3349/7 2423/2808/12 2413/2798/11
f 2891/3353/10 2431/2816/13 2892/3354/14
f 2413/2798/11 2424/2809/15 2414/2799/16
f 2884/3346/17 2492/2877/18 2417/2802/19
f 2718/3134/20 2892/3354/14 2431/2816/13
f 2414/2799/16 2425/2810/22 2415/2800/21
f 2885/3347/23 2417/2802/19 2418/2803/24
f 2888/3350/26 2425/2810/22 2426/2811/25
f 2411/2796/27 2418/2803/24 2419/2804/28
f 2888/3350/26 2427/2812/29 2416/2801/30
f 2886/3348/1 2419/2804/28 2420/2805/31
f 2889/3351/4 2427/2812/29 2428/2813/32
f 2419/2804/28 2435/2820/33 2420/2805/31
f 2428/2813/32 2442/2827/34 2443/2828/35
f 2420/2805/31 2436/2821/36 2421/2806/2
f 2429/2814/5 2443/2828/35 2444/2829/37
f 2421/2806/2 2437/2822/38 2422/2807/8
f 2430/2815/9 2444/2829/37 2445/2830/39
f 2422/2807/8 2438/2823/40 2423/2808/12
f 2431/2816/13 2445/2830/39 2446/2831/41
f 2424/2809/15 2438/2823/40 2439/2824/42
f 2417/2802/19 2492/2878/18 2432/2817/43
f 2718/3135/20 2431/2816/13 2446/2831/41
f 2424/2809/15 2440/2825/44 2425/2810/22
f 2417/2802/19 2433/2818/45 2418/2803/24
f 2426/2811/25 2440/2825/44 2441/2826/46
f 2418/2803/24 2434/2819/47 2419/2804/28
f 2427/2812/29 2441/2826/46 2442/2827/34
f 2439/2824/42 2453/2838/48 2454/2839/49
f 2432/2817/43 2492/2879/18 2447/2832/50
f 2718/3136/20 2446/2831/41 2461/2846/51
f 2439/2824/42 2455/2840/52 2440/2825/44
f 2432/2817/43 2448/2833/53 2433/2818/45
f 2440/2825/44 2456/2841/54 2441/2826/46
f 2434/2819/47 2448/2833/53 2449/2834/55
f 2441/2826/46 2457/2842/56 2442/2827/34
f 2435/2820/33 2449/2834/55 2450/2835/57
f 2442/2827/34 2458/2843/58 2443/2828/35
f 2436/2821/36 2450/2835/57 2451/2836/59
f 2443/2828/35 2459/2844/60 2444/2829/37
f 2436/2821/36 2452/2837/61 2437/2822/38
f 2444/2829/37 2460/2845/62 2445/2830/39
f 2438/2823/40 2452/2837/61 2453/2838/48
f 2446/2831/41 2460/2845/62 2461/2846/51
f 2458/2843/58 2472/2857/77 2473/2858/63
f 2450/2835/57 2466/2851/65 2451/2836/59
f 2459/2844/60 2473/2858/63 2474/2859/66
f 2451/2836/59 2467/2852/67 2452/2837/61
f 2460/2845/62 2474/2859/66 2475/2860/68
f 2453/2838/48 2467/2852/67 2468/2853/69
f 2460/2845/62 2476/2861/70 2461/2846/51
f 2454/2839/49 2468/2853/69 2469/2854/71
f 2447/2832/50 2492/2880/18 2462/2847/72
f 2718/3137/20 2461/2846/51 2476/2861/70
f 2454/2839/49 2470/2855/73 2455/2840/52
f 2448/2833/53 2462/2847/72 2463/2848/74
f 2455/2840/52 2471/2856/75 2456/2841/54
f 2448/2833/53 2464/2849/76 2449/2834/55
f 2457/2842/56 2471/2856/75 2472/2857/77
f 2449/2834/55 2465/2850/64 2450/2835/57
f 2462/2847/72 2492/2881/18 2477/2862/78
f 2718/3138/20 2476/2861/70 2491/2876/79
f 2469/2854/71 2485/2870/80 2470/2855/73
f 2462/2847/72 2478/2863/81 2463/2848/74
f 2470/2855/73 2486/2871/82 2471/2856/75
f 2463/2848/74 2479/2864/83 2464/2849/76
f 2472/2857/77 2486/2871/82 2487/2872/84
f 2464/2849/76 2480/2865/85 2465/2850/64
f 2472/2857/77 2488/2873/86 2473/2858/63
f 2466/2851/65 2480/2865/85 2481/2866/87
f 2474/2859/66 2488/2873/86 2489/2874/88
f 2466/2851/65 2482/2867/89 2467/2852/67
f 2474/2859/66 2490/2875/90 2475/2860/68
f 2468/2853/69 2482/2867/89 2483/2868/91
f 2475/2860/68 2491/2876/79 2476/2861/70
f 2469/2854/71 2483/2868/91 2484/2869/92
f 2481/2866/87 2496/2912/93 2497/2913/94
f 2489/2874/88 2504/2920/95 2505/2921/96
f 2481/2866/87 2498/2914/97 2482/2867/89
f 2490/2875/90 2505/2921/96 2506/2922/98
f 2483/2868/91 2498/2914/97 2499/2915/99
f 2491/2876/79 2506/2922/98 2507/2923/483
f 2483/2868/91 2500/2916/101 2484/2869/92
f 2477/2862/78 2492/2882/18 2493/2909/484
f 2718/3139/20 2491/2876/79 2507/2923/483
f 2485/2870/80 2500/2916/101 2501/2917/103
f 2477/2862/78 2494/2910/104 2478/2863/81
f 2485/2870/80 2502/2918/105 2486/2871/82
f 2478/2863/81 2495/2911/106 2479/2864/83
f 2487/2872/84 2502/2918/105 2503/2919/107
f 2479/2864/83 2496/2912/93 2480/2865/85
f 2487/2872/84 2504/2920/95 2488/2873/86
f 2500/2916/101 2516/2932/108 2501/2917/103
f 2493/2909/484 2509/2925/109 2494/2910/104
f 2501/2917/103 2517/2933/110 2502/2918/105
f 2494/2910/104 2510/2926/111 2495/2911/106
f 2503/2919/107 2517/2933/110 2518/2934/112
f 2495/2911/106 2511/2927/113 2496/2912/93
f 2503/2919/107 2519/2935/114 2504/2920/95
f 2497/2913/94 2511/2927/113 2512/2928/115
f 2505/2921/96 2519/2935/114 2520/2936/116
f 2497/2913/94 2513/2929/117 2498/2914/97
f 2505/2921/96 2521/2937/118 2506/2922/98
f 2499/2915/99 2513/2929/117 2514/2930/119
f 2507/2923/483 2521/2937/118 2522/2938/120
f 2500/2916/101 2514/2930/119 2515/2931/121
f 2493/2909/484 2492/2883/18 2508/2924/122
f 2718/3140/20 2507/2923/483 2522/2938/120
f 2520/2936/116 2534/2950/123 2535/2951/124
f 2512/2928/115 2528/2944/125 2513/2929/117
f 2521/2937/118 2535/2951/124 2536/2952/126
f 2514/2930/119 2528/2944/125 2529/2945/127
f 2521/2937/118 2537/2953/128 2522/2938/120
f 2515/2931/121 2529/2945/127 2530/2946/129
f 2508/2924/122 2492/2884/18 2523/2939/130
f 2718/3141/20 2522/2938/120 2537/2953/128
f 2515/2931/121 2531/2947/131 2516/2932/108
f 2508/2924/122 2524/2940/132 2509/2925/109
f 2516/2932/108 2532/2948/133 2517/2933/110
f 2509/2925/109 2525/2941/134 2510/2926/111
f 2518/2934/112 2532/2948/133 2533/2949/135
f 2510/2926/111 2526/2942/136 2511/2927/113
f 2518/2934/112 2534/2950/123 2519/2935/114
f 2512/2928/115 2526/2942/136 2527/2943/137
f 2531/2947/131 2547/2963/138 2532/2948/133
f 2525/2941/134 2539/2955/139 2540/2956/140
f 2533/2949/135 2547/2963/138 2548/2964/141
f 2525/2941/134 2541/2957/142 2526/2942/136
f 2533/2949/135 2549/2965/143 2534/2950/123
f 2527/2943/137 2541/2957/142 2542/2958/144
f 2535/2951/124 2549/2965/143 2550/2966/145
f 2527/2943/137 2543/2959/146 2528/2944/125
f 2535/2951/124 2551/2967/147 2536/2952/126
f 2529/2945/127 2543/2959/146 2544/2960/148
f 2537/2953/128 2551/2967/147 2552/2968/149
f 2530/2946/129 2544/2960/148 2545/2961/150
f 2523/2939/130 2492/2885/18 2538/2954/151
f 2718/3142/20 2537/2953/128 2552/2968/149
f 2530/2946/129 2546/2962/152 2531/2947/131
f 2523/2939/130 2539/2955/139 2524/2940/132
f 2551/2967/147 2565/2981/153 2566/2982/154
f 2544/2960/148 2558/2974/155 2559/2975/156
f 2551/2967/147 2567/2983/157 2552/2968/149
f 2545/2961/150 2559/2975/156 2560/2976/158
f 2538/2954/151 2492/2886/18 2553/2969/498
f 2718/3143/20 2552/2968/149 2567/2983/157
f 2545/2961/150 2561/2977/160 2546/2962/152
f 2538/2954/151 2554/2970/161 2539/2955/139
f 2546/2962/152 2562/2978/162 2547/2963/138
f 2539/2955/139 2555/2971/163 2540/2956/140
f 2548/2964/141 2562/2978/162 2563/2979/164
f 2540/2956/140 2556/2972/165 2541/2957/142
f 2548/2964/141 2564/2980/166 2549/2965/143
f 2542/2958/144 2556/2972/165 2557/2973/167
f 2550/2966/145 2564/2980/166 2565/2981/153
f 2542/2958/144 2558/2974/155 2543/2959/146
f 2555/2971/163 2569/2985/168 2570/2986/169
f 2563/2979/164 2577/2993/170 2578/2994/171
f 2555/2971/163 2571/2987/172 2556/2972/165
f 2563/2979/164 2579/2995/173 2564/2980/166
f 2557/2973/167 2571/2987/172 2572/2988/174
f 2565/2981/153 2579/2995/173 2580/2996/175
f 2557/2973/167 2573/2989/176 2558/2974/155
f 2565/2981/153 2581/2997/177 2566/2982/154
f 2559/2975/156 2573/2989/176 2574/2990/178
f 2567/2983/157 2581/2997/177 2582/2998/179
f 2560/2976/158 2574/2990/178 2575/2991/180
f 2553/2969/498 2492/2887/18 2568/2984/181
f 2718/3144/20 2567/2983/157 2582/2998/179
f 2560/2976/158 2576/2992/182 2561/2977/160
f 2553/2969/498 2569/2985/168 2554/2970/161
f 2561/2977/160 2577/2993/170 2562/2978/162
f 2574/2990/178 2588/3004/183 2589/3005/184
f 2581/2997/177 2597/3013/185 2582/2998/179
f 2575/2991/180 2589/3005/184 2590/3006/186
f 2568/2984/181 2492/2888/18 2583/2999/187
f 2718/3145/20 2582/2998/179 2597/3013/185
f 2575/2991/180 2591/3007/188 2576/2992/182
f 2569/2985/168 2583/2999/187 2584/3000/189
f 2576/2992/182 2592/3008/190 2577/2993/170
f 2570/2986/169 2584/3000/189 2585/3001/191
f 2578/2994/171 2592/3008/190 2593/3009/192
f 2570/2986/169 2586/3002/193 2571/2987/172
f 2578/2994/171 2594/3010/194 2579/2995/173
f 2572/2988/174 2586/3002/193 2587/3003/195
f 2580/2996/175 2594/3010/194 2595/3011/196
f 2572/2988/174 2588/3004/183 2573/2989/176
f 2580/2996/175 2596/3012/197 2581/2997/177
f 2593/3009/192 2607/3023/198 2608/3024/199
f 2585/3001/191 2601/3017/200 2586/3002/193
f 2593/3009/192 2609/3025/487 2594/3010/194
f 2587/3003/195 2601/3017/200 2602/3018/202
f 2595/3011/196 2609/3025/487 2610/3026/203
f 2587/3003/195 2603/3019/204 2588/3004/183
f 2595/3011/196 2611/3027/205 2596/3012/197
f 2589/3005/184 2603/3019/204 2604/3020/206
f 2596/3012/197 2612/3028/207 2597/3013/185
f 2590/3006/186 2604/3020/206 2605/3021/208
f 2583/2999/187 2492/2889/18 2598/3014/209
f 2718/3146/20 2597/3013/185 2612/3028/207
f 2590/3006/186 2606/3022/210 2591/3007/188
f 2584/3000/189 2598/3014/209 2599/3015/211
f 2591/3007/188 2607/3023/198 2592/3008/190
f 2585/3001/191 2599/3015/211 2600/3016/212
f 2612/3028/207 2626/3042/213 2627/3043/214
f 2605/3021/208 2619/3035/215 2620/3036/216
f 2598/3014/209 2492/2890/18 2613/3029/217
f 2718/3147/20 2612/3028/207 2627/3043/214
f 2605/3021/208 2621/3037/218 2606/3022/210
f 2598/3014/209 2614/3030/499 2599/3015/211
f 2606/3022/210 2622/3038/220 2607/3023/198
f 2599/3015/211 2615/3031/221 2600/3016/212
f 2608/3024/199 2622/3038/220 2623/3039/222
f 2600/3016/212 2616/3032/223 2601/3017/200
f 2608/3024/199 2624/3040/224 2609/3025/487
f 2602/3018/202 2616/3032/223 2617/3033/225
f 2610/3026/203 2624/3040/224 2625/3041/226
f 2602/3018/202 2618/3034/227 2603/3019/204
f 2611/3027/205 2625/3041/226 2626/3042/213
f 2604/3020/206 2618/3034/227 2619/3035/215
f 2615/3031/221 2631/3047/228 2616/3032/223
f 2623/3039/222 2639/3055/229 2624/3040/224
f 2617/3033/225 2631/3047/228 2632/3048/230
f 2625/3041/226 2639/3055/229 2640/3056/231
f 2617/3033/225 2633/3049/232 2618/3034/227
f 2625/3041/226 2641/3057/233 2626/3042/213
f 2619/3035/215 2633/3049/232 2634/3050/234
f 2626/3042/213 2642/3058/235 2627/3043/214
f 2620/3036/216 2634/3050/234 2635/3051/236
f 2613/3029/217 2492/2891/18 2628/3044/237
f 2718/3148/20 2627/3043/214 2642/3058/235
f 2620/3036/216 2636/3052/238 2621/3037/218
f 2614/3030/499 2628/3044/237 2629/3045/239
f 2621/3037/218 2637/3053/240 2622/3038/220
f 2615/3031/221 2629/3045/239 2630/3046/241
f 2623/3039/222 2637/3053/240 2638/3054/242
f 2635/3051/236 2649/3065/243 2650/3066/244
f 2628/3044/237 2492/2892/18 2643/3059/245
f 2718/3149/20 2642/3058/235 2657/3073/246
f 2635/3051/236 2651/3067/247 2636/3052/238
f 2628/3044/237 2644/3060/248 2629/3045/239
f 2636/3052/238 2652/3068/249 2637/3053/240
f 2629/3045/239 2645/3061/250 2630/3046/241
f 2638/3054/242 2652/3068/249 2653/3069/251
f 2630/3046/241 2646/3062/252 2631/3047/228
f 2638/3054/242 2654/3070/253 2639/3055/229
f 2632/3048/230 2646/3062/252 2647/3063/254
f 2640/3056/231 2654/3070/253 2655/3071/255
f 2632/3048/230 2648/3064/256 2633/3049/232
f 2641/3057/233 2655/3071/255 2656/3072/257
f 2634/3050/234 2648/3064/256 2649/3065/243
f 2642/3058/235 2656/3072/257 2657/3073/246
f 2653/3069/251 2669/3085/258 2654/3070/253
f 2647/3063/254 2661/3077/259 2662/3078/260
f 2655/3071/255 2669/3085/258 2670/3086/261
f 2647/3063/254 2663/3079/262 2648/3064/256
f 2655/3071/255 2671/3087/263 2656/3072/257
f 2649/3065/243 2663/3079/262 2664/3080/264
f 2656/3072/257 2672/3088/265 2657/3073/246
f 2650/3066/244 2664/3080/264 2665/3081/266
f 2643/3059/245 2492/2893/18 2658/3074/267
f 2718/3150/20 2657/3073/246 2672/3088/265
f 2650/3066/244 2666/3082/268 2651/3067/247
f 2644/3060/248 2658/3074/267 2659/3075/269
f 2651/3067/247 2667/3083/270 2652/3068/249
f 2645/3061/250 2659/3075/269 2660/3076/271
f 2653/3069/251 2667/3083/270 2668/3084/272
f 2645/3061/250 2661/3077/259 2646/3062/252
f 2718/3151/20 2672/3088/265 2687/3103/273
f 2665/3081/266 2681/3097/274 2666/3082/268
f 2658/3074/267 2674/3090/275 2659/3075/269
f 2666/3082/268 2682/3098/276 2667/3083/270
f 2660/3076/271 2674/3090/275 2675/3091/277
f 2668/3084/272 2682/3098/276 2683/3099/278
f 2660/3076/271 2676/3092/279 2661/3077/259
f 2668/3084/272 2684/3100/280 2669/3085/258
f 2662/3078/260 2676/3092/279 2677/3093/281
f 2670/3086/261 2684/3100/280 2685/3101/282
f 2662/3078/260 2678/3094/283 2663/3079/262
f 2670/3086/261 2686/3102/284 2671/3087/263
f 2664/3080/264 2678/3094/283 2679/3095/285
f 2672/3088/265 2686/3102/284 2687/3103/273
f 2665/3081/266 2679/3095/285 2680/3096/286
f 2658/3074/267 2492/2894/18 2673/3089/287
f 2685/3101/282 2699/3115/488 2700/3116/289
f 2677/3093/281 2693/3109/290 2678/3094/283
f 2686/3102/284 2700/3116/289 2701/3117/291
f 2679/3095/285 2693/3109/290 2694/3110/292
f 2687/3103/273 2701/3117/291 2702/3118/293
f 2680/3096/286 2694/3110/292 2695/3111/294
f 2673/3089/287 2492/2895/18 2688/3104/295
f 2718/3152/20 2687/3103/273 2702/3118/293
f 2680/3096/286 2696/3112/296 2681/3097/274
f 2673/3089/287 2689/3105/297 2674/3090/275
f 2681/3097/274 2697/3113/298 2682/3098/276
f 2674/3090/275 2690/3106/299 2675/3091/277
f 2683/3099/278 2697/3113/298 2698/3114/300
f 2675/3091/277 2691/3107/493 2676/3092/279
f 2683/3099/278 2699/3115/488 2684/3100/280
f 2677/3093/281 2691/3107/493 2692/3108/302
f 2689/3105/297 2703/3119/303 2704/3120/304
f 2696/3112/296 2712/3128/305 2697/3113/298
f 2690/3106/299 2704/3120/304 2705/3121/306
f 2698/3114/300 2712/3128/305 2713/3129/307
f 2690/3106/299 2706/3122/308 2691/3107/493
f 2698/3114/300 2714/3130/309 2699/3115/488
f 2692/3108/302 2706/3122/308 2707/3123/310
f 2700/3116/289 2714/3130/309 2715/3131/311
f 2692/3108/302 2708/3124/312 2693/3109/290
f 2700/3116/289 2716/3132/313 2701/3117/291
f 2694/3110/292 2708/3124/312 2709/3125/314
f 2701/3117/291 2717/3133/315 2702/3118/293
f 2695/3111/294 2709/3125/314 2710/3126/316
f 2688/3104/295 2492/2896/18 2703/3119/303
f 2718/3153/20 2702/3118/293 2717/3133/315
f 2695/3111/294 2711/3127/317 2696/3112/296
f 2707/3123/310 2724/3171/318 2708/3124/312
f 2715/3131/311 2732/3179/319 2716/3132/313
f 2709/3125/314 2724/3171/318 2725/3172/320
f 2717/3133/315 2732/3179/319 2733/3180/321
f 2710/3126/316 2725/3172/320 2726/3173/322
f 2703/3119/303 2492/2897/18 2719/3166/323
f 2718/3154/20 2717/3133/315 2733/3180/321
f 2710/3126/316 2727/3174/324 2711/3127/317
f 2703/3119/303 2720/3167/325 2704/3120/304
f 2711/3127/317 2728/3175/326 2712/3128/305
f 2705/3121/306 2720/3167/325 2721/3168/327
f 2713/3129/307 2728/3175/326 2729/3176/328
f 2705/3121/306 2722/3169/329 2706/3122/308
f 2713/3129/307 2730/3177/330 2714/3130/309
f 2707/3123/310 2722/3169/329 2723/3170/331
f 2715/3131/311 2730/3177/330 2731/3178/332
f 2727/3174/324 2743/3190/333 2728/3175/326
f 2721/3168/327 2735/3182/334 2736/3183/335
f 2729/3176/328 2743/3190/333 2744/3191/336
f 2721/3168/327 2737/3184/337 2722/3169/329
f 2729/3176/328 2745/3192/338 2730/3177/330
f 2723/3170/331 2737/3184/337 2738/3185/339
f 2731/3178/332 2745/3192/338 2746/3193/340
f 2723/3170/331 2739/3186/341 2724/3171/318
f 2731/3178/332 2747/3194/342 2732/3179/319
f 2725/3172/320 2739/3186/341 2740/3187/343
f 2732/3179/319 2748/3195/489 2733/3180/321
f 2726/3173/322 2740/3187/343 2741/3188/345
f 2719/3166/323 2492/2898/18 2734/3181/500
f 2718/3155/20 2733/3180/321 2748/3195/489
f 2726/3173/322 2742/3189/347 2727/3174/324
f 2720/3167/325 2734/3181/500 2735/3182/334
f 2746/3193/340 2762/3209/348 2747/3194/342
f 2740/3187/343 2754/3201/349 2755/3202/350
f 2747/3194/342 2763/3210/351 2748/3195/489
f 2741/3188/345 2755/3202/350 2756/3203/352
f 2734/3181/500 2492/2899/18 2749/3196/353
f 2718/3156/20 2748/3195/489 2763/3210/351
f 2741/3188/345 2757/3204/354 2742/3189/347
f 2734/3181/500 2750/3197/355 2735/3182/334
f 2742/3189/347 2758/3205/356 2743/3190/333
f 2736/3183/335 2750/3197/355 2751/3198/357
f 2744/3191/336 2758/3205/356 2759/3206/358
f 2736/3183/335 2752/3199/359 2737/3184/337
f 2744/3191/336 2760/3207/360 2745/3192/338
f 2738/3185/339 2752/3199/359 2753/3200/361
f 2746/3193/340 2760/3207/360 2761/3208/362
f 2738/3185/339 2754/3201/349 2739/3186/341
f 2751/3198/357 2765/3213/363 2766/3215/364
f 2759/3206/358 2773/3229/365 2774/3231/366
f 2751/3198/357 2767/3217/367 2752/3199/359
f 2759/3206/358 2775/3233/368 2760/3207/360
f 2753/3200/361 2767/3217/367 2768/3219/369
f 2761/3208/362 2775/3233/368 2776/3235/370
f 2753/3200/361 2769/3221/371 2754/3201/349
f 2761/3208/362 2777/3237/372 2762/3209/348
f 2755/3202/350 2769/3221/371 2770/3223/373
f 2763/3210/351 2777/3237/372 2778/3239/374
f 2756/3203/352 2770/3223/373 2771/3225/375
f 2749/3196/353 2492/2900/18 2764/3211/376
f 2718/3157/20 2763/3210/351 2778/3239/374
f 2756/3203/352 2772/3227/377 2757/3204/354
f 2749/3196/353 2765/3213/363 2750/3197/355
f 2757/3204/354 2773/3229/365 2758/3205/356
f 2770/3224/373 2784/3246/378 2785/3247/379
f 2778/3240/374 2792/3254/380 2793/3255/381
f 2771/3226/375 2785/3247/379 2786/3248/382
f 2764/3212/376 2492/2901/18 2779/3241/383
f 2718/3158/20 2778/3240/374 2793/3255/381
f 2771/3226/375 2787/3249/384 2772/3228/377
f 2764/3212/376 2780/3242/385 2765/3214/363
f 2772/3228/377 2788/3250/386 2773/3230/365
f 2766/3216/364 2780/3242/385 2781/3243/387
f 2774/3232/366 2788/3250/386 2789/3251/388
f 2766/3216/364 2782/3244/389 2767/3218/367
f 2774/3232/366 2790/3252/390 2775/3234/368
f 2768/3220/369 2782/3244/389 2783/3245/391
f 2776/3236/370 2790/3252/390 2791/3253/392
f 2768/3220/369 2784/3246/378 2769/3222/371
f 2776/3236/370 2792/3254/380 2777/3238/372
f 2789/3251/388 2803/3265/393 2804/3266/394
f 2781/3243/387 2797/3259/395 2782/3244/389
f 2789/3251/388 2805/3267/396 2790/3252/390
f 2783/3245/391 2797/3259/395 2798/3260/397
f 2791/3253/392 2805/3267/396 2806/3268/398
f 2783/3245/391 2799/3261/399 2784/3246/378
f 2791/3253/392 2807/3269/400 2792/3254/380
f 2785/3247/379 2799/3261/399 2800/3262/401
f 2792/3254/380 2808/3270/402 2793/3255/381
f 2786/3248/382 2800/3262/401 2801/3263/403
f 2779/3241/383 2492/2902/18 2794/3256/492
f 2718/3159/20 2793/3255/381 2808/3270/402
f 2786/3248/382 2802/3264/405 2787/3249/384
f 2780/3242/385 2794/3256/492 2795/3257/406
f 2787/3249/384 2803/3265/393 2788/3250/386
f 2781/3243/387 2795/3257/406 2796/3258/407
f 2808/3270/402 2822/3284/408 2823/3285/409
f 2801/3263/403 2815/3277/410 2816/3278/411
f 2794/3256/492 2492/2903/18 2809/3271/412
f 2718/3160/20 2808/3270/402 2823/3285/409
f 2801/3263/403 2817/3279/413 2802/3264/405
f 2794/3256/492 2810/3272/414 2795/3257/406
f 2802/3264/405 2818/3280/415 2803/3265/393
f 2796/3258/407 2810/3272/414 2811/3273/416
f 2804/3266/394 2818/3280/415 2819/3281/417
f 2796/3258/407 2812/3274/418 2797/3259/395
f 2804/3266/394 2820/3282/419 2805/3267/396
f 2798/3260/397 2812/3274/418 2813/3275/420
f 2806/3268/398 2820/3282/419 2821/3283/421
f 2798/3260/397 2814/3276/422 2799/3261/399
f 2806/3268/398 2822/3284/408 2807/3269/400
f 2800/3262/401 2814/3276/422 2815/3277/410
f 2819/3281/417 2835/3297/423 2820/3282/419
f 2813/3275/420 2827/3289/424 2828/3290/425
f 2821/3283/421 2835/3297/423 2836/3298/426
f 2813/3275/420 2829/3291/427 2814/3276/422
f 2821/3283/421 2837/3299/428 2822/3284/408
f 2815/3277/410 2829/3291/427 2830/3292/429
f 2823/3285/409 2837/3299/428 2838/3300/430
f 2816/3278/411 2830/3292/429 2831/3293/431
f 2809/3271/412 2492/2904/18 2824/3286/432
f 2718/3161/20 2823/3285/409 2838/3300/430
f 2816/3278/411 2832/3294/433 2817/3279/413
f 2809/3271/412 2825/3287/434 2810/3272/414
f 2817/3279/413 2833/3295/435 2818/3280/415
f 2811/3273/416 2825/3287/434 2826/3288/436
f 2819/3281/417 2833/3295/435 2834/3296/437
f 2811/3273/416 2827/3289/424 2812/3274/418
f 2824/3286/432 2492/2905/18 2839/3301/438
f 2718/3162/20 2838/3300/430 2853/3315/439
f 2831/3293/431 2847/3309/440 2832/3294/433
f 2824/3286/432 2840/3302/441 2825/3287/434
f 2832/3294/433 2848/3310/442 2833/3295/435
f 2825/3287/434 2841/3303/443 2826/3288/436
f 2834/3296/437 2848/3310/442 2849/3311/444
f 2826/3288/436 2842/3304/445 2827/3289/424
f 2834/3296/437 2850/3312/446 2835/3297/423
f 2828/3290/425 2842/3304/445 2843/3305/447
f 2836/3298/426 2850/3312/446 2851/3313/448
f 2828/3290/425 2844/3306/449 2829/3291/427
f 2837/3299/428 2851/3313/448 2852/3314/450
f 2830/3292/429 2844/3306/449 2845/3307/451
f 2838/3300/430 2852/3314/450 2853/3315/439
f 2831/3293/431 2845/3307/451 2846/3308/452
f 2843/3305/447 2857/3319/453 2858/3320/454
f 2851/3313/448 2865/3327/455 2866/3328/456
f 2843/3305/447 2859/3321/457 2844/3306/449
f 2851/3313/448 2867/3329/458 2852/3314/450
f 2845/3307/451 2859/3321/457 2860/3322/459
f 2852/3314/450 2868/3330/460 2853/3315/439
f 2846/3308/452 2860/3322/459 2861/3323/461
f 2839/3301/438 2492/2906/18 2854/3316/462
f 2718/3163/20 2853/3315/439 2868/3330/460
f 2846/3308/452 2862/3324/463 2847/3309/440
f 2840/3302/441 2854/3316/462 2855/3317/464
f 2847/3309/440 2863/3325/465 2848/3310/442
f 2841/3303/443 2855/3317/464 2856/3318/466
f 2849/3311/444 2863/3325/465 2864/3326/467
f 2841/3303/443 2857/3319/453 2842/3304/445
f 2849/3311/444 2865/3327/455 2850/3312/446
f 2861/3323/461 2877/3339/468 2862/3324/463
f 2854/3316/462 2870/3332/469 2855/3317/464
f 2862/3324/463 2878/3340/470 2863/3325/465
f 2855/3317/464 2871/3333/471 2856/3318/466
f 2864/3326/467 2878/3340/470 2879/3341/472
f 2856/3318/466 2872/3334/473 2857/3319/453
f 2864/3326/467 2880/3342/474 2865/3327/455
f 2858/3320/454 2872/3334/473 2873/3335/475
f 2866/3328/456 2880/3342/474 2881/3343/476
f 2858/3320/454 2874/3336/477 2859/3321/457
f 2867/3329/458 2881/3343/476 2882/3344/478
f 2860/3322/459 2874/3336/477 2875/3337/479
f 2868/3330/460 2882/3344/478 2883/3345/480
f 2861/3323/461 2875/3337/479 2876/3338/481
f 2854/3316/462 2492/2907/18 2869/3331/482
f 2718/3164/20 2868/3330/460 2883/3345/480
f 2881/3343/476 2889/3351/4 2890/3352/6
f 2874/3336/477 2412/2797/3 2887/3349/7
f 2881/3343/476 2891/3353/10 2882/3344/478
f 2875/3337/479 2887/3349/7 2413/2798/11
f 2882/3344/478 2892/3354/14 2883/3345/480
f 2876/3338/481 2413/2798/11 2414/2799/16
f 2869/3331/482 2492/2908/18 2884/3346/17
f 2718/3165/20 2883/3345/480 2892/3354/14
f 2876/3338/481 2415/2800/21 2877/3339/468
f 2870/3332/469 2884/3346/17 2885/3347/23
f 2877/3339/468 2888/3350/26 2878/3340/470
f 2871/3333/471 2885/3347/23 2411/2796/27
f 2878/3340/470 2416/2801/30 2879/3341/472
f 2872/3334/473 2411/2796/27 2886/3348/1
f 2879/3341/472 2889/3351/4 2880/3342/474
f 2873/3335/475 2886/3348/1 2412/2797/3
f 3368/3907/1 2903/3365/2 2894/3356/3
f 3371/3910/4 2911/3373/5 3372/3911/6
f 3369/3908/7 2903/3365/2 2904/3366/8
f 3372/3911/6 2912/3374/9 3373/3912/10
f 3369/3908/7 2905/3367/12 2895/3357/11
f 3373/3912/10 2913/3375/13 3374/3913/14
f 2895/3357/11 2906/3368/15 2896/3358/16
f 3366/3905/17 2974/3436/18 2899/3361/19
f 3200/3693/20 3374/3913/14 2913/3375/13
f 2896/3358/16 2907/3369/22 2897/3359/21
f 3367/3906/23 2899/3361/19 2900/3362/24
f 2897/3359/21 2908/3370/25 3370/3909/26
f 2893/3355/27 2900/3362/24 2901/3363/28
f 3370/3909/26 2909/3371/29 2898/3360/30
f 3368/3907/1 2901/3363/28 2902/3364/31
f 2898/3360/30 2910/3372/32 3371/3910/4
f 2901/3363/28 2917/3379/33 2902/3364/31
f 2910/3372/32 2924/3386/34 2925/3387/35
f 2902/3364/31 2918/3380/36 2903/3365/2
f 2911/3373/5 2925/3387/35 2926/3388/37
f 2903/3365/2 2919/3381/38 2904/3366/8
f 2912/3374/9 2926/3388/37 2927/3389/39
f 2904/3366/8 2920/3382/40 2905/3367/12
f 2913/3375/13 2927/3389/39 2928/3390/41
f 2906/3368/15 2920/3382/40 2921/3383/42
f 2899/3361/19 2974/3437/18 2914/3376/43
f 3200/3694/20 2913/3375/13 2928/3390/41
f 2906/3368/15 2922/3384/44 2907/3369/22
f 2899/3361/19 2915/3377/45 2900/3362/24
f 2908/3370/25 2922/3384/44 2923/3385/46
f 2900/3362/24 2916/3378/47 2901/3363/28
f 2909/3371/29 2923/3385/46 2924/3386/34
f 2921/3383/42 2935/3397/48 2936/3398/49
f 2914/3376/43 2974/3438/18 2929/3391/50
f 3200/3695/20 2928/3390/41 2943/3405/51
f 2921/3383/42 2937/3399/52 2922/3384/44
f 2914/3376/43 2930/3392/53 2915/3377/45
f 2922/3384/44 2938/3400/54 2923/3385/46
f 2916/3378/47 2930/3392/53 2931/3393/55
f 2923/3385/46 2939/3401/56 2924/3386/34
f 2917/3379/33 2931/3393/55 2932/3394/57
f 2924/3386/34 2940/3402/58 2925/3387/35
f 2918/3380/36 2932/3394/57 2933/3395/59
f 2925/3387/35 2941/3403/60 2926/3388/37
f 2918/3380/36 2934/3396/61 2919/3381/38
f 2926/3388/37 2942/3404/62 2927/3389/39
f 2920/3382/40 2934/3396/61 2935/3397/48
f 2928/3390/41 2942/3404/62 2943/3405/51
f 2940/3402/58 2954/3416/77 2955/3417/63
f 2932/3394/57 2948/3410/65 2933/3395/59
f 2941/3403/60 2955/3417/63 2956/3418/66
f 2933/3395/59 2949/3411/67 2934/3396/61
f 2942/3404/62 2956/3418/66 2957/3419/68
f 2935/3397/48 2949/3411/67 2950/3412/69
f 2942/3404/62 2958/3420/70 2943/3405/51
f 2936/3398/49 2950/3412/69 2951/3413/71
f 2929/3391/50 2974/3439/18 2944/3406/72
f 3200/3696/20 2943/3405/51 2958/3420/70
f 2936/3398/49 2952/3414/73 2937/3399/52
f 2930/3392/53 2944/3406/72 2945/3407/74
f 2937/3399/52 2953/3415/75 2938/3400/54
f 2930/3392/53 2946/3408/76 2931/3393/55
f 2939/3401/56 2953/3415/75 2954/3416/77
f 2931/3393/55 2947/3409/64 2932/3394/57
f 2944/3406/72 2974/3440/18 2959/3421/78
f 3200/3697/20 2958/3420/70 2973/3435/79
f 2951/3413/71 2967/3429/80 2952/3414/73
f 2944/3406/72 2960/3422/81 2945/3407/74
f 2952/3414/73 2968/3430/82 2953/3415/75
f 2945/3407/74 2961/3423/83 2946/3408/76
f 2954/3416/77 2968/3430/82 2969/3431/84
f 2946/3408/76 2962/3424/85 2947/3409/64
f 2954/3416/77 2970/3432/86 2955/3417/63
f 2948/3410/65 2962/3424/85 2963/3425/87
f 2956/3418/66 2970/3432/86 2971/3433/88
f 2948/3410/65 2964/3426/89 2949/3411/67
f 2956/3418/66 2972/3434/90 2957/3419/68
f 2950/3412/69 2964/3426/89 2965/3427/91
f 2957/3419/68 2973/3435/79 2958/3420/70
f 2951/3413/71 2965/3427/91 2966/3428/92
f 2963/3425/87 2978/3471/93 2979/3472/94
f 2971/3433/88 2986/3479/95 2987/3480/96
f 2963/3425/87 2980/3473/97 2964/3426/89
f 2972/3434/90 2987/3480/96 2988/3481/98
f 2965/3427/91 2980/3473/97 2981/3474/99
f 2973/3435/79 2988/3481/98 2989/3482/100
f 2965/3427/91 2982/3475/101 2966/3428/92
f 2959/3421/78 2974/3441/18 2975/3468/484
f 3200/3698/20 2973/3435/79 2989/3482/100
f 2967/3429/80 2982/3475/101 2983/3476/103
f 2959/3421/78 2976/3469/104 2960/3422/81
f 2967/3429/80 2984/3477/105 2968/3430/82
f 2960/3422/81 2977/3470/106 2961/3423/83
f 2969/3431/84 2984/3477/105 2985/3478/107
f 2961/3423/83 2978/3471/93 2962/3424/85
f 2969/3431/84 2986/3479/95 2970/3432/86
f 2982/3475/101 2998/3491/108 2983/3476/103
f 2975/3468/484 2991/3484/109 2976/3469/104
f 2983/3476/103 2999/3492/110 2984/3477/105
f 2976/3469/104 2992/3485/111 2977/3470/106
f 2985/3478/107 2999/3492/110 3000/3493/112
f 2977/3470/106 2993/3486/113 2978/3471/93
f 2985/3478/107 3001/3494/114 2986/3479/95
f 2979/3472/94 2993/3486/113 2994/3487/115
f 2987/3480/96 3001/3494/114 3002/3495/116
f 2979/3472/94 2995/3488/117 2980/3473/97
f 2987/3480/96 3003/3496/118 2988/3481/98
f 2981/3474/99 2995/3488/117 2996/3489/119
f 2989/3482/100 3003/3496/118 3004/3497/120
f 2982/3475/101 2996/3489/119 2997/3490/121
f 2975/3468/484 2974/3442/18 2990/3483/122
f 3200/3699/20 2989/3482/100 3004/3497/120
f 3002/3495/116 3016/3509/123 3017/3510/124
f 2994/3487/115 3010/3503/125 2995/3488/117
f 3003/3496/118 3017/3510/124 3018/3511/126
f 2996/3489/119 3010/3503/125 3011/3504/127
f 3003/3496/118 3019/3512/128 3004/3497/120
f 2997/3490/121 3011/3504/127 3012/3505/129
f 2990/3483/122 2974/3443/18 3005/3498/130
f 3200/3700/20 3004/3497/120 3019/3512/128
f 2997/3490/121 3013/3506/131 2998/3491/108
f 2990/3483/122 3006/3499/132 2991/3484/109
f 2998/3491/108 3014/3507/133 2999/3492/110
f 2991/3484/109 3007/3500/134 2992/3485/111
f 3000/3493/112 3014/3507/133 3015/3508/135
f 2992/3485/111 3008/3501/136 2993/3486/113
f 3000/3493/112 3016/3509/123 3001/3494/114
f 2994/3487/115 3008/3501/136 3009/3502/137
f 3013/3506/131 3029/3522/138 3014/3507/133
f 3007/3500/134 3021/3514/139 3022/3515/140
f 3015/3508/135 3029/3522/138 3030/3523/141
f 3007/3500/134 3023/3516/142 3008/3501/136
f 3015/3508/135 3031/3524/143 3016/3509/123
f 3009/3502/137 3023/3516/142 3024/3517/144
f 3017/3510/124 3031/3524/143 3032/3525/145
f 3009/3502/137 3025/3518/146 3010/3503/125
f 3017/3510/124 3033/3526/147 3018/3511/126
f 3011/3504/127 3025/3518/146 3026/3519/148
f 3019/3512/128 3033/3526/147 3034/3527/149
f 3012/3505/129 3026/3519/148 3027/3520/150
f 3005/3498/130 2974/3444/18 3020/3513/151
f 3200/3701/20 3019/3512/128 3034/3527/149
f 3012/3505/129 3028/3521/152 3013/3506/131
f 3005/3498/130 3021/3514/139 3006/3499/132
f 3033/3526/147 3047/3540/153 3048/3541/154
f 3026/3519/148 3040/3533/155 3041/3534/156
f 3033/3526/147 3049/3542/485 3034/3527/149
f 3027/3520/150 3041/3534/156 3042/3535/158
f 3020/3513/151 2974/3445/18 3035/3528/159
f 3200/3702/20 3034/3527/149 3049/3542/485
f 3027/3520/150 3043/3536/160 3028/3521/152
f 3020/3513/151 3036/3529/161 3021/3514/139
f 3028/3521/152 3044/3537/162 3029/3522/138
f 3021/3514/139 3037/3530/163 3022/3515/140
f 3030/3523/141 3044/3537/162 3045/3538/164
f 3022/3515/140 3038/3531/165 3023/3516/142
f 3030/3523/141 3046/3539/166 3031/3524/143
f 3024/3517/144 3038/3531/165 3039/3532/167
f 3032/3525/145 3046/3539/166 3047/3540/153
f 3024/3517/144 3040/3533/155 3025/3518/146
f 3037/3530/163 3051/3544/168 3052/3545/169
f 3045/3538/164 3059/3552/170 3060/3553/171
f 3037/3530/163 3053/3546/172 3038/3531/165
f 3045/3538/164 3061/3554/173 3046/3539/166
f 3039/3532/167 3053/3546/172 3054/3547/174
f 3047/3540/153 3061/3554/173 3062/3555/175
f 3039/3532/167 3055/3548/176 3040/3533/155
f 3047/3540/153 3063/3556/177 3048/3541/154
f 3041/3534/156 3055/3548/176 3056/3549/178
f 3049/3542/485 3063/3556/177 3064/3557/179
f 3042/3535/158 3056/3549/178 3057/3550/180
f 3035/3528/159 2974/3446/18 3050/3543/181
f 3200/3703/20 3049/3542/485 3064/3557/179
f 3042/3535/158 3058/3551/182 3043/3536/160
f 3035/3528/159 3051/3544/168 3036/3529/161
f 3043/3536/160 3059/3552/170 3044/3537/162
f 3056/3549/178 3070/3563/183 3071/3564/184
f 3063/3556/177 3079/3572/185 3064/3557/179
f 3057/3550/180 3071/3564/184 3072/3565/186
f 3050/3543/181 2974/3447/18 3065/3558/187
f 3200/3704/20 3064/3557/179 3079/3572/185
f 3057/3550/180 3073/3566/188 3058/3551/182
f 3051/3544/168 3065/3558/187 3066/3559/189
f 3058/3551/182 3074/3567/190 3059/3552/170
f 3052/3545/169 3066/3559/189 3067/3560/191
f 3060/3553/171 3074/3567/190 3075/3568/192
f 3052/3545/169 3068/3561/193 3053/3546/172
f 3060/3553/171 3076/3569/194 3061/3554/173
f 3054/3547/174 3068/3561/193 3069/3562/195
f 3062/3555/175 3076/3569/194 3077/3570/196
f 3054/3547/174 3070/3563/183 3055/3548/176
f 3062/3555/175 3078/3571/197 3063/3556/177
f 3075/3568/192 3089/3582/198 3090/3583/199
f 3067/3560/191 3083/3576/200 3068/3561/193
f 3075/3568/192 3091/3584/487 3076/3569/194
f 3069/3562/195 3083/3576/200 3084/3577/202
f 3077/3570/196 3091/3584/487 3092/3585/203
f 3069/3562/195 3085/3578/204 3070/3563/183
f 3077/3570/196 3093/3586/205 3078/3571/197
f 3071/3564/184 3085/3578/204 3086/3579/206
f 3078/3571/197 3094/3587/207 3079/3572/185
f 3072/3565/186 3086/3579/206 3087/3580/208
f 3065/3558/187 2974/3448/18 3080/3573/209
f 3200/3705/20 3079/3572/185 3094/3587/207
f 3072/3565/186 3088/3581/210 3073/3566/188
f 3066/3559/189 3080/3573/209 3081/3574/211
f 3073/3566/188 3089/3582/198 3074/3567/190
f 3067/3560/191 3081/3574/211 3082/3575/212
f 3094/3587/207 3108/3601/213 3109/3602/214
f 3087/3580/208 3101/3594/215 3102/3595/216
f 3080/3573/209 2974/3449/18 3095/3588/217
f 3200/3706/20 3094/3587/207 3109/3602/214
f 3087/3580/208 3103/3596/218 3088/3581/210
f 3080/3573/209 3096/3589/219 3081/3574/211
f 3088/3581/210 3104/3597/220 3089/3582/198
f 3081/3574/211 3097/3590/221 3082/3575/212
f 3090/3583/199 3104/3597/220 3105/3598/222
f 3082/3575/212 3098/3591/223 3083/3576/200
f 3090/3583/199 3106/3599/224 3091/3584/487
f 3084/3577/202 3098/3591/223 3099/3592/225
f 3092/3585/203 3106/3599/224 3107/3600/226
f 3084/3577/202 3100/3593/227 3085/3578/204
f 3093/3586/205 3107/3600/226 3108/3601/213
f 3086/3579/206 3100/3593/227 3101/3594/215
f 3097/3590/221 3113/3606/228 3098/3591/223
f 3105/3598/222 3121/3614/229 3106/3599/224
f 3099/3592/225 3113/3606/228 3114/3607/230
f 3107/3600/226 3121/3614/229 3122/3615/231
f 3099/3592/225 3115/3608/232 3100/3593/227
f 3107/3600/226 3123/3616/233 3108/3601/213
f 3101/3594/215 3115/3608/232 3116/3609/234
f 3108/3601/213 3124/3617/235 3109/3602/214
f 3102/3595/216 3116/3609/234 3117/3610/236
f 3095/3588/217 2974/3450/18 3110/3603/237
f 3200/3707/20 3109/3602/214 3124/3617/235
f 3102/3595/216 3118/3611/238 3103/3596/218
f 3096/3589/219 3110/3603/237 3111/3604/239
f 3103/3596/218 3119/3612/240 3104/3597/220
f 3097/3590/221 3111/3604/239 3112/3605/241
f 3105/3598/222 3119/3612/240 3120/3613/242
f 3117/3610/236 3131/3624/243 3132/3625/244
f 3110/3603/237 2974/3451/18 3125/3618/245
f 3200/3708/20 3124/3617/235 3139/3632/246
f 3117/3610/236 3133/3626/247 3118/3611/238
f 3110/3603/237 3126/3619/248 3111/3604/239
f 3118/3611/238 3134/3627/249 3119/3612/240
f 3111/3604/239 3127/3620/250 3112/3605/241
f 3120/3613/242 3134/3627/249 3135/3628/251
f 3112/3605/241 3128/3621/252 3113/3606/228
f 3120/3613/242 3136/3629/253 3121/3614/229
f 3114/3607/230 3128/3621/252 3129/3622/254
f 3122/3615/231 3136/3629/253 3137/3630/255
f 3114/3607/230 3130/3623/256 3115/3608/232
f 3123/3616/233 3137/3630/255 3138/3631/257
f 3116/3609/234 3130/3623/256 3131/3624/243
f 3124/3617/235 3138/3631/257 3139/3632/246
f 3135/3628/251 3151/3644/258 3136/3629/253
f 3129/3622/254 3143/3636/259 3144/3637/260
f 3137/3630/255 3151/3644/258 3152/3645/261
f 3129/3622/254 3145/3638/262 3130/3623/256
f 3137/3630/255 3153/3646/263 3138/3631/257
f 3131/3624/243 3145/3638/262 3146/3639/264
f 3138/3631/257 3154/3647/265 3139/3632/246
f 3132/3625/244 3146/3639/264 3147/3640/266
f 3125/3618/245 2974/3452/18 3140/3633/267
f 3200/3709/20 3139/3632/246 3154/3647/265
f 3132/3625/244 3148/3641/268 3133/3626/247
f 3126/3619/248 3140/3633/267 3141/3634/269
f 3133/3626/247 3149/3642/270 3134/3627/249
f 3127/3620/250 3141/3634/269 3142/3635/271
f 3135/3628/251 3149/3642/270 3150/3643/272
f 3127/3620/250 3143/3636/259 3128/3621/252
f 3200/3710/20 3154/3647/265 3169/3662/273
f 3147/3640/266 3163/3656/274 3148/3641/268
f 3140/3633/267 3156/3649/275 3141/3634/269
f 3148/3641/268 3164/3657/276 3149/3642/270
f 3142/3635/271 3156/3649/275 3157/3650/277
f 3150/3643/272 3164/3657/276 3165/3658/278
f 3142/3635/271 3158/3651/279 3143/3636/259
f 3150/3643/272 3166/3659/280 3151/3644/258
f 3144/3637/260 3158/3651/279 3159/3652/281
f 3152/3645/261 3166/3659/280 3167/3660/282
f 3144/3637/260 3160/3653/283 3145/3638/262
f 3152/3645/261 3168/3661/284 3153/3646/263
f 3146/3639/264 3160/3653/283 3161/3654/285
f 3154/3647/265 3168/3661/284 3169/3662/273
f 3147/3640/266 3161/3654/285 3162/3655/286
f 3140/3633/267 2974/3453/18 3155/3648/287
f 3167/3660/282 3181/3674/488 3182/3675/289
f 3159/3652/281 3175/3668/290 3160/3653/283
f 3168/3661/284 3182/3675/289 3183/3676/291
f 3161/3654/285 3175/3668/290 3176/3669/292
f 3169/3662/273 3183/3676/291 3184/3677/293
f 3162/3655/286 3176/3669/292 3177/3670/294
f 3155/3648/287 2974/3454/18 3170/3663/295
f 3200/3711/20 3169/3662/273 3184/3677/293
f 3162/3655/286 3178/3671/296 3163/3656/274
f 3155/3648/287 3171/3664/297 3156/3649/275
f 3163/3656/274 3179/3672/298 3164/3657/276
f 3156/3649/275 3172/3665/299 3157/3650/277
f 3165/3658/278 3179/3672/298 3180/3673/300
f 3157/3650/277 3173/3666/493 3158/3651/279
f 3165/3658/278 3181/3674/488 3166/3659/280
f 3159/3652/281 3173/3666/493 3174/3667/302
f 3171/3664/297 3185/3678/303 3186/3679/304
f 3178/3671/296 3194/3687/305 3179/3672/298
f 3172/3665/299 3186/3679/304 3187/3680/306
f 3180/3673/300 3194/3687/305 3195/3688/307
f 3172/3665/299 3188/3681/308 3173/3666/493
f 3180/3673/300 3196/3689/309 3181/3674/488
f 3174/3667/302 3188/3681/308 3189/3682/310
f 3182/3675/289 3196/3689/309 3197/3690/311
f 3174/3667/302 3190/3683/312 3175/3668/290
f 3182/3675/289 3198/3691/313 3183/3676/291
f 3176/3669/292 3190/3683/312 3191/3684/314
f 3183/3676/291 3199/3692/315 3184/3677/293
f 3177/3670/294 3191/3684/314 3192/3685/316
f 3170/3663/295 2974/3455/18 3185/3678/303
f 3200/3712/20 3184/3677/293 3199/3692/315
f 3177/3670/294 3193/3686/317 3178/3671/296
f 3189/3682/310 3206/3730/318 3190/3683/312
f 3197/3690/311 3214/3738/319 3198/3691/313
f 3191/3684/314 3206/3730/318 3207/3731/320
f 3199/3692/315 3214/3738/319 3215/3739/321
f 3192/3685/316 3207/3731/320 3208/3732/322
f 3185/3678/303 2974/3456/18 3201/3725/323
f 3200/3713/20 3199/3692/315 3215/3739/321
f 3192/3685/316 3209/3733/324 3193/3686/317
f 3185/3678/303 3202/3726/325 3186/3679/304
f 3193/3686/317 3210/3734/326 3194/3687/305
f 3187/3680/306 3202/3726/325 3203/3727/327
f 3195/3688/307 3210/3734/326 3211/3735/328
f 3187/3680/306 3204/3728/329 3188/3681/308
f 3195/3688/307 3212/3736/330 3196/3689/309
f 3189/3682/310 3204/3728/329 3205/3729/331
f 3197/3690/311 3212/3736/330 3213/3737/332
f 3209/3733/324 3225/3749/333 3210/3734/326
f 3203/3727/327 3217/3741/334 3218/3742/335
f 3211/3735/328 3225/3749/333 3226/3750/336
f 3203/3727/327 3219/3743/337 3204/3728/329
f 3211/3735/328 3227/3751/338 3212/3736/330
f 3205/3729/331 3219/3743/337 3220/3744/339
f 3213/3737/332 3227/3751/338 3228/3752/340
f 3205/3729/331 3221/3745/341 3206/3730/318
f 3213/3737/332 3229/3753/342 3214/3738/319
f 3207/3731/320 3221/3745/341 3222/3746/343
f 3214/3738/319 3230/3754/501 3215/3739/321
f 3208/3732/322 3222/3746/343 3223/3747/345
f 3201/3725/323 2974/3457/18 3216/3740/346
f 3200/3714/20 3215/3739/321 3230/3754/501
f 3208/3732/322 3224/3748/347 3209/3733/324
f 3202/3726/325 3216/3740/346 3217/3741/334
f 3228/3752/340 3244/3768/348 3229/3753/342
f 3222/3746/343 3236/3760/349 3237/3761/350
f 3229/3753/342 3245/3769/351 3230/3754/501
f 3223/3747/345 3237/3761/350 3238/3762/352
f 3216/3740/346 2974/3458/18 3231/3755/353
f 3200/3715/20 3230/3754/501 3245/3769/351
f 3223/3747/345 3239/3763/354 3224/3748/347
f 3216/3740/346 3232/3756/355 3217/3741/334
f 3224/3748/347 3240/3764/356 3225/3749/333
f 3218/3742/335 3232/3756/355 3233/3757/357
f 3226/3750/336 3240/3764/356 3241/3765/358
f 3218/3742/335 3234/3758/359 3219/3743/337
f 3226/3750/336 3242/3766/360 3227/3751/338
f 3220/3744/339 3234/3758/359 3235/3759/361
f 3228/3752/340 3242/3766/360 3243/3767/362
f 3220/3744/339 3236/3760/349 3221/3745/341
f 3233/3757/357 3247/3772/363 3248/3774/364
f 3241/3765/358 3255/3788/365 3256/3790/366
f 3233/3757/357 3249/3776/367 3234/3758/359
f 3241/3765/358 3257/3792/368 3242/3766/360
f 3235/3759/361 3249/3776/367 3250/3778/369
f 3243/3767/362 3257/3792/368 3258/3794/370
f 3235/3759/361 3251/3780/371 3236/3760/349
f 3243/3767/362 3259/3796/372 3244/3768/348
f 3237/3761/350 3251/3780/371 3252/3782/373
f 3245/3769/351 3259/3796/372 3260/3798/374
f 3238/3762/352 3252/3782/373 3253/3784/375
f 3231/3755/353 2974/3459/18 3246/3770/376
f 3200/3716/20 3245/3769/351 3260/3798/374
f 3238/3762/352 3254/3786/377 3239/3763/354
f 3231/3755/353 3247/3772/363 3232/3756/355
f 3239/3763/354 3255/3788/365 3240/3764/356
f 3252/3783/373 3266/3805/378 3267/3806/379
f 3260/3799/374 3274/3813/380 3275/3814/381
f 3253/3785/375 3267/3806/379 3268/3807/382
f 3246/3771/376 2974/3460/18 3261/3800/383
f 3200/3717/20 3260/3799/374 3275/3814/381
f 3253/3785/375 3269/3808/384 3254/3787/377
f 3246/3771/376 3262/3801/385 3247/3773/363
f 3254/3787/377 3270/3809/386 3255/3789/365
f 3248/3775/364 3262/3801/385 3263/3802/387
f 3256/3791/366 3270/3809/386 3271/3810/388
f 3248/3775/364 3264/3803/389 3249/3777/367
f 3256/3791/366 3272/3811/390 3257/3793/368
f 3250/3779/369 3264/3803/389 3265/3804/391
f 3258/3795/370 3272/3811/390 3273/3812/392
f 3250/3779/369 3266/3805/378 3251/3781/371
f 3258/3795/370 3274/3813/380 3259/3797/372
f 3271/3810/388 3285/3824/393 3286/3825/394
f 3263/3802/387 3279/3818/395 3264/3803/389
f 3271/3810/388 3287/3826/396 3272/3811/390
f 3265/3804/391 3279/3818/395 3280/3819/397
f 3273/3812/392 3287/3826/396 3288/3827/398
f 3265/3804/391 3281/3820/399 3266/3805/378
f 3273/3812/392 3289/3828/400 3274/3813/380
f 3267/3806/379 3281/3820/399 3282/3821/401
f 3274/3813/380 3290/3829/494 3275/3814/381
f 3268/3807/382 3282/3821/401 3283/3822/403
f 3261/3800/383 2974/3461/18 3276/3815/492
f 3200/3718/20 3275/3814/381 3290/3829/494
f 3268/3807/382 3284/3823/405 3269/3808/384
f 3262/3801/385 3276/3815/492 3277/3816/406
f 3269/3808/384 3285/3824/393 3270/3809/386
f 3263/3802/387 3277/3816/406 3278/3817/407
f 3290/3829/494 3304/3843/408 3305/3844/409
f 3283/3822/403 3297/3836/410 3298/3837/411
f 3276/3815/492 2974/3462/18 3291/3830/412
f 3200/3719/20 3290/3829/494 3305/3844/409
f 3283/3822/403 3299/3838/413 3284/3823/405
f 3276/3815/492 3292/3831/414 3277/3816/406
f 3284/3823/405 3300/3839/415 3285/3824/393
f 3278/3817/407 3292/3831/414 3293/3832/416
f 3286/3825/394 3300/3839/415 3301/3840/417
f 3278/3817/407 3294/3833/418 3279/3818/395
f 3286/3825/394 3302/3841/419 3287/3826/396
f 3280/3819/397 3294/3833/418 3295/3834/420
f 3288/3827/398 3302/3841/419 3303/3842/421
f 3280/3819/397 3296/3835/422 3281/3820/399
f 3288/3827/398 3304/3843/408 3289/3828/400
f 3282/3821/401 3296/3835/422 3297/3836/410
f 3301/3840/417 3317/3856/423 3302/3841/419
f 3295/3834/420 3309/3848/424 3310/3849/425
f 3303/3842/421 3317/3856/423 3318/3857/426
f 3295/3834/420 3311/3850/427 3296/3835/422
f 3303/3842/421 3319/3858/428 3304/3843/408
f 3297/3836/410 3311/3850/427 3312/3851/429
f 3305/3844/409 3319/3858/428 3320/3859/430
f 3298/3837/411 3312/3851/429 3313/3852/431
f 3291/3830/412 2974/3463/18 3306/3845/432
f 3200/3720/20 3305/3844/409 3320/3859/430
f 3298/3837/411 3314/3853/433 3299/3838/413
f 3291/3830/412 3307/3846/434 3292/3831/414
f 3299/3838/413 3315/3854/435 3300/3839/415
f 3293/3832/416 3307/3846/434 3308/3847/436
f 3301/3840/417 3315/3854/435 3316/3855/437
f 3293/3832/416 3309/3848/424 3294/3833/418
f 3306/3845/432 2974/3464/18 3321/3860/438
f 3200/3721/20 3320/3859/430 3335/3874/439
f 3313/3852/431 3329/3868/440 3314/3853/433
f 3306/3845/432 3322/3861/441 3307/3846/434
f 3314/3853/433 3330/3869/442 3315/3854/435
f 3307/3846/434 3323/3862/443 3308/3847/436
f 3316/3855/437 3330/3869/442 3331/3870/444
f 3308/3847/436 3324/3863/445 3309/3848/424
f 3316/3855/437 3332/3871/446 3317/3856/423
f 3310/3849/425 3324/3863/445 3325/3864/447
f 3318/3857/426 3332/3871/446 3333/3872/448
f 3310/3849/425 3326/3865/449 3311/3850/427
f 3319/3858/428 3333/3872/448 3334/3873/450
f 3312/3851/429 3326/3865/449 3327/3866/451
f 3320/3859/430 3334/3873/450 3335/3874/439
f 3313/3852/431 3327/3866/451 3328/3867/452
f 3325/3864/447 3339/3878/453 3340/3879/454
f 3333/3872/448 3347/3886/455 3348/3887/456
f 3325/3864/447 3341/3880/457 3326/3865/449
f 3333/3872/448 3349/3888/458 3334/3873/450
f 3327/3866/451 3341/3880/457 3342/3881/459
f 3334/3873/450 3350/3889/460 3335/3874/439
f 3328/3867/452 3342/3881/459 3343/3882/461
f 3321/3860/438 2974/3465/18 3336/3875/462
f 3200/3722/20 3335/3874/439 3350/3889/460
f 3328/3867/452 3344/3883/463 3329/3868/440
f 3322/3861/441 3336/3875/462 3337/3876/464
f 3329/3868/440 3345/3884/465 3330/3869/442
f 3323/3862/443 3337/3876/464 3338/3877/466
f 3331/3870/444 3345/3884/465 3346/3885/467
f 3323/3862/443 3339/3878/453 3324/3863/445
f 3331/3870/444 3347/3886/455 3332/3871/446
f 3343/3882/461 3359/3898/468 3344/3883/463
f 3336/3875/462 3352/3891/469 3337/3876/464
f 3344/3883/463 3360/3899/470 3345/3884/465
f 3337/3876/464 3353/3892/471 3338/3877/466
f 3346/3885/467 3360/3899/470 3361/3900/472
f 3338/3877/466 3354/3893/473 3339/3878/453
f 3346/3885/467 3362/3901/474 3347/3886/455
f 3340/3879/454 3354/3893/473 3355/3894/475
f 3348/3887/456 3362/3901/474 3363/3902/476
f 3340/3879/454 3356/3895/477 3341/3880/457
f 3349/3888/458 3363/3902/476 3364/3903/478
f 3342/3881/459 3356/3895/477 3357/3896/479
f 3350/3889/460 3364/3903/478 3365/3904/480
f 3343/3882/461 3357/3896/479 3358/3897/481
f 3336/3875/462 2974/3466/18 3351/3890/482
f 3200/3723/20 3350/3889/460 3365/3904/480
f 3363/3902/476 3371/3910/4 3372/3911/6
f 3356/3895/477 2894/3356/3 3369/3908/7
f 3363/3902/476 3373/3912/10 3364/3903/478
f 3357/3896/479 3369/3908/7 2895/3357/11
f 3364/3903/478 3374/3913/14 3365/3904/480
f 3358/3897/481 2895/3357/11 2896/3358/16
f 3351/3890/482 2974/3467/18 3366/3905/17
f 3200/3724/20 3365/3904/480 3374/3913/14
f 3358/3897/481 2897/3359/21 3359/3898/468
f 3352/3891/469 3366/3905/17 3367/3906/23
f 3359/3898/468 3370/3909/26 3360/3899/470
f 3353/3892/471 3367/3906/23 2893/3355/27
f 3360/3899/470 2898/3360/30 3361/3900/472
f 3354/3893/473 2893/3355/27 3368/3907/1
f 3361/3900/472 3371/3910/4 3362/3901/474
f 3355/3894/475 3368/3907/1 2894/3356/3
f 3850/4466/1 3385/3924/2 3376/3915/3
f 3853/4469/4 3393/3932/5 3854/4470/6
f 3851/4467/7 3385/3924/2 3386/3925/8
f 3854/4470/6 3394/3933/9 3855/4471/10
f 3851/4467/7 3387/3926/12 3377/3916/11
f 3855/4471/10 3395/3934/13 3856/4472/14
f 3377/3916/11 3388/3927/15 3378/3917/16
f 3848/4464/17 3456/3995/18 3381/3920/19
f 3682/4252/20 3856/4472/14 3395/3934/13
f 3378/3917/16 3389/3928/22 3379/3918/21
f 3849/4465/23 3381/3920/19 3382/3921/24
f 3852/4468/26 3389/3928/22 3390/3929/25
f 3375/3914/27 3382/3921/24 3383/3922/28
f 3852/4468/26 3391/3930/29 3380/3919/30
f 3850/4466/1 3383/3922/28 3384/3923/31
f 3853/4469/4 3391/3930/29 3392/3931/32
f 3383/3922/28 3399/3938/33 3384/3923/31
f 3392/3931/32 3406/3945/34 3407/3946/35
f 3384/3923/31 3400/3939/36 3385/3924/2
f 3393/3932/5 3407/3946/35 3408/3947/37
f 3385/3924/2 3401/3940/38 3386/3925/8
f 3394/3933/9 3408/3947/37 3409/3948/39
f 3386/3925/8 3402/3941/40 3387/3926/12
f 3394/3933/9 3410/3949/41 3395/3934/13
f 3387/3926/12 3403/3942/42 3388/3927/15
f 3381/3920/19 3456/3996/18 3396/3935/43
f 3682/4253/20 3395/3934/13 3410/3949/41
f 3389/3928/22 3403/3942/42 3404/3943/44
f 3382/3921/24 3396/3935/43 3397/3936/45
f 3390/3929/25 3404/3943/44 3405/3944/46
f 3382/3921/24 3398/3937/47 3383/3922/28
f 3391/3930/29 3405/3944/46 3406/3945/34
f 3402/3941/40 3418/3957/49 3403/3942/42
f 3396/3935/43 3456/3997/18 3411/3950/50
f 3682/4254/20 3410/3949/41 3425/3964/51
f 3404/3943/44 3418/3957/49 3419/3958/52
f 3397/3936/45 3411/3950/50 3412/3951/53
f 3404/3943/44 3420/3959/54 3405/3944/46
f 3398/3937/47 3412/3951/53 3413/3952/55
f 3405/3944/46 3421/3960/56 3406/3945/34
f 3399/3938/33 3413/3952/55 3414/3953/502
f 3406/3945/34 3422/3961/503 3407/3946/35
f 3400/3939/36 3414/3953/502 3415/3954/59
f 3407/3946/35 3423/3962/60 3408/3947/37
f 3400/3939/36 3416/3955/61 3401/3940/38
f 3408/3947/37 3424/3963/62 3409/3948/39
f 3402/3941/40 3416/3955/61 3417/3956/48
f 3409/3948/39 3425/3964/51 3410/3949/41
f 3422/3961/503 3436/3975/77 3437/3976/63
f 3414/3953/502 3430/3969/65 3415/3954/59
f 3423/3962/60 3437/3976/63 3438/3977/66
f 3415/3954/59 3431/3970/67 3416/3955/61
f 3424/3963/62 3438/3977/66 3439/3978/68
f 3417/3956/48 3431/3970/67 3432/3971/69
f 3425/3964/51 3439/3978/68 3440/3979/70
f 3418/3957/49 3432/3971/69 3433/3972/71
f 3411/3950/50 3456/3998/18 3426/3965/72
f 3682/4255/20 3425/3964/51 3440/3979/70
f 3418/3957/49 3434/3973/73 3419/3958/52
f 3411/3950/50 3427/3966/74 3412/3951/53
f 3419/3958/52 3435/3974/75 3420/3959/54
f 3412/3951/53 3428/3967/76 3413/3952/55
f 3421/3960/56 3435/3974/75 3436/3975/77
f 3413/3952/55 3429/3968/64 3414/3953/502
f 3426/3965/72 3456/3999/18 3441/3980/78
f 3682/4256/20 3440/3979/70 3455/3994/79
f 3433/3972/71 3449/3988/80 3434/3973/73
f 3426/3965/72 3442/3981/81 3427/3966/74
f 3434/3973/73 3450/3989/82 3435/3974/75
f 3427/3966/74 3443/3982/83 3428/3967/76
f 3436/3975/77 3450/3989/82 3451/3990/84
f 3428/3967/76 3444/3983/85 3429/3968/64
f 3436/3975/77 3452/3991/86 3437/3976/63
f 3430/3969/65 3444/3983/85 3445/3984/87
f 3438/3977/66 3452/3991/86 3453/3992/88
f 3430/3969/65 3446/3985/89 3431/3970/67
f 3438/3977/66 3454/3993/90 3439/3978/68
f 3432/3971/69 3446/3985/89 3447/3986/91
f 3440/3979/70 3454/3993/90 3455/3994/79
f 3433/3972/71 3447/3986/91 3448/3987/92
f 3445/3984/87 3460/4030/93 3461/4031/94
f 3453/3992/88 3468/4038/95 3469/4039/96
f 3445/3984/87 3462/4032/97 3446/3985/89
f 3453/3992/88 3470/4040/98 3454/3993/90
f 3447/3986/91 3462/4032/97 3463/4033/99
f 3454/3993/90 3471/4041/100 3455/3994/79
f 3447/3986/91 3464/4034/101 3448/3987/92
f 3441/3980/78 3456/4000/18 3457/4027/484
f 3682/4257/20 3455/3994/79 3471/4041/100
f 3449/3988/80 3464/4034/101 3465/4035/103
f 3442/3981/81 3457/4027/484 3458/4028/104
f 3449/3988/80 3466/4036/105 3450/3989/82
f 3443/3982/83 3458/4028/104 3459/4029/106
f 3451/3990/84 3466/4036/105 3467/4037/107
f 3443/3982/83 3460/4030/93 3444/3983/85
f 3451/3990/84 3468/4038/95 3452/3991/86
f 3464/4034/101 3480/4050/108 3465/4035/103
f 3457/4027/484 3473/4043/109 3458/4028/104
f 3465/4035/103 3481/4051/110 3466/4036/105
f 3459/4029/106 3473/4043/109 3474/4044/111
f 3466/4036/105 3482/4052/112 3467/4037/107
f 3459/4029/106 3475/4045/113 3460/4030/93
f 3468/4038/95 3482/4052/112 3483/4053/114
f 3460/4030/93 3476/4046/115 3461/4031/94
f 3469/4039/96 3483/4053/114 3484/4054/116
f 3462/4032/97 3476/4046/115 3477/4047/117
f 3469/4039/96 3485/4055/118 3470/4040/98
f 3462/4032/97 3478/4048/119 3463/4033/99
f 3471/4041/100 3485/4055/118 3486/4056/120
f 3464/4034/101 3478/4048/119 3479/4049/121
f 3457/4027/484 3456/4001/18 3472/4042/122
f 3682/4258/20 3471/4041/100 3486/4056/120
f 3484/4054/116 3498/4068/123 3499/4069/124
f 3477/4047/117 3491/4061/137 3492/4062/125
f 3484/4054/116 3500/4070/126 3485/4055/118
f 3478/4048/119 3492/4062/125 3493/4063/127
f 3486/4056/120 3500/4070/126 3501/4071/128
f 3479/4049/121 3493/4063/127 3494/4064/129
f 3472/4042/122 3456/4002/18 3487/4057/130
f 3682/4259/20 3486/4056/120 3501/4071/128
f 3479/4049/121 3495/4065/131 3480/4050/108
f 3472/4042/122 3488/4058/132 3473/4043/109
f 3480/4050/108 3496/4066/133 3481/4051/110
f 3474/4044/111 3488/4058/132 3489/4059/134
f 3481/4051/110 3497/4067/135 3482/4052/112
f 3474/4044/111 3490/4060/136 3475/4045/113
f 3483/4053/114 3497/4067/135 3498/4068/123
f 3475/4045/113 3491/4061/137 3476/4046/115
f 3495/4065/131 3511/4081/138 3496/4066/133
f 3489/4059/134 3503/4073/139 3504/4074/140
f 3497/4067/135 3511/4081/138 3512/4082/141
f 3489/4059/134 3505/4075/142 3490/4060/136
f 3498/4068/123 3512/4082/141 3513/4083/143
f 3490/4060/136 3506/4076/144 3491/4061/137
f 3499/4069/124 3513/4083/143 3514/4084/145
f 3491/4061/137 3507/4077/146 3492/4062/125
f 3499/4069/124 3515/4085/147 3500/4070/126
f 3493/4063/127 3507/4077/146 3508/4078/148
f 3500/4070/126 3516/4086/149 3501/4071/128
f 3494/4064/129 3508/4078/148 3509/4079/150
f 3487/4057/130 3456/4003/18 3502/4072/151
f 3682/4260/20 3501/4071/128 3516/4086/149
f 3494/4064/129 3510/4080/152 3495/4065/131
f 3488/4058/132 3502/4072/151 3503/4073/139
f 3515/4085/147 3529/4099/153 3530/4100/154
f 3508/4078/148 3522/4092/155 3523/4093/156
f 3515/4085/147 3531/4101/485 3516/4086/149
f 3509/4079/150 3523/4093/156 3524/4094/158
f 3502/4072/151 3456/4004/18 3517/4087/159
f 3682/4261/20 3516/4086/149 3531/4101/485
f 3509/4079/150 3525/4095/160 3510/4080/152
f 3503/4073/139 3517/4087/159 3518/4088/161
f 3510/4080/152 3526/4096/162 3511/4081/138
f 3503/4073/139 3519/4089/163 3504/4074/140
f 3512/4082/141 3526/4096/162 3527/4097/164
f 3504/4074/140 3520/4090/165 3505/4075/142
f 3512/4082/141 3528/4098/166 3513/4083/143
f 3506/4076/144 3520/4090/165 3521/4091/167
f 3514/4084/145 3528/4098/166 3529/4099/153
f 3506/4076/144 3522/4092/155 3507/4077/146
f 3518/4088/161 3534/4104/169 3519/4089/163
f 3527/4097/164 3541/4111/170 3542/4112/171
f 3519/4089/163 3535/4105/172 3520/4090/165
f 3527/4097/164 3543/4113/173 3528/4098/166
f 3521/4091/167 3535/4105/172 3536/4106/174
f 3529/4099/153 3543/4113/173 3544/4114/175
f 3521/4091/167 3537/4107/176 3522/4092/155
f 3530/4100/154 3544/4114/175 3545/4115/177
f 3523/4093/156 3537/4107/176 3538/4108/178
f 3531/4101/485 3545/4115/177 3546/4116/179
f 3524/4094/158 3538/4108/178 3539/4109/180
f 3517/4087/159 3456/4005/18 3532/4102/181
f 3682/4262/20 3531/4101/485 3546/4116/179
f 3524/4094/158 3540/4110/182 3525/4095/160
f 3517/4087/159 3533/4103/168 3518/4088/161
f 3525/4095/160 3541/4111/170 3526/4096/162
f 3538/4108/178 3552/4122/183 3553/4123/184
f 3546/4116/179 3560/4130/197 3561/4131/185
f 3539/4109/180 3553/4123/184 3554/4124/186
f 3532/4102/181 3456/4006/18 3547/4117/187
f 3682/4263/20 3546/4116/179 3561/4131/185
f 3539/4109/180 3555/4125/188 3540/4110/182
f 3532/4102/181 3548/4118/189 3533/4103/168
f 3540/4110/182 3556/4126/190 3541/4111/170
f 3534/4104/169 3548/4118/189 3549/4119/191
f 3542/4112/171 3556/4126/190 3557/4127/192
f 3535/4105/172 3549/4119/191 3550/4120/193
f 3543/4113/173 3557/4127/192 3558/4128/194
f 3535/4105/172 3551/4121/195 3536/4106/174
f 3543/4113/173 3559/4129/196 3544/4114/175
f 3536/4106/174 3552/4122/183 3537/4107/176
f 3544/4114/175 3560/4130/197 3545/4115/177
f 3557/4127/192 3571/4141/198 3572/4142/199
f 3549/4119/191 3565/4135/200 3550/4120/193
f 3558/4128/194 3572/4142/199 3573/4143/487
f 3550/4120/193 3566/4136/202 3551/4121/195
f 3559/4129/196 3573/4143/487 3574/4144/203
f 3551/4121/195 3567/4137/204 3552/4122/183
f 3559/4129/196 3575/4145/205 3560/4130/197
f 3553/4123/184 3567/4137/204 3568/4138/206
f 3560/4130/197 3576/4146/207 3561/4131/185
f 3554/4124/186 3568/4138/206 3569/4139/208
f 3547/4117/187 3456/4007/18 3562/4132/209
f 3682/4264/20 3561/4131/185 3576/4146/207
f 3554/4124/186 3570/4140/210 3555/4125/188
f 3548/4118/189 3562/4132/209 3563/4133/211
f 3555/4125/188 3571/4141/198 3556/4126/190
f 3548/4118/189 3564/4134/212 3549/4119/191
f 3576/4146/207 3590/4160/213 3591/4161/214
f 3569/4139/208 3583/4153/215 3584/4154/216
f 3562/4132/209 3456/4008/18 3577/4147/217
f 3682/4265/20 3576/4146/207 3591/4161/214
f 3569/4139/208 3585/4155/218 3570/4140/210
f 3562/4132/209 3578/4148/219 3563/4133/211
f 3570/4140/210 3586/4156/220 3571/4141/198
f 3564/4134/212 3578/4148/219 3579/4149/221
f 3572/4142/199 3586/4156/220 3587/4157/222
f 3565/4135/200 3579/4149/221 3580/4150/223
f 3572/4142/199 3588/4158/224 3573/4143/487
f 3566/4136/202 3580/4150/223 3581/4151/225
f 3573/4143/487 3589/4159/226 3574/4144/203
f 3566/4136/202 3582/4152/227 3567/4137/204
f 3574/4144/203 3590/4160/213 3575/4145/205
f 3568/4138/206 3582/4152/227 3583/4153/215
f 3579/4149/221 3595/4165/228 3580/4150/223
f 3587/4157/222 3603/4173/229 3588/4158/224
f 3581/4151/225 3595/4165/228 3596/4166/230
f 3589/4159/226 3603/4173/229 3604/4174/231
f 3581/4151/225 3597/4167/232 3582/4152/227
f 3589/4159/226 3605/4175/233 3590/4160/213
f 3583/4153/215 3597/4167/232 3598/4168/234
f 3590/4160/213 3606/4176/235 3591/4161/214
f 3584/4154/216 3598/4168/234 3599/4169/236
f 3577/4147/217 3456/4009/18 3592/4162/237
f 3682/4266/20 3591/4161/214 3606/4176/235
f 3584/4154/216 3600/4170/238 3585/4155/218
f 3578/4148/219 3592/4162/237 3593/4163/239
f 3585/4155/218 3601/4171/240 3586/4156/220
f 3578/4148/219 3594/4164/241 3579/4149/221
f 3587/4157/222 3601/4171/240 3602/4172/242
f 3599/4169/236 3613/4183/243 3614/4184/244
f 3592/4162/237 3456/4010/18 3607/4177/245
f 3682/4267/20 3606/4176/235 3621/4191/246
f 3599/4169/236 3615/4185/247 3600/4170/238
f 3592/4162/237 3608/4178/248 3593/4163/239
f 3600/4170/238 3616/4186/249 3601/4171/240
f 3593/4163/239 3609/4179/250 3594/4164/241
f 3602/4172/242 3616/4186/249 3617/4187/251
f 3594/4164/241 3610/4180/252 3595/4165/228
f 3602/4172/242 3618/4188/253 3603/4173/229
f 3596/4166/230 3610/4180/252 3611/4181/254
f 3604/4174/231 3618/4188/253 3619/4189/255
f 3596/4166/230 3612/4182/256 3597/4167/232
f 3605/4175/233 3619/4189/255 3620/4190/257
f 3598/4168/234 3612/4182/256 3613/4183/243
f 3606/4176/235 3620/4190/257 3621/4191/246
f 3617/4187/251 3633/4203/258 3618/4188/253
f 3611/4181/254 3625/4195/259 3626/4196/260
f 3619/4189/255 3633/4203/258 3634/4204/261
f 3611/4181/254 3627/4197/262 3612/4182/256
f 3619/4189/255 3635/4205/263 3620/4190/257
f 3613/4183/243 3627/4197/262 3628/4198/264
f 3620/4190/257 3636/4206/265 3621/4191/246
f 3614/4184/244 3628/4198/264 3629/4199/266
f 3607/4177/245 3456/4011/18 3622/4192/267
f 3682/4268/20 3621/4191/246 3636/4206/265
f 3614/4184/244 3630/4200/268 3615/4185/247
f 3608/4178/248 3622/4192/267 3623/4193/269
f 3615/4185/247 3631/4201/270 3616/4186/249
f 3609/4179/250 3623/4193/269 3624/4194/271
f 3617/4187/251 3631/4201/270 3632/4202/272
f 3609/4179/250 3625/4195/259 3610/4180/252
f 3682/4269/20 3636/4206/265 3651/4221/273
f 3629/4199/266 3645/4215/274 3630/4200/268
f 3623/4193/269 3637/4207/287 3638/4208/275
f 3630/4200/268 3646/4216/276 3631/4201/270
f 3624/4194/271 3638/4208/275 3639/4209/277
f 3632/4202/272 3646/4216/276 3647/4217/278
f 3624/4194/271 3640/4210/279 3625/4195/259
f 3632/4202/272 3648/4218/280 3633/4203/258
f 3625/4195/259 3641/4211/281 3626/4196/260
f 3634/4204/261 3648/4218/280 3649/4219/282
f 3626/4196/260 3642/4212/283 3627/4197/262
f 3634/4204/261 3650/4220/284 3635/4205/263
f 3628/4198/264 3642/4212/283 3643/4213/285
f 3635/4205/263 3651/4221/273 3636/4206/265
f 3629/4199/266 3643/4213/285 3644/4214/286
f 3622/4192/267 3456/4012/18 3637/4207/287
f 3649/4219/282 3663/4233/488 3664/4234/289
f 3641/4211/281 3657/4227/290 3642/4212/283
f 3649/4219/282 3665/4235/291 3650/4220/284
f 3643/4213/285 3657/4227/290 3658/4228/292
f 3650/4220/284 3666/4236/293 3651/4221/273
f 3644/4214/286 3658/4228/292 3659/4229/294
f 3637/4207/287 3456/4013/18 3652/4222/295
f 3682/4270/20 3651/4221/273 3666/4236/293
f 3644/4214/286 3660/4230/296 3645/4215/274
f 3638/4208/275 3652/4222/295 3653/4223/297
f 3645/4215/274 3661/4231/298 3646/4216/276
f 3638/4208/275 3654/4224/299 3639/4209/277
f 3647/4217/278 3661/4231/298 3662/4232/300
f 3639/4209/277 3655/4225/493 3640/4210/279
f 3648/4218/280 3662/4232/300 3663/4233/488
f 3640/4210/279 3656/4226/302 3641/4211/281
f 3652/4222/295 3668/4238/304 3653/4223/297
f 3660/4230/296 3676/4246/305 3661/4231/298
f 3654/4224/299 3668/4238/304 3669/4239/306
f 3662/4232/300 3676/4246/305 3677/4247/307
f 3654/4224/299 3670/4240/308 3655/4225/493
f 3662/4232/300 3678/4248/309 3663/4233/488
f 3656/4226/302 3670/4240/308 3671/4241/310
f 3664/4234/289 3678/4248/309 3679/4249/311
f 3656/4226/302 3672/4242/312 3657/4227/290
f 3664/4234/289 3680/4250/313 3665/4235/291
f 3658/4228/292 3672/4242/312 3673/4243/314
f 3666/4236/293 3680/4250/313 3681/4251/315
f 3659/4229/294 3673/4243/314 3674/4244/316
f 3652/4222/295 3456/4014/18 3667/4237/303
f 3682/4271/20 3666/4236/293 3681/4251/315
f 3659/4229/294 3675/4245/317 3660/4230/296
f 3671/4241/310 3688/4289/318 3672/4242/312
f 3679/4249/311 3696/4297/319 3680/4250/313
f 3673/4243/314 3688/4289/318 3689/4290/320
f 3680/4250/313 3697/4298/321 3681/4251/315
f 3674/4244/316 3689/4290/320 3690/4291/322
f 3667/4237/303 3456/4015/18 3683/4284/323
f 3682/4272/20 3681/4251/315 3697/4298/321
f 3674/4244/316 3691/4292/324 3675/4245/317
f 3668/4238/304 3683/4284/323 3684/4285/325
f 3675/4245/317 3692/4293/326 3676/4246/305
f 3669/4239/306 3684/4285/325 3685/4286/327
f 3677/4247/307 3692/4293/326 3693/4294/328
f 3669/4239/306 3686/4287/329 3670/4240/308
f 3677/4247/307 3694/4295/330 3678/4248/309
f 3671/4241/310 3686/4287/329 3687/4288/331
f 3679/4249/311 3694/4295/330 3695/4296/332
f 3691/4292/324 3707/4308/333 3692/4293/326
f 3685/4286/327 3699/4300/334 3700/4301/335
f 3693/4294/328 3707/4308/333 3708/4309/336
f 3685/4286/327 3701/4302/337 3686/4287/329
f 3693/4294/328 3709/4310/338 3694/4295/330
f 3687/4288/331 3701/4302/337 3702/4303/339
f 3695/4296/332 3709/4310/338 3710/4311/340
f 3687/4288/331 3703/4304/341 3688/4289/318
f 3695/4296/332 3711/4312/342 3696/4297/319
f 3689/4290/320 3703/4304/341 3704/4305/343
f 3697/4298/321 3711/4312/342 3712/4313/344
f 3690/4291/322 3704/4305/343 3705/4306/345
f 3683/4284/323 3456/4016/18 3698/4299/346
f 3682/4273/20 3697/4298/321 3712/4313/344
f 3690/4291/322 3706/4307/347 3691/4292/324
f 3683/4284/323 3699/4300/334 3684/4285/325
f 3710/4311/340 3726/4327/348 3711/4312/342
f 3704/4305/343 3718/4319/349 3719/4320/350
f 3711/4312/342 3727/4328/351 3712/4313/344
f 3705/4306/345 3719/4320/350 3720/4321/352
f 3698/4299/346 3456/4017/18 3713/4314/353
f 3682/4274/20 3712/4313/344 3727/4328/351
f 3705/4306/345 3721/4322/354 3706/4307/347
f 3698/4299/346 3714/4315/355 3699/4300/334
f 3706/4307/347 3722/4323/356 3707/4308/333
f 3700/4301/335 3714/4315/355 3715/4316/357
f 3708/4309/336 3722/4323/356 3723/4324/358
f 3700/4301/335 3716/4317/359 3701/4302/337
f 3708/4309/336 3724/4325/360 3709/4310/338
f 3702/4303/339 3716/4317/359 3717/4318/361
f 3710/4311/340 3724/4325/360 3725/4326/362
f 3702/4303/339 3718/4319/349 3703/4304/341
f 3715/4316/357 3729/4331/363 3730/4333/364
f 3723/4324/358 3737/4347/365 3738/4349/366
f 3715/4316/357 3731/4335/367 3716/4317/359
f 3723/4324/358 3739/4351/368 3724/4325/360
f 3717/4318/361 3731/4335/367 3732/4337/369
f 3725/4326/362 3739/4351/368 3740/4353/370
f 3717/4318/361 3733/4339/371 3718/4319/349
f 3725/4326/362 3741/4355/372 3726/4327/348
f 3719/4320/350 3733/4339/371 3734/4341/373
f 3726/4327/348 3742/4358/374 3727/4328/351
f 3720/4321/352 3734/4341/373 3735/4343/375
f 3713/4314/353 3456/4018/18 3728/4329/376
f 3682/4275/20 3727/4328/351 3742/4358/374
f 3720/4321/352 3736/4345/377 3721/4322/354
f 3714/4315/355 3728/4329/376 3729/4331/363
f 3721/4322/354 3737/4347/365 3722/4323/356
f 3734/4342/373 3748/4364/378 3749/4365/379
f 3741/4356/372 3757/4373/381 3742/4357/374
f 3735/4344/375 3749/4365/379 3750/4366/382
f 3728/4330/376 3456/4019/18 3743/4359/383
f 3682/4276/20 3742/4357/374 3757/4373/381
f 3735/4344/375 3751/4367/384 3736/4346/377
f 3729/4332/363 3743/4359/383 3744/4360/385
f 3736/4346/377 3752/4368/386 3737/4348/365
f 3730/4334/364 3744/4360/385 3745/4361/387
f 3738/4350/366 3752/4368/386 3753/4369/388
f 3730/4334/364 3746/4362/389 3731/4336/367
f 3738/4350/366 3754/4370/390 3739/4352/368
f 3732/4338/369 3746/4362/389 3747/4363/391
f 3740/4354/370 3754/4370/390 3755/4371/392
f 3732/4338/369 3748/4364/378 3733/4340/371
f 3740/4354/370 3756/4372/380 3741/4356/372
f 3753/4369/388 3767/4383/393 3768/4384/394
f 3745/4361/387 3761/4377/395 3746/4362/389
f 3753/4369/388 3769/4385/396 3754/4370/390
f 3747/4363/391 3761/4377/395 3762/4378/397
f 3755/4371/392 3769/4385/396 3770/4386/398
f 3747/4363/391 3763/4379/399 3748/4364/378
f 3756/4372/380 3770/4386/398 3771/4387/400
f 3749/4365/379 3763/4379/399 3764/4380/401
f 3756/4372/380 3772/4388/402 3757/4373/381
f 3750/4366/382 3764/4380/401 3765/4381/403
f 3743/4359/383 3456/4020/18 3758/4374/492
f 3682/4277/20 3757/4373/381 3772/4388/402
f 3750/4366/382 3766/4382/405 3751/4367/384
f 3744/4360/385 3758/4374/492 3759/4375/406
f 3751/4367/384 3767/4383/393 3752/4368/386
f 3744/4360/385 3760/4376/407 3745/4361/387
f 3772/4388/402 3786/4402/408 3787/4403/409
f 3765/4381/403 3779/4395/410 3780/4396/411
f 3758/4374/492 3456/4021/18 3773/4389/412
f 3682/4278/20 3772/4388/402 3787/4403/409
f 3765/4381/403 3781/4397/413 3766/4382/405
f 3758/4374/492 3774/4390/414 3759/4375/406
f 3766/4382/405 3782/4398/415 3767/4383/393
f 3759/4375/406 3775/4391/416 3760/4376/407
f 3768/4384/394 3782/4398/415 3783/4399/417
f 3760/4376/407 3776/4392/418 3761/4377/395
f 3768/4384/394 3784/4400/419 3769/4385/396
f 3762/4378/397 3776/4392/418 3777/4393/420
f 3770/4386/398 3784/4400/419 3785/4401/421
f 3762/4378/397 3778/4394/422 3763/4379/399
f 3771/4387/400 3785/4401/421 3786/4402/408
f 3764/4380/401 3778/4394/422 3779/4395/410
f 3783/4399/417 3799/4415/423 3784/4400/419
f 3777/4393/420 3791/4407/424 3792/4408/425
f 3785/4401/421 3799/4415/423 3800/4416/426
f 3777/4393/420 3793/4409/427 3778/4394/422
f 3785/4401/421 3801/4417/428 3786/4402/408
f 3779/4395/410 3793/4409/427 3794/4410/429
f 3787/4403/409 3801/4417/428 3802/4418/430
f 3780/4396/411 3794/4410/429 3795/4411/431
f 3773/4389/412 3456/4022/18 3788/4404/432
f 3682/4279/20 3787/4403/409 3802/4418/430
f 3780/4396/411 3796/4412/433 3781/4397/413
f 3773/4389/412 3789/4405/434 3774/4390/414
f 3781/4397/413 3797/4413/435 3782/4398/415
f 3775/4391/416 3789/4405/434 3790/4406/436
f 3783/4399/417 3797/4413/435 3798/4414/437
f 3775/4391/416 3791/4407/424 3776/4392/418
f 3788/4404/432 3456/4023/18 3803/4419/438
f 3682/4280/20 3802/4418/430 3817/4433/439
f 3795/4411/431 3811/4427/440 3796/4412/433
f 3789/4405/434 3803/4419/438 3804/4420/441
f 3796/4412/433 3812/4428/442 3797/4413/435
f 3790/4406/436 3804/4420/441 3805/4421/443
f 3798/4414/437 3812/4428/442 3813/4429/444
f 3790/4406/436 3806/4422/445 3791/4407/424
f 3798/4414/437 3814/4430/446 3799/4415/423
f 3792/4408/425 3806/4422/445 3807/4423/447
f 3800/4416/426 3814/4430/446 3815/4431/448
f 3792/4408/425 3808/4424/449 3793/4409/427
f 3800/4416/426 3816/4432/450 3801/4417/428
f 3794/4410/429 3808/4424/449 3809/4425/451
f 3801/4417/428 3817/4433/439 3802/4418/430
f 3795/4411/431 3809/4425/451 3810/4426/452
f 3807/4423/447 3821/4437/453 3822/4438/454
f 3815/4431/448 3829/4445/455 3830/4446/456
f 3807/4423/447 3823/4439/457 3808/4424/449
f 3816/4432/450 3830/4446/456 3831/4447/458
f 3809/4425/451 3823/4439/457 3824/4440/459
f 3816/4432/450 3832/4448/460 3817/4433/439
f 3810/4426/452 3824/4440/459 3825/4441/461
f 3803/4419/438 3456/4024/18 3818/4434/462
f 3682/4281/20 3817/4433/439 3832/4448/460
f 3810/4426/452 3826/4442/463 3811/4427/440
f 3804/4420/441 3818/4434/462 3819/4435/464
f 3811/4427/440 3827/4443/465 3812/4428/442
f 3804/4420/441 3820/4436/466 3805/4421/443
f 3813/4429/444 3827/4443/465 3828/4444/467
f 3805/4421/443 3821/4437/453 3806/4422/445
f 3813/4429/444 3829/4445/455 3814/4430/446
f 3825/4441/461 3841/4457/468 3826/4442/463
f 3818/4434/462 3834/4450/469 3819/4435/464
f 3826/4442/463 3842/4458/470 3827/4443/465
f 3819/4435/464 3835/4451/471 3820/4436/466
f 3828/4444/467 3842/4458/470 3843/4459/472
f 3820/4436/466 3836/4452/473 3821/4437/453
f 3828/4444/467 3844/4460/474 3829/4445/455
f 3822/4438/454 3836/4452/473 3837/4453/475
f 3830/4446/456 3844/4460/474 3845/4461/476
f 3822/4438/454 3838/4454/477 3823/4439/457
f 3831/4447/458 3845/4461/476 3846/4462/478
f 3824/4440/459 3838/4454/477 3839/4455/479
f 3832/4448/460 3846/4462/478 3847/4463/480
f 3825/4441/461 3839/4455/479 3840/4456/481
f 3818/4434/462 3456/4025/18 3833/4449/482
f 3682/4282/20 3832/4448/460 3847/4463/480
f 3845/4461/476 3853/4469/4 3854/4470/6
f 3838/4454/477 3376/3915/3 3851/4467/7
f 3845/4461/476 3855/4471/10 3846/4462/478
f 3839/4455/479 3851/4467/7 3377/3916/11
f 3846/4462/478 3856/4472/14 3847/4463/480
f 3840/4456/481 3377/3916/11 3378/3917/16
f 3833/4449/482 3456/4026/18 3848/4464/17
f 3682/4283/20 3847/4463/480 3856/4472/14
f 3840/4456/481 3379/3918/21 3841/4457/468
f 3834/4450/469 3848/4464/17 3849/4465/23
f 3841/4457/468 3852/4468/26 3842/4458/470
f 3835/4451/471 3849/4465/23 3375/3914/27
f 3842/4458/470 3380/3919/30 3843/4459/472
f 3836/4452/473 3375/3914/27 3850/4466/1
f 3843/4459/472 3853/4469/4 3844/4460/474
f 3837/4453/475 3850/4466/1 3376/3915/3
f 4332/5025/1 3867/4483/2 3858/4474/3
f 4335/5028/4 3875/4491/5 4336/5029/6
f 4333/5026/7 3867/4483/2 3868/4484/8
f 4336/5029/6 3876/4492/9 4337/5030/10
f 4333/5026/7 3869/4485/12 3859/4475/11
f 4337/5030/10 3877/4493/13 4338/5031/14
f 3859/4475/11 3870/4486/15 3860/4476/16
f 4330/5023/17 3938/4554/18 3863/4479/19
f 4164/4811/20 4338/5031/14 3877/4493/13
f 3860/4476/16 3871/4487/22 3861/4477/21
f 4331/5024/23 3863/4479/19 3864/4480/24
f 4334/5027/26 3871/4487/22 3872/4488/25
f 3857/4473/27 3864/4480/24 3865/4481/28
f 4334/5027/26 3873/4489/29 3862/4478/30
f 4332/5025/1 3865/4481/28 3866/4482/31
f 3862/4478/30 3874/4490/32 4335/5028/4
f 3865/4481/28 3881/4497/33 3866/4482/31
f 3874/4490/32 3888/4504/34 3889/4505/35
f 3866/4482/31 3882/4498/36 3867/4483/2
f 3875/4491/5 3889/4505/35 3890/4506/37
f 3867/4483/2 3883/4499/38 3868/4484/8
f 3876/4492/9 3890/4506/37 3891/4507/39
f 3868/4484/8 3884/4500/40 3869/4485/12
f 3876/4492/9 3892/4508/41 3877/4493/13
f 3869/4485/12 3885/4501/42 3870/4486/15
f 3863/4479/19 3938/4555/18 3878/4494/43
f 4164/4812/20 3877/4493/13 3892/4508/41
f 3871/4487/22 3885/4501/42 3886/4502/44
f 3864/4480/24 3878/4494/43 3879/4495/45
f 3872/4488/25 3886/4502/44 3887/4503/46
f 3864/4480/24 3880/4496/47 3865/4481/28
f 3873/4489/29 3887/4503/46 3888/4504/34
f 3884/4500/40 3900/4516/49 3885/4501/42
f 3878/4494/43 3938/4556/18 3893/4509/50
f 4164/4813/20 3892/4508/41 3907/4523/51
f 3886/4502/44 3900/4516/49 3901/4517/52
f 3879/4495/45 3893/4509/50 3894/4510/53
f 3886/4502/44 3902/4518/54 3887/4503/46
f 3880/4496/47 3894/4510/53 3895/4511/55
f 3887/4503/46 3903/4519/56 3888/4504/34
f 3881/4497/33 3895/4511/55 3896/4512/502
f 3888/4504/34 3904/4520/58 3889/4505/35
f 3882/4498/36 3896/4512/502 3897/4513/59
f 3889/4505/35 3905/4521/60 3890/4506/37
f 3882/4498/36 3898/4514/61 3883/4499/38
f 3890/4506/37 3906/4522/62 3891/4507/39
f 3884/4500/40 3898/4514/61 3899/4515/48
f 3891/4507/39 3907/4523/51 3892/4508/41
f 3904/4520/58 3918/4534/77 3919/4535/63
f 3896/4512/502 3912/4528/65 3897/4513/59
f 3905/4521/60 3919/4535/63 3920/4536/66
f 3897/4513/59 3913/4529/67 3898/4514/61
f 3906/4522/62 3920/4536/66 3921/4537/68
f 3899/4515/48 3913/4529/67 3914/4530/69
f 3907/4523/51 3921/4537/68 3922/4538/70
f 3900/4516/49 3914/4530/69 3915/4531/71
f 3893/4509/50 3938/4557/18 3908/4524/72
f 4164/4814/20 3907/4523/51 3922/4538/70
f 3900/4516/49 3916/4532/73 3901/4517/52
f 3893/4509/50 3909/4525/74 3894/4510/53
f 3901/4517/52 3917/4533/75 3902/4518/54
f 3894/4510/53 3910/4526/76 3895/4511/55
f 3903/4519/56 3917/4533/75 3918/4534/77
f 3895/4511/55 3911/4527/64 3896/4512/502
f 3908/4524/72 3938/4558/18 3923/4539/78
f 4164/4815/20 3922/4538/70 3937/4553/79
f 3915/4531/71 3931/4547/80 3916/4532/73
f 3908/4524/72 3924/4540/81 3909/4525/74
f 3916/4532/73 3932/4548/82 3917/4533/75
f 3909/4525/74 3925/4541/83 3910/4526/76
f 3918/4534/77 3932/4548/82 3933/4549/84
f 3910/4526/76 3926/4542/85 3911/4527/64
f 3918/4534/77 3934/4550/86 3919/4535/63
f 3912/4528/65 3926/4542/85 3927/4543/87
f 3920/4536/66 3934/4550/86 3935/4551/88
f 3912/4528/65 3928/4544/89 3913/4529/67
f 3920/4536/66 3936/4552/90 3921/4537/68
f 3914/4530/69 3928/4544/89 3929/4545/91
f 3922/4538/70 3936/4552/90 3937/4553/79
f 3915/4531/71 3929/4545/91 3930/4546/92
f 3927/4543/87 3942/4589/93 3943/4590/94
f 3935/4551/88 3950/4597/95 3951/4598/96
f 3927/4543/87 3944/4591/97 3928/4544/89
f 3935/4551/88 3952/4599/98 3936/4552/90
f 3929/4545/91 3944/4591/97 3945/4592/99
f 3936/4552/90 3953/4600/100 3937/4553/79
f 3929/4545/91 3946/4593/101 3930/4546/92
f 3923/4539/78 3938/4559/18 3939/4586/102
f 4164/4816/20 3937/4553/79 3953/4600/100
f 3931/4547/80 3946/4593/101 3947/4594/103
f 3924/4540/81 3939/4586/102 3940/4587/104
f 3931/4547/80 3948/4595/105 3932/4548/82
f 3925/4541/83 3940/4587/104 3941/4588/106
f 3933/4549/84 3948/4595/105 3949/4596/107
f 3925/4541/83 3942/4589/93 3926/4542/85
f 3933/4549/84 3950/4597/95 3934/4550/86
f 3946/4593/101 3962/4609/108 3947/4594/103
f 3939/4586/102 3955/4602/109 3940/4587/104
f 3947/4594/103 3963/4610/110 3948/4595/105
f 3941/4588/106 3955/4602/109 3956/4603/111
f 3948/4595/105 3964/4611/112 3949/4596/107
f 3941/4588/106 3957/4604/113 3942/4589/93
f 3950/4597/95 3964/4611/112 3965/4612/114
f 3942/4589/93 3958/4605/115 3943/4590/94
f 3951/4598/96 3965/4612/114 3966/4613/116
f 3944/4591/97 3958/4605/115 3959/4606/117
f 3951/4598/96 3967/4614/118 3952/4599/98
f 3944/4591/97 3960/4607/119 3945/4592/99
f 3953/4600/100 3967/4614/118 3968/4615/120
f 3946/4593/101 3960/4607/119 3961/4608/121
f 3939/4586/102 3938/4560/18 3954/4601/122
f 4164/4817/20 3953/4600/100 3968/4615/120
f 3966/4613/116 3980/4627/123 3981/4628/124
f 3959/4606/117 3973/4620/137 3974/4621/125
f 3966/4613/116 3982/4629/126 3967/4614/118
f 3960/4607/119 3974/4621/125 3975/4622/127
f 3968/4615/120 3982/4629/126 3983/4630/128
f 3961/4608/121 3975/4622/127 3976/4623/129
f 3954/4601/122 3938/4561/18 3969/4616/130
f 4164/4818/20 3968/4615/120 3983/4630/128
f 3961/4608/121 3977/4624/131 3962/4609/108
f 3954/4601/122 3970/4617/132 3955/4602/109
f 3962/4609/108 3978/4625/133 3963/4610/110
f 3956/4603/111 3970/4617/132 3971/4618/134
f 3963/4610/110 3979/4626/135 3964/4611/112
f 3956/4603/111 3972/4619/136 3957/4604/113
f 3965/4612/114 3979/4626/135 3980/4627/123
f 3957/4604/113 3973/4620/137 3958/4605/115
f 3977/4624/131 3993/4640/138 3978/4625/133
f 3971/4618/134 3985/4632/139 3986/4633/140
f 3979/4626/135 3993/4640/138 3994/4641/141
f 3971/4618/134 3987/4634/142 3972/4619/136
f 3980/4627/123 3994/4641/141 3995/4642/143
f 3972/4619/136 3988/4635/144 3973/4620/137
f 3981/4628/124 3995/4642/143 3996/4643/145
f 3973/4620/137 3989/4636/146 3974/4621/125
f 3981/4628/124 3997/4644/147 3982/4629/126
f 3975/4622/127 3989/4636/146 3990/4637/148
f 3982/4629/126 3998/4645/149 3983/4630/128
f 3976/4623/129 3990/4637/148 3991/4638/150
f 3969/4616/130 3938/4562/18 3984/4631/151
f 4164/4819/20 3983/4630/128 3998/4645/149
f 3976/4623/129 3992/4639/152 3977/4624/131
f 3970/4617/132 3984/4631/151 3985/4632/139
f 3997/4644/147 4011/4658/153 4012/4659/154
f 3990/4637/148 4004/4651/155 4005/4652/156
f 3997/4644/147 4013/4660/485 3998/4645/149
f 3991/4638/150 4005/4652/156 4006/4653/158
f 3984/4631/151 3938/4563/18 3999/4646/159
f 4164/4820/20 3998/4645/149 4013/4660/485
f 3991/4638/150 4007/4654/160 3992/4639/152
f 3985/4632/139 3999/4646/159 4000/4647/161
f 3992/4639/152 4008/4655/162 3993/4640/138
f 3985/4632/139 4001/4648/163 3986/4633/140
f 3994/4641/141 4008/4655/162 4009/4656/164
f 3986/4633/140 4002/4649/165 3987/4634/142
f 3994/4641/141 4010/4657/166 3995/4642/143
f 3988/4635/144 4002/4649/165 4003/4650/167
f 3996/4643/145 4010/4657/166 4011/4658/153
f 3988/4635/144 4004/4651/155 3989/4636/146
f 4000/4647/161 4016/4663/169 4001/4648/163
f 4009/4656/164 4023/4670/170 4024/4671/171
f 4001/4648/163 4017/4664/172 4002/4649/165
f 4009/4656/164 4025/4672/173 4010/4657/166
f 4003/4650/167 4017/4664/172 4018/4665/174
f 4011/4658/153 4025/4672/173 4026/4673/175
f 4003/4650/167 4019/4666/176 4004/4651/155
f 4012/4659/154 4026/4673/175 4027/4674/177
f 4005/4652/156 4019/4666/176 4020/4667/178
f 4013/4660/485 4027/4674/177 4028/4675/179
f 4006/4653/158 4020/4667/178 4021/4668/180
f 3999/4646/159 3938/4564/18 4014/4661/181
f 4164/4821/20 4013/4660/485 4028/4675/179
f 4006/4653/158 4022/4669/182 4007/4654/160
f 3999/4646/159 4015/4662/168 4000/4647/161
f 4007/4654/160 4023/4670/170 4008/4655/162
f 4020/4667/178 4034/4681/183 4035/4682/184
f 4028/4675/179 4042/4689/197 4043/4690/185
f 4021/4668/180 4035/4682/184 4036/4683/186
f 4014/4661/181 3938/4565/18 4029/4676/187
f 4164/4822/20 4028/4675/179 4043/4690/185
f 4021/4668/180 4037/4684/188 4022/4669/182
f 4014/4661/181 4030/4677/189 4015/4662/168
f 4022/4669/182 4038/4685/190 4023/4670/170
f 4016/4663/169 4030/4677/189 4031/4678/191
f 4024/4671/171 4038/4685/190 4039/4686/192
f 4017/4664/172 4031/4678/191 4032/4679/193
f 4025/4672/173 4039/4686/192 4040/4687/194
f 4017/4664/172 4033/4680/195 4018/4665/174
f 4025/4672/173 4041/4688/196 4026/4673/175
f 4018/4665/174 4034/4681/183 4019/4666/176
f 4026/4673/175 4042/4689/197 4027/4674/177
f 4039/4686/192 4053/4700/198 4054/4701/199
f 4031/4678/191 4047/4694/200 4032/4679/193
f 4040/4687/194 4054/4701/199 4055/4702/487
f 4032/4679/193 4048/4695/202 4033/4680/195
f 4041/4688/196 4055/4702/487 4056/4703/203
f 4033/4680/195 4049/4696/204 4034/4681/183
f 4041/4688/196 4057/4704/205 4042/4689/197
f 4035/4682/184 4049/4696/204 4050/4697/206
f 4042/4689/197 4058/4705/207 4043/4690/185
f 4036/4683/186 4050/4697/206 4051/4698/208
f 4029/4676/187 3938/4566/18 4044/4691/209
f 4164/4823/20 4043/4690/185 4058/4705/207
f 4036/4683/186 4052/4699/210 4037/4684/188
f 4030/4677/189 4044/4691/209 4045/4692/211
f 4037/4684/188 4053/4700/198 4038/4685/190
f 4030/4677/189 4046/4693/212 4031/4678/191
f 4058/4705/207 4072/4719/213 4073/4720/214
f 4051/4698/208 4065/4712/215 4066/4713/216
f 4044/4691/209 3938/4567/18 4059/4706/217
f 4164/4824/20 4058/4705/207 4073/4720/214
f 4051/4698/208 4067/4714/218 4052/4699/210
f 4044/4691/209 4060/4707/219 4045/4692/211
f 4052/4699/210 4068/4715/220 4053/4700/198
f 4046/4693/212 4060/4707/219 4061/4708/221
f 4054/4701/199 4068/4715/220 4069/4716/222
f 4047/4694/200 4061/4708/221 4062/4709/223
f 4054/4701/199 4070/4717/224 4055/4702/487
f 4048/4695/202 4062/4709/223 4063/4710/225
f 4055/4702/487 4071/4718/226 4056/4703/203
f 4048/4695/202 4064/4711/227 4049/4696/204
f 4056/4703/203 4072/4719/213 4057/4704/205
f 4050/4697/206 4064/4711/227 4065/4712/215
f 4061/4708/221 4077/4724/228 4062/4709/223
f 4069/4716/222 4085/4732/229 4070/4717/224
f 4063/4710/225 4077/4724/228 4078/4725/230
f 4071/4718/226 4085/4732/229 4086/4733/231
f 4063/4710/225 4079/4726/232 4064/4711/227
f 4071/4718/226 4087/4734/233 4072/4719/213
f 4065/4712/215 4079/4726/232 4080/4727/234
f 4072/4719/213 4088/4735/235 4073/4720/214
f 4066/4713/216 4080/4727/234 4081/4728/236
f 4059/4706/217 3938/4568/18 4074/4721/237
f 4164/4825/20 4073/4720/214 4088/4735/235
f 4066/4713/216 4082/4729/238 4067/4714/218
f 4060/4707/219 4074/4721/237 4075/4722/239
f 4067/4714/218 4083/4730/240 4068/4715/220
f 4060/4707/219 4076/4723/241 4061/4708/221
f 4069/4716/222 4083/4730/240 4084/4731/242
f 4081/4728/236 4095/4742/243 4096/4743/244
f 4074/4721/237 3938/4569/18 4089/4736/245
f 4164/4826/20 4088/4735/235 4103/4750/246
f 4081/4728/236 4097/4744/247 4082/4729/238
f 4074/4721/237 4090/4737/248 4075/4722/239
f 4082/4729/238 4098/4745/249 4083/4730/240
f 4075/4722/239 4091/4738/250 4076/4723/241
f 4084/4731/242 4098/4745/249 4099/4746/251
f 4076/4723/241 4092/4739/252 4077/4724/228
f 4084/4731/242 4100/4747/253 4085/4732/229
f 4078/4725/230 4092/4739/252 4093/4740/254
f 4086/4733/231 4100/4747/253 4101/4748/255
f 4078/4725/230 4094/4741/256 4079/4726/232
f 4087/4734/233 4101/4748/255 4102/4749/257
f 4080/4727/234 4094/4741/256 4095/4742/243
f 4088/4735/235 4102/4749/257 4103/4750/246
f 4099/4746/251 4115/4762/258 4100/4747/253
f 4093/4740/254 4107/4754/259 4108/4755/260
f 4101/4748/255 4115/4762/258 4116/4763/261
f 4093/4740/254 4109/4756/262 4094/4741/256
f 4101/4748/255 4117/4764/263 4102/4749/257
f 4095/4742/243 4109/4756/262 4110/4757/264
f 4102/4749/257 4118/4765/265 4103/4750/246
f 4096/4743/244 4110/4757/264 4111/4758/266
f 4089/4736/245 3938/4570/18 4104/4751/267
f 4164/4827/20 4103/4750/246 4118/4765/265
f 4096/4743/244 4112/4759/268 4097/4744/247
f 4090/4737/248 4104/4751/267 4105/4752/269
f 4097/4744/247 4113/4760/270 4098/4745/249
f 4091/4738/250 4105/4752/269 4106/4753/271
f 4099/4746/251 4113/4760/270 4114/4761/272
f 4091/4738/250 4107/4754/259 4092/4739/252
f 4164/4828/20 4118/4765/265 4133/4780/273
f 4111/4758/266 4127/4774/274 4112/4759/268
f 4105/4752/269 4119/4766/287 4120/4767/275
f 4112/4759/268 4128/4775/276 4113/4760/270
f 4106/4753/271 4120/4767/275 4121/4768/277
f 4114/4761/272 4128/4775/276 4129/4776/278
f 4106/4753/271 4122/4769/279 4107/4754/259
f 4114/4761/272 4130/4777/280 4115/4762/258
f 4107/4754/259 4123/4770/281 4108/4755/260
f 4116/4763/261 4130/4777/280 4131/4778/282
f 4108/4755/260 4124/4771/283 4109/4756/262
f 4116/4763/261 4132/4779/284 4117/4764/263
f 4110/4757/264 4124/4771/283 4125/4772/285
f 4117/4764/263 4133/4780/273 4118/4765/265
f 4111/4758/266 4125/4772/285 4126/4773/286
f 4104/4751/267 3938/4571/18 4119/4766/287
f 4131/4778/282 4145/4792/488 4146/4793/289
f 4123/4770/281 4139/4786/290 4124/4771/283
f 4131/4778/282 4147/4794/291 4132/4779/284
f 4125/4772/285 4139/4786/290 4140/4787/292
f 4132/4779/284 4148/4795/293 4133/4780/273
f 4126/4773/286 4140/4787/292 4141/4788/294
f 4119/4766/287 3938/4572/18 4134/4781/295
f 4164/4829/20 4133/4780/273 4148/4795/293
f 4126/4773/286 4142/4789/296 4127/4774/274
f 4120/4767/275 4134/4781/295 4135/4782/297
f 4127/4774/274 4143/4790/298 4128/4775/276
f 4120/4767/275 4136/4783/299 4121/4768/277
f 4129/4776/278 4143/4790/298 4144/4791/300
f 4121/4768/277 4137/4784/493 4122/4769/279
f 4130/4777/280 4144/4791/300 4145/4792/488
f 4122/4769/279 4138/4785/302 4123/4770/281
f 4134/4781/295 4150/4797/304 4135/4782/297
f 4142/4789/296 4158/4805/305 4143/4790/298
f 4136/4783/299 4150/4797/304 4151/4798/306
f 4144/4791/300 4158/4805/305 4159/4806/307
f 4136/4783/299 4152/4799/308 4137/4784/493
f 4144/4791/300 4160/4807/309 4145/4792/488
f 4138/4785/302 4152/4799/308 4153/4800/310
f 4146/4793/289 4160/4807/309 4161/4808/311
f 4138/4785/302 4154/4801/312 4139/4786/290
f 4146/4793/289 4162/4809/313 4147/4794/291
f 4140/4787/292 4154/4801/312 4155/4802/314
f 4148/4795/293 4162/4809/313 4163/4810/315
f 4141/4788/294 4155/4802/314 4156/4803/316
f 4134/4781/295 3938/4573/18 4149/4796/303
f 4164/4830/20 4148/4795/293 4163/4810/315
f 4141/4788/294 4157/4804/317 4142/4789/296
f 4153/4800/310 4170/4848/318 4154/4801/312
f 4161/4808/311 4178/4856/319 4162/4809/313
f 4155/4802/314 4170/4848/318 4171/4849/320
f 4162/4809/313 4179/4857/321 4163/4810/315
f 4156/4803/316 4171/4849/320 4172/4850/322
f 4149/4796/303 3938/4574/18 4165/4843/323
f 4164/4831/20 4163/4810/315 4179/4857/321
f 4156/4803/316 4173/4851/324 4157/4804/317
f 4150/4797/304 4165/4843/323 4166/4844/325
f 4157/4804/317 4174/4852/326 4158/4805/305
f 4151/4798/306 4166/4844/325 4167/4845/327
f 4159/4806/307 4174/4852/326 4175/4853/328
f 4151/4798/306 4168/4846/329 4152/4799/308
f 4159/4806/307 4176/4854/330 4160/4807/309
f 4153/4800/310 4168/4846/329 4169/4847/331
f 4161/4808/311 4176/4854/330 4177/4855/332
f 4173/4851/324 4189/4867/333 4174/4852/326
f 4167/4845/327 4181/4859/334 4182/4860/335
f 4175/4853/328 4189/4867/333 4190/4868/336
f 4167/4845/327 4183/4861/337 4168/4846/329
f 4175/4853/328 4191/4869/338 4176/4854/330
f 4169/4847/331 4183/4861/337 4184/4862/339
f 4177/4855/332 4191/4869/338 4192/4870/340
f 4169/4847/331 4185/4863/341 4170/4848/318
f 4177/4855/332 4193/4871/342 4178/4856/319
f 4171/4849/320 4185/4863/341 4186/4864/343
f 4179/4857/321 4193/4871/342 4194/4872/344
f 4172/4850/322 4186/4864/343 4187/4865/345
f 4165/4843/323 3938/4575/18 4180/4858/490
f 4164/4832/20 4179/4857/321 4194/4872/344
f 4172/4850/322 4188/4866/347 4173/4851/324
f 4165/4843/323 4181/4859/334 4166/4844/325
f 4192/4870/340 4208/4886/348 4193/4871/342
f 4186/4864/343 4200/4878/349 4201/4879/350
f 4193/4871/342 4209/4887/351 4194/4872/344
f 4187/4865/345 4201/4879/350 4202/4880/352
f 4180/4858/490 3938/4576/18 4195/4873/353
f 4164/4833/20 4194/4872/344 4209/4887/351
f 4187/4865/345 4203/4881/354 4188/4866/347
f 4180/4858/490 4196/4874/355 4181/4859/334
f 4188/4866/347 4204/4882/356 4189/4867/333
f 4182/4860/335 4196/4874/355 4197/4875/357
f 4190/4868/336 4204/4882/356 4205/4883/358
f 4182/4860/335 4198/4876/359 4183/4861/337
f 4190/4868/336 4206/4884/360 4191/4869/338
f 4184/4862/339 4198/4876/359 4199/4877/361
f 4192/4870/340 4206/4884/360 4207/4885/362
f 4184/4862/339 4200/4878/349 4185/4863/341
f 4197/4875/357 4211/4890/363 4212/4892/364
f 4205/4883/358 4219/4906/365 4220/4908/366
f 4197/4875/357 4213/4894/367 4198/4876/359
f 4205/4883/358 4221/4910/368 4206/4884/360
f 4199/4877/361 4213/4894/367 4214/4896/369
f 4207/4885/362 4221/4910/368 4222/4912/370
f 4199/4877/361 4215/4898/371 4200/4878/349
f 4207/4885/362 4223/4914/372 4208/4886/348
f 4201/4879/350 4215/4898/371 4216/4900/373
f 4208/4886/348 4224/4917/374 4209/4887/351
f 4202/4880/352 4216/4900/373 4217/4902/375
f 4195/4873/353 3938/4577/18 4210/4888/376
f 4164/4834/20 4209/4887/351 4224/4917/374
f 4202/4880/352 4218/4904/377 4203/4881/354
f 4196/4874/355 4210/4888/376 4211/4890/363
f 4203/4881/354 4219/4906/365 4204/4882/356
f 4216/4901/373 4230/4923/378 4231/4924/379
f 4223/4915/372 4239/4932/381 4224/4916/374
f 4217/4903/375 4231/4924/379 4232/4925/382
f 4210/4889/376 3938/4578/18 4225/4918/383
f 4164/4835/20 4224/4916/374 4239/4932/381
f 4217/4903/375 4233/4926/384 4218/4905/377
f 4211/4891/363 4225/4918/383 4226/4919/385
f 4218/4905/377 4234/4927/386 4219/4907/365
f 4212/4893/364 4226/4919/385 4227/4920/387
f 4220/4909/366 4234/4927/386 4235/4928/388
f 4212/4893/364 4228/4921/389 4213/4895/367
f 4220/4909/366 4236/4929/390 4221/4911/368
f 4214/4897/369 4228/4921/389 4229/4922/391
f 4222/4913/370 4236/4929/390 4237/4930/392
f 4214/4897/369 4230/4923/378 4215/4899/371
f 4222/4913/370 4238/4931/380 4223/4915/372
f 4235/4928/388 4249/4942/393 4250/4943/394
f 4227/4920/387 4243/4936/395 4228/4921/389
f 4235/4928/388 4251/4944/396 4236/4929/390
f 4229/4922/391 4243/4936/395 4244/4937/397
f 4237/4930/392 4251/4944/396 4252/4945/398
f 4229/4922/391 4245/4938/399 4230/4923/378
f 4238/4931/380 4252/4945/398 4253/4946/400
f 4231/4924/379 4245/4938/399 4246/4939/401
f 4238/4931/380 4254/4947/494 4239/4932/381
f 4232/4925/382 4246/4939/401 4247/4940/403
f 4225/4918/383 3938/4579/18 4240/4933/404
f 4164/4836/20 4239/4932/381 4254/4947/494
f 4232/4925/382 4248/4941/405 4233/4926/384
f 4226/4919/385 4240/4933/404 4241/4934/406
f 4233/4926/384 4249/4942/393 4234/4927/386
f 4226/4919/385 4242/4935/407 4227/4920/387
f 4254/4947/494 4268/4961/408 4269/4962/409
f 4247/4940/403 4261/4954/410 4262/4955/411
f 4240/4933/404 3938/4580/18 4255/4948/412
f 4164/4837/20 4254/4947/494 4269/4962/409
f 4247/4940/403 4263/4956/413 4248/4941/405
f 4240/4933/404 4256/4949/414 4241/4934/406
f 4248/4941/405 4264/4957/415 4249/4942/393
f 4241/4934/406 4257/4950/416 4242/4935/407
f 4250/4943/394 4264/4957/415 4265/4958/417
f 4242/4935/407 4258/4951/418 4243/4936/395
f 4250/4943/394 4266/4959/419 4251/4944/396
f 4244/4937/397 4258/4951/418 4259/4952/420
f 4252/4945/398 4266/4959/419 4267/4960/421
f 4244/4937/397 4260/4953/422 4245/4938/399
f 4253/4946/400 4267/4960/421 4268/4961/408
f 4246/4939/401 4260/4953/422 4261/4954/410
f 4265/4958/417 4281/4974/423 4266/4959/419
f 4259/4952/420 4273/4966/424 4274/4967/425
f 4267/4960/421 4281/4974/423 4282/4975/426
f 4259/4952/420 4275/4968/427 4260/4953/422
f 4267/4960/421 4283/4976/428 4268/4961/408
f 4261/4954/410 4275/4968/427 4276/4969/429
f 4269/4962/409 4283/4976/428 4284/4977/430
f 4262/4955/411 4276/4969/429 4277/4970/431
f 4255/4948/412 3938/4581/18 4270/4963/432
f 4164/4838/20 4269/4962/409 4284/4977/430
f 4262/4955/411 4278/4971/433 4263/4956/413
f 4255/4948/412 4271/4964/434 4256/4949/414
f 4263/4956/413 4279/4972/435 4264/4957/415
f 4257/4950/416 4271/4964/434 4272/4965/436
f 4265/4958/417 4279/4972/435 4280/4973/437
f 4257/4950/416 4273/4966/424 4258/4951/418
f 4270/4963/432 3938/4582/18 4285/4978/438
f 4164/4839/20 4284/4977/430 4299/4992/439
f 4277/4970/431 4293/4986/440 4278/4971/433
f 4271/4964/434 4285/4978/438 4286/4979/441
f 4278/4971/433 4294/4987/442 4279/4972/435
f 4272/4965/436 4286/4979/441 4287/4980/443
f 4280/4973/437 4294/4987/442 4295/4988/444
f 4272/4965/436 4288/4981/445 4273/4966/424
f 4280/4973/437 4296/4989/446 4281/4974/423
f 4274/4967/425 4288/4981/445 4289/4982/447
f 4282/4975/426 4296/4989/446 4297/4990/448
f 4274/4967/425 4290/4983/449 4275/4968/427
f 4282/4975/426 4298/4991/450 4283/4976/428
f 4276/4969/429 4290/4983/449 4291/4984/451
f 4283/4976/428 4299/4992/439 4284/4977/430
f 4277/4970/431 4291/4984/451 4292/4985/452
f 4289/4982/447 4303/4996/453 4304/4997/454
f 4297/4990/448 4311/5004/455 4312/5005/456
f 4289/4982/447 4305/4998/457 4290/4983/449
f 4298/4991/450 4312/5005/456 4313/5006/458
f 4291/4984/451 4305/4998/457 4306/4999/459
f 4298/4991/450 4314/5007/460 4299/4992/439
f 4292/4985/452 4306/4999/459 4307/5000/461
f 4285/4978/438 3938/4583/18 4300/4993/462
f 4164/4840/20 4299/4992/439 4314/5007/460
f 4292/4985/452 4308/5001/463 4293/4986/440
f 4286/4979/441 4300/4993/462 4301/4994/464
f 4293/4986/440 4309/5002/465 4294/4987/442
f 4286/4979/441 4302/4995/466 4287/4980/443
f 4295/4988/444 4309/5002/465 4310/5003/467
f 4287/4980/443 4303/4996/453 4288/4981/445
f 4295/4988/444 4311/5004/455 4296/4989/446
f 4307/5000/461 4323/5016/468 4308/5001/463
f 4300/4993/462 4316/5009/469 4301/4994/464
f 4308/5001/463 4324/5017/470 4309/5002/465
f 4301/4994/464 4317/5010/471 4302/4995/466
f 4310/5003/467 4324/5017/470 4325/5018/472
f 4302/4995/466 4318/5011/473 4303/4996/453
f 4310/5003/467 4326/5019/474 4311/5004/455
f 4304/4997/454 4318/5011/473 4319/5012/475
f 4312/5005/456 4326/5019/474 4327/5020/476
f 4304/4997/454 4320/5013/477 4305/4998/457
f 4313/5006/458 4327/5020/476 4328/5021/478
f 4306/4999/459 4320/5013/477 4321/5014/479
f 4314/5007/460 4328/5021/478 4329/5022/480
f 4307/5000/461 4321/5014/479 4322/5015/481
f 4300/4993/462 3938/4584/18 4315/5008/482
f 4164/4841/20 4314/5007/460 4329/5022/480
f 4327/5020/476 4335/5028/4 4336/5029/6
f 4320/5013/477 3858/4474/3 4333/5026/7
f 4327/5020/476 4337/5030/10 4328/5021/478
f 4321/5014/479 4333/5026/7 3859/4475/11
f 4328/5021/478 4338/5031/14 4329/5022/480
f 4322/5015/481 3859/4475/11 3860/4476/16
f 4315/5008/482 3938/4585/18 4330/5023/17
f 4164/4842/20 4329/5022/480 4338/5031/14
f 4322/5015/481 3861/4477/21 4323/5016/468
f 4316/5009/469 4330/5023/17 4331/5024/23
f 4323/5016/468 4334/5027/26 4324/5017/470
f 4317/5010/471 4331/5024/23 3857/4473/27
f 4324/5017/470 3862/4478/30 4325/5018/472
f 4318/5011/473 3857/4473/27 4332/5025/1
f 4325/5018/472 4335/5028/4 4326/5019/474
f 4319/5012/475 4332/5025/1 3858/4474/3
f 4340/5033/3 4348/5041/31 4349/5042/2
f 4817/5587/4 4357/5050/5 4818/5588/6
f 4815/5585/7 4349/5042/2 4350/5043/8
f 4818/5588/6 4358/5051/9 4819/5589/10
f 4815/5585/7 4351/5044/12 4341/5034/11
f 4819/5589/10 4359/5052/13 4820/5590/14
f 4342/5035/16 4351/5044/12 4352/5045/15
f 4812/5582/17 4420/5113/18 4345/5038/19
f 4646/5370/20 4820/5590/14 4359/5052/13
f 4342/5035/16 4353/5046/22 4343/5036/21
f 4813/5583/23 4345/5038/19 4346/5039/24
f 4343/5036/21 4354/5047/25 4816/5586/26
f 4339/5032/27 4346/5039/24 4347/5040/28
f 4816/5586/26 4355/5048/29 4344/5037/30
f 4814/5584/1 4347/5040/28 4348/5041/31
f 4344/5037/30 4356/5049/32 4817/5587/4
f 4347/5040/28 4363/5056/33 4348/5041/31
f 4355/5048/29 4371/5064/35 4356/5049/32
f 4349/5042/2 4363/5056/33 4364/5057/36
f 4357/5050/5 4371/5064/35 4372/5065/37
f 4349/5042/2 4365/5058/38 4350/5043/8
f 4358/5051/9 4372/5065/37 4373/5066/39
f 4350/5043/8 4366/5059/40 4351/5044/12
f 4359/5052/13 4373/5066/39 4374/5067/41
f 4351/5044/12 4367/5060/42 4352/5045/15
f 4345/5038/19 4420/5114/18 4360/5053/43
f 4646/5371/20 4359/5052/13 4374/5067/41
f 4353/5046/22 4367/5060/42 4368/5061/44
f 4345/5038/19 4361/5054/45 4346/5039/24
f 4354/5047/25 4368/5061/44 4369/5062/46
f 4346/5039/24 4362/5055/47 4347/5040/28
f 4355/5048/29 4369/5062/46 4370/5063/34
f 4366/5059/40 4382/5075/49 4367/5060/42
f 4360/5053/43 4420/5115/18 4375/5068/50
f 4646/5372/20 4374/5067/41 4389/5082/51
f 4368/5061/44 4382/5075/49 4383/5076/52
f 4361/5054/45 4375/5068/50 4376/5069/53
f 4369/5062/46 4383/5076/52 4384/5077/54
f 4362/5055/47 4376/5069/53 4377/5070/55
f 4370/5063/34 4384/5077/54 4385/5078/56
f 4362/5055/47 4378/5071/502 4363/5056/33
f 4370/5063/34 4386/5079/58 4371/5064/35
f 4364/5057/36 4378/5071/502 4379/5072/59
f 4372/5065/37 4386/5079/58 4387/5080/60
f 4364/5057/36 4380/5073/61 4365/5058/38
f 4372/5065/37 4388/5081/62 4373/5066/39
f 4365/5058/38 4381/5074/48 4366/5059/40
f 4373/5066/39 4389/5082/51 4374/5067/41
f 4385/5078/56 4401/5094/63 4386/5079/58
f 4379/5072/59 4393/5086/64 4394/5087/65
f 4386/5079/58 4402/5095/66 4387/5080/60
f 4380/5073/61 4394/5087/65 4395/5088/67
f 4388/5081/62 4402/5095/66 4403/5096/68
f 4381/5074/48 4395/5088/67 4396/5089/69
f 4389/5082/51 4403/5096/68 4404/5097/70
f 4382/5075/49 4396/5089/69 4397/5090/71
f 4375/5068/50 4420/5116/18 4390/5083/72
f 4646/5373/20 4389/5082/51 4404/5097/70
f 4382/5075/49 4398/5091/73 4383/5076/52
f 4375/5068/50 4391/5084/74 4376/5069/53
f 4383/5076/52 4399/5092/75 4384/5077/54
f 4376/5069/53 4392/5085/76 4377/5070/55
f 4384/5077/54 4400/5093/77 4385/5078/56
f 4378/5071/502 4392/5085/76 4393/5086/64
f 4390/5083/72 4420/5117/18 4405/5098/78
f 4646/5374/20 4404/5097/70 4419/5112/79
f 4397/5090/71 4413/5106/80 4398/5091/73
f 4390/5083/72 4406/5099/81 4391/5084/74
f 4399/5092/75 4413/5106/80 4414/5107/82
f 4391/5084/74 4407/5100/83 4392/5085/76
f 4400/5093/77 4414/5107/82 4415/5108/84
f 4392/5085/76 4408/5101/85 4393/5086/64
f 4401/5094/63 4415/5108/84 4416/5109/86
f 4393/5086/64 4409/5102/87 4394/5087/65
f 4402/5095/66 4416/5109/86 4417/5110/88
f 4394/5087/65 4410/5103/89 4395/5088/67
f 4403/5096/68 4417/5110/88 4418/5111/90
f 4395/5088/67 4411/5104/91 4396/5089/69
f 4404/5097/70 4418/5111/90 4419/5112/79
f 4397/5090/71 4411/5104/91 4412/5105/92
f 4408/5101/85 4425/5149/94 4409/5102/87
f 4417/5110/88 4432/5156/95 4433/5157/96
f 4410/5103/89 4425/5149/94 4426/5150/97
f 4417/5110/88 4434/5158/98 4418/5111/90
f 4411/5104/91 4426/5150/97 4427/5151/99
f 4418/5111/90 4435/5159/100 4419/5112/79
f 4411/5104/91 4428/5152/101 4412/5105/92
f 4405/5098/78 4420/5118/18 4421/5145/484
f 4646/5375/20 4419/5112/79 4435/5159/100
f 4413/5106/80 4428/5152/101 4429/5153/103
f 4406/5099/81 4421/5145/484 4422/5146/104
f 4413/5106/80 4430/5154/105 4414/5107/82
f 4407/5100/83 4422/5146/104 4423/5147/106
f 4414/5107/82 4431/5155/107 4415/5108/84
f 4407/5100/83 4424/5148/93 4408/5101/85
f 4416/5109/86 4431/5155/107 4432/5156/95
f 4428/5152/101 4444/5168/108 4429/5153/103
f 4421/5145/484 4437/5161/109 4422/5146/104
f 4429/5153/103 4445/5169/110 4430/5154/105
f 4423/5147/106 4437/5161/109 4438/5162/111
f 4430/5154/105 4446/5170/112 4431/5155/107
f 4423/5147/106 4439/5163/113 4424/5148/93
f 4432/5156/95 4446/5170/112 4447/5171/114
f 4424/5148/93 4440/5164/115 4425/5149/94
f 4433/5157/96 4447/5171/114 4448/5172/116
f 4426/5150/97 4440/5164/115 4441/5165/117
f 4433/5157/96 4449/5173/118 4434/5158/98
f 4427/5151/99 4441/5165/117 4442/5166/119
f 4435/5159/100 4449/5173/118 4450/5174/120
f 4427/5151/99 4443/5167/121 4428/5152/101
f 4421/5145/484 4420/5119/18 4436/5160/122
f 4646/5376/20 4435/5159/100 4450/5174/120
f 4448/5172/116 4462/5186/123 4463/5187/124
f 4441/5165/117 4455/5179/137 4456/5180/125
f 4448/5172/116 4464/5188/126 4449/5173/118
f 4442/5166/119 4456/5180/125 4457/5181/127
f 4450/5174/120 4464/5188/126 4465/5189/128
f 4443/5167/121 4457/5181/127 4458/5182/129
f 4436/5160/122 4420/5120/18 4451/5175/130
f 4646/5377/20 4450/5174/120 4465/5189/128
f 4443/5167/121 4459/5183/131 4444/5168/108
f 4436/5160/122 4452/5176/132 4437/5161/109
f 4444/5168/108 4460/5184/133 4445/5169/110
f 4438/5162/111 4452/5176/132 4453/5177/134
f 4445/5169/110 4461/5185/135 4446/5170/112
f 4438/5162/111 4454/5178/136 4439/5163/113
f 4447/5171/114 4461/5185/135 4462/5186/123
f 4439/5163/113 4455/5179/137 4440/5164/115
f 4459/5183/131 4475/5199/138 4460/5184/133
f 4453/5177/134 4467/5191/139 4468/5192/140
f 4461/5185/135 4475/5199/138 4476/5200/141
f 4453/5177/134 4469/5193/142 4454/5178/136
f 4462/5186/123 4476/5200/141 4477/5201/143
f 4454/5178/136 4470/5194/144 4455/5179/137
f 4463/5187/124 4477/5201/143 4478/5202/145
f 4455/5179/137 4471/5195/146 4456/5180/125
f 4463/5187/124 4479/5203/147 4464/5188/126
f 4457/5181/127 4471/5195/146 4472/5196/148
f 4464/5188/126 4480/5204/149 4465/5189/128
f 4458/5182/129 4472/5196/148 4473/5197/150
f 4451/5175/130 4420/5121/18 4466/5190/151
f 4646/5378/20 4465/5189/128 4480/5204/149
f 4458/5182/129 4474/5198/152 4459/5183/131
f 4452/5176/132 4466/5190/151 4467/5191/139
f 4479/5203/147 4493/5217/153 4494/5218/154
f 4472/5196/148 4486/5210/155 4487/5211/156
f 4479/5203/147 4495/5219/157 4480/5204/149
f 4473/5197/150 4487/5211/156 4488/5212/158
f 4466/5190/151 4420/5122/18 4481/5205/159
f 4646/5379/20 4480/5204/149 4495/5219/157
f 4473/5197/150 4489/5213/160 4474/5198/152
f 4467/5191/139 4481/5205/159 4482/5206/161
f 4474/5198/152 4490/5214/162 4475/5199/138
f 4467/5191/139 4483/5207/163 4468/5192/140
f 4476/5200/141 4490/5214/162 4491/5215/164
f 4468/5192/140 4484/5208/165 4469/5193/142
f 4476/5200/141 4492/5216/166 4477/5201/143
f 4470/5194/144 4484/5208/165 4485/5209/167
f 4478/5202/145 4492/5216/166 4493/5217/153
f 4470/5194/144 4486/5210/155 4471/5195/146
f 4482/5206/161 4498/5222/169 4483/5207/163
f 4491/5215/164 4505/5229/170 4506/5230/171
f 4483/5207/163 4499/5223/172 4484/5208/165
f 4491/5215/164 4507/5231/173 4492/5216/166
f 4485/5209/167 4499/5223/172 4500/5224/174
f 4493/5217/153 4507/5231/173 4508/5232/175
f 4485/5209/167 4501/5225/176 4486/5210/155
f 4494/5218/154 4508/5232/175 4509/5233/177
f 4487/5211/156 4501/5225/176 4502/5226/178
f 4495/5219/157 4509/5233/177 4510/5234/179
f 4488/5212/158 4502/5226/178 4503/5227/180
f 4481/5205/159 4420/5123/18 4496/5220/181
f 4646/5380/20 4495/5219/157 4510/5234/179
f 4488/5212/158 4504/5228/182 4489/5213/160
f 4481/5205/159 4497/5221/168 4482/5206/161
f 4489/5213/160 4505/5229/170 4490/5214/162
f 4502/5226/178 4516/5240/183 4517/5241/184
f 4510/5234/179 4524/5248/197 4525/5249/185
f 4503/5227/180 4517/5241/184 4518/5242/186
f 4496/5220/181 4420/5124/18 4511/5235/187
f 4646/5381/20 4510/5234/179 4525/5249/185
f 4503/5227/180 4519/5243/188 4504/5228/182
f 4496/5220/181 4512/5236/189 4497/5221/168
f 4504/5228/182 4520/5244/190 4505/5229/170
f 4498/5222/169 4512/5236/189 4513/5237/191
f 4506/5230/171 4520/5244/190 4521/5245/192
f 4499/5223/172 4513/5237/191 4514/5238/193
f 4507/5231/173 4521/5245/192 4522/5246/194
f 4499/5223/172 4515/5239/195 4500/5224/174
f 4507/5231/173 4523/5247/196 4508/5232/175
f 4500/5224/174 4516/5240/183 4501/5225/176
f 4508/5232/175 4524/5248/197 4509/5233/177
f 4521/5245/192 4535/5259/198 4536/5260/199
f 4513/5237/191 4529/5253/504 4514/5238/193
f 4522/5246/194 4536/5260/199 4537/5261/487
f 4514/5238/193 4530/5254/202 4515/5239/195
f 4523/5247/196 4537/5261/487 4538/5262/203
f 4515/5239/195 4531/5255/204 4516/5240/183
f 4523/5247/196 4539/5263/205 4524/5248/197
f 4517/5241/184 4531/5255/204 4532/5256/206
f 4524/5248/197 4540/5264/207 4525/5249/185
f 4518/5242/186 4532/5256/206 4533/5257/208
f 4511/5235/187 4420/5125/18 4526/5250/209
f 4646/5382/20 4525/5249/185 4540/5264/207
f 4518/5242/186 4534/5258/210 4519/5243/188
f 4512/5236/189 4526/5250/209 4527/5251/211
f 4519/5243/188 4535/5259/198 4520/5244/190
f 4512/5236/189 4528/5252/212 4513/5237/191
f 4540/5264/207 4554/5278/213 4555/5279/214
f 4533/5257/208 4547/5271/215 4548/5272/216
f 4526/5250/209 4420/5126/18 4541/5265/217
f 4646/5383/20 4540/5264/207 4555/5279/214
f 4533/5257/208 4549/5273/218 4534/5258/210
f 4526/5250/209 4542/5266/219 4527/5251/211
f 4534/5258/210 4550/5274/220 4535/5259/198
f 4528/5252/212 4542/5266/219 4543/5267/221
f 4536/5260/199 4550/5274/220 4551/5275/222
f 4529/5253/504 4543/5267/221 4544/5268/223
f 4536/5260/199 4552/5276/224 4537/5261/487
f 4530/5254/202 4544/5268/223 4545/5269/225
f 4537/5261/487 4553/5277/226 4538/5262/203
f 4530/5254/202 4546/5270/227 4531/5255/204
f 4538/5262/203 4554/5278/213 4539/5263/205
f 4532/5256/206 4546/5270/227 4547/5271/215
f 4543/5267/221 4559/5283/228 4544/5268/223
f 4551/5275/222 4567/5291/229 4552/5276/224
f 4545/5269/225 4559/5283/228 4560/5284/230
f 4553/5277/226 4567/5291/229 4568/5292/231
f 4545/5269/225 4561/5285/232 4546/5270/227
f 4553/5277/226 4569/5293/233 4554/5278/213
f 4547/5271/215 4561/5285/232 4562/5286/234
f 4554/5278/213 4570/5294/235 4555/5279/214
f 4548/5272/216 4562/5286/234 4563/5287/236
f 4541/5265/217 4420/5127/18 4556/5280/237
f 4646/5384/20 4555/5279/214 4570/5294/235
f 4548/5272/216 4564/5288/238 4549/5273/218
f 4542/5266/219 4556/5280/237 4557/5281/239
f 4549/5273/218 4565/5289/240 4550/5274/220
f 4542/5266/219 4558/5282/241 4543/5267/221
f 4551/5275/222 4565/5289/240 4566/5290/242
f 4563/5287/236 4577/5301/243 4578/5302/244
f 4556/5280/237 4420/5128/18 4571/5295/245
f 4646/5385/20 4570/5294/235 4585/5309/246
f 4563/5287/236 4579/5303/247 4564/5288/238
f 4556/5280/237 4572/5296/248 4557/5281/239
f 4564/5288/238 4580/5304/249 4565/5289/240
f 4557/5281/239 4573/5297/250 4558/5282/241
f 4566/5290/242 4580/5304/249 4581/5305/251
f 4558/5282/241 4574/5298/252 4559/5283/228
f 4566/5290/242 4582/5306/253 4567/5291/229
f 4560/5284/230 4574/5298/252 4575/5299/254
f 4568/5292/231 4582/5306/253 4583/5307/255
f 4560/5284/230 4576/5300/256 4561/5285/232
f 4569/5293/233 4583/5307/255 4584/5308/257
f 4562/5286/234 4576/5300/256 4577/5301/243
f 4570/5294/235 4584/5308/257 4585/5309/246
f 4581/5305/251 4597/5321/258 4582/5306/253
f 4575/5299/254 4589/5313/259 4590/5314/260
f 4583/5307/255 4597/5321/258 4598/5322/261
f 4575/5299/254 4591/5315/262 4576/5300/256
f 4583/5307/255 4599/5323/263 4584/5308/257
f 4577/5301/243 4591/5315/262 4592/5316/264
f 4584/5308/257 4600/5324/265 4585/5309/246
f 4578/5302/244 4592/5316/264 4593/5317/266
f 4571/5295/245 4420/5129/18 4586/5310/267
f 4646/5386/20 4585/5309/246 4600/5324/265
f 4578/5302/244 4594/5318/268 4579/5303/247
f 4572/5296/248 4586/5310/267 4587/5311/269
f 4579/5303/247 4595/5319/270 4580/5304/249
f 4573/5297/250 4587/5311/269 4588/5312/271
f 4581/5305/251 4595/5319/270 4596/5320/272
f 4573/5297/250 4589/5313/259 4574/5298/252
f 4646/5387/20 4600/5324/265 4615/5339/273
f 4593/5317/266 4609/5333/274 4594/5318/268
f 4587/5311/269 4601/5325/287 4602/5326/275
f 4594/5318/268 4610/5334/276 4595/5319/270
f 4588/5312/271 4602/5326/275 4603/5327/277
f 4596/5320/272 4610/5334/276 4611/5335/278
f 4588/5312/271 4604/5328/279 4589/5313/259
f 4596/5320/272 4612/5336/280 4597/5321/258
f 4589/5313/259 4605/5329/281 4590/5314/260
f 4598/5322/261 4612/5336/280 4613/5337/282
f 4590/5314/260 4606/5330/283 4591/5315/262
f 4598/5322/261 4614/5338/284 4599/5323/263
f 4592/5316/264 4606/5330/283 4607/5331/285
f 4599/5323/263 4615/5339/273 4600/5324/265
f 4593/5317/266 4607/5331/285 4608/5332/286
f 4586/5310/267 4420/5130/18 4601/5325/287
f 4613/5337/282 4627/5351/488 4628/5352/289
f 4605/5329/281 4621/5345/290 4606/5330/283
f 4613/5337/282 4629/5353/291 4614/5338/284
f 4607/5331/285 4621/5345/290 4622/5346/292
f 4614/5338/284 4630/5354/293 4615/5339/273
f 4608/5332/286 4622/5346/292 4623/5347/294
f 4601/5325/287 4420/5131/18 4616/5340/295
f 4646/5388/20 4615/5339/273 4630/5354/293
f 4608/5332/286 4624/5348/296 4609/5333/274
f 4602/5326/275 4616/5340/295 4617/5341/297
f 4609/5333/274 4625/5349/298 4610/5334/276
f 4602/5326/275 4618/5342/299 4603/5327/277
f 4611/5335/278 4625/5349/298 4626/5350/300
f 4603/5327/277 4619/5343/493 4604/5328/279
f 4612/5336/280 4626/5350/300 4627/5351/488
f 4604/5328/279 4620/5344/302 4605/5329/281
f 4616/5340/295 4632/5356/304 4617/5341/297
f 4624/5348/296 4640/5364/305 4625/5349/298
f 4618/5342/299 4632/5356/304 4633/5357/306
f 4626/5350/300 4640/5364/305 4641/5365/307
f 4618/5342/299 4634/5358/308 4619/5343/493
f 4626/5350/300 4642/5366/309 4627/5351/488
f 4620/5344/302 4634/5358/308 4635/5359/310
f 4628/5352/289 4642/5366/309 4643/5367/311
f 4620/5344/302 4636/5360/312 4621/5345/290
f 4628/5352/289 4644/5368/313 4629/5353/291
f 4622/5346/292 4636/5360/312 4637/5361/314
f 4630/5354/293 4644/5368/313 4645/5369/315
f 4623/5347/294 4637/5361/314 4638/5362/316
f 4616/5340/295 4420/5132/18 4631/5355/303
f 4646/5389/20 4630/5354/293 4645/5369/315
f 4623/5347/294 4639/5363/317 4624/5348/296
f 4635/5359/310 4652/5407/318 4636/5360/312
f 4643/5367/311 4660/5415/319 4644/5368/313
f 4637/5361/314 4652/5407/318 4653/5408/320
f 4644/5368/313 4661/5416/321 4645/5369/315
f 4638/5362/316 4653/5408/320 4654/5409/322
f 4631/5355/303 4420/5133/18 4647/5402/323
f 4646/5390/20 4645/5369/315 4661/5416/321
f 4638/5362/316 4655/5410/324 4639/5363/317
f 4632/5356/304 4647/5402/323 4648/5403/325
f 4639/5363/317 4656/5411/326 4640/5364/305
f 4633/5357/306 4648/5403/325 4649/5404/327
f 4641/5365/307 4656/5411/326 4657/5412/328
f 4633/5357/306 4650/5405/329 4634/5358/308
f 4641/5365/307 4658/5413/330 4642/5366/309
f 4635/5359/310 4650/5405/329 4651/5406/331
f 4643/5367/311 4658/5413/330 4659/5414/332
f 4655/5410/324 4671/5426/333 4656/5411/326
f 4649/5404/327 4663/5418/334 4664/5419/335
f 4657/5412/328 4671/5426/333 4672/5427/336
f 4649/5404/327 4665/5420/337 4650/5405/329
f 4657/5412/328 4673/5428/338 4658/5413/330
f 4651/5406/331 4665/5420/337 4666/5421/339
f 4659/5414/332 4673/5428/338 4674/5429/340
f 4651/5406/331 4667/5422/341 4652/5407/318
f 4659/5414/332 4675/5430/342 4660/5415/319
f 4653/5408/320 4667/5422/341 4668/5423/343
f 4661/5416/321 4675/5430/342 4676/5431/489
f 4654/5409/322 4668/5423/343 4669/5424/345
f 4647/5402/323 4420/5134/18 4662/5417/490
f 4646/5391/20 4661/5416/321 4676/5431/489
f 4654/5409/322 4670/5425/347 4655/5410/324
f 4647/5402/323 4663/5418/334 4648/5403/325
f 4674/5429/340 4690/5445/348 4675/5430/342
f 4668/5423/343 4682/5437/349 4683/5438/350
f 4675/5430/342 4691/5446/351 4676/5431/489
f 4669/5424/345 4683/5438/350 4684/5439/352
f 4662/5417/490 4420/5135/18 4677/5432/353
f 4646/5392/20 4676/5431/489 4691/5446/351
f 4669/5424/345 4685/5440/354 4670/5425/347
f 4662/5417/490 4678/5433/355 4663/5418/334
f 4670/5425/347 4686/5441/356 4671/5426/333
f 4664/5419/335 4678/5433/355 4679/5434/357
f 4672/5427/336 4686/5441/356 4687/5442/358
f 4664/5419/335 4680/5435/359 4665/5420/337
f 4672/5427/336 4688/5443/360 4673/5428/338
f 4666/5421/339 4680/5435/359 4681/5436/361
f 4674/5429/340 4688/5443/360 4689/5444/362
f 4666/5421/339 4682/5437/349 4667/5422/341
f 4679/5434/357 4693/5449/363 4694/5451/364
f 4687/5442/358 4701/5465/365 4702/5467/366
f 4679/5434/357 4695/5453/367 4680/5435/359
f 4687/5442/358 4703/5469/368 4688/5443/360
f 4681/5436/361 4695/5453/367 4696/5455/369
f 4689/5444/362 4703/5469/368 4704/5471/370
f 4681/5436/361 4697/5457/371 4682/5437/349
f 4689/5444/362 4705/5473/372 4690/5445/348
f 4683/5438/350 4697/5457/371 4698/5459/373
f 4690/5445/348 4706/5476/374 4691/5446/351
f 4684/5439/352 4698/5459/373 4699/5461/375
f 4677/5432/353 4420/5136/18 4692/5447/376
f 4646/5393/20 4691/5446/351 4706/5476/374
f 4684/5439/352 4700/5463/377 4685/5440/354
f 4678/5433/355 4692/5447/376 4693/5449/363
f 4685/5440/354 4701/5465/365 4686/5441/356
f 4698/5460/373 4712/5482/378 4713/5483/379
f 4705/5474/372 4721/5491/381 4706/5475/374
f 4699/5462/375 4713/5483/379 4714/5484/382
f 4692/5448/376 4420/5137/18 4707/5477/383
f 4646/5394/20 4706/5475/374 4721/5491/381
f 4699/5462/375 4715/5485/384 4700/5464/377
f 4693/5450/363 4707/5477/383 4708/5478/385
f 4700/5464/377 4716/5486/386 4701/5466/365
f 4694/5452/364 4708/5478/385 4709/5479/387
f 4702/5468/366 4716/5486/386 4717/5487/388
f 4694/5452/364 4710/5480/389 4695/5454/367
f 4702/5468/366 4718/5488/390 4703/5470/368
f 4696/5456/369 4710/5480/389 4711/5481/391
f 4704/5472/370 4718/5488/390 4719/5489/392
f 4696/5456/369 4712/5482/378 4697/5458/371
f 4704/5472/370 4720/5490/380 4705/5474/372
f 4717/5487/388 4731/5501/393 4732/5502/394
f 4709/5479/387 4725/5495/395 4710/5480/389
f 4717/5487/388 4733/5503/396 4718/5488/390
f 4711/5481/391 4725/5495/395 4726/5496/397
f 4719/5489/392 4733/5503/396 4734/5504/398
f 4711/5481/391 4727/5497/399 4712/5482/378
f 4720/5490/380 4734/5504/398 4735/5505/400
f 4713/5483/379 4727/5497/399 4728/5498/401
f 4720/5490/380 4736/5506/402 4721/5491/381
f 4714/5484/382 4728/5498/401 4729/5499/403
f 4707/5477/383 4420/5138/18 4722/5492/404
f 4646/5395/20 4721/5491/381 4736/5506/402
f 4714/5484/382 4730/5500/405 4715/5485/384
f 4708/5478/385 4722/5492/404 4723/5493/406
f 4715/5485/384 4731/5501/393 4716/5486/386
f 4708/5478/385 4724/5494/407 4709/5479/387
f 4736/5506/402 4750/5520/408 4751/5521/409
f 4729/5499/403 4743/5513/410 4744/5514/411
f 4722/5492/404 4420/5139/18 4737/5507/412
f 4646/5396/20 4736/5506/402 4751/5521/409
f 4729/5499/403 4745/5515/413 4730/5500/405
f 4722/5492/404 4738/5508/414 4723/5493/406
f 4730/5500/405 4746/5516/415 4731/5501/393
f 4723/5493/406 4739/5509/416 4724/5494/407
f 4732/5502/394 4746/5516/415 4747/5517/417
f 4724/5494/407 4740/5510/418 4725/5495/395
f 4732/5502/394 4748/5518/419 4733/5503/396
f 4726/5496/397 4740/5510/418 4741/5511/420
f 4734/5504/398 4748/5518/419 4749/5519/421
f 4726/5496/397 4742/5512/422 4727/5497/399
f 4735/5505/400 4749/5519/421 4750/5520/408
f 4728/5498/401 4742/5512/422 4743/5513/410
f 4748/5518/419 4762/5532/437 4763/5533/423
f 4740/5510/418 4756/5526/425 4741/5511/420
f 4749/5519/421 4763/5533/423 4764/5534/426
f 4741/5511/420 4757/5527/427 4742/5512/422
f 4750/5520/408 4764/5534/426 4765/5535/428
f 4743/5513/410 4757/5527/427 4758/5528/429
f 4751/5521/409 4765/5535/428 4766/5536/430
f 4744/5514/411 4758/5528/429 4759/5529/431
f 4737/5507/412 4420/5140/18 4752/5522/432
f 4646/5397/20 4751/5521/409 4766/5536/430
f 4744/5514/411 4760/5530/433 4745/5515/413
f 4737/5507/412 4753/5523/434 4738/5508/414
f 4745/5515/413 4761/5531/435 4746/5516/415
f 4738/5508/414 4754/5524/436 4739/5509/416
f 4747/5517/417 4761/5531/435 4762/5532/437
f 4739/5509/416 4755/5525/424 4740/5510/418
f 4752/5522/432 4420/5141/18 4767/5537/438
f 4646/5398/20 4766/5536/430 4781/5551/439
f 4759/5529/431 4775/5545/440 4760/5530/433
f 4753/5523/434 4767/5537/438 4768/5538/441
f 4760/5530/433 4776/5546/442 4761/5531/435
f 4754/5524/436 4768/5538/441 4769/5539/443
f 4762/5532/437 4776/5546/442 4777/5547/444
f 4755/5525/424 4769/5539/443 4770/5540/445
f 4762/5532/437 4778/5548/446 4763/5533/423
f 4756/5526/425 4770/5540/445 4771/5541/447
f 4763/5533/423 4779/5549/448 4764/5534/426
f 4756/5526/425 4772/5542/449 4757/5527/427
f 4764/5534/426 4780/5550/450 4765/5535/428
f 4758/5528/429 4772/5542/449 4773/5543/451
f 4765/5535/428 4781/5551/439 4766/5536/430
f 4759/5529/431 4773/5543/451 4774/5544/452
f 4771/5541/447 4785/5555/453 4786/5556/454
f 4779/5549/448 4793/5563/455 4794/5564/456
f 4771/5541/447 4787/5557/457 4772/5542/449
f 4780/5550/450 4794/5564/456 4795/5565/458
f 4773/5543/451 4787/5557/457 4788/5558/459
f 4780/5550/450 4796/5566/460 4781/5551/439
f 4774/5544/452 4788/5558/459 4789/5559/461
f 4767/5537/438 4420/5142/18 4782/5552/462
f 4646/5399/20 4781/5551/439 4796/5566/460
f 4774/5544/452 4790/5560/463 4775/5545/440
f 4768/5538/441 4782/5552/462 4783/5553/464
f 4775/5545/440 4791/5561/465 4776/5546/442
f 4768/5538/441 4784/5554/466 4769/5539/443
f 4777/5547/444 4791/5561/465 4792/5562/467
f 4769/5539/443 4785/5555/453 4770/5540/445
f 4777/5547/444 4793/5563/455 4778/5548/446
f 4789/5559/461 4805/5575/468 4790/5560/463
f 4782/5552/462 4798/5568/469 4783/5553/464
f 4790/5560/463 4806/5576/470 4791/5561/465
f 4784/5554/466 4798/5568/469 4799/5569/471
f 4792/5562/467 4806/5576/470 4807/5577/472
f 4784/5554/466 4800/5570/473 4785/5555/453
f 4792/5562/467 4808/5578/474 4793/5563/455
f 4786/5556/454 4800/5570/473 4801/5571/475
f 4794/5564/456 4808/5578/474 4809/5579/476
f 4786/5556/454 4802/5572/477 4787/5557/457
f 4794/5564/456 4810/5580/478 4795/5565/458
f 4788/5558/459 4802/5572/477 4803/5573/479
f 4796/5566/460 4810/5580/478 4811/5581/480
f 4789/5559/461 4803/5573/479 4804/5574/481
f 4782/5552/462 4420/5143/18 4797/5567/482
f 4646/5400/20 4796/5566/460 4811/5581/480
f 4809/5579/476 4817/5587/4 4818/5588/6
f 4802/5572/477 4340/5033/3 4815/5585/7
f 4809/5579/476 4819/5589/10 4810/5580/478
f 4803/5573/479 4815/5585/7 4341/5034/11
f 4810/5580/478 4820/5590/14 4811/5581/480
f 4804/5574/481 4341/5034/11 4342/5035/16
f 4797/5567/482 4420/5144/18 4812/5582/17
f 4646/5401/20 4811/5581/480 4820/5590/14
f 4804/5574/481 4343/5036/21 4805/5575/468
f 4798/5568/469 4812/5582/17 4813/5583/23
f 4805/5575/468 4816/5586/26 4806/5576/470
f 4799/5569/471 4813/5583/23 4339/5032/27
f 4806/5576/470 4344/5037/30 4807/5577/472
f 4800/5570/473 4339/5032/27 4814/5584/1
f 4807/5577/472 4817/5587/4 4808/5578/474
f 4801/5571/475 4814/5584/1 4340/5033/3
f 476/553/1 10/10/31 11/11/2
f 479/556/4 18/18/32 19/19/5
f 477/554/7 2/2/3 11/11/2
f 480/557/6 19/19/5 20/20/9
f 3/3/11 477/554/7 12/12/8
f 481/558/10 20/20/9 21/21/13
f 3/3/11 13/13/12 14/14/15
f 5/5/21 4/4/16 14/14/15
f 475/552/23 474/551/17 7/7/19
f 5/5/21 15/15/22 16/16/25
f 1/1/27 475/552/23 8/8/24
f 478/555/26 16/16/25 17/17/29
f 476/553/1 1/1/27 9/9/28
f 479/556/4 6/6/30 17/17/29
f 9/9/28 24/24/47 25/25/33
f 18/18/32 17/17/29 32/32/34
f 10/10/31 25/25/33 26/26/36
f 19/19/5 18/18/32 33/33/35
f 11/11/2 26/26/36 27/27/38
f 20/20/9 19/19/5 34/34/37
f 13/13/12 12/12/8 27/27/38
f 21/21/13 20/20/9 35/35/39
f 14/14/15 13/13/12 28/28/40
f 14/14/15 29/29/42 30/30/44
f 7/7/19 22/22/43 23/23/45
f 15/15/22 30/30/44 31/31/46
f 8/8/24 23/23/45 24/24/47
f 17/17/29 16/16/25 31/31/46
f 29/29/42 28/28/40 43/43/48
f 29/29/42 44/44/49 45/45/52
f 22/22/43 37/37/50 38/38/53
f 30/30/44 45/45/52 46/46/54
f 23/23/45 38/38/53 39/39/55
f 32/32/34 31/31/46 46/46/54
f 24/24/47 39/39/55 40/40/57
f 33/33/35 32/32/34 47/47/56
f 25/25/33 40/40/57 41/41/59
f 34/34/37 33/33/35 48/48/58
f 26/26/36 41/41/59 42/42/61
f 35/35/39 34/34/37 49/49/60
f 28/28/40 27/27/38 42/42/61
f 36/36/41 35/35/39 50/50/62
f 47/47/56 62/62/77 63/63/63
f 41/41/59 40/40/57 55/55/64
f 48/48/58 63/63/63 64/64/66
f 41/41/59 56/56/65 57/57/67
f 49/49/60 64/64/66 65/65/68
f 43/43/48 42/42/61 57/57/67
f 50/50/62 65/65/68 66/66/70
f 44/44/49 43/43/48 58/58/69
f 44/44/49 59/59/71 60/60/73
f 38/38/53 37/37/50 52/52/72
f 45/45/52 60/60/73 61/61/75
f 39/39/55 38/38/53 53/53/74
f 47/47/56 46/46/54 61/61/75
f 39/39/55 54/54/76 55/55/64
f 59/59/71 74/74/92 75/75/80
f 52/52/72 67/67/78 68/68/81
f 60/60/73 75/75/80 76/76/82
f 53/53/74 68/68/81 69/69/83
f 62/62/77 61/61/75 76/76/82
f 54/54/76 69/69/83 70/70/85
f 62/62/77 77/77/84 78/78/86
f 56/56/65 55/55/64 70/70/85
f 64/64/66 63/63/63 78/78/86
f 56/56/65 71/71/87 72/72/89
f 64/64/66 79/79/88 80/80/90
f 58/58/69 57/57/67 72/72/89
f 65/65/68 80/80/90 81/81/79
f 59/59/71 58/58/69 73/73/91
f 71/71/87 70/70/85 86/117/93
f 79/79/88 78/78/86 94/125/95
f 71/71/87 87/118/94 88/119/97
f 80/80/90 79/79/88 95/126/96
f 73/73/91 72/72/89 88/119/97
f 81/81/79 80/80/90 96/127/98
f 74/74/92 73/73/91 89/120/99
f 74/74/92 90/121/101 91/122/103
f 67/67/78 83/114/102 84/115/104
f 75/75/80 91/122/103 92/123/105
f 68/68/81 84/115/104 85/116/106
f 77/77/84 76/76/82 92/123/105
f 69/69/83 85/116/106 86/117/93
f 77/77/84 93/124/107 94/125/95
f 90/121/101 105/136/121 106/137/108
f 83/114/102 98/129/122 99/130/109
f 91/122/103 106/137/108 107/138/110
f 84/115/104 99/130/109 100/131/111
f 93/124/107 92/123/105 107/138/110
f 85/116/106 100/131/111 101/132/113
f 93/124/107 108/139/112 109/140/114
f 87/118/94 86/117/93 101/132/113
f 95/126/96 94/125/95 109/140/114
f 87/118/94 102/133/115 103/134/117
f 95/126/96 110/141/116 111/142/118
f 89/120/99 88/119/97 103/134/117
f 97/128/100 96/127/98 111/142/118
f 90/121/101 89/120/99 104/135/119
f 110/141/116 109/140/114 124/155/123
f 102/133/115 117/148/137 118/149/125
f 111/142/118 110/141/116 125/156/124
f 104/135/119 103/134/117 118/149/125
f 111/142/118 126/157/126 127/158/128
f 105/136/121 104/135/119 119/150/127
f 105/136/121 120/151/129 121/152/131
f 98/129/122 113/144/130 114/145/132
f 106/137/108 121/152/131 122/153/133
f 99/130/109 114/145/132 115/146/134
f 108/139/112 107/138/110 122/153/133
f 100/131/111 115/146/134 116/147/136
f 108/139/112 123/154/135 124/155/123
f 102/133/115 101/132/113 116/147/136
f 121/152/131 136/167/152 137/168/138
f 115/146/134 114/145/132 129/160/139
f 123/154/135 122/153/133 137/168/138
f 115/146/134 130/161/140 131/162/142
f 123/154/135 138/169/141 139/170/143
f 117/148/137 116/147/136 131/162/142
f 125/156/124 124/155/123 139/170/143
f 117/148/137 132/163/144 133/164/146
f 125/156/124 140/171/145 141/172/147
f 119/150/127 118/149/125 133/164/146
f 127/158/128 126/157/126 141/172/147
f 120/151/129 119/150/127 134/165/148
f 120/151/129 135/166/150 136/167/152
f 113/144/130 128/159/151 129/160/139
f 141/172/147 140/171/145 155/186/153
f 134/165/148 133/164/146 148/179/155
f 141/172/147 156/187/154 157/188/157
f 135/166/150 134/165/148 149/180/156
f 135/166/150 150/181/158 151/182/160
f 128/159/151 143/174/159 144/175/161
f 136/167/152 151/182/160 152/183/162
f 129/160/139 144/175/161 145/176/163
f 138/169/141 137/168/138 152/183/162
f 130/161/140 145/176/163 146/177/165
f 138/169/141 153/184/164 154/185/166
f 132/163/144 131/162/142 146/177/165
f 140/171/145 139/170/143 154/185/166
f 132/163/144 147/178/167 148/179/155
f 145/176/163 144/175/161 159/190/168
f 153/184/164 152/183/162 167/198/170
f 145/176/163 160/191/169 161/192/172
f 153/184/164 168/199/171 169/200/173
f 147/178/167 146/177/165 161/192/172
f 155/186/153 154/185/166 169/200/173
f 147/178/167 162/193/174 163/194/176
f 155/186/153 170/201/175 171/202/177
f 149/180/156 148/179/155 163/194/176
f 157/188/157 156/187/154 171/202/177
f 150/181/158 149/180/156 164/195/178
f 150/181/158 165/196/180 166/197/182
f 143/174/159 158/189/181 159/190/168
f 151/182/160 166/197/182 167/198/170
f 164/195/178 163/194/176 178/209/183
f 171/202/177 186/217/197 187/218/185
f 165/196/180 164/195/178 179/210/184
f 165/196/180 180/211/186 181/212/188
f 159/190/168 158/189/181 173/204/187
f 166/197/182 181/212/188 182/213/190
f 160/191/169 159/190/168 174/205/189
f 168/199/171 167/198/170 182/213/190
f 160/191/169 175/206/191 176/207/193
f 168/199/171 183/214/192 184/215/194
f 162/193/174 161/192/172 176/207/193
f 170/201/175 169/200/173 184/215/194
f 162/193/174 177/208/195 178/209/183
f 170/201/175 185/216/196 186/217/197
f 183/214/192 182/213/190 197/228/198
f 175/206/191 190/221/212 191/222/200
f 183/214/192 198/229/199 199/230/201
f 177/208/195 176/207/193 191/222/200
f 185/216/196 184/215/194 199/230/201
f 177/208/195 192/223/202 193/224/204
f 185/216/196 200/231/203 201/232/205
f 179/210/184 178/209/183 193/224/204
f 186/217/197 201/232/205 202/233/207
f 180/211/186 179/210/184 194/225/206
f 180/211/186 195/226/208 196/227/210
f 174/205/189 173/204/187 188/219/209
f 181/212/188 196/227/210 197/228/198
f 175/206/191 174/205/189 189/220/211
f 202/233/207 201/232/205 216/247/213
f 195/226/208 194/225/206 209/240/215
f 195/226/208 210/241/216 211/242/218
f 188/219/209 203/234/217 204/235/219
f 196/227/210 211/242/218 212/243/220
f 189/220/211 204/235/219 205/236/221
f 198/229/199 197/228/198 212/243/220
f 190/221/212 205/236/221 206/237/223
f 198/229/199 213/244/222 214/245/224
f 192/223/202 191/222/200 206/237/223
f 200/231/203 199/230/201 214/245/224
f 192/223/202 207/238/225 208/239/227
f 201/232/205 200/231/203 215/246/226
f 194/225/206 193/224/204 208/239/227
f 205/236/221 220/251/241 221/252/228
f 213/244/222 228/259/242 229/260/229
f 207/238/225 206/237/223 221/252/228
f 215/246/226 214/245/224 229/260/229
f 207/238/225 222/253/230 223/254/232
f 215/246/226 230/261/231 231/262/233
f 209/240/215 208/239/227 223/254/232
f 216/247/213 231/262/233 232/263/235
f 210/241/216 209/240/215 224/255/234
f 210/241/216 225/256/236 226/257/238
f 204/235/219 203/234/217 218/249/237
f 211/242/218 226/257/238 227/258/240
f 205/236/221 204/235/219 219/250/239
f 213/244/222 212/243/220 227/258/240
f 225/256/236 224/255/234 239/270/243
f 225/256/236 240/271/244 241/272/247
f 218/249/237 233/264/245 234/265/248
f 226/257/238 241/272/247 242/273/249
f 219/250/239 234/265/248 235/266/250
f 228/259/242 227/258/240 242/273/249
f 220/251/241 235/266/250 236/267/252
f 228/259/242 243/274/251 244/275/253
f 222/253/230 221/252/228 236/267/252
f 230/261/231 229/260/229 244/275/253
f 222/253/230 237/268/254 238/269/256
f 231/262/233 230/261/231 245/276/255
f 224/255/234 223/254/232 238/269/256
f 232/263/235 231/262/233 246/277/257
f 243/274/251 258/289/272 259/290/258
f 237/268/254 236/267/252 251/282/259
f 244/275/253 259/290/258 260/291/261
f 237/268/254 252/283/260 253/284/262
f 245/276/255 260/291/261 261/292/263
f 239/270/243 238/269/256 253/284/262
f 246/277/257 261/292/263 262/293/265
f 240/271/244 239/270/243 254/285/264
f 240/271/244 255/286/266 256/287/268
f 234/265/248 233/264/245 248/279/267
f 241/272/247 256/287/268 257/288/270
f 235/266/250 234/265/248 249/280/269
f 243/274/251 242/273/249 257/288/270
f 236/267/252 235/266/250 250/281/271
f 255/286/266 270/301/286 271/302/274
f 248/279/267 263/294/287 264/295/275
f 256/287/268 271/302/274 272/303/276
f 249/280/269 264/295/275 265/296/277
f 258/289/272 257/288/270 272/303/276
f 250/281/271 265/296/277 266/297/279
f 258/289/272 273/304/278 274/305/280
f 252/283/260 251/282/259 266/297/279
f 260/291/261 259/290/258 274/305/280
f 252/283/260 267/298/281 268/299/283
f 261/292/263 260/291/261 275/306/282
f 254/285/264 253/284/262 268/299/283
f 262/293/265 261/292/263 276/307/284
f 255/286/266 254/285/264 269/300/285
f 275/306/282 274/305/280 289/320/288
f 267/298/281 282/313/302 283/314/290
f 276/307/284 275/306/282 290/321/289
f 269/300/285 268/299/283 283/314/290
f 277/308/273 276/307/284 291/322/291
f 270/301/286 269/300/285 284/315/292
f 270/301/286 285/316/294 286/317/296
f 263/294/287 278/309/295 279/310/297
f 271/302/274 286/317/296 287/318/298
f 264/295/275 279/310/297 280/311/299
f 273/304/278 272/303/276 287/318/298
f 265/296/277 280/311/299 281/312/301
f 273/304/278 288/319/300 289/320/288
f 267/298/281 266/297/279 281/312/301
f 279/310/297 278/309/295 293/324/303
f 286/317/296 301/332/317 302/333/305
f 280/311/299 279/310/297 294/325/304
f 288/319/300 287/318/298 302/333/305
f 280/311/299 295/326/306 296/327/308
f 289/320/288 288/319/300 303/334/307
f 281/312/301 296/327/308 297/328/310
f 290/321/289 289/320/288 304/335/309
f 282/313/302 297/328/310 298/329/312
f 290/321/289 305/336/311 306/337/313
f 284/315/292 283/314/290 298/329/312
f 291/322/291 306/337/313 307/338/315
f 285/316/294 284/315/292 299/330/314
f 285/316/294 300/331/316 301/332/317
f 297/328/310 313/375/331 314/376/318
f 305/336/311 321/383/332 322/384/319
f 299/330/314 298/329/312 314/376/318
f 307/338/315 306/337/313 322/384/319
f 300/331/316 299/330/314 315/377/320
f 300/331/316 316/378/322 317/379/324
f 293/324/303 309/371/323 310/372/325
f 301/332/317 317/379/324 318/380/326
f 295/326/306 294/325/304 310/372/325
f 303/334/307 302/333/305 318/380/326
f 295/326/306 311/373/327 312/374/329
f 303/334/307 319/381/328 320/382/330
f 297/328/310 296/327/308 312/374/329
f 305/336/311 304/335/309 320/382/330
f 317/379/324 332/394/347 333/395/333
f 311/373/327 310/372/325 325/387/334
f 319/381/328 318/380/326 333/395/333
f 311/373/327 326/388/335 327/389/337
f 319/381/328 334/396/336 335/397/338
f 313/375/331 312/374/329 327/389/337
f 321/383/332 320/382/330 335/397/338
f 313/375/331 328/390/339 329/391/341
f 321/383/332 336/398/340 337/399/342
f 315/377/320 314/376/318 329/391/341
f 322/384/319 337/399/342 338/400/344
f 316/378/322 315/377/320 330/392/343
f 316/378/322 331/393/345 332/394/347
f 310/372/325 309/371/323 324/386/346
f 336/398/340 351/413/362 352/414/348
f 330/392/343 329/391/341 344/406/349
f 337/399/342 352/414/348 353/415/351
f 331/393/345 330/392/343 345/407/350
f 331/393/345 346/408/352 347/409/354
f 324/386/346 339/401/353 340/402/355
f 332/394/347 347/409/354 348/410/356
f 326/388/335 325/387/334 340/402/355
f 334/396/336 333/395/333 348/410/356
f 326/388/335 341/403/357 342/404/359
f 334/396/336 349/411/358 350/412/360
f 328/390/339 327/389/337 342/404/359
f 336/398/340 335/397/338 350/412/360
f 328/390/339 343/405/361 344/406/349
f 341/403/357 340/402/355 355/418/363
f 349/411/358 348/410/356 363/434/365
f 341/403/357 356/420/364 357/422/367
f 349/411/358 364/436/366 365/438/368
f 343/405/361 342/404/359 357/422/367
f 351/413/362 350/412/360 365/438/368
f 343/405/361 358/424/369 359/426/371
f 351/413/362 366/440/370 367/442/372
f 345/407/350 344/406/349 359/426/371
f 353/415/351 352/414/348 367/442/372
f 346/408/352 345/407/350 360/428/373
f 346/408/352 361/430/375 362/432/377
f 339/401/353 354/416/376 355/418/363
f 347/409/354 362/432/377 363/434/365
f 360/429/373 359/427/371 374/451/378
f 368/445/374 367/443/372 382/459/380
f 361/431/375 360/429/373 375/452/379
f 361/431/375 376/453/382 377/454/384
f 354/417/376 369/446/383 370/447/385
f 362/433/377 377/454/384 378/455/386
f 356/421/364 355/419/363 370/447/385
f 364/437/366 363/435/365 378/455/386
f 356/421/364 371/448/387 372/449/389
f 364/437/366 379/456/388 380/457/390
f 358/425/369 357/423/367 372/449/389
f 366/441/370 365/439/368 380/457/390
f 358/425/369 373/450/391 374/451/378
f 366/441/370 381/458/392 382/459/380
f 379/456/388 378/455/386 393/470/393
f 371/448/387 386/463/407 387/464/395
f 379/456/388 394/471/394 395/472/396
f 373/450/391 372/449/389 387/464/395
f 381/458/392 380/457/390 395/472/396
f 373/450/391 388/465/397 389/466/399
f 381/458/392 396/473/398 397/474/400
f 375/452/379 374/451/378 389/466/399
f 382/459/380 397/474/400 398/475/402
f 376/453/382 375/452/379 390/467/401
f 376/453/382 391/468/403 392/469/405
f 370/447/385 369/446/383 384/461/404
f 377/454/384 392/469/405 393/470/393
f 371/448/387 370/447/385 385/462/406
f 398/475/402 397/474/400 412/489/408
f 391/468/403 390/467/401 405/482/410
f 391/468/403 406/483/411 407/484/413
f 384/461/404 399/476/412 400/477/414
f 392/469/405 407/484/413 408/485/415
f 386/463/407 385/462/406 400/477/414
f 394/471/394 393/470/393 408/485/415
f 386/463/407 401/478/416 402/479/418
f 394/471/394 409/486/417 410/487/419
f 388/465/397 387/464/395 402/479/418
f 396/473/398 395/472/396 410/487/419
f 388/465/397 403/480/420 404/481/422
f 396/473/398 411/488/421 412/489/408
f 390/467/401 389/466/399 404/481/422
f 409/486/417 424/501/437 425/502/423
f 403/480/420 402/479/418 417/494/424
f 411/488/421 410/487/419 425/502/423
f 403/480/420 418/495/425 419/496/427
f 411/488/421 426/503/426 427/504/428
f 405/482/410 404/481/422 419/496/427
f 413/490/409 412/489/408 427/504/428
f 406/483/411 405/482/410 420/497/429
f 406/483/411 421/498/431 422/499/433
f 399/476/412 414/491/432 415/492/434
f 407/484/413 422/499/433 423/500/435
f 401/478/416 400/477/414 415/492/434
f 409/486/417 408/485/415 423/500/435
f 401/478/416 416/493/436 417/494/424
f 421/498/431 436/513/452 437/514/440
f 414/491/432 429/506/438 430/507/441
f 422/499/433 437/514/440 438/515/442
f 416/493/436 415/492/434 430/507/441
f 424/501/437 423/500/435 438/515/442
f 416/493/436 431/508/443 432/509/445
f 424/501/437 439/516/444 440/517/446
f 418/495/425 417/494/424 432/509/445
f 426/503/426 425/502/423 440/517/446
f 418/495/425 433/510/447 434/511/449
f 426/503/426 441/518/448 442/519/450
f 420/497/429 419/496/427 434/511/449
f 428/505/430 427/504/428 442/519/450
f 421/498/431 420/497/429 435/512/451
f 433/510/447 432/509/445 447/524/453
f 441/518/448 440/517/446 455/532/455
f 433/510/447 448/525/454 449/526/457
f 441/518/448 456/533/456 457/534/458
f 435/512/451 434/511/449 449/526/457
f 442/519/450 457/534/458 458/535/460
f 436/513/452 435/512/451 450/527/459
f 436/513/452 451/528/461 452/529/463
f 430/507/441 429/506/438 444/521/462
f 437/514/440 452/529/463 453/530/465
f 431/508/443 430/507/441 445/522/464
f 439/516/444 438/515/442 453/530/465
f 431/508/443 446/523/466 447/524/453
f 439/516/444 454/531/467 455/532/455
f 451/528/461 466/543/481 467/544/468
f 444/521/462 459/536/482 460/537/469
f 452/529/463 467/544/468 468/545/470
f 446/523/466 445/522/464 460/537/469
f 454/531/467 453/530/465 468/545/470
f 446/523/466 461/538/471 462/539/473
f 454/531/467 469/546/472 470/547/474
f 448/525/454 447/524/453 462/539/473
f 456/533/456 455/532/455 470/547/474
f 448/525/454 463/540/475 464/541/477
f 456/533/456 471/548/476 472/549/478
f 450/527/459 449/526/457 464/541/477
f 458/535/460 457/534/458 472/549/478
f 451/528/461 450/527/459 465/542/479
f 471/548/476 470/547/474 479/556/4
f 464/541/477 463/540/475 2/2/3
f 471/548/476 480/557/6 481/558/10
f 465/542/479 464/541/477 477/554/7
f 472/549/478 481/558/10 482/559/14
f 466/543/481 465/542/479 3/3/11
f 466/543/481 4/4/16 5/5/21
f 460/537/469 459/536/482 474/551/17
f 467/544/468 5/5/21 478/555/26
f 461/538/471 460/537/469 475/552/23
f 468/545/470 478/555/26 6/6/30
f 462/539/473 461/538/471 1/1/27
f 469/546/472 6/6/30 479/556/4
f 463/540/475 462/539/473 476/553/1
f 958/1112/1 492/569/31 493/570/2
f 961/1115/4 500/577/32 501/578/5
f 959/1113/7 484/561/3 493/570/2
f 962/1116/6 501/578/5 502/579/9
f 959/1113/7 494/571/8 495/572/12
f 963/1117/10 502/579/9 503/580/13
f 485/562/11 495/572/12 496/573/15
f 486/563/16 496/573/15 497/574/22
f 957/1111/23 956/1110/17 489/566/19
f 487/564/21 497/574/22 498/575/25
f 483/560/27 957/1111/23 490/567/24
f 960/1114/26 498/575/25 499/576/29
f 958/1112/1 483/560/27 491/568/28
f 961/1115/4 488/565/30 499/576/29
f 491/568/28 506/583/47 507/584/33
f 500/577/32 499/576/29 514/591/34
f 492/569/31 507/584/33 508/585/36
f 501/578/5 500/577/32 515/592/35
f 493/570/2 508/585/36 509/586/38
f 502/579/9 501/578/5 516/593/37
f 495/572/12 494/571/8 509/586/38
f 503/580/13 502/579/9 517/594/39
f 495/572/12 510/587/40 511/588/42
f 497/574/22 496/573/15 511/588/42
f 489/566/19 504/581/43 505/582/45
f 497/574/22 512/589/44 513/590/46
f 490/567/24 505/582/45 506/583/47
f 499/576/29 498/575/25 513/590/46
f 511/588/42 510/587/40 525/602/48
f 511/588/42 526/603/49 527/604/52
f 504/581/43 519/596/50 520/597/53
f 512/589/44 527/604/52 528/605/54
f 505/582/45 520/597/53 521/598/55
f 514/591/34 513/590/46 528/605/54
f 506/583/47 521/598/55 522/599/57
f 515/592/35 514/591/34 529/606/56
f 507/584/33 522/599/57 523/600/59
f 516/593/37 515/592/35 530/607/58
f 508/585/36 523/600/59 524/601/61
f 517/594/39 516/593/37 531/608/60
f 510/587/40 509/586/38 524/601/61
f 518/595/41 517/594/39 532/609/62
f 529/606/56 544/621/77 545/622/63
f 523/600/59 522/599/57 537/614/64
f 530/607/58 545/622/63 546/623/66
f 523/600/59 538/615/65 539/616/67
f 531/608/60 546/623/66 547/624/68
f 525/602/48 524/601/61 539/616/67
f 533/610/51 532/609/62 547/624/68
f 526/603/49 525/602/48 540/617/69
f 526/603/49 541/618/71 542/619/73
f 519/596/50 534/611/72 535/612/74
f 527/604/52 542/619/73 543/620/75
f 521/598/55 520/597/53 535/612/74
f 528/605/54 543/620/75 544/621/77
f 522/599/57 521/598/55 536/613/76
f 541/618/71 556/633/92 557/634/80
f 534/611/72 549/626/78 550/627/81
f 542/619/73 557/634/80 558/635/82
f 535/612/74 550/627/81 551/628/83
f 544/621/77 543/620/75 558/635/82
f 536/613/76 551/628/83 552/629/85
f 545/622/63 544/621/77 559/636/84
f 537/614/64 552/629/85 553/630/87
f 546/623/66 545/622/63 560/637/86
f 538/615/65 553/630/87 554/631/89
f 546/623/66 561/638/88 562/639/90
f 540/617/69 539/616/67 554/631/89
f 548/625/70 547/624/68 562/639/90
f 541/618/71 540/617/69 555/632/91
f 553/630/87 552/629/85 568/676/93
f 561/638/88 560/637/86 576/684/95
f 553/630/87 569/677/94 570/678/97
f 562/639/90 561/638/88 577/685/96
f 555/632/91 554/631/89 570/678/97
f 563/640/79 562/639/90 578/686/98
f 556/633/92 555/632/91 571/679/99
f 556/633/92 572/680/101 573/681/103
f 549/626/78 565/673/484 566/674/104
f 557/634/80 573/681/103 574/682/105
f 550/627/81 566/674/104 567/675/106
f 559/636/84 558/635/82 574/682/105
f 551/628/83 567/675/106 568/676/93
f 559/636/84 575/683/107 576/684/95
f 572/680/101 587/695/121 588/696/108
f 565/673/484 580/688/122 581/689/109
f 573/681/103 588/696/108 589/697/110
f 567/675/106 566/674/104 581/689/109
f 575/683/107 574/682/105 589/697/110
f 567/675/106 582/690/111 583/691/113
f 575/683/107 590/698/112 591/699/114
f 569/677/94 568/676/93 583/691/113
f 577/685/96 576/684/95 591/699/114
f 569/677/94 584/692/115 585/693/117
f 577/685/96 592/700/116 593/701/118
f 571/679/99 570/678/97 585/693/117
f 579/687/483 578/686/98 593/701/118
f 572/680/101 571/679/99 586/694/119
f 592/700/116 591/699/114 606/714/123
f 584/692/115 599/707/137 600/708/125
f 593/701/118 592/700/116 607/715/124
f 586/694/119 585/693/117 600/708/125
f 593/701/118 608/716/126 609/717/128
f 587/695/121 586/694/119 601/709/127
f 587/695/121 602/710/129 603/711/131
f 580/688/122 595/703/130 596/704/132
f 588/696/108 603/711/131 604/712/133
f 581/689/109 596/704/132 597/705/134
f 590/698/112 589/697/110 604/712/133
f 582/690/111 597/705/134 598/706/136
f 590/698/112 605/713/135 606/714/123
f 584/692/115 583/691/113 598/706/136
f 603/711/131 618/726/152 619/727/138
f 597/705/134 596/704/132 611/719/139
f 605/713/135 604/712/133 619/727/138
f 597/705/134 612/720/140 613/721/142
f 605/713/135 620/728/141 621/729/143
f 599/707/137 598/706/136 613/721/142
f 607/715/124 606/714/123 621/729/143
f 599/707/137 614/722/144 615/723/146
f 607/715/124 622/730/145 623/731/147
f 601/709/127 600/708/125 615/723/146
f 609/717/128 608/716/126 623/731/147
f 602/710/129 601/709/127 616/724/148
f 602/710/129 617/725/150 618/726/152
f 595/703/130 610/718/151 611/719/139
f 623/731/147 622/730/145 637/745/153
f 616/724/148 615/723/146 630/738/155
f 624/732/149 623/731/147 638/746/154
f 617/725/150 616/724/148 631/739/156
f 617/725/150 632/740/158 633/741/160
f 610/718/151 625/733/486 626/734/161
f 618/726/152 633/741/160 634/742/162
f 611/719/139 626/734/161 627/735/163
f 620/728/141 619/727/138 634/742/162
f 612/720/140 627/735/163 628/736/165
f 620/728/141 635/743/164 636/744/166
f 614/722/144 613/721/142 628/736/165
f 622/730/145 621/729/143 636/744/166
f 614/722/144 629/737/167 630/738/155
f 627/735/163 626/734/161 641/749/168
f 635/743/164 634/742/162 649/757/170
f 627/735/163 642/750/169 643/751/172
f 635/743/164 650/758/171 651/759/173
f 629/737/167 628/736/165 643/751/172
f 637/745/153 636/744/166 651/759/173
f 629/737/167 644/752/174 645/753/176
f 637/745/153 652/760/175 653/761/177
f 631/739/156 630/738/155 645/753/176
f 639/747/485 638/746/154 653/761/177
f 632/740/158 631/739/156 646/754/178
f 632/740/158 647/755/180 648/756/182
f 625/733/486 640/748/181 641/749/168
f 633/741/160 648/756/182 649/757/170
f 646/754/178 645/753/176 660/768/183
f 653/761/177 668/776/197 669/777/185
f 647/755/180 646/754/178 661/769/184
f 647/755/180 662/770/186 663/771/188
f 641/749/168 640/748/181 655/763/187
f 648/756/182 663/771/188 664/772/190
f 642/750/169 641/749/168 656/764/189
f 650/758/171 649/757/170 664/772/190
f 642/750/169 657/765/191 658/766/193
f 650/758/171 665/773/192 666/774/194
f 644/752/174 643/751/172 658/766/193
f 652/760/175 651/759/173 666/774/194
f 644/752/174 659/767/195 660/768/183
f 652/760/175 667/775/196 668/776/197
f 665/773/192 664/772/190 679/787/198
f 657/765/191 672/780/212 673/781/200
f 665/773/192 680/788/199 681/789/487
f 659/767/195 658/766/193 673/781/200
f 667/775/196 666/774/194 681/789/487
f 659/767/195 674/782/202 675/783/204
f 667/775/196 682/790/203 683/791/205
f 661/769/184 660/768/183 675/783/204
f 668/776/197 683/791/205 684/792/207
f 662/770/186 661/769/184 676/784/206
f 662/770/186 677/785/208 678/786/210
f 656/764/189 655/763/187 670/778/209
f 663/771/188 678/786/210 679/787/198
f 657/765/191 656/764/189 671/779/211
f 684/792/207 683/791/205 698/806/213
f 677/785/208 676/784/206 691/799/215
f 677/785/208 692/800/216 693/801/218
f 670/778/209 685/793/217 686/794/219
f 678/786/210 693/801/218 694/802/220
f 671/779/211 686/794/219 687/795/221
f 680/788/199 679/787/198 694/802/220
f 672/780/212 687/795/221 688/796/223
f 680/788/199 695/803/222 696/804/224
f 674/782/202 673/781/200 688/796/223
f 682/790/203 681/789/487 696/804/224
f 674/782/202 689/797/225 690/798/227
f 683/791/205 682/790/203 697/805/226
f 676/784/206 675/783/204 690/798/227
f 687/795/221 702/810/241 703/811/228
f 695/803/222 710/818/242 711/819/229
f 689/797/225 688/796/223 703/811/228
f 697/805/226 696/804/224 711/819/229
f 689/797/225 704/812/230 705/813/232
f 698/806/213 697/805/226 712/820/231
f 691/799/215 690/798/227 705/813/232
f 698/806/213 713/821/233 714/822/235
f 692/800/216 691/799/215 706/814/234
f 692/800/216 707/815/236 708/816/238
f 686/794/219 685/793/217 700/808/237
f 693/801/218 708/816/238 709/817/240
f 686/794/219 701/809/239 702/810/241
f 695/803/222 694/802/220 709/817/240
f 707/815/236 706/814/234 721/829/243
f 707/815/236 722/830/244 723/831/247
f 701/809/239 700/808/237 715/823/245
f 708/816/238 723/831/247 724/832/249
f 702/810/241 701/809/239 716/824/248
f 710/818/242 709/817/240 724/832/249
f 702/810/241 717/825/250 718/826/252
f 710/818/242 725/833/251 726/834/253
f 704/812/230 703/811/228 718/826/252
f 712/820/231 711/819/229 726/834/253
f 704/812/230 719/827/254 720/828/256
f 712/820/231 727/835/255 728/836/257
f 706/814/234 705/813/232 720/828/256
f 713/821/233 728/836/257 729/837/246
f 726/834/253 725/833/251 740/848/272
f 718/826/252 733/841/259 734/842/260
f 727/835/255 726/834/253 741/849/258
f 719/827/254 734/842/260 735/843/262
f 728/836/257 727/835/255 742/850/261
f 721/829/243 720/828/256 735/843/262
f 729/837/246 728/836/257 743/851/263
f 722/830/244 721/829/243 736/844/264
f 722/830/244 737/845/266 738/846/268
f 715/823/245 730/838/267 731/839/269
f 723/831/247 738/846/268 739/847/270
f 716/824/248 731/839/269 732/840/271
f 725/833/251 724/832/249 739/847/270
f 717/825/250 732/840/271 733/841/259
f 737/845/266 752/860/286 753/861/274
f 730/838/267 745/853/287 746/854/275
f 738/846/268 753/861/274 754/862/276
f 731/839/269 746/854/275 747/855/277
f 740/848/272 739/847/270 754/862/276
f 732/840/271 747/855/277 748/856/279
f 740/848/272 755/863/278 756/864/280
f 734/842/260 733/841/259 748/856/279
f 742/850/261 741/849/258 756/864/280
f 734/842/260 749/857/281 750/858/283
f 743/851/263 742/850/261 757/865/282
f 736/844/264 735/843/262 750/858/283
f 744/852/265 743/851/263 758/866/284
f 737/845/266 736/844/264 751/859/285
f 757/865/282 756/864/280 771/879/488
f 749/857/281 764/872/302 765/873/290
f 757/865/282 772/880/289 773/881/291
f 751/859/285 750/858/283 765/873/290
f 759/867/273 758/866/284 773/881/291
f 752/860/286 751/859/285 766/874/292
f 752/860/286 767/875/294 768/876/296
f 745/853/287 760/868/295 761/869/297
f 753/861/274 768/876/296 769/877/298
f 747/855/277 746/854/275 761/869/297
f 755/863/278 754/862/276 769/877/298
f 747/855/277 762/870/299 763/871/301
f 755/863/278 770/878/300 771/879/488
f 749/857/281 748/856/279 763/871/301
f 761/869/297 760/868/295 775/883/303
f 768/876/296 783/891/317 784/892/305
f 762/870/299 761/869/297 776/884/304
f 770/878/300 769/877/298 784/892/305
f 762/870/299 777/885/306 778/886/308
f 770/878/300 785/893/307 786/894/309
f 764/872/302 763/871/301 778/886/308
f 772/880/289 771/879/488 786/894/309
f 764/872/302 779/887/310 780/888/312
f 772/880/289 787/895/311 788/896/313
f 766/874/292 765/873/290 780/888/312
f 773/881/291 788/896/313 789/897/315
f 767/875/294 766/874/292 781/889/314
f 767/875/294 782/890/316 783/891/317
f 779/887/310 795/934/331 796/935/318
f 788/896/313 787/895/311 803/942/332
f 781/889/314 780/888/312 796/935/318
f 789/897/315 788/896/313 804/943/319
f 782/890/316 781/889/314 797/936/320
f 782/890/316 798/937/322 799/938/324
f 775/883/303 791/930/323 792/931/325
f 783/891/317 799/938/324 800/939/326
f 776/884/304 792/931/325 793/932/327
f 785/893/307 784/892/305 800/939/326
f 777/885/306 793/932/327 794/933/329
f 785/893/307 801/940/328 802/941/330
f 779/887/310 778/886/308 794/933/329
f 787/895/311 786/894/309 802/941/330
f 799/938/324 814/953/347 815/954/333
f 792/931/325 807/946/334 808/947/335
f 801/940/328 800/939/326 815/954/333
f 793/932/327 808/947/335 809/948/337
f 801/940/328 816/955/336 817/956/338
f 795/934/331 794/933/329 809/948/337
f 803/942/332 802/941/330 817/956/338
f 795/934/331 810/949/339 811/950/341
f 804/943/319 803/942/332 818/957/340
f 797/936/320 796/935/318 811/950/341
f 804/943/319 819/958/342 820/959/489
f 798/937/322 797/936/320 812/951/343
f 798/937/322 813/952/345 814/953/347
f 791/930/323 806/945/490 807/946/334
f 819/958/342 818/957/340 833/972/362
f 812/951/343 811/950/341 826/965/349
f 820/959/489 819/958/342 834/973/348
f 813/952/345 812/951/343 827/966/350
f 813/952/345 828/967/352 829/968/354
f 806/945/490 821/960/353 822/961/355
f 814/953/347 829/968/354 830/969/356
f 807/946/334 822/961/355 823/962/357
f 816/955/336 815/954/333 830/969/356
f 808/947/335 823/962/357 824/963/359
f 816/955/336 831/970/358 832/971/360
f 810/949/339 809/948/337 824/963/359
f 818/957/340 817/956/338 832/971/360
f 810/949/339 825/964/361 826/965/349
f 822/961/355 837/977/363 838/979/364
f 831/970/358 830/969/356 845/993/365
f 823/962/357 838/979/364 839/981/367
f 831/970/358 846/995/366 847/997/368
f 825/964/361 824/963/359 839/981/367
f 833/972/362 832/971/360 847/997/368
f 825/964/361 840/983/369 841/985/371
f 834/973/348 833/972/362 848/999/370
f 827/966/350 826/965/349 841/985/371
f 834/973/348 849/1001/372 850/1004/374
f 828/967/352 827/966/350 842/987/373
f 828/967/352 843/989/375 844/991/377
f 821/960/353 836/975/376 837/977/363
f 829/968/354 844/991/377 845/993/365
f 842/988/373 841/986/371 856/1010/378
f 849/1002/372 864/1018/380 865/1019/381
f 843/990/375 842/988/373 857/1011/379
f 843/990/375 858/1012/382 859/1013/384
f 837/978/363 836/976/376 851/1005/383
f 844/992/377 859/1013/384 860/1014/386
f 838/980/364 837/978/363 852/1006/385
f 846/996/366 845/994/365 860/1014/386
f 838/980/364 853/1007/387 854/1008/389
f 846/996/366 861/1015/388 862/1016/390
f 840/984/369 839/982/367 854/1008/389
f 848/1000/370 847/998/368 862/1016/390
f 840/984/369 855/1009/391 856/1010/378
f 848/1000/370 863/1017/392 864/1018/380
f 861/1015/388 860/1014/386 875/1029/393
f 853/1007/387 868/1022/407 869/1023/395
f 861/1015/388 876/1030/394 877/1031/396
f 855/1009/391 854/1008/389 869/1023/395
f 863/1017/392 862/1016/390 877/1031/396
f 855/1009/391 870/1024/397 871/1025/399
f 863/1017/392 878/1032/398 879/1033/400
f 857/1011/379 856/1010/378 871/1025/399
f 864/1018/380 879/1033/400 880/1034/491
f 858/1012/382 857/1011/379 872/1026/401
f 858/1012/382 873/1027/403 874/1028/405
f 852/1006/385 851/1005/383 866/1020/492
f 859/1013/384 874/1028/405 875/1029/393
f 853/1007/387 852/1006/385 867/1021/406
f 880/1034/491 879/1033/400 894/1048/408
f 873/1027/403 872/1026/401 887/1041/410
f 873/1027/403 888/1042/411 889/1043/413
f 866/1020/492 881/1035/412 882/1036/414
f 874/1028/405 889/1043/413 890/1044/415
f 868/1022/407 867/1021/406 882/1036/414
f 876/1030/394 875/1029/393 890/1044/415
f 868/1022/407 883/1037/416 884/1038/418
f 876/1030/394 891/1045/417 892/1046/419
f 870/1024/397 869/1023/395 884/1038/418
f 878/1032/398 877/1031/396 892/1046/419
f 870/1024/397 885/1039/420 886/1040/422
f 878/1032/398 893/1047/421 894/1048/408
f 872/1026/401 871/1025/399 886/1040/422
f 891/1045/417 906/1060/437 907/1061/423
f 885/1039/420 884/1038/418 899/1053/424
f 893/1047/421 892/1046/419 907/1061/423
f 885/1039/420 900/1054/425 901/1055/427
f 893/1047/421 908/1062/426 909/1063/428
f 887/1041/410 886/1040/422 901/1055/427
f 894/1048/408 909/1063/428 910/1064/430
f 888/1042/411 887/1041/410 902/1056/429
f 888/1042/411 903/1057/431 904/1058/433
f 882/1036/414 881/1035/412 896/1050/432
f 889/1043/413 904/1058/433 905/1059/435
f 883/1037/416 882/1036/414 897/1051/434
f 891/1045/417 890/1044/415 905/1059/435
f 883/1037/416 898/1052/436 899/1053/424
f 903/1057/431 918/1072/452 919/1073/440
f 896/1050/432 911/1065/438 912/1066/441
f 904/1058/433 919/1073/440 920/1074/442
f 898/1052/436 897/1051/434 912/1066/441
f 906/1060/437 905/1059/435 920/1074/442
f 898/1052/436 913/1067/443 914/1068/445
f 906/1060/437 921/1075/444 922/1076/446
f 900/1054/425 899/1053/424 914/1068/445
f 908/1062/426 907/1061/423 922/1076/446
f 900/1054/425 915/1069/447 916/1070/449
f 908/1062/426 923/1077/448 924/1078/450
f 902/1056/429 901/1055/427 916/1070/449
f 910/1064/430 909/1063/428 924/1078/450
f 903/1057/431 902/1056/429 917/1071/451
f 915/1069/447 914/1068/445 929/1083/453
f 923/1077/448 922/1076/446 937/1091/455
f 915/1069/447 930/1084/454 931/1085/457
f 923/1077/448 938/1092/456 939/1093/458
f 917/1071/451 916/1070/449 931/1085/457
f 925/1079/439 924/1078/450 939/1093/458
f 918/1072/452 917/1071/451 932/1086/459
f 918/1072/452 933/1087/461 934/1088/463
f 911/1065/438 926/1080/462 927/1081/464
f 919/1073/440 934/1088/463 935/1089/465
f 913/1067/443 912/1066/441 927/1081/464
f 921/1075/444 920/1074/442 935/1089/465
f 913/1067/443 928/1082/466 929/1083/453
f 921/1075/444 936/1090/467 937/1091/455
f 933/1087/461 948/1102/481 949/1103/468
f 927/1081/464 926/1080/462 941/1095/482
f 934/1088/463 949/1103/468 950/1104/470
f 928/1082/466 927/1081/464 942/1096/469
f 936/1090/467 935/1089/465 950/1104/470
f 928/1082/466 943/1097/471 944/1098/473
f 936/1090/467 951/1105/472 952/1106/474
f 930/1084/454 929/1083/453 944/1098/473
f 938/1092/456 937/1091/455 952/1106/474
f 930/1084/454 945/1099/475 946/1100/477
f 938/1092/456 953/1107/476 954/1108/478
f 932/1086/459 931/1085/457 946/1100/477
f 939/1093/458 954/1108/478 955/1109/480
f 933/1087/461 932/1086/459 947/1101/479
f 953/1107/476 952/1106/474 961/1115/4
f 946/1100/477 945/1099/475 484/561/3
f 954/1108/478 953/1107/476 962/1116/6
f 947/1101/479 946/1100/477 959/1113/7
f 955/1109/480 954/1108/478 963/1117/10
f 948/1102/481 947/1101/479 485/562/11
f 948/1102/481 486/563/16 487/564/21
f 941/1095/482 956/1110/17 957/1111/23
f 949/1103/468 487/564/21 960/1114/26
f 943/1097/471 942/1096/469 957/1111/23
f 950/1104/470 960/1114/26 488/565/30
f 944/1098/473 943/1097/471 483/560/27
f 951/1105/472 488/565/30 961/1115/4
f 945/1099/475 944/1098/473 958/1112/1
f 1440/1671/1 974/1128/31 975/1129/2
f 1443/1674/4 982/1136/32 983/1137/5
f 1441/1672/7 966/1120/3 975/1129/2
f 1444/1675/6 983/1137/5 984/1138/9
f 967/1121/11 1441/1672/7 976/1130/8
f 1445/1676/10 984/1138/9 985/1139/13
f 967/1121/11 977/1131/12 978/1132/15
f 969/1123/21 968/1122/16 978/1132/15
f 1439/1670/23 1438/1669/17 971/1125/19
f 969/1123/21 979/1133/22 980/1134/25
f 1439/1670/23 972/1126/24 973/1127/28
f 1442/1673/26 980/1134/25 981/1135/29
f 1440/1671/1 965/1119/27 973/1127/28
f 1443/1674/4 970/1124/30 981/1135/29
f 973/1127/28 988/1142/47 989/1143/33
f 981/1135/29 996/1150/34 997/1151/35
f 975/1129/2 974/1128/31 989/1143/33
f 983/1137/5 982/1136/32 997/1151/35
f 975/1129/2 990/1144/36 991/1145/38
f 983/1137/5 998/1152/37 999/1153/39
f 977/1131/12 976/1130/8 991/1145/38
f 984/1138/9 999/1153/39 1000/1154/41
f 978/1132/15 977/1131/12 992/1146/40
f 978/1132/15 993/1147/42 994/1148/44
f 972/1126/24 971/1125/19 986/1140/43
f 979/1133/22 994/1148/44 995/1149/46
f 973/1127/28 972/1126/24 987/1141/45
f 981/1135/29 980/1134/25 995/1149/46
f 993/1147/42 992/1146/40 1007/1161/48
f 993/1147/42 1008/1162/49 1009/1163/52
f 986/1140/43 1001/1155/50 1002/1156/53
f 994/1148/44 1009/1163/52 1010/1164/54
f 987/1141/45 1002/1156/53 1003/1157/55
f 995/1149/46 1010/1164/54 1011/1165/56
f 988/1142/47 1003/1157/55 1004/1158/57
f 997/1151/35 996/1150/34 1011/1165/56
f 989/1143/33 1004/1158/57 1005/1159/59
f 998/1152/37 997/1151/35 1012/1166/58
f 990/1144/36 1005/1159/59 1006/1160/61
f 999/1153/39 998/1152/37 1013/1167/60
f 992/1146/40 991/1145/38 1006/1160/61
f 1000/1154/41 999/1153/39 1014/1168/62
f 1012/1166/58 1011/1165/56 1026/1180/77
f 1004/1158/57 1019/1173/64 1020/1174/65
f 1013/1167/60 1012/1166/58 1027/1181/63
f 1005/1159/59 1020/1174/65 1021/1175/67
f 1014/1168/62 1013/1167/60 1028/1182/66
f 1007/1161/48 1006/1160/61 1021/1175/67
f 1015/1169/51 1014/1168/62 1029/1183/68
f 1008/1162/49 1007/1161/48 1022/1176/69
f 1008/1162/49 1023/1177/71 1024/1178/73
f 1001/1155/50 1016/1170/72 1017/1171/74
f 1009/1163/52 1024/1178/73 1025/1179/75
f 1002/1156/53 1017/1171/74 1018/1172/76
f 1011/1165/56 1010/1164/54 1025/1179/75
f 1003/1157/55 1018/1172/76 1019/1173/64
f 1023/1177/71 1038/1192/92 1039/1193/80
f 1017/1171/74 1016/1170/72 1031/1185/78
f 1024/1178/73 1039/1193/80 1040/1194/82
f 1018/1172/76 1017/1171/74 1032/1186/81
f 1026/1180/77 1025/1179/75 1040/1194/82
f 1018/1172/76 1033/1187/83 1034/1188/85
f 1026/1180/77 1041/1195/84 1042/1196/86
f 1020/1174/65 1019/1173/64 1034/1188/85
f 1028/1182/66 1027/1181/63 1042/1196/86
f 1020/1174/65 1035/1189/87 1036/1190/89
f 1028/1182/66 1043/1197/88 1044/1198/90
f 1022/1176/69 1021/1175/67 1036/1190/89
f 1029/1183/68 1044/1198/90 1045/1199/79
f 1023/1177/71 1022/1176/69 1037/1191/91
f 1035/1189/87 1034/1188/85 1050/1235/93
f 1043/1197/88 1042/1196/86 1058/1243/95
f 1035/1189/87 1051/1236/94 1052/1237/97
f 1044/1198/90 1043/1197/88 1059/1244/96
f 1037/1191/91 1036/1190/89 1052/1237/97
f 1045/1199/79 1044/1198/90 1060/1245/98
f 1038/1192/92 1037/1191/91 1053/1238/99
f 1038/1192/92 1054/1239/101 1055/1240/103
f 1031/1185/78 1047/1232/484 1048/1233/104
f 1039/1193/80 1055/1240/103 1056/1241/105
f 1032/1186/81 1048/1233/104 1049/1234/106
f 1041/1195/84 1040/1194/82 1056/1241/105
f 1033/1187/83 1049/1234/106 1050/1235/93
f 1041/1195/84 1057/1242/107 1058/1243/95
f 1054/1239/101 1069/1254/121 1070/1255/108
f 1048/1233/104 1047/1232/484 1062/1247/122
f 1055/1240/103 1070/1255/108 1071/1256/110
f 1049/1234/106 1048/1233/104 1063/1248/109
f 1057/1242/107 1056/1241/105 1071/1256/110
f 1049/1234/106 1064/1249/111 1065/1250/113
f 1057/1242/107 1072/1257/112 1073/1258/114
f 1051/1236/94 1050/1235/93 1065/1250/113
f 1059/1244/96 1058/1243/95 1073/1258/114
f 1051/1236/94 1066/1251/115 1067/1252/117
f 1059/1244/96 1074/1259/116 1075/1260/118
f 1053/1238/99 1052/1237/97 1067/1252/117
f 1060/1245/98 1075/1260/118 1076/1261/120
f 1054/1239/101 1053/1238/99 1068/1253/119
f 1074/1259/116 1073/1258/114 1088/1273/123
f 1067/1252/117 1066/1251/115 1081/1266/137
f 1074/1259/116 1089/1274/124 1090/1275/126
f 1068/1253/119 1067/1252/117 1082/1267/125
f 1076/1261/120 1075/1260/118 1090/1275/126
f 1069/1254/121 1068/1253/119 1083/1268/127
f 1069/1254/121 1084/1269/129 1085/1270/131
f 1062/1247/122 1077/1262/130 1078/1263/132
f 1070/1255/108 1085/1270/131 1086/1271/133
f 1064/1249/111 1063/1248/109 1078/1263/132
f 1071/1256/110 1086/1271/133 1087/1272/135
f 1064/1249/111 1079/1264/134 1080/1265/136
f 1073/1258/114 1072/1257/112 1087/1272/135
f 1065/1250/113 1080/1265/136 1081/1266/137
f 1085/1270/131 1100/1285/152 1101/1286/138
f 1079/1264/134 1078/1263/132 1093/1278/139
f 1087/1272/135 1086/1271/133 1101/1286/138
f 1079/1264/134 1094/1279/140 1095/1280/142
f 1088/1273/123 1087/1272/135 1102/1287/141
f 1080/1265/136 1095/1280/142 1096/1281/144
f 1089/1274/124 1088/1273/123 1103/1288/143
f 1081/1266/137 1096/1281/144 1097/1282/146
f 1089/1274/124 1104/1289/145 1105/1290/147
f 1083/1268/127 1082/1267/125 1097/1282/146
f 1090/1275/126 1105/1290/147 1106/1291/149
f 1084/1269/129 1083/1268/127 1098/1283/148
f 1084/1269/129 1099/1284/150 1100/1285/152
f 1078/1263/132 1077/1262/130 1092/1277/151
f 1105/1290/147 1104/1289/145 1119/1304/153
f 1098/1283/148 1097/1282/146 1112/1297/155
f 1105/1290/147 1120/1305/154 1121/1306/485
f 1099/1284/150 1098/1283/148 1113/1298/156
f 1099/1284/150 1114/1299/158 1115/1300/160
f 1093/1278/139 1092/1277/151 1107/1292/486
f 1100/1285/152 1115/1300/160 1116/1301/162
f 1093/1278/139 1108/1293/161 1109/1294/163
f 1102/1287/141 1101/1286/138 1116/1301/162
f 1094/1279/140 1109/1294/163 1110/1295/165
f 1102/1287/141 1117/1302/164 1118/1303/166
f 1096/1281/144 1095/1280/142 1110/1295/165
f 1104/1289/145 1103/1288/143 1118/1303/166
f 1096/1281/144 1111/1296/167 1112/1297/155
f 1109/1294/163 1108/1293/161 1123/1308/168
f 1117/1302/164 1116/1301/162 1131/1316/170
f 1109/1294/163 1124/1309/169 1125/1310/172
f 1117/1302/164 1132/1317/171 1133/1318/173
f 1111/1296/167 1110/1295/165 1125/1310/172
f 1119/1304/153 1118/1303/166 1133/1318/173
f 1111/1296/167 1126/1311/174 1127/1312/176
f 1119/1304/153 1134/1319/175 1135/1320/177
f 1113/1298/156 1112/1297/155 1127/1312/176
f 1121/1306/485 1120/1305/154 1135/1320/177
f 1114/1299/158 1113/1298/156 1128/1313/178
f 1114/1299/158 1129/1314/180 1130/1315/182
f 1107/1292/486 1122/1307/181 1123/1308/168
f 1115/1300/160 1130/1315/182 1131/1316/170
f 1128/1313/178 1127/1312/176 1142/1327/183
f 1136/1321/179 1135/1320/177 1150/1335/197
f 1129/1314/180 1128/1313/178 1143/1328/184
f 1129/1314/180 1144/1329/186 1145/1330/188
f 1122/1307/181 1137/1322/187 1138/1323/189
f 1130/1315/182 1145/1330/188 1146/1331/190
f 1123/1308/168 1138/1323/189 1139/1324/191
f 1132/1317/171 1131/1316/170 1146/1331/190
f 1124/1309/169 1139/1324/191 1140/1325/193
f 1132/1317/171 1147/1332/192 1148/1333/194
f 1126/1311/174 1125/1310/172 1140/1325/193
f 1134/1319/175 1133/1318/173 1148/1333/194
f 1126/1311/174 1141/1326/195 1142/1327/183
f 1135/1320/177 1134/1319/175 1149/1334/196
f 1147/1332/192 1146/1331/190 1161/1346/198
f 1139/1324/191 1154/1339/212 1155/1340/200
f 1147/1332/192 1162/1347/199 1163/1348/487
f 1141/1326/195 1140/1325/193 1155/1340/200
f 1149/1334/196 1148/1333/194 1163/1348/487
f 1141/1326/195 1156/1341/202 1157/1342/204
f 1149/1334/196 1164/1349/203 1165/1350/205
f 1143/1328/184 1142/1327/183 1157/1342/204
f 1150/1335/197 1165/1350/205 1166/1351/207
f 1144/1329/186 1143/1328/184 1158/1343/206
f 1144/1329/186 1159/1344/208 1160/1345/210
f 1138/1323/189 1137/1322/187 1152/1337/209
f 1145/1330/188 1160/1345/210 1161/1346/198
f 1139/1324/191 1138/1323/189 1153/1338/211
f 1166/1351/207 1165/1350/205 1180/1365/213
f 1159/1344/208 1158/1343/206 1173/1358/215
f 1159/1344/208 1174/1359/216 1175/1360/218
f 1152/1337/209 1167/1352/217 1168/1353/219
f 1160/1345/210 1175/1360/218 1176/1361/220
f 1153/1338/211 1168/1353/219 1169/1354/221
f 1162/1347/199 1161/1346/198 1176/1361/220
f 1154/1339/212 1169/1354/221 1170/1355/223
f 1162/1347/199 1177/1362/222 1178/1363/224
f 1156/1341/202 1155/1340/200 1170/1355/223
f 1164/1349/203 1163/1348/487 1178/1363/224
f 1156/1341/202 1171/1356/225 1172/1357/227
f 1165/1350/205 1164/1349/203 1179/1364/226
f 1158/1343/206 1157/1342/204 1172/1357/227
f 1169/1354/221 1184/1369/241 1185/1370/228
f 1177/1362/222 1192/1377/242 1193/1378/229
f 1171/1356/225 1170/1355/223 1185/1370/228
f 1179/1364/226 1178/1363/224 1193/1378/229
f 1171/1356/225 1186/1371/230 1187/1372/232
f 1179/1364/226 1194/1379/231 1195/1380/233
f 1173/1358/215 1172/1357/227 1187/1372/232
f 1180/1365/213 1195/1380/233 1196/1381/235
f 1174/1359/216 1173/1358/215 1188/1373/234
f 1174/1359/216 1189/1374/236 1190/1375/238
f 1168/1353/219 1167/1352/217 1182/1367/237
f 1175/1360/218 1190/1375/238 1191/1376/240
f 1169/1354/221 1168/1353/219 1183/1368/239
f 1177/1362/222 1176/1361/220 1191/1376/240
f 1189/1374/236 1188/1373/234 1203/1388/243
f 1189/1374/236 1204/1389/244 1205/1390/247
f 1182/1367/237 1197/1382/245 1198/1383/248
f 1190/1375/238 1205/1390/247 1206/1391/249
f 1183/1368/239 1198/1383/248 1199/1384/250
f 1192/1377/242 1191/1376/240 1206/1391/249
f 1184/1369/241 1199/1384/250 1200/1385/252
f 1192/1377/242 1207/1392/251 1208/1393/253
f 1186/1371/230 1185/1370/228 1200/1385/252
f 1194/1379/231 1193/1378/229 1208/1393/253
f 1186/1371/230 1201/1386/254 1202/1387/256
f 1195/1380/233 1194/1379/231 1209/1394/255
f 1188/1373/234 1187/1372/232 1202/1387/256
f 1196/1381/235 1195/1380/233 1210/1395/257
f 1207/1392/251 1222/1407/272 1223/1408/258
f 1201/1386/254 1200/1385/252 1215/1400/259
f 1209/1394/255 1208/1393/253 1223/1408/258
f 1201/1386/254 1216/1401/260 1217/1402/262
f 1209/1394/255 1224/1409/261 1225/1410/263
f 1203/1388/243 1202/1387/256 1217/1402/262
f 1210/1395/257 1225/1410/263 1226/1411/265
f 1204/1389/244 1203/1388/243 1218/1403/264
f 1204/1389/244 1219/1404/266 1220/1405/268
f 1198/1383/248 1197/1382/245 1212/1397/267
f 1205/1390/247 1220/1405/268 1221/1406/270
f 1199/1384/250 1198/1383/248 1213/1398/269
f 1207/1392/251 1206/1391/249 1221/1406/270
f 1199/1384/250 1214/1399/271 1215/1400/259
f 1219/1404/266 1234/1419/286 1235/1420/274
f 1213/1398/269 1212/1397/267 1227/1412/287
f 1220/1405/268 1235/1420/274 1236/1421/276
f 1214/1399/271 1213/1398/269 1228/1413/275
f 1222/1407/272 1221/1406/270 1236/1421/276
f 1214/1399/271 1229/1414/277 1230/1415/279
f 1222/1407/272 1237/1422/278 1238/1423/280
f 1216/1401/260 1215/1400/259 1230/1415/279
f 1224/1409/261 1223/1408/258 1238/1423/280
f 1216/1401/260 1231/1416/281 1232/1417/283
f 1224/1409/261 1239/1424/282 1240/1425/284
f 1218/1403/264 1217/1402/262 1232/1417/283
f 1225/1410/263 1240/1425/284 1241/1426/273
f 1219/1404/266 1218/1403/264 1233/1418/285
f 1239/1424/282 1238/1423/280 1253/1438/488
f 1231/1416/281 1246/1431/302 1247/1432/290
f 1239/1424/282 1254/1439/289 1255/1440/291
f 1233/1418/285 1232/1417/283 1247/1432/290
f 1240/1425/284 1255/1440/291 1256/1441/293
f 1234/1419/286 1233/1418/285 1248/1433/292
f 1234/1419/286 1249/1434/294 1250/1435/296
f 1228/1413/275 1227/1412/287 1242/1427/295
f 1235/1420/274 1250/1435/296 1251/1436/298
f 1228/1413/275 1243/1428/297 1244/1429/299
f 1237/1422/278 1236/1421/276 1251/1436/298
f 1229/1414/277 1244/1429/299 1245/1430/493
f 1237/1422/278 1252/1437/300 1253/1438/488
f 1231/1416/281 1230/1415/279 1245/1430/493
f 1242/1427/295 1257/1442/303 1258/1443/304
f 1250/1435/296 1265/1450/317 1266/1451/305
f 1244/1429/299 1243/1428/297 1258/1443/304
f 1252/1437/300 1251/1436/298 1266/1451/305
f 1244/1429/299 1259/1444/306 1260/1445/308
f 1252/1437/300 1267/1452/307 1268/1453/309
f 1246/1431/302 1245/1430/493 1260/1445/308
f 1254/1439/289 1253/1438/488 1268/1453/309
f 1246/1431/302 1261/1446/310 1262/1447/312
f 1254/1439/289 1269/1454/311 1270/1455/313
f 1248/1433/292 1247/1432/290 1262/1447/312
f 1256/1441/293 1255/1440/291 1270/1455/313
f 1249/1434/294 1248/1433/292 1263/1448/314
f 1249/1434/294 1264/1449/316 1265/1450/317
f 1261/1446/310 1277/1493/331 1278/1494/318
f 1269/1454/311 1285/1501/332 1286/1502/319
f 1263/1448/314 1262/1447/312 1278/1494/318
f 1270/1455/313 1286/1502/319 1287/1503/321
f 1264/1449/316 1263/1448/314 1279/1495/320
f 1264/1449/316 1280/1496/322 1281/1497/324
f 1258/1443/304 1257/1442/303 1273/1489/323
f 1265/1450/317 1281/1497/324 1282/1498/326
f 1259/1444/306 1258/1443/304 1274/1490/325
f 1267/1452/307 1266/1451/305 1282/1498/326
f 1259/1444/306 1275/1491/327 1276/1492/329
f 1267/1452/307 1283/1499/328 1284/1500/330
f 1261/1446/310 1260/1445/308 1276/1492/329
f 1269/1454/311 1268/1453/309 1284/1500/330
f 1281/1497/324 1296/1512/347 1297/1513/333
f 1275/1491/327 1274/1490/325 1289/1505/334
f 1283/1499/328 1282/1498/326 1297/1513/333
f 1275/1491/327 1290/1506/335 1291/1507/337
f 1283/1499/328 1298/1514/336 1299/1515/338
f 1277/1493/331 1276/1492/329 1291/1507/337
f 1285/1501/332 1284/1500/330 1299/1515/338
f 1277/1493/331 1292/1508/339 1293/1509/341
f 1285/1501/332 1300/1516/340 1301/1517/342
f 1279/1495/320 1278/1494/318 1293/1509/341
f 1287/1503/321 1286/1502/319 1301/1517/342
f 1280/1496/322 1279/1495/320 1294/1510/343
f 1280/1496/322 1295/1511/345 1296/1512/347
f 1273/1489/323 1288/1504/346 1289/1505/334
f 1300/1516/340 1315/1531/362 1316/1532/348
f 1294/1510/343 1293/1509/341 1308/1524/349
f 1301/1517/342 1316/1532/348 1317/1533/351
f 1295/1511/345 1294/1510/343 1309/1525/350
f 1295/1511/345 1310/1526/352 1311/1527/354
f 1288/1504/346 1303/1519/353 1304/1520/355
f 1296/1512/347 1311/1527/354 1312/1528/356
f 1290/1506/335 1289/1505/334 1304/1520/355
f 1298/1514/336 1297/1513/333 1312/1528/356
f 1290/1506/335 1305/1521/357 1306/1522/359
f 1298/1514/336 1313/1529/358 1314/1530/360
f 1292/1508/339 1291/1507/337 1306/1522/359
f 1300/1516/340 1299/1515/338 1314/1530/360
f 1292/1508/339 1307/1523/361 1308/1524/349
f 1305/1521/357 1304/1520/355 1319/1536/363
f 1313/1529/358 1312/1528/356 1327/1552/365
f 1305/1521/357 1320/1538/364 1321/1540/367
f 1313/1529/358 1328/1554/366 1329/1556/368
f 1307/1523/361 1306/1522/359 1321/1540/367
f 1315/1531/362 1314/1530/360 1329/1556/368
f 1307/1523/361 1322/1542/369 1323/1544/371
f 1315/1531/362 1330/1558/370 1331/1560/372
f 1309/1525/350 1308/1524/349 1323/1544/371
f 1316/1532/348 1331/1560/372 1332/1563/374
f 1310/1526/352 1309/1525/350 1324/1546/373
f 1310/1526/352 1325/1548/375 1326/1550/377
f 1304/1520/355 1303/1519/353 1318/1534/376
f 1311/1527/354 1326/1550/377 1327/1552/365
f 1324/1547/373 1323/1545/371 1338/1569/378
f 1331/1561/372 1346/1577/380 1347/1578/381
f 1325/1549/375 1324/1547/373 1339/1570/379
f 1325/1549/375 1340/1571/382 1341/1572/384
f 1319/1537/363 1318/1535/376 1333/1564/383
f 1326/1551/377 1341/1572/384 1342/1573/386
f 1320/1539/364 1319/1537/363 1334/1565/385
f 1328/1555/366 1327/1553/365 1342/1573/386
f 1320/1539/364 1335/1566/387 1336/1567/389
f 1328/1555/366 1343/1574/388 1344/1575/390
f 1322/1543/369 1321/1541/367 1336/1567/389
f 1330/1559/370 1329/1557/368 1344/1575/390
f 1322/1543/369 1337/1568/391 1338/1569/378
f 1330/1559/370 1345/1576/392 1346/1577/380
f 1343/1574/388 1342/1573/386 1357/1588/393
f 1335/1566/387 1350/1581/407 1351/1582/395
f 1343/1574/388 1358/1589/394 1359/1590/396
f 1337/1568/391 1336/1567/389 1351/1582/395
f 1345/1576/392 1344/1575/390 1359/1590/396
f 1337/1568/391 1352/1583/397 1353/1584/399
f 1346/1577/380 1345/1576/392 1360/1591/398
f 1339/1570/379 1338/1569/378 1353/1584/399
f 1347/1578/381 1346/1577/380 1361/1592/400
f 1340/1571/382 1339/1570/379 1354/1585/401
f 1340/1571/382 1355/1586/403 1356/1587/405
f 1333/1564/383 1348/1579/492 1349/1580/406
f 1341/1572/384 1356/1587/405 1357/1588/393
f 1334/1565/385 1349/1580/406 1350/1581/407
f 1361/1592/400 1376/1607/408 1377/1608/409
f 1355/1586/403 1354/1585/401 1369/1600/410
f 1355/1586/403 1370/1601/411 1371/1602/413
f 1349/1580/406 1348/1579/492 1363/1594/412
f 1356/1587/405 1371/1602/413 1372/1603/415
f 1350/1581/407 1349/1580/406 1364/1595/414
f 1358/1589/394 1357/1588/393 1372/1603/415
f 1350/1581/407 1365/1596/416 1366/1597/418
f 1358/1589/394 1373/1604/417 1374/1605/419
f 1352/1583/397 1351/1582/395 1366/1597/418
f 1360/1591/398 1359/1590/396 1374/1605/419
f 1352/1583/397 1367/1598/420 1368/1599/422
f 1360/1591/398 1375/1606/421 1376/1607/408
f 1354/1585/401 1353/1584/399 1368/1599/422
f 1373/1604/417 1388/1619/437 1389/1620/423
f 1367/1598/420 1366/1597/418 1381/1612/424
f 1375/1606/421 1374/1605/419 1389/1620/423
f 1367/1598/420 1382/1613/425 1383/1614/427
f 1375/1606/421 1390/1621/426 1391/1622/428
f 1369/1600/410 1368/1599/422 1383/1614/427
f 1377/1608/409 1376/1607/408 1391/1622/428
f 1370/1601/411 1369/1600/410 1384/1615/429
f 1370/1601/411 1385/1616/431 1386/1617/433
f 1363/1594/412 1378/1609/432 1379/1610/434
f 1371/1602/413 1386/1617/433 1387/1618/435
f 1365/1596/416 1364/1595/414 1379/1610/434
f 1373/1604/417 1372/1603/415 1387/1618/435
f 1365/1596/416 1380/1611/436 1381/1612/424
f 1385/1616/431 1400/1631/452 1401/1632/440
f 1378/1609/432 1393/1624/438 1394/1625/441
f 1386/1617/433 1401/1632/440 1402/1633/442
f 1379/1610/434 1394/1625/441 1395/1626/443
f 1388/1619/437 1387/1618/435 1402/1633/442
f 1380/1611/436 1395/1626/443 1396/1627/445
f 1388/1619/437 1403/1634/444 1404/1635/446
f 1382/1613/425 1381/1612/424 1396/1627/445
f 1390/1621/426 1389/1620/423 1404/1635/446
f 1382/1613/425 1397/1628/447 1398/1629/449
f 1391/1622/428 1390/1621/426 1405/1636/448
f 1384/1615/429 1383/1614/427 1398/1629/449
f 1392/1623/430 1391/1622/428 1406/1637/450
f 1385/1616/431 1384/1615/429 1399/1630/451
f 1397/1628/447 1396/1627/445 1411/1642/453
f 1405/1636/448 1404/1635/446 1419/1650/455
f 1397/1628/447 1412/1643/454 1413/1644/457
f 1405/1636/448 1420/1651/456 1421/1652/458
f 1399/1630/451 1398/1629/449 1413/1644/457
f 1406/1637/450 1421/1652/458 1422/1653/460
f 1400/1631/452 1399/1630/451 1414/1645/459
f 1400/1631/452 1415/1646/461 1416/1647/463
f 1394/1625/441 1393/1624/438 1408/1639/462
f 1401/1632/440 1416/1647/463 1417/1648/465
f 1395/1626/443 1394/1625/441 1409/1640/464
f 1403/1634/444 1402/1633/442 1417/1648/465
f 1395/1626/443 1410/1641/466 1411/1642/453
f 1403/1634/444 1418/1649/467 1419/1650/455
f 1415/1646/461 1430/1661/481 1431/1662/468
f 1409/1640/464 1408/1639/462 1423/1654/482
f 1416/1647/463 1431/1662/468 1432/1663/470
f 1410/1641/466 1409/1640/464 1424/1655/469
f 1418/1649/467 1417/1648/465 1432/1663/470
f 1410/1641/466 1425/1656/471 1426/1657/473
f 1418/1649/467 1433/1664/472 1434/1665/474
f 1412/1643/454 1411/1642/453 1426/1657/473
f 1420/1651/456 1419/1650/455 1434/1665/474
f 1412/1643/454 1427/1658/475 1428/1659/477
f 1420/1651/456 1435/1666/476 1436/1667/478
f 1414/1645/459 1413/1644/457 1428/1659/477
f 1421/1652/458 1436/1667/478 1437/1668/480
f 1415/1646/461 1414/1645/459 1429/1660/479
f 1435/1666/476 1434/1665/474 1443/1674/4
f 1427/1658/475 966/1120/3 1441/1672/7
f 1436/1667/478 1435/1666/476 1444/1675/6
f 1429/1660/479 1428/1659/477 1441/1672/7
f 1436/1667/478 1445/1676/10 1446/1677/14
f 1430/1661/481 1429/1660/479 967/1121/11
f 1430/1661/481 968/1122/16 969/1123/21
f 1424/1655/469 1423/1654/482 1438/1669/17
f 1431/1662/468 969/1123/21 1442/1673/26
f 1425/1656/471 1424/1655/469 1439/1670/23
f 1432/1663/470 1442/1673/26 970/1124/30
f 1426/1657/473 1425/1656/471 965/1119/27
f 1433/1664/472 970/1124/30 1443/1674/4
f 1427/1658/475 1426/1657/473 1440/1671/1
f 1922/2230/1 1456/1687/31 1457/1688/2
f 1925/2233/4 1464/1695/32 1465/1696/5
f 1923/2231/7 1448/1679/3 1457/1688/2
f 1926/2234/6 1465/1696/5 1466/1697/9
f 1923/2231/7 1458/1689/8 1459/1690/12
f 1927/2235/10 1466/1697/9 1467/1698/13
f 1449/1680/11 1459/1690/12 1460/1691/15
f 1450/1681/16 1460/1691/15 1461/1692/22
f 1921/2229/23 1920/2228/17 1453/1684/19
f 1451/1682/21 1461/1692/22 1462/1693/25
f 1447/1678/27 1921/2229/23 1454/1685/24
f 1924/2232/26 1462/1693/25 1463/1694/29
f 1922/2230/1 1447/1678/27 1455/1686/28
f 1925/2233/4 1452/1683/30 1463/1694/29
f 1455/1686/28 1470/1701/47 1471/1702/33
f 1464/1695/32 1463/1694/29 1478/1709/34
f 1456/1687/31 1471/1702/33 1472/1703/36
f 1465/1696/5 1464/1695/32 1479/1710/35
f 1457/1688/2 1472/1703/36 1473/1704/38
f 1466/1697/9 1465/1696/5 1480/1711/37
f 1459/1690/12 1458/1689/8 1473/1704/38
f 1466/1697/9 1481/1712/39 1482/1713/41
f 1459/1690/12 1474/1705/40 1475/1706/42
f 1461/1692/22 1460/1691/15 1475/1706/42
f 1454/1685/24 1453/1684/19 1468/1699/43
f 1461/1692/22 1476/1707/44 1477/1708/46
f 1454/1685/24 1469/1700/45 1470/1701/47
f 1463/1694/29 1462/1693/25 1477/1708/46
f 1475/1706/42 1474/1705/40 1489/1720/48
f 1475/1706/42 1490/1721/49 1491/1722/52
f 1468/1699/43 1483/1714/50 1484/1715/53
f 1476/1707/44 1491/1722/52 1492/1723/54
f 1469/1700/45 1484/1715/53 1485/1716/55
f 1478/1709/34 1477/1708/46 1492/1723/54
f 1470/1701/47 1485/1716/55 1486/1717/57
f 1479/1710/35 1478/1709/34 1493/1724/56
f 1471/1702/33 1486/1717/57 1487/1718/59
f 1480/1711/37 1479/1710/35 1494/1725/58
f 1472/1703/36 1487/1718/59 1488/1719/61
f 1481/1712/39 1480/1711/37 1495/1726/60
f 1474/1705/40 1473/1704/38 1488/1719/61
f 1482/1713/41 1481/1712/39 1496/1727/62
f 1493/1724/56 1508/1739/77 1509/1740/63
f 1487/1718/59 1486/1717/57 1501/1732/64
f 1494/1725/58 1509/1740/63 1510/1741/66
f 1487/1718/59 1502/1733/65 1503/1734/67
f 1495/1726/60 1510/1741/66 1511/1742/68
f 1489/1720/48 1488/1719/61 1503/1734/67
f 1497/1728/51 1496/1727/62 1511/1742/68
f 1490/1721/49 1489/1720/48 1504/1735/69
f 1490/1721/49 1505/1736/71 1506/1737/73
f 1483/1714/50 1498/1729/72 1499/1730/74
f 1491/1722/52 1506/1737/73 1507/1738/75
f 1485/1716/55 1484/1715/53 1499/1730/74
f 1492/1723/54 1507/1738/75 1508/1739/77
f 1486/1717/57 1485/1716/55 1500/1731/76
f 1505/1736/71 1520/1751/92 1521/1752/80
f 1499/1730/74 1498/1729/72 1513/1744/78
f 1506/1737/73 1521/1752/80 1522/1753/82
f 1499/1730/74 1514/1745/81 1515/1746/83
f 1508/1739/77 1507/1738/75 1522/1753/82
f 1500/1731/76 1515/1746/83 1516/1747/85
f 1509/1740/63 1508/1739/77 1523/1754/84
f 1501/1732/64 1516/1747/85 1517/1748/87
f 1510/1741/66 1509/1740/63 1524/1755/86
f 1502/1733/65 1517/1748/87 1518/1749/89
f 1510/1741/66 1525/1756/88 1526/1757/90
f 1504/1735/69 1503/1734/67 1518/1749/89
f 1511/1742/68 1526/1757/90 1527/1758/79
f 1505/1736/71 1504/1735/69 1519/1750/91
f 1517/1748/87 1516/1747/85 1532/1794/93
f 1524/1755/86 1540/1802/95 1541/1803/96
f 1517/1748/87 1533/1795/94 1534/1796/97
f 1526/1757/90 1525/1756/88 1541/1803/96
f 1519/1750/91 1518/1749/89 1534/1796/97
f 1527/1758/79 1526/1757/90 1542/1804/98
f 1520/1751/92 1519/1750/91 1535/1797/99
f 1520/1751/92 1536/1798/101 1537/1799/103
f 1513/1744/78 1529/1791/484 1530/1792/104
f 1521/1752/80 1537/1799/103 1538/1800/105
f 1514/1745/81 1530/1792/104 1531/1793/106
f 1523/1754/84 1522/1753/82 1538/1800/105
f 1516/1747/85 1515/1746/83 1531/1793/106
f 1523/1754/84 1539/1801/107 1540/1802/95
f 1536/1798/101 1551/1813/121 1552/1814/108
f 1529/1791/484 1544/1806/122 1545/1807/109
f 1537/1799/103 1552/1814/108 1553/1815/110
f 1530/1792/104 1545/1807/109 1546/1808/111
f 1539/1801/107 1538/1800/105 1553/1815/110
f 1531/1793/106 1546/1808/111 1547/1809/113
f 1539/1801/107 1554/1816/112 1555/1817/114
f 1533/1795/94 1532/1794/93 1547/1809/113
f 1541/1803/96 1540/1802/95 1555/1817/114
f 1533/1795/94 1548/1810/115 1549/1811/117
f 1542/1804/98 1541/1803/96 1556/1818/116
f 1535/1797/99 1534/1796/97 1549/1811/117
f 1543/1805/495 1542/1804/98 1557/1819/118
f 1536/1798/101 1535/1797/99 1550/1812/119
f 1556/1818/116 1555/1817/114 1570/1832/123
f 1548/1810/115 1563/1825/137 1564/1826/125
f 1557/1819/118 1556/1818/116 1571/1833/124
f 1550/1812/119 1549/1811/117 1564/1826/125
f 1558/1820/120 1557/1819/118 1572/1834/126
f 1551/1813/121 1550/1812/119 1565/1827/127
f 1551/1813/121 1566/1828/129 1567/1829/131
f 1544/1806/122 1559/1821/130 1560/1822/132
f 1552/1814/108 1567/1829/131 1568/1830/133
f 1545/1807/109 1560/1822/132 1561/1823/134
f 1554/1816/112 1553/1815/110 1568/1830/133
f 1546/1808/111 1561/1823/134 1562/1824/136
f 1554/1816/112 1569/1831/135 1570/1832/123
f 1548/1810/115 1547/1809/113 1562/1824/136
f 1567/1829/131 1582/1844/152 1583/1845/138
f 1561/1823/134 1560/1822/132 1575/1837/139
f 1569/1831/135 1568/1830/133 1583/1845/138
f 1561/1823/134 1576/1838/140 1577/1839/142
f 1569/1831/135 1584/1846/141 1585/1847/143
f 1563/1825/137 1562/1824/136 1577/1839/142
f 1571/1833/124 1570/1832/123 1585/1847/143
f 1563/1825/137 1578/1840/144 1579/1841/146
f 1571/1833/124 1586/1848/145 1587/1849/147
f 1565/1827/127 1564/1826/125 1579/1841/146
f 1573/1835/128 1572/1834/126 1587/1849/147
f 1566/1828/129 1565/1827/127 1580/1842/148
f 1566/1828/129 1581/1843/150 1582/1844/152
f 1559/1821/130 1574/1836/151 1575/1837/139
f 1587/1849/147 1586/1848/145 1601/1863/153
f 1580/1842/148 1579/1841/146 1594/1856/155
f 1588/1850/149 1587/1849/147 1602/1864/154
f 1581/1843/150 1580/1842/148 1595/1857/156
f 1581/1843/150 1596/1858/158 1597/1859/160
f 1574/1836/151 1589/1851/486 1590/1852/161
f 1582/1844/152 1597/1859/160 1598/1860/162
f 1575/1837/139 1590/1852/161 1591/1853/163
f 1584/1846/141 1583/1845/138 1598/1860/162
f 1576/1838/140 1591/1853/163 1592/1854/165
f 1584/1846/141 1599/1861/164 1600/1862/166
f 1578/1840/144 1577/1839/142 1592/1854/165
f 1586/1848/145 1585/1847/143 1600/1862/166
f 1578/1840/144 1593/1855/167 1594/1856/155
f 1591/1853/163 1590/1852/161 1605/1867/168
f 1599/1861/164 1598/1860/162 1613/1875/170
f 1591/1853/163 1606/1868/169 1607/1869/172
f 1599/1861/164 1614/1876/171 1615/1877/173
f 1593/1855/167 1592/1854/165 1607/1869/172
f 1601/1863/153 1600/1862/166 1615/1877/173
f 1593/1855/167 1608/1870/174 1609/1871/176
f 1601/1863/153 1616/1878/175 1617/1879/177
f 1595/1857/156 1594/1856/155 1609/1871/176
f 1603/1865/485 1602/1864/154 1617/1879/177
f 1596/1858/158 1595/1857/156 1610/1872/178
f 1596/1858/158 1611/1873/180 1612/1874/182
f 1589/1851/486 1604/1866/181 1605/1867/168
f 1597/1859/160 1612/1874/182 1613/1875/170
f 1610/1872/178 1609/1871/176 1624/1886/183
f 1618/1880/179 1617/1879/177 1632/1894/197
f 1611/1873/180 1610/1872/178 1625/1887/184
f 1611/1873/180 1626/1888/186 1627/1889/188
f 1604/1866/181 1619/1881/187 1620/1882/189
f 1612/1874/182 1627/1889/188 1628/1890/190
f 1606/1868/169 1605/1867/168 1620/1882/189
f 1614/1876/171 1613/1875/170 1628/1890/190
f 1606/1868/169 1621/1883/191 1622/1884/193
f 1614/1876/171 1629/1891/192 1630/1892/194
f 1608/1870/174 1607/1869/172 1622/1884/193
f 1616/1878/175 1615/1877/173 1630/1892/194
f 1608/1870/174 1623/1885/195 1624/1886/183
f 1616/1878/175 1631/1893/196 1632/1894/197
f 1629/1891/192 1628/1890/190 1643/1905/198
f 1621/1883/191 1636/1898/212 1637/1899/200
f 1629/1891/192 1644/1906/199 1645/1907/487
f 1623/1885/195 1622/1884/193 1637/1899/200
f 1631/1893/196 1630/1892/194 1645/1907/487
f 1623/1885/195 1638/1900/202 1639/1901/204
f 1631/1893/196 1646/1908/203 1647/1909/205
f 1625/1887/184 1624/1886/183 1639/1901/204
f 1632/1894/197 1647/1909/205 1648/1910/207
f 1626/1888/186 1625/1887/184 1640/1902/206
f 1626/1888/186 1641/1903/208 1642/1904/210
f 1620/1882/189 1619/1881/187 1634/1896/209
f 1627/1889/188 1642/1904/210 1643/1905/198
f 1621/1883/191 1620/1882/189 1635/1897/211
f 1648/1910/207 1647/1909/205 1662/1924/213
f 1641/1903/208 1640/1902/206 1655/1917/215
f 1641/1903/208 1656/1918/216 1657/1919/218
f 1634/1896/209 1649/1911/217 1650/1912/219
f 1642/1904/210 1657/1919/218 1658/1920/220
f 1635/1897/211 1650/1912/219 1651/1913/221
f 1644/1906/199 1643/1905/198 1658/1920/220
f 1636/1898/212 1651/1913/221 1652/1914/223
f 1644/1906/199 1659/1921/222 1660/1922/224
f 1638/1900/202 1637/1899/200 1652/1914/223
f 1646/1908/203 1645/1907/487 1660/1922/224
f 1638/1900/202 1653/1915/225 1654/1916/227
f 1647/1909/205 1646/1908/203 1661/1923/496
f 1640/1902/206 1639/1901/204 1654/1916/227
f 1651/1913/221 1666/1928/241 1667/1929/228
f 1660/1922/224 1659/1921/222 1674/1936/242
f 1652/1914/223 1667/1929/228 1668/1930/230
f 1661/1923/496 1660/1922/224 1675/1937/229
f 1653/1915/225 1668/1930/230 1669/1931/232
f 1662/1924/213 1661/1923/496 1676/1938/231
f 1655/1917/215 1654/1916/227 1669/1931/232
f 1663/1925/214 1662/1924/213 1677/1939/233
f 1656/1918/216 1655/1917/215 1670/1932/234
f 1656/1918/216 1671/1933/236 1672/1934/238
f 1649/1911/217 1664/1926/237 1665/1927/239
f 1657/1919/218 1672/1934/238 1673/1935/240
f 1650/1912/219 1665/1927/239 1666/1928/241
f 1659/1921/222 1658/1920/220 1673/1935/240
f 1671/1933/236 1670/1932/234 1685/1947/243
f 1671/1933/236 1686/1948/244 1687/1949/247
f 1665/1927/239 1664/1926/237 1679/1941/245
f 1672/1934/238 1687/1949/247 1688/1950/249
f 1666/1928/241 1665/1927/239 1680/1942/248
f 1674/1936/242 1673/1935/240 1688/1950/249
f 1667/1929/228 1666/1928/241 1681/1943/250
f 1674/1936/242 1689/1951/251 1690/1952/253
f 1668/1930/230 1667/1929/228 1682/1944/252
f 1675/1937/229 1690/1952/253 1691/1953/255
f 1668/1930/230 1683/1945/254 1684/1946/256
f 1676/1938/231 1691/1953/255 1692/1954/257
f 1670/1932/234 1669/1931/232 1684/1946/256
f 1677/1939/233 1692/1954/257 1693/1955/246
f 1689/1951/251 1704/1966/272 1705/1967/258
f 1683/1945/254 1682/1944/252 1697/1959/259
f 1691/1953/255 1690/1952/253 1705/1967/258
f 1683/1945/254 1698/1960/260 1699/1961/262
f 1692/1954/257 1691/1953/255 1706/1968/261
f 1685/1947/243 1684/1946/256 1699/1961/262
f 1693/1955/246 1692/1954/257 1707/1969/263
f 1686/1948/244 1685/1947/243 1700/1962/264
f 1686/1948/244 1701/1963/266 1702/1964/268
f 1679/1941/245 1694/1956/267 1695/1957/269
f 1687/1949/247 1702/1964/268 1703/1965/270
f 1680/1942/248 1695/1957/269 1696/1958/271
f 1689/1951/251 1688/1950/249 1703/1965/270
f 1681/1943/250 1696/1958/271 1697/1959/259
f 1701/1963/266 1716/1978/286 1717/1979/274
f 1695/1957/269 1694/1956/267 1709/1971/287
f 1702/1964/268 1717/1979/274 1718/1980/276
f 1696/1958/271 1695/1957/269 1710/1972/275
f 1704/1966/272 1703/1965/270 1718/1980/276
f 1696/1958/271 1711/1973/277 1712/1974/279
f 1704/1966/272 1719/1981/278 1720/1982/280
f 1698/1960/260 1697/1959/259 1712/1974/279
f 1706/1968/261 1705/1967/258 1720/1982/280
f 1698/1960/260 1713/1975/281 1714/1976/283
f 1706/1968/261 1721/1983/282 1722/1984/284
f 1700/1962/264 1699/1961/262 1714/1976/283
f 1707/1969/263 1722/1984/284 1723/1985/273
f 1701/1963/266 1700/1962/264 1715/1977/285
f 1721/1983/282 1720/1982/280 1735/1997/488
f 1713/1975/281 1728/1990/302 1729/1991/290
f 1721/1983/282 1736/1998/289 1737/1999/291
f 1715/1977/285 1714/1976/283 1729/1991/290
f 1723/1985/273 1722/1984/284 1737/1999/291
f 1716/1978/286 1715/1977/285 1730/1992/292
f 1716/1978/286 1731/1993/294 1732/1994/296
f 1709/1971/287 1724/1986/295 1725/1987/297
f 1717/1979/274 1732/1994/296 1733/1995/298
f 1710/1972/275 1725/1987/297 1726/1988/299
f 1719/1981/278 1718/1980/276 1733/1995/298
f 1711/1973/277 1726/1988/299 1727/1989/301
f 1719/1981/278 1734/1996/300 1735/1997/488
f 1713/1975/281 1712/1974/279 1727/1989/301
f 1725/1987/297 1724/1986/295 1739/2001/303
f 1732/1994/296 1747/2009/317 1748/2010/305
f 1726/1988/299 1725/1987/297 1740/2002/304
f 1734/1996/300 1733/1995/298 1748/2010/305
f 1726/1988/299 1741/2003/306 1742/2004/308
f 1734/1996/300 1749/2011/307 1750/2012/309
f 1728/1990/302 1727/1989/301 1742/2004/308
f 1736/1998/289 1735/1997/488 1750/2012/309
f 1728/1990/302 1743/2005/310 1744/2006/312
f 1736/1998/289 1751/2013/311 1752/2014/313
f 1730/1992/292 1729/1991/290 1744/2006/312
f 1737/1999/291 1752/2014/313 1753/2015/315
f 1731/1993/294 1730/1992/292 1745/2007/314
f 1731/1993/294 1746/2008/316 1747/2009/317
f 1743/2005/310 1759/2052/331 1760/2053/318
f 1751/2013/311 1767/2060/332 1768/2061/319
f 1745/2007/314 1744/2006/312 1760/2053/318
f 1753/2015/315 1752/2014/313 1768/2061/319
f 1746/2008/316 1745/2007/314 1761/2054/320
f 1746/2008/316 1762/2055/322 1763/2056/324
f 1739/2001/303 1755/2048/323 1756/2049/325
f 1747/2009/317 1763/2056/324 1764/2057/326
f 1741/2003/306 1740/2002/304 1756/2049/325
f 1749/2011/307 1748/2010/305 1764/2057/326
f 1741/2003/306 1757/2050/327 1758/2051/329
f 1749/2011/307 1765/2058/328 1766/2059/330
f 1743/2005/310 1742/2004/308 1758/2051/329
f 1751/2013/311 1750/2012/309 1766/2059/330
f 1763/2056/324 1778/2071/347 1779/2072/333
f 1757/2050/327 1756/2049/325 1771/2064/334
f 1765/2058/328 1764/2057/326 1779/2072/333
f 1757/2050/327 1772/2065/335 1773/2066/337
f 1765/2058/328 1780/2073/336 1781/2074/338
f 1759/2052/331 1758/2051/329 1773/2066/337
f 1767/2060/332 1766/2059/330 1781/2074/338
f 1759/2052/331 1774/2067/339 1775/2068/341
f 1767/2060/332 1782/2075/340 1783/2076/342
f 1761/2054/320 1760/2053/318 1775/2068/341
f 1768/2061/319 1783/2076/342 1784/2077/344
f 1762/2055/322 1761/2054/320 1776/2069/343
f 1762/2055/322 1777/2070/345 1778/2071/347
f 1755/2048/323 1770/2063/490 1771/2064/334
f 1782/2075/340 1797/2090/362 1798/2091/348
f 1776/2069/343 1775/2068/341 1790/2083/349
f 1783/2076/342 1798/2091/348 1799/2092/351
f 1777/2070/345 1776/2069/343 1791/2084/350
f 1777/2070/345 1792/2085/352 1793/2086/354
f 1770/2063/490 1785/2078/353 1786/2079/355
f 1778/2071/347 1793/2086/354 1794/2087/356
f 1772/2065/335 1771/2064/334 1786/2079/355
f 1780/2073/336 1779/2072/333 1794/2087/356
f 1772/2065/335 1787/2080/357 1788/2081/359
f 1780/2073/336 1795/2088/358 1796/2089/360
f 1774/2067/339 1773/2066/337 1788/2081/359
f 1782/2075/340 1781/2074/338 1796/2089/360
f 1774/2067/339 1789/2082/361 1790/2083/349
f 1786/2079/355 1801/2095/363 1802/2097/364
f 1795/2088/358 1794/2087/356 1809/2111/365
f 1787/2080/357 1802/2097/364 1803/2099/367
f 1795/2088/358 1810/2113/366 1811/2115/368
f 1789/2082/361 1788/2081/359 1803/2099/367
f 1797/2090/362 1796/2089/360 1811/2115/368
f 1789/2082/361 1804/2101/369 1805/2103/371
f 1798/2091/348 1797/2090/362 1812/2117/370
f 1791/2084/350 1790/2083/349 1805/2103/371
f 1798/2091/348 1813/2119/372 1814/2122/374
f 1792/2085/352 1791/2084/350 1806/2105/373
f 1792/2085/352 1807/2107/375 1808/2109/377
f 1786/2079/355 1785/2078/353 1800/2093/376
f 1793/2086/354 1808/2109/377 1809/2111/365
f 1806/2106/373 1805/2104/371 1820/2128/378
f 1813/2120/372 1828/2136/380 1829/2137/381
f 1807/2108/375 1806/2106/373 1821/2129/379
f 1807/2108/375 1822/2130/382 1823/2131/384
f 1801/2096/363 1800/2094/376 1815/2123/383
f 1808/2110/377 1823/2131/384 1824/2132/386
f 1802/2098/364 1801/2096/363 1816/2124/385
f 1810/2114/366 1809/2112/365 1824/2132/386
f 1802/2098/364 1817/2125/387 1818/2126/389
f 1810/2114/366 1825/2133/388 1826/2134/390
f 1804/2102/369 1803/2100/367 1818/2126/389
f 1812/2118/370 1811/2116/368 1826/2134/390
f 1804/2102/369 1819/2127/391 1820/2128/378
f 1812/2118/370 1827/2135/392 1828/2136/380
f 1825/2133/388 1824/2132/386 1839/2147/393
f 1817/2125/387 1832/2140/407 1833/2141/395
f 1826/2134/390 1825/2133/388 1840/2148/394
f 1818/2126/389 1833/2141/395 1834/2142/397
f 1827/2135/392 1826/2134/390 1841/2149/396
f 1819/2127/391 1834/2142/397 1835/2143/399
f 1827/2135/392 1842/2150/398 1843/2151/400
f 1821/2129/379 1820/2128/378 1835/2143/399
f 1828/2136/380 1843/2151/400 1844/2152/494
f 1822/2130/382 1821/2129/379 1836/2144/401
f 1822/2130/382 1837/2145/403 1838/2146/405
f 1816/2124/385 1815/2123/383 1830/2138/404
f 1823/2131/384 1838/2146/405 1839/2147/393
f 1817/2125/387 1816/2124/385 1831/2139/406
f 1843/2151/400 1858/2166/408 1859/2167/409
f 1837/2145/403 1836/2144/401 1851/2159/410
f 1837/2145/403 1852/2160/411 1853/2161/413
f 1831/2139/406 1830/2138/404 1845/2153/412
f 1838/2146/405 1853/2161/413 1854/2162/415
f 1831/2139/406 1846/2154/414 1847/2155/416
f 1840/2148/394 1839/2147/393 1854/2162/415
f 1832/2140/407 1847/2155/416 1848/2156/418
f 1840/2148/394 1855/2163/417 1856/2164/419
f 1834/2142/397 1833/2141/395 1848/2156/418
f 1842/2150/398 1841/2149/396 1856/2164/419
f 1834/2142/397 1849/2157/420 1850/2158/422
f 1843/2151/400 1842/2150/398 1857/2165/421
f 1836/2144/401 1835/2143/399 1850/2158/422
f 1855/2163/417 1870/2178/437 1871/2179/423
f 1849/2157/420 1848/2156/418 1863/2171/424
f 1857/2165/421 1856/2164/419 1871/2179/423
f 1849/2157/420 1864/2172/425 1865/2173/427
f 1858/2166/408 1857/2165/421 1872/2180/426
f 1851/2159/410 1850/2158/422 1865/2173/427
f 1859/2167/409 1858/2166/408 1873/2181/428
f 1852/2160/411 1851/2159/410 1866/2174/429
f 1852/2160/411 1867/2175/431 1868/2176/433
f 1845/2153/412 1860/2168/432 1861/2169/434
f 1853/2161/413 1868/2176/433 1869/2177/435
f 1846/2154/414 1861/2169/434 1862/2170/436
f 1855/2163/417 1854/2162/415 1869/2177/435
f 1847/2155/416 1862/2170/436 1863/2171/424
f 1867/2175/431 1882/2190/452 1883/2191/440
f 1861/2169/434 1860/2168/432 1875/2183/438
f 1868/2176/433 1883/2191/440 1884/2192/442
f 1862/2170/436 1861/2169/434 1876/2184/441
f 1870/2178/437 1869/2177/435 1884/2192/442
f 1862/2170/436 1877/2185/443 1878/2186/445
f 1870/2178/437 1885/2193/444 1886/2194/446
f 1864/2172/425 1863/2171/424 1878/2186/445
f 1872/2180/426 1871/2179/423 1886/2194/446
f 1864/2172/425 1879/2187/447 1880/2188/449
f 1872/2180/426 1887/2195/448 1888/2196/450
f 1866/2174/429 1865/2173/427 1880/2188/449
f 1873/2181/428 1888/2196/450 1889/2197/439
f 1867/2175/431 1866/2174/429 1881/2189/451
f 1879/2187/447 1878/2186/445 1893/2201/453
f 1887/2195/448 1886/2194/446 1901/2209/455
f 1879/2187/447 1894/2202/454 1895/2203/457
f 1887/2195/448 1902/2210/456 1903/2211/458
f 1881/2189/451 1880/2188/449 1895/2203/457
f 1889/2197/439 1888/2196/450 1903/2211/458
f 1882/2190/452 1881/2189/451 1896/2204/459
f 1882/2190/452 1897/2205/461 1898/2206/463
f 1875/2183/438 1890/2198/462 1891/2199/464
f 1883/2191/440 1898/2206/463 1899/2207/465
f 1877/2185/443 1876/2184/441 1891/2199/464
f 1885/2193/444 1884/2192/442 1899/2207/465
f 1877/2185/443 1892/2200/466 1893/2201/453
f 1885/2193/444 1900/2208/467 1901/2209/455
f 1897/2205/461 1912/2220/481 1913/2221/468
f 1891/2199/464 1890/2198/462 1905/2213/482
f 1898/2206/463 1913/2221/468 1914/2222/470
f 1892/2200/466 1891/2199/464 1906/2214/469
f 1900/2208/467 1899/2207/465 1914/2222/470
f 1892/2200/466 1907/2215/471 1908/2216/473
f 1900/2208/467 1915/2223/472 1916/2224/474
f 1894/2202/454 1893/2201/453 1908/2216/473
f 1902/2210/456 1901/2209/455 1916/2224/474
f 1894/2202/454 1909/2217/475 1910/2218/477
f 1902/2210/456 1917/2225/476 1918/2226/478
f 1896/2204/459 1895/2203/457 1910/2218/477
f 1903/2211/458 1918/2226/478 1919/2227/480
f 1897/2205/461 1896/2204/459 1911/2219/479
f 1917/2225/476 1916/2224/474 1925/2233/4
f 1910/2218/477 1909/2217/475 1448/1679/3
f 1918/2226/478 1917/2225/476 1926/2234/6
f 1911/2219/479 1910/2218/477 1923/2231/7
f 1918/2226/478 1927/2235/10 1928/2236/14
f 1912/2220/481 1911/2219/479 1449/1680/11
f 1912/2220/481 1450/1681/16 1451/1682/21
f 1905/2213/482 1920/2228/17 1921/2229/23
f 1913/2221/468 1451/1682/21 1924/2232/26
f 1907/2215/471 1906/2214/469 1921/2229/23
f 1914/2222/470 1924/2232/26 1452/1683/30
f 1908/2216/473 1907/2215/471 1447/1678/27
f 1915/2223/472 1452/1683/30 1925/2233/4
f 1909/2217/475 1908/2216/473 1922/2230/1
f 2404/2789/1 1938/2246/31 1939/2247/2
f 2407/2792/4 1946/2254/32 1947/2255/5
f 2405/2790/7 1930/2238/3 1939/2247/2
f 2408/2793/6 1947/2255/5 1948/2256/9
f 1931/2239/11 2405/2790/7 1940/2248/8
f 2409/2794/10 1948/2256/9 1949/2257/13
f 1931/2239/11 1941/2249/12 1942/2250/15
f 1933/2241/21 1932/2240/16 1942/2250/15
f 2403/2788/23 2402/2787/17 1935/2243/19
f 1933/2241/21 1943/2251/22 1944/2252/25
f 1929/2237/27 2403/2788/23 1936/2244/24
f 2406/2791/26 1944/2252/25 1945/2253/29
f 2404/2789/1 1929/2237/27 1937/2245/28
f 2407/2792/4 1934/2242/30 1945/2253/29
f 1937/2245/28 1952/2260/47 1953/2261/33
f 1946/2254/32 1945/2253/29 1960/2268/34
f 1938/2246/31 1953/2261/33 1954/2262/36
f 1947/2255/5 1946/2254/32 1961/2269/35
f 1939/2247/2 1954/2262/36 1955/2263/38
f 1948/2256/9 1947/2255/5 1962/2270/37
f 1941/2249/12 1940/2248/8 1955/2263/38
f 1948/2256/9 1963/2271/39 1964/2272/41
f 1941/2249/12 1956/2264/40 1957/2265/42
f 1942/2250/15 1957/2265/42 1958/2266/44
f 1936/2244/24 1935/2243/19 1950/2258/43
f 1943/2251/22 1958/2266/44 1959/2267/46
f 1936/2244/24 1951/2259/45 1952/2260/47
f 1945/2253/29 1944/2252/25 1959/2267/46
f 1957/2265/42 1956/2264/40 1971/2279/48
f 1957/2265/42 1972/2280/49 1973/2281/52
f 1950/2258/43 1965/2273/50 1966/2274/53
f 1958/2266/44 1973/2281/52 1974/2282/54
f 1952/2260/47 1951/2259/45 1966/2274/53
f 1960/2268/34 1959/2267/46 1974/2282/54
f 1953/2261/33 1952/2260/47 1967/2275/55
f 1961/2269/35 1960/2268/34 1975/2283/56
f 1953/2261/33 1968/2276/57 1969/2277/59
f 1961/2269/35 1976/2284/58 1977/2285/60
f 1954/2262/36 1969/2277/59 1970/2278/61
f 1962/2270/37 1977/2285/60 1978/2286/62
f 1956/2264/40 1955/2263/38 1970/2278/61
f 1964/2272/41 1963/2271/39 1978/2286/62
f 1976/2284/58 1975/2283/56 1990/2298/77
f 1968/2276/57 1983/2291/64 1984/2292/65
f 1977/2285/60 1976/2284/58 1991/2299/63
f 1969/2277/59 1984/2292/65 1985/2293/67
f 1978/2286/62 1977/2285/60 1992/2300/66
f 1971/2279/48 1970/2278/61 1985/2293/67
f 1979/2287/51 1978/2286/62 1993/2301/68
f 1972/2280/49 1971/2279/48 1986/2294/69
f 1972/2280/49 1987/2295/71 1988/2296/73
f 1965/2273/50 1980/2288/72 1981/2289/74
f 1973/2281/52 1988/2296/73 1989/2297/75
f 1966/2274/53 1981/2289/74 1982/2290/76
f 1975/2283/56 1974/2282/54 1989/2297/75
f 1967/2275/55 1982/2290/76 1983/2291/64
f 1987/2295/71 2002/2310/92 2003/2311/80
f 1981/2289/74 1980/2288/72 1995/2303/78
f 1988/2296/73 2003/2311/80 2004/2312/82
f 1982/2290/76 1981/2289/74 1996/2304/81
f 1990/2298/77 1989/2297/75 2004/2312/82
f 1982/2290/76 1997/2305/83 1998/2306/85
f 1990/2298/77 2005/2313/84 2006/2314/86
f 1984/2292/65 1983/2291/64 1998/2306/85
f 1992/2300/66 1991/2299/63 2006/2314/86
f 1984/2292/65 1999/2307/87 2000/2308/89
f 1992/2300/66 2007/2315/88 2008/2316/90
f 1986/2294/69 1985/2293/67 2000/2308/89
f 1993/2301/68 2008/2316/90 2009/2317/79
f 1987/2295/71 1986/2294/69 2001/2309/91
f 1999/2307/87 1998/2306/85 2014/2353/93
f 2007/2315/88 2006/2314/86 2022/2361/95
f 1999/2307/87 2015/2354/94 2016/2355/97
f 2007/2315/88 2023/2362/96 2024/2363/98
f 2001/2309/91 2000/2308/89 2016/2355/97
f 2009/2317/79 2008/2316/90 2024/2363/98
f 2002/2310/92 2001/2309/91 2017/2356/99
f 2002/2310/92 2018/2357/101 2019/2358/103
f 1995/2303/78 2011/2350/102 2012/2351/104
f 2003/2311/80 2019/2358/103 2020/2359/105
f 1997/2305/83 1996/2304/81 2012/2351/104
f 2005/2313/84 2004/2312/82 2020/2359/105
f 1997/2305/83 2013/2352/106 2014/2353/93
f 2005/2313/84 2021/2360/107 2022/2361/95
f 2018/2357/101 2033/2372/121 2034/2373/108
f 2011/2350/102 2026/2365/122 2027/2366/109
f 2019/2358/103 2034/2373/108 2035/2374/110
f 2013/2352/106 2012/2351/104 2027/2366/109
f 2021/2360/107 2020/2359/105 2035/2374/110
f 2013/2352/106 2028/2367/111 2029/2368/113
f 2021/2360/107 2036/2375/112 2037/2376/114
f 2015/2354/94 2014/2353/93 2029/2368/113
f 2023/2362/96 2022/2361/95 2037/2376/114
f 2015/2354/94 2030/2369/115 2031/2370/117
f 2023/2362/96 2038/2377/116 2039/2378/118
f 2017/2356/99 2016/2355/97 2031/2370/117
f 2025/2364/100 2024/2363/98 2039/2378/118
f 2018/2357/101 2017/2356/99 2032/2371/119
f 2038/2377/116 2037/2376/114 2052/2391/123
f 2030/2369/115 2045/2384/137 2046/2385/125
f 2039/2378/118 2038/2377/116 2053/2392/124
f 2032/2371/119 2031/2370/117 2046/2385/125
f 2040/2379/120 2039/2378/118 2054/2393/126
f 2033/2372/121 2032/2371/119 2047/2386/127
f 2033/2372/121 2048/2387/129 2049/2388/131
f 2026/2365/122 2041/2380/130 2042/2381/132
f 2034/2373/108 2049/2388/131 2050/2389/133
f 2027/2366/109 2042/2381/132 2043/2382/134
f 2036/2375/112 2035/2374/110 2050/2389/133
f 2028/2367/111 2043/2382/134 2044/2383/136
f 2036/2375/112 2051/2390/135 2052/2391/123
f 2030/2369/115 2029/2368/113 2044/2383/136
f 2049/2388/131 2064/2403/152 2065/2404/138
f 2042/2381/132 2057/2396/139 2058/2397/140
f 2051/2390/135 2050/2389/133 2065/2404/138
f 2043/2382/134 2058/2397/140 2059/2398/142
f 2051/2390/135 2066/2405/141 2067/2406/143
f 2045/2384/137 2044/2383/136 2059/2398/142
f 2053/2392/124 2052/2391/123 2067/2406/143
f 2045/2384/137 2060/2399/144 2061/2400/146
f 2054/2393/126 2053/2392/124 2068/2407/145
f 2047/2386/127 2046/2385/125 2061/2400/146
f 2055/2394/128 2054/2393/126 2069/2408/147
f 2048/2387/129 2047/2386/127 2062/2401/148
f 2048/2387/129 2063/2402/150 2064/2403/152
f 2041/2380/130 2056/2395/151 2057/2396/139
f 2069/2408/147 2068/2407/145 2083/2422/153
f 2062/2401/148 2061/2400/146 2076/2415/155
f 2069/2408/147 2084/2423/154 2085/2424/485
f 2063/2402/150 2062/2401/148 2077/2416/156
f 2063/2402/150 2078/2417/158 2079/2418/160
f 2056/2395/151 2071/2410/159 2072/2411/161
f 2064/2403/152 2079/2418/160 2080/2419/162
f 2057/2396/139 2072/2411/161 2073/2412/163
f 2066/2405/141 2065/2404/138 2080/2419/162
f 2058/2397/140 2073/2412/163 2074/2413/165
f 2066/2405/141 2081/2420/164 2082/2421/166
f 2060/2399/144 2059/2398/142 2074/2413/165
f 2068/2407/145 2067/2406/143 2082/2421/166
f 2060/2399/144 2075/2414/167 2076/2415/155
f 2072/2411/161 2087/2426/168 2088/2427/169
f 2081/2420/164 2080/2419/162 2095/2434/170
f 2073/2412/163 2088/2427/169 2089/2428/172
f 2081/2420/164 2096/2435/171 2097/2436/173
f 2075/2414/167 2074/2413/165 2089/2428/172
f 2083/2422/153 2082/2421/166 2097/2436/173
f 2075/2414/167 2090/2429/174 2091/2430/176
f 2084/2423/154 2083/2422/153 2098/2437/175
f 2077/2416/156 2076/2415/155 2091/2430/176
f 2085/2424/485 2084/2423/154 2099/2438/177
f 2078/2417/158 2077/2416/156 2092/2431/178
f 2078/2417/158 2093/2432/180 2094/2433/182
f 2071/2410/159 2086/2425/181 2087/2426/168
f 2079/2418/160 2094/2433/182 2095/2434/170
f 2092/2431/178 2091/2430/176 2106/2445/183
f 2100/2439/179 2099/2438/177 2114/2453/197
f 2093/2432/180 2092/2431/178 2107/2446/184
f 2093/2432/180 2108/2447/186 2109/2448/188
f 2086/2425/181 2101/2440/187 2102/2441/189
f 2094/2433/182 2109/2448/188 2110/2449/190
f 2088/2427/169 2087/2426/168 2102/2441/189
f 2096/2435/171 2095/2434/170 2110/2449/190
f 2088/2427/169 2103/2442/191 2104/2443/193
f 2096/2435/171 2111/2450/192 2112/2451/194
f 2090/2429/174 2089/2428/172 2104/2443/193
f 2098/2437/175 2097/2436/173 2112/2451/194
f 2090/2429/174 2105/2444/195 2106/2445/183
f 2098/2437/175 2113/2452/196 2114/2453/197
f 2111/2450/192 2110/2449/190 2125/2464/198
f 2103/2442/191 2118/2457/212 2119/2458/200
f 2111/2450/192 2126/2465/199 2127/2466/487
f 2105/2444/195 2104/2443/193 2119/2458/200
f 2113/2452/196 2112/2451/194 2127/2466/487
f 2105/2444/195 2120/2459/202 2121/2460/204
f 2113/2452/196 2128/2467/203 2129/2468/205
f 2107/2446/184 2106/2445/183 2121/2460/204
f 2114/2453/197 2129/2468/205 2130/2469/207
f 2108/2447/186 2107/2446/184 2122/2461/206
f 2108/2447/186 2123/2462/208 2124/2463/210
f 2102/2441/189 2101/2440/187 2116/2455/209
f 2109/2448/188 2124/2463/210 2125/2464/198
f 2103/2442/191 2102/2441/189 2117/2456/211
f 2130/2469/207 2129/2468/205 2144/2483/213
f 2123/2462/208 2122/2461/206 2137/2476/215
f 2123/2462/208 2138/2477/216 2139/2478/218
f 2116/2455/209 2131/2470/217 2132/2471/219
f 2124/2463/210 2139/2478/218 2140/2479/220
f 2117/2456/211 2132/2471/219 2133/2472/221
f 2126/2465/199 2125/2464/198 2140/2479/220
f 2119/2458/200 2118/2457/212 2133/2472/221
f 2126/2465/199 2141/2480/222 2142/2481/224
f 2120/2459/202 2119/2458/200 2134/2473/223
f 2127/2466/487 2142/2481/224 2143/2482/226
f 2120/2459/202 2135/2474/225 2136/2475/227
f 2129/2468/205 2128/2467/203 2143/2482/226
f 2122/2461/206 2121/2460/204 2136/2475/227
f 2133/2472/221 2148/2487/241 2149/2488/228
f 2141/2480/222 2156/2495/242 2157/2496/229
f 2135/2474/225 2134/2473/223 2149/2488/228
f 2143/2482/226 2142/2481/224 2157/2496/229
f 2135/2474/225 2150/2489/230 2151/2490/232
f 2143/2482/226 2158/2497/231 2159/2498/233
f 2137/2476/215 2136/2475/227 2151/2490/232
f 2145/2484/214 2144/2483/213 2159/2498/233
f 2138/2477/216 2137/2476/215 2152/2491/234
f 2138/2477/216 2153/2492/236 2154/2493/238
f 2131/2470/217 2146/2485/237 2147/2486/239
f 2139/2478/218 2154/2493/238 2155/2494/240
f 2133/2472/221 2132/2471/219 2147/2486/239
f 2141/2480/222 2140/2479/220 2155/2494/240
f 2153/2492/236 2152/2491/234 2167/2506/243
f 2153/2492/236 2168/2507/244 2169/2508/247
f 2146/2485/237 2161/2500/245 2162/2501/248
f 2154/2493/238 2169/2508/247 2170/2509/249
f 2147/2486/239 2162/2501/248 2163/2502/250
f 2156/2495/242 2155/2494/240 2170/2509/249
f 2148/2487/241 2163/2502/250 2164/2503/252
f 2156/2495/242 2171/2510/251 2172/2511/253
f 2150/2489/230 2149/2488/228 2164/2503/252
f 2158/2497/231 2157/2496/229 2172/2511/253
f 2150/2489/230 2165/2504/254 2166/2505/256
f 2159/2498/233 2158/2497/231 2173/2512/255
f 2152/2491/234 2151/2490/232 2166/2505/256
f 2159/2498/233 2174/2513/257 2175/2514/246
f 2171/2510/251 2186/2525/272 2187/2526/258
f 2165/2504/254 2164/2503/252 2179/2518/259
f 2173/2512/255 2172/2511/253 2187/2526/258
f 2165/2504/254 2180/2519/260 2181/2520/262
f 2174/2513/257 2173/2512/255 2188/2527/261
f 2167/2506/243 2166/2505/256 2181/2520/262
f 2174/2513/257 2189/2528/263 2190/2529/265
f 2168/2507/244 2167/2506/243 2182/2521/264
f 2168/2507/244 2183/2522/266 2184/2523/268
f 2162/2501/248 2161/2500/245 2176/2515/267
f 2169/2508/247 2184/2523/268 2185/2524/270
f 2162/2501/248 2177/2516/269 2178/2517/271
f 2171/2510/251 2170/2509/249 2185/2524/270
f 2163/2502/250 2178/2517/271 2179/2518/259
f 2183/2522/266 2198/2537/286 2199/2538/274
f 2177/2516/269 2176/2515/267 2191/2530/287
f 2184/2523/268 2199/2538/274 2200/2539/276
f 2178/2517/271 2177/2516/269 2192/2531/275
f 2186/2525/272 2185/2524/270 2200/2539/276
f 2178/2517/271 2193/2532/277 2194/2533/279
f 2187/2526/258 2186/2525/272 2201/2540/278
f 2179/2518/259 2194/2533/279 2195/2534/281
f 2188/2527/261 2187/2526/258 2202/2541/280
f 2180/2519/260 2195/2534/281 2196/2535/283
f 2188/2527/261 2203/2542/282 2204/2543/284
f 2182/2521/264 2181/2520/262 2196/2535/283
f 2189/2528/263 2204/2543/284 2205/2544/273
f 2183/2522/266 2182/2521/264 2197/2536/285
f 2203/2542/282 2202/2541/280 2217/2556/288
f 2195/2534/281 2210/2549/302 2211/2550/290
f 2204/2543/284 2203/2542/282 2218/2557/289
f 2197/2536/285 2196/2535/283 2211/2550/290
f 2205/2544/273 2204/2543/284 2219/2558/291
f 2198/2537/286 2197/2536/285 2212/2551/292
f 2198/2537/286 2213/2552/294 2214/2553/296
f 2191/2530/287 2206/2545/295 2207/2546/297
f 2199/2538/274 2214/2553/296 2215/2554/298
f 2192/2531/275 2207/2546/297 2208/2547/299
f 2201/2540/278 2200/2539/276 2215/2554/298
f 2193/2532/277 2208/2547/299 2209/2548/301
f 2201/2540/278 2216/2555/300 2217/2556/288
f 2195/2534/281 2194/2533/279 2209/2548/301
f 2206/2545/295 2221/2560/303 2222/2561/304
f 2214/2553/296 2229/2568/317 2230/2569/305
f 2208/2547/299 2207/2546/297 2222/2561/304
f 2216/2555/300 2215/2554/298 2230/2569/305
f 2208/2547/299 2223/2562/306 2224/2563/308
f 2216/2555/300 2231/2570/307 2232/2571/309
f 2210/2549/302 2209/2548/301 2224/2563/308
f 2218/2557/289 2217/2556/288 2232/2571/309
f 2210/2549/302 2225/2564/310 2226/2565/312
f 2218/2557/289 2233/2572/311 2234/2573/313
f 2212/2551/292 2211/2550/290 2226/2565/312
f 2220/2559/293 2219/2558/291 2234/2573/313
f 2213/2552/294 2212/2551/292 2227/2566/314
f 2213/2552/294 2228/2567/316 2229/2568/317
f 2225/2564/310 2241/2611/331 2242/2612/318
f 2233/2572/311 2249/2619/332 2250/2620/319
f 2227/2566/314 2226/2565/312 2242/2612/318
f 2234/2573/313 2250/2620/319 2251/2621/321
f 2228/2567/316 2227/2566/314 2243/2613/320
f 2228/2567/316 2244/2614/322 2245/2615/324
f 2222/2561/304 2221/2560/303 2237/2607/323
f 2229/2568/317 2245/2615/324 2246/2616/326
f 2223/2562/306 2222/2561/304 2238/2608/325
f 2231/2570/307 2230/2569/305 2246/2616/326
f 2223/2562/306 2239/2609/327 2240/2610/329
f 2231/2570/307 2247/2617/328 2248/2618/330
f 2225/2564/310 2224/2563/308 2240/2610/329
f 2233/2572/311 2232/2571/309 2248/2618/330
f 2245/2615/324 2260/2630/347 2261/2631/333
f 2239/2609/327 2238/2608/325 2253/2623/334
f 2247/2617/328 2246/2616/326 2261/2631/333
f 2239/2609/327 2254/2624/335 2255/2625/337
f 2247/2617/328 2262/2632/336 2263/2633/338
f 2241/2611/331 2240/2610/329 2255/2625/337
f 2249/2619/332 2248/2618/330 2263/2633/338
f 2241/2611/331 2256/2626/339 2257/2627/341
f 2249/2619/332 2264/2634/340 2265/2635/342
f 2243/2613/320 2242/2612/318 2257/2627/341
f 2251/2621/321 2250/2620/319 2265/2635/342
f 2244/2614/322 2243/2613/320 2258/2628/343
f 2244/2614/322 2259/2629/345 2260/2630/347
f 2237/2607/323 2252/2622/490 2253/2623/334
f 2264/2634/340 2279/2649/362 2280/2650/348
f 2258/2628/343 2257/2627/341 2272/2642/349
f 2266/2636/344 2265/2635/342 2280/2650/348
f 2259/2629/345 2258/2628/343 2273/2643/350
f 2259/2629/345 2274/2644/352 2275/2645/354
f 2252/2622/490 2267/2637/353 2268/2638/355
f 2260/2630/347 2275/2645/354 2276/2646/356
f 2254/2624/335 2253/2623/334 2268/2638/355
f 2262/2632/336 2261/2631/333 2276/2646/356
f 2254/2624/335 2269/2639/357 2270/2640/359
f 2262/2632/336 2277/2647/358 2278/2648/360
f 2256/2626/339 2255/2625/337 2270/2640/359
f 2264/2634/340 2263/2633/338 2278/2648/360
f 2256/2626/339 2271/2641/361 2272/2642/349
f 2269/2639/357 2268/2638/355 2283/2654/363
f 2277/2647/358 2276/2646/356 2291/2670/365
f 2269/2639/357 2284/2656/364 2285/2658/367
f 2277/2647/358 2292/2672/366 2293/2674/368
f 2271/2641/361 2270/2640/359 2285/2658/367
f 2279/2649/362 2278/2648/360 2293/2674/368
f 2271/2641/361 2286/2660/369 2287/2662/371
f 2279/2649/362 2294/2676/370 2295/2678/372
f 2273/2643/350 2272/2642/349 2287/2662/371
f 2281/2651/351 2280/2650/348 2295/2678/372
f 2274/2644/352 2273/2643/350 2288/2664/373
f 2274/2644/352 2289/2666/375 2290/2668/377
f 2267/2637/353 2282/2652/376 2283/2654/363
f 2275/2645/354 2290/2668/377 2291/2670/365
f 2288/2665/373 2287/2663/371 2302/2687/378
f 2296/2681/374 2295/2679/372 2310/2695/380
f 2289/2667/375 2288/2665/373 2303/2688/379
f 2289/2667/375 2304/2689/382 2305/2690/384
f 2282/2653/376 2297/2682/383 2298/2683/385
f 2290/2669/377 2305/2690/384 2306/2691/386
f 2284/2657/364 2283/2655/363 2298/2683/385
f 2292/2673/366 2291/2671/365 2306/2691/386
f 2284/2657/364 2299/2684/387 2300/2685/389
f 2292/2673/366 2307/2692/388 2308/2693/390
f 2286/2661/369 2285/2659/367 2300/2685/389
f 2294/2677/370 2293/2675/368 2308/2693/390
f 2286/2661/369 2301/2686/391 2302/2687/378
f 2294/2677/370 2309/2694/392 2310/2695/380
f 2307/2692/388 2306/2691/386 2321/2706/393
f 2299/2684/387 2314/2699/407 2315/2700/395
f 2307/2692/388 2322/2707/394 2323/2708/396
f 2301/2686/391 2300/2685/389 2315/2700/395
f 2309/2694/392 2308/2693/390 2323/2708/396
f 2301/2686/391 2316/2701/397 2317/2702/399
f 2310/2695/380 2309/2694/392 2324/2709/398
f 2303/2688/379 2302/2687/378 2317/2702/399
f 2310/2695/380 2325/2710/400 2326/2711/494
f 2304/2689/382 2303/2688/379 2318/2703/401
f 2304/2689/382 2319/2704/403 2320/2705/405
f 2298/2683/385 2297/2682/383 2312/2697/497
f 2305/2690/384 2320/2705/405 2321/2706/393
f 2298/2683/385 2313/2698/406 2314/2699/407
f 2326/2711/494 2325/2710/400 2340/2725/408
f 2319/2704/403 2318/2703/401 2333/2718/410
f 2319/2704/403 2334/2719/411 2335/2720/413
f 2312/2697/497 2327/2712/412 2328/2713/414
f 2320/2705/405 2335/2720/413 2336/2721/415
f 2314/2699/407 2313/2698/406 2328/2713/414
f 2322/2707/394 2321/2706/393 2336/2721/415
f 2314/2699/407 2329/2714/416 2330/2715/418
f 2322/2707/394 2337/2722/417 2338/2723/419
f 2316/2701/397 2315/2700/395 2330/2715/418
f 2324/2709/398 2323/2708/396 2338/2723/419
f 2316/2701/397 2331/2716/420 2332/2717/422
f 2324/2709/398 2339/2724/421 2340/2725/408
f 2318/2703/401 2317/2702/399 2332/2717/422
f 2337/2722/417 2352/2737/437 2353/2738/423
f 2331/2716/420 2330/2715/418 2345/2730/424
f 2339/2724/421 2338/2723/419 2353/2738/423
f 2331/2716/420 2346/2731/425 2347/2732/427
f 2339/2724/421 2354/2739/426 2355/2740/428
f 2333/2718/410 2332/2717/422 2347/2732/427
f 2341/2726/409 2340/2725/408 2355/2740/428
f 2334/2719/411 2333/2718/410 2348/2733/429
f 2334/2719/411 2349/2734/431 2350/2735/433
f 2327/2712/412 2342/2727/432 2343/2728/434
f 2335/2720/413 2350/2735/433 2351/2736/435
f 2329/2714/416 2328/2713/414 2343/2728/434
f 2337/2722/417 2336/2721/415 2351/2736/435
f 2329/2714/416 2344/2729/436 2345/2730/424
f 2349/2734/431 2364/2749/452 2365/2750/440
f 2343/2728/434 2342/2727/432 2357/2742/438
f 2350/2735/433 2365/2750/440 2366/2751/442
f 2344/2729/436 2343/2728/434 2358/2743/441
f 2352/2737/437 2351/2736/435 2366/2751/442
f 2344/2729/436 2359/2744/443 2360/2745/445
f 2352/2737/437 2367/2752/444 2368/2753/446
f 2346/2731/425 2345/2730/424 2360/2745/445
f 2354/2739/426 2353/2738/423 2368/2753/446
f 2346/2731/425 2361/2746/447 2362/2747/449
f 2354/2739/426 2369/2754/448 2370/2755/450
f 2348/2733/429 2347/2732/427 2362/2747/449
f 2355/2740/428 2370/2755/450 2371/2756/439
f 2349/2734/431 2348/2733/429 2363/2748/451
f 2361/2746/447 2360/2745/445 2375/2760/453
f 2369/2754/448 2368/2753/446 2383/2768/455
f 2361/2746/447 2376/2761/454 2377/2762/457
f 2369/2754/448 2384/2769/456 2385/2770/458
f 2363/2748/451 2362/2747/449 2377/2762/457
f 2371/2756/439 2370/2755/450 2385/2770/458
f 2364/2749/452 2363/2748/451 2378/2763/459
f 2364/2749/452 2379/2764/461 2380/2765/463
f 2357/2742/438 2372/2757/462 2373/2758/464
f 2365/2750/440 2380/2765/463 2381/2766/465
f 2359/2744/443 2358/2743/441 2373/2758/464
f 2367/2752/444 2366/2751/442 2381/2766/465
f 2359/2744/443 2374/2759/466 2375/2760/453
f 2367/2752/444 2382/2767/467 2383/2768/455
f 2379/2764/461 2394/2779/481 2395/2780/468
f 2373/2758/464 2372/2757/462 2387/2772/482
f 2380/2765/463 2395/2780/468 2396/2781/470
f 2374/2759/466 2373/2758/464 2388/2773/469
f 2382/2767/467 2381/2766/465 2396/2781/470
f 2374/2759/466 2389/2774/471 2390/2775/473
f 2382/2767/467 2397/2782/472 2398/2783/474
f 2376/2761/454 2375/2760/453 2390/2775/473
f 2384/2769/456 2383/2768/455 2398/2783/474
f 2376/2761/454 2391/2776/475 2392/2777/477
f 2384/2769/456 2399/2784/476 2400/2785/478
f 2378/2763/459 2377/2762/457 2392/2777/477
f 2385/2770/458 2400/2785/478 2401/2786/480
f 2379/2764/461 2378/2763/459 2393/2778/479
f 2399/2784/476 2398/2783/474 2407/2792/4
f 2392/2777/477 2391/2776/475 1930/2238/3
f 2399/2784/476 2408/2793/6 2409/2794/10
f 2393/2778/479 2392/2777/477 2405/2790/7
f 2400/2785/478 2409/2794/10 2410/2795/14
f 2394/2779/481 2393/2778/479 1931/2239/11
f 2394/2779/481 1932/2240/16 1933/2241/21
f 2388/2773/469 2387/2772/482 2402/2787/17
f 2395/2780/468 1933/2241/21 2406/2791/26
f 2389/2774/471 2388/2773/469 2403/2788/23
f 2396/2781/470 2406/2791/26 1934/2242/30
f 2390/2775/473 2389/2774/471 1929/2237/27
f 2397/2782/472 1934/2242/30 2407/2792/4
f 2391/2776/475 2390/2775/473 2404/2789/1
f 2886/3348/1 2420/2805/31 2421/2806/2
f 2889/3351/4 2428/2813/32 2429/2814/5
f 2887/3349/7 2412/2797/3 2421/2806/2
f 2890/3352/6 2429/2814/5 2430/2815/9
f 2887/3349/7 2422/2807/8 2423/2808/12
f 2891/3353/10 2430/2815/9 2431/2816/13
f 2413/2798/11 2423/2808/12 2424/2809/15
f 2414/2799/16 2424/2809/15 2425/2810/22
f 2885/3347/23 2884/3346/17 2417/2802/19
f 2888/3350/26 2415/2800/21 2425/2810/22
f 2411/2796/27 2885/3347/23 2418/2803/24
f 2888/3350/26 2426/2811/25 2427/2812/29
f 2886/3348/1 2411/2796/27 2419/2804/28
f 2889/3351/4 2416/2801/30 2427/2812/29
f 2419/2804/28 2434/2819/47 2435/2820/33
f 2428/2813/32 2427/2812/29 2442/2827/34
f 2420/2805/31 2435/2820/33 2436/2821/36
f 2429/2814/5 2428/2813/32 2443/2828/35
f 2421/2806/2 2436/2821/36 2437/2822/38
f 2430/2815/9 2429/2814/5 2444/2829/37
f 2422/2807/8 2437/2822/38 2438/2823/40
f 2431/2816/13 2430/2815/9 2445/2830/39
f 2424/2809/15 2423/2808/12 2438/2823/40
f 2424/2809/15 2439/2824/42 2440/2825/44
f 2417/2802/19 2432/2817/43 2433/2818/45
f 2426/2811/25 2425/2810/22 2440/2825/44
f 2418/2803/24 2433/2818/45 2434/2819/47
f 2427/2812/29 2426/2811/25 2441/2826/46
f 2439/2824/42 2438/2823/40 2453/2838/48
f 2439/2824/42 2454/2839/49 2455/2840/52
f 2432/2817/43 2447/2832/50 2448/2833/53
f 2440/2825/44 2455/2840/52 2456/2841/54
f 2434/2819/47 2433/2818/45 2448/2833/53
f 2441/2826/46 2456/2841/54 2457/2842/56
f 2435/2820/33 2434/2819/47 2449/2834/55
f 2442/2827/34 2457/2842/56 2458/2843/58
f 2436/2821/36 2435/2820/33 2450/2835/57
f 2443/2828/35 2458/2843/58 2459/2844/60
f 2436/2821/36 2451/2836/59 2452/2837/61
f 2444/2829/37 2459/2844/60 2460/2845/62
f 2438/2823/40 2437/2822/38 2452/2837/61
f 2446/2831/41 2445/2830/39 2460/2845/62
f 2458/2843/58 2457/2842/56 2472/2857/77
f 2450/2835/57 2465/2850/64 2466/2851/65
f 2459/2844/60 2458/2843/58 2473/2858/63
f 2451/2836/59 2466/2851/65 2467/2852/67
f 2460/2845/62 2459/2844/60 2474/2859/66
f 2453/2838/48 2452/2837/61 2467/2852/67
f 2460/2845/62 2475/2860/68 2476/2861/70
f 2454/2839/49 2453/2838/48 2468/2853/69
f 2454/2839/49 2469/2854/71 2470/2855/73
f 2448/2833/53 2447/2832/50 2462/2847/72
f 2455/2840/52 2470/2855/73 2471/2856/75
f 2448/2833/53 2463/2848/74 2464/2849/76
f 2457/2842/56 2456/2841/54 2471/2856/75
f 2449/2834/55 2464/2849/76 2465/2850/64
f 2469/2854/71 2484/2869/92 2485/2870/80
f 2462/2847/72 2477/2862/78 2478/2863/81
f 2470/2855/73 2485/2870/80 2486/2871/82
f 2463/2848/74 2478/2863/81 2479/2864/83
f 2472/2857/77 2471/2856/75 2486/2871/82
f 2464/2849/76 2479/2864/83 2480/2865/85
f 2472/2857/77 2487/2872/84 2488/2873/86
f 2466/2851/65 2465/2850/64 2480/2865/85
f 2474/2859/66 2473/2858/63 2488/2873/86
f 2466/2851/65 2481/2866/87 2482/2867/89
f 2474/2859/66 2489/2874/88 2490/2875/90
f 2468/2853/69 2467/2852/67 2482/2867/89
f 2475/2860/68 2490/2875/90 2491/2876/79
f 2469/2854/71 2468/2853/69 2483/2868/91
f 2481/2866/87 2480/2865/85 2496/2912/93
f 2489/2874/88 2488/2873/86 2504/2920/95
f 2481/2866/87 2497/2913/94 2498/2914/97
f 2490/2875/90 2489/2874/88 2505/2921/96
f 2483/2868/91 2482/2867/89 2498/2914/97
f 2491/2876/79 2490/2875/90 2506/2922/98
f 2483/2868/91 2499/2915/99 2500/2916/101
f 2485/2870/80 2484/2869/92 2500/2916/101
f 2477/2862/78 2493/2909/484 2494/2910/104
f 2485/2870/80 2501/2917/103 2502/2918/105
f 2478/2863/81 2494/2910/104 2495/2911/106
f 2487/2872/84 2486/2871/82 2502/2918/105
f 2479/2864/83 2495/2911/106 2496/2912/93
f 2487/2872/84 2503/2919/107 2504/2920/95
f 2500/2916/101 2515/2931/121 2516/2932/108
f 2493/2909/484 2508/2924/122 2509/2925/109
f 2501/2917/103 2516/2932/108 2517/2933/110
f 2494/2910/104 2509/2925/109 2510/2926/111
f 2503/2919/107 2502/2918/105 2517/2933/110
f 2495/2911/106 2510/2926/111 2511/2927/113
f 2503/2919/107 2518/2934/112 2519/2935/114
f 2497/2913/94 2496/2912/93 2511/2927/113
f 2505/2921/96 2504/2920/95 2519/2935/114
f 2497/2913/94 2512/2928/115 2513/2929/117
f 2505/2921/96 2520/2936/116 2521/2937/118
f 2499/2915/99 2498/2914/97 2513/2929/117
f 2507/2923/483 2506/2922/98 2521/2937/118
f 2500/2916/101 2499/2915/99 2514/2930/119
f 2520/2936/116 2519/2935/114 2534/2950/123
f 2512/2928/115 2527/2943/137 2528/2944/125
f 2521/2937/118 2520/2936/116 2535/2951/124
f 2514/2930/119 2513/2929/117 2528/2944/125
f 2521/2937/118 2536/2952/126 2537/2953/128
f 2515/2931/121 2514/2930/119 2529/2945/127
f 2515/2931/121 2530/2946/129 2531/2947/131
f 2508/2924/122 2523/2939/130 2524/2940/132
f 2516/2932/108 2531/2947/131 2532/2948/133
f 2509/2925/109 2524/2940/132 2525/2941/134
f 2518/2934/112 2517/2933/110 2532/2948/133
f 2510/2926/111 2525/2941/134 2526/2942/136
f 2518/2934/112 2533/2949/135 2534/2950/123
f 2512/2928/115 2511/2927/113 2526/2942/136
f 2531/2947/131 2546/2962/152 2547/2963/138
f 2525/2941/134 2524/2940/132 2539/2955/139
f 2533/2949/135 2532/2948/133 2547/2963/138
f 2525/2941/134 2540/2956/140 2541/2957/142
f 2533/2949/135 2548/2964/141 2549/2965/143
f 2527/2943/137 2526/2942/136 2541/2957/142
f 2535/2951/124 2534/2950/123 2549/2965/143
f 2527/2943/137 2542/2958/144 2543/2959/146
f 2535/2951/124 2550/2966/145 2551/2967/147
f 2529/2945/127 2528/2944/125 2543/2959/146
f 2537/2953/128 2536/2952/126 2551/2967/147
f 2530/2946/129 2529/2945/127 2544/2960/148
f 2530/2946/129 2545/2961/150 2546/2962/152
f 2523/2939/130 2538/2954/151 2539/2955/139
f 2551/2967/147 2550/2966/145 2565/2981/153
f 2544/2960/148 2543/2959/146 2558/2974/155
f 2551/2967/147 2566/2982/154 2567/2983/157
f 2545/2961/150 2544/2960/148 2559/2975/156
f 2545/2961/150 2560/2976/158 2561/2977/160
f 2538/2954/151 2553/2969/498 2554/2970/161
f 2546/2962/152 2561/2977/160 2562/2978/162
f 2539/2955/139 2554/2970/161 2555/2971/163
f 2548/2964/141 2547/2963/138 2562/2978/162
f 2540/2956/140 2555/2971/163 2556/2972/165
f 2548/2964/141 2563/2979/164 2564/2980/166
f 2542/2958/144 2541/2957/142 2556/2972/165
f 2550/2966/145 2549/2965/143 2564/2980/166
f 2542/2958/144 2557/2973/167 2558/2974/155
f 2555/2971/163 2554/2970/161 2569/2985/168
f 2563/2979/164 2562/2978/162 2577/2993/170
f 2555/2971/163 2570/2986/169 2571/2987/172
f 2563/2979/164 2578/2994/171 2579/2995/173
f 2557/2973/167 2556/2972/165 2571/2987/172
f 2565/2981/153 2564/2980/166 2579/2995/173
f 2557/2973/167 2572/2988/174 2573/2989/176
f 2565/2981/153 2580/2996/175 2581/2997/177
f 2559/2975/156 2558/2974/155 2573/2989/176
f 2567/2983/157 2566/2982/154 2581/2997/177
f 2560/2976/158 2559/2975/156 2574/2990/178
f 2560/2976/158 2575/2991/180 2576/2992/182
f 2553/2969/498 2568/2984/181 2569/2985/168
f 2561/2977/160 2576/2992/182 2577/2993/170
f 2574/2990/178 2573/2989/176 2588/3004/183
f 2581/2997/177 2596/3012/197 2597/3013/185
f 2575/2991/180 2574/2990/178 2589/3005/184
f 2575/2991/180 2590/3006/186 2591/3007/188
f 2569/2985/168 2568/2984/181 2583/2999/187
f 2576/2992/182 2591/3007/188 2592/3008/190
f 2570/2986/169 2569/2985/168 2584/3000/189
f 2578/2994/171 2577/2993/170 2592/3008/190
f 2570/2986/169 2585/3001/191 2586/3002/193
f 2578/2994/171 2593/3009/192 2594/3010/194
f 2572/2988/174 2571/2987/172 2586/3002/193
f 2580/2996/175 2579/2995/173 2594/3010/194
f 2572/2988/174 2587/3003/195 2588/3004/183
f 2580/2996/175 2595/3011/196 2596/3012/197
f 2593/3009/192 2592/3008/190 2607/3023/198
f 2585/3001/191 2600/3016/212 2601/3017/200
f 2593/3009/192 2608/3024/199 2609/3025/487
f 2587/3003/195 2586/3002/193 2601/3017/200
f 2595/3011/196 2594/3010/194 2609/3025/487
f 2587/3003/195 2602/3018/202 2603/3019/204
f 2595/3011/196 2610/3026/203 2611/3027/205
f 2589/3005/184 2588/3004/183 2603/3019/204
f 2596/3012/197 2611/3027/205 2612/3028/207
f 2590/3006/186 2589/3005/184 2604/3020/206
f 2590/3006/186 2605/3021/208 2606/3022/210
f 2584/3000/189 2583/2999/187 2598/3014/209
f 2591/3007/188 2606/3022/210 2607/3023/198
f 2585/3001/191 2584/3000/189 2599/3015/211
f 2612/3028/207 2611/3027/205 2626/3042/213
f 2605/3021/208 2604/3020/206 2619/3035/215
f 2605/3021/208 2620/3036/216 2621/3037/218
f 2598/3014/209 2613/3029/217 2614/3030/499
f 2606/3022/210 2621/3037/218 2622/3038/220
f 2599/3015/211 2614/3030/499 2615/3031/221
f 2608/3024/199 2607/3023/198 2622/3038/220
f 2600/3016/212 2615/3031/221 2616/3032/223
f 2608/3024/199 2623/3039/222 2624/3040/224
f 2602/3018/202 2601/3017/200 2616/3032/223
f 2610/3026/203 2609/3025/487 2624/3040/224
f 2602/3018/202 2617/3033/225 2618/3034/227
f 2611/3027/205 2610/3026/203 2625/3041/226
f 2604/3020/206 2603/3019/204 2618/3034/227
f 2615/3031/221 2630/3046/241 2631/3047/228
f 2623/3039/222 2638/3054/242 2639/3055/229
f 2617/3033/225 2616/3032/223 2631/3047/228
f 2625/3041/226 2624/3040/224 2639/3055/229
f 2617/3033/225 2632/3048/230 2633/3049/232
f 2625/3041/226 2640/3056/231 2641/3057/233
f 2619/3035/215 2618/3034/227 2633/3049/232
f 2626/3042/213 2641/3057/233 2642/3058/235
f 2620/3036/216 2619/3035/215 2634/3050/234
f 2620/3036/216 2635/3051/236 2636/3052/238
f 2614/3030/499 2613/3029/217 2628/3044/237
f 2621/3037/218 2636/3052/238 2637/3053/240
f 2615/3031/221 2614/3030/499 2629/3045/239
f 2623/3039/222 2622/3038/220 2637/3053/240
f 2635/3051/236 2634/3050/234 2649/3065/243
f 2635/3051/236 2650/3066/244 2651/3067/247
f 2628/3044/237 2643/3059/245 2644/3060/248
f 2636/3052/238 2651/3067/247 2652/3068/249
f 2629/3045/239 2644/3060/248 2645/3061/250
f 2638/3054/242 2637/3053/240 2652/3068/249
f 2630/3046/241 2645/3061/250 2646/3062/252
f 2638/3054/242 2653/3069/251 2654/3070/253
f 2632/3048/230 2631/3047/228 2646/3062/252
f 2640/3056/231 2639/3055/229 2654/3070/253
f 2632/3048/230 2647/3063/254 2648/3064/256
f 2641/3057/233 2640/3056/231 2655/3071/255
f 2634/3050/234 2633/3049/232 2648/3064/256
f 2642/3058/235 2641/3057/233 2656/3072/257
f 2653/3069/251 2668/3084/272 2669/3085/258
f 2647/3063/254 2646/3062/252 2661/3077/259
f 2655/3071/255 2654/3070/253 2669/3085/258
f 2647/3063/254 2662/3078/260 2663/3079/262
f 2655/3071/255 2670/3086/261 2671/3087/263
f 2649/3065/243 2648/3064/256 2663/3079/262
f 2656/3072/257 2671/3087/263 2672/3088/265
f 2650/3066/244 2649/3065/243 2664/3080/264
f 2650/3066/244 2665/3081/266 2666/3082/268
f 2644/3060/248 2643/3059/245 2658/3074/267
f 2651/3067/247 2666/3082/268 2667/3083/270
f 2645/3061/250 2644/3060/248 2659/3075/269
f 2653/3069/251 2652/3068/249 2667/3083/270
f 2645/3061/250 2660/3076/271 2661/3077/259
f 2665/3081/266 2680/3096/286 2681/3097/274
f 2658/3074/267 2673/3089/287 2674/3090/275
f 2666/3082/268 2681/3097/274 2682/3098/276
f 2660/3076/271 2659/3075/269 2674/3090/275
f 2668/3084/272 2667/3083/270 2682/3098/276
f 2660/3076/271 2675/3091/277 2676/3092/279
f 2668/3084/272 2683/3099/278 2684/3100/280
f 2662/3078/260 2661/3077/259 2676/3092/279
f 2670/3086/261 2669/3085/258 2684/3100/280
f 2662/3078/260 2677/3093/281 2678/3094/283
f 2670/3086/261 2685/3101/282 2686/3102/284
f 2664/3080/264 2663/3079/262 2678/3094/283
f 2672/3088/265 2671/3087/263 2686/3102/284
f 2665/3081/266 2664/3080/264 2679/3095/285
f 2685/3101/282 2684/3100/280 2699/3115/488
f 2677/3093/281 2692/3108/302 2693/3109/290
f 2686/3102/284 2685/3101/282 2700/3116/289
f 2679/3095/285 2678/3094/283 2693/3109/290
f 2687/3103/273 2686/3102/284 2701/3117/291
f 2680/3096/286 2679/3095/285 2694/3110/292
f 2680/3096/286 2695/3111/294 2696/3112/296
f 2673/3089/287 2688/3104/295 2689/3105/297
f 2681/3097/274 2696/3112/296 2697/3113/298
f 2674/3090/275 2689/3105/297 2690/3106/299
f 2683/3099/278 2682/3098/276 2697/3113/298
f 2675/3091/277 2690/3106/299 2691/3107/493
f 2683/3099/278 2698/3114/300 2699/3115/488
f 2677/3093/281 2676/3092/279 2691/3107/493
f 2689/3105/297 2688/3104/295 2703/3119/303
f 2696/3112/296 2711/3127/317 2712/3128/305
f 2690/3106/299 2689/3105/297 2704/3120/304
f 2698/3114/300 2697/3113/298 2712/3128/305
f 2690/3106/299 2705/3121/306 2706/3122/308
f 2698/3114/300 2713/3129/307 2714/3130/309
f 2692/3108/302 2691/3107/493 2706/3122/308
f 2700/3116/289 2699/3115/488 2714/3130/309
f 2692/3108/302 2707/3123/310 2708/3124/312
f 2700/3116/289 2715/3131/311 2716/3132/313
f 2694/3110/292 2693/3109/290 2708/3124/312
f 2701/3117/291 2716/3132/313 2717/3133/315
f 2695/3111/294 2694/3110/292 2709/3125/314
f 2695/3111/294 2710/3126/316 2711/3127/317
f 2707/3123/310 2723/3170/331 2724/3171/318
f 2715/3131/311 2731/3178/332 2732/3179/319
f 2709/3125/314 2708/3124/312 2724/3171/318
f 2717/3133/315 2716/3132/313 2732/3179/319
f 2710/3126/316 2709/3125/314 2725/3172/320
f 2710/3126/316 2726/3173/322 2727/3174/324
f 2703/3119/303 2719/3166/323 2720/3167/325
f 2711/3127/317 2727/3174/324 2728/3175/326
f 2705/3121/306 2704/3120/304 2720/3167/325
f 2713/3129/307 2712/3128/305 2728/3175/326
f 2705/3121/306 2721/3168/327 2722/3169/329
f 2713/3129/307 2729/3176/328 2730/3177/330
f 2707/3123/310 2706/3122/308 2722/3169/329
f 2715/3131/311 2714/3130/309 2730/3177/330
f 2727/3174/324 2742/3189/347 2743/3190/333
f 2721/3168/327 2720/3167/325 2735/3182/334
f 2729/3176/328 2728/3175/326 2743/3190/333
f 2721/3168/327 2736/3183/335 2737/3184/337
f 2729/3176/328 2744/3191/336 2745/3192/338
f 2723/3170/331 2722/3169/329 2737/3184/337
f 2731/3178/332 2730/3177/330 2745/3192/338
f 2723/3170/331 2738/3185/339 2739/3186/341
f 2731/3178/332 2746/3193/340 2747/3194/342
f 2725/3172/320 2724/3171/318 2739/3186/341
f 2732/3179/319 2747/3194/342 2748/3195/489
f 2726/3173/322 2725/3172/320 2740/3187/343
f 2726/3173/322 2741/3188/345 2742/3189/347
f 2720/3167/325 2719/3166/323 2734/3181/500
f 2746/3193/340 2761/3208/362 2762/3209/348
f 2740/3187/343 2739/3186/341 2754/3201/349
f 2747/3194/342 2762/3209/348 2763/3210/351
f 2741/3188/345 2740/3187/343 2755/3202/350
f 2741/3188/345 2756/3203/352 2757/3204/354
f 2734/3181/500 2749/3196/353 2750/3197/355
f 2742/3189/347 2757/3204/354 2758/3205/356
f 2736/3183/335 2735/3182/334 2750/3197/355
f 2744/3191/336 2743/3190/333 2758/3205/356
f 2736/3183/335 2751/3198/357 2752/3199/359
f 2744/3191/336 2759/3206/358 2760/3207/360
f 2738/3185/339 2737/3184/337 2752/3199/359
f 2746/3193/340 2745/3192/338 2760/3207/360
f 2738/3185/339 2753/3200/361 2754/3201/349
f 2751/3198/357 2750/3197/355 2765/3213/363
f 2759/3206/358 2758/3205/356 2773/3229/365
f 2751/3198/357 2766/3215/364 2767/3217/367
f 2759/3206/358 2774/3231/366 2775/3233/368
f 2753/3200/361 2752/3199/359 2767/3217/367
f 2761/3208/362 2760/3207/360 2775/3233/368
f 2753/3200/361 2768/3219/369 2769/3221/371
f 2761/3208/362 2776/3235/370 2777/3237/372
f 2755/3202/350 2754/3201/349 2769/3221/371
f 2763/3210/351 2762/3209/348 2777/3237/372
f 2756/3203/352 2755/3202/350 2770/3223/373
f 2756/3203/352 2771/3225/375 2772/3227/377
f 2749/3196/353 2764/3211/376 2765/3213/363
f 2757/3204/354 2772/3227/377 2773/3229/365
f 2770/3224/373 2769/3222/371 2784/3246/378
f 2778/3240/374 2777/3238/372 2792/3254/380
f 2771/3226/375 2770/3224/373 2785/3247/379
f 2771/3226/375 2786/3248/382 2787/3249/384
f 2764/3212/376 2779/3241/383 2780/3242/385
f 2772/3228/377 2787/3249/384 2788/3250/386
f 2766/3216/364 2765/3214/363 2780/3242/385
f 2774/3232/366 2773/3230/365 2788/3250/386
f 2766/3216/364 2781/3243/387 2782/3244/389
f 2774/3232/366 2789/3251/388 2790/3252/390
f 2768/3220/369 2767/3218/367 2782/3244/389
f 2776/3236/370 2775/3234/368 2790/3252/390
f 2768/3220/369 2783/3245/391 2784/3246/378
f 2776/3236/370 2791/3253/392 2792/3254/380
f 2789/3251/388 2788/3250/386 2803/3265/393
f 2781/3243/387 2796/3258/407 2797/3259/395
f 2789/3251/388 2804/3266/394 2805/3267/396
f 2783/3245/391 2782/3244/389 2797/3259/395
f 2791/3253/392 2790/3252/390 2805/3267/396
f 2783/3245/391 2798/3260/397 2799/3261/399
f 2791/3253/392 2806/3268/398 2807/3269/400
f 2785/3247/379 2784/3246/378 2799/3261/399
f 2792/3254/380 2807/3269/400 2808/3270/402
f 2786/3248/382 2785/3247/379 2800/3262/401
f 2786/3248/382 2801/3263/403 2802/3264/405
f 2780/3242/385 2779/3241/383 2794/3256/492
f 2787/3249/384 2802/3264/405 2803/3265/393
f 2781/3243/387 2780/3242/385 2795/3257/406
f 2808/3270/402 2807/3269/400 2822/3284/408
f 2801/3263/403 2800/3262/401 2815/3277/410
f 2801/3263/403 2816/3278/411 2817/3279/413
f 2794/3256/492 2809/3271/412 2810/3272/414
f 2802/3264/405 2817/3279/413 2818/3280/415
f 2796/3258/407 2795/3257/406 2810/3272/414
f 2804/3266/394 2803/3265/393 2818/3280/415
f 2796/3258/407 2811/3273/416 2812/3274/418
f 2804/3266/394 2819/3281/417 2820/3282/419
f 2798/3260/397 2797/3259/395 2812/3274/418
f 2806/3268/398 2805/3267/396 2820/3282/419
f 2798/3260/397 2813/3275/420 2814/3276/422
f 2806/3268/398 2821/3283/421 2822/3284/408
f 2800/3262/401 2799/3261/399 2814/3276/422
f 2819/3281/417 2834/3296/437 2835/3297/423
f 2813/3275/420 2812/3274/418 2827/3289/424
f 2821/3283/421 2820/3282/419 2835/3297/423
f 2813/3275/420 2828/3290/425 2829/3291/427
f 2821/3283/421 2836/3298/426 2837/3299/428
f 2815/3277/410 2814/3276/422 2829/3291/427
f 2823/3285/409 2822/3284/408 2837/3299/428
f 2816/3278/411 2815/3277/410 2830/3292/429
f 2816/3278/411 2831/3293/431 2832/3294/433
f 2809/3271/412 2824/3286/432 2825/3287/434
f 2817/3279/413 2832/3294/433 2833/3295/435
f 2811/3273/416 2810/3272/414 2825/3287/434
f 2819/3281/417 2818/3280/415 2833/3295/435
f 2811/3273/416 2826/3288/436 2827/3289/424
f 2831/3293/431 2846/3308/452 2847/3309/440
f 2824/3286/432 2839/3301/438 2840/3302/441
f 2832/3294/433 2847/3309/440 2848/3310/442
f 2825/3287/434 2840/3302/441 2841/3303/443
f 2834/3296/437 2833/3295/435 2848/3310/442
f 2826/3288/436 2841/3303/443 2842/3304/445
f 2834/3296/437 2849/3311/444 2850/3312/446
f 2828/3290/425 2827/3289/424 2842/3304/445
f 2836/3298/426 2835/3297/423 2850/3312/446
f 2828/3290/425 2843/3305/447 2844/3306/449
f 2837/3299/428 2836/3298/426 2851/3313/448
f 2830/3292/429 2829/3291/427 2844/3306/449
f 2838/3300/430 2837/3299/428 2852/3314/450
f 2831/3293/431 2830/3292/429 2845/3307/451
f 2843/3305/447 2842/3304/445 2857/3319/453
f 2851/3313/448 2850/3312/446 2865/3327/455
f 2843/3305/447 2858/3320/454 2859/3321/457
f 2851/3313/448 2866/3328/456 2867/3329/458
f 2845/3307/451 2844/3306/449 2859/3321/457
f 2852/3314/450 2867/3329/458 2868/3330/460
f 2846/3308/452 2845/3307/451 2860/3322/459
f 2846/3308/452 2861/3323/461 2862/3324/463
f 2840/3302/441 2839/3301/438 2854/3316/462
f 2847/3309/440 2862/3324/463 2863/3325/465
f 2841/3303/443 2840/3302/441 2855/3317/464
f 2849/3311/444 2848/3310/442 2863/3325/465
f 2841/3303/443 2856/3318/466 2857/3319/453
f 2849/3311/444 2864/3326/467 2865/3327/455
f 2861/3323/461 2876/3338/481 2877/3339/468
f 2854/3316/462 2869/3331/482 2870/3332/469
f 2862/3324/463 2877/3339/468 2878/3340/470
f 2855/3317/464 2870/3332/469 2871/3333/471
f 2864/3326/467 2863/3325/465 2878/3340/470
f 2856/3318/466 2871/3333/471 2872/3334/473
f 2864/3326/467 2879/3341/472 2880/3342/474
f 2858/3320/454 2857/3319/453 2872/3334/473
f 2866/3328/456 2865/3327/455 2880/3342/474
f 2858/3320/454 2873/3335/475 2874/3336/477
f 2867/3329/458 2866/3328/456 2881/3343/476
f 2860/3322/459 2859/3321/457 2874/3336/477
f 2868/3330/460 2867/3329/458 2882/3344/478
f 2861/3323/461 2860/3322/459 2875/3337/479
f 2881/3343/476 2880/3342/474 2889/3351/4
f 2874/3336/477 2873/3335/475 2412/2797/3
f 2881/3343/476 2890/3352/6 2891/3353/10
f 2875/3337/479 2874/3336/477 2887/3349/7
f 2882/3344/478 2891/3353/10 2892/3354/14
f 2876/3338/481 2875/3337/479 2413/2798/11
f 2876/3338/481 2414/2799/16 2415/2800/21
f 2870/3332/469 2869/3331/482 2884/3346/17
f 2877/3339/468 2415/2800/21 2888/3350/26
f 2871/3333/471 2870/3332/469 2885/3347/23
f 2878/3340/470 2888/3350/26 2416/2801/30
f 2872/3334/473 2871/3333/471 2411/2796/27
f 2879/3341/472 2416/2801/30 2889/3351/4
f 2873/3335/475 2872/3334/473 2886/3348/1
f 3368/3907/1 2902/3364/31 2903/3365/2
f 3371/3910/4 2910/3372/32 2911/3373/5
f 3369/3908/7 2894/3356/3 2903/3365/2
f 3372/3911/6 2911/3373/5 2912/3374/9
f 3369/3908/7 2904/3366/8 2905/3367/12
f 3373/3912/10 2912/3374/9 2913/3375/13
f 2895/3357/11 2905/3367/12 2906/3368/15
f 2896/3358/16 2906/3368/15 2907/3369/22
f 3367/3906/23 3366/3905/17 2899/3361/19
f 2897/3359/21 2907/3369/22 2908/3370/25
f 2893/3355/27 3367/3906/23 2900/3362/24
f 3370/3909/26 2908/3370/25 2909/3371/29
f 3368/3907/1 2893/3355/27 2901/3363/28
f 2898/3360/30 2909/3371/29 2910/3372/32
f 2901/3363/28 2916/3378/47 2917/3379/33
f 2910/3372/32 2909/3371/29 2924/3386/34
f 2902/3364/31 2917/3379/33 2918/3380/36
f 2911/3373/5 2910/3372/32 2925/3387/35
f 2903/3365/2 2918/3380/36 2919/3381/38
f 2912/3374/9 2911/3373/5 2926/3388/37
f 2904/3366/8 2919/3381/38 2920/3382/40
f 2913/3375/13 2912/3374/9 2927/3389/39
f 2906/3368/15 2905/3367/12 2920/3382/40
f 2906/3368/15 2921/3383/42 2922/3384/44
f 2899/3361/19 2914/3376/43 2915/3377/45
f 2908/3370/25 2907/3369/22 2922/3384/44
f 2900/3362/24 2915/3377/45 2916/3378/47
f 2909/3371/29 2908/3370/25 2923/3385/46
f 2921/3383/42 2920/3382/40 2935/3397/48
f 2921/3383/42 2936/3398/49 2937/3399/52
f 2914/3376/43 2929/3391/50 2930/3392/53
f 2922/3384/44 2937/3399/52 2938/3400/54
f 2916/3378/47 2915/3377/45 2930/3392/53
f 2923/3385/46 2938/3400/54 2939/3401/56
f 2917/3379/33 2916/3378/47 2931/3393/55
f 2924/3386/34 2939/3401/56 2940/3402/58
f 2918/3380/36 2917/3379/33 2932/3394/57
f 2925/3387/35 2940/3402/58 2941/3403/60
f 2918/3380/36 2933/3395/59 2934/3396/61
f 2926/3388/37 2941/3403/60 2942/3404/62
f 2920/3382/40 2919/3381/38 2934/3396/61
f 2928/3390/41 2927/3389/39 2942/3404/62
f 2940/3402/58 2939/3401/56 2954/3416/77
f 2932/3394/57 2947/3409/64 2948/3410/65
f 2941/3403/60 2940/3402/58 2955/3417/63
f 2933/3395/59 2948/3410/65 2949/3411/67
f 2942/3404/62 2941/3403/60 2956/3418/66
f 2935/3397/48 2934/3396/61 2949/3411/67
f 2942/3404/62 2957/3419/68 2958/3420/70
f 2936/3398/49 2935/3397/48 2950/3412/69
f 2936/3398/49 2951/3413/71 2952/3414/73
f 2930/3392/53 2929/3391/50 2944/3406/72
f 2937/3399/52 2952/3414/73 2953/3415/75
f 2930/3392/53 2945/3407/74 2946/3408/76
f 2939/3401/56 2938/3400/54 2953/3415/75
f 2931/3393/55 2946/3408/76 2947/3409/64
f 2951/3413/71 2966/3428/92 2967/3429/80
f 2944/3406/72 2959/3421/78 2960/3422/81
f 2952/3414/73 2967/3429/80 2968/3430/82
f 2945/3407/74 2960/3422/81 2961/3423/83
f 2954/3416/77 2953/3415/75 2968/3430/82
f 2946/3408/76 2961/3423/83 2962/3424/85
f 2954/3416/77 2969/3431/84 2970/3432/86
f 2948/3410/65 2947/3409/64 2962/3424/85
f 2956/3418/66 2955/3417/63 2970/3432/86
f 2948/3410/65 2963/3425/87 2964/3426/89
f 2956/3418/66 2971/3433/88 2972/3434/90
f 2950/3412/69 2949/3411/67 2964/3426/89
f 2957/3419/68 2972/3434/90 2973/3435/79
f 2951/3413/71 2950/3412/69 2965/3427/91
f 2963/3425/87 2962/3424/85 2978/3471/93
f 2971/3433/88 2970/3432/86 2986/3479/95
f 2963/3425/87 2979/3472/94 2980/3473/97
f 2972/3434/90 2971/3433/88 2987/3480/96
f 2965/3427/91 2964/3426/89 2980/3473/97
f 2973/3435/79 2972/3434/90 2988/3481/98
f 2965/3427/91 2981/3474/99 2982/3475/101
f 2967/3429/80 2966/3428/92 2982/3475/101
f 2959/3421/78 2975/3468/484 2976/3469/104
f 2967/3429/80 2983/3476/103 2984/3477/105
f 2960/3422/81 2976/3469/104 2977/3470/106
f 2969/3431/84 2968/3430/82 2984/3477/105
f 2961/3423/83 2977/3470/106 2978/3471/93
f 2969/3431/84 2985/3478/107 2986/3479/95
f 2982/3475/101 2997/3490/121 2998/3491/108
f 2975/3468/484 2990/3483/122 2991/3484/109
f 2983/3476/103 2998/3491/108 2999/3492/110
f 2976/3469/104 2991/3484/109 2992/3485/111
f 2985/3478/107 2984/3477/105 2999/3492/110
f 2977/3470/106 2992/3485/111 2993/3486/113
f 2985/3478/107 3000/3493/112 3001/3494/114
f 2979/3472/94 2978/3471/93 2993/3486/113
f 2987/3480/96 2986/3479/95 3001/3494/114
f 2979/3472/94 2994/3487/115 2995/3488/117
f 2987/3480/96 3002/3495/116 3003/3496/118
f 2981/3474/99 2980/3473/97 2995/3488/117
f 2989/3482/100 2988/3481/98 3003/3496/118
f 2982/3475/101 2981/3474/99 2996/3489/119
f 3002/3495/116 3001/3494/114 3016/3509/123
f 2994/3487/115 3009/3502/137 3010/3503/125
f 3003/3496/118 3002/3495/116 3017/3510/124
f 2996/3489/119 2995/3488/117 3010/3503/125
f 3003/3496/118 3018/3511/126 3019/3512/128
f 2997/3490/121 2996/3489/119 3011/3504/127
f 2997/3490/121 3012/3505/129 3013/3506/131
f 2990/3483/122 3005/3498/130 3006/3499/132
f 2998/3491/108 3013/3506/131 3014/3507/133
f 2991/3484/109 3006/3499/132 3007/3500/134
f 3000/3493/112 2999/3492/110 3014/3507/133
f 2992/3485/111 3007/3500/134 3008/3501/136
f 3000/3493/112 3015/3508/135 3016/3509/123
f 2994/3487/115 2993/3486/113 3008/3501/136
f 3013/3506/131 3028/3521/152 3029/3522/138
f 3007/3500/134 3006/3499/132 3021/3514/139
f 3015/3508/135 3014/3507/133 3029/3522/138
f 3007/3500/134 3022/3515/140 3023/3516/142
f 3015/3508/135 3030/3523/141 3031/3524/143
f 3009/3502/137 3008/3501/136 3023/3516/142
f 3017/3510/124 3016/3509/123 3031/3524/143
f 3009/3502/137 3024/3517/144 3025/3518/146
f 3017/3510/124 3032/3525/145 3033/3526/147
f 3011/3504/127 3010/3503/125 3025/3518/146
f 3019/3512/128 3018/3511/126 3033/3526/147
f 3012/3505/129 3011/3504/127 3026/3519/148
f 3012/3505/129 3027/3520/150 3028/3521/152
f 3005/3498/130 3020/3513/151 3021/3514/139
f 3033/3526/147 3032/3525/145 3047/3540/153
f 3026/3519/148 3025/3518/146 3040/3533/155
f 3033/3526/147 3048/3541/154 3049/3542/485
f 3027/3520/150 3026/3519/148 3041/3534/156
f 3027/3520/150 3042/3535/158 3043/3536/160
f 3020/3513/151 3035/3528/159 3036/3529/161
f 3028/3521/152 3043/3536/160 3044/3537/162
f 3021/3514/139 3036/3529/161 3037/3530/163
f 3030/3523/141 3029/3522/138 3044/3537/162
f 3022/3515/140 3037/3530/163 3038/3531/165
f 3030/3523/141 3045/3538/164 3046/3539/166
f 3024/3517/144 3023/3516/142 3038/3531/165
f 3032/3525/145 3031/3524/143 3046/3539/166
f 3024/3517/144 3039/3532/167 3040/3533/155
f 3037/3530/163 3036/3529/161 3051/3544/168
f 3045/3538/164 3044/3537/162 3059/3552/170
f 3037/3530/163 3052/3545/169 3053/3546/172
f 3045/3538/164 3060/3553/171 3061/3554/173
f 3039/3532/167 3038/3531/165 3053/3546/172
f 3047/3540/153 3046/3539/166 3061/3554/173
f 3039/3532/167 3054/3547/174 3055/3548/176
f 3047/3540/153 3062/3555/175 3063/3556/177
f 3041/3534/156 3040/3533/155 3055/3548/176
f 3049/3542/485 3048/3541/154 3063/3556/177
f 3042/3535/158 3041/3534/156 3056/3549/178
f 3042/3535/158 3057/3550/180 3058/3551/182
f 3035/3528/159 3050/3543/181 3051/3544/168
f 3043/3536/160 3058/3551/182 3059/3552/170
f 3056/3549/178 3055/3548/176 3070/3563/183
f 3063/3556/177 3078/3571/197 3079/3572/185
f 3057/3550/180 3056/3549/178 3071/3564/184
f 3057/3550/180 3072/3565/186 3073/3566/188
f 3051/3544/168 3050/3543/181 3065/3558/187
f 3058/3551/182 3073/3566/188 3074/3567/190
f 3052/3545/169 3051/3544/168 3066/3559/189
f 3060/3553/171 3059/3552/170 3074/3567/190
f 3052/3545/169 3067/3560/191 3068/3561/193
f 3060/3553/171 3075/3568/192 3076/3569/194
f 3054/3547/174 3053/3546/172 3068/3561/193
f 3062/3555/175 3061/3554/173 3076/3569/194
f 3054/3547/174 3069/3562/195 3070/3563/183
f 3062/3555/175 3077/3570/196 3078/3571/197
f 3075/3568/192 3074/3567/190 3089/3582/198
f 3067/3560/191 3082/3575/212 3083/3576/200
f 3075/3568/192 3090/3583/199 3091/3584/487
f 3069/3562/195 3068/3561/193 3083/3576/200
f 3077/3570/196 3076/3569/194 3091/3584/487
f 3069/3562/195 3084/3577/202 3085/3578/204
f 3077/3570/196 3092/3585/203 3093/3586/205
f 3071/3564/184 3070/3563/183 3085/3578/204
f 3078/3571/197 3093/3586/205 3094/3587/207
f 3072/3565/186 3071/3564/184 3086/3579/206
f 3072/3565/186 3087/3580/208 3088/3581/210
f 3066/3559/189 3065/3558/187 3080/3573/209
f 3073/3566/188 3088/3581/210 3089/3582/198
f 3067/3560/191 3066/3559/189 3081/3574/211
f 3094/3587/207 3093/3586/205 3108/3601/213
f 3087/3580/208 3086/3579/206 3101/3594/215
f 3087/3580/208 3102/3595/216 3103/3596/218
f 3080/3573/209 3095/3588/217 3096/3589/219
f 3088/3581/210 3103/3596/218 3104/3597/220
f 3081/3574/211 3096/3589/219 3097/3590/221
f 3090/3583/199 3089/3582/198 3104/3597/220
f 3082/3575/212 3097/3590/221 3098/3591/223
f 3090/3583/199 3105/3598/222 3106/3599/224
f 3084/3577/202 3083/3576/200 3098/3591/223
f 3092/3585/203 3091/3584/487 3106/3599/224
f 3084/3577/202 3099/3592/225 3100/3593/227
f 3093/3586/205 3092/3585/203 3107/3600/226
f 3086/3579/206 3085/3578/204 3100/3593/227
f 3097/3590/221 3112/3605/241 3113/3606/228
f 3105/3598/222 3120/3613/242 3121/3614/229
f 3099/3592/225 3098/3591/223 3113/3606/228
f 3107/3600/226 3106/3599/224 3121/3614/229
f 3099/3592/225 3114/3607/230 3115/3608/232
f 3107/3600/226 3122/3615/231 3123/3616/233
f 3101/3594/215 3100/3593/227 3115/3608/232
f 3108/3601/213 3123/3616/233 3124/3617/235
f 3102/3595/216 3101/3594/215 3116/3609/234
f 3102/3595/216 3117/3610/236 3118/3611/238
f 3096/3589/219 3095/3588/217 3110/3603/237
f 3103/3596/218 3118/3611/238 3119/3612/240
f 3097/3590/221 3096/3589/219 3111/3604/239
f 3105/3598/222 3104/3597/220 3119/3612/240
f 3117/3610/236 3116/3609/234 3131/3624/243
f 3117/3610/236 3132/3625/244 3133/3626/247
f 3110/3603/237 3125/3618/245 3126/3619/248
f 3118/3611/238 3133/3626/247 3134/3627/249
f 3111/3604/239 3126/3619/248 3127/3620/250
f 3120/3613/242 3119/3612/240 3134/3627/249
f 3112/3605/241 3127/3620/250 3128/3621/252
f 3120/3613/242 3135/3628/251 3136/3629/253
f 3114/3607/230 3113/3606/228 3128/3621/252
f 3122/3615/231 3121/3614/229 3136/3629/253
f 3114/3607/230 3129/3622/254 3130/3623/256
f 3123/3616/233 3122/3615/231 3137/3630/255
f 3116/3609/234 3115/3608/232 3130/3623/256
f 3124/3617/235 3123/3616/233 3138/3631/257
f 3135/3628/251 3150/3643/272 3151/3644/258
f 3129/3622/254 3128/3621/252 3143/3636/259
f 3137/3630/255 3136/3629/253 3151/3644/258
f 3129/3622/254 3144/3637/260 3145/3638/262
f 3137/3630/255 3152/3645/261 3153/3646/263
f 3131/3624/243 3130/3623/256 3145/3638/262
f 3138/3631/257 3153/3646/263 3154/3647/265
f 3132/3625/244 3131/3624/243 3146/3639/264
f 3132/3625/244 3147/3640/266 3148/3641/268
f 3126/3619/248 3125/3618/245 3140/3633/267
f 3133/3626/247 3148/3641/268 3149/3642/270
f 3127/3620/250 3126/3619/248 3141/3634/269
f 3135/3628/251 3134/3627/249 3149/3642/270
f 3127/3620/250 3142/3635/271 3143/3636/259
f 3147/3640/266 3162/3655/286 3163/3656/274
f 3140/3633/267 3155/3648/287 3156/3649/275
f 3148/3641/268 3163/3656/274 3164/3657/276
f 3142/3635/271 3141/3634/269 3156/3649/275
f 3150/3643/272 3149/3642/270 3164/3657/276
f 3142/3635/271 3157/3650/277 3158/3651/279
f 3150/3643/272 3165/3658/278 3166/3659/280
f 3144/3637/260 3143/3636/259 3158/3651/279
f 3152/3645/261 3151/3644/258 3166/3659/280
f 3144/3637/260 3159/3652/281 3160/3653/283
f 3152/3645/261 3167/3660/282 3168/3661/284
f 3146/3639/264 3145/3638/262 3160/3653/283
f 3154/3647/265 3153/3646/263 3168/3661/284
f 3147/3640/266 3146/3639/264 3161/3654/285
f 3167/3660/282 3166/3659/280 3181/3674/488
f 3159/3652/281 3174/3667/302 3175/3668/290
f 3168/3661/284 3167/3660/282 3182/3675/289
f 3161/3654/285 3160/3653/283 3175/3668/290
f 3169/3662/273 3168/3661/284 3183/3676/291
f 3162/3655/286 3161/3654/285 3176/3669/292
f 3162/3655/286 3177/3670/294 3178/3671/296
f 3155/3648/287 3170/3663/295 3171/3664/297
f 3163/3656/274 3178/3671/296 3179/3672/298
f 3156/3649/275 3171/3664/297 3172/3665/299
f 3165/3658/278 3164/3657/276 3179/3672/298
f 3157/3650/277 3172/3665/299 3173/3666/493
f 3165/3658/278 3180/3673/300 3181/3674/488
f 3159/3652/281 3158/3651/279 3173/3666/493
f 3171/3664/297 3170/3663/295 3185/3678/303
f 3178/3671/296 3193/3686/317 3194/3687/305
f 3172/3665/299 3171/3664/297 3186/3679/304
f 3180/3673/300 3179/3672/298 3194/3687/305
f 3172/3665/299 3187/3680/306 3188/3681/308
f 3180/3673/300 3195/3688/307 3196/3689/309
f 3174/3667/302 3173/3666/493 3188/3681/308
f 3182/3675/289 3181/3674/488 3196/3689/309
f 3174/3667/302 3189/3682/310 3190/3683/312
f 3182/3675/289 3197/3690/311 3198/3691/313
f 3176/3669/292 3175/3668/290 3190/3683/312
f 3183/3676/291 3198/3691/313 3199/3692/315
f 3177/3670/294 3176/3669/292 3191/3684/314
f 3177/3670/294 3192/3685/316 3193/3686/317
f 3189/3682/310 3205/3729/331 3206/3730/318
f 3197/3690/311 3213/3737/332 3214/3738/319
f 3191/3684/314 3190/3683/312 3206/3730/318
f 3199/3692/315 3198/3691/313 3214/3738/319
f 3192/3685/316 3191/3684/314 3207/3731/320
f 3192/3685/316 3208/3732/322 3209/3733/324
f 3185/3678/303 3201/3725/323 3202/3726/325
f 3193/3686/317 3209/3733/324 3210/3734/326
f 3187/3680/306 3186/3679/304 3202/3726/325
f 3195/3688/307 3194/3687/305 3210/3734/326
f 3187/3680/306 3203/3727/327 3204/3728/329
f 3195/3688/307 3211/3735/328 3212/3736/330
f 3189/3682/310 3188/3681/308 3204/3728/329
f 3197/3690/311 3196/3689/309 3212/3736/330
f 3209/3733/324 3224/3748/347 3225/3749/333
f 3203/3727/327 3202/3726/325 3217/3741/334
f 3211/3735/328 3210/3734/326 3225/3749/333
f 3203/3727/327 3218/3742/335 3219/3743/337
f 3211/3735/328 3226/3750/336 3227/3751/338
f 3205/3729/331 3204/3728/329 3219/3743/337
f 3213/3737/332 3212/3736/330 3227/3751/338
f 3205/3729/331 3220/3744/339 3221/3745/341
f 3213/3737/332 3228/3752/340 3229/3753/342
f 3207/3731/320 3206/3730/318 3221/3745/341
f 3214/3738/319 3229/3753/342 3230/3754/501
f 3208/3732/322 3207/3731/320 3222/3746/343
f 3208/3732/322 3223/3747/345 3224/3748/347
f 3202/3726/325 3201/3725/323 3216/3740/346
f 3228/3752/340 3243/3767/362 3244/3768/348
f 3222/3746/343 3221/3745/341 3236/3760/349
f 3229/3753/342 3244/3768/348 3245/3769/351
f 3223/3747/345 3222/3746/343 3237/3761/350
f 3223/3747/345 3238/3762/352 3239/3763/354
f 3216/3740/346 3231/3755/353 3232/3756/355
f 3224/3748/347 3239/3763/354 3240/3764/356
f 3218/3742/335 3217/3741/334 3232/3756/355
f 3226/3750/336 3225/3749/333 3240/3764/356
f 3218/3742/335 3233/3757/357 3234/3758/359
f 3226/3750/336 3241/3765/358 3242/3766/360
f 3220/3744/339 3219/3743/337 3234/3758/359
f 3228/3752/340 3227/3751/338 3242/3766/360
f 3220/3744/339 3235/3759/361 3236/3760/349
f 3233/3757/357 3232/3756/355 3247/3772/363
f 3241/3765/358 3240/3764/356 3255/3788/365
f 3233/3757/357 3248/3774/364 3249/3776/367
f 3241/3765/358 3256/3790/366 3257/3792/368
f 3235/3759/361 3234/3758/359 3249/3776/367
f 3243/3767/362 3242/3766/360 3257/3792/368
f 3235/3759/361 3250/3778/369 3251/3780/371
f 3243/3767/362 3258/3794/370 3259/3796/372
f 3237/3761/350 3236/3760/349 3251/3780/371
f 3245/3769/351 3244/3768/348 3259/3796/372
f 3238/3762/352 3237/3761/350 3252/3782/373
f 3238/3762/352 3253/3784/375 3254/3786/377
f 3231/3755/353 3246/3770/376 3247/3772/363
f 3239/3763/354 3254/3786/377 3255/3788/365
f 3252/3783/373 3251/3781/371 3266/3805/378
f 3260/3799/374 3259/3797/372 3274/3813/380
f 3253/3785/375 3252/3783/373 3267/3806/379
f 3253/3785/375 3268/3807/382 3269/3808/384
f 3246/3771/376 3261/3800/383 3262/3801/385
f 3254/3787/377 3269/3808/384 3270/3809/386
f 3248/3775/364 3247/3773/363 3262/3801/385
f 3256/3791/366 3255/3789/365 3270/3809/386
f 3248/3775/364 3263/3802/387 3264/3803/389
f 3256/3791/366 3271/3810/388 3272/3811/390
f 3250/3779/369 3249/3777/367 3264/3803/389
f 3258/3795/370 3257/3793/368 3272/3811/390
f 3250/3779/369 3265/3804/391 3266/3805/378
f 3258/3795/370 3273/3812/392 3274/3813/380
f 3271/3810/388 3270/3809/386 3285/3824/393
f 3263/3802/387 3278/3817/407 3279/3818/395
f 3271/3810/388 3286/3825/394 3287/3826/396
f 3265/3804/391 3264/3803/389 3279/3818/395
f 3273/3812/392 3272/3811/390 3287/3826/396
f 3265/3804/391 3280/3819/397 3281/3820/399
f 3273/3812/392 3288/3827/398 3289/3828/400
f 3267/3806/379 3266/3805/378 3281/3820/399
f 3274/3813/380 3289/3828/400 3290/3829/494
f 3268/3807/382 3267/3806/379 3282/3821/401
f 3268/3807/382 3283/3822/403 3284/3823/405
f 3262/3801/385 3261/3800/383 3276/3815/492
f 3269/3808/384 3284/3823/405 3285/3824/393
f 3263/3802/387 3262/3801/385 3277/3816/406
f 3290/3829/494 3289/3828/400 3304/3843/408
f 3283/3822/403 3282/3821/401 3297/3836/410
f 3283/3822/403 3298/3837/411 3299/3838/413
f 3276/3815/492 3291/3830/412 3292/3831/414
f 3284/3823/405 3299/3838/413 3300/3839/415
f 3278/3817/407 3277/3816/406 3292/3831/414
f 3286/3825/394 3285/3824/393 3300/3839/415
f 3278/3817/407 3293/3832/416 3294/3833/418
f 3286/3825/394 3301/3840/417 3302/3841/419
f 3280/3819/397 3279/3818/395 3294/3833/418
f 3288/3827/398 3287/3826/396 3302/3841/419
f 3280/3819/397 3295/3834/420 3296/3835/422
f 3288/3827/398 3303/3842/421 3304/3843/408
f 3282/3821/401 3281/3820/399 3296/3835/422
f 3301/3840/417 3316/3855/437 3317/3856/423
f 3295/3834/420 3294/3833/418 3309/3848/424
f 3303/3842/421 3302/3841/419 3317/3856/423
f 3295/3834/420 3310/3849/425 3311/3850/427
f 3303/3842/421 3318/3857/426 3319/3858/428
f 3297/3836/410 3296/3835/422 3311/3850/427
f 3305/3844/409 3304/3843/408 3319/3858/428
f 3298/3837/411 3297/3836/410 3312/3851/429
f 3298/3837/411 3313/3852/431 3314/3853/433
f 3291/3830/412 3306/3845/432 3307/3846/434
f 3299/3838/413 3314/3853/433 3315/3854/435
f 3293/3832/416 3292/3831/414 3307/3846/434
f 3301/3840/417 3300/3839/415 3315/3854/435
f 3293/3832/416 3308/3847/436 3309/3848/424
f 3313/3852/431 3328/3867/452 3329/3868/440
f 3306/3845/432 3321/3860/438 3322/3861/441
f 3314/3853/433 3329/3868/440 3330/3869/442
f 3307/3846/434 3322/3861/441 3323/3862/443
f 3316/3855/437 3315/3854/435 3330/3869/442
f 3308/3847/436 3323/3862/443 3324/3863/445
f 3316/3855/437 3331/3870/444 3332/3871/446
f 3310/3849/425 3309/3848/424 3324/3863/445
f 3318/3857/426 3317/3856/423 3332/3871/446
f 3310/3849/425 3325/3864/447 3326/3865/449
f 3319/3858/428 3318/3857/426 3333/3872/448
f 3312/3851/429 3311/3850/427 3326/3865/449
f 3320/3859/430 3319/3858/428 3334/3873/450
f 3313/3852/431 3312/3851/429 3327/3866/451
f 3325/3864/447 3324/3863/445 3339/3878/453
f 3333/3872/448 3332/3871/446 3347/3886/455
f 3325/3864/447 3340/3879/454 3341/3880/457
f 3333/3872/448 3348/3887/456 3349/3888/458
f 3327/3866/451 3326/3865/449 3341/3880/457
f 3334/3873/450 3349/3888/458 3350/3889/460
f 3328/3867/452 3327/3866/451 3342/3881/459
f 3328/3867/452 3343/3882/461 3344/3883/463
f 3322/3861/441 3321/3860/438 3336/3875/462
f 3329/3868/440 3344/3883/463 3345/3884/465
f 3323/3862/443 3322/3861/441 3337/3876/464
f 3331/3870/444 3330/3869/442 3345/3884/465
f 3323/3862/443 3338/3877/466 3339/3878/453
f 3331/3870/444 3346/3885/467 3347/3886/455
f 3343/3882/461 3358/3897/481 3359/3898/468
f 3336/3875/462 3351/3890/482 3352/3891/469
f 3344/3883/463 3359/3898/468 3360/3899/470
f 3337/3876/464 3352/3891/469 3353/3892/471
f 3346/3885/467 3345/3884/465 3360/3899/470
f 3338/3877/466 3353/3892/471 3354/3893/473
f 3346/3885/467 3361/3900/472 3362/3901/474
f 3340/3879/454 3339/3878/453 3354/3893/473
f 3348/3887/456 3347/3886/455 3362/3901/474
f 3340/3879/454 3355/3894/475 3356/3895/477
f 3349/3888/458 3348/3887/456 3363/3902/476
f 3342/3881/459 3341/3880/457 3356/3895/477
f 3350/3889/460 3349/3888/458 3364/3903/478
f 3343/3882/461 3342/3881/459 3357/3896/479
f 3363/3902/476 3362/3901/474 3371/3910/4
f 3356/3895/477 3355/3894/475 2894/3356/3
f 3363/3902/476 3372/3911/6 3373/3912/10
f 3357/3896/479 3356/3895/477 3369/3908/7
f 3364/3903/478 3373/3912/10 3374/3913/14
f 3358/3897/481 3357/3896/479 2895/3357/11
f 3358/3897/481 2896/3358/16 2897/3359/21
f 3352/3891/469 3351/3890/482 3366/3905/17
f 3359/3898/468 2897/3359/21 3370/3909/26
f 3353/3892/471 3352/3891/469 3367/3906/23
f 3360/3899/470 3370/3909/26 2898/3360/30
f 3354/3893/473 3353/3892/471 2893/3355/27
f 3361/3900/472 2898/3360/30 3371/3910/4
f 3355/3894/475 3354/3893/473 3368/3907/1
f 3850/4466/1 3384/3923/31 3385/3924/2
f 3853/4469/4 3392/3931/32 3393/3932/5
f 3851/4467/7 3376/3915/3 3385/3924/2
f 3854/4470/6 3393/3932/5 3394/3933/9
f 3851/4467/7 3386/3925/8 3387/3926/12
f 3855/4471/10 3394/3933/9 3395/3934/13
f 3377/3916/11 3387/3926/12 3388/3927/15
f 3378/3917/16 3388/3927/15 3389/3928/22
f 3849/4465/23 3848/4464/17 3381/3920/19
f 3852/4468/26 3379/3918/21 3389/3928/22
f 3375/3914/27 3849/4465/23 3382/3921/24
f 3852/4468/26 3390/3929/25 3391/3930/29
f 3850/4466/1 3375/3914/27 3383/3922/28
f 3853/4469/4 3380/3919/30 3391/3930/29
f 3383/3922/28 3398/3937/47 3399/3938/33
f 3392/3931/32 3391/3930/29 3406/3945/34
f 3384/3923/31 3399/3938/33 3400/3939/36
f 3393/3932/5 3392/3931/32 3407/3946/35
f 3385/3924/2 3400/3939/36 3401/3940/38
f 3394/3933/9 3393/3932/5 3408/3947/37
f 3386/3925/8 3401/3940/38 3402/3941/40
f 3394/3933/9 3409/3948/39 3410/3949/41
f 3387/3926/12 3402/3941/40 3403/3942/42
f 3389/3928/22 3388/3927/15 3403/3942/42
f 3382/3921/24 3381/3920/19 3396/3935/43
f 3390/3929/25 3389/3928/22 3404/3943/44
f 3382/3921/24 3397/3936/45 3398/3937/47
f 3391/3930/29 3390/3929/25 3405/3944/46
f 3402/3941/40 3417/3956/48 3418/3957/49
f 3404/3943/44 3403/3942/42 3418/3957/49
f 3397/3936/45 3396/3935/43 3411/3950/50
f 3404/3943/44 3419/3958/52 3420/3959/54
f 3398/3937/47 3397/3936/45 3412/3951/53
f 3405/3944/46 3420/3959/54 3421/3960/56
f 3399/3938/33 3398/3937/47 3413/3952/55
f 3406/3945/34 3421/3960/56 3422/3961/503
f 3400/3939/36 3399/3938/33 3414/3953/502
f 3407/3946/35 3422/3961/503 3423/3962/60
f 3400/3939/36 3415/3954/59 3416/3955/61
f 3408/3947/37 3423/3962/60 3424/3963/62
f 3402/3941/40 3401/3940/38 3416/3955/61
f 3409/3948/39 3424/3963/62 3425/3964/51
f 3422/3961/503 3421/3960/56 3436/3975/77
f 3414/3953/502 3429/3968/64 3430/3969/65
f 3423/3962/60 3422/3961/503 3437/3976/63
f 3415/3954/59 3430/3969/65 3431/3970/67
f 3424/3963/62 3423/3962/60 3438/3977/66
f 3417/3956/48 3416/3955/61 3431/3970/67
f 3425/3964/51 3424/3963/62 3439/3978/68
f 3418/3957/49 3417/3956/48 3432/3971/69
f 3418/3957/49 3433/3972/71 3434/3973/73
f 3411/3950/50 3426/3965/72 3427/3966/74
f 3419/3958/52 3434/3973/73 3435/3974/75
f 3412/3951/53 3427/3966/74 3428/3967/76
f 3421/3960/56 3420/3959/54 3435/3974/75
f 3413/3952/55 3428/3967/76 3429/3968/64
f 3433/3972/71 3448/3987/92 3449/3988/80
f 3426/3965/72 3441/3980/78 3442/3981/81
f 3434/3973/73 3449/3988/80 3450/3989/82
f 3427/3966/74 3442/3981/81 3443/3982/83
f 3436/3975/77 3435/3974/75 3450/3989/82
f 3428/3967/76 3443/3982/83 3444/3983/85
f 3436/3975/77 3451/3990/84 3452/3991/86
f 3430/3969/65 3429/3968/64 3444/3983/85
f 3438/3977/66 3437/3976/63 3452/3991/86
f 3430/3969/65 3445/3984/87 3446/3985/89
f 3438/3977/66 3453/3992/88 3454/3993/90
f 3432/3971/69 3431/3970/67 3446/3985/89
f 3440/3979/70 3439/3978/68 3454/3993/90
f 3433/3972/71 3432/3971/69 3447/3986/91
f 3445/3984/87 3444/3983/85 3460/4030/93
f 3453/3992/88 3452/3991/86 3468/4038/95
f 3445/3984/87 3461/4031/94 3462/4032/97
f 3453/3992/88 3469/4039/96 3470/4040/98
f 3447/3986/91 3446/3985/89 3462/4032/97
f 3454/3993/90 3470/4040/98 3471/4041/100
f 3447/3986/91 3463/4033/99 3464/4034/101
f 3449/3988/80 3448/3987/92 3464/4034/101
f 3442/3981/81 3441/3980/78 3457/4027/484
f 3449/3988/80 3465/4035/103 3466/4036/105
f 3443/3982/83 3442/3981/81 3458/4028/104
f 3451/3990/84 3450/3989/82 3466/4036/105
f 3443/3982/83 3459/4029/106 3460/4030/93
f 3451/3990/84 3467/4037/107 3468/4038/95
f 3464/4034/101 3479/4049/121 3480/4050/108
f 3457/4027/484 3472/4042/122 3473/4043/109
f 3465/4035/103 3480/4050/108 3481/4051/110
f 3459/4029/106 3458/4028/104 3473/4043/109
f 3466/4036/105 3481/4051/110 3482/4052/112
f 3459/4029/106 3474/4044/111 3475/4045/113
f 3468/4038/95 3467/4037/107 3482/4052/112
f 3460/4030/93 3475/4045/113 3476/4046/115
f 3469/4039/96 3468/4038/95 3483/4053/114
f 3462/4032/97 3461/4031/94 3476/4046/115
f 3469/4039/96 3484/4054/116 3485/4055/118
f 3462/4032/97 3477/4047/117 3478/4048/119
f 3471/4041/100 3470/4040/98 3485/4055/118
f 3464/4034/101 3463/4033/99 3478/4048/119
f 3484/4054/116 3483/4053/114 3498/4068/123
f 3477/4047/117 3476/4046/115 3491/4061/137
f 3484/4054/116 3499/4069/124 3500/4070/126
f 3478/4048/119 3477/4047/117 3492/4062/125
f 3486/4056/120 3485/4055/118 3500/4070/126
f 3479/4049/121 3478/4048/119 3493/4063/127
f 3479/4049/121 3494/4064/129 3495/4065/131
f 3472/4042/122 3487/4057/130 3488/4058/132
f 3480/4050/108 3495/4065/131 3496/4066/133
f 3474/4044/111 3473/4043/109 3488/4058/132
f 3481/4051/110 3496/4066/133 3497/4067/135
f 3474/4044/111 3489/4059/134 3490/4060/136
f 3483/4053/114 3482/4052/112 3497/4067/135
f 3475/4045/113 3490/4060/136 3491/4061/137
f 3495/4065/131 3510/4080/152 3511/4081/138
f 3489/4059/134 3488/4058/132 3503/4073/139
f 3497/4067/135 3496/4066/133 3511/4081/138
f 3489/4059/134 3504/4074/140 3505/4075/142
f 3498/4068/123 3497/4067/135 3512/4082/141
f 3490/4060/136 3505/4075/142 3506/4076/144
f 3499/4069/124 3498/4068/123 3513/4083/143
f 3491/4061/137 3506/4076/144 3507/4077/146
f 3499/4069/124 3514/4084/145 3515/4085/147
f 3493/4063/127 3492/4062/125 3507/4077/146
f 3500/4070/126 3515/4085/147 3516/4086/149
f 3494/4064/129 3493/4063/127 3508/4078/148
f 3494/4064/129 3509/4079/150 3510/4080/152
f 3488/4058/132 3487/4057/130 3502/4072/151
f 3515/4085/147 3514/4084/145 3529/4099/153
f 3508/4078/148 3507/4077/146 3522/4092/155
f 3515/4085/147 3530/4100/154 3531/4101/485
f 3509/4079/150 3508/4078/148 3523/4093/156
f 3509/4079/150 3524/4094/158 3525/4095/160
f 3503/4073/139 3502/4072/151 3517/4087/159
f 3510/4080/152 3525/4095/160 3526/4096/162
f 3503/4073/139 3518/4088/161 3519/4089/163
f 3512/4082/141 3511/4081/138 3526/4096/162
f 3504/4074/140 3519/4089/163 3520/4090/165
f 3512/4082/141 3527/4097/164 3528/4098/166
f 3506/4076/144 3505/4075/142 3520/4090/165
f 3514/4084/145 3513/4083/143 3528/4098/166
f 3506/4076/144 3521/4091/167 3522/4092/155
f 3518/4088/161 3533/4103/168 3534/4104/169
f 3527/4097/164 3526/4096/162 3541/4111/170
f 3519/4089/163 3534/4104/169 3535/4105/172
f 3527/4097/164 3542/4112/171 3543/4113/173
f 3521/4091/167 3520/4090/165 3535/4105/172
f 3529/4099/153 3528/4098/166 3543/4113/173
f 3521/4091/167 3536/4106/174 3537/4107/176
f 3530/4100/154 3529/4099/153 3544/4114/175
f 3523/4093/156 3522/4092/155 3537/4107/176
f 3531/4101/485 3530/4100/154 3545/4115/177
f 3524/4094/158 3523/4093/156 3538/4108/178
f 3524/4094/158 3539/4109/180 3540/4110/182
f 3517/4087/159 3532/4102/181 3533/4103/168
f 3525/4095/160 3540/4110/182 3541/4111/170
f 3538/4108/178 3537/4107/176 3552/4122/183
f 3546/4116/179 3545/4115/177 3560/4130/197
f 3539/4109/180 3538/4108/178 3553/4123/184
f 3539/4109/180 3554/4124/186 3555/4125/188
f 3532/4102/181 3547/4117/187 3548/4118/189
f 3540/4110/182 3555/4125/188 3556/4126/190
f 3534/4104/169 3533/4103/168 3548/4118/189
f 3542/4112/171 3541/4111/170 3556/4126/190
f 3535/4105/172 3534/4104/169 3549/4119/191
f 3543/4113/173 3542/4112/171 3557/4127/192
f 3535/4105/172 3550/4120/193 3551/4121/195
f 3543/4113/173 3558/4128/194 3559/4129/196
f 3536/4106/174 3551/4121/195 3552/4122/183
f 3544/4114/175 3559/4129/196 3560/4130/197
f 3557/4127/192 3556/4126/190 3571/4141/198
f 3549/4119/191 3564/4134/212 3565/4135/200
f 3558/4128/194 3557/4127/192 3572/4142/199
f 3550/4120/193 3565/4135/200 3566/4136/202
f 3559/4129/196 3558/4128/194 3573/4143/487
f 3551/4121/195 3566/4136/202 3567/4137/204
f 3559/4129/196 3574/4144/203 3575/4145/205
f 3553/4123/184 3552/4122/183 3567/4137/204
f 3560/4130/197 3575/4145/205 3576/4146/207
f 3554/4124/186 3553/4123/184 3568/4138/206
f 3554/4124/186 3569/4139/208 3570/4140/210
f 3548/4118/189 3547/4117/187 3562/4132/209
f 3555/4125/188 3570/4140/210 3571/4141/198
f 3548/4118/189 3563/4133/211 3564/4134/212
f 3576/4146/207 3575/4145/205 3590/4160/213
f 3569/4139/208 3568/4138/206 3583/4153/215
f 3569/4139/208 3584/4154/216 3585/4155/218
f 3562/4132/209 3577/4147/217 3578/4148/219
f 3570/4140/210 3585/4155/218 3586/4156/220
f 3564/4134/212 3563/4133/211 3578/4148/219
f 3572/4142/199 3571/4141/198 3586/4156/220
f 3565/4135/200 3564/4134/212 3579/4149/221
f 3572/4142/199 3587/4157/222 3588/4158/224
f 3566/4136/202 3565/4135/200 3580/4150/223
f 3573/4143/487 3588/4158/224 3589/4159/226
f 3566/4136/202 3581/4151/225 3582/4152/227
f 3574/4144/203 3589/4159/226 3590/4160/213
f 3568/4138/206 3567/4137/204 3582/4152/227
f 3579/4149/221 3594/4164/241 3595/4165/228
f 3587/4157/222 3602/4172/242 3603/4173/229
f 3581/4151/225 3580/4150/223 3595/4165/228
f 3589/4159/226 3588/4158/224 3603/4173/229
f 3581/4151/225 3596/4166/230 3597/4167/232
f 3589/4159/226 3604/4174/231 3605/4175/233
f 3583/4153/215 3582/4152/227 3597/4167/232
f 3590/4160/213 3605/4175/233 3606/4176/235
f 3584/4154/216 3583/4153/215 3598/4168/234
f 3584/4154/216 3599/4169/236 3600/4170/238
f 3578/4148/219 3577/4147/217 3592/4162/237
f 3585/4155/218 3600/4170/238 3601/4171/240
f 3578/4148/219 3593/4163/239 3594/4164/241
f 3587/4157/222 3586/4156/220 3601/4171/240
f 3599/4169/236 3598/4168/234 3613/4183/243
f 3599/4169/236 3614/4184/244 3615/4185/247
f 3592/4162/237 3607/4177/245 3608/4178/248
f 3600/4170/238 3615/4185/247 3616/4186/249
f 3593/4163/239 3608/4178/248 3609/4179/250
f 3602/4172/242 3601/4171/240 3616/4186/249
f 3594/4164/241 3609/4179/250 3610/4180/252
f 3602/4172/242 3617/4187/251 3618/4188/253
f 3596/4166/230 3595/4165/228 3610/4180/252
f 3604/4174/231 3603/4173/229 3618/4188/253
f 3596/4166/230 3611/4181/254 3612/4182/256
f 3605/4175/233 3604/4174/231 3619/4189/255
f 3598/4168/234 3597/4167/232 3612/4182/256
f 3606/4176/235 3605/4175/233 3620/4190/257
f 3617/4187/251 3632/4202/272 3633/4203/258
f 3611/4181/254 3610/4180/252 3625/4195/259
f 3619/4189/255 3618/4188/253 3633/4203/258
f 3611/4181/254 3626/4196/260 3627/4197/262
f 3619/4189/255 3634/4204/261 3635/4205/263
f 3613/4183/243 3612/4182/256 3627/4197/262
f 3620/4190/257 3635/4205/263 3636/4206/265
f 3614/4184/244 3613/4183/243 3628/4198/264
f 3614/4184/244 3629/4199/266 3630/4200/268
f 3608/4178/248 3607/4177/245 3622/4192/267
f 3615/4185/247 3630/4200/268 3631/4201/270
f 3609/4179/250 3608/4178/248 3623/4193/269
f 3617/4187/251 3616/4186/249 3631/4201/270
f 3609/4179/250 3624/4194/271 3625/4195/259
f 3629/4199/266 3644/4214/286 3645/4215/274
f 3623/4193/269 3622/4192/267 3637/4207/287
f 3630/4200/268 3645/4215/274 3646/4216/276
f 3624/4194/271 3623/4193/269 3638/4208/275
f 3632/4202/272 3631/4201/270 3646/4216/276
f 3624/4194/271 3639/4209/277 3640/4210/279
f 3632/4202/272 3647/4217/278 3648/4218/280
f 3625/4195/259 3640/4210/279 3641/4211/281
f 3634/4204/261 3633/4203/258 3648/4218/280
f 3626/4196/260 3641/4211/281 3642/4212/283
f 3634/4204/261 3649/4219/282 3650/4220/284
f 3628/4198/264 3627/4197/262 3642/4212/283
f 3635/4205/263 3650/4220/284 3651/4221/273
f 3629/4199/266 3628/4198/264 3643/4213/285
f 3649/4219/282 3648/4218/280 3663/4233/488
f 3641/4211/281 3656/4226/302 3657/4227/290
f 3649/4219/282 3664/4234/289 3665/4235/291
f 3643/4213/285 3642/4212/283 3657/4227/290
f 3650/4220/284 3665/4235/291 3666/4236/293
f 3644/4214/286 3643/4213/285 3658/4228/292
f 3644/4214/286 3659/4229/294 3660/4230/296
f 3638/4208/275 3637/4207/287 3652/4222/295
f 3645/4215/274 3660/4230/296 3661/4231/298
f 3638/4208/275 3653/4223/297 3654/4224/299
f 3647/4217/278 3646/4216/276 3661/4231/298
f 3639/4209/277 3654/4224/299 3655/4225/493
f 3648/4218/280 3647/4217/278 3662/4232/300
f 3640/4210/279 3655/4225/493 3656/4226/302
f 3652/4222/295 3667/4237/303 3668/4238/304
f 3660/4230/296 3675/4245/317 3676/4246/305
f 3654/4224/299 3653/4223/297 3668/4238/304
f 3662/4232/300 3661/4231/298 3676/4246/305
f 3654/4224/299 3669/4239/306 3670/4240/308
f 3662/4232/300 3677/4247/307 3678/4248/309
f 3656/4226/302 3655/4225/493 3670/4240/308
f 3664/4234/289 3663/4233/488 3678/4248/309
f 3656/4226/302 3671/4241/310 3672/4242/312
f 3664/4234/289 3679/4249/311 3680/4250/313
f 3658/4228/292 3657/4227/290 3672/4242/312
f 3666/4236/293 3665/4235/291 3680/4250/313
f 3659/4229/294 3658/4228/292 3673/4243/314
f 3659/4229/294 3674/4244/316 3675/4245/317
f 3671/4241/310 3687/4288/331 3688/4289/318
f 3679/4249/311 3695/4296/332 3696/4297/319
f 3673/4243/314 3672/4242/312 3688/4289/318
f 3680/4250/313 3696/4297/319 3697/4298/321
f 3674/4244/316 3673/4243/314 3689/4290/320
f 3674/4244/316 3690/4291/322 3691/4292/324
f 3668/4238/304 3667/4237/303 3683/4284/323
f 3675/4245/317 3691/4292/324 3692/4293/326
f 3669/4239/306 3668/4238/304 3684/4285/325
f 3677/4247/307 3676/4246/305 3692/4293/326
f 3669/4239/306 3685/4286/327 3686/4287/329
f 3677/4247/307 3693/4294/328 3694/4295/330
f 3671/4241/310 3670/4240/308 3686/4287/329
f 3679/4249/311 3678/4248/309 3694/4295/330
f 3691/4292/324 3706/4307/347 3707/4308/333
f 3685/4286/327 3684/4285/325 3699/4300/334
f 3693/4294/328 3692/4293/326 3707/4308/333
f 3685/4286/327 3700/4301/335 3701/4302/337
f 3693/4294/328 3708/4309/336 3709/4310/338
f 3687/4288/331 3686/4287/329 3701/4302/337
f 3695/4296/332 3694/4295/330 3709/4310/338
f 3687/4288/331 3702/4303/339 3703/4304/341
f 3695/4296/332 3710/4311/340 3711/4312/342
f 3689/4290/320 3688/4289/318 3703/4304/341
f 3697/4298/321 3696/4297/319 3711/4312/342
f 3690/4291/322 3689/4290/320 3704/4305/343
f 3690/4291/322 3705/4306/345 3706/4307/347
f 3683/4284/323 3698/4299/346 3699/4300/334
f 3710/4311/340 3725/4326/362 3726/4327/348
f 3704/4305/343 3703/4304/341 3718/4319/349
f 3711/4312/342 3726/4327/348 3727/4328/351
f 3705/4306/345 3704/4305/343 3719/4320/350
f 3705/4306/345 3720/4321/352 3721/4322/354
f 3698/4299/346 3713/4314/353 3714/4315/355
f 3706/4307/347 3721/4322/354 3722/4323/356
f 3700/4301/335 3699/4300/334 3714/4315/355
f 3708/4309/336 3707/4308/333 3722/4323/356
f 3700/4301/335 3715/4316/357 3716/4317/359
f 3708/4309/336 3723/4324/358 3724/4325/360
f 3702/4303/339 3701/4302/337 3716/4317/359
f 3710/4311/340 3709/4310/338 3724/4325/360
f 3702/4303/339 3717/4318/361 3718/4319/349
f 3715/4316/357 3714/4315/355 3729/4331/363
f 3723/4324/358 3722/4323/356 3737/4347/365
f 3715/4316/357 3730/4333/364 3731/4335/367
f 3723/4324/358 3738/4349/366 3739/4351/368
f 3717/4318/361 3716/4317/359 3731/4335/367
f 3725/4326/362 3724/4325/360 3739/4351/368
f 3717/4318/361 3732/4337/369 3733/4339/371
f 3725/4326/362 3740/4353/370 3741/4355/372
f 3719/4320/350 3718/4319/349 3733/4339/371
f 3726/4327/348 3741/4355/372 3742/4358/374
f 3720/4321/352 3719/4320/350 3734/4341/373
f 3720/4321/352 3735/4343/375 3736/4345/377
f 3714/4315/355 3713/4314/353 3728/4329/376
f 3721/4322/354 3736/4345/377 3737/4347/365
f 3734/4342/373 3733/4340/371 3748/4364/378
f 3741/4356/372 3756/4372/380 3757/4373/381
f 3735/4344/375 3734/4342/373 3749/4365/379
f 3735/4344/375 3750/4366/382 3751/4367/384
f 3729/4332/363 3728/4330/376 3743/4359/383
f 3736/4346/377 3751/4367/384 3752/4368/386
f 3730/4334/364 3729/4332/363 3744/4360/385
f 3738/4350/366 3737/4348/365 3752/4368/386
f 3730/4334/364 3745/4361/387 3746/4362/389
f 3738/4350/366 3753/4369/388 3754/4370/390
f 3732/4338/369 3731/4336/367 3746/4362/389
f 3740/4354/370 3739/4352/368 3754/4370/390
f 3732/4338/369 3747/4363/391 3748/4364/378
f 3740/4354/370 3755/4371/392 3756/4372/380
f 3753/4369/388 3752/4368/386 3767/4383/393
f 3745/4361/387 3760/4376/407 3761/4377/395
f 3753/4369/388 3768/4384/394 3769/4385/396
f 3747/4363/391 3746/4362/389 3761/4377/395
f 3755/4371/392 3754/4370/390 3769/4385/396
f 3747/4363/391 3762/4378/397 3763/4379/399
f 3756/4372/380 3755/4371/392 3770/4386/398
f 3749/4365/379 3748/4364/378 3763/4379/399
f 3756/4372/380 3771/4387/400 3772/4388/402
f 3750/4366/382 3749/4365/379 3764/4380/401
f 3750/4366/382 3765/4381/403 3766/4382/405
f 3744/4360/385 3743/4359/383 3758/4374/492
f 3751/4367/384 3766/4382/405 3767/4383/393
f 3744/4360/385 3759/4375/406 3760/4376/407
f 3772/4388/402 3771/4387/400 3786/4402/408
f 3765/4381/403 3764/4380/401 3779/4395/410
f 3765/4381/403 3780/4396/411 3781/4397/413
f 3758/4374/492 3773/4389/412 3774/4390/414
f 3766/4382/405 3781/4397/413 3782/4398/415
f 3759/4375/406 3774/4390/414 3775/4391/416
f 3768/4384/394 3767/4383/393 3782/4398/415
f 3760/4376/407 3775/4391/416 3776/4392/418
f 3768/4384/394 3783/4399/417 3784/4400/419
f 3762/4378/397 3761/4377/395 3776/4392/418
f 3770/4386/398 3769/4385/396 3784/4400/419
f 3762/4378/397 3777/4393/420 3778/4394/422
f 3771/4387/400 3770/4386/398 3785/4401/421
f 3764/4380/401 3763/4379/399 3778/4394/422
f 3783/4399/417 3798/4414/437 3799/4415/423
f 3777/4393/420 3776/4392/418 3791/4407/424
f 3785/4401/421 3784/4400/419 3799/4415/423
f 3777/4393/420 3792/4408/425 3793/4409/427
f 3785/4401/421 3800/4416/426 3801/4417/428
f 3779/4395/410 3778/4394/422 3793/4409/427
f 3787/4403/409 3786/4402/408 3801/4417/428
f 3780/4396/411 3779/4395/410 3794/4410/429
f 3780/4396/411 3795/4411/431 3796/4412/433
f 3773/4389/412 3788/4404/432 3789/4405/434
f 3781/4397/413 3796/4412/433 3797/4413/435
f 3775/4391/416 3774/4390/414 3789/4405/434
f 3783/4399/417 3782/4398/415 3797/4413/435
f 3775/4391/416 3790/4406/436 3791/4407/424
f 3795/4411/431 3810/4426/452 3811/4427/440
f 3789/4405/434 3788/4404/432 3803/4419/438
f 3796/4412/433 3811/4427/440 3812/4428/442
f 3790/4406/436 3789/4405/434 3804/4420/441
f 3798/4414/437 3797/4413/435 3812/4428/442
f 3790/4406/436 3805/4421/443 3806/4422/445
f 3798/4414/437 3813/4429/444 3814/4430/446
f 3792/4408/425 3791/4407/424 3806/4422/445
f 3800/4416/426 3799/4415/423 3814/4430/446
f 3792/4408/425 3807/4423/447 3808/4424/449
f 3800/4416/426 3815/4431/448 3816/4432/450
f 3794/4410/429 3793/4409/427 3808/4424/449
f 3801/4417/428 3816/4432/450 3817/4433/439
f 3795/4411/431 3794/4410/429 3809/4425/451
f 3807/4423/447 3806/4422/445 3821/4437/453
f 3815/4431/448 3814/4430/446 3829/4445/455
f 3807/4423/447 3822/4438/454 3823/4439/457
f 3816/4432/450 3815/4431/448 3830/4446/456
f 3809/4425/451 3808/4424/449 3823/4439/457
f 3816/4432/450 3831/4447/458 3832/4448/460
f 3810/4426/452 3809/4425/451 3824/4440/459
f 3810/4426/452 3825/4441/461 3826/4442/463
f 3804/4420/441 3803/4419/438 3818/4434/462
f 3811/4427/440 3826/4442/463 3827/4443/465
f 3804/4420/441 3819/4435/464 3820/4436/466
f 3813/4429/444 3812/4428/442 3827/4443/465
f 3805/4421/443 3820/4436/466 3821/4437/453
f 3813/4429/444 3828/4444/467 3829/4445/455
f 3825/4441/461 3840/4456/481 3841/4457/468
f 3818/4434/462 3833/4449/482 3834/4450/469
f 3826/4442/463 3841/4457/468 3842/4458/470
f 3819/4435/464 3834/4450/469 3835/4451/471
f 3828/4444/467 3827/4443/465 3842/4458/470
f 3820/4436/466 3835/4451/471 3836/4452/473
f 3828/4444/467 3843/4459/472 3844/4460/474
f 3822/4438/454 3821/4437/453 3836/4452/473
f 3830/4446/456 3829/4445/455 3844/4460/474
f 3822/4438/454 3837/4453/475 3838/4454/477
f 3831/4447/458 3830/4446/456 3845/4461/476
f 3824/4440/459 3823/4439/457 3838/4454/477
f 3832/4448/460 3831/4447/458 3846/4462/478
f 3825/4441/461 3824/4440/459 3839/4455/479
f 3845/4461/476 3844/4460/474 3853/4469/4
f 3838/4454/477 3837/4453/475 3376/3915/3
f 3845/4461/476 3854/4470/6 3855/4471/10
f 3839/4455/479 3838/4454/477 3851/4467/7
f 3846/4462/478 3855/4471/10 3856/4472/14
f 3840/4456/481 3839/4455/479 3377/3916/11
f 3840/4456/481 3378/3917/16 3379/3918/21
f 3834/4450/469 3833/4449/482 3848/4464/17
f 3841/4457/468 3379/3918/21 3852/4468/26
f 3835/4451/471 3834/4450/469 3849/4465/23
f 3842/4458/470 3852/4468/26 3380/3919/30
f 3836/4452/473 3835/4451/471 3375/3914/27
f 3843/4459/472 3380/3919/30 3853/4469/4
f 3837/4453/475 3836/4452/473 3850/4466/1
f 4332/5025/1 3866/4482/31 3867/4483/2
f 4335/5028/4 3874/4490/32 3875/4491/5
f 4333/5026/7 3858/4474/3 3867/4483/2
f 4336/5029/6 3875/4491/5 3876/4492/9
f 4333/5026/7 3868/4484/8 3869/4485/12
f 4337/5030/10 3876/4492/9 3877/4493/13
f 3859/4475/11 3869/4485/12 3870/4486/15
f 3860/4476/16 3870/4486/15 3871/4487/22
f 4331/5024/23 4330/5023/17 3863/4479/19
f 4334/5027/26 3861/4477/21 3871/4487/22
f 3857/4473/27 4331/5024/23 3864/4480/24
f 4334/5027/26 3872/4488/25 3873/4489/29
f 4332/5025/1 3857/4473/27 3865/4481/28
f 3862/4478/30 3873/4489/29 3874/4490/32
f 3865/4481/28 3880/4496/47 3881/4497/33
f 3874/4490/32 3873/4489/29 3888/4504/34
f 3866/4482/31 3881/4497/33 3882/4498/36
f 3875/4491/5 3874/4490/32 3889/4505/35
f 3867/4483/2 3882/4498/36 3883/4499/38
f 3876/4492/9 3875/4491/5 3890/4506/37
f 3868/4484/8 3883/4499/38 3884/4500/40
f 3876/4492/9 3891/4507/39 3892/4508/41
f 3869/4485/12 3884/4500/40 3885/4501/42
f 3871/4487/22 3870/4486/15 3885/4501/42
f 3864/4480/24 3863/4479/19 3878/4494/43
f 3872/4488/25 3871/4487/22 3886/4502/44
f 3864/4480/24 3879/4495/45 3880/4496/47
f 3873/4489/29 3872/4488/25 3887/4503/46
f 3884/4500/40 3899/4515/48 3900/4516/49
f 3886/4502/44 3885/4501/42 3900/4516/49
f 3879/4495/45 3878/4494/43 3893/4509/50
f 3886/4502/44 3901/4517/52 3902/4518/54
f 3880/4496/47 3879/4495/45 3894/4510/53
f 3887/4503/46 3902/4518/54 3903/4519/56
f 3881/4497/33 3880/4496/47 3895/4511/55
f 3888/4504/34 3903/4519/56 3904/4520/58
f 3882/4498/36 3881/4497/33 3896/4512/502
f 3889/4505/35 3904/4520/58 3905/4521/60
f 3882/4498/36 3897/4513/59 3898/4514/61
f 3890/4506/37 3905/4521/60 3906/4522/62
f 3884/4500/40 3883/4499/38 3898/4514/61
f 3891/4507/39 3906/4522/62 3907/4523/51
f 3904/4520/58 3903/4519/56 3918/4534/77
f 3896/4512/502 3911/4527/64 3912/4528/65
f 3905/4521/60 3904/4520/58 3919/4535/63
f 3897/4513/59 3912/4528/65 3913/4529/67
f 3906/4522/62 3905/4521/60 3920/4536/66
f 3899/4515/48 3898/4514/61 3913/4529/67
f 3907/4523/51 3906/4522/62 3921/4537/68
f 3900/4516/49 3899/4515/48 3914/4530/69
f 3900/4516/49 3915/4531/71 3916/4532/73
f 3893/4509/50 3908/4524/72 3909/4525/74
f 3901/4517/52 3916/4532/73 3917/4533/75
f 3894/4510/53 3909/4525/74 3910/4526/76
f 3903/4519/56 3902/4518/54 3917/4533/75
f 3895/4511/55 3910/4526/76 3911/4527/64
f 3915/4531/71 3930/4546/92 3931/4547/80
f 3908/4524/72 3923/4539/78 3924/4540/81
f 3916/4532/73 3931/4547/80 3932/4548/82
f 3909/4525/74 3924/4540/81 3925/4541/83
f 3918/4534/77 3917/4533/75 3932/4548/82
f 3910/4526/76 3925/4541/83 3926/4542/85
f 3918/4534/77 3933/4549/84 3934/4550/86
f 3912/4528/65 3911/4527/64 3926/4542/85
f 3920/4536/66 3919/4535/63 3934/4550/86
f 3912/4528/65 3927/4543/87 3928/4544/89
f 3920/4536/66 3935/4551/88 3936/4552/90
f 3914/4530/69 3913/4529/67 3928/4544/89
f 3922/4538/70 3921/4537/68 3936/4552/90
f 3915/4531/71 3914/4530/69 3929/4545/91
f 3927/4543/87 3926/4542/85 3942/4589/93
f 3935/4551/88 3934/4550/86 3950/4597/95
f 3927/4543/87 3943/4590/94 3944/4591/97
f 3935/4551/88 3951/4598/96 3952/4599/98
f 3929/4545/91 3928/4544/89 3944/4591/97
f 3936/4552/90 3952/4599/98 3953/4600/100
f 3929/4545/91 3945/4592/99 3946/4593/101
f 3931/4547/80 3930/4546/92 3946/4593/101
f 3924/4540/81 3923/4539/78 3939/4586/102
f 3931/4547/80 3947/4594/103 3948/4595/105
f 3925/4541/83 3924/4540/81 3940/4587/104
f 3933/4549/84 3932/4548/82 3948/4595/105
f 3925/4541/83 3941/4588/106 3942/4589/93
f 3933/4549/84 3949/4596/107 3950/4597/95
f 3946/4593/101 3961/4608/121 3962/4609/108
f 3939/4586/102 3954/4601/122 3955/4602/109
f 3947/4594/103 3962/4609/108 3963/4610/110
f 3941/4588/106 3940/4587/104 3955/4602/109
f 3948/4595/105 3963/4610/110 3964/4611/112
f 3941/4588/106 3956/4603/111 3957/4604/113
f 3950/4597/95 3949/4596/107 3964/4611/112
f 3942/4589/93 3957/4604/113 3958/4605/115
f 3951/4598/96 3950/4597/95 3965/4612/114
f 3944/4591/97 3943/4590/94 3958/4605/115
f 3951/4598/96 3966/4613/116 3967/4614/118
f 3944/4591/97 3959/4606/117 3960/4607/119
f 3953/4600/100 3952/4599/98 3967/4614/118
f 3946/4593/101 3945/4592/99 3960/4607/119
f 3966/4613/116 3965/4612/114 3980/4627/123
f 3959/4606/117 3958/4605/115 3973/4620/137
f 3966/4613/116 3981/4628/124 3982/4629/126
f 3960/4607/119 3959/4606/117 3974/4621/125
f 3968/4615/120 3967/4614/118 3982/4629/126
f 3961/4608/121 3960/4607/119 3975/4622/127
f 3961/4608/121 3976/4623/129 3977/4624/131
f 3954/4601/122 3969/4616/130 3970/4617/132
f 3962/4609/108 3977/4624/131 3978/4625/133
f 3956/4603/111 3955/4602/109 3970/4617/132
f 3963/4610/110 3978/4625/133 3979/4626/135
f 3956/4603/111 3971/4618/134 3972/4619/136
f 3965/4612/114 3964/4611/112 3979/4626/135
f 3957/4604/113 3972/4619/136 3973/4620/137
f 3977/4624/131 3992/4639/152 3993/4640/138
f 3971/4618/134 3970/4617/132 3985/4632/139
f 3979/4626/135 3978/4625/133 3993/4640/138
f 3971/4618/134 3986/4633/140 3987/4634/142
f 3980/4627/123 3979/4626/135 3994/4641/141
f 3972/4619/136 3987/4634/142 3988/4635/144
f 3981/4628/124 3980/4627/123 3995/4642/143
f 3973/4620/137 3988/4635/144 3989/4636/146
f 3981/4628/124 3996/4643/145 3997/4644/147
f 3975/4622/127 3974/4621/125 3989/4636/146
f 3982/4629/126 3997/4644/147 3998/4645/149
f 3976/4623/129 3975/4622/127 3990/4637/148
f 3976/4623/129 3991/4638/150 3992/4639/152
f 3970/4617/132 3969/4616/130 3984/4631/151
f 3997/4644/147 3996/4643/145 4011/4658/153
f 3990/4637/148 3989/4636/146 4004/4651/155
f 3997/4644/147 4012/4659/154 4013/4660/485
f 3991/4638/150 3990/4637/148 4005/4652/156
f 3991/4638/150 4006/4653/158 4007/4654/160
f 3985/4632/139 3984/4631/151 3999/4646/159
f 3992/4639/152 4007/4654/160 4008/4655/162
f 3985/4632/139 4000/4647/161 4001/4648/163
f 3994/4641/141 3993/4640/138 4008/4655/162
f 3986/4633/140 4001/4648/163 4002/4649/165
f 3994/4641/141 4009/4656/164 4010/4657/166
f 3988/4635/144 3987/4634/142 4002/4649/165
f 3996/4643/145 3995/4642/143 4010/4657/166
f 3988/4635/144 4003/4650/167 4004/4651/155
f 4000/4647/161 4015/4662/168 4016/4663/169
f 4009/4656/164 4008/4655/162 4023/4670/170
f 4001/4648/163 4016/4663/169 4017/4664/172
f 4009/4656/164 4024/4671/171 4025/4672/173
f 4003/4650/167 4002/4649/165 4017/4664/172
f 4011/4658/153 4010/4657/166 4025/4672/173
f 4003/4650/167 4018/4665/174 4019/4666/176
f 4012/4659/154 4011/4658/153 4026/4673/175
f 4005/4652/156 4004/4651/155 4019/4666/176
f 4013/4660/485 4012/4659/154 4027/4674/177
f 4006/4653/158 4005/4652/156 4020/4667/178
f 4006/4653/158 4021/4668/180 4022/4669/182
f 3999/4646/159 4014/4661/181 4015/4662/168
f 4007/4654/160 4022/4669/182 4023/4670/170
f 4020/4667/178 4019/4666/176 4034/4681/183
f 4028/4675/179 4027/4674/177 4042/4689/197
f 4021/4668/180 4020/4667/178 4035/4682/184
f 4021/4668/180 4036/4683/186 4037/4684/188
f 4014/4661/181 4029/4676/187 4030/4677/189
f 4022/4669/182 4037/4684/188 4038/4685/190
f 4016/4663/169 4015/4662/168 4030/4677/189
f 4024/4671/171 4023/4670/170 4038/4685/190
f 4017/4664/172 4016/4663/169 4031/4678/191
f 4025/4672/173 4024/4671/171 4039/4686/192
f 4017/4664/172 4032/4679/193 4033/4680/195
f 4025/4672/173 4040/4687/194 4041/4688/196
f 4018/4665/174 4033/4680/195 4034/4681/183
f 4026/4673/175 4041/4688/196 4042/4689/197
f 4039/4686/192 4038/4685/190 4053/4700/198
f 4031/4678/191 4046/4693/212 4047/4694/200
f 4040/4687/194 4039/4686/192 4054/4701/199
f 4032/4679/193 4047/4694/200 4048/4695/202
f 4041/4688/196 4040/4687/194 4055/4702/487
f 4033/4680/195 4048/4695/202 4049/4696/204
f 4041/4688/196 4056/4703/203 4057/4704/205
f 4035/4682/184 4034/4681/183 4049/4696/204
f 4042/4689/197 4057/4704/205 4058/4705/207
f 4036/4683/186 4035/4682/184 4050/4697/206
f 4036/4683/186 4051/4698/208 4052/4699/210
f 4030/4677/189 4029/4676/187 4044/4691/209
f 4037/4684/188 4052/4699/210 4053/4700/198
f 4030/4677/189 4045/4692/211 4046/4693/212
f 4058/4705/207 4057/4704/205 4072/4719/213
f 4051/4698/208 4050/4697/206 4065/4712/215
f 4051/4698/208 4066/4713/216 4067/4714/218
f 4044/4691/209 4059/4706/217 4060/4707/219
f 4052/4699/210 4067/4714/218 4068/4715/220
f 4046/4693/212 4045/4692/211 4060/4707/219
f 4054/4701/199 4053/4700/198 4068/4715/220
f 4047/4694/200 4046/4693/212 4061/4708/221
f 4054/4701/199 4069/4716/222 4070/4717/224
f 4048/4695/202 4047/4694/200 4062/4709/223
f 4055/4702/487 4070/4717/224 4071/4718/226
f 4048/4695/202 4063/4710/225 4064/4711/227
f 4056/4703/203 4071/4718/226 4072/4719/213
f 4050/4697/206 4049/4696/204 4064/4711/227
f 4061/4708/221 4076/4723/241 4077/4724/228
f 4069/4716/222 4084/4731/242 4085/4732/229
f 4063/4710/225 4062/4709/223 4077/4724/228
f 4071/4718/226 4070/4717/224 4085/4732/229
f 4063/4710/225 4078/4725/230 4079/4726/232
f 4071/4718/226 4086/4733/231 4087/4734/233
f 4065/4712/215 4064/4711/227 4079/4726/232
f 4072/4719/213 4087/4734/233 4088/4735/235
f 4066/4713/216 4065/4712/215 4080/4727/234
f 4066/4713/216 4081/4728/236 4082/4729/238
f 4060/4707/219 4059/4706/217 4074/4721/237
f 4067/4714/218 4082/4729/238 4083/4730/240
f 4060/4707/219 4075/4722/239 4076/4723/241
f 4069/4716/222 4068/4715/220 4083/4730/240
f 4081/4728/236 4080/4727/234 4095/4742/243
f 4081/4728/236 4096/4743/244 4097/4744/247
f 4074/4721/237 4089/4736/245 4090/4737/248
f 4082/4729/238 4097/4744/247 4098/4745/249
f 4075/4722/239 4090/4737/248 4091/4738/250
f 4084/4731/242 4083/4730/240 4098/4745/249
f 4076/4723/241 4091/4738/250 4092/4739/252
f 4084/4731/242 4099/4746/251 4100/4747/253
f 4078/4725/230 4077/4724/228 4092/4739/252
f 4086/4733/231 4085/4732/229 4100/4747/253
f 4078/4725/230 4093/4740/254 4094/4741/256
f 4087/4734/233 4086/4733/231 4101/4748/255
f 4080/4727/234 4079/4726/232 4094/4741/256
f 4088/4735/235 4087/4734/233 4102/4749/257
f 4099/4746/251 4114/4761/272 4115/4762/258
f 4093/4740/254 4092/4739/252 4107/4754/259
f 4101/4748/255 4100/4747/253 4115/4762/258
f 4093/4740/254 4108/4755/260 4109/4756/262
f 4101/4748/255 4116/4763/261 4117/4764/263
f 4095/4742/243 4094/4741/256 4109/4756/262
f 4102/4749/257 4117/4764/263 4118/4765/265
f 4096/4743/244 4095/4742/243 4110/4757/264
f 4096/4743/244 4111/4758/266 4112/4759/268
f 4090/4737/248 4089/4736/245 4104/4751/267
f 4097/4744/247 4112/4759/268 4113/4760/270
f 4091/4738/250 4090/4737/248 4105/4752/269
f 4099/4746/251 4098/4745/249 4113/4760/270
f 4091/4738/250 4106/4753/271 4107/4754/259
f 4111/4758/266 4126/4773/286 4127/4774/274
f 4105/4752/269 4104/4751/267 4119/4766/287
f 4112/4759/268 4127/4774/274 4128/4775/276
f 4106/4753/271 4105/4752/269 4120/4767/275
f 4114/4761/272 4113/4760/270 4128/4775/276
f 4106/4753/271 4121/4768/277 4122/4769/279
f 4114/4761/272 4129/4776/278 4130/4777/280
f 4107/4754/259 4122/4769/279 4123/4770/281
f 4116/4763/261 4115/4762/258 4130/4777/280
f 4108/4755/260 4123/4770/281 4124/4771/283
f 4116/4763/261 4131/4778/282 4132/4779/284
f 4110/4757/264 4109/4756/262 4124/4771/283
f 4117/4764/263 4132/4779/284 4133/4780/273
f 4111/4758/266 4110/4757/264 4125/4772/285
f 4131/4778/282 4130/4777/280 4145/4792/488
f 4123/4770/281 4138/4785/302 4139/4786/290
f 4131/4778/282 4146/4793/289 4147/4794/291
f 4125/4772/285 4124/4771/283 4139/4786/290
f 4132/4779/284 4147/4794/291 4148/4795/293
f 4126/4773/286 4125/4772/285 4140/4787/292
f 4126/4773/286 4141/4788/294 4142/4789/296
f 4120/4767/275 4119/4766/287 4134/4781/295
f 4127/4774/274 4142/4789/296 4143/4790/298
f 4120/4767/275 4135/4782/297 4136/4783/299
f 4129/4776/278 4128/4775/276 4143/4790/298
f 4121/4768/277 4136/4783/299 4137/4784/493
f 4130/4777/280 4129/4776/278 4144/4791/300
f 4122/4769/279 4137/4784/493 4138/4785/302
f 4134/4781/295 4149/4796/303 4150/4797/304
f 4142/4789/296 4157/4804/317 4158/4805/305
f 4136/4783/299 4135/4782/297 4150/4797/304
f 4144/4791/300 4143/4790/298 4158/4805/305
f 4136/4783/299 4151/4798/306 4152/4799/308
f 4144/4791/300 4159/4806/307 4160/4807/309
f 4138/4785/302 4137/4784/493 4152/4799/308
f 4146/4793/289 4145/4792/488 4160/4807/309
f 4138/4785/302 4153/4800/310 4154/4801/312
f 4146/4793/289 4161/4808/311 4162/4809/313
f 4140/4787/292 4139/4786/290 4154/4801/312
f 4148/4795/293 4147/4794/291 4162/4809/313
f 4141/4788/294 4140/4787/292 4155/4802/314
f 4141/4788/294 4156/4803/316 4157/4804/317
f 4153/4800/310 4169/4847/331 4170/4848/318
f 4161/4808/311 4177/4855/332 4178/4856/319
f 4155/4802/314 4154/4801/312 4170/4848/318
f 4162/4809/313 4178/4856/319 4179/4857/321
f 4156/4803/316 4155/4802/314 4171/4849/320
f 4156/4803/316 4172/4850/322 4173/4851/324
f 4150/4797/304 4149/4796/303 4165/4843/323
f 4157/4804/317 4173/4851/324 4174/4852/326
f 4151/4798/306 4150/4797/304 4166/4844/325
f 4159/4806/307 4158/4805/305 4174/4852/326
f 4151/4798/306 4167/4845/327 4168/4846/329
f 4159/4806/307 4175/4853/328 4176/4854/330
f 4153/4800/310 4152/4799/308 4168/4846/329
f 4161/4808/311 4160/4807/309 4176/4854/330
f 4173/4851/324 4188/4866/347 4189/4867/333
f 4167/4845/327 4166/4844/325 4181/4859/334
f 4175/4853/328 4174/4852/326 4189/4867/333
f 4167/4845/327 4182/4860/335 4183/4861/337
f 4175/4853/328 4190/4868/336 4191/4869/338
f 4169/4847/331 4168/4846/329 4183/4861/337
f 4177/4855/332 4176/4854/330 4191/4869/338
f 4169/4847/331 4184/4862/339 4185/4863/341
f 4177/4855/332 4192/4870/340 4193/4871/342
f 4171/4849/320 4170/4848/318 4185/4863/341
f 4179/4857/321 4178/4856/319 4193/4871/342
f 4172/4850/322 4171/4849/320 4186/4864/343
f 4172/4850/322 4187/4865/345 4188/4866/347
f 4165/4843/323 4180/4858/490 4181/4859/334
f 4192/4870/340 4207/4885/362 4208/4886/348
f 4186/4864/343 4185/4863/341 4200/4878/349
f 4193/4871/342 4208/4886/348 4209/4887/351
f 4187/4865/345 4186/4864/343 4201/4879/350
f 4187/4865/345 4202/4880/352 4203/4881/354
f 4180/4858/490 4195/4873/353 4196/4874/355
f 4188/4866/347 4203/4881/354 4204/4882/356
f 4182/4860/335 4181/4859/334 4196/4874/355
f 4190/4868/336 4189/4867/333 4204/4882/356
f 4182/4860/335 4197/4875/357 4198/4876/359
f 4190/4868/336 4205/4883/358 4206/4884/360
f 4184/4862/339 4183/4861/337 4198/4876/359
f 4192/4870/340 4191/4869/338 4206/4884/360
f 4184/4862/339 4199/4877/361 4200/4878/349
f 4197/4875/357 4196/4874/355 4211/4890/363
f 4205/4883/358 4204/4882/356 4219/4906/365
f 4197/4875/357 4212/4892/364 4213/4894/367
f 4205/4883/358 4220/4908/366 4221/4910/368
f 4199/4877/361 4198/4876/359 4213/4894/367
f 4207/4885/362 4206/4884/360 4221/4910/368
f 4199/4877/361 4214/4896/369 4215/4898/371
f 4207/4885/362 4222/4912/370 4223/4914/372
f 4201/4879/350 4200/4878/349 4215/4898/371
f 4208/4886/348 4223/4914/372 4224/4917/374
f 4202/4880/352 4201/4879/350 4216/4900/373
f 4202/4880/352 4217/4902/375 4218/4904/377
f 4196/4874/355 4195/4873/353 4210/4888/376
f 4203/4881/354 4218/4904/377 4219/4906/365
f 4216/4901/373 4215/4899/371 4230/4923/378
f 4223/4915/372 4238/4931/380 4239/4932/381
f 4217/4903/375 4216/4901/373 4231/4924/379
f 4217/4903/375 4232/4925/382 4233/4926/384
f 4211/4891/363 4210/4889/376 4225/4918/383
f 4218/4905/377 4233/4926/384 4234/4927/386
f 4212/4893/364 4211/4891/363 4226/4919/385
f 4220/4909/366 4219/4907/365 4234/4927/386
f 4212/4893/364 4227/4920/387 4228/4921/389
f 4220/4909/366 4235/4928/388 4236/4929/390
f 4214/4897/369 4213/4895/367 4228/4921/389
f 4222/4913/370 4221/4911/368 4236/4929/390
f 4214/4897/369 4229/4922/391 4230/4923/378
f 4222/4913/370 4237/4930/392 4238/4931/380
f 4235/4928/388 4234/4927/386 4249/4942/393
f 4227/4920/387 4242/4935/407 4243/4936/395
f 4235/4928/388 4250/4943/394 4251/4944/396
f 4229/4922/391 4228/4921/389 4243/4936/395
f 4237/4930/392 4236/4929/390 4251/4944/396
f 4229/4922/391 4244/4937/397 4245/4938/399
f 4238/4931/380 4237/4930/392 4252/4945/398
f 4231/4924/379 4230/4923/378 4245/4938/399
f 4238/4931/380 4253/4946/400 4254/4947/494
f 4232/4925/382 4231/4924/379 4246/4939/401
f 4232/4925/382 4247/4940/403 4248/4941/405
f 4226/4919/385 4225/4918/383 4240/4933/404
f 4233/4926/384 4248/4941/405 4249/4942/393
f 4226/4919/385 4241/4934/406 4242/4935/407
f 4254/4947/494 4253/4946/400 4268/4961/408
f 4247/4940/403 4246/4939/401 4261/4954/410
f 4247/4940/403 4262/4955/411 4263/4956/413
f 4240/4933/404 4255/4948/412 4256/4949/414
f 4248/4941/405 4263/4956/413 4264/4957/415
f 4241/4934/406 4256/4949/414 4257/4950/416
f 4250/4943/394 4249/4942/393 4264/4957/415
f 4242/4935/407 4257/4950/416 4258/4951/418
f 4250/4943/394 4265/4958/417 4266/4959/419
f 4244/4937/397 4243/4936/395 4258/4951/418
f 4252/4945/398 4251/4944/396 4266/4959/419
f 4244/4937/397 4259/4952/420 4260/4953/422
f 4253/4946/400 4252/4945/398 4267/4960/421
f 4246/4939/401 4245/4938/399 4260/4953/422
f 4265/4958/417 4280/4973/437 4281/4974/423
f 4259/4952/420 4258/4951/418 4273/4966/424
f 4267/4960/421 4266/4959/419 4281/4974/423
f 4259/4952/420 4274/4967/425 4275/4968/427
f 4267/4960/421 4282/4975/426 4283/4976/428
f 4261/4954/410 4260/4953/422 4275/4968/427
f 4269/4962/409 4268/4961/408 4283/4976/428
f 4262/4955/411 4261/4954/410 4276/4969/429
f 4262/4955/411 4277/4970/431 4278/4971/433
f 4255/4948/412 4270/4963/432 4271/4964/434
f 4263/4956/413 4278/4971/433 4279/4972/435
f 4257/4950/416 4256/4949/414 4271/4964/434
f 4265/4958/417 4264/4957/415 4279/4972/435
f 4257/4950/416 4272/4965/436 4273/4966/424
f 4277/4970/431 4292/4985/452 4293/4986/440
f 4271/4964/434 4270/4963/432 4285/4978/438
f 4278/4971/433 4293/4986/440 4294/4987/442
f 4272/4965/436 4271/4964/434 4286/4979/441
f 4280/4973/437 4279/4972/435 4294/4987/442
f 4272/4965/436 4287/4980/443 4288/4981/445
f 4280/4973/437 4295/4988/444 4296/4989/446
f 4274/4967/425 4273/4966/424 4288/4981/445
f 4282/4975/426 4281/4974/423 4296/4989/446
f 4274/4967/425 4289/4982/447 4290/4983/449
f 4282/4975/426 4297/4990/448 4298/4991/450
f 4276/4969/429 4275/4968/427 4290/4983/449
f 4283/4976/428 4298/4991/450 4299/4992/439
f 4277/4970/431 4276/4969/429 4291/4984/451
f 4289/4982/447 4288/4981/445 4303/4996/453
f 4297/4990/448 4296/4989/446 4311/5004/455
f 4289/4982/447 4304/4997/454 4305/4998/457
f 4298/4991/450 4297/4990/448 4312/5005/456
f 4291/4984/451 4290/4983/449 4305/4998/457
f 4298/4991/450 4313/5006/458 4314/5007/460
f 4292/4985/452 4291/4984/451 4306/4999/459
f 4292/4985/452 4307/5000/461 4308/5001/463
f 4286/4979/441 4285/4978/438 4300/4993/462
f 4293/4986/440 4308/5001/463 4309/5002/465
f 4286/4979/441 4301/4994/464 4302/4995/466
f 4295/4988/444 4294/4987/442 4309/5002/465
f 4287/4980/443 4302/4995/466 4303/4996/453
f 4295/4988/444 4310/5003/467 4311/5004/455
f 4307/5000/461 4322/5015/481 4323/5016/468
f 4300/4993/462 4315/5008/482 4316/5009/469
f 4308/5001/463 4323/5016/468 4324/5017/470
f 4301/4994/464 4316/5009/469 4317/5010/471
f 4310/5003/467 4309/5002/465 4324/5017/470
f 4302/4995/466 4317/5010/471 4318/5011/473
f 4310/5003/467 4325/5018/472 4326/5019/474
f 4304/4997/454 4303/4996/453 4318/5011/473
f 4312/5005/456 4311/5004/455 4326/5019/474
f 4304/4997/454 4319/5012/475 4320/5013/477
f 4313/5006/458 4312/5005/456 4327/5020/476
f 4306/4999/459 4305/4998/457 4320/5013/477
f 4314/5007/460 4313/5006/458 4328/5021/478
f 4307/5000/461 4306/4999/459 4321/5014/479
f 4327/5020/476 4326/5019/474 4335/5028/4
f 4320/5013/477 4319/5012/475 3858/4474/3
f 4327/5020/476 4336/5029/6 4337/5030/10
f 4321/5014/479 4320/5013/477 4333/5026/7
f 4328/5021/478 4337/5030/10 4338/5031/14
f 4322/5015/481 4321/5014/479 3859/4475/11
f 4322/5015/481 3860/4476/16 3861/4477/21
f 4316/5009/469 4315/5008/482 4330/5023/17
f 4323/5016/468 3861/4477/21 4334/5027/26
f 4317/5010/471 4316/5009/469 4331/5024/23
f 4324/5017/470 4334/5027/26 3862/4478/30
f 4318/5011/473 4317/5010/471 3857/4473/27
f 4325/5018/472 3862/4478/30 4335/5028/4
f 4319/5012/475 4318/5011/473 4332/5025/1
f 4340/5033/3 4814/5584/1 4348/5041/31
f 4817/5587/4 4356/5049/32 4357/5050/5
f 4815/5585/7 4340/5033/3 4349/5042/2
f 4818/5588/6 4357/5050/5 4358/5051/9
f 4815/5585/7 4350/5043/8 4351/5044/12
f 4819/5589/10 4358/5051/9 4359/5052/13
f 4342/5035/16 4341/5034/11 4351/5044/12
f 4342/5035/16 4352/5045/15 4353/5046/22
f 4813/5583/23 4812/5582/17 4345/5038/19
f 4343/5036/21 4353/5046/22 4354/5047/25
f 4339/5032/27 4813/5583/23 4346/5039/24
f 4816/5586/26 4354/5047/25 4355/5048/29
f 4814/5584/1 4339/5032/27 4347/5040/28
f 4344/5037/30 4355/5048/29 4356/5049/32
f 4347/5040/28 4362/5055/47 4363/5056/33
f 4355/5048/29 4370/5063/34 4371/5064/35
f 4349/5042/2 4348/5041/31 4363/5056/33
f 4357/5050/5 4356/5049/32 4371/5064/35
f 4349/5042/2 4364/5057/36 4365/5058/38
f 4358/5051/9 4357/5050/5 4372/5065/37
f 4350/5043/8 4365/5058/38 4366/5059/40
f 4359/5052/13 4358/5051/9 4373/5066/39
f 4351/5044/12 4366/5059/40 4367/5060/42
f 4353/5046/22 4352/5045/15 4367/5060/42
f 4345/5038/19 4360/5053/43 4361/5054/45
f 4354/5047/25 4353/5046/22 4368/5061/44
f 4346/5039/24 4361/5054/45 4362/5055/47
f 4355/5048/29 4354/5047/25 4369/5062/46
f 4366/5059/40 4381/5074/48 4382/5075/49
f 4368/5061/44 4367/5060/42 4382/5075/49
f 4361/5054/45 4360/5053/43 4375/5068/50
f 4369/5062/46 4368/5061/44 4383/5076/52
f 4362/5055/47 4361/5054/45 4376/5069/53
f 4370/5063/34 4369/5062/46 4384/5077/54
f 4362/5055/47 4377/5070/55 4378/5071/502
f 4370/5063/34 4385/5078/56 4386/5079/58
f 4364/5057/36 4363/5056/33 4378/5071/502
f 4372/5065/37 4371/5064/35 4386/5079/58
f 4364/5057/36 4379/5072/59 4380/5073/61
f 4372/5065/37 4387/5080/60 4388/5081/62
f 4365/5058/38 4380/5073/61 4381/5074/48
f 4373/5066/39 4388/5081/62 4389/5082/51
f 4385/5078/56 4400/5093/77 4401/5094/63
f 4379/5072/59 4378/5071/502 4393/5086/64
f 4386/5079/58 4401/5094/63 4402/5095/66
f 4380/5073/61 4379/5072/59 4394/5087/65
f 4388/5081/62 4387/5080/60 4402/5095/66
f 4381/5074/48 4380/5073/61 4395/5088/67
f 4389/5082/51 4388/5081/62 4403/5096/68
f 4382/5075/49 4381/5074/48 4396/5089/69
f 4382/5075/49 4397/5090/71 4398/5091/73
f 4375/5068/50 4390/5083/72 4391/5084/74
f 4383/5076/52 4398/5091/73 4399/5092/75
f 4376/5069/53 4391/5084/74 4392/5085/76
f 4384/5077/54 4399/5092/75 4400/5093/77
f 4378/5071/502 4377/5070/55 4392/5085/76
f 4397/5090/71 4412/5105/92 4413/5106/80
f 4390/5083/72 4405/5098/78 4406/5099/81
f 4399/5092/75 4398/5091/73 4413/5106/80
f 4391/5084/74 4406/5099/81 4407/5100/83
f 4400/5093/77 4399/5092/75 4414/5107/82
f 4392/5085/76 4407/5100/83 4408/5101/85
f 4401/5094/63 4400/5093/77 4415/5108/84
f 4393/5086/64 4408/5101/85 4409/5102/87
f 4402/5095/66 4401/5094/63 4416/5109/86
f 4394/5087/65 4409/5102/87 4410/5103/89
f 4403/5096/68 4402/5095/66 4417/5110/88
f 4395/5088/67 4410/5103/89 4411/5104/91
f 4404/5097/70 4403/5096/68 4418/5111/90
f 4397/5090/71 4396/5089/69 4411/5104/91
f 4408/5101/85 4424/5148/93 4425/5149/94
f 4417/5110/88 4416/5109/86 4432/5156/95
f 4410/5103/89 4409/5102/87 4425/5149/94
f 4417/5110/88 4433/5157/96 4434/5158/98
f 4411/5104/91 4410/5103/89 4426/5150/97
f 4418/5111/90 4434/5158/98 4435/5159/100
f 4411/5104/91 4427/5151/99 4428/5152/101
f 4413/5106/80 4412/5105/92 4428/5152/101
f 4406/5099/81 4405/5098/78 4421/5145/484
f 4413/5106/80 4429/5153/103 4430/5154/105
f 4407/5100/83 4406/5099/81 4422/5146/104
f 4414/5107/82 4430/5154/105 4431/5155/107
f 4407/5100/83 4423/5147/106 4424/5148/93
f 4416/5109/86 4415/5108/84 4431/5155/107
f 4428/5152/101 4443/5167/121 4444/5168/108
f 4421/5145/484 4436/5160/122 4437/5161/109
f 4429/5153/103 4444/5168/108 4445/5169/110
f 4423/5147/106 4422/5146/104 4437/5161/109
f 4430/5154/105 4445/5169/110 4446/5170/112
f 4423/5147/106 4438/5162/111 4439/5163/113
f 4432/5156/95 4431/5155/107 4446/5170/112
f 4424/5148/93 4439/5163/113 4440/5164/115
f 4433/5157/96 4432/5156/95 4447/5171/114
f 4426/5150/97 4425/5149/94 4440/5164/115
f 4433/5157/96 4448/5172/116 4449/5173/118
f 4427/5151/99 4426/5150/97 4441/5165/117
f 4435/5159/100 4434/5158/98 4449/5173/118
f 4427/5151/99 4442/5166/119 4443/5167/121
f 4448/5172/116 4447/5171/114 4462/5186/123
f 4441/5165/117 4440/5164/115 4455/5179/137
f 4448/5172/116 4463/5187/124 4464/5188/126
f 4442/5166/119 4441/5165/117 4456/5180/125
f 4450/5174/120 4449/5173/118 4464/5188/126
f 4443/5167/121 4442/5166/119 4457/5181/127
f 4443/5167/121 4458/5182/129 4459/5183/131
f 4436/5160/122 4451/5175/130 4452/5176/132
f 4444/5168/108 4459/5183/131 4460/5184/133
f 4438/5162/111 4437/5161/109 4452/5176/132
f 4445/5169/110 4460/5184/133 4461/5185/135
f 4438/5162/111 4453/5177/134 4454/5178/136
f 4447/5171/114 4446/5170/112 4461/5185/135
f 4439/5163/113 4454/5178/136 4455/5179/137
f 4459/5183/131 4474/5198/152 4475/5199/138
f 4453/5177/134 4452/5176/132 4467/5191/139
f 4461/5185/135 4460/5184/133 4475/5199/138
f 4453/5177/134 4468/5192/140 4469/5193/142
f 4462/5186/123 4461/5185/135 4476/5200/141
f 4454/5178/136 4469/5193/142 4470/5194/144
f 4463/5187/124 4462/5186/123 4477/5201/143
f 4455/5179/137 4470/5194/144 4471/5195/146
f 4463/5187/124 4478/5202/145 4479/5203/147
f 4457/5181/127 4456/5180/125 4471/5195/146
f 4464/5188/126 4479/5203/147 4480/5204/149
f 4458/5182/129 4457/5181/127 4472/5196/148
f 4458/5182/129 4473/5197/150 4474/5198/152
f 4452/5176/132 4451/5175/130 4466/5190/151
f 4479/5203/147 4478/5202/145 4493/5217/153
f 4472/5196/148 4471/5195/146 4486/5210/155
f 4479/5203/147 4494/5218/154 4495/5219/157
f 4473/5197/150 4472/5196/148 4487/5211/156
f 4473/5197/150 4488/5212/158 4489/5213/160
f 4467/5191/139 4466/5190/151 4481/5205/159
f 4474/5198/152 4489/5213/160 4490/5214/162
f 4467/5191/139 4482/5206/161 4483/5207/163
f 4476/5200/141 4475/5199/138 4490/5214/162
f 4468/5192/140 4483/5207/163 4484/5208/165
f 4476/5200/141 4491/5215/164 4492/5216/166
f 4470/5194/144 4469/5193/142 4484/5208/165
f 4478/5202/145 4477/5201/143 4492/5216/166
f 4470/5194/144 4485/5209/167 4486/5210/155
f 4482/5206/161 4497/5221/168 4498/5222/169
f 4491/5215/164 4490/5214/162 4505/5229/170
f 4483/5207/163 4498/5222/169 4499/5223/172
f 4491/5215/164 4506/5230/171 4507/5231/173
f 4485/5209/167 4484/5208/165 4499/5223/172
f 4493/5217/153 4492/5216/166 4507/5231/173
f 4485/5209/167 4500/5224/174 4501/5225/176
f 4494/5218/154 4493/5217/153 4508/5232/175
f 4487/5211/156 4486/5210/155 4501/5225/176
f 4495/5219/157 4494/5218/154 4509/5233/177
f 4488/5212/158 4487/5211/156 4502/5226/178
f 4488/5212/158 4503/5227/180 4504/5228/182
f 4481/5205/159 4496/5220/181 4497/5221/168
f 4489/5213/160 4504/5228/182 4505/5229/170
f 4502/5226/178 4501/5225/176 4516/5240/183
f 4510/5234/179 4509/5233/177 4524/5248/197
f 4503/5227/180 4502/5226/178 4517/5241/184
f 4503/5227/180 4518/5242/186 4519/5243/188
f 4496/5220/181 4511/5235/187 4512/5236/189
f 4504/5228/182 4519/5243/188 4520/5244/190
f 4498/5222/169 4497/5221/168 4512/5236/189
f 4506/5230/171 4505/5229/170 4520/5244/190
f 4499/5223/172 4498/5222/169 4513/5237/191
f 4507/5231/173 4506/5230/171 4521/5245/192
f 4499/5223/172 4514/5238/193 4515/5239/195
f 4507/5231/173 4522/5246/194 4523/5247/196
f 4500/5224/174 4515/5239/195 4516/5240/183
f 4508/5232/175 4523/5247/196 4524/5248/197
f 4521/5245/192 4520/5244/190 4535/5259/198
f 4513/5237/191 4528/5252/212 4529/5253/504
f 4522/5246/194 4521/5245/192 4536/5260/199
f 4514/5238/193 4529/5253/504 4530/5254/202
f 4523/5247/196 4522/5246/194 4537/5261/487
f 4515/5239/195 4530/5254/202 4531/5255/204
f 4523/5247/196 4538/5262/203 4539/5263/205
f 4517/5241/184 4516/5240/183 4531/5255/204
f 4524/5248/197 4539/5263/205 4540/5264/207
f 4518/5242/186 4517/5241/184 4532/5256/206
f 4518/5242/186 4533/5257/208 4534/5258/210
f 4512/5236/189 4511/5235/187 4526/5250/209
f 4519/5243/188 4534/5258/210 4535/5259/198
f 4512/5236/189 4527/5251/211 4528/5252/212
f 4540/5264/207 4539/5263/205 4554/5278/213
f 4533/5257/208 4532/5256/206 4547/5271/215
f 4533/5257/208 4548/5272/216 4549/5273/218
f 4526/5250/209 4541/5265/217 4542/5266/219
f 4534/5258/210 4549/5273/218 4550/5274/220
f 4528/5252/212 4527/5251/211 4542/5266/219
f 4536/5260/199 4535/5259/198 4550/5274/220
f 4529/5253/504 4528/5252/212 4543/5267/221
f 4536/5260/199 4551/5275/222 4552/5276/224
f 4530/5254/202 4529/5253/504 4544/5268/223
f 4537/5261/487 4552/5276/224 4553/5277/226
f 4530/5254/202 4545/5269/225 4546/5270/227
f 4538/5262/203 4553/5277/226 4554/5278/213
f 4532/5256/206 4531/5255/204 4546/5270/227
f 4543/5267/221 4558/5282/241 4559/5283/228
f 4551/5275/222 4566/5290/242 4567/5291/229
f 4545/5269/225 4544/5268/223 4559/5283/228
f 4553/5277/226 4552/5276/224 4567/5291/229
f 4545/5269/225 4560/5284/230 4561/5285/232
f 4553/5277/226 4568/5292/231 4569/5293/233
f 4547/5271/215 4546/5270/227 4561/5285/232
f 4554/5278/213 4569/5293/233 4570/5294/235
f 4548/5272/216 4547/5271/215 4562/5286/234
f 4548/5272/216 4563/5287/236 4564/5288/238
f 4542/5266/219 4541/5265/217 4556/5280/237
f 4549/5273/218 4564/5288/238 4565/5289/240
f 4542/5266/219 4557/5281/239 4558/5282/241
f 4551/5275/222 4550/5274/220 4565/5289/240
f 4563/5287/236 4562/5286/234 4577/5301/243
f 4563/5287/236 4578/5302/244 4579/5303/247
f 4556/5280/237 4571/5295/245 4572/5296/248
f 4564/5288/238 4579/5303/247 4580/5304/249
f 4557/5281/239 4572/5296/248 4573/5297/250
f 4566/5290/242 4565/5289/240 4580/5304/249
f 4558/5282/241 4573/5297/250 4574/5298/252
f 4566/5290/242 4581/5305/251 4582/5306/253
f 4560/5284/230 4559/5283/228 4574/5298/252
f 4568/5292/231 4567/5291/229 4582/5306/253
f 4560/5284/230 4575/5299/254 4576/5300/256
f 4569/5293/233 4568/5292/231 4583/5307/255
f 4562/5286/234 4561/5285/232 4576/5300/256
f 4570/5294/235 4569/5293/233 4584/5308/257
f 4581/5305/251 4596/5320/272 4597/5321/258
f 4575/5299/254 4574/5298/252 4589/5313/259
f 4583/5307/255 4582/5306/253 4597/5321/258
f 4575/5299/254 4590/5314/260 4591/5315/262
f 4583/5307/255 4598/5322/261 4599/5323/263
f 4577/5301/243 4576/5300/256 4591/5315/262
f 4584/5308/257 4599/5323/263 4600/5324/265
f 4578/5302/244 4577/5301/243 4592/5316/264
f 4578/5302/244 4593/5317/266 4594/5318/268
f 4572/5296/248 4571/5295/245 4586/5310/267
f 4579/5303/247 4594/5318/268 4595/5319/270
f 4573/5297/250 4572/5296/248 4587/5311/269
f 4581/5305/251 4580/5304/249 4595/5319/270
f 4573/5297/250 4588/5312/271 4589/5313/259
f 4593/5317/266 4608/5332/286 4609/5333/274
f 4587/5311/269 4586/5310/267 4601/5325/287
f 4594/5318/268 4609/5333/274 4610/5334/276
f 4588/5312/271 4587/5311/269 4602/5326/275
f 4596/5320/272 4595/5319/270 4610/5334/276
f 4588/5312/271 4603/5327/277 4604/5328/279
f 4596/5320/272 4611/5335/278 4612/5336/280
f 4589/5313/259 4604/5328/279 4605/5329/281
f 4598/5322/261 4597/5321/258 4612/5336/280
f 4590/5314/260 4605/5329/281 4606/5330/283
f 4598/5322/261 4613/5337/282 4614/5338/284
f 4592/5316/264 4591/5315/262 4606/5330/283
f 4599/5323/263 4614/5338/284 4615/5339/273
f 4593/5317/266 4592/5316/264 4607/5331/285
f 4613/5337/282 4612/5336/280 4627/5351/488
f 4605/5329/281 4620/5344/302 4621/5345/290
f 4613/5337/282 4628/5352/289 4629/5353/291
f 4607/5331/285 4606/5330/283 4621/5345/290
f 4614/5338/284 4629/5353/291 4630/5354/293
f 4608/5332/286 4607/5331/285 4622/5346/292
f 4608/5332/286 4623/5347/294 4624/5348/296
f 4602/5326/275 4601/5325/287 4616/5340/295
f 4609/5333/274 4624/5348/296 4625/5349/298
f 4602/5326/275 4617/5341/297 4618/5342/299
f 4611/5335/278 4610/5334/276 4625/5349/298
f 4603/5327/277 4618/5342/299 4619/5343/493
f 4612/5336/280 4611/5335/278 4626/5350/300
f 4604/5328/279 4619/5343/493 4620/5344/302
f 4616/5340/295 4631/5355/303 4632/5356/304
f 4624/5348/296 4639/5363/317 4640/5364/305
f 4618/5342/299 4617/5341/297 4632/5356/304
f 4626/5350/300 4625/5349/298 4640/5364/305
f 4618/5342/299 4633/5357/306 4634/5358/308
f 4626/5350/300 4641/5365/307 4642/5366/309
f 4620/5344/302 4619/5343/493 4634/5358/308
f 4628/5352/289 4627/5351/488 4642/5366/309
f 4620/5344/302 4635/5359/310 4636/5360/312
f 4628/5352/289 4643/5367/311 4644/5368/313
f 4622/5346/292 4621/5345/290 4636/5360/312
f 4630/5354/293 4629/5353/291 4644/5368/313
f 4623/5347/294 4622/5346/292 4637/5361/314
f 4623/5347/294 4638/5362/316 4639/5363/317
f 4635/5359/310 4651/5406/331 4652/5407/318
f 4643/5367/311 4659/5414/332 4660/5415/319
f 4637/5361/314 4636/5360/312 4652/5407/318
f 4644/5368/313 4660/5415/319 4661/5416/321
f 4638/5362/316 4637/5361/314 4653/5408/320
f 4638/5362/316 4654/5409/322 4655/5410/324
f 4632/5356/304 4631/5355/303 4647/5402/323
f 4639/5363/317 4655/5410/324 4656/5411/326
f 4633/5357/306 4632/5356/304 4648/5403/325
f 4641/5365/307 4640/5364/305 4656/5411/326
f 4633/5357/306 4649/5404/327 4650/5405/329
f 4641/5365/307 4657/5412/328 4658/5413/330
f 4635/5359/310 4634/5358/308 4650/5405/329
f 4643/5367/311 4642/5366/309 4658/5413/330
f 4655/5410/324 4670/5425/347 4671/5426/333
f 4649/5404/327 4648/5403/325 4663/5418/334
f 4657/5412/328 4656/5411/326 4671/5426/333
f 4649/5404/327 4664/5419/335 4665/5420/337
f 4657/5412/328 4672/5427/336 4673/5428/338
f 4651/5406/331 4650/5405/329 4665/5420/337
f 4659/5414/332 4658/5413/330 4673/5428/338
f 4651/5406/331 4666/5421/339 4667/5422/341
f 4659/5414/332 4674/5429/340 4675/5430/342
f 4653/5408/320 4652/5407/318 4667/5422/341
f 4661/5416/321 4660/5415/319 4675/5430/342
f 4654/5409/322 4653/5408/320 4668/5423/343
f 4654/5409/322 4669/5424/345 4670/5425/347
f 4647/5402/323 4662/5417/490 4663/5418/334
f 4674/5429/340 4689/5444/362 4690/5445/348
f 4668/5423/343 4667/5422/341 4682/5437/349
f 4675/5430/342 4690/5445/348 4691/5446/351
f 4669/5424/345 4668/5423/343 4683/5438/350
f 4669/5424/345 4684/5439/352 4685/5440/354
f 4662/5417/490 4677/5432/353 4678/5433/355
f 4670/5425/347 4685/5440/354 4686/5441/356
f 4664/5419/335 4663/5418/334 4678/5433/355
f 4672/5427/336 4671/5426/333 4686/5441/356
f 4664/5419/335 4679/5434/357 4680/5435/359
f 4672/5427/336 4687/5442/358 4688/5443/360
f 4666/5421/339 4665/5420/337 4680/5435/359
f 4674/5429/340 4673/5428/338 4688/5443/360
f 4666/5421/339 4681/5436/361 4682/5437/349
f 4679/5434/357 4678/5433/355 4693/5449/363
f 4687/5442/358 4686/5441/356 4701/5465/365
f 4679/5434/357 4694/5451/364 4695/5453/367
f 4687/5442/358 4702/5467/366 4703/5469/368
f 4681/5436/361 4680/5435/359 4695/5453/367
f 4689/5444/362 4688/5443/360 4703/5469/368
f 4681/5436/361 4696/5455/369 4697/5457/371
f 4689/5444/362 4704/5471/370 4705/5473/372
f 4683/5438/350 4682/5437/349 4697/5457/371
f 4690/5445/348 4705/5473/372 4706/5476/374
f 4684/5439/352 4683/5438/350 4698/5459/373
f 4684/5439/352 4699/5461/375 4700/5463/377
f 4678/5433/355 4677/5432/353 4692/5447/376
f 4685/5440/354 4700/5463/377 4701/5465/365
f 4698/5460/373 4697/5458/371 4712/5482/378
f 4705/5474/372 4720/5490/380 4721/5491/381
f 4699/5462/375 4698/5460/373 4713/5483/379
f 4699/5462/375 4714/5484/382 4715/5485/384
f 4693/5450/363 4692/5448/376 4707/5477/383
f 4700/5464/377 4715/5485/384 4716/5486/386
f 4694/5452/364 4693/5450/363 4708/5478/385
f 4702/5468/366 4701/5466/365 4716/5486/386
f 4694/5452/364 4709/5479/387 4710/5480/389
f 4702/5468/366 4717/5487/388 4718/5488/390
f 4696/5456/369 4695/5454/367 4710/5480/389
f 4704/5472/370 4703/5470/368 4718/5488/390
f 4696/5456/369 4711/5481/391 4712/5482/378
f 4704/5472/370 4719/5489/392 4720/5490/380
f 4717/5487/388 4716/5486/386 4731/5501/393
f 4709/5479/387 4724/5494/407 4725/5495/395
f 4717/5487/388 4732/5502/394 4733/5503/396
f 4711/5481/391 4710/5480/389 4725/5495/395
f 4719/5489/392 4718/5488/390 4733/5503/396
f 4711/5481/391 4726/5496/397 4727/5497/399
f 4720/5490/380 4719/5489/392 4734/5504/398
f 4713/5483/379 4712/5482/378 4727/5497/399
f 4720/5490/380 4735/5505/400 4736/5506/402
f 4714/5484/382 4713/5483/379 4728/5498/401
f 4714/5484/382 4729/5499/403 4730/5500/405
f 4708/5478/385 4707/5477/383 4722/5492/404
f 4715/5485/384 4730/5500/405 4731/5501/393
f 4708/5478/385 4723/5493/406 4724/5494/407
f 4736/5506/402 4735/5505/400 4750/5520/408
f 4729/5499/403 4728/5498/401 4743/5513/410
f 4729/5499/403 4744/5514/411 4745/5515/413
f 4722/5492/404 4737/5507/412 4738/5508/414
f 4730/5500/405 4745/5515/413 4746/5516/415
f 4723/5493/406 4738/5508/414 4739/5509/416
f 4732/5502/394 4731/5501/393 4746/5516/415
f 4724/5494/407 4739/5509/416 4740/5510/418
f 4732/5502/394 4747/5517/417 4748/5518/419
f 4726/5496/397 4725/5495/395 4740/5510/418
f 4734/5504/398 4733/5503/396 4748/5518/419
f 4726/5496/397 4741/5511/420 4742/5512/422
f 4735/5505/400 4734/5504/398 4749/5519/421
f 4728/5498/401 4727/5497/399 4742/5512/422
f 4748/5518/419 4747/5517/417 4762/5532/437
f 4740/5510/418 4755/5525/424 4756/5526/425
f 4749/5519/421 4748/5518/419 4763/5533/423
f 4741/5511/420 4756/5526/425 4757/5527/427
f 4750/5520/408 4749/5519/421 4764/5534/426
f 4743/5513/410 4742/5512/422 4757/5527/427
f 4751/5521/409 4750/5520/408 4765/5535/428
f 4744/5514/411 4743/5513/410 4758/5528/429
f 4744/5514/411 4759/5529/431 4760/5530/433
f 4737/5507/412 4752/5522/432 4753/5523/434
f 4745/5515/413 4760/5530/433 4761/5531/435
f 4738/5508/414 4753/5523/434 4754/5524/436
f 4747/5517/417 4746/5516/415 4761/5531/435
f 4739/5509/416 4754/5524/436 4755/5525/424
f 4759/5529/431 4774/5544/452 4775/5545/440
f 4753/5523/434 4752/5522/432 4767/5537/438
f 4760/5530/433 4775/5545/440 4776/5546/442
f 4754/5524/436 4753/5523/434 4768/5538/441
f 4762/5532/437 4761/5531/435 4776/5546/442
f 4755/5525/424 4754/5524/436 4769/5539/443
f 4762/5532/437 4777/5547/444 4778/5548/446
f 4756/5526/425 4755/5525/424 4770/5540/445
f 4763/5533/423 4778/5548/446 4779/5549/448
f 4756/5526/425 4771/5541/447 4772/5542/449
f 4764/5534/426 4779/5549/448 4780/5550/450
f 4758/5528/429 4757/5527/427 4772/5542/449
f 4765/5535/428 4780/5550/450 4781/5551/439
f 4759/5529/431 4758/5528/429 4773/5543/451
f 4771/5541/447 4770/5540/445 4785/5555/453
f 4779/5549/448 4778/5548/446 4793/5563/455
f 4771/5541/447 4786/5556/454 4787/5557/457
f 4780/5550/450 4779/5549/448 4794/5564/456
f 4773/5543/451 4772/5542/449 4787/5557/457
f 4780/5550/450 4795/5565/458 4796/5566/460
f 4774/5544/452 4773/5543/451 4788/5558/459
f 4774/5544/452 4789/5559/461 4790/5560/463
f 4768/5538/441 4767/5537/438 4782/5552/462
f 4775/5545/440 4790/5560/463 4791/5561/465
f 4768/5538/441 4783/5553/464 4784/5554/466
f 4777/5547/444 4776/5546/442 4791/5561/465
f 4769/5539/443 4784/5554/466 4785/5555/453
f 4777/5547/444 4792/5562/467 4793/5563/455
f 4789/5559/461 4804/5574/481 4805/5575/468
f 4782/5552/462 4797/5567/482 4798/5568/469
f 4790/5560/463 4805/5575/468 4806/5576/470
f 4784/5554/466 4783/5553/464 4798/5568/469
f 4792/5562/467 4791/5561/465 4806/5576/470
f 4784/5554/466 4799/5569/471 4800/5570/473
f 4792/5562/467 4807/5577/472 4808/5578/474
f 4786/5556/454 4785/5555/453 4800/5570/473
f 4794/5564/456 4793/5563/455 4808/5578/474
f 4786/5556/454 4801/5571/475 4802/5572/477
f 4794/5564/456 4809/5579/476 4810/5580/478
f 4788/5558/459 4787/5557/457 4802/5572/477
f 4796/5566/460 4795/5565/458 4810/5580/478
f 4789/5559/461 4788/5558/459 4803/5573/479
f 4809/5579/476 4808/5578/474 4817/5587/4
f 4802/5572/477 4801/5571/475 4340/5033/3
f 4809/5579/476 4818/5588/6 4819/5589/10
f 4803/5573/479 4802/5572/477 4815/5585/7
f 4810/5580/478 4819/5589/10 4820/5590/14
f 4804/5574/481 4803/5573/479 4341/5034/11
f 4804/5574/481 4342/5035/16 4343/5036/21
f 4798/5568/469 4797/5567/482 4812/5582/17
f 4805/5575/468 4343/5036/21 4816/5586/26
f 4799/5569/471 4798/5568/469 4813/5583/23
f 4806/5576/470 4816/5586/26 4344/5037/30
f 4800/5570/473 4799/5569/471 4339/5032/27
f 4807/5577/472 4344/5037/30 4817/5587/4
f 4801/5571/475 4800/5570/473 4814/5584/1
