# Blender 3.5.0
# www.blender.org
mtllib guardRail.mtl
o 円柱
v 0.312267 -0.020726 -4.280751
v 0.312267 2.379274 -4.280751
v 0.318032 -0.020726 -4.339279
v 0.318032 2.379274 -4.339279
v 0.335103 -0.020726 -4.395556
v 0.335103 2.379274 -4.395556
v 0.362826 -0.020726 -4.447423
v 0.362826 2.379274 -4.447423
v 0.400135 -0.020726 -4.492883
v 0.400135 2.379274 -4.492883
v 0.445596 -0.020726 -4.530192
v 0.445596 2.379274 -4.530192
v 0.497462 -0.020726 -4.557915
v 0.497462 2.379274 -4.557915
v 0.553740 -0.020726 -4.574987
v 0.553740 2.379274 -4.574987
v 0.612267 -0.020726 -4.580751
v 0.612267 2.379274 -4.580751
v 0.670794 -0.020726 -4.574987
v 0.670794 2.379274 -4.574987
v 0.727072 -0.020726 -4.557915
v 0.727072 2.379274 -4.557915
v 0.778938 -0.020726 -4.530192
v 0.778938 2.379274 -4.530192
v 0.824399 -0.020726 -4.492883
v 0.824399 2.379274 -4.492883
v 0.861708 -0.020726 -4.447423
v 0.861708 2.379274 -4.447423
v 0.889431 -0.020726 -4.395556
v 0.889431 2.379274 -4.395556
v 0.906503 -0.020726 -4.339279
v 0.906503 2.379274 -4.339279
v 0.912267 -0.020726 -4.280751
v 0.912267 2.379274 -4.280751
v 0.906503 -0.020726 -4.222224
v 0.906503 2.379274 -4.222224
v 0.889431 -0.020726 -4.165946
v 0.889431 2.379274 -4.165946
v 0.861708 -0.020726 -4.114080
v 0.861708 2.379274 -4.114080
v 0.824399 -0.020726 -4.068619
v 0.824399 2.379274 -4.068619
v 0.778938 -0.020726 -4.031311
v 0.778938 2.379274 -4.031311
v 0.727072 -0.020726 -4.003588
v 0.727072 2.379274 -4.003588
v 0.670794 -0.020726 -3.986516
v 0.670794 2.379274 -3.986516
v 0.612267 -0.020726 -3.980751
v 0.612267 2.379274 -3.980751
v 0.553740 -0.020726 -3.986516
v 0.553740 2.379274 -3.986516
v 0.497462 -0.020726 -4.003588
v 0.497462 2.379274 -4.003588
v 0.445596 -0.020726 -4.031311
v 0.445596 2.379274 -4.031311
v 0.400135 -0.020726 -4.068619
v 0.400135 2.379274 -4.068619
v 0.362826 -0.020726 -4.114080
v 0.362826 2.379274 -4.114080
v 0.335103 -0.020726 -4.165946
v 0.335103 2.379274 -4.165946
v 0.318032 -0.020726 -4.222224
v 0.318032 2.379274 -4.222224
v 0.398186 0.989874 -1.705394
v 0.398186 2.237087 -1.705394
v 0.056535 1.035311 -1.705394
v 0.049216 2.183451 -1.705394
v 0.398186 0.989874 -5.103137
v 0.398186 2.237087 -5.103137
v 0.056535 1.035311 -5.103137
v 0.049216 2.183451 -5.103137
v 0.398186 1.613480 -1.705394
v 0.114515 1.613480 -1.705394
v -0.088798 1.613480 -5.103137
v 0.398186 1.613480 -5.103137
v 0.398186 1.925283 -1.705394
v -0.088798 1.837072 -1.705394
v -0.088798 1.925283 -5.103137
v 0.398186 1.925283 -5.103137
v -0.088798 1.382865 -1.705394
v -0.088798 1.301677 -5.103137
v 0.398186 1.301677 -5.103137
v 0.398186 1.301677 -1.705394
v 0.398186 2.081185 -1.705394
v -0.088798 2.081185 -1.705394
v -0.088798 2.081185 -5.103137
v 0.398186 2.081185 -5.103137
v -0.088798 1.145776 -1.705394
v -0.088798 1.145776 -5.103137
v 0.398186 1.145776 -5.103137
v 0.398186 1.145776 -1.705394
v 0.154694 0.989874 -1.705394
v 0.154694 2.237087 -1.705394
v 0.154694 0.989874 -5.103137
v 0.154694 2.237087 -5.103137
v 0.154694 1.613480 -5.103137
v 0.154694 1.613480 -1.705394
v 0.154694 1.925283 -5.103137
v 0.154694 1.925283 -1.705394
v 0.154694 1.301677 -1.705394
v 0.154694 1.301677 -5.103137
v 0.154694 2.081185 -5.103137
v 0.154694 2.081185 -1.705394
v 0.154694 1.145776 -5.103137
v 0.154694 1.145776 -1.705394
v 0.114515 1.769382 -1.705394
v -0.088798 1.769382 -5.103137
v 0.398186 1.769382 -5.103137
v 0.398186 1.769382 -1.705394
v 0.154694 1.769382 -1.705394
v 0.154694 1.769382 -5.103137
v 0.398186 1.457579 -1.705394
v 0.114515 1.457579 -1.705394
v -0.088798 1.457579 -5.103137
v 0.398186 1.457579 -5.103137
v 0.154694 1.457579 -1.705394
v 0.154694 1.457579 -5.103137
v 0.056535 1.035311 -4.761810
v 0.049216 2.183451 -4.761810
v 0.398186 0.989874 -4.761810
v 0.398186 2.237087 -4.761810
v 0.398186 1.613480 -4.761810
v -0.088798 1.613480 -4.520249
v 0.398186 1.925283 -4.761810
v -0.088798 1.837072 -4.486373
v -0.088798 1.382865 -4.486373
v 0.398186 1.301677 -4.761810
v 0.398186 2.081185 -4.761810
v -0.088798 2.081185 -4.761810
v 0.398186 1.145776 -4.761810
v -0.088798 1.145776 -4.761810
v 0.154694 2.237087 -4.761810
v 0.154694 0.989874 -4.761810
v -0.088798 1.769382 -4.520249
v 0.398186 1.769382 -4.761810
v -0.088798 1.457579 -4.520249
v 0.398186 1.457579 -4.761810
v 0.056535 1.035311 -2.010873
v 0.398186 2.237087 -2.010873
v 0.398186 1.613480 -2.010873
v 0.398186 1.925283 -2.010873
v 0.398186 1.301677 -2.010873
v 0.398186 2.081185 -2.010873
v 0.398186 1.145776 -2.010873
v 0.154694 0.989874 -2.010873
v 0.398186 1.769382 -2.010873
v 0.398186 1.457579 -2.010873
v 0.049216 2.183451 -2.010873
v 0.398186 0.989874 -2.010873
v 0.114515 1.613480 -2.010873
v -0.088798 1.837072 -2.010873
v -0.088798 1.382865 -2.010873
v -0.088798 2.081185 -2.010873
v -0.088798 1.145776 -2.010873
v 0.154694 2.237087 -2.010873
v 0.114515 1.769382 -2.010873
v 0.114515 1.457579 -2.010873
v 0.049216 2.183451 -4.417006
v 0.398186 0.989874 -4.417006
v 0.114515 1.613480 -4.417006
v -0.088798 1.837072 -4.417006
v -0.088798 1.382865 -4.417006
v -0.088798 2.081185 -4.417006
v -0.088798 1.145776 -4.417006
v 0.154694 2.237087 -4.417006
v 0.114515 1.769382 -4.417006
v 0.114515 1.457579 -4.417006
v 0.056535 1.035311 -4.417006
v 0.398186 2.237087 -4.417006
v 0.398186 1.613480 -4.417006
v 0.398186 1.925283 -4.417006
v 0.398186 1.301677 -4.417006
v 0.398186 2.081185 -4.417006
v 0.398186 1.145776 -4.417006
v 0.154694 0.989874 -4.417006
v 0.398186 1.769382 -4.417006
v 0.398186 1.457579 -4.417006
v -0.113806 1.988599 -4.650939
v -0.125524 1.977033 -4.650939
v -0.131866 1.961922 -4.650939
v -0.132682 1.953744 -4.650939
v -0.131866 1.945565 -4.650939
v -0.125524 1.930454 -4.650939
v -0.098336 1.994859 -4.652555
v -0.106151 1.992473 -4.654109
v -0.113353 1.988599 -4.655542
v -0.119665 1.983386 -4.656798
v -0.124845 1.977033 -4.657828
v -0.128695 1.969786 -4.658594
v -0.131065 1.961922 -4.659065
v -0.131866 1.953744 -4.659225
v -0.131065 1.945565 -4.659065
v -0.128695 1.937701 -4.658594
v -0.124845 1.930454 -4.657828
v -0.119665 1.924101 -4.656798
v -0.113353 1.918888 -4.655542
v -0.106151 1.915014 -4.654109
v -0.098336 1.912629 -4.652555
v -0.097865 1.994859 -4.654109
v -0.105226 1.992473 -4.657158
v -0.112010 1.988599 -4.659968
v -0.117956 1.983386 -4.662431
v -0.122836 1.977033 -4.664453
v -0.126462 1.969786 -4.665955
v -0.128695 1.961922 -4.666880
v -0.129449 1.953744 -4.667192
v -0.128695 1.945565 -4.666880
v -0.126462 1.937701 -4.665955
v -0.122836 1.930454 -4.664453
v -0.117956 1.924101 -4.662431
v -0.112010 1.918888 -4.659968
v -0.105226 1.915014 -4.657158
v -0.097865 1.912629 -4.654109
v -0.097099 1.994859 -4.655542
v -0.103724 1.992473 -4.659968
v -0.109829 1.988599 -4.664048
v -0.115181 1.983386 -4.667624
v -0.119572 1.977033 -4.670558
v -0.122836 1.969786 -4.672739
v -0.124845 1.961922 -4.674081
v -0.125524 1.953744 -4.674535
v -0.124845 1.945565 -4.674081
v -0.122836 1.937701 -4.672739
v -0.119572 1.930454 -4.670558
v -0.115181 1.924101 -4.667624
v -0.109829 1.918888 -4.664048
v -0.103724 1.915014 -4.659968
v -0.097099 1.912629 -4.655542
v -0.096069 1.994859 -4.656798
v -0.101703 1.992473 -4.662431
v -0.106895 1.988599 -4.667624
v -0.111446 1.983386 -4.672174
v -0.115181 1.977033 -4.675910
v -0.117956 1.969786 -4.678685
v -0.119665 1.961922 -4.680394
v -0.120242 1.953744 -4.680971
v -0.119665 1.945565 -4.680394
v -0.117956 1.937701 -4.678685
v -0.115181 1.930454 -4.675910
v -0.111446 1.924101 -4.672174
v -0.106895 1.918888 -4.667624
v -0.101703 1.915014 -4.662431
v -0.096069 1.912629 -4.656798
v -0.094813 1.994859 -4.657828
v -0.099240 1.992473 -4.664453
v -0.103319 1.988599 -4.670558
v -0.106895 1.983386 -4.675910
v -0.109829 1.977033 -4.680301
v -0.112010 1.969786 -4.683565
v -0.113353 1.961922 -4.685574
v -0.113806 1.953744 -4.686253
v -0.113353 1.945565 -4.685574
v -0.112010 1.937701 -4.683565
v -0.109829 1.930454 -4.680301
v -0.106895 1.924101 -4.675910
v -0.103319 1.918888 -4.670558
v -0.099240 1.915014 -4.664453
v -0.094813 1.912629 -4.657828
v -0.090210 1.995664 -4.650939
v -0.093381 1.994859 -4.658594
v -0.096430 1.992473 -4.665955
v -0.099240 1.988599 -4.672739
v -0.101703 1.983386 -4.678685
v -0.103724 1.977033 -4.683565
v -0.105226 1.969786 -4.687191
v -0.106151 1.961922 -4.689424
v -0.106463 1.953744 -4.690177
v -0.106151 1.945565 -4.689424
v -0.105226 1.937701 -4.687191
v -0.103724 1.930454 -4.683565
v -0.101703 1.924101 -4.678685
v -0.099240 1.918888 -4.672739
v -0.096430 1.915014 -4.665955
v -0.093381 1.912629 -4.658594
v -0.091826 1.994859 -4.659065
v -0.093381 1.992473 -4.666880
v -0.094813 1.988599 -4.674081
v -0.096069 1.983386 -4.680394
v -0.097099 1.977033 -4.685574
v -0.097865 1.969786 -4.689424
v -0.098336 1.961922 -4.691794
v -0.098496 1.953744 -4.692595
v -0.098336 1.945565 -4.691794
v -0.097865 1.937701 -4.689424
v -0.097099 1.930454 -4.685574
v -0.096069 1.924101 -4.680394
v -0.094813 1.918888 -4.674081
v -0.093381 1.915014 -4.666880
v -0.091826 1.912629 -4.659065
v -0.090210 1.994859 -4.659225
v -0.090210 1.992473 -4.667192
v -0.090210 1.988599 -4.674535
v -0.090210 1.983386 -4.680971
v -0.090210 1.977033 -4.686253
v -0.090210 1.969786 -4.690177
v -0.090210 1.961922 -4.692595
v -0.090210 1.953744 -4.693410
v -0.090210 1.945565 -4.692595
v -0.090210 1.937701 -4.690177
v -0.090210 1.930454 -4.686253
v -0.090210 1.924101 -4.680971
v -0.090210 1.918888 -4.674535
v -0.090210 1.915014 -4.667192
v -0.090210 1.912629 -4.659225
v -0.088593 1.994859 -4.659065
v -0.087039 1.992473 -4.666880
v -0.085606 1.988599 -4.674081
v -0.084351 1.983386 -4.680394
v -0.083320 1.977033 -4.685574
v -0.082555 1.969786 -4.689424
v -0.082083 1.961922 -4.691794
v -0.081924 1.953744 -4.692595
v -0.082083 1.945565 -4.691794
v -0.082555 1.937701 -4.689424
v -0.083320 1.930454 -4.685574
v -0.084351 1.924101 -4.680394
v -0.085606 1.918888 -4.674081
v -0.087039 1.915014 -4.666880
v -0.088593 1.912629 -4.659065
v -0.087039 1.994859 -4.658594
v -0.083990 1.992473 -4.665955
v -0.081180 1.988599 -4.672739
v -0.078717 1.983386 -4.678685
v -0.076696 1.977033 -4.683565
v -0.075194 1.969786 -4.687191
v -0.074269 1.961922 -4.689424
v -0.073957 1.953744 -4.690177
v -0.074269 1.945565 -4.689424
v -0.075194 1.937701 -4.687191
v -0.076696 1.930454 -4.683565
v -0.078717 1.924101 -4.678685
v -0.081180 1.918888 -4.672739
v -0.083990 1.915014 -4.665955
v -0.087039 1.912629 -4.658594
v -0.085606 1.994859 -4.657828
v -0.081180 1.992473 -4.664453
v -0.077101 1.988599 -4.670558
v -0.073525 1.983386 -4.675910
v -0.070590 1.977033 -4.680301
v -0.068410 1.969786 -4.683565
v -0.067067 1.961922 -4.685574
v -0.066614 1.953744 -4.686253
v -0.067067 1.945565 -4.685574
v -0.068410 1.937701 -4.683565
v -0.070590 1.930454 -4.680301
v -0.073525 1.924101 -4.675910
v -0.077101 1.918888 -4.670558
v -0.081180 1.915014 -4.664453
v -0.085606 1.912629 -4.657828
v -0.084351 1.994859 -4.656798
v -0.078717 1.992473 -4.662431
v -0.073525 1.988599 -4.667624
v -0.068974 1.983386 -4.672174
v -0.065239 1.977033 -4.675910
v -0.062464 1.969786 -4.678685
v -0.060755 1.961922 -4.680394
v -0.060178 1.953744 -4.680971
v -0.060755 1.945565 -4.680394
v -0.062464 1.937701 -4.678685
v -0.065239 1.930454 -4.675910
v -0.068974 1.924101 -4.672174
v -0.073525 1.918888 -4.667624
v -0.078717 1.915014 -4.662431
v -0.084351 1.912629 -4.656798
v -0.083320 1.994859 -4.655542
v -0.076696 1.992473 -4.659968
v -0.070590 1.988599 -4.664048
v -0.065239 1.983386 -4.667624
v -0.060847 1.977033 -4.670558
v -0.057584 1.969786 -4.672739
v -0.055574 1.961922 -4.674081
v -0.054896 1.953744 -4.674535
v -0.055574 1.945565 -4.674081
v -0.057584 1.937701 -4.672739
v -0.060847 1.930454 -4.670558
v -0.065239 1.924101 -4.667624
v -0.070590 1.918888 -4.664048
v -0.076696 1.915014 -4.659968
v -0.083320 1.912629 -4.655542
v -0.082555 1.994859 -4.654109
v -0.075194 1.992473 -4.657158
v -0.068410 1.988599 -4.659968
v -0.062464 1.983386 -4.662431
v -0.057584 1.977033 -4.664453
v -0.053958 1.969786 -4.665955
v -0.051725 1.961922 -4.666880
v -0.050971 1.953744 -4.667192
v -0.051725 1.945565 -4.666880
v -0.053958 1.937701 -4.665955
v -0.057584 1.930454 -4.664453
v -0.062464 1.924101 -4.662431
v -0.068410 1.918888 -4.659968
v -0.075194 1.915014 -4.657158
v -0.082555 1.912629 -4.654109
v -0.082083 1.994859 -4.652555
v -0.074269 1.992473 -4.654109
v -0.067067 1.988599 -4.655542
v -0.060755 1.983386 -4.656798
v -0.055574 1.977033 -4.657828
v -0.051725 1.969786 -4.658594
v -0.049355 1.961922 -4.659065
v -0.048554 1.953744 -4.659225
v -0.049355 1.945565 -4.659065
v -0.051725 1.937701 -4.658594
v -0.055574 1.930454 -4.657828
v -0.060755 1.924101 -4.656798
v -0.067067 1.918888 -4.655542
v -0.074269 1.915014 -4.654109
v -0.082083 1.912629 -4.652555
v -0.081924 1.994859 -4.650939
v -0.073957 1.992473 -4.650939
v -0.066614 1.988599 -4.650939
v -0.060178 1.983386 -4.650939
v -0.054896 1.977033 -4.650939
v -0.050971 1.969786 -4.650939
v -0.048554 1.961922 -4.650939
v -0.047738 1.953744 -4.650939
v -0.048554 1.945565 -4.650939
v -0.050971 1.937701 -4.650939
v -0.054896 1.930454 -4.650939
v -0.060178 1.924101 -4.650939
v -0.066614 1.918888 -4.650939
v -0.073957 1.915014 -4.650939
v -0.081924 1.912629 -4.650939
v -0.082083 1.994859 -4.649322
v -0.074269 1.992473 -4.647768
v -0.067067 1.988599 -4.646335
v -0.060755 1.983386 -4.645080
v -0.055574 1.977033 -4.644049
v -0.051725 1.969786 -4.643284
v -0.049355 1.961922 -4.642812
v -0.048554 1.953744 -4.642653
v -0.049355 1.945565 -4.642812
v -0.051725 1.937701 -4.643284
v -0.055574 1.930454 -4.644049
v -0.060755 1.924101 -4.645080
v -0.067067 1.918888 -4.646335
v -0.074269 1.915014 -4.647768
v -0.082083 1.912629 -4.649322
v -0.082555 1.994859 -4.647768
v -0.075194 1.992473 -4.644719
v -0.068410 1.988599 -4.641909
v -0.062464 1.983386 -4.639446
v -0.057584 1.977033 -4.637424
v -0.053958 1.969786 -4.635922
v -0.051725 1.961922 -4.634998
v -0.050971 1.953744 -4.634686
v -0.051725 1.945565 -4.634998
v -0.053958 1.937701 -4.635922
v -0.057584 1.930454 -4.637424
v -0.062464 1.924101 -4.639446
v -0.068410 1.918888 -4.641909
v -0.075194 1.915014 -4.644719
v -0.082555 1.912629 -4.647768
v -0.083320 1.994859 -4.646335
v -0.076696 1.992473 -4.641909
v -0.070590 1.988599 -4.637829
v -0.065239 1.983386 -4.634254
v -0.060847 1.977033 -4.631320
v -0.057584 1.969786 -4.629139
v -0.055574 1.961922 -4.627796
v -0.054896 1.953744 -4.627343
v -0.055574 1.945565 -4.627796
v -0.057584 1.937701 -4.629139
v -0.060847 1.930454 -4.631320
v -0.065239 1.924101 -4.634254
v -0.070590 1.918888 -4.637829
v -0.076696 1.915014 -4.641909
v -0.083320 1.912629 -4.646335
v -0.084351 1.994859 -4.645080
v -0.078717 1.992473 -4.639446
v -0.073525 1.988599 -4.634254
v -0.068974 1.983386 -4.629703
v -0.065239 1.977033 -4.625968
v -0.062464 1.969786 -4.623193
v -0.060755 1.961922 -4.621484
v -0.060178 1.953744 -4.620906
v -0.060755 1.945565 -4.621484
v -0.062464 1.937701 -4.623193
v -0.065239 1.930454 -4.625968
v -0.068974 1.924101 -4.629703
v -0.073525 1.918888 -4.634254
v -0.078717 1.915014 -4.639446
v -0.084351 1.912629 -4.645080
v -0.090210 1.911823 -4.650939
v -0.085606 1.994859 -4.644049
v -0.081180 1.992473 -4.637424
v -0.077101 1.988599 -4.631320
v -0.073525 1.983386 -4.625968
v -0.070590 1.977033 -4.621576
v -0.068410 1.969786 -4.618313
v -0.067067 1.961922 -4.616303
v -0.066614 1.953744 -4.615625
v -0.067067 1.945565 -4.616303
v -0.068410 1.937701 -4.618313
v -0.070590 1.930454 -4.621576
v -0.073525 1.924101 -4.625968
v -0.077101 1.918888 -4.631320
v -0.081180 1.915014 -4.637424
v -0.085606 1.912629 -4.644049
v -0.087039 1.994859 -4.643284
v -0.083990 1.992473 -4.635922
v -0.081180 1.988599 -4.629139
v -0.078717 1.983386 -4.623193
v -0.076696 1.977033 -4.618313
v -0.075194 1.969786 -4.614687
v -0.074269 1.961922 -4.612454
v -0.073957 1.953744 -4.611700
v -0.074269 1.945565 -4.612454
v -0.075194 1.937701 -4.614687
v -0.076696 1.930454 -4.618313
v -0.078717 1.924101 -4.623193
v -0.081180 1.918888 -4.629139
v -0.083990 1.915014 -4.635922
v -0.087039 1.912629 -4.643284
v -0.088593 1.994859 -4.642812
v -0.087039 1.992473 -4.634998
v -0.085606 1.988599 -4.627796
v -0.084351 1.983386 -4.621484
v -0.083320 1.977033 -4.616303
v -0.082555 1.969786 -4.612454
v -0.082083 1.961922 -4.610084
v -0.081924 1.953744 -4.609283
v -0.082083 1.945565 -4.610084
v -0.082555 1.937701 -4.612454
v -0.083320 1.930454 -4.616303
v -0.084351 1.924101 -4.621484
v -0.085606 1.918888 -4.627796
v -0.087039 1.915014 -4.634998
v -0.088593 1.912629 -4.642812
v -0.090210 1.994859 -4.642653
v -0.090210 1.992473 -4.634686
v -0.090210 1.988599 -4.627343
v -0.090210 1.983386 -4.620906
v -0.090210 1.977033 -4.615625
v -0.090210 1.969786 -4.611700
v -0.090210 1.961922 -4.609283
v -0.090210 1.953744 -4.608467
v -0.090210 1.945565 -4.609283
v -0.090210 1.937701 -4.611700
v -0.090210 1.930454 -4.615625
v -0.090210 1.924101 -4.620906
v -0.090210 1.918888 -4.627343
v -0.090210 1.915014 -4.634686
v -0.090210 1.912629 -4.642653
v -0.091826 1.994859 -4.642812
v -0.093381 1.992473 -4.634998
v -0.094813 1.988599 -4.627796
v -0.096069 1.983386 -4.621484
v -0.097099 1.977033 -4.616303
v -0.097865 1.969786 -4.612454
v -0.098336 1.961922 -4.610084
v -0.098496 1.953744 -4.609283
v -0.098336 1.945565 -4.610084
v -0.097865 1.937701 -4.612454
v -0.097099 1.930454 -4.616303
v -0.096069 1.924101 -4.621484
v -0.094813 1.918888 -4.627796
v -0.093381 1.915014 -4.634998
v -0.091826 1.912629 -4.642812
v -0.093381 1.994859 -4.643284
v -0.096430 1.992473 -4.635922
v -0.099240 1.988599 -4.629139
v -0.101703 1.983386 -4.623193
v -0.103724 1.977033 -4.618313
v -0.105226 1.969786 -4.614687
v -0.106151 1.961922 -4.612454
v -0.106463 1.953744 -4.611700
v -0.106151 1.945565 -4.612454
v -0.105226 1.937701 -4.614687
v -0.103724 1.930454 -4.618313
v -0.101703 1.924101 -4.623193
v -0.099240 1.918888 -4.629139
v -0.096430 1.915014 -4.635922
v -0.093381 1.912629 -4.643284
v -0.094813 1.994859 -4.644049
v -0.099240 1.992473 -4.637424
v -0.103319 1.988599 -4.631320
v -0.106895 1.983386 -4.625968
v -0.109829 1.977033 -4.621576
v -0.112010 1.969786 -4.618313
v -0.113353 1.961922 -4.616303
v -0.113806 1.953744 -4.615625
v -0.113353 1.945565 -4.616303
v -0.112010 1.937701 -4.618313
v -0.109829 1.930454 -4.621576
v -0.106895 1.924101 -4.625968
v -0.103319 1.918888 -4.631320
v -0.099240 1.915014 -4.637424
v -0.094813 1.912629 -4.644049
v -0.096069 1.994859 -4.645080
v -0.101703 1.992473 -4.639446
v -0.106895 1.988599 -4.634254
v -0.111446 1.983386 -4.629703
v -0.115181 1.977033 -4.625968
v -0.117956 1.969786 -4.623193
v -0.119665 1.961922 -4.621484
v -0.120242 1.953744 -4.620907
v -0.119665 1.945565 -4.621484
v -0.117956 1.937701 -4.623193
v -0.115181 1.930454 -4.625968
v -0.111446 1.924101 -4.629703
v -0.106895 1.918888 -4.634254
v -0.101703 1.915014 -4.639446
v -0.096069 1.912629 -4.645080
v -0.097099 1.994859 -4.646335
v -0.103724 1.992473 -4.641909
v -0.109829 1.988599 -4.637829
v -0.115181 1.983386 -4.634254
v -0.119572 1.977033 -4.631320
v -0.122836 1.969786 -4.629139
v -0.124845 1.961922 -4.627796
v -0.125524 1.953744 -4.627343
v -0.124845 1.945565 -4.627796
v -0.122836 1.937701 -4.629139
v -0.119572 1.930454 -4.631320
v -0.115181 1.924101 -4.634254
v -0.109829 1.918888 -4.637829
v -0.103724 1.915014 -4.641909
v -0.097099 1.912629 -4.646335
v -0.097865 1.994859 -4.647768
v -0.105226 1.992473 -4.644719
v -0.112010 1.988599 -4.641909
v -0.117956 1.983386 -4.639446
v -0.122836 1.977033 -4.637424
v -0.126462 1.969786 -4.635922
v -0.128695 1.961922 -4.634998
v -0.129449 1.953744 -4.634686
v -0.128695 1.945565 -4.634998
v -0.126462 1.937701 -4.635922
v -0.122836 1.930454 -4.637424
v -0.117956 1.924101 -4.639446
v -0.112010 1.918888 -4.641909
v -0.105226 1.915014 -4.644719
v -0.097865 1.912629 -4.647768
v -0.098336 1.994859 -4.649322
v -0.106151 1.992473 -4.647768
v -0.113353 1.988599 -4.646335
v -0.119665 1.983386 -4.645080
v -0.124845 1.977033 -4.644049
v -0.128695 1.969786 -4.643284
v -0.131065 1.961922 -4.642812
v -0.131865 1.953744 -4.642653
v -0.131065 1.945565 -4.642812
v -0.128695 1.937701 -4.643284
v -0.124845 1.930454 -4.644049
v -0.119665 1.924101 -4.645080
v -0.113353 1.918888 -4.646335
v -0.106151 1.915014 -4.647768
v -0.098336 1.912629 -4.649322
v -0.098496 1.994859 -4.650939
v -0.106463 1.992473 -4.650939
v -0.120242 1.983386 -4.650939
v -0.129449 1.969786 -4.650939
v -0.129449 1.937701 -4.650939
v -0.120242 1.924101 -4.650939
v -0.113806 1.918888 -4.650939
v -0.106463 1.915014 -4.650939
v -0.098496 1.912629 -4.650939
v -0.113805 1.988599 -4.999725
v -0.125523 1.977033 -4.999725
v -0.131865 1.961922 -4.999725
v -0.132681 1.953744 -4.999725
v -0.131865 1.945565 -4.999725
v -0.125523 1.930454 -4.999725
v -0.098336 1.994859 -5.001342
v -0.106150 1.992473 -5.002896
v -0.113352 1.988599 -5.004329
v -0.119664 1.983386 -5.005584
v -0.124845 1.977033 -5.006615
v -0.128694 1.969786 -5.007380
v -0.131065 1.961922 -5.007852
v -0.131865 1.953744 -5.008011
v -0.131065 1.945565 -5.007852
v -0.128694 1.937701 -5.007380
v -0.124845 1.930454 -5.006615
v -0.119664 1.924101 -5.005584
v -0.113352 1.918888 -5.004329
v -0.106150 1.915014 -5.002896
v -0.098336 1.912629 -5.001342
v -0.097864 1.994859 -5.002896
v -0.105225 1.992473 -5.005945
v -0.112009 1.988599 -5.008755
v -0.117955 1.983386 -5.011218
v -0.122835 1.977033 -5.013239
v -0.126461 1.969786 -5.014741
v -0.128694 1.961922 -5.015666
v -0.129448 1.953744 -5.015979
v -0.128694 1.945565 -5.015666
v -0.126461 1.937701 -5.014741
v -0.122835 1.930454 -5.013239
v -0.117955 1.924101 -5.011218
v -0.112009 1.918888 -5.008755
v -0.105225 1.915014 -5.005945
v -0.097864 1.912629 -5.002896
v -0.097099 1.994859 -5.004329
v -0.103723 1.992473 -5.008755
v -0.109829 1.988599 -5.012835
v -0.115180 1.983386 -5.016410
v -0.119572 1.977033 -5.019344
v -0.122835 1.969786 -5.021525
v -0.124845 1.961922 -5.022868
v -0.125523 1.953744 -5.023321
v -0.124845 1.945565 -5.022868
v -0.122835 1.937701 -5.021525
v -0.119572 1.930454 -5.019344
v -0.115180 1.924101 -5.016410
v -0.109829 1.918888 -5.012835
v -0.103723 1.915014 -5.008755
v -0.097099 1.912629 -5.004329
v -0.096068 1.994859 -5.005584
v -0.101702 1.992473 -5.011218
v -0.106894 1.988599 -5.016410
v -0.111445 1.983386 -5.020961
v -0.115180 1.977033 -5.024696
v -0.117955 1.969786 -5.027472
v -0.119664 1.961922 -5.029180
v -0.120241 1.953744 -5.029757
v -0.119664 1.945565 -5.029180
v -0.117955 1.937701 -5.027472
v -0.115180 1.930454 -5.024696
v -0.111445 1.924101 -5.020961
v -0.106894 1.918888 -5.016410
v -0.101702 1.915014 -5.011218
v -0.096068 1.912629 -5.005584
v -0.094813 1.994859 -5.006615
v -0.099239 1.992473 -5.013239
v -0.103319 1.988599 -5.019344
v -0.106894 1.983386 -5.024696
v -0.109829 1.977033 -5.029088
v -0.112009 1.969786 -5.032351
v -0.113352 1.961922 -5.034361
v -0.113805 1.953744 -5.035039
v -0.113352 1.945565 -5.034361
v -0.112009 1.937701 -5.032351
v -0.109829 1.930454 -5.029088
v -0.106894 1.924101 -5.024696
v -0.103319 1.918888 -5.019344
v -0.099239 1.915014 -5.013239
v -0.094813 1.912629 -5.006615
v -0.090209 1.995664 -4.999725
v -0.093380 1.994859 -5.007380
v -0.096429 1.992473 -5.014741
v -0.099239 1.988599 -5.021525
v -0.101702 1.983386 -5.027472
v -0.103723 1.977033 -5.032351
v -0.105225 1.969786 -5.035977
v -0.106150 1.961922 -5.038210
v -0.106463 1.953744 -5.038964
v -0.106150 1.945565 -5.038210
v -0.105225 1.937701 -5.035977
v -0.103723 1.930454 -5.032351
v -0.101702 1.924101 -5.027472
v -0.099239 1.918888 -5.021525
v -0.096429 1.915014 -5.014741
v -0.093380 1.912629 -5.007380
v -0.091826 1.994859 -5.007852
v -0.093380 1.992473 -5.015666
v -0.094813 1.988599 -5.022868
v -0.096068 1.983386 -5.029180
v -0.097099 1.977033 -5.034361
v -0.097864 1.969786 -5.038210
v -0.098336 1.961922 -5.040581
v -0.098495 1.953744 -5.041381
v -0.098336 1.945565 -5.040581
v -0.097864 1.937701 -5.038210
v -0.097099 1.930454 -5.034361
v -0.096068 1.924101 -5.029180
v -0.094813 1.918888 -5.022868
v -0.093380 1.915014 -5.015666
v -0.091826 1.912629 -5.007852
v -0.090209 1.994859 -5.008011
v -0.090209 1.992473 -5.015979
v -0.090209 1.988599 -5.023321
v -0.090209 1.983386 -5.029757
v -0.090209 1.977033 -5.035039
v -0.090209 1.969786 -5.038964
v -0.090209 1.961922 -5.041381
v -0.090209 1.953744 -5.042197
v -0.090209 1.945565 -5.041381
v -0.090209 1.937701 -5.038964
v -0.090209 1.930454 -5.035039
v -0.090209 1.924101 -5.029757
v -0.090209 1.918888 -5.023321
v -0.090209 1.915014 -5.015979
v -0.090209 1.912629 -5.008011
v -0.088593 1.994859 -5.007852
v -0.087038 1.992473 -5.015666
v -0.085606 1.988599 -5.022868
v -0.084350 1.983386 -5.029180
v -0.083320 1.977033 -5.034361
v -0.082554 1.969786 -5.038210
v -0.082083 1.961922 -5.040581
v -0.081923 1.953744 -5.041381
v -0.082083 1.945565 -5.040581
v -0.082554 1.937701 -5.038210
v -0.083320 1.930454 -5.034361
v -0.084350 1.924101 -5.029180
v -0.085606 1.918888 -5.022868
v -0.087038 1.915014 -5.015666
v -0.088593 1.912629 -5.007852
v -0.087038 1.994859 -5.007380
v -0.083989 1.992473 -5.014741
v -0.081179 1.988599 -5.021525
v -0.078716 1.983386 -5.027472
v -0.076695 1.977033 -5.032351
v -0.075193 1.969786 -5.035977
v -0.074268 1.961922 -5.038210
v -0.073956 1.953744 -5.038964
v -0.074268 1.945565 -5.038210
v -0.075193 1.937701 -5.035977
v -0.076695 1.930454 -5.032351
v -0.078716 1.924101 -5.027472
v -0.081179 1.918888 -5.021525
v -0.083989 1.915014 -5.014741
v -0.087038 1.912629 -5.007380
v -0.085606 1.994859 -5.006615
v -0.081179 1.992473 -5.013239
v -0.077100 1.988599 -5.019344
v -0.073524 1.983386 -5.024696
v -0.070590 1.977033 -5.029088
v -0.068409 1.969786 -5.032351
v -0.067067 1.961922 -5.034361
v -0.066613 1.953744 -5.035039
v -0.067067 1.945565 -5.034361
v -0.068409 1.937701 -5.032351
v -0.070590 1.930454 -5.029088
v -0.073524 1.924101 -5.024696
v -0.077100 1.918888 -5.019344
v -0.081179 1.915014 -5.013239
v -0.085606 1.912629 -5.006615
v -0.084350 1.994859 -5.005584
v -0.078716 1.992473 -5.011218
v -0.073524 1.988599 -5.016410
v -0.068973 1.983386 -5.020961
v -0.065238 1.977033 -5.024696
v -0.062463 1.969786 -5.027472
v -0.060754 1.961922 -5.029180
v -0.060177 1.953744 -5.029757
v -0.060754 1.945565 -5.029180
v -0.062463 1.937701 -5.027472
v -0.065238 1.930454 -5.024696
v -0.068973 1.924101 -5.020961
v -0.073524 1.918888 -5.016410
v -0.078716 1.915014 -5.011218
v -0.084350 1.912629 -5.005584
v -0.083320 1.994859 -5.004329
v -0.076695 1.992473 -5.008755
v -0.070590 1.988599 -5.012835
v -0.065238 1.983386 -5.016410
v -0.060847 1.977033 -5.019344
v -0.057583 1.969786 -5.021525
v -0.055574 1.961922 -5.022868
v -0.054895 1.953744 -5.023321
v -0.055574 1.945565 -5.022868
v -0.057583 1.937701 -5.021525
v -0.060847 1.930454 -5.019344
v -0.065238 1.924101 -5.016410
v -0.070590 1.918888 -5.012835
v -0.076695 1.915014 -5.008755
v -0.083320 1.912629 -5.004329
v -0.082554 1.994859 -5.002896
v -0.075193 1.992473 -5.005945
v -0.068409 1.988599 -5.008755
v -0.062463 1.983386 -5.011218
v -0.057583 1.977033 -5.013239
v -0.053957 1.969786 -5.014741
v -0.051724 1.961922 -5.015666
v -0.050970 1.953744 -5.015979
v -0.051724 1.945565 -5.015666
v -0.053957 1.937701 -5.014741
v -0.057583 1.930454 -5.013239
v -0.062463 1.924101 -5.011218
v -0.068409 1.918888 -5.008755
v -0.075193 1.915014 -5.005945
v -0.082554 1.912629 -5.002896
v -0.082083 1.994859 -5.001342
v -0.074268 1.992473 -5.002896
v -0.067067 1.988599 -5.004329
v -0.060754 1.983386 -5.005584
v -0.055574 1.977033 -5.006615
v -0.051724 1.969786 -5.007380
v -0.049354 1.961922 -5.007852
v -0.048554 1.953744 -5.008011
v -0.049354 1.945565 -5.007852
v -0.051724 1.937701 -5.007380
v -0.055574 1.930454 -5.006615
v -0.060754 1.924101 -5.005584
v -0.067067 1.918888 -5.004329
v -0.074268 1.915014 -5.002896
v -0.082083 1.912629 -5.001342
v -0.081923 1.994859 -4.999725
v -0.073956 1.992473 -4.999725
v -0.066613 1.988599 -4.999725
v -0.060177 1.983386 -4.999725
v -0.054895 1.977033 -4.999725
v -0.050970 1.969786 -4.999725
v -0.048554 1.961922 -4.999725
v -0.047738 1.953744 -4.999725
v -0.048554 1.945565 -4.999725
v -0.050970 1.937701 -4.999725
v -0.054895 1.930454 -4.999725
v -0.060177 1.924101 -4.999725
v -0.066613 1.918888 -4.999725
v -0.073956 1.915014 -4.999725
v -0.081923 1.912629 -4.999725
v -0.082083 1.994859 -4.998109
v -0.074268 1.992473 -4.996554
v -0.067067 1.988599 -4.995122
v -0.060754 1.983386 -4.993866
v -0.055574 1.977033 -4.992836
v -0.051724 1.969786 -4.992070
v -0.049354 1.961922 -4.991598
v -0.048554 1.953744 -4.991439
v -0.049354 1.945565 -4.991598
v -0.051724 1.937701 -4.992070
v -0.055574 1.930454 -4.992836
v -0.060754 1.924101 -4.993866
v -0.067067 1.918888 -4.995122
v -0.074268 1.915014 -4.996554
v -0.082083 1.912629 -4.998109
v -0.082554 1.994859 -4.996554
v -0.075193 1.992473 -4.993505
v -0.068409 1.988599 -4.990695
v -0.062463 1.983386 -4.988233
v -0.057583 1.977033 -4.986211
v -0.053957 1.969786 -4.984709
v -0.051724 1.961922 -4.983784
v -0.050970 1.953744 -4.983472
v -0.051724 1.945565 -4.983784
v -0.053957 1.937701 -4.984709
v -0.057583 1.930454 -4.986211
v -0.062463 1.924101 -4.988233
v -0.068409 1.918888 -4.990695
v -0.075193 1.915014 -4.993505
v -0.082554 1.912629 -4.996554
v -0.083320 1.994859 -4.995122
v -0.076695 1.992473 -4.990695
v -0.070590 1.988599 -4.986616
v -0.065238 1.983386 -4.983040
v -0.060847 1.977033 -4.980106
v -0.057583 1.969786 -4.977925
v -0.055574 1.961922 -4.976583
v -0.054895 1.953744 -4.976130
v -0.055574 1.945565 -4.976583
v -0.057583 1.937701 -4.977925
v -0.060847 1.930454 -4.980106
v -0.065238 1.924101 -4.983040
v -0.070590 1.918888 -4.986616
v -0.076695 1.915014 -4.990695
v -0.083320 1.912629 -4.995122
v -0.084350 1.994859 -4.993866
v -0.078716 1.992473 -4.988233
v -0.073524 1.988599 -4.983040
v -0.068973 1.983386 -4.978489
v -0.065239 1.977033 -4.974754
v -0.062463 1.969786 -4.971979
v -0.060754 1.961922 -4.970270
v -0.060177 1.953744 -4.969693
v -0.060754 1.945565 -4.970270
v -0.062463 1.937701 -4.971979
v -0.065239 1.930454 -4.974754
v -0.068973 1.924101 -4.978489
v -0.073524 1.918888 -4.983040
v -0.078716 1.915014 -4.988233
v -0.084350 1.912629 -4.993866
v -0.090209 1.911823 -4.999725
v -0.085606 1.994859 -4.992836
v -0.081179 1.992473 -4.986211
v -0.077100 1.988599 -4.980106
v -0.073524 1.983386 -4.974754
v -0.070590 1.977033 -4.970363
v -0.068409 1.969786 -4.967099
v -0.067067 1.961922 -4.965090
v -0.066613 1.953744 -4.964411
v -0.067067 1.945565 -4.965090
v -0.068409 1.937701 -4.967099
v -0.070590 1.930454 -4.970363
v -0.073524 1.924101 -4.974754
v -0.077100 1.918888 -4.980106
v -0.081179 1.915014 -4.986211
v -0.085606 1.912629 -4.992836
v -0.087038 1.994859 -4.992070
v -0.083989 1.992473 -4.984709
v -0.081179 1.988599 -4.977925
v -0.078716 1.983386 -4.971979
v -0.076695 1.977033 -4.967099
v -0.075193 1.969786 -4.963473
v -0.074268 1.961922 -4.961241
v -0.073956 1.953744 -4.960486
v -0.074268 1.945565 -4.961241
v -0.075193 1.937701 -4.963473
v -0.076695 1.930454 -4.967099
v -0.078716 1.924101 -4.971979
v -0.081179 1.918888 -4.977925
v -0.083989 1.915014 -4.984709
v -0.087038 1.912629 -4.992070
v -0.088593 1.994859 -4.991599
v -0.087038 1.992473 -4.983784
v -0.085606 1.988599 -4.976583
v -0.084350 1.983386 -4.970270
v -0.083320 1.977033 -4.965090
v -0.082554 1.969786 -4.961241
v -0.082083 1.961922 -4.958870
v -0.081923 1.953744 -4.958069
v -0.082083 1.945565 -4.958870
v -0.082554 1.937701 -4.961241
v -0.083320 1.930454 -4.965090
v -0.084350 1.924101 -4.970270
v -0.085606 1.918888 -4.976583
v -0.087038 1.915014 -4.983784
v -0.088593 1.912629 -4.991599
v -0.090209 1.994859 -4.991439
v -0.090209 1.992473 -4.983472
v -0.090209 1.988599 -4.976130
v -0.090209 1.983386 -4.969693
v -0.090209 1.977033 -4.964411
v -0.090209 1.969786 -4.960486
v -0.090209 1.961922 -4.958069
v -0.090209 1.953744 -4.957253
v -0.090209 1.945565 -4.958069
v -0.090209 1.937701 -4.960486
v -0.090209 1.930454 -4.964411
v -0.090209 1.924101 -4.969693
v -0.090209 1.918888 -4.976130
v -0.090209 1.915014 -4.983472
v -0.090209 1.912629 -4.991439
v -0.091826 1.994859 -4.991599
v -0.093380 1.992473 -4.983784
v -0.094813 1.988599 -4.976583
v -0.096068 1.983386 -4.970270
v -0.097099 1.977033 -4.965090
v -0.097864 1.969786 -4.961241
v -0.098336 1.961922 -4.958870
v -0.098495 1.953744 -4.958069
v -0.098336 1.945565 -4.958870
v -0.097864 1.937701 -4.961241
v -0.097099 1.930454 -4.965090
v -0.096068 1.924101 -4.970270
v -0.094813 1.918888 -4.976583
v -0.093380 1.915014 -4.983784
v -0.091826 1.912629 -4.991599
v -0.093380 1.994859 -4.992070
v -0.096429 1.992473 -4.984709
v -0.099239 1.988599 -4.977925
v -0.101702 1.983386 -4.971979
v -0.103723 1.977033 -4.967099
v -0.105225 1.969786 -4.963473
v -0.106150 1.961922 -4.961241
v -0.106463 1.953744 -4.960486
v -0.106150 1.945565 -4.961241
v -0.105225 1.937701 -4.963473
v -0.103723 1.930454 -4.967099
v -0.101702 1.924101 -4.971979
v -0.099239 1.918888 -4.977925
v -0.096429 1.915014 -4.984709
v -0.093380 1.912629 -4.992070
v -0.094813 1.994859 -4.992836
v -0.099239 1.992473 -4.986211
v -0.103319 1.988599 -4.980106
v -0.106894 1.983386 -4.974754
v -0.109829 1.977033 -4.970363
v -0.112009 1.969786 -4.967099
v -0.113352 1.961922 -4.965090
v -0.113805 1.953744 -4.964411
v -0.113352 1.945565 -4.965090
v -0.112009 1.937701 -4.967099
v -0.109829 1.930454 -4.970363
v -0.106894 1.924101 -4.974754
v -0.103319 1.918888 -4.980106
v -0.099239 1.915014 -4.986211
v -0.094813 1.912629 -4.992836
v -0.096068 1.994859 -4.993866
v -0.101702 1.992473 -4.988233
v -0.106894 1.988599 -4.983040
v -0.111445 1.983386 -4.978489
v -0.115180 1.977033 -4.974754
v -0.117955 1.969786 -4.971979
v -0.119664 1.961922 -4.970270
v -0.120241 1.953744 -4.969693
v -0.119664 1.945565 -4.970270
v -0.117955 1.937701 -4.971979
v -0.115180 1.930454 -4.974754
v -0.111445 1.924101 -4.978489
v -0.106894 1.918888 -4.983040
v -0.101702 1.915014 -4.988233
v -0.096068 1.912629 -4.993866
v -0.097099 1.994859 -4.995122
v -0.103723 1.992473 -4.990695
v -0.109829 1.988599 -4.986616
v -0.115180 1.983386 -4.983040
v -0.119572 1.977033 -4.980106
v -0.122835 1.969786 -4.977925
v -0.124845 1.961922 -4.976583
v -0.125523 1.953744 -4.976130
v -0.124845 1.945565 -4.976583
v -0.122835 1.937701 -4.977925
v -0.119572 1.930454 -4.980106
v -0.115180 1.924101 -4.983040
v -0.109829 1.918888 -4.986616
v -0.103723 1.915014 -4.990695
v -0.097099 1.912629 -4.995122
v -0.097864 1.994859 -4.996554
v -0.105225 1.992473 -4.993505
v -0.112009 1.988599 -4.990695
v -0.117955 1.983386 -4.988233
v -0.122835 1.977033 -4.986211
v -0.126461 1.969786 -4.984709
v -0.128694 1.961922 -4.983784
v -0.129448 1.953744 -4.983472
v -0.128694 1.945565 -4.983784
v -0.126461 1.937701 -4.984709
v -0.122835 1.930454 -4.986211
v -0.117955 1.924101 -4.988233
v -0.112009 1.918888 -4.990695
v -0.105225 1.915014 -4.993505
v -0.097864 1.912629 -4.996554
v -0.098336 1.994859 -4.998109
v -0.106150 1.992473 -4.996554
v -0.113352 1.988599 -4.995122
v -0.119664 1.983386 -4.993866
v -0.124845 1.977033 -4.992836
v -0.128694 1.969786 -4.992070
v -0.131065 1.961922 -4.991599
v -0.131865 1.953744 -4.991439
v -0.131065 1.945565 -4.991599
v -0.128694 1.937701 -4.992070
v -0.124845 1.930454 -4.992836
v -0.119664 1.924101 -4.993866
v -0.113352 1.918888 -4.995122
v -0.106150 1.915014 -4.996554
v -0.098336 1.912629 -4.998109
v -0.098495 1.994859 -4.999725
v -0.106463 1.992473 -4.999725
v -0.120241 1.983386 -4.999725
v -0.129448 1.969786 -4.999725
v -0.129448 1.937701 -4.999725
v -0.120241 1.924101 -4.999725
v -0.113805 1.918888 -4.999725
v -0.106463 1.915014 -4.999725
v -0.098495 1.912629 -4.999725
v -0.113805 1.295175 -4.999725
v -0.125523 1.283609 -4.999725
v -0.131865 1.268498 -4.999725
v -0.132681 1.260320 -4.999725
v -0.131865 1.252141 -4.999725
v -0.125523 1.237030 -4.999725
v -0.098336 1.301435 -5.001342
v -0.106150 1.299049 -5.002896
v -0.113352 1.295175 -5.004329
v -0.119664 1.289962 -5.005584
v -0.124845 1.283609 -5.006615
v -0.128694 1.276362 -5.007380
v -0.131065 1.268498 -5.007852
v -0.131865 1.260320 -5.008011
v -0.131065 1.252141 -5.007852
v -0.128694 1.244277 -5.007380
v -0.124845 1.237030 -5.006615
v -0.119664 1.230677 -5.005584
v -0.113352 1.225464 -5.004329
v -0.106150 1.221590 -5.002896
v -0.098336 1.219205 -5.001342
v -0.097864 1.301435 -5.002896
v -0.105225 1.299049 -5.005945
v -0.112009 1.295175 -5.008755
v -0.117955 1.289962 -5.011218
v -0.122835 1.283609 -5.013239
v -0.126461 1.276362 -5.014741
v -0.128694 1.268498 -5.015666
v -0.129448 1.260320 -5.015979
v -0.128694 1.252141 -5.015666
v -0.126461 1.244277 -5.014741
v -0.122835 1.237030 -5.013239
v -0.117955 1.230677 -5.011218
v -0.112009 1.225464 -5.008755
v -0.105225 1.221590 -5.005945
v -0.097864 1.219205 -5.002896
v -0.097099 1.301435 -5.004329
v -0.103723 1.299049 -5.008755
v -0.109829 1.295175 -5.012835
v -0.115180 1.289962 -5.016410
v -0.119572 1.283609 -5.019344
v -0.122835 1.276362 -5.021525
v -0.124845 1.268498 -5.022868
v -0.125523 1.260320 -5.023321
v -0.124845 1.252141 -5.022868
v -0.122835 1.244277 -5.021525
v -0.119572 1.237030 -5.019344
v -0.115180 1.230677 -5.016410
v -0.109829 1.225464 -5.012835
v -0.103723 1.221590 -5.008755
v -0.097099 1.219205 -5.004329
v -0.096068 1.301435 -5.005584
v -0.101702 1.299049 -5.011218
v -0.106894 1.295175 -5.016410
v -0.111445 1.289962 -5.020961
v -0.115180 1.283609 -5.024696
v -0.117955 1.276362 -5.027472
v -0.119664 1.268498 -5.029180
v -0.120241 1.260320 -5.029757
v -0.119664 1.252141 -5.029180
v -0.117955 1.244277 -5.027472
v -0.115180 1.237030 -5.024696
v -0.111445 1.230677 -5.020961
v -0.106894 1.225464 -5.016410
v -0.101702 1.221590 -5.011218
v -0.096068 1.219205 -5.005584
v -0.094813 1.301435 -5.006615
v -0.099239 1.299049 -5.013239
v -0.103319 1.295175 -5.019344
v -0.106894 1.289962 -5.024696
v -0.109829 1.283609 -5.029088
v -0.112009 1.276362 -5.032351
v -0.113352 1.268498 -5.034361
v -0.113805 1.260320 -5.035039
v -0.113352 1.252141 -5.034361
v -0.112009 1.244277 -5.032351
v -0.109829 1.237030 -5.029088
v -0.106894 1.230677 -5.024696
v -0.103319 1.225464 -5.019344
v -0.099239 1.221590 -5.013239
v -0.094813 1.219205 -5.006615
v -0.090209 1.302240 -4.999725
v -0.093380 1.301435 -5.007380
v -0.096429 1.299049 -5.014741
v -0.099239 1.295175 -5.021525
v -0.101702 1.289962 -5.027472
v -0.103723 1.283609 -5.032351
v -0.105225 1.276362 -5.035977
v -0.106150 1.268498 -5.038210
v -0.106463 1.260320 -5.038964
v -0.106150 1.252141 -5.038210
v -0.105225 1.244277 -5.035977
v -0.103723 1.237030 -5.032351
v -0.101702 1.230677 -5.027472
v -0.099239 1.225464 -5.021525
v -0.096429 1.221590 -5.014741
v -0.093380 1.219205 -5.007380
v -0.091826 1.301435 -5.007852
v -0.093380 1.299049 -5.015666
v -0.094813 1.295175 -5.022868
v -0.096068 1.289962 -5.029180
v -0.097099 1.283609 -5.034361
v -0.097864 1.276362 -5.038210
v -0.098336 1.268498 -5.040581
v -0.098495 1.260320 -5.041381
v -0.098336 1.252141 -5.040581
v -0.097864 1.244277 -5.038210
v -0.097099 1.237030 -5.034361
v -0.096068 1.230677 -5.029180
v -0.094813 1.225464 -5.022868
v -0.093380 1.221590 -5.015666
v -0.091826 1.219205 -5.007852
v -0.090209 1.301435 -5.008011
v -0.090209 1.299049 -5.015979
v -0.090209 1.295175 -5.023321
v -0.090209 1.289962 -5.029757
v -0.090209 1.283609 -5.035039
v -0.090209 1.276362 -5.038964
v -0.090209 1.268498 -5.041381
v -0.090209 1.260320 -5.042197
v -0.090209 1.252141 -5.041381
v -0.090209 1.244277 -5.038964
v -0.090209 1.237030 -5.035039
v -0.090209 1.230677 -5.029757
v -0.090209 1.225464 -5.023321
v -0.090209 1.221590 -5.015979
v -0.090209 1.219205 -5.008011
v -0.088593 1.301435 -5.007852
v -0.087038 1.299049 -5.015666
v -0.085606 1.295175 -5.022868
v -0.084350 1.289962 -5.029180
v -0.083320 1.283609 -5.034361
v -0.082554 1.276362 -5.038210
v -0.082083 1.268498 -5.040581
v -0.081923 1.260320 -5.041381
v -0.082083 1.252141 -5.040581
v -0.082554 1.244277 -5.038210
v -0.083320 1.237030 -5.034361
v -0.084350 1.230677 -5.029180
v -0.085606 1.225464 -5.022868
v -0.087038 1.221590 -5.015666
v -0.088593 1.219205 -5.007852
v -0.087038 1.301435 -5.007380
v -0.083989 1.299049 -5.014741
v -0.081179 1.295175 -5.021525
v -0.078716 1.289962 -5.027472
v -0.076695 1.283609 -5.032351
v -0.075193 1.276362 -5.035977
v -0.074268 1.268498 -5.038210
v -0.073956 1.260320 -5.038964
v -0.074268 1.252141 -5.038210
v -0.075193 1.244277 -5.035977
v -0.076695 1.237030 -5.032351
v -0.078716 1.230677 -5.027472
v -0.081179 1.225464 -5.021525
v -0.083989 1.221590 -5.014741
v -0.087038 1.219205 -5.007380
v -0.085606 1.301435 -5.006615
v -0.081179 1.299049 -5.013239
v -0.077100 1.295175 -5.019344
v -0.073524 1.289962 -5.024696
v -0.070590 1.283609 -5.029088
v -0.068409 1.276362 -5.032351
v -0.067067 1.268498 -5.034361
v -0.066613 1.260320 -5.035039
v -0.067067 1.252141 -5.034361
v -0.068409 1.244277 -5.032351
v -0.070590 1.237030 -5.029088
v -0.073524 1.230677 -5.024696
v -0.077100 1.225464 -5.019344
v -0.081179 1.221590 -5.013239
v -0.085606 1.219205 -5.006615
v -0.084350 1.301435 -5.005584
v -0.078716 1.299049 -5.011218
v -0.073524 1.295175 -5.016410
v -0.068973 1.289962 -5.020961
v -0.065238 1.283609 -5.024696
v -0.062463 1.276362 -5.027472
v -0.060754 1.268498 -5.029180
v -0.060177 1.260320 -5.029757
v -0.060754 1.252141 -5.029180
v -0.062463 1.244277 -5.027472
v -0.065238 1.237030 -5.024696
v -0.068973 1.230677 -5.020961
v -0.073524 1.225464 -5.016410
v -0.078716 1.221590 -5.011218
v -0.084350 1.219205 -5.005584
v -0.083320 1.301435 -5.004329
v -0.076695 1.299049 -5.008755
v -0.070590 1.295175 -5.012835
v -0.065238 1.289962 -5.016410
v -0.060847 1.283609 -5.019344
v -0.057583 1.276362 -5.021525
v -0.055574 1.268498 -5.022868
v -0.054895 1.260320 -5.023321
v -0.055574 1.252141 -5.022868
v -0.057583 1.244277 -5.021525
v -0.060847 1.237030 -5.019344
v -0.065238 1.230677 -5.016410
v -0.070590 1.225464 -5.012835
v -0.076695 1.221590 -5.008755
v -0.083320 1.219205 -5.004329
v -0.082554 1.301435 -5.002896
v -0.075193 1.299049 -5.005945
v -0.068409 1.295175 -5.008755
v -0.062463 1.289962 -5.011218
v -0.057583 1.283609 -5.013239
v -0.053957 1.276362 -5.014741
v -0.051724 1.268498 -5.015666
v -0.050970 1.260320 -5.015979
v -0.051724 1.252141 -5.015666
v -0.053957 1.244277 -5.014741
v -0.057583 1.237030 -5.013239
v -0.062463 1.230677 -5.011218
v -0.068409 1.225464 -5.008755
v -0.075193 1.221590 -5.005945
v -0.082554 1.219205 -5.002896
v -0.082083 1.301435 -5.001342
v -0.074268 1.299049 -5.002896
v -0.067067 1.295175 -5.004329
v -0.060754 1.289962 -5.005584
v -0.055574 1.283609 -5.006615
v -0.051724 1.276362 -5.007380
v -0.049354 1.268498 -5.007852
v -0.048554 1.260320 -5.008011
v -0.049354 1.252141 -5.007852
v -0.051724 1.244277 -5.007380
v -0.055574 1.237030 -5.006615
v -0.060754 1.230677 -5.005584
v -0.067067 1.225464 -5.004329
v -0.074268 1.221590 -5.002896
v -0.082083 1.219205 -5.001342
v -0.081923 1.301435 -4.999725
v -0.073956 1.299049 -4.999725
v -0.066613 1.295175 -4.999725
v -0.060177 1.289962 -4.999725
v -0.054895 1.283609 -4.999725
v -0.050970 1.276362 -4.999725
v -0.048554 1.268498 -4.999725
v -0.047738 1.260320 -4.999725
v -0.048554 1.252141 -4.999725
v -0.050970 1.244277 -4.999725
v -0.054895 1.237030 -4.999725
v -0.060177 1.230677 -4.999725
v -0.066613 1.225464 -4.999725
v -0.073956 1.221590 -4.999725
v -0.081923 1.219205 -4.999725
v -0.082083 1.301435 -4.998109
v -0.074268 1.299049 -4.996554
v -0.067067 1.295175 -4.995122
v -0.060754 1.289962 -4.993866
v -0.055574 1.283609 -4.992836
v -0.051724 1.276362 -4.992070
v -0.049354 1.268498 -4.991598
v -0.048554 1.260320 -4.991439
v -0.049354 1.252141 -4.991598
v -0.051724 1.244277 -4.992070
v -0.055574 1.237030 -4.992836
v -0.060754 1.230677 -4.993866
v -0.067067 1.225464 -4.995122
v -0.074268 1.221590 -4.996554
v -0.082083 1.219205 -4.998109
v -0.082554 1.301435 -4.996554
v -0.075193 1.299049 -4.993505
v -0.068409 1.295175 -4.990695
v -0.062463 1.289962 -4.988233
v -0.057583 1.283609 -4.986211
v -0.053957 1.276362 -4.984709
v -0.051724 1.268498 -4.983784
v -0.050970 1.260320 -4.983472
v -0.051724 1.252141 -4.983784
v -0.053957 1.244277 -4.984709
v -0.057583 1.237030 -4.986211
v -0.062463 1.230677 -4.988233
v -0.068409 1.225464 -4.990695
v -0.075193 1.221590 -4.993505
v -0.082554 1.219205 -4.996554
v -0.083320 1.301435 -4.995122
v -0.076695 1.299049 -4.990695
v -0.070590 1.295175 -4.986616
v -0.065238 1.289962 -4.983040
v -0.060847 1.283609 -4.980106
v -0.057583 1.276362 -4.977925
v -0.055574 1.268498 -4.976583
v -0.054895 1.260320 -4.976130
v -0.055574 1.252141 -4.976583
v -0.057583 1.244277 -4.977925
v -0.060847 1.237030 -4.980106
v -0.065238 1.230677 -4.983040
v -0.070590 1.225464 -4.986616
v -0.076695 1.221590 -4.990695
v -0.083320 1.219205 -4.995122
v -0.084350 1.301435 -4.993866
v -0.078716 1.299049 -4.988233
v -0.073524 1.295175 -4.983040
v -0.068973 1.289962 -4.978489
v -0.065239 1.283609 -4.974754
v -0.062463 1.276362 -4.971979
v -0.060754 1.268498 -4.970270
v -0.060177 1.260320 -4.969693
v -0.060754 1.252141 -4.970270
v -0.062463 1.244277 -4.971979
v -0.065239 1.237030 -4.974754
v -0.068973 1.230677 -4.978489
v -0.073524 1.225464 -4.983040
v -0.078716 1.221590 -4.988233
v -0.084350 1.219205 -4.993866
v -0.090209 1.218399 -4.999725
v -0.085606 1.301435 -4.992836
v -0.081179 1.299049 -4.986211
v -0.077100 1.295175 -4.980106
v -0.073524 1.289962 -4.974754
v -0.070590 1.283609 -4.970363
v -0.068409 1.276362 -4.967099
v -0.067067 1.268498 -4.965090
v -0.066613 1.260320 -4.964411
v -0.067067 1.252141 -4.965090
v -0.068409 1.244277 -4.967099
v -0.070590 1.237030 -4.970363
v -0.073524 1.230677 -4.974754
v -0.077100 1.225464 -4.980106
v -0.081179 1.221590 -4.986211
v -0.085606 1.219205 -4.992836
v -0.087038 1.301435 -4.992070
v -0.083989 1.299049 -4.984709
v -0.081179 1.295175 -4.977925
v -0.078716 1.289962 -4.971979
v -0.076695 1.283609 -4.967099
v -0.075193 1.276362 -4.963473
v -0.074268 1.268498 -4.961241
v -0.073956 1.260320 -4.960486
v -0.074268 1.252141 -4.961241
v -0.075193 1.244277 -4.963473
v -0.076695 1.237030 -4.967099
v -0.078716 1.230677 -4.971979
v -0.081179 1.225464 -4.977925
v -0.083989 1.221590 -4.984709
v -0.087038 1.219205 -4.992070
v -0.088593 1.301435 -4.991599
v -0.087038 1.299049 -4.983784
v -0.085606 1.295175 -4.976583
v -0.084350 1.289962 -4.970270
v -0.083320 1.283609 -4.965090
v -0.082554 1.276362 -4.961241
v -0.082083 1.268498 -4.958870
v -0.081923 1.260320 -4.958069
v -0.082083 1.252141 -4.958870
v -0.082554 1.244277 -4.961241
v -0.083320 1.237030 -4.965090
v -0.084350 1.230677 -4.970270
v -0.085606 1.225464 -4.976583
v -0.087038 1.221590 -4.983784
v -0.088593 1.219205 -4.991599
v -0.090209 1.301435 -4.991439
v -0.090209 1.299049 -4.983472
v -0.090209 1.295175 -4.976130
v -0.090209 1.289962 -4.969693
v -0.090209 1.283609 -4.964411
v -0.090209 1.276362 -4.960486
v -0.090209 1.268498 -4.958069
v -0.090209 1.260320 -4.957253
v -0.090209 1.252141 -4.958069
v -0.090209 1.244277 -4.960486
v -0.090209 1.237030 -4.964411
v -0.090209 1.230677 -4.969693
v -0.090209 1.225464 -4.976130
v -0.090209 1.221590 -4.983472
v -0.090209 1.219205 -4.991439
v -0.091826 1.301435 -4.991599
v -0.093380 1.299049 -4.983784
v -0.094813 1.295175 -4.976583
v -0.096068 1.289962 -4.970270
v -0.097099 1.283609 -4.965090
v -0.097864 1.276362 -4.961241
v -0.098336 1.268498 -4.958870
v -0.098495 1.260320 -4.958069
v -0.098336 1.252141 -4.958870
v -0.097864 1.244277 -4.961241
v -0.097099 1.237030 -4.965090
v -0.096068 1.230677 -4.970270
v -0.094813 1.225464 -4.976583
v -0.093380 1.221590 -4.983784
v -0.091826 1.219205 -4.991599
v -0.093380 1.301435 -4.992070
v -0.096429 1.299049 -4.984709
v -0.099239 1.295175 -4.977925
v -0.101702 1.289962 -4.971979
v -0.103723 1.283609 -4.967099
v -0.105225 1.276362 -4.963473
v -0.106150 1.268498 -4.961241
v -0.106463 1.260320 -4.960486
v -0.106150 1.252141 -4.961241
v -0.105225 1.244277 -4.963473
v -0.103723 1.237030 -4.967099
v -0.101702 1.230677 -4.971979
v -0.099239 1.225464 -4.977925
v -0.096429 1.221590 -4.984709
v -0.093380 1.219205 -4.992070
v -0.094813 1.301435 -4.992836
v -0.099239 1.299049 -4.986211
v -0.103319 1.295175 -4.980106
v -0.106894 1.289962 -4.974754
v -0.109829 1.283609 -4.970363
v -0.112009 1.276362 -4.967099
v -0.113352 1.268498 -4.965090
v -0.113805 1.260320 -4.964411
v -0.113352 1.252141 -4.965090
v -0.112009 1.244277 -4.967099
v -0.109829 1.237030 -4.970363
v -0.106894 1.230677 -4.974754
v -0.103319 1.225464 -4.980106
v -0.099239 1.221590 -4.986211
v -0.094813 1.219205 -4.992836
v -0.096068 1.301435 -4.993866
v -0.101702 1.299049 -4.988233
v -0.106894 1.295175 -4.983040
v -0.111445 1.289962 -4.978489
v -0.115180 1.283609 -4.974754
v -0.117955 1.276362 -4.971979
v -0.119664 1.268498 -4.970270
v -0.120241 1.260320 -4.969693
v -0.119664 1.252141 -4.970270
v -0.117955 1.244277 -4.971979
v -0.115180 1.237030 -4.974754
v -0.111445 1.230677 -4.978489
v -0.106894 1.225464 -4.983040
v -0.101702 1.221590 -4.988233
v -0.096068 1.219205 -4.993866
v -0.097099 1.301435 -4.995122
v -0.103723 1.299049 -4.990695
v -0.109829 1.295175 -4.986616
v -0.115180 1.289962 -4.983040
v -0.119572 1.283609 -4.980106
v -0.122835 1.276362 -4.977925
v -0.124845 1.268498 -4.976583
v -0.125523 1.260320 -4.976130
v -0.124845 1.252141 -4.976583
v -0.122835 1.244277 -4.977925
v -0.119572 1.237030 -4.980106
v -0.115180 1.230677 -4.983040
v -0.109829 1.225464 -4.986616
v -0.103723 1.221590 -4.990695
v -0.097099 1.219205 -4.995122
v -0.097864 1.301435 -4.996554
v -0.105225 1.299049 -4.993505
v -0.112009 1.295175 -4.990695
v -0.117955 1.289962 -4.988233
v -0.122835 1.283609 -4.986211
v -0.126461 1.276362 -4.984709
v -0.128694 1.268498 -4.983784
v -0.129448 1.260320 -4.983472
v -0.128694 1.252141 -4.983784
v -0.126461 1.244277 -4.984709
v -0.122835 1.237030 -4.986211
v -0.117955 1.230677 -4.988233
v -0.112009 1.225464 -4.990695
v -0.105225 1.221590 -4.993505
v -0.097864 1.219205 -4.996554
v -0.098336 1.301435 -4.998109
v -0.106150 1.299049 -4.996554
v -0.113352 1.295175 -4.995122
v -0.119664 1.289962 -4.993866
v -0.124845 1.283609 -4.992836
v -0.128694 1.276362 -4.992070
v -0.131065 1.268498 -4.991599
v -0.131865 1.260320 -4.991439
v -0.131065 1.252141 -4.991599
v -0.128694 1.244277 -4.992070
v -0.124845 1.237030 -4.992836
v -0.119664 1.230677 -4.993866
v -0.113352 1.225464 -4.995122
v -0.106150 1.221590 -4.996554
v -0.098336 1.219205 -4.998109
v -0.098495 1.301435 -4.999725
v -0.106463 1.299049 -4.999725
v -0.120241 1.289962 -4.999725
v -0.129448 1.276362 -4.999725
v -0.129448 1.244277 -4.999725
v -0.120241 1.230677 -4.999725
v -0.113805 1.225464 -4.999725
v -0.106463 1.221590 -4.999725
v -0.098495 1.219205 -4.999725
v -0.113805 1.295175 -4.650939
v -0.125523 1.283609 -4.650939
v -0.131865 1.268498 -4.650939
v -0.132681 1.260320 -4.650939
v -0.131865 1.252141 -4.650939
v -0.125523 1.237030 -4.650939
v -0.098336 1.301435 -4.652555
v -0.106150 1.299049 -4.654109
v -0.113352 1.295175 -4.655542
v -0.119664 1.289962 -4.656798
v -0.124845 1.283609 -4.657828
v -0.128694 1.276362 -4.658594
v -0.131065 1.268498 -4.659065
v -0.131865 1.260320 -4.659225
v -0.131065 1.252141 -4.659065
v -0.128694 1.244277 -4.658594
v -0.124845 1.237030 -4.657828
v -0.119664 1.230677 -4.656798
v -0.113352 1.225464 -4.655542
v -0.106150 1.221590 -4.654109
v -0.098336 1.219205 -4.652555
v -0.097864 1.301435 -4.654109
v -0.105225 1.299049 -4.657158
v -0.112009 1.295175 -4.659968
v -0.117955 1.289962 -4.662431
v -0.122835 1.283609 -4.664453
v -0.126461 1.276362 -4.665955
v -0.128694 1.268498 -4.666880
v -0.129448 1.260320 -4.667192
v -0.128694 1.252141 -4.666880
v -0.126461 1.244277 -4.665955
v -0.122835 1.237030 -4.664453
v -0.117955 1.230677 -4.662431
v -0.112009 1.225464 -4.659968
v -0.105225 1.221590 -4.657158
v -0.097864 1.219205 -4.654109
v -0.097099 1.301435 -4.655542
v -0.103723 1.299049 -4.659968
v -0.109829 1.295175 -4.664048
v -0.115180 1.289962 -4.667624
v -0.119572 1.283609 -4.670558
v -0.122835 1.276362 -4.672739
v -0.124845 1.268498 -4.674081
v -0.125523 1.260320 -4.674535
v -0.124845 1.252141 -4.674081
v -0.122835 1.244277 -4.672739
v -0.119572 1.237030 -4.670558
v -0.115180 1.230677 -4.667624
v -0.109829 1.225464 -4.664048
v -0.103723 1.221590 -4.659968
v -0.097099 1.219205 -4.655542
v -0.096068 1.301435 -4.656798
v -0.101702 1.299049 -4.662431
v -0.106894 1.295175 -4.667624
v -0.111445 1.289962 -4.672174
v -0.115180 1.283609 -4.675910
v -0.117955 1.276362 -4.678685
v -0.119664 1.268498 -4.680394
v -0.120241 1.260320 -4.680971
v -0.119664 1.252141 -4.680394
v -0.117955 1.244277 -4.678685
v -0.115180 1.237030 -4.675910
v -0.111445 1.230677 -4.672174
v -0.106894 1.225464 -4.667624
v -0.101702 1.221590 -4.662431
v -0.096068 1.219205 -4.656798
v -0.094813 1.301435 -4.657828
v -0.099239 1.299049 -4.664453
v -0.103319 1.295175 -4.670558
v -0.106894 1.289962 -4.675910
v -0.109829 1.283609 -4.680301
v -0.112009 1.276362 -4.683565
v -0.113352 1.268498 -4.685574
v -0.113805 1.260320 -4.686253
v -0.113352 1.252141 -4.685574
v -0.112009 1.244277 -4.683565
v -0.109829 1.237030 -4.680301
v -0.106894 1.230677 -4.675910
v -0.103319 1.225464 -4.670558
v -0.099239 1.221590 -4.664453
v -0.094813 1.219205 -4.657828
v -0.090209 1.302240 -4.650939
v -0.093380 1.301435 -4.658594
v -0.096429 1.299049 -4.665955
v -0.099239 1.295175 -4.672739
v -0.101702 1.289962 -4.678685
v -0.103723 1.283609 -4.683565
v -0.105225 1.276362 -4.687191
v -0.106150 1.268498 -4.689424
v -0.106463 1.260320 -4.690177
v -0.106150 1.252141 -4.689424
v -0.105225 1.244277 -4.687191
v -0.103723 1.237030 -4.683565
v -0.101702 1.230677 -4.678685
v -0.099239 1.225464 -4.672739
v -0.096429 1.221590 -4.665955
v -0.093380 1.219205 -4.658594
v -0.091826 1.301435 -4.659065
v -0.093380 1.299049 -4.666880
v -0.094813 1.295175 -4.674081
v -0.096068 1.289962 -4.680394
v -0.097099 1.283609 -4.685574
v -0.097864 1.276362 -4.689424
v -0.098336 1.268498 -4.691794
v -0.098495 1.260320 -4.692595
v -0.098336 1.252141 -4.691794
v -0.097864 1.244277 -4.689424
v -0.097099 1.237030 -4.685574
v -0.096068 1.230677 -4.680394
v -0.094813 1.225464 -4.674081
v -0.093380 1.221590 -4.666880
v -0.091826 1.219205 -4.659065
v -0.090209 1.301435 -4.659225
v -0.090209 1.299049 -4.667192
v -0.090209 1.295175 -4.674535
v -0.090209 1.289962 -4.680971
v -0.090209 1.283609 -4.686253
v -0.090209 1.276362 -4.690177
v -0.090209 1.268498 -4.692595
v -0.090209 1.260320 -4.693410
v -0.090209 1.252141 -4.692595
v -0.090209 1.244277 -4.690177
v -0.090209 1.237030 -4.686253
v -0.090209 1.230677 -4.680971
v -0.090209 1.225464 -4.674535
v -0.090209 1.221590 -4.667192
v -0.090209 1.219205 -4.659225
v -0.088593 1.301435 -4.659065
v -0.087038 1.299049 -4.666880
v -0.085606 1.295175 -4.674081
v -0.084350 1.289962 -4.680394
v -0.083320 1.283609 -4.685574
v -0.082554 1.276362 -4.689424
v -0.082083 1.268498 -4.691794
v -0.081923 1.260320 -4.692595
v -0.082083 1.252141 -4.691794
v -0.082554 1.244277 -4.689424
v -0.083320 1.237030 -4.685574
v -0.084350 1.230677 -4.680394
v -0.085606 1.225464 -4.674081
v -0.087038 1.221590 -4.666880
v -0.088593 1.219205 -4.659065
v -0.087038 1.301435 -4.658594
v -0.083989 1.299049 -4.665955
v -0.081179 1.295175 -4.672739
v -0.078716 1.289962 -4.678685
v -0.076695 1.283609 -4.683565
v -0.075193 1.276362 -4.687191
v -0.074268 1.268498 -4.689424
v -0.073956 1.260320 -4.690177
v -0.074268 1.252141 -4.689424
v -0.075193 1.244277 -4.687191
v -0.076695 1.237030 -4.683565
v -0.078716 1.230677 -4.678685
v -0.081179 1.225464 -4.672739
v -0.083989 1.221590 -4.665955
v -0.087038 1.219205 -4.658594
v -0.085606 1.301435 -4.657828
v -0.081179 1.299049 -4.664453
v -0.077100 1.295175 -4.670558
v -0.073524 1.289962 -4.675910
v -0.070590 1.283609 -4.680301
v -0.068409 1.276362 -4.683565
v -0.067067 1.268498 -4.685574
v -0.066613 1.260320 -4.686253
v -0.067067 1.252141 -4.685574
v -0.068409 1.244277 -4.683565
v -0.070590 1.237030 -4.680301
v -0.073524 1.230677 -4.675910
v -0.077100 1.225464 -4.670558
v -0.081179 1.221590 -4.664453
v -0.085606 1.219205 -4.657828
v -0.084350 1.301435 -4.656798
v -0.078716 1.299049 -4.662431
v -0.073524 1.295175 -4.667624
v -0.068973 1.289962 -4.672174
v -0.065238 1.283609 -4.675910
v -0.062463 1.276362 -4.678685
v -0.060754 1.268498 -4.680394
v -0.060177 1.260320 -4.680971
v -0.060754 1.252141 -4.680394
v -0.062463 1.244277 -4.678685
v -0.065238 1.237030 -4.675910
v -0.068973 1.230677 -4.672174
v -0.073524 1.225464 -4.667624
v -0.078716 1.221590 -4.662431
v -0.084350 1.219205 -4.656798
v -0.083320 1.301435 -4.655542
v -0.076695 1.299049 -4.659968
v -0.070590 1.295175 -4.664048
v -0.065238 1.289962 -4.667624
v -0.060847 1.283609 -4.670558
v -0.057583 1.276362 -4.672739
v -0.055574 1.268498 -4.674081
v -0.054895 1.260320 -4.674535
v -0.055574 1.252141 -4.674081
v -0.057583 1.244277 -4.672739
v -0.060847 1.237030 -4.670558
v -0.065238 1.230677 -4.667624
v -0.070590 1.225464 -4.664048
v -0.076695 1.221590 -4.659968
v -0.083320 1.219205 -4.655542
v -0.082554 1.301435 -4.654109
v -0.075193 1.299049 -4.657158
v -0.068409 1.295175 -4.659968
v -0.062463 1.289962 -4.662431
v -0.057583 1.283609 -4.664453
v -0.053957 1.276362 -4.665955
v -0.051724 1.268498 -4.666880
v -0.050970 1.260320 -4.667192
v -0.051724 1.252141 -4.666880
v -0.053957 1.244277 -4.665955
v -0.057583 1.237030 -4.664453
v -0.062463 1.230677 -4.662431
v -0.068409 1.225464 -4.659968
v -0.075193 1.221590 -4.657158
v -0.082554 1.219205 -4.654109
v -0.082083 1.301435 -4.652555
v -0.074268 1.299049 -4.654109
v -0.067067 1.295175 -4.655542
v -0.060754 1.289962 -4.656798
v -0.055574 1.283609 -4.657828
v -0.051724 1.276362 -4.658594
v -0.049354 1.268498 -4.659065
v -0.048554 1.260320 -4.659225
v -0.049354 1.252141 -4.659065
v -0.051724 1.244277 -4.658594
v -0.055574 1.237030 -4.657828
v -0.060754 1.230677 -4.656798
v -0.067067 1.225464 -4.655542
v -0.074268 1.221590 -4.654109
v -0.082083 1.219205 -4.652555
v -0.081923 1.301435 -4.650939
v -0.073956 1.299049 -4.650939
v -0.066613 1.295175 -4.650939
v -0.060177 1.289962 -4.650939
v -0.054895 1.283609 -4.650939
v -0.050970 1.276362 -4.650939
v -0.048554 1.268498 -4.650939
v -0.047738 1.260320 -4.650939
v -0.048554 1.252141 -4.650939
v -0.050970 1.244277 -4.650939
v -0.054895 1.237030 -4.650939
v -0.060177 1.230677 -4.650939
v -0.066613 1.225464 -4.650939
v -0.073956 1.221590 -4.650939
v -0.081923 1.219205 -4.650939
v -0.082083 1.301435 -4.649322
v -0.074268 1.299049 -4.647768
v -0.067067 1.295175 -4.646335
v -0.060754 1.289962 -4.645080
v -0.055574 1.283609 -4.644049
v -0.051724 1.276362 -4.643284
v -0.049354 1.268498 -4.642812
v -0.048554 1.260320 -4.642653
v -0.049354 1.252141 -4.642812
v -0.051724 1.244277 -4.643284
v -0.055574 1.237030 -4.644049
v -0.060754 1.230677 -4.645080
v -0.067067 1.225464 -4.646335
v -0.074268 1.221590 -4.647768
v -0.082083 1.219205 -4.649322
v -0.082554 1.301435 -4.647768
v -0.075193 1.299049 -4.644719
v -0.068409 1.295175 -4.641909
v -0.062463 1.289962 -4.639446
v -0.057583 1.283609 -4.637424
v -0.053957 1.276362 -4.635922
v -0.051724 1.268498 -4.634998
v -0.050970 1.260320 -4.634686
v -0.051724 1.252141 -4.634998
v -0.053957 1.244277 -4.635922
v -0.057583 1.237030 -4.637424
v -0.062463 1.230677 -4.639446
v -0.068409 1.225464 -4.641909
v -0.075193 1.221590 -4.644719
v -0.082554 1.219205 -4.647768
v -0.083320 1.301435 -4.646335
v -0.076695 1.299049 -4.641909
v -0.070590 1.295175 -4.637829
v -0.065238 1.289962 -4.634254
v -0.060847 1.283609 -4.631320
v -0.057583 1.276362 -4.629139
v -0.055574 1.268498 -4.627796
v -0.054895 1.260320 -4.627343
v -0.055574 1.252141 -4.627796
v -0.057583 1.244277 -4.629139
v -0.060847 1.237030 -4.631320
v -0.065238 1.230677 -4.634254
v -0.070590 1.225464 -4.637829
v -0.076695 1.221590 -4.641909
v -0.083320 1.219205 -4.646335
v -0.084350 1.301435 -4.645080
v -0.078716 1.299049 -4.639446
v -0.073524 1.295175 -4.634254
v -0.068973 1.289962 -4.629703
v -0.065239 1.283609 -4.625968
v -0.062463 1.276362 -4.623193
v -0.060754 1.268498 -4.621484
v -0.060177 1.260320 -4.620906
v -0.060754 1.252141 -4.621484
v -0.062463 1.244277 -4.623193
v -0.065239 1.237030 -4.625968
v -0.068973 1.230677 -4.629703
v -0.073524 1.225464 -4.634254
v -0.078716 1.221590 -4.639446
v -0.084350 1.219205 -4.645080
v -0.090209 1.218399 -4.650939
v -0.085606 1.301435 -4.644049
v -0.081179 1.299049 -4.637424
v -0.077100 1.295175 -4.631320
v -0.073524 1.289962 -4.625968
v -0.070590 1.283609 -4.621576
v -0.068409 1.276362 -4.618313
v -0.067067 1.268498 -4.616303
v -0.066613 1.260320 -4.615625
v -0.067067 1.252141 -4.616303
v -0.068409 1.244277 -4.618313
v -0.070590 1.237030 -4.621576
v -0.073524 1.230677 -4.625968
v -0.077100 1.225464 -4.631320
v -0.081179 1.221590 -4.637424
v -0.085606 1.219205 -4.644049
v -0.087038 1.301435 -4.643284
v -0.083989 1.299049 -4.635922
v -0.081179 1.295175 -4.629139
v -0.078716 1.289962 -4.623193
v -0.076695 1.283609 -4.618313
v -0.075193 1.276362 -4.614687
v -0.074268 1.268498 -4.612454
v -0.073956 1.260320 -4.611700
v -0.074268 1.252141 -4.612454
v -0.075193 1.244277 -4.614687
v -0.076695 1.237030 -4.618313
v -0.078716 1.230677 -4.623193
v -0.081179 1.225464 -4.629139
v -0.083989 1.221590 -4.635922
v -0.087038 1.219205 -4.643284
v -0.088593 1.301435 -4.642812
v -0.087038 1.299049 -4.634998
v -0.085606 1.295175 -4.627796
v -0.084350 1.289962 -4.621484
v -0.083320 1.283609 -4.616303
v -0.082554 1.276362 -4.612454
v -0.082083 1.268498 -4.610084
v -0.081923 1.260320 -4.609283
v -0.082083 1.252141 -4.610084
v -0.082554 1.244277 -4.612454
v -0.083320 1.237030 -4.616303
v -0.084350 1.230677 -4.621484
v -0.085606 1.225464 -4.627796
v -0.087038 1.221590 -4.634998
v -0.088593 1.219205 -4.642812
v -0.090209 1.301435 -4.642653
v -0.090209 1.299049 -4.634686
v -0.090209 1.295175 -4.627343
v -0.090209 1.289962 -4.620906
v -0.090209 1.283609 -4.615625
v -0.090209 1.276362 -4.611700
v -0.090209 1.268498 -4.609283
v -0.090209 1.260320 -4.608467
v -0.090209 1.252141 -4.609283
v -0.090209 1.244277 -4.611700
v -0.090209 1.237030 -4.615625
v -0.090209 1.230677 -4.620906
v -0.090209 1.225464 -4.627343
v -0.090209 1.221590 -4.634686
v -0.090209 1.219205 -4.642653
v -0.091826 1.301435 -4.642812
v -0.093380 1.299049 -4.634998
v -0.094813 1.295175 -4.627796
v -0.096068 1.289962 -4.621484
v -0.097099 1.283609 -4.616303
v -0.097864 1.276362 -4.612454
v -0.098336 1.268498 -4.610084
v -0.098495 1.260320 -4.609283
v -0.098336 1.252141 -4.610084
v -0.097864 1.244277 -4.612454
v -0.097099 1.237030 -4.616303
v -0.096068 1.230677 -4.621484
v -0.094813 1.225464 -4.627796
v -0.093380 1.221590 -4.634998
v -0.091826 1.219205 -4.642812
v -0.093380 1.301435 -4.643284
v -0.096429 1.299049 -4.635922
v -0.099239 1.295175 -4.629139
v -0.101702 1.289962 -4.623193
v -0.103723 1.283609 -4.618313
v -0.105225 1.276362 -4.614687
v -0.106150 1.268498 -4.612454
v -0.106463 1.260320 -4.611700
v -0.106150 1.252141 -4.612454
v -0.105225 1.244277 -4.614687
v -0.103723 1.237030 -4.618313
v -0.101702 1.230677 -4.623193
v -0.099239 1.225464 -4.629139
v -0.096429 1.221590 -4.635922
v -0.093380 1.219205 -4.643284
v -0.094813 1.301435 -4.644049
v -0.099239 1.299049 -4.637424
v -0.103319 1.295175 -4.631320
v -0.106894 1.289962 -4.625968
v -0.109829 1.283609 -4.621576
v -0.112009 1.276362 -4.618313
v -0.113352 1.268498 -4.616303
v -0.113805 1.260320 -4.615625
v -0.113352 1.252141 -4.616303
v -0.112009 1.244277 -4.618313
v -0.109829 1.237030 -4.621576
v -0.106894 1.230677 -4.625968
v -0.103319 1.225464 -4.631320
v -0.099239 1.221590 -4.637424
v -0.094813 1.219205 -4.644049
v -0.096068 1.301435 -4.645080
v -0.101702 1.299049 -4.639446
v -0.106894 1.295175 -4.634254
v -0.111445 1.289962 -4.629703
v -0.115180 1.283609 -4.625968
v -0.117955 1.276362 -4.623193
v -0.119664 1.268498 -4.621484
v -0.120241 1.260320 -4.620907
v -0.119664 1.252141 -4.621484
v -0.117955 1.244277 -4.623193
v -0.115180 1.237030 -4.625968
v -0.111445 1.230677 -4.629703
v -0.106894 1.225464 -4.634254
v -0.101702 1.221590 -4.639446
v -0.096068 1.219205 -4.645080
v -0.097099 1.301435 -4.646335
v -0.103723 1.299049 -4.641909
v -0.109829 1.295175 -4.637829
v -0.115180 1.289962 -4.634254
v -0.119572 1.283609 -4.631320
v -0.122835 1.276362 -4.629139
v -0.124845 1.268498 -4.627796
v -0.125523 1.260320 -4.627343
v -0.124845 1.252141 -4.627796
v -0.122835 1.244277 -4.629139
v -0.119572 1.237030 -4.631320
v -0.115180 1.230677 -4.634254
v -0.109829 1.225464 -4.637829
v -0.103723 1.221590 -4.641909
v -0.097099 1.219205 -4.646335
v -0.097864 1.301435 -4.647768
v -0.105225 1.299049 -4.644719
v -0.112009 1.295175 -4.641909
v -0.117955 1.289962 -4.639446
v -0.122835 1.283609 -4.637424
v -0.126461 1.276362 -4.635922
v -0.128694 1.268498 -4.634998
v -0.129448 1.260320 -4.634686
v -0.128694 1.252141 -4.634998
v -0.126461 1.244277 -4.635922
v -0.122835 1.237030 -4.637424
v -0.117955 1.230677 -4.639446
v -0.112009 1.225464 -4.641909
v -0.105225 1.221590 -4.644719
v -0.097864 1.219205 -4.647768
v -0.098336 1.301435 -4.649322
v -0.106150 1.299049 -4.647768
v -0.113352 1.295175 -4.646335
v -0.119664 1.289962 -4.645080
v -0.124845 1.283609 -4.644049
v -0.128694 1.276362 -4.643284
v -0.131065 1.268498 -4.642812
v -0.131865 1.260320 -4.642653
v -0.131065 1.252141 -4.642812
v -0.128694 1.244277 -4.643284
v -0.124845 1.237030 -4.644049
v -0.119664 1.230677 -4.645080
v -0.113352 1.225464 -4.646335
v -0.106150 1.221590 -4.647768
v -0.098336 1.219205 -4.649322
v -0.098495 1.301435 -4.650939
v -0.106463 1.299049 -4.650939
v -0.120241 1.289962 -4.650939
v -0.129448 1.276362 -4.650939
v -0.129448 1.244277 -4.650939
v -0.120241 1.230677 -4.650939
v -0.113805 1.225464 -4.650939
v -0.106463 1.221590 -4.650939
v -0.098495 1.219205 -4.650939
v 0.083037 1.646440 -1.808058
v 0.071319 1.634874 -1.808058
v 0.064977 1.619763 -1.808058
v 0.064161 1.611584 -1.808058
v 0.064977 1.603406 -1.808058
v 0.071319 1.588295 -1.808058
v 0.098506 1.652699 -1.809674
v 0.090692 1.650314 -1.811229
v 0.083490 1.646440 -1.812661
v 0.077178 1.641227 -1.813917
v 0.071997 1.634874 -1.814947
v 0.068148 1.627627 -1.815713
v 0.065778 1.619763 -1.816185
v 0.064977 1.611584 -1.816344
v 0.065778 1.603406 -1.816185
v 0.068148 1.595542 -1.815713
v 0.071997 1.588295 -1.814947
v 0.077178 1.581942 -1.813917
v 0.083490 1.576729 -1.812661
v 0.090692 1.572855 -1.811229
v 0.098506 1.570469 -1.809674
v 0.098978 1.652699 -1.811229
v 0.091617 1.650314 -1.814278
v 0.084833 1.646440 -1.817088
v 0.078887 1.641227 -1.819551
v 0.074007 1.634874 -1.821572
v 0.070381 1.627627 -1.823074
v 0.068148 1.619763 -1.823999
v 0.067394 1.611584 -1.824311
v 0.068148 1.603406 -1.823999
v 0.070381 1.595542 -1.823074
v 0.074007 1.588295 -1.821572
v 0.078887 1.581942 -1.819551
v 0.084833 1.576729 -1.817088
v 0.091617 1.572855 -1.814278
v 0.098978 1.570469 -1.811229
v 0.099743 1.652699 -1.812661
v 0.093119 1.650314 -1.817088
v 0.087013 1.646440 -1.821167
v 0.081662 1.641227 -1.824743
v 0.077270 1.634874 -1.827677
v 0.074007 1.627627 -1.829858
v 0.071997 1.619763 -1.831201
v 0.071319 1.611584 -1.831654
v 0.071997 1.603406 -1.831201
v 0.074007 1.595542 -1.829858
v 0.077270 1.588295 -1.827677
v 0.081662 1.581942 -1.824743
v 0.087013 1.576729 -1.821167
v 0.093119 1.572855 -1.817088
v 0.099743 1.570469 -1.812661
v 0.100774 1.652699 -1.813917
v 0.095140 1.650314 -1.819551
v 0.089948 1.646440 -1.824743
v 0.085397 1.641227 -1.829294
v 0.081662 1.634874 -1.833029
v 0.078887 1.627627 -1.835804
v 0.077178 1.619763 -1.837513
v 0.076601 1.611584 -1.838090
v 0.077178 1.603406 -1.837513
v 0.078887 1.595542 -1.835804
v 0.081662 1.588295 -1.833029
v 0.085397 1.581942 -1.829294
v 0.089948 1.576729 -1.824743
v 0.095140 1.572855 -1.819551
v 0.100774 1.570469 -1.813917
v 0.102029 1.652699 -1.814947
v 0.097603 1.650314 -1.821572
v 0.093524 1.646440 -1.827677
v 0.089948 1.641227 -1.833029
v 0.087013 1.634874 -1.837420
v 0.084833 1.627627 -1.840684
v 0.083490 1.619763 -1.842693
v 0.083037 1.611584 -1.843372
v 0.083490 1.603406 -1.842693
v 0.084833 1.595542 -1.840684
v 0.087013 1.588295 -1.837420
v 0.089948 1.581942 -1.833029
v 0.093524 1.576729 -1.827677
v 0.097603 1.572855 -1.821572
v 0.102029 1.570469 -1.814947
v 0.106633 1.653505 -1.808058
v 0.103462 1.652699 -1.815713
v 0.100413 1.650314 -1.823074
v 0.097603 1.646440 -1.829858
v 0.095140 1.641227 -1.835804
v 0.093119 1.634874 -1.840684
v 0.091617 1.627627 -1.844310
v 0.090692 1.619763 -1.846543
v 0.090380 1.611584 -1.847297
v 0.090692 1.603406 -1.846543
v 0.091617 1.595542 -1.844310
v 0.093119 1.588295 -1.840684
v 0.095140 1.581942 -1.835804
v 0.097603 1.576729 -1.829858
v 0.100413 1.572855 -1.823074
v 0.103462 1.570469 -1.815713
v 0.105016 1.652699 -1.816185
v 0.103462 1.650314 -1.823999
v 0.102029 1.646440 -1.831200
v 0.100774 1.641227 -1.837513
v 0.099743 1.634874 -1.842693
v 0.098978 1.627627 -1.846543
v 0.098506 1.619763 -1.848913
v 0.098347 1.611584 -1.849713
v 0.098506 1.603406 -1.848913
v 0.098978 1.595542 -1.846543
v 0.099743 1.588295 -1.842693
v 0.100774 1.581942 -1.837513
v 0.102029 1.576729 -1.831200
v 0.103462 1.572855 -1.823999
v 0.105016 1.570469 -1.816185
v 0.106633 1.652699 -1.816344
v 0.106633 1.650314 -1.824311
v 0.106633 1.646440 -1.831654
v 0.106633 1.641227 -1.838090
v 0.106633 1.634874 -1.843372
v 0.106633 1.627627 -1.847297
v 0.106633 1.619763 -1.849713
v 0.106633 1.611584 -1.850530
v 0.106633 1.603406 -1.849713
v 0.106633 1.595542 -1.847297
v 0.106633 1.588295 -1.843372
v 0.106633 1.581942 -1.838090
v 0.106633 1.576729 -1.831654
v 0.106633 1.572855 -1.824311
v 0.106633 1.570469 -1.816344
v 0.108249 1.652699 -1.816185
v 0.109804 1.650314 -1.823999
v 0.111236 1.646440 -1.831200
v 0.112492 1.641227 -1.837513
v 0.113522 1.634874 -1.842693
v 0.114288 1.627627 -1.846543
v 0.114759 1.619763 -1.848913
v 0.114919 1.611584 -1.849713
v 0.114759 1.603406 -1.848913
v 0.114288 1.595542 -1.846543
v 0.113522 1.588295 -1.842693
v 0.112492 1.581942 -1.837513
v 0.111236 1.576729 -1.831200
v 0.109804 1.572855 -1.823999
v 0.108249 1.570469 -1.816185
v 0.109804 1.652699 -1.815713
v 0.112853 1.650314 -1.823074
v 0.115663 1.646440 -1.829858
v 0.118126 1.641227 -1.835804
v 0.120147 1.634874 -1.840684
v 0.121649 1.627627 -1.844310
v 0.122574 1.619763 -1.846543
v 0.122886 1.611584 -1.847297
v 0.122574 1.603406 -1.846543
v 0.121649 1.595542 -1.844310
v 0.120147 1.588295 -1.840684
v 0.118126 1.581942 -1.835804
v 0.115663 1.576729 -1.829858
v 0.112853 1.572855 -1.823074
v 0.109804 1.570469 -1.815713
v 0.111236 1.652699 -1.814947
v 0.115663 1.650314 -1.821572
v 0.119742 1.646440 -1.827677
v 0.123318 1.641227 -1.833029
v 0.126252 1.634874 -1.837420
v 0.128433 1.627627 -1.840684
v 0.129776 1.619763 -1.842693
v 0.130229 1.611584 -1.843372
v 0.129776 1.603406 -1.842693
v 0.128433 1.595542 -1.840684
v 0.126252 1.588295 -1.837420
v 0.123318 1.581942 -1.833029
v 0.119742 1.576729 -1.827677
v 0.115663 1.572855 -1.821572
v 0.111236 1.570469 -1.814947
v 0.112492 1.652699 -1.813917
v 0.118126 1.650314 -1.819551
v 0.123318 1.646440 -1.824743
v 0.127869 1.641227 -1.829294
v 0.131604 1.634874 -1.833029
v 0.134379 1.627627 -1.835804
v 0.136088 1.619763 -1.837513
v 0.136665 1.611584 -1.838090
v 0.136088 1.603406 -1.837513
v 0.134379 1.595542 -1.835804
v 0.131604 1.588295 -1.833029
v 0.127869 1.581942 -1.829294
v 0.123318 1.576729 -1.824743
v 0.118126 1.572855 -1.819551
v 0.112492 1.570469 -1.813917
v 0.113522 1.652699 -1.812661
v 0.120147 1.650314 -1.817088
v 0.126252 1.646440 -1.821167
v 0.131604 1.641227 -1.824743
v 0.135995 1.634874 -1.827677
v 0.139259 1.627627 -1.829858
v 0.141268 1.619763 -1.831200
v 0.141947 1.611584 -1.831654
v 0.141268 1.603406 -1.831200
v 0.139259 1.595542 -1.829858
v 0.135995 1.588295 -1.827677
v 0.131604 1.581942 -1.824743
v 0.126252 1.576729 -1.821167
v 0.120147 1.572855 -1.817088
v 0.113522 1.570469 -1.812661
v 0.114288 1.652699 -1.811229
v 0.121649 1.650314 -1.814278
v 0.128433 1.646440 -1.817088
v 0.134379 1.641227 -1.819551
v 0.139259 1.634874 -1.821572
v 0.142885 1.627627 -1.823074
v 0.145118 1.619763 -1.823999
v 0.145872 1.611584 -1.824311
v 0.145118 1.603406 -1.823999
v 0.142885 1.595542 -1.823074
v 0.139259 1.588295 -1.821572
v 0.134379 1.581942 -1.819551
v 0.128433 1.576729 -1.817088
v 0.121649 1.572855 -1.814278
v 0.114288 1.570469 -1.811229
v 0.114759 1.652699 -1.809674
v 0.122574 1.650314 -1.811229
v 0.129776 1.646440 -1.812661
v 0.136088 1.641227 -1.813917
v 0.141268 1.634874 -1.814947
v 0.145118 1.627627 -1.815713
v 0.147488 1.619763 -1.816185
v 0.148289 1.611584 -1.816344
v 0.147488 1.603406 -1.816185
v 0.145118 1.595542 -1.815713
v 0.141268 1.588295 -1.814947
v 0.136088 1.581942 -1.813917
v 0.129776 1.576729 -1.812661
v 0.122574 1.572855 -1.811229
v 0.114759 1.570469 -1.809674
v 0.114919 1.652699 -1.808058
v 0.122886 1.650314 -1.808058
v 0.130229 1.646440 -1.808058
v 0.136665 1.641227 -1.808058
v 0.141947 1.634874 -1.808058
v 0.145872 1.627627 -1.808058
v 0.148289 1.619763 -1.808058
v 0.149105 1.611584 -1.808058
v 0.148289 1.603406 -1.808058
v 0.145872 1.595542 -1.808058
v 0.141947 1.588295 -1.808058
v 0.136665 1.581942 -1.808058
v 0.130229 1.576729 -1.808058
v 0.122886 1.572855 -1.808058
v 0.114919 1.570469 -1.808058
v 0.114759 1.652699 -1.806441
v 0.122574 1.650314 -1.804887
v 0.129776 1.646440 -1.803455
v 0.136088 1.641227 -1.802199
v 0.141268 1.634874 -1.801169
v 0.145118 1.627627 -1.800403
v 0.147488 1.619763 -1.799931
v 0.148289 1.611584 -1.799772
v 0.147488 1.603406 -1.799931
v 0.145118 1.595542 -1.800403
v 0.141268 1.588295 -1.801169
v 0.136088 1.581942 -1.802199
v 0.129776 1.576729 -1.803455
v 0.122574 1.572855 -1.804887
v 0.114759 1.570469 -1.806441
v 0.114288 1.652699 -1.804887
v 0.121649 1.650314 -1.801838
v 0.128433 1.646440 -1.799028
v 0.134379 1.641227 -1.796565
v 0.139259 1.634874 -1.794544
v 0.142885 1.627627 -1.793042
v 0.145118 1.619763 -1.792117
v 0.145872 1.611584 -1.791805
v 0.145118 1.603406 -1.792117
v 0.142885 1.595542 -1.793042
v 0.139259 1.588295 -1.794544
v 0.134379 1.581942 -1.796565
v 0.128433 1.576729 -1.799028
v 0.121649 1.572855 -1.801838
v 0.114288 1.570469 -1.804887
v 0.113522 1.652699 -1.803455
v 0.120147 1.650314 -1.799028
v 0.126252 1.646440 -1.794949
v 0.131604 1.641227 -1.791373
v 0.135995 1.634874 -1.788438
v 0.139259 1.627627 -1.786258
v 0.141268 1.619763 -1.784915
v 0.141947 1.611584 -1.784462
v 0.141268 1.603406 -1.784915
v 0.139259 1.595542 -1.786258
v 0.135995 1.588295 -1.788438
v 0.131604 1.581942 -1.791373
v 0.126252 1.576729 -1.794949
v 0.120147 1.572855 -1.799028
v 0.113522 1.570469 -1.803455
v 0.112492 1.652699 -1.802199
v 0.118126 1.650314 -1.796565
v 0.123318 1.646440 -1.791373
v 0.127869 1.641227 -1.786822
v 0.131604 1.634874 -1.783087
v 0.134379 1.627627 -1.780312
v 0.136088 1.619763 -1.778603
v 0.136665 1.611584 -1.778026
v 0.136088 1.603406 -1.778603
v 0.134379 1.595542 -1.780312
v 0.131604 1.588295 -1.783087
v 0.127869 1.581942 -1.786822
v 0.123318 1.576729 -1.791373
v 0.118126 1.572855 -1.796565
v 0.112492 1.570469 -1.802199
v 0.106633 1.569664 -1.808058
v 0.111236 1.652699 -1.801169
v 0.115663 1.650314 -1.794544
v 0.119742 1.646440 -1.788438
v 0.123318 1.641227 -1.783087
v 0.126252 1.634874 -1.778695
v 0.128433 1.627627 -1.775432
v 0.129776 1.619763 -1.773422
v 0.130229 1.611584 -1.772744
v 0.129776 1.603406 -1.773422
v 0.128433 1.595542 -1.775432
v 0.126252 1.588295 -1.778695
v 0.123318 1.581942 -1.783087
v 0.119742 1.576729 -1.788438
v 0.115663 1.572855 -1.794544
v 0.111236 1.570469 -1.801169
v 0.109804 1.652699 -1.800403
v 0.112853 1.650314 -1.793042
v 0.115663 1.646440 -1.786258
v 0.118126 1.641227 -1.780312
v 0.120147 1.634874 -1.775432
v 0.121649 1.627627 -1.771806
v 0.122574 1.619763 -1.769573
v 0.122886 1.611584 -1.768819
v 0.122574 1.603406 -1.769573
v 0.121649 1.595542 -1.771806
v 0.120147 1.588295 -1.775432
v 0.118126 1.581942 -1.780312
v 0.115663 1.576729 -1.786258
v 0.112853 1.572855 -1.793042
v 0.109804 1.570469 -1.800403
v 0.108249 1.652699 -1.799931
v 0.109804 1.650314 -1.792117
v 0.111236 1.646440 -1.784915
v 0.112492 1.641227 -1.778603
v 0.113522 1.634874 -1.773422
v 0.114288 1.627627 -1.769573
v 0.114759 1.619763 -1.767202
v 0.114919 1.611584 -1.766402
v 0.114759 1.603406 -1.767202
v 0.114288 1.595542 -1.769573
v 0.113522 1.588295 -1.773422
v 0.112492 1.581942 -1.778603
v 0.111236 1.576729 -1.784915
v 0.109804 1.572855 -1.792117
v 0.108249 1.570469 -1.799931
v 0.106633 1.652699 -1.799772
v 0.106633 1.650314 -1.791805
v 0.106633 1.646440 -1.784462
v 0.106633 1.641227 -1.778026
v 0.106633 1.634874 -1.772744
v 0.106633 1.627627 -1.768819
v 0.106633 1.619763 -1.766402
v 0.106633 1.611584 -1.765586
v 0.106633 1.603406 -1.766402
v 0.106633 1.595542 -1.768819
v 0.106633 1.588295 -1.772744
v 0.106633 1.581942 -1.778026
v 0.106633 1.576729 -1.784462
v 0.106633 1.572855 -1.791805
v 0.106633 1.570469 -1.799772
v 0.105016 1.652699 -1.799931
v 0.103462 1.650314 -1.792117
v 0.102029 1.646440 -1.784915
v 0.100774 1.641227 -1.778603
v 0.099743 1.634874 -1.773422
v 0.098978 1.627627 -1.769573
v 0.098506 1.619763 -1.767202
v 0.098347 1.611584 -1.766402
v 0.098506 1.603406 -1.767202
v 0.098978 1.595542 -1.769573
v 0.099743 1.588295 -1.773422
v 0.100774 1.581942 -1.778603
v 0.102029 1.576729 -1.784915
v 0.103462 1.572855 -1.792117
v 0.105016 1.570469 -1.799931
v 0.103462 1.652699 -1.800403
v 0.100413 1.650314 -1.793042
v 0.097603 1.646440 -1.786258
v 0.095140 1.641227 -1.780312
v 0.093119 1.634874 -1.775432
v 0.091617 1.627627 -1.771806
v 0.090692 1.619763 -1.769573
v 0.090380 1.611584 -1.768819
v 0.090692 1.603406 -1.769573
v 0.091617 1.595542 -1.771806
v 0.093119 1.588295 -1.775432
v 0.095140 1.581942 -1.780312
v 0.097603 1.576729 -1.786258
v 0.100413 1.572855 -1.793042
v 0.103462 1.570469 -1.800403
v 0.102029 1.652699 -1.801169
v 0.097603 1.650314 -1.794544
v 0.093524 1.646440 -1.788438
v 0.089948 1.641227 -1.783087
v 0.087013 1.634874 -1.778695
v 0.084833 1.627627 -1.775432
v 0.083490 1.619763 -1.773422
v 0.083037 1.611584 -1.772744
v 0.083490 1.603406 -1.773422
v 0.084833 1.595542 -1.775432
v 0.087013 1.588295 -1.778695
v 0.089948 1.581942 -1.783087
v 0.093524 1.576729 -1.788438
v 0.097603 1.572855 -1.794544
v 0.102029 1.570469 -1.801169
v 0.100774 1.652699 -1.802199
v 0.095140 1.650314 -1.796565
v 0.089948 1.646440 -1.791373
v 0.085397 1.641227 -1.786822
v 0.081662 1.634874 -1.783087
v 0.078887 1.627627 -1.780312
v 0.077178 1.619763 -1.778603
v 0.076601 1.611584 -1.778026
v 0.077178 1.603406 -1.778603
v 0.078887 1.595542 -1.780312
v 0.081662 1.588295 -1.783087
v 0.085397 1.581942 -1.786822
v 0.089948 1.576729 -1.791373
v 0.095140 1.572855 -1.796565
v 0.100774 1.570469 -1.802199
v 0.099743 1.652699 -1.803455
v 0.093119 1.650314 -1.799028
v 0.087013 1.646440 -1.794949
v 0.081662 1.641227 -1.791373
v 0.077270 1.634874 -1.788438
v 0.074007 1.627627 -1.786258
v 0.071997 1.619763 -1.784915
v 0.071319 1.611584 -1.784462
v 0.071997 1.603406 -1.784915
v 0.074007 1.595542 -1.786258
v 0.077270 1.588295 -1.788438
v 0.081662 1.581942 -1.791373
v 0.087013 1.576729 -1.794949
v 0.093119 1.572855 -1.799028
v 0.099743 1.570469 -1.803455
v 0.098978 1.652699 -1.804887
v 0.091617 1.650314 -1.801838
v 0.084833 1.646440 -1.799028
v 0.078887 1.641227 -1.796565
v 0.074007 1.634874 -1.794544
v 0.070381 1.627627 -1.793042
v 0.068148 1.619763 -1.792117
v 0.067394 1.611584 -1.791805
v 0.068148 1.603406 -1.792117
v 0.070381 1.595542 -1.793042
v 0.074007 1.588295 -1.794544
v 0.078887 1.581942 -1.796565
v 0.084833 1.576729 -1.799028
v 0.091617 1.572855 -1.801838
v 0.098978 1.570469 -1.804887
v 0.098506 1.652699 -1.806441
v 0.090692 1.650314 -1.804887
v 0.083490 1.646440 -1.803455
v 0.077178 1.641227 -1.802199
v 0.071997 1.634874 -1.801169
v 0.068148 1.627627 -1.800403
v 0.065778 1.619763 -1.799931
v 0.064977 1.611584 -1.799772
v 0.065778 1.603406 -1.799931
v 0.068148 1.595542 -1.800403
v 0.071997 1.588295 -1.801169
v 0.077178 1.581942 -1.802199
v 0.083490 1.576729 -1.803455
v 0.090692 1.572855 -1.804887
v 0.098506 1.570469 -1.806441
v 0.098347 1.652699 -1.808058
v 0.090380 1.650314 -1.808058
v 0.076601 1.641227 -1.808058
v 0.067394 1.627627 -1.808058
v 0.067394 1.595542 -1.808058
v 0.076601 1.581942 -1.808058
v 0.083037 1.576729 -1.808058
v 0.090380 1.572855 -1.808058
v 0.098347 1.570469 -1.808058
v 0.398186 0.989874 1.696813
v 0.398186 2.237087 1.696813
v 0.056535 1.035311 1.696813
v 0.049216 2.183451 1.696813
v 0.398186 0.989874 -1.700930
v 0.398186 2.237087 -1.700930
v 0.056535 1.035311 -1.700930
v 0.049216 2.183451 -1.700930
v 0.398186 1.613480 1.696813
v 0.114515 1.613480 1.696813
v 0.119841 1.613480 -1.700930
v 0.398186 1.613480 -1.700930
v 0.398186 1.925283 1.696813
v -0.088798 1.837072 1.696813
v -0.088798 1.837073 -1.700930
v 0.398186 1.925283 -1.700930
v -0.088798 1.382865 1.696813
v -0.088798 1.382864 -1.700930
v 0.398186 1.301677 -1.700930
v 0.398186 1.301677 1.696813
v 0.398186 2.081185 1.696813
v -0.088798 2.081185 1.696813
v -0.088798 2.081185 -1.700930
v 0.398186 2.081185 -1.700930
v -0.088798 1.145776 1.696813
v -0.088798 1.145776 -1.700930
v 0.398186 1.145776 -1.700930
v 0.398186 1.145776 1.696813
v 0.154694 0.989874 1.696813
v 0.154694 2.237087 1.696813
v 0.154694 0.989874 -1.700930
v 0.154694 2.237087 -1.700930
v 0.154694 1.613480 -1.700930
v 0.154694 1.613480 1.696813
v 0.154694 1.925283 -1.700930
v 0.154694 1.925283 1.696813
v 0.154694 1.301677 1.696813
v 0.154694 1.301677 -1.700930
v 0.154694 2.081185 -1.700930
v 0.154694 2.081185 1.696813
v 0.154694 1.145776 -1.700930
v 0.154694 1.145776 1.696813
v 0.114515 1.769382 1.696813
v 0.119841 1.769382 -1.700930
v 0.398186 1.769382 -1.700930
v 0.398186 1.769382 1.696813
v 0.154694 1.769382 1.696813
v 0.154694 1.769382 -1.700930
v 0.398186 1.457579 1.696813
v 0.114515 1.457579 1.696813
v 0.119841 1.457579 -1.700930
v 0.398186 1.457579 -1.700930
v 0.154694 1.457579 1.696813
v 0.154694 1.457579 -1.700930
v 0.056535 1.035311 -1.359602
v 0.049216 2.183451 -1.359602
v 0.398186 0.989874 -1.359602
v 0.398186 2.237087 -1.359602
v 0.398186 1.613480 -1.359602
v 0.119841 1.613480 -1.118041
v 0.398186 1.925283 -1.359602
v -0.088798 1.837073 -1.084165
v -0.088798 1.382865 -1.084165
v 0.398186 1.301677 -1.359602
v 0.398186 2.081185 -1.359602
v -0.088798 2.081185 -1.359602
v 0.398186 1.145776 -1.359602
v -0.088798 1.145776 -1.359602
v 0.154694 2.237087 -1.359602
v 0.154694 0.989874 -1.359602
v 0.119841 1.769382 -1.118041
v 0.398186 1.769382 -1.359602
v 0.119841 1.457579 -1.118041
v 0.398186 1.457579 -1.359602
v 0.056535 1.035311 1.391334
v 0.398186 2.237087 1.391334
v 0.398186 1.613480 1.391334
v 0.398186 1.925283 1.391334
v 0.398186 1.301677 1.391334
v 0.398186 2.081185 1.391334
v 0.398186 1.145776 1.391334
v 0.154694 0.989874 1.391334
v 0.398186 1.769382 1.391334
v 0.398186 1.457579 1.391334
v 0.049216 2.183451 1.391334
v 0.398186 0.989874 1.391334
v 0.114515 1.613480 1.391334
v -0.088798 1.837072 1.391334
v -0.088798 1.382865 1.391334
v -0.088798 2.081185 1.391334
v -0.088798 1.145776 1.391334
v 0.154694 2.237087 1.391334
v 0.114515 1.769382 1.391334
v 0.114515 1.457579 1.391334
v 0.049216 2.183451 -1.014799
v 0.398186 0.989874 -1.014799
v 0.114515 1.613480 -1.014799
v -0.088798 1.837072 -1.014799
v -0.088798 1.382864 -1.014799
v -0.088798 2.081185 -1.014799
v -0.088798 1.145776 -1.014799
v 0.154694 2.237087 -1.014799
v 0.114515 1.769382 -1.014799
v 0.114515 1.457579 -1.014799
v 0.056535 1.035311 -1.014799
v 0.398186 2.237087 -1.014799
v 0.398186 1.613480 -1.014799
v 0.398186 1.925283 -1.014799
v 0.398186 1.301677 -1.014799
v 0.398186 2.081185 -1.014799
v 0.398186 1.145776 -1.014799
v 0.154694 0.989874 -1.014799
v 0.398186 1.769382 -1.014799
v 0.398186 1.457579 -1.014799
v 0.083037 1.646440 1.594149
v 0.071319 1.634874 1.594149
v 0.064977 1.619763 1.594149
v 0.064161 1.611584 1.594149
v 0.064977 1.603406 1.594149
v 0.071319 1.588295 1.594149
v 0.098506 1.652699 1.592533
v 0.090692 1.650314 1.590979
v 0.083490 1.646440 1.589546
v 0.077178 1.641227 1.588291
v 0.071998 1.634874 1.587260
v 0.068148 1.627627 1.586495
v 0.065778 1.619763 1.586023
v 0.064977 1.611584 1.585864
v 0.065778 1.603406 1.586023
v 0.068148 1.595542 1.586495
v 0.071998 1.588295 1.587260
v 0.077178 1.581942 1.588291
v 0.083490 1.576729 1.589546
v 0.090692 1.572855 1.590979
v 0.098506 1.570469 1.592533
v 0.098978 1.652699 1.590979
v 0.091617 1.650314 1.587930
v 0.084833 1.646440 1.585119
v 0.078887 1.641227 1.582657
v 0.074007 1.634874 1.580636
v 0.070381 1.627627 1.579134
v 0.068148 1.619763 1.578208
v 0.067394 1.611584 1.577897
v 0.068148 1.603406 1.578208
v 0.070381 1.595542 1.579134
v 0.074007 1.588295 1.580636
v 0.078887 1.581942 1.582657
v 0.084833 1.576729 1.585119
v 0.091617 1.572855 1.587930
v 0.098978 1.570469 1.590979
v 0.099744 1.652699 1.589546
v 0.093119 1.650314 1.585119
v 0.087014 1.646440 1.581040
v 0.081662 1.641227 1.577465
v 0.077270 1.634874 1.574530
v 0.074007 1.627627 1.572350
v 0.071998 1.619763 1.571007
v 0.071319 1.611584 1.570553
v 0.071998 1.603406 1.571007
v 0.074007 1.595542 1.572350
v 0.077270 1.588295 1.574530
v 0.081662 1.581942 1.577465
v 0.087014 1.576729 1.581040
v 0.093119 1.572855 1.585119
v 0.099744 1.570469 1.589546
v 0.100774 1.652699 1.588291
v 0.095140 1.650314 1.582657
v 0.089948 1.646440 1.577465
v 0.085397 1.641227 1.572914
v 0.081662 1.634874 1.569179
v 0.078887 1.627627 1.566404
v 0.077178 1.619763 1.564695
v 0.076601 1.611584 1.564117
v 0.077178 1.603406 1.564695
v 0.078887 1.595542 1.566404
v 0.081662 1.588295 1.569179
v 0.085397 1.581942 1.572914
v 0.089948 1.576729 1.577465
v 0.095140 1.572855 1.582657
v 0.100774 1.570469 1.588291
v 0.102030 1.652699 1.587260
v 0.097603 1.650314 1.580636
v 0.093524 1.646440 1.574530
v 0.089948 1.641227 1.569179
v 0.087014 1.634874 1.564787
v 0.084833 1.627627 1.561524
v 0.083490 1.619763 1.559514
v 0.083037 1.611584 1.558836
v 0.083490 1.603406 1.559514
v 0.084833 1.595542 1.561524
v 0.087014 1.588295 1.564787
v 0.089948 1.581942 1.569179
v 0.093524 1.576729 1.574530
v 0.097603 1.572855 1.580636
v 0.102030 1.570469 1.587260
v 0.106633 1.653505 1.594149
v 0.103462 1.652699 1.586495
v 0.100413 1.650314 1.579134
v 0.097603 1.646440 1.572350
v 0.095140 1.641227 1.566404
v 0.093119 1.634874 1.561524
v 0.091617 1.627627 1.557897
v 0.090692 1.619763 1.555665
v 0.090380 1.611584 1.554911
v 0.090692 1.603406 1.555665
v 0.091617 1.595542 1.557897
v 0.093119 1.588295 1.561524
v 0.095140 1.581942 1.566404
v 0.097603 1.576729 1.572350
v 0.100413 1.572855 1.579134
v 0.103462 1.570469 1.586495
v 0.105016 1.652699 1.586023
v 0.103462 1.650314 1.578208
v 0.102030 1.646440 1.571007
v 0.100774 1.641227 1.564695
v 0.099744 1.634874 1.559514
v 0.098978 1.627627 1.555665
v 0.098506 1.619763 1.553294
v 0.098347 1.611584 1.552494
v 0.098506 1.603406 1.553294
v 0.098978 1.595542 1.555665
v 0.099744 1.588295 1.559514
v 0.100774 1.581942 1.564695
v 0.102030 1.576729 1.571007
v 0.103462 1.572855 1.578208
v 0.105016 1.570469 1.586023
v 0.106633 1.652699 1.585864
v 0.106633 1.650314 1.577897
v 0.106633 1.646440 1.570553
v 0.106633 1.641227 1.564117
v 0.106633 1.634874 1.558836
v 0.106633 1.627627 1.554911
v 0.106633 1.619763 1.552494
v 0.106633 1.611584 1.551678
v 0.106633 1.603406 1.552494
v 0.106633 1.595542 1.554911
v 0.106633 1.588295 1.558836
v 0.106633 1.581942 1.564117
v 0.106633 1.576729 1.570553
v 0.106633 1.572855 1.577897
v 0.106633 1.570469 1.585864
v 0.108249 1.652699 1.586023
v 0.109804 1.650314 1.578208
v 0.111236 1.646440 1.571007
v 0.112492 1.641227 1.564695
v 0.113522 1.634874 1.559514
v 0.114288 1.627627 1.555665
v 0.114760 1.619763 1.553294
v 0.114919 1.611584 1.552494
v 0.114760 1.603406 1.553294
v 0.114288 1.595542 1.555665
v 0.113522 1.588295 1.559514
v 0.112492 1.581942 1.564695
v 0.111236 1.576729 1.571007
v 0.109804 1.572855 1.578208
v 0.108249 1.570469 1.586023
v 0.109804 1.652699 1.586495
v 0.112853 1.650314 1.579134
v 0.115663 1.646440 1.572350
v 0.118126 1.641227 1.566404
v 0.120147 1.634874 1.561524
v 0.121649 1.627627 1.557897
v 0.122574 1.619763 1.555665
v 0.122886 1.611584 1.554911
v 0.122574 1.603406 1.555665
v 0.121649 1.595542 1.557897
v 0.120147 1.588295 1.561524
v 0.118126 1.581942 1.566404
v 0.115663 1.576729 1.572350
v 0.112853 1.572855 1.579134
v 0.109804 1.570469 1.586495
v 0.111236 1.652699 1.587260
v 0.115663 1.650314 1.580636
v 0.119742 1.646440 1.574530
v 0.123318 1.641227 1.569179
v 0.126252 1.634874 1.564787
v 0.128433 1.627627 1.561524
v 0.129776 1.619763 1.559514
v 0.130229 1.611584 1.558836
v 0.129776 1.603406 1.559514
v 0.128433 1.595542 1.561524
v 0.126252 1.588295 1.564787
v 0.123318 1.581942 1.569179
v 0.119742 1.576729 1.574530
v 0.115663 1.572855 1.580636
v 0.111236 1.570469 1.587260
v 0.112492 1.652699 1.588291
v 0.118126 1.650314 1.582657
v 0.123318 1.646440 1.577465
v 0.127869 1.641227 1.572914
v 0.131604 1.634874 1.569179
v 0.134379 1.627627 1.566404
v 0.136088 1.619763 1.564695
v 0.136665 1.611584 1.564117
v 0.136088 1.603406 1.564695
v 0.134379 1.595542 1.566404
v 0.131604 1.588295 1.569179
v 0.127869 1.581942 1.572914
v 0.123318 1.576729 1.577465
v 0.118126 1.572855 1.582657
v 0.112492 1.570469 1.588291
v 0.113522 1.652699 1.589546
v 0.120147 1.650314 1.585119
v 0.126252 1.646440 1.581040
v 0.131604 1.641227 1.577465
v 0.135995 1.634874 1.574530
v 0.139259 1.627627 1.572350
v 0.141268 1.619763 1.571007
v 0.141947 1.611584 1.570553
v 0.141268 1.603406 1.571007
v 0.139259 1.595542 1.572350
v 0.135995 1.588295 1.574530
v 0.131604 1.581942 1.577465
v 0.126252 1.576729 1.581040
v 0.120147 1.572855 1.585119
v 0.113522 1.570469 1.589546
v 0.114288 1.652699 1.590979
v 0.121649 1.650314 1.587930
v 0.128433 1.646440 1.585119
v 0.134379 1.641227 1.582657
v 0.139259 1.634874 1.580636
v 0.142885 1.627627 1.579134
v 0.145118 1.619763 1.578208
v 0.145872 1.611584 1.577897
v 0.145118 1.603406 1.578208
v 0.142885 1.595542 1.579134
v 0.139259 1.588295 1.580636
v 0.134379 1.581942 1.582657
v 0.128433 1.576729 1.585119
v 0.121649 1.572855 1.587930
v 0.114288 1.570469 1.590979
v 0.114760 1.652699 1.592533
v 0.122574 1.650314 1.590979
v 0.129776 1.646440 1.589546
v 0.136088 1.641227 1.588291
v 0.141268 1.634874 1.587260
v 0.145118 1.627627 1.586495
v 0.147488 1.619763 1.586023
v 0.148289 1.611584 1.585864
v 0.147488 1.603406 1.586023
v 0.145118 1.595542 1.586495
v 0.141268 1.588295 1.587260
v 0.136088 1.581942 1.588291
v 0.129776 1.576729 1.589546
v 0.122574 1.572855 1.590979
v 0.114760 1.570469 1.592533
v 0.114919 1.652699 1.594149
v 0.122886 1.650314 1.594149
v 0.130229 1.646440 1.594149
v 0.136665 1.641227 1.594149
v 0.141947 1.634874 1.594149
v 0.145872 1.627627 1.594149
v 0.148289 1.619763 1.594149
v 0.149105 1.611584 1.594149
v 0.148289 1.603406 1.594149
v 0.145872 1.595542 1.594149
v 0.141947 1.588295 1.594149
v 0.136665 1.581942 1.594149
v 0.130229 1.576729 1.594149
v 0.122886 1.572855 1.594149
v 0.114919 1.570469 1.594149
v 0.114760 1.652699 1.595766
v 0.122574 1.650314 1.597321
v 0.129776 1.646440 1.598753
v 0.136088 1.641227 1.600008
v 0.141268 1.634874 1.601039
v 0.145118 1.627627 1.601804
v 0.147488 1.619763 1.602276
v 0.148289 1.611584 1.602436
v 0.147488 1.603406 1.602276
v 0.145118 1.595542 1.601804
v 0.141268 1.588295 1.601039
v 0.136088 1.581942 1.600008
v 0.129776 1.576729 1.598753
v 0.122574 1.572855 1.597321
v 0.114760 1.570469 1.595766
v 0.114288 1.652699 1.597321
v 0.121649 1.650314 1.600369
v 0.128433 1.646440 1.603179
v 0.134379 1.641227 1.605642
v 0.139259 1.634874 1.607664
v 0.142885 1.627627 1.609166
v 0.145118 1.619763 1.610090
v 0.145872 1.611584 1.610403
v 0.145118 1.603406 1.610090
v 0.142885 1.595542 1.609166
v 0.139259 1.588295 1.607664
v 0.134379 1.581942 1.605642
v 0.128433 1.576729 1.603179
v 0.121649 1.572855 1.600369
v 0.114288 1.570469 1.597321
v 0.113522 1.652699 1.598753
v 0.120147 1.650314 1.603179
v 0.126252 1.646440 1.607259
v 0.131604 1.641227 1.610834
v 0.135995 1.634874 1.613769
v 0.139259 1.627627 1.615949
v 0.141268 1.619763 1.617292
v 0.141947 1.611584 1.617746
v 0.141268 1.603406 1.617292
v 0.139259 1.595542 1.615949
v 0.135995 1.588295 1.613769
v 0.131604 1.581942 1.610834
v 0.126252 1.576729 1.607259
v 0.120147 1.572855 1.603179
v 0.113522 1.570469 1.598753
v 0.112492 1.652699 1.600008
v 0.118126 1.650314 1.605642
v 0.123318 1.646440 1.610834
v 0.127869 1.641227 1.615386
v 0.131604 1.634874 1.619120
v 0.134379 1.627627 1.621896
v 0.136088 1.619763 1.623605
v 0.136665 1.611584 1.624182
v 0.136088 1.603406 1.623605
v 0.134379 1.595542 1.621896
v 0.131604 1.588295 1.619120
v 0.127869 1.581942 1.615386
v 0.123318 1.576729 1.610834
v 0.118126 1.572855 1.605642
v 0.112492 1.570469 1.600008
v 0.106633 1.569664 1.594149
v 0.111236 1.652699 1.601039
v 0.115663 1.650314 1.607664
v 0.119742 1.646440 1.613769
v 0.123318 1.641227 1.619120
v 0.126252 1.634874 1.623512
v 0.128433 1.627627 1.626775
v 0.129776 1.619763 1.628785
v 0.130229 1.611584 1.629464
v 0.129776 1.603406 1.628785
v 0.128433 1.595542 1.626775
v 0.126252 1.588295 1.623512
v 0.123318 1.581942 1.619120
v 0.119742 1.576729 1.613769
v 0.115663 1.572855 1.607664
v 0.111236 1.570469 1.601039
v 0.109804 1.652699 1.601804
v 0.112853 1.650314 1.609166
v 0.115663 1.646440 1.615949
v 0.118126 1.641227 1.621896
v 0.120147 1.634874 1.626775
v 0.121649 1.627627 1.630401
v 0.122574 1.619763 1.632634
v 0.122886 1.611584 1.633388
v 0.122574 1.603406 1.632634
v 0.121649 1.595542 1.630401
v 0.120147 1.588295 1.626775
v 0.118126 1.581942 1.621896
v 0.115663 1.576729 1.615949
v 0.112853 1.572855 1.609166
v 0.109804 1.570469 1.601804
v 0.108249 1.652699 1.602276
v 0.109804 1.650314 1.610090
v 0.111236 1.646440 1.617292
v 0.112492 1.641227 1.623605
v 0.113522 1.634874 1.628785
v 0.114288 1.627627 1.632634
v 0.114760 1.619763 1.635005
v 0.114919 1.611584 1.635805
v 0.114760 1.603406 1.635005
v 0.114288 1.595542 1.632634
v 0.113522 1.588295 1.628785
v 0.112492 1.581942 1.623605
v 0.111236 1.576729 1.617292
v 0.109804 1.572855 1.610090
v 0.108249 1.570469 1.602276
v 0.106633 1.652699 1.602436
v 0.106633 1.650314 1.610403
v 0.106633 1.646440 1.617746
v 0.106633 1.641227 1.624182
v 0.106633 1.634874 1.629464
v 0.106633 1.627627 1.633388
v 0.106633 1.619763 1.635805
v 0.106633 1.611584 1.636621
v 0.106633 1.603406 1.635805
v 0.106633 1.595542 1.633388
v 0.106633 1.588295 1.629464
v 0.106633 1.581942 1.624182
v 0.106633 1.576729 1.617746
v 0.106633 1.572855 1.610403
v 0.106633 1.570469 1.602436
v 0.105016 1.652699 1.602276
v 0.103462 1.650314 1.610090
v 0.102030 1.646440 1.617292
v 0.100774 1.641227 1.623605
v 0.099744 1.634874 1.628785
v 0.098978 1.627627 1.632634
v 0.098506 1.619763 1.635005
v 0.098347 1.611584 1.635805
v 0.098506 1.603406 1.635005
v 0.098978 1.595542 1.632634
v 0.099744 1.588295 1.628785
v 0.100774 1.581942 1.623605
v 0.102030 1.576729 1.617292
v 0.103462 1.572855 1.610090
v 0.105016 1.570469 1.602276
v 0.103462 1.652699 1.601804
v 0.100413 1.650314 1.609166
v 0.097603 1.646440 1.615949
v 0.095140 1.641227 1.621896
v 0.093119 1.634874 1.626775
v 0.091617 1.627627 1.630401
v 0.090692 1.619763 1.632634
v 0.090380 1.611584 1.633388
v 0.090692 1.603406 1.632634
v 0.091617 1.595542 1.630401
v 0.093119 1.588295 1.626775
v 0.095140 1.581942 1.621896
v 0.097603 1.576729 1.615949
v 0.100413 1.572855 1.609166
v 0.103462 1.570469 1.601804
v 0.102030 1.652699 1.601039
v 0.097603 1.650314 1.607664
v 0.093524 1.646440 1.613769
v 0.089948 1.641227 1.619120
v 0.087014 1.634874 1.623512
v 0.084833 1.627627 1.626775
v 0.083490 1.619763 1.628785
v 0.083037 1.611584 1.629464
v 0.083490 1.603406 1.628785
v 0.084833 1.595542 1.626775
v 0.087014 1.588295 1.623512
v 0.089948 1.581942 1.619120
v 0.093524 1.576729 1.613769
v 0.097603 1.572855 1.607664
v 0.102030 1.570469 1.601039
v 0.100774 1.652699 1.600008
v 0.095140 1.650314 1.605642
v 0.089948 1.646440 1.610834
v 0.085397 1.641227 1.615386
v 0.081662 1.634874 1.619120
v 0.078887 1.627627 1.621896
v 0.077178 1.619763 1.623605
v 0.076601 1.611584 1.624182
v 0.077178 1.603406 1.623605
v 0.078887 1.595542 1.621896
v 0.081662 1.588295 1.619120
v 0.085397 1.581942 1.615386
v 0.089948 1.576729 1.610834
v 0.095140 1.572855 1.605642
v 0.100774 1.570469 1.600008
v 0.099744 1.652699 1.598753
v 0.093119 1.650314 1.603179
v 0.087014 1.646440 1.607259
v 0.081662 1.641227 1.610834
v 0.077270 1.634874 1.613769
v 0.074007 1.627627 1.615949
v 0.071998 1.619763 1.617292
v 0.071319 1.611584 1.617746
v 0.071998 1.603406 1.617292
v 0.074007 1.595542 1.615949
v 0.077270 1.588295 1.613769
v 0.081662 1.581942 1.610834
v 0.087014 1.576729 1.607259
v 0.093119 1.572855 1.603179
v 0.099744 1.570469 1.598753
v 0.098978 1.652699 1.597321
v 0.091617 1.650314 1.600369
v 0.084833 1.646440 1.603179
v 0.078887 1.641227 1.605642
v 0.074007 1.634874 1.607664
v 0.070381 1.627627 1.609166
v 0.068148 1.619763 1.610090
v 0.067394 1.611584 1.610403
v 0.068148 1.603406 1.610090
v 0.070381 1.595542 1.609166
v 0.074007 1.588295 1.607664
v 0.078887 1.581942 1.605642
v 0.084833 1.576729 1.603179
v 0.091617 1.572855 1.600369
v 0.098978 1.570469 1.597321
v 0.098506 1.652699 1.595766
v 0.090692 1.650314 1.597321
v 0.083490 1.646440 1.598753
v 0.077178 1.641227 1.600008
v 0.071998 1.634874 1.601039
v 0.068148 1.627627 1.601804
v 0.065778 1.619763 1.602276
v 0.064977 1.611584 1.602436
v 0.065778 1.603406 1.602276
v 0.068148 1.595542 1.601804
v 0.071998 1.588295 1.601039
v 0.077178 1.581942 1.600008
v 0.083490 1.576729 1.598753
v 0.090692 1.572855 1.597321
v 0.098506 1.570469 1.595766
v 0.098347 1.652699 1.594149
v 0.090380 1.650314 1.594149
v 0.076601 1.641227 1.594149
v 0.067394 1.627627 1.594149
v 0.067394 1.595542 1.594149
v 0.076601 1.581942 1.594149
v 0.083037 1.576729 1.594149
v 0.090380 1.572855 1.594149
v 0.098347 1.570469 1.594149
v 0.083037 1.646440 -1.581437
v 0.071319 1.634874 -1.581437
v 0.064977 1.619763 -1.581437
v 0.064161 1.611584 -1.581437
v 0.064977 1.603406 -1.581437
v 0.071319 1.588295 -1.581437
v 0.098506 1.652699 -1.583054
v 0.090692 1.650314 -1.584608
v 0.083490 1.646440 -1.586041
v 0.077178 1.641227 -1.587296
v 0.071997 1.634874 -1.588327
v 0.068148 1.627627 -1.589093
v 0.065778 1.619763 -1.589564
v 0.064977 1.611584 -1.589723
v 0.065778 1.603406 -1.589564
v 0.068148 1.595542 -1.589093
v 0.071997 1.588295 -1.588327
v 0.077178 1.581942 -1.587296
v 0.083490 1.576729 -1.586041
v 0.090692 1.572855 -1.584608
v 0.098506 1.570469 -1.583054
v 0.098978 1.652699 -1.584608
v 0.091617 1.650314 -1.587657
v 0.084833 1.646440 -1.590467
v 0.078887 1.641227 -1.592930
v 0.074007 1.634874 -1.594951
v 0.070381 1.627627 -1.596453
v 0.068148 1.619763 -1.597378
v 0.067394 1.611584 -1.597691
v 0.068148 1.603406 -1.597378
v 0.070381 1.595542 -1.596453
v 0.074007 1.588295 -1.594951
v 0.078887 1.581942 -1.592930
v 0.084833 1.576729 -1.590467
v 0.091617 1.572855 -1.587657
v 0.098978 1.570469 -1.584608
v 0.099743 1.652699 -1.586041
v 0.093119 1.650314 -1.590467
v 0.087013 1.646440 -1.594547
v 0.081662 1.641227 -1.598122
v 0.077270 1.634874 -1.601057
v 0.074007 1.627627 -1.603237
v 0.071997 1.619763 -1.604580
v 0.071319 1.611584 -1.605033
v 0.071997 1.603406 -1.604580
v 0.074007 1.595542 -1.603237
v 0.077270 1.588295 -1.601057
v 0.081662 1.581942 -1.598122
v 0.087013 1.576729 -1.594547
v 0.093119 1.572855 -1.590467
v 0.099743 1.570469 -1.586041
v 0.100774 1.652699 -1.587296
v 0.095140 1.650314 -1.592930
v 0.089948 1.646440 -1.598122
v 0.085397 1.641227 -1.602673
v 0.081662 1.634874 -1.606408
v 0.078887 1.627627 -1.609183
v 0.077178 1.619763 -1.610892
v 0.076601 1.611584 -1.611470
v 0.077178 1.603406 -1.610892
v 0.078887 1.595542 -1.609183
v 0.081662 1.588295 -1.606408
v 0.085397 1.581942 -1.602673
v 0.089948 1.576729 -1.598122
v 0.095140 1.572855 -1.592930
v 0.100774 1.570469 -1.587296
v 0.102029 1.652699 -1.588327
v 0.097603 1.650314 -1.594951
v 0.093524 1.646440 -1.601057
v 0.089948 1.641227 -1.606408
v 0.087013 1.634874 -1.610800
v 0.084833 1.627627 -1.614063
v 0.083490 1.619763 -1.616073
v 0.083037 1.611584 -1.616751
v 0.083490 1.603406 -1.616073
v 0.084833 1.595542 -1.614063
v 0.087013 1.588295 -1.610800
v 0.089948 1.581942 -1.606408
v 0.093524 1.576729 -1.601057
v 0.097603 1.572855 -1.594951
v 0.102029 1.570469 -1.588327
v 0.106633 1.653505 -1.581437
v 0.103462 1.652699 -1.589093
v 0.100413 1.650314 -1.596453
v 0.097603 1.646440 -1.603237
v 0.095140 1.641227 -1.609183
v 0.093119 1.634874 -1.614063
v 0.091617 1.627627 -1.617689
v 0.090692 1.619763 -1.619922
v 0.090380 1.611584 -1.620676
v 0.090692 1.603406 -1.619922
v 0.091617 1.595542 -1.617689
v 0.093119 1.588295 -1.614063
v 0.095140 1.581942 -1.609183
v 0.097603 1.576729 -1.603237
v 0.100413 1.572855 -1.596453
v 0.103462 1.570469 -1.589093
v 0.105016 1.652699 -1.589564
v 0.103462 1.650314 -1.597378
v 0.102029 1.646440 -1.604580
v 0.100774 1.641227 -1.610892
v 0.099743 1.634874 -1.616073
v 0.098978 1.627627 -1.619922
v 0.098506 1.619763 -1.622293
v 0.098347 1.611584 -1.623093
v 0.098506 1.603406 -1.622293
v 0.098978 1.595542 -1.619922
v 0.099743 1.588295 -1.616073
v 0.100774 1.581942 -1.610892
v 0.102029 1.576729 -1.604580
v 0.103462 1.572855 -1.597378
v 0.105016 1.570469 -1.589564
v 0.106633 1.652699 -1.589723
v 0.106633 1.650314 -1.597691
v 0.106633 1.646440 -1.605033
v 0.106633 1.641227 -1.611470
v 0.106633 1.634874 -1.616751
v 0.106633 1.627627 -1.620676
v 0.106633 1.619763 -1.623093
v 0.106633 1.611584 -1.623909
v 0.106633 1.603406 -1.623093
v 0.106633 1.595542 -1.620676
v 0.106633 1.588295 -1.616751
v 0.106633 1.581942 -1.611470
v 0.106633 1.576729 -1.605033
v 0.106633 1.572855 -1.597691
v 0.106633 1.570469 -1.589723
v 0.108249 1.652699 -1.589564
v 0.109804 1.650314 -1.597378
v 0.111236 1.646440 -1.604580
v 0.112492 1.641227 -1.610892
v 0.113522 1.634874 -1.616073
v 0.114288 1.627627 -1.619922
v 0.114759 1.619763 -1.622293
v 0.114919 1.611584 -1.623093
v 0.114759 1.603406 -1.622293
v 0.114288 1.595542 -1.619922
v 0.113522 1.588295 -1.616073
v 0.112492 1.581942 -1.610892
v 0.111236 1.576729 -1.604580
v 0.109804 1.572855 -1.597378
v 0.108249 1.570469 -1.589564
v 0.109804 1.652699 -1.589093
v 0.112853 1.650314 -1.596453
v 0.115663 1.646440 -1.603237
v 0.118126 1.641227 -1.609183
v 0.120147 1.634874 -1.614063
v 0.121649 1.627627 -1.617689
v 0.122574 1.619763 -1.619922
v 0.122886 1.611584 -1.620676
v 0.122574 1.603406 -1.619922
v 0.121649 1.595542 -1.617689
v 0.120147 1.588295 -1.614063
v 0.118126 1.581942 -1.609183
v 0.115663 1.576729 -1.603237
v 0.112853 1.572855 -1.596453
v 0.109804 1.570469 -1.589093
v 0.111236 1.652699 -1.588327
v 0.115663 1.650314 -1.594951
v 0.119742 1.646440 -1.601057
v 0.123318 1.641227 -1.606408
v 0.126252 1.634874 -1.610800
v 0.128433 1.627627 -1.614063
v 0.129776 1.619763 -1.616073
v 0.130229 1.611584 -1.616751
v 0.129776 1.603406 -1.616073
v 0.128433 1.595542 -1.614063
v 0.126252 1.588295 -1.610800
v 0.123318 1.581942 -1.606408
v 0.119742 1.576729 -1.601057
v 0.115663 1.572855 -1.594951
v 0.111236 1.570469 -1.588327
v 0.112492 1.652699 -1.587296
v 0.118126 1.650314 -1.592930
v 0.123318 1.646440 -1.598122
v 0.127869 1.641227 -1.602673
v 0.131604 1.634874 -1.606408
v 0.134379 1.627627 -1.609183
v 0.136088 1.619763 -1.610892
v 0.136665 1.611584 -1.611470
v 0.136088 1.603406 -1.610892
v 0.134379 1.595542 -1.609183
v 0.131604 1.588295 -1.606408
v 0.127869 1.581942 -1.602673
v 0.123318 1.576729 -1.598122
v 0.118126 1.572855 -1.592930
v 0.112492 1.570469 -1.587296
v 0.113522 1.652699 -1.586041
v 0.120147 1.650314 -1.590467
v 0.126252 1.646440 -1.594547
v 0.131604 1.641227 -1.598122
v 0.135995 1.634874 -1.601057
v 0.139259 1.627627 -1.603237
v 0.141268 1.619763 -1.604580
v 0.141947 1.611584 -1.605033
v 0.141268 1.603406 -1.604580
v 0.139259 1.595542 -1.603237
v 0.135995 1.588295 -1.601057
v 0.131604 1.581942 -1.598122
v 0.126252 1.576729 -1.594547
v 0.120147 1.572855 -1.590467
v 0.113522 1.570469 -1.586041
v 0.114288 1.652699 -1.584608
v 0.121649 1.650314 -1.587657
v 0.128433 1.646440 -1.590467
v 0.134379 1.641227 -1.592930
v 0.139259 1.634874 -1.594951
v 0.142885 1.627627 -1.596453
v 0.145118 1.619763 -1.597378
v 0.145872 1.611584 -1.597691
v 0.145118 1.603406 -1.597378
v 0.142885 1.595542 -1.596453
v 0.139259 1.588295 -1.594951
v 0.134379 1.581942 -1.592930
v 0.128433 1.576729 -1.590467
v 0.121649 1.572855 -1.587657
v 0.114288 1.570469 -1.584608
v 0.114759 1.652699 -1.583054
v 0.122574 1.650314 -1.584608
v 0.129776 1.646440 -1.586041
v 0.136088 1.641227 -1.587296
v 0.141268 1.634874 -1.588327
v 0.145118 1.627627 -1.589093
v 0.147488 1.619763 -1.589564
v 0.148289 1.611584 -1.589723
v 0.147488 1.603406 -1.589564
v 0.145118 1.595542 -1.589093
v 0.141268 1.588295 -1.588327
v 0.136088 1.581942 -1.587296
v 0.129776 1.576729 -1.586041
v 0.122574 1.572855 -1.584608
v 0.114759 1.570469 -1.583054
v 0.114919 1.652699 -1.581437
v 0.122886 1.650314 -1.581437
v 0.130229 1.646440 -1.581437
v 0.136665 1.641227 -1.581437
v 0.141947 1.634874 -1.581437
v 0.145872 1.627627 -1.581437
v 0.148289 1.619763 -1.581437
v 0.149105 1.611584 -1.581437
v 0.148289 1.603406 -1.581437
v 0.145872 1.595542 -1.581437
v 0.141947 1.588295 -1.581437
v 0.136665 1.581942 -1.581437
v 0.130229 1.576729 -1.581437
v 0.122886 1.572855 -1.581437
v 0.114919 1.570469 -1.581437
v 0.114759 1.652699 -1.579821
v 0.122574 1.650314 -1.578267
v 0.129776 1.646440 -1.576834
v 0.136088 1.641227 -1.575578
v 0.141268 1.634874 -1.574548
v 0.145118 1.627627 -1.573782
v 0.147488 1.619763 -1.573311
v 0.148289 1.611584 -1.573152
v 0.147488 1.603406 -1.573311
v 0.145118 1.595542 -1.573782
v 0.141268 1.588295 -1.574548
v 0.136088 1.581942 -1.575578
v 0.129776 1.576729 -1.576834
v 0.122574 1.572855 -1.578267
v 0.114759 1.570469 -1.579821
v 0.114288 1.652699 -1.578267
v 0.121649 1.650314 -1.575217
v 0.128433 1.646440 -1.572407
v 0.134379 1.641227 -1.569945
v 0.139259 1.634874 -1.567923
v 0.142885 1.627627 -1.566421
v 0.145118 1.619763 -1.565496
v 0.145872 1.611584 -1.565184
v 0.145118 1.603406 -1.565496
v 0.142885 1.595542 -1.566421
v 0.139259 1.588295 -1.567923
v 0.134379 1.581942 -1.569945
v 0.128433 1.576729 -1.572407
v 0.121649 1.572855 -1.575217
v 0.114288 1.570469 -1.578267
v 0.113522 1.652699 -1.576834
v 0.120147 1.650314 -1.572407
v 0.126252 1.646440 -1.568328
v 0.131604 1.641227 -1.564752
v 0.135995 1.634874 -1.561818
v 0.139259 1.627627 -1.559638
v 0.141268 1.619763 -1.558295
v 0.141947 1.611584 -1.557841
v 0.141268 1.603406 -1.558295
v 0.139259 1.595542 -1.559638
v 0.135995 1.588295 -1.561818
v 0.131604 1.581942 -1.564752
v 0.126252 1.576729 -1.568328
v 0.120147 1.572855 -1.572407
v 0.113522 1.570469 -1.576834
v 0.112492 1.652699 -1.575578
v 0.118126 1.650314 -1.569945
v 0.123318 1.646440 -1.564752
v 0.127869 1.641227 -1.560201
v 0.131604 1.634874 -1.556467
v 0.134379 1.627627 -1.553692
v 0.136088 1.619763 -1.551982
v 0.136665 1.611584 -1.551405
v 0.136088 1.603406 -1.551982
v 0.134379 1.595542 -1.553692
v 0.131604 1.588295 -1.556467
v 0.127869 1.581942 -1.560201
v 0.123318 1.576729 -1.564752
v 0.118126 1.572855 -1.569945
v 0.112492 1.570469 -1.575578
v 0.106633 1.569664 -1.581437
v 0.111236 1.652699 -1.574548
v 0.115663 1.650314 -1.567923
v 0.119742 1.646440 -1.561818
v 0.123318 1.641227 -1.556467
v 0.126252 1.634874 -1.552075
v 0.128433 1.627627 -1.548811
v 0.129776 1.619763 -1.546802
v 0.130229 1.611584 -1.546124
v 0.129776 1.603406 -1.546802
v 0.128433 1.595542 -1.548811
v 0.126252 1.588295 -1.552075
v 0.123318 1.581942 -1.556467
v 0.119742 1.576729 -1.561818
v 0.115663 1.572855 -1.567923
v 0.111236 1.570469 -1.574548
v 0.109804 1.652699 -1.573782
v 0.112853 1.650314 -1.566421
v 0.115663 1.646440 -1.559638
v 0.118126 1.641227 -1.553692
v 0.120147 1.634874 -1.548811
v 0.121649 1.627627 -1.545185
v 0.122574 1.619763 -1.542953
v 0.122886 1.611584 -1.542198
v 0.122574 1.603406 -1.542953
v 0.121649 1.595542 -1.545185
v 0.120147 1.588295 -1.548811
v 0.118126 1.581942 -1.553692
v 0.115663 1.576729 -1.559638
v 0.112853 1.572855 -1.566421
v 0.109804 1.570469 -1.573782
v 0.108249 1.652699 -1.573311
v 0.109804 1.650314 -1.565496
v 0.111236 1.646440 -1.558295
v 0.112492 1.641227 -1.551982
v 0.113522 1.634874 -1.546802
v 0.114288 1.627627 -1.542953
v 0.114759 1.619763 -1.540582
v 0.114919 1.611584 -1.539782
v 0.114759 1.603406 -1.540582
v 0.114288 1.595542 -1.542953
v 0.113522 1.588295 -1.546802
v 0.112492 1.581942 -1.551982
v 0.111236 1.576729 -1.558295
v 0.109804 1.572855 -1.565496
v 0.108249 1.570469 -1.573311
v 0.106633 1.652699 -1.573152
v 0.106633 1.650314 -1.565184
v 0.106633 1.646440 -1.557841
v 0.106633 1.641227 -1.551405
v 0.106633 1.634874 -1.546124
v 0.106633 1.627627 -1.542198
v 0.106633 1.619763 -1.539782
v 0.106633 1.611584 -1.538965
v 0.106633 1.603406 -1.539782
v 0.106633 1.595542 -1.542198
v 0.106633 1.588295 -1.546124
v 0.106633 1.581942 -1.551405
v 0.106633 1.576729 -1.557841
v 0.106633 1.572855 -1.565184
v 0.106633 1.570469 -1.573152
v 0.105016 1.652699 -1.573311
v 0.103462 1.650314 -1.565496
v 0.102029 1.646440 -1.558295
v 0.100774 1.641227 -1.551982
v 0.099743 1.634874 -1.546802
v 0.098978 1.627627 -1.542953
v 0.098506 1.619763 -1.540582
v 0.098347 1.611584 -1.539782
v 0.098506 1.603406 -1.540582
v 0.098978 1.595542 -1.542953
v 0.099743 1.588295 -1.546802
v 0.100774 1.581942 -1.551982
v 0.102029 1.576729 -1.558295
v 0.103462 1.572855 -1.565496
v 0.105016 1.570469 -1.573311
v 0.103462 1.652699 -1.573782
v 0.100413 1.650314 -1.566421
v 0.097603 1.646440 -1.559638
v 0.095140 1.641227 -1.553692
v 0.093119 1.634874 -1.548811
v 0.091617 1.627627 -1.545185
v 0.090692 1.619763 -1.542953
v 0.090380 1.611584 -1.542199
v 0.090692 1.603406 -1.542953
v 0.091617 1.595542 -1.545185
v 0.093119 1.588295 -1.548811
v 0.095140 1.581942 -1.553692
v 0.097603 1.576729 -1.559638
v 0.100413 1.572855 -1.566421
v 0.103462 1.570469 -1.573782
v 0.102029 1.652699 -1.574548
v 0.097603 1.650314 -1.567923
v 0.093524 1.646440 -1.561818
v 0.089948 1.641227 -1.556467
v 0.087013 1.634874 -1.552075
v 0.084833 1.627627 -1.548811
v 0.083490 1.619763 -1.546802
v 0.083037 1.611584 -1.546124
v 0.083490 1.603406 -1.546802
v 0.084833 1.595542 -1.548811
v 0.087013 1.588295 -1.552075
v 0.089948 1.581942 -1.556467
v 0.093524 1.576729 -1.561818
v 0.097603 1.572855 -1.567923
v 0.102029 1.570469 -1.574548
v 0.100774 1.652699 -1.575578
v 0.095140 1.650314 -1.569945
v 0.089948 1.646440 -1.564752
v 0.085397 1.641227 -1.560201
v 0.081662 1.634874 -1.556467
v 0.078887 1.627627 -1.553692
v 0.077178 1.619763 -1.551982
v 0.076601 1.611584 -1.551405
v 0.077178 1.603406 -1.551982
v 0.078887 1.595542 -1.553692
v 0.081662 1.588295 -1.556467
v 0.085397 1.581942 -1.560201
v 0.089948 1.576729 -1.564752
v 0.095140 1.572855 -1.569945
v 0.100774 1.570469 -1.575578
v 0.099743 1.652699 -1.576834
v 0.093119 1.650314 -1.572408
v 0.087013 1.646440 -1.568328
v 0.081662 1.641227 -1.564752
v 0.077270 1.634874 -1.561818
v 0.074007 1.627627 -1.559638
v 0.071997 1.619763 -1.558295
v 0.071319 1.611584 -1.557841
v 0.071997 1.603406 -1.558295
v 0.074007 1.595542 -1.559638
v 0.077270 1.588295 -1.561818
v 0.081662 1.581942 -1.564752
v 0.087013 1.576729 -1.568328
v 0.093119 1.572855 -1.572408
v 0.099743 1.570469 -1.576834
v 0.098978 1.652699 -1.578267
v 0.091617 1.650314 -1.575217
v 0.084833 1.646440 -1.572408
v 0.078887 1.641227 -1.569945
v 0.074007 1.634874 -1.567923
v 0.070381 1.627627 -1.566421
v 0.068148 1.619763 -1.565496
v 0.067394 1.611584 -1.565184
v 0.068148 1.603406 -1.565496
v 0.070381 1.595542 -1.566421
v 0.074007 1.588295 -1.567923
v 0.078887 1.581942 -1.569945
v 0.084833 1.576729 -1.572408
v 0.091617 1.572855 -1.575217
v 0.098978 1.570469 -1.578267
v 0.098506 1.652699 -1.579821
v 0.090692 1.650314 -1.578267
v 0.083490 1.646440 -1.576834
v 0.077178 1.641227 -1.575578
v 0.071997 1.634874 -1.574548
v 0.068148 1.627627 -1.573782
v 0.065778 1.619763 -1.573311
v 0.064977 1.611584 -1.573152
v 0.065778 1.603406 -1.573311
v 0.068148 1.595542 -1.573782
v 0.071997 1.588295 -1.574548
v 0.077178 1.581942 -1.575578
v 0.083490 1.576729 -1.576834
v 0.090692 1.572855 -1.578267
v 0.098506 1.570469 -1.579821
v 0.098347 1.652699 -1.581437
v 0.090380 1.650314 -1.581437
v 0.076601 1.641227 -1.581437
v 0.067394 1.627627 -1.581437
v 0.067394 1.595542 -1.581437
v 0.076601 1.581942 -1.581437
v 0.083037 1.576729 -1.581437
v 0.090380 1.572855 -1.581437
v 0.098347 1.570469 -1.581437
v 0.398186 0.989874 1.709615
v 0.398186 2.237087 1.709615
v 0.056535 1.035311 1.709615
v 0.049216 2.183451 1.709615
v 0.398186 0.989874 5.107358
v 0.398186 2.237087 5.107358
v 0.056535 1.035311 5.107358
v 0.049217 2.183451 5.107358
v 0.398186 1.613480 1.709615
v 0.114515 1.613480 1.709615
v -0.088798 1.613480 5.107358
v 0.398186 1.613480 5.107358
v 0.398186 1.925283 1.709615
v -0.088798 1.837072 1.709615
v -0.088798 1.925283 5.107358
v 0.398186 1.925283 5.107358
v -0.088798 1.382865 1.709615
v -0.088798 1.301677 5.107358
v 0.398186 1.301677 5.107358
v 0.398186 1.301677 1.709615
v 0.398186 2.081185 1.709615
v -0.088798 2.081185 1.709615
v -0.088798 2.081185 5.107358
v 0.398186 2.081185 5.107358
v -0.088798 1.145776 1.709615
v -0.088798 1.145776 5.107358
v 0.398186 1.145776 5.107358
v 0.398186 1.145776 1.709615
v 0.154694 0.989874 1.709615
v 0.154694 2.237087 1.709615
v 0.154694 0.989874 5.107358
v 0.154694 2.237087 5.107358
v 0.154694 1.613480 5.107358
v 0.154694 1.613480 1.709615
v 0.154694 1.925283 5.107358
v 0.154694 1.925283 1.709615
v 0.154694 1.301677 1.709615
v 0.154694 1.301677 5.107358
v 0.154694 2.081185 5.107358
v 0.154694 2.081185 1.709615
v 0.154694 1.145776 5.107358
v 0.154694 1.145776 1.709615
v 0.114515 1.769382 1.709615
v -0.088798 1.769382 5.107358
v 0.398186 1.769382 5.107358
v 0.398186 1.769382 1.709615
v 0.154694 1.769382 1.709615
v 0.154694 1.769382 5.107358
v 0.398186 1.457579 1.709615
v 0.114515 1.457579 1.709615
v -0.088798 1.457579 5.107358
v 0.398186 1.457579 5.107358
v 0.154694 1.457579 1.709615
v 0.154694 1.457579 5.107358
v 0.056535 1.035311 4.766030
v 0.049217 2.183451 4.766030
v 0.398186 0.989874 4.766030
v 0.398186 2.237087 4.766030
v 0.398186 1.613480 4.766030
v -0.088798 1.613480 4.524469
v 0.398186 1.925283 4.766030
v -0.088798 1.837072 4.490593
v -0.088798 1.382865 4.490593
v 0.398186 1.301677 4.766030
v 0.398186 2.081185 4.766030
v -0.088798 2.081185 4.766030
v 0.398186 1.145776 4.766030
v -0.088798 1.145776 4.766030
v 0.154694 2.237087 4.766030
v 0.154694 0.989874 4.766030
v -0.088798 1.769382 4.524469
v 0.398186 1.769382 4.766030
v -0.088798 1.457579 4.524469
v 0.398186 1.457579 4.766030
v 0.056535 1.035311 2.015094
v 0.398186 2.237087 2.015094
v 0.398186 1.613480 2.015094
v 0.398186 1.925283 2.015094
v 0.398186 1.301677 2.015094
v 0.398186 2.081185 2.015094
v 0.398186 1.145776 2.015094
v 0.154694 0.989874 2.015094
v 0.398186 1.769382 2.015094
v 0.398186 1.457579 2.015094
v 0.049216 2.183451 2.015094
v 0.398186 0.989874 2.015094
v 0.114515 1.613480 2.015094
v -0.088798 1.837072 2.015094
v -0.088798 1.382865 2.015094
v -0.088798 2.081185 2.015094
v -0.088798 1.145776 2.015094
v 0.154694 2.237087 2.015094
v 0.114515 1.769382 2.015094
v 0.114515 1.457579 2.015094
v 0.049217 2.183451 4.421227
v 0.398186 0.989874 4.421227
v 0.114515 1.613480 4.421227
v -0.088798 1.837072 4.421227
v -0.088798 1.382865 4.421227
v -0.088798 2.081185 4.421227
v -0.088798 1.145776 4.421227
v 0.154694 2.237087 4.421227
v 0.114515 1.769382 4.421227
v 0.114515 1.457579 4.421227
v 0.056535 1.035311 4.421227
v 0.398186 2.237087 4.421227
v 0.398186 1.613480 4.421227
v 0.398186 1.925283 4.421227
v 0.398186 1.301677 4.421227
v 0.398186 2.081185 4.421227
v 0.398186 1.145776 4.421227
v 0.154694 0.989874 4.421227
v 0.398186 1.769382 4.421227
v 0.398186 1.457579 4.421227
v 0.083037 1.646440 1.812278
v 0.071319 1.634874 1.812278
v 0.064977 1.619763 1.812278
v 0.064161 1.611584 1.812278
v 0.064977 1.603406 1.812278
v 0.071319 1.588295 1.812278
v 0.098506 1.652699 1.813895
v 0.090692 1.650314 1.815449
v 0.083490 1.646440 1.816882
v 0.077178 1.641227 1.818137
v 0.071998 1.634874 1.819168
v 0.068148 1.627627 1.819933
v 0.065778 1.619763 1.820405
v 0.064977 1.611584 1.820565
v 0.065778 1.603406 1.820405
v 0.068148 1.595542 1.819933
v 0.071998 1.588295 1.819168
v 0.077178 1.581942 1.818137
v 0.083490 1.576729 1.816882
v 0.090692 1.572855 1.815449
v 0.098506 1.570469 1.813895
v 0.098978 1.652699 1.815449
v 0.091617 1.650314 1.818498
v 0.084833 1.646440 1.821308
v 0.078887 1.641227 1.823771
v 0.074007 1.634874 1.825793
v 0.070381 1.627627 1.827294
v 0.068148 1.619763 1.828220
v 0.067394 1.611584 1.828532
v 0.068148 1.603406 1.828220
v 0.070381 1.595542 1.827294
v 0.074007 1.588295 1.825793
v 0.078887 1.581942 1.823771
v 0.084833 1.576729 1.821308
v 0.091617 1.572855 1.818498
v 0.098978 1.570469 1.815449
v 0.099744 1.652699 1.816882
v 0.093119 1.650314 1.821308
v 0.087014 1.646440 1.825388
v 0.081662 1.641227 1.828963
v 0.077270 1.634874 1.831898
v 0.074007 1.627627 1.834078
v 0.071998 1.619763 1.835421
v 0.071319 1.611584 1.835874
v 0.071998 1.603406 1.835421
v 0.074007 1.595542 1.834078
v 0.077270 1.588295 1.831898
v 0.081662 1.581942 1.828963
v 0.087014 1.576729 1.825388
v 0.093119 1.572855 1.821308
v 0.099744 1.570469 1.816882
v 0.100774 1.652699 1.818137
v 0.095140 1.650314 1.823771
v 0.089948 1.646440 1.828963
v 0.085397 1.641227 1.833514
v 0.081662 1.634874 1.837249
v 0.078887 1.627627 1.840025
v 0.077178 1.619763 1.841733
v 0.076601 1.611584 1.842311
v 0.077178 1.603406 1.841733
v 0.078887 1.595542 1.840025
v 0.081662 1.588295 1.837249
v 0.085397 1.581942 1.833514
v 0.089948 1.576729 1.828963
v 0.095140 1.572855 1.823771
v 0.100774 1.570469 1.818137
v 0.102030 1.652699 1.819168
v 0.097603 1.650314 1.825793
v 0.093524 1.646440 1.831898
v 0.089948 1.641227 1.837249
v 0.087014 1.634874 1.841641
v 0.084833 1.627627 1.844904
v 0.083490 1.619763 1.846914
v 0.083037 1.611584 1.847593
v 0.083490 1.603406 1.846914
v 0.084833 1.595542 1.844904
v 0.087014 1.588295 1.841641
v 0.089948 1.581942 1.837249
v 0.093524 1.576729 1.831898
v 0.097603 1.572855 1.825793
v 0.102030 1.570469 1.819168
v 0.106633 1.653505 1.812278
v 0.103462 1.652699 1.819933
v 0.100413 1.650314 1.827294
v 0.097603 1.646440 1.834078
v 0.095140 1.641227 1.840025
v 0.093119 1.634874 1.844904
v 0.091617 1.627627 1.848530
v 0.090692 1.619763 1.850763
v 0.090380 1.611584 1.851517
v 0.090692 1.603406 1.850763
v 0.091617 1.595542 1.848530
v 0.093119 1.588295 1.844904
v 0.095140 1.581942 1.840025
v 0.097603 1.576729 1.834078
v 0.100413 1.572855 1.827294
v 0.103462 1.570469 1.819933
v 0.105017 1.652699 1.820405
v 0.103462 1.650314 1.828220
v 0.102030 1.646440 1.835421
v 0.100774 1.641227 1.841733
v 0.099744 1.634874 1.846914
v 0.098978 1.627627 1.850763
v 0.098506 1.619763 1.853134
v 0.098347 1.611584 1.853934
v 0.098506 1.603406 1.853134
v 0.098978 1.595542 1.850763
v 0.099744 1.588295 1.846914
v 0.100774 1.581942 1.841733
v 0.102030 1.576729 1.835421
v 0.103462 1.572855 1.828220
v 0.105017 1.570469 1.820405
v 0.106633 1.652699 1.820565
v 0.106633 1.650314 1.828532
v 0.106633 1.646440 1.835874
v 0.106633 1.641227 1.842311
v 0.106633 1.634874 1.847593
v 0.106633 1.627627 1.851517
v 0.106633 1.619763 1.853934
v 0.106633 1.611584 1.854750
v 0.106633 1.603406 1.853934
v 0.106633 1.595542 1.851517
v 0.106633 1.588295 1.847593
v 0.106633 1.581942 1.842311
v 0.106633 1.576729 1.835874
v 0.106633 1.572855 1.828532
v 0.106633 1.570469 1.820565
v 0.108249 1.652699 1.820405
v 0.109804 1.650314 1.828220
v 0.111236 1.646440 1.835421
v 0.112492 1.641227 1.841733
v 0.113522 1.634874 1.846914
v 0.114288 1.627627 1.850763
v 0.114760 1.619763 1.853134
v 0.114919 1.611584 1.853934
v 0.114760 1.603406 1.853134
v 0.114288 1.595542 1.850763
v 0.113522 1.588295 1.846914
v 0.112492 1.581942 1.841733
v 0.111236 1.576729 1.835421
v 0.109804 1.572855 1.828220
v 0.108249 1.570469 1.820405
v 0.109804 1.652699 1.819933
v 0.112853 1.650314 1.827294
v 0.115663 1.646440 1.834078
v 0.118126 1.641227 1.840025
v 0.120147 1.634874 1.844904
v 0.121649 1.627627 1.848530
v 0.122574 1.619763 1.850763
v 0.122886 1.611584 1.851517
v 0.122574 1.603406 1.850763
v 0.121649 1.595542 1.848530
v 0.120147 1.588295 1.844904
v 0.118126 1.581942 1.840025
v 0.115663 1.576729 1.834078
v 0.112853 1.572855 1.827294
v 0.109804 1.570469 1.819933
v 0.111236 1.652699 1.819168
v 0.115663 1.650314 1.825793
v 0.119742 1.646440 1.831898
v 0.123318 1.641227 1.837249
v 0.126252 1.634874 1.841641
v 0.128433 1.627627 1.844904
v 0.129776 1.619763 1.846914
v 0.130229 1.611584 1.847593
v 0.129776 1.603406 1.846914
v 0.128433 1.595542 1.844904
v 0.126252 1.588295 1.841641
v 0.123318 1.581942 1.837249
v 0.119742 1.576729 1.831898
v 0.115663 1.572855 1.825793
v 0.111236 1.570469 1.819168
v 0.112492 1.652699 1.818137
v 0.118126 1.650314 1.823771
v 0.123318 1.646440 1.828963
v 0.127869 1.641227 1.833514
v 0.131604 1.634874 1.837249
v 0.134379 1.627627 1.840025
v 0.136088 1.619763 1.841733
v 0.136665 1.611584 1.842311
v 0.136088 1.603406 1.841733
v 0.134379 1.595542 1.840025
v 0.131604 1.588295 1.837249
v 0.127869 1.581942 1.833514
v 0.123318 1.576729 1.828963
v 0.118126 1.572855 1.823771
v 0.112492 1.570469 1.818137
v 0.113522 1.652699 1.816882
v 0.120147 1.650314 1.821308
v 0.126252 1.646440 1.825388
v 0.131604 1.641227 1.828963
v 0.135995 1.634874 1.831898
v 0.139259 1.627627 1.834078
v 0.141268 1.619763 1.835421
v 0.141947 1.611584 1.835874
v 0.141268 1.603406 1.835421
v 0.139259 1.595542 1.834078
v 0.135995 1.588295 1.831898
v 0.131604 1.581942 1.828963
v 0.126252 1.576729 1.825388
v 0.120147 1.572855 1.821308
v 0.113522 1.570469 1.816882
v 0.114288 1.652699 1.815449
v 0.121649 1.650314 1.818498
v 0.128433 1.646440 1.821308
v 0.134379 1.641227 1.823771
v 0.139259 1.634874 1.825793
v 0.142885 1.627627 1.827294
v 0.145118 1.619763 1.828220
v 0.145872 1.611584 1.828532
v 0.145118 1.603406 1.828220
v 0.142885 1.595542 1.827294
v 0.139259 1.588295 1.825793
v 0.134379 1.581942 1.823771
v 0.128433 1.576729 1.821308
v 0.121649 1.572855 1.818498
v 0.114288 1.570469 1.815449
v 0.114760 1.652699 1.813895
v 0.122574 1.650314 1.815449
v 0.129776 1.646440 1.816882
v 0.136088 1.641227 1.818137
v 0.141268 1.634874 1.819168
v 0.145118 1.627627 1.819933
v 0.147488 1.619763 1.820405
v 0.148289 1.611584 1.820565
v 0.147488 1.603406 1.820405
v 0.145118 1.595542 1.819933
v 0.141268 1.588295 1.819168
v 0.136088 1.581942 1.818137
v 0.129776 1.576729 1.816882
v 0.122574 1.572855 1.815449
v 0.114760 1.570469 1.813895
v 0.114919 1.652699 1.812278
v 0.122886 1.650314 1.812278
v 0.130229 1.646440 1.812278
v 0.136665 1.641227 1.812278
v 0.141947 1.634874 1.812278
v 0.145872 1.627627 1.812278
v 0.148289 1.619763 1.812278
v 0.149105 1.611584 1.812278
v 0.148289 1.603406 1.812278
v 0.145872 1.595542 1.812278
v 0.141947 1.588295 1.812278
v 0.136665 1.581942 1.812278
v 0.130229 1.576729 1.812278
v 0.122886 1.572855 1.812278
v 0.114919 1.570469 1.812278
v 0.114760 1.652699 1.810662
v 0.122574 1.650314 1.809108
v 0.129776 1.646440 1.807675
v 0.136088 1.641227 1.806420
v 0.141268 1.634874 1.805389
v 0.145118 1.627627 1.804623
v 0.147488 1.619763 1.804152
v 0.148289 1.611584 1.803992
v 0.147488 1.603406 1.804152
v 0.145118 1.595542 1.804623
v 0.141268 1.588295 1.805389
v 0.136088 1.581942 1.806420
v 0.129776 1.576729 1.807675
v 0.122574 1.572855 1.809108
v 0.114760 1.570469 1.810662
v 0.114288 1.652699 1.809108
v 0.121649 1.650314 1.806059
v 0.128433 1.646440 1.803249
v 0.134379 1.641227 1.800786
v 0.139259 1.634874 1.798764
v 0.142885 1.627627 1.797263
v 0.145118 1.619763 1.796337
v 0.145872 1.611584 1.796025
v 0.145118 1.603406 1.796337
v 0.142885 1.595542 1.797263
v 0.139259 1.588295 1.798764
v 0.134379 1.581942 1.800786
v 0.128433 1.576729 1.803249
v 0.121649 1.572855 1.806059
v 0.114288 1.570469 1.809108
v 0.113522 1.652699 1.807675
v 0.120147 1.650314 1.803249
v 0.126252 1.646440 1.799169
v 0.131604 1.641227 1.795594
v 0.135995 1.634874 1.792659
v 0.139259 1.627627 1.790479
v 0.141268 1.619763 1.789136
v 0.141947 1.611584 1.788682
v 0.141268 1.603406 1.789136
v 0.139259 1.595542 1.790479
v 0.135995 1.588295 1.792659
v 0.131604 1.581942 1.795594
v 0.126252 1.576729 1.799169
v 0.120147 1.572855 1.803249
v 0.113522 1.570469 1.807675
v 0.112492 1.652699 1.806420
v 0.118126 1.650314 1.800786
v 0.123318 1.646440 1.795594
v 0.127869 1.641227 1.791043
v 0.131604 1.634874 1.787307
v 0.134379 1.627627 1.784532
v 0.136088 1.619763 1.782824
v 0.136665 1.611584 1.782246
v 0.136088 1.603406 1.782824
v 0.134379 1.595542 1.784532
v 0.131604 1.588295 1.787307
v 0.127869 1.581942 1.791043
v 0.123318 1.576729 1.795594
v 0.118126 1.572855 1.800786
v 0.112492 1.570469 1.806420
v 0.106633 1.569664 1.812278
v 0.111236 1.652699 1.805389
v 0.115663 1.650314 1.798764
v 0.119742 1.646440 1.792659
v 0.123318 1.641227 1.787307
v 0.126252 1.634874 1.782916
v 0.128433 1.627627 1.779652
v 0.129776 1.619763 1.777643
v 0.130229 1.611584 1.776964
v 0.129776 1.603406 1.777643
v 0.128433 1.595542 1.779652
v 0.126252 1.588295 1.782916
v 0.123318 1.581942 1.787307
v 0.119742 1.576729 1.792659
v 0.115663 1.572855 1.798764
v 0.111236 1.570469 1.805389
v 0.109804 1.652699 1.804623
v 0.112853 1.650314 1.797263
v 0.115663 1.646440 1.790479
v 0.118126 1.641227 1.784532
v 0.120147 1.634874 1.779652
v 0.121649 1.627627 1.776026
v 0.122574 1.619763 1.773794
v 0.122886 1.611584 1.773039
v 0.122574 1.603406 1.773794
v 0.121649 1.595542 1.776026
v 0.120147 1.588295 1.779652
v 0.118126 1.581942 1.784532
v 0.115663 1.576729 1.790479
v 0.112853 1.572855 1.797263
v 0.109804 1.570469 1.804623
v 0.108249 1.652699 1.804152
v 0.109804 1.650314 1.796337
v 0.111236 1.646440 1.789136
v 0.112492 1.641227 1.782824
v 0.113522 1.634874 1.777643
v 0.114288 1.627627 1.773794
v 0.114760 1.619763 1.771423
v 0.114919 1.611584 1.770622
v 0.114760 1.603406 1.771423
v 0.114288 1.595542 1.773794
v 0.113522 1.588295 1.777643
v 0.112492 1.581942 1.782824
v 0.111236 1.576729 1.789136
v 0.109804 1.572855 1.796337
v 0.108249 1.570469 1.804152
v 0.106633 1.652699 1.803992
v 0.106633 1.650314 1.796025
v 0.106633 1.646440 1.788682
v 0.106633 1.641227 1.782246
v 0.106633 1.634874 1.776964
v 0.106633 1.627627 1.773039
v 0.106633 1.619763 1.770622
v 0.106633 1.611584 1.769807
v 0.106633 1.603406 1.770622
v 0.106633 1.595542 1.773039
v 0.106633 1.588295 1.776964
v 0.106633 1.581942 1.782246
v 0.106633 1.576729 1.788682
v 0.106633 1.572855 1.796025
v 0.106633 1.570469 1.803992
v 0.105017 1.652699 1.804152
v 0.103462 1.650314 1.796337
v 0.102030 1.646440 1.789136
v 0.100774 1.641227 1.782824
v 0.099744 1.634874 1.777643
v 0.098978 1.627627 1.773794
v 0.098506 1.619763 1.771423
v 0.098347 1.611584 1.770622
v 0.098506 1.603406 1.771423
v 0.098978 1.595542 1.773794
v 0.099744 1.588295 1.777643
v 0.100774 1.581942 1.782824
v 0.102030 1.576729 1.789136
v 0.103462 1.572855 1.796337
v 0.105017 1.570469 1.804152
v 0.103462 1.652699 1.804623
v 0.100413 1.650314 1.797263
v 0.097603 1.646440 1.790479
v 0.095140 1.641227 1.784532
v 0.093119 1.634874 1.779652
v 0.091617 1.627627 1.776026
v 0.090692 1.619763 1.773794
v 0.090380 1.611584 1.773039
v 0.090692 1.603406 1.773794
v 0.091617 1.595542 1.776026
v 0.093119 1.588295 1.779652
v 0.095140 1.581942 1.784532
v 0.097603 1.576729 1.790479
v 0.100413 1.572855 1.797263
v 0.103462 1.570469 1.804623
v 0.102030 1.652699 1.805389
v 0.097603 1.650314 1.798764
v 0.093524 1.646440 1.792659
v 0.089948 1.641227 1.787307
v 0.087014 1.634874 1.782916
v 0.084833 1.627627 1.779652
v 0.083490 1.619763 1.777643
v 0.083037 1.611584 1.776964
v 0.083490 1.603406 1.777643
v 0.084833 1.595542 1.779652
v 0.087014 1.588295 1.782916
v 0.089948 1.581942 1.787307
v 0.093524 1.576729 1.792659
v 0.097603 1.572855 1.798764
v 0.102030 1.570469 1.805389
v 0.100774 1.652699 1.806420
v 0.095140 1.650314 1.800786
v 0.089948 1.646440 1.795594
v 0.085397 1.641227 1.791043
v 0.081662 1.634874 1.787307
v 0.078887 1.627627 1.784532
v 0.077178 1.619763 1.782824
v 0.076601 1.611584 1.782246
v 0.077178 1.603406 1.782824
v 0.078887 1.595542 1.784532
v 0.081662 1.588295 1.787307
v 0.085397 1.581942 1.791043
v 0.089948 1.576729 1.795594
v 0.095140 1.572855 1.800786
v 0.100774 1.570469 1.806420
v 0.099744 1.652699 1.807675
v 0.093119 1.650314 1.803249
v 0.087014 1.646440 1.799169
v 0.081662 1.641227 1.795594
v 0.077270 1.634874 1.792659
v 0.074007 1.627627 1.790479
v 0.071998 1.619763 1.789136
v 0.071319 1.611584 1.788682
v 0.071998 1.603406 1.789136
v 0.074007 1.595542 1.790479
v 0.077270 1.588295 1.792659
v 0.081662 1.581942 1.795594
v 0.087014 1.576729 1.799169
v 0.093119 1.572855 1.803249
v 0.099744 1.570469 1.807675
v 0.098978 1.652699 1.809108
v 0.091617 1.650314 1.806059
v 0.084833 1.646440 1.803249
v 0.078887 1.641227 1.800786
v 0.074007 1.634874 1.798764
v 0.070381 1.627627 1.797263
v 0.068148 1.619763 1.796337
v 0.067394 1.611584 1.796025
v 0.068148 1.603406 1.796337
v 0.070381 1.595542 1.797263
v 0.074007 1.588295 1.798764
v 0.078887 1.581942 1.800786
v 0.084833 1.576729 1.803249
v 0.091617 1.572855 1.806059
v 0.098978 1.570469 1.809108
v 0.098506 1.652699 1.810662
v 0.090692 1.650314 1.809108
v 0.083490 1.646440 1.807675
v 0.077178 1.641227 1.806420
v 0.071998 1.634874 1.805389
v 0.068148 1.627627 1.804623
v 0.065778 1.619763 1.804152
v 0.064977 1.611584 1.803993
v 0.065778 1.603406 1.804152
v 0.068148 1.595542 1.804623
v 0.071998 1.588295 1.805389
v 0.077178 1.581942 1.806420
v 0.083490 1.576729 1.807675
v 0.090692 1.572855 1.809108
v 0.098506 1.570469 1.810662
v 0.098347 1.652699 1.812278
v 0.090380 1.650314 1.812278
v 0.076601 1.641227 1.812278
v 0.067394 1.627627 1.812278
v 0.067394 1.595542 1.812278
v 0.076601 1.581942 1.812278
v 0.083037 1.576729 1.812278
v 0.090380 1.572855 1.812278
v 0.098347 1.570469 1.812278
v -0.113805 1.295175 4.655159
v -0.125523 1.283609 4.655159
v -0.131865 1.268498 4.655159
v -0.132681 1.260320 4.655159
v -0.131865 1.252141 4.655159
v -0.125523 1.237030 4.655159
v -0.098335 1.301435 4.656775
v -0.106150 1.299049 4.658329
v -0.113352 1.295175 4.659762
v -0.119664 1.289962 4.661017
v -0.124844 1.283609 4.662048
v -0.128694 1.276362 4.662814
v -0.131064 1.268498 4.663285
v -0.131865 1.260320 4.663445
v -0.131064 1.252141 4.663285
v -0.128694 1.244277 4.662814
v -0.124844 1.237030 4.662048
v -0.119664 1.230677 4.661017
v -0.113352 1.225464 4.659762
v -0.106150 1.221590 4.658329
v -0.098335 1.219205 4.656775
v -0.097864 1.301435 4.658329
v -0.105225 1.299049 4.661378
v -0.112009 1.295175 4.664188
v -0.117955 1.289962 4.666651
v -0.122835 1.283609 4.668673
v -0.126461 1.276362 4.670175
v -0.128694 1.268498 4.671100
v -0.129448 1.260320 4.671412
v -0.128694 1.252141 4.671100
v -0.126461 1.244277 4.670175
v -0.122835 1.237030 4.668673
v -0.117955 1.230677 4.666651
v -0.112009 1.225464 4.664188
v -0.105225 1.221590 4.661378
v -0.097864 1.219205 4.658329
v -0.097098 1.301435 4.659762
v -0.103723 1.299049 4.664188
v -0.109828 1.295175 4.668268
v -0.115180 1.289962 4.671844
v -0.119571 1.283609 4.674778
v -0.122835 1.276362 4.676959
v -0.124844 1.268498 4.678301
v -0.125523 1.260320 4.678755
v -0.124844 1.252141 4.678301
v -0.122835 1.244277 4.676959
v -0.119571 1.237030 4.674778
v -0.115180 1.230677 4.671844
v -0.109828 1.225464 4.668268
v -0.103723 1.221590 4.664188
v -0.097098 1.219205 4.659762
v -0.096068 1.301435 4.661017
v -0.101702 1.299049 4.666651
v -0.106894 1.295175 4.671844
v -0.111445 1.289962 4.676394
v -0.115180 1.283609 4.680130
v -0.117955 1.276362 4.682905
v -0.119664 1.268498 4.684613
v -0.120241 1.260320 4.685191
v -0.119664 1.252141 4.684613
v -0.117955 1.244277 4.682905
v -0.115180 1.237030 4.680130
v -0.111445 1.230677 4.676394
v -0.106894 1.225464 4.671844
v -0.101702 1.221590 4.666651
v -0.096068 1.219205 4.661017
v -0.094812 1.301435 4.662048
v -0.099239 1.299049 4.668673
v -0.103318 1.295175 4.674778
v -0.106894 1.289962 4.680130
v -0.109828 1.283609 4.684521
v -0.112009 1.276362 4.687785
v -0.113352 1.268498 4.689794
v -0.113805 1.260320 4.690473
v -0.113352 1.252141 4.689794
v -0.112009 1.244277 4.687785
v -0.109828 1.237030 4.684521
v -0.106894 1.230677 4.680130
v -0.103318 1.225464 4.674778
v -0.099239 1.221590 4.668673
v -0.094812 1.219205 4.662048
v -0.090209 1.302240 4.655159
v -0.093380 1.301435 4.662814
v -0.096429 1.299049 4.670175
v -0.099239 1.295175 4.676959
v -0.101702 1.289962 4.682905
v -0.103723 1.283609 4.687785
v -0.105225 1.276362 4.691411
v -0.106150 1.268498 4.693644
v -0.106462 1.260320 4.694397
v -0.106150 1.252141 4.693644
v -0.105225 1.244277 4.691411
v -0.103723 1.237030 4.687785
v -0.101702 1.230677 4.682905
v -0.099239 1.225464 4.676959
v -0.096429 1.221590 4.670175
v -0.093380 1.219205 4.662814
v -0.091825 1.301435 4.663285
v -0.093380 1.299049 4.671100
v -0.094812 1.295175 4.678301
v -0.096068 1.289962 4.684613
v -0.097098 1.283609 4.689794
v -0.097864 1.276362 4.693644
v -0.098335 1.268498 4.696014
v -0.098495 1.260320 4.696815
v -0.098335 1.252141 4.696014
v -0.097864 1.244277 4.693644
v -0.097098 1.237030 4.689794
v -0.096068 1.230677 4.684613
v -0.094812 1.225464 4.678301
v -0.093380 1.221590 4.671100
v -0.091825 1.219205 4.663285
v -0.090209 1.301435 4.663445
v -0.090209 1.299049 4.671412
v -0.090209 1.295175 4.678755
v -0.090209 1.289962 4.685191
v -0.090209 1.283609 4.690473
v -0.090209 1.276362 4.694397
v -0.090209 1.268498 4.696815
v -0.090209 1.260320 4.697630
v -0.090209 1.252141 4.696815
v -0.090209 1.244277 4.694397
v -0.090209 1.237030 4.690473
v -0.090209 1.230677 4.685191
v -0.090209 1.225464 4.678755
v -0.090209 1.221590 4.671412
v -0.090209 1.219205 4.663445
v -0.088592 1.301435 4.663285
v -0.087038 1.299049 4.671100
v -0.085605 1.295175 4.678301
v -0.084350 1.289962 4.684613
v -0.083319 1.283609 4.689794
v -0.082554 1.276362 4.693644
v -0.082082 1.268498 4.696014
v -0.081923 1.260320 4.696815
v -0.082082 1.252141 4.696014
v -0.082554 1.244277 4.693644
v -0.083319 1.237030 4.689794
v -0.084350 1.230677 4.684613
v -0.085605 1.225464 4.678301
v -0.087038 1.221590 4.671100
v -0.088592 1.219205 4.663285
v -0.087038 1.301435 4.662814
v -0.083989 1.299049 4.670175
v -0.081179 1.295175 4.676959
v -0.078716 1.289962 4.682905
v -0.076695 1.283609 4.687785
v -0.075193 1.276362 4.691411
v -0.074268 1.268498 4.693644
v -0.073956 1.260320 4.694397
v -0.074268 1.252141 4.693644
v -0.075193 1.244277 4.691411
v -0.076695 1.237030 4.687785
v -0.078716 1.230677 4.682905
v -0.081179 1.225464 4.676959
v -0.083989 1.221590 4.670175
v -0.087038 1.219205 4.662814
v -0.085605 1.301435 4.662048
v -0.081179 1.299049 4.668673
v -0.077100 1.295175 4.674778
v -0.073524 1.289962 4.680130
v -0.070589 1.283609 4.684521
v -0.068409 1.276362 4.687785
v -0.067066 1.268498 4.689794
v -0.066613 1.260320 4.690473
v -0.067066 1.252141 4.689794
v -0.068409 1.244277 4.687785
v -0.070589 1.237030 4.684521
v -0.073524 1.230677 4.680130
v -0.077100 1.225464 4.674778
v -0.081179 1.221590 4.668673
v -0.085605 1.219205 4.662048
v -0.084350 1.301435 4.661017
v -0.078716 1.299049 4.666651
v -0.073524 1.295175 4.671844
v -0.068973 1.289962 4.676394
v -0.065238 1.283609 4.680130
v -0.062463 1.276362 4.682905
v -0.060754 1.268498 4.684613
v -0.060177 1.260320 4.685191
v -0.060754 1.252141 4.684613
v -0.062463 1.244277 4.682905
v -0.065238 1.237030 4.680130
v -0.068973 1.230677 4.676394
v -0.073524 1.225464 4.671844
v -0.078716 1.221590 4.666651
v -0.084350 1.219205 4.661017
v -0.083319 1.301435 4.659762
v -0.076695 1.299049 4.664188
v -0.070589 1.295175 4.668268
v -0.065238 1.289962 4.671844
v -0.060846 1.283609 4.674778
v -0.057583 1.276362 4.676959
v -0.055573 1.268498 4.678301
v -0.054895 1.260320 4.678755
v -0.055573 1.252141 4.678301
v -0.057583 1.244277 4.676959
v -0.060846 1.237030 4.674778
v -0.065238 1.230677 4.671844
v -0.070589 1.225464 4.668268
v -0.076695 1.221590 4.664188
v -0.083319 1.219205 4.659762
v -0.082554 1.301435 4.658329
v -0.075193 1.299049 4.661378
v -0.068409 1.295175 4.664188
v -0.062463 1.289962 4.666651
v -0.057583 1.283609 4.668673
v -0.053957 1.276362 4.670175
v -0.051724 1.268498 4.671100
v -0.050970 1.260320 4.671412
v -0.051724 1.252141 4.671100
v -0.053957 1.244277 4.670175
v -0.057583 1.237030 4.668673
v -0.062463 1.230677 4.666651
v -0.068409 1.225464 4.664188
v -0.075193 1.221590 4.661378
v -0.082554 1.219205 4.658329
v -0.082082 1.301435 4.656775
v -0.074268 1.299049 4.658329
v -0.067066 1.295175 4.659762
v -0.060754 1.289962 4.661017
v -0.055573 1.283609 4.662048
v -0.051724 1.276362 4.662814
v -0.049354 1.268498 4.663285
v -0.048553 1.260320 4.663445
v -0.049354 1.252141 4.663285
v -0.051724 1.244277 4.662814
v -0.055573 1.237030 4.662048
v -0.060754 1.230677 4.661017
v -0.067066 1.225464 4.659762
v -0.074268 1.221590 4.658329
v -0.082082 1.219205 4.656775
v -0.081923 1.301435 4.655159
v -0.073956 1.299049 4.655159
v -0.066613 1.295175 4.655159
v -0.060177 1.289962 4.655159
v -0.054895 1.283609 4.655159
v -0.050970 1.276362 4.655159
v -0.048553 1.268498 4.655159
v -0.047737 1.260320 4.655159
v -0.048553 1.252141 4.655159
v -0.050970 1.244277 4.655159
v -0.054895 1.237030 4.655159
v -0.060177 1.230677 4.655159
v -0.066613 1.225464 4.655159
v -0.073956 1.221590 4.655159
v -0.081923 1.219205 4.655159
v -0.082082 1.301435 4.653542
v -0.074268 1.299049 4.651988
v -0.067066 1.295175 4.650555
v -0.060754 1.289962 4.649300
v -0.055573 1.283609 4.648269
v -0.051724 1.276362 4.647504
v -0.049354 1.268498 4.647032
v -0.048553 1.260320 4.646873
v -0.049354 1.252141 4.647032
v -0.051724 1.244277 4.647504
v -0.055573 1.237030 4.648269
v -0.060754 1.230677 4.649300
v -0.067066 1.225464 4.650555
v -0.074268 1.221590 4.651988
v -0.082082 1.219205 4.653542
v -0.082554 1.301435 4.651988
v -0.075193 1.299049 4.648939
v -0.068409 1.295175 4.646129
v -0.062463 1.289962 4.643666
v -0.057583 1.283609 4.641644
v -0.053957 1.276362 4.640143
v -0.051724 1.268498 4.639217
v -0.050970 1.260320 4.638905
v -0.051724 1.252141 4.639217
v -0.053957 1.244277 4.640143
v -0.057583 1.237030 4.641644
v -0.062463 1.230677 4.643666
v -0.068409 1.225464 4.646129
v -0.075193 1.221590 4.648939
v -0.082554 1.219205 4.651988
v -0.083319 1.301435 4.650555
v -0.076695 1.299049 4.646129
v -0.070589 1.295175 4.642049
v -0.065238 1.289962 4.638474
v -0.060846 1.283609 4.635540
v -0.057583 1.276362 4.633359
v -0.055573 1.268498 4.632016
v -0.054895 1.260320 4.631563
v -0.055573 1.252141 4.632016
v -0.057583 1.244277 4.633359
v -0.060846 1.237030 4.635540
v -0.065238 1.230677 4.638474
v -0.070589 1.225464 4.642049
v -0.076695 1.221590 4.646129
v -0.083319 1.219205 4.650555
v -0.084350 1.301435 4.649300
v -0.078716 1.299049 4.643666
v -0.073524 1.295175 4.638474
v -0.068973 1.289962 4.633923
v -0.065238 1.283609 4.630188
v -0.062463 1.276362 4.627412
v -0.060754 1.268498 4.625704
v -0.060177 1.260320 4.625126
v -0.060754 1.252141 4.625704
v -0.062463 1.244277 4.627412
v -0.065238 1.237030 4.630188
v -0.068973 1.230677 4.633923
v -0.073524 1.225464 4.638474
v -0.078716 1.221590 4.643666
v -0.084350 1.219205 4.649300
v -0.090209 1.218399 4.655159
v -0.085605 1.301435 4.648269
v -0.081179 1.299049 4.641644
v -0.077100 1.295175 4.635540
v -0.073524 1.289962 4.630188
v -0.070589 1.283609 4.625796
v -0.068409 1.276362 4.622533
v -0.067066 1.268498 4.620523
v -0.066613 1.260320 4.619844
v -0.067066 1.252141 4.620523
v -0.068409 1.244277 4.622533
v -0.070589 1.237030 4.625796
v -0.073524 1.230677 4.630188
v -0.077100 1.225464 4.635540
v -0.081179 1.221590 4.641644
v -0.085605 1.219205 4.648269
v -0.087038 1.301435 4.647504
v -0.083989 1.299049 4.640143
v -0.081179 1.295175 4.633359
v -0.078716 1.289962 4.627412
v -0.076695 1.283609 4.622533
v -0.075193 1.276362 4.618906
v -0.074268 1.268498 4.616674
v -0.073956 1.260320 4.615920
v -0.074268 1.252141 4.616674
v -0.075193 1.244277 4.618906
v -0.076695 1.237030 4.622533
v -0.078716 1.230677 4.627412
v -0.081179 1.225464 4.633359
v -0.083989 1.221590 4.640143
v -0.087038 1.219205 4.647504
v -0.088592 1.301435 4.647032
v -0.087038 1.299049 4.639217
v -0.085605 1.295175 4.632016
v -0.084350 1.289962 4.625704
v -0.083319 1.283609 4.620523
v -0.082554 1.276362 4.616674
v -0.082082 1.268498 4.614303
v -0.081923 1.260320 4.613503
v -0.082082 1.252141 4.614303
v -0.082554 1.244277 4.616674
v -0.083319 1.237030 4.620523
v -0.084350 1.230677 4.625704
v -0.085605 1.225464 4.632016
v -0.087038 1.221590 4.639217
v -0.088592 1.219205 4.647032
v -0.090209 1.301435 4.646873
v -0.090209 1.299049 4.638905
v -0.090209 1.295175 4.631563
v -0.090209 1.289962 4.625126
v -0.090209 1.283609 4.619844
v -0.090209 1.276362 4.615920
v -0.090209 1.268498 4.613503
v -0.090209 1.260320 4.612687
v -0.090209 1.252141 4.613503
v -0.090209 1.244277 4.615920
v -0.090209 1.237030 4.619844
v -0.090209 1.230677 4.625126
v -0.090209 1.225464 4.631563
v -0.090209 1.221590 4.638905
v -0.090209 1.219205 4.646873
v -0.091825 1.301435 4.647032
v -0.093380 1.299049 4.639217
v -0.094812 1.295175 4.632016
v -0.096068 1.289962 4.625704
v -0.097098 1.283609 4.620523
v -0.097864 1.276362 4.616674
v -0.098336 1.268498 4.614303
v -0.098495 1.260320 4.613503
v -0.098336 1.252141 4.614303
v -0.097864 1.244277 4.616674
v -0.097098 1.237030 4.620523
v -0.096068 1.230677 4.625704
v -0.094812 1.225464 4.632016
v -0.093380 1.221590 4.639217
v -0.091825 1.219205 4.647032
v -0.093380 1.301435 4.647504
v -0.096429 1.299049 4.640143
v -0.099239 1.295175 4.633359
v -0.101702 1.289962 4.627412
v -0.103723 1.283609 4.622533
v -0.105225 1.276362 4.618906
v -0.106150 1.268498 4.616674
v -0.106462 1.260320 4.615920
v -0.106150 1.252141 4.616674
v -0.105225 1.244277 4.618906
v -0.103723 1.237030 4.622533
v -0.101702 1.230677 4.627412
v -0.099239 1.225464 4.633359
v -0.096429 1.221590 4.640143
v -0.093380 1.219205 4.647504
v -0.094812 1.301435 4.648269
v -0.099239 1.299049 4.641644
v -0.103318 1.295175 4.635540
v -0.106894 1.289962 4.630188
v -0.109828 1.283609 4.625796
v -0.112009 1.276362 4.622533
v -0.113352 1.268498 4.620523
v -0.113805 1.260320 4.619844
v -0.113352 1.252141 4.620523
v -0.112009 1.244277 4.622533
v -0.109828 1.237030 4.625796
v -0.106894 1.230677 4.630188
v -0.103318 1.225464 4.635540
v -0.099239 1.221590 4.641644
v -0.094812 1.219205 4.648269
v -0.096068 1.301435 4.649300
v -0.101702 1.299049 4.643666
v -0.106894 1.295175 4.638474
v -0.111445 1.289962 4.633923
v -0.115180 1.283609 4.630188
v -0.117955 1.276362 4.627412
v -0.119664 1.268498 4.625704
v -0.120241 1.260320 4.625126
v -0.119664 1.252141 4.625704
v -0.117955 1.244277 4.627412
v -0.115180 1.237030 4.630188
v -0.111445 1.230677 4.633923
v -0.106894 1.225464 4.638474
v -0.101702 1.221590 4.643666
v -0.096068 1.219205 4.649300
v -0.097098 1.301435 4.650555
v -0.103723 1.299049 4.646129
v -0.109828 1.295175 4.642049
v -0.115180 1.289962 4.638474
v -0.119571 1.283609 4.635540
v -0.122835 1.276362 4.633359
v -0.124844 1.268498 4.632016
v -0.125523 1.260320 4.631563
v -0.124844 1.252141 4.632016
v -0.122835 1.244277 4.633359
v -0.119571 1.237030 4.635540
v -0.115180 1.230677 4.638474
v -0.109828 1.225464 4.642049
v -0.103723 1.221590 4.646129
v -0.097098 1.219205 4.650555
v -0.097864 1.301435 4.651988
v -0.105225 1.299049 4.648939
v -0.112009 1.295175 4.646129
v -0.117955 1.289962 4.643666
v -0.122835 1.283609 4.641644
v -0.126461 1.276362 4.640143
v -0.128694 1.268498 4.639217
v -0.129448 1.260320 4.638905
v -0.128694 1.252141 4.639217
v -0.126461 1.244277 4.640143
v -0.122835 1.237030 4.641644
v -0.117955 1.230677 4.643666
v -0.112009 1.225464 4.646129
v -0.105225 1.221590 4.648939
v -0.097864 1.219205 4.651988
v -0.098335 1.301435 4.653542
v -0.106150 1.299049 4.651988
v -0.113352 1.295175 4.650555
v -0.119664 1.289962 4.649300
v -0.124844 1.283609 4.648269
v -0.128694 1.276362 4.647504
v -0.131064 1.268498 4.647032
v -0.131864 1.260320 4.646873
v -0.131064 1.252141 4.647032
v -0.128694 1.244277 4.647504
v -0.124844 1.237030 4.648269
v -0.119664 1.230677 4.649300
v -0.113352 1.225464 4.650555
v -0.106150 1.221590 4.651988
v -0.098335 1.219205 4.653542
v -0.098495 1.301435 4.655159
v -0.106462 1.299049 4.655159
v -0.120241 1.289962 4.655159
v -0.129448 1.276362 4.655159
v -0.129448 1.244277 4.655159
v -0.120241 1.230677 4.655159
v -0.113805 1.225464 4.655159
v -0.106462 1.221590 4.655159
v -0.098495 1.219205 4.655159
v -0.113805 1.295175 5.003946
v -0.125523 1.283609 5.003946
v -0.131865 1.268498 5.003946
v -0.132681 1.260320 5.003946
v -0.131865 1.252141 5.003946
v -0.125523 1.237030 5.003946
v -0.098335 1.301435 5.005562
v -0.106150 1.299049 5.007116
v -0.113352 1.295175 5.008549
v -0.119664 1.289962 5.009805
v -0.124844 1.283609 5.010835
v -0.128694 1.276362 5.011601
v -0.131064 1.268498 5.012073
v -0.131865 1.260320 5.012232
v -0.131064 1.252141 5.012073
v -0.128694 1.244277 5.011601
v -0.124844 1.237030 5.010835
v -0.119664 1.230677 5.009805
v -0.113352 1.225464 5.008549
v -0.106150 1.221590 5.007116
v -0.098335 1.219205 5.005562
v -0.097864 1.301435 5.007116
v -0.105225 1.299049 5.010166
v -0.112009 1.295175 5.012976
v -0.117955 1.289962 5.015439
v -0.122835 1.283609 5.017460
v -0.126461 1.276362 5.018962
v -0.128694 1.268498 5.019887
v -0.129448 1.260320 5.020199
v -0.128694 1.252141 5.019887
v -0.126461 1.244277 5.018962
v -0.122835 1.237030 5.017460
v -0.117955 1.230677 5.015439
v -0.112009 1.225464 5.012976
v -0.105225 1.221590 5.010166
v -0.097864 1.219205 5.007116
v -0.097098 1.301435 5.008549
v -0.103723 1.299049 5.012976
v -0.109828 1.295175 5.017055
v -0.115180 1.289962 5.020631
v -0.119571 1.283609 5.023565
v -0.122835 1.276362 5.025746
v -0.124844 1.268498 5.027089
v -0.125523 1.260320 5.027542
v -0.124844 1.252141 5.027089
v -0.122835 1.244277 5.025746
v -0.119571 1.237030 5.023565
v -0.115180 1.230677 5.020631
v -0.109828 1.225464 5.017055
v -0.103723 1.221590 5.012976
v -0.097098 1.219205 5.008549
v -0.096068 1.301435 5.009805
v -0.101702 1.299049 5.015439
v -0.106894 1.295175 5.020631
v -0.111445 1.289962 5.025182
v -0.115180 1.283609 5.028917
v -0.117955 1.276362 5.031692
v -0.119664 1.268498 5.033401
v -0.120241 1.260320 5.033978
v -0.119664 1.252141 5.033401
v -0.117955 1.244277 5.031692
v -0.115180 1.237030 5.028917
v -0.111445 1.230677 5.025182
v -0.106894 1.225464 5.020631
v -0.101702 1.221590 5.015439
v -0.096068 1.219205 5.009805
v -0.094812 1.301435 5.010835
v -0.099239 1.299049 5.017460
v -0.103318 1.295175 5.023565
v -0.106894 1.289962 5.028917
v -0.109828 1.283609 5.033309
v -0.112009 1.276362 5.036572
v -0.113352 1.268498 5.038581
v -0.113805 1.260320 5.039260
v -0.113352 1.252141 5.038581
v -0.112009 1.244277 5.036572
v -0.109828 1.237030 5.033309
v -0.106894 1.230677 5.028917
v -0.103318 1.225464 5.023565
v -0.099239 1.221590 5.017460
v -0.094812 1.219205 5.010835
v -0.090209 1.302240 5.003946
v -0.093380 1.301435 5.011601
v -0.096429 1.299049 5.018962
v -0.099239 1.295175 5.025746
v -0.101702 1.289962 5.031692
v -0.103723 1.283609 5.036572
v -0.105225 1.276362 5.040198
v -0.106150 1.268498 5.042431
v -0.106462 1.260320 5.043185
v -0.106150 1.252141 5.042431
v -0.105225 1.244277 5.040198
v -0.103723 1.237030 5.036572
v -0.101702 1.230677 5.031692
v -0.099239 1.225464 5.025746
v -0.096429 1.221590 5.018962
v -0.093380 1.219205 5.011601
v -0.091825 1.301435 5.012073
v -0.093380 1.299049 5.019887
v -0.094812 1.295175 5.027089
v -0.096068 1.289962 5.033401
v -0.097098 1.283609 5.038581
v -0.097864 1.276362 5.042431
v -0.098335 1.268498 5.044801
v -0.098495 1.260320 5.045602
v -0.098335 1.252141 5.044801
v -0.097864 1.244277 5.042431
v -0.097098 1.237030 5.038581
v -0.096068 1.230677 5.033401
v -0.094812 1.225464 5.027089
v -0.093380 1.221590 5.019887
v -0.091825 1.219205 5.012073
v -0.090209 1.301435 5.012232
v -0.090209 1.299049 5.020199
v -0.090209 1.295175 5.027542
v -0.090209 1.289962 5.033978
v -0.090209 1.283609 5.039260
v -0.090209 1.276362 5.043185
v -0.090209 1.268498 5.045602
v -0.090209 1.260320 5.046418
v -0.090209 1.252141 5.045602
v -0.090209 1.244277 5.043185
v -0.090209 1.237030 5.039260
v -0.090209 1.230677 5.033978
v -0.090209 1.225464 5.027542
v -0.090209 1.221590 5.020199
v -0.090209 1.219205 5.012232
v -0.088592 1.301435 5.012073
v -0.087038 1.299049 5.019887
v -0.085605 1.295175 5.027089
v -0.084350 1.289962 5.033401
v -0.083319 1.283609 5.038581
v -0.082554 1.276362 5.042431
v -0.082082 1.268498 5.044801
v -0.081923 1.260320 5.045602
v -0.082082 1.252141 5.044801
v -0.082554 1.244277 5.042431
v -0.083319 1.237030 5.038581
v -0.084350 1.230677 5.033401
v -0.085605 1.225464 5.027089
v -0.087038 1.221590 5.019887
v -0.088592 1.219205 5.012073
v -0.087038 1.301435 5.011601
v -0.083989 1.299049 5.018962
v -0.081179 1.295175 5.025746
v -0.078716 1.289962 5.031692
v -0.076695 1.283609 5.036572
v -0.075193 1.276362 5.040198
v -0.074268 1.268498 5.042431
v -0.073956 1.260320 5.043185
v -0.074268 1.252141 5.042431
v -0.075193 1.244277 5.040198
v -0.076695 1.237030 5.036572
v -0.078716 1.230677 5.031692
v -0.081179 1.225464 5.025746
v -0.083989 1.221590 5.018962
v -0.087038 1.219205 5.011601
v -0.085605 1.301435 5.010835
v -0.081179 1.299049 5.017460
v -0.077100 1.295175 5.023565
v -0.073524 1.289962 5.028917
v -0.070589 1.283609 5.033309
v -0.068409 1.276362 5.036572
v -0.067066 1.268498 5.038581
v -0.066613 1.260320 5.039260
v -0.067066 1.252141 5.038581
v -0.068409 1.244277 5.036572
v -0.070589 1.237030 5.033309
v -0.073524 1.230677 5.028917
v -0.077100 1.225464 5.023565
v -0.081179 1.221590 5.017460
v -0.085605 1.219205 5.010835
v -0.084350 1.301435 5.009805
v -0.078716 1.299049 5.015439
v -0.073524 1.295175 5.020631
v -0.068973 1.289962 5.025182
v -0.065238 1.283609 5.028917
v -0.062463 1.276362 5.031692
v -0.060754 1.268498 5.033401
v -0.060177 1.260320 5.033978
v -0.060754 1.252141 5.033401
v -0.062463 1.244277 5.031692
v -0.065238 1.237030 5.028917
v -0.068973 1.230677 5.025182
v -0.073524 1.225464 5.020631
v -0.078716 1.221590 5.015439
v -0.084350 1.219205 5.009805
v -0.083319 1.301435 5.008549
v -0.076695 1.299049 5.012976
v -0.070589 1.295175 5.017055
v -0.065238 1.289962 5.020631
v -0.060846 1.283609 5.023565
v -0.057583 1.276362 5.025746
v -0.055573 1.268498 5.027089
v -0.054895 1.260320 5.027542
v -0.055573 1.252141 5.027089
v -0.057583 1.244277 5.025746
v -0.060846 1.237030 5.023565
v -0.065238 1.230677 5.020631
v -0.070589 1.225464 5.017055
v -0.076695 1.221590 5.012976
v -0.083319 1.219205 5.008549
v -0.082554 1.301435 5.007116
v -0.075193 1.299049 5.010166
v -0.068409 1.295175 5.012976
v -0.062463 1.289962 5.015439
v -0.057583 1.283609 5.017460
v -0.053957 1.276362 5.018962
v -0.051724 1.268498 5.019887
v -0.050970 1.260320 5.020199
v -0.051724 1.252141 5.019887
v -0.053957 1.244277 5.018962
v -0.057583 1.237030 5.017460
v -0.062463 1.230677 5.015439
v -0.068409 1.225464 5.012976
v -0.075193 1.221590 5.010166
v -0.082554 1.219205 5.007116
v -0.082082 1.301435 5.005562
v -0.074268 1.299049 5.007116
v -0.067066 1.295175 5.008549
v -0.060754 1.289962 5.009805
v -0.055573 1.283609 5.010835
v -0.051724 1.276362 5.011601
v -0.049354 1.268498 5.012073
v -0.048553 1.260320 5.012232
v -0.049354 1.252141 5.012073
v -0.051724 1.244277 5.011601
v -0.055573 1.237030 5.010835
v -0.060754 1.230677 5.009805
v -0.067066 1.225464 5.008549
v -0.074268 1.221590 5.007116
v -0.082082 1.219205 5.005562
v -0.081923 1.301435 5.003946
v -0.073956 1.299049 5.003946
v -0.066613 1.295175 5.003946
v -0.060177 1.289962 5.003946
v -0.054895 1.283609 5.003946
v -0.050970 1.276362 5.003946
v -0.048553 1.268498 5.003946
v -0.047737 1.260320 5.003946
v -0.048553 1.252141 5.003946
v -0.050970 1.244277 5.003946
v -0.054895 1.237030 5.003946
v -0.060177 1.230677 5.003946
v -0.066613 1.225464 5.003946
v -0.073956 1.221590 5.003946
v -0.081923 1.219205 5.003946
v -0.082082 1.301435 5.002329
v -0.074268 1.299049 5.000775
v -0.067066 1.295175 4.999342
v -0.060754 1.289962 4.998087
v -0.055573 1.283609 4.997056
v -0.051724 1.276362 4.996291
v -0.049354 1.268498 4.995820
v -0.048553 1.260320 4.995660
v -0.049354 1.252141 4.995820
v -0.051724 1.244277 4.996291
v -0.055573 1.237030 4.997056
v -0.060754 1.230677 4.998087
v -0.067066 1.225464 4.999342
v -0.074268 1.221590 5.000775
v -0.082082 1.219205 5.002329
v -0.082554 1.301435 5.000775
v -0.075193 1.299049 4.997726
v -0.068409 1.295175 4.994916
v -0.062463 1.289962 4.992453
v -0.057583 1.283609 4.990432
v -0.053957 1.276362 4.988930
v -0.051724 1.268498 4.988005
v -0.050970 1.260320 4.987692
v -0.051724 1.252141 4.988005
v -0.053957 1.244277 4.988930
v -0.057583 1.237030 4.990432
v -0.062463 1.230677 4.992453
v -0.068409 1.225464 4.994916
v -0.075193 1.221590 4.997726
v -0.082554 1.219205 5.000775
v -0.083319 1.301435 4.999342
v -0.076695 1.299049 4.994916
v -0.070589 1.295175 4.990837
v -0.065238 1.289962 4.987261
v -0.060846 1.283609 4.984327
v -0.057583 1.276362 4.982146
v -0.055573 1.268498 4.980803
v -0.054895 1.260320 4.980350
v -0.055573 1.252141 4.980803
v -0.057583 1.244277 4.982146
v -0.060846 1.237030 4.984327
v -0.065238 1.230677 4.987261
v -0.070589 1.225464 4.990837
v -0.076695 1.221590 4.994916
v -0.083319 1.219205 4.999342
v -0.084350 1.301435 4.998087
v -0.078716 1.299049 4.992453
v -0.073524 1.295175 4.987261
v -0.068973 1.289962 4.982710
v -0.065238 1.283609 4.978975
v -0.062463 1.276362 4.976200
v -0.060754 1.268498 4.974491
v -0.060177 1.260320 4.973914
v -0.060754 1.252141 4.974491
v -0.062463 1.244277 4.976200
v -0.065238 1.237030 4.978975
v -0.068973 1.230677 4.982710
v -0.073524 1.225464 4.987261
v -0.078716 1.221590 4.992453
v -0.084350 1.219205 4.998087
v -0.090209 1.218399 5.003946
v -0.085605 1.301435 4.997056
v -0.081179 1.299049 4.990432
v -0.077100 1.295175 4.984327
v -0.073524 1.289962 4.978975
v -0.070589 1.283609 4.974583
v -0.068409 1.276362 4.971320
v -0.067066 1.268498 4.969310
v -0.066613 1.260320 4.968632
v -0.067066 1.252141 4.969310
v -0.068409 1.244277 4.971320
v -0.070589 1.237030 4.974583
v -0.073524 1.230677 4.978975
v -0.077100 1.225464 4.984327
v -0.081179 1.221590 4.990432
v -0.085605 1.219205 4.997056
v -0.087038 1.301435 4.996291
v -0.083989 1.299049 4.988930
v -0.081179 1.295175 4.982146
v -0.078716 1.289962 4.976200
v -0.076695 1.283609 4.971320
v -0.075193 1.276362 4.967694
v -0.074268 1.268498 4.965461
v -0.073956 1.260320 4.964707
v -0.074268 1.252141 4.965461
v -0.075193 1.244277 4.967694
v -0.076695 1.237030 4.971320
v -0.078716 1.230677 4.976200
v -0.081179 1.225464 4.982146
v -0.083989 1.221590 4.988930
v -0.087038 1.219205 4.996291
v -0.088592 1.301435 4.995820
v -0.087038 1.299049 4.988005
v -0.085605 1.295175 4.980803
v -0.084350 1.289962 4.974491
v -0.083319 1.283609 4.969310
v -0.082554 1.276362 4.965461
v -0.082082 1.268498 4.963090
v -0.081923 1.260320 4.962290
v -0.082082 1.252141 4.963090
v -0.082554 1.244277 4.965461
v -0.083319 1.237030 4.969310
v -0.084350 1.230677 4.974491
v -0.085605 1.225464 4.980803
v -0.087038 1.221590 4.988005
v -0.088592 1.219205 4.995820
v -0.090209 1.301435 4.995660
v -0.090209 1.299049 4.987692
v -0.090209 1.295175 4.980350
v -0.090209 1.289962 4.973914
v -0.090209 1.283609 4.968632
v -0.090209 1.276362 4.964707
v -0.090209 1.268498 4.962290
v -0.090209 1.260320 4.961474
v -0.090209 1.252141 4.962290
v -0.090209 1.244277 4.964707
v -0.090209 1.237030 4.968632
v -0.090209 1.230677 4.973914
v -0.090209 1.225464 4.980350
v -0.090209 1.221590 4.987692
v -0.090209 1.219205 4.995660
v -0.091825 1.301435 4.995820
v -0.093380 1.299049 4.988005
v -0.094812 1.295175 4.980803
v -0.096068 1.289962 4.974491
v -0.097098 1.283609 4.969310
v -0.097864 1.276362 4.965461
v -0.098336 1.268498 4.963090
v -0.098495 1.260320 4.962290
v -0.098336 1.252141 4.963090
v -0.097864 1.244277 4.965461
v -0.097098 1.237030 4.969310
v -0.096068 1.230677 4.974491
v -0.094812 1.225464 4.980803
v -0.093380 1.221590 4.988005
v -0.091825 1.219205 4.995820
v -0.093380 1.301435 4.996291
v -0.096429 1.299049 4.988930
v -0.099239 1.295175 4.982146
v -0.101702 1.289962 4.976200
v -0.103723 1.283609 4.971320
v -0.105225 1.276362 4.967694
v -0.106150 1.268498 4.965461
v -0.106462 1.260320 4.964707
v -0.106150 1.252141 4.965461
v -0.105225 1.244277 4.967694
v -0.103723 1.237030 4.971320
v -0.101702 1.230677 4.976200
v -0.099239 1.225464 4.982146
v -0.096429 1.221590 4.988930
v -0.093380 1.219205 4.996291
v -0.094812 1.301435 4.997056
v -0.099239 1.299049 4.990432
v -0.103318 1.295175 4.984327
v -0.106894 1.289962 4.978975
v -0.109828 1.283609 4.974583
v -0.112009 1.276362 4.971320
v -0.113352 1.268498 4.969310
v -0.113805 1.260320 4.968632
v -0.113352 1.252141 4.969310
v -0.112009 1.244277 4.971320
v -0.109828 1.237030 4.974583
v -0.106894 1.230677 4.978975
v -0.103318 1.225464 4.984327
v -0.099239 1.221590 4.990432
v -0.094812 1.219205 4.997056
v -0.096068 1.301435 4.998087
v -0.101702 1.299049 4.992453
v -0.106894 1.295175 4.987261
v -0.111445 1.289962 4.982710
v -0.115180 1.283609 4.978975
v -0.117955 1.276362 4.976200
v -0.119664 1.268498 4.974491
v -0.120241 1.260320 4.973914
v -0.119664 1.252141 4.974491
v -0.117955 1.244277 4.976200
v -0.115180 1.237030 4.978975
v -0.111445 1.230677 4.982710
v -0.106894 1.225464 4.987261
v -0.101702 1.221590 4.992453
v -0.096068 1.219205 4.998087
v -0.097098 1.301435 4.999342
v -0.103723 1.299049 4.994916
v -0.109828 1.295175 4.990837
v -0.115180 1.289962 4.987261
v -0.119571 1.283609 4.984327
v -0.122835 1.276362 4.982146
v -0.124844 1.268498 4.980803
v -0.125523 1.260320 4.980350
v -0.124844 1.252141 4.980803
v -0.122835 1.244277 4.982146
v -0.119571 1.237030 4.984327
v -0.115180 1.230677 4.987261
v -0.109828 1.225464 4.990837
v -0.103723 1.221590 4.994916
v -0.097098 1.219205 4.999342
v -0.097864 1.301435 5.000775
v -0.105225 1.299049 4.997726
v -0.112009 1.295175 4.994916
v -0.117955 1.289962 4.992453
v -0.122835 1.283609 4.990432
v -0.126461 1.276362 4.988930
v -0.128694 1.268498 4.988005
v -0.129448 1.260320 4.987692
v -0.128694 1.252141 4.988005
v -0.126461 1.244277 4.988930
v -0.122835 1.237030 4.990432
v -0.117955 1.230677 4.992453
v -0.112009 1.225464 4.994916
v -0.105225 1.221590 4.997726
v -0.097864 1.219205 5.000775
v -0.098335 1.301435 5.002329
v -0.106150 1.299049 5.000775
v -0.113352 1.295175 4.999342
v -0.119664 1.289962 4.998087
v -0.124844 1.283609 4.997056
v -0.128694 1.276362 4.996291
v -0.131064 1.268498 4.995820
v -0.131864 1.260320 4.995660
v -0.131064 1.252141 4.995820
v -0.128694 1.244277 4.996291
v -0.124844 1.237030 4.997056
v -0.119664 1.230677 4.998087
v -0.113352 1.225464 4.999342
v -0.106150 1.221590 5.000775
v -0.098335 1.219205 5.002329
v -0.098495 1.301435 5.003946
v -0.106462 1.299049 5.003946
v -0.120241 1.289962 5.003946
v -0.129448 1.276362 5.003946
v -0.129448 1.244277 5.003946
v -0.120241 1.230677 5.003946
v -0.113805 1.225464 5.003946
v -0.106462 1.221590 5.003946
v -0.098495 1.219205 5.003946
v -0.113805 1.988599 5.003946
v -0.125523 1.977033 5.003946
v -0.131865 1.961922 5.003946
v -0.132681 1.953744 5.003946
v -0.131865 1.945565 5.003946
v -0.125523 1.930454 5.003946
v -0.098335 1.994859 5.005562
v -0.106150 1.992473 5.007116
v -0.113352 1.988599 5.008549
v -0.119664 1.983386 5.009805
v -0.124844 1.977033 5.010835
v -0.128694 1.969786 5.011601
v -0.131064 1.961922 5.012073
v -0.131865 1.953744 5.012232
v -0.131064 1.945565 5.012073
v -0.128694 1.937701 5.011601
v -0.124844 1.930454 5.010835
v -0.119664 1.924101 5.009805
v -0.113352 1.918888 5.008549
v -0.106150 1.915014 5.007116
v -0.098335 1.912629 5.005562
v -0.097864 1.994859 5.007116
v -0.105225 1.992473 5.010166
v -0.112009 1.988599 5.012976
v -0.117955 1.983386 5.015439
v -0.122835 1.977033 5.017460
v -0.126461 1.969786 5.018962
v -0.128694 1.961922 5.019887
v -0.129448 1.953744 5.020199
v -0.128694 1.945565 5.019887
v -0.126461 1.937701 5.018962
v -0.122835 1.930454 5.017460
v -0.117955 1.924101 5.015439
v -0.112009 1.918888 5.012976
v -0.105225 1.915014 5.010166
v -0.097864 1.912629 5.007116
v -0.097098 1.994859 5.008549
v -0.103723 1.992473 5.012976
v -0.109828 1.988599 5.017055
v -0.115180 1.983386 5.020631
v -0.119571 1.977033 5.023565
v -0.122835 1.969786 5.025746
v -0.124844 1.961922 5.027089
v -0.125523 1.953744 5.027542
v -0.124844 1.945565 5.027089
v -0.122835 1.937701 5.025746
v -0.119571 1.930454 5.023565
v -0.115180 1.924101 5.020631
v -0.109828 1.918888 5.017055
v -0.103723 1.915014 5.012976
v -0.097098 1.912629 5.008549
v -0.096068 1.994859 5.009805
v -0.101702 1.992473 5.015439
v -0.106894 1.988599 5.020631
v -0.111445 1.983386 5.025182
v -0.115180 1.977033 5.028917
v -0.117955 1.969786 5.031692
v -0.119664 1.961922 5.033401
v -0.120241 1.953744 5.033978
v -0.119664 1.945565 5.033401
v -0.117955 1.937701 5.031692
v -0.115180 1.930454 5.028917
v -0.111445 1.924101 5.025182
v -0.106894 1.918888 5.020631
v -0.101702 1.915014 5.015439
v -0.096068 1.912629 5.009805
v -0.094812 1.994859 5.010835
v -0.099239 1.992473 5.017460
v -0.103318 1.988599 5.023565
v -0.106894 1.983386 5.028917
v -0.109828 1.977033 5.033309
v -0.112009 1.969786 5.036572
v -0.113352 1.961922 5.038581
v -0.113805 1.953744 5.039260
v -0.113352 1.945565 5.038581
v -0.112009 1.937701 5.036572
v -0.109828 1.930454 5.033309
v -0.106894 1.924101 5.028917
v -0.103318 1.918888 5.023565
v -0.099239 1.915014 5.017460
v -0.094812 1.912629 5.010835
v -0.090209 1.995664 5.003946
v -0.093380 1.994859 5.011601
v -0.096429 1.992473 5.018962
v -0.099239 1.988599 5.025746
v -0.101702 1.983386 5.031692
v -0.103723 1.977033 5.036572
v -0.105225 1.969786 5.040198
v -0.106150 1.961922 5.042431
v -0.106462 1.953744 5.043185
v -0.106150 1.945565 5.042431
v -0.105225 1.937701 5.040198
v -0.103723 1.930454 5.036572
v -0.101702 1.924101 5.031692
v -0.099239 1.918888 5.025746
v -0.096429 1.915014 5.018962
v -0.093380 1.912629 5.011601
v -0.091825 1.994859 5.012073
v -0.093380 1.992473 5.019887
v -0.094812 1.988599 5.027089
v -0.096068 1.983386 5.033401
v -0.097098 1.977033 5.038581
v -0.097864 1.969786 5.042431
v -0.098335 1.961922 5.044801
v -0.098495 1.953744 5.045602
v -0.098335 1.945565 5.044801
v -0.097864 1.937701 5.042431
v -0.097098 1.930454 5.038581
v -0.096068 1.924101 5.033401
v -0.094812 1.918888 5.027089
v -0.093380 1.915014 5.019887
v -0.091825 1.912629 5.012073
v -0.090209 1.994859 5.012232
v -0.090209 1.992473 5.020199
v -0.090209 1.988599 5.027542
v -0.090209 1.983386 5.033978
v -0.090209 1.977033 5.039260
v -0.090209 1.969786 5.043185
v -0.090209 1.961922 5.045602
v -0.090209 1.953744 5.046418
v -0.090209 1.945565 5.045602
v -0.090209 1.937701 5.043185
v -0.090209 1.930454 5.039260
v -0.090209 1.924101 5.033978
v -0.090209 1.918888 5.027542
v -0.090209 1.915014 5.020199
v -0.090209 1.912629 5.012232
v -0.088592 1.994859 5.012073
v -0.087038 1.992473 5.019887
v -0.085605 1.988599 5.027089
v -0.084350 1.983386 5.033401
v -0.083319 1.977033 5.038581
v -0.082554 1.969786 5.042431
v -0.082082 1.961922 5.044801
v -0.081923 1.953744 5.045602
v -0.082082 1.945565 5.044801
v -0.082554 1.937701 5.042431
v -0.083319 1.930454 5.038581
v -0.084350 1.924101 5.033401
v -0.085605 1.918888 5.027089
v -0.087038 1.915014 5.019887
v -0.088592 1.912629 5.012073
v -0.087038 1.994859 5.011601
v -0.083989 1.992473 5.018962
v -0.081179 1.988599 5.025746
v -0.078716 1.983386 5.031692
v -0.076695 1.977033 5.036572
v -0.075193 1.969786 5.040198
v -0.074268 1.961922 5.042431
v -0.073956 1.953744 5.043185
v -0.074268 1.945565 5.042431
v -0.075193 1.937701 5.040198
v -0.076695 1.930454 5.036572
v -0.078716 1.924101 5.031692
v -0.081179 1.918888 5.025746
v -0.083989 1.915014 5.018962
v -0.087038 1.912629 5.011601
v -0.085605 1.994859 5.010835
v -0.081179 1.992473 5.017460
v -0.077100 1.988599 5.023565
v -0.073524 1.983386 5.028917
v -0.070589 1.977033 5.033309
v -0.068409 1.969786 5.036572
v -0.067066 1.961922 5.038581
v -0.066613 1.953744 5.039260
v -0.067066 1.945565 5.038581
v -0.068409 1.937701 5.036572
v -0.070589 1.930454 5.033309
v -0.073524 1.924101 5.028917
v -0.077100 1.918888 5.023565
v -0.081179 1.915014 5.017460
v -0.085605 1.912629 5.010835
v -0.084350 1.994859 5.009805
v -0.078716 1.992473 5.015439
v -0.073524 1.988599 5.020631
v -0.068973 1.983386 5.025182
v -0.065238 1.977033 5.028917
v -0.062463 1.969786 5.031692
v -0.060754 1.961922 5.033401
v -0.060177 1.953744 5.033978
v -0.060754 1.945565 5.033401
v -0.062463 1.937701 5.031692
v -0.065238 1.930454 5.028917
v -0.068973 1.924101 5.025182
v -0.073524 1.918888 5.020631
v -0.078716 1.915014 5.015439
v -0.084350 1.912629 5.009805
v -0.083319 1.994859 5.008549
v -0.076695 1.992473 5.012976
v -0.070589 1.988599 5.017055
v -0.065238 1.983386 5.020631
v -0.060846 1.977033 5.023565
v -0.057583 1.969786 5.025746
v -0.055573 1.961922 5.027089
v -0.054895 1.953744 5.027542
v -0.055573 1.945565 5.027089
v -0.057583 1.937701 5.025746
v -0.060846 1.930454 5.023565
v -0.065238 1.924101 5.020631
v -0.070589 1.918888 5.017055
v -0.076695 1.915014 5.012976
v -0.083319 1.912629 5.008549
v -0.082554 1.994859 5.007116
v -0.075193 1.992473 5.010166
v -0.068409 1.988599 5.012976
v -0.062463 1.983386 5.015439
v -0.057583 1.977033 5.017460
v -0.053957 1.969786 5.018962
v -0.051724 1.961922 5.019887
v -0.050970 1.953744 5.020199
v -0.051724 1.945565 5.019887
v -0.053957 1.937701 5.018962
v -0.057583 1.930454 5.017460
v -0.062463 1.924101 5.015439
v -0.068409 1.918888 5.012976
v -0.075193 1.915014 5.010166
v -0.082554 1.912629 5.007116
v -0.082082 1.994859 5.005562
v -0.074268 1.992473 5.007116
v -0.067066 1.988599 5.008549
v -0.060754 1.983386 5.009805
v -0.055573 1.977033 5.010835
v -0.051724 1.969786 5.011601
v -0.049354 1.961922 5.012073
v -0.048553 1.953744 5.012232
v -0.049354 1.945565 5.012073
v -0.051724 1.937701 5.011601
v -0.055573 1.930454 5.010835
v -0.060754 1.924101 5.009805
v -0.067066 1.918888 5.008549
v -0.074268 1.915014 5.007116
v -0.082082 1.912629 5.005562
v -0.081923 1.994859 5.003946
v -0.073956 1.992473 5.003946
v -0.066613 1.988599 5.003946
v -0.060177 1.983386 5.003946
v -0.054895 1.977033 5.003946
v -0.050970 1.969786 5.003946
v -0.048553 1.961922 5.003946
v -0.047737 1.953744 5.003946
v -0.048553 1.945565 5.003946
v -0.050970 1.937701 5.003946
v -0.054895 1.930454 5.003946
v -0.060177 1.924101 5.003946
v -0.066613 1.918888 5.003946
v -0.073956 1.915014 5.003946
v -0.081923 1.912629 5.003946
v -0.082082 1.994859 5.002329
v -0.074268 1.992473 5.000775
v -0.067066 1.988599 4.999342
v -0.060754 1.983386 4.998087
v -0.055573 1.977033 4.997056
v -0.051724 1.969786 4.996291
v -0.049354 1.961922 4.995820
v -0.048553 1.953744 4.995660
v -0.049354 1.945565 4.995820
v -0.051724 1.937701 4.996291
v -0.055573 1.930454 4.997056
v -0.060754 1.924101 4.998087
v -0.067066 1.918888 4.999342
v -0.074268 1.915014 5.000775
v -0.082082 1.912629 5.002329
v -0.082554 1.994859 5.000775
v -0.075193 1.992473 4.997726
v -0.068409 1.988599 4.994916
v -0.062463 1.983386 4.992453
v -0.057583 1.977033 4.990432
v -0.053957 1.969786 4.988930
v -0.051724 1.961922 4.988005
v -0.050970 1.953744 4.987692
v -0.051724 1.945565 4.988005
v -0.053957 1.937701 4.988930
v -0.057583 1.930454 4.990432
v -0.062463 1.924101 4.992453
v -0.068409 1.918888 4.994916
v -0.075193 1.915014 4.997726
v -0.082554 1.912629 5.000775
v -0.083319 1.994859 4.999342
v -0.076695 1.992473 4.994916
v -0.070589 1.988599 4.990837
v -0.065238 1.983386 4.987261
v -0.060846 1.977033 4.984327
v -0.057583 1.969786 4.982146
v -0.055573 1.961922 4.980803
v -0.054895 1.953744 4.980350
v -0.055573 1.945565 4.980803
v -0.057583 1.937701 4.982146
v -0.060846 1.930454 4.984327
v -0.065238 1.924101 4.987261
v -0.070589 1.918888 4.990837
v -0.076695 1.915014 4.994916
v -0.083319 1.912629 4.999342
v -0.084350 1.994859 4.998087
v -0.078716 1.992473 4.992453
v -0.073524 1.988599 4.987261
v -0.068973 1.983386 4.982710
v -0.065238 1.977033 4.978975
v -0.062463 1.969786 4.976200
v -0.060754 1.961922 4.974491
v -0.060177 1.953744 4.973914
v -0.060754 1.945565 4.974491
v -0.062463 1.937701 4.976200
v -0.065238 1.930454 4.978975
v -0.068973 1.924101 4.982710
v -0.073524 1.918888 4.987261
v -0.078716 1.915014 4.992453
v -0.084350 1.912629 4.998087
v -0.090209 1.911823 5.003946
v -0.085605 1.994859 4.997056
v -0.081179 1.992473 4.990432
v -0.077100 1.988599 4.984327
v -0.073524 1.983386 4.978975
v -0.070589 1.977033 4.974583
v -0.068409 1.969786 4.971320
v -0.067066 1.961922 4.969310
v -0.066613 1.953744 4.968632
v -0.067066 1.945565 4.969310
v -0.068409 1.937701 4.971320
v -0.070589 1.930454 4.974583
v -0.073524 1.924101 4.978975
v -0.077100 1.918888 4.984327
v -0.081179 1.915014 4.990432
v -0.085605 1.912629 4.997056
v -0.087038 1.994859 4.996291
v -0.083989 1.992473 4.988930
v -0.081179 1.988599 4.982146
v -0.078716 1.983386 4.976200
v -0.076695 1.977033 4.971320
v -0.075193 1.969786 4.967694
v -0.074268 1.961922 4.965461
v -0.073956 1.953744 4.964707
v -0.074268 1.945565 4.965461
v -0.075193 1.937701 4.967694
v -0.076695 1.930454 4.971320
v -0.078716 1.924101 4.976200
v -0.081179 1.918888 4.982146
v -0.083989 1.915014 4.988930
v -0.087038 1.912629 4.996291
v -0.088592 1.994859 4.995820
v -0.087038 1.992473 4.988005
v -0.085605 1.988599 4.980803
v -0.084350 1.983386 4.974491
v -0.083319 1.977033 4.969310
v -0.082554 1.969786 4.965461
v -0.082082 1.961922 4.963090
v -0.081923 1.953744 4.962290
v -0.082082 1.945565 4.963090
v -0.082554 1.937701 4.965461
v -0.083319 1.930454 4.969310
v -0.084350 1.924101 4.974491
v -0.085605 1.918888 4.980803
v -0.087038 1.915014 4.988005
v -0.088592 1.912629 4.995820
v -0.090209 1.994859 4.995660
v -0.090209 1.992473 4.987692
v -0.090209 1.988599 4.980350
v -0.090209 1.983386 4.973914
v -0.090209 1.977033 4.968632
v -0.090209 1.969786 4.964707
v -0.090209 1.961922 4.962290
v -0.090209 1.953744 4.961474
v -0.090209 1.945565 4.962290
v -0.090209 1.937701 4.964707
v -0.090209 1.930454 4.968632
v -0.090209 1.924101 4.973914
v -0.090209 1.918888 4.980350
v -0.090209 1.915014 4.987692
v -0.090209 1.912629 4.995660
v -0.091825 1.994859 4.995820
v -0.093380 1.992473 4.988005
v -0.094812 1.988599 4.980803
v -0.096068 1.983386 4.974491
v -0.097098 1.977033 4.969310
v -0.097864 1.969786 4.965461
v -0.098336 1.961922 4.963090
v -0.098495 1.953744 4.962290
v -0.098336 1.945565 4.963090
v -0.097864 1.937701 4.965461
v -0.097098 1.930454 4.969310
v -0.096068 1.924101 4.974491
v -0.094812 1.918888 4.980803
v -0.093380 1.915014 4.988005
v -0.091825 1.912629 4.995820
v -0.093380 1.994859 4.996291
v -0.096429 1.992473 4.988930
v -0.099239 1.988599 4.982146
v -0.101702 1.983386 4.976200
v -0.103723 1.977033 4.971320
v -0.105225 1.969786 4.967694
v -0.106150 1.961922 4.965461
v -0.106462 1.953744 4.964707
v -0.106150 1.945565 4.965461
v -0.105225 1.937701 4.967694
v -0.103723 1.930454 4.971320
v -0.101702 1.924101 4.976200
v -0.099239 1.918888 4.982146
v -0.096429 1.915014 4.988930
v -0.093380 1.912629 4.996291
v -0.094812 1.994859 4.997056
v -0.099239 1.992473 4.990432
v -0.103318 1.988599 4.984327
v -0.106894 1.983386 4.978975
v -0.109828 1.977033 4.974583
v -0.112009 1.969786 4.971320
v -0.113352 1.961922 4.969310
v -0.113805 1.953744 4.968632
v -0.113352 1.945565 4.969310
v -0.112009 1.937701 4.971320
v -0.109828 1.930454 4.974583
v -0.106894 1.924101 4.978975
v -0.103318 1.918888 4.984327
v -0.099239 1.915014 4.990432
v -0.094812 1.912629 4.997056
v -0.096068 1.994859 4.998087
v -0.101702 1.992473 4.992453
v -0.106894 1.988599 4.987261
v -0.111445 1.983386 4.982710
v -0.115180 1.977033 4.978975
v -0.117955 1.969786 4.976200
v -0.119664 1.961922 4.974491
v -0.120241 1.953744 4.973914
v -0.119664 1.945565 4.974491
v -0.117955 1.937701 4.976200
v -0.115180 1.930454 4.978975
v -0.111445 1.924101 4.982710
v -0.106894 1.918888 4.987261
v -0.101702 1.915014 4.992453
v -0.096068 1.912629 4.998087
v -0.097098 1.994859 4.999342
v -0.103723 1.992473 4.994916
v -0.109828 1.988599 4.990837
v -0.115180 1.983386 4.987261
v -0.119571 1.977033 4.984327
v -0.122835 1.969786 4.982146
v -0.124844 1.961922 4.980803
v -0.125523 1.953744 4.980350
v -0.124844 1.945565 4.980803
v -0.122835 1.937701 4.982146
v -0.119571 1.930454 4.984327
v -0.115180 1.924101 4.987261
v -0.109828 1.918888 4.990837
v -0.103723 1.915014 4.994916
v -0.097098 1.912629 4.999342
v -0.097864 1.994859 5.000775
v -0.105225 1.992473 4.997726
v -0.112009 1.988599 4.994916
v -0.117955 1.983386 4.992453
v -0.122835 1.977033 4.990432
v -0.126461 1.969786 4.988930
v -0.128694 1.961922 4.988005
v -0.129448 1.953744 4.987692
v -0.128694 1.945565 4.988005
v -0.126461 1.937701 4.988930
v -0.122835 1.930454 4.990432
v -0.117955 1.924101 4.992453
v -0.112009 1.918888 4.994916
v -0.105225 1.915014 4.997726
v -0.097864 1.912629 5.000775
v -0.098335 1.994859 5.002329
v -0.106150 1.992473 5.000775
v -0.113352 1.988599 4.999342
v -0.119664 1.983386 4.998087
v -0.124844 1.977033 4.997056
v -0.128694 1.969786 4.996291
v -0.131064 1.961922 4.995820
v -0.131864 1.953744 4.995660
v -0.131064 1.945565 4.995820
v -0.128694 1.937701 4.996291
v -0.124844 1.930454 4.997056
v -0.119664 1.924101 4.998087
v -0.113352 1.918888 4.999342
v -0.106150 1.915014 5.000775
v -0.098335 1.912629 5.002329
v -0.098495 1.994859 5.003946
v -0.106462 1.992473 5.003946
v -0.120241 1.983386 5.003946
v -0.129448 1.969786 5.003946
v -0.129448 1.937701 5.003946
v -0.120241 1.924101 5.003946
v -0.113805 1.918888 5.003946
v -0.106462 1.915014 5.003946
v -0.098495 1.912629 5.003946
v -0.113806 1.988599 4.655159
v -0.125523 1.977033 4.655159
v -0.131865 1.961922 4.655159
v -0.132681 1.953744 4.655159
v -0.131865 1.945565 4.655159
v -0.125523 1.930454 4.655159
v -0.098336 1.994859 4.656775
v -0.106150 1.992473 4.658329
v -0.113352 1.988599 4.659762
v -0.119664 1.983386 4.661017
v -0.124845 1.977033 4.662048
v -0.128694 1.969786 4.662814
v -0.131065 1.961922 4.663285
v -0.131865 1.953744 4.663445
v -0.131065 1.945565 4.663285
v -0.128694 1.937701 4.662814
v -0.124845 1.930454 4.662048
v -0.119664 1.924101 4.661017
v -0.113352 1.918888 4.659762
v -0.106150 1.915014 4.658329
v -0.098336 1.912629 4.656775
v -0.097865 1.994859 4.658329
v -0.105226 1.992473 4.661378
v -0.112009 1.988599 4.664188
v -0.117955 1.983386 4.666651
v -0.122835 1.977033 4.668673
v -0.126461 1.969786 4.670175
v -0.128694 1.961922 4.671100
v -0.129448 1.953744 4.671412
v -0.128694 1.945565 4.671100
v -0.126461 1.937701 4.670175
v -0.122835 1.930454 4.668673
v -0.117955 1.924101 4.666651
v -0.112009 1.918888 4.664188
v -0.105226 1.915014 4.661378
v -0.097865 1.912629 4.658329
v -0.097099 1.994859 4.659762
v -0.103724 1.992473 4.664188
v -0.109829 1.988599 4.668268
v -0.115180 1.983386 4.671844
v -0.119572 1.977033 4.674778
v -0.122835 1.969786 4.676959
v -0.124845 1.961922 4.678301
v -0.125523 1.953744 4.678755
v -0.124845 1.945565 4.678301
v -0.122835 1.937701 4.676959
v -0.119572 1.930454 4.674778
v -0.115180 1.924101 4.671844
v -0.109829 1.918888 4.668268
v -0.103724 1.915014 4.664188
v -0.097099 1.912629 4.659762
v -0.096068 1.994859 4.661017
v -0.101702 1.992473 4.666651
v -0.106894 1.988599 4.671844
v -0.111445 1.983386 4.676394
v -0.115180 1.977033 4.680130
v -0.117955 1.969786 4.682905
v -0.119664 1.961922 4.684613
v -0.120242 1.953744 4.685191
v -0.119664 1.945565 4.684613
v -0.117955 1.937701 4.682905
v -0.115180 1.930454 4.680130
v -0.111445 1.924101 4.676394
v -0.106894 1.918888 4.671844
v -0.101702 1.915014 4.666651
v -0.096068 1.912629 4.661017
v -0.094813 1.994859 4.662048
v -0.099239 1.992473 4.668673
v -0.103319 1.988599 4.674778
v -0.106894 1.983386 4.680130
v -0.109829 1.977033 4.684521
v -0.112009 1.969786 4.687785
v -0.113352 1.961922 4.689794
v -0.113805 1.953744 4.690473
v -0.113352 1.945565 4.689794
v -0.112009 1.937701 4.687785
v -0.109829 1.930454 4.684521
v -0.106894 1.924101 4.680130
v -0.103319 1.918888 4.674778
v -0.099239 1.915014 4.668673
v -0.094813 1.912629 4.662048
v -0.090209 1.995664 4.655159
v -0.093380 1.994859 4.662814
v -0.096429 1.992473 4.670175
v -0.099239 1.988599 4.676959
v -0.101702 1.983386 4.682905
v -0.103724 1.977033 4.687785
v -0.105226 1.969786 4.691411
v -0.106150 1.961922 4.693644
v -0.106463 1.953744 4.694397
v -0.106150 1.945565 4.693644
v -0.105226 1.937701 4.691411
v -0.103724 1.930454 4.687785
v -0.101702 1.924101 4.682905
v -0.099239 1.918888 4.676959
v -0.096429 1.915014 4.670175
v -0.093380 1.912629 4.662814
v -0.091826 1.994859 4.663285
v -0.093380 1.992473 4.671100
v -0.094813 1.988599 4.678301
v -0.096068 1.983386 4.684613
v -0.097099 1.977033 4.689794
v -0.097865 1.969786 4.693644
v -0.098336 1.961922 4.696014
v -0.098495 1.953744 4.696815
v -0.098336 1.945565 4.696014
v -0.097865 1.937701 4.693644
v -0.097099 1.930454 4.689794
v -0.096068 1.924101 4.684613
v -0.094813 1.918888 4.678301
v -0.093380 1.915014 4.671100
v -0.091826 1.912629 4.663285
v -0.090209 1.994859 4.663445
v -0.090209 1.992473 4.671412
v -0.090209 1.988599 4.678755
v -0.090209 1.983386 4.685191
v -0.090209 1.977033 4.690473
v -0.090209 1.969786 4.694397
v -0.090209 1.961922 4.696815
v -0.090209 1.953744 4.697630
v -0.090209 1.945565 4.696815
v -0.090209 1.937701 4.694397
v -0.090209 1.930454 4.690473
v -0.090209 1.924101 4.685191
v -0.090209 1.918888 4.678755
v -0.090209 1.915014 4.671412
v -0.090209 1.912629 4.663445
v -0.088593 1.994859 4.663285
v -0.087039 1.992473 4.671100
v -0.085606 1.988599 4.678301
v -0.084350 1.983386 4.684613
v -0.083320 1.977033 4.689794
v -0.082554 1.969786 4.693644
v -0.082083 1.961922 4.696014
v -0.081924 1.953744 4.696815
v -0.082083 1.945565 4.696014
v -0.082554 1.937701 4.693644
v -0.083320 1.930454 4.689794
v -0.084350 1.924101 4.684613
v -0.085606 1.918888 4.678301
v -0.087039 1.915014 4.671100
v -0.088593 1.912629 4.663285
v -0.087039 1.994859 4.662814
v -0.083990 1.992473 4.670175
v -0.081180 1.988599 4.676959
v -0.078717 1.983386 4.682905
v -0.076695 1.977033 4.687785
v -0.075193 1.969786 4.691411
v -0.074268 1.961922 4.693644
v -0.073956 1.953744 4.694397
v -0.074268 1.945565 4.693644
v -0.075193 1.937701 4.691411
v -0.076695 1.930454 4.687785
v -0.078717 1.924101 4.682905
v -0.081180 1.918888 4.676959
v -0.083990 1.915014 4.670175
v -0.087039 1.912629 4.662814
v -0.085606 1.994859 4.662048
v -0.081180 1.992473 4.668673
v -0.077100 1.988599 4.674778
v -0.073525 1.983386 4.680130
v -0.070590 1.977033 4.684521
v -0.068410 1.969786 4.687785
v -0.067067 1.961922 4.689794
v -0.066613 1.953744 4.690473
v -0.067067 1.945565 4.689794
v -0.068410 1.937701 4.687785
v -0.070590 1.930454 4.684521
v -0.073525 1.924101 4.680130
v -0.077100 1.918888 4.674778
v -0.081180 1.915014 4.668673
v -0.085606 1.912629 4.662048
v -0.084350 1.994859 4.661017
v -0.078717 1.992473 4.666651
v -0.073525 1.988599 4.671844
v -0.068974 1.983386 4.676394
v -0.065239 1.977033 4.680130
v -0.062463 1.969786 4.682905
v -0.060754 1.961922 4.684613
v -0.060177 1.953744 4.685191
v -0.060754 1.945565 4.684613
v -0.062463 1.937701 4.682905
v -0.065239 1.930454 4.680130
v -0.068974 1.924101 4.676394
v -0.073525 1.918888 4.671844
v -0.078717 1.915014 4.666651
v -0.084350 1.912629 4.661017
v -0.083320 1.994859 4.659762
v -0.076695 1.992473 4.664188
v -0.070590 1.988599 4.668268
v -0.065239 1.983386 4.671844
v -0.060847 1.977033 4.674778
v -0.057584 1.969786 4.676959
v -0.055574 1.961922 4.678301
v -0.054895 1.953744 4.678755
v -0.055574 1.945565 4.678301
v -0.057584 1.937701 4.676959
v -0.060847 1.930454 4.674778
v -0.065239 1.924101 4.671844
v -0.070590 1.918888 4.668268
v -0.076695 1.915014 4.664188
v -0.083320 1.912629 4.659762
v -0.082554 1.994859 4.658329
v -0.075193 1.992473 4.661378
v -0.068410 1.988599 4.664188
v -0.062463 1.983386 4.666651
v -0.057584 1.977033 4.668673
v -0.053957 1.969786 4.670175
v -0.051725 1.961922 4.671100
v -0.050971 1.953744 4.671412
v -0.051725 1.945565 4.671100
v -0.053957 1.937701 4.670175
v -0.057584 1.930454 4.668673
v -0.062463 1.924101 4.666651
v -0.068410 1.918888 4.664188
v -0.075193 1.915014 4.661378
v -0.082554 1.912629 4.658329
v -0.082083 1.994859 4.656775
v -0.074268 1.992473 4.658329
v -0.067067 1.988599 4.659762
v -0.060754 1.983386 4.661017
v -0.055574 1.977033 4.662048
v -0.051725 1.969786 4.662814
v -0.049354 1.961922 4.663285
v -0.048554 1.953744 4.663445
v -0.049354 1.945565 4.663285
v -0.051725 1.937701 4.662814
v -0.055574 1.930454 4.662048
v -0.060754 1.924101 4.661017
v -0.067067 1.918888 4.659762
v -0.074268 1.915014 4.658329
v -0.082083 1.912629 4.656775
v -0.081924 1.994859 4.655159
v -0.073956 1.992473 4.655159
v -0.066613 1.988599 4.655159
v -0.060177 1.983386 4.655159
v -0.054895 1.977033 4.655159
v -0.050971 1.969786 4.655159
v -0.048554 1.961922 4.655159
v -0.047738 1.953744 4.655159
v -0.048554 1.945565 4.655159
v -0.050971 1.937701 4.655159
v -0.054895 1.930454 4.655159
v -0.060177 1.924101 4.655159
v -0.066613 1.918888 4.655159
v -0.073956 1.915014 4.655159
v -0.081924 1.912629 4.655159
v -0.082083 1.994859 4.653542
v -0.074268 1.992473 4.651988
v -0.067067 1.988599 4.650555
v -0.060754 1.983386 4.649300
v -0.055574 1.977033 4.648269
v -0.051725 1.969786 4.647504
v -0.049354 1.961922 4.647032
v -0.048554 1.953744 4.646873
v -0.049354 1.945565 4.647032
v -0.051725 1.937701 4.647504
v -0.055574 1.930454 4.648269
v -0.060754 1.924101 4.649300
v -0.067067 1.918888 4.650555
v -0.074268 1.915014 4.651988
v -0.082083 1.912629 4.653542
v -0.082554 1.994859 4.651988
v -0.075193 1.992473 4.648939
v -0.068410 1.988599 4.646129
v -0.062463 1.983386 4.643666
v -0.057584 1.977033 4.641644
v -0.053957 1.969786 4.640143
v -0.051725 1.961922 4.639217
v -0.050971 1.953744 4.638905
v -0.051725 1.945565 4.639217
v -0.053957 1.937701 4.640143
v -0.057584 1.930454 4.641644
v -0.062463 1.924101 4.643666
v -0.068410 1.918888 4.646129
v -0.075193 1.915014 4.648939
v -0.082554 1.912629 4.651988
v -0.083320 1.994859 4.650555
v -0.076695 1.992473 4.646129
v -0.070590 1.988599 4.642049
v -0.065239 1.983386 4.638474
v -0.060847 1.977033 4.635540
v -0.057584 1.969786 4.633359
v -0.055574 1.961922 4.632016
v -0.054895 1.953744 4.631563
v -0.055574 1.945565 4.632016
v -0.057584 1.937701 4.633359
v -0.060847 1.930454 4.635540
v -0.065239 1.924101 4.638474
v -0.070590 1.918888 4.642049
v -0.076695 1.915014 4.646129
v -0.083320 1.912629 4.650555
v -0.084350 1.994859 4.649300
v -0.078717 1.992473 4.643666
v -0.073525 1.988599 4.638474
v -0.068974 1.983386 4.633923
v -0.065239 1.977033 4.630188
v -0.062463 1.969786 4.627412
v -0.060754 1.961922 4.625704
v -0.060177 1.953744 4.625126
v -0.060754 1.945565 4.625704
v -0.062463 1.937701 4.627412
v -0.065239 1.930454 4.630188
v -0.068974 1.924101 4.633923
v -0.073525 1.918888 4.638474
v -0.078717 1.915014 4.643666
v -0.084350 1.912629 4.649300
v -0.090209 1.911823 4.655159
v -0.085606 1.994859 4.648269
v -0.081180 1.992473 4.641644
v -0.077100 1.988599 4.635540
v -0.073525 1.983386 4.630188
v -0.070590 1.977033 4.625796
v -0.068410 1.969786 4.622533
v -0.067067 1.961922 4.620523
v -0.066613 1.953744 4.619844
v -0.067067 1.945565 4.620523
v -0.068410 1.937701 4.622533
v -0.070590 1.930454 4.625796
v -0.073525 1.924101 4.630188
v -0.077100 1.918888 4.635540
v -0.081180 1.915014 4.641644
v -0.085606 1.912629 4.648269
v -0.087039 1.994859 4.647504
v -0.083990 1.992473 4.640143
v -0.081180 1.988599 4.633359
v -0.078717 1.983386 4.627412
v -0.076695 1.977033 4.622533
v -0.075193 1.969786 4.618906
v -0.074269 1.961922 4.616674
v -0.073956 1.953744 4.615920
v -0.074269 1.945565 4.616674
v -0.075193 1.937701 4.618906
v -0.076695 1.930454 4.622533
v -0.078717 1.924101 4.627412
v -0.081180 1.918888 4.633359
v -0.083990 1.915014 4.640143
v -0.087039 1.912629 4.647504
v -0.088593 1.994859 4.647032
v -0.087039 1.992473 4.639217
v -0.085606 1.988599 4.632016
v -0.084350 1.983386 4.625704
v -0.083320 1.977033 4.620523
v -0.082554 1.969786 4.616674
v -0.082083 1.961922 4.614303
v -0.081924 1.953744 4.613503
v -0.082083 1.945565 4.614303
v -0.082554 1.937701 4.616674
v -0.083320 1.930454 4.620523
v -0.084350 1.924101 4.625704
v -0.085606 1.918888 4.632016
v -0.087039 1.915014 4.639217
v -0.088593 1.912629 4.647032
v -0.090209 1.994859 4.646873
v -0.090209 1.992473 4.638905
v -0.090209 1.988599 4.631563
v -0.090209 1.983386 4.625126
v -0.090209 1.977033 4.619844
v -0.090209 1.969786 4.615920
v -0.090209 1.961922 4.613503
v -0.090209 1.953744 4.612687
v -0.090209 1.945565 4.613503
v -0.090209 1.937701 4.615920
v -0.090209 1.930454 4.619844
v -0.090209 1.924101 4.625126
v -0.090209 1.918888 4.631563
v -0.090209 1.915014 4.638905
v -0.090209 1.912629 4.646873
v -0.091826 1.994859 4.647032
v -0.093380 1.992473 4.639217
v -0.094813 1.988599 4.632016
v -0.096068 1.983386 4.625704
v -0.097099 1.977033 4.620523
v -0.097865 1.969786 4.616674
v -0.098336 1.961922 4.614303
v -0.098495 1.953744 4.613503
v -0.098336 1.945565 4.614303
v -0.097865 1.937701 4.616674
v -0.097099 1.930454 4.620523
v -0.096068 1.924101 4.625704
v -0.094813 1.918888 4.632016
v -0.093380 1.915014 4.639217
v -0.091826 1.912629 4.647032
v -0.093380 1.994859 4.647504
v -0.096429 1.992473 4.640143
v -0.099239 1.988599 4.633359
v -0.101702 1.983386 4.627412
v -0.103724 1.977033 4.622533
v -0.105225 1.969786 4.618906
v -0.106150 1.961922 4.616674
v -0.106463 1.953744 4.615920
v -0.106150 1.945565 4.616674
v -0.105225 1.937701 4.618906
v -0.103724 1.930454 4.622533
v -0.101702 1.924101 4.627412
v -0.099239 1.918888 4.633359
v -0.096429 1.915014 4.640143
v -0.093380 1.912629 4.647504
v -0.094813 1.994859 4.648269
v -0.099239 1.992473 4.641644
v -0.103319 1.988599 4.635540
v -0.106894 1.983386 4.630188
v -0.109829 1.977033 4.625796
v -0.112009 1.969786 4.622533
v -0.113352 1.961922 4.620523
v -0.113806 1.953744 4.619844
v -0.113352 1.945565 4.620523
v -0.112009 1.937701 4.622533
v -0.109829 1.930454 4.625796
v -0.106894 1.924101 4.630188
v -0.103319 1.918888 4.635540
v -0.099239 1.915014 4.641644
v -0.094813 1.912629 4.648269
v -0.096068 1.994859 4.649300
v -0.101702 1.992473 4.643666
v -0.106894 1.988599 4.638474
v -0.111445 1.983386 4.633923
v -0.115180 1.977033 4.630188
v -0.117955 1.969786 4.627412
v -0.119664 1.961922 4.625704
v -0.120242 1.953744 4.625126
v -0.119664 1.945565 4.625704
v -0.117955 1.937701 4.627412
v -0.115180 1.930454 4.630188
v -0.111445 1.924101 4.633923
v -0.106894 1.918888 4.638474
v -0.101702 1.915014 4.643666
v -0.096068 1.912629 4.649300
v -0.097099 1.994859 4.650555
v -0.103724 1.992473 4.646129
v -0.109829 1.988599 4.642049
v -0.115180 1.983386 4.638474
v -0.119572 1.977033 4.635540
v -0.122835 1.969786 4.633359
v -0.124845 1.961922 4.632016
v -0.125523 1.953744 4.631563
v -0.124845 1.945565 4.632016
v -0.122835 1.937701 4.633359
v -0.119572 1.930454 4.635540
v -0.115180 1.924101 4.638474
v -0.109829 1.918888 4.642049
v -0.103724 1.915014 4.646129
v -0.097099 1.912629 4.650555
v -0.097865 1.994859 4.651988
v -0.105225 1.992473 4.648939
v -0.112009 1.988599 4.646129
v -0.117955 1.983386 4.643666
v -0.122835 1.977033 4.641644
v -0.126461 1.969786 4.640143
v -0.128694 1.961922 4.639217
v -0.129448 1.953744 4.638905
v -0.128694 1.945565 4.639217
v -0.126461 1.937701 4.640143
v -0.122835 1.930454 4.641644
v -0.117955 1.924101 4.643666
v -0.112009 1.918888 4.646129
v -0.105225 1.915014 4.648939
v -0.097865 1.912629 4.651988
v -0.098336 1.994859 4.653542
v -0.106150 1.992473 4.651988
v -0.113352 1.988599 4.650555
v -0.119664 1.983386 4.649300
v -0.124845 1.977033 4.648269
v -0.128694 1.969786 4.647504
v -0.131065 1.961922 4.647032
v -0.131865 1.953744 4.646873
v -0.131065 1.945565 4.647032
v -0.128694 1.937701 4.647504
v -0.124845 1.930454 4.648269
v -0.119664 1.924101 4.649300
v -0.113352 1.918888 4.650555
v -0.106150 1.915014 4.651988
v -0.098336 1.912629 4.653542
v -0.098495 1.994859 4.655159
v -0.106463 1.992473 4.655159
v -0.120242 1.983386 4.655159
v -0.129448 1.969786 4.655159
v -0.129448 1.937701 4.655159
v -0.120242 1.924101 4.655159
v -0.113805 1.918888 4.655159
v -0.106463 1.915014 4.655159
v -0.098495 1.912629 4.655159
v 0.312268 -0.020726 4.306378
v 0.312268 2.379274 4.306378
v 0.318032 -0.020726 4.247851
v 0.318032 2.379274 4.247851
v 0.335104 -0.020726 4.191573
v 0.335104 2.379274 4.191573
v 0.362827 -0.020726 4.139707
v 0.362827 2.379274 4.139707
v 0.400136 -0.020726 4.094246
v 0.400136 2.379274 4.094246
v 0.445597 -0.020726 4.056937
v 0.445597 2.379274 4.056937
v 0.497463 -0.020726 4.029214
v 0.497463 2.379274 4.029214
v 0.553741 -0.020726 4.012143
v 0.553741 2.379274 4.012143
v 0.612268 -0.020726 4.006378
v 0.612268 2.379274 4.006378
v 0.670795 -0.020726 4.012143
v 0.670795 2.379274 4.012143
v 0.727073 -0.020726 4.029214
v 0.727073 2.379274 4.029214
v 0.778939 -0.020726 4.056937
v 0.778939 2.379274 4.056937
v 0.824400 -0.020726 4.094246
v 0.824400 2.379274 4.094246
v 0.861709 -0.020726 4.139707
v 0.861709 2.379274 4.139707
v 0.889432 -0.020726 4.191573
v 0.889432 2.379274 4.191573
v 0.906503 -0.020726 4.247851
v 0.906503 2.379274 4.247851
v 0.912268 -0.020726 4.306378
v 0.912268 2.379274 4.306378
v 0.906503 -0.020726 4.364905
v 0.906503 2.379274 4.364905
v 0.889432 -0.020726 4.421183
v 0.889432 2.379274 4.421183
v 0.861709 -0.020726 4.473049
v 0.861709 2.379274 4.473049
v 0.824400 -0.020726 4.518510
v 0.824400 2.379274 4.518510
v 0.778939 -0.020726 4.555820
v 0.778939 2.379274 4.555820
v 0.727073 -0.020726 4.583542
v 0.727073 2.379274 4.583542
v 0.670795 -0.020726 4.600614
v 0.670795 2.379274 4.600614
v 0.612268 -0.020726 4.606378
v 0.612268 2.379274 4.606378
v 0.553741 -0.020726 4.600614
v 0.553741 2.379274 4.600614
v 0.497463 -0.020726 4.583542
v 0.497463 2.379274 4.583542
v 0.445597 -0.020726 4.555820
v 0.445597 2.379274 4.555820
v 0.400136 -0.020726 4.518510
v 0.400136 2.379274 4.518510
v 0.362827 -0.020726 4.473049
v 0.362827 2.379274 4.473049
v 0.335104 -0.020726 4.421183
v 0.335104 2.379274 4.421183
v 0.318032 -0.020726 4.364905
v 0.318032 2.379274 4.364905
vn -0.9734 0.2292 -0.0000
vn -0.9547 -0.2292 -0.1899
vn -0.9734 -0.2292 -0.0000
vn -0.9547 0.2292 -0.1899
vn -0.8993 -0.2292 -0.3725
vn -0.8993 0.2292 -0.3725
vn -0.8093 -0.2292 -0.5408
vn -0.8093 0.2292 -0.5408
vn -0.6883 -0.2292 -0.6883
vn -0.6883 0.2292 -0.6883
vn -0.5408 -0.2292 -0.8093
vn -0.5408 0.2292 -0.8093
vn -0.3725 -0.2292 -0.8993
vn -0.3725 0.2292 -0.8993
vn -0.1899 -0.2292 -0.9547
vn -0.1899 0.2292 -0.9547
vn -0.0000 -0.2292 -0.9734
vn -0.0000 0.2292 -0.9734
vn 0.1899 -0.2292 -0.9547
vn 0.1899 0.2292 -0.9547
vn 0.3725 -0.2292 -0.8993
vn 0.3725 0.2292 -0.8993
vn 0.5408 -0.2292 -0.8093
vn 0.5408 0.2292 -0.8093
vn 0.6883 -0.2292 -0.6883
vn 0.6883 0.2292 -0.6883
vn 0.8093 -0.2292 -0.5408
vn 0.8093 0.2292 -0.5408
vn 0.8993 -0.2292 -0.3725
vn 0.8993 0.2292 -0.3725
vn 0.9547 -0.2292 -0.1899
vn 0.9547 0.2292 -0.1899
vn 0.9734 -0.2292 -0.0000
vn 0.9734 0.2292 -0.0000
vn 0.9547 -0.2292 0.1899
vn 0.9547 0.2292 0.1899
vn 0.8993 -0.2292 0.3725
vn 0.8993 0.2292 0.3725
vn 0.8093 -0.2292 0.5408
vn 0.8093 0.2292 0.5408
vn 0.6883 -0.2292 0.6883
vn 0.6883 0.2292 0.6883
vn 0.5408 -0.2292 0.8093
vn 0.5408 0.2292 0.8093
vn 0.3725 -0.2292 0.8993
vn 0.3725 0.2292 0.8993
vn 0.1899 -0.2292 0.9547
vn 0.1899 0.2292 0.9547
vn -0.0000 -0.2292 0.9734
vn -0.0000 0.2292 0.9734
vn -0.1899 -0.2292 0.9547
vn -0.1899 0.2292 0.9547
vn -0.3725 -0.2292 0.8993
vn -0.3725 0.2292 0.8993
vn -0.5408 -0.2292 0.8093
vn -0.5408 0.2292 0.8093
vn -0.6883 -0.2292 0.6883
vn -0.6883 0.2292 0.6883
vn -0.8093 -0.2292 0.5408
vn -0.8093 0.2292 0.5408
vn -0.8993 -0.2292 0.3725
vn -0.8993 0.2292 0.3725
vn -0.9547 -0.2292 0.1899
vn -0.9547 0.2292 0.1899
vn -0.0000 -0.0000 1.0000
vn -0.5954 0.8035 -0.0000
vn -0.0000 -0.0000 -1.0000
vn 1.0000 -0.0000 -0.0000
vn -0.0000 -1.0000 -0.0000
vn -0.0000 1.0000 -0.0000
vn -1.0000 -0.0000 -0.0000
vn -0.6051 -0.7961 -0.0000
vn -0.4533 0.8914 -0.0000
vn -0.4201 -0.9075 -0.0000
vn -0.4528 -0.0000 0.8916
vn -0.2682 -0.8056 0.5282
vn -0.3159 -0.9488 -0.0000
vn -0.3449 0.9386 -0.0000
vn -0.2867 0.9576 -0.0283
vn -0.9517 -0.2925 -0.0937
vn -0.4661 0.8835 -0.0459
vn -0.8760 -0.4744 -0.0863
vn -0.6282 0.7756 -0.0618
vn -0.7667 -0.6375 -0.0755
vn -0.7667 0.6375 -0.0755
vn -0.6282 -0.7756 -0.0618
vn -0.8761 0.4744 -0.0863
vn -0.4662 -0.8835 -0.0460
vn -0.9517 0.2925 -0.0937
vn -0.2868 -0.9576 -0.0283
vn -0.9903 0.0988 -0.0975
vn -0.0968 0.9953 -0.0096
vn -0.0967 -0.9953 -0.0094
vn -0.9903 -0.0988 -0.0975
vn -0.0930 0.9953 -0.0283
vn -0.0931 -0.9953 -0.0283
vn -0.9523 -0.0988 -0.2889
vn -0.2757 0.9576 -0.0837
vn -0.9151 -0.2925 -0.2776
vn -0.4482 0.8835 -0.1360
vn -0.8424 -0.4744 -0.2555
vn -0.6041 0.7756 -0.1833
vn -0.7372 -0.6375 -0.2237
vn -0.7373 0.6375 -0.2236
vn -0.6041 -0.7756 -0.1833
vn -0.8424 0.4744 -0.2556
vn -0.4482 -0.8835 -0.1360
vn -0.9151 0.2925 -0.2776
vn -0.2757 -0.9576 -0.0837
vn -0.9523 0.0988 -0.2889
vn -0.6795 0.6375 -0.3632
vn -0.5567 -0.7756 -0.2976
vn -0.7764 0.4744 -0.4150
vn -0.4131 -0.8835 -0.2208
vn -0.8434 0.2925 -0.4507
vn -0.2541 -0.9576 -0.1357
vn -0.8776 0.0988 -0.4691
vn -0.0857 0.9953 -0.0458
vn -0.0858 -0.9953 -0.0457
vn -0.8776 -0.0988 -0.4691
vn -0.2541 0.9576 -0.1358
vn -0.8433 -0.2925 -0.4508
vn -0.4131 0.8835 -0.2208
vn -0.7763 -0.4744 -0.4150
vn -0.5567 0.7756 -0.2976
vn -0.6794 -0.6375 -0.3632
vn -0.7692 -0.0988 -0.6313
vn -0.2227 0.9576 -0.1828
vn -0.7392 -0.2925 -0.6066
vn -0.3620 0.8835 -0.2972
vn -0.6805 -0.4744 -0.5585
vn -0.4880 0.7756 -0.4004
vn -0.5956 -0.6375 -0.4887
vn -0.5956 0.6375 -0.4888
vn -0.4880 -0.7756 -0.4005
vn -0.6805 0.4744 -0.5584
vn -0.3621 -0.8835 -0.2972
vn -0.7392 0.2925 -0.6067
vn -0.2227 -0.9576 -0.1828
vn -0.7692 0.0988 -0.6313
vn -0.0752 0.9953 -0.0616
vn -0.0751 -0.9953 -0.0617
vn -0.4005 -0.7756 -0.4880
vn -0.5585 0.4744 -0.6805
vn -0.2971 -0.8835 -0.3621
vn -0.6067 0.2925 -0.7392
vn -0.1828 -0.9576 -0.2228
vn -0.6313 0.0988 -0.7692
vn -0.0616 0.9953 -0.0753
vn -0.0617 -0.9953 -0.0751
vn -0.6312 -0.0988 -0.7693
vn -0.1828 0.9576 -0.2227
vn -0.6066 -0.2925 -0.7392
vn -0.2972 0.8835 -0.3620
vn -0.5584 -0.4745 -0.6805
vn -0.4005 0.7756 -0.4880
vn -0.4888 -0.6375 -0.5955
vn -0.4887 0.6375 -0.5956
vn -0.1358 0.9576 -0.2541
vn -0.4507 -0.2925 -0.8434
vn -0.2208 0.8835 -0.4131
vn -0.4150 -0.4744 -0.7764
vn -0.2976 0.7756 -0.5567
vn -0.3632 -0.6375 -0.6794
vn -0.3631 0.6375 -0.6795
vn -0.2976 -0.7756 -0.5567
vn -0.4150 0.4744 -0.7763
vn -0.2207 -0.8836 -0.4131
vn -0.4508 0.2925 -0.8433
vn -0.1358 -0.9576 -0.2540
vn -0.4691 0.0988 -0.8776
vn -0.0458 0.9953 -0.0857
vn -0.0458 -0.9953 -0.0858
vn -0.4691 -0.0988 -0.8776
vn -0.2555 0.4744 -0.8424
vn -0.1361 -0.8835 -0.4482
vn -0.2776 0.2925 -0.9151
vn -0.0836 -0.9576 -0.2757
vn -0.2889 0.0988 -0.9522
vn -0.0283 0.9953 -0.0931
vn -0.0283 -0.9953 -0.0930
vn -0.2889 -0.0988 -0.9522
vn -0.0837 0.9576 -0.2757
vn -0.2776 -0.2925 -0.9151
vn -0.1359 0.8835 -0.4482
vn -0.2555 -0.4744 -0.8424
vn -0.1833 0.7756 -0.6041
vn -0.2236 -0.6375 -0.7373
vn -0.2237 0.6375 -0.7372
vn -0.1833 -0.7756 -0.6040
vn -0.0937 -0.2925 -0.9517
vn -0.0459 0.8835 -0.4661
vn -0.0863 -0.4744 -0.8761
vn -0.0619 0.7756 -0.6282
vn -0.0756 -0.6375 -0.7667
vn -0.0756 0.6375 -0.7667
vn -0.0618 -0.7756 -0.6282
vn -0.0863 0.4744 -0.8761
vn -0.0459 -0.8835 -0.4661
vn -0.0938 0.2925 -0.9517
vn -0.0282 -0.9576 -0.2867
vn -0.0975 0.0988 -0.9903
vn -0.0095 0.9953 -0.0967
vn -0.0095 -0.9953 -0.0967
vn -0.0975 -0.0988 -0.9903
vn -0.0283 0.9576 -0.2867
vn 0.0459 -0.8835 -0.4661
vn 0.0938 0.2925 -0.9517
vn 0.0282 -0.9576 -0.2867
vn 0.0975 0.0988 -0.9903
vn 0.0095 0.9953 -0.0967
vn 0.0095 -0.9953 -0.0967
vn 0.0975 -0.0988 -0.9903
vn 0.0283 0.9576 -0.2867
vn 0.0937 -0.2925 -0.9517
vn 0.0459 0.8835 -0.4661
vn 0.0863 -0.4744 -0.8761
vn 0.0619 0.7756 -0.6282
vn 0.0756 -0.6375 -0.7667
vn 0.0756 0.6375 -0.7667
vn 0.0618 -0.7756 -0.6282
vn 0.0863 0.4744 -0.8761
vn 0.2555 -0.4744 -0.8424
vn 0.1833 0.7756 -0.6041
vn 0.2236 -0.6375 -0.7373
vn 0.2237 0.6375 -0.7373
vn 0.1833 -0.7756 -0.6040
vn 0.2555 0.4744 -0.8424
vn 0.1361 -0.8835 -0.4482
vn 0.2777 0.2925 -0.9151
vn 0.0836 -0.9576 -0.2757
vn 0.2889 0.0988 -0.9522
vn 0.0283 0.9953 -0.0931
vn 0.0283 -0.9953 -0.0930
vn 0.2889 -0.0988 -0.9523
vn 0.0837 0.9576 -0.2757
vn 0.2776 -0.2925 -0.9151
vn 0.1359 0.8835 -0.4482
vn 0.1358 -0.9576 -0.2540
vn 0.4691 0.0988 -0.8776
vn 0.0458 0.9953 -0.0857
vn 0.0458 -0.9953 -0.0858
vn 0.4691 -0.0988 -0.8776
vn 0.1358 0.9576 -0.2541
vn 0.4508 -0.2925 -0.8434
vn 0.2208 0.8835 -0.4131
vn 0.4150 -0.4744 -0.7764
vn 0.2976 0.7756 -0.5567
vn 0.3632 -0.6375 -0.6794
vn 0.3631 0.6375 -0.6795
vn 0.2976 -0.7756 -0.5567
vn 0.4150 0.4744 -0.7763
vn 0.2207 -0.8836 -0.4131
vn 0.4508 0.2925 -0.8434
vn 0.4005 0.7756 -0.4880
vn 0.4888 -0.6375 -0.5955
vn 0.4887 0.6375 -0.5956
vn 0.4005 -0.7756 -0.4880
vn 0.5585 0.4744 -0.6805
vn 0.2971 -0.8835 -0.3621
vn 0.6067 0.2925 -0.7392
vn 0.1828 -0.9576 -0.2228
vn 0.6313 0.0988 -0.7692
vn 0.0616 0.9953 -0.0753
vn 0.0617 -0.9953 -0.0751
vn 0.6313 -0.0988 -0.7693
vn 0.1828 0.9576 -0.2227
vn 0.6066 -0.2925 -0.7392
vn 0.2972 0.8835 -0.3620
vn 0.5584 -0.4745 -0.6805
vn 0.7692 0.0988 -0.6313
vn 0.0752 0.9953 -0.0616
vn 0.0751 -0.9953 -0.0617
vn 0.7692 -0.0988 -0.6313
vn 0.2227 0.9576 -0.1828
vn 0.7392 -0.2925 -0.6066
vn 0.3621 0.8835 -0.2971
vn 0.6805 -0.4744 -0.5585
vn 0.4880 0.7756 -0.4004
vn 0.5956 -0.6375 -0.4887
vn 0.5956 0.6375 -0.4888
vn 0.4880 -0.7756 -0.4005
vn 0.6805 0.4744 -0.5584
vn 0.3621 -0.8835 -0.2972
vn 0.7392 0.2925 -0.6067
vn 0.2227 -0.9576 -0.1828
vn 0.6794 -0.6375 -0.3632
vn 0.6795 0.6375 -0.3632
vn 0.5567 -0.7756 -0.2976
vn 0.7764 0.4744 -0.4150
vn 0.4131 -0.8835 -0.2208
vn 0.8434 0.2925 -0.4507
vn 0.2541 -0.9576 -0.1358
vn 0.8776 0.0988 -0.4691
vn 0.0857 0.9953 -0.0458
vn 0.0858 -0.9953 -0.0457
vn 0.8776 -0.0988 -0.4691
vn 0.2541 0.9576 -0.1358
vn 0.8433 -0.2925 -0.4508
vn 0.4131 0.8835 -0.2208
vn 0.7763 -0.4744 -0.4150
vn 0.5567 0.7756 -0.2976
vn 0.0930 0.9953 -0.0283
vn 0.0931 -0.9953 -0.0283
vn 0.9523 -0.0988 -0.2888
vn 0.2757 0.9576 -0.0837
vn 0.9151 -0.2925 -0.2776
vn 0.4482 0.8835 -0.1360
vn 0.8424 -0.4744 -0.2555
vn 0.6041 0.7756 -0.1833
vn 0.7372 -0.6375 -0.2237
vn 0.7373 0.6375 -0.2236
vn 0.6041 -0.7756 -0.1832
vn 0.8424 0.4744 -0.2556
vn 0.4482 -0.8835 -0.1360
vn 0.9151 0.2925 -0.2776
vn 0.2757 -0.9576 -0.0838
vn 0.9523 0.0988 -0.2889
vn 0.7667 0.6375 -0.0755
vn 0.6283 -0.7756 -0.0618
vn 0.8761 0.4744 -0.0863
vn 0.4662 -0.8835 -0.0460
vn 0.9517 0.2925 -0.0937
vn 0.2868 -0.9576 -0.0283
vn 0.9903 0.0988 -0.0975
vn 0.0968 0.9953 -0.0096
vn 0.0967 -0.9953 -0.0094
vn 0.9903 -0.0988 -0.0975
vn 0.2867 0.9576 -0.0283
vn 0.9517 -0.2925 -0.0937
vn 0.4661 0.8835 -0.0459
vn 0.8760 -0.4745 -0.0863
vn 0.6282 0.7756 -0.0619
vn 0.7667 -0.6375 -0.0755
vn 0.9903 -0.0988 0.0975
vn 0.2867 0.9576 0.0283
vn 0.9517 -0.2925 0.0937
vn 0.4661 0.8835 0.0459
vn 0.8761 -0.4744 0.0863
vn 0.6282 0.7756 0.0619
vn 0.7667 -0.6375 0.0755
vn 0.7668 0.6375 0.0755
vn 0.6283 -0.7755 0.0619
vn 0.8761 0.4744 0.0863
vn 0.4662 -0.8835 0.0460
vn 0.9517 0.2925 0.0937
vn 0.2867 -0.9576 0.0283
vn 0.9903 0.0988 0.0975
vn 0.0967 0.9953 0.0096
vn 0.0968 -0.9953 0.0094
vn 0.6041 -0.7755 0.1833
vn 0.8424 0.4744 0.2556
vn 0.4482 -0.8836 0.1359
vn 0.9151 0.2925 0.2776
vn 0.2757 -0.9576 0.0838
vn 0.9523 0.0988 0.2889
vn 0.0931 0.9953 0.0283
vn 0.0931 -0.9953 0.0283
vn 0.9523 -0.0988 0.2888
vn 0.2757 0.9576 0.0837
vn 0.9151 -0.2925 0.2776
vn 0.4483 0.8835 0.1360
vn 0.8424 -0.4744 0.2555
vn 0.6041 0.7756 0.1833
vn 0.7372 -0.6376 0.2237
vn 0.7373 0.6375 0.2236
vn 0.8433 -0.2925 0.4508
vn 0.4131 0.8835 0.2208
vn 0.7763 -0.4744 0.4150
vn 0.5567 0.7756 0.2976
vn 0.6794 -0.6375 0.3632
vn 0.6795 0.6375 0.3632
vn 0.5567 -0.7756 0.2976
vn 0.7763 0.4744 0.4150
vn 0.4130 -0.8836 0.2208
vn 0.8434 0.2925 0.4508
vn 0.2541 -0.9576 0.1358
vn 0.8776 0.0988 0.4691
vn 0.0857 0.9953 0.0458
vn 0.0857 -0.9953 0.0457
vn 0.8776 -0.0988 0.4691
vn 0.2541 0.9576 0.1358
vn 0.3621 -0.8835 0.2972
vn 0.7392 0.2925 0.6067
vn 0.2227 -0.9576 0.1828
vn 0.7693 0.0988 0.6312
vn 0.0751 0.9953 0.0616
vn 0.0751 -0.9953 0.0617
vn 0.7692 -0.0988 0.6313
vn 0.2227 0.9576 0.1827
vn 0.7392 -0.2925 0.6066
vn 0.3621 0.8835 0.2971
vn 0.6805 -0.4744 0.5584
vn 0.4880 0.7756 0.4004
vn 0.5956 -0.6375 0.4888
vn 0.5956 0.6375 0.4888
vn 0.4880 -0.7756 0.4005
vn 0.6805 0.4744 0.5585
vn 0.2971 0.8835 0.3621
vn 0.5584 -0.4744 0.6805
vn 0.4004 0.7756 0.4880
vn 0.4888 -0.6375 0.5955
vn 0.4887 0.6375 0.5956
vn 0.4005 -0.7756 0.4880
vn 0.5585 0.4744 0.6805
vn 0.2971 -0.8835 0.3621
vn 0.6066 0.2925 0.7392
vn 0.1828 -0.9576 0.2227
vn 0.6313 0.0988 0.7692
vn 0.0616 0.9953 0.0753
vn 0.0617 -0.9953 0.0751
vn 0.6313 -0.0988 0.7692
vn 0.1828 0.9576 0.2227
vn 0.6067 -0.2925 0.7392
vn 0.4508 0.2925 0.8434
vn 0.1358 -0.9576 0.2540
vn 0.4691 0.0988 0.8776
vn 0.0458 0.9953 0.0857
vn 0.0458 -0.9953 0.0858
vn 0.4691 -0.0988 0.8776
vn 0.1358 0.9576 0.2541
vn 0.4508 -0.2925 0.8433
vn 0.2208 0.8835 0.4131
vn 0.4149 -0.4744 0.7764
vn 0.2976 0.7756 0.5567
vn 0.3632 -0.6375 0.6795
vn 0.3632 0.6375 0.6795
vn 0.2977 -0.7756 0.5567
vn 0.4150 0.4744 0.7763
vn 0.2209 -0.8835 0.4131
vn 0.2555 -0.4744 0.8424
vn 0.1832 0.7756 0.6041
vn 0.2237 -0.6375 0.7372
vn 0.2236 0.6375 0.7373
vn 0.1833 -0.7756 0.6041
vn 0.2556 0.4744 0.8424
vn 0.1359 -0.8835 0.4482
vn 0.2775 0.2925 0.9151
vn 0.0837 -0.9576 0.2757
vn 0.2889 0.0988 0.9522
vn 0.0282 0.9953 0.0931
vn 0.0283 -0.9953 0.0930
vn 0.2888 -0.0988 0.9523
vn 0.0836 0.9576 0.2757
vn 0.2776 -0.2925 0.9151
vn 0.1359 0.8835 0.4482
vn 0.0283 -0.9576 0.2867
vn 0.0975 0.0988 0.9903
vn 0.0095 0.9953 0.0967
vn 0.0095 -0.9953 0.0967
vn 0.0976 -0.0988 0.9903
vn 0.0283 0.9576 0.2867
vn 0.0938 -0.2925 0.9517
vn 0.0460 0.8835 0.4661
vn 0.0863 -0.4744 0.8761
vn 0.0619 0.7756 0.6282
vn 0.0755 -0.6375 0.7667
vn 0.0756 0.6375 0.7667
vn 0.0619 -0.7756 0.6282
vn 0.0863 0.4744 0.8761
vn 0.0459 -0.8835 0.4661
vn 0.0937 0.2925 0.9517
vn -0.0619 0.7756 0.6282
vn -0.0755 -0.6375 0.7667
vn -0.0756 0.6375 0.7667
vn -0.0619 -0.7756 0.6282
vn -0.0863 0.4744 0.8761
vn -0.0459 -0.8835 0.4661
vn -0.0939 0.2925 0.9517
vn -0.0283 -0.9576 0.2867
vn -0.0975 0.0988 0.9903
vn -0.0095 0.9953 0.0967
vn -0.0095 -0.9953 0.0967
vn -0.0976 -0.0988 0.9903
vn -0.0283 0.9576 0.2867
vn -0.0936 -0.2925 0.9517
vn -0.0460 0.8835 0.4661
vn -0.0863 -0.4744 0.8761
vn -0.2889 0.0988 0.9522
vn -0.0282 0.9953 0.0931
vn -0.0283 -0.9953 0.0930
vn -0.2888 -0.0988 0.9523
vn -0.0836 0.9576 0.2757
vn -0.2776 -0.2925 0.9151
vn -0.1359 0.8835 0.4482
vn -0.2555 -0.4744 0.8424
vn -0.1832 0.7756 0.6041
vn -0.2237 -0.6375 0.7372
vn -0.2236 0.6375 0.7373
vn -0.1833 -0.7756 0.6041
vn -0.2556 0.4744 0.8424
vn -0.1359 -0.8835 0.4482
vn -0.2775 0.2925 0.9151
vn -0.0837 -0.9576 0.2757
vn -0.3632 -0.6375 0.6794
vn -0.3632 0.6375 0.6795
vn -0.2977 -0.7756 0.5567
vn -0.4150 0.4744 0.7763
vn -0.2209 -0.8835 0.4131
vn -0.4509 0.2925 0.8433
vn -0.1358 -0.9576 0.2540
vn -0.4691 0.0988 0.8776
vn -0.0458 0.9953 0.0857
vn -0.0458 -0.9953 0.0858
vn -0.4691 -0.0988 0.8776
vn -0.1358 0.9576 0.2541
vn -0.4508 -0.2925 0.8434
vn -0.2208 0.8835 0.4131
vn -0.4149 -0.4744 0.7764
vn -0.2976 0.7756 0.5567
vn -0.0617 -0.9953 0.0751
vn -0.6314 -0.0988 0.7692
vn -0.1828 0.9576 0.2227
vn -0.6067 -0.2925 0.7392
vn -0.2971 0.8835 0.3621
vn -0.5585 -0.4744 0.6805
vn -0.4005 0.7756 0.4879
vn -0.4887 -0.6376 0.5956
vn -0.4888 0.6375 0.5956
vn -0.4004 -0.7756 0.4880
vn -0.5584 0.4744 0.6805
vn -0.2971 -0.8835 0.3621
vn -0.6067 0.2925 0.7392
vn -0.1828 -0.9576 0.2227
vn -0.6313 0.0988 0.7692
vn -0.0616 0.9953 0.0753
vn -0.4880 -0.7756 0.4005
vn -0.6805 0.4744 0.5585
vn -0.3621 -0.8835 0.2972
vn -0.7392 0.2925 0.6066
vn -0.2227 -0.9576 0.1828
vn -0.7692 0.0988 0.6313
vn -0.0751 0.9953 0.0616
vn -0.0751 -0.9953 0.0617
vn -0.7692 -0.0988 0.6313
vn -0.2227 0.9576 0.1828
vn -0.7392 -0.2925 0.6066
vn -0.3621 0.8835 0.2971
vn -0.6805 -0.4744 0.5584
vn -0.4880 0.7756 0.4005
vn -0.5956 -0.6375 0.4887
vn -0.5956 0.6375 0.4888
vn -0.2541 0.9576 0.1357
vn -0.8433 -0.2925 0.4508
vn -0.4131 0.8835 0.2208
vn -0.7763 -0.4744 0.4150
vn -0.5567 0.7756 0.2976
vn -0.6794 -0.6375 0.3632
vn -0.6795 0.6375 0.3632
vn -0.5567 -0.7756 0.2976
vn -0.7763 0.4744 0.4150
vn -0.4130 -0.8836 0.2208
vn -0.8434 0.2925 0.4508
vn -0.2541 -0.9576 0.1357
vn -0.8776 0.0988 0.4691
vn -0.0857 0.9953 0.0458
vn -0.0857 -0.9953 0.0457
vn -0.8776 -0.0988 0.4691
vn -0.8424 0.4744 0.2556
vn -0.4482 -0.8836 0.1359
vn -0.9151 0.2925 0.2776
vn -0.2757 -0.9576 0.0837
vn -0.9523 0.0988 0.2889
vn -0.0931 0.9953 0.0283
vn -0.0931 -0.9953 0.0283
vn -0.9523 -0.0988 0.2888
vn -0.2757 0.9576 0.0837
vn -0.9151 -0.2924 0.2776
vn -0.4483 0.8835 0.1360
vn -0.8424 -0.4744 0.2555
vn -0.6041 0.7756 0.1833
vn -0.7372 -0.6375 0.2237
vn -0.7373 0.6375 0.2236
vn -0.6041 -0.7755 0.1832
vn -0.9517 -0.2925 0.0937
vn -0.4661 0.8835 0.0459
vn -0.8761 -0.4744 0.0863
vn -0.6282 0.7756 0.0619
vn -0.7667 -0.6375 0.0755
vn -0.7668 0.6375 0.0755
vn -0.6283 -0.7755 0.0618
vn -0.8761 0.4744 0.0863
vn -0.4662 -0.8835 0.0460
vn -0.9517 0.2925 0.0937
vn -0.2867 -0.9576 0.0283
vn -0.9903 0.0988 0.0976
vn -0.0967 0.9953 0.0096
vn -0.0968 -0.9953 0.0094
vn -0.9903 -0.0988 0.0976
vn -0.2867 0.9576 0.0283
vn -0.8761 -0.4744 -0.0863
vn -0.6282 0.7756 -0.0619
vn -0.7667 -0.6376 -0.0755
vn -0.6283 -0.7755 -0.0619
vn -0.2866 -0.9576 -0.0283
vn -0.0968 -0.9953 -0.0094
vn -0.0930 -0.9953 -0.0283
vn -0.9523 -0.0988 -0.2888
vn -0.2756 0.9576 -0.0837
vn -0.4483 0.8835 -0.1360
vn -0.8424 -0.4745 -0.2556
vn -0.6041 0.7755 -0.1833
vn -0.7373 -0.6375 -0.2236
vn -0.8424 0.4744 -0.2555
vn -0.2758 -0.9575 -0.0837
vn -0.4130 -0.8836 -0.2208
vn -0.8433 0.2925 -0.4508
vn -0.2540 -0.9576 -0.1357
vn -0.0857 -0.9953 -0.0457
vn -0.2542 0.9576 -0.1358
vn -0.8434 -0.2925 -0.4508
vn -0.7764 -0.4744 -0.4149
vn -0.6795 -0.6375 -0.3632
vn -0.3622 0.8835 -0.2971
vn -0.4879 0.7756 -0.4005
vn -0.5956 -0.6375 -0.4888
vn -0.5955 0.6375 -0.4888
vn -0.6804 0.4745 -0.5584
vn -0.2228 -0.9576 -0.1828
vn -0.0751 0.9953 -0.0616
vn -0.4005 -0.7755 -0.4880
vn -0.6067 0.2924 -0.7392
vn -0.1831 -0.9575 -0.2227
vn -0.6314 0.0988 -0.7692
vn -0.0617 0.9952 -0.0753
vn -0.6312 -0.0989 -0.7693
vn -0.1827 0.9576 -0.2227
vn -0.6067 -0.2925 -0.7392
vn -0.2971 0.8835 -0.3621
vn -0.5585 -0.4745 -0.6804
vn -0.4005 0.7755 -0.4880
vn -0.4888 0.6375 -0.5955
vn -0.1357 0.9576 -0.2541
vn -0.4508 -0.2925 -0.8434
vn -0.4151 -0.4744 -0.7763
vn -0.3633 -0.6375 -0.6794
vn -0.2977 -0.7755 -0.5567
vn -0.4149 0.4744 -0.7764
vn -0.2209 -0.8835 -0.4131
vn -0.4507 0.2925 -0.8434
vn -0.1358 -0.9576 -0.2541
vn -0.2554 0.4744 -0.8424
vn -0.1362 -0.8835 -0.4482
vn -0.2777 0.2925 -0.9151
vn -0.0282 0.9953 -0.0931
vn -0.0838 0.9576 -0.2757
vn -0.1832 0.7756 -0.6041
vn -0.2237 -0.6375 -0.7372
vn -0.2236 0.6375 -0.7373
vn -0.1834 -0.7755 -0.6041
vn -0.0936 -0.2925 -0.9517
vn -0.0862 -0.4745 -0.8760
vn -0.0754 0.6376 -0.7667
vn -0.0864 0.4744 -0.8761
vn -0.0285 -0.9576 -0.2867
vn -0.0976 0.0988 -0.9903
vn -0.0281 0.9576 -0.2867
vn 0.0285 -0.9576 -0.2867
vn 0.0976 0.0988 -0.9903
vn 0.0281 0.9576 -0.2867
vn 0.0936 -0.2925 -0.9517
vn 0.0862 -0.4745 -0.8760
vn 0.0754 0.6375 -0.7667
vn 0.0864 0.4744 -0.8761
vn 0.1832 0.7756 -0.6041
vn 0.2237 -0.6375 -0.7372
vn 0.2236 0.6375 -0.7373
vn 0.1834 -0.7755 -0.6041
vn 0.2554 0.4744 -0.8424
vn 0.1362 -0.8835 -0.4482
vn 0.2775 0.2925 -0.9151
vn 0.0282 0.9953 -0.0931
vn 0.0838 0.9576 -0.2757
vn 0.2777 -0.2925 -0.9150
vn 0.1358 -0.9576 -0.2541
vn 0.4690 -0.0988 -0.8777
vn 0.1357 0.9576 -0.2541
vn 0.4508 -0.2925 -0.8433
vn 0.4151 -0.4744 -0.7763
vn 0.3633 -0.6375 -0.6794
vn 0.2977 -0.7755 -0.5567
vn 0.4149 0.4744 -0.7764
vn 0.2209 -0.8835 -0.4131
vn 0.4507 0.2925 -0.8434
vn 0.4005 0.7755 -0.4880
vn 0.4888 0.6375 -0.5955
vn 0.4005 -0.7755 -0.4880
vn 0.6067 0.2924 -0.7392
vn 0.1831 -0.9575 -0.2228
vn 0.6312 0.0989 -0.7693
vn 0.0617 0.9952 -0.0753
vn 0.6315 -0.0988 -0.7691
vn 0.1827 0.9576 -0.2227
vn 0.6067 -0.2925 -0.7392
vn 0.2971 0.8835 -0.3621
vn 0.5585 -0.4745 -0.6804
vn 0.0751 0.9953 -0.0616
vn 0.3622 0.8835 -0.2971
vn 0.4879 0.7756 -0.4005
vn 0.5956 -0.6375 -0.4888
vn 0.5955 0.6375 -0.4888
vn 0.6804 0.4745 -0.5584
vn 0.2228 -0.9576 -0.1828
vn 0.6795 -0.6375 -0.3632
vn 0.4130 -0.8835 -0.2208
vn 0.8433 0.2925 -0.4508
vn 0.2540 -0.9576 -0.1358
vn 0.0857 -0.9953 -0.0457
vn 0.2542 0.9576 -0.1358
vn 0.8434 -0.2925 -0.4508
vn 0.7764 -0.4744 -0.4149
vn 0.0930 -0.9953 -0.0283
vn 0.2756 0.9576 -0.0837
vn 0.4483 0.8835 -0.1360
vn 0.8424 -0.4745 -0.2556
vn 0.6041 0.7755 -0.1833
vn 0.7373 -0.6375 -0.2236
vn 0.8424 0.4744 -0.2555
vn 0.2758 -0.9575 -0.0838
vn 0.6283 -0.7755 -0.0619
vn 0.2866 -0.9576 -0.0283
vn 0.0968 -0.9953 -0.0094
vn 0.8761 -0.4744 -0.0863
vn 0.7667 -0.6376 -0.0755
vn 0.4662 0.8835 0.0459
vn 0.7667 0.6375 0.0755
vn 0.4660 -0.8836 0.0459
vn 0.2868 -0.9576 0.0283
vn 0.0968 0.9953 0.0096
vn 0.6041 -0.7756 0.1833
vn 0.8424 0.4744 0.2555
vn 0.4482 -0.8835 0.1359
vn 0.2758 -0.9576 0.0837
vn 0.0930 0.9953 0.0283
vn 0.0930 -0.9953 0.0283
vn 0.9523 -0.0988 0.2889
vn 0.2756 0.9576 0.0837
vn 0.4482 0.8835 0.1360
vn 0.7373 -0.6374 0.2236
vn 0.7372 0.6376 0.2237
vn 0.5568 -0.7755 0.2976
vn 0.2543 -0.9575 0.1358
vn 0.0858 0.9953 0.0458
vn 0.0858 -0.9953 0.0457
vn 0.7392 0.2925 0.6066
vn 0.2226 -0.9576 0.1828
vn 0.7692 0.0988 0.6313
vn 0.7693 -0.0988 0.6313
vn 0.2227 0.9576 0.1828
vn 0.3621 0.8835 0.2972
vn 0.4881 0.7755 0.4004
vn 0.5956 -0.6375 0.4887
vn 0.5956 0.6375 0.4887
vn 0.4879 -0.7756 0.4005
vn 0.6805 0.4744 0.5584
vn 0.5586 -0.4744 0.6804
vn 0.4887 -0.6376 0.5956
vn 0.4004 -0.7756 0.4880
vn 0.5584 0.4744 0.6805
vn 0.2973 -0.8835 0.3621
vn 0.6067 0.2925 0.7392
vn 0.1831 -0.9576 0.2227
vn 0.6314 0.0988 0.7692
vn 0.0617 0.9952 0.0753
vn 0.1827 0.9576 0.2227
vn 0.6066 -0.2925 0.7392
vn 0.4507 0.2925 0.8434
vn 0.4690 0.0988 0.8777
vn 0.4150 -0.4744 0.7764
vn 0.3631 -0.6375 0.6795
vn 0.3632 0.6375 0.6794
vn 0.4149 0.4744 0.7764
vn 0.2210 -0.8835 0.4131
vn 0.1833 0.7756 0.6041
vn 0.2236 -0.6375 0.7373
vn 0.2237 0.6375 0.7373
vn 0.1833 -0.7756 0.6040
vn 0.2554 0.4744 0.8424
vn 0.1360 -0.8835 0.4482
vn 0.2777 0.2925 0.9151
vn 0.0836 -0.9576 0.2757
vn 0.0282 -0.9953 0.0930
vn 0.2889 -0.0988 0.9522
vn 0.0837 0.9576 0.2757
vn 0.0977 0.0988 0.9903
vn 0.0096 0.9953 0.0967
vn 0.0096 -0.9953 0.0967
vn 0.0975 -0.0988 0.9903
vn 0.0282 0.9576 0.2867
vn 0.0936 -0.2925 0.9517
vn 0.0459 0.8835 0.4661
vn 0.0865 -0.4744 0.8761
vn 0.0757 0.6375 0.7667
vn 0.0618 -0.7756 0.6282
vn 0.0861 0.4744 0.8761
vn 0.0460 -0.8835 0.4661
vn 0.0939 0.2925 0.9516
vn -0.0757 0.6375 0.7667
vn -0.0618 -0.7756 0.6282
vn -0.0861 0.4744 0.8761
vn -0.0460 -0.8835 0.4661
vn -0.0939 0.2925 0.9516
vn -0.0977 0.0988 0.9903
vn -0.0096 0.9953 0.0967
vn -0.0096 -0.9953 0.0967
vn -0.0975 -0.0988 0.9903
vn -0.0282 0.9576 0.2867
vn -0.0459 0.8835 0.4661
vn -0.0865 -0.4744 0.8761
vn -0.0282 -0.9953 0.0930
vn -0.2889 -0.0988 0.9523
vn -0.0837 0.9576 0.2757
vn -0.1833 0.7756 0.6041
vn -0.2236 -0.6375 0.7373
vn -0.2237 0.6375 0.7373
vn -0.1833 -0.7756 0.6040
vn -0.2554 0.4744 0.8424
vn -0.1360 -0.8835 0.4482
vn -0.2776 0.2925 0.9151
vn -0.0836 -0.9576 0.2757
vn -0.3632 -0.6375 0.6795
vn -0.4149 0.4744 0.7764
vn -0.2210 -0.8835 0.4131
vn -0.4507 0.2925 0.8434
vn -0.4690 0.0988 0.8777
vn -0.4508 -0.2925 0.8433
vn -0.4150 -0.4744 0.7764
vn -0.6313 -0.0988 0.7692
vn -0.1827 0.9576 0.2227
vn -0.6066 -0.2925 0.7392
vn -0.5586 -0.4744 0.6804
vn -0.4004 0.7756 0.4880
vn -0.4887 0.6375 0.5956
vn -0.2973 -0.8835 0.3620
vn -0.1831 -0.9576 0.2226
vn -0.6314 0.0988 0.7692
vn -0.0617 0.9952 0.0753
vn -0.4879 -0.7756 0.4005
vn -0.6805 0.4744 0.5584
vn -0.2226 -0.9576 0.1828
vn -0.4881 0.7755 0.4004
vn -0.5956 0.6375 0.4887
vn -0.5568 -0.7755 0.2976
vn -0.2543 -0.9576 0.1357
vn -0.0858 0.9953 0.0458
vn -0.0858 -0.9953 0.0457
vn -0.8424 0.4744 0.2555
vn -0.4482 -0.8835 0.1359
vn -0.2758 -0.9576 0.0837
vn -0.0930 0.9953 0.0283
vn -0.0930 -0.9953 0.0283
vn -0.2756 0.9576 0.0837
vn -0.9151 -0.2925 0.2776
vn -0.4482 0.8835 0.1360
vn -0.7373 -0.6374 0.2236
vn -0.7372 0.6376 0.2236
vn -0.6041 -0.7756 0.1832
vn -0.4662 0.8835 0.0458
vn -0.7667 -0.6376 0.0755
vn -0.4660 -0.8836 0.0459
vn -0.2868 -0.9576 0.0283
vn -0.0968 0.9953 0.0096
vn -0.2867 0.9576 -0.0282
vn -0.4660 0.8836 -0.0459
vn -0.4662 -0.8835 -0.0459
vn -0.2866 -0.9576 -0.0282
vn -0.0968 -0.9953 -0.0096
vn -0.0930 0.9953 -0.0282
vn -0.0930 -0.9953 -0.0282
vn -0.2756 0.9576 -0.0836
vn -0.6041 0.7755 -0.1832
vn -0.7373 0.6375 -0.2237
vn -0.6041 -0.7756 -0.1832
vn -0.4481 -0.8836 -0.1360
vn -0.2758 -0.9576 -0.0837
vn -0.9522 0.0988 -0.2889
vn -0.7764 0.4744 -0.4149
vn -0.4130 -0.8835 -0.2208
vn -0.2540 -0.9576 -0.1358
vn -0.0857 -0.9953 -0.0458
vn -0.7393 -0.2924 -0.6066
vn -0.3621 0.8835 -0.2971
vn -0.6805 -0.4744 -0.5584
vn -0.5955 -0.6375 -0.4888
vn -0.6805 0.4745 -0.5584
vn -0.7392 0.2925 -0.6066
vn -0.0751 0.9953 -0.0617
vn -0.0751 -0.9953 -0.0616
vn -0.6066 0.2925 -0.7392
vn -0.1831 -0.9576 -0.2227
vn -0.0617 0.9953 -0.0750
vn -0.0617 -0.9953 -0.0752
vn -0.4888 -0.6375 -0.5956
vn -0.4509 -0.2924 -0.8433
vn -0.2207 0.8836 -0.4131
vn -0.0458 0.9953 -0.0858
vn -0.0283 0.9953 -0.0930
vn -0.2888 -0.0988 -0.9523
vn -0.2237 -0.6375 -0.7373
vn -0.0861 -0.4745 -0.8760
vn -0.0756 -0.6375 -0.7668
vn -0.0754 0.6375 -0.7667
vn -0.0618 -0.7755 -0.6283
vn -0.0459 -0.8835 -0.4662
vn 0.0459 -0.8835 -0.4662
vn 0.0861 -0.4745 -0.8760
vn 0.0756 -0.6375 -0.7668
vn 0.0618 -0.7756 -0.6283
vn 0.2237 -0.6375 -0.7373
vn 0.0283 0.9953 -0.0930
vn 0.2888 -0.0988 -0.9523
vn 0.2777 -0.2925 -0.9151
vn 0.0458 0.9953 -0.0858
vn 0.4509 -0.2925 -0.8433
vn 0.2207 0.8836 -0.4131
vn 0.4888 -0.6375 -0.5956
vn 0.4887 0.6375 -0.5955
vn 0.6066 0.2925 -0.7392
vn 0.1831 -0.9576 -0.2227
vn 0.0617 0.9953 -0.0750
vn 0.0617 -0.9953 -0.0752
vn 0.6314 -0.0988 -0.7691
vn 0.0751 0.9953 -0.0617
vn 0.0751 -0.9953 -0.0616
vn 0.7393 -0.2924 -0.6066
vn 0.6805 -0.4744 -0.5584
vn 0.5955 -0.6375 -0.4888
vn 0.7392 0.2925 -0.6066
vn 0.7764 0.4744 -0.4149
vn 0.0857 -0.9953 -0.0458
vn 0.0930 0.9953 -0.0282
vn 0.0930 -0.9953 -0.0282
vn 0.2756 0.9576 -0.0836
vn 0.7373 0.6375 -0.2237
vn 0.4481 -0.8836 -0.1360
vn 0.2758 -0.9576 -0.0837
vn 0.4662 -0.8835 -0.0459
vn 0.2866 -0.9576 -0.0282
vn 0.0968 -0.9953 -0.0096
vn 0.2867 0.9576 -0.0282
vn 0.4660 0.8836 -0.0459
vn 0.8760 -0.4744 -0.0863
vn 0.2868 -0.9576 0.0282
vn 0.0968 -0.9953 0.0096
vn 0.6041 -0.7756 0.1832
vn 0.4483 -0.8835 0.1360
vn 0.2758 -0.9576 0.0835
vn 0.0930 0.9953 0.0282
vn 0.0930 -0.9953 0.0282
vn 0.9522 -0.0988 0.2889
vn 0.2756 0.9576 0.0836
vn 0.4482 0.8835 0.1359
vn 0.6041 0.7756 0.1832
vn 0.8433 -0.2925 0.4509
vn 0.7764 -0.4744 0.4149
vn 0.4130 -0.8835 0.2208
vn 0.0858 -0.9953 0.0458
vn 0.0751 0.9953 0.0617
vn 0.0751 -0.9953 0.0616
vn 0.7393 -0.2925 0.6066
vn 0.6804 -0.4745 0.5585
vn 0.5585 -0.4744 0.6804
vn 0.4887 -0.6375 0.5956
vn 0.1831 -0.9576 0.2226
vn 0.0617 0.9953 0.0750
vn 0.0617 -0.9953 0.0752
vn 0.6312 -0.0988 0.7693
vn 0.1827 0.9576 0.2226
vn 0.1358 -0.9576 0.2541
vn 0.0458 0.9953 0.0858
vn 0.4692 -0.0988 0.8776
vn 0.4509 -0.2924 0.8433
vn 0.2207 0.8835 0.4131
vn 0.4150 -0.4744 0.7763
vn 0.0282 0.9953 0.0930
vn 0.0974 -0.0988 0.9903
vn 0.0864 -0.4744 0.8761
vn 0.0459 -0.8835 0.4662
vn 0.0938 0.2925 0.9517
vn -0.0459 -0.8835 0.4662
vn -0.0938 0.2925 0.9517
vn -0.0974 -0.0988 0.9903
vn -0.0864 -0.4744 0.8761
vn -0.0282 0.9953 0.0930
vn -0.2777 -0.2925 0.9151
vn -0.3631 -0.6375 0.6795
vn -0.1358 -0.9576 0.2541
vn -0.4690 0.0988 0.8776
vn -0.0458 0.9953 0.0858
vn -0.4692 -0.0988 0.8776
vn -0.4509 -0.2925 0.8433
vn -0.2207 0.8835 0.4131
vn -0.4150 -0.4744 0.7763
vn -0.0617 -0.9953 0.0752
vn -0.6312 -0.0988 0.7693
vn -0.4887 -0.6375 0.5956
vn -0.2973 -0.8835 0.3621
vn -0.0617 0.9953 0.0750
vn -0.0751 0.9953 0.0617
vn -0.0751 -0.9953 0.0616
vn -0.7393 -0.2925 0.6066
vn -0.6804 -0.4745 0.5585
vn -0.2541 0.9576 0.1358
vn -0.8433 -0.2925 0.4509
vn -0.4132 0.8835 0.2208
vn -0.7764 -0.4744 0.4149
vn -0.4130 -0.8835 0.2208
vn -0.2543 -0.9575 0.1358
vn -0.0858 -0.9953 0.0458
vn -0.4483 -0.8835 0.1360
vn -0.2758 -0.9576 0.0836
vn -0.0930 0.9953 0.0282
vn -0.0930 -0.9953 0.0282
vn -0.2756 0.9576 0.0836
vn -0.4482 0.8835 0.1359
vn -0.7372 0.6376 0.2237
vn -0.4662 0.8835 0.0459
vn -0.6283 -0.7755 0.0619
vn -0.2868 -0.9576 0.0282
vn -0.0968 -0.9953 0.0096
vn -0.9903 -0.0988 0.0975
vn -0.6282 -0.7756 -0.0619
vn -0.2868 -0.9576 -0.0282
vn -0.0967 0.9953 -0.0096
vn -0.0967 -0.9953 -0.0096
vn -0.0931 0.9953 -0.0282
vn -0.0931 -0.9953 -0.0282
vn -0.2757 0.9576 -0.0836
vn -0.2541 -0.9576 -0.1358
vn -0.0858 0.9953 -0.0458
vn -0.0858 -0.9953 -0.0458
vn -0.3620 0.8835 -0.2971
vn -0.1828 -0.9576 -0.2227
vn -0.2971 0.8835 -0.3620
vn -0.4150 -0.4744 -0.7763
vn -0.2207 -0.8835 -0.4131
vn -0.4508 0.2925 -0.8434
vn -0.0458 -0.9953 -0.0857
vn -0.2889 -0.0988 -0.9523
vn -0.2237 0.6375 -0.7373
vn -0.1833 -0.7756 -0.6041
vn -0.0938 -0.2925 -0.9517
vn -0.0937 0.2925 -0.9517
vn 0.0937 0.2925 -0.9517
vn 0.0938 -0.2925 -0.9517
vn 0.1833 -0.7756 -0.6041
vn 0.2776 0.2925 -0.9151
vn 0.0458 -0.9953 -0.0857
vn 0.4150 -0.4744 -0.7763
vn 0.4150 0.4744 -0.7764
vn 0.2207 -0.8835 -0.4131
vn 0.1828 -0.9576 -0.2227
vn 0.2971 0.8835 -0.3620
vn 0.4880 0.7756 -0.4005
vn 0.0858 0.9953 -0.0458
vn 0.0858 -0.9953 -0.0458
vn 0.0931 0.9953 -0.0282
vn 0.0931 -0.9953 -0.0282
vn 0.2757 0.9576 -0.0836
vn 0.2757 -0.9576 -0.0837
vn 0.2868 -0.9576 -0.0282
vn 0.0967 0.9953 -0.0096
vn 0.0967 -0.9953 -0.0096
vn 0.4662 -0.8835 0.0459
vn 0.2867 -0.9576 0.0282
vn 0.6041 -0.7755 0.1832
vn 0.4482 -0.8835 0.1360
vn 0.2757 -0.9576 0.0836
vn 0.0931 0.9953 0.0282
vn 0.0931 -0.9953 0.0282
vn 0.2757 0.9576 0.0836
vn 0.7373 0.6375 0.2237
vn 0.8434 -0.2925 0.4508
vn 0.0857 -0.9953 0.0458
vn 0.3621 -0.8835 0.2971
vn 0.7692 -0.0988 0.6314
vn 0.7392 -0.2925 0.6067
vn 0.3620 0.8835 0.2972
vn 0.4888 -0.6375 0.5956
vn 0.6312 -0.0989 0.7693
vn 0.3631 0.6375 0.6795
vn 0.4150 0.4744 0.7764
vn 0.2237 -0.6375 0.7373
vn 0.0283 0.9953 0.0930
vn 0.1360 0.8835 0.4482
vn 0.0863 -0.4744 0.8760
vn -0.0863 -0.4744 0.8760
vn -0.0283 0.9953 0.0930
vn -0.1360 0.8835 0.4482
vn -0.2237 -0.6375 0.7373
vn -0.3631 0.6375 0.6795
vn -0.4150 0.4744 0.7764
vn -0.4508 0.2925 0.8433
vn -0.5584 -0.4744 0.6805
vn -0.4005 0.7756 0.4880
vn -0.6066 0.2925 0.7392
vn -0.3621 -0.8835 0.2971
vn -0.7692 -0.0988 0.6314
vn -0.7392 -0.2925 0.6067
vn -0.3620 0.8835 0.2972
vn -0.4880 0.7755 0.4005
vn -0.5956 -0.6375 0.4888
vn -0.8434 -0.2925 0.4508
vn -0.2541 -0.9576 0.1358
vn -0.0857 -0.9953 0.0458
vn -0.4482 -0.8835 0.1360
vn -0.2757 -0.9576 0.0836
vn -0.0931 0.9953 0.0282
vn -0.0931 -0.9953 0.0282
vn -0.2757 0.9576 0.0836
vn -0.7373 0.6375 0.2237
vn -0.4662 -0.8835 0.0459
vn -0.2867 -0.9576 0.0282
vn -0.4661 0.8835 -0.0460
vn -0.2867 -0.9576 -0.0283
vn -0.7372 0.6375 -0.2237
vn -0.4482 -0.8835 -0.1359
vn -0.2757 -0.9576 -0.0836
vn -0.0858 -0.9953 -0.0459
vn -0.7764 -0.4744 -0.4150
vn -0.4880 0.7756 -0.4005
vn -0.6805 0.4744 -0.5585
vn -0.2227 -0.9576 -0.1827
vn -0.1827 -0.9576 -0.2227
vn -0.6313 -0.0988 -0.7692
vn -0.5585 -0.4744 -0.6805
vn -0.4150 -0.4745 -0.7763
vn -0.3631 -0.6375 -0.6795
vn -0.3632 0.6375 -0.6795
vn -0.2208 -0.8835 -0.4131
vn -0.1359 -0.9576 -0.2541
vn -0.1359 -0.8835 -0.4483
vn -0.0837 -0.9576 -0.2757
vn -0.2888 0.0988 -0.9523
vn -0.0282 0.9953 -0.0930
vn -0.0282 -0.9953 -0.0930
vn -0.0836 0.9576 -0.2757
vn -0.1360 0.8835 -0.4482
vn -0.0863 -0.4745 -0.8760
vn -0.0755 -0.6375 -0.7667
vn -0.0755 0.6375 -0.7668
vn -0.0619 -0.7756 -0.6282
vn -0.0282 0.9576 -0.2867
vn 0.0282 0.9576 -0.2867
vn 0.0755 -0.6375 -0.7667
vn 0.0755 0.6375 -0.7667
vn 0.0619 -0.7756 -0.6282
vn 0.1359 -0.8835 -0.4483
vn 0.0837 -0.9576 -0.2758
vn 0.2888 0.0988 -0.9523
vn 0.0282 0.9953 -0.0930
vn 0.0282 -0.9953 -0.0930
vn 0.0836 0.9576 -0.2757
vn 0.1360 0.8835 -0.4482
vn 0.1359 -0.9576 -0.2541
vn 0.4150 -0.4745 -0.7763
vn 0.3631 -0.6375 -0.6795
vn 0.3632 0.6375 -0.6794
vn 0.2208 -0.8835 -0.4131
vn 0.1827 -0.9576 -0.2227
vn 0.6313 -0.0988 -0.7692
vn 0.5585 -0.4744 -0.6805
vn 0.7392 -0.2925 -0.6067
vn 0.6805 0.4744 -0.5585
vn 0.2227 -0.9576 -0.1827
vn 0.0858 -0.9953 -0.0459
vn 0.7764 -0.4744 -0.4150
vn 0.9523 -0.0988 -0.2889
vn 0.4482 0.8835 -0.1359
vn 0.7373 -0.6375 -0.2237
vn 0.2757 -0.9576 -0.0836
vn 0.6282 -0.7756 -0.0619
vn 0.2867 -0.9576 -0.0283
vn 0.4661 0.8835 -0.0460
vn 0.6282 0.7756 0.0618
vn 0.6282 -0.7756 0.0619
vn 0.4661 -0.8835 0.0459
vn 0.7373 -0.6375 0.2236
vn 0.7764 -0.4744 0.4150
vn 0.6795 -0.6375 0.3632
vn 0.4131 -0.8835 0.2208
vn 0.8433 0.2925 0.4508
vn 0.0857 -0.9953 0.0459
vn 0.2227 -0.9576 0.1827
vn 0.0752 0.9953 0.0617
vn 0.0752 -0.9953 0.0616
vn 0.6805 -0.4744 0.5585
vn 0.4880 0.7756 0.4005
vn 0.5955 -0.6375 0.4888
vn 0.2972 0.8835 0.3621
vn 0.4005 0.7756 0.4880
vn 0.1827 -0.9576 0.2227
vn 0.0459 0.9953 0.0857
vn 0.0459 -0.9953 0.0858
vn 0.4508 -0.2925 0.8434
vn 0.4150 -0.4745 0.7763
vn 0.2976 -0.7756 0.5567
vn 0.2208 -0.8835 0.4131
vn 0.2555 0.4744 0.8424
vn 0.2776 0.2925 0.9151
vn 0.2888 0.0988 0.9523
vn 0.0282 -0.9576 0.2867
vn 0.0976 0.0988 0.9903
vn 0.0755 0.6375 0.7668
vn 0.0863 0.4744 0.8760
vn -0.0755 0.6375 0.7667
vn -0.0863 0.4744 0.8760
vn -0.0937 0.2925 0.9517
vn -0.0282 -0.9576 0.2867
vn -0.0976 0.0988 0.9903
vn -0.0938 -0.2925 0.9517
vn -0.2888 0.0988 0.9523
vn -0.2555 0.4744 0.8424
vn -0.0837 -0.9576 0.2758
vn -0.3632 0.6375 0.6794
vn -0.2976 -0.7756 0.5567
vn -0.2208 -0.8835 0.4131
vn -0.4508 0.2925 0.8434
vn -0.1359 -0.9576 0.2541
vn -0.0459 0.9953 0.0858
vn -0.0459 -0.9953 0.0858
vn -0.4150 -0.4745 0.7763
vn -0.2972 0.8835 0.3621
vn -0.4005 -0.7756 0.4880
vn -0.5585 0.4744 0.6805
vn -0.1827 -0.9576 0.2227
vn -0.2228 -0.9576 0.1827
vn -0.0752 0.9953 0.0616
vn -0.0752 -0.9953 0.0616
vn -0.3621 0.8835 0.2972
vn -0.6805 -0.4744 0.5585
vn -0.5955 -0.6375 0.4888
vn -0.7764 -0.4744 0.4150
vn -0.6795 -0.6375 0.3632
vn -0.8433 0.2925 0.4508
vn -0.2541 -0.9576 0.1359
vn -0.0857 -0.9953 0.0459
vn -0.9523 -0.0988 0.2889
vn -0.6041 0.7756 0.1832
vn -0.7373 -0.6375 0.2236
vn -0.4661 0.8835 0.0460
vn -0.7667 0.6375 0.0755
vn -0.6282 -0.7756 0.0619
vn -0.9903 0.0988 0.0975
vn -0.3086 -0.9512 -0.0000
vn -0.3371 0.9415 -0.0000
vn -0.9987 -0.0000 -0.0515
vn -0.3109 -0.9503 -0.0160
vn -0.4661 -0.8835 -0.0459
vn -0.8424 -0.4744 -0.2556
vn -0.6041 0.7756 -0.1832
vn -0.7392 -0.2925 -0.6067
vn -0.5585 0.4745 -0.6804
vn -0.6313 0.0988 -0.7693
vn -0.5584 -0.4744 -0.6805
vn -0.2208 0.8835 -0.4130
vn -0.3632 -0.6375 -0.6795
vn -0.3632 0.6375 -0.6794
vn -0.1360 -0.8835 -0.4482
vn -0.1833 0.7755 -0.6041
vn -0.0938 -0.2924 -0.9517
vn -0.0755 0.6375 -0.7667
vn -0.0975 -0.0989 -0.9903
vn 0.0975 -0.0989 -0.9903
vn 0.0938 -0.2924 -0.9517
vn 0.0863 -0.4745 -0.8760
vn 0.0618 -0.7755 -0.6283
vn 0.1360 -0.8835 -0.4482
vn 0.2208 0.8835 -0.4130
vn 0.3632 -0.6375 -0.6795
vn 0.5585 0.4745 -0.6804
vn 0.6313 0.0988 -0.7693
vn 0.5584 -0.4744 -0.6805
vn 0.4880 0.7755 -0.4005
vn 0.8434 0.2925 -0.4508
vn 0.4661 -0.8835 -0.0459
vn 0.4661 0.8835 0.0460
vn 0.4661 -0.8835 0.0460
vn 0.2867 -0.9576 0.0281
vn 0.2757 -0.9576 0.0835
vn 0.7373 -0.6375 0.2237
vn 0.2541 -0.9576 0.1359
vn 0.1828 -0.9576 0.2228
vn 0.4690 -0.0988 0.8776
vn 0.2975 -0.7756 0.5567
vn 0.2889 0.0988 0.9523
vn 0.0937 -0.2925 0.9517
vn 0.0618 0.7756 0.6282
vn -0.0618 0.7756 0.6282
vn -0.0755 0.6375 0.7668
vn -0.0937 -0.2925 0.9517
vn -0.2889 0.0988 0.9523
vn -0.2889 -0.0988 0.9522
vn -0.1832 -0.7756 0.6041
vn -0.2975 -0.7756 0.5567
vn -0.4888 -0.6375 0.5956
vn -0.4005 -0.7756 0.4879
vn -0.2227 -0.9576 0.1827
vn -0.4131 -0.8835 0.2208
vn -0.7373 -0.6375 0.2237
vn -0.6282 -0.7755 0.0619
vn -0.4661 -0.8835 0.0460
vn -0.7373 -0.6375 -0.2237
vn -0.6794 0.6375 -0.3632
vn -0.7763 0.4744 -0.4150
vn -0.0752 0.9953 -0.0617
vn -0.0752 -0.9953 -0.0616
vn -0.5585 0.4744 -0.6804
vn 0.0862 -0.4744 -0.8761
vn 0.5585 0.4744 -0.6804
vn 0.0752 -0.9953 -0.0616
vn 0.7763 0.4744 -0.4150
vn 0.6282 0.7756 -0.0618
vn 0.7764 0.4744 0.4150
vn 0.0858 -0.9953 0.0459
vn 0.5585 -0.4744 0.6805
vn 0.6313 0.0988 0.7693
vn 0.1833 0.7756 0.6040
vn 0.1832 -0.7756 0.6041
vn -0.6313 0.0988 0.7693
vn -0.7392 0.2925 0.6067
vn -0.7764 0.4744 0.4150
vn -0.0858 -0.9953 0.0459
vn 0.5954 -0.8035 -0.0000
vn 0.6051 0.7961 -0.0000
vn 0.4533 -0.8914 -0.0000
vn 0.4201 0.9075 -0.0000
vn 0.4528 -0.0000 0.8916
vn 0.2682 0.8056 0.5282
vn 0.3159 0.9488 -0.0000
vn 0.3449 -0.9386 -0.0000
vn 0.4661 -0.8835 -0.0460
vn 0.0968 0.9953 -0.0094
vn 0.6041 0.7756 -0.1832
vn 0.0857 0.9953 -0.0459
vn 0.3621 -0.8835 -0.2971
vn 0.3621 0.8835 -0.2972
vn 0.2227 0.9576 -0.1827
vn 0.6067 -0.2924 -0.7392
vn 0.0617 -0.9953 -0.0750
vn 0.0617 0.9953 -0.0751
vn 0.6313 0.0989 -0.7692
vn 0.4005 -0.7756 -0.4879
vn 0.4149 -0.4744 -0.7764
vn 0.2207 0.8835 -0.4131
vn 0.2889 0.0988 -0.9523
vn 0.0837 -0.9576 -0.2757
vn 0.1832 -0.7756 -0.6041
vn 0.1833 0.7755 -0.6041
vn 0.0618 0.7755 -0.6283
vn 0.0459 0.8835 -0.4662
vn 0.0096 -0.9953 -0.0967
vn 0.0096 0.9953 -0.0967
vn -0.0459 0.8835 -0.4662
vn -0.0096 -0.9953 -0.0967
vn -0.0096 0.9953 -0.0967
vn -0.0618 0.7755 -0.6283
vn -0.1832 -0.7756 -0.6041
vn -0.0836 0.9576 -0.2758
vn -0.2889 0.0988 -0.9523
vn -0.4149 -0.4744 -0.7764
vn -0.2207 0.8835 -0.4131
vn -0.4005 -0.7756 -0.4879
vn -0.4887 -0.6375 -0.5956
vn -0.6067 -0.2924 -0.7392
vn -0.0617 -0.9953 -0.0750
vn -0.0617 0.9953 -0.0751
vn -0.6313 0.0989 -0.7692
vn -0.3621 -0.8835 -0.2971
vn -0.4880 -0.7755 -0.4005
vn -0.3621 0.8835 -0.2972
vn -0.2227 0.9576 -0.1827
vn -0.0857 0.9953 -0.0459
vn -0.0968 0.9953 -0.0094
vn -0.4661 -0.8835 -0.0460
vn -0.4661 -0.8835 0.0459
vn -0.0968 0.9953 0.0094
vn -0.0858 0.9953 0.0459
vn -0.2227 0.9576 0.1827
vn -0.3620 -0.8835 0.2971
vn -0.4888 0.6375 0.5955
vn -0.4005 0.7755 0.4880
vn -0.6067 -0.2924 0.7392
vn -0.1828 0.9576 0.2228
vn -0.0617 -0.9953 0.0750
vn -0.0617 0.9953 0.0751
vn -0.4507 -0.2925 0.8434
vn -0.1833 0.7755 0.6041
vn -0.0619 0.7755 0.6283
vn -0.0459 0.8835 0.4662
vn 0.0619 0.7755 0.6283
vn 0.0459 0.8835 0.4662
vn 0.1833 0.7755 0.6041
vn 0.0836 0.9576 0.2758
vn 0.4507 -0.2925 0.8434
vn 0.0617 0.9953 0.0751
vn 0.6313 0.0989 0.7692
vn 0.4005 -0.7756 0.4879
vn 0.4888 0.6375 0.5955
vn 0.6067 -0.2924 0.7392
vn 0.0617 -0.9953 0.0750
vn 0.3620 -0.8835 0.2972
vn 0.0858 0.9953 0.0459
vn 0.2757 -0.9576 0.0837
vn 0.0968 0.9953 0.0094
vn 0.2867 -0.9576 -0.0282
vn 0.6283 0.7755 -0.0619
vn 0.2540 0.9576 -0.1358
vn 0.7392 0.2924 -0.6067
vn 0.3620 -0.8835 -0.2971
vn 0.6805 0.4745 -0.5584
vn 0.5955 -0.6376 -0.4887
vn 0.2972 0.8835 -0.3621
vn 0.0617 0.9953 -0.0752
vn 0.1828 -0.9576 -0.2226
vn 0.4887 -0.6375 -0.5956
vn 0.4149 0.4745 -0.7764
vn 0.2556 -0.4744 -0.8424
vn 0.1361 0.8835 -0.4482
vn 0.2889 -0.0988 -0.9522
vn 0.0283 -0.9576 -0.2867
vn -0.0283 -0.9576 -0.2867
vn -0.0618 0.7756 -0.6283
vn -0.2556 -0.4744 -0.8424
vn -0.1361 0.8835 -0.4482
vn -0.2777 -0.2925 -0.9151
vn -0.2972 0.8835 -0.3621
vn -0.0617 0.9953 -0.0752
vn -0.7392 0.2924 -0.6067
vn -0.5955 -0.6376 -0.4887
vn -0.2540 0.9576 -0.1358
vn -0.8434 0.2925 -0.4508
vn -0.6283 0.7755 -0.0619
vn -0.2867 -0.9576 -0.0282
vn -0.8760 0.4744 0.0863
vn -0.6283 0.7755 0.0619
vn -0.2868 0.9576 0.0282
vn -0.0967 -0.9953 0.0096
vn -0.6040 0.7756 0.1832
vn -0.9523 0.0988 0.2888
vn -0.7763 0.4745 0.4150
vn -0.5568 0.7755 0.2976
vn -0.4130 0.8835 0.2208
vn -0.7692 0.0988 0.6314
vn -0.7392 0.2924 0.6067
vn -0.5955 -0.6376 0.4887
vn -0.0617 0.9953 0.0752
vn -0.1828 -0.9576 0.2226
vn -0.2556 -0.4744 0.8424
vn -0.0460 0.8835 0.4662
vn 0.0619 0.7755 0.6282
vn 0.0460 0.8835 0.4662
vn 0.2556 -0.4744 0.8424
vn 0.2977 -0.7755 0.5567
vn 0.0617 0.9953 0.0752
vn 0.4005 0.7755 0.4880
vn 0.7692 0.0988 0.6314
vn 0.7392 0.2924 0.6067
vn 0.5955 -0.6376 0.4887
vn 0.7763 0.4745 0.4150
vn 0.5568 0.7755 0.2976
vn 0.4130 0.8835 0.2208
vn 0.9523 0.0988 0.2888
vn 0.6040 0.7756 0.1832
vn 0.8760 0.4745 0.0863
vn 0.6283 0.7755 0.0619
vn 0.2868 0.9576 0.0282
vn 0.9903 -0.0988 0.0976
vn 0.0967 -0.9953 0.0096
vn 0.8760 0.4744 -0.0863
vn 0.7667 0.6376 -0.0755
vn 0.4662 0.8835 -0.0459
vn 0.2866 0.9576 -0.0282
vn 0.9523 0.0988 -0.2888
vn 0.2756 -0.9576 -0.0836
vn 0.7373 0.6374 -0.2236
vn 0.7372 -0.6376 -0.2237
vn 0.8424 -0.4744 -0.2556
vn 0.4481 0.8836 -0.1360
vn 0.5568 0.7755 -0.2976
vn 0.4130 0.8835 -0.2208
vn 0.2542 -0.9576 -0.1358
vn 0.6794 0.6375 -0.3632
vn 0.4879 -0.7756 -0.4005
vn 0.2226 0.9576 -0.1828
vn 0.0750 -0.9953 -0.0617
vn 0.0750 0.9953 -0.0616
vn 0.2973 0.8835 -0.3621
vn 0.1831 0.9576 -0.2226
vn 0.6314 -0.0988 -0.7692
vn 0.1827 -0.9576 -0.2226
vn 0.4888 0.6376 -0.5955
vn 0.1357 -0.9576 -0.2541
vn 0.4151 0.4744 -0.7763
vn 0.3632 0.6375 -0.6795
vn 0.2977 0.7756 -0.5567
vn 0.4507 -0.2925 -0.8434
vn 0.2554 -0.4744 -0.8424
vn 0.1362 0.8835 -0.4482
vn 0.1359 -0.8835 -0.4482
vn 0.0936 0.2925 -0.9517
vn 0.0757 -0.6375 -0.7667
vn 0.0619 0.7755 -0.6283
vn 0.0861 -0.4744 -0.8761
vn 0.0939 -0.2925 -0.9517
vn 0.0976 -0.0988 -0.9903
vn -0.0939 -0.2925 -0.9517
vn -0.0976 -0.0988 -0.9903
vn -0.0936 0.2925 -0.9517
vn -0.0757 -0.6375 -0.7667
vn -0.0619 0.7755 -0.6282
vn -0.0861 -0.4744 -0.8761
vn -0.2554 -0.4744 -0.8424
vn -0.1362 0.8835 -0.4482
vn -0.1359 -0.8835 -0.4482
vn -0.4690 -0.0988 -0.8776
vn -0.1357 -0.9576 -0.2541
vn -0.4151 0.4744 -0.7763
vn -0.2977 0.7756 -0.5567
vn -0.4888 0.6376 -0.5955
vn -0.2973 0.8835 -0.3621
vn -0.1831 0.9576 -0.2226
vn -0.6314 -0.0988 -0.7692
vn -0.6312 0.0989 -0.7693
vn -0.0750 -0.9953 -0.0617
vn -0.0750 0.9953 -0.0616
vn -0.4879 -0.7756 -0.4005
vn -0.2226 0.9576 -0.1828
vn -0.5568 0.7755 -0.2976
vn -0.4130 0.8835 -0.2208
vn -0.2542 -0.9576 -0.1358
vn -0.9523 0.0988 -0.2888
vn -0.2756 -0.9576 -0.0836
vn -0.7373 0.6374 -0.2236
vn -0.7372 -0.6376 -0.2237
vn -0.4481 0.8836 -0.1360
vn -0.4662 0.8835 -0.0459
vn -0.2866 0.9576 -0.0282
vn -0.8760 0.4744 -0.0863
vn -0.7667 0.6376 -0.0755
vn -0.2866 0.9576 0.0282
vn -0.7373 0.6374 0.2236
vn -0.7372 -0.6376 0.2237
vn -0.7764 0.4744 0.4149
vn -0.6794 0.6375 0.3632
vn -0.4130 0.8836 0.2208
vn -0.2540 0.9576 0.1358
vn -0.2542 -0.9576 0.1358
vn -0.2228 0.9576 0.1828
vn -0.7693 -0.0988 0.6312
vn -0.6804 0.4745 0.5585
vn -0.5955 0.6375 0.4888
vn -0.5585 0.4744 0.6804
vn -0.4888 0.6376 0.5955
vn -0.1829 0.9576 0.2227
vn -0.6312 0.0989 0.7693
vn -0.4690 -0.0988 0.8777
vn -0.1357 -0.9576 0.2541
vn -0.2977 0.7756 0.5567
vn -0.1834 0.7755 0.6041
vn -0.2554 -0.4744 0.8424
vn -0.1361 0.8835 0.4482
vn -0.0838 -0.9576 0.2757
vn -0.0281 0.9576 0.2867
vn -0.0977 -0.0988 0.9903
vn -0.0936 0.2925 0.9517
vn -0.0864 0.4744 0.8761
vn -0.0757 -0.6375 0.7667
vn -0.0618 0.7755 0.6283
vn -0.0862 -0.4744 0.8761
vn -0.0939 -0.2925 0.9517
vn 0.0755 0.6375 0.7667
vn 0.0757 -0.6375 0.7667
vn 0.0618 0.7756 0.6283
vn 0.0862 -0.4744 0.8761
vn 0.0939 -0.2925 0.9517
vn 0.0281 0.9576 0.2867
vn 0.0977 -0.0988 0.9903
vn 0.0936 0.2925 0.9517
vn 0.0864 0.4744 0.8761
vn 0.0838 -0.9576 0.2757
vn 0.1834 0.7755 0.6041
vn 0.2554 -0.4744 0.8424
vn 0.1361 0.8835 0.4482
vn 0.2977 0.7756 0.5567
vn 0.1357 -0.9576 0.2541
vn 0.6312 0.0989 0.7693
vn 0.4888 0.6376 0.5955
vn 0.1829 0.9576 0.2227
vn 0.6314 -0.0988 0.7692
vn 0.2228 0.9576 0.1828
vn 0.7693 -0.0988 0.6312
vn 0.6804 0.4745 0.5585
vn 0.5955 0.6375 0.4888
vn 0.2542 -0.9576 0.1358
vn 0.7764 0.4744 0.4149
vn 0.6794 0.6375 0.3632
vn 0.4130 0.8836 0.2208
vn 0.2540 0.9576 0.1358
vn 0.7373 0.6374 0.2236
vn 0.7667 0.6376 0.0755
vn 0.7668 -0.6375 0.0755
vn 0.2866 0.9576 0.0282
vn 0.4662 0.8835 -0.0460
vn 0.2866 0.9576 -0.0283
vn 0.9903 0.0988 -0.0976
vn 0.2756 -0.9576 -0.0837
vn 0.4483 -0.8835 -0.1360
vn 0.6041 -0.7756 -0.1833
vn 0.4130 0.8836 -0.2208
vn 0.2542 0.9576 -0.1357
vn 0.0858 0.9953 -0.0457
vn 0.0750 -0.9953 -0.0616
vn 0.0750 0.9953 -0.0617
vn 0.1831 0.9576 -0.2227
vn 0.0617 -0.9952 -0.0753
vn 0.5586 0.4744 -0.6804
vn 0.0282 -0.9953 -0.0931
vn 0.2237 0.6375 -0.7372
vn 0.0865 0.4744 -0.8761
vn 0.0939 -0.2925 -0.9516
vn -0.0939 -0.2925 -0.9516
vn -0.0865 0.4744 -0.8761
vn -0.0282 -0.9953 -0.0931
vn -0.4690 -0.0988 -0.8777
vn -0.4150 0.4744 -0.7764
vn -0.0617 -0.9952 -0.0753
vn -0.6313 0.0989 -0.7693
vn -0.5586 0.4744 -0.6804
vn -0.0750 -0.9953 -0.0616
vn -0.0750 0.9953 -0.0617
vn -0.0858 0.9953 -0.0457
vn -0.2756 -0.9576 -0.0837
vn -0.4483 -0.8835 -0.1360
vn -0.7372 -0.6376 -0.2236
vn -0.2757 0.9576 -0.0838
vn -0.4662 0.8835 -0.0460
vn -0.2866 0.9576 -0.0283
vn -0.4662 0.8835 0.0460
vn -0.2866 0.9576 0.0283
vn -0.4481 0.8836 0.1360
vn -0.2757 0.9576 0.0838
vn -0.6041 -0.7755 0.1833
vn -0.2540 0.9576 0.1357
vn -0.0857 0.9953 0.0457
vn -0.0750 -0.9953 0.0616
vn -0.3622 -0.8835 0.2971
vn -0.5957 -0.6375 0.4887
vn -0.6804 -0.4744 0.5585
vn -0.0617 -0.9952 0.0753
vn -0.0458 -0.9953 0.0857
vn -0.4151 0.4744 0.7763
vn -0.2236 0.6376 0.7373
vn -0.0283 -0.9953 0.0931
vn 0.0283 -0.9953 0.0931
vn 0.2777 0.2925 0.9150
vn 0.2236 0.6376 0.7373
vn 0.2775 -0.2925 0.9151
vn 0.4690 -0.0988 0.8777
vn 0.0458 -0.9953 0.0857
vn 0.4508 0.2925 0.8433
vn 0.4151 0.4744 0.7763
vn 0.6313 0.0989 0.7693
vn 0.0617 -0.9952 0.0753
vn 0.0750 -0.9953 0.0616
vn 0.3622 -0.8835 0.2971
vn 0.5957 -0.6375 0.4887
vn 0.4132 -0.8835 0.2208
vn 0.0857 0.9953 0.0457
vn 0.4481 0.8836 0.1360
vn 0.7372 -0.6376 0.2236
vn 0.6283 0.7755 0.0618
vn 0.4662 0.8835 0.0460
vn 0.2866 0.9576 0.0283
vn 0.8434 -0.2925 -0.4507
vn 0.2540 0.9576 -0.1357
vn 0.0857 0.9953 -0.0457
vn 0.3620 -0.8835 -0.2972
vn 0.0283 -0.9953 -0.0931
vn 0.2236 0.6376 -0.7373
vn 0.0618 0.7756 -0.6282
vn 0.0460 0.8835 -0.4661
vn -0.0460 0.8835 -0.4661
vn -0.0618 0.7756 -0.6282
vn -0.2236 0.6376 -0.7372
vn -0.0283 -0.9953 -0.0931
vn -0.8434 -0.2925 -0.4507
vn -0.0857 0.9953 -0.0457
vn -0.2868 0.9576 0.0283
vn -0.0967 0.9953 0.0094
vn -0.6040 0.7756 0.1833
vn -0.8434 -0.2925 0.4507
vn -0.0858 0.9953 0.0457
vn -0.7392 0.2924 0.6066
vn -0.4889 0.6375 0.5955
vn -0.6313 -0.0988 0.7693
vn -0.0616 -0.9953 0.0753
vn -0.0282 -0.9953 0.0931
vn 0.0282 -0.9953 0.0931
vn 0.0616 -0.9953 0.0753
vn 0.8434 -0.2925 0.4507
vn 0.0858 0.9953 0.0457
vn 0.2868 0.9576 0.0283
vn 0.0967 0.9953 0.0094
vn -0.2853 0.7764 0.5619
vn -0.2868 0.9576 -0.0282
vn -0.6282 0.7755 -0.0619
vn -0.4660 -0.8836 -0.0459
vn -0.2541 0.9576 -0.1357
vn -0.7693 -0.0988 -0.6313
vn -0.5584 0.4745 -0.6805
vn -0.2971 -0.8835 -0.3620
vn -0.1828 0.9576 -0.2228
vn -0.4888 0.6375 -0.5956
vn -0.2976 0.7755 -0.5568
vn -0.0836 0.9576 -0.2756
vn -0.1833 -0.7755 -0.6041
vn 0.1833 -0.7755 -0.6041
vn 0.0836 0.9576 -0.2756
vn 0.2976 0.7755 -0.5568
vn 0.4888 0.6375 -0.5956
vn 0.5584 0.4745 -0.6805
vn 0.2971 -0.8835 -0.3620
vn 0.7693 -0.0988 -0.6313
vn 0.2541 0.9576 -0.1356
vn 0.4482 -0.8835 -0.1359
vn 0.8760 0.4745 -0.0863
vn 0.4660 -0.8836 -0.0459
vn 0.2868 0.9576 -0.0283
vn 0.6282 0.7755 -0.0619
vn 0.2867 0.9576 0.0282
vn 0.6282 -0.7756 0.0618
vn 0.9903 0.0988 0.0976
vn 0.4482 0.8836 0.1360
vn 0.6041 0.7755 0.1833
vn 0.7372 0.6376 0.2236
vn 0.5567 -0.7756 0.2975
vn 0.3620 -0.8835 0.2971
vn 0.4888 0.6375 0.5956
vn 0.6067 0.2924 0.7392
vn 0.4690 0.0988 0.8776
vn 0.2209 0.8835 0.4131
vn 0.2977 0.7755 0.5567
vn 0.0756 -0.6375 0.7667
vn -0.0756 -0.6375 0.7667
vn -0.0283 -0.9576 0.2868
vn -0.2775 -0.2925 0.9151
vn -0.2209 0.8835 0.4131
vn -0.2977 0.7755 0.5567
vn -0.4887 0.6376 0.5956
vn -0.4880 -0.7755 0.4005
vn -0.2541 0.9576 0.1359
vn -0.5567 -0.7756 0.2975
vn -0.9151 0.2924 0.2776
vn -0.4482 0.8836 0.1360
vn -0.6041 0.7755 0.1833
vn -0.7372 0.6375 0.2237
vn -0.6041 -0.7756 0.1833
vn -0.6283 0.7755 0.0618
vn -0.7668 -0.6375 0.0755
vn -0.7667 0.6376 -0.0756
vn -0.2758 0.9576 -0.0836
vn -0.6041 -0.7755 -0.1832
vn -0.8424 0.4745 -0.2556
vn -0.2540 0.9576 -0.1357
vn -0.4130 0.8836 -0.2208
vn -0.2228 0.9576 -0.1828
vn -0.6805 -0.4745 -0.5584
vn -0.1831 0.9575 -0.2227
vn -0.2209 0.8835 -0.4131
vn -0.2977 0.7755 -0.5567
vn -0.3633 0.6375 -0.6794
vn -0.2207 -0.8836 -0.4130
vn -0.0838 -0.9576 -0.2757
vn -0.1834 0.7755 -0.6041
vn -0.0864 -0.4744 -0.8761
vn -0.0754 -0.6375 -0.7667
vn -0.0862 0.4745 -0.8760
vn -0.0281 -0.9576 -0.2867
vn -0.0285 0.9576 -0.2867
vn 0.0281 -0.9576 -0.2867
vn 0.0285 0.9576 -0.2867
vn 0.0864 -0.4744 -0.8761
vn 0.0754 -0.6375 -0.7667
vn 0.0862 0.4745 -0.8760
vn 0.1834 0.7755 -0.6041
vn 0.2777 0.2925 -0.9150
vn 0.0838 -0.9576 -0.2757
vn 0.2775 -0.2925 -0.9151
vn 0.2209 0.8835 -0.4131
vn 0.2977 0.7755 -0.5567
vn 0.3633 0.6375 -0.6794
vn 0.2207 -0.8836 -0.4130
vn 0.6314 0.0988 -0.7691
vn 0.6312 -0.0989 -0.7693
vn 0.1831 0.9575 -0.2227
vn 0.2228 0.9576 -0.1828
vn 0.6805 -0.4745 -0.5584
vn 0.2540 0.9576 -0.1356
vn 0.2758 0.9576 -0.0836
vn 0.6041 -0.7755 -0.1833
vn 0.8424 0.4745 -0.2556
vn 0.6282 -0.7756 -0.0618
vn 0.6283 0.7755 -0.0618
vn 0.4660 0.8836 0.0459
vn 0.2756 -0.9576 0.0837
vn 0.9522 0.0988 0.2889
vn 0.2758 0.9576 0.0835
vn 0.2543 0.9575 0.1358
vn 0.2226 0.9576 0.1828
vn 0.4879 0.7756 0.4005
vn 0.4881 -0.7755 0.4004
vn 0.6805 0.4745 0.5584
vn 0.2973 0.8835 0.3621
vn 0.5586 0.4744 0.6804
vn 0.6312 0.0988 0.7693
vn 0.1831 0.9575 0.2227
vn 0.4692 0.0988 0.8776
vn 0.2207 -0.8835 0.4131
vn 0.2777 -0.2925 0.9151
vn 0.0282 -0.9576 0.2868
vn 0.0974 0.0988 0.9903
vn 0.0861 -0.4744 0.8761
vn 0.0865 0.4744 0.8761
vn -0.0865 0.4744 0.8761
vn -0.0282 -0.9576 0.2868
vn -0.0974 0.0988 0.9903
vn -0.0861 -0.4744 0.8761
vn -0.2207 -0.8835 0.4131
vn -0.4692 0.0988 0.8776
vn -0.1831 0.9576 0.2226
vn -0.2973 0.8835 0.3621
vn -0.5586 0.4744 0.6804
vn -0.6312 0.0988 0.7693
vn -0.4881 -0.7755 0.4004
vn -0.2226 0.9576 0.1828
vn -0.4879 0.7756 0.4005
vn -0.2543 0.9575 0.1359
vn -0.2756 -0.9576 0.0837
vn -0.2758 0.9576 0.0836
vn -0.4660 0.8836 0.0459
vn -0.7667 0.6376 0.0755
vn -0.4482 0.8835 -0.1359
vn -0.4483 -0.8835 -0.1359
vn -0.6804 -0.4745 -0.5585
vn -0.3622 -0.8835 -0.2971
vn -0.7393 0.2924 -0.6066
vn -0.1831 0.9576 -0.2227
vn -0.4888 -0.6376 -0.5955
vn -0.4509 0.2924 -0.8433
vn -0.1362 0.8835 -0.4481
vn -0.2553 -0.4744 -0.8425
vn -0.0865 -0.4744 -0.8761
vn 0.0865 -0.4744 -0.8761
vn 0.0618 0.7756 -0.6283
vn 0.2553 -0.4744 -0.8424
vn 0.1362 0.8835 -0.4481
vn 0.4509 0.2925 -0.8433
vn 0.4888 -0.6376 -0.5955
vn 0.6804 -0.4745 -0.5585
vn 0.3622 -0.8835 -0.2971
vn 0.7393 0.2924 -0.6066
vn 0.8433 0.2925 0.4509
vn 0.2973 0.8835 0.3620
vn 0.4509 0.2924 0.8433
vn 0.2210 0.8835 0.4131
vn -0.2777 0.2925 0.9151
vn -0.1358 0.9576 0.2542
vn -0.2210 0.8835 0.4131
vn -0.1831 0.9575 0.2227
vn -0.2973 0.8835 0.3620
vn -0.2543 0.9575 0.1358
vn -0.8433 0.2925 0.4509
vn -0.7372 -0.6376 0.2236
vn -0.6805 -0.4745 -0.5585
vn -0.5956 0.6375 -0.4887
vn -0.3620 -0.8835 -0.2971
vn -0.2972 -0.8835 -0.3621
vn -0.4887 -0.6376 -0.5956
vn 0.4887 -0.6376 -0.5955
vn 0.2972 -0.8835 -0.3621
vn 0.6804 -0.4744 -0.5585
vn 0.5956 0.6375 -0.4887
vn 0.7372 0.6375 -0.2237
vn 0.2868 0.9576 -0.0282
vn 0.2237 0.6375 0.7372
vn -0.2237 0.6375 0.7372
vn -0.4888 -0.6375 0.5955
vn -0.4887 0.6376 0.5955
vn -0.2867 0.9576 0.0282
vn -0.2541 -0.9576 -0.1359
vn -0.4880 0.7755 -0.4005
vn -0.2236 -0.6375 -0.7372
vn -0.0863 0.4744 -0.8760
vn 0.3620 0.8835 -0.2972
vn 0.6795 0.6375 -0.3631
vn 0.2541 -0.9576 -0.1359
vn 0.2867 0.9576 0.0281
vn 0.4880 0.7755 0.4005
vn 0.5955 0.6375 0.4887
vn 0.2971 0.8836 0.3620
vn 0.2972 -0.8835 0.3621
vn -0.2971 0.8836 0.3620
vn -0.2972 -0.8835 0.3621
vn -0.3620 0.8835 0.2971
vn -0.5955 0.6375 0.4887
vn -0.5567 0.7755 0.2976
vn -0.2867 0.9576 0.0281
vn -0.3396 0.9404 -0.0175
vn -0.2867 0.9576 -0.0281
vn -0.5584 0.4744 -0.6805
vn -0.2556 0.4744 -0.8424
vn -0.2237 -0.6376 -0.7372
vn -0.2237 0.6376 -0.7372
vn -0.0755 -0.6376 -0.7667
vn -0.0863 0.4745 -0.8760
vn -0.0938 0.2924 -0.9517
vn -0.0975 0.0989 -0.9903
vn 0.0938 0.2924 -0.9517
vn 0.0975 0.0989 -0.9903
vn 0.0863 0.4745 -0.8760
vn 0.2237 -0.6376 -0.7372
vn 0.2237 0.6376 -0.7372
vn 0.2556 0.4744 -0.8424
vn 0.5584 0.4744 -0.6805
vn 0.2757 0.9576 0.0835
vn 0.2972 0.8835 0.3620
vn 0.4005 0.7756 0.4879
vn 0.1828 -0.9576 0.2226
vn 0.2975 0.7756 0.5567
vn 0.2889 -0.0988 0.9523
vn -0.2975 0.7756 0.5567
vn -0.2972 0.8835 0.3620
vn -0.4005 -0.7755 0.4880
vn -0.6795 -0.6375 0.3631
vn -0.6282 0.7755 0.0619
vn -0.6795 0.6375 -0.3631
vn -0.2971 0.8836 -0.3620
vn 0.2971 0.8836 -0.3620
vn 0.8760 -0.4744 0.0863
vn 0.3632 -0.6375 0.6794
vn 0.1832 0.7755 0.6041
vn 0.2236 0.6375 0.7372
vn -0.1832 0.7755 0.6041
vn -0.2236 0.6375 0.7372
vn -0.8760 -0.4744 0.0863
vn 0.2853 -0.7764 0.5619
vn 0.2867 -0.9576 -0.0281
vn 0.2541 0.9576 -0.1359
vn 0.4004 -0.7755 -0.4880
vn 0.4690 -0.0988 -0.8776
vn 0.2236 -0.6376 -0.7373
vn -0.2236 -0.6376 -0.7373
vn -0.4004 -0.7755 -0.4880
vn -0.2541 0.9576 -0.1359
vn -0.2867 -0.9576 0.0281
vn -0.7393 -0.2924 0.6066
vn -0.1828 0.9576 0.2226
vn -0.6067 0.2924 0.7392
vn -0.4690 -0.0988 0.8776
vn -0.1833 -0.7755 0.6041
vn -0.2236 -0.6376 0.7373
vn -0.0619 -0.7755 0.6283
vn 0.0619 -0.7755 0.6283
vn 0.1833 -0.7755 0.6041
vn 0.2236 -0.6376 0.7373
vn 0.4005 -0.7755 0.4880
vn 0.1828 0.9576 0.2226
vn 0.7392 -0.2924 0.6066
vn 0.2541 0.9576 0.1359
vn 0.2758 -0.9576 -0.0836
vn 0.4130 -0.8836 -0.2208
vn 0.5955 0.6376 -0.4887
vn 0.3620 0.8835 -0.2971
vn 0.7392 -0.2924 -0.6067
vn 0.4005 0.7756 -0.4879
vn 0.6313 -0.0989 -0.7692
vn 0.2972 -0.8835 -0.3620
vn 0.2975 -0.7756 -0.5567
vn 0.1360 -0.8836 -0.4482
vn 0.0460 -0.8835 -0.4661
vn 0.0862 0.4744 -0.8761
vn -0.0460 -0.8835 -0.4661
vn -0.0862 0.4744 -0.8761
vn -0.0618 -0.7756 -0.6283
vn -0.2236 -0.6376 -0.7372
vn -0.1360 -0.8836 -0.4482
vn -0.2975 -0.7756 -0.5567
vn -0.4005 0.7756 -0.4879
vn -0.6313 -0.0989 -0.7692
vn -0.2972 -0.8835 -0.3620
vn -0.5955 0.6376 -0.4887
vn -0.7392 -0.2924 -0.6067
vn -0.2758 -0.9576 -0.0836
vn -0.6041 0.7755 0.1832
vn -0.6040 -0.7756 0.1833
vn -0.7392 -0.2924 0.6067
vn -0.5955 0.6376 0.4887
vn -0.2971 -0.8835 0.3620
vn -0.1361 -0.8835 0.4482
vn 0.0619 -0.7755 0.6282
vn 0.1361 -0.8835 0.4482
vn 0.2971 -0.8835 0.3620
vn 0.7392 -0.2924 0.6067
vn 0.5955 0.6376 0.4887
vn 0.4131 -0.8835 0.2207
vn 0.6040 -0.7756 0.1833
vn 0.6041 0.7755 0.1832
vn 0.8760 -0.4745 0.0863
vn 0.4481 -0.8836 -0.1359
vn 0.7372 0.6376 -0.2237
vn 0.7373 -0.6374 -0.2236
vn 0.4483 0.8835 -0.1359
vn 0.5568 -0.7755 -0.2976
vn 0.2226 -0.9576 -0.1828
vn 0.5586 -0.4744 -0.6804
vn 0.6314 0.0988 -0.7692
vn 0.1831 -0.9575 -0.2227
vn 0.2977 -0.7756 -0.5567
vn 0.4690 0.0988 -0.8777
vn 0.0939 0.2925 -0.9517
vn 0.0861 0.4744 -0.8761
vn 0.0619 -0.7755 -0.6283
vn 0.0757 0.6375 -0.7667
vn -0.0939 0.2925 -0.9517
vn -0.0861 0.4744 -0.8761
vn -0.0619 -0.7755 -0.6282
vn -0.0757 0.6375 -0.7667
vn -0.4690 0.0988 -0.8777
vn -0.2977 -0.7756 -0.5567
vn -0.5586 -0.4744 -0.6804
vn -0.2226 -0.9576 -0.1828
vn -0.5568 -0.7755 -0.2976
vn -0.4481 -0.8836 -0.1359
vn -0.7372 0.6376 -0.2237
vn -0.2868 0.9576 -0.0283
vn -0.2866 -0.9576 0.0283
vn -0.4481 -0.8836 0.1360
vn -0.2542 0.9576 0.1358
vn -0.2540 -0.9576 0.1358
vn -0.3622 0.8835 0.2971
vn -0.7693 0.0988 0.6312
vn -0.2228 -0.9576 0.1828
vn -0.2972 -0.8835 0.3620
vn -0.4888 -0.6376 0.5955
vn -0.6312 -0.0989 0.7693
vn -0.1829 -0.9576 0.2227
vn -0.1357 0.9576 0.2541
vn -0.4151 -0.4744 0.7763
vn -0.1834 -0.7755 0.6041
vn -0.0838 0.9576 0.2757
vn -0.0281 -0.9576 0.2867
vn -0.0862 0.4744 0.8761
vn -0.0618 -0.7755 0.6283
vn 0.0618 -0.7756 0.6283
vn 0.0755 -0.6376 0.7667
vn 0.0281 -0.9576 0.2867
vn 0.0939 0.2925 0.9517
vn 0.0862 0.4744 0.8761
vn 0.1834 -0.7755 0.6041
vn 0.0838 0.9576 0.2757
vn 0.4151 -0.4744 0.7763
vn 0.1357 0.9576 0.2541
vn 0.1829 -0.9576 0.2227
vn 0.2972 -0.8835 0.3620
vn 0.4888 -0.6376 0.5955
vn 0.3622 0.8835 0.2971
vn 0.2228 -0.9576 0.1828
vn 0.5957 0.6375 0.4887
vn 0.2540 -0.9576 0.1358
vn 0.2542 0.9576 0.1358
vn 0.4481 -0.8836 0.1360
vn 0.7667 -0.6376 0.0755
vn 0.2866 -0.9576 0.0283
vn 0.7667 -0.6376 -0.0756
vn 0.9522 0.0988 -0.2889
vn 0.2542 -0.9576 -0.1357
vn 0.2973 -0.8835 -0.3621
vn 0.0838 -0.9576 -0.2756
vn 0.0282 0.9576 -0.2868
vn -0.0282 0.9576 -0.2868
vn -0.0619 -0.7755 -0.6283
vn -0.0838 -0.9576 -0.2756
vn -0.1831 -0.9576 -0.2226
vn -0.2973 -0.8835 -0.3621
vn -0.2542 -0.9576 -0.1356
vn -0.9903 -0.0988 -0.0976
vn -0.6283 -0.7755 -0.0618
vn -0.6282 0.7756 0.0618
vn -0.9522 0.0988 0.2889
vn -0.2542 0.9576 0.1357
vn -0.2540 -0.9576 0.1359
vn -0.6805 -0.4745 0.5584
vn -0.4887 -0.6375 0.5955
vn -0.5585 -0.4744 0.6804
vn -0.0836 -0.9576 0.2756
vn -0.0283 0.9576 0.2868
vn -0.0460 -0.8835 0.4662
vn 0.0618 -0.7755 0.6283
vn 0.0460 -0.8835 0.4662
vn 0.0836 -0.9576 0.2756
vn 0.2777 -0.2925 0.9150
vn 0.6283 -0.7755 0.0618
vn 0.2866 -0.9576 0.0282
vn 0.2540 -0.9576 -0.1357
vn 0.6066 0.2924 -0.7392
vn 0.4690 0.0988 -0.8776
vn 0.0837 -0.9576 -0.2756
vn 0.0283 0.9576 -0.2868
vn -0.0837 -0.9576 -0.2756
vn -0.4690 0.0988 -0.8776
vn -0.2540 -0.9576 -0.1356
vn -0.4483 0.8835 0.1359
vn -0.7392 -0.2924 0.6066
vn -0.7693 0.0988 0.6313
vn -0.6066 0.2924 0.7392
vn 0.0283 0.9576 0.2868
vn 0.4130 0.8835 0.2209
vn 0.4483 0.8835 0.1359
vt 1.000000 0.500000
vt 0.000000 0.500000
vt 0.750000 0.490000
vt 1.000000 1.000000
vt 0.250000 0.490000
vt 0.000000 1.000000
vt 0.968750 0.500000
vt 0.796822 0.485388
vt 0.968750 1.000000
vt 0.296822 0.485388
vt 0.937500 0.500000
vt 0.841844 0.471731
vt 0.937500 1.000000
vt 0.341844 0.471731
vt 0.906250 0.500000
vt 0.883337 0.449553
vt 0.906250 1.000000
vt 0.383337 0.449553
vt 0.875000 0.500000
vt 0.919706 0.419706
vt 0.875000 1.000000
vt 0.419706 0.419706
vt 0.843750 0.500000
vt 0.949553 0.383337
vt 0.843750 1.000000
vt 0.449553 0.383337
vt 0.812500 0.500000
vt 0.971731 0.341844
vt 0.812500 1.000000
vt 0.471731 0.341844
vt 0.781250 0.500000
vt 0.985388 0.296822
vt 0.781250 1.000000
vt 0.485388 0.296822
vt 0.750000 0.500000
vt 0.990000 0.250000
vt 0.750000 1.000000
vt 0.490000 0.250000
vt 0.718750 0.500000
vt 0.985388 0.203178
vt 0.718750 1.000000
vt 0.485388 0.203178
vt 0.687500 0.500000
vt 0.971731 0.158156
vt 0.687500 1.000000
vt 0.471731 0.158156
vt 0.656250 0.500000
vt 0.949553 0.116663
vt 0.656250 1.000000
vt 0.449553 0.116663
vt 0.625000 0.500000
vt 0.919706 0.080294
vt 0.625000 1.000000
vt 0.419706 0.080294
vt 0.593750 0.500000
vt 0.883337 0.050447
vt 0.593750 1.000000
vt 0.383337 0.050447
vt 0.562500 0.500000
vt 0.841844 0.028269
vt 0.562500 1.000000
vt 0.341844 0.028269
vt 0.531250 0.500000
vt 0.796822 0.014612
vt 0.531250 1.000000
vt 0.296822 0.014612
vt 0.500000 0.500000
vt 0.750000 0.010000
vt 0.500000 1.000000
vt 0.250000 0.010000
vt 0.468750 0.500000
vt 0.703178 0.014612
vt 0.468750 1.000000
vt 0.203178 0.014612
vt 0.437500 0.500000
vt 0.658156 0.028269
vt 0.437500 1.000000
vt 0.158156 0.028269
vt 0.406250 0.500000
vt 0.616663 0.050447
vt 0.406250 1.000000
vt 0.116663 0.050447
vt 0.375000 0.500000
vt 0.580294 0.080294
vt 0.375000 1.000000
vt 0.080294 0.080294
vt 0.343750 0.500000
vt 0.550447 0.116663
vt 0.343750 1.000000
vt 0.050447 0.116663
vt 0.312500 0.500000
vt 0.528269 0.158156
vt 0.312500 1.000000
vt 0.028269 0.158156
vt 0.281250 0.500000
vt 0.514612 0.203178
vt 0.281250 1.000000
vt 0.014612 0.203178
vt 0.250000 0.500000
vt 0.510000 0.250000
vt 0.250000 1.000000
vt 0.010000 0.250000
vt 0.218750 0.500000
vt 0.514612 0.296822
vt 0.218750 1.000000
vt 0.014612 0.296822
vt 0.187500 0.500000
vt 0.528269 0.341844
vt 0.187500 1.000000
vt 0.028269 0.341844
vt 0.156250 0.500000
vt 0.550447 0.383337
vt 0.156250 1.000000
vt 0.050447 0.383337
vt 0.125000 0.500000
vt 0.580294 0.419706
vt 0.125000 1.000000
vt 0.080294 0.419706
vt 0.093750 0.500000
vt 0.616663 0.449553
vt 0.093750 1.000000
vt 0.116663 0.449553
vt 0.062500 0.500000
vt 0.658156 0.471731
vt 0.158156 0.471731
vt 0.062500 1.000000
vt 0.031250 0.500000
vt 0.703178 0.485388
vt 0.203178 0.485388
vt 0.031250 1.000000
vt 0.375000 0.000000
vt 0.375000 1.000000
vt 0.125000 0.750000
vt 0.625000 1.000000
vt 0.875000 0.750000
vt 0.625000 0.000000
vt 0.125000 0.500000
vt 0.375000 0.250000
vt 0.875000 0.500000
vt 0.625000 0.250000
vt 0.375000 0.750000
vt 0.625000 0.750000
vt 0.375000 0.500000
vt 0.625000 0.500000
vt 0.500000 0.000000
vt 0.500000 1.000000
vt 0.500000 0.250000
vt 0.500000 0.500000
vt 0.500000 0.750000
vt 0.562500 1.000000
vt 0.562500 0.000000
vt 0.562500 0.250000
vt 0.562500 0.500000
vt 0.562500 0.750000
vt 0.437500 0.250000
vt 0.437500 0.500000
vt 0.437500 0.750000
vt 0.437500 0.000000
vt 0.437500 1.000000
vt 0.593750 1.000000
vt 0.593750 0.000000
vt 0.593750 0.250000
vt 0.593750 0.500000
vt 0.593750 0.750000
vt 0.406250 0.250000
vt 0.406250 0.500000
vt 0.406250 0.750000
vt 0.406250 1.000000
vt 0.406250 0.000000
vt 0.375000 0.125000
vt 0.125000 0.625000
vt 0.875000 0.625000
vt 0.625000 0.125000
vt 0.375000 0.625000
vt 0.625000 0.625000
vt 0.500000 0.625000
vt 0.500000 0.125000
vt 0.562500 0.625000
vt 0.562500 0.125000
vt 0.437500 0.125000
vt 0.437500 0.625000
vt 0.593750 0.625000
vt 0.593750 0.125000
vt 0.406250 0.625000
vt 0.406250 0.125000
vt 0.531250 0.250000
vt 0.531250 0.500000
vt 0.531250 0.750000
vt 0.531250 0.000000
vt 0.531250 1.000000
vt 0.531250 0.125000
vt 0.531250 0.625000
vt 0.468750 0.000000
vt 0.468750 1.000000
vt 0.468750 0.250000
vt 0.468750 0.500000
vt 0.468750 0.750000
vt 0.468750 0.125000
vt 0.468750 0.625000
vt 0.349886 0.500000
vt 0.375000 0.474886
vt 0.650114 0.500000
vt 0.625000 0.474886
vt 0.375000 0.775114
vt 0.349886 0.750000
vt 0.625000 0.775114
vt 0.650114 0.750000
vt 0.500000 0.775114
vt 0.500000 0.474886
vt 0.562500 0.775114
vt 0.562500 0.474886
vt 0.437500 0.474886
vt 0.437500 0.775114
vt 0.593750 0.775114
vt 0.593750 0.474886
vt 0.406250 0.775114
vt 0.406250 0.474886
vt 0.650114 0.625000
vt 0.349886 0.625000
vt 0.531250 0.474886
vt 0.531250 0.775114
vt 0.468750 0.474886
vt 0.468750 0.775114
vt 0.375000 0.272477
vt 0.147477 0.500000
vt 0.852523 0.750000
vt 0.625000 0.977523
vt 0.500000 0.977523
vt 0.562500 0.977523
vt 0.437500 0.977523
vt 0.593750 0.977523
vt 0.406250 0.977523
vt 0.147477 0.625000
vt 0.531250 0.977523
vt 0.468750 0.977523
vt 0.852523 0.500000
vt 0.625000 0.272477
vt 0.375000 0.977523
vt 0.147477 0.750000
vt 0.500000 0.272477
vt 0.562500 0.272477
vt 0.437500 0.272477
vt 0.593750 0.272477
vt 0.406250 0.272477
vt 0.852523 0.625000
vt 0.531250 0.272477
vt 0.468750 0.272477
vt 0.675484 0.500000
vt 0.625000 0.449516
vt 0.375000 0.800484
vt 0.324516 0.750000
vt 0.500000 0.449516
vt 0.562500 0.449516
vt 0.437500 0.449516
vt 0.593750 0.449516
vt 0.406250 0.449516
vt 0.675484 0.625000
vt 0.531250 0.449516
vt 0.468750 0.449516
vt 0.375000 0.449516
vt 0.324516 0.500000
vt 0.625000 0.800484
vt 0.675484 0.750000
vt 0.500000 0.800484
vt 0.562500 0.800484
vt 0.437500 0.800484
vt 0.593750 0.800484
vt 0.406250 0.800484
vt 0.324516 0.625000
vt 0.531250 0.800484
vt 0.468750 0.800484
vt 0.750000 0.812500
vt 0.750000 0.687500
vt 0.750000 0.562500
vt 0.750000 0.500000
vt 0.750000 0.437500
vt 0.750000 0.312500
vt 0.718750 0.937500
vt 0.718750 0.875000
vt 0.718750 0.812500
vt 0.718750 0.750000
vt 0.718750 0.687500
vt 0.718750 0.625000
vt 0.718750 0.562500
vt 0.718750 0.500000
vt 0.718750 0.437500
vt 0.718750 0.375000
vt 0.718750 0.312500
vt 0.718750 0.250000
vt 0.718750 0.187500
vt 0.718750 0.125000
vt 0.718750 0.062500
vt 0.687500 0.937500
vt 0.687500 0.875000
vt 0.687500 0.812500
vt 0.687500 0.750000
vt 0.687500 0.687500
vt 0.687500 0.625000
vt 0.687500 0.562500
vt 0.687500 0.500000
vt 0.687500 0.437500
vt 0.687500 0.375000
vt 0.687500 0.312500
vt 0.687500 0.250000
vt 0.687500 0.187500
vt 0.687500 0.125000
vt 0.687500 0.062500
vt 0.656250 0.937500
vt 0.656250 0.875000
vt 0.656250 0.812500
vt 0.656250 0.750000
vt 0.656250 0.687500
vt 0.656250 0.625000
vt 0.656250 0.562500
vt 0.656250 0.500000
vt 0.656250 0.437500
vt 0.656250 0.375000
vt 0.656250 0.312500
vt 0.656250 0.250000
vt 0.656250 0.187500
vt 0.656250 0.125000
vt 0.656250 0.062500
vt 0.625000 0.937500
vt 0.625000 0.875000
vt 0.625000 0.812500
vt 0.625000 0.750000
vt 0.625000 0.687500
vt 0.625000 0.625000
vt 0.625000 0.562500
vt 0.625000 0.500000
vt 0.625000 0.437500
vt 0.625000 0.375000
vt 0.625000 0.312500
vt 0.625000 0.250000
vt 0.625000 0.187500
vt 0.625000 0.125000
vt 0.625000 0.062500
vt 0.593750 0.937500
vt 0.593750 0.875000
vt 0.593750 0.812500
vt 0.593750 0.750000
vt 0.593750 0.687500
vt 0.593750 0.625000
vt 0.593750 0.562500
vt 0.593750 0.500000
vt 0.593750 0.437500
vt 0.593750 0.375000
vt 0.593750 0.312500
vt 0.593750 0.250000
vt 0.593750 0.187500
vt 0.593750 0.125000
vt 0.593750 0.062500
vt 0.734375 1.000000
vt 0.703125 1.000000
vt 0.671875 1.000000
vt 0.640625 1.000000
vt 0.609375 1.000000
vt 0.578125 1.000000
vt 0.546875 1.000000
vt 0.515625 1.000000
vt 0.484375 1.000000
vt 0.453125 1.000000
vt 0.421875 1.000000
vt 0.390625 1.000000
vt 0.359375 1.000000
vt 0.328125 1.000000
vt 0.296875 1.000000
vt 0.265625 1.000000
vt 0.234375 1.000000
vt 0.203125 1.000000
vt 0.171875 1.000000
vt 0.140625 1.000000
vt 0.109375 1.000000
vt 0.078125 1.000000
vt 0.046875 1.000000
vt 0.015625 1.000000
vt 0.984375 1.000000
vt 0.953125 1.000000
vt 0.921875 1.000000
vt 0.890625 1.000000
vt 0.859375 1.000000
vt 0.828125 1.000000
vt 0.796875 1.000000
vt 0.765625 1.000000
vt 0.562500 0.937500
vt 0.562500 0.875000
vt 0.562500 0.812500
vt 0.562500 0.750000
vt 0.562500 0.687500
vt 0.562500 0.625000
vt 0.562500 0.562500
vt 0.562500 0.500000
vt 0.562500 0.437500
vt 0.562500 0.375000
vt 0.562500 0.312500
vt 0.562500 0.250000
vt 0.562500 0.187500
vt 0.562500 0.125000
vt 0.562500 0.062500
vt 0.531250 0.937500
vt 0.531250 0.875000
vt 0.531250 0.812500
vt 0.531250 0.750000
vt 0.531250 0.687500
vt 0.531250 0.625000
vt 0.531250 0.562500
vt 0.531250 0.500000
vt 0.531250 0.437500
vt 0.531250 0.375000
vt 0.531250 0.312500
vt 0.531250 0.250000
vt 0.531250 0.187500
vt 0.531250 0.125000
vt 0.531250 0.062500
vt 0.500000 0.937500
vt 0.500000 0.875000
vt 0.500000 0.812500
vt 0.500000 0.750000
vt 0.500000 0.687500
vt 0.500000 0.625000
vt 0.500000 0.562500
vt 0.500000 0.500000
vt 0.500000 0.437500
vt 0.500000 0.375000
vt 0.500000 0.312500
vt 0.500000 0.250000
vt 0.500000 0.187500
vt 0.500000 0.125000
vt 0.500000 0.062500
vt 0.468750 0.937500
vt 0.468750 0.875000
vt 0.468750 0.812500
vt 0.468750 0.750000
vt 0.468750 0.687500
vt 0.468750 0.625000
vt 0.468750 0.562500
vt 0.468750 0.500000
vt 0.468750 0.437500
vt 0.468750 0.375000
vt 0.468750 0.312500
vt 0.468750 0.250000
vt 0.468750 0.187500
vt 0.468750 0.125000
vt 0.468750 0.062500
vt 0.437500 0.937500
vt 0.437500 0.875000
vt 0.437500 0.812500
vt 0.437500 0.750000
vt 0.437500 0.687500
vt 0.437500 0.625000
vt 0.437500 0.562500
vt 0.437500 0.500000
vt 0.437500 0.437500
vt 0.437500 0.375000
vt 0.437500 0.312500
vt 0.437500 0.250000
vt 0.437500 0.187500
vt 0.437500 0.125000
vt 0.437500 0.062500
vt 0.406250 0.937500
vt 0.406250 0.875000
vt 0.406250 0.812500
vt 0.406250 0.750000
vt 0.406250 0.687500
vt 0.406250 0.625000
vt 0.406250 0.562500
vt 0.406250 0.500000
vt 0.406250 0.437500
vt 0.406250 0.375000
vt 0.406250 0.312500
vt 0.406250 0.250000
vt 0.406250 0.187500
vt 0.406250 0.125000
vt 0.406250 0.062500
vt 0.375000 0.937500
vt 0.375000 0.875000
vt 0.375000 0.812500
vt 0.375000 0.750000
vt 0.375000 0.687500
vt 0.375000 0.625000
vt 0.375000 0.562500
vt 0.375000 0.500000
vt 0.375000 0.437500
vt 0.375000 0.375000
vt 0.375000 0.312500
vt 0.375000 0.250000
vt 0.375000 0.187500
vt 0.375000 0.125000
vt 0.375000 0.062500
vt 0.343750 0.937500
vt 0.343750 0.875000
vt 0.343750 0.812500
vt 0.343750 0.750000
vt 0.343750 0.687500
vt 0.343750 0.625000
vt 0.343750 0.562500
vt 0.343750 0.500000
vt 0.343750 0.437500
vt 0.343750 0.375000
vt 0.343750 0.312500
vt 0.343750 0.250000
vt 0.343750 0.187500
vt 0.343750 0.125000
vt 0.343750 0.062500
vt 0.312500 0.937500
vt 0.312500 0.875000
vt 0.312500 0.812500
vt 0.312500 0.750000
vt 0.312500 0.687500
vt 0.312500 0.625000
vt 0.312500 0.562500
vt 0.312500 0.500000
vt 0.312500 0.437500
vt 0.312500 0.375000
vt 0.312500 0.312500
vt 0.312500 0.250000
vt 0.312500 0.187500
vt 0.312500 0.125000
vt 0.312500 0.062500
vt 0.281250 0.937500
vt 0.281250 0.875000
vt 0.281250 0.812500
vt 0.281250 0.750000
vt 0.281250 0.687500
vt 0.281250 0.625000
vt 0.281250 0.562500
vt 0.281250 0.500000
vt 0.281250 0.437500
vt 0.281250 0.375000
vt 0.281250 0.312500
vt 0.281250 0.250000
vt 0.281250 0.187500
vt 0.281250 0.125000
vt 0.281250 0.062500
vt 0.250000 0.937500
vt 0.250000 0.875000
vt 0.250000 0.812500
vt 0.250000 0.750000
vt 0.250000 0.687500
vt 0.250000 0.625000
vt 0.250000 0.562500
vt 0.250000 0.500000
vt 0.250000 0.437500
vt 0.250000 0.375000
vt 0.250000 0.312500
vt 0.250000 0.250000
vt 0.250000 0.187500
vt 0.250000 0.125000
vt 0.250000 0.062500
vt 0.218750 0.937500
vt 0.218750 0.875000
vt 0.218750 0.812500
vt 0.218750 0.750000
vt 0.218750 0.687500
vt 0.218750 0.625000
vt 0.218750 0.562500
vt 0.218750 0.500000
vt 0.218750 0.437500
vt 0.218750 0.375000
vt 0.218750 0.312500
vt 0.218750 0.250000
vt 0.218750 0.187500
vt 0.218750 0.125000
vt 0.218750 0.062500
vt 0.187500 0.937500
vt 0.187500 0.875000
vt 0.187500 0.812500
vt 0.187500 0.750000
vt 0.187500 0.687500
vt 0.187500 0.625000
vt 0.187500 0.562500
vt 0.187500 0.500000
vt 0.187500 0.437500
vt 0.187500 0.375000
vt 0.187500 0.312500
vt 0.187500 0.250000
vt 0.187500 0.187500
vt 0.187500 0.125000
vt 0.187500 0.062500
vt 0.156250 0.937500
vt 0.156250 0.875000
vt 0.156250 0.812500
vt 0.156250 0.750000
vt 0.156250 0.687500
vt 0.156250 0.625000
vt 0.156250 0.562500
vt 0.156250 0.500000
vt 0.156250 0.437500
vt 0.156250 0.375000
vt 0.156250 0.312500
vt 0.156250 0.250000
vt 0.156250 0.187500
vt 0.156250 0.125000
vt 0.156250 0.062500
vt 0.125000 0.937500
vt 0.125000 0.875000
vt 0.125000 0.812500
vt 0.125000 0.750000
vt 0.125000 0.687500
vt 0.125000 0.625000
vt 0.125000 0.562500
vt 0.125000 0.500000
vt 0.125000 0.437500
vt 0.125000 0.375000
vt 0.125000 0.312500
vt 0.125000 0.250000
vt 0.125000 0.187500
vt 0.125000 0.125000
vt 0.125000 0.062500
vt 0.734375 0.000000
vt 0.703125 0.000000
vt 0.671875 0.000000
vt 0.640625 0.000000
vt 0.609375 0.000000
vt 0.578125 0.000000
vt 0.546875 0.000000
vt 0.515625 0.000000
vt 0.484375 0.000000
vt 0.453125 0.000000
vt 0.421875 0.000000
vt 0.390625 0.000000
vt 0.359375 0.000000
vt 0.328125 0.000000
vt 0.296875 0.000000
vt 0.265625 0.000000
vt 0.234375 0.000000
vt 0.203125 0.000000
vt 0.171875 0.000000
vt 0.140625 0.000000
vt 0.109375 0.000000
vt 0.078125 0.000000
vt 0.046875 0.000000
vt 0.015625 0.000000
vt 0.984375 0.000000
vt 0.953125 0.000000
vt 0.921875 0.000000
vt 0.890625 0.000000
vt 0.859375 0.000000
vt 0.828125 0.000000
vt 0.796875 0.000000
vt 0.765625 0.000000
vt 0.093750 0.937500
vt 0.093750 0.875000
vt 0.093750 0.812500
vt 0.093750 0.750000
vt 0.093750 0.687500
vt 0.093750 0.625000
vt 0.093750 0.562500
vt 0.093750 0.500000
vt 0.093750 0.437500
vt 0.093750 0.375000
vt 0.093750 0.312500
vt 0.093750 0.250000
vt 0.093750 0.187500
vt 0.093750 0.125000
vt 0.093750 0.062500
vt 0.062500 0.937500
vt 0.062500 0.875000
vt 0.062500 0.812500
vt 0.062500 0.750000
vt 0.062500 0.687500
vt 0.062500 0.625000
vt 0.062500 0.562500
vt 0.062500 0.500000
vt 0.062500 0.437500
vt 0.062500 0.375000
vt 0.062500 0.312500
vt 0.062500 0.250000
vt 0.062500 0.187500
vt 0.062500 0.125000
vt 0.062500 0.062500
vt 0.031250 0.937500
vt 0.031250 0.875000
vt 0.031250 0.812500
vt 0.031250 0.750000
vt 0.031250 0.687500
vt 0.031250 0.625000
vt 0.031250 0.562500
vt 0.031250 0.500000
vt 0.031250 0.437500
vt 0.031250 0.375000
vt 0.031250 0.312500
vt 0.031250 0.250000
vt 0.031250 0.187500
vt 0.031250 0.125000
vt 0.031250 0.062500
vt 0.000000 0.937500
vt 1.000000 0.937500
vt 0.000000 0.875000
vt 1.000000 0.875000
vt 0.000000 0.812500
vt 1.000000 0.812500
vt 0.000000 0.750000
vt 1.000000 0.750000
vt 0.000000 0.687500
vt 1.000000 0.687500
vt 0.000000 0.625000
vt 1.000000 0.625000
vt 0.000000 0.562500
vt 1.000000 0.562500
vt 0.000000 0.500000
vt 1.000000 0.500000
vt 0.000000 0.437500
vt 1.000000 0.437500
vt 0.000000 0.375000
vt 1.000000 0.375000
vt 0.000000 0.312500
vt 1.000000 0.312500
vt 0.000000 0.250000
vt 1.000000 0.250000
vt 0.000000 0.187500
vt 1.000000 0.187500
vt 0.000000 0.125000
vt 1.000000 0.125000
vt 0.000000 0.062500
vt 1.000000 0.062500
vt 0.968750 0.937500
vt 0.968750 0.875000
vt 0.968750 0.812500
vt 0.968750 0.750000
vt 0.968750 0.687500
vt 0.968750 0.625000
vt 0.968750 0.562500
vt 0.968750 0.500000
vt 0.968750 0.437500
vt 0.968750 0.375000
vt 0.968750 0.312500
vt 0.968750 0.250000
vt 0.968750 0.187500
vt 0.968750 0.125000
vt 0.968750 0.062500
vt 0.937500 0.937500
vt 0.937500 0.875000
vt 0.937500 0.812500
vt 0.937500 0.750000
vt 0.937500 0.687500
vt 0.937500 0.625000
vt 0.937500 0.562500
vt 0.937500 0.500000
vt 0.937500 0.437500
vt 0.937500 0.375000
vt 0.937500 0.312500
vt 0.937500 0.250000
vt 0.937500 0.187500
vt 0.937500 0.125000
vt 0.937500 0.062500
vt 0.906250 0.937500
vt 0.906250 0.875000
vt 0.906250 0.812500
vt 0.906250 0.750000
vt 0.906250 0.687500
vt 0.906250 0.625000
vt 0.906250 0.562500
vt 0.906250 0.500000
vt 0.906250 0.437500
vt 0.906250 0.375000
vt 0.906250 0.312500
vt 0.906250 0.250000
vt 0.906250 0.187500
vt 0.906250 0.125000
vt 0.906250 0.062500
vt 0.875000 0.937500
vt 0.875000 0.875000
vt 0.875000 0.812500
vt 0.875000 0.750000
vt 0.875000 0.687500
vt 0.875000 0.625000
vt 0.875000 0.562500
vt 0.875000 0.500000
vt 0.875000 0.437500
vt 0.875000 0.375000
vt 0.875000 0.312500
vt 0.875000 0.250000
vt 0.875000 0.187500
vt 0.875000 0.125000
vt 0.875000 0.062500
vt 0.843750 0.937500
vt 0.843750 0.875000
vt 0.843750 0.812500
vt 0.843750 0.750000
vt 0.843750 0.687500
vt 0.843750 0.625000
vt 0.843750 0.562500
vt 0.843750 0.500000
vt 0.843750 0.437500
vt 0.843750 0.375000
vt 0.843750 0.312500
vt 0.843750 0.250000
vt 0.843750 0.187500
vt 0.843750 0.125000
vt 0.843750 0.062500
vt 0.812500 0.937500
vt 0.812500 0.875000
vt 0.812500 0.812500
vt 0.812500 0.750000
vt 0.812500 0.687500
vt 0.812500 0.625000
vt 0.812500 0.562500
vt 0.812500 0.500000
vt 0.812500 0.437500
vt 0.812500 0.375000
vt 0.812500 0.312500
vt 0.812500 0.250000
vt 0.812500 0.187500
vt 0.812500 0.125000
vt 0.812500 0.062500
vt 0.781250 0.937500
vt 0.781250 0.875000
vt 0.781250 0.812500
vt 0.781250 0.750000
vt 0.781250 0.687500
vt 0.781250 0.625000
vt 0.781250 0.562500
vt 0.781250 0.500000
vt 0.781250 0.437500
vt 0.781250 0.375000
vt 0.781250 0.312500
vt 0.781250 0.250000
vt 0.781250 0.187500
vt 0.781250 0.125000
vt 0.781250 0.062500
vt 0.750000 0.937500
vt 0.750000 0.875000
vt 0.750000 0.750000
vt 0.750000 0.625000
vt 0.750000 0.375000
vt 0.750000 0.250000
vt 0.750000 0.187500
vt 0.750000 0.125000
vt 0.750000 0.062500
vt 0.750000 0.812500
vt 0.750000 0.687500
vt 0.750000 0.562500
vt 0.750000 0.500000
vt 0.750000 0.437500
vt 0.750000 0.312500
vt 0.718750 0.937500
vt 0.718750 0.875000
vt 0.718750 0.812500
vt 0.718750 0.750000
vt 0.718750 0.687500
vt 0.718750 0.625000
vt 0.718750 0.562500
vt 0.718750 0.500000
vt 0.718750 0.437500
vt 0.718750 0.375000
vt 0.718750 0.312500
vt 0.718750 0.250000
vt 0.718750 0.187500
vt 0.718750 0.125000
vt 0.718750 0.062500
vt 0.687500 0.937500
vt 0.687500 0.875000
vt 0.687500 0.812500
vt 0.687500 0.750000
vt 0.687500 0.687500
vt 0.687500 0.625000
vt 0.687500 0.562500
vt 0.687500 0.500000
vt 0.687500 0.437500
vt 0.687500 0.375000
vt 0.687500 0.312500
vt 0.687500 0.250000
vt 0.687500 0.187500
vt 0.687500 0.125000
vt 0.687500 0.062500
vt 0.656250 0.937500
vt 0.656250 0.875000
vt 0.656250 0.812500
vt 0.656250 0.750000
vt 0.656250 0.687500
vt 0.656250 0.625000
vt 0.656250 0.562500
vt 0.656250 0.500000
vt 0.656250 0.437500
vt 0.656250 0.375000
vt 0.656250 0.312500
vt 0.656250 0.250000
vt 0.656250 0.187500
vt 0.656250 0.125000
vt 0.656250 0.062500
vt 0.625000 0.937500
vt 0.625000 0.875000
vt 0.625000 0.812500
vt 0.625000 0.750000
vt 0.625000 0.687500
vt 0.625000 0.625000
vt 0.625000 0.562500
vt 0.625000 0.500000
vt 0.625000 0.437500
vt 0.625000 0.375000
vt 0.625000 0.312500
vt 0.625000 0.250000
vt 0.625000 0.187500
vt 0.625000 0.125000
vt 0.625000 0.062500
vt 0.593750 0.937500
vt 0.593750 0.875000
vt 0.593750 0.812500
vt 0.593750 0.750000
vt 0.593750 0.687500
vt 0.593750 0.625000
vt 0.593750 0.562500
vt 0.593750 0.500000
vt 0.593750 0.437500
vt 0.593750 0.375000
vt 0.593750 0.312500
vt 0.593750 0.250000
vt 0.593750 0.187500
vt 0.593750 0.125000
vt 0.593750 0.062500
vt 0.734375 1.000000
vt 0.703125 1.000000
vt 0.671875 1.000000
vt 0.640625 1.000000
vt 0.609375 1.000000
vt 0.578125 1.000000
vt 0.546875 1.000000
vt 0.515625 1.000000
vt 0.484375 1.000000
vt 0.453125 1.000000
vt 0.421875 1.000000
vt 0.390625 1.000000
vt 0.359375 1.000000
vt 0.328125 1.000000
vt 0.296875 1.000000
vt 0.265625 1.000000
vt 0.234375 1.000000
vt 0.203125 1.000000
vt 0.171875 1.000000
vt 0.140625 1.000000
vt 0.109375 1.000000
vt 0.078125 1.000000
vt 0.046875 1.000000
vt 0.015625 1.000000
vt 0.984375 1.000000
vt 0.953125 1.000000
vt 0.921875 1.000000
vt 0.890625 1.000000
vt 0.859375 1.000000
vt 0.828125 1.000000
vt 0.796875 1.000000
vt 0.765625 1.000000
vt 0.562500 0.937500
vt 0.562500 0.875000
vt 0.562500 0.812500
vt 0.562500 0.750000
vt 0.562500 0.687500
vt 0.562500 0.625000
vt 0.562500 0.562500
vt 0.562500 0.500000
vt 0.562500 0.437500
vt 0.562500 0.375000
vt 0.562500 0.312500
vt 0.562500 0.250000
vt 0.562500 0.187500
vt 0.562500 0.125000
vt 0.562500 0.062500
vt 0.531250 0.937500
vt 0.531250 0.875000
vt 0.531250 0.812500
vt 0.531250 0.750000
vt 0.531250 0.687500
vt 0.531250 0.625000
vt 0.531250 0.562500
vt 0.531250 0.500000
vt 0.531250 0.437500
vt 0.531250 0.375000
vt 0.531250 0.312500
vt 0.531250 0.250000
vt 0.531250 0.187500
vt 0.531250 0.125000
vt 0.531250 0.062500
vt 0.500000 0.937500
vt 0.500000 0.875000
vt 0.500000 0.812500
vt 0.500000 0.750000
vt 0.500000 0.687500
vt 0.500000 0.625000
vt 0.500000 0.562500
vt 0.500000 0.500000
vt 0.500000 0.437500
vt 0.500000 0.375000
vt 0.500000 0.312500
vt 0.500000 0.250000
vt 0.500000 0.187500
vt 0.500000 0.125000
vt 0.500000 0.062500
vt 0.468750 0.937500
vt 0.468750 0.875000
vt 0.468750 0.812500
vt 0.468750 0.750000
vt 0.468750 0.687500
vt 0.468750 0.625000
vt 0.468750 0.562500
vt 0.468750 0.500000
vt 0.468750 0.437500
vt 0.468750 0.375000
vt 0.468750 0.312500
vt 0.468750 0.250000
vt 0.468750 0.187500
vt 0.468750 0.125000
vt 0.468750 0.062500
vt 0.437500 0.937500
vt 0.437500 0.875000
vt 0.437500 0.812500
vt 0.437500 0.750000
vt 0.437500 0.687500
vt 0.437500 0.625000
vt 0.437500 0.562500
vt 0.437500 0.500000
vt 0.437500 0.437500
vt 0.437500 0.375000
vt 0.437500 0.312500
vt 0.437500 0.250000
vt 0.437500 0.187500
vt 0.437500 0.125000
vt 0.437500 0.062500
vt 0.406250 0.937500
vt 0.406250 0.875000
vt 0.406250 0.812500
vt 0.406250 0.750000
vt 0.406250 0.687500
vt 0.406250 0.625000
vt 0.406250 0.562500
vt 0.406250 0.500000
vt 0.406250 0.437500
vt 0.406250 0.375000
vt 0.406250 0.312500
vt 0.406250 0.250000
vt 0.406250 0.187500
vt 0.406250 0.125000
vt 0.406250 0.062500
vt 0.375000 0.937500
vt 0.375000 0.875000
vt 0.375000 0.812500
vt 0.375000 0.750000
vt 0.375000 0.687500
vt 0.375000 0.625000
vt 0.375000 0.562500
vt 0.375000 0.500000
vt 0.375000 0.437500
vt 0.375000 0.375000
vt 0.375000 0.312500
vt 0.375000 0.250000
vt 0.375000 0.187500
vt 0.375000 0.125000
vt 0.375000 0.062500
vt 0.343750 0.937500
vt 0.343750 0.875000
vt 0.343750 0.812500
vt 0.343750 0.750000
vt 0.343750 0.687500
vt 0.343750 0.625000
vt 0.343750 0.562500
vt 0.343750 0.500000
vt 0.343750 0.437500
vt 0.343750 0.375000
vt 0.343750 0.312500
vt 0.343750 0.250000
vt 0.343750 0.187500
vt 0.343750 0.125000
vt 0.343750 0.062500
vt 0.312500 0.937500
vt 0.312500 0.875000
vt 0.312500 0.812500
vt 0.312500 0.750000
vt 0.312500 0.687500
vt 0.312500 0.625000
vt 0.312500 0.562500
vt 0.312500 0.500000
vt 0.312500 0.437500
vt 0.312500 0.375000
vt 0.312500 0.312500
vt 0.312500 0.250000
vt 0.312500 0.187500
vt 0.312500 0.125000
vt 0.312500 0.062500
vt 0.281250 0.937500
vt 0.281250 0.875000
vt 0.281250 0.812500
vt 0.281250 0.750000
vt 0.281250 0.687500
vt 0.281250 0.625000
vt 0.281250 0.562500
vt 0.281250 0.500000
vt 0.281250 0.437500
vt 0.281250 0.375000
vt 0.281250 0.312500
vt 0.281250 0.250000
vt 0.281250 0.187500
vt 0.281250 0.125000
vt 0.281250 0.062500
vt 0.250000 0.937500
vt 0.250000 0.875000
vt 0.250000 0.812500
vt 0.250000 0.750000
vt 0.250000 0.687500
vt 0.250000 0.625000
vt 0.250000 0.562500
vt 0.250000 0.500000
vt 0.250000 0.437500
vt 0.250000 0.375000
vt 0.250000 0.312500
vt 0.250000 0.250000
vt 0.250000 0.187500
vt 0.250000 0.125000
vt 0.250000 0.062500
vt 0.218750 0.937500
vt 0.218750 0.875000
vt 0.218750 0.812500
vt 0.218750 0.750000
vt 0.218750 0.687500
vt 0.218750 0.625000
vt 0.218750 0.562500
vt 0.218750 0.500000
vt 0.218750 0.437500
vt 0.218750 0.375000
vt 0.218750 0.312500
vt 0.218750 0.250000
vt 0.218750 0.187500
vt 0.218750 0.125000
vt 0.218750 0.062500
vt 0.187500 0.937500
vt 0.187500 0.875000
vt 0.187500 0.812500
vt 0.187500 0.750000
vt 0.187500 0.687500
vt 0.187500 0.625000
vt 0.187500 0.562500
vt 0.187500 0.500000
vt 0.187500 0.437500
vt 0.187500 0.375000
vt 0.187500 0.312500
vt 0.187500 0.250000
vt 0.187500 0.187500
vt 0.187500 0.125000
vt 0.187500 0.062500
vt 0.156250 0.937500
vt 0.156250 0.875000
vt 0.156250 0.812500
vt 0.156250 0.750000
vt 0.156250 0.687500
vt 0.156250 0.625000
vt 0.156250 0.562500
vt 0.156250 0.500000
vt 0.156250 0.437500
vt 0.156250 0.375000
vt 0.156250 0.312500
vt 0.156250 0.250000
vt 0.156250 0.187500
vt 0.156250 0.125000
vt 0.156250 0.062500
vt 0.125000 0.937500
vt 0.125000 0.875000
vt 0.125000 0.812500
vt 0.125000 0.750000
vt 0.125000 0.687500
vt 0.125000 0.625000
vt 0.125000 0.562500
vt 0.125000 0.500000
vt 0.125000 0.437500
vt 0.125000 0.375000
vt 0.125000 0.312500
vt 0.125000 0.250000
vt 0.125000 0.187500
vt 0.125000 0.125000
vt 0.125000 0.062500
vt 0.734375 0.000000
vt 0.703125 0.000000
vt 0.671875 0.000000
vt 0.640625 0.000000
vt 0.609375 0.000000
vt 0.578125 0.000000
vt 0.546875 0.000000
vt 0.515625 0.000000
vt 0.484375 0.000000
vt 0.453125 0.000000
vt 0.421875 0.000000
vt 0.390625 0.000000
vt 0.359375 0.000000
vt 0.328125 0.000000
vt 0.296875 0.000000
vt 0.265625 0.000000
vt 0.234375 0.000000
vt 0.203125 0.000000
vt 0.171875 0.000000
vt 0.140625 0.000000
vt 0.109375 0.000000
vt 0.078125 0.000000
vt 0.046875 0.000000
vt 0.015625 0.000000
vt 0.984375 0.000000
vt 0.953125 0.000000
vt 0.921875 0.000000
vt 0.890625 0.000000
vt 0.859375 0.000000
vt 0.828125 0.000000
vt 0.796875 0.000000
vt 0.765625 0.000000
vt 0.093750 0.937500
vt 0.093750 0.875000
vt 0.093750 0.812500
vt 0.093750 0.750000
vt 0.093750 0.687500
vt 0.093750 0.625000
vt 0.093750 0.562500
vt 0.093750 0.500000
vt 0.093750 0.437500
vt 0.093750 0.375000
vt 0.093750 0.312500
vt 0.093750 0.250000
vt 0.093750 0.187500
vt 0.093750 0.125000
vt 0.093750 0.062500
vt 0.062500 0.937500
vt 0.062500 0.875000
vt 0.062500 0.812500
vt 0.062500 0.750000
vt 0.062500 0.687500
vt 0.062500 0.625000
vt 0.062500 0.562500
vt 0.062500 0.500000
vt 0.062500 0.437500
vt 0.062500 0.375000
vt 0.062500 0.312500
vt 0.062500 0.250000
vt 0.062500 0.187500
vt 0.062500 0.125000
vt 0.062500 0.062500
vt 0.031250 0.937500
vt 0.031250 0.875000
vt 0.031250 0.812500
vt 0.031250 0.750000
vt 0.031250 0.687500
vt 0.031250 0.625000
vt 0.031250 0.562500
vt 0.031250 0.500000
vt 0.031250 0.437500
vt 0.031250 0.375000
vt 0.031250 0.312500
vt 0.031250 0.250000
vt 0.031250 0.187500
vt 0.031250 0.125000
vt 0.031250 0.062500
vt 0.000000 0.937500
vt 1.000000 0.937500
vt 0.000000 0.875000
vt 1.000000 0.875000
vt 0.000000 0.812500
vt 1.000000 0.812500
vt 0.000000 0.750000
vt 1.000000 0.750000
vt 0.000000 0.687500
vt 1.000000 0.687500
vt 0.000000 0.625000
vt 1.000000 0.625000
vt 0.000000 0.562500
vt 1.000000 0.562500
vt 0.000000 0.500000
vt 1.000000 0.500000
vt 0.000000 0.437500
vt 1.000000 0.437500
vt 0.000000 0.375000
vt 1.000000 0.375000
vt 0.000000 0.312500
vt 1.000000 0.312500
vt 0.000000 0.250000
vt 1.000000 0.250000
vt 0.000000 0.187500
vt 1.000000 0.187500
vt 0.000000 0.125000
vt 1.000000 0.125000
vt 0.000000 0.062500
vt 1.000000 0.062500
vt 0.968750 0.937500
vt 0.968750 0.875000
vt 0.968750 0.812500
vt 0.968750 0.750000
vt 0.968750 0.687500
vt 0.968750 0.625000
vt 0.968750 0.562500
vt 0.968750 0.500000
vt 0.968750 0.437500
vt 0.968750 0.375000
vt 0.968750 0.312500
vt 0.968750 0.250000
vt 0.968750 0.187500
vt 0.968750 0.125000
vt 0.968750 0.062500
vt 0.937500 0.937500
vt 0.937500 0.875000
vt 0.937500 0.812500
vt 0.937500 0.750000
vt 0.937500 0.687500
vt 0.937500 0.625000
vt 0.937500 0.562500
vt 0.937500 0.500000
vt 0.937500 0.437500
vt 0.937500 0.375000
vt 0.937500 0.312500
vt 0.937500 0.250000
vt 0.937500 0.187500
vt 0.937500 0.125000
vt 0.937500 0.062500
vt 0.906250 0.937500
vt 0.906250 0.875000
vt 0.906250 0.812500
vt 0.906250 0.750000
vt 0.906250 0.687500
vt 0.906250 0.625000
vt 0.906250 0.562500
vt 0.906250 0.500000
vt 0.906250 0.437500
vt 0.906250 0.375000
vt 0.906250 0.312500
vt 0.906250 0.250000
vt 0.906250 0.187500
vt 0.906250 0.125000
vt 0.906250 0.062500
vt 0.875000 0.937500
vt 0.875000 0.875000
vt 0.875000 0.812500
vt 0.875000 0.750000
vt 0.875000 0.687500
vt 0.875000 0.625000
vt 0.875000 0.562500
vt 0.875000 0.500000
vt 0.875000 0.437500
vt 0.875000 0.375000
vt 0.875000 0.312500
vt 0.875000 0.250000
vt 0.875000 0.187500
vt 0.875000 0.125000
vt 0.875000 0.062500
vt 0.843750 0.937500
vt 0.843750 0.875000
vt 0.843750 0.812500
vt 0.843750 0.750000
vt 0.843750 0.687500
vt 0.843750 0.625000
vt 0.843750 0.562500
vt 0.843750 0.500000
vt 0.843750 0.437500
vt 0.843750 0.375000
vt 0.843750 0.312500
vt 0.843750 0.250000
vt 0.843750 0.187500
vt 0.843750 0.125000
vt 0.843750 0.062500
vt 0.812500 0.937500
vt 0.812500 0.875000
vt 0.812500 0.812500
vt 0.812500 0.750000
vt 0.812500 0.687500
vt 0.812500 0.625000
vt 0.812500 0.562500
vt 0.812500 0.500000
vt 0.812500 0.437500
vt 0.812500 0.375000
vt 0.812500 0.312500
vt 0.812500 0.250000
vt 0.812500 0.187500
vt 0.812500 0.125000
vt 0.812500 0.062500
vt 0.781250 0.937500
vt 0.781250 0.875000
vt 0.781250 0.812500
vt 0.781250 0.750000
vt 0.781250 0.687500
vt 0.781250 0.625000
vt 0.781250 0.562500
vt 0.781250 0.500000
vt 0.781250 0.437500
vt 0.781250 0.375000
vt 0.781250 0.312500
vt 0.781250 0.250000
vt 0.781250 0.187500
vt 0.781250 0.125000
vt 0.781250 0.062500
vt 0.750000 0.937500
vt 0.750000 0.875000
vt 0.750000 0.750000
vt 0.750000 0.625000
vt 0.750000 0.375000
vt 0.750000 0.250000
vt 0.750000 0.187500
vt 0.750000 0.125000
vt 0.750000 0.062500
vt 0.750000 0.812500
vt 0.750000 0.687500
vt 0.750000 0.562500
vt 0.750000 0.500000
vt 0.750000 0.437500
vt 0.750000 0.312500
vt 0.718750 0.937500
vt 0.718750 0.875000
vt 0.718750 0.812500
vt 0.718750 0.750000
vt 0.718750 0.687500
vt 0.718750 0.625000
vt 0.718750 0.562500
vt 0.718750 0.500000
vt 0.718750 0.437500
vt 0.718750 0.375000
vt 0.718750 0.312500
vt 0.718750 0.250000
vt 0.718750 0.187500
vt 0.718750 0.125000
vt 0.718750 0.062500
vt 0.687500 0.937500
vt 0.687500 0.875000
vt 0.687500 0.812500
vt 0.687500 0.750000
vt 0.687500 0.687500
vt 0.687500 0.625000
vt 0.687500 0.562500
vt 0.687500 0.500000
vt 0.687500 0.437500
vt 0.687500 0.375000
vt 0.687500 0.312500
vt 0.687500 0.250000
vt 0.687500 0.187500
vt 0.687500 0.125000
vt 0.687500 0.062500
vt 0.656250 0.937500
vt 0.656250 0.875000
vt 0.656250 0.812500
vt 0.656250 0.750000
vt 0.656250 0.687500
vt 0.656250 0.625000
vt 0.656250 0.562500
vt 0.656250 0.500000
vt 0.656250 0.437500
vt 0.656250 0.375000
vt 0.656250 0.312500
vt 0.656250 0.250000
vt 0.656250 0.187500
vt 0.656250 0.125000
vt 0.656250 0.062500
vt 0.625000 0.937500
vt 0.625000 0.875000
vt 0.625000 0.812500
vt 0.625000 0.750000
vt 0.625000 0.687500
vt 0.625000 0.625000
vt 0.625000 0.562500
vt 0.625000 0.500000
vt 0.625000 0.437500
vt 0.625000 0.375000
vt 0.625000 0.312500
vt 0.625000 0.250000
vt 0.625000 0.187500
vt 0.625000 0.125000
vt 0.625000 0.062500
vt 0.593750 0.937500
vt 0.593750 0.875000
vt 0.593750 0.812500
vt 0.593750 0.750000
vt 0.593750 0.687500
vt 0.593750 0.625000
vt 0.593750 0.562500
vt 0.593750 0.500000
vt 0.593750 0.437500
vt 0.593750 0.375000
vt 0.593750 0.312500
vt 0.593750 0.250000
vt 0.593750 0.187500
vt 0.593750 0.125000
vt 0.593750 0.062500
vt 0.734375 1.000000
vt 0.703125 1.000000
vt 0.671875 1.000000
vt 0.640625 1.000000
vt 0.609375 1.000000
vt 0.578125 1.000000
vt 0.546875 1.000000
vt 0.515625 1.000000
vt 0.484375 1.000000
vt 0.453125 1.000000
vt 0.421875 1.000000
vt 0.390625 1.000000
vt 0.359375 1.000000
vt 0.328125 1.000000
vt 0.296875 1.000000
vt 0.265625 1.000000
vt 0.234375 1.000000
vt 0.203125 1.000000
vt 0.171875 1.000000
vt 0.140625 1.000000
vt 0.109375 1.000000
vt 0.078125 1.000000
vt 0.046875 1.000000
vt 0.015625 1.000000
vt 0.984375 1.000000
vt 0.953125 1.000000
vt 0.921875 1.000000
vt 0.890625 1.000000
vt 0.859375 1.000000
vt 0.828125 1.000000
vt 0.796875 1.000000
vt 0.765625 1.000000
vt 0.562500 0.937500
vt 0.562500 0.875000
vt 0.562500 0.812500
vt 0.562500 0.750000
vt 0.562500 0.687500
vt 0.562500 0.625000
vt 0.562500 0.562500
vt 0.562500 0.500000
vt 0.562500 0.437500
vt 0.562500 0.375000
vt 0.562500 0.312500
vt 0.562500 0.250000
vt 0.562500 0.187500
vt 0.562500 0.125000
vt 0.562500 0.062500
vt 0.531250 0.937500
vt 0.531250 0.875000
vt 0.531250 0.812500
vt 0.531250 0.750000
vt 0.531250 0.687500
vt 0.531250 0.625000
vt 0.531250 0.562500
vt 0.531250 0.500000
vt 0.531250 0.437500
vt 0.531250 0.375000
vt 0.531250 0.312500
vt 0.531250 0.250000
vt 0.531250 0.187500
vt 0.531250 0.125000
vt 0.531250 0.062500
vt 0.500000 0.937500
vt 0.500000 0.875000
vt 0.500000 0.812500
vt 0.500000 0.750000
vt 0.500000 0.687500
vt 0.500000 0.625000
vt 0.500000 0.562500
vt 0.500000 0.500000
vt 0.500000 0.437500
vt 0.500000 0.375000
vt 0.500000 0.312500
vt 0.500000 0.250000
vt 0.500000 0.187500
vt 0.500000 0.125000
vt 0.500000 0.062500
vt 0.468750 0.937500
vt 0.468750 0.875000
vt 0.468750 0.812500
vt 0.468750 0.750000
vt 0.468750 0.687500
vt 0.468750 0.625000
vt 0.468750 0.562500
vt 0.468750 0.500000
vt 0.468750 0.437500
vt 0.468750 0.375000
vt 0.468750 0.312500
vt 0.468750 0.250000
vt 0.468750 0.187500
vt 0.468750 0.125000
vt 0.468750 0.062500
vt 0.437500 0.937500
vt 0.437500 0.875000
vt 0.437500 0.812500
vt 0.437500 0.750000
vt 0.437500 0.687500
vt 0.437500 0.625000
vt 0.437500 0.562500
vt 0.437500 0.500000
vt 0.437500 0.437500
vt 0.437500 0.375000
vt 0.437500 0.312500
vt 0.437500 0.250000
vt 0.437500 0.187500
vt 0.437500 0.125000
vt 0.437500 0.062500
vt 0.406250 0.937500
vt 0.406250 0.875000
vt 0.406250 0.812500
vt 0.406250 0.750000
vt 0.406250 0.687500
vt 0.406250 0.625000
vt 0.406250 0.562500
vt 0.406250 0.500000
vt 0.406250 0.437500
vt 0.406250 0.375000
vt 0.406250 0.312500
vt 0.406250 0.250000
vt 0.406250 0.187500
vt 0.406250 0.125000
vt 0.406250 0.062500
vt 0.375000 0.937500
vt 0.375000 0.875000
vt 0.375000 0.812500
vt 0.375000 0.750000
vt 0.375000 0.687500
vt 0.375000 0.625000
vt 0.375000 0.562500
vt 0.375000 0.500000
vt 0.375000 0.437500
vt 0.375000 0.375000
vt 0.375000 0.312500
vt 0.375000 0.250000
vt 0.375000 0.187500
vt 0.375000 0.125000
vt 0.375000 0.062500
vt 0.343750 0.937500
vt 0.343750 0.875000
vt 0.343750 0.812500
vt 0.343750 0.750000
vt 0.343750 0.687500
vt 0.343750 0.625000
vt 0.343750 0.562500
vt 0.343750 0.500000
vt 0.343750 0.437500
vt 0.343750 0.375000
vt 0.343750 0.312500
vt 0.343750 0.250000
vt 0.343750 0.187500
vt 0.343750 0.125000
vt 0.343750 0.062500
vt 0.312500 0.937500
vt 0.312500 0.875000
vt 0.312500 0.812500
vt 0.312500 0.750000
vt 0.312500 0.687500
vt 0.312500 0.625000
vt 0.312500 0.562500
vt 0.312500 0.500000
vt 0.312500 0.437500
vt 0.312500 0.375000
vt 0.312500 0.312500
vt 0.312500 0.250000
vt 0.312500 0.187500
vt 0.312500 0.125000
vt 0.312500 0.062500
vt 0.281250 0.937500
vt 0.281250 0.875000
vt 0.281250 0.812500
vt 0.281250 0.750000
vt 0.281250 0.687500
vt 0.281250 0.625000
vt 0.281250 0.562500
vt 0.281250 0.500000
vt 0.281250 0.437500
vt 0.281250 0.375000
vt 0.281250 0.312500
vt 0.281250 0.250000
vt 0.281250 0.187500
vt 0.281250 0.125000
vt 0.281250 0.062500
vt 0.250000 0.937500
vt 0.250000 0.875000
vt 0.250000 0.812500
vt 0.250000 0.750000
vt 0.250000 0.687500
vt 0.250000 0.625000
vt 0.250000 0.562500
vt 0.250000 0.500000
vt 0.250000 0.437500
vt 0.250000 0.375000
vt 0.250000 0.312500
vt 0.250000 0.250000
vt 0.250000 0.187500
vt 0.250000 0.125000
vt 0.250000 0.062500
vt 0.218750 0.937500
vt 0.218750 0.875000
vt 0.218750 0.812500
vt 0.218750 0.750000
vt 0.218750 0.687500
vt 0.218750 0.625000
vt 0.218750 0.562500
vt 0.218750 0.500000
vt 0.218750 0.437500
vt 0.218750 0.375000
vt 0.218750 0.312500
vt 0.218750 0.250000
vt 0.218750 0.187500
vt 0.218750 0.125000
vt 0.218750 0.062500
vt 0.187500 0.937500
vt 0.187500 0.875000
vt 0.187500 0.812500
vt 0.187500 0.750000
vt 0.187500 0.687500
vt 0.187500 0.625000
vt 0.187500 0.562500
vt 0.187500 0.500000
vt 0.187500 0.437500
vt 0.187500 0.375000
vt 0.187500 0.312500
vt 0.187500 0.250000
vt 0.187500 0.187500
vt 0.187500 0.125000
vt 0.187500 0.062500
vt 0.156250 0.937500
vt 0.156250 0.875000
vt 0.156250 0.812500
vt 0.156250 0.750000
vt 0.156250 0.687500
vt 0.156250 0.625000
vt 0.156250 0.562500
vt 0.156250 0.500000
vt 0.156250 0.437500
vt 0.156250 0.375000
vt 0.156250 0.312500
vt 0.156250 0.250000
vt 0.156250 0.187500
vt 0.156250 0.125000
vt 0.156250 0.062500
vt 0.125000 0.937500
vt 0.125000 0.875000
vt 0.125000 0.812500
vt 0.125000 0.750000
vt 0.125000 0.687500
vt 0.125000 0.625000
vt 0.125000 0.562500
vt 0.125000 0.500000
vt 0.125000 0.437500
vt 0.125000 0.375000
vt 0.125000 0.312500
vt 0.125000 0.250000
vt 0.125000 0.187500
vt 0.125000 0.125000
vt 0.125000 0.062500
vt 0.734375 0.000000
vt 0.703125 0.000000
vt 0.671875 0.000000
vt 0.640625 0.000000
vt 0.609375 0.000000
vt 0.578125 0.000000
vt 0.546875 0.000000
vt 0.515625 0.000000
vt 0.484375 0.000000
vt 0.453125 0.000000
vt 0.421875 0.000000
vt 0.390625 0.000000
vt 0.359375 0.000000
vt 0.328125 0.000000
vt 0.296875 0.000000
vt 0.265625 0.000000
vt 0.234375 0.000000
vt 0.203125 0.000000
vt 0.171875 0.000000
vt 0.140625 0.000000
vt 0.109375 0.000000
vt 0.078125 0.000000
vt 0.046875 0.000000
vt 0.015625 0.000000
vt 0.984375 0.000000
vt 0.953125 0.000000
vt 0.921875 0.000000
vt 0.890625 0.000000
vt 0.859375 0.000000
vt 0.828125 0.000000
vt 0.796875 0.000000
vt 0.765625 0.000000
vt 0.093750 0.937500
vt 0.093750 0.875000
vt 0.093750 0.812500
vt 0.093750 0.750000
vt 0.093750 0.687500
vt 0.093750 0.625000
vt 0.093750 0.562500
vt 0.093750 0.500000
vt 0.093750 0.437500
vt 0.093750 0.375000
vt 0.093750 0.312500
vt 0.093750 0.250000
vt 0.093750 0.187500
vt 0.093750 0.125000
vt 0.093750 0.062500
vt 0.062500 0.937500
vt 0.062500 0.875000
vt 0.062500 0.812500
vt 0.062500 0.750000
vt 0.062500 0.687500
vt 0.062500 0.625000
vt 0.062500 0.562500
vt 0.062500 0.500000
vt 0.062500 0.437500
vt 0.062500 0.375000
vt 0.062500 0.312500
vt 0.062500 0.250000
vt 0.062500 0.187500
vt 0.062500 0.125000
vt 0.062500 0.062500
vt 0.031250 0.937500
vt 0.031250 0.875000
vt 0.031250 0.812500
vt 0.031250 0.750000
vt 0.031250 0.687500
vt 0.031250 0.625000
vt 0.031250 0.562500
vt 0.031250 0.500000
vt 0.031250 0.437500
vt 0.031250 0.375000
vt 0.031250 0.312500
vt 0.031250 0.250000
vt 0.031250 0.187500
vt 0.031250 0.125000
vt 0.031250 0.062500
vt 0.000000 0.937500
vt 1.000000 0.937500
vt 0.000000 0.875000
vt 1.000000 0.875000
vt 0.000000 0.812500
vt 1.000000 0.812500
vt 0.000000 0.750000
vt 1.000000 0.750000
vt 0.000000 0.687500
vt 1.000000 0.687500
vt 0.000000 0.625000
vt 1.000000 0.625000
vt 0.000000 0.562500
vt 1.000000 0.562500
vt 0.000000 0.500000
vt 1.000000 0.500000
vt 0.000000 0.437500
vt 1.000000 0.437500
vt 0.000000 0.375000
vt 1.000000 0.375000
vt 0.000000 0.312500
vt 1.000000 0.312500
vt 0.000000 0.250000
vt 1.000000 0.250000
vt 0.000000 0.187500
vt 1.000000 0.187500
vt 0.000000 0.125000
vt 1.000000 0.125000
vt 0.000000 0.062500
vt 1.000000 0.062500
vt 0.968750 0.937500
vt 0.968750 0.875000
vt 0.968750 0.812500
vt 0.968750 0.750000
vt 0.968750 0.687500
vt 0.968750 0.625000
vt 0.968750 0.562500
vt 0.968750 0.500000
vt 0.968750 0.437500
vt 0.968750 0.375000
vt 0.968750 0.312500
vt 0.968750 0.250000
vt 0.968750 0.187500
vt 0.968750 0.125000
vt 0.968750 0.062500
vt 0.937500 0.937500
vt 0.937500 0.875000
vt 0.937500 0.812500
vt 0.937500 0.750000
vt 0.937500 0.687500
vt 0.937500 0.625000
vt 0.937500 0.562500
vt 0.937500 0.500000
vt 0.937500 0.437500
vt 0.937500 0.375000
vt 0.937500 0.312500
vt 0.937500 0.250000
vt 0.937500 0.187500
vt 0.937500 0.125000
vt 0.937500 0.062500
vt 0.906250 0.937500
vt 0.906250 0.875000
vt 0.906250 0.812500
vt 0.906250 0.750000
vt 0.906250 0.687500
vt 0.906250 0.625000
vt 0.906250 0.562500
vt 0.906250 0.500000
vt 0.906250 0.437500
vt 0.906250 0.375000
vt 0.906250 0.312500
vt 0.906250 0.250000
vt 0.906250 0.187500
vt 0.906250 0.125000
vt 0.906250 0.062500
vt 0.875000 0.937500
vt 0.875000 0.875000
vt 0.875000 0.812500
vt 0.875000 0.750000
vt 0.875000 0.687500
vt 0.875000 0.625000
vt 0.875000 0.562500
vt 0.875000 0.500000
vt 0.875000 0.437500
vt 0.875000 0.375000
vt 0.875000 0.312500
vt 0.875000 0.250000
vt 0.875000 0.187500
vt 0.875000 0.125000
vt 0.875000 0.062500
vt 0.843750 0.937500
vt 0.843750 0.875000
vt 0.843750 0.812500
vt 0.843750 0.750000
vt 0.843750 0.687500
vt 0.843750 0.625000
vt 0.843750 0.562500
vt 0.843750 0.500000
vt 0.843750 0.437500
vt 0.843750 0.375000
vt 0.843750 0.312500
vt 0.843750 0.250000
vt 0.843750 0.187500
vt 0.843750 0.125000
vt 0.843750 0.062500
vt 0.812500 0.937500
vt 0.812500 0.875000
vt 0.812500 0.812500
vt 0.812500 0.750000
vt 0.812500 0.687500
vt 0.812500 0.625000
vt 0.812500 0.562500
vt 0.812500 0.500000
vt 0.812500 0.437500
vt 0.812500 0.375000
vt 0.812500 0.312500
vt 0.812500 0.250000
vt 0.812500 0.187500
vt 0.812500 0.125000
vt 0.812500 0.062500
vt 0.781250 0.937500
vt 0.781250 0.875000
vt 0.781250 0.812500
vt 0.781250 0.750000
vt 0.781250 0.687500
vt 0.781250 0.625000
vt 0.781250 0.562500
vt 0.781250 0.500000
vt 0.781250 0.437500
vt 0.781250 0.375000
vt 0.781250 0.312500
vt 0.781250 0.250000
vt 0.781250 0.187500
vt 0.781250 0.125000
vt 0.781250 0.062500
vt 0.750000 0.937500
vt 0.750000 0.875000
vt 0.750000 0.750000
vt 0.750000 0.625000
vt 0.750000 0.375000
vt 0.750000 0.250000
vt 0.750000 0.187500
vt 0.750000 0.125000
vt 0.750000 0.062500
vt 0.750000 0.812500
vt 0.750000 0.687500
vt 0.750000 0.562500
vt 0.750000 0.500000
vt 0.750000 0.437500
vt 0.750000 0.312500
vt 0.718750 0.937500
vt 0.718750 0.875000
vt 0.718750 0.812500
vt 0.718750 0.750000
vt 0.718750 0.687500
vt 0.718750 0.625000
vt 0.718750 0.562500
vt 0.718750 0.500000
vt 0.718750 0.437500
vt 0.718750 0.375000
vt 0.718750 0.312500
vt 0.718750 0.250000
vt 0.718750 0.187500
vt 0.718750 0.125000
vt 0.718750 0.062500
vt 0.687500 0.937500
vt 0.687500 0.875000
vt 0.687500 0.812500
vt 0.687500 0.750000
vt 0.687500 0.687500
vt 0.687500 0.625000
vt 0.687500 0.562500
vt 0.687500 0.500000
vt 0.687500 0.437500
vt 0.687500 0.375000
vt 0.687500 0.312500
vt 0.687500 0.250000
vt 0.687500 0.187500
vt 0.687500 0.125000
vt 0.687500 0.062500
vt 0.656250 0.937500
vt 0.656250 0.875000
vt 0.656250 0.812500
vt 0.656250 0.750000
vt 0.656250 0.687500
vt 0.656250 0.625000
vt 0.656250 0.562500
vt 0.656250 0.500000
vt 0.656250 0.437500
vt 0.656250 0.375000
vt 0.656250 0.312500
vt 0.656250 0.250000
vt 0.656250 0.187500
vt 0.656250 0.125000
vt 0.656250 0.062500
vt 0.625000 0.937500
vt 0.625000 0.875000
vt 0.625000 0.812500
vt 0.625000 0.750000
vt 0.625000 0.687500
vt 0.625000 0.625000
vt 0.625000 0.562500
vt 0.625000 0.500000
vt 0.625000 0.437500
vt 0.625000 0.375000
vt 0.625000 0.312500
vt 0.625000 0.250000
vt 0.625000 0.187500
vt 0.625000 0.125000
vt 0.625000 0.062500
vt 0.593750 0.937500
vt 0.593750 0.875000
vt 0.593750 0.812500
vt 0.593750 0.750000
vt 0.593750 0.687500
vt 0.593750 0.625000
vt 0.593750 0.562500
vt 0.593750 0.500000
vt 0.593750 0.437500
vt 0.593750 0.375000
vt 0.593750 0.312500
vt 0.593750 0.250000
vt 0.593750 0.187500
vt 0.593750 0.125000
vt 0.593750 0.062500
vt 0.734375 1.000000
vt 0.703125 1.000000
vt 0.671875 1.000000
vt 0.640625 1.000000
vt 0.609375 1.000000
vt 0.578125 1.000000
vt 0.546875 1.000000
vt 0.515625 1.000000
vt 0.484375 1.000000
vt 0.453125 1.000000
vt 0.421875 1.000000
vt 0.390625 1.000000
vt 0.359375 1.000000
vt 0.328125 1.000000
vt 0.296875 1.000000
vt 0.265625 1.000000
vt 0.234375 1.000000
vt 0.203125 1.000000
vt 0.171875 1.000000
vt 0.140625 1.000000
vt 0.109375 1.000000
vt 0.078125 1.000000
vt 0.046875 1.000000
vt 0.015625 1.000000
vt 0.984375 1.000000
vt 0.953125 1.000000
vt 0.921875 1.000000
vt 0.890625 1.000000
vt 0.859375 1.000000
vt 0.828125 1.000000
vt 0.796875 1.000000
vt 0.765625 1.000000
vt 0.562500 0.937500
vt 0.562500 0.875000
vt 0.562500 0.812500
vt 0.562500 0.750000
vt 0.562500 0.687500
vt 0.562500 0.625000
vt 0.562500 0.562500
vt 0.562500 0.500000
vt 0.562500 0.437500
vt 0.562500 0.375000
vt 0.562500 0.312500
vt 0.562500 0.250000
vt 0.562500 0.187500
vt 0.562500 0.125000
vt 0.562500 0.062500
vt 0.531250 0.937500
vt 0.531250 0.875000
vt 0.531250 0.812500
vt 0.531250 0.750000
vt 0.531250 0.687500
vt 0.531250 0.625000
vt 0.531250 0.562500
vt 0.531250 0.500000
vt 0.531250 0.437500
vt 0.531250 0.375000
vt 0.531250 0.312500
vt 0.531250 0.250000
vt 0.531250 0.187500
vt 0.531250 0.125000
vt 0.531250 0.062500
vt 0.500000 0.937500
vt 0.500000 0.875000
vt 0.500000 0.812500
vt 0.500000 0.750000
vt 0.500000 0.687500
vt 0.500000 0.625000
vt 0.500000 0.562500
vt 0.500000 0.500000
vt 0.500000 0.437500
vt 0.500000 0.375000
vt 0.500000 0.312500
vt 0.500000 0.250000
vt 0.500000 0.187500
vt 0.500000 0.125000
vt 0.500000 0.062500
vt 0.468750 0.937500
vt 0.468750 0.875000
vt 0.468750 0.812500
vt 0.468750 0.750000
vt 0.468750 0.687500
vt 0.468750 0.625000
vt 0.468750 0.562500
vt 0.468750 0.500000
vt 0.468750 0.437500
vt 0.468750 0.375000
vt 0.468750 0.312500
vt 0.468750 0.250000
vt 0.468750 0.187500
vt 0.468750 0.125000
vt 0.468750 0.062500
vt 0.437500 0.937500
vt 0.437500 0.875000
vt 0.437500 0.812500
vt 0.437500 0.750000
vt 0.437500 0.687500
vt 0.437500 0.625000
vt 0.437500 0.562500
vt 0.437500 0.500000
vt 0.437500 0.437500
vt 0.437500 0.375000
vt 0.437500 0.312500
vt 0.437500 0.250000
vt 0.437500 0.187500
vt 0.437500 0.125000
vt 0.437500 0.062500
vt 0.406250 0.937500
vt 0.406250 0.875000
vt 0.406250 0.812500
vt 0.406250 0.750000
vt 0.406250 0.687500
vt 0.406250 0.625000
vt 0.406250 0.562500
vt 0.406250 0.500000
vt 0.406250 0.437500
vt 0.406250 0.375000
vt 0.406250 0.312500
vt 0.406250 0.250000
vt 0.406250 0.187500
vt 0.406250 0.125000
vt 0.406250 0.062500
vt 0.375000 0.937500
vt 0.375000 0.875000
vt 0.375000 0.812500
vt 0.375000 0.750000
vt 0.375000 0.687500
vt 0.375000 0.625000
vt 0.375000 0.562500
vt 0.375000 0.500000
vt 0.375000 0.437500
vt 0.375000 0.375000
vt 0.375000 0.312500
vt 0.375000 0.250000
vt 0.375000 0.187500
vt 0.375000 0.125000
vt 0.375000 0.062500
vt 0.343750 0.937500
vt 0.343750 0.875000
vt 0.343750 0.812500
vt 0.343750 0.750000
vt 0.343750 0.687500
vt 0.343750 0.625000
vt 0.343750 0.562500
vt 0.343750 0.500000
vt 0.343750 0.437500
vt 0.343750 0.375000
vt 0.343750 0.312500
vt 0.343750 0.250000
vt 0.343750 0.187500
vt 0.343750 0.125000
vt 0.343750 0.062500
vt 0.312500 0.937500
vt 0.312500 0.875000
vt 0.312500 0.812500
vt 0.312500 0.750000
vt 0.312500 0.687500
vt 0.312500 0.625000
vt 0.312500 0.562500
vt 0.312500 0.500000
vt 0.312500 0.437500
vt 0.312500 0.375000
vt 0.312500 0.312500
vt 0.312500 0.250000
vt 0.312500 0.187500
vt 0.312500 0.125000
vt 0.312500 0.062500
vt 0.281250 0.937500
vt 0.281250 0.875000
vt 0.281250 0.812500
vt 0.281250 0.750000
vt 0.281250 0.687500
vt 0.281250 0.625000
vt 0.281250 0.562500
vt 0.281250 0.500000
vt 0.281250 0.437500
vt 0.281250 0.375000
vt 0.281250 0.312500
vt 0.281250 0.250000
vt 0.281250 0.187500
vt 0.281250 0.125000
vt 0.281250 0.062500
vt 0.250000 0.937500
vt 0.250000 0.875000
vt 0.250000 0.812500
vt 0.250000 0.750000
vt 0.250000 0.687500
vt 0.250000 0.625000
vt 0.250000 0.562500
vt 0.250000 0.500000
vt 0.250000 0.437500
vt 0.250000 0.375000
vt 0.250000 0.312500
vt 0.250000 0.250000
vt 0.250000 0.187500
vt 0.250000 0.125000
vt 0.250000 0.062500
vt 0.218750 0.937500
vt 0.218750 0.875000
vt 0.218750 0.812500
vt 0.218750 0.750000
vt 0.218750 0.687500
vt 0.218750 0.625000
vt 0.218750 0.562500
vt 0.218750 0.500000
vt 0.218750 0.437500
vt 0.218750 0.375000
vt 0.218750 0.312500
vt 0.218750 0.250000
vt 0.218750 0.187500
vt 0.218750 0.125000
vt 0.218750 0.062500
vt 0.187500 0.937500
vt 0.187500 0.875000
vt 0.187500 0.812500
vt 0.187500 0.750000
vt 0.187500 0.687500
vt 0.187500 0.625000
vt 0.187500 0.562500
vt 0.187500 0.500000
vt 0.187500 0.437500
vt 0.187500 0.375000
vt 0.187500 0.312500
vt 0.187500 0.250000
vt 0.187500 0.187500
vt 0.187500 0.125000
vt 0.187500 0.062500
vt 0.156250 0.937500
vt 0.156250 0.875000
vt 0.156250 0.812500
vt 0.156250 0.750000
vt 0.156250 0.687500
vt 0.156250 0.625000
vt 0.156250 0.562500
vt 0.156250 0.500000
vt 0.156250 0.437500
vt 0.156250 0.375000
vt 0.156250 0.312500
vt 0.156250 0.250000
vt 0.156250 0.187500
vt 0.156250 0.125000
vt 0.156250 0.062500
vt 0.125000 0.937500
vt 0.125000 0.875000
vt 0.125000 0.812500
vt 0.125000 0.750000
vt 0.125000 0.687500
vt 0.125000 0.625000
vt 0.125000 0.562500
vt 0.125000 0.500000
vt 0.125000 0.437500
vt 0.125000 0.375000
vt 0.125000 0.312500
vt 0.125000 0.250000
vt 0.125000 0.187500
vt 0.125000 0.125000
vt 0.125000 0.062500
vt 0.734375 0.000000
vt 0.703125 0.000000
vt 0.671875 0.000000
vt 0.640625 0.000000
vt 0.609375 0.000000
vt 0.578125 0.000000
vt 0.546875 0.000000
vt 0.515625 0.000000
vt 0.484375 0.000000
vt 0.453125 0.000000
vt 0.421875 0.000000
vt 0.390625 0.000000
vt 0.359375 0.000000
vt 0.328125 0.000000
vt 0.296875 0.000000
vt 0.265625 0.000000
vt 0.234375 0.000000
vt 0.203125 0.000000
vt 0.171875 0.000000
vt 0.140625 0.000000
vt 0.109375 0.000000
vt 0.078125 0.000000
vt 0.046875 0.000000
vt 0.015625 0.000000
vt 0.984375 0.000000
vt 0.953125 0.000000
vt 0.921875 0.000000
vt 0.890625 0.000000
vt 0.859375 0.000000
vt 0.828125 0.000000
vt 0.796875 0.000000
vt 0.765625 0.000000
vt 0.093750 0.937500
vt 0.093750 0.875000
vt 0.093750 0.812500
vt 0.093750 0.750000
vt 0.093750 0.687500
vt 0.093750 0.625000
vt 0.093750 0.562500
vt 0.093750 0.500000
vt 0.093750 0.437500
vt 0.093750 0.375000
vt 0.093750 0.312500
vt 0.093750 0.250000
vt 0.093750 0.187500
vt 0.093750 0.125000
vt 0.093750 0.062500
vt 0.062500 0.937500
vt 0.062500 0.875000
vt 0.062500 0.812500
vt 0.062500 0.750000
vt 0.062500 0.687500
vt 0.062500 0.625000
vt 0.062500 0.562500
vt 0.062500 0.500000
vt 0.062500 0.437500
vt 0.062500 0.375000
vt 0.062500 0.312500
vt 0.062500 0.250000
vt 0.062500 0.187500
vt 0.062500 0.125000
vt 0.062500 0.062500
vt 0.031250 0.937500
vt 0.031250 0.875000
vt 0.031250 0.812500
vt 0.031250 0.750000
vt 0.031250 0.687500
vt 0.031250 0.625000
vt 0.031250 0.562500
vt 0.031250 0.500000
vt 0.031250 0.437500
vt 0.031250 0.375000
vt 0.031250 0.312500
vt 0.031250 0.250000
vt 0.031250 0.187500
vt 0.031250 0.125000
vt 0.031250 0.062500
vt 0.000000 0.937500
vt 1.000000 0.937500
vt 0.000000 0.875000
vt 1.000000 0.875000
vt 0.000000 0.812500
vt 1.000000 0.812500
vt 0.000000 0.750000
vt 1.000000 0.750000
vt 0.000000 0.687500
vt 1.000000 0.687500
vt 0.000000 0.625000
vt 1.000000 0.625000
vt 0.000000 0.562500
vt 1.000000 0.562500
vt 0.000000 0.500000
vt 1.000000 0.500000
vt 0.000000 0.437500
vt 1.000000 0.437500
vt 0.000000 0.375000
vt 1.000000 0.375000
vt 0.000000 0.312500
vt 1.000000 0.312500
vt 0.000000 0.250000
vt 1.000000 0.250000
vt 0.000000 0.187500
vt 1.000000 0.187500
vt 0.000000 0.125000
vt 1.000000 0.125000
vt 0.000000 0.062500
vt 1.000000 0.062500
vt 0.968750 0.937500
vt 0.968750 0.875000
vt 0.968750 0.812500
vt 0.968750 0.750000
vt 0.968750 0.687500
vt 0.968750 0.625000
vt 0.968750 0.562500
vt 0.968750 0.500000
vt 0.968750 0.437500
vt 0.968750 0.375000
vt 0.968750 0.312500
vt 0.968750 0.250000
vt 0.968750 0.187500
vt 0.968750 0.125000
vt 0.968750 0.062500
vt 0.937500 0.937500
vt 0.937500 0.875000
vt 0.937500 0.812500
vt 0.937500 0.750000
vt 0.937500 0.687500
vt 0.937500 0.625000
vt 0.937500 0.562500
vt 0.937500 0.500000
vt 0.937500 0.437500
vt 0.937500 0.375000
vt 0.937500 0.312500
vt 0.937500 0.250000
vt 0.937500 0.187500
vt 0.937500 0.125000
vt 0.937500 0.062500
vt 0.906250 0.937500
vt 0.906250 0.875000
vt 0.906250 0.812500
vt 0.906250 0.750000
vt 0.906250 0.687500
vt 0.906250 0.625000
vt 0.906250 0.562500
vt 0.906250 0.500000
vt 0.906250 0.437500
vt 0.906250 0.375000
vt 0.906250 0.312500
vt 0.906250 0.250000
vt 0.906250 0.187500
vt 0.906250 0.125000
vt 0.906250 0.062500
vt 0.875000 0.937500
vt 0.875000 0.875000
vt 0.875000 0.812500
vt 0.875000 0.750000
vt 0.875000 0.687500
vt 0.875000 0.625000
vt 0.875000 0.562500
vt 0.875000 0.500000
vt 0.875000 0.437500
vt 0.875000 0.375000
vt 0.875000 0.312500
vt 0.875000 0.250000
vt 0.875000 0.187500
vt 0.875000 0.125000
vt 0.875000 0.062500
vt 0.843750 0.937500
vt 0.843750 0.875000
vt 0.843750 0.812500
vt 0.843750 0.750000
vt 0.843750 0.687500
vt 0.843750 0.625000
vt 0.843750 0.562500
vt 0.843750 0.500000
vt 0.843750 0.437500
vt 0.843750 0.375000
vt 0.843750 0.312500
vt 0.843750 0.250000
vt 0.843750 0.187500
vt 0.843750 0.125000
vt 0.843750 0.062500
vt 0.812500 0.937500
vt 0.812500 0.875000
vt 0.812500 0.812500
vt 0.812500 0.750000
vt 0.812500 0.687500
vt 0.812500 0.625000
vt 0.812500 0.562500
vt 0.812500 0.500000
vt 0.812500 0.437500
vt 0.812500 0.375000
vt 0.812500 0.312500
vt 0.812500 0.250000
vt 0.812500 0.187500
vt 0.812500 0.125000
vt 0.812500 0.062500
vt 0.781250 0.937500
vt 0.781250 0.875000
vt 0.781250 0.812500
vt 0.781250 0.750000
vt 0.781250 0.687500
vt 0.781250 0.625000
vt 0.781250 0.562500
vt 0.781250 0.500000
vt 0.781250 0.437500
vt 0.781250 0.375000
vt 0.781250 0.312500
vt 0.781250 0.250000
vt 0.781250 0.187500
vt 0.781250 0.125000
vt 0.781250 0.062500
vt 0.750000 0.937500
vt 0.750000 0.875000
vt 0.750000 0.750000
vt 0.750000 0.625000
vt 0.750000 0.375000
vt 0.750000 0.250000
vt 0.750000 0.187500
vt 0.750000 0.125000
vt 0.750000 0.062500
vt 0.750000 0.812500
vt 0.750000 0.687500
vt 0.750000 0.562500
vt 0.750000 0.500000
vt 0.750000 0.437500
vt 0.750000 0.312500
vt 0.718750 0.937500
vt 0.718750 0.875000
vt 0.718750 0.812500
vt 0.718750 0.750000
vt 0.718750 0.687500
vt 0.718750 0.625000
vt 0.718750 0.562500
vt 0.718750 0.500000
vt 0.718750 0.437500
vt 0.718750 0.375000
vt 0.718750 0.312500
vt 0.718750 0.250000
vt 0.718750 0.187500
vt 0.718750 0.125000
vt 0.718750 0.062500
vt 0.687500 0.937500
vt 0.687500 0.875000
vt 0.687500 0.812500
vt 0.687500 0.750000
vt 0.687500 0.687500
vt 0.687500 0.625000
vt 0.687500 0.562500
vt 0.687500 0.500000
vt 0.687500 0.437500
vt 0.687500 0.375000
vt 0.687500 0.312500
vt 0.687500 0.250000
vt 0.687500 0.187500
vt 0.687500 0.125000
vt 0.687500 0.062500
vt 0.656250 0.937500
vt 0.656250 0.875000
vt 0.656250 0.812500
vt 0.656250 0.750000
vt 0.656250 0.687500
vt 0.656250 0.625000
vt 0.656250 0.562500
vt 0.656250 0.500000
vt 0.656250 0.437500
vt 0.656250 0.375000
vt 0.656250 0.312500
vt 0.656250 0.250000
vt 0.656250 0.187500
vt 0.656250 0.125000
vt 0.656250 0.062500
vt 0.625000 0.937500
vt 0.625000 0.875000
vt 0.625000 0.812500
vt 0.625000 0.750000
vt 0.625000 0.687500
vt 0.625000 0.625000
vt 0.625000 0.562500
vt 0.625000 0.500000
vt 0.625000 0.437500
vt 0.625000 0.375000
vt 0.625000 0.312500
vt 0.625000 0.250000
vt 0.625000 0.187500
vt 0.625000 0.125000
vt 0.625000 0.062500
vt 0.593750 0.937500
vt 0.593750 0.875000
vt 0.593750 0.812500
vt 0.593750 0.750000
vt 0.593750 0.687500
vt 0.593750 0.625000
vt 0.593750 0.562500
vt 0.593750 0.500000
vt 0.593750 0.437500
vt 0.593750 0.375000
vt 0.593750 0.312500
vt 0.593750 0.250000
vt 0.593750 0.187500
vt 0.593750 0.125000
vt 0.593750 0.062500
vt 0.734375 1.000000
vt 0.703125 1.000000
vt 0.671875 1.000000
vt 0.640625 1.000000
vt 0.609375 1.000000
vt 0.578125 1.000000
vt 0.546875 1.000000
vt 0.515625 1.000000
vt 0.484375 1.000000
vt 0.453125 1.000000
vt 0.421875 1.000000
vt 0.390625 1.000000
vt 0.359375 1.000000
vt 0.328125 1.000000
vt 0.296875 1.000000
vt 0.265625 1.000000
vt 0.234375 1.000000
vt 0.203125 1.000000
vt 0.171875 1.000000
vt 0.140625 1.000000
vt 0.109375 1.000000
vt 0.078125 1.000000
vt 0.046875 1.000000
vt 0.015625 1.000000
vt 0.984375 1.000000
vt 0.953125 1.000000
vt 0.921875 1.000000
vt 0.890625 1.000000
vt 0.859375 1.000000
vt 0.828125 1.000000
vt 0.796875 1.000000
vt 0.765625 1.000000
vt 0.562500 0.937500
vt 0.562500 0.875000
vt 0.562500 0.812500
vt 0.562500 0.750000
vt 0.562500 0.687500
vt 0.562500 0.625000
vt 0.562500 0.562500
vt 0.562500 0.500000
vt 0.562500 0.437500
vt 0.562500 0.375000
vt 0.562500 0.312500
vt 0.562500 0.250000
vt 0.562500 0.187500
vt 0.562500 0.125000
vt 0.562500 0.062500
vt 0.531250 0.937500
vt 0.531250 0.875000
vt 0.531250 0.812500
vt 0.531250 0.750000
vt 0.531250 0.687500
vt 0.531250 0.625000
vt 0.531250 0.562500
vt 0.531250 0.500000
vt 0.531250 0.437500
vt 0.531250 0.375000
vt 0.531250 0.312500
vt 0.531250 0.250000
vt 0.531250 0.187500
vt 0.531250 0.125000
vt 0.531250 0.062500
vt 0.500000 0.937500
vt 0.500000 0.875000
vt 0.500000 0.812500
vt 0.500000 0.750000
vt 0.500000 0.687500
vt 0.500000 0.625000
vt 0.500000 0.562500
vt 0.500000 0.500000
vt 0.500000 0.437500
vt 0.500000 0.375000
vt 0.500000 0.312500
vt 0.500000 0.250000
vt 0.500000 0.187500
vt 0.500000 0.125000
vt 0.500000 0.062500
vt 0.468750 0.937500
vt 0.468750 0.875000
vt 0.468750 0.812500
vt 0.468750 0.750000
vt 0.468750 0.687500
vt 0.468750 0.625000
vt 0.468750 0.562500
vt 0.468750 0.500000
vt 0.468750 0.437500
vt 0.468750 0.375000
vt 0.468750 0.312500
vt 0.468750 0.250000
vt 0.468750 0.187500
vt 0.468750 0.125000
vt 0.468750 0.062500
vt 0.437500 0.937500
vt 0.437500 0.875000
vt 0.437500 0.812500
vt 0.437500 0.750000
vt 0.437500 0.687500
vt 0.437500 0.625000
vt 0.437500 0.562500
vt 0.437500 0.500000
vt 0.437500 0.437500
vt 0.437500 0.375000
vt 0.437500 0.312500
vt 0.437500 0.250000
vt 0.437500 0.187500
vt 0.437500 0.125000
vt 0.437500 0.062500
vt 0.406250 0.937500
vt 0.406250 0.875000
vt 0.406250 0.812500
vt 0.406250 0.750000
vt 0.406250 0.687500
vt 0.406250 0.625000
vt 0.406250 0.562500
vt 0.406250 0.500000
vt 0.406250 0.437500
vt 0.406250 0.375000
vt 0.406250 0.312500
vt 0.406250 0.250000
vt 0.406250 0.187500
vt 0.406250 0.125000
vt 0.406250 0.062500
vt 0.375000 0.937500
vt 0.375000 0.875000
vt 0.375000 0.812500
vt 0.375000 0.750000
vt 0.375000 0.687500
vt 0.375000 0.625000
vt 0.375000 0.562500
vt 0.375000 0.500000
vt 0.375000 0.437500
vt 0.375000 0.375000
vt 0.375000 0.312500
vt 0.375000 0.250000
vt 0.375000 0.187500
vt 0.375000 0.125000
vt 0.375000 0.062500
vt 0.343750 0.937500
vt 0.343750 0.875000
vt 0.343750 0.812500
vt 0.343750 0.750000
vt 0.343750 0.687500
vt 0.343750 0.625000
vt 0.343750 0.562500
vt 0.343750 0.500000
vt 0.343750 0.437500
vt 0.343750 0.375000
vt 0.343750 0.312500
vt 0.343750 0.250000
vt 0.343750 0.187500
vt 0.343750 0.125000
vt 0.343750 0.062500
vt 0.312500 0.937500
vt 0.312500 0.875000
vt 0.312500 0.812500
vt 0.312500 0.750000
vt 0.312500 0.687500
vt 0.312500 0.625000
vt 0.312500 0.562500
vt 0.312500 0.500000
vt 0.312500 0.437500
vt 0.312500 0.375000
vt 0.312500 0.312500
vt 0.312500 0.250000
vt 0.312500 0.187500
vt 0.312500 0.125000
vt 0.312500 0.062500
vt 0.281250 0.937500
vt 0.281250 0.875000
vt 0.281250 0.812500
vt 0.281250 0.750000
vt 0.281250 0.687500
vt 0.281250 0.625000
vt 0.281250 0.562500
vt 0.281250 0.500000
vt 0.281250 0.437500
vt 0.281250 0.375000
vt 0.281250 0.312500
vt 0.281250 0.250000
vt 0.281250 0.187500
vt 0.281250 0.125000
vt 0.281250 0.062500
vt 0.250000 0.937500
vt 0.250000 0.875000
vt 0.250000 0.812500
vt 0.250000 0.750000
vt 0.250000 0.687500
vt 0.250000 0.625000
vt 0.250000 0.562500
vt 0.250000 0.500000
vt 0.250000 0.437500
vt 0.250000 0.375000
vt 0.250000 0.312500
vt 0.250000 0.250000
vt 0.250000 0.187500
vt 0.250000 0.125000
vt 0.250000 0.062500
vt 0.218750 0.937500
vt 0.218750 0.875000
vt 0.218750 0.812500
vt 0.218750 0.750000
vt 0.218750 0.687500
vt 0.218750 0.625000
vt 0.218750 0.562500
vt 0.218750 0.500000
vt 0.218750 0.437500
vt 0.218750 0.375000
vt 0.218750 0.312500
vt 0.218750 0.250000
vt 0.218750 0.187500
vt 0.218750 0.125000
vt 0.218750 0.062500
vt 0.187500 0.937500
vt 0.187500 0.875000
vt 0.187500 0.812500
vt 0.187500 0.750000
vt 0.187500 0.687500
vt 0.187500 0.625000
vt 0.187500 0.562500
vt 0.187500 0.500000
vt 0.187500 0.437500
vt 0.187500 0.375000
vt 0.187500 0.312500
vt 0.187500 0.250000
vt 0.187500 0.187500
vt 0.187500 0.125000
vt 0.187500 0.062500
vt 0.156250 0.937500
vt 0.156250 0.875000
vt 0.156250 0.812500
vt 0.156250 0.750000
vt 0.156250 0.687500
vt 0.156250 0.625000
vt 0.156250 0.562500
vt 0.156250 0.500000
vt 0.156250 0.437500
vt 0.156250 0.375000
vt 0.156250 0.312500
vt 0.156250 0.250000
vt 0.156250 0.187500
vt 0.156250 0.125000
vt 0.156250 0.062500
vt 0.125000 0.937500
vt 0.125000 0.875000
vt 0.125000 0.812500
vt 0.125000 0.750000
vt 0.125000 0.687500
vt 0.125000 0.625000
vt 0.125000 0.562500
vt 0.125000 0.500000
vt 0.125000 0.437500
vt 0.125000 0.375000
vt 0.125000 0.312500
vt 0.125000 0.250000
vt 0.125000 0.187500
vt 0.125000 0.125000
vt 0.125000 0.062500
vt 0.734375 0.000000
vt 0.703125 0.000000
vt 0.671875 0.000000
vt 0.640625 0.000000
vt 0.609375 0.000000
vt 0.578125 0.000000
vt 0.546875 0.000000
vt 0.515625 0.000000
vt 0.484375 0.000000
vt 0.453125 0.000000
vt 0.421875 0.000000
vt 0.390625 0.000000
vt 0.359375 0.000000
vt 0.328125 0.000000
vt 0.296875 0.000000
vt 0.265625 0.000000
vt 0.234375 0.000000
vt 0.203125 0.000000
vt 0.171875 0.000000
vt 0.140625 0.000000
vt 0.109375 0.000000
vt 0.078125 0.000000
vt 0.046875 0.000000
vt 0.015625 0.000000
vt 0.984375 0.000000
vt 0.953125 0.000000
vt 0.921875 0.000000
vt 0.890625 0.000000
vt 0.859375 0.000000
vt 0.828125 0.000000
vt 0.796875 0.000000
vt 0.765625 0.000000
vt 0.093750 0.937500
vt 0.093750 0.875000
vt 0.093750 0.812500
vt 0.093750 0.750000
vt 0.093750 0.687500
vt 0.093750 0.625000
vt 0.093750 0.562500
vt 0.093750 0.500000
vt 0.093750 0.437500
vt 0.093750 0.375000
vt 0.093750 0.312500
vt 0.093750 0.250000
vt 0.093750 0.187500
vt 0.093750 0.125000
vt 0.093750 0.062500
vt 0.062500 0.937500
vt 0.062500 0.875000
vt 0.062500 0.812500
vt 0.062500 0.750000
vt 0.062500 0.687500
vt 0.062500 0.625000
vt 0.062500 0.562500
vt 0.062500 0.500000
vt 0.062500 0.437500
vt 0.062500 0.375000
vt 0.062500 0.312500
vt 0.062500 0.250000
vt 0.062500 0.187500
vt 0.062500 0.125000
vt 0.062500 0.062500
vt 0.031250 0.937500
vt 0.031250 0.875000
vt 0.031250 0.812500
vt 0.031250 0.750000
vt 0.031250 0.687500
vt 0.031250 0.625000
vt 0.031250 0.562500
vt 0.031250 0.500000
vt 0.031250 0.437500
vt 0.031250 0.375000
vt 0.031250 0.312500
vt 0.031250 0.250000
vt 0.031250 0.187500
vt 0.031250 0.125000
vt 0.031250 0.062500
vt 0.000000 0.937500
vt 1.000000 0.937500
vt 0.000000 0.875000
vt 1.000000 0.875000
vt 0.000000 0.812500
vt 1.000000 0.812500
vt 0.000000 0.750000
vt 1.000000 0.750000
vt 0.000000 0.687500
vt 1.000000 0.687500
vt 0.000000 0.625000
vt 1.000000 0.625000
vt 0.000000 0.562500
vt 1.000000 0.562500
vt 0.000000 0.500000
vt 1.000000 0.500000
vt 0.000000 0.437500
vt 1.000000 0.437500
vt 0.000000 0.375000
vt 1.000000 0.375000
vt 0.000000 0.312500
vt 1.000000 0.312500
vt 0.000000 0.250000
vt 1.000000 0.250000
vt 0.000000 0.187500
vt 1.000000 0.187500
vt 0.000000 0.125000
vt 1.000000 0.125000
vt 0.000000 0.062500
vt 1.000000 0.062500
vt 0.968750 0.937500
vt 0.968750 0.875000
vt 0.968750 0.812500
vt 0.968750 0.750000
vt 0.968750 0.687500
vt 0.968750 0.625000
vt 0.968750 0.562500
vt 0.968750 0.500000
vt 0.968750 0.437500
vt 0.968750 0.375000
vt 0.968750 0.312500
vt 0.968750 0.250000
vt 0.968750 0.187500
vt 0.968750 0.125000
vt 0.968750 0.062500
vt 0.937500 0.937500
vt 0.937500 0.875000
vt 0.937500 0.812500
vt 0.937500 0.750000
vt 0.937500 0.687500
vt 0.937500 0.625000
vt 0.937500 0.562500
vt 0.937500 0.500000
vt 0.937500 0.437500
vt 0.937500 0.375000
vt 0.937500 0.312500
vt 0.937500 0.250000
vt 0.937500 0.187500
vt 0.937500 0.125000
vt 0.937500 0.062500
vt 0.906250 0.937500
vt 0.906250 0.875000
vt 0.906250 0.812500
vt 0.906250 0.750000
vt 0.906250 0.687500
vt 0.906250 0.625000
vt 0.906250 0.562500
vt 0.906250 0.500000
vt 0.906250 0.437500
vt 0.906250 0.375000
vt 0.906250 0.312500
vt 0.906250 0.250000
vt 0.906250 0.187500
vt 0.906250 0.125000
vt 0.906250 0.062500
vt 0.875000 0.937500
vt 0.875000 0.875000
vt 0.875000 0.812500
vt 0.875000 0.750000
vt 0.875000 0.687500
vt 0.875000 0.625000
vt 0.875000 0.562500
vt 0.875000 0.500000
vt 0.875000 0.437500
vt 0.875000 0.375000
vt 0.875000 0.312500
vt 0.875000 0.250000
vt 0.875000 0.187500
vt 0.875000 0.125000
vt 0.875000 0.062500
vt 0.843750 0.937500
vt 0.843750 0.875000
vt 0.843750 0.812500
vt 0.843750 0.750000
vt 0.843750 0.687500
vt 0.843750 0.625000
vt 0.843750 0.562500
vt 0.843750 0.500000
vt 0.843750 0.437500
vt 0.843750 0.375000
vt 0.843750 0.312500
vt 0.843750 0.250000
vt 0.843750 0.187500
vt 0.843750 0.125000
vt 0.843750 0.062500
vt 0.812500 0.937500
vt 0.812500 0.875000
vt 0.812500 0.812500
vt 0.812500 0.750000
vt 0.812500 0.687500
vt 0.812500 0.625000
vt 0.812500 0.562500
vt 0.812500 0.500000
vt 0.812500 0.437500
vt 0.812500 0.375000
vt 0.812500 0.312500
vt 0.812500 0.250000
vt 0.812500 0.187500
vt 0.812500 0.125000
vt 0.812500 0.062500
vt 0.781250 0.937500
vt 0.781250 0.875000
vt 0.781250 0.812500
vt 0.781250 0.750000
vt 0.781250 0.687500
vt 0.781250 0.625000
vt 0.781250 0.562500
vt 0.781250 0.500000
vt 0.781250 0.437500
vt 0.781250 0.375000
vt 0.781250 0.312500
vt 0.781250 0.250000
vt 0.781250 0.187500
vt 0.781250 0.125000
vt 0.781250 0.062500
vt 0.750000 0.937500
vt 0.750000 0.875000
vt 0.750000 0.750000
vt 0.750000 0.625000
vt 0.750000 0.375000
vt 0.750000 0.250000
vt 0.750000 0.187500
vt 0.750000 0.125000
vt 0.750000 0.062500
vt 0.375000 0.000000
vt 0.375000 1.000000
vt 0.125000 0.750000
vt 0.625000 1.000000
vt 0.875000 0.750000
vt 0.625000 0.000000
vt 0.125000 0.500000
vt 0.375000 0.250000
vt 0.875000 0.500000
vt 0.625000 0.250000
vt 0.375000 0.750000
vt 0.625000 0.750000
vt 0.375000 0.500000
vt 0.625000 0.500000
vt 0.500000 0.000000
vt 0.500000 1.000000
vt 0.500000 0.250000
vt 0.500000 0.500000
vt 0.500000 0.750000
vt 0.562500 1.000000
vt 0.562500 0.000000
vt 0.562500 0.250000
vt 0.562500 0.500000
vt 0.562500 0.750000
vt 0.437500 0.250000
vt 0.437500 0.500000
vt 0.437500 0.750000
vt 0.437500 0.000000
vt 0.437500 1.000000
vt 0.593750 1.000000
vt 0.593750 0.000000
vt 0.593750 0.250000
vt 0.593750 0.500000
vt 0.593750 0.750000
vt 0.406250 0.250000
vt 0.406250 0.500000
vt 0.406250 0.750000
vt 0.406250 1.000000
vt 0.406250 0.000000
vt 0.375000 0.125000
vt 0.125000 0.625000
vt 0.875000 0.625000
vt 0.625000 0.125000
vt 0.375000 0.625000
vt 0.625000 0.625000
vt 0.500000 0.625000
vt 0.500000 0.125000
vt 0.562500 0.625000
vt 0.562500 0.125000
vt 0.437500 0.125000
vt 0.437500 0.625000
vt 0.593750 0.625000
vt 0.593750 0.125000
vt 0.406250 0.625000
vt 0.406250 0.125000
vt 0.531250 0.250000
vt 0.531250 0.500000
vt 0.531250 0.750000
vt 0.531250 0.000000
vt 0.531250 1.000000
vt 0.531250 0.125000
vt 0.531250 0.625000
vt 0.468750 0.000000
vt 0.468750 1.000000
vt 0.468750 0.250000
vt 0.468750 0.500000
vt 0.468750 0.750000
vt 0.468750 0.125000
vt 0.468750 0.625000
vt 0.349886 0.500000
vt 0.375000 0.474886
vt 0.650114 0.500000
vt 0.625000 0.474886
vt 0.375000 0.775114
vt 0.349886 0.750000
vt 0.625000 0.775114
vt 0.650114 0.750000
vt 0.500000 0.775114
vt 0.500000 0.474886
vt 0.562500 0.775114
vt 0.562500 0.474886
vt 0.437500 0.474886
vt 0.437500 0.775114
vt 0.593750 0.775114
vt 0.593750 0.474886
vt 0.406250 0.775114
vt 0.406250 0.474886
vt 0.650114 0.625000
vt 0.349886 0.625000
vt 0.531250 0.474886
vt 0.531250 0.775114
vt 0.468750 0.474886
vt 0.468750 0.775114
vt 0.375000 0.272477
vt 0.147477 0.500000
vt 0.852523 0.750000
vt 0.625000 0.977523
vt 0.500000 0.977523
vt 0.562500 0.977523
vt 0.437500 0.977523
vt 0.593750 0.977523
vt 0.406250 0.977523
vt 0.147477 0.625000
vt 0.531250 0.977523
vt 0.468750 0.977523
vt 0.852523 0.500000
vt 0.625000 0.272477
vt 0.375000 0.977523
vt 0.147477 0.750000
vt 0.500000 0.272477
vt 0.562500 0.272477
vt 0.437500 0.272477
vt 0.593750 0.272477
vt 0.406250 0.272477
vt 0.852523 0.625000
vt 0.531250 0.272477
vt 0.468750 0.272477
vt 0.675484 0.500000
vt 0.625000 0.449516
vt 0.375000 0.800484
vt 0.324516 0.750000
vt 0.500000 0.449516
vt 0.562500 0.449516
vt 0.437500 0.449516
vt 0.593750 0.449516
vt 0.406250 0.449516
vt 0.675484 0.625000
vt 0.531250 0.449516
vt 0.468750 0.449516
vt 0.375000 0.449516
vt 0.324516 0.500000
vt 0.625000 0.800484
vt 0.675484 0.750000
vt 0.500000 0.800484
vt 0.562500 0.800484
vt 0.437500 0.800484
vt 0.593750 0.800484
vt 0.406250 0.800484
vt 0.324516 0.625000
vt 0.531250 0.800484
vt 0.468750 0.800484
vt 0.750000 0.812500
vt 0.750000 0.687500
vt 0.750000 0.562500
vt 0.750000 0.500000
vt 0.750000 0.437500
vt 0.750000 0.312500
vt 0.718750 0.937500
vt 0.718750 0.875000
vt 0.718750 0.812500
vt 0.718750 0.750000
vt 0.718750 0.687500
vt 0.718750 0.625000
vt 0.718750 0.562500
vt 0.718750 0.500000
vt 0.718750 0.437500
vt 0.718750 0.375000
vt 0.718750 0.312500
vt 0.718750 0.250000
vt 0.718750 0.187500
vt 0.718750 0.125000
vt 0.718750 0.062500
vt 0.687500 0.937500
vt 0.687500 0.875000
vt 0.687500 0.812500
vt 0.687500 0.750000
vt 0.687500 0.687500
vt 0.687500 0.625000
vt 0.687500 0.562500
vt 0.687500 0.500000
vt 0.687500 0.437500
vt 0.687500 0.375000
vt 0.687500 0.312500
vt 0.687500 0.250000
vt 0.687500 0.187500
vt 0.687500 0.125000
vt 0.687500 0.062500
vt 0.656250 0.937500
vt 0.656250 0.875000
vt 0.656250 0.812500
vt 0.656250 0.750000
vt 0.656250 0.687500
vt 0.656250 0.625000
vt 0.656250 0.562500
vt 0.656250 0.500000
vt 0.656250 0.437500
vt 0.656250 0.375000
vt 0.656250 0.312500
vt 0.656250 0.250000
vt 0.656250 0.187500
vt 0.656250 0.125000
vt 0.656250 0.062500
vt 0.625000 0.937500
vt 0.625000 0.875000
vt 0.625000 0.812500
vt 0.625000 0.750000
vt 0.625000 0.687500
vt 0.625000 0.625000
vt 0.625000 0.562500
vt 0.625000 0.500000
vt 0.625000 0.437500
vt 0.625000 0.375000
vt 0.625000 0.312500
vt 0.625000 0.250000
vt 0.625000 0.187500
vt 0.625000 0.125000
vt 0.625000 0.062500
vt 0.593750 0.937500
vt 0.593750 0.875000
vt 0.593750 0.812500
vt 0.593750 0.750000
vt 0.593750 0.687500
vt 0.593750 0.625000
vt 0.593750 0.562500
vt 0.593750 0.500000
vt 0.593750 0.437500
vt 0.593750 0.375000
vt 0.593750 0.312500
vt 0.593750 0.250000
vt 0.593750 0.187500
vt 0.593750 0.125000
vt 0.593750 0.062500
vt 0.734375 1.000000
vt 0.703125 1.000000
vt 0.671875 1.000000
vt 0.640625 1.000000
vt 0.609375 1.000000
vt 0.578125 1.000000
vt 0.546875 1.000000
vt 0.515625 1.000000
vt 0.484375 1.000000
vt 0.453125 1.000000
vt 0.421875 1.000000
vt 0.390625 1.000000
vt 0.359375 1.000000
vt 0.328125 1.000000
vt 0.296875 1.000000
vt 0.265625 1.000000
vt 0.234375 1.000000
vt 0.203125 1.000000
vt 0.171875 1.000000
vt 0.140625 1.000000
vt 0.109375 1.000000
vt 0.078125 1.000000
vt 0.046875 1.000000
vt 0.015625 1.000000
vt 0.984375 1.000000
vt 0.953125 1.000000
vt 0.921875 1.000000
vt 0.890625 1.000000
vt 0.859375 1.000000
vt 0.828125 1.000000
vt 0.796875 1.000000
vt 0.765625 1.000000
vt 0.562500 0.937500
vt 0.562500 0.875000
vt 0.562500 0.812500
vt 0.562500 0.750000
vt 0.562500 0.687500
vt 0.562500 0.625000
vt 0.562500 0.562500
vt 0.562500 0.500000
vt 0.562500 0.437500
vt 0.562500 0.375000
vt 0.562500 0.312500
vt 0.562500 0.250000
vt 0.562500 0.187500
vt 0.562500 0.125000
vt 0.562500 0.062500
vt 0.531250 0.937500
vt 0.531250 0.875000
vt 0.531250 0.812500
vt 0.531250 0.750000
vt 0.531250 0.687500
vt 0.531250 0.625000
vt 0.531250 0.562500
vt 0.531250 0.500000
vt 0.531250 0.437500
vt 0.531250 0.375000
vt 0.531250 0.312500
vt 0.531250 0.250000
vt 0.531250 0.187500
vt 0.531250 0.125000
vt 0.531250 0.062500
vt 0.500000 0.937500
vt 0.500000 0.875000
vt 0.500000 0.812500
vt 0.500000 0.750000
vt 0.500000 0.687500
vt 0.500000 0.625000
vt 0.500000 0.562500
vt 0.500000 0.500000
vt 0.500000 0.437500
vt 0.500000 0.375000
vt 0.500000 0.312500
vt 0.500000 0.250000
vt 0.500000 0.187500
vt 0.500000 0.125000
vt 0.500000 0.062500
vt 0.468750 0.937500
vt 0.468750 0.875000
vt 0.468750 0.812500
vt 0.468750 0.750000
vt 0.468750 0.687500
vt 0.468750 0.625000
vt 0.468750 0.562500
vt 0.468750 0.500000
vt 0.468750 0.437500
vt 0.468750 0.375000
vt 0.468750 0.312500
vt 0.468750 0.250000
vt 0.468750 0.187500
vt 0.468750 0.125000
vt 0.468750 0.062500
vt 0.437500 0.937500
vt 0.437500 0.875000
vt 0.437500 0.812500
vt 0.437500 0.750000
vt 0.437500 0.687500
vt 0.437500 0.625000
vt 0.437500 0.562500
vt 0.437500 0.500000
vt 0.437500 0.437500
vt 0.437500 0.375000
vt 0.437500 0.312500
vt 0.437500 0.250000
vt 0.437500 0.187500
vt 0.437500 0.125000
vt 0.437500 0.062500
vt 0.406250 0.937500
vt 0.406250 0.875000
vt 0.406250 0.812500
vt 0.406250 0.750000
vt 0.406250 0.687500
vt 0.406250 0.625000
vt 0.406250 0.562500
vt 0.406250 0.500000
vt 0.406250 0.437500
vt 0.406250 0.375000
vt 0.406250 0.312500
vt 0.406250 0.250000
vt 0.406250 0.187500
vt 0.406250 0.125000
vt 0.406250 0.062500
vt 0.375000 0.937500
vt 0.375000 0.875000
vt 0.375000 0.812500
vt 0.375000 0.750000
vt 0.375000 0.687500
vt 0.375000 0.625000
vt 0.375000 0.562500
vt 0.375000 0.500000
vt 0.375000 0.437500
vt 0.375000 0.375000
vt 0.375000 0.312500
vt 0.375000 0.250000
vt 0.375000 0.187500
vt 0.375000 0.125000
vt 0.375000 0.062500
vt 0.343750 0.937500
vt 0.343750 0.875000
vt 0.343750 0.812500
vt 0.343750 0.750000
vt 0.343750 0.687500
vt 0.343750 0.625000
vt 0.343750 0.562500
vt 0.343750 0.500000
vt 0.343750 0.437500
vt 0.343750 0.375000
vt 0.343750 0.312500
vt 0.343750 0.250000
vt 0.343750 0.187500
vt 0.343750 0.125000
vt 0.343750 0.062500
vt 0.312500 0.937500
vt 0.312500 0.875000
vt 0.312500 0.812500
vt 0.312500 0.750000
vt 0.312500 0.687500
vt 0.312500 0.625000
vt 0.312500 0.562500
vt 0.312500 0.500000
vt 0.312500 0.437500
vt 0.312500 0.375000
vt 0.312500 0.312500
vt 0.312500 0.250000
vt 0.312500 0.187500
vt 0.312500 0.125000
vt 0.312500 0.062500
vt 0.281250 0.937500
vt 0.281250 0.875000
vt 0.281250 0.812500
vt 0.281250 0.750000
vt 0.281250 0.687500
vt 0.281250 0.625000
vt 0.281250 0.562500
vt 0.281250 0.500000
vt 0.281250 0.437500
vt 0.281250 0.375000
vt 0.281250 0.312500
vt 0.281250 0.250000
vt 0.281250 0.187500
vt 0.281250 0.125000
vt 0.281250 0.062500
vt 0.250000 0.937500
vt 0.250000 0.875000
vt 0.250000 0.812500
vt 0.250000 0.750000
vt 0.250000 0.687500
vt 0.250000 0.625000
vt 0.250000 0.562500
vt 0.250000 0.500000
vt 0.250000 0.437500
vt 0.250000 0.375000
vt 0.250000 0.312500
vt 0.250000 0.250000
vt 0.250000 0.187500
vt 0.250000 0.125000
vt 0.250000 0.062500
vt 0.218750 0.937500
vt 0.218750 0.875000
vt 0.218750 0.812500
vt 0.218750 0.750000
vt 0.218750 0.687500
vt 0.218750 0.625000
vt 0.218750 0.562500
vt 0.218750 0.500000
vt 0.218750 0.437500
vt 0.218750 0.375000
vt 0.218750 0.312500
vt 0.218750 0.250000
vt 0.218750 0.187500
vt 0.218750 0.125000
vt 0.218750 0.062500
vt 0.187500 0.937500
vt 0.187500 0.875000
vt 0.187500 0.812500
vt 0.187500 0.750000
vt 0.187500 0.687500
vt 0.187500 0.625000
vt 0.187500 0.562500
vt 0.187500 0.500000
vt 0.187500 0.437500
vt 0.187500 0.375000
vt 0.187500 0.312500
vt 0.187500 0.250000
vt 0.187500 0.187500
vt 0.187500 0.125000
vt 0.187500 0.062500
vt 0.156250 0.937500
vt 0.156250 0.875000
vt 0.156250 0.812500
vt 0.156250 0.750000
vt 0.156250 0.687500
vt 0.156250 0.625000
vt 0.156250 0.562500
vt 0.156250 0.500000
vt 0.156250 0.437500
vt 0.156250 0.375000
vt 0.156250 0.312500
vt 0.156250 0.250000
vt 0.156250 0.187500
vt 0.156250 0.125000
vt 0.156250 0.062500
vt 0.125000 0.937500
vt 0.125000 0.875000
vt 0.125000 0.812500
vt 0.125000 0.750000
vt 0.125000 0.687500
vt 0.125000 0.625000
vt 0.125000 0.562500
vt 0.125000 0.500000
vt 0.125000 0.437500
vt 0.125000 0.375000
vt 0.125000 0.312500
vt 0.125000 0.250000
vt 0.125000 0.187500
vt 0.125000 0.125000
vt 0.125000 0.062500
vt 0.734375 0.000000
vt 0.703125 0.000000
vt 0.671875 0.000000
vt 0.640625 0.000000
vt 0.609375 0.000000
vt 0.578125 0.000000
vt 0.546875 0.000000
vt 0.515625 0.000000
vt 0.484375 0.000000
vt 0.453125 0.000000
vt 0.421875 0.000000
vt 0.390625 0.000000
vt 0.359375 0.000000
vt 0.328125 0.000000
vt 0.296875 0.000000
vt 0.265625 0.000000
vt 0.234375 0.000000
vt 0.203125 0.000000
vt 0.171875 0.000000
vt 0.140625 0.000000
vt 0.109375 0.000000
vt 0.078125 0.000000
vt 0.046875 0.000000
vt 0.015625 0.000000
vt 0.984375 0.000000
vt 0.953125 0.000000
vt 0.921875 0.000000
vt 0.890625 0.000000
vt 0.859375 0.000000
vt 0.828125 0.000000
vt 0.796875 0.000000
vt 0.765625 0.000000
vt 0.093750 0.937500
vt 0.093750 0.875000
vt 0.093750 0.812500
vt 0.093750 0.750000
vt 0.093750 0.687500
vt 0.093750 0.625000
vt 0.093750 0.562500
vt 0.093750 0.500000
vt 0.093750 0.437500
vt 0.093750 0.375000
vt 0.093750 0.312500
vt 0.093750 0.250000
vt 0.093750 0.187500
vt 0.093750 0.125000
vt 0.093750 0.062500
vt 0.062500 0.937500
vt 0.062500 0.875000
vt 0.062500 0.812500
vt 0.062500 0.750000
vt 0.062500 0.687500
vt 0.062500 0.625000
vt 0.062500 0.562500
vt 0.062500 0.500000
vt 0.062500 0.437500
vt 0.062500 0.375000
vt 0.062500 0.312500
vt 0.062500 0.250000
vt 0.062500 0.187500
vt 0.062500 0.125000
vt 0.062500 0.062500
vt 0.031250 0.937500
vt 0.031250 0.875000
vt 0.031250 0.812500
vt 0.031250 0.750000
vt 0.031250 0.687500
vt 0.031250 0.625000
vt 0.031250 0.562500
vt 0.031250 0.500000
vt 0.031250 0.437500
vt 0.031250 0.375000
vt 0.031250 0.312500
vt 0.031250 0.250000
vt 0.031250 0.187500
vt 0.031250 0.125000
vt 0.031250 0.062500
vt 0.000000 0.937500
vt 1.000000 0.937500
vt 0.000000 0.875000
vt 1.000000 0.875000
vt 0.000000 0.812500
vt 1.000000 0.812500
vt 0.000000 0.750000
vt 1.000000 0.750000
vt 0.000000 0.687500
vt 1.000000 0.687500
vt 0.000000 0.625000
vt 1.000000 0.625000
vt 0.000000 0.562500
vt 1.000000 0.562500
vt 0.000000 0.500000
vt 1.000000 0.500000
vt 0.000000 0.437500
vt 1.000000 0.437500
vt 0.000000 0.375000
vt 1.000000 0.375000
vt 0.000000 0.312500
vt 1.000000 0.312500
vt 0.000000 0.250000
vt 1.000000 0.250000
vt 0.000000 0.187500
vt 1.000000 0.187500
vt 0.000000 0.125000
vt 1.000000 0.125000
vt 0.000000 0.062500
vt 1.000000 0.062500
vt 0.968750 0.937500
vt 0.968750 0.875000
vt 0.968750 0.812500
vt 0.968750 0.750000
vt 0.968750 0.687500
vt 0.968750 0.625000
vt 0.968750 0.562500
vt 0.968750 0.500000
vt 0.968750 0.437500
vt 0.968750 0.375000
vt 0.968750 0.312500
vt 0.968750 0.250000
vt 0.968750 0.187500
vt 0.968750 0.125000
vt 0.968750 0.062500
vt 0.937500 0.937500
vt 0.937500 0.875000
vt 0.937500 0.812500
vt 0.937500 0.750000
vt 0.937500 0.687500
vt 0.937500 0.625000
vt 0.937500 0.562500
vt 0.937500 0.500000
vt 0.937500 0.437500
vt 0.937500 0.375000
vt 0.937500 0.312500
vt 0.937500 0.250000
vt 0.937500 0.187500
vt 0.937500 0.125000
vt 0.937500 0.062500
vt 0.906250 0.937500
vt 0.906250 0.875000
vt 0.906250 0.812500
vt 0.906250 0.750000
vt 0.906250 0.687500
vt 0.906250 0.625000
vt 0.906250 0.562500
vt 0.906250 0.500000
vt 0.906250 0.437500
vt 0.906250 0.375000
vt 0.906250 0.312500
vt 0.906250 0.250000
vt 0.906250 0.187500
vt 0.906250 0.125000
vt 0.906250 0.062500
vt 0.875000 0.937500
vt 0.875000 0.875000
vt 0.875000 0.812500
vt 0.875000 0.750000
vt 0.875000 0.687500
vt 0.875000 0.625000
vt 0.875000 0.562500
vt 0.875000 0.500000
vt 0.875000 0.437500
vt 0.875000 0.375000
vt 0.875000 0.312500
vt 0.875000 0.250000
vt 0.875000 0.187500
vt 0.875000 0.125000
vt 0.875000 0.062500
vt 0.843750 0.937500
vt 0.843750 0.875000
vt 0.843750 0.812500
vt 0.843750 0.750000
vt 0.843750 0.687500
vt 0.843750 0.625000
vt 0.843750 0.562500
vt 0.843750 0.500000
vt 0.843750 0.437500
vt 0.843750 0.375000
vt 0.843750 0.312500
vt 0.843750 0.250000
vt 0.843750 0.187500
vt 0.843750 0.125000
vt 0.843750 0.062500
vt 0.812500 0.937500
vt 0.812500 0.875000
vt 0.812500 0.812500
vt 0.812500 0.750000
vt 0.812500 0.687500
vt 0.812500 0.625000
vt 0.812500 0.562500
vt 0.812500 0.500000
vt 0.812500 0.437500
vt 0.812500 0.375000
vt 0.812500 0.312500
vt 0.812500 0.250000
vt 0.812500 0.187500
vt 0.812500 0.125000
vt 0.812500 0.062500
vt 0.781250 0.937500
vt 0.781250 0.875000
vt 0.781250 0.812500
vt 0.781250 0.750000
vt 0.781250 0.687500
vt 0.781250 0.625000
vt 0.781250 0.562500
vt 0.781250 0.500000
vt 0.781250 0.437500
vt 0.781250 0.375000
vt 0.781250 0.312500
vt 0.781250 0.250000
vt 0.781250 0.187500
vt 0.781250 0.125000
vt 0.781250 0.062500
vt 0.750000 0.937500
vt 0.750000 0.875000
vt 0.750000 0.750000
vt 0.750000 0.625000
vt 0.750000 0.375000
vt 0.750000 0.250000
vt 0.750000 0.187500
vt 0.750000 0.125000
vt 0.750000 0.062500
vt 0.750000 0.812500
vt 0.750000 0.687500
vt 0.750000 0.562500
vt 0.750000 0.500000
vt 0.750000 0.437500
vt 0.750000 0.312500
vt 0.718750 0.937500
vt 0.718750 0.875000
vt 0.718750 0.812500
vt 0.718750 0.750000
vt 0.718750 0.687500
vt 0.718750 0.625000
vt 0.718750 0.562500
vt 0.718750 0.500000
vt 0.718750 0.437500
vt 0.718750 0.375000
vt 0.718750 0.312500
vt 0.718750 0.250000
vt 0.718750 0.187500
vt 0.718750 0.125000
vt 0.718750 0.062500
vt 0.687500 0.937500
vt 0.687500 0.875000
vt 0.687500 0.812500
vt 0.687500 0.750000
vt 0.687500 0.687500
vt 0.687500 0.625000
vt 0.687500 0.562500
vt 0.687500 0.500000
vt 0.687500 0.437500
vt 0.687500 0.375000
vt 0.687500 0.312500
vt 0.687500 0.250000
vt 0.687500 0.187500
vt 0.687500 0.125000
vt 0.687500 0.062500
vt 0.656250 0.937500
vt 0.656250 0.875000
vt 0.656250 0.812500
vt 0.656250 0.750000
vt 0.656250 0.687500
vt 0.656250 0.625000
vt 0.656250 0.562500
vt 0.656250 0.500000
vt 0.656250 0.437500
vt 0.656250 0.375000
vt 0.656250 0.312500
vt 0.656250 0.250000
vt 0.656250 0.187500
vt 0.656250 0.125000
vt 0.656250 0.062500
vt 0.625000 0.937500
vt 0.625000 0.875000
vt 0.625000 0.812500
vt 0.625000 0.750000
vt 0.625000 0.687500
vt 0.625000 0.625000
vt 0.625000 0.562500
vt 0.625000 0.500000
vt 0.625000 0.437500
vt 0.625000 0.375000
vt 0.625000 0.312500
vt 0.625000 0.250000
vt 0.625000 0.187500
vt 0.625000 0.125000
vt 0.625000 0.062500
vt 0.593750 0.937500
vt 0.593750 0.875000
vt 0.593750 0.812500
vt 0.593750 0.750000
vt 0.593750 0.687500
vt 0.593750 0.625000
vt 0.593750 0.562500
vt 0.593750 0.500000
vt 0.593750 0.437500
vt 0.593750 0.375000
vt 0.593750 0.312500
vt 0.593750 0.250000
vt 0.593750 0.187500
vt 0.593750 0.125000
vt 0.593750 0.062500
vt 0.734375 1.000000
vt 0.703125 1.000000
vt 0.671875 1.000000
vt 0.640625 1.000000
vt 0.609375 1.000000
vt 0.578125 1.000000
vt 0.546875 1.000000
vt 0.515625 1.000000
vt 0.484375 1.000000
vt 0.453125 1.000000
vt 0.421875 1.000000
vt 0.390625 1.000000
vt 0.359375 1.000000
vt 0.328125 1.000000
vt 0.296875 1.000000
vt 0.265625 1.000000
vt 0.234375 1.000000
vt 0.203125 1.000000
vt 0.171875 1.000000
vt 0.140625 1.000000
vt 0.109375 1.000000
vt 0.078125 1.000000
vt 0.046875 1.000000
vt 0.015625 1.000000
vt 0.984375 1.000000
vt 0.953125 1.000000
vt 0.921875 1.000000
vt 0.890625 1.000000
vt 0.859375 1.000000
vt 0.828125 1.000000
vt 0.796875 1.000000
vt 0.765625 1.000000
vt 0.562500 0.937500
vt 0.562500 0.875000
vt 0.562500 0.812500
vt 0.562500 0.750000
vt 0.562500 0.687500
vt 0.562500 0.625000
vt 0.562500 0.562500
vt 0.562500 0.500000
vt 0.562500 0.437500
vt 0.562500 0.375000
vt 0.562500 0.312500
vt 0.562500 0.250000
vt 0.562500 0.187500
vt 0.562500 0.125000
vt 0.562500 0.062500
vt 0.531250 0.937500
vt 0.531250 0.875000
vt 0.531250 0.812500
vt 0.531250 0.750000
vt 0.531250 0.687500
vt 0.531250 0.625000
vt 0.531250 0.562500
vt 0.531250 0.500000
vt 0.531250 0.437500
vt 0.531250 0.375000
vt 0.531250 0.312500
vt 0.531250 0.250000
vt 0.531250 0.187500
vt 0.531250 0.125000
vt 0.531250 0.062500
vt 0.500000 0.937500
vt 0.500000 0.875000
vt 0.500000 0.812500
vt 0.500000 0.750000
vt 0.500000 0.687500
vt 0.500000 0.625000
vt 0.500000 0.562500
vt 0.500000 0.500000
vt 0.500000 0.437500
vt 0.500000 0.375000
vt 0.500000 0.312500
vt 0.500000 0.250000
vt 0.500000 0.187500
vt 0.500000 0.125000
vt 0.500000 0.062500
vt 0.468750 0.937500
vt 0.468750 0.875000
vt 0.468750 0.812500
vt 0.468750 0.750000
vt 0.468750 0.687500
vt 0.468750 0.625000
vt 0.468750 0.562500
vt 0.468750 0.500000
vt 0.468750 0.437500
vt 0.468750 0.375000
vt 0.468750 0.312500
vt 0.468750 0.250000
vt 0.468750 0.187500
vt 0.468750 0.125000
vt 0.468750 0.062500
vt 0.437500 0.937500
vt 0.437500 0.875000
vt 0.437500 0.812500
vt 0.437500 0.750000
vt 0.437500 0.687500
vt 0.437500 0.625000
vt 0.437500 0.562500
vt 0.437500 0.500000
vt 0.437500 0.437500
vt 0.437500 0.375000
vt 0.437500 0.312500
vt 0.437500 0.250000
vt 0.437500 0.187500
vt 0.437500 0.125000
vt 0.437500 0.062500
vt 0.406250 0.937500
vt 0.406250 0.875000
vt 0.406250 0.812500
vt 0.406250 0.750000
vt 0.406250 0.687500
vt 0.406250 0.625000
vt 0.406250 0.562500
vt 0.406250 0.500000
vt 0.406250 0.437500
vt 0.406250 0.375000
vt 0.406250 0.312500
vt 0.406250 0.250000
vt 0.406250 0.187500
vt 0.406250 0.125000
vt 0.406250 0.062500
vt 0.375000 0.937500
vt 0.375000 0.875000
vt 0.375000 0.812500
vt 0.375000 0.750000
vt 0.375000 0.687500
vt 0.375000 0.625000
vt 0.375000 0.562500
vt 0.375000 0.500000
vt 0.375000 0.437500
vt 0.375000 0.375000
vt 0.375000 0.312500
vt 0.375000 0.250000
vt 0.375000 0.187500
vt 0.375000 0.125000
vt 0.375000 0.062500
vt 0.343750 0.937500
vt 0.343750 0.875000
vt 0.343750 0.812500
vt 0.343750 0.750000
vt 0.343750 0.687500
vt 0.343750 0.625000
vt 0.343750 0.562500
vt 0.343750 0.500000
vt 0.343750 0.437500
vt 0.343750 0.375000
vt 0.343750 0.312500
vt 0.343750 0.250000
vt 0.343750 0.187500
vt 0.343750 0.125000
vt 0.343750 0.062500
vt 0.312500 0.937500
vt 0.312500 0.875000
vt 0.312500 0.812500
vt 0.312500 0.750000
vt 0.312500 0.687500
vt 0.312500 0.625000
vt 0.312500 0.562500
vt 0.312500 0.500000
vt 0.312500 0.437500
vt 0.312500 0.375000
vt 0.312500 0.312500
vt 0.312500 0.250000
vt 0.312500 0.187500
vt 0.312500 0.125000
vt 0.312500 0.062500
vt 0.281250 0.937500
vt 0.281250 0.875000
vt 0.281250 0.812500
vt 0.281250 0.750000
vt 0.281250 0.687500
vt 0.281250 0.625000
vt 0.281250 0.562500
vt 0.281250 0.500000
vt 0.281250 0.437500
vt 0.281250 0.375000
vt 0.281250 0.312500
vt 0.281250 0.250000
vt 0.281250 0.187500
vt 0.281250 0.125000
vt 0.281250 0.062500
vt 0.250000 0.937500
vt 0.250000 0.875000
vt 0.250000 0.812500
vt 0.250000 0.750000
vt 0.250000 0.687500
vt 0.250000 0.625000
vt 0.250000 0.562500
vt 0.250000 0.500000
vt 0.250000 0.437500
vt 0.250000 0.375000
vt 0.250000 0.312500
vt 0.250000 0.250000
vt 0.250000 0.187500
vt 0.250000 0.125000
vt 0.250000 0.062500
vt 0.218750 0.937500
vt 0.218750 0.875000
vt 0.218750 0.812500
vt 0.218750 0.750000
vt 0.218750 0.687500
vt 0.218750 0.625000
vt 0.218750 0.562500
vt 0.218750 0.500000
vt 0.218750 0.437500
vt 0.218750 0.375000
vt 0.218750 0.312500
vt 0.218750 0.250000
vt 0.218750 0.187500
vt 0.218750 0.125000
vt 0.218750 0.062500
vt 0.187500 0.937500
vt 0.187500 0.875000
vt 0.187500 0.812500
vt 0.187500 0.750000
vt 0.187500 0.687500
vt 0.187500 0.625000
vt 0.187500 0.562500
vt 0.187500 0.500000
vt 0.187500 0.437500
vt 0.187500 0.375000
vt 0.187500 0.312500
vt 0.187500 0.250000
vt 0.187500 0.187500
vt 0.187500 0.125000
vt 0.187500 0.062500
vt 0.156250 0.937500
vt 0.156250 0.875000
vt 0.156250 0.812500
vt 0.156250 0.750000
vt 0.156250 0.687500
vt 0.156250 0.625000
vt 0.156250 0.562500
vt 0.156250 0.500000
vt 0.156250 0.437500
vt 0.156250 0.375000
vt 0.156250 0.312500
vt 0.156250 0.250000
vt 0.156250 0.187500
vt 0.156250 0.125000
vt 0.156250 0.062500
vt 0.125000 0.937500
vt 0.125000 0.875000
vt 0.125000 0.812500
vt 0.125000 0.750000
vt 0.125000 0.687500
vt 0.125000 0.625000
vt 0.125000 0.562500
vt 0.125000 0.500000
vt 0.125000 0.437500
vt 0.125000 0.375000
vt 0.125000 0.312500
vt 0.125000 0.250000
vt 0.125000 0.187500
vt 0.125000 0.125000
vt 0.125000 0.062500
vt 0.734375 0.000000
vt 0.703125 0.000000
vt 0.671875 0.000000
vt 0.640625 0.000000
vt 0.609375 0.000000
vt 0.578125 0.000000
vt 0.546875 0.000000
vt 0.515625 0.000000
vt 0.484375 0.000000
vt 0.453125 0.000000
vt 0.421875 0.000000
vt 0.390625 0.000000
vt 0.359375 0.000000
vt 0.328125 0.000000
vt 0.296875 0.000000
vt 0.265625 0.000000
vt 0.234375 0.000000
vt 0.203125 0.000000
vt 0.171875 0.000000
vt 0.140625 0.000000
vt 0.109375 0.000000
vt 0.078125 0.000000
vt 0.046875 0.000000
vt 0.015625 0.000000
vt 0.984375 0.000000
vt 0.953125 0.000000
vt 0.921875 0.000000
vt 0.890625 0.000000
vt 0.859375 0.000000
vt 0.828125 0.000000
vt 0.796875 0.000000
vt 0.765625 0.000000
vt 0.093750 0.937500
vt 0.093750 0.875000
vt 0.093750 0.812500
vt 0.093750 0.750000
vt 0.093750 0.687500
vt 0.093750 0.625000
vt 0.093750 0.562500
vt 0.093750 0.500000
vt 0.093750 0.437500
vt 0.093750 0.375000
vt 0.093750 0.312500
vt 0.093750 0.250000
vt 0.093750 0.187500
vt 0.093750 0.125000
vt 0.093750 0.062500
vt 0.062500 0.937500
vt 0.062500 0.875000
vt 0.062500 0.812500
vt 0.062500 0.750000
vt 0.062500 0.687500
vt 0.062500 0.625000
vt 0.062500 0.562500
vt 0.062500 0.500000
vt 0.062500 0.437500
vt 0.062500 0.375000
vt 0.062500 0.312500
vt 0.062500 0.250000
vt 0.062500 0.187500
vt 0.062500 0.125000
vt 0.062500 0.062500
vt 0.031250 0.937500
vt 0.031250 0.875000
vt 0.031250 0.812500
vt 0.031250 0.750000
vt 0.031250 0.687500
vt 0.031250 0.625000
vt 0.031250 0.562500
vt 0.031250 0.500000
vt 0.031250 0.437500
vt 0.031250 0.375000
vt 0.031250 0.312500
vt 0.031250 0.250000
vt 0.031250 0.187500
vt 0.031250 0.125000
vt 0.031250 0.062500
vt 0.000000 0.937500
vt 1.000000 0.937500
vt 0.000000 0.875000
vt 1.000000 0.875000
vt 0.000000 0.812500
vt 1.000000 0.812500
vt 0.000000 0.750000
vt 1.000000 0.750000
vt 0.000000 0.687500
vt 1.000000 0.687500
vt 0.000000 0.625000
vt 1.000000 0.625000
vt 0.000000 0.562500
vt 1.000000 0.562500
vt 0.000000 0.500000
vt 1.000000 0.500000
vt 0.000000 0.437500
vt 1.000000 0.437500
vt 0.000000 0.375000
vt 1.000000 0.375000
vt 0.000000 0.312500
vt 1.000000 0.312500
vt 0.000000 0.250000
vt 1.000000 0.250000
vt 0.000000 0.187500
vt 1.000000 0.187500
vt 0.000000 0.125000
vt 1.000000 0.125000
vt 0.000000 0.062500
vt 1.000000 0.062500
vt 0.968750 0.937500
vt 0.968750 0.875000
vt 0.968750 0.812500
vt 0.968750 0.750000
vt 0.968750 0.687500
vt 0.968750 0.625000
vt 0.968750 0.562500
vt 0.968750 0.500000
vt 0.968750 0.437500
vt 0.968750 0.375000
vt 0.968750 0.312500
vt 0.968750 0.250000
vt 0.968750 0.187500
vt 0.968750 0.125000
vt 0.968750 0.062500
vt 0.937500 0.937500
vt 0.937500 0.875000
vt 0.937500 0.812500
vt 0.937500 0.750000
vt 0.937500 0.687500
vt 0.937500 0.625000
vt 0.937500 0.562500
vt 0.937500 0.500000
vt 0.937500 0.437500
vt 0.937500 0.375000
vt 0.937500 0.312500
vt 0.937500 0.250000
vt 0.937500 0.187500
vt 0.937500 0.125000
vt 0.937500 0.062500
vt 0.906250 0.937500
vt 0.906250 0.875000
vt 0.906250 0.812500
vt 0.906250 0.750000
vt 0.906250 0.687500
vt 0.906250 0.625000
vt 0.906250 0.562500
vt 0.906250 0.500000
vt 0.906250 0.437500
vt 0.906250 0.375000
vt 0.906250 0.312500
vt 0.906250 0.250000
vt 0.906250 0.187500
vt 0.906250 0.125000
vt 0.906250 0.062500
vt 0.875000 0.937500
vt 0.875000 0.875000
vt 0.875000 0.812500
vt 0.875000 0.750000
vt 0.875000 0.687500
vt 0.875000 0.625000
vt 0.875000 0.562500
vt 0.875000 0.500000
vt 0.875000 0.437500
vt 0.875000 0.375000
vt 0.875000 0.312500
vt 0.875000 0.250000
vt 0.875000 0.187500
vt 0.875000 0.125000
vt 0.875000 0.062500
vt 0.843750 0.937500
vt 0.843750 0.875000
vt 0.843750 0.812500
vt 0.843750 0.750000
vt 0.843750 0.687500
vt 0.843750 0.625000
vt 0.843750 0.562500
vt 0.843750 0.500000
vt 0.843750 0.437500
vt 0.843750 0.375000
vt 0.843750 0.312500
vt 0.843750 0.250000
vt 0.843750 0.187500
vt 0.843750 0.125000
vt 0.843750 0.062500
vt 0.812500 0.937500
vt 0.812500 0.875000
vt 0.812500 0.812500
vt 0.812500 0.750000
vt 0.812500 0.687500
vt 0.812500 0.625000
vt 0.812500 0.562500
vt 0.812500 0.500000
vt 0.812500 0.437500
vt 0.812500 0.375000
vt 0.812500 0.312500
vt 0.812500 0.250000
vt 0.812500 0.187500
vt 0.812500 0.125000
vt 0.812500 0.062500
vt 0.781250 0.937500
vt 0.781250 0.875000
vt 0.781250 0.812500
vt 0.781250 0.750000
vt 0.781250 0.687500
vt 0.781250 0.625000
vt 0.781250 0.562500
vt 0.781250 0.500000
vt 0.781250 0.437500
vt 0.781250 0.375000
vt 0.781250 0.312500
vt 0.781250 0.250000
vt 0.781250 0.187500
vt 0.781250 0.125000
vt 0.781250 0.062500
vt 0.750000 0.937500
vt 0.750000 0.875000
vt 0.750000 0.750000
vt 0.750000 0.625000
vt 0.750000 0.375000
vt 0.750000 0.250000
vt 0.750000 0.187500
vt 0.750000 0.125000
vt 0.750000 0.062500
vt 0.375000 0.000000
vt 0.375000 1.000000
vt 0.125000 0.750000
vt 0.625000 1.000000
vt 0.875000 0.750000
vt 0.625000 0.000000
vt 0.125000 0.500000
vt 0.375000 0.250000
vt 0.875000 0.500000
vt 0.625000 0.250000
vt 0.375000 0.750000
vt 0.625000 0.750000
vt 0.375000 0.500000
vt 0.625000 0.500000
vt 0.500000 0.000000
vt 0.500000 1.000000
vt 0.500000 0.250000
vt 0.500000 0.500000
vt 0.500000 0.750000
vt 0.562500 1.000000
vt 0.562500 0.000000
vt 0.562500 0.250000
vt 0.562500 0.500000
vt 0.562500 0.750000
vt 0.437500 0.250000
vt 0.437500 0.500000
vt 0.437500 0.750000
vt 0.437500 0.000000
vt 0.437500 1.000000
vt 0.593750 1.000000
vt 0.593750 0.000000
vt 0.593750 0.250000
vt 0.593750 0.500000
vt 0.593750 0.750000
vt 0.406250 0.250000
vt 0.406250 0.500000
vt 0.406250 0.750000
vt 0.406250 1.000000
vt 0.406250 0.000000
vt 0.375000 0.125000
vt 0.125000 0.625000
vt 0.875000 0.625000
vt 0.625000 0.125000
vt 0.375000 0.625000
vt 0.625000 0.625000
vt 0.500000 0.625000
vt 0.500000 0.125000
vt 0.562500 0.625000
vt 0.562500 0.125000
vt 0.437500 0.125000
vt 0.437500 0.625000
vt 0.593750 0.625000
vt 0.593750 0.125000
vt 0.406250 0.625000
vt 0.406250 0.125000
vt 0.531250 0.250000
vt 0.531250 0.500000
vt 0.531250 0.750000
vt 0.531250 0.000000
vt 0.531250 1.000000
vt 0.531250 0.125000
vt 0.531250 0.625000
vt 0.468750 0.000000
vt 0.468750 1.000000
vt 0.468750 0.250000
vt 0.468750 0.500000
vt 0.468750 0.750000
vt 0.468750 0.125000
vt 0.468750 0.625000
vt 0.349886 0.500000
vt 0.375000 0.474886
vt 0.650114 0.500000
vt 0.625000 0.474886
vt 0.375000 0.775114
vt 0.349886 0.750000
vt 0.625000 0.775114
vt 0.650114 0.750000
vt 0.500000 0.775114
vt 0.500000 0.474886
vt 0.562500 0.775114
vt 0.562500 0.474886
vt 0.437500 0.474886
vt 0.437500 0.775114
vt 0.593750 0.775114
vt 0.593750 0.474886
vt 0.406250 0.775114
vt 0.406250 0.474886
vt 0.650114 0.625000
vt 0.349886 0.625000
vt 0.531250 0.474886
vt 0.531250 0.775114
vt 0.468750 0.474886
vt 0.468750 0.775114
vt 0.375000 0.272477
vt 0.147477 0.500000
vt 0.852523 0.750000
vt 0.625000 0.977523
vt 0.500000 0.977523
vt 0.562500 0.977523
vt 0.437500 0.977523
vt 0.593750 0.977523
vt 0.406250 0.977523
vt 0.147477 0.625000
vt 0.531250 0.977523
vt 0.468750 0.977523
vt 0.852523 0.500000
vt 0.625000 0.272477
vt 0.375000 0.977523
vt 0.147477 0.750000
vt 0.500000 0.272477
vt 0.562500 0.272477
vt 0.437500 0.272477
vt 0.593750 0.272477
vt 0.406250 0.272477
vt 0.852523 0.625000
vt 0.531250 0.272477
vt 0.468750 0.272477
vt 0.675484 0.500000
vt 0.625000 0.449516
vt 0.375000 0.800484
vt 0.324516 0.750000
vt 0.500000 0.449516
vt 0.562500 0.449516
vt 0.437500 0.449516
vt 0.593750 0.449516
vt 0.406250 0.449516
vt 0.675484 0.625000
vt 0.531250 0.449516
vt 0.468750 0.449516
vt 0.375000 0.449516
vt 0.324516 0.500000
vt 0.625000 0.800484
vt 0.675484 0.750000
vt 0.500000 0.800484
vt 0.562500 0.800484
vt 0.437500 0.800484
vt 0.593750 0.800484
vt 0.406250 0.800484
vt 0.324516 0.625000
vt 0.531250 0.800484
vt 0.468750 0.800484
vt 0.750000 0.812500
vt 0.750000 0.687500
vt 0.750000 0.562500
vt 0.750000 0.500000
vt 0.750000 0.437500
vt 0.750000 0.312500
vt 0.718750 0.937500
vt 0.718750 0.875000
vt 0.718750 0.812500
vt 0.718750 0.750000
vt 0.718750 0.687500
vt 0.718750 0.625000
vt 0.718750 0.562500
vt 0.718750 0.500000
vt 0.718750 0.437500
vt 0.718750 0.375000
vt 0.718750 0.312500
vt 0.718750 0.250000
vt 0.718750 0.187500
vt 0.718750 0.125000
vt 0.718750 0.062500
vt 0.687500 0.937500
vt 0.687500 0.875000
vt 0.687500 0.812500
vt 0.687500 0.750000
vt 0.687500 0.687500
vt 0.687500 0.625000
vt 0.687500 0.562500
vt 0.687500 0.500000
vt 0.687500 0.437500
vt 0.687500 0.375000
vt 0.687500 0.312500
vt 0.687500 0.250000
vt 0.687500 0.187500
vt 0.687500 0.125000
vt 0.687500 0.062500
vt 0.656250 0.937500
vt 0.656250 0.875000
vt 0.656250 0.812500
vt 0.656250 0.750000
vt 0.656250 0.687500
vt 0.656250 0.625000
vt 0.656250 0.562500
vt 0.656250 0.500000
vt 0.656250 0.437500
vt 0.656250 0.375000
vt 0.656250 0.312500
vt 0.656250 0.250000
vt 0.656250 0.187500
vt 0.656250 0.125000
vt 0.656250 0.062500
vt 0.625000 0.937500
vt 0.625000 0.875000
vt 0.625000 0.812500
vt 0.625000 0.750000
vt 0.625000 0.687500
vt 0.625000 0.625000
vt 0.625000 0.562500
vt 0.625000 0.500000
vt 0.625000 0.437500
vt 0.625000 0.375000
vt 0.625000 0.312500
vt 0.625000 0.250000
vt 0.625000 0.187500
vt 0.625000 0.125000
vt 0.625000 0.062500
vt 0.593750 0.937500
vt 0.593750 0.875000
vt 0.593750 0.812500
vt 0.593750 0.750000
vt 0.593750 0.687500
vt 0.593750 0.625000
vt 0.593750 0.562500
vt 0.593750 0.500000
vt 0.593750 0.437500
vt 0.593750 0.375000
vt 0.593750 0.312500
vt 0.593750 0.250000
vt 0.593750 0.187500
vt 0.593750 0.125000
vt 0.593750 0.062500
vt 0.734375 1.000000
vt 0.703125 1.000000
vt 0.671875 1.000000
vt 0.640625 1.000000
vt 0.609375 1.000000
vt 0.578125 1.000000
vt 0.546875 1.000000
vt 0.515625 1.000000
vt 0.484375 1.000000
vt 0.453125 1.000000
vt 0.421875 1.000000
vt 0.390625 1.000000
vt 0.359375 1.000000
vt 0.328125 1.000000
vt 0.296875 1.000000
vt 0.265625 1.000000
vt 0.234375 1.000000
vt 0.203125 1.000000
vt 0.171875 1.000000
vt 0.140625 1.000000
vt 0.109375 1.000000
vt 0.078125 1.000000
vt 0.046875 1.000000
vt 0.015625 1.000000
vt 0.984375 1.000000
vt 0.953125 1.000000
vt 0.921875 1.000000
vt 0.890625 1.000000
vt 0.859375 1.000000
vt 0.828125 1.000000
vt 0.796875 1.000000
vt 0.765625 1.000000
vt 0.562500 0.937500
vt 0.562500 0.875000
vt 0.562500 0.812500
vt 0.562500 0.750000
vt 0.562500 0.687500
vt 0.562500 0.625000
vt 0.562500 0.562500
vt 0.562500 0.500000
vt 0.562500 0.437500
vt 0.562500 0.375000
vt 0.562500 0.312500
vt 0.562500 0.250000
vt 0.562500 0.187500
vt 0.562500 0.125000
vt 0.562500 0.062500
vt 0.531250 0.937500
vt 0.531250 0.875000
vt 0.531250 0.812500
vt 0.531250 0.750000
vt 0.531250 0.687500
vt 0.531250 0.625000
vt 0.531250 0.562500
vt 0.531250 0.500000
vt 0.531250 0.437500
vt 0.531250 0.375000
vt 0.531250 0.312500
vt 0.531250 0.250000
vt 0.531250 0.187500
vt 0.531250 0.125000
vt 0.531250 0.062500
vt 0.500000 0.937500
vt 0.500000 0.875000
vt 0.500000 0.812500
vt 0.500000 0.750000
vt 0.500000 0.687500
vt 0.500000 0.625000
vt 0.500000 0.562500
vt 0.500000 0.500000
vt 0.500000 0.437500
vt 0.500000 0.375000
vt 0.500000 0.312500
vt 0.500000 0.250000
vt 0.500000 0.187500
vt 0.500000 0.125000
vt 0.500000 0.062500
vt 0.468750 0.937500
vt 0.468750 0.875000
vt 0.468750 0.812500
vt 0.468750 0.750000
vt 0.468750 0.687500
vt 0.468750 0.625000
vt 0.468750 0.562500
vt 0.468750 0.500000
vt 0.468750 0.437500
vt 0.468750 0.375000
vt 0.468750 0.312500
vt 0.468750 0.250000
vt 0.468750 0.187500
vt 0.468750 0.125000
vt 0.468750 0.062500
vt 0.437500 0.937500
vt 0.437500 0.875000
vt 0.437500 0.812500
vt 0.437500 0.750000
vt 0.437500 0.687500
vt 0.437500 0.625000
vt 0.437500 0.562500
vt 0.437500 0.500000
vt 0.437500 0.437500
vt 0.437500 0.375000
vt 0.437500 0.312500
vt 0.437500 0.250000
vt 0.437500 0.187500
vt 0.437500 0.125000
vt 0.437500 0.062500
vt 0.406250 0.937500
vt 0.406250 0.875000
vt 0.406250 0.812500
vt 0.406250 0.750000
vt 0.406250 0.687500
vt 0.406250 0.625000
vt 0.406250 0.562500
vt 0.406250 0.500000
vt 0.406250 0.437500
vt 0.406250 0.375000
vt 0.406250 0.312500
vt 0.406250 0.250000
vt 0.406250 0.187500
vt 0.406250 0.125000
vt 0.406250 0.062500
vt 0.375000 0.937500
vt 0.375000 0.875000
vt 0.375000 0.812500
vt 0.375000 0.750000
vt 0.375000 0.687500
vt 0.375000 0.625000
vt 0.375000 0.562500
vt 0.375000 0.500000
vt 0.375000 0.437500
vt 0.375000 0.375000
vt 0.375000 0.312500
vt 0.375000 0.250000
vt 0.375000 0.187500
vt 0.375000 0.125000
vt 0.375000 0.062500
vt 0.343750 0.937500
vt 0.343750 0.875000
vt 0.343750 0.812500
vt 0.343750 0.750000
vt 0.343750 0.687500
vt 0.343750 0.625000
vt 0.343750 0.562500
vt 0.343750 0.500000
vt 0.343750 0.437500
vt 0.343750 0.375000
vt 0.343750 0.312500
vt 0.343750 0.250000
vt 0.343750 0.187500
vt 0.343750 0.125000
vt 0.343750 0.062500
vt 0.312500 0.937500
vt 0.312500 0.875000
vt 0.312500 0.812500
vt 0.312500 0.750000
vt 0.312500 0.687500
vt 0.312500 0.625000
vt 0.312500 0.562500
vt 0.312500 0.500000
vt 0.312500 0.437500
vt 0.312500 0.375000
vt 0.312500 0.312500
vt 0.312500 0.250000
vt 0.312500 0.187500
vt 0.312500 0.125000
vt 0.312500 0.062500
vt 0.281250 0.937500
vt 0.281250 0.875000
vt 0.281250 0.812500
vt 0.281250 0.750000
vt 0.281250 0.687500
vt 0.281250 0.625000
vt 0.281250 0.562500
vt 0.281250 0.500000
vt 0.281250 0.437500
vt 0.281250 0.375000
vt 0.281250 0.312500
vt 0.281250 0.250000
vt 0.281250 0.187500
vt 0.281250 0.125000
vt 0.281250 0.062500
vt 0.250000 0.937500
vt 0.250000 0.875000
vt 0.250000 0.812500
vt 0.250000 0.750000
vt 0.250000 0.687500
vt 0.250000 0.625000
vt 0.250000 0.562500
vt 0.250000 0.500000
vt 0.250000 0.437500
vt 0.250000 0.375000
vt 0.250000 0.312500
vt 0.250000 0.250000
vt 0.250000 0.187500
vt 0.250000 0.125000
vt 0.250000 0.062500
vt 0.218750 0.937500
vt 0.218750 0.875000
vt 0.218750 0.812500
vt 0.218750 0.750000
vt 0.218750 0.687500
vt 0.218750 0.625000
vt 0.218750 0.562500
vt 0.218750 0.500000
vt 0.218750 0.437500
vt 0.218750 0.375000
vt 0.218750 0.312500
vt 0.218750 0.250000
vt 0.218750 0.187500
vt 0.218750 0.125000
vt 0.218750 0.062500
vt 0.187500 0.937500
vt 0.187500 0.875000
vt 0.187500 0.812500
vt 0.187500 0.750000
vt 0.187500 0.687500
vt 0.187500 0.625000
vt 0.187500 0.562500
vt 0.187500 0.500000
vt 0.187500 0.437500
vt 0.187500 0.375000
vt 0.187500 0.312500
vt 0.187500 0.250000
vt 0.187500 0.187500
vt 0.187500 0.125000
vt 0.187500 0.062500
vt 0.156250 0.937500
vt 0.156250 0.875000
vt 0.156250 0.812500
vt 0.156250 0.750000
vt 0.156250 0.687500
vt 0.156250 0.625000
vt 0.156250 0.562500
vt 0.156250 0.500000
vt 0.156250 0.437500
vt 0.156250 0.375000
vt 0.156250 0.312500
vt 0.156250 0.250000
vt 0.156250 0.187500
vt 0.156250 0.125000
vt 0.156250 0.062500
vt 0.125000 0.937500
vt 0.125000 0.875000
vt 0.125000 0.812500
vt 0.125000 0.750000
vt 0.125000 0.687500
vt 0.125000 0.625000
vt 0.125000 0.562500
vt 0.125000 0.500000
vt 0.125000 0.437500
vt 0.125000 0.375000
vt 0.125000 0.312500
vt 0.125000 0.250000
vt 0.125000 0.187500
vt 0.125000 0.125000
vt 0.125000 0.062500
vt 0.734375 0.000000
vt 0.703125 0.000000
vt 0.671875 0.000000
vt 0.640625 0.000000
vt 0.609375 0.000000
vt 0.578125 0.000000
vt 0.546875 0.000000
vt 0.515625 0.000000
vt 0.484375 0.000000
vt 0.453125 0.000000
vt 0.421875 0.000000
vt 0.390625 0.000000
vt 0.359375 0.000000
vt 0.328125 0.000000
vt 0.296875 0.000000
vt 0.265625 0.000000
vt 0.234375 0.000000
vt 0.203125 0.000000
vt 0.171875 0.000000
vt 0.140625 0.000000
vt 0.109375 0.000000
vt 0.078125 0.000000
vt 0.046875 0.000000
vt 0.015625 0.000000
vt 0.984375 0.000000
vt 0.953125 0.000000
vt 0.921875 0.000000
vt 0.890625 0.000000
vt 0.859375 0.000000
vt 0.828125 0.000000
vt 0.796875 0.000000
vt 0.765625 0.000000
vt 0.093750 0.937500
vt 0.093750 0.875000
vt 0.093750 0.812500
vt 0.093750 0.750000
vt 0.093750 0.687500
vt 0.093750 0.625000
vt 0.093750 0.562500
vt 0.093750 0.500000
vt 0.093750 0.437500
vt 0.093750 0.375000
vt 0.093750 0.312500
vt 0.093750 0.250000
vt 0.093750 0.187500
vt 0.093750 0.125000
vt 0.093750 0.062500
vt 0.062500 0.937500
vt 0.062500 0.875000
vt 0.062500 0.812500
vt 0.062500 0.750000
vt 0.062500 0.687500
vt 0.062500 0.625000
vt 0.062500 0.562500
vt 0.062500 0.500000
vt 0.062500 0.437500
vt 0.062500 0.375000
vt 0.062500 0.312500
vt 0.062500 0.250000
vt 0.062500 0.187500
vt 0.062500 0.125000
vt 0.062500 0.062500
vt 0.031250 0.937500
vt 0.031250 0.875000
vt 0.031250 0.812500
vt 0.031250 0.750000
vt 0.031250 0.687500
vt 0.031250 0.625000
vt 0.031250 0.562500
vt 0.031250 0.500000
vt 0.031250 0.437500
vt 0.031250 0.375000
vt 0.031250 0.312500
vt 0.031250 0.250000
vt 0.031250 0.187500
vt 0.031250 0.125000
vt 0.031250 0.062500
vt 0.000000 0.937500
vt 1.000000 0.937500
vt 0.000000 0.875000
vt 1.000000 0.875000
vt 0.000000 0.812500
vt 1.000000 0.812500
vt 0.000000 0.750000
vt 1.000000 0.750000
vt 0.000000 0.687500
vt 1.000000 0.687500
vt 0.000000 0.625000
vt 1.000000 0.625000
vt 0.000000 0.562500
vt 1.000000 0.562500
vt 0.000000 0.500000
vt 1.000000 0.500000
vt 0.000000 0.437500
vt 1.000000 0.437500
vt 0.000000 0.375000
vt 1.000000 0.375000
vt 0.000000 0.312500
vt 1.000000 0.312500
vt 0.000000 0.250000
vt 1.000000 0.250000
vt 0.000000 0.187500
vt 1.000000 0.187500
vt 0.000000 0.125000
vt 1.000000 0.125000
vt 0.000000 0.062500
vt 1.000000 0.062500
vt 0.968750 0.937500
vt 0.968750 0.875000
vt 0.968750 0.812500
vt 0.968750 0.750000
vt 0.968750 0.687500
vt 0.968750 0.625000
vt 0.968750 0.562500
vt 0.968750 0.500000
vt 0.968750 0.437500
vt 0.968750 0.375000
vt 0.968750 0.312500
vt 0.968750 0.250000
vt 0.968750 0.187500
vt 0.968750 0.125000
vt 0.968750 0.062500
vt 0.937500 0.937500
vt 0.937500 0.875000
vt 0.937500 0.812500
vt 0.937500 0.750000
vt 0.937500 0.687500
vt 0.937500 0.625000
vt 0.937500 0.562500
vt 0.937500 0.500000
vt 0.937500 0.437500
vt 0.937500 0.375000
vt 0.937500 0.312500
vt 0.937500 0.250000
vt 0.937500 0.187500
vt 0.937500 0.125000
vt 0.937500 0.062500
vt 0.906250 0.937500
vt 0.906250 0.875000
vt 0.906250 0.812500
vt 0.906250 0.750000
vt 0.906250 0.687500
vt 0.906250 0.625000
vt 0.906250 0.562500
vt 0.906250 0.500000
vt 0.906250 0.437500
vt 0.906250 0.375000
vt 0.906250 0.312500
vt 0.906250 0.250000
vt 0.906250 0.187500
vt 0.906250 0.125000
vt 0.906250 0.062500
vt 0.875000 0.937500
vt 0.875000 0.875000
vt 0.875000 0.812500
vt 0.875000 0.750000
vt 0.875000 0.687500
vt 0.875000 0.625000
vt 0.875000 0.562500
vt 0.875000 0.500000
vt 0.875000 0.437500
vt 0.875000 0.375000
vt 0.875000 0.312500
vt 0.875000 0.250000
vt 0.875000 0.187500
vt 0.875000 0.125000
vt 0.875000 0.062500
vt 0.843750 0.937500
vt 0.843750 0.875000
vt 0.843750 0.812500
vt 0.843750 0.750000
vt 0.843750 0.687500
vt 0.843750 0.625000
vt 0.843750 0.562500
vt 0.843750 0.500000
vt 0.843750 0.437500
vt 0.843750 0.375000
vt 0.843750 0.312500
vt 0.843750 0.250000
vt 0.843750 0.187500
vt 0.843750 0.125000
vt 0.843750 0.062500
vt 0.812500 0.937500
vt 0.812500 0.875000
vt 0.812500 0.812500
vt 0.812500 0.750000
vt 0.812500 0.687500
vt 0.812500 0.625000
vt 0.812500 0.562500
vt 0.812500 0.500000
vt 0.812500 0.437500
vt 0.812500 0.375000
vt 0.812500 0.312500
vt 0.812500 0.250000
vt 0.812500 0.187500
vt 0.812500 0.125000
vt 0.812500 0.062500
vt 0.781250 0.937500
vt 0.781250 0.875000
vt 0.781250 0.812500
vt 0.781250 0.750000
vt 0.781250 0.687500
vt 0.781250 0.625000
vt 0.781250 0.562500
vt 0.781250 0.500000
vt 0.781250 0.437500
vt 0.781250 0.375000
vt 0.781250 0.312500
vt 0.781250 0.250000
vt 0.781250 0.187500
vt 0.781250 0.125000
vt 0.781250 0.062500
vt 0.750000 0.937500
vt 0.750000 0.875000
vt 0.750000 0.750000
vt 0.750000 0.625000
vt 0.750000 0.375000
vt 0.750000 0.250000
vt 0.750000 0.187500
vt 0.750000 0.125000
vt 0.750000 0.062500
vt 0.750000 0.812500
vt 0.750000 0.687500
vt 0.750000 0.562500
vt 0.750000 0.500000
vt 0.750000 0.437500
vt 0.750000 0.312500
vt 0.718750 0.937500
vt 0.718750 0.875000
vt 0.718750 0.812500
vt 0.718750 0.750000
vt 0.718750 0.687500
vt 0.718750 0.625000
vt 0.718750 0.562500
vt 0.718750 0.500000
vt 0.718750 0.437500
vt 0.718750 0.375000
vt 0.718750 0.312500
vt 0.718750 0.250000
vt 0.718750 0.187500
vt 0.718750 0.125000
vt 0.718750 0.062500
vt 0.687500 0.937500
vt 0.687500 0.875000
vt 0.687500 0.812500
vt 0.687500 0.750000
vt 0.687500 0.687500
vt 0.687500 0.625000
vt 0.687500 0.562500
vt 0.687500 0.500000
vt 0.687500 0.437500
vt 0.687500 0.375000
vt 0.687500 0.312500
vt 0.687500 0.250000
vt 0.687500 0.187500
vt 0.687500 0.125000
vt 0.687500 0.062500
vt 0.656250 0.937500
vt 0.656250 0.875000
vt 0.656250 0.812500
vt 0.656250 0.750000
vt 0.656250 0.687500
vt 0.656250 0.625000
vt 0.656250 0.562500
vt 0.656250 0.500000
vt 0.656250 0.437500
vt 0.656250 0.375000
vt 0.656250 0.312500
vt 0.656250 0.250000
vt 0.656250 0.187500
vt 0.656250 0.125000
vt 0.656250 0.062500
vt 0.625000 0.937500
vt 0.625000 0.875000
vt 0.625000 0.812500
vt 0.625000 0.750000
vt 0.625000 0.687500
vt 0.625000 0.625000
vt 0.625000 0.562500
vt 0.625000 0.500000
vt 0.625000 0.437500
vt 0.625000 0.375000
vt 0.625000 0.312500
vt 0.625000 0.250000
vt 0.625000 0.187500
vt 0.625000 0.125000
vt 0.625000 0.062500
vt 0.593750 0.937500
vt 0.593750 0.875000
vt 0.593750 0.812500
vt 0.593750 0.750000
vt 0.593750 0.687500
vt 0.593750 0.625000
vt 0.593750 0.562500
vt 0.593750 0.500000
vt 0.593750 0.437500
vt 0.593750 0.375000
vt 0.593750 0.312500
vt 0.593750 0.250000
vt 0.593750 0.187500
vt 0.593750 0.125000
vt 0.593750 0.062500
vt 0.734375 1.000000
vt 0.703125 1.000000
vt 0.671875 1.000000
vt 0.640625 1.000000
vt 0.609375 1.000000
vt 0.578125 1.000000
vt 0.546875 1.000000
vt 0.515625 1.000000
vt 0.484375 1.000000
vt 0.453125 1.000000
vt 0.421875 1.000000
vt 0.390625 1.000000
vt 0.359375 1.000000
vt 0.328125 1.000000
vt 0.296875 1.000000
vt 0.265625 1.000000
vt 0.234375 1.000000
vt 0.203125 1.000000
vt 0.171875 1.000000
vt 0.140625 1.000000
vt 0.109375 1.000000
vt 0.078125 1.000000
vt 0.046875 1.000000
vt 0.015625 1.000000
vt 0.984375 1.000000
vt 0.953125 1.000000
vt 0.921875 1.000000
vt 0.890625 1.000000
vt 0.859375 1.000000
vt 0.828125 1.000000
vt 0.796875 1.000000
vt 0.765625 1.000000
vt 0.562500 0.937500
vt 0.562500 0.875000
vt 0.562500 0.812500
vt 0.562500 0.750000
vt 0.562500 0.687500
vt 0.562500 0.625000
vt 0.562500 0.562500
vt 0.562500 0.500000
vt 0.562500 0.437500
vt 0.562500 0.375000
vt 0.562500 0.312500
vt 0.562500 0.250000
vt 0.562500 0.187500
vt 0.562500 0.125000
vt 0.562500 0.062500
vt 0.531250 0.937500
vt 0.531250 0.875000
vt 0.531250 0.812500
vt 0.531250 0.750000
vt 0.531250 0.687500
vt 0.531250 0.625000
vt 0.531250 0.562500
vt 0.531250 0.500000
vt 0.531250 0.437500
vt 0.531250 0.375000
vt 0.531250 0.312500
vt 0.531250 0.250000
vt 0.531250 0.187500
vt 0.531250 0.125000
vt 0.531250 0.062500
vt 0.500000 0.937500
vt 0.500000 0.875000
vt 0.500000 0.812500
vt 0.500000 0.750000
vt 0.500000 0.687500
vt 0.500000 0.625000
vt 0.500000 0.562500
vt 0.500000 0.500000
vt 0.500000 0.437500
vt 0.500000 0.375000
vt 0.500000 0.312500
vt 0.500000 0.250000
vt 0.500000 0.187500
vt 0.500000 0.125000
vt 0.500000 0.062500
vt 0.468750 0.937500
vt 0.468750 0.875000
vt 0.468750 0.812500
vt 0.468750 0.750000
vt 0.468750 0.687500
vt 0.468750 0.625000
vt 0.468750 0.562500
vt 0.468750 0.500000
vt 0.468750 0.437500
vt 0.468750 0.375000
vt 0.468750 0.312500
vt 0.468750 0.250000
vt 0.468750 0.187500
vt 0.468750 0.125000
vt 0.468750 0.062500
vt 0.437500 0.937500
vt 0.437500 0.875000
vt 0.437500 0.812500
vt 0.437500 0.750000
vt 0.437500 0.687500
vt 0.437500 0.625000
vt 0.437500 0.562500
vt 0.437500 0.500000
vt 0.437500 0.437500
vt 0.437500 0.375000
vt 0.437500 0.312500
vt 0.437500 0.250000
vt 0.437500 0.187500
vt 0.437500 0.125000
vt 0.437500 0.062500
vt 0.406250 0.937500
vt 0.406250 0.875000
vt 0.406250 0.812500
vt 0.406250 0.750000
vt 0.406250 0.687500
vt 0.406250 0.625000
vt 0.406250 0.562500
vt 0.406250 0.500000
vt 0.406250 0.437500
vt 0.406250 0.375000
vt 0.406250 0.312500
vt 0.406250 0.250000
vt 0.406250 0.187500
vt 0.406250 0.125000
vt 0.406250 0.062500
vt 0.375000 0.937500
vt 0.375000 0.875000
vt 0.375000 0.812500
vt 0.375000 0.750000
vt 0.375000 0.687500
vt 0.375000 0.625000
vt 0.375000 0.562500
vt 0.375000 0.500000
vt 0.375000 0.437500
vt 0.375000 0.375000
vt 0.375000 0.312500
vt 0.375000 0.250000
vt 0.375000 0.187500
vt 0.375000 0.125000
vt 0.375000 0.062500
vt 0.343750 0.937500
vt 0.343750 0.875000
vt 0.343750 0.812500
vt 0.343750 0.750000
vt 0.343750 0.687500
vt 0.343750 0.625000
vt 0.343750 0.562500
vt 0.343750 0.500000
vt 0.343750 0.437500
vt 0.343750 0.375000
vt 0.343750 0.312500
vt 0.343750 0.250000
vt 0.343750 0.187500
vt 0.343750 0.125000
vt 0.343750 0.062500
vt 0.312500 0.937500
vt 0.312500 0.875000
vt 0.312500 0.812500
vt 0.312500 0.750000
vt 0.312500 0.687500
vt 0.312500 0.625000
vt 0.312500 0.562500
vt 0.312500 0.500000
vt 0.312500 0.437500
vt 0.312500 0.375000
vt 0.312500 0.312500
vt 0.312500 0.250000
vt 0.312500 0.187500
vt 0.312500 0.125000
vt 0.312500 0.062500
vt 0.281250 0.937500
vt 0.281250 0.875000
vt 0.281250 0.812500
vt 0.281250 0.750000
vt 0.281250 0.687500
vt 0.281250 0.625000
vt 0.281250 0.562500
vt 0.281250 0.500000
vt 0.281250 0.437500
vt 0.281250 0.375000
vt 0.281250 0.312500
vt 0.281250 0.250000
vt 0.281250 0.187500
vt 0.281250 0.125000
vt 0.281250 0.062500
vt 0.250000 0.937500
vt 0.250000 0.875000
vt 0.250000 0.812500
vt 0.250000 0.750000
vt 0.250000 0.687500
vt 0.250000 0.625000
vt 0.250000 0.562500
vt 0.250000 0.500000
vt 0.250000 0.437500
vt 0.250000 0.375000
vt 0.250000 0.312500
vt 0.250000 0.250000
vt 0.250000 0.187500
vt 0.250000 0.125000
vt 0.250000 0.062500
vt 0.218750 0.937500
vt 0.218750 0.875000
vt 0.218750 0.812500
vt 0.218750 0.750000
vt 0.218750 0.687500
vt 0.218750 0.625000
vt 0.218750 0.562500
vt 0.218750 0.500000
vt 0.218750 0.437500
vt 0.218750 0.375000
vt 0.218750 0.312500
vt 0.218750 0.250000
vt 0.218750 0.187500
vt 0.218750 0.125000
vt 0.218750 0.062500
vt 0.187500 0.937500
vt 0.187500 0.875000
vt 0.187500 0.812500
vt 0.187500 0.750000
vt 0.187500 0.687500
vt 0.187500 0.625000
vt 0.187500 0.562500
vt 0.187500 0.500000
vt 0.187500 0.437500
vt 0.187500 0.375000
vt 0.187500 0.312500
vt 0.187500 0.250000
vt 0.187500 0.187500
vt 0.187500 0.125000
vt 0.187500 0.062500
vt 0.156250 0.937500
vt 0.156250 0.875000
vt 0.156250 0.812500
vt 0.156250 0.750000
vt 0.156250 0.687500
vt 0.156250 0.625000
vt 0.156250 0.562500
vt 0.156250 0.500000
vt 0.156250 0.437500
vt 0.156250 0.375000
vt 0.156250 0.312500
vt 0.156250 0.250000
vt 0.156250 0.187500
vt 0.156250 0.125000
vt 0.156250 0.062500
vt 0.125000 0.937500
vt 0.125000 0.875000
vt 0.125000 0.812500
vt 0.125000 0.750000
vt 0.125000 0.687500
vt 0.125000 0.625000
vt 0.125000 0.562500
vt 0.125000 0.500000
vt 0.125000 0.437500
vt 0.125000 0.375000
vt 0.125000 0.312500
vt 0.125000 0.250000
vt 0.125000 0.187500
vt 0.125000 0.125000
vt 0.125000 0.062500
vt 0.734375 0.000000
vt 0.703125 0.000000
vt 0.671875 0.000000
vt 0.640625 0.000000
vt 0.609375 0.000000
vt 0.578125 0.000000
vt 0.546875 0.000000
vt 0.515625 0.000000
vt 0.484375 0.000000
vt 0.453125 0.000000
vt 0.421875 0.000000
vt 0.390625 0.000000
vt 0.359375 0.000000
vt 0.328125 0.000000
vt 0.296875 0.000000
vt 0.265625 0.000000
vt 0.234375 0.000000
vt 0.203125 0.000000
vt 0.171875 0.000000
vt 0.140625 0.000000
vt 0.109375 0.000000
vt 0.078125 0.000000
vt 0.046875 0.000000
vt 0.015625 0.000000
vt 0.984375 0.000000
vt 0.953125 0.000000
vt 0.921875 0.000000
vt 0.890625 0.000000
vt 0.859375 0.000000
vt 0.828125 0.000000
vt 0.796875 0.000000
vt 0.765625 0.000000
vt 0.093750 0.937500
vt 0.093750 0.875000
vt 0.093750 0.812500
vt 0.093750 0.750000
vt 0.093750 0.687500
vt 0.093750 0.625000
vt 0.093750 0.562500
vt 0.093750 0.500000
vt 0.093750 0.437500
vt 0.093750 0.375000
vt 0.093750 0.312500
vt 0.093750 0.250000
vt 0.093750 0.187500
vt 0.093750 0.125000
vt 0.093750 0.062500
vt 0.062500 0.937500
vt 0.062500 0.875000
vt 0.062500 0.812500
vt 0.062500 0.750000
vt 0.062500 0.687500
vt 0.062500 0.625000
vt 0.062500 0.562500
vt 0.062500 0.500000
vt 0.062500 0.437500
vt 0.062500 0.375000
vt 0.062500 0.312500
vt 0.062500 0.250000
vt 0.062500 0.187500
vt 0.062500 0.125000
vt 0.062500 0.062500
vt 0.031250 0.937500
vt 0.031250 0.875000
vt 0.031250 0.812500
vt 0.031250 0.750000
vt 0.031250 0.687500
vt 0.031250 0.625000
vt 0.031250 0.562500
vt 0.031250 0.500000
vt 0.031250 0.437500
vt 0.031250 0.375000
vt 0.031250 0.312500
vt 0.031250 0.250000
vt 0.031250 0.187500
vt 0.031250 0.125000
vt 0.031250 0.062500
vt 0.000000 0.937500
vt 1.000000 0.937500
vt 0.000000 0.875000
vt 1.000000 0.875000
vt 0.000000 0.812500
vt 1.000000 0.812500
vt 0.000000 0.750000
vt 1.000000 0.750000
vt 0.000000 0.687500
vt 1.000000 0.687500
vt 0.000000 0.625000
vt 1.000000 0.625000
vt 0.000000 0.562500
vt 1.000000 0.562500
vt 0.000000 0.500000
vt 1.000000 0.500000
vt 0.000000 0.437500
vt 1.000000 0.437500
vt 0.000000 0.375000
vt 1.000000 0.375000
vt 0.000000 0.312500
vt 1.000000 0.312500
vt 0.000000 0.250000
vt 1.000000 0.250000
vt 0.000000 0.187500
vt 1.000000 0.187500
vt 0.000000 0.125000
vt 1.000000 0.125000
vt 0.000000 0.062500
vt 1.000000 0.062500
vt 0.968750 0.937500
vt 0.968750 0.875000
vt 0.968750 0.812500
vt 0.968750 0.750000
vt 0.968750 0.687500
vt 0.968750 0.625000
vt 0.968750 0.562500
vt 0.968750 0.500000
vt 0.968750 0.437500
vt 0.968750 0.375000
vt 0.968750 0.312500
vt 0.968750 0.250000
vt 0.968750 0.187500
vt 0.968750 0.125000
vt 0.968750 0.062500
vt 0.937500 0.937500
vt 0.937500 0.875000
vt 0.937500 0.812500
vt 0.937500 0.750000
vt 0.937500 0.687500
vt 0.937500 0.625000
vt 0.937500 0.562500
vt 0.937500 0.500000
vt 0.937500 0.437500
vt 0.937500 0.375000
vt 0.937500 0.312500
vt 0.937500 0.250000
vt 0.937500 0.187500
vt 0.937500 0.125000
vt 0.937500 0.062500
vt 0.906250 0.937500
vt 0.906250 0.875000
vt 0.906250 0.812500
vt 0.906250 0.750000
vt 0.906250 0.687500
vt 0.906250 0.625000
vt 0.906250 0.562500
vt 0.906250 0.500000
vt 0.906250 0.437500
vt 0.906250 0.375000
vt 0.906250 0.312500
vt 0.906250 0.250000
vt 0.906250 0.187500
vt 0.906250 0.125000
vt 0.906250 0.062500
vt 0.875000 0.937500
vt 0.875000 0.875000
vt 0.875000 0.812500
vt 0.875000 0.750000
vt 0.875000 0.687500
vt 0.875000 0.625000
vt 0.875000 0.562500
vt 0.875000 0.500000
vt 0.875000 0.437500
vt 0.875000 0.375000
vt 0.875000 0.312500
vt 0.875000 0.250000
vt 0.875000 0.187500
vt 0.875000 0.125000
vt 0.875000 0.062500
vt 0.843750 0.937500
vt 0.843750 0.875000
vt 0.843750 0.812500
vt 0.843750 0.750000
vt 0.843750 0.687500
vt 0.843750 0.625000
vt 0.843750 0.562500
vt 0.843750 0.500000
vt 0.843750 0.437500
vt 0.843750 0.375000
vt 0.843750 0.312500
vt 0.843750 0.250000
vt 0.843750 0.187500
vt 0.843750 0.125000
vt 0.843750 0.062500
vt 0.812500 0.937500
vt 0.812500 0.875000
vt 0.812500 0.812500
vt 0.812500 0.750000
vt 0.812500 0.687500
vt 0.812500 0.625000
vt 0.812500 0.562500
vt 0.812500 0.500000
vt 0.812500 0.437500
vt 0.812500 0.375000
vt 0.812500 0.312500
vt 0.812500 0.250000
vt 0.812500 0.187500
vt 0.812500 0.125000
vt 0.812500 0.062500
vt 0.781250 0.937500
vt 0.781250 0.875000
vt 0.781250 0.812500
vt 0.781250 0.750000
vt 0.781250 0.687500
vt 0.781250 0.625000
vt 0.781250 0.562500
vt 0.781250 0.500000
vt 0.781250 0.437500
vt 0.781250 0.375000
vt 0.781250 0.312500
vt 0.781250 0.250000
vt 0.781250 0.187500
vt 0.781250 0.125000
vt 0.781250 0.062500
vt 0.750000 0.937500
vt 0.750000 0.875000
vt 0.750000 0.750000
vt 0.750000 0.625000
vt 0.750000 0.375000
vt 0.750000 0.250000
vt 0.750000 0.187500
vt 0.750000 0.125000
vt 0.750000 0.062500
vt 0.750000 0.812500
vt 0.750000 0.687500
vt 0.750000 0.562500
vt 0.750000 0.500000
vt 0.750000 0.437500
vt 0.750000 0.312500
vt 0.718750 0.937500
vt 0.718750 0.875000
vt 0.718750 0.812500
vt 0.718750 0.750000
vt 0.718750 0.687500
vt 0.718750 0.625000
vt 0.718750 0.562500
vt 0.718750 0.500000
vt 0.718750 0.437500
vt 0.718750 0.375000
vt 0.718750 0.312500
vt 0.718750 0.250000
vt 0.718750 0.187500
vt 0.718750 0.125000
vt 0.718750 0.062500
vt 0.687500 0.937500
vt 0.687500 0.875000
vt 0.687500 0.812500
vt 0.687500 0.750000
vt 0.687500 0.687500
vt 0.687500 0.625000
vt 0.687500 0.562500
vt 0.687500 0.500000
vt 0.687500 0.437500
vt 0.687500 0.375000
vt 0.687500 0.312500
vt 0.687500 0.250000
vt 0.687500 0.187500
vt 0.687500 0.125000
vt 0.687500 0.062500
vt 0.656250 0.937500
vt 0.656250 0.875000
vt 0.656250 0.812500
vt 0.656250 0.750000
vt 0.656250 0.687500
vt 0.656250 0.625000
vt 0.656250 0.562500
vt 0.656250 0.500000
vt 0.656250 0.437500
vt 0.656250 0.375000
vt 0.656250 0.312500
vt 0.656250 0.250000
vt 0.656250 0.187500
vt 0.656250 0.125000
vt 0.656250 0.062500
vt 0.625000 0.937500
vt 0.625000 0.875000
vt 0.625000 0.812500
vt 0.625000 0.750000
vt 0.625000 0.687500
vt 0.625000 0.625000
vt 0.625000 0.562500
vt 0.625000 0.500000
vt 0.625000 0.437500
vt 0.625000 0.375000
vt 0.625000 0.312500
vt 0.625000 0.250000
vt 0.625000 0.187500
vt 0.625000 0.125000
vt 0.625000 0.062500
vt 0.593750 0.937500
vt 0.593750 0.875000
vt 0.593750 0.812500
vt 0.593750 0.750000
vt 0.593750 0.687500
vt 0.593750 0.625000
vt 0.593750 0.562500
vt 0.593750 0.500000
vt 0.593750 0.437500
vt 0.593750 0.375000
vt 0.593750 0.312500
vt 0.593750 0.250000
vt 0.593750 0.187500
vt 0.593750 0.125000
vt 0.593750 0.062500
vt 0.734375 1.000000
vt 0.703125 1.000000
vt 0.671875 1.000000
vt 0.640625 1.000000
vt 0.609375 1.000000
vt 0.578125 1.000000
vt 0.546875 1.000000
vt 0.515625 1.000000
vt 0.484375 1.000000
vt 0.453125 1.000000
vt 0.421875 1.000000
vt 0.390625 1.000000
vt 0.359375 1.000000
vt 0.328125 1.000000
vt 0.296875 1.000000
vt 0.265625 1.000000
vt 0.234375 1.000000
vt 0.203125 1.000000
vt 0.171875 1.000000
vt 0.140625 1.000000
vt 0.109375 1.000000
vt 0.078125 1.000000
vt 0.046875 1.000000
vt 0.015625 1.000000
vt 0.984375 1.000000
vt 0.953125 1.000000
vt 0.921875 1.000000
vt 0.890625 1.000000
vt 0.859375 1.000000
vt 0.828125 1.000000
vt 0.796875 1.000000
vt 0.765625 1.000000
vt 0.562500 0.937500
vt 0.562500 0.875000
vt 0.562500 0.812500
vt 0.562500 0.750000
vt 0.562500 0.687500
vt 0.562500 0.625000
vt 0.562500 0.562500
vt 0.562500 0.500000
vt 0.562500 0.437500
vt 0.562500 0.375000
vt 0.562500 0.312500
vt 0.562500 0.250000
vt 0.562500 0.187500
vt 0.562500 0.125000
vt 0.562500 0.062500
vt 0.531250 0.937500
vt 0.531250 0.875000
vt 0.531250 0.812500
vt 0.531250 0.750000
vt 0.531250 0.687500
vt 0.531250 0.625000
vt 0.531250 0.562500
vt 0.531250 0.500000
vt 0.531250 0.437500
vt 0.531250 0.375000
vt 0.531250 0.312500
vt 0.531250 0.250000
vt 0.531250 0.187500
vt 0.531250 0.125000
vt 0.531250 0.062500
vt 0.500000 0.937500
vt 0.500000 0.875000
vt 0.500000 0.812500
vt 0.500000 0.750000
vt 0.500000 0.687500
vt 0.500000 0.625000
vt 0.500000 0.562500
vt 0.500000 0.500000
vt 0.500000 0.437500
vt 0.500000 0.375000
vt 0.500000 0.312500
vt 0.500000 0.250000
vt 0.500000 0.187500
vt 0.500000 0.125000
vt 0.500000 0.062500
vt 0.468750 0.937500
vt 0.468750 0.875000
vt 0.468750 0.812500
vt 0.468750 0.750000
vt 0.468750 0.687500
vt 0.468750 0.625000
vt 0.468750 0.562500
vt 0.468750 0.500000
vt 0.468750 0.437500
vt 0.468750 0.375000
vt 0.468750 0.312500
vt 0.468750 0.250000
vt 0.468750 0.187500
vt 0.468750 0.125000
vt 0.468750 0.062500
vt 0.437500 0.937500
vt 0.437500 0.875000
vt 0.437500 0.812500
vt 0.437500 0.750000
vt 0.437500 0.687500
vt 0.437500 0.625000
vt 0.437500 0.562500
vt 0.437500 0.500000
vt 0.437500 0.437500
vt 0.437500 0.375000
vt 0.437500 0.312500
vt 0.437500 0.250000
vt 0.437500 0.187500
vt 0.437500 0.125000
vt 0.437500 0.062500
vt 0.406250 0.937500
vt 0.406250 0.875000
vt 0.406250 0.812500
vt 0.406250 0.750000
vt 0.406250 0.687500
vt 0.406250 0.625000
vt 0.406250 0.562500
vt 0.406250 0.500000
vt 0.406250 0.437500
vt 0.406250 0.375000
vt 0.406250 0.312500
vt 0.406250 0.250000
vt 0.406250 0.187500
vt 0.406250 0.125000
vt 0.406250 0.062500
vt 0.375000 0.937500
vt 0.375000 0.875000
vt 0.375000 0.812500
vt 0.375000 0.750000
vt 0.375000 0.687500
vt 0.375000 0.625000
vt 0.375000 0.562500
vt 0.375000 0.500000
vt 0.375000 0.437500
vt 0.375000 0.375000
vt 0.375000 0.312500
vt 0.375000 0.250000
vt 0.375000 0.187500
vt 0.375000 0.125000
vt 0.375000 0.062500
vt 0.343750 0.937500
vt 0.343750 0.875000
vt 0.343750 0.812500
vt 0.343750 0.750000
vt 0.343750 0.687500
vt 0.343750 0.625000
vt 0.343750 0.562500
vt 0.343750 0.500000
vt 0.343750 0.437500
vt 0.343750 0.375000
vt 0.343750 0.312500
vt 0.343750 0.250000
vt 0.343750 0.187500
vt 0.343750 0.125000
vt 0.343750 0.062500
vt 0.312500 0.937500
vt 0.312500 0.875000
vt 0.312500 0.812500
vt 0.312500 0.750000
vt 0.312500 0.687500
vt 0.312500 0.625000
vt 0.312500 0.562500
vt 0.312500 0.500000
vt 0.312500 0.437500
vt 0.312500 0.375000
vt 0.312500 0.312500
vt 0.312500 0.250000
vt 0.312500 0.187500
vt 0.312500 0.125000
vt 0.312500 0.062500
vt 0.281250 0.937500
vt 0.281250 0.875000
vt 0.281250 0.812500
vt 0.281250 0.750000
vt 0.281250 0.687500
vt 0.281250 0.625000
vt 0.281250 0.562500
vt 0.281250 0.500000
vt 0.281250 0.437500
vt 0.281250 0.375000
vt 0.281250 0.312500
vt 0.281250 0.250000
vt 0.281250 0.187500
vt 0.281250 0.125000
vt 0.281250 0.062500
vt 0.250000 0.937500
vt 0.250000 0.875000
vt 0.250000 0.812500
vt 0.250000 0.750000
vt 0.250000 0.687500
vt 0.250000 0.625000
vt 0.250000 0.562500
vt 0.250000 0.500000
vt 0.250000 0.437500
vt 0.250000 0.375000
vt 0.250000 0.312500
vt 0.250000 0.250000
vt 0.250000 0.187500
vt 0.250000 0.125000
vt 0.250000 0.062500
vt 0.218750 0.937500
vt 0.218750 0.875000
vt 0.218750 0.812500
vt 0.218750 0.750000
vt 0.218750 0.687500
vt 0.218750 0.625000
vt 0.218750 0.562500
vt 0.218750 0.500000
vt 0.218750 0.437500
vt 0.218750 0.375000
vt 0.218750 0.312500
vt 0.218750 0.250000
vt 0.218750 0.187500
vt 0.218750 0.125000
vt 0.218750 0.062500
vt 0.187500 0.937500
vt 0.187500 0.875000
vt 0.187500 0.812500
vt 0.187500 0.750000
vt 0.187500 0.687500
vt 0.187500 0.625000
vt 0.187500 0.562500
vt 0.187500 0.500000
vt 0.187500 0.437500
vt 0.187500 0.375000
vt 0.187500 0.312500
vt 0.187500 0.250000
vt 0.187500 0.187500
vt 0.187500 0.125000
vt 0.187500 0.062500
vt 0.156250 0.937500
vt 0.156250 0.875000
vt 0.156250 0.812500
vt 0.156250 0.750000
vt 0.156250 0.687500
vt 0.156250 0.625000
vt 0.156250 0.562500
vt 0.156250 0.500000
vt 0.156250 0.437500
vt 0.156250 0.375000
vt 0.156250 0.312500
vt 0.156250 0.250000
vt 0.156250 0.187500
vt 0.156250 0.125000
vt 0.156250 0.062500
vt 0.125000 0.937500
vt 0.125000 0.875000
vt 0.125000 0.812500
vt 0.125000 0.750000
vt 0.125000 0.687500
vt 0.125000 0.625000
vt 0.125000 0.562500
vt 0.125000 0.500000
vt 0.125000 0.437500
vt 0.125000 0.375000
vt 0.125000 0.312500
vt 0.125000 0.250000
vt 0.125000 0.187500
vt 0.125000 0.125000
vt 0.125000 0.062500
vt 0.734375 0.000000
vt 0.703125 0.000000
vt 0.671875 0.000000
vt 0.640625 0.000000
vt 0.609375 0.000000
vt 0.578125 0.000000
vt 0.546875 0.000000
vt 0.515625 0.000000
vt 0.484375 0.000000
vt 0.453125 0.000000
vt 0.421875 0.000000
vt 0.390625 0.000000
vt 0.359375 0.000000
vt 0.328125 0.000000
vt 0.296875 0.000000
vt 0.265625 0.000000
vt 0.234375 0.000000
vt 0.203125 0.000000
vt 0.171875 0.000000
vt 0.140625 0.000000
vt 0.109375 0.000000
vt 0.078125 0.000000
vt 0.046875 0.000000
vt 0.015625 0.000000
vt 0.984375 0.000000
vt 0.953125 0.000000
vt 0.921875 0.000000
vt 0.890625 0.000000
vt 0.859375 0.000000
vt 0.828125 0.000000
vt 0.796875 0.000000
vt 0.765625 0.000000
vt 0.093750 0.937500
vt 0.093750 0.875000
vt 0.093750 0.812500
vt 0.093750 0.750000
vt 0.093750 0.687500
vt 0.093750 0.625000
vt 0.093750 0.562500
vt 0.093750 0.500000
vt 0.093750 0.437500
vt 0.093750 0.375000
vt 0.093750 0.312500
vt 0.093750 0.250000
vt 0.093750 0.187500
vt 0.093750 0.125000
vt 0.093750 0.062500
vt 0.062500 0.937500
vt 0.062500 0.875000
vt 0.062500 0.812500
vt 0.062500 0.750000
vt 0.062500 0.687500
vt 0.062500 0.625000
vt 0.062500 0.562500
vt 0.062500 0.500000
vt 0.062500 0.437500
vt 0.062500 0.375000
vt 0.062500 0.312500
vt 0.062500 0.250000
vt 0.062500 0.187500
vt 0.062500 0.125000
vt 0.062500 0.062500
vt 0.031250 0.937500
vt 0.031250 0.875000
vt 0.031250 0.812500
vt 0.031250 0.750000
vt 0.031250 0.687500
vt 0.031250 0.625000
vt 0.031250 0.562500
vt 0.031250 0.500000
vt 0.031250 0.437500
vt 0.031250 0.375000
vt 0.031250 0.312500
vt 0.031250 0.250000
vt 0.031250 0.187500
vt 0.031250 0.125000
vt 0.031250 0.062500
vt 0.000000 0.937500
vt 1.000000 0.937500
vt 0.000000 0.875000
vt 1.000000 0.875000
vt 0.000000 0.812500
vt 1.000000 0.812500
vt 0.000000 0.750000
vt 1.000000 0.750000
vt 0.000000 0.687500
vt 1.000000 0.687500
vt 0.000000 0.625000
vt 1.000000 0.625000
vt 0.000000 0.562500
vt 1.000000 0.562500
vt 0.000000 0.500000
vt 1.000000 0.500000
vt 0.000000 0.437500
vt 1.000000 0.437500
vt 0.000000 0.375000
vt 1.000000 0.375000
vt 0.000000 0.312500
vt 1.000000 0.312500
vt 0.000000 0.250000
vt 1.000000 0.250000
vt 0.000000 0.187500
vt 1.000000 0.187500
vt 0.000000 0.125000
vt 1.000000 0.125000
vt 0.000000 0.062500
vt 1.000000 0.062500
vt 0.968750 0.937500
vt 0.968750 0.875000
vt 0.968750 0.812500
vt 0.968750 0.750000
vt 0.968750 0.687500
vt 0.968750 0.625000
vt 0.968750 0.562500
vt 0.968750 0.500000
vt 0.968750 0.437500
vt 0.968750 0.375000
vt 0.968750 0.312500
vt 0.968750 0.250000
vt 0.968750 0.187500
vt 0.968750 0.125000
vt 0.968750 0.062500
vt 0.937500 0.937500
vt 0.937500 0.875000
vt 0.937500 0.812500
vt 0.937500 0.750000
vt 0.937500 0.687500
vt 0.937500 0.625000
vt 0.937500 0.562500
vt 0.937500 0.500000
vt 0.937500 0.437500
vt 0.937500 0.375000
vt 0.937500 0.312500
vt 0.937500 0.250000
vt 0.937500 0.187500
vt 0.937500 0.125000
vt 0.937500 0.062500
vt 0.906250 0.937500
vt 0.906250 0.875000
vt 0.906250 0.812500
vt 0.906250 0.750000
vt 0.906250 0.687500
vt 0.906250 0.625000
vt 0.906250 0.562500
vt 0.906250 0.500000
vt 0.906250 0.437500
vt 0.906250 0.375000
vt 0.906250 0.312500
vt 0.906250 0.250000
vt 0.906250 0.187500
vt 0.906250 0.125000
vt 0.906250 0.062500
vt 0.875000 0.937500
vt 0.875000 0.875000
vt 0.875000 0.812500
vt 0.875000 0.750000
vt 0.875000 0.687500
vt 0.875000 0.625000
vt 0.875000 0.562500
vt 0.875000 0.500000
vt 0.875000 0.437500
vt 0.875000 0.375000
vt 0.875000 0.312500
vt 0.875000 0.250000
vt 0.875000 0.187500
vt 0.875000 0.125000
vt 0.875000 0.062500
vt 0.843750 0.937500
vt 0.843750 0.875000
vt 0.843750 0.812500
vt 0.843750 0.750000
vt 0.843750 0.687500
vt 0.843750 0.625000
vt 0.843750 0.562500
vt 0.843750 0.500000
vt 0.843750 0.437500
vt 0.843750 0.375000
vt 0.843750 0.312500
vt 0.843750 0.250000
vt 0.843750 0.187500
vt 0.843750 0.125000
vt 0.843750 0.062500
vt 0.812500 0.937500
vt 0.812500 0.875000
vt 0.812500 0.812500
vt 0.812500 0.750000
vt 0.812500 0.687500
vt 0.812500 0.625000
vt 0.812500 0.562500
vt 0.812500 0.500000
vt 0.812500 0.437500
vt 0.812500 0.375000
vt 0.812500 0.312500
vt 0.812500 0.250000
vt 0.812500 0.187500
vt 0.812500 0.125000
vt 0.812500 0.062500
vt 0.781250 0.937500
vt 0.781250 0.875000
vt 0.781250 0.812500
vt 0.781250 0.750000
vt 0.781250 0.687500
vt 0.781250 0.625000
vt 0.781250 0.562500
vt 0.781250 0.500000
vt 0.781250 0.437500
vt 0.781250 0.375000
vt 0.781250 0.312500
vt 0.781250 0.250000
vt 0.781250 0.187500
vt 0.781250 0.125000
vt 0.781250 0.062500
vt 0.750000 0.937500
vt 0.750000 0.875000
vt 0.750000 0.750000
vt 0.750000 0.625000
vt 0.750000 0.375000
vt 0.750000 0.250000
vt 0.750000 0.187500
vt 0.750000 0.125000
vt 0.750000 0.062500
vt 0.750000 0.812500
vt 0.750000 0.687500
vt 0.750000 0.562500
vt 0.750000 0.500000
vt 0.750000 0.437500
vt 0.750000 0.312500
vt 0.718750 0.937500
vt 0.718750 0.875000
vt 0.718750 0.812500
vt 0.718750 0.750000
vt 0.718750 0.687500
vt 0.718750 0.625000
vt 0.718750 0.562500
vt 0.718750 0.500000
vt 0.718750 0.437500
vt 0.718750 0.375000
vt 0.718750 0.312500
vt 0.718750 0.250000
vt 0.718750 0.187500
vt 0.718750 0.125000
vt 0.718750 0.062500
vt 0.687500 0.937500
vt 0.687500 0.875000
vt 0.687500 0.812500
vt 0.687500 0.750000
vt 0.687500 0.687500
vt 0.687500 0.625000
vt 0.687500 0.562500
vt 0.687500 0.500000
vt 0.687500 0.437500
vt 0.687500 0.375000
vt 0.687500 0.312500
vt 0.687500 0.250000
vt 0.687500 0.187500
vt 0.687500 0.125000
vt 0.687500 0.062500
vt 0.656250 0.937500
vt 0.656250 0.875000
vt 0.656250 0.812500
vt 0.656250 0.750000
vt 0.656250 0.687500
vt 0.656250 0.625000
vt 0.656250 0.562500
vt 0.656250 0.500000
vt 0.656250 0.437500
vt 0.656250 0.375000
vt 0.656250 0.312500
vt 0.656250 0.250000
vt 0.656250 0.187500
vt 0.656250 0.125000
vt 0.656250 0.062500
vt 0.625000 0.937500
vt 0.625000 0.875000
vt 0.625000 0.812500
vt 0.625000 0.750000
vt 0.625000 0.687500
vt 0.625000 0.625000
vt 0.625000 0.562500
vt 0.625000 0.500000
vt 0.625000 0.437500
vt 0.625000 0.375000
vt 0.625000 0.312500
vt 0.625000 0.250000
vt 0.625000 0.187500
vt 0.625000 0.125000
vt 0.625000 0.062500
vt 0.593750 0.937500
vt 0.593750 0.875000
vt 0.593750 0.812500
vt 0.593750 0.750000
vt 0.593750 0.687500
vt 0.593750 0.625000
vt 0.593750 0.562500
vt 0.593750 0.500000
vt 0.593750 0.437500
vt 0.593750 0.375000
vt 0.593750 0.312500
vt 0.593750 0.250000
vt 0.593750 0.187500
vt 0.593750 0.125000
vt 0.593750 0.062500
vt 0.734375 1.000000
vt 0.703125 1.000000
vt 0.671875 1.000000
vt 0.640625 1.000000
vt 0.609375 1.000000
vt 0.578125 1.000000
vt 0.546875 1.000000
vt 0.515625 1.000000
vt 0.484375 1.000000
vt 0.453125 1.000000
vt 0.421875 1.000000
vt 0.390625 1.000000
vt 0.359375 1.000000
vt 0.328125 1.000000
vt 0.296875 1.000000
vt 0.265625 1.000000
vt 0.234375 1.000000
vt 0.203125 1.000000
vt 0.171875 1.000000
vt 0.140625 1.000000
vt 0.109375 1.000000
vt 0.078125 1.000000
vt 0.046875 1.000000
vt 0.015625 1.000000
vt 0.984375 1.000000
vt 0.953125 1.000000
vt 0.921875 1.000000
vt 0.890625 1.000000
vt 0.859375 1.000000
vt 0.828125 1.000000
vt 0.796875 1.000000
vt 0.765625 1.000000
vt 0.562500 0.937500
vt 0.562500 0.875000
vt 0.562500 0.812500
vt 0.562500 0.750000
vt 0.562500 0.687500
vt 0.562500 0.625000
vt 0.562500 0.562500
vt 0.562500 0.500000
vt 0.562500 0.437500
vt 0.562500 0.375000
vt 0.562500 0.312500
vt 0.562500 0.250000
vt 0.562500 0.187500
vt 0.562500 0.125000
vt 0.562500 0.062500
vt 0.531250 0.937500
vt 0.531250 0.875000
vt 0.531250 0.812500
vt 0.531250 0.750000
vt 0.531250 0.687500
vt 0.531250 0.625000
vt 0.531250 0.562500
vt 0.531250 0.500000
vt 0.531250 0.437500
vt 0.531250 0.375000
vt 0.531250 0.312500
vt 0.531250 0.250000
vt 0.531250 0.187500
vt 0.531250 0.125000
vt 0.531250 0.062500
vt 0.500000 0.937500
vt 0.500000 0.875000
vt 0.500000 0.812500
vt 0.500000 0.750000
vt 0.500000 0.687500
vt 0.500000 0.625000
vt 0.500000 0.562500
vt 0.500000 0.500000
vt 0.500000 0.437500
vt 0.500000 0.375000
vt 0.500000 0.312500
vt 0.500000 0.250000
vt 0.500000 0.187500
vt 0.500000 0.125000
vt 0.500000 0.062500
vt 0.468750 0.937500
vt 0.468750 0.875000
vt 0.468750 0.812500
vt 0.468750 0.750000
vt 0.468750 0.687500
vt 0.468750 0.625000
vt 0.468750 0.562500
vt 0.468750 0.500000
vt 0.468750 0.437500
vt 0.468750 0.375000
vt 0.468750 0.312500
vt 0.468750 0.250000
vt 0.468750 0.187500
vt 0.468750 0.125000
vt 0.468750 0.062500
vt 0.437500 0.937500
vt 0.437500 0.875000
vt 0.437500 0.812500
vt 0.437500 0.750000
vt 0.437500 0.687500
vt 0.437500 0.625000
vt 0.437500 0.562500
vt 0.437500 0.500000
vt 0.437500 0.437500
vt 0.437500 0.375000
vt 0.437500 0.312500
vt 0.437500 0.250000
vt 0.437500 0.187500
vt 0.437500 0.125000
vt 0.437500 0.062500
vt 0.406250 0.937500
vt 0.406250 0.875000
vt 0.406250 0.812500
vt 0.406250 0.750000
vt 0.406250 0.687500
vt 0.406250 0.625000
vt 0.406250 0.562500
vt 0.406250 0.500000
vt 0.406250 0.437500
vt 0.406250 0.375000
vt 0.406250 0.312500
vt 0.406250 0.250000
vt 0.406250 0.187500
vt 0.406250 0.125000
vt 0.406250 0.062500
vt 0.375000 0.937500
vt 0.375000 0.875000
vt 0.375000 0.812500
vt 0.375000 0.750000
vt 0.375000 0.687500
vt 0.375000 0.625000
vt 0.375000 0.562500
vt 0.375000 0.500000
vt 0.375000 0.437500
vt 0.375000 0.375000
vt 0.375000 0.312500
vt 0.375000 0.250000
vt 0.375000 0.187500
vt 0.375000 0.125000
vt 0.375000 0.062500
vt 0.343750 0.937500
vt 0.343750 0.875000
vt 0.343750 0.812500
vt 0.343750 0.750000
vt 0.343750 0.687500
vt 0.343750 0.625000
vt 0.343750 0.562500
vt 0.343750 0.500000
vt 0.343750 0.437500
vt 0.343750 0.375000
vt 0.343750 0.312500
vt 0.343750 0.250000
vt 0.343750 0.187500
vt 0.343750 0.125000
vt 0.343750 0.062500
vt 0.312500 0.937500
vt 0.312500 0.875000
vt 0.312500 0.812500
vt 0.312500 0.750000
vt 0.312500 0.687500
vt 0.312500 0.625000
vt 0.312500 0.562500
vt 0.312500 0.500000
vt 0.312500 0.437500
vt 0.312500 0.375000
vt 0.312500 0.312500
vt 0.312500 0.250000
vt 0.312500 0.187500
vt 0.312500 0.125000
vt 0.312500 0.062500
vt 0.281250 0.937500
vt 0.281250 0.875000
vt 0.281250 0.812500
vt 0.281250 0.750000
vt 0.281250 0.687500
vt 0.281250 0.625000
vt 0.281250 0.562500
vt 0.281250 0.500000
vt 0.281250 0.437500
vt 0.281250 0.375000
vt 0.281250 0.312500
vt 0.281250 0.250000
vt 0.281250 0.187500
vt 0.281250 0.125000
vt 0.281250 0.062500
vt 0.250000 0.937500
vt 0.250000 0.875000
vt 0.250000 0.812500
vt 0.250000 0.750000
vt 0.250000 0.687500
vt 0.250000 0.625000
vt 0.250000 0.562500
vt 0.250000 0.500000
vt 0.250000 0.437500
vt 0.250000 0.375000
vt 0.250000 0.312500
vt 0.250000 0.250000
vt 0.250000 0.187500
vt 0.250000 0.125000
vt 0.250000 0.062500
vt 0.218750 0.937500
vt 0.218750 0.875000
vt 0.218750 0.812500
vt 0.218750 0.750000
vt 0.218750 0.687500
vt 0.218750 0.625000
vt 0.218750 0.562500
vt 0.218750 0.500000
vt 0.218750 0.437500
vt 0.218750 0.375000
vt 0.218750 0.312500
vt 0.218750 0.250000
vt 0.218750 0.187500
vt 0.218750 0.125000
vt 0.218750 0.062500
vt 0.187500 0.937500
vt 0.187500 0.875000
vt 0.187500 0.812500
vt 0.187500 0.750000
vt 0.187500 0.687500
vt 0.187500 0.625000
vt 0.187500 0.562500
vt 0.187500 0.500000
vt 0.187500 0.437500
vt 0.187500 0.375000
vt 0.187500 0.312500
vt 0.187500 0.250000
vt 0.187500 0.187500
vt 0.187500 0.125000
vt 0.187500 0.062500
vt 0.156250 0.937500
vt 0.156250 0.875000
vt 0.156250 0.812500
vt 0.156250 0.750000
vt 0.156250 0.687500
vt 0.156250 0.625000
vt 0.156250 0.562500
vt 0.156250 0.500000
vt 0.156250 0.437500
vt 0.156250 0.375000
vt 0.156250 0.312500
vt 0.156250 0.250000
vt 0.156250 0.187500
vt 0.156250 0.125000
vt 0.156250 0.062500
vt 0.125000 0.937500
vt 0.125000 0.875000
vt 0.125000 0.812500
vt 0.125000 0.750000
vt 0.125000 0.687500
vt 0.125000 0.625000
vt 0.125000 0.562500
vt 0.125000 0.500000
vt 0.125000 0.437500
vt 0.125000 0.375000
vt 0.125000 0.312500
vt 0.125000 0.250000
vt 0.125000 0.187500
vt 0.125000 0.125000
vt 0.125000 0.062500
vt 0.734375 0.000000
vt 0.703125 0.000000
vt 0.671875 0.000000
vt 0.640625 0.000000
vt 0.609375 0.000000
vt 0.578125 0.000000
vt 0.546875 0.000000
vt 0.515625 0.000000
vt 0.484375 0.000000
vt 0.453125 0.000000
vt 0.421875 0.000000
vt 0.390625 0.000000
vt 0.359375 0.000000
vt 0.328125 0.000000
vt 0.296875 0.000000
vt 0.265625 0.000000
vt 0.234375 0.000000
vt 0.203125 0.000000
vt 0.171875 0.000000
vt 0.140625 0.000000
vt 0.109375 0.000000
vt 0.078125 0.000000
vt 0.046875 0.000000
vt 0.015625 0.000000
vt 0.984375 0.000000
vt 0.953125 0.000000
vt 0.921875 0.000000
vt 0.890625 0.000000
vt 0.859375 0.000000
vt 0.828125 0.000000
vt 0.796875 0.000000
vt 0.765625 0.000000
vt 0.093750 0.937500
vt 0.093750 0.875000
vt 0.093750 0.812500
vt 0.093750 0.750000
vt 0.093750 0.687500
vt 0.093750 0.625000
vt 0.093750 0.562500
vt 0.093750 0.500000
vt 0.093750 0.437500
vt 0.093750 0.375000
vt 0.093750 0.312500
vt 0.093750 0.250000
vt 0.093750 0.187500
vt 0.093750 0.125000
vt 0.093750 0.062500
vt 0.062500 0.937500
vt 0.062500 0.875000
vt 0.062500 0.812500
vt 0.062500 0.750000
vt 0.062500 0.687500
vt 0.062500 0.625000
vt 0.062500 0.562500
vt 0.062500 0.500000
vt 0.062500 0.437500
vt 0.062500 0.375000
vt 0.062500 0.312500
vt 0.062500 0.250000
vt 0.062500 0.187500
vt 0.062500 0.125000
vt 0.062500 0.062500
vt 0.031250 0.937500
vt 0.031250 0.875000
vt 0.031250 0.812500
vt 0.031250 0.750000
vt 0.031250 0.687500
vt 0.031250 0.625000
vt 0.031250 0.562500
vt 0.031250 0.500000
vt 0.031250 0.437500
vt 0.031250 0.375000
vt 0.031250 0.312500
vt 0.031250 0.250000
vt 0.031250 0.187500
vt 0.031250 0.125000
vt 0.031250 0.062500
vt 0.000000 0.937500
vt 1.000000 0.937500
vt 0.000000 0.875000
vt 1.000000 0.875000
vt 0.000000 0.812500
vt 1.000000 0.812500
vt 0.000000 0.750000
vt 1.000000 0.750000
vt 0.000000 0.687500
vt 1.000000 0.687500
vt 0.000000 0.625000
vt 1.000000 0.625000
vt 0.000000 0.562500
vt 1.000000 0.562500
vt 0.000000 0.500000
vt 1.000000 0.500000
vt 0.000000 0.437500
vt 1.000000 0.437500
vt 0.000000 0.375000
vt 1.000000 0.375000
vt 0.000000 0.312500
vt 1.000000 0.312500
vt 0.000000 0.250000
vt 1.000000 0.250000
vt 0.000000 0.187500
vt 1.000000 0.187500
vt 0.000000 0.125000
vt 1.000000 0.125000
vt 0.000000 0.062500
vt 1.000000 0.062500
vt 0.968750 0.937500
vt 0.968750 0.875000
vt 0.968750 0.812500
vt 0.968750 0.750000
vt 0.968750 0.687500
vt 0.968750 0.625000
vt 0.968750 0.562500
vt 0.968750 0.500000
vt 0.968750 0.437500
vt 0.968750 0.375000
vt 0.968750 0.312500
vt 0.968750 0.250000
vt 0.968750 0.187500
vt 0.968750 0.125000
vt 0.968750 0.062500
vt 0.937500 0.937500
vt 0.937500 0.875000
vt 0.937500 0.812500
vt 0.937500 0.750000
vt 0.937500 0.687500
vt 0.937500 0.625000
vt 0.937500 0.562500
vt 0.937500 0.500000
vt 0.937500 0.437500
vt 0.937500 0.375000
vt 0.937500 0.312500
vt 0.937500 0.250000
vt 0.937500 0.187500
vt 0.937500 0.125000
vt 0.937500 0.062500
vt 0.906250 0.937500
vt 0.906250 0.875000
vt 0.906250 0.812500
vt 0.906250 0.750000
vt 0.906250 0.687500
vt 0.906250 0.625000
vt 0.906250 0.562500
vt 0.906250 0.500000
vt 0.906250 0.437500
vt 0.906250 0.375000
vt 0.906250 0.312500
vt 0.906250 0.250000
vt 0.906250 0.187500
vt 0.906250 0.125000
vt 0.906250 0.062500
vt 0.875000 0.937500
vt 0.875000 0.875000
vt 0.875000 0.812500
vt 0.875000 0.750000
vt 0.875000 0.687500
vt 0.875000 0.625000
vt 0.875000 0.562500
vt 0.875000 0.500000
vt 0.875000 0.437500
vt 0.875000 0.375000
vt 0.875000 0.312500
vt 0.875000 0.250000
vt 0.875000 0.187500
vt 0.875000 0.125000
vt 0.875000 0.062500
vt 0.843750 0.937500
vt 0.843750 0.875000
vt 0.843750 0.812500
vt 0.843750 0.750000
vt 0.843750 0.687500
vt 0.843750 0.625000
vt 0.843750 0.562500
vt 0.843750 0.500000
vt 0.843750 0.437500
vt 0.843750 0.375000
vt 0.843750 0.312500
vt 0.843750 0.250000
vt 0.843750 0.187500
vt 0.843750 0.125000
vt 0.843750 0.062500
vt 0.812500 0.937500
vt 0.812500 0.875000
vt 0.812500 0.812500
vt 0.812500 0.750000
vt 0.812500 0.687500
vt 0.812500 0.625000
vt 0.812500 0.562500
vt 0.812500 0.500000
vt 0.812500 0.437500
vt 0.812500 0.375000
vt 0.812500 0.312500
vt 0.812500 0.250000
vt 0.812500 0.187500
vt 0.812500 0.125000
vt 0.812500 0.062500
vt 0.781250 0.937500
vt 0.781250 0.875000
vt 0.781250 0.812500
vt 0.781250 0.750000
vt 0.781250 0.687500
vt 0.781250 0.625000
vt 0.781250 0.562500
vt 0.781250 0.500000
vt 0.781250 0.437500
vt 0.781250 0.375000
vt 0.781250 0.312500
vt 0.781250 0.250000
vt 0.781250 0.187500
vt 0.781250 0.125000
vt 0.781250 0.062500
vt 0.750000 0.937500
vt 0.750000 0.875000
vt 0.750000 0.750000
vt 0.750000 0.625000
vt 0.750000 0.375000
vt 0.750000 0.250000
vt 0.750000 0.187500
vt 0.750000 0.125000
vt 0.750000 0.062500
vt 0.750000 0.812500
vt 0.750000 0.687500
vt 0.750000 0.562500
vt 0.750000 0.500000
vt 0.750000 0.437500
vt 0.750000 0.312500
vt 0.718750 0.937500
vt 0.718750 0.875000
vt 0.718750 0.812500
vt 0.718750 0.750000
vt 0.718750 0.687500
vt 0.718750 0.625000
vt 0.718750 0.562500
vt 0.718750 0.500000
vt 0.718750 0.437500
vt 0.718750 0.375000
vt 0.718750 0.312500
vt 0.718750 0.250000
vt 0.718750 0.187500
vt 0.718750 0.125000
vt 0.718750 0.062500
vt 0.687500 0.937500
vt 0.687500 0.875000
vt 0.687500 0.812500
vt 0.687500 0.750000
vt 0.687500 0.687500
vt 0.687500 0.625000
vt 0.687500 0.562500
vt 0.687500 0.500000
vt 0.687500 0.437500
vt 0.687500 0.375000
vt 0.687500 0.312500
vt 0.687500 0.250000
vt 0.687500 0.187500
vt 0.687500 0.125000
vt 0.687500 0.062500
vt 0.656250 0.937500
vt 0.656250 0.875000
vt 0.656250 0.812500
vt 0.656250 0.750000
vt 0.656250 0.687500
vt 0.656250 0.625000
vt 0.656250 0.562500
vt 0.656250 0.500000
vt 0.656250 0.437500
vt 0.656250 0.375000
vt 0.656250 0.312500
vt 0.656250 0.250000
vt 0.656250 0.187500
vt 0.656250 0.125000
vt 0.656250 0.062500
vt 0.625000 0.937500
vt 0.625000 0.875000
vt 0.625000 0.812500
vt 0.625000 0.750000
vt 0.625000 0.687500
vt 0.625000 0.625000
vt 0.625000 0.562500
vt 0.625000 0.500000
vt 0.625000 0.437500
vt 0.625000 0.375000
vt 0.625000 0.312500
vt 0.625000 0.250000
vt 0.625000 0.187500
vt 0.625000 0.125000
vt 0.625000 0.062500
vt 0.593750 0.937500
vt 0.593750 0.875000
vt 0.593750 0.812500
vt 0.593750 0.750000
vt 0.593750 0.687500
vt 0.593750 0.625000
vt 0.593750 0.562500
vt 0.593750 0.500000
vt 0.593750 0.437500
vt 0.593750 0.375000
vt 0.593750 0.312500
vt 0.593750 0.250000
vt 0.593750 0.187500
vt 0.593750 0.125000
vt 0.593750 0.062500
vt 0.734375 1.000000
vt 0.703125 1.000000
vt 0.671875 1.000000
vt 0.640625 1.000000
vt 0.609375 1.000000
vt 0.578125 1.000000
vt 0.546875 1.000000
vt 0.515625 1.000000
vt 0.484375 1.000000
vt 0.453125 1.000000
vt 0.421875 1.000000
vt 0.390625 1.000000
vt 0.359375 1.000000
vt 0.328125 1.000000
vt 0.296875 1.000000
vt 0.265625 1.000000
vt 0.234375 1.000000
vt 0.203125 1.000000
vt 0.171875 1.000000
vt 0.140625 1.000000
vt 0.109375 1.000000
vt 0.078125 1.000000
vt 0.046875 1.000000
vt 0.015625 1.000000
vt 0.984375 1.000000
vt 0.953125 1.000000
vt 0.921875 1.000000
vt 0.890625 1.000000
vt 0.859375 1.000000
vt 0.828125 1.000000
vt 0.796875 1.000000
vt 0.765625 1.000000
vt 0.562500 0.937500
vt 0.562500 0.875000
vt 0.562500 0.812500
vt 0.562500 0.750000
vt 0.562500 0.687500
vt 0.562500 0.625000
vt 0.562500 0.562500
vt 0.562500 0.500000
vt 0.562500 0.437500
vt 0.562500 0.375000
vt 0.562500 0.312500
vt 0.562500 0.250000
vt 0.562500 0.187500
vt 0.562500 0.125000
vt 0.562500 0.062500
vt 0.531250 0.937500
vt 0.531250 0.875000
vt 0.531250 0.812500
vt 0.531250 0.750000
vt 0.531250 0.687500
vt 0.531250 0.625000
vt 0.531250 0.562500
vt 0.531250 0.500000
vt 0.531250 0.437500
vt 0.531250 0.375000
vt 0.531250 0.312500
vt 0.531250 0.250000
vt 0.531250 0.187500
vt 0.531250 0.125000
vt 0.531250 0.062500
vt 0.500000 0.937500
vt 0.500000 0.875000
vt 0.500000 0.812500
vt 0.500000 0.750000
vt 0.500000 0.687500
vt 0.500000 0.625000
vt 0.500000 0.562500
vt 0.500000 0.500000
vt 0.500000 0.437500
vt 0.500000 0.375000
vt 0.500000 0.312500
vt 0.500000 0.250000
vt 0.500000 0.187500
vt 0.500000 0.125000
vt 0.500000 0.062500
vt 0.468750 0.937500
vt 0.468750 0.875000
vt 0.468750 0.812500
vt 0.468750 0.750000
vt 0.468750 0.687500
vt 0.468750 0.625000
vt 0.468750 0.562500
vt 0.468750 0.500000
vt 0.468750 0.437500
vt 0.468750 0.375000
vt 0.468750 0.312500
vt 0.468750 0.250000
vt 0.468750 0.187500
vt 0.468750 0.125000
vt 0.468750 0.062500
vt 0.437500 0.937500
vt 0.437500 0.875000
vt 0.437500 0.812500
vt 0.437500 0.750000
vt 0.437500 0.687500
vt 0.437500 0.625000
vt 0.437500 0.562500
vt 0.437500 0.500000
vt 0.437500 0.437500
vt 0.437500 0.375000
vt 0.437500 0.312500
vt 0.437500 0.250000
vt 0.437500 0.187500
vt 0.437500 0.125000
vt 0.437500 0.062500
vt 0.406250 0.937500
vt 0.406250 0.875000
vt 0.406250 0.812500
vt 0.406250 0.750000
vt 0.406250 0.687500
vt 0.406250 0.625000
vt 0.406250 0.562500
vt 0.406250 0.500000
vt 0.406250 0.437500
vt 0.406250 0.375000
vt 0.406250 0.312500
vt 0.406250 0.250000
vt 0.406250 0.187500
vt 0.406250 0.125000
vt 0.406250 0.062500
vt 0.375000 0.937500
vt 0.375000 0.875000
vt 0.375000 0.812500
vt 0.375000 0.750000
vt 0.375000 0.687500
vt 0.375000 0.625000
vt 0.375000 0.562500
vt 0.375000 0.500000
vt 0.375000 0.437500
vt 0.375000 0.375000
vt 0.375000 0.312500
vt 0.375000 0.250000
vt 0.375000 0.187500
vt 0.375000 0.125000
vt 0.375000 0.062500
vt 0.343750 0.937500
vt 0.343750 0.875000
vt 0.343750 0.812500
vt 0.343750 0.750000
vt 0.343750 0.687500
vt 0.343750 0.625000
vt 0.343750 0.562500
vt 0.343750 0.500000
vt 0.343750 0.437500
vt 0.343750 0.375000
vt 0.343750 0.312500
vt 0.343750 0.250000
vt 0.343750 0.187500
vt 0.343750 0.125000
vt 0.343750 0.062500
vt 0.312500 0.937500
vt 0.312500 0.875000
vt 0.312500 0.812500
vt 0.312500 0.750000
vt 0.312500 0.687500
vt 0.312500 0.625000
vt 0.312500 0.562500
vt 0.312500 0.500000
vt 0.312500 0.437500
vt 0.312500 0.375000
vt 0.312500 0.312500
vt 0.312500 0.250000
vt 0.312500 0.187500
vt 0.312500 0.125000
vt 0.312500 0.062500
vt 0.281250 0.937500
vt 0.281250 0.875000
vt 0.281250 0.812500
vt 0.281250 0.750000
vt 0.281250 0.687500
vt 0.281250 0.625000
vt 0.281250 0.562500
vt 0.281250 0.500000
vt 0.281250 0.437500
vt 0.281250 0.375000
vt 0.281250 0.312500
vt 0.281250 0.250000
vt 0.281250 0.187500
vt 0.281250 0.125000
vt 0.281250 0.062500
vt 0.250000 0.937500
vt 0.250000 0.875000
vt 0.250000 0.812500
vt 0.250000 0.750000
vt 0.250000 0.687500
vt 0.250000 0.625000
vt 0.250000 0.562500
vt 0.250000 0.500000
vt 0.250000 0.437500
vt 0.250000 0.375000
vt 0.250000 0.312500
vt 0.250000 0.250000
vt 0.250000 0.187500
vt 0.250000 0.125000
vt 0.250000 0.062500
vt 0.218750 0.937500
vt 0.218750 0.875000
vt 0.218750 0.812500
vt 0.218750 0.750000
vt 0.218750 0.687500
vt 0.218750 0.625000
vt 0.218750 0.562500
vt 0.218750 0.500000
vt 0.218750 0.437500
vt 0.218750 0.375000
vt 0.218750 0.312500
vt 0.218750 0.250000
vt 0.218750 0.187500
vt 0.218750 0.125000
vt 0.218750 0.062500
vt 0.187500 0.937500
vt 0.187500 0.875000
vt 0.187500 0.812500
vt 0.187500 0.750000
vt 0.187500 0.687500
vt 0.187500 0.625000
vt 0.187500 0.562500
vt 0.187500 0.500000
vt 0.187500 0.437500
vt 0.187500 0.375000
vt 0.187500 0.312500
vt 0.187500 0.250000
vt 0.187500 0.187500
vt 0.187500 0.125000
vt 0.187500 0.062500
vt 0.156250 0.937500
vt 0.156250 0.875000
vt 0.156250 0.812500
vt 0.156250 0.750000
vt 0.156250 0.687500
vt 0.156250 0.625000
vt 0.156250 0.562500
vt 0.156250 0.500000
vt 0.156250 0.437500
vt 0.156250 0.375000
vt 0.156250 0.312500
vt 0.156250 0.250000
vt 0.156250 0.187500
vt 0.156250 0.125000
vt 0.156250 0.062500
vt 0.125000 0.937500
vt 0.125000 0.875000
vt 0.125000 0.812500
vt 0.125000 0.750000
vt 0.125000 0.687500
vt 0.125000 0.625000
vt 0.125000 0.562500
vt 0.125000 0.500000
vt 0.125000 0.437500
vt 0.125000 0.375000
vt 0.125000 0.312500
vt 0.125000 0.250000
vt 0.125000 0.187500
vt 0.125000 0.125000
vt 0.125000 0.062500
vt 0.734375 0.000000
vt 0.703125 0.000000
vt 0.671875 0.000000
vt 0.640625 0.000000
vt 0.609375 0.000000
vt 0.578125 0.000000
vt 0.546875 0.000000
vt 0.515625 0.000000
vt 0.484375 0.000000
vt 0.453125 0.000000
vt 0.421875 0.000000
vt 0.390625 0.000000
vt 0.359375 0.000000
vt 0.328125 0.000000
vt 0.296875 0.000000
vt 0.265625 0.000000
vt 0.234375 0.000000
vt 0.203125 0.000000
vt 0.171875 0.000000
vt 0.140625 0.000000
vt 0.109375 0.000000
vt 0.078125 0.000000
vt 0.046875 0.000000
vt 0.015625 0.000000
vt 0.984375 0.000000
vt 0.953125 0.000000
vt 0.921875 0.000000
vt 0.890625 0.000000
vt 0.859375 0.000000
vt 0.828125 0.000000
vt 0.796875 0.000000
vt 0.765625 0.000000
vt 0.093750 0.937500
vt 0.093750 0.875000
vt 0.093750 0.812500
vt 0.093750 0.750000
vt 0.093750 0.687500
vt 0.093750 0.625000
vt 0.093750 0.562500
vt 0.093750 0.500000
vt 0.093750 0.437500
vt 0.093750 0.375000
vt 0.093750 0.312500
vt 0.093750 0.250000
vt 0.093750 0.187500
vt 0.093750 0.125000
vt 0.093750 0.062500
vt 0.062500 0.937500
vt 0.062500 0.875000
vt 0.062500 0.812500
vt 0.062500 0.750000
vt 0.062500 0.687500
vt 0.062500 0.625000
vt 0.062500 0.562500
vt 0.062500 0.500000
vt 0.062500 0.437500
vt 0.062500 0.375000
vt 0.062500 0.312500
vt 0.062500 0.250000
vt 0.062500 0.187500
vt 0.062500 0.125000
vt 0.062500 0.062500
vt 0.031250 0.937500
vt 0.031250 0.875000
vt 0.031250 0.812500
vt 0.031250 0.750000
vt 0.031250 0.687500
vt 0.031250 0.625000
vt 0.031250 0.562500
vt 0.031250 0.500000
vt 0.031250 0.437500
vt 0.031250 0.375000
vt 0.031250 0.312500
vt 0.031250 0.250000
vt 0.031250 0.187500
vt 0.031250 0.125000
vt 0.031250 0.062500
vt 0.000000 0.937500
vt 1.000000 0.937500
vt 0.000000 0.875000
vt 1.000000 0.875000
vt 0.000000 0.812500
vt 1.000000 0.812500
vt 0.000000 0.750000
vt 1.000000 0.750000
vt 0.000000 0.687500
vt 1.000000 0.687500
vt 0.000000 0.625000
vt 1.000000 0.625000
vt 0.000000 0.562500
vt 1.000000 0.562500
vt 0.000000 0.500000
vt 1.000000 0.500000
vt 0.000000 0.437500
vt 1.000000 0.437500
vt 0.000000 0.375000
vt 1.000000 0.375000
vt 0.000000 0.312500
vt 1.000000 0.312500
vt 0.000000 0.250000
vt 1.000000 0.250000
vt 0.000000 0.187500
vt 1.000000 0.187500
vt 0.000000 0.125000
vt 1.000000 0.125000
vt 0.000000 0.062500
vt 1.000000 0.062500
vt 0.968750 0.937500
vt 0.968750 0.875000
vt 0.968750 0.812500
vt 0.968750 0.750000
vt 0.968750 0.687500
vt 0.968750 0.625000
vt 0.968750 0.562500
vt 0.968750 0.500000
vt 0.968750 0.437500
vt 0.968750 0.375000
vt 0.968750 0.312500
vt 0.968750 0.250000
vt 0.968750 0.187500
vt 0.968750 0.125000
vt 0.968750 0.062500
vt 0.937500 0.937500
vt 0.937500 0.875000
vt 0.937500 0.812500
vt 0.937500 0.750000
vt 0.937500 0.687500
vt 0.937500 0.625000
vt 0.937500 0.562500
vt 0.937500 0.500000
vt 0.937500 0.437500
vt 0.937500 0.375000
vt 0.937500 0.312500
vt 0.937500 0.250000
vt 0.937500 0.187500
vt 0.937500 0.125000
vt 0.937500 0.062500
vt 0.906250 0.937500
vt 0.906250 0.875000
vt 0.906250 0.812500
vt 0.906250 0.750000
vt 0.906250 0.687500
vt 0.906250 0.625000
vt 0.906250 0.562500
vt 0.906250 0.500000
vt 0.906250 0.437500
vt 0.906250 0.375000
vt 0.906250 0.312500
vt 0.906250 0.250000
vt 0.906250 0.187500
vt 0.906250 0.125000
vt 0.906250 0.062500
vt 0.875000 0.937500
vt 0.875000 0.875000
vt 0.875000 0.812500
vt 0.875000 0.750000
vt 0.875000 0.687500
vt 0.875000 0.625000
vt 0.875000 0.562500
vt 0.875000 0.500000
vt 0.875000 0.437500
vt 0.875000 0.375000
vt 0.875000 0.312500
vt 0.875000 0.250000
vt 0.875000 0.187500
vt 0.875000 0.125000
vt 0.875000 0.062500
vt 0.843750 0.937500
vt 0.843750 0.875000
vt 0.843750 0.812500
vt 0.843750 0.750000
vt 0.843750 0.687500
vt 0.843750 0.625000
vt 0.843750 0.562500
vt 0.843750 0.500000
vt 0.843750 0.437500
vt 0.843750 0.375000
vt 0.843750 0.312500
vt 0.843750 0.250000
vt 0.843750 0.187500
vt 0.843750 0.125000
vt 0.843750 0.062500
vt 0.812500 0.937500
vt 0.812500 0.875000
vt 0.812500 0.812500
vt 0.812500 0.750000
vt 0.812500 0.687500
vt 0.812500 0.625000
vt 0.812500 0.562500
vt 0.812500 0.500000
vt 0.812500 0.437500
vt 0.812500 0.375000
vt 0.812500 0.312500
vt 0.812500 0.250000
vt 0.812500 0.187500
vt 0.812500 0.125000
vt 0.812500 0.062500
vt 0.781250 0.937500
vt 0.781250 0.875000
vt 0.781250 0.812500
vt 0.781250 0.750000
vt 0.781250 0.687500
vt 0.781250 0.625000
vt 0.781250 0.562500
vt 0.781250 0.500000
vt 0.781250 0.437500
vt 0.781250 0.375000
vt 0.781250 0.312500
vt 0.781250 0.250000
vt 0.781250 0.187500
vt 0.781250 0.125000
vt 0.781250 0.062500
vt 0.750000 0.937500
vt 0.750000 0.875000
vt 0.750000 0.750000
vt 0.750000 0.625000
vt 0.750000 0.375000
vt 0.750000 0.250000
vt 0.750000 0.187500
vt 0.750000 0.125000
vt 0.750000 0.062500
vt 1.000000 0.500000
vt 0.000000 0.500000
vt 0.750000 0.490000
vt 1.000000 1.000000
vt 0.250000 0.490000
vt 0.000000 1.000000
vt 0.968750 0.500000
vt 0.796822 0.485388
vt 0.968750 1.000000
vt 0.296822 0.485388
vt 0.937500 0.500000
vt 0.841844 0.471731
vt 0.937500 1.000000
vt 0.341844 0.471731
vt 0.906250 0.500000
vt 0.883337 0.449553
vt 0.906250 1.000000
vt 0.383337 0.449553
vt 0.875000 0.500000
vt 0.919706 0.419706
vt 0.875000 1.000000
vt 0.419706 0.419706
vt 0.843750 0.500000
vt 0.949553 0.383337
vt 0.843750 1.000000
vt 0.449553 0.383337
vt 0.812500 0.500000
vt 0.971731 0.341844
vt 0.812500 1.000000
vt 0.471731 0.341844
vt 0.781250 0.500000
vt 0.985388 0.296822
vt 0.781250 1.000000
vt 0.485388 0.296822
vt 0.750000 0.500000
vt 0.990000 0.250000
vt 0.750000 1.000000
vt 0.490000 0.250000
vt 0.718750 0.500000
vt 0.985388 0.203178
vt 0.718750 1.000000
vt 0.485388 0.203178
vt 0.687500 0.500000
vt 0.971731 0.158156
vt 0.687500 1.000000
vt 0.471731 0.158156
vt 0.656250 0.500000
vt 0.949553 0.116663
vt 0.656250 1.000000
vt 0.449553 0.116663
vt 0.625000 0.500000
vt 0.919706 0.080294
vt 0.625000 1.000000
vt 0.419706 0.080294
vt 0.593750 0.500000
vt 0.883337 0.050447
vt 0.593750 1.000000
vt 0.383337 0.050447
vt 0.562500 0.500000
vt 0.841844 0.028269
vt 0.562500 1.000000
vt 0.341844 0.028269
vt 0.531250 0.500000
vt 0.796822 0.014612
vt 0.531250 1.000000
vt 0.296822 0.014612
vt 0.500000 0.500000
vt 0.750000 0.010000
vt 0.500000 1.000000
vt 0.250000 0.010000
vt 0.468750 0.500000
vt 0.703178 0.014612
vt 0.468750 1.000000
vt 0.203178 0.014612
vt 0.437500 0.500000
vt 0.658156 0.028269
vt 0.437500 1.000000
vt 0.158156 0.028269
vt 0.406250 0.500000
vt 0.616663 0.050447
vt 0.406250 1.000000
vt 0.116663 0.050447
vt 0.375000 0.500000
vt 0.580294 0.080294
vt 0.375000 1.000000
vt 0.080294 0.080294
vt 0.343750 0.500000
vt 0.550447 0.116663
vt 0.343750 1.000000
vt 0.050447 0.116663
vt 0.312500 0.500000
vt 0.528269 0.158156
vt 0.312500 1.000000
vt 0.028269 0.158156
vt 0.281250 0.500000
vt 0.514612 0.203178
vt 0.281250 1.000000
vt 0.014612 0.203178
vt 0.250000 0.500000
vt 0.510000 0.250000
vt 0.250000 1.000000
vt 0.010000 0.250000
vt 0.218750 0.500000
vt 0.514612 0.296822
vt 0.218750 1.000000
vt 0.014612 0.296822
vt 0.187500 0.500000
vt 0.528269 0.341844
vt 0.187500 1.000000
vt 0.028269 0.341844
vt 0.156250 0.500000
vt 0.550447 0.383337
vt 0.156250 1.000000
vt 0.050447 0.383337
vt 0.125000 0.500000
vt 0.580294 0.419706
vt 0.125000 1.000000
vt 0.080294 0.419706
vt 0.093750 0.500000
vt 0.616663 0.449553
vt 0.093750 1.000000
vt 0.116663 0.449553
vt 0.062500 0.500000
vt 0.658156 0.471731
vt 0.158156 0.471731
vt 0.062500 1.000000
vt 0.031250 0.500000
vt 0.703178 0.485388
vt 0.203178 0.485388
vt 0.031250 1.000000
s 1
f 2/4/1 3/7/2 1/1/3
f 4/9/4 5/11/5 3/7/2
f 6/13/6 7/15/7 5/11/5
f 8/17/8 9/19/9 7/15/7
f 10/21/10 11/23/11 9/19/9
f 12/25/12 13/27/13 11/23/11
f 14/29/14 15/31/15 13/27/13
f 16/33/16 17/35/17 15/31/15
f 18/37/18 19/39/19 17/35/17
f 20/41/20 21/43/21 19/39/19
f 22/45/22 23/47/23 21/43/21
f 24/49/24 25/51/25 23/47/23
f 26/53/26 27/55/27 25/51/25
f 28/57/28 29/59/29 27/55/27
f 30/61/30 31/63/31 29/59/29
f 32/65/32 33/67/33 31/63/31
f 34/69/34 35/71/35 33/67/33
f 36/73/36 37/75/37 35/71/35
f 38/77/38 39/79/39 37/75/37
f 40/81/40 41/83/41 39/79/39
f 42/85/42 43/87/43 41/83/41
f 44/89/44 45/91/45 43/87/43
f 46/93/46 47/95/47 45/91/45
f 48/97/48 49/99/49 47/95/47
f 50/101/50 51/103/51 49/99/49
f 52/105/52 53/107/53 51/103/51
f 54/109/54 55/111/55 53/107/53
f 56/113/56 57/115/57 55/111/55
f 58/117/58 59/119/59 57/115/57
f 60/121/60 61/123/61 59/119/59
f 54/110/54 38/78/38 22/46/22
f 62/126/62 63/127/63 61/123/61
f 64/130/64 1/2/3 63/127/63
f 31/64/31 47/96/47 63/128/63
s 0
f 104/183/65 68/140/65 86/162/65
f 120/203/66 87/163/66 130/215/66
f 96/175/67 88/164/67 103/182/67
f 140/227/68 85/160/68 144/231/68
f 95/174/69 121/205/69 134/219/69
f 94/172/70 140/226/70 156/245/70
f 141/228/68 113/194/68 148/235/68
f 97/176/67 116/197/67 118/199/67
f 124/209/71 115/196/71 137/222/71
f 98/177/65 114/195/65 117/198/65
f 142/229/68 110/190/68 147/234/68
f 99/178/67 109/188/67 112/192/67
f 135/220/71 79/153/71 108/187/71
f 100/179/65 107/186/65 111/191/65
f 101/180/65 89/165/65 106/185/65
f 132/217/71 82/156/71 90/166/71
f 102/181/67 91/167/67 105/184/67
f 143/230/68 92/168/68 145/232/68
f 144/231/68 77/150/68 142/229/68
f 103/182/67 80/154/67 99/178/67
f 130/215/71 79/153/71 126/211/71
f 100/179/65 86/162/65 78/152/65
f 145/232/68 65/132/68 150/238/68
f 105/184/67 69/141/67 95/174/67
f 132/217/72 71/143/72 119/201/72
f 106/185/65 67/138/65 93/170/65
f 92/169/65 93/170/65 65/131/65
f 71/143/67 105/184/67 95/174/67
f 85/161/65 100/179/65 77/151/65
f 87/163/67 99/178/67 79/153/67
f 82/156/67 105/184/67 90/166/67
f 84/158/65 106/185/65 92/169/65
f 77/151/65 111/191/65 110/189/65
f 79/153/67 112/192/67 108/187/67
f 73/145/65 117/198/65 113/193/65
f 75/148/67 118/199/67 115/196/67
f 68/139/73 156/245/73 149/236/73
f 71/143/74 134/219/74 119/200/74
f 72/144/67 103/182/67 87/163/67
f 66/136/65 104/183/65 85/161/65
f 108/187/67 97/176/67 75/148/67
f 110/189/65 98/177/65 73/145/65
f 111/191/65 74/147/65 98/177/65
f 135/220/71 75/148/71 124/209/71
f 112/192/67 76/149/67 97/176/67
f 147/234/68 73/146/68 141/228/68
f 115/196/67 102/181/67 82/156/67
f 113/193/65 101/180/65 84/158/65
f 101/180/65 114/195/65 81/155/65
f 137/222/71 82/156/71 127/212/71
f 118/199/67 83/157/67 102/181/67
f 148/235/68 84/159/68 143/230/68
f 116/197/68 128/213/68 83/157/68
f 163/254/71 137/222/71 127/212/71
f 109/188/68 123/208/68 76/149/68
f 167/258/75 124/209/75 161/252/75
f 119/200/74 176/269/74 169/261/74
f 120/202/73 96/175/73 72/144/73
f 165/256/72 119/201/72 169/260/72
f 91/167/68 121/204/68 69/141/68
f 164/255/71 126/211/71 162/253/71
f 88/164/68 125/210/68 80/154/68
f 83/157/68 131/216/68 91/167/68
f 165/256/71 127/212/71 132/217/71
f 162/253/76 135/220/76 167/258/76
f 80/154/68 136/221/68 109/188/68
f 161/252/75 137/222/75 168/259/75
f 76/149/68 138/223/68 116/197/68
f 133/218/70 70/142/70 96/175/70
f 134/219/69 160/251/69 176/269/69
f 70/142/68 129/214/68 88/164/68
f 159/249/66 130/215/66 164/255/66
f 68/140/66 154/243/66 86/162/66
f 146/233/69 65/133/69 93/171/69
f 74/147/71 158/247/71 114/195/71
f 78/152/77 157/246/77 107/186/77
f 81/155/71 155/244/71 89/165/71
f 86/162/71 152/241/71 78/152/71
f 89/165/72 139/224/72 67/138/72
f 139/225/74 93/171/74 67/137/74
f 107/186/71 151/240/71 74/147/71
f 114/195/78 153/242/78 81/155/78
f 178/271/68 143/230/68 173/266/68
f 177/270/68 141/228/68 171/264/68
f 149/236/73 166/257/73 159/248/73
f 175/268/68 150/238/68 160/250/68
f 174/267/68 142/229/68 172/265/68
f 173/266/68 145/232/68 175/268/68
f 172/265/68 147/234/68 177/270/68
f 171/264/68 148/235/68 178/271/68
f 156/245/70 170/263/70 166/257/70
f 170/262/68 144/231/68 174/267/68
f 122/206/68 174/267/68 129/214/68
f 166/257/70 122/207/70 133/218/70
f 123/208/68 178/271/68 138/223/68
f 125/210/68 177/270/68 136/221/68
f 128/213/68 175/268/68 131/216/68
f 129/214/68 172/265/68 125/210/68
f 131/216/68 160/250/68 121/204/68
f 159/248/73 133/218/73 120/202/73
f 136/221/68 171/264/68 123/208/68
f 138/223/68 173/266/68 128/213/68
f 149/237/66 164/255/66 154/243/66
f 176/269/69 150/239/69 146/233/69
f 151/240/71 168/259/71 158/247/71
f 152/241/77 167/258/77 157/246/77
f 153/242/71 165/256/71 155/244/71
f 154/243/71 162/253/71 152/241/71
f 155/244/72 169/260/72 139/224/72
f 169/261/74 146/233/74 139/225/74
f 157/246/71 161/252/71 151/240/71
f 158/247/78 163/254/78 153/242/78
f 653/823/79 185/278/79 186/279/79
f 656/826/80 193/286/80 194/287/80
f 179/272/81 186/279/81 187/280/81
f 656/826/82 195/288/82 184/277/82
f 654/824/83 187/280/83 188/281/83
f 657/827/84 195/288/84 196/289/84
f 654/824/85 189/282/85 180/273/85
f 657/827/86 197/290/86 658/828/86
f 655/825/87 189/282/87 190/283/87
f 658/828/88 198/291/88 659/829/88
f 655/825/89 191/284/89 181/274/89
f 659/829/90 199/292/90 660/830/90
f 181/274/91 192/285/91 182/275/91
f 652/822/92 260/353/92 185/278/92
f 486/610/93 660/830/93 199/292/93
f 183/276/94 192/285/94 193/286/94
f 185/278/95 260/354/95 200/293/95
f 486/611/96 199/292/96 214/307/96
f 193/286/97 207/300/97 208/301/97
f 186/279/98 200/293/98 201/294/98
f 193/286/99 209/302/99 194/287/99
f 187/280/100 201/294/100 202/295/100
f 194/287/101 210/303/101 195/288/101
f 187/280/102 203/296/102 188/281/102
f 196/289/103 210/303/103 211/304/103
f 188/281/104 204/297/104 189/282/104
f 197/290/105 211/304/105 212/305/105
f 190/283/106 204/297/106 205/298/106
f 197/290/107 213/306/107 198/291/107
f 191/284/108 205/298/108 206/299/108
f 198/291/109 214/307/109 199/292/109
f 191/284/110 207/300/110 192/285/110
f 204/297/111 218/311/111 219/312/111
f 212/305/112 226/319/112 227/320/112
f 204/297/113 220/313/113 205/298/113
f 213/306/114 227/320/114 228/321/114
f 206/299/115 220/313/115 221/314/115
f 213/306/116 229/322/116 214/307/116
f 206/299/117 222/315/117 207/300/117
f 200/293/118 260/355/118 215/308/118
f 486/612/119 214/307/119 229/322/119
f 208/301/120 222/315/120 223/316/120
f 201/294/121 215/308/121 216/309/121
f 208/301/122 224/317/122 209/302/122
f 201/294/123 217/310/123 202/295/123
f 210/303/124 224/317/124 225/318/124
f 202/295/125 218/311/125 203/296/125
f 210/303/126 226/319/126 211/304/126
f 223/316/127 237/330/127 238/331/127
f 215/308/128 231/324/128 216/309/128
f 223/316/129 239/332/129 224/317/129
f 216/309/130 232/325/130 217/310/130
f 224/317/131 240/333/131 225/318/131
f 218/311/132 232/325/132 233/326/132
f 226/319/133 240/333/133 241/334/133
f 218/311/134 234/327/134 219/312/134
f 226/319/135 242/335/135 227/320/135
f 220/313/136 234/327/136 235/328/136
f 228/321/137 242/335/137 243/336/137
f 221/314/138 235/328/138 236/329/138
f 229/322/139 243/336/139 244/337/139
f 221/314/140 237/330/140 222/315/140
f 215/308/141 260/356/141 230/323/141
f 486/613/142 229/322/142 244/337/142
f 241/334/143 257/350/143 242/335/143
f 235/328/144 249/342/144 250/343/144
f 242/335/145 258/351/145 243/336/145
f 235/328/146 251/344/146 236/329/146
f 244/337/147 258/351/147 259/352/147
f 237/330/148 251/344/148 252/345/148
f 230/323/149 260/357/149 245/338/149
f 486/614/150 244/337/150 259/352/150
f 237/330/151 253/346/151 238/331/151
f 230/323/152 246/339/152 231/324/152
f 239/332/153 253/346/153 254/347/153
f 232/325/154 246/339/154 247/340/154
f 239/332/155 255/348/155 240/333/155
f 233/326/156 247/340/156 248/341/156
f 240/333/157 256/349/157 241/334/157
f 234/327/158 248/341/158 249/342/158
f 246/339/159 261/385/159 262/386/159
f 254/347/160 269/393/160 270/394/160
f 246/339/161 263/387/161 247/340/161
f 255/348/162 270/394/162 271/395/162
f 248/341/163 263/387/163 264/388/163
f 255/348/164 272/396/164 256/349/164
f 249/342/165 264/388/165 265/389/165
f 256/349/166 273/397/166 257/350/166
f 249/342/167 266/390/167 250/343/167
f 258/351/168 273/397/168 274/398/168
f 250/343/169 267/391/169 251/344/169
f 258/351/170 275/399/170 259/352/170
f 252/345/171 267/391/171 268/392/171
f 245/338/172 260/358/172 261/385/172
f 486/615/173 259/352/173 275/399/173
f 252/345/174 269/393/174 253/346/174
f 265/389/175 281/405/175 266/390/175
f 273/397/176 289/413/176 274/398/176
f 267/391/177 281/405/177 282/406/177
f 274/398/178 290/414/178 275/399/178
f 268/392/179 282/406/179 283/407/179
f 261/385/180 260/359/180 276/400/180
f 486/616/181 275/399/181 290/414/181
f 268/392/182 284/408/182 269/393/182
f 262/386/183 276/400/183 277/401/183
f 269/393/184 285/409/184 270/394/184
f 263/387/185 277/401/185 278/402/185
f 271/395/186 285/409/186 286/410/186
f 264/388/187 278/402/187 279/403/187
f 272/396/188 286/410/188 287/411/188
f 264/388/189 280/404/189 265/389/189
f 272/396/190 288/412/190 273/397/190
f 284/408/191 300/424/191 285/409/191
f 277/401/192 293/417/192 278/402/192
f 285/409/193 301/425/193 286/410/193
f 278/402/194 294/418/194 279/403/194
f 286/410/195 302/426/195 287/411/195
f 280/404/196 294/418/196 295/419/196
f 288/412/197 302/426/197 303/427/197
f 281/405/198 295/419/198 296/420/198
f 289/413/199 303/427/199 304/428/199
f 282/406/200 296/420/200 297/421/200
f 290/414/201 304/428/201 305/429/201
f 282/406/202 298/422/202 283/407/202
f 276/400/203 260/360/203 291/415/203
f 486/617/204 290/414/204 305/429/204
f 284/408/205 298/422/205 299/423/205
f 276/400/206 292/416/206 277/401/206
f 303/427/207 319/443/207 304/428/207
f 296/420/208 312/436/208 297/421/208
f 304/428/209 320/444/209 305/429/209
f 298/422/210 312/436/210 313/437/210
f 291/415/211 260/361/211 306/430/211
f 486/618/212 305/429/212 320/444/212
f 298/422/213 314/438/213 299/423/213
f 292/416/214 306/430/214 307/431/214
f 300/424/215 314/438/215 315/439/215
f 293/417/216 307/431/216 308/432/216
f 301/425/217 315/439/217 316/440/217
f 294/418/218 308/432/218 309/433/218
f 302/426/219 316/440/219 317/441/219
f 294/418/220 310/434/220 295/419/220
f 302/426/221 318/442/221 303/427/221
f 295/419/222 311/435/222 296/420/222
f 315/439/223 331/455/223 316/440/223
f 308/432/224 324/448/224 309/433/224
f 316/440/225 332/456/225 317/441/225
f 310/434/226 324/448/226 325/449/226
f 318/442/227 332/456/227 333/457/227
f 311/435/228 325/449/228 326/450/228
f 319/443/229 333/457/229 334/458/229
f 312/436/230 326/450/230 327/451/230
f 320/444/231 334/458/231 335/459/231
f 312/436/232 328/452/232 313/437/232
f 306/430/233 260/362/233 321/445/233
f 486/619/234 320/444/234 335/459/234
f 314/438/235 328/452/235 329/453/235
f 306/430/236 322/446/236 307/431/236
f 314/438/237 330/454/237 315/439/237
f 307/431/238 323/447/238 308/432/238
f 335/459/239 349/473/239 350/474/239
f 327/451/240 343/467/240 328/452/240
f 321/445/241 260/363/241 336/460/241
f 486/620/242 335/459/242 350/474/242
f 329/453/243 343/467/243 344/468/243
f 321/445/244 337/461/244 322/446/244
f 329/453/245 345/469/245 330/454/245
f 323/447/246 337/461/246 338/462/246
f 330/454/247 346/470/247 331/455/247
f 323/447/248 339/463/248 324/448/248
f 332/456/249 346/470/249 347/471/249
f 324/448/250 340/464/250 325/449/250
f 333/457/251 347/471/251 348/472/251
f 326/450/252 340/464/252 341/465/252
f 333/457/253 349/473/253 334/458/253
f 327/451/254 341/465/254 342/466/254
f 338/462/255 354/478/255 339/463/255
f 347/471/256 361/485/256 362/486/256
f 339/463/257 355/479/257 340/464/257
f 348/472/258 362/486/258 363/487/258
f 340/464/259 356/480/259 341/465/259
f 349/473/260 363/487/260 364/488/260
f 342/466/261 356/480/261 357/481/261
f 349/473/262 365/489/262 350/474/262
f 342/466/263 358/482/263 343/467/263
f 336/460/264 260/364/264 351/475/264
f 486/621/265 350/474/265 365/489/265
f 344/468/266 358/482/266 359/483/266
f 337/461/267 351/475/267 352/476/267
f 344/468/268 360/484/268 345/469/268
f 337/461/269 353/477/269 338/462/269
f 346/470/270 360/484/270 361/485/270
f 358/482/271 372/496/271 373/497/271
f 351/475/272 260/365/272 366/490/272
f 486/622/273 365/489/273 380/504/273
f 358/482/274 374/498/274 359/483/274
f 352/476/275 366/490/275 367/491/275
f 360/484/276 374/498/276 375/499/276
f 353/477/277 367/491/277 368/492/277
f 361/485/278 375/499/278 376/500/278
f 353/477/279 369/493/279 354/478/279
f 361/485/280 377/501/280 362/486/280
f 355/479/281 369/493/281 370/494/281
f 363/487/282 377/501/282 378/502/282
f 355/479/283 371/495/283 356/480/283
f 363/487/284 379/503/284 364/488/284
f 356/480/285 372/496/285 357/481/285
f 364/488/286 380/504/286 365/489/286
f 377/501/287 391/515/287 392/516/287
f 369/493/288 385/509/288 370/494/288
f 377/501/289 393/517/289 378/502/289
f 371/495/290 385/509/290 386/510/290
f 378/502/291 394/518/291 379/503/291
f 371/495/292 387/511/292 372/496/292
f 380/504/293 394/518/293 395/519/293
f 373/497/294 387/511/294 388/512/294
f 366/490/295 260/366/295 381/505/295
f 486/623/296 380/504/296 395/519/296
f 373/497/297 389/513/297 374/498/297
f 366/490/298 382/506/298 367/491/298
f 375/499/299 389/513/299 390/514/299
f 368/492/300 382/506/300 383/507/300
f 375/499/301 391/515/301 376/500/301
f 369/493/302 383/507/302 384/508/302
f 381/505/303 260/367/303 396/520/303
f 486/624/304 395/519/304 410/534/304
f 388/512/305 404/528/305 389/513/305
f 381/505/306 397/521/306 382/506/306
f 390/514/307 404/528/307 405/529/307
f 382/506/308 398/522/308 383/507/308
f 391/515/309 405/529/309 406/530/309
f 384/508/310 398/522/310 399/523/310
f 391/515/311 407/531/311 392/516/311
f 385/509/312 399/523/312 400/524/312
f 392/516/313 408/532/313 393/517/313
f 385/509/314 401/525/314 386/510/314
f 394/518/315 408/532/315 409/533/315
f 386/510/316 402/526/316 387/511/316
f 395/519/317 409/533/317 410/534/317
f 388/512/318 402/526/318 403/527/318
f 400/524/319 414/538/319 415/539/319
f 408/532/320 422/546/320 423/547/320
f 400/524/321 416/540/321 401/525/321
f 409/533/322 423/547/322 424/548/322
f 402/526/323 416/540/323 417/541/323
f 410/534/324 424/548/324 425/549/324
f 403/527/325 417/541/325 418/542/325
f 396/520/326 260/368/326 411/535/326
f 486/625/327 410/534/327 425/549/327
f 403/527/328 419/543/328 404/528/328
f 396/520/329 412/536/329 397/521/329
f 404/528/330 420/544/330 405/529/330
f 397/521/331 413/537/331 398/522/331
f 406/530/332 420/544/332 421/545/332
f 398/522/333 414/538/333 399/523/333
f 406/530/334 422/546/334 407/531/334
f 418/542/335 434/558/335 419/543/335
f 412/536/336 426/550/336 427/551/336
f 420/544/337 434/558/337 435/559/337
f 413/537/338 427/551/338 428/552/338
f 421/545/339 435/559/339 436/560/339
f 413/537/340 429/553/340 414/538/340
f 421/545/341 437/561/341 422/546/341
f 415/539/342 429/553/342 430/554/342
f 423/547/343 437/561/343 438/562/343
f 415/539/344 431/555/344 416/540/344
f 423/547/345 439/563/345 424/548/345
f 416/540/346 432/556/346 417/541/346
f 424/548/347 440/564/347 425/549/347
f 418/542/348 432/556/348 433/557/348
f 411/535/349 260/369/349 426/550/349
f 486/626/350 425/549/350 440/564/350
f 438/562/351 452/576/351 453/577/351
f 431/555/352 445/569/352 446/570/352
f 439/563/353 453/577/353 454/578/353
f 431/555/354 447/571/354 432/556/354
f 440/564/355 454/578/355 455/579/355
f 433/557/356 447/571/356 448/572/356
f 426/550/357 260/370/357 441/565/357
f 486/627/358 440/564/358 455/579/358
f 433/557/359 449/573/359 434/558/359
f 426/550/360 442/566/360 427/551/360
f 435/559/361 449/573/361 450/574/361
f 427/551/362 443/567/362 428/552/362
f 435/559/363 451/575/363 436/560/363
f 428/552/364 444/568/364 429/553/364
f 436/560/365 452/576/365 437/561/365
f 430/554/366 444/568/366 445/569/366
f 450/574/367 464/588/367 465/589/367
f 442/566/368 458/582/368 443/567/368
f 450/574/369 466/590/369 451/575/369
f 444/568/370 458/582/370 459/583/370
f 452/576/371 466/590/371 467/591/371
f 444/568/372 460/584/372 445/569/372
f 452/576/373 468/592/373 453/577/373
f 446/570/374 460/584/374 461/585/374
f 454/578/375 468/592/375 469/593/375
f 446/570/376 462/586/376 447/571/376
f 455/579/377 469/593/377 470/594/377
f 448/572/378 462/586/378 463/587/378
f 441/565/379 260/371/379 456/580/379
f 486/628/380 455/579/380 470/594/380
f 448/572/381 464/588/381 449/573/381
f 441/565/382 457/581/382 442/566/382
f 468/592/383 484/608/383 469/593/383
f 461/585/384 477/601/384 462/586/384
f 470/594/385 484/608/385 485/609/385
f 463/587/386 477/601/386 478/602/386
f 456/580/387 260/372/387 471/595/387
f 486/629/388 470/594/388 485/609/388
f 463/587/389 479/603/389 464/588/389
f 456/580/390 472/596/390 457/581/390
f 465/589/391 479/603/391 480/604/391
f 458/582/392 472/596/392 473/597/392
f 465/589/393 481/605/393 466/590/393
f 459/583/394 473/597/394 474/598/394
f 467/591/395 481/605/395 482/606/395
f 459/583/396 475/599/396 460/584/396
f 467/591/397 483/607/397 468/592/397
f 461/585/398 475/599/398 476/600/398
f 472/596/399 489/644/399 473/597/399
f 480/604/400 497/652/400 481/605/400
f 473/597/401 490/645/401 474/598/401
f 482/606/402 497/652/402 498/653/402
f 474/598/403 491/646/403 475/599/403
f 483/607/404 498/653/404 499/654/404
f 476/600/405 491/646/405 492/647/405
f 484/608/406 499/654/406 500/655/406
f 476/600/407 493/648/407 477/601/407
f 484/608/408 501/656/408 485/609/408
f 478/602/409 493/648/409 494/649/409
f 471/595/410 260/373/410 487/642/410
f 486/630/411 485/609/411 501/656/411
f 478/602/412 495/650/412 479/603/412
f 472/596/413 487/642/413 488/643/413
f 480/604/414 495/650/414 496/651/414
f 492/647/415 508/663/415 493/648/415
f 500/655/416 516/671/416 501/656/416
f 494/649/417 508/663/417 509/664/417
f 487/642/418 260/374/418 502/657/418
f 486/631/419 501/656/419 516/671/419
f 494/649/420 510/665/420 495/650/420
f 488/643/421 502/657/421 503/658/421
f 496/651/422 510/665/422 511/666/422
f 489/644/423 503/658/423 504/659/423
f 497/652/424 511/666/424 512/667/424
f 490/645/425 504/659/425 505/660/425
f 498/653/426 512/667/426 513/668/426
f 490/645/427 506/661/427 491/646/427
f 498/653/428 514/669/428 499/654/428
f 491/646/429 507/662/429 492/647/429
f 499/654/430 515/670/430 500/655/430
f 511/666/431 527/682/431 512/667/431
f 504/659/432 520/675/432 505/660/432
f 513/668/433 527/682/433 528/683/433
f 505/660/434 521/676/434 506/661/434
f 514/669/435 528/683/435 529/684/435
f 507/662/436 521/676/436 522/677/436
f 515/670/437 529/684/437 530/685/437
f 508/663/438 522/677/438 523/678/438
f 516/671/439 530/685/439 531/686/439
f 509/664/440 523/678/440 524/679/440
f 502/657/441 260/375/441 517/672/441
f 486/632/442 516/671/442 531/686/442
f 509/664/443 525/680/443 510/665/443
f 502/657/444 518/673/444 503/658/444
f 510/665/445 526/681/445 511/666/445
f 503/658/446 519/674/446 504/659/446
f 530/685/447 546/715/447 531/686/447
f 523/678/448 539/701/448 524/679/448
f 517/672/449 260/376/449 532/687/449
f 486/633/450 531/686/450 546/715/450
f 525/680/451 539/701/451 540/703/451
f 518/673/452 532/687/452 533/689/452
f 525/680/453 541/705/453 526/681/453
f 519/674/454 533/689/454 534/691/454
f 526/681/455 542/707/455 527/682/455
f 520/675/456 534/691/456 535/693/456
f 527/682/457 543/709/457 528/683/457
f 521/676/458 535/693/458 536/695/458
f 528/683/459 544/711/459 529/684/459
f 522/677/460 536/695/460 537/697/460
f 529/684/461 545/713/461 530/685/461
f 523/678/462 537/697/462 538/699/462
f 534/692/463 550/720/463 535/694/463
f 543/710/464 557/727/464 558/728/464
f 535/694/465 551/721/465 536/696/465
f 544/712/466 558/728/466 559/729/466
f 536/696/467 552/722/467 537/698/467
f 545/714/468 559/729/468 560/730/468
f 538/700/469 552/722/469 553/723/469
f 546/716/470 560/730/470 561/731/470
f 539/702/471 553/723/471 554/724/471
f 532/688/472 260/377/472 547/717/472
f 486/634/473 546/716/473 561/731/473
f 539/702/474 555/725/474 540/704/474
f 532/688/475 548/718/475 533/690/475
f 540/704/476 556/726/476 541/706/476
f 533/690/477 549/719/477 534/692/477
f 542/708/478 556/726/478 557/727/478
f 553/723/479 569/739/479 554/724/479
f 547/717/480 260/378/480 562/732/480
f 486/635/481 561/731/481 576/746/481
f 555/725/482 569/739/482 570/740/482
f 548/718/483 562/732/483 563/733/483
f 555/725/484 571/741/484 556/726/484
f 549/719/485 563/733/485 564/734/485
f 557/727/486 571/741/486 572/742/486
f 550/720/487 564/734/487 565/735/487
f 557/727/488 573/743/488 558/728/488
f 551/721/489 565/735/489 566/736/489
f 558/728/490 574/744/490 559/729/490
f 551/721/491 567/737/491 552/722/491
f 559/729/492 575/745/492 560/730/492
f 553/723/493 567/737/493 568/738/493
f 560/730/494 576/746/494 561/731/494
f 572/742/495 588/758/495 573/743/495
f 566/736/496 580/750/496 581/751/496
f 574/744/497 588/758/497 589/759/497
f 567/737/498 581/751/498 582/752/498
f 575/745/499 589/759/499 590/760/499
f 567/737/500 583/753/500 568/738/500
f 576/746/501 590/760/501 591/761/501
f 568/738/502 584/754/502 569/739/502
f 562/732/503 260/379/503 577/747/503
f 486/636/504 576/746/504 591/761/504
f 570/740/505 584/754/505 585/755/505
f 562/732/506 578/748/506 563/733/506
f 571/741/507 585/755/507 586/756/507
f 563/733/508 579/749/508 564/734/508
f 571/741/509 587/757/509 572/742/509
f 564/734/510 580/750/510 565/735/510
f 486/637/511 591/761/511 606/776/511
f 585/755/512 599/769/512 600/770/512
f 577/747/513 593/763/513 578/748/513
f 585/755/514 601/771/514 586/756/514
f 579/749/515 593/763/515 594/764/515
f 586/756/516 602/772/516 587/757/516
f 579/749/517 595/765/517 580/750/517
f 588/758/518 602/772/518 603/773/518
f 580/750/519 596/766/519 581/751/519
f 589/759/520 603/773/520 604/774/520
f 582/752/521 596/766/521 597/767/521
f 589/759/522 605/775/522 590/760/522
f 583/753/523 597/767/523 598/768/523
f 591/761/524 605/775/524 606/776/524
f 583/753/525 599/769/525 584/754/525
f 577/747/526 260/380/526 592/762/526
f 603/773/527 619/789/527 604/774/527
f 596/766/528 612/782/528 597/767/528
f 605/775/529 619/789/529 620/790/529
f 598/768/530 612/782/530 613/783/530
f 605/775/531 621/791/531 606/776/531
f 598/768/532 614/784/532 599/769/532
f 592/762/533 260/381/533 607/777/533
f 486/638/534 606/776/534 621/791/534
f 600/770/535 614/784/535 615/785/535
f 593/763/536 607/777/536 608/778/536
f 600/770/537 616/786/537 601/771/537
f 593/763/538 609/779/538 594/764/538
f 602/772/539 616/786/539 617/787/539
f 595/765/540 609/779/540 610/780/540
f 602/772/541 618/788/541 603/773/541
f 596/766/542 610/780/542 611/781/542
f 608/778/543 622/792/543 623/793/543
f 615/785/544 631/801/544 616/786/544
f 609/779/545 623/793/545 624/794/545
f 617/787/546 631/801/546 632/802/546
f 609/779/547 625/795/547 610/780/547
f 617/787/548 633/803/548 618/788/548
f 611/781/549 625/795/549 626/796/549
f 619/789/550 633/803/550 634/804/550
f 611/781/551 627/797/551 612/782/551
f 619/789/552 635/805/552 620/790/552
f 613/783/553 627/797/553 628/798/553
f 620/790/554 636/806/554 621/791/554
f 613/783/555 629/799/555 614/784/555
f 607/777/556 260/382/556 622/792/556
f 486/639/557 621/791/557 636/806/557
f 615/785/558 629/799/558 630/800/558
f 626/796/559 642/812/559 627/797/559
f 634/804/560 650/820/560 635/805/560
f 628/798/561 642/812/561 643/813/561
f 635/805/562 651/821/562 636/806/562
f 628/798/563 644/814/563 629/799/563
f 622/792/564 260/383/564 637/807/564
f 486/640/565 636/806/565 651/821/565
f 630/800/566 644/814/566 645/815/566
f 623/793/567 637/807/567 638/808/567
f 630/800/568 646/816/568 631/801/568
f 624/794/569 638/808/569 639/809/569
f 632/802/570 646/816/570 647/817/570
f 625/795/571 639/809/571 640/810/571
f 633/803/572 647/817/572 648/818/572
f 625/795/573 641/811/573 626/796/573
f 633/803/574 649/819/574 634/804/574
f 645/815/575 656/826/575 646/816/575
f 638/808/576 179/272/576 639/809/576
f 646/816/577 184/277/577 647/817/577
f 640/810/578 179/272/578 654/824/578
f 647/817/579 657/827/579 648/818/579
f 641/811/580 654/824/580 180/273/580
f 648/818/581 658/828/581 649/819/581
f 642/812/582 180/273/582 655/825/582
f 650/820/583 658/828/583 659/829/583
f 643/813/584 655/825/584 181/274/584
f 651/821/585 659/829/585 660/830/585
f 643/813/586 182/275/586 644/814/586
f 637/807/587 260/384/587 652/822/587
f 486/641/588 651/821/588 660/830/588
f 645/815/589 182/275/589 183/276/589
f 637/807/590 653/823/590 638/808/590
f 1134/1381/79 668/838/79 1135/1382/79
f 1138/1385/80 675/845/80 676/846/80
f 661/831/81 668/838/81 669/839/81
f 666/836/591 676/846/591 677/847/591
f 661/831/592 670/840/592 1136/1383/592
f 666/836/593 678/848/593 1139/1386/593
f 662/832/85 670/840/85 671/841/85
f 1140/1387/594 678/848/594 679/849/594
f 662/832/87 672/842/87 1137/1384/87
f 1140/1387/88 680/850/88 1141/1388/88
f 1137/1384/89 673/843/89 663/833/89
f 1142/1389/595 680/850/595 681/851/595
f 663/833/91 674/844/91 664/834/91
f 1134/1381/92 742/912/92 667/837/92
f 968/1169/596 1142/1389/596 681/851/596
f 665/835/94 674/844/94 675/845/94
f 667/837/95 742/913/95 682/852/95
f 968/1170/597 681/851/597 696/866/597
f 675/845/598 689/859/598 690/860/598
f 668/838/599 682/852/599 683/853/599
f 675/845/99 691/861/99 676/846/99
f 669/839/600 683/853/600 684/854/600
f 677/847/601 691/861/601 692/862/601
f 669/839/602 685/855/602 670/840/602
f 678/848/603 692/862/603 693/863/603
f 670/840/104 686/856/104 671/841/104
f 679/849/105 693/863/105 694/864/105
f 671/841/604 687/857/604 672/842/604
f 679/849/107 695/865/107 680/850/107
f 673/843/108 687/857/108 688/858/108
f 680/850/605 696/866/605 681/851/605
f 673/843/110 689/859/110 674/844/110
f 685/855/111 701/871/111 686/856/111
f 694/864/112 708/878/112 709/879/112
f 687/857/113 701/871/113 702/872/113
f 695/865/606 709/879/606 710/880/606
f 688/858/607 702/872/607 703/873/607
f 695/865/608 711/881/608 696/866/608
f 688/858/117 704/874/117 689/859/117
f 682/852/118 742/914/118 697/867/118
f 968/1171/609 696/866/609 711/881/609
f 690/860/120 704/874/120 705/875/120
f 683/853/610 697/867/610 698/868/610
f 690/860/611 706/876/611 691/861/611
f 683/853/123 699/869/123 684/854/123
f 691/861/612 707/877/612 692/862/612
f 684/854/125 700/870/125 685/855/125
f 693/863/613 707/877/613 708/878/613
f 704/874/127 720/890/127 705/875/127
f 697/867/128 713/883/128 698/868/128
f 706/876/129 720/890/129 721/891/129
f 698/868/614 714/884/614 699/869/614
f 706/876/131 722/892/131 707/877/131
f 699/869/615 715/885/615 700/870/615
f 708/878/616 722/892/616 723/893/616
f 700/870/617 716/886/617 701/871/617
f 709/879/135 723/893/135 724/894/135
f 702/872/618 716/886/618 717/887/618
f 710/880/137 724/894/137 725/895/137
f 702/872/138 718/888/138 703/873/138
f 711/881/619 725/895/619 726/896/619
f 704/874/140 718/888/140 719/889/140
f 697/867/620 742/915/620 712/882/620
f 968/1172/142 711/881/142 726/896/142
f 724/894/621 738/908/621 739/909/621
f 717/887/144 731/901/144 732/902/144
f 725/895/145 739/909/145 740/910/145
f 717/887/622 733/903/622 718/888/622
f 726/896/623 740/910/623 741/911/623
f 719/889/624 733/903/624 734/904/624
f 712/882/625 742/916/625 727/897/625
f 968/1173/150 726/896/150 741/911/150
f 719/889/626 735/905/626 720/890/626
f 712/882/627 728/898/627 713/883/627
f 721/891/628 735/905/628 736/906/628
f 713/883/629 729/899/629 714/884/629
f 721/891/630 737/907/630 722/892/630
f 714/884/631 730/900/631 715/885/631
f 722/892/157 738/908/157 723/893/157
f 716/886/632 730/900/632 731/901/632
f 727/897/633 744/945/633 728/898/633
f 736/906/634 751/952/634 752/953/634
f 729/899/161 744/945/161 745/946/161
f 737/907/635 752/953/635 753/954/635
f 730/900/163 745/946/163 746/947/163
f 737/907/636 754/955/636 738/908/636
f 731/901/165 746/947/165 747/948/165
f 738/908/637 755/956/637 739/909/637
f 731/901/638 748/949/638 732/902/638
f 739/909/639 756/957/639 740/910/639
f 732/902/640 749/950/640 733/903/640
f 741/911/641 756/957/641 757/958/641
f 734/904/171 749/950/171 750/951/171
f 727/897/172 742/917/172 743/944/172
f 968/1174/173 741/911/173 757/958/173
f 734/904/174 751/952/174 735/905/174
f 747/948/642 763/964/642 748/949/642
f 755/956/643 771/972/643 756/957/643
f 749/950/644 763/964/644 764/965/644
f 756/957/178 772/973/178 757/958/178
f 750/951/179 764/965/179 765/966/179
f 743/944/645 742/918/645 758/959/645
f 968/1175/181 757/958/181 772/973/181
f 750/951/182 766/967/182 751/952/182
f 744/945/646 758/959/646 759/960/646
f 751/952/184 767/968/184 752/953/184
f 745/946/185 759/960/185 760/961/185
f 753/954/186 767/968/186 768/969/186
f 745/946/647 761/962/647 746/947/647
f 754/955/648 768/969/648 769/970/648
f 746/947/649 762/963/649 747/948/649
f 755/956/650 769/970/650 770/971/650
f 766/967/651 782/983/651 767/968/651
f 759/960/192 775/976/192 760/961/192
f 768/969/652 782/983/652 783/984/652
f 761/962/194 775/976/194 776/977/194
f 769/970/195 783/984/195 784/985/195
f 761/962/653 777/978/653 762/963/653
f 769/970/197 785/986/197 770/971/197
f 762/963/654 778/979/654 763/964/654
f 771/972/199 785/986/199 786/987/199
f 764/965/200 778/979/200 779/980/200
f 772/973/655 786/987/655 787/988/655
f 764/965/656 780/981/656 765/966/656
f 758/959/203 742/919/203 773/974/203
f 968/1176/204 772/973/204 787/988/204
f 766/967/205 780/981/205 781/982/205
f 758/959/657 774/975/657 759/960/657
f 785/986/207 801/1002/207 786/987/207
f 778/979/208 794/995/208 779/980/208
f 786/987/658 802/1003/658 787/988/658
f 780/981/659 794/995/659 795/996/659
f 773/974/211 742/920/211 788/989/211
f 968/1177/212 787/988/212 802/1003/212
f 780/981/213 796/997/213 781/982/213
f 774/975/660 788/989/660 789/990/660
f 782/983/661 796/997/661 797/998/661
f 775/976/216 789/990/216 790/991/216
f 782/983/662 798/999/662 783/984/662
f 775/976/218 791/992/218 776/977/218
f 783/984/219 799/1000/219 784/985/219
f 777/978/663 791/992/663 792/993/663
f 785/986/221 799/1000/221 800/1001/221
f 778/979/664 792/993/664 793/994/664
f 797/998/223 813/1014/223 798/999/223
f 791/992/665 805/1006/665 806/1007/665
f 798/999/666 814/1015/666 799/1000/666
f 792/993/667 806/1007/667 807/1008/667
f 799/1000/668 815/1016/668 800/1001/668
f 793/994/669 807/1008/669 808/1009/669
f 801/1002/670 815/1016/670 816/1017/670
f 794/995/671 808/1009/671 809/1010/671
f 802/1003/231 816/1017/231 817/1018/231
f 794/995/232 810/1011/232 795/996/232
f 788/989/672 742/921/672 803/1004/672
f 968/1178/234 802/1003/234 817/1018/234
f 796/997/235 810/1011/235 811/1012/235
f 788/989/673 804/1005/673 789/990/673
f 796/997/674 812/1013/674 797/998/674
f 789/990/238 805/1006/238 790/991/238
f 816/1017/675 832/1033/675 817/1018/675
f 810/1011/240 824/1025/240 825/1026/240
f 803/1004/241 742/922/241 818/1019/241
f 968/1179/242 817/1018/242 832/1033/242
f 810/1011/676 826/1027/676 811/1012/676
f 804/1005/677 818/1019/677 819/1020/677
f 811/1012/678 827/1028/678 812/1013/678
f 804/1005/246 820/1021/246 805/1006/246
f 812/1013/679 828/1029/679 813/1014/679
f 805/1006/248 821/1022/248 806/1007/248
f 814/1015/680 828/1029/680 829/1030/680
f 806/1007/250 822/1023/250 807/1008/250
f 815/1016/681 829/1030/681 830/1031/681
f 808/1009/682 822/1023/682 823/1024/682
f 816/1017/683 830/1031/683 831/1032/683
f 809/1010/684 823/1024/684 824/1025/684
f 821/1022/685 835/1036/685 836/1037/685
f 829/1030/256 843/1044/256 844/1045/256
f 821/1022/686 837/1038/686 822/1023/686
f 829/1030/687 845/1046/687 830/1031/687
f 822/1023/259 838/1039/259 823/1024/259
f 830/1031/260 846/1047/260 831/1032/260
f 824/1025/688 838/1039/688 839/1040/688
f 831/1032/689 847/1048/689 832/1033/689
f 825/1026/690 839/1040/690 840/1041/690
f 818/1019/691 742/923/691 833/1034/691
f 968/1180/265 832/1033/265 847/1048/265
f 825/1026/692 841/1042/692 826/1027/692
f 819/1020/693 833/1034/693 834/1035/693
f 826/1027/694 842/1043/694 827/1028/694
f 820/1021/695 834/1035/695 835/1036/695
f 828/1029/696 842/1043/696 843/1044/696
f 839/1040/271 855/1056/271 840/1041/271
f 833/1034/697 742/924/697 848/1049/697
f 968/1181/273 847/1048/273 862/1063/273
f 841/1042/274 855/1056/274 856/1057/274
f 834/1035/275 848/1049/275 849/1050/275
f 841/1042/276 857/1058/276 842/1043/276
f 835/1036/698 849/1050/698 850/1051/698
f 843/1044/278 857/1058/278 858/1059/278
f 836/1037/699 850/1051/699 851/1052/699
f 843/1044/700 859/1060/700 844/1045/700
f 837/1038/701 851/1052/701 852/1053/701
f 844/1045/282 860/1061/282 845/1046/282
f 837/1038/702 853/1054/702 838/1039/702
f 845/1046/284 861/1062/284 846/1047/284
f 839/1040/285 853/1054/285 854/1055/285
f 846/1047/703 862/1063/703 847/1048/703
f 858/1059/704 874/1075/704 859/1060/704
f 852/1053/288 866/1067/288 867/1068/288
f 859/1060/289 875/1076/289 860/1061/289
f 852/1053/290 868/1069/290 853/1054/290
f 860/1061/705 876/1077/705 861/1062/705
f 853/1054/706 869/1070/706 854/1055/706
f 862/1063/707 876/1077/707 877/1078/707
f 855/1056/294 869/1070/294 870/1071/294
f 848/1049/295 742/925/295 863/1064/295
f 968/1182/708 862/1063/708 877/1078/708
f 855/1056/297 871/1072/297 856/1057/297
f 848/1049/709 864/1065/709 849/1050/709
f 857/1058/710 871/1072/710 872/1073/710
f 850/1051/300 864/1065/300 865/1066/300
f 858/1059/711 872/1073/711 873/1074/711
f 851/1052/302 865/1066/302 866/1067/302
f 863/1064/303 742/926/303 878/1079/303
f 968/1183/712 877/1078/712 892/1093/712
f 870/1071/305 886/1087/305 871/1072/305
f 863/1064/713 879/1080/713 864/1065/713
f 872/1073/307 886/1087/307 887/1088/307
f 864/1065/714 880/1081/714 865/1066/714
f 872/1073/715 888/1089/715 873/1074/715
f 866/1067/716 880/1081/716 881/1082/716
f 873/1074/717 889/1090/717 874/1075/717
f 867/1068/312 881/1082/312 882/1083/312
f 874/1075/313 890/1091/313 875/1076/313
f 868/1069/718 882/1083/718 883/1084/718
f 876/1077/315 890/1091/315 891/1092/315
f 868/1069/316 884/1085/316 869/1070/316
f 877/1078/719 891/1092/719 892/1093/719
f 870/1071/318 884/1085/318 885/1086/318
f 881/1082/319 897/1098/319 882/1083/319
f 889/1090/720 905/1106/720 890/1091/720
f 883/1084/321 897/1098/321 898/1099/321
f 891/1092/322 905/1106/322 906/1107/322
f 884/1085/323 898/1099/323 899/1100/323
f 891/1092/721 907/1108/721 892/1093/721
f 885/1086/325 899/1100/325 900/1101/325
f 878/1079/326 742/927/326 893/1094/326
f 968/1184/722 892/1093/722 907/1108/722
f 885/1086/328 901/1102/328 886/1087/328
f 879/1080/329 893/1094/329 894/1095/329
f 886/1087/330 902/1103/330 887/1088/330
f 879/1080/331 895/1096/331 880/1081/331
f 887/1088/723 903/1104/723 888/1089/723
f 881/1082/333 895/1096/333 896/1097/333
f 889/1090/724 903/1104/724 904/1105/724
f 901/1102/335 915/1116/335 916/1117/335
f 894/1095/336 908/1109/336 909/1110/336
f 901/1102/337 917/1118/337 902/1103/337
f 894/1095/725 910/1111/725 895/1096/725
f 903/1104/339 917/1118/339 918/1119/339
f 895/1096/340 911/1112/340 896/1097/340
f 903/1104/341 919/1120/341 904/1105/341
f 897/1098/726 911/1112/726 912/1113/726
f 905/1106/343 919/1120/343 920/1121/343
f 897/1098/344 913/1114/344 898/1099/344
f 906/1107/727 920/1121/727 921/1122/727
f 899/1100/346 913/1114/346 914/1115/346
f 906/1107/728 922/1123/728 907/1108/728
f 899/1100/348 915/1116/348 900/1101/348
f 893/1094/729 742/928/729 908/1109/729
f 968/1185/350 907/1108/350 922/1123/350
f 920/1121/730 934/1135/730 935/1136/730
f 913/1114/731 927/1128/731 928/1129/731
f 921/1122/732 935/1136/732 936/1137/732
f 914/1115/354 928/1129/354 929/1130/354
f 922/1123/733 936/1137/733 937/1138/733
f 914/1115/356 930/1131/356 915/1116/356
f 908/1109/734 742/929/734 923/1124/734
f 968/1186/735 922/1123/735 937/1138/735
f 916/1117/736 930/1131/736 931/1132/736
f 908/1109/737 924/1125/737 909/1110/737
f 916/1117/361 932/1133/361 917/1118/361
f 909/1110/738 925/1126/738 910/1111/738
f 917/1118/363 933/1134/363 918/1119/363
f 910/1111/364 926/1127/364 911/1112/364
f 918/1119/739 934/1135/739 919/1120/739
f 912/1113/740 926/1127/740 927/1128/740
f 932/1133/367 946/1147/367 947/1148/367
f 924/1125/368 940/1141/368 925/1126/368
f 933/1134/369 947/1148/369 948/1149/369
f 925/1126/370 941/1142/370 926/1127/370
f 934/1135/371 948/1149/371 949/1150/371
f 926/1127/372 942/1143/372 927/1128/372
f 935/1136/741 949/1150/741 950/1151/741
f 927/1128/374 943/1144/374 928/1129/374
f 936/1137/375 950/1151/375 951/1152/375
f 928/1129/376 944/1145/376 929/1130/376
f 937/1138/742 951/1152/742 952/1153/742
f 929/1130/378 945/1146/378 930/1131/378
f 923/1124/743 742/930/743 938/1139/743
f 968/1187/744 937/1138/744 952/1153/744
f 931/1132/381 945/1146/381 946/1147/381
f 923/1124/382 939/1140/382 924/1125/382
f 951/1152/383 965/1166/383 966/1167/383
f 944/1145/745 958/1159/745 959/1160/745
f 952/1153/746 966/1167/746 967/1168/746
f 944/1145/747 960/1161/747 945/1146/747
f 938/1139/387 742/931/387 953/1154/387
f 968/1188/388 952/1153/388 967/1168/388
f 946/1147/748 960/1161/748 961/1162/748
f 938/1139/749 954/1155/749 939/1140/749
f 946/1147/391 962/1163/391 947/1148/391
f 939/1140/750 955/1156/750 940/1141/750
f 947/1148/393 963/1164/393 948/1149/393
f 941/1142/751 955/1156/751 956/1157/751
f 948/1149/752 964/1165/752 949/1150/752
f 942/1143/753 956/1157/753 957/1158/753
f 949/1150/754 965/1166/754 950/1151/754
f 943/1144/755 957/1158/755 958/1159/755
f 954/1155/399 971/1203/399 955/1156/399
f 963/1164/756 978/1210/756 979/1211/756
f 956/1157/401 971/1203/401 972/1204/401
f 964/1165/757 979/1211/757 980/1212/757
f 956/1157/403 973/1205/403 957/1158/403
f 964/1165/758 981/1213/758 965/1166/758
f 957/1158/759 974/1206/759 958/1159/759
f 966/1167/760 981/1213/760 982/1214/760
f 959/1160/761 974/1206/761 975/1207/761
f 966/1167/762 983/1215/762 967/1168/762
f 959/1160/763 976/1208/763 960/1161/763
f 953/1154/764 742/932/764 969/1201/764
f 968/1189/411 967/1168/411 983/1215/411
f 961/1162/412 976/1208/412 977/1209/412
f 954/1155/765 969/1201/765 970/1202/765
f 961/1162/766 978/1210/766 962/1163/766
f 974/1206/767 990/1222/767 975/1207/767
f 982/1214/416 998/1230/416 983/1215/416
f 976/1208/768 990/1222/768 991/1223/768
f 969/1201/418 742/933/418 984/1216/418
f 968/1190/419 983/1215/419 998/1230/419
f 976/1208/420 992/1224/420 977/1209/420
f 970/1202/421 984/1216/421 985/1217/421
f 978/1210/422 992/1224/422 993/1225/422
f 970/1202/423 986/1218/423 971/1203/423
f 979/1211/769 993/1225/769 994/1226/769
f 972/1204/425 986/1218/425 987/1219/425
f 980/1212/770 994/1226/770 995/1227/770
f 972/1204/771 988/1220/771 973/1205/771
f 980/1212/428 996/1228/428 981/1213/428
f 973/1205/772 989/1221/772 974/1206/772
f 982/1214/773 996/1228/773 997/1229/773
f 994/1226/431 1008/1240/431 1009/1241/431
f 987/1219/774 1001/1233/774 1002/1234/774
f 994/1226/775 1010/1242/775 995/1227/775
f 988/1220/776 1002/1234/776 1003/1235/776
f 995/1227/777 1011/1243/777 996/1228/777
f 988/1220/778 1004/1236/778 989/1221/778
f 997/1229/779 1011/1243/779 1012/1244/779
f 990/1222/780 1004/1236/780 1005/1237/780
f 998/1230/781 1012/1244/781 1013/1245/781
f 991/1223/440 1005/1237/440 1006/1238/440
f 984/1216/441 742/934/441 999/1231/441
f 968/1191/782 998/1230/782 1013/1245/782
f 991/1223/783 1007/1239/783 992/1224/783
f 984/1216/784 1000/1232/784 985/1217/784
f 992/1224/445 1008/1240/445 993/1225/445
f 985/1217/446 1001/1233/446 986/1218/446
f 1012/1244/447 1028/1274/447 1013/1245/447
f 1005/1237/785 1021/1260/785 1006/1238/785
f 999/1231/786 742/935/786 1014/1246/786
f 968/1192/787 1013/1245/787 1028/1274/787
f 1007/1239/788 1021/1260/788 1022/1262/788
f 1000/1232/789 1014/1246/789 1015/1248/789
f 1007/1239/790 1023/1264/790 1008/1240/790
f 1000/1232/791 1016/1250/791 1001/1233/791
f 1008/1240/792 1024/1266/792 1009/1241/792
f 1001/1233/456 1017/1252/456 1002/1234/456
f 1010/1242/457 1024/1266/457 1025/1268/457
f 1002/1234/793 1018/1254/793 1003/1235/793
f 1011/1243/794 1025/1268/794 1026/1270/794
f 1004/1236/795 1018/1254/795 1019/1256/795
f 1012/1244/796 1026/1270/796 1027/1272/796
f 1005/1237/797 1019/1256/797 1020/1258/797
f 1017/1253/463 1031/1278/463 1032/1279/463
f 1024/1267/464 1040/1287/464 1025/1269/464
f 1018/1255/798 1032/1279/798 1033/1280/798
f 1025/1269/799 1041/1288/799 1026/1271/799
f 1018/1255/800 1034/1281/800 1019/1257/800
f 1026/1271/801 1042/1289/801 1027/1273/801
f 1019/1257/802 1035/1282/802 1020/1259/802
f 1028/1275/470 1042/1289/470 1043/1290/470
f 1021/1261/803 1035/1282/803 1036/1283/803
f 1014/1247/804 742/936/804 1029/1276/804
f 968/1193/805 1028/1275/805 1043/1290/805
f 1021/1261/806 1037/1284/806 1022/1263/806
f 1014/1247/807 1030/1277/807 1015/1249/807
f 1023/1265/476 1037/1284/476 1038/1285/476
f 1016/1251/808 1030/1277/808 1031/1278/808
f 1024/1267/809 1038/1285/809 1039/1286/809
f 1035/1282/479 1051/1298/479 1036/1283/479
f 1029/1276/480 742/937/480 1044/1291/480
f 968/1194/810 1043/1290/810 1058/1305/810
f 1037/1284/811 1051/1298/811 1052/1299/811
f 1030/1277/812 1044/1291/812 1045/1292/812
f 1037/1284/484 1053/1300/484 1038/1285/484
f 1031/1278/485 1045/1292/485 1046/1293/485
f 1038/1285/486 1054/1301/486 1039/1286/486
f 1031/1278/813 1047/1294/813 1032/1279/813
f 1040/1287/814 1054/1301/814 1055/1302/814
f 1032/1279/815 1048/1295/815 1033/1280/815
f 1041/1288/816 1055/1302/816 1056/1303/816
f 1034/1281/817 1048/1295/817 1049/1296/817
f 1041/1288/818 1057/1304/818 1042/1289/818
f 1035/1282/819 1049/1296/819 1050/1297/819
f 1042/1289/820 1058/1305/820 1043/1290/820
f 1054/1301/821 1070/1317/821 1055/1302/821
f 1048/1295/496 1062/1309/496 1063/1310/496
f 1056/1303/497 1070/1317/497 1071/1318/497
f 1049/1296/822 1063/1310/822 1064/1311/822
f 1056/1303/823 1072/1319/823 1057/1304/823
f 1050/1297/824 1064/1311/824 1065/1312/824
f 1058/1305/501 1072/1319/501 1073/1320/501
f 1050/1297/825 1066/1313/825 1051/1298/825
f 1044/1291/503 742/938/503 1059/1306/503
f 968/1195/504 1058/1305/504 1073/1320/504
f 1052/1299/505 1066/1313/505 1067/1314/505
f 1044/1291/506 1060/1307/506 1045/1292/506
f 1052/1299/826 1068/1315/826 1053/1300/826
f 1046/1293/508 1060/1307/508 1061/1308/508
f 1053/1300/827 1069/1316/827 1054/1301/827
f 1046/1293/510 1062/1309/510 1047/1294/510
f 968/1196/511 1073/1320/511 1088/1335/511
f 1066/1313/828 1082/1329/828 1067/1314/828
f 1059/1306/829 1075/1322/829 1060/1307/829
f 1068/1315/830 1082/1329/830 1083/1330/830
f 1061/1308/515 1075/1322/515 1076/1323/515
f 1068/1315/831 1084/1331/831 1069/1316/831
f 1061/1308/832 1077/1324/832 1062/1309/832
f 1069/1316/518 1085/1332/518 1070/1317/518
f 1063/1310/833 1077/1324/833 1078/1325/833
f 1071/1318/520 1085/1332/520 1086/1333/520
f 1064/1311/521 1078/1325/521 1079/1326/521
f 1071/1318/834 1087/1334/834 1072/1319/834
f 1064/1311/523 1080/1327/523 1065/1312/523
f 1073/1320/835 1087/1334/835 1088/1335/835
f 1066/1313/836 1080/1327/836 1081/1328/836
f 1059/1306/837 742/939/837 1074/1321/837
f 1086/1333/838 1100/1347/838 1101/1348/838
f 1078/1325/839 1094/1341/839 1079/1326/839
f 1086/1333/529 1102/1349/529 1087/1334/529
f 1079/1326/530 1095/1342/530 1080/1327/530
f 1087/1334/840 1103/1350/840 1088/1335/840
f 1081/1328/532 1095/1342/532 1096/1343/532
f 1074/1321/533 742/940/533 1089/1336/533
f 968/1197/534 1088/1335/534 1103/1350/534
f 1081/1328/535 1097/1344/535 1082/1329/535
f 1075/1322/536 1089/1336/536 1090/1337/536
f 1083/1330/537 1097/1344/537 1098/1345/537
f 1076/1323/538 1090/1337/538 1091/1338/538
f 1084/1331/539 1098/1345/539 1099/1346/539
f 1076/1323/841 1092/1339/841 1077/1324/841
f 1085/1332/541 1099/1346/541 1100/1347/541
f 1077/1324/842 1093/1340/842 1078/1325/842
f 1090/1337/543 1104/1351/543 1105/1352/543
f 1097/1344/544 1113/1360/544 1098/1345/544
f 1091/1338/545 1105/1352/545 1106/1353/545
f 1098/1345/546 1114/1361/546 1099/1346/546
f 1092/1339/547 1106/1353/547 1107/1354/547
f 1099/1346/548 1115/1362/548 1100/1347/548
f 1093/1340/549 1107/1354/549 1108/1355/549
f 1100/1347/843 1116/1363/843 1101/1348/843
f 1094/1341/551 1108/1355/551 1109/1356/551
f 1101/1348/552 1117/1364/552 1102/1349/552
f 1095/1342/553 1109/1356/553 1110/1357/553
f 1102/1349/844 1118/1365/844 1103/1350/844
f 1096/1343/555 1110/1357/555 1111/1358/555
f 1089/1336/845 742/941/845 1104/1351/845
f 968/1198/846 1103/1350/846 1118/1365/846
f 1096/1343/558 1112/1359/558 1097/1344/558
f 1108/1355/847 1124/1371/847 1109/1356/847
f 1116/1363/848 1132/1379/848 1117/1364/848
f 1110/1357/561 1124/1371/561 1125/1372/561
f 1117/1364/849 1133/1380/849 1118/1365/849
f 1110/1357/563 1126/1373/563 1111/1358/563
f 1104/1351/850 742/942/850 1119/1366/850
f 968/1199/851 1118/1365/851 1133/1380/851
f 1112/1359/566 1126/1373/566 1127/1374/566
f 1105/1352/852 1119/1366/852 1120/1367/852
f 1112/1359/853 1128/1375/853 1113/1360/853
f 1106/1353/854 1120/1367/854 1121/1368/854
f 1114/1361/570 1128/1375/570 1129/1376/570
f 1107/1354/571 1121/1368/571 1122/1369/571
f 1115/1362/855 1129/1376/855 1130/1377/855
f 1107/1354/856 1123/1370/856 1108/1355/856
f 1115/1362/857 1131/1378/857 1116/1363/857
f 1127/1374/575 1138/1385/575 1128/1375/575
f 1121/1368/858 1135/1382/858 661/831/858
f 1128/1375/577 666/836/577 1129/1376/577
f 1122/1369/578 661/831/578 1136/1383/578
f 1129/1376/859 1139/1386/859 1130/1377/859
f 1123/1370/580 1136/1383/580 662/832/580
f 1130/1377/581 1140/1387/581 1131/1378/581
f 1124/1371/582 662/832/582 1137/1384/582
f 1131/1378/860 1141/1388/860 1132/1379/860
f 1125/1372/584 1137/1384/584 663/833/584
f 1133/1380/861 1141/1388/861 1142/1389/861
f 1125/1372/586 664/834/586 1126/1373/586
f 1119/1366/862 742/943/862 1134/1381/862
f 968/1200/588 1133/1380/588 1142/1389/588
f 1127/1374/589 664/834/589 665/835/589
f 1119/1366/590 1135/1382/590 1120/1367/590
f 1616/1940/863 1150/1397/863 1617/1941/863
f 1620/1944/80 1157/1404/80 1158/1405/80
f 1143/1390/864 1150/1397/864 1151/1398/864
f 1148/1395/82 1158/1405/82 1159/1406/82
f 1143/1390/592 1152/1399/592 1618/1942/592
f 1148/1395/593 1160/1407/593 1621/1945/593
f 1144/1391/85 1152/1399/85 1153/1400/85
f 1622/1946/594 1160/1407/594 1161/1408/594
f 1144/1391/87 1154/1401/87 1619/1943/87
f 1622/1946/865 1162/1409/865 1623/1947/865
f 1619/1943/89 1155/1402/89 1145/1392/89
f 1624/1948/866 1162/1409/866 1163/1410/866
f 1145/1392/91 1156/1403/91 1146/1393/91
f 1616/1940/92 1224/1471/92 1149/1396/92
f 1450/1728/867 1624/1948/867 1163/1410/867
f 1147/1394/94 1156/1403/94 1157/1404/94
f 1149/1396/868 1224/1472/868 1164/1411/868
f 1450/1729/869 1163/1410/869 1178/1425/869
f 1157/1404/598 1171/1418/598 1172/1419/598
f 1150/1397/870 1164/1411/870 1165/1412/870
f 1157/1404/99 1173/1420/99 1158/1405/99
f 1151/1398/100 1165/1412/100 1166/1413/100
f 1159/1406/601 1173/1420/601 1174/1421/601
f 1151/1398/871 1167/1414/871 1152/1399/871
f 1160/1407/603 1174/1421/603 1175/1422/603
f 1152/1399/872 1168/1415/872 1153/1400/872
f 1161/1408/873 1175/1422/873 1176/1423/873
f 1153/1400/604 1169/1416/604 1154/1401/604
f 1161/1408/874 1177/1424/874 1162/1409/874
f 1155/1402/108 1169/1416/108 1170/1417/108
f 1162/1409/875 1178/1425/875 1163/1410/875
f 1155/1402/876 1171/1418/876 1156/1403/876
f 1167/1414/111 1183/1430/111 1168/1415/111
f 1176/1423/112 1190/1437/112 1191/1438/112
f 1169/1416/877 1183/1430/877 1184/1431/877
f 1177/1424/878 1191/1438/878 1192/1439/878
f 1170/1417/607 1184/1431/607 1185/1432/607
f 1177/1424/879 1193/1440/879 1178/1425/879
f 1170/1417/117 1186/1433/117 1171/1418/117
f 1164/1411/118 1224/1473/118 1179/1426/118
f 1450/1730/880 1178/1425/880 1193/1440/880
f 1172/1419/120 1186/1433/120 1187/1434/120
f 1165/1412/610 1179/1426/610 1180/1427/610
f 1172/1419/122 1188/1435/122 1173/1420/122
f 1165/1412/123 1181/1428/123 1166/1413/123
f 1173/1420/612 1189/1436/612 1174/1421/612
f 1166/1413/125 1182/1429/125 1167/1414/125
f 1175/1422/613 1189/1436/613 1190/1437/613
f 1186/1433/127 1202/1449/127 1187/1434/127
f 1179/1426/128 1195/1442/128 1180/1427/128
f 1188/1435/881 1202/1449/881 1203/1450/881
f 1180/1427/882 1196/1443/882 1181/1428/882
f 1188/1435/883 1204/1451/883 1189/1436/883
f 1181/1428/615 1197/1444/615 1182/1429/615
f 1190/1437/884 1204/1451/884 1205/1452/884
f 1182/1429/617 1198/1445/617 1183/1430/617
f 1191/1438/135 1205/1452/135 1206/1453/135
f 1184/1431/885 1198/1445/885 1199/1446/885
f 1192/1439/137 1206/1453/137 1207/1454/137
f 1184/1431/886 1200/1447/886 1185/1432/886
f 1193/1440/619 1207/1454/619 1208/1455/619
f 1186/1433/140 1200/1447/140 1201/1448/140
f 1179/1426/887 1224/1474/887 1194/1441/887
f 1450/1731/888 1193/1440/888 1208/1455/888
f 1206/1453/621 1220/1467/621 1221/1468/621
f 1199/1446/144 1213/1460/144 1214/1461/144
f 1207/1454/145 1221/1468/145 1222/1469/145
f 1199/1446/889 1215/1462/889 1200/1447/889
f 1208/1455/890 1222/1469/890 1223/1470/890
f 1201/1448/624 1215/1462/624 1216/1463/624
f 1194/1441/891 1224/1475/891 1209/1456/891
f 1450/1732/892 1208/1455/892 1223/1470/892
f 1201/1448/626 1217/1464/626 1202/1449/626
f 1194/1441/627 1210/1457/627 1195/1442/627
f 1203/1450/628 1217/1464/628 1218/1465/628
f 1195/1442/629 1211/1458/629 1196/1443/629
f 1203/1450/630 1219/1466/630 1204/1451/630
f 1196/1443/631 1212/1459/631 1197/1444/631
f 1204/1451/893 1220/1467/893 1205/1452/893
f 1198/1445/632 1212/1459/632 1213/1460/632
f 1209/1456/633 1226/1504/633 1210/1457/633
f 1218/1465/894 1233/1511/894 1234/1512/894
f 1211/1458/895 1226/1504/895 1227/1505/895
f 1219/1466/635 1234/1512/635 1235/1513/635
f 1212/1459/163 1227/1505/163 1228/1506/163
f 1219/1466/636 1236/1514/636 1220/1467/636
f 1213/1460/165 1228/1506/165 1229/1507/165
f 1220/1467/637 1237/1515/637 1221/1468/637
f 1213/1460/638 1230/1508/638 1214/1461/638
f 1221/1468/639 1238/1516/639 1222/1469/639
f 1214/1461/640 1231/1509/640 1215/1462/640
f 1223/1470/641 1238/1516/641 1239/1517/641
f 1216/1463/171 1231/1509/171 1232/1510/171
f 1209/1456/896 1224/1476/896 1225/1503/896
f 1450/1733/173 1223/1470/173 1239/1517/173
f 1216/1463/174 1233/1511/174 1217/1464/174
f 1229/1507/642 1245/1523/642 1230/1508/642
f 1237/1515/176 1253/1531/176 1238/1516/176
f 1231/1509/644 1245/1523/644 1246/1524/644
f 1238/1516/178 1254/1532/178 1239/1517/178
f 1232/1510/179 1246/1524/179 1247/1525/179
f 1225/1503/897 1224/1477/897 1240/1518/897
f 1450/1734/181 1239/1517/181 1254/1532/181
f 1232/1510/898 1248/1526/898 1233/1511/898
f 1226/1504/646 1240/1518/646 1241/1519/646
f 1233/1511/184 1249/1527/184 1234/1512/184
f 1227/1505/185 1241/1519/185 1242/1520/185
f 1235/1513/186 1249/1527/186 1250/1528/186
f 1227/1505/647 1243/1521/647 1228/1506/647
f 1236/1514/899 1250/1528/899 1251/1529/899
f 1228/1506/649 1244/1522/649 1229/1507/649
f 1237/1515/650 1251/1529/650 1252/1530/650
f 1248/1526/651 1264/1542/651 1249/1527/651
f 1241/1519/192 1257/1535/192 1242/1520/192
f 1250/1528/900 1264/1542/900 1265/1543/900
f 1243/1521/194 1257/1535/194 1258/1536/194
f 1251/1529/901 1265/1543/901 1266/1544/901
f 1243/1521/902 1259/1537/902 1244/1522/902
f 1251/1529/903 1267/1545/903 1252/1530/903
f 1244/1522/654 1260/1538/654 1245/1523/654
f 1253/1531/904 1267/1545/904 1268/1546/904
f 1246/1524/200 1260/1538/200 1261/1539/200
f 1254/1532/655 1268/1546/655 1269/1547/655
f 1246/1524/656 1262/1540/656 1247/1525/656
f 1240/1518/203 1224/1478/203 1255/1533/203
f 1450/1735/204 1254/1532/204 1269/1547/204
f 1248/1526/205 1262/1540/205 1263/1541/205
f 1240/1518/657 1256/1534/657 1241/1519/657
f 1267/1545/905 1283/1561/905 1268/1546/905
f 1260/1538/208 1276/1554/208 1261/1539/208
f 1268/1546/658 1284/1562/658 1269/1547/658
f 1262/1540/659 1276/1554/659 1277/1555/659
f 1255/1533/211 1224/1479/211 1270/1548/211
f 1450/1736/212 1269/1547/212 1284/1562/212
f 1262/1540/213 1278/1556/213 1263/1541/213
f 1256/1534/660 1270/1548/660 1271/1549/660
f 1264/1542/661 1278/1556/661 1279/1557/661
f 1257/1535/216 1271/1549/216 1272/1550/216
f 1264/1542/906 1280/1558/906 1265/1543/906
f 1257/1535/218 1273/1551/218 1258/1536/218
f 1265/1543/907 1281/1559/907 1266/1544/907
f 1259/1537/663 1273/1551/663 1274/1552/663
f 1267/1545/908 1281/1559/908 1282/1560/908
f 1260/1538/664 1274/1552/664 1275/1553/664
f 1279/1557/223 1295/1573/223 1280/1558/223
f 1273/1551/665 1287/1565/665 1288/1566/665
f 1280/1558/909 1296/1574/909 1281/1559/909
f 1274/1552/667 1288/1566/667 1289/1567/667
f 1281/1559/668 1297/1575/668 1282/1560/668
f 1275/1553/669 1289/1567/669 1290/1568/669
f 1283/1561/229 1297/1575/229 1298/1576/229
f 1276/1554/671 1290/1568/671 1291/1569/671
f 1284/1562/231 1298/1576/231 1299/1577/231
f 1276/1554/232 1292/1570/232 1277/1555/232
f 1270/1548/910 1224/1480/910 1285/1563/910
f 1450/1737/234 1284/1562/234 1299/1577/234
f 1278/1556/911 1292/1570/911 1293/1571/911
f 1270/1548/673 1286/1564/673 1271/1549/673
f 1278/1556/912 1294/1572/912 1279/1557/912
f 1271/1549/238 1287/1565/238 1272/1550/238
f 1298/1576/675 1314/1592/675 1299/1577/675
f 1292/1570/240 1306/1584/240 1307/1585/240
f 1285/1563/913 1224/1481/913 1300/1578/913
f 1450/1738/242 1299/1577/242 1314/1592/242
f 1292/1570/243 1308/1586/243 1293/1571/243
f 1286/1564/677 1300/1578/677 1301/1579/677
f 1293/1571/914 1309/1587/914 1294/1572/914
f 1286/1564/915 1302/1580/915 1287/1565/915
f 1294/1572/679 1310/1588/679 1295/1573/679
f 1287/1565/248 1303/1581/248 1288/1566/248
f 1296/1574/680 1310/1588/680 1311/1589/680
f 1288/1566/250 1304/1582/250 1289/1567/250
f 1297/1575/681 1311/1589/681 1312/1590/681
f 1290/1568/682 1304/1582/682 1305/1583/682
f 1298/1576/683 1312/1590/683 1313/1591/683
f 1291/1569/684 1305/1583/684 1306/1584/684
f 1303/1581/685 1317/1595/685 1318/1596/685
f 1311/1589/916 1325/1603/916 1326/1604/916
f 1303/1581/917 1319/1597/917 1304/1582/917
f 1311/1589/687 1327/1605/687 1312/1590/687
f 1304/1582/259 1320/1598/259 1305/1583/259
f 1312/1590/260 1328/1606/260 1313/1591/260
f 1306/1584/918 1320/1598/918 1321/1599/918
f 1313/1591/919 1329/1607/919 1314/1592/919
f 1307/1585/690 1321/1599/690 1322/1600/690
f 1300/1578/920 1224/1482/920 1315/1593/920
f 1450/1739/921 1314/1592/921 1329/1607/921
f 1307/1585/922 1323/1601/922 1308/1586/922
f 1301/1579/693 1315/1593/693 1316/1594/693
f 1308/1586/694 1324/1602/694 1309/1587/694
f 1302/1580/695 1316/1594/695 1317/1595/695
f 1310/1588/696 1324/1602/696 1325/1603/696
f 1321/1599/271 1337/1615/271 1322/1600/271
f 1315/1593/923 1224/1483/923 1330/1608/923
f 1450/1740/924 1329/1607/924 1344/1622/924
f 1323/1601/274 1337/1615/274 1338/1616/274
f 1316/1594/275 1330/1608/275 1331/1609/275
f 1323/1601/925 1339/1617/925 1324/1602/925
f 1317/1595/277 1331/1609/277 1332/1610/277
f 1325/1603/926 1339/1617/926 1340/1618/926
f 1318/1596/699 1332/1610/699 1333/1611/699
f 1325/1603/927 1341/1619/927 1326/1604/927
f 1319/1597/701 1333/1611/701 1334/1612/701
f 1326/1604/282 1342/1620/282 1327/1605/282
f 1319/1597/702 1335/1613/702 1320/1598/702
f 1327/1605/284 1343/1621/284 1328/1606/284
f 1321/1599/928 1335/1613/928 1336/1614/928
f 1328/1606/703 1344/1622/703 1329/1607/703
f 1340/1618/704 1356/1634/704 1341/1619/704
f 1334/1612/288 1348/1626/288 1349/1627/288
f 1341/1619/289 1357/1635/289 1342/1620/289
f 1334/1612/929 1350/1628/929 1335/1613/929
f 1342/1620/705 1358/1636/705 1343/1621/705
f 1335/1613/706 1351/1629/706 1336/1614/706
f 1344/1622/707 1358/1636/707 1359/1637/707
f 1337/1615/294 1351/1629/294 1352/1630/294
f 1330/1608/295 1224/1484/295 1345/1623/295
f 1450/1741/930 1344/1622/930 1359/1637/930
f 1337/1615/297 1353/1631/297 1338/1616/297
f 1330/1608/709 1346/1624/709 1331/1609/709
f 1339/1617/710 1353/1631/710 1354/1632/710
f 1332/1610/300 1346/1624/300 1347/1625/300
f 1340/1618/711 1354/1632/711 1355/1633/711
f 1333/1611/302 1347/1625/302 1348/1626/302
f 1345/1623/931 1224/1485/931 1360/1638/931
f 1450/1742/932 1359/1637/932 1374/1652/932
f 1352/1630/305 1368/1646/305 1353/1631/305
f 1345/1623/933 1361/1639/933 1346/1624/933
f 1354/1632/307 1368/1646/307 1369/1647/307
f 1346/1624/308 1362/1640/308 1347/1625/308
f 1354/1632/715 1370/1648/715 1355/1633/715
f 1348/1626/716 1362/1640/716 1363/1641/716
f 1355/1633/717 1371/1649/717 1356/1634/717
f 1349/1627/934 1363/1641/934 1364/1642/934
f 1356/1634/313 1372/1650/313 1357/1635/313
f 1350/1628/718 1364/1642/718 1365/1643/718
f 1358/1636/935 1372/1650/935 1373/1651/935
f 1350/1628/316 1366/1644/316 1351/1629/316
f 1359/1637/936 1373/1651/936 1374/1652/936
f 1352/1630/318 1366/1644/318 1367/1645/318
f 1363/1641/319 1379/1657/319 1364/1642/319
f 1371/1649/720 1387/1665/720 1372/1650/720
f 1365/1643/321 1379/1657/321 1380/1658/321
f 1373/1651/937 1387/1665/937 1388/1666/937
f 1366/1644/323 1380/1658/323 1381/1659/323
f 1373/1651/938 1389/1667/938 1374/1652/938
f 1367/1645/325 1381/1659/325 1382/1660/325
f 1360/1638/326 1224/1486/326 1375/1653/326
f 1450/1743/939 1374/1652/939 1389/1667/939
f 1367/1645/328 1383/1661/328 1368/1646/328
f 1361/1639/940 1375/1653/940 1376/1654/940
f 1368/1646/330 1384/1662/330 1369/1647/330
f 1361/1639/941 1377/1655/941 1362/1640/941
f 1369/1647/942 1385/1663/942 1370/1648/942
f 1363/1641/333 1377/1655/333 1378/1656/333
f 1371/1649/724 1385/1663/724 1386/1664/724
f 1383/1661/335 1397/1675/335 1398/1676/335
f 1376/1654/336 1390/1668/336 1391/1669/336
f 1383/1661/337 1399/1677/337 1384/1662/337
f 1376/1654/725 1392/1670/725 1377/1655/725
f 1385/1663/339 1399/1677/339 1400/1678/339
f 1377/1655/340 1393/1671/340 1378/1656/340
f 1385/1663/341 1401/1679/341 1386/1664/341
f 1379/1657/726 1393/1671/726 1394/1672/726
f 1387/1665/343 1401/1679/343 1402/1680/343
f 1379/1657/344 1395/1673/344 1380/1658/344
f 1388/1666/727 1402/1680/727 1403/1681/727
f 1381/1659/346 1395/1673/346 1396/1674/346
f 1388/1666/943 1404/1682/943 1389/1667/943
f 1381/1659/348 1397/1675/348 1382/1660/348
f 1375/1653/729 1224/1487/729 1390/1668/729
f 1450/1744/944 1389/1667/944 1404/1682/944
f 1402/1680/945 1416/1694/945 1417/1695/945
f 1395/1673/731 1409/1687/731 1410/1688/731
f 1403/1681/946 1417/1695/946 1418/1696/946
f 1396/1674/354 1410/1688/354 1411/1689/354
f 1404/1682/947 1418/1696/947 1419/1697/947
f 1396/1674/356 1412/1690/356 1397/1675/356
f 1390/1668/948 1224/1488/948 1405/1683/948
f 1450/1745/949 1404/1682/949 1419/1697/949
f 1398/1676/950 1412/1690/950 1413/1691/950
f 1390/1668/951 1406/1684/951 1391/1669/951
f 1398/1676/361 1414/1692/361 1399/1677/361
f 1391/1669/952 1407/1685/952 1392/1670/952
f 1399/1677/363 1415/1693/363 1400/1678/363
f 1392/1670/953 1408/1686/953 1393/1671/953
f 1400/1678/739 1416/1694/739 1401/1679/739
f 1394/1672/740 1408/1686/740 1409/1687/740
f 1414/1692/954 1428/1706/954 1429/1707/954
f 1406/1684/368 1422/1700/368 1407/1685/368
f 1415/1693/955 1429/1707/955 1430/1708/955
f 1407/1685/370 1423/1701/370 1408/1686/370
f 1416/1694/371 1430/1708/371 1431/1709/371
f 1408/1686/372 1424/1702/372 1409/1687/372
f 1417/1695/741 1431/1709/741 1432/1710/741
f 1409/1687/374 1425/1703/374 1410/1688/374
f 1418/1696/956 1432/1710/956 1433/1711/956
f 1410/1688/376 1426/1704/376 1411/1689/376
f 1419/1697/742 1433/1711/742 1434/1712/742
f 1411/1689/378 1427/1705/378 1412/1690/378
f 1405/1683/743 1224/1489/743 1420/1698/743
f 1450/1746/957 1419/1697/957 1434/1712/957
f 1413/1691/381 1427/1705/381 1428/1706/381
f 1405/1683/382 1421/1699/382 1406/1684/382
f 1433/1711/383 1447/1725/383 1448/1726/383
f 1426/1704/745 1440/1718/745 1441/1719/745
f 1434/1712/746 1448/1726/746 1449/1727/746
f 1426/1704/747 1442/1720/747 1427/1705/747
f 1420/1698/958 1224/1490/958 1435/1713/958
f 1450/1747/959 1434/1712/959 1449/1727/959
f 1428/1706/389 1442/1720/389 1443/1721/389
f 1420/1698/749 1436/1714/749 1421/1699/749
f 1428/1706/960 1444/1722/960 1429/1707/960
f 1421/1699/392 1437/1715/392 1422/1700/392
f 1429/1707/961 1445/1723/961 1430/1708/961
f 1423/1701/751 1437/1715/751 1438/1716/751
f 1430/1708/752 1446/1724/752 1431/1709/752
f 1424/1702/753 1438/1716/753 1439/1717/753
f 1431/1709/754 1447/1725/754 1432/1710/754
f 1425/1703/755 1439/1717/755 1440/1718/755
f 1436/1714/399 1453/1762/399 1437/1715/399
f 1445/1723/962 1460/1769/962 1461/1770/962
f 1438/1716/401 1453/1762/401 1454/1763/401
f 1446/1724/963 1461/1770/963 1462/1771/963
f 1438/1716/403 1455/1764/403 1439/1717/403
f 1446/1724/758 1463/1772/758 1447/1725/758
f 1439/1717/759 1456/1765/759 1440/1718/759
f 1448/1726/760 1463/1772/760 1464/1773/760
f 1441/1719/761 1456/1765/761 1457/1766/761
f 1448/1726/964 1465/1774/964 1449/1727/964
f 1441/1719/763 1458/1767/763 1442/1720/763
f 1435/1713/965 1224/1491/965 1451/1760/965
f 1450/1748/966 1449/1727/966 1465/1774/966
f 1443/1721/967 1458/1767/967 1459/1768/967
f 1436/1714/968 1451/1760/968 1452/1761/968
f 1443/1721/766 1460/1769/766 1444/1722/766
f 1456/1765/767 1472/1781/767 1457/1766/767
f 1464/1773/969 1480/1789/969 1465/1774/969
f 1458/1767/768 1472/1781/768 1473/1782/768
f 1451/1760/970 1224/1492/970 1466/1775/970
f 1450/1749/419 1465/1774/419 1480/1789/419
f 1458/1767/971 1474/1783/971 1459/1768/971
f 1452/1761/421 1466/1775/421 1467/1776/421
f 1460/1769/972 1474/1783/972 1475/1784/972
f 1452/1761/973 1468/1777/973 1453/1762/973
f 1461/1770/974 1475/1784/974 1476/1785/974
f 1454/1763/425 1468/1777/425 1469/1778/425
f 1462/1771/770 1476/1785/770 1477/1786/770
f 1454/1763/427 1470/1779/427 1455/1764/427
f 1462/1771/428 1478/1787/428 1463/1772/428
f 1455/1764/772 1471/1780/772 1456/1765/772
f 1464/1773/430 1478/1787/430 1479/1788/430
f 1476/1785/431 1490/1799/431 1491/1800/431
f 1469/1778/774 1483/1792/774 1484/1793/774
f 1476/1785/775 1492/1801/775 1477/1786/775
f 1470/1779/776 1484/1793/776 1485/1794/776
f 1477/1786/435 1493/1802/435 1478/1787/435
f 1470/1779/778 1486/1795/778 1471/1780/778
f 1479/1788/779 1493/1802/779 1494/1803/779
f 1472/1781/780 1486/1795/780 1487/1796/780
f 1480/1789/781 1494/1803/781 1495/1804/781
f 1473/1782/440 1487/1796/440 1488/1797/440
f 1466/1775/975 1224/1493/975 1481/1790/975
f 1450/1750/782 1480/1789/782 1495/1804/782
f 1473/1782/443 1489/1798/443 1474/1783/443
f 1466/1775/784 1482/1791/784 1467/1776/784
f 1474/1783/445 1490/1799/445 1475/1784/445
f 1467/1776/446 1483/1792/446 1468/1777/446
f 1494/1803/447 1510/1833/447 1495/1804/447
f 1487/1796/785 1503/1819/785 1488/1797/785
f 1481/1790/786 1224/1494/786 1496/1805/786
f 1450/1751/787 1495/1804/787 1510/1833/787
f 1489/1798/976 1503/1819/976 1504/1821/976
f 1482/1791/789 1496/1805/789 1497/1807/789
f 1489/1798/790 1505/1823/790 1490/1799/790
f 1482/1791/791 1498/1809/791 1483/1792/791
f 1490/1799/977 1506/1825/977 1491/1800/977
f 1483/1792/456 1499/1811/456 1484/1793/456
f 1492/1801/457 1506/1825/457 1507/1827/457
f 1484/1793/793 1500/1813/793 1485/1794/793
f 1493/1802/794 1507/1827/794 1508/1829/794
f 1486/1795/795 1500/1813/795 1501/1815/795
f 1494/1803/978 1508/1829/978 1509/1831/978
f 1487/1796/979 1501/1815/979 1502/1817/979
f 1499/1812/463 1513/1837/463 1514/1838/463
f 1506/1826/464 1522/1846/464 1507/1828/464
f 1500/1814/798 1514/1838/798 1515/1839/798
f 1507/1828/799 1523/1847/799 1508/1830/799
f 1500/1814/800 1516/1840/800 1501/1816/800
f 1508/1830/980 1524/1848/980 1509/1832/980
f 1501/1816/981 1517/1841/981 1502/1818/981
f 1510/1834/470 1524/1848/470 1525/1849/470
f 1503/1820/803 1517/1841/803 1518/1842/803
f 1496/1806/804 1224/1495/804 1511/1835/804
f 1450/1752/805 1510/1834/805 1525/1849/805
f 1503/1820/982 1519/1843/982 1504/1822/982
f 1496/1806/807 1512/1836/807 1497/1808/807
f 1505/1824/476 1519/1843/476 1520/1844/476
f 1498/1810/808 1512/1836/808 1513/1837/808
f 1506/1826/983 1520/1844/983 1521/1845/983
f 1517/1841/479 1533/1857/479 1518/1842/479
f 1511/1835/984 1224/1496/984 1526/1850/984
f 1450/1753/810 1525/1849/810 1540/1864/810
f 1519/1843/482 1533/1857/482 1534/1858/482
f 1512/1836/812 1526/1850/812 1527/1851/812
f 1519/1843/985 1535/1859/985 1520/1844/985
f 1513/1837/485 1527/1851/485 1528/1852/485
f 1520/1844/486 1536/1860/486 1521/1845/486
f 1513/1837/813 1529/1853/813 1514/1838/813
f 1522/1846/814 1536/1860/814 1537/1861/814
f 1514/1838/815 1530/1854/815 1515/1839/815
f 1523/1847/490 1537/1861/490 1538/1862/490
f 1516/1840/817 1530/1854/817 1531/1855/817
f 1523/1847/818 1539/1863/818 1524/1848/818
f 1517/1841/493 1531/1855/493 1532/1856/493
f 1524/1848/820 1540/1864/820 1525/1849/820
f 1536/1860/986 1552/1876/986 1537/1861/986
f 1530/1854/496 1544/1868/496 1545/1869/496
f 1538/1862/497 1552/1876/497 1553/1877/497
f 1531/1855/822 1545/1869/822 1546/1870/822
f 1538/1862/499 1554/1878/499 1539/1863/499
f 1532/1856/824 1546/1870/824 1547/1871/824
f 1540/1864/987 1554/1878/987 1555/1879/987
f 1532/1856/988 1548/1872/988 1533/1857/988
f 1526/1850/989 1224/1497/989 1541/1865/989
f 1450/1754/504 1540/1864/504 1555/1879/504
f 1534/1858/990 1548/1872/990 1549/1873/990
f 1526/1850/506 1542/1866/506 1527/1851/506
f 1534/1858/991 1550/1874/991 1535/1859/991
f 1528/1852/992 1542/1866/992 1543/1867/992
f 1535/1859/993 1551/1875/993 1536/1860/993
f 1528/1852/510 1544/1868/510 1529/1853/510
f 1450/1755/994 1555/1879/994 1570/1894/994
f 1548/1872/995 1564/1888/995 1549/1873/995
f 1541/1865/829 1557/1881/829 1542/1866/829
f 1550/1874/830 1564/1888/830 1565/1889/830
f 1543/1867/515 1557/1881/515 1558/1882/515
f 1550/1874/516 1566/1890/516 1551/1875/516
f 1543/1867/832 1559/1883/832 1544/1868/832
f 1551/1875/996 1567/1891/996 1552/1876/996
f 1545/1869/833 1559/1883/833 1560/1884/833
f 1553/1877/520 1567/1891/520 1568/1892/520
f 1546/1870/521 1560/1884/521 1561/1885/521
f 1553/1877/997 1569/1893/997 1554/1878/997
f 1546/1870/523 1562/1886/523 1547/1871/523
f 1555/1879/835 1569/1893/835 1570/1894/835
f 1548/1872/836 1562/1886/836 1563/1887/836
f 1541/1865/998 1224/1498/998 1556/1880/998
f 1568/1892/838 1582/1906/838 1583/1907/838
f 1560/1884/839 1576/1900/839 1561/1885/839
f 1568/1892/529 1584/1908/529 1569/1893/529
f 1561/1885/530 1577/1901/530 1562/1886/530
f 1569/1893/840 1585/1909/840 1570/1894/840
f 1563/1887/532 1577/1901/532 1578/1902/532
f 1556/1880/999 1224/1499/999 1571/1895/999
f 1450/1756/1000 1570/1894/1000 1585/1909/1000
f 1563/1887/535 1579/1903/535 1564/1888/535
f 1557/1881/536 1571/1895/536 1572/1896/536
f 1565/1889/1001 1579/1903/1001 1580/1904/1001
f 1558/1882/538 1572/1896/538 1573/1897/538
f 1566/1890/1002 1580/1904/1002 1581/1905/1002
f 1558/1882/841 1574/1898/841 1559/1883/841
f 1567/1891/541 1581/1905/541 1582/1906/541
f 1559/1883/842 1575/1899/842 1560/1884/842
f 1572/1896/1003 1586/1910/1003 1587/1911/1003
f 1579/1903/1004 1595/1919/1004 1580/1904/1004
f 1573/1897/1005 1587/1911/1005 1588/1912/1005
f 1580/1904/1006 1596/1920/1006 1581/1905/1006
f 1574/1898/547 1588/1912/547 1589/1913/547
f 1581/1905/548 1597/1921/548 1582/1906/548
f 1575/1899/549 1589/1913/549 1590/1914/549
f 1582/1906/843 1598/1922/843 1583/1907/843
f 1576/1900/551 1590/1914/551 1591/1915/551
f 1583/1907/1007 1599/1923/1007 1584/1908/1007
f 1577/1901/553 1591/1915/553 1592/1916/553
f 1584/1908/1008 1600/1924/1008 1585/1909/1008
f 1578/1902/555 1592/1916/555 1593/1917/555
f 1571/1895/845 1224/1500/845 1586/1910/845
f 1450/1757/1009 1585/1909/1009 1600/1924/1009
f 1578/1902/558 1594/1918/558 1579/1903/558
f 1590/1914/847 1606/1930/847 1591/1915/847
f 1598/1922/1010 1614/1938/1010 1599/1923/1010
f 1592/1916/561 1606/1930/561 1607/1931/561
f 1599/1923/1011 1615/1939/1011 1600/1924/1011
f 1592/1916/563 1608/1932/563 1593/1917/563
f 1586/1910/1012 1224/1501/1012 1601/1925/1012
f 1450/1758/1013 1600/1924/1013 1615/1939/1013
f 1594/1918/566 1608/1932/566 1609/1933/566
f 1587/1911/1014 1601/1925/1014 1602/1926/1014
f 1594/1918/853 1610/1934/853 1595/1919/853
f 1588/1912/1015 1602/1926/1015 1603/1927/1015
f 1596/1920/570 1610/1934/570 1611/1935/570
f 1589/1913/571 1603/1927/571 1604/1928/571
f 1597/1921/855 1611/1935/855 1612/1936/855
f 1589/1913/1016 1605/1929/1016 1590/1914/1016
f 1597/1921/857 1613/1937/857 1598/1922/857
f 1609/1933/575 1620/1944/575 1610/1934/575
f 1603/1927/1017 1617/1941/1017 1143/1390/1017
f 1610/1934/577 1148/1395/577 1611/1935/577
f 1604/1928/578 1143/1390/578 1618/1942/578
f 1611/1935/859 1621/1945/859 1612/1936/859
f 1605/1929/580 1618/1942/580 1144/1391/580
f 1612/1936/1018 1622/1946/1018 1613/1937/1018
f 1606/1930/582 1144/1391/582 1619/1943/582
f 1613/1937/860 1623/1947/860 1614/1938/860
f 1607/1931/584 1619/1943/584 1145/1392/584
f 1615/1939/1019 1623/1947/1019 1624/1948/1019
f 1607/1931/586 1146/1393/586 1608/1932/586
f 1601/1925/862 1224/1502/862 1616/1940/862
f 1450/1759/1020 1615/1939/1020 1624/1948/1020
f 1609/1933/1021 1146/1393/1021 1147/1394/1021
f 1601/1925/590 1617/1941/590 1602/1926/590
f 2099/2500/79 1631/1955/79 1632/1956/79
f 2102/2503/80 1639/1963/80 1640/1964/80
f 1625/1949/864 1632/1956/864 1633/1957/864
f 2102/2503/82 1641/1965/82 1630/1954/82
f 2100/2501/592 1633/1957/592 1634/1958/592
f 2103/2504/84 1641/1965/84 1642/1966/84
f 2100/2501/85 1635/1959/85 1626/1950/85
f 2103/2504/1022 1643/1967/1022 2104/2505/1022
f 2101/2502/87 1635/1959/87 1636/1960/87
f 2104/2505/865 1644/1968/865 2105/2506/865
f 2101/2502/89 1637/1961/89 1627/1951/89
f 2105/2506/1023 1645/1969/1023 2106/2507/1023
f 1627/1951/91 1638/1962/91 1628/1952/91
f 2098/2499/1024 1706/2030/1024 1631/1955/1024
f 1932/2287/1025 2106/2507/1025 1645/1969/1025
f 1629/1953/94 1638/1962/94 1639/1963/94
f 1631/1955/1026 1706/2031/1026 1646/1970/1026
f 1932/2288/1027 1645/1969/1027 1660/1984/1027
f 1639/1963/97 1653/1977/97 1654/1978/97
f 1632/1956/1028 1646/1970/1028 1647/1971/1028
f 1639/1963/99 1655/1979/99 1640/1964/99
f 1633/1957/100 1647/1971/100 1648/1972/100
f 1640/1964/101 1656/1980/101 1641/1965/101
f 1633/1957/102 1649/1973/102 1634/1958/102
f 1642/1966/103 1656/1980/103 1657/1981/103
f 1634/1958/104 1650/1974/104 1635/1959/104
f 1643/1967/873 1657/1981/873 1658/1982/873
f 1636/1960/604 1650/1974/604 1651/1975/604
f 1643/1967/107 1659/1983/107 1644/1968/107
f 1637/1961/108 1651/1975/108 1652/1976/108
f 1644/1968/109 1660/1984/109 1645/1969/109
f 1637/1961/110 1653/1977/110 1638/1962/110
f 1650/1974/111 1664/1988/111 1665/1989/111
f 1658/1982/112 1672/1996/112 1673/1997/112
f 1650/1974/877 1666/1990/877 1651/1975/877
f 1659/1983/114 1673/1997/114 1674/1998/114
f 1652/1976/607 1666/1990/607 1667/1991/607
f 1659/1983/1029 1675/1999/1029 1660/1984/1029
f 1652/1976/117 1668/1992/117 1653/1977/117
f 1646/1970/1030 1706/2032/1030 1661/1985/1030
f 1932/2289/1031 1660/1984/1031 1675/1999/1031
f 1654/1978/120 1668/1992/120 1669/1993/120
f 1647/1971/121 1661/1985/121 1662/1986/121
f 1654/1978/611 1670/1994/611 1655/1979/611
f 1647/1971/123 1663/1987/123 1648/1972/123
f 1656/1980/124 1670/1994/124 1671/1995/124
f 1648/1972/125 1664/1988/125 1649/1973/125
f 1656/1980/126 1672/1996/126 1657/1981/126
f 1669/1993/127 1683/2007/127 1684/2008/127
f 1661/1985/128 1677/2001/128 1662/1986/128
f 1669/1993/129 1685/2009/129 1670/1994/129
f 1662/1986/1032 1678/2002/1032 1663/1987/1032
f 1670/1994/883 1686/2010/883 1671/1995/883
f 1664/1988/132 1678/2002/132 1679/2003/132
f 1672/1996/616 1686/2010/616 1687/2011/616
f 1664/1988/134 1680/2004/134 1665/1989/134
f 1672/1996/135 1688/2012/135 1673/1997/135
f 1666/1990/136 1680/2004/136 1681/2005/136
f 1674/1998/137 1688/2012/137 1689/2013/137
f 1667/1991/886 1681/2005/886 1682/2006/886
f 1675/1999/139 1689/2013/139 1690/2014/139
f 1667/1991/140 1683/2007/140 1668/1992/140
f 1661/1985/887 1706/2033/887 1676/2000/887
f 1932/2290/888 1675/1999/888 1690/2014/888
f 1687/2011/143 1703/2027/143 1688/2012/143
f 1681/2005/144 1695/2019/144 1696/2020/144
f 1688/2012/145 1704/2028/145 1689/2013/145
f 1681/2005/889 1697/2021/889 1682/2006/889
f 1690/2014/1033 1704/2028/1033 1705/2029/1033
f 1683/2007/148 1697/2021/148 1698/2022/148
f 1676/2000/891 1706/2034/891 1691/2015/891
f 1932/2291/892 1690/2014/892 1705/2029/892
f 1683/2007/151 1699/2023/151 1684/2008/151
f 1676/2000/152 1692/2016/152 1677/2001/152
f 1685/2009/628 1699/2023/628 1700/2024/628
f 1678/2002/1034 1692/2016/1034 1693/2017/1034
f 1685/2009/155 1701/2025/155 1686/2010/155
f 1679/2003/631 1693/2017/631 1694/2018/631
f 1686/2010/893 1702/2026/893 1687/2011/893
f 1680/2004/158 1694/2018/158 1695/2019/158
f 1692/2016/159 1707/2062/159 1708/2063/159
f 1700/2024/634 1715/2070/634 1716/2071/634
f 1692/2016/161 1709/2064/161 1693/2017/161
f 1701/2025/1035 1716/2071/1035 1717/2072/1035
f 1694/2018/163 1709/2064/163 1710/2065/163
f 1701/2025/164 1718/2073/164 1702/2026/164
f 1695/2019/165 1710/2065/165 1711/2066/165
f 1702/2026/166 1719/2074/166 1703/2027/166
f 1695/2019/167 1712/2067/167 1696/2020/167
f 1704/2028/1036 1719/2074/1036 1720/2075/1036
f 1696/2020/1037 1713/2068/1037 1697/2021/1037
f 1704/2028/641 1721/2076/641 1705/2029/641
f 1698/2022/171 1713/2068/171 1714/2069/171
f 1691/2015/172 1706/2035/172 1707/2062/172
f 1932/2292/1038 1705/2029/1038 1721/2076/1038
f 1698/2022/174 1715/2070/174 1699/2023/174
f 1711/2066/175 1727/2082/175 1712/2067/175
f 1719/2074/176 1735/2090/176 1720/2075/176
f 1713/2068/177 1727/2082/177 1728/2083/177
f 1720/2075/178 1736/2091/178 1721/2076/178
f 1714/2069/179 1728/2083/179 1729/2084/179
f 1707/2062/897 1706/2036/897 1722/2077/897
f 1932/2293/181 1721/2076/181 1736/2091/181
f 1714/2069/1039 1730/2085/1039 1715/2070/1039
f 1708/2063/183 1722/2077/183 1723/2078/183
f 1715/2070/184 1731/2086/184 1716/2071/184
f 1709/2064/185 1723/2078/185 1724/2079/185
f 1717/2072/186 1731/2086/186 1732/2087/186
f 1710/2065/187 1724/2079/187 1725/2080/187
f 1718/2073/188 1732/2087/188 1733/2088/188
f 1710/2065/1040 1726/2081/1040 1711/2066/1040
f 1718/2073/1041 1734/2089/1041 1719/2074/1041
f 1730/2085/1042 1746/2101/1042 1731/2086/1042
f 1723/2078/192 1739/2094/192 1724/2079/192
f 1731/2086/193 1747/2102/193 1732/2087/193
f 1724/2079/194 1740/2095/194 1725/2080/194
f 1732/2087/195 1748/2103/195 1733/2088/195
f 1726/2081/196 1740/2095/196 1741/2096/196
f 1734/2089/197 1748/2103/197 1749/2104/197
f 1727/2082/198 1741/2096/198 1742/2097/198
f 1735/2090/904 1749/2104/904 1750/2105/904
f 1728/2083/1043 1742/2097/1043 1743/2098/1043
f 1736/2091/201 1750/2105/201 1751/2106/201
f 1728/2083/202 1744/2099/202 1729/2084/202
f 1722/2077/203 1706/2037/203 1737/2092/203
f 1932/2294/204 1736/2091/204 1751/2106/204
f 1730/2085/205 1744/2099/205 1745/2100/205
f 1722/2077/206 1738/2093/206 1723/2078/206
f 1749/2104/905 1765/2120/905 1750/2105/905
f 1742/2097/1044 1758/2113/1044 1743/2098/1044
f 1750/2105/209 1766/2121/209 1751/2106/209
f 1744/2099/210 1758/2113/210 1759/2114/210
f 1737/2092/211 1706/2038/211 1752/2107/211
f 1932/2295/212 1751/2106/212 1766/2121/212
f 1744/2099/213 1760/2115/213 1745/2100/213
f 1738/2093/214 1752/2107/214 1753/2108/214
f 1746/2101/1045 1760/2115/1045 1761/2116/1045
f 1739/2094/216 1753/2108/216 1754/2109/216
f 1747/2102/217 1761/2116/217 1762/2117/217
f 1740/2095/218 1754/2109/218 1755/2110/218
f 1748/2103/219 1762/2117/219 1763/2118/219
f 1740/2095/220 1756/2111/220 1741/2096/220
f 1748/2103/221 1764/2119/221 1749/2104/221
f 1741/2096/222 1757/2112/222 1742/2097/222
f 1761/2116/223 1777/2132/223 1762/2117/223
f 1754/2109/224 1770/2125/224 1755/2110/224
f 1762/2117/225 1778/2133/225 1763/2118/225
f 1756/2111/226 1770/2125/226 1771/2126/226
f 1764/2119/1046 1778/2133/1046 1779/2134/1046
f 1757/2112/228 1771/2126/228 1772/2127/228
f 1765/2120/229 1779/2134/229 1780/2135/229
f 1758/2113/1047 1772/2127/1047 1773/2128/1047
f 1766/2121/231 1780/2135/231 1781/2136/231
f 1758/2113/232 1774/2129/232 1759/2114/232
f 1752/2107/910 1706/2039/910 1767/2122/910
f 1932/2296/234 1766/2121/234 1781/2136/234
f 1760/2115/235 1774/2129/235 1775/2130/235
f 1752/2107/236 1768/2123/236 1753/2108/236
f 1760/2115/237 1776/2131/237 1761/2116/237
f 1753/2108/238 1769/2124/238 1754/2109/238
f 1781/2136/675 1795/2150/675 1796/2151/675
f 1773/2128/240 1789/2144/240 1774/2129/240
f 1767/2122/913 1706/2040/913 1782/2137/913
f 1932/2297/1048 1781/2136/1048 1796/2151/1048
f 1775/2130/243 1789/2144/243 1790/2145/243
f 1767/2122/244 1783/2138/244 1768/2123/244
f 1775/2130/245 1791/2146/245 1776/2131/245
f 1769/2124/246 1783/2138/246 1784/2139/246
f 1776/2131/1049 1792/2147/1049 1777/2132/1049
f 1769/2124/248 1785/2140/248 1770/2125/248
f 1778/2133/249 1792/2147/249 1793/2148/249
f 1770/2125/250 1786/2141/250 1771/2126/250
f 1779/2134/251 1793/2148/251 1794/2149/251
f 1772/2127/1050 1786/2141/1050 1787/2142/1050
f 1779/2134/1051 1795/2150/1051 1780/2135/1051
f 1773/2128/254 1787/2142/254 1788/2143/254
f 1784/2139/685 1800/2155/685 1785/2140/685
f 1793/2148/916 1807/2162/916 1808/2163/916
f 1785/2140/257 1801/2156/257 1786/2141/257
f 1794/2149/258 1808/2163/258 1809/2164/258
f 1786/2141/259 1802/2157/259 1787/2142/259
f 1795/2150/260 1809/2164/260 1810/2165/260
f 1788/2143/918 1802/2157/918 1803/2158/918
f 1795/2150/1052 1811/2166/1052 1796/2151/1052
f 1788/2143/263 1804/2159/263 1789/2144/263
f 1782/2137/920 1706/2041/920 1797/2152/920
f 1932/2298/921 1796/2151/921 1811/2166/921
f 1790/2145/266 1804/2159/266 1805/2160/266
f 1783/2138/267 1797/2152/267 1798/2153/267
f 1790/2145/694 1806/2161/694 1791/2146/694
f 1783/2138/1053 1799/2154/1053 1784/2139/1053
f 1792/2147/270 1806/2161/270 1807/2162/270
f 1804/2159/271 1818/2173/271 1819/2174/271
f 1797/2152/923 1706/2042/923 1812/2167/923
f 1932/2299/924 1811/2166/924 1826/2181/924
f 1804/2159/274 1820/2175/274 1805/2160/274
f 1798/2153/275 1812/2167/275 1813/2168/275
f 1806/2161/276 1820/2175/276 1821/2176/276
f 1799/2154/277 1813/2168/277 1814/2169/277
f 1807/2162/926 1821/2176/926 1822/2177/926
f 1799/2154/1054 1815/2170/1054 1800/2155/1054
f 1807/2162/700 1823/2178/700 1808/2163/700
f 1801/2156/281 1815/2170/281 1816/2171/281
f 1809/2164/282 1823/2178/282 1824/2179/282
f 1801/2156/283 1817/2172/283 1802/2157/283
f 1809/2164/284 1825/2180/284 1810/2165/284
f 1802/2157/285 1818/2173/285 1803/2158/285
f 1810/2165/286 1826/2181/286 1811/2166/286
f 1823/2178/287 1837/2192/287 1838/2193/287
f 1815/2170/288 1831/2186/288 1816/2171/288
f 1823/2178/289 1839/2194/289 1824/2179/289
f 1817/2172/929 1831/2186/929 1832/2187/929
f 1824/2179/291 1840/2195/291 1825/2180/291
f 1817/2172/706 1833/2188/706 1818/2173/706
f 1826/2181/293 1840/2195/293 1841/2196/293
f 1819/2174/294 1833/2188/294 1834/2189/294
f 1812/2167/1055 1706/2043/1055 1827/2182/1055
f 1932/2300/1056 1826/2181/1056 1841/2196/1056
f 1819/2174/297 1835/2190/297 1820/2175/297
f 1812/2167/298 1828/2183/298 1813/2168/298
f 1821/2176/710 1835/2190/710 1836/2191/710
f 1814/2169/300 1828/2183/300 1829/2184/300
f 1821/2176/301 1837/2192/301 1822/2177/301
f 1815/2170/302 1829/2184/302 1830/2185/302
f 1827/2182/1057 1706/2044/1057 1842/2197/1057
f 1932/2301/1058 1841/2196/1058 1856/2211/1058
f 1834/2189/305 1850/2205/305 1835/2190/305
f 1827/2182/1059 1843/2198/1059 1828/2183/1059
f 1836/2191/307 1850/2205/307 1851/2206/307
f 1828/2183/308 1844/2199/308 1829/2184/308
f 1837/2192/309 1851/2206/309 1852/2207/309
f 1830/2185/310 1844/2199/310 1845/2200/310
f 1837/2192/311 1853/2208/311 1838/2193/311
f 1831/2186/312 1845/2200/312 1846/2201/312
f 1838/2193/313 1854/2209/313 1839/2194/313
f 1831/2186/718 1847/2202/718 1832/2187/718
f 1840/2195/315 1854/2209/315 1855/2210/315
f 1832/2187/316 1848/2203/316 1833/2188/316
f 1841/2196/1060 1855/2210/1060 1856/2211/1060
f 1834/2189/318 1848/2203/318 1849/2204/318
f 1846/2201/319 1860/2215/319 1861/2216/319
f 1854/2209/720 1868/2223/720 1869/2224/720
f 1846/2201/321 1862/2217/321 1847/2202/321
f 1855/2210/937 1869/2224/937 1870/2225/937
f 1848/2203/323 1862/2217/323 1863/2218/323
f 1856/2211/1061 1870/2225/1061 1871/2226/1061
f 1849/2204/325 1863/2218/325 1864/2219/325
f 1842/2197/1062 1706/2045/1062 1857/2212/1062
f 1932/2302/1063 1856/2211/1063 1871/2226/1063
f 1849/2204/328 1865/2220/328 1850/2205/328
f 1842/2197/329 1858/2213/329 1843/2198/329
f 1850/2205/330 1866/2221/330 1851/2206/330
f 1843/2198/941 1859/2214/941 1844/2199/941
f 1852/2207/332 1866/2221/332 1867/2222/332
f 1844/2199/333 1860/2215/333 1845/2200/333
f 1852/2207/334 1868/2223/334 1853/2208/334
f 1864/2219/335 1880/2235/335 1865/2220/335
f 1858/2213/336 1872/2227/336 1873/2228/336
f 1866/2221/337 1880/2235/337 1881/2236/337
f 1859/2214/338 1873/2228/338 1874/2229/338
f 1867/2222/339 1881/2236/339 1882/2237/339
f 1859/2214/340 1875/2230/340 1860/2215/340
f 1867/2222/341 1883/2238/341 1868/2223/341
f 1861/2216/342 1875/2230/342 1876/2231/342
f 1869/2224/343 1883/2238/343 1884/2239/343
f 1861/2216/344 1877/2232/344 1862/2217/344
f 1869/2224/1064 1885/2240/1064 1870/2225/1064
f 1862/2217/346 1878/2233/346 1863/2218/346
f 1870/2225/1065 1886/2241/1065 1871/2226/1065
f 1864/2219/348 1878/2233/348 1879/2234/348
f 1857/2212/729 1706/2046/729 1872/2227/729
f 1932/2303/944 1871/2226/944 1886/2241/944
f 1884/2239/1066 1898/2253/1066 1899/2254/1066
f 1877/2232/731 1891/2246/731 1892/2247/731
f 1885/2240/1067 1899/2254/1067 1900/2255/1067
f 1877/2232/354 1893/2248/354 1878/2233/354
f 1886/2241/1068 1900/2255/1068 1901/2256/1068
f 1879/2234/356 1893/2248/356 1894/2249/356
f 1872/2227/1069 1706/2047/1069 1887/2242/1069
f 1932/2304/1070 1886/2241/1070 1901/2256/1070
f 1879/2234/359 1895/2250/359 1880/2235/359
f 1872/2227/1071 1888/2243/1071 1873/2228/1071
f 1881/2236/361 1895/2250/361 1896/2251/361
f 1873/2228/952 1889/2244/952 1874/2229/952
f 1881/2236/363 1897/2252/363 1882/2237/363
f 1874/2229/953 1890/2245/953 1875/2230/953
f 1882/2237/365 1898/2253/365 1883/2238/365
f 1876/2231/1072 1890/2245/1072 1891/2246/1072
f 1896/2251/1073 1910/2265/1073 1911/2266/1073
f 1888/2243/368 1904/2259/368 1889/2244/368
f 1896/2251/369 1912/2267/369 1897/2252/369
f 1890/2245/370 1904/2259/370 1905/2260/370
f 1898/2253/371 1912/2267/371 1913/2268/371
f 1890/2245/372 1906/2261/372 1891/2246/372
f 1898/2253/373 1914/2269/373 1899/2254/373
f 1892/2247/374 1906/2261/374 1907/2262/374
f 1900/2255/375 1914/2269/375 1915/2270/375
f 1892/2247/376 1908/2263/376 1893/2248/376
f 1901/2256/377 1915/2270/377 1916/2271/377
f 1894/2249/378 1908/2263/378 1909/2264/378
f 1887/2242/379 1706/2048/379 1902/2257/379
f 1932/2305/1074 1901/2256/1074 1916/2271/1074
f 1894/2249/381 1910/2265/381 1895/2250/381
f 1887/2242/382 1903/2258/382 1888/2243/382
f 1914/2269/1075 1930/2285/1075 1915/2270/1075
f 1907/2262/745 1923/2278/745 1908/2263/745
f 1916/2271/385 1930/2285/385 1931/2286/385
f 1909/2264/386 1923/2278/386 1924/2279/386
f 1902/2257/958 1706/2049/958 1917/2272/958
f 1932/2306/959 1916/2271/959 1931/2286/959
f 1909/2264/1076 1925/2280/1076 1910/2265/1076
f 1902/2257/749 1918/2273/749 1903/2258/749
f 1911/2266/1077 1925/2280/1077 1926/2281/1077
f 1904/2259/1078 1918/2273/1078 1919/2274/1078
f 1911/2266/393 1927/2282/393 1912/2267/393
f 1905/2260/394 1919/2274/394 1920/2275/394
f 1913/2268/395 1927/2282/395 1928/2283/395
f 1905/2260/396 1921/2276/396 1906/2261/396
f 1913/2268/397 1929/2284/397 1914/2269/397
f 1907/2262/398 1921/2276/398 1922/2277/398
f 1918/2273/399 1935/2321/399 1919/2274/399
f 1926/2281/400 1943/2329/400 1927/2282/400
f 1919/2274/401 1936/2322/401 1920/2275/401
f 1928/2283/1079 1943/2329/1079 1944/2330/1079
f 1920/2275/403 1937/2323/403 1921/2276/403
f 1929/2284/404 1944/2330/404 1945/2331/404
f 1922/2277/759 1937/2323/759 1938/2324/759
f 1930/2285/406 1945/2331/406 1946/2332/406
f 1922/2277/407 1939/2325/407 1923/2278/407
f 1930/2285/408 1947/2333/408 1931/2286/408
f 1924/2279/409 1939/2325/409 1940/2326/409
f 1917/2272/965 1706/2050/965 1933/2319/965
f 1932/2307/966 1931/2286/966 1947/2333/966
f 1924/2279/1080 1941/2327/1080 1925/2280/1080
f 1918/2273/413 1933/2319/413 1934/2320/413
f 1926/2281/414 1941/2327/414 1942/2328/414
f 1938/2324/415 1954/2340/415 1939/2325/415
f 1946/2332/969 1962/2348/969 1947/2333/969
f 1940/2326/417 1954/2340/417 1955/2341/417
f 1933/2319/970 1706/2051/970 1948/2334/970
f 1932/2308/419 1947/2333/419 1962/2348/419
f 1940/2326/420 1956/2342/420 1941/2327/420
f 1934/2320/421 1948/2334/421 1949/2335/421
f 1942/2328/422 1956/2342/422 1957/2343/422
f 1935/2321/423 1949/2335/423 1950/2336/423
f 1943/2329/974 1957/2343/974 1958/2344/974
f 1936/2322/425 1950/2336/425 1951/2337/425
f 1944/2330/426 1958/2344/426 1959/2345/426
f 1936/2322/1081 1952/2338/1081 1937/2323/1081
f 1944/2330/428 1960/2346/428 1945/2331/428
f 1937/2323/1082 1953/2339/1082 1938/2324/1082
f 1945/2331/430 1961/2347/430 1946/2332/430
f 1957/2343/431 1973/2359/431 1958/2344/431
f 1950/2336/432 1966/2352/432 1951/2337/432
f 1959/2345/1083 1973/2359/1083 1974/2360/1083
f 1951/2337/434 1967/2353/434 1952/2338/434
f 1960/2346/435 1974/2360/435 1975/2361/435
f 1953/2339/436 1967/2353/436 1968/2354/436
f 1961/2347/779 1975/2361/779 1976/2362/779
f 1954/2340/438 1968/2354/438 1969/2355/438
f 1962/2348/439 1976/2362/439 1977/2363/439
f 1955/2341/440 1969/2355/440 1970/2356/440
f 1948/2334/1084 1706/2052/1084 1963/2349/1084
f 1932/2309/442 1962/2348/442 1977/2363/442
f 1955/2341/443 1971/2357/443 1956/2342/443
f 1948/2334/444 1964/2350/444 1949/2335/444
f 1956/2342/445 1972/2358/445 1957/2343/445
f 1949/2335/1085 1965/2351/1085 1950/2336/1085
f 1976/2362/447 1992/2392/447 1977/2363/447
f 1969/2355/448 1985/2378/448 1970/2356/448
f 1963/2349/449 1706/2053/449 1978/2364/449
f 1932/2310/450 1977/2363/450 1992/2392/450
f 1971/2357/788 1985/2378/788 1986/2380/788
f 1964/2350/452 1978/2364/452 1979/2366/452
f 1971/2357/453 1987/2382/453 1972/2358/453
f 1965/2351/454 1979/2366/454 1980/2368/454
f 1972/2358/1086 1988/2384/1086 1973/2359/1086
f 1966/2352/456 1980/2368/456 1981/2370/456
f 1973/2359/457 1989/2386/457 1974/2360/457
f 1967/2353/458 1981/2370/458 1982/2372/458
f 1974/2360/459 1990/2388/459 1975/2361/459
f 1968/2354/460 1982/2372/460 1983/2374/460
f 1975/2361/978 1991/2390/978 1976/2362/978
f 1969/2355/462 1983/2374/462 1984/2376/462
f 1980/2369/463 1996/2397/463 1981/2371/463
f 1989/2387/464 2003/2404/464 2004/2405/464
f 1981/2371/465 1997/2398/465 1982/2373/465
f 1990/2389/466 2004/2405/466 2005/2406/466
f 1982/2373/467 1998/2399/467 1983/2375/467
f 1991/2391/980 2005/2406/980 2006/2407/980
f 1984/2377/469 1998/2399/469 1999/2400/469
f 1992/2393/470 2006/2407/470 2007/2408/470
f 1985/2379/471 1999/2400/471 2000/2401/471
f 1978/2365/472 1706/2054/472 1993/2394/472
f 1932/2311/473 1992/2393/473 2007/2408/473
f 1985/2379/806 2001/2402/806 1986/2381/806
f 1978/2365/475 1994/2395/475 1979/2367/475
f 1986/2381/476 2002/2403/476 1987/2383/476
f 1979/2367/477 1995/2396/477 1980/2369/477
f 1988/2385/1087 2002/2403/1087 2003/2404/1087
f 1999/2400/479 2015/2416/479 2000/2401/479
f 1993/2394/1088 1706/2055/1088 2008/2409/1088
f 1932/2312/481 2007/2408/481 2022/2423/481
f 2001/2402/482 2015/2416/482 2016/2417/482
f 1994/2395/483 2008/2409/483 2009/2410/483
f 2001/2402/484 2017/2418/484 2002/2403/484
f 1995/2396/1089 2009/2410/1089 2010/2411/1089
f 2003/2404/486 2017/2418/486 2018/2419/486
f 1996/2397/487 2010/2411/487 2011/2412/487
f 2003/2404/1090 2019/2420/1090 2004/2405/1090
f 1997/2398/489 2011/2412/489 2012/2413/489
f 2004/2405/490 2020/2421/490 2005/2406/490
f 1997/2398/491 2013/2414/491 1998/2399/491
f 2005/2406/818 2021/2422/818 2006/2407/818
f 1999/2400/493 2013/2414/493 2014/2415/493
f 2006/2407/494 2022/2423/494 2007/2408/494
f 2018/2419/821 2034/2435/821 2019/2420/821
f 2012/2413/1091 2026/2427/1091 2027/2428/1091
f 2020/2421/497 2034/2435/497 2035/2436/497
f 2013/2414/1092 2027/2428/1092 2028/2429/1092
f 2021/2422/499 2035/2436/499 2036/2437/499
f 2013/2414/1093 2029/2430/1093 2014/2415/1093
f 2022/2423/987 2036/2437/987 2037/2438/987
f 2014/2415/502 2030/2431/502 2015/2416/502
f 2008/2409/989 1706/2056/989 2023/2424/989
f 1932/2313/504 2022/2423/504 2037/2438/504
f 2016/2417/505 2030/2431/505 2031/2432/505
f 2008/2409/506 2024/2425/506 2009/2410/506
f 2017/2418/826 2031/2432/826 2032/2433/826
f 2009/2410/508 2025/2426/508 2010/2411/508
f 2017/2418/993 2033/2434/993 2018/2419/993
f 2010/2411/510 2026/2427/510 2011/2412/510
f 1932/2314/994 2037/2438/994 2052/2453/994
f 2031/2432/828 2045/2446/828 2046/2447/828
f 2023/2424/513 2039/2440/513 2024/2425/513
f 2031/2432/830 2047/2448/830 2032/2433/830
f 2025/2426/515 2039/2440/515 2040/2441/515
f 2032/2433/1094 2048/2449/1094 2033/2434/1094
f 2025/2426/1095 2041/2442/1095 2026/2427/1095
f 2034/2435/518 2048/2449/518 2049/2450/518
f 2026/2427/519 2042/2443/519 2027/2428/519
f 2035/2436/520 2049/2450/520 2050/2451/520
f 2028/2429/521 2042/2443/521 2043/2444/521
f 2035/2436/522 2051/2452/522 2036/2437/522
f 2029/2430/1096 2043/2444/1096 2044/2445/1096
f 2037/2438/524 2051/2452/524 2052/2453/524
f 2029/2430/525 2045/2446/525 2030/2431/525
f 2023/2424/998 1706/2057/998 2038/2439/998
f 2049/2450/527 2065/2466/527 2050/2451/527
f 2042/2443/528 2058/2459/528 2043/2444/528
f 2051/2452/1097 2065/2466/1097 2066/2467/1097
f 2044/2445/530 2058/2459/530 2059/2460/530
f 2051/2452/531 2067/2468/531 2052/2453/531
f 2044/2445/532 2060/2461/532 2045/2446/532
f 2038/2439/999 1706/2058/999 2053/2454/999
f 1932/2315/1000 2052/2453/1000 2067/2468/1000
f 2046/2447/1098 2060/2461/1098 2061/2462/1098
f 2039/2440/536 2053/2454/536 2054/2455/536
f 2046/2447/1099 2062/2463/1099 2047/2448/1099
f 2039/2440/1100 2055/2456/1100 2040/2441/1100
f 2048/2449/539 2062/2463/539 2063/2464/539
f 2041/2442/1101 2055/2456/1101 2056/2457/1101
f 2048/2449/1102 2064/2465/1102 2049/2450/1102
f 2042/2443/542 2056/2457/542 2057/2458/542
f 2054/2455/1003 2068/2469/1003 2069/2470/1003
f 2061/2462/1103 2077/2478/1103 2062/2463/1103
f 2055/2456/545 2069/2470/545 2070/2471/545
f 2063/2464/546 2077/2478/546 2078/2479/546
f 2055/2456/547 2071/2472/547 2056/2457/547
f 2063/2464/548 2079/2480/548 2064/2465/548
f 2057/2458/549 2071/2472/549 2072/2473/549
f 2065/2466/550 2079/2480/550 2080/2481/550
f 2057/2458/551 2073/2474/551 2058/2459/551
f 2065/2466/552 2081/2482/552 2066/2467/552
f 2059/2460/553 2073/2474/553 2074/2475/553
f 2066/2467/1104 2082/2483/1104 2067/2468/1104
f 2059/2460/555 2075/2476/555 2060/2461/555
f 2053/2454/556 1706/2059/556 2068/2469/556
f 1932/2316/1105 2067/2468/1105 2082/2483/1105
f 2061/2462/558 2075/2476/558 2076/2477/558
f 2072/2473/847 2088/2489/847 2073/2474/847
f 2080/2481/1106 2096/2497/1106 2081/2482/1106
f 2074/2475/561 2088/2489/561 2089/2490/561
f 2081/2482/1107 2097/2498/1107 2082/2483/1107
f 2074/2475/563 2090/2491/563 2075/2476/563
f 2068/2469/1108 1706/2060/1108 2083/2484/1108
f 1932/2317/1109 2082/2483/1109 2097/2498/1109
f 2076/2477/566 2090/2491/566 2091/2492/566
f 2069/2470/1110 2083/2484/1110 2084/2485/1110
f 2076/2477/853 2092/2493/853 2077/2478/853
f 2070/2471/1015 2084/2485/1015 2085/2486/1015
f 2078/2479/570 2092/2493/570 2093/2494/570
f 2071/2472/571 2085/2486/571 2086/2487/571
f 2079/2480/572 2093/2494/572 2094/2495/572
f 2071/2472/1111 2087/2488/1111 2072/2473/1111
f 2079/2480/574 2095/2496/574 2080/2481/574
f 2091/2492/575 2102/2503/575 2092/2493/575
f 2084/2485/576 1625/1949/576 2085/2486/576
f 2092/2493/577 1630/1954/577 2093/2494/577
f 2086/2487/578 1625/1949/578 2100/2501/578
f 2093/2494/579 2103/2504/579 2094/2495/579
f 2087/2488/580 2100/2501/580 1626/1950/580
f 2094/2495/1018 2104/2505/1018 2095/2496/1018
f 2088/2489/582 1626/1950/582 2101/2502/582
f 2096/2497/1112 2104/2505/1112 2105/2506/1112
f 2089/2490/584 2101/2502/584 1627/1951/584
f 2097/2498/1113 2105/2506/1113 2106/2507/1113
f 2089/2490/586 1628/1952/586 2090/2491/586
f 2083/2484/862 1706/2061/862 2098/2499/862
f 1932/2318/1020 2097/2498/1020 2106/2507/1020
f 2091/2492/1021 1628/1952/1021 1629/1953/1021
f 2083/2484/590 2099/2500/590 2084/2485/590
f 2581/3059/79 2113/2514/79 2114/2515/79
f 2584/3062/80 2121/2522/80 2122/2523/80
f 2581/3059/1114 2115/2516/1114 2107/2508/1114
f 2584/3062/591 2123/2524/591 2112/2513/591
f 2582/3060/83 2115/2516/83 2116/2517/83
f 2585/3063/84 2123/2524/84 2124/2525/84
f 2582/3060/85 2117/2518/85 2108/2509/85
f 2585/3063/1022 2125/2526/1022 2586/3064/1022
f 2583/3061/87 2117/2518/87 2118/2519/87
f 2586/3064/865 2126/2527/865 2587/3065/865
f 2583/3061/89 2119/2520/89 2109/2510/89
f 2587/3065/1115 2127/2528/1115 2588/3066/1115
f 2109/2510/91 2120/2521/91 2110/2511/91
f 2580/3058/1024 2188/2589/1024 2113/2514/1024
f 2414/2846/93 2588/3066/93 2127/2528/93
f 2111/2512/94 2120/2521/94 2121/2522/94
f 2113/2514/95 2188/2590/95 2128/2529/95
f 2414/2847/597 2127/2528/597 2142/2543/597
f 2121/2522/97 2135/2536/97 2136/2537/97
f 2113/2514/1028 2129/2530/1028 2114/2515/1028
f 2121/2522/99 2137/2538/99 2122/2523/99
f 2115/2516/100 2129/2530/100 2130/2531/100
f 2122/2523/101 2138/2539/101 2123/2524/101
f 2115/2516/102 2131/2532/102 2116/2517/102
f 2124/2525/603 2138/2539/603 2139/2540/603
f 2116/2517/1116 2132/2533/1116 2117/2518/1116
f 2125/2526/873 2139/2540/873 2140/2541/873
f 2118/2519/604 2132/2533/604 2133/2534/604
f 2125/2526/1117 2141/2542/1117 2126/2527/1117
f 2119/2520/108 2133/2534/108 2134/2535/108
f 2127/2528/1118 2141/2542/1118 2142/2543/1118
f 2119/2520/110 2135/2536/110 2120/2521/110
f 2132/2533/111 2146/2547/111 2147/2548/111
f 2140/2541/112 2154/2555/112 2155/2556/112
f 2132/2533/113 2148/2549/113 2133/2534/113
f 2141/2542/114 2155/2556/114 2156/2557/114
f 2134/2535/607 2148/2549/607 2149/2550/607
f 2141/2542/1029 2157/2558/1029 2142/2543/1029
f 2134/2535/117 2150/2551/117 2135/2536/117
f 2128/2529/1030 2188/2591/1030 2143/2544/1030
f 2414/2848/1119 2142/2543/1119 2157/2558/1119
f 2136/2537/120 2150/2551/120 2151/2552/120
f 2129/2530/121 2143/2544/121 2144/2545/121
f 2136/2537/122 2152/2553/122 2137/2538/122
f 2129/2530/123 2145/2546/123 2130/2531/123
f 2138/2539/1120 2152/2553/1120 2153/2554/1120
f 2130/2531/125 2146/2547/125 2131/2532/125
f 2138/2539/613 2154/2555/613 2139/2540/613
f 2151/2552/127 2165/2566/127 2166/2567/127
f 2143/2544/128 2159/2560/128 2144/2545/128
f 2151/2552/129 2167/2568/129 2152/2553/129
f 2144/2545/882 2160/2561/882 2145/2546/882
f 2153/2554/131 2167/2568/131 2168/2569/131
f 2146/2547/1121 2160/2561/1121 2161/2562/1121
f 2153/2554/133 2169/2570/133 2154/2555/133
f 2147/2548/617 2161/2562/617 2162/2563/617
f 2154/2555/135 2170/2571/135 2155/2556/135
f 2147/2548/1122 2163/2564/1122 2148/2549/1122
f 2156/2557/137 2170/2571/137 2171/2572/137
f 2149/2550/138 2163/2564/138 2164/2565/138
f 2157/2558/1123 2171/2572/1123 2172/2573/1123
f 2149/2550/140 2165/2566/140 2150/2551/140
f 2143/2544/887 2188/2592/887 2158/2559/887
f 2414/2849/888 2157/2558/888 2172/2573/888
f 2170/2571/143 2184/2585/143 2185/2586/143
f 2163/2564/144 2177/2578/144 2178/2579/144
f 2170/2571/145 2186/2587/145 2171/2572/145
f 2164/2565/146 2178/2579/146 2179/2580/146
f 2172/2573/1124 2186/2587/1124 2187/2588/1124
f 2164/2565/148 2180/2581/148 2165/2566/148
f 2158/2559/891 2188/2593/891 2173/2574/891
f 2414/2850/150 2172/2573/150 2187/2588/150
f 2166/2567/1125 2180/2581/1125 2181/2582/1125
f 2158/2559/152 2174/2575/152 2159/2560/152
f 2166/2567/628 2182/2583/628 2167/2568/628
f 2160/2561/629 2174/2575/629 2175/2576/629
f 2167/2568/1126 2183/2584/1126 2168/2569/1126
f 2160/2561/156 2176/2577/156 2161/2562/156
f 2169/2570/893 2183/2584/893 2184/2585/893
f 2161/2562/158 2177/2578/158 2162/2563/158
f 2174/2575/159 2189/2621/159 2190/2622/159
f 2182/2583/634 2197/2629/634 2198/2630/634
f 2174/2575/161 2191/2623/161 2175/2576/161
f 2182/2583/1127 2199/2631/1127 2183/2584/1127
f 2175/2576/163 2192/2624/163 2176/2577/163
f 2183/2584/1128 2200/2632/1128 2184/2585/1128
f 2177/2578/1129 2192/2624/1129 2193/2625/1129
f 2185/2586/166 2200/2632/166 2201/2633/166
f 2178/2579/167 2193/2625/167 2194/2626/167
f 2186/2587/1130 2201/2633/1130 2202/2634/1130
f 2178/2579/640 2195/2627/640 2179/2580/640
f 2186/2587/1131 2203/2635/1131 2187/2588/1131
f 2179/2580/171 2196/2628/171 2180/2581/171
f 2173/2574/172 2188/2594/172 2189/2621/172
f 2414/2851/173 2187/2588/173 2203/2635/173
f 2181/2582/174 2196/2628/174 2197/2629/174
f 2193/2625/175 2209/2641/175 2194/2626/175
f 2202/2634/1132 2216/2648/1132 2217/2649/1132
f 2195/2627/177 2209/2641/177 2210/2642/177
f 2202/2634/1133 2218/2650/1133 2203/2635/1133
f 2195/2627/1134 2211/2643/1134 2196/2628/1134
f 2189/2621/1135 2188/2595/1135 2204/2636/1135
f 2414/2852/1136 2203/2635/1136 2218/2650/1136
f 2197/2629/1039 2211/2643/1039 2212/2644/1039
f 2190/2622/1137 2204/2636/1137 2205/2637/1137
f 2197/2629/184 2213/2645/184 2198/2630/184
f 2190/2622/1138 2206/2638/1138 2191/2623/1138
f 2199/2631/186 2213/2645/186 2214/2646/186
f 2192/2624/187 2206/2638/187 2207/2639/187
f 2199/2631/899 2215/2647/899 2200/2632/899
f 2193/2625/649 2207/2639/649 2208/2640/649
f 2200/2632/1041 2216/2648/1041 2201/2633/1041
f 2212/2644/191 2228/2660/191 2213/2645/191
f 2205/2637/192 2221/2653/192 2206/2638/192
f 2214/2646/1139 2228/2660/1139 2229/2661/1139
f 2207/2639/194 2221/2653/194 2222/2654/194
f 2215/2647/1140 2229/2661/1140 2230/2662/1140
f 2207/2639/1141 2223/2655/1141 2208/2640/1141
f 2215/2647/1142 2231/2663/1142 2216/2648/1142
f 2208/2640/198 2224/2656/198 2209/2641/198
f 2217/2649/199 2231/2663/199 2232/2664/199
f 2210/2642/1043 2224/2656/1043 2225/2657/1043
f 2218/2650/201 2232/2664/201 2233/2665/201
f 2210/2642/656 2226/2658/656 2211/2643/656
f 2204/2636/203 2188/2596/203 2219/2651/203
f 2414/2853/204 2218/2650/204 2233/2665/204
f 2212/2644/205 2226/2658/205 2227/2659/205
f 2204/2636/1143 2220/2652/1143 2205/2637/1143
f 2231/2663/207 2247/2679/207 2232/2664/207
f 2225/2657/1044 2239/2671/1044 2240/2672/1044
f 2232/2664/209 2248/2680/209 2233/2665/209
f 2226/2658/659 2240/2672/659 2241/2673/659
f 2219/2651/211 2188/2597/211 2234/2666/211
f 2414/2854/212 2233/2665/212 2248/2680/212
f 2226/2658/213 2242/2674/213 2227/2659/213
f 2220/2652/1144 2234/2666/1144 2235/2667/1144
f 2227/2659/1045 2243/2675/1045 2228/2660/1045
f 2221/2653/216 2235/2667/216 2236/2668/216
f 2229/2661/217 2243/2675/217 2244/2676/217
f 2221/2653/218 2237/2669/218 2222/2654/218
f 2229/2661/1145 2245/2677/1145 2230/2662/1145
f 2223/2655/1146 2237/2669/1146 2238/2670/1146
f 2231/2663/1147 2245/2677/1147 2246/2678/1147
f 2223/2655/222 2239/2671/222 2224/2656/222
f 2243/2675/223 2259/2691/223 2244/2676/223
f 2236/2668/224 2252/2684/224 2237/2669/224
f 2245/2677/909 2259/2691/909 2260/2692/909
f 2237/2669/667 2253/2685/667 2238/2670/667
f 2246/2678/1046 2260/2692/1046 2261/2693/1046
f 2239/2671/228 2253/2685/228 2254/2686/228
f 2246/2678/1148 2262/2694/1148 2247/2679/1148
f 2240/2672/1047 2254/2686/1047 2255/2687/1047
f 2248/2680/1149 2262/2694/1149 2263/2695/1149
f 2241/2673/1150 2255/2687/1150 2256/2688/1150
f 2234/2666/1151 2188/2598/1151 2249/2681/1151
f 2414/2855/1152 2248/2680/1152 2263/2695/1152
f 2241/2673/235 2257/2689/235 2242/2674/235
f 2234/2666/1153 2250/2682/1153 2235/2667/1153
f 2242/2674/237 2258/2690/237 2243/2675/237
f 2236/2668/1154 2250/2682/1154 2251/2683/1154
f 2263/2695/1155 2277/2709/1155 2278/2710/1155
f 2256/2688/240 2270/2702/240 2271/2703/240
f 2249/2681/913 2188/2599/913 2264/2696/913
f 2414/2856/242 2263/2695/242 2278/2710/242
f 2256/2688/243 2272/2704/243 2257/2689/243
f 2249/2681/244 2265/2697/244 2250/2682/244
f 2257/2689/245 2273/2705/245 2258/2690/245
f 2251/2683/246 2265/2697/246 2266/2698/246
f 2259/2691/1156 2273/2705/1156 2274/2706/1156
f 2252/2684/248 2266/2698/248 2267/2699/248
f 2260/2692/1157 2274/2706/1157 2275/2707/1157
f 2252/2684/1158 2268/2700/1158 2253/2685/1158
f 2260/2692/251 2276/2708/251 2261/2693/251
f 2253/2685/252 2269/2701/252 2254/2686/252
f 2261/2693/1159 2277/2709/1159 2262/2694/1159
f 2255/2687/684 2269/2701/684 2270/2702/684
f 2267/2699/255 2281/2713/255 2282/2714/255
f 2274/2706/916 2290/2722/916 2275/2707/916
f 2268/2700/257 2282/2714/257 2283/2715/257
f 2275/2707/258 2291/2723/258 2276/2708/258
f 2268/2700/259 2284/2716/259 2269/2701/259
f 2277/2709/260 2291/2723/260 2292/2724/260
f 2269/2701/261 2285/2717/261 2270/2702/261
f 2277/2709/1160 2293/2725/1160 2278/2710/1160
f 2271/2703/263 2285/2717/263 2286/2718/263
f 2264/2696/920 2188/2600/920 2279/2711/920
f 2414/2857/265 2278/2710/265 2293/2725/265
f 2271/2703/1161 2287/2719/1161 2272/2704/1161
f 2265/2697/267 2279/2711/267 2280/2712/267
f 2273/2705/694 2287/2719/694 2288/2720/694
f 2265/2697/695 2281/2713/695 2266/2698/695
f 2274/2706/1162 2288/2720/1162 2289/2721/1162
f 2285/2717/271 2301/2733/271 2286/2718/271
f 2279/2711/697 2188/2601/697 2294/2726/697
f 2414/2858/924 2293/2725/924 2308/2740/924
f 2287/2719/274 2301/2733/274 2302/2734/274
f 2280/2712/275 2294/2726/275 2295/2727/275
f 2288/2720/1163 2302/2734/1163 2303/2735/1163
f 2281/2713/277 2295/2727/277 2296/2728/277
f 2288/2720/278 2304/2736/278 2289/2721/278
f 2281/2713/1054 2297/2729/1054 2282/2714/1054
f 2290/2722/280 2304/2736/280 2305/2737/280
f 2282/2714/701 2298/2730/701 2283/2715/701
f 2291/2723/282 2305/2737/282 2306/2738/282
f 2284/2716/1164 2298/2730/1164 2299/2731/1164
f 2291/2723/284 2307/2739/284 2292/2724/284
f 2284/2716/285 2300/2732/285 2285/2717/285
f 2292/2724/1165 2308/2740/1165 2293/2725/1165
f 2305/2737/704 2319/2751/704 2320/2752/704
f 2297/2729/288 2313/2745/288 2298/2730/288
f 2306/2738/289 2320/2752/289 2321/2753/289
f 2299/2731/290 2313/2745/290 2314/2746/290
f 2306/2738/291 2322/2754/291 2307/2739/291
f 2300/2732/706 2314/2746/706 2315/2747/706
f 2308/2740/293 2322/2754/293 2323/2755/293
f 2301/2733/294 2315/2747/294 2316/2748/294
f 2294/2726/1055 2188/2602/1055 2309/2741/1055
f 2414/2859/1166 2308/2740/1166 2323/2755/1166
f 2301/2733/297 2317/2749/297 2302/2734/297
f 2294/2726/298 2310/2742/298 2295/2727/298
f 2302/2734/710 2318/2750/710 2303/2735/710
f 2296/2728/300 2310/2742/300 2311/2743/300
f 2303/2735/1167 2319/2751/1167 2304/2736/1167
f 2296/2728/302 2312/2744/302 2297/2729/302
f 2309/2741/303 2188/2603/303 2324/2756/303
f 2414/2860/712 2323/2755/712 2338/2770/712
f 2316/2748/1168 2332/2764/1168 2317/2749/1168
f 2310/2742/306 2324/2756/306 2325/2757/306
f 2318/2750/307 2332/2764/307 2333/2765/307
f 2311/2743/1169 2325/2757/1169 2326/2758/1169
f 2319/2751/309 2333/2765/309 2334/2766/309
f 2311/2743/310 2327/2759/310 2312/2744/310
f 2319/2751/1170 2335/2767/1170 2320/2752/1170
f 2313/2745/934 2327/2759/934 2328/2760/934
f 2321/2753/313 2335/2767/313 2336/2768/313
f 2313/2745/718 2329/2761/718 2314/2746/718
f 2321/2753/315 2337/2769/315 2322/2754/315
f 2314/2746/316 2330/2762/316 2315/2747/316
f 2322/2754/1171 2338/2770/1171 2323/2755/1171
f 2316/2748/318 2330/2762/318 2331/2763/318
f 2328/2760/319 2342/2774/319 2343/2775/319
f 2336/2768/1172 2350/2782/1172 2351/2783/1172
f 2328/2760/321 2344/2776/321 2329/2761/321
f 2337/2769/937 2351/2783/937 2352/2784/937
f 2330/2762/323 2344/2776/323 2345/2777/323
f 2337/2769/1173 2353/2785/1173 2338/2770/1173
f 2331/2763/325 2345/2777/325 2346/2778/325
f 2324/2756/1062 2188/2604/1062 2339/2771/1062
f 2414/2861/327 2338/2770/327 2353/2785/327
f 2331/2763/328 2347/2779/328 2332/2764/328
f 2325/2757/329 2339/2771/329 2340/2772/329
f 2332/2764/330 2348/2780/330 2333/2765/330
f 2325/2757/1174 2341/2773/1174 2326/2758/1174
f 2334/2766/723 2348/2780/723 2349/2781/723
f 2326/2758/333 2342/2774/333 2327/2759/333
f 2334/2766/334 2350/2782/334 2335/2767/334
f 2347/2779/335 2361/2793/335 2362/2794/335
f 2339/2771/336 2355/2787/336 2340/2772/336
f 2348/2780/337 2362/2794/337 2363/2795/337
f 2341/2773/338 2355/2787/338 2356/2788/338
f 2348/2780/339 2364/2796/339 2349/2781/339
f 2342/2774/1175 2356/2788/1175 2357/2789/1175
f 2350/2782/341 2364/2796/341 2365/2797/341
f 2342/2774/726 2358/2790/726 2343/2775/726
f 2350/2782/1176 2366/2798/1176 2351/2783/1176
f 2344/2776/344 2358/2790/344 2359/2791/344
f 2351/2783/1177 2367/2799/1177 2352/2784/1177
f 2344/2776/346 2360/2792/346 2345/2777/346
f 2353/2785/347 2367/2799/347 2368/2800/347
f 2345/2777/348 2361/2793/348 2346/2778/348
f 2339/2771/729 2188/2605/729 2354/2786/729
f 2414/2862/350 2353/2785/350 2368/2800/350
f 2366/2798/945 2380/2812/945 2381/2813/945
f 2359/2791/731 2373/2805/731 2374/2806/731
f 2366/2798/732 2382/2814/732 2367/2799/732
f 2360/2792/354 2374/2806/354 2375/2807/354
f 2368/2800/1068 2382/2814/1068 2383/2815/1068
f 2360/2792/356 2376/2808/356 2361/2793/356
f 2354/2786/734 2188/2606/734 2369/2801/734
f 2414/2863/735 2368/2800/735 2383/2815/735
f 2362/2794/736 2376/2808/736 2377/2809/736
f 2354/2786/1071 2370/2802/1071 2355/2787/1071
f 2362/2794/361 2378/2810/361 2363/2795/361
f 2356/2788/738 2370/2802/738 2371/2803/738
f 2363/2795/363 2379/2811/363 2364/2796/363
f 2356/2788/364 2372/2804/364 2357/2789/364
f 2365/2797/1178 2379/2811/1178 2380/2812/1178
f 2357/2789/366 2373/2805/366 2358/2790/366
f 2378/2810/1073 2392/2824/1073 2393/2825/1073
f 2370/2802/368 2386/2818/368 2371/2803/368
f 2379/2811/1179 2393/2825/1179 2394/2826/1179
f 2371/2803/370 2387/2819/370 2372/2804/370
f 2379/2811/1180 2395/2827/1180 2380/2812/1180
f 2373/2805/372 2387/2819/372 2388/2820/372
f 2381/2813/373 2395/2827/373 2396/2828/373
f 2373/2805/374 2389/2821/374 2374/2806/374
f 2382/2814/1181 2396/2828/1181 2397/2829/1181
f 2374/2806/1182 2390/2822/1182 2375/2807/1182
f 2382/2814/377 2398/2830/377 2383/2815/377
f 2375/2807/378 2391/2823/378 2376/2808/378
f 2369/2801/379 2188/2607/379 2384/2816/379
f 2414/2864/1183 2383/2815/1183 2398/2830/1183
f 2377/2809/381 2391/2823/381 2392/2824/381
f 2370/2802/382 2384/2816/382 2385/2817/382
f 2397/2829/383 2411/2843/383 2412/2844/383
f 2390/2822/745 2404/2836/745 2405/2837/745
f 2398/2830/1184 2412/2844/1184 2413/2845/1184
f 2391/2823/747 2405/2837/747 2406/2838/747
f 2384/2816/1185 2188/2608/1185 2399/2831/1185
f 2414/2865/1186 2398/2830/1186 2413/2845/1186
f 2391/2823/389 2407/2839/389 2392/2824/389
f 2384/2816/749 2400/2832/749 2385/2817/749
f 2392/2824/1077 2408/2840/1077 2393/2825/1077
f 2385/2817/392 2401/2833/392 2386/2818/392
f 2394/2826/1187 2408/2840/1187 2409/2841/1187
f 2387/2819/1188 2401/2833/1188 2402/2834/1188
f 2394/2826/1189 2410/2842/1189 2395/2827/1189
f 2388/2820/396 2402/2834/396 2403/2835/396
f 2395/2827/397 2411/2843/397 2396/2828/397
f 2388/2820/398 2404/2836/398 2389/2821/398
f 2401/2833/1190 2416/2879/1190 2417/2880/1190
f 2408/2840/400 2425/2888/400 2409/2841/400
f 2401/2833/1191 2418/2881/1191 2402/2834/1191
f 2410/2842/963 2425/2888/963 2426/2889/963
f 2402/2834/403 2419/2882/403 2403/2835/403
f 2411/2843/404 2426/2889/404 2427/2890/404
f 2404/2836/405 2419/2882/405 2420/2883/405
f 2411/2843/406 2428/2891/406 2412/2844/406
f 2405/2837/407 2420/2883/407 2421/2884/407
f 2413/2845/1192 2428/2891/1192 2429/2892/1192
f 2405/2837/409 2422/2885/409 2406/2838/409
f 2399/2831/965 2188/2609/965 2415/2878/965
f 2414/2866/411 2413/2845/411 2429/2892/411
f 2407/2839/412 2422/2885/412 2423/2886/412
f 2399/2831/413 2416/2879/413 2400/2832/413
f 2407/2839/414 2424/2887/414 2408/2840/414
f 2420/2883/415 2436/2899/415 2421/2884/415
f 2428/2891/969 2444/2907/969 2429/2892/969
f 2422/2885/417 2436/2899/417 2437/2900/417
f 2415/2878/1193 2188/2610/1193 2430/2893/1193
f 2414/2867/1194 2429/2892/1194 2444/2907/1194
f 2422/2885/420 2438/2901/420 2423/2886/420
f 2416/2879/421 2430/2893/421 2431/2894/421
f 2424/2887/1195 2438/2901/1195 2439/2902/1195
f 2416/2879/423 2432/2895/423 2417/2880/423
f 2424/2887/1196 2440/2903/1196 2425/2888/1196
f 2417/2880/425 2433/2896/425 2418/2881/425
f 2425/2888/426 2441/2904/426 2426/2889/426
f 2419/2882/771 2433/2896/771 2434/2897/771
f 2427/2890/1197 2441/2904/1197 2442/2905/1197
f 2420/2883/429 2434/2897/429 2435/2898/429
f 2428/2891/1198 2442/2905/1198 2443/2906/1198
f 2440/2903/431 2454/2917/431 2455/2918/431
f 2433/2896/774 2447/2910/774 2448/2911/774
f 2440/2903/1083 2456/2919/1083 2441/2904/1083
f 2434/2897/776 2448/2911/776 2449/2912/776
f 2441/2904/435 2457/2920/435 2442/2905/435
f 2434/2897/1199 2450/2913/1199 2435/2898/1199
f 2443/2906/779 2457/2920/779 2458/2921/779
f 2435/2898/1200 2451/2914/1200 2436/2899/1200
f 2443/2906/439 2459/2922/439 2444/2907/439
f 2437/2900/1201 2451/2914/1201 2452/2915/1201
f 2430/2893/975 2188/2611/975 2445/2908/975
f 2414/2868/782 2444/2907/782 2459/2922/782
f 2437/2900/783 2453/2916/783 2438/2901/783
f 2431/2894/444 2445/2908/444 2446/2909/444
f 2439/2902/445 2453/2916/445 2454/2917/445
f 2431/2894/446 2447/2910/446 2432/2895/446
f 2459/2922/1202 2473/2949/1202 2474/2951/1202
f 2452/2915/1203 2466/2935/1203 2467/2937/1203
f 2445/2908/449 2188/2612/449 2460/2923/449
f 2414/2869/450 2459/2922/450 2474/2951/450
f 2452/2915/788 2468/2939/788 2453/2916/788
f 2445/2908/789 2461/2925/789 2446/2909/789
f 2454/2917/453 2468/2939/453 2469/2941/453
f 2446/2909/791 2462/2927/791 2447/2910/791
f 2454/2917/455 2470/2943/455 2455/2918/455
f 2448/2911/456 2462/2927/456 2463/2929/456
f 2456/2919/457 2470/2943/457 2471/2945/457
f 2448/2911/1204 2464/2931/1204 2449/2912/1204
f 2456/2919/459 2472/2947/459 2457/2920/459
f 2450/2913/1205 2464/2931/1205 2465/2933/1205
f 2458/2921/461 2472/2947/461 2473/2949/461
f 2450/2913/462 2466/2935/462 2451/2914/462
f 2462/2928/463 2478/2956/463 2463/2930/463
f 2470/2944/464 2486/2964/464 2471/2946/464
f 2464/2932/1206 2478/2956/1206 2479/2957/1206
f 2472/2948/466 2486/2964/466 2487/2965/466
f 2464/2932/1207 2480/2958/1207 2465/2934/1207
f 2472/2948/468 2488/2966/468 2473/2950/468
f 2466/2936/1208 2480/2958/1208 2481/2959/1208
f 2473/2950/1209 2489/2967/1209 2474/2952/1209
f 2467/2938/1210 2481/2959/1210 2482/2960/1210
f 2460/2924/472 2188/2613/472 2475/2953/472
f 2414/2870/473 2474/2952/473 2489/2967/473
f 2467/2938/806 2483/2961/806 2468/2940/806
f 2461/2926/807 2475/2953/807 2476/2954/807
f 2468/2940/1211 2484/2962/1211 2469/2942/1211
f 2462/2928/808 2476/2954/808 2477/2955/808
f 2470/2944/478 2484/2962/478 2485/2963/478
f 2482/2960/1212 2496/2974/1212 2497/2975/1212
f 2475/2953/984 2188/2614/984 2490/2968/984
f 2414/2871/810 2489/2967/810 2504/2982/810
f 2482/2960/811 2498/2976/811 2483/2961/811
f 2475/2953/483 2491/2969/483 2476/2954/483
f 2483/2961/484 2499/2977/484 2484/2962/484
f 2477/2955/485 2491/2969/485 2492/2970/485
f 2484/2962/486 2500/2978/486 2485/2963/486
f 2477/2955/813 2493/2971/813 2478/2956/813
f 2486/2964/1090 2500/2978/1090 2501/2979/1090
f 2478/2956/815 2494/2972/815 2479/2957/815
f 2487/2965/490 2501/2979/490 2502/2980/490
f 2480/2958/1213 2494/2972/1213 2495/2973/1213
f 2487/2965/818 2503/2981/818 2488/2966/818
f 2481/2959/819 2495/2973/819 2496/2974/819
f 2489/2967/1214 2503/2981/1214 2504/2982/1214
f 2501/2979/821 2515/2993/821 2516/2994/821
f 2493/2971/1215 2509/2987/1215 2494/2972/1215
f 2501/2979/1216 2517/2995/1216 2502/2980/1216
f 2494/2972/498 2510/2988/498 2495/2973/498
f 2502/2980/1217 2518/2996/1217 2503/2981/1217
f 2496/2974/1218 2510/2988/1218 2511/2989/1218
f 2504/2982/1219 2518/2996/1219 2519/2997/1219
f 2497/2975/502 2511/2989/502 2512/2990/502
f 2490/2968/1220 2188/2615/1220 2505/2983/1220
f 2414/2872/1221 2504/2982/1221 2519/2997/1221
f 2497/2975/505 2513/2991/505 2498/2976/505
f 2490/2968/506 2506/2984/506 2491/2969/506
f 2498/2976/507 2514/2992/507 2499/2977/507
f 2492/2970/508 2506/2984/508 2507/2985/508
f 2500/2978/1222 2514/2992/1222 2515/2993/1222
f 2493/2971/510 2507/2985/510 2508/2986/510
f 2414/2873/511 2519/2997/511 2534/3012/511
f 2512/2990/828 2528/3006/828 2513/2991/828
f 2506/2984/513 2520/2998/513 2521/2999/513
f 2514/2992/514 2528/3006/514 2529/3007/514
f 2506/2984/1223 2522/3000/1223 2507/2985/1223
f 2515/2993/1094 2529/3007/1094 2530/3008/1094
f 2508/2986/1095 2522/3000/1095 2523/3001/1095
f 2515/2993/996 2531/3009/996 2516/2994/996
f 2509/2987/833 2523/3001/833 2524/3002/833
f 2516/2994/1224 2532/3010/1224 2517/2995/1224
f 2509/2987/1225 2525/3003/1225 2510/2988/1225
f 2518/2996/522 2532/3010/522 2533/3011/522
f 2510/2988/1096 2526/3004/1096 2511/2989/1096
f 2518/2996/1226 2534/3012/1226 2519/2997/1226
f 2512/2990/525 2526/3004/525 2527/3005/525
f 2505/2983/998 2188/2616/998 2520/2998/998
f 2532/3010/527 2546/3024/527 2547/3025/527
f 2525/3003/528 2539/3017/528 2540/3018/528
f 2533/3011/1097 2547/3025/1097 2548/3026/1097
f 2525/3003/530 2541/3019/530 2526/3004/530
f 2534/3012/1227 2548/3026/1227 2549/3027/1227
f 2526/3004/532 2542/3020/532 2527/3005/532
f 2520/2998/1228 2188/2617/1228 2535/3013/1228
f 2414/2874/1229 2534/3012/1229 2549/3027/1229
f 2528/3006/535 2542/3020/535 2543/3021/535
f 2520/2998/536 2536/3014/536 2521/2999/536
f 2529/3007/1099 2543/3021/1099 2544/3022/1099
f 2521/2999/1230 2537/3015/1230 2522/3000/1230
f 2529/3007/1231 2545/3023/1231 2530/3008/1231
f 2522/3000/540 2538/3016/540 2523/3001/540
f 2531/3009/1232 2545/3023/1232 2546/3024/1232
f 2523/3001/542 2539/3017/542 2524/3002/542
f 2536/3014/1003 2550/3028/1003 2551/3029/1003
f 2543/3021/1103 2559/3037/1103 2544/3022/1103
f 2537/3015/545 2551/3029/545 2552/3030/545
f 2544/3022/1233 2560/3038/1233 2545/3023/1233
f 2537/3015/547 2553/3031/547 2538/3016/547
f 2546/3024/1234 2560/3038/1234 2561/3039/1234
f 2538/3016/549 2554/3032/549 2539/3017/549
f 2547/3025/550 2561/3039/550 2562/3040/550
f 2540/3018/551 2554/3032/551 2555/3033/551
f 2547/3025/1007 2563/3041/1007 2548/3026/1007
f 2541/3019/1235 2555/3033/1235 2556/3034/1235
f 2548/3026/1236 2564/3042/1236 2549/3027/1236
f 2542/3020/555 2556/3034/555 2557/3035/555
f 2535/3013/556 2188/2618/556 2550/3028/556
f 2414/2875/1237 2549/3027/1237 2564/3042/1237
f 2542/3020/558 2558/3036/558 2543/3021/558
f 2554/3032/847 2570/3048/847 2555/3033/847
f 2562/3040/1106 2578/3056/1106 2563/3041/1106
f 2555/3033/561 2571/3049/561 2556/3034/561
f 2563/3041/1107 2579/3057/1107 2564/3042/1107
f 2557/3035/563 2571/3049/563 2572/3050/563
f 2550/3028/850 2188/2619/850 2565/3043/850
f 2414/2876/851 2564/3042/851 2579/3057/851
f 2557/3035/1238 2573/3051/1238 2558/3036/1238
f 2551/3029/567 2565/3043/567 2566/3044/567
f 2559/3037/853 2573/3051/853 2574/3052/853
f 2552/3030/1015 2566/3044/1015 2567/3045/1015
f 2560/3038/570 2574/3052/570 2575/3053/570
f 2552/3030/1239 2568/3046/1239 2553/3031/1239
f 2560/3038/1240 2576/3054/1240 2561/3039/1240
f 2554/3032/573 2568/3046/573 2569/3047/573
f 2562/3040/857 2576/3054/857 2577/3055/857
f 2573/3051/575 2584/3062/575 2574/3052/575
f 2567/3045/1241 2581/3059/1241 2107/2508/1241
f 2575/3053/577 2584/3062/577 2112/2513/577
f 2567/3045/578 2582/3060/578 2568/3046/578
f 2575/3053/579 2585/3063/579 2576/3054/579
f 2569/3047/1242 2582/3060/1242 2108/2509/1242
f 2577/3055/1243 2585/3063/1243 2586/3064/1243
f 2569/3047/582 2583/3061/582 2570/3048/582
f 2577/3055/583 2587/3065/583 2578/3056/583
f 2571/3049/584 2583/3061/584 2109/2510/584
f 2579/3057/585 2587/3065/585 2588/3066/585
f 2572/3050/1244 2109/2510/1244 2110/2511/1244
f 2565/3043/862 2188/2620/862 2580/3058/862
f 2414/2877/588 2579/3057/588 2588/3066/588
f 2572/3050/1021 2111/2512/1021 2573/3051/1021
f 2565/3043/590 2581/3059/590 2566/3044/590
f 2628/3119/65 2592/3076/65 2610/3098/65
f 2644/3139/66 2611/3099/66 2654/3151/66
f 2620/3111/67 2612/3100/67 2627/3118/67
f 2664/3163/68 2609/3096/68 2668/3167/68
f 2619/3110/69 2645/3141/69 2658/3155/69
f 2618/3108/70 2664/3162/70 2680/3181/70
f 2665/3164/68 2637/3130/68 2672/3171/68
f 2621/3112/67 2640/3133/67 2642/3135/67
f 2648/3145/71 2639/3132/71 2661/3158/71
f 2622/3113/65 2638/3131/65 2641/3134/65
f 2666/3165/68 2634/3126/68 2671/3170/68
f 2623/3114/67 2633/3124/67 2636/3128/67
f 2659/3156/1245 2603/3089/1245 2632/3123/1245
f 2624/3115/65 2631/3122/65 2635/3127/65
f 2625/3116/65 2613/3101/65 2630/3121/65
f 2656/3153/71 2606/3092/71 2614/3102/71
f 2626/3117/67 2615/3103/67 2629/3120/67
f 2667/3166/68 2616/3104/68 2669/3168/68
f 2668/3167/68 2601/3086/68 2666/3165/68
f 2627/3118/67 2604/3090/67 2623/3114/67
f 2654/3151/71 2603/3089/71 2650/3147/71
f 2624/3115/65 2610/3098/65 2602/3088/65
f 2669/3168/68 2589/3068/68 2674/3174/68
f 2629/3120/67 2593/3077/67 2619/3110/67
f 2656/3153/72 2595/3079/72 2643/3137/72
f 2630/3121/65 2591/3074/65 2617/3106/65
f 2616/3105/65 2617/3106/65 2589/3067/65
f 2595/3079/67 2629/3120/67 2619/3110/67
f 2609/3097/65 2624/3115/65 2601/3087/65
f 2611/3099/67 2623/3114/67 2603/3089/67
f 2614/3102/67 2626/3117/67 2629/3120/67
f 2608/3094/65 2630/3121/65 2616/3105/65
f 2601/3087/65 2635/3127/65 2634/3125/65
f 2632/3123/67 2623/3114/67 2636/3128/67
f 2597/3081/65 2641/3134/65 2637/3129/65
f 2599/3084/67 2642/3135/67 2639/3132/67
f 2592/3075/73 2680/3181/73 2673/3172/73
f 2595/3079/74 2658/3155/74 2643/3136/74
f 2596/3080/67 2627/3118/67 2611/3099/67
f 2590/3072/65 2628/3119/65 2609/3097/65
f 2632/3123/67 2621/3112/67 2599/3084/67
f 2634/3125/65 2622/3113/65 2597/3081/65
f 2635/3127/65 2598/3083/65 2622/3113/65
f 2659/3156/71 2599/3084/71 2648/3145/71
f 2636/3128/67 2600/3085/67 2621/3112/67
f 2671/3170/68 2597/3082/68 2665/3164/68
f 2639/3132/67 2626/3117/67 2606/3092/67
f 2637/3129/65 2625/3116/65 2608/3094/65
f 2625/3116/65 2638/3131/65 2605/3091/65
f 2661/3158/1246 2606/3092/1246 2651/3148/1246
f 2642/3135/67 2607/3093/67 2626/3117/67
f 2672/3171/68 2608/3095/68 2667/3166/68
f 2640/3133/68 2652/3149/68 2607/3093/68
f 2692/3195/78 2651/3148/78 2687/3190/78
f 2633/3124/68 2647/3144/68 2600/3085/68
f 2691/3194/1247 2648/3145/1247 2685/3188/1247
f 2643/3136/74 2700/3205/74 2693/3197/74
f 2644/3138/73 2620/3111/73 2596/3080/73
f 2689/3192/72 2643/3137/72 2693/3196/72
f 2615/3103/68 2645/3140/68 2593/3077/68
f 2688/3191/71 2650/3147/71 2686/3189/71
f 2612/3100/68 2649/3146/68 2604/3090/68
f 2607/3093/68 2655/3152/68 2615/3103/68
f 2689/3192/71 2651/3148/71 2656/3153/71
f 2691/3194/1248 2650/3147/1248 2659/3156/1248
f 2604/3090/68 2660/3157/68 2633/3124/68
f 2685/3188/1247 2661/3158/1247 2692/3195/1247
f 2600/3085/68 2662/3159/68 2640/3133/68
f 2657/3154/70 2594/3078/70 2620/3111/70
f 2658/3155/69 2684/3187/69 2700/3205/69
f 2594/3078/68 2653/3150/68 2612/3100/68
f 2683/3185/66 2654/3151/66 2688/3191/66
f 2592/3076/66 2678/3179/66 2610/3098/66
f 2670/3169/69 2589/3069/69 2617/3107/69
f 2598/3083/71 2682/3183/71 2638/3131/71
f 2602/3088/77 2681/3182/77 2631/3122/77
f 2605/3091/71 2679/3180/71 2613/3101/71
f 2610/3098/71 2676/3177/71 2602/3088/71
f 2613/3101/72 2663/3160/72 2591/3074/72
f 2663/3161/74 2617/3107/74 2591/3073/74
f 2631/3122/71 2675/3176/71 2598/3083/71
f 2638/3131/78 2677/3178/78 2605/3091/78
f 2702/3207/68 2667/3166/68 2697/3202/68
f 2701/3206/68 2665/3164/68 2695/3200/68
f 2673/3172/73 2690/3193/73 2683/3184/73
f 2699/3204/68 2674/3174/68 2684/3186/68
f 2698/3203/68 2666/3165/68 2696/3201/68
f 2697/3202/68 2669/3168/68 2699/3204/68
f 2696/3201/68 2671/3170/68 2701/3206/68
f 2695/3200/68 2672/3171/68 2702/3207/68
f 2680/3181/70 2694/3199/70 2690/3193/70
f 2694/3198/68 2668/3167/68 2698/3203/68
f 2646/3142/68 2698/3203/68 2653/3150/68
f 2690/3193/70 2646/3143/70 2657/3154/70
f 2647/3144/68 2702/3207/68 2662/3159/68
f 2649/3146/68 2701/3206/68 2660/3157/68
f 2652/3149/68 2699/3204/68 2655/3152/68
f 2653/3150/68 2696/3201/68 2649/3146/68
f 2655/3152/68 2684/3186/68 2645/3140/68
f 2683/3184/73 2657/3154/73 2644/3138/73
f 2660/3157/68 2695/3200/68 2647/3144/68
f 2662/3159/68 2697/3202/68 2652/3149/68
f 2673/3173/66 2688/3191/66 2678/3179/66
f 2700/3205/69 2674/3175/69 2670/3169/69
f 2675/3176/71 2692/3195/71 2682/3183/71
f 2676/3177/77 2691/3194/77 2681/3182/77
f 2677/3178/71 2689/3192/71 2679/3180/71
f 2678/3179/71 2686/3189/71 2676/3177/71
f 2679/3180/72 2693/3196/72 2663/3160/72
f 2693/3197/74 2670/3169/74 2663/3161/74
f 2681/3182/71 2685/3188/71 2675/3176/71
f 2682/3183/78 2687/3190/78 2677/3178/78
f 3176/3758/79 2710/3215/79 3177/3759/79
f 3180/3762/80 2717/3222/80 2718/3223/80
f 2703/3208/1114 2710/3215/1114 2711/3216/1114
f 2708/3213/591 2718/3223/591 2719/3224/591
f 2703/3208/592 2712/3217/592 3178/3760/592
f 2708/3213/84 2720/3225/84 3181/3763/84
f 2704/3209/85 2712/3217/85 2713/3218/85
f 3182/3764/1022 2720/3225/1022 2721/3226/1022
f 2704/3209/87 2714/3219/87 3179/3761/87
f 3182/3764/1249 2722/3227/1249 3183/3765/1249
f 3179/3761/89 2715/3220/89 2705/3210/89
f 3184/3766/1115 2722/3227/1115 2723/3228/1115
f 2705/3210/91 2716/3221/91 2706/3211/91
f 3176/3758/92 2784/3289/92 2709/3214/92
f 3010/3546/596 3184/3766/596 2723/3228/596
f 2707/3212/94 2716/3221/94 2717/3222/94
f 2709/3214/95 2784/3290/95 2724/3229/95
f 3010/3547/597 2723/3228/597 2738/3243/597
f 2717/3222/97 2731/3236/97 2732/3237/97
f 2709/3214/1028 2725/3230/1028 2710/3215/1028
f 2717/3222/99 2733/3238/99 2718/3223/99
f 2711/3216/100 2725/3230/100 2726/3231/100
f 2719/3224/1250 2733/3238/1250 2734/3239/1250
f 2711/3216/1251 2727/3232/1251 2712/3217/1251
f 2720/3225/603 2734/3239/603 2735/3240/603
f 2712/3217/872 2728/3233/872 2713/3218/872
f 2721/3226/873 2735/3240/873 2736/3241/873
f 2713/3218/604 2729/3234/604 2714/3219/604
f 2721/3226/1117 2737/3242/1117 2722/3227/1117
f 2715/3220/108 2729/3234/108 2730/3235/108
f 2723/3228/1118 2737/3242/1118 2738/3243/1118
f 2715/3220/110 2731/3236/110 2716/3221/110
f 2727/3232/111 2743/3248/111 2728/3233/111
f 2736/3241/112 2750/3255/112 2751/3256/112
f 2729/3234/113 2743/3248/113 2744/3249/113
f 2737/3242/114 2751/3256/114 2752/3257/114
f 2730/3235/607 2744/3249/607 2745/3250/607
f 2737/3242/1029 2753/3258/1029 2738/3243/1029
f 2730/3235/117 2746/3251/117 2731/3236/117
f 2724/3229/1030 2784/3291/1030 2739/3244/1030
f 3010/3548/1119 2738/3243/1119 2753/3258/1119
f 2732/3237/120 2746/3251/120 2747/3252/120
f 2725/3230/121 2739/3244/121 2740/3245/121
f 2732/3237/122 2748/3253/122 2733/3238/122
f 2725/3230/123 2741/3246/123 2726/3231/123
f 2733/3238/612 2749/3254/612 2734/3239/612
f 2726/3231/125 2742/3247/125 2727/3232/125
f 2735/3240/613 2749/3254/613 2750/3255/613
f 2746/3251/127 2762/3267/127 2747/3252/127
f 2739/3244/128 2755/3260/128 2740/3245/128
f 2747/3252/1252 2763/3268/1252 2748/3253/1252
f 2740/3245/882 2756/3261/882 2741/3246/882
f 2749/3254/131 2763/3268/131 2764/3269/131
f 2741/3246/1121 2757/3262/1121 2742/3247/1121
f 2750/3255/616 2764/3269/616 2765/3270/616
f 2742/3247/617 2758/3263/617 2743/3248/617
f 2751/3256/135 2765/3270/135 2766/3271/135
f 2743/3248/1122 2759/3264/1122 2744/3249/1122
f 2752/3257/137 2766/3271/137 2767/3272/137
f 2745/3250/138 2759/3264/138 2760/3265/138
f 2753/3258/1123 2767/3272/1123 2768/3273/1123
f 2746/3251/140 2760/3265/140 2761/3266/140
f 2739/3244/887 2784/3292/887 2754/3259/887
f 3010/3549/888 2753/3258/888 2768/3273/888
f 2766/3271/143 2780/3285/143 2781/3286/143
f 2759/3264/1253 2773/3278/1253 2774/3279/1253
f 2767/3272/145 2781/3286/145 2782/3287/145
f 2760/3265/146 2774/3279/146 2775/3280/146
f 2768/3273/1033 2782/3287/1033 2783/3288/1033
f 2760/3265/1254 2776/3281/1254 2761/3266/1254
f 2754/3259/891 2784/3293/891 2769/3274/891
f 3010/3550/150 2768/3273/150 2783/3288/150
f 2762/3267/1125 2776/3281/1125 2777/3282/1125
f 2754/3259/152 2770/3275/152 2755/3260/152
f 2762/3267/628 2778/3283/628 2763/3268/628
f 2755/3260/629 2771/3276/629 2756/3261/629
f 2763/3268/1255 2779/3284/1255 2764/3269/1255
f 2756/3261/156 2772/3277/156 2757/3262/156
f 2765/3270/893 2779/3284/893 2780/3285/893
f 2757/3262/158 2773/3278/158 2758/3263/158
f 2769/3274/159 2786/3322/159 2770/3275/159
f 2778/3283/634 2793/3329/634 2794/3330/634
f 2771/3276/1256 2786/3322/1256 2787/3323/1256
f 2778/3283/1127 2795/3331/1127 2779/3284/1127
f 2771/3276/163 2788/3324/163 2772/3277/163
f 2779/3284/1257 2796/3332/1257 2780/3285/1257
f 2773/3278/1258 2788/3324/1258 2789/3325/1258
f 2781/3286/166 2796/3332/166 2797/3333/166
f 2774/3279/638 2789/3325/638 2790/3326/638
f 2781/3286/1130 2798/3334/1130 2782/3287/1130
f 2774/3279/640 2791/3327/640 2775/3280/640
f 2783/3288/641 2798/3334/641 2799/3335/641
f 2775/3280/171 2792/3328/171 2776/3281/171
f 2769/3274/896 2784/3294/896 2785/3321/896
f 3010/3551/173 2783/3288/173 2799/3335/173
f 2777/3282/174 2792/3328/174 2793/3329/174
f 2789/3325/175 2805/3341/175 2790/3326/175
f 2797/3333/1259 2813/3349/1259 2798/3334/1259
f 2791/3327/177 2805/3341/177 2806/3342/177
f 2798/3334/1133 2814/3350/1133 2799/3335/1133
f 2791/3327/1134 2807/3343/1134 2792/3328/1134
f 2785/3321/1135 2784/3295/1135 2800/3336/1135
f 3010/3552/1136 2799/3335/1136 2814/3350/1136
f 2793/3329/1039 2807/3343/1039 2808/3344/1039
f 2786/3322/1137 2800/3336/1137 2801/3337/1137
f 2793/3329/184 2809/3345/184 2794/3330/184
f 2787/3323/1138 2801/3337/1138 2802/3338/1138
f 2795/3331/186 2809/3345/186 2810/3346/186
f 2788/3324/1260 2802/3338/1260 2803/3339/1260
f 2795/3331/648 2811/3347/648 2796/3332/648
f 2789/3325/649 2803/3339/649 2804/3340/649
f 2796/3332/1041 2812/3348/1041 2797/3333/1041
f 2809/3345/1261 2823/3359/1261 2824/3360/1261
f 2801/3337/192 2817/3353/192 2802/3338/192
f 2810/3346/1139 2824/3360/1139 2825/3361/1139
f 2803/3339/194 2817/3353/194 2818/3354/194
f 2811/3347/901 2825/3361/901 2826/3362/901
f 2803/3339/1262 2819/3355/1262 2804/3340/1262
f 2811/3347/903 2827/3363/903 2812/3348/903
f 2804/3340/198 2820/3356/198 2805/3341/198
f 2813/3349/199 2827/3363/199 2828/3364/199
f 2805/3341/1043 2821/3357/1043 2806/3342/1043
f 2814/3350/201 2828/3364/201 2829/3365/201
f 2806/3342/656 2822/3358/656 2807/3343/656
f 2800/3336/203 2784/3296/203 2815/3351/203
f 3010/3553/204 2814/3350/204 2829/3365/204
f 2808/3344/1263 2822/3358/1263 2823/3359/1263
f 2800/3336/1143 2816/3352/1143 2801/3337/1143
f 2827/3363/207 2843/3379/207 2828/3364/207
f 2821/3357/1044 2835/3371/1044 2836/3372/1044
f 2828/3364/209 2844/3380/209 2829/3365/209
f 2822/3358/659 2836/3372/659 2837/3373/659
f 2815/3351/211 2784/3297/211 2830/3366/211
f 3010/3554/212 2829/3365/212 2844/3380/212
f 2822/3358/1264 2838/3374/1264 2823/3359/1264
f 2816/3352/1144 2830/3366/1144 2831/3367/1144
f 2823/3359/1265 2839/3375/1265 2824/3360/1265
f 2817/3353/216 2831/3367/216 2832/3368/216
f 2824/3360/1266 2840/3376/1266 2825/3361/1266
f 2817/3353/218 2833/3369/218 2818/3354/218
f 2825/3361/907 2841/3377/907 2826/3362/907
f 2819/3355/1146 2833/3369/1146 2834/3370/1146
f 2827/3363/1267 2841/3377/1267 2842/3378/1267
f 2820/3356/222 2834/3370/222 2835/3371/222
f 2839/3375/223 2855/3391/223 2840/3376/223
f 2832/3368/224 2848/3384/224 2833/3369/224
f 2841/3377/666 2855/3391/666 2856/3392/666
f 2833/3369/667 2849/3385/667 2834/3370/667
f 2842/3378/1046 2856/3392/1046 2857/3393/1046
f 2835/3371/228 2849/3385/228 2850/3386/228
f 2843/3379/1268 2857/3393/1268 2858/3394/1268
f 2836/3372/1047 2850/3386/1047 2851/3387/1047
f 2844/3380/1149 2858/3394/1149 2859/3395/1149
f 2837/3373/1150 2851/3387/1150 2852/3388/1150
f 2830/3366/1151 2784/3298/1151 2845/3381/1151
f 3010/3555/1152 2844/3380/1152 2859/3395/1152
f 2837/3373/235 2853/3389/235 2838/3374/235
f 2830/3366/1153 2846/3382/1153 2831/3367/1153
f 2838/3374/237 2854/3390/237 2839/3375/237
f 2831/3367/1154 2847/3383/1154 2832/3368/1154
f 2858/3394/675 2874/3410/675 2859/3395/675
f 2852/3388/240 2866/3402/240 2867/3403/240
f 2845/3381/913 2784/3299/913 2860/3396/913
f 3010/3556/242 2859/3395/242 2874/3410/242
f 2852/3388/243 2868/3404/243 2853/3389/243
f 2846/3382/244 2860/3396/244 2861/3397/244
f 2853/3389/245 2869/3405/245 2854/3390/245
f 2846/3382/1269 2862/3398/1269 2847/3383/1269
f 2855/3391/1156 2869/3405/1156 2870/3406/1156
f 2848/3384/248 2862/3398/248 2863/3399/248
f 2856/3392/1270 2870/3406/1270 2871/3407/1270
f 2848/3384/1158 2864/3400/1158 2849/3385/1158
f 2856/3392/251 2872/3408/251 2857/3393/251
f 2849/3385/682 2865/3401/682 2850/3386/682
f 2858/3394/1159 2872/3408/1159 2873/3409/1159
f 2851/3387/684 2865/3401/684 2866/3402/684
f 2863/3399/255 2877/3413/255 2878/3414/255
f 2870/3406/916 2886/3422/916 2871/3407/916
f 2864/3400/257 2878/3414/257 2879/3415/257
f 2871/3407/258 2887/3423/258 2872/3408/258
f 2864/3400/1271 2880/3416/1271 2865/3401/1271
f 2872/3408/260 2888/3424/260 2873/3409/260
f 2865/3401/261 2881/3417/261 2866/3402/261
f 2873/3409/1052 2889/3425/1052 2874/3410/1052
f 2867/3403/1272 2881/3417/1272 2882/3418/1272
f 2860/3396/920 2784/3300/920 2875/3411/920
f 3010/3557/265 2874/3410/265 2889/3425/265
f 2867/3403/1161 2883/3419/1161 2868/3404/1161
f 2861/3397/267 2875/3411/267 2876/3412/267
f 2869/3405/694 2883/3419/694 2884/3420/694
f 2862/3398/695 2876/3412/695 2877/3413/695
f 2870/3406/1273 2884/3420/1273 2885/3421/1273
f 2881/3417/271 2897/3433/271 2882/3418/271
f 2875/3411/697 2784/3301/697 2890/3426/697
f 3010/3558/924 2889/3425/924 2904/3440/924
f 2883/3419/274 2897/3433/274 2898/3434/274
f 2876/3412/275 2890/3426/275 2891/3427/275
f 2884/3420/1163 2898/3434/1163 2899/3435/1163
f 2877/3413/277 2891/3427/277 2892/3428/277
f 2884/3420/278 2900/3436/278 2885/3421/278
f 2878/3414/1274 2892/3428/1274 2893/3429/1274
f 2885/3421/700 2901/3437/700 2886/3422/700
f 2879/3415/701 2893/3429/701 2894/3430/701
f 2886/3422/282 2902/3438/282 2887/3423/282
f 2880/3416/1164 2894/3430/1164 2895/3431/1164
f 2887/3423/284 2903/3439/284 2888/3424/284
f 2880/3416/285 2896/3432/285 2881/3417/285
f 2888/3424/1165 2904/3440/1165 2889/3425/1165
f 2900/3436/704 2916/3452/704 2901/3437/704
f 2894/3430/288 2908/3444/288 2909/3445/288
f 2901/3437/289 2917/3453/289 2902/3438/289
f 2894/3430/290 2910/3446/290 2895/3431/290
f 2902/3438/291 2918/3454/291 2903/3439/291
f 2895/3431/1275 2911/3447/1275 2896/3432/1275
f 2904/3440/293 2918/3454/293 2919/3455/293
f 2897/3433/294 2911/3447/294 2912/3448/294
f 2890/3426/1055 2784/3302/1055 2905/3441/1055
f 3010/3559/1166 2904/3440/1166 2919/3455/1166
f 2897/3433/297 2913/3449/297 2898/3434/297
f 2890/3426/298 2906/3442/298 2891/3427/298
f 2899/3435/299 2913/3449/299 2914/3450/299
f 2892/3428/300 2906/3442/300 2907/3443/300
f 2900/3436/711 2914/3450/711 2915/3451/711
f 2893/3429/302 2907/3443/302 2908/3444/302
f 2905/3441/303 2784/3303/303 2920/3456/303
f 3010/3560/712 2919/3455/712 2934/3470/712
f 2912/3448/1168 2928/3464/1168 2913/3449/1168
f 2906/3442/306 2920/3456/306 2921/3457/306
f 2914/3450/307 2928/3464/307 2929/3465/307
f 2906/3442/308 2922/3458/308 2907/3443/308
f 2914/3450/309 2930/3466/309 2915/3451/309
f 2908/3444/310 2922/3458/310 2923/3459/310
f 2915/3451/1170 2931/3467/1170 2916/3452/1170
f 2909/3445/934 2923/3459/934 2924/3460/934
f 2916/3452/313 2932/3468/313 2917/3453/313
f 2910/3446/718 2924/3460/718 2925/3461/718
f 2918/3454/315 2932/3468/315 2933/3469/315
f 2910/3446/316 2926/3462/316 2911/3447/316
f 2918/3454/1171 2934/3470/1171 2919/3455/1171
f 2912/3448/318 2926/3462/318 2927/3463/318
f 2923/3459/319 2939/3475/319 2924/3460/319
f 2931/3467/1172 2947/3483/1172 2932/3468/1172
f 2925/3461/321 2939/3475/321 2940/3476/321
f 2933/3469/1276 2947/3483/1276 2948/3484/1276
f 2926/3462/323 2940/3476/323 2941/3477/323
f 2933/3469/1173 2949/3485/1173 2934/3470/1173
f 2927/3463/325 2941/3477/325 2942/3478/325
f 2920/3456/326 2784/3304/326 2935/3471/326
f 3010/3561/722 2934/3470/722 2949/3485/722
f 2927/3463/328 2943/3479/328 2928/3464/328
f 2921/3457/329 2935/3471/329 2936/3472/329
f 2928/3464/330 2944/3480/330 2929/3465/330
f 2921/3457/1174 2937/3473/1174 2922/3458/1174
f 2929/3465/723 2945/3481/723 2930/3466/723
f 2923/3459/333 2937/3473/333 2938/3474/333
f 2931/3467/334 2945/3481/334 2946/3482/334
f 2943/3479/335 2957/3493/335 2958/3494/335
f 2936/3472/336 2950/3486/336 2951/3487/336
f 2943/3479/337 2959/3495/337 2944/3480/337
f 2936/3472/1277 2952/3488/1277 2937/3473/1277
f 2945/3481/339 2959/3495/339 2960/3496/339
f 2937/3473/340 2953/3489/340 2938/3474/340
f 2945/3481/341 2961/3497/341 2946/3482/341
f 2939/3475/726 2953/3489/726 2954/3490/726
f 2947/3483/343 2961/3497/343 2962/3498/343
f 2939/3475/344 2955/3491/344 2940/3476/344
f 2948/3484/1278 2962/3498/1278 2963/3499/1278
f 2941/3477/346 2955/3491/346 2956/3492/346
f 2948/3484/1279 2964/3500/1279 2949/3485/1279
f 2941/3477/348 2957/3493/348 2942/3478/348
f 2935/3471/729 2784/3305/729 2950/3486/729
f 3010/3562/350 2949/3485/350 2964/3500/350
f 2962/3498/945 2976/3512/945 2977/3513/945
f 2955/3491/731 2969/3505/731 2970/3506/731
f 2963/3499/1067 2977/3513/1067 2978/3514/1067
f 2956/3492/354 2970/3506/354 2971/3507/354
f 2964/3500/1280 2978/3514/1280 2979/3515/1280
f 2956/3492/356 2972/3508/356 2957/3493/356
f 2950/3486/734 2784/3306/734 2965/3501/734
f 3010/3563/735 2964/3500/735 2979/3515/735
f 2958/3494/736 2972/3508/736 2973/3509/736
f 2950/3486/1071 2966/3502/1071 2951/3487/1071
f 2958/3494/361 2974/3510/361 2959/3495/361
f 2951/3487/952 2967/3503/952 2952/3488/952
f 2959/3495/363 2975/3511/363 2960/3496/363
f 2952/3488/953 2968/3504/953 2953/3489/953
f 2960/3496/1281 2976/3512/1281 2961/3497/1281
f 2954/3490/366 2968/3504/366 2969/3505/366
f 2974/3510/1073 2988/3524/1073 2989/3525/1073
f 2966/3502/368 2982/3518/368 2967/3503/368
f 2975/3511/1179 2989/3525/1179 2990/3526/1179
f 2967/3503/370 2983/3519/370 2968/3504/370
f 2975/3511/1180 2991/3527/1180 2976/3512/1180
f 2969/3505/372 2983/3519/372 2984/3520/372
f 2977/3513/373 2991/3527/373 2992/3528/373
f 2969/3505/374 2985/3521/374 2970/3506/374
f 2978/3514/1181 2992/3528/1181 2993/3529/1181
f 2970/3506/376 2986/3522/376 2971/3507/376
f 2979/3515/1282 2993/3529/1282 2994/3530/1282
f 2971/3507/378 2987/3523/378 2972/3508/378
f 2965/3501/379 2784/3307/379 2980/3516/379
f 3010/3564/1183 2979/3515/1183 2994/3530/1183
f 2973/3509/381 2987/3523/381 2988/3524/381
f 2965/3501/382 2981/3517/382 2966/3502/382
f 2993/3529/383 3007/3543/383 3008/3544/383
f 2986/3522/745 3000/3536/745 3001/3537/745
f 2994/3530/1184 3008/3544/1184 3009/3545/1184
f 2986/3522/747 3002/3538/747 2987/3523/747
f 2980/3516/1185 2784/3308/1185 2995/3531/1185
f 3010/3565/1186 2994/3530/1186 3009/3545/1186
f 2988/3524/389 3002/3538/389 3003/3539/389
f 2980/3516/749 2996/3532/749 2981/3517/749
f 2988/3524/391 3004/3540/391 2989/3525/391
f 2981/3517/392 2997/3533/392 2982/3518/392
f 2990/3526/393 3004/3540/393 3005/3541/393
f 2983/3519/1188 2997/3533/1188 2998/3534/1188
f 2990/3526/752 3006/3542/752 2991/3527/752
f 2984/3520/396 2998/3534/396 2999/3535/396
f 2991/3527/397 3007/3543/397 2992/3528/397
f 2984/3520/755 3000/3536/755 2985/3521/755
f 2997/3533/399 3012/3579/399 3013/3580/399
f 3005/3541/400 3020/3587/400 3021/3588/400
f 2998/3534/1191 3013/3580/1191 3014/3581/1191
f 3006/3542/1079 3021/3588/1079 3022/3589/1079
f 2998/3534/403 3015/3582/403 2999/3535/403
f 3006/3542/404 3023/3590/404 3007/3543/404
f 2999/3535/759 3016/3583/759 3000/3536/759
f 3007/3543/406 3024/3591/406 3008/3544/406
f 3001/3537/407 3016/3583/407 3017/3584/407
f 3008/3544/1283 3025/3592/1283 3009/3545/1283
f 3001/3537/409 3018/3585/409 3002/3538/409
f 2995/3531/965 2784/3309/965 3011/3578/965
f 3010/3566/411 3009/3545/411 3025/3592/411
f 3003/3539/412 3018/3585/412 3019/3586/412
f 2996/3532/413 3011/3578/413 3012/3579/413
f 3003/3539/766 3020/3587/766 3004/3540/766
f 3016/3583/767 3032/3599/767 3017/3584/767
f 3024/3591/969 3040/3607/969 3025/3592/969
f 3018/3585/417 3032/3599/417 3033/3600/417
f 3011/3578/970 2784/3310/970 3026/3593/970
f 3010/3567/419 3025/3592/419 3040/3607/419
f 3018/3585/1284 3034/3601/1284 3019/3586/1284
f 3012/3579/421 3026/3593/421 3027/3594/421
f 3020/3587/1195 3034/3601/1195 3035/3602/1195
f 3012/3579/423 3028/3595/423 3013/3580/423
f 3021/3588/974 3035/3602/974 3036/3603/974
f 3013/3580/425 3029/3596/425 3014/3581/425
f 3022/3589/426 3036/3603/426 3037/3604/426
f 3014/3581/427 3030/3597/427 3015/3582/427
f 3023/3590/1285 3037/3604/1285 3038/3605/1285
f 3015/3582/1082 3031/3598/1082 3016/3583/1082
f 3024/3591/1198 3038/3605/1198 3039/3606/1198
f 3036/3603/431 3050/3617/431 3051/3618/431
f 3029/3596/774 3043/3610/774 3044/3611/774
f 3036/3603/1083 3052/3619/1083 3037/3604/1083
f 3030/3597/776 3044/3611/776 3045/3612/776
f 3037/3604/435 3053/3620/435 3038/3605/435
f 3030/3597/1199 3046/3613/1199 3031/3598/1199
f 3039/3606/437 3053/3620/437 3054/3621/437
f 3031/3598/1200 3047/3614/1200 3032/3599/1200
f 3039/3606/439 3055/3622/439 3040/3607/439
f 3033/3600/1286 3047/3614/1286 3048/3615/1286
f 3026/3593/1084 2784/3311/1084 3041/3608/1084
f 3010/3568/442 3040/3607/442 3055/3622/442
f 3033/3600/783 3049/3616/783 3034/3601/783
f 3027/3594/444 3041/3608/444 3042/3609/444
f 3035/3602/445 3049/3616/445 3050/3617/445
f 3027/3594/1085 3043/3610/1085 3028/3595/1085
f 3055/3622/1202 3069/3649/1202 3070/3651/1202
f 3048/3615/448 3062/3635/448 3063/3637/448
f 3041/3608/449 2784/3312/449 3056/3623/449
f 3010/3569/450 3055/3622/450 3070/3651/450
f 3048/3615/451 3064/3639/451 3049/3616/451
f 3041/3608/452 3057/3625/452 3042/3609/452
f 3049/3616/1287 3065/3641/1287 3050/3617/1287
f 3042/3609/791 3058/3627/791 3043/3610/791
f 3050/3617/455 3066/3643/455 3051/3618/455
f 3043/3610/1288 3059/3629/1288 3044/3611/1288
f 3052/3619/457 3066/3643/457 3067/3645/457
f 3044/3611/1204 3060/3631/1204 3045/3612/1204
f 3053/3620/459 3067/3645/459 3068/3647/459
f 3046/3613/460 3060/3631/460 3061/3633/460
f 3054/3621/978 3068/3647/978 3069/3649/978
f 3047/3614/462 3061/3633/462 3062/3635/462
f 3059/3630/1289 3073/3655/1289 3074/3656/1289
f 3066/3644/464 3082/3664/464 3067/3646/464
f 3060/3632/1290 3074/3656/1290 3075/3657/1290
f 3067/3646/466 3083/3665/466 3068/3648/466
f 3060/3632/467 3076/3658/467 3061/3634/467
f 3068/3648/980 3084/3666/980 3069/3650/980
f 3061/3634/1208 3077/3659/1208 3062/3636/1208
f 3069/3650/1209 3085/3667/1209 3070/3652/1209
f 3063/3638/471 3077/3659/471 3078/3660/471
f 3056/3624/472 2784/3313/472 3071/3653/472
f 3010/3570/473 3070/3652/473 3085/3667/473
f 3063/3638/474 3079/3661/474 3064/3640/474
f 3057/3626/475 3071/3653/475 3072/3654/475
f 3065/3642/1291 3079/3661/1291 3080/3662/1291
f 3058/3628/808 3072/3654/808 3073/3655/808
f 3066/3644/478 3080/3662/478 3081/3663/478
f 3077/3659/1292 3093/3675/1292 3078/3660/1292
f 3071/3653/1088 2784/3314/1088 3086/3668/1088
f 3010/3571/481 3085/3667/481 3100/3682/481
f 3079/3661/1293 3093/3675/1293 3094/3676/1293
f 3071/3653/483 3087/3669/483 3072/3654/483
f 3079/3661/484 3095/3677/484 3080/3662/484
f 3073/3655/1089 3087/3669/1089 3088/3670/1089
f 3080/3662/486 3096/3678/486 3081/3663/486
f 3073/3655/813 3089/3671/813 3074/3656/813
f 3082/3664/1090 3096/3678/1090 3097/3679/1090
f 3074/3656/815 3090/3672/815 3075/3657/815
f 3083/3665/1294 3097/3679/1294 3098/3680/1294
f 3076/3658/1213 3090/3672/1213 3091/3673/1213
f 3083/3665/492 3099/3681/492 3084/3666/492
f 3077/3659/819 3091/3673/819 3092/3674/819
f 3085/3667/494 3099/3681/494 3100/3682/494
f 3096/3678/821 3112/3694/821 3097/3679/821
f 3090/3672/496 3104/3686/496 3105/3687/496
f 3097/3679/1295 3113/3695/1295 3098/3680/1295
f 3091/3673/1092 3105/3687/1092 3106/3688/1092
f 3098/3680/1217 3114/3696/1217 3099/3681/1217
f 3092/3674/824 3106/3688/824 3107/3689/824
f 3100/3682/987 3114/3696/987 3115/3697/987
f 3092/3674/502 3108/3690/502 3093/3675/502
f 3086/3668/989 2784/3315/989 3101/3683/989
f 3010/3572/504 3100/3682/504 3115/3697/504
f 3094/3676/505 3108/3690/505 3109/3691/505
f 3086/3668/506 3102/3684/506 3087/3669/506
f 3094/3676/507 3110/3692/507 3095/3677/507
f 3088/3670/508 3102/3684/508 3103/3685/508
f 3095/3677/993 3111/3693/993 3096/3678/993
f 3089/3671/510 3103/3685/510 3104/3686/510
f 3010/3573/511 3115/3697/511 3130/3712/511
f 3108/3690/828 3124/3706/828 3109/3691/828
f 3101/3683/513 3117/3699/513 3102/3684/513
f 3110/3692/830 3124/3706/830 3125/3707/830
f 3102/3684/515 3118/3700/515 3103/3685/515
f 3110/3692/1094 3126/3708/1094 3111/3693/1094
f 3103/3685/1095 3119/3701/1095 3104/3686/1095
f 3111/3693/1296 3127/3709/1296 3112/3694/1296
f 3105/3687/833 3119/3701/833 3120/3702/833
f 3113/3695/1297 3127/3709/1297 3128/3710/1297
f 3106/3688/521 3120/3702/521 3121/3703/521
f 3114/3696/522 3128/3710/522 3129/3711/522
f 3106/3688/1096 3122/3704/1096 3107/3689/1096
f 3115/3697/524 3129/3711/524 3130/3712/524
f 3108/3690/525 3122/3704/525 3123/3705/525
f 3101/3683/998 2784/3316/998 3116/3698/998
f 3128/3710/527 3142/3724/527 3143/3725/527
f 3121/3703/839 3135/3717/839 3136/3718/839
f 3128/3710/529 3144/3726/529 3129/3711/529
f 3121/3703/530 3137/3719/530 3122/3704/530
f 3129/3711/1298 3145/3727/1298 3130/3712/1298
f 3123/3705/532 3137/3719/532 3138/3720/532
f 3116/3698/1228 2784/3317/1228 3131/3713/1228
f 3010/3574/1229 3130/3712/1229 3145/3727/1229
f 3123/3705/535 3139/3721/535 3124/3706/535
f 3117/3699/536 3131/3713/536 3132/3714/536
f 3125/3707/537 3139/3721/537 3140/3722/537
f 3118/3700/1230 3132/3714/1230 3133/3715/1230
f 3125/3707/539 3141/3723/539 3126/3708/539
f 3118/3700/540 3134/3716/540 3119/3701/540
f 3127/3709/541 3141/3723/541 3142/3724/541
f 3119/3701/542 3135/3717/542 3120/3702/542
f 3132/3714/1003 3146/3728/1003 3147/3729/1003
f 3139/3721/1103 3155/3737/1103 3140/3722/1103
f 3133/3715/545 3147/3729/545 3148/3730/545
f 3140/3722/1233 3156/3738/1233 3141/3723/1233
f 3134/3716/547 3148/3730/547 3149/3731/547
f 3142/3724/1234 3156/3738/1234 3157/3739/1234
f 3134/3716/549 3150/3732/549 3135/3717/549
f 3142/3724/550 3158/3740/550 3143/3725/550
f 3136/3718/551 3150/3732/551 3151/3733/551
f 3143/3725/1299 3159/3741/1299 3144/3726/1299
f 3137/3719/553 3151/3733/553 3152/3734/553
f 3144/3726/1236 3160/3742/1236 3145/3727/1236
f 3138/3720/555 3152/3734/555 3153/3735/555
f 3131/3713/556 2784/3318/556 3146/3728/556
f 3010/3575/1237 3145/3727/1237 3160/3742/1237
f 3138/3720/558 3154/3736/558 3139/3721/558
f 3150/3732/847 3166/3748/847 3151/3733/847
f 3158/3740/1106 3174/3756/1106 3159/3741/1106
f 3151/3733/561 3167/3749/561 3152/3734/561
f 3159/3741/1107 3175/3757/1107 3160/3742/1107
f 3153/3735/563 3167/3749/563 3168/3750/563
f 3146/3728/850 2784/3319/850 3161/3743/850
f 3010/3576/851 3160/3742/851 3175/3757/851
f 3153/3735/1238 3169/3751/1238 3154/3736/1238
f 3147/3729/567 3161/3743/567 3162/3744/567
f 3155/3737/853 3169/3751/853 3170/3752/853
f 3148/3730/1015 3162/3744/1015 3163/3745/1015
f 3156/3738/570 3170/3752/570 3171/3753/570
f 3149/3731/571 3163/3745/571 3164/3746/571
f 3157/3739/1300 3171/3753/1300 3172/3754/1300
f 3149/3731/573 3165/3747/573 3150/3732/573
f 3157/3739/857 3173/3755/857 3158/3740/857
f 3170/3752/575 2707/3212/575 3180/3762/575
f 3163/3745/1241 3177/3759/1241 2703/3208/1241
f 3170/3752/577 2708/3213/577 3171/3753/577
f 3164/3746/578 2703/3208/578 3178/3760/578
f 3172/3754/579 2708/3213/579 3181/3763/579
f 3164/3746/1242 2704/3209/1242 3165/3747/1242
f 3172/3754/1301 3182/3764/1301 3173/3755/1301
f 3166/3748/582 2704/3209/582 3179/3761/582
f 3173/3755/1302 3183/3765/1302 3174/3756/1302
f 3166/3748/584 2705/3210/584 3167/3749/584
f 3175/3757/585 3183/3765/585 3184/3766/585
f 3168/3750/1244 2705/3210/1244 2706/3211/1244
f 3161/3743/862 2784/3320/862 3176/3758/862
f 3010/3577/588 3175/3757/588 3184/3766/588
f 3168/3750/1021 2707/3212/1021 3169/3751/1021
f 3161/3743/590 3177/3759/590 3162/3744/590
f 3659/4318/79 3191/3773/79 3192/3774/79
f 3662/4321/80 3199/3781/80 3200/3782/80
f 3659/4318/1114 3193/3775/1114 3185/3767/1114
f 3662/4321/591 3201/3783/591 3190/3772/591
f 3660/4319/83 3193/3775/83 3194/3776/83
f 3663/4322/84 3201/3783/84 3202/3784/84
f 3660/4319/85 3195/3777/85 3186/3768/85
f 3663/4322/1022 3203/3785/1022 3664/4323/1022
f 3661/4320/87 3195/3777/87 3196/3778/87
f 3664/4323/865 3204/3786/865 3665/4324/865
f 3661/4320/89 3197/3779/89 3187/3769/89
f 3665/4324/1115 3205/3787/1115 3666/4325/1115
f 3187/3769/91 3198/3780/91 3188/3770/91
f 3658/4317/92 3266/3848/92 3191/3773/92
f 3492/4105/596 3666/4325/596 3205/3787/596
f 3189/3771/94 3198/3780/94 3199/3781/94
f 3191/3773/95 3266/3849/95 3206/3788/95
f 3492/4106/597 3205/3787/597 3220/3802/597
f 3199/3781/97 3213/3795/97 3214/3796/97
f 3191/3773/1028 3207/3789/1028 3192/3774/1028
f 3199/3781/99 3215/3797/99 3200/3782/99
f 3193/3775/100 3207/3789/100 3208/3790/100
f 3200/3782/101 3216/3798/101 3201/3783/101
f 3193/3775/102 3209/3791/102 3194/3776/102
f 3202/3784/1303 3216/3798/1303 3217/3799/1303
f 3194/3776/872 3210/3792/872 3195/3777/872
f 3203/3785/873 3217/3799/873 3218/3800/873
f 3196/3778/604 3210/3792/604 3211/3793/604
f 3203/3785/1117 3219/3801/1117 3204/3786/1117
f 3197/3779/108 3211/3793/108 3212/3794/108
f 3205/3787/1118 3219/3801/1118 3220/3802/1118
f 3197/3779/110 3213/3795/110 3198/3780/110
f 3210/3792/1304 3224/3806/1304 3225/3807/1304
f 3218/3800/112 3232/3814/112 3233/3815/112
f 3210/3792/1305 3226/3808/1305 3211/3793/1305
f 3219/3801/114 3233/3815/114 3234/3816/114
f 3212/3794/607 3226/3808/607 3227/3809/607
f 3219/3801/1029 3235/3817/1029 3220/3802/1029
f 3212/3794/117 3228/3810/117 3213/3795/117
f 3206/3788/1030 3266/3850/1030 3221/3803/1030
f 3492/4107/1119 3220/3802/1119 3235/3817/1119
f 3214/3796/120 3228/3810/120 3229/3811/120
f 3207/3789/121 3221/3803/121 3222/3804/121
f 3214/3796/611 3230/3812/611 3215/3797/611
f 3207/3789/123 3223/3805/123 3208/3790/123
f 3216/3798/1120 3230/3812/1120 3231/3813/1120
f 3208/3790/125 3224/3806/125 3209/3791/125
f 3216/3798/613 3232/3814/613 3217/3799/613
f 3229/3811/127 3243/3825/127 3244/3826/127
f 3221/3803/128 3237/3819/128 3222/3804/128
f 3229/3811/129 3245/3827/129 3230/3812/129
f 3222/3804/882 3238/3820/882 3223/3805/882
f 3231/3813/131 3245/3827/131 3246/3828/131
f 3224/3806/1121 3238/3820/1121 3239/3821/1121
f 3231/3813/616 3247/3829/616 3232/3814/616
f 3225/3807/134 3239/3821/134 3240/3822/134
f 3232/3814/135 3248/3830/135 3233/3815/135
f 3225/3807/1122 3241/3823/1122 3226/3808/1122
f 3234/3816/137 3248/3830/137 3249/3831/137
f 3227/3809/138 3241/3823/138 3242/3824/138
f 3235/3817/1123 3249/3831/1123 3250/3832/1123
f 3227/3809/140 3243/3825/140 3228/3810/140
f 3221/3803/1306 3266/3851/1306 3236/3818/1306
f 3492/4108/1307 3235/3817/1307 3250/3832/1307
f 3248/3830/143 3262/3844/143 3263/3845/143
f 3241/3823/1308 3255/3837/1308 3256/3838/1308
f 3248/3830/145 3264/3846/145 3249/3831/145
f 3242/3824/146 3256/3838/146 3257/3839/146
f 3250/3832/1124 3264/3846/1124 3265/3847/1124
f 3242/3824/148 3258/3840/148 3243/3825/148
f 3236/3818/891 3266/3852/891 3251/3833/891
f 3492/4109/150 3250/3832/150 3265/3847/150
f 3244/3826/1125 3258/3840/1125 3259/3841/1125
f 3236/3818/152 3252/3834/152 3237/3819/152
f 3244/3826/628 3260/3842/628 3245/3827/628
f 3238/3820/629 3252/3834/629 3253/3835/629
f 3245/3827/1126 3261/3843/1126 3246/3828/1126
f 3238/3820/156 3254/3836/156 3239/3821/156
f 3247/3829/893 3261/3843/893 3262/3844/893
f 3239/3821/158 3255/3837/158 3240/3822/158
f 3252/3834/159 3267/3880/159 3268/3881/159
f 3260/3842/634 3275/3888/634 3276/3889/634
f 3252/3834/161 3269/3882/161 3253/3835/161
f 3260/3842/1127 3277/3890/1127 3261/3843/1127
f 3253/3835/163 3270/3883/163 3254/3836/163
f 3261/3843/1257 3278/3891/1257 3262/3844/1257
f 3255/3837/1129 3270/3883/1129 3271/3884/1129
f 3263/3845/166 3278/3891/166 3279/3892/166
f 3256/3838/167 3271/3884/167 3272/3885/167
f 3264/3846/1130 3279/3892/1130 3280/3893/1130
f 3256/3838/640 3273/3886/640 3257/3839/640
f 3264/3846/1131 3281/3894/1131 3265/3847/1131
f 3257/3839/171 3274/3887/171 3258/3840/171
f 3251/3833/172 3266/3853/172 3267/3880/172
f 3492/4110/173 3265/3847/173 3281/3894/173
f 3259/3841/174 3274/3887/174 3275/3888/174
f 3271/3884/175 3287/3900/175 3272/3885/175
f 3280/3893/1132 3294/3907/1132 3295/3908/1132
f 3273/3886/177 3287/3900/177 3288/3901/177
f 3280/3893/1133 3296/3909/1133 3281/3894/1133
f 3273/3886/1134 3289/3902/1134 3274/3887/1134
f 3267/3880/1135 3266/3854/1135 3282/3895/1135
f 3492/4111/1136 3281/3894/1136 3296/3909/1136
f 3275/3888/1039 3289/3902/1039 3290/3903/1039
f 3268/3881/1137 3282/3895/1137 3283/3896/1137
f 3275/3888/184 3291/3904/184 3276/3889/184
f 3268/3881/185 3284/3897/185 3269/3882/185
f 3277/3890/186 3291/3904/186 3292/3905/186
f 3270/3883/187 3284/3897/187 3285/3898/187
f 3277/3890/899 3293/3906/899 3278/3891/899
f 3271/3884/649 3285/3898/649 3286/3899/649
f 3278/3891/1041 3294/3907/1041 3279/3892/1041
f 3290/3903/191 3306/3919/191 3291/3904/191
f 3283/3896/192 3299/3912/192 3284/3897/192
f 3292/3905/1139 3306/3919/1139 3307/3920/1139
f 3285/3898/194 3299/3912/194 3300/3913/194
f 3293/3906/1140 3307/3920/1140 3308/3921/1140
f 3285/3898/1141 3301/3914/1141 3286/3899/1141
f 3293/3906/1142 3309/3922/1142 3294/3907/1142
f 3286/3899/198 3302/3915/198 3287/3900/198
f 3295/3908/199 3309/3922/199 3310/3923/199
f 3288/3901/1043 3302/3915/1043 3303/3916/1043
f 3296/3909/201 3310/3923/201 3311/3924/201
f 3288/3901/656 3304/3917/656 3289/3902/656
f 3282/3895/203 3266/3855/203 3297/3910/203
f 3492/4112/204 3296/3909/204 3311/3924/204
f 3290/3903/205 3304/3917/205 3305/3918/205
f 3282/3895/1143 3298/3911/1143 3283/3896/1143
f 3309/3922/207 3325/3938/207 3310/3923/207
f 3303/3916/1044 3317/3930/1044 3318/3931/1044
f 3310/3923/209 3326/3939/209 3311/3924/209
f 3304/3917/659 3318/3931/659 3319/3932/659
f 3297/3910/211 3266/3856/211 3312/3925/211
f 3492/4113/212 3311/3924/212 3326/3939/212
f 3304/3917/213 3320/3933/213 3305/3918/213
f 3298/3911/1144 3312/3925/1144 3313/3926/1144
f 3305/3918/1045 3321/3934/1045 3306/3919/1045
f 3299/3912/216 3313/3926/216 3314/3927/216
f 3307/3920/1309 3321/3934/1309 3322/3935/1309
f 3299/3912/218 3315/3928/218 3300/3913/218
f 3307/3920/1145 3323/3936/1145 3308/3921/1145
f 3301/3914/1146 3315/3928/1146 3316/3929/1146
f 3309/3922/1147 3323/3936/1147 3324/3937/1147
f 3301/3914/222 3317/3930/222 3302/3915/222
f 3321/3934/223 3337/3950/223 3322/3935/223
f 3314/3927/224 3330/3943/224 3315/3928/224
f 3323/3936/909 3337/3950/909 3338/3951/909
f 3315/3928/667 3331/3944/667 3316/3929/667
f 3324/3937/1046 3338/3951/1046 3339/3952/1046
f 3317/3930/228 3331/3944/228 3332/3945/228
f 3324/3937/1148 3340/3953/1148 3325/3938/1148
f 3318/3931/1047 3332/3945/1047 3333/3946/1047
f 3326/3939/1149 3340/3953/1149 3341/3954/1149
f 3319/3932/1150 3333/3946/1150 3334/3947/1150
f 3312/3925/1151 3266/3857/1151 3327/3940/1151
f 3492/4114/1152 3326/3939/1152 3341/3954/1152
f 3319/3932/235 3335/3948/235 3320/3933/235
f 3312/3925/1153 3328/3941/1153 3313/3926/1153
f 3320/3933/237 3336/3949/237 3321/3934/237
f 3314/3927/238 3328/3941/238 3329/3942/238
f 3341/3954/1155 3355/3968/1155 3356/3969/1155
f 3334/3947/240 3348/3961/240 3349/3962/240
f 3327/3940/913 3266/3858/913 3342/3955/913
f 3492/4115/242 3341/3954/242 3356/3969/242
f 3334/3947/243 3350/3963/243 3335/3948/243
f 3327/3940/244 3343/3956/244 3328/3941/244
f 3335/3948/245 3351/3964/245 3336/3949/245
f 3329/3942/246 3343/3956/246 3344/3957/246
f 3337/3950/1156 3351/3964/1156 3352/3965/1156
f 3330/3943/248 3344/3957/248 3345/3958/248
f 3338/3951/1270 3352/3965/1270 3353/3966/1270
f 3330/3943/1158 3346/3959/1158 3331/3944/1158
f 3338/3951/251 3354/3967/251 3339/3952/251
f 3331/3944/252 3347/3960/252 3332/3945/252
f 3339/3952/1159 3355/3968/1159 3340/3953/1159
f 3333/3946/684 3347/3960/684 3348/3961/684
f 3345/3958/255 3359/3972/255 3360/3973/255
f 3352/3965/916 3368/3981/916 3353/3966/916
f 3346/3959/257 3360/3973/257 3361/3974/257
f 3353/3966/258 3369/3982/258 3354/3967/258
f 3346/3959/1310 3362/3975/1310 3347/3960/1310
f 3355/3968/260 3369/3982/260 3370/3983/260
f 3347/3960/261 3363/3976/261 3348/3961/261
f 3355/3968/1160 3371/3984/1160 3356/3969/1160
f 3349/3962/263 3363/3976/263 3364/3977/263
f 3342/3955/920 3266/3859/920 3357/3970/920
f 3492/4116/265 3356/3969/265 3371/3984/265
f 3349/3962/1161 3365/3978/1161 3350/3963/1161
f 3343/3956/267 3357/3970/267 3358/3971/267
f 3351/3964/694 3365/3978/694 3366/3979/694
f 3343/3956/695 3359/3972/695 3344/3957/695
f 3352/3965/1162 3366/3979/1162 3367/3980/1162
f 3363/3976/271 3379/3992/271 3364/3977/271
f 3357/3970/272 3266/3860/272 3372/3985/272
f 3492/4117/1311 3371/3984/1311 3386/3999/1311
f 3365/3978/274 3379/3992/274 3380/3993/274
f 3358/3971/275 3372/3985/275 3373/3986/275
f 3366/3979/1163 3380/3993/1163 3381/3994/1163
f 3359/3972/277 3373/3986/277 3374/3987/277
f 3366/3979/278 3382/3995/278 3367/3980/278
f 3359/3972/1054 3375/3988/1054 3360/3973/1054
f 3368/3981/700 3382/3995/700 3383/3996/700
f 3360/3973/281 3376/3989/281 3361/3974/281
f 3369/3982/282 3383/3996/282 3384/3997/282
f 3362/3975/1164 3376/3989/1164 3377/3990/1164
f 3369/3982/284 3385/3998/284 3370/3983/284
f 3362/3975/928 3378/3991/928 3363/3976/928
f 3370/3983/1165 3386/3999/1165 3371/3984/1165
f 3383/3996/704 3397/4010/704 3398/4011/704
f 3375/3988/288 3391/4004/288 3376/3989/288
f 3384/3997/289 3398/4011/289 3399/4012/289
f 3377/3990/1312 3391/4004/1312 3392/4005/1312
f 3384/3997/291 3400/4013/291 3385/3998/291
f 3378/3991/706 3392/4005/706 3393/4006/706
f 3386/3999/293 3400/4013/293 3401/4014/293
f 3379/3992/294 3393/4006/294 3394/4007/294
f 3372/3985/1055 3266/3861/1055 3387/4000/1055
f 3492/4118/1166 3386/3999/1166 3401/4014/1166
f 3379/3992/297 3395/4008/297 3380/3993/297
f 3372/3985/298 3388/4001/298 3373/3986/298
f 3380/3993/710 3396/4009/710 3381/3994/710
f 3374/3987/300 3388/4001/300 3389/4002/300
f 3381/3994/1167 3397/4010/1167 3382/3995/1167
f 3374/3987/302 3390/4003/302 3375/3988/302
f 3387/4000/303 3266/3862/303 3402/4015/303
f 3492/4119/712 3401/4014/712 3416/4029/712
f 3394/4007/1168 3410/4023/1168 3395/4008/1168
f 3388/4001/306 3402/4015/306 3403/4016/306
f 3396/4009/307 3410/4023/307 3411/4024/307
f 3389/4002/1169 3403/4016/1169 3404/4017/1169
f 3397/4010/309 3411/4024/309 3412/4025/309
f 3389/4002/310 3405/4018/310 3390/4003/310
f 3397/4010/1170 3413/4026/1170 3398/4011/1170
f 3391/4004/934 3405/4018/934 3406/4019/934
f 3399/4012/313 3413/4026/313 3414/4027/313
f 3391/4004/718 3407/4020/718 3392/4005/718
f 3399/4012/315 3415/4028/315 3400/4013/315
f 3392/4005/316 3408/4021/316 3393/4006/316
f 3400/4013/1171 3416/4029/1171 3401/4014/1171
f 3394/4007/318 3408/4021/318 3409/4022/318
f 3406/4019/319 3420/4033/319 3421/4034/319
f 3414/4027/1172 3428/4041/1172 3429/4042/1172
f 3406/4019/321 3422/4035/321 3407/4020/321
f 3415/4028/937 3429/4042/937 3430/4043/937
f 3408/4021/323 3422/4035/323 3423/4036/323
f 3415/4028/1173 3431/4044/1173 3416/4029/1173
f 3409/4022/325 3423/4036/325 3424/4037/325
f 3402/4015/326 3266/3863/326 3417/4030/326
f 3492/4120/722 3416/4029/722 3431/4044/722
f 3409/4022/328 3425/4038/328 3410/4023/328
f 3403/4016/329 3417/4030/329 3418/4031/329
f 3410/4023/330 3426/4039/330 3411/4024/330
f 3403/4016/1174 3419/4032/1174 3404/4017/1174
f 3412/4025/723 3426/4039/723 3427/4040/723
f 3404/4017/1313 3420/4033/1313 3405/4018/1313
f 3412/4025/334 3428/4041/334 3413/4026/334
f 3425/4038/335 3439/4052/335 3440/4053/335
f 3417/4030/336 3433/4046/336 3418/4031/336
f 3426/4039/337 3440/4053/337 3441/4054/337
f 3419/4032/338 3433/4046/338 3434/4047/338
f 3426/4039/339 3442/4055/339 3427/4040/339
f 3420/4033/1175 3434/4047/1175 3435/4048/1175
f 3428/4041/341 3442/4055/341 3443/4056/341
f 3420/4033/726 3436/4049/726 3421/4034/726
f 3428/4041/1176 3444/4057/1176 3429/4042/1176
f 3422/4035/344 3436/4049/344 3437/4050/344
f 3429/4042/1177 3445/4058/1177 3430/4043/1177
f 3422/4035/346 3438/4051/346 3423/4036/346
f 3431/4044/347 3445/4058/347 3446/4059/347
f 3423/4036/348 3439/4052/348 3424/4037/348
f 3417/4030/729 3266/3864/729 3432/4045/729
f 3492/4121/350 3431/4044/350 3446/4059/350
f 3444/4057/945 3458/4071/945 3459/4072/945
f 3437/4050/731 3451/4064/731 3452/4065/731
f 3444/4057/732 3460/4073/732 3445/4058/732
f 3438/4051/354 3452/4065/354 3453/4066/354
f 3446/4059/1068 3460/4073/1068 3461/4074/1068
f 3438/4051/356 3454/4067/356 3439/4052/356
f 3432/4045/734 3266/3865/734 3447/4060/734
f 3492/4122/735 3446/4059/735 3461/4074/735
f 3440/4053/736 3454/4067/736 3455/4068/736
f 3432/4045/1071 3448/4061/1071 3433/4046/1071
f 3440/4053/361 3456/4069/361 3441/4054/361
f 3434/4047/738 3448/4061/738 3449/4062/738
f 3441/4054/363 3457/4070/363 3442/4055/363
f 3434/4047/364 3450/4063/364 3435/4048/364
f 3443/4056/1281 3457/4070/1281 3458/4071/1281
f 3435/4048/366 3451/4064/366 3436/4049/366
f 3456/4069/1073 3470/4083/1073 3471/4084/1073
f 3448/4061/368 3464/4077/368 3449/4062/368
f 3457/4070/1179 3471/4084/1179 3472/4085/1179
f 3449/4062/370 3465/4078/370 3450/4063/370
f 3457/4070/1180 3473/4086/1180 3458/4071/1180
f 3451/4064/372 3465/4078/372 3466/4079/372
f 3459/4072/373 3473/4086/373 3474/4087/373
f 3451/4064/1314 3467/4080/1314 3452/4065/1314
f 3460/4073/1181 3474/4087/1181 3475/4088/1181
f 3452/4065/1182 3468/4081/1182 3453/4066/1182
f 3460/4073/377 3476/4089/377 3461/4074/377
f 3453/4066/378 3469/4082/378 3454/4067/378
f 3447/4060/743 3266/3866/743 3462/4075/743
f 3492/4123/1315 3461/4074/1315 3476/4089/1315
f 3455/4068/381 3469/4082/381 3470/4083/381
f 3448/4061/382 3462/4075/382 3463/4076/382
f 3475/4088/383 3489/4102/383 3490/4103/383
f 3468/4081/384 3482/4095/384 3483/4096/384
f 3476/4089/1184 3490/4103/1184 3491/4104/1184
f 3469/4082/747 3483/4096/747 3484/4097/747
f 3462/4075/1185 3266/3867/1185 3477/4090/1185
f 3492/4124/1186 3476/4089/1186 3491/4104/1186
f 3469/4082/389 3485/4098/389 3470/4083/389
f 3462/4075/749 3478/4091/749 3463/4076/749
f 3470/4083/391 3486/4099/391 3471/4084/391
f 3463/4076/392 3479/4092/392 3464/4077/392
f 3472/4085/1187 3486/4099/1187 3487/4100/1187
f 3465/4078/1188 3479/4092/1188 3480/4093/1188
f 3472/4085/395 3488/4101/395 3473/4086/395
f 3466/4079/396 3480/4093/396 3481/4094/396
f 3473/4086/397 3489/4102/397 3474/4087/397
f 3466/4079/398 3482/4095/398 3467/4080/398
f 3479/4092/1190 3494/4138/1190 3495/4139/1190
f 3486/4099/1316 3503/4147/1316 3487/4100/1316
f 3479/4092/1191 3496/4140/1191 3480/4093/1191
f 3488/4101/963 3503/4147/963 3504/4148/963
f 3480/4093/403 3497/4141/403 3481/4094/403
f 3489/4102/404 3504/4148/404 3505/4149/404
f 3482/4095/405 3497/4141/405 3498/4142/405
f 3489/4102/406 3506/4150/406 3490/4103/406
f 3483/4096/761 3498/4142/761 3499/4143/761
f 3491/4104/1192 3506/4150/1192 3507/4151/1192
f 3483/4096/1317 3500/4144/1317 3484/4097/1317
f 3477/4090/965 3266/3868/965 3493/4137/965
f 3492/4125/411 3491/4104/411 3507/4151/411
f 3485/4098/412 3500/4144/412 3501/4145/412
f 3477/4090/413 3494/4138/413 3478/4091/413
f 3485/4098/414 3502/4146/414 3486/4099/414
f 3498/4142/767 3514/4158/767 3499/4143/767
f 3506/4150/969 3522/4166/969 3507/4151/969
f 3500/4144/417 3514/4158/417 3515/4159/417
f 3493/4137/418 3266/3869/418 3508/4152/418
f 3492/4126/419 3507/4151/419 3522/4166/419
f 3500/4144/1284 3516/4160/1284 3501/4145/1284
f 3494/4138/421 3508/4152/421 3509/4153/421
f 3502/4146/1195 3516/4160/1195 3517/4161/1195
f 3494/4138/423 3510/4154/423 3495/4139/423
f 3502/4146/1196 3518/4162/1196 3503/4147/1196
f 3495/4139/425 3511/4155/425 3496/4140/425
f 3503/4147/426 3519/4163/426 3504/4148/426
f 3497/4141/771 3511/4155/771 3512/4156/771
f 3505/4149/1197 3519/4163/1197 3520/4164/1197
f 3498/4142/429 3512/4156/429 3513/4157/429
f 3506/4150/1198 3520/4164/1198 3521/4165/1198
f 3518/4162/431 3532/4176/431 3533/4177/431
f 3511/4155/1318 3525/4169/1318 3526/4170/1318
f 3518/4162/775 3534/4178/775 3519/4163/775
f 3512/4156/434 3526/4170/434 3527/4171/434
f 3519/4163/1319 3535/4179/1319 3520/4164/1319
f 3512/4156/1199 3528/4172/1199 3513/4157/1199
f 3521/4165/779 3535/4179/779 3536/4180/779
f 3513/4157/1200 3529/4173/1200 3514/4158/1200
f 3521/4165/439 3537/4181/439 3522/4166/439
f 3515/4159/1201 3529/4173/1201 3530/4174/1201
f 3508/4152/975 3266/3870/975 3523/4167/975
f 3492/4127/782 3522/4166/782 3537/4181/782
f 3515/4159/783 3531/4175/783 3516/4160/783
f 3509/4153/444 3523/4167/444 3524/4168/444
f 3517/4161/445 3531/4175/445 3532/4176/445
f 3509/4153/1085 3525/4169/1085 3510/4154/1085
f 3537/4181/1202 3551/4208/1202 3552/4210/1202
f 3530/4174/1203 3544/4194/1203 3545/4196/1203
f 3523/4167/449 3266/3871/449 3538/4182/449
f 3492/4128/450 3537/4181/450 3552/4210/450
f 3530/4174/788 3546/4198/788 3531/4175/788
f 3523/4167/789 3539/4184/789 3524/4168/789
f 3532/4176/453 3546/4198/453 3547/4200/453
f 3524/4168/791 3540/4186/791 3525/4169/791
f 3532/4176/455 3548/4202/455 3533/4177/455
f 3526/4170/456 3540/4186/456 3541/4188/456
f 3534/4178/457 3548/4202/457 3549/4204/457
f 3526/4170/1204 3542/4190/1204 3527/4171/1204
f 3534/4178/459 3550/4206/459 3535/4179/459
f 3528/4172/1205 3542/4190/1205 3543/4192/1205
f 3536/4180/461 3550/4206/461 3551/4208/461
f 3528/4172/462 3544/4194/462 3529/4173/462
f 3540/4187/463 3556/4215/463 3541/4189/463
f 3548/4203/464 3564/4223/464 3549/4205/464
f 3542/4191/1206 3556/4215/1206 3557/4216/1206
f 3550/4207/466 3564/4223/466 3565/4224/466
f 3542/4191/1207 3558/4217/1207 3543/4193/1207
f 3550/4207/468 3566/4225/468 3551/4209/468
f 3544/4195/1208 3558/4217/1208 3559/4218/1208
f 3551/4209/1209 3567/4226/1209 3552/4211/1209
f 3545/4197/1210 3559/4218/1210 3560/4219/1210
f 3538/4183/472 3266/3872/472 3553/4212/472
f 3492/4129/473 3552/4211/473 3567/4226/473
f 3545/4197/806 3561/4220/806 3546/4199/806
f 3539/4185/807 3553/4212/807 3554/4213/807
f 3546/4199/1211 3562/4221/1211 3547/4201/1211
f 3540/4187/808 3554/4213/808 3555/4214/808
f 3548/4203/478 3562/4221/478 3563/4222/478
f 3560/4219/1212 3574/4233/1212 3575/4234/1212
f 3553/4212/984 3266/3873/984 3568/4227/984
f 3492/4130/810 3567/4226/810 3582/4241/810
f 3560/4219/811 3576/4235/811 3561/4220/811
f 3553/4212/483 3569/4228/483 3554/4213/483
f 3561/4220/484 3577/4236/484 3562/4221/484
f 3555/4214/1089 3569/4228/1089 3570/4229/1089
f 3562/4221/486 3578/4237/486 3563/4222/486
f 3555/4214/813 3571/4230/813 3556/4215/813
f 3564/4223/814 3578/4237/814 3579/4238/814
f 3556/4215/489 3572/4231/489 3557/4216/489
f 3565/4224/1294 3579/4238/1294 3580/4239/1294
f 3558/4217/1213 3572/4231/1213 3573/4232/1213
f 3565/4224/818 3581/4240/818 3566/4225/818
f 3559/4218/819 3573/4232/819 3574/4233/819
f 3567/4226/1214 3581/4240/1214 3582/4241/1214
f 3579/4238/821 3593/4252/821 3594/4253/821
f 3571/4230/1215 3587/4246/1215 3572/4231/1215
f 3579/4238/1216 3595/4254/1216 3580/4239/1216
f 3572/4231/498 3588/4247/498 3573/4232/498
f 3580/4239/1217 3596/4255/1217 3581/4240/1217
f 3574/4233/824 3588/4247/824 3589/4248/824
f 3582/4241/1219 3596/4255/1219 3597/4256/1219
f 3575/4234/502 3589/4248/502 3590/4249/502
f 3568/4227/989 3266/3874/989 3583/4242/989
f 3492/4131/504 3582/4241/504 3597/4256/504
f 3575/4234/505 3591/4250/505 3576/4235/505
f 3568/4227/506 3584/4243/506 3569/4228/506
f 3576/4235/507 3592/4251/507 3577/4236/507
f 3570/4229/508 3584/4243/508 3585/4244/508
f 3578/4237/1222 3592/4251/1222 3593/4252/1222
f 3571/4230/510 3585/4244/510 3586/4245/510
f 3492/4132/511 3597/4256/511 3612/4271/511
f 3590/4249/828 3606/4265/828 3591/4250/828
f 3584/4243/513 3598/4257/513 3599/4258/513
f 3592/4251/514 3606/4265/514 3607/4266/514
f 3584/4243/1223 3600/4259/1223 3585/4244/1223
f 3593/4252/516 3607/4266/516 3608/4267/516
f 3586/4245/1095 3600/4259/1095 3601/4260/1095
f 3593/4252/996 3609/4268/996 3594/4253/996
f 3587/4246/833 3601/4260/833 3602/4261/833
f 3594/4253/1224 3610/4269/1224 3595/4254/1224
f 3587/4246/1225 3603/4262/1225 3588/4247/1225
f 3596/4255/522 3610/4269/522 3611/4270/522
f 3588/4247/523 3604/4263/523 3589/4248/523
f 3596/4255/1226 3612/4271/1226 3597/4256/1226
f 3590/4249/1320 3604/4263/1320 3605/4264/1320
f 3583/4242/998 3266/3875/998 3598/4257/998
f 3610/4269/527 3624/4283/527 3625/4284/527
f 3603/4262/528 3617/4276/528 3618/4277/528
f 3611/4270/1097 3625/4284/1097 3626/4285/1097
f 3603/4262/1321 3619/4278/1321 3604/4263/1321
f 3612/4271/1298 3626/4285/1298 3627/4286/1298
f 3604/4263/532 3620/4279/532 3605/4264/532
f 3598/4257/1228 3266/3876/1228 3613/4272/1228
f 3492/4133/1229 3612/4271/1229 3627/4286/1229
f 3606/4265/535 3620/4279/535 3621/4280/535
f 3598/4257/536 3614/4273/536 3599/4258/536
f 3607/4266/537 3621/4280/537 3622/4281/537
f 3599/4258/1100 3615/4274/1100 3600/4259/1100
f 3607/4266/1231 3623/4282/1231 3608/4267/1231
f 3600/4259/540 3616/4275/540 3601/4260/540
f 3609/4268/1102 3623/4282/1102 3624/4283/1102
f 3601/4260/542 3617/4276/542 3602/4261/542
f 3614/4273/1003 3628/4287/1003 3629/4288/1003
f 3621/4280/1103 3637/4296/1103 3622/4281/1103
f 3615/4274/545 3629/4288/545 3630/4289/545
f 3622/4281/1233 3638/4297/1233 3623/4282/1233
f 3615/4274/547 3631/4290/547 3616/4275/547
f 3624/4283/1234 3638/4297/1234 3639/4298/1234
f 3616/4275/549 3632/4291/549 3617/4276/549
f 3625/4284/550 3639/4298/550 3640/4299/550
f 3618/4277/1322 3632/4291/1322 3633/4292/1322
f 3625/4284/1007 3641/4300/1007 3626/4285/1007
f 3619/4278/1235 3633/4292/1235 3634/4293/1235
f 3626/4285/1236 3642/4301/1236 3627/4286/1236
f 3620/4279/555 3634/4293/555 3635/4294/555
f 3613/4272/845 3266/3877/845 3628/4287/845
f 3492/4134/1323 3627/4286/1323 3642/4301/1323
f 3620/4279/558 3636/4295/558 3621/4280/558
f 3632/4291/847 3648/4307/847 3633/4292/847
f 3640/4299/1106 3656/4315/1106 3641/4300/1106
f 3633/4292/561 3649/4308/561 3634/4293/561
f 3641/4300/1107 3657/4316/1107 3642/4301/1107
f 3635/4294/563 3649/4308/563 3650/4309/563
f 3628/4287/850 3266/3878/850 3643/4302/850
f 3492/4135/851 3642/4301/851 3657/4316/851
f 3635/4294/1238 3651/4310/1238 3636/4295/1238
f 3629/4288/567 3643/4302/567 3644/4303/567
f 3637/4296/853 3651/4310/853 3652/4311/853
f 3630/4289/1015 3644/4303/1015 3645/4304/1015
f 3638/4297/570 3652/4311/570 3653/4312/570
f 3630/4289/1239 3646/4305/1239 3631/4290/1239
f 3638/4297/1300 3654/4313/1300 3639/4298/1300
f 3632/4291/573 3646/4305/573 3647/4306/573
f 3640/4299/857 3654/4313/857 3655/4314/857
f 3651/4310/575 3662/4321/575 3652/4311/575
f 3645/4304/1241 3659/4318/1241 3185/3767/1241
f 3653/4312/577 3662/4321/577 3190/3772/577
f 3645/4304/578 3660/4319/578 3646/4305/578
f 3653/4312/579 3663/4322/579 3654/4313/579
f 3647/4306/1242 3660/4319/1242 3186/3768/1242
f 3655/4314/1243 3663/4322/1243 3664/4323/1243
f 3647/4306/582 3661/4320/582 3648/4307/582
f 3655/4314/583 3665/4324/583 3656/4315/583
f 3649/4308/584 3661/4320/584 3187/3769/584
f 3657/4316/585 3665/4324/585 3666/4325/585
f 3650/4309/1244 3187/3769/1244 3188/3770/1244
f 3643/4302/862 3266/3879/862 3658/4317/862
f 3492/4136/588 3657/4316/588 3666/4325/588
f 3650/4309/1021 3189/3771/1021 3651/4310/1021
f 3643/4302/590 3659/4318/590 3644/4303/590
f 3706/4378/65 3670/4335/65 3688/4357/65
f 3722/4398/1324 3689/4358/1324 3732/4410/1324
f 3698/4370/67 3690/4359/67 3705/4377/67
f 3742/4422/71 3687/4355/71 3746/4426/71
f 3697/4369/70 3723/4400/70 3736/4414/70
f 3696/4367/69 3742/4421/69 3758/4440/69
f 3743/4423/71 3715/4389/71 3750/4430/71
f 3699/4371/67 3718/4392/67 3720/4394/67
f 3726/4404/68 3717/4391/68 3739/4417/68
f 3700/4372/65 3716/4390/65 3719/4393/65
f 3744/4424/71 3712/4385/71 3749/4429/71
f 3701/4373/67 3711/4383/67 3714/4387/67
f 3737/4415/68 3681/4348/68 3710/4382/68
f 3702/4374/65 3709/4381/65 3713/4386/65
f 3703/4375/65 3691/4360/65 3708/4380/65
f 3734/4412/68 3684/4351/68 3692/4361/68
f 3704/4376/67 3693/4362/67 3707/4379/67
f 3745/4425/71 3694/4363/71 3747/4427/71
f 3746/4426/71 3679/4345/71 3744/4424/71
f 3705/4377/67 3682/4349/67 3701/4373/67
f 3732/4410/68 3681/4348/68 3728/4406/68
f 3702/4374/65 3688/4357/65 3680/4347/65
f 3747/4427/71 3667/4327/71 3752/4433/71
f 3707/4379/67 3671/4336/67 3697/4369/67
f 3734/4412/1325 3673/4338/1325 3721/4396/1325
f 3708/4380/65 3669/4333/65 3695/4365/65
f 3694/4364/65 3695/4365/65 3667/4326/65
f 3673/4338/67 3707/4379/67 3697/4369/67
f 3687/4356/65 3702/4374/65 3679/4346/65
f 3689/4358/67 3701/4373/67 3681/4348/67
f 3684/4351/67 3707/4379/67 3692/4361/67
f 3686/4353/65 3708/4380/65 3694/4364/65
f 3679/4346/65 3713/4386/65 3712/4384/65
f 3681/4348/67 3714/4387/67 3710/4382/67
f 3675/4340/65 3719/4393/65 3715/4388/65
f 3677/4343/67 3720/4394/67 3717/4391/67
f 3670/4334/1326 3758/4440/1326 3751/4431/1326
f 3673/4338/1327 3736/4414/1327 3721/4395/1327
f 3674/4339/67 3705/4377/67 3689/4358/67
f 3668/4331/65 3706/4378/65 3687/4356/65
f 3710/4382/67 3699/4371/67 3677/4343/67
f 3712/4384/65 3700/4372/65 3675/4340/65
f 3713/4386/65 3676/4342/65 3700/4372/65
f 3737/4415/68 3677/4343/68 3726/4404/68
f 3714/4387/67 3678/4344/67 3699/4371/67
f 3749/4429/71 3675/4341/71 3743/4423/71
f 3717/4391/67 3704/4376/67 3684/4351/67
f 3715/4388/65 3703/4375/65 3686/4353/65
f 3703/4375/65 3716/4390/65 3683/4350/65
f 3739/4417/68 3684/4351/68 3729/4407/68
f 3720/4394/67 3685/4352/67 3704/4376/67
f 3750/4430/71 3686/4354/71 3745/4425/71
f 3718/4392/71 3730/4408/71 3685/4352/71
f 3765/4449/68 3739/4417/68 3729/4407/68
f 3711/4383/71 3725/4403/71 3678/4344/71
f 3769/4453/1328 3726/4404/1328 3763/4447/1328
f 3721/4395/1327 3778/4464/1327 3771/4456/1327
f 3722/4397/1326 3698/4370/1326 3674/4339/1326
f 3767/4451/1325 3721/4396/1325 3771/4455/1325
f 3693/4362/71 3723/4399/71 3671/4336/71
f 3766/4450/68 3728/4406/68 3764/4448/68
f 3690/4359/71 3727/4405/71 3682/4349/71
f 3685/4352/71 3733/4411/71 3693/4362/71
f 3767/4451/68 3729/4407/68 3734/4412/68
f 3764/4448/1329 3737/4415/1329 3769/4453/1329
f 3682/4349/71 3738/4416/71 3711/4383/71
f 3763/4447/1328 3739/4417/1328 3770/4454/1328
f 3678/4344/71 3740/4418/71 3718/4392/71
f 3735/4413/69 3672/4337/69 3698/4370/69
f 3736/4414/70 3762/4446/70 3778/4464/70
f 3672/4337/71 3731/4409/71 3690/4359/71
f 3761/4444/1324 3732/4410/1324 3766/4450/1324
f 3670/4335/1324 3756/4438/1324 3688/4357/1324
f 3748/4428/70 3667/4328/70 3695/4366/70
f 3676/4342/68 3760/4442/68 3716/4390/68
f 3680/4347/1330 3759/4441/1330 3709/4381/1330
f 3683/4350/68 3757/4439/68 3691/4360/68
f 3688/4357/68 3754/4436/68 3680/4347/68
f 3691/4360/1325 3741/4419/1325 3669/4333/1325
f 3741/4420/1327 3695/4366/1327 3669/4332/1327
f 3709/4381/68 3753/4435/68 3676/4342/68
f 3716/4390/1331 3755/4437/1331 3683/4350/1331
f 3780/4466/71 3745/4425/71 3775/4461/71
f 3779/4465/71 3743/4423/71 3773/4459/71
f 3751/4431/1326 3768/4452/1326 3761/4443/1326
f 3777/4463/71 3752/4433/71 3762/4445/71
f 3776/4462/71 3744/4424/71 3774/4460/71
f 3775/4461/71 3747/4427/71 3777/4463/71
f 3774/4460/71 3749/4429/71 3779/4465/71
f 3773/4459/71 3750/4430/71 3780/4466/71
f 3758/4440/69 3772/4458/69 3768/4452/69
f 3772/4457/71 3746/4426/71 3776/4462/71
f 3724/4401/71 3776/4462/71 3731/4409/71
f 3768/4452/69 3724/4402/69 3735/4413/69
f 3725/4403/71 3780/4466/71 3740/4418/71
f 3727/4405/71 3779/4465/71 3738/4416/71
f 3730/4408/71 3777/4463/71 3733/4411/71
f 3731/4409/71 3774/4460/71 3727/4405/71
f 3733/4411/71 3762/4445/71 3723/4399/71
f 3761/4443/1326 3735/4413/1326 3722/4397/1326
f 3738/4416/71 3773/4459/71 3725/4403/71
f 3740/4418/71 3775/4461/71 3730/4408/71
f 3751/4432/1324 3766/4450/1324 3756/4438/1324
f 3778/4464/70 3752/4434/70 3748/4428/70
f 3753/4435/68 3770/4454/68 3760/4442/68
f 3754/4436/1330 3769/4453/1330 3759/4441/1330
f 3755/4437/68 3767/4451/68 3757/4439/68
f 3756/4438/68 3764/4448/68 3754/4436/68
f 3757/4439/1325 3771/4455/1325 3741/4419/1325
f 3771/4456/1327 3748/4428/1327 3741/4420/1327
f 3759/4441/68 3763/4447/68 3753/4435/68
f 3760/4442/1331 3765/4449/1331 3755/4437/1331
f 4254/5017/1173 3788/4474/1173 4255/5018/1173
f 4258/5021/323 3795/4481/323 3796/4482/323
f 3781/4467/1332 3788/4474/1332 3789/4475/1332
f 3786/4472/321 3796/4482/321 3797/4483/321
f 3781/4467/1172 3790/4476/1172 4256/5019/1172
f 3786/4472/319 3798/4484/319 4259/5022/319
f 3782/4468/334 3790/4476/334 3791/4477/334
f 4260/5023/333 3798/4484/333 3799/4485/333
f 3782/4468/723 3792/4478/723 4257/5020/723
f 4260/5023/331 3800/4486/331 4261/5024/331
f 4257/5020/330 3793/4479/330 3783/4469/330
f 4262/5025/329 3800/4486/329 3801/4487/329
f 3784/4470/328 3793/4479/328 3794/4480/328
f 4254/5017/939 3862/4548/939 3787/4473/939
f 4088/4805/1333 4262/5025/1333 3801/4487/1333
f 3784/4470/325 3795/4481/325 3785/4471/325
f 3787/4473/712 3862/4549/712 3802/4488/712
f 4088/4806/303 3801/4487/303 3816/4502/303
f 3794/4480/318 3810/4496/318 3795/4481/318
f 3787/4473/1171 3803/4489/1171 3788/4474/1171
f 3795/4481/316 3811/4497/316 3796/4482/316
f 3789/4475/315 3803/4489/315 3804/4490/315
f 3797/4483/718 3811/4497/718 3812/4498/718
f 3789/4475/313 3805/4491/313 3790/4476/313
f 3797/4483/934 3813/4499/934 3798/4484/934
f 3791/4477/717 3805/4491/717 3806/4492/717
f 3799/4485/1334 3813/4499/1334 3814/4500/1334
f 3791/4477/309 3807/4493/309 3792/4478/309
f 3799/4485/1169 3815/4501/1169 3800/4486/1169
f 3793/4479/307 3807/4493/307 3808/4494/307
f 3801/4487/1059 3815/4501/1059 3816/4502/1059
f 3794/4480/1168 3808/4494/1168 3809/4495/1168
f 3805/4491/287 3821/4507/287 3806/4492/287
f 3814/4500/302 3828/4514/302 3829/4515/302
f 3806/4492/1167 3822/4508/1167 3807/4493/1167
f 3815/4501/300 3829/4515/300 3830/4516/300
f 3808/4494/299 3822/4508/299 3823/4509/299
f 3815/4501/298 3831/4517/298 3816/4502/298
f 3808/4494/297 3824/4510/297 3809/4495/297
f 3802/4488/930 3862/4550/930 3817/4503/930
f 4088/4807/1335 3816/4502/1335 3831/4517/1335
f 3810/4496/294 3824/4510/294 3825/4511/294
f 3803/4489/293 3817/4503/293 3818/4504/293
f 3810/4496/706 3826/4512/706 3811/4497/706
f 3803/4489/291 3819/4505/291 3804/4490/291
f 3812/4498/1312 3826/4512/1312 3827/4513/1312
f 3804/4490/289 3820/4506/289 3805/4491/289
f 3813/4499/288 3827/4513/288 3828/4514/288
f 3824/4510/271 3840/4526/271 3825/4511/271
f 3817/4503/286 3833/4519/286 3818/4504/286
f 3826/4512/285 3840/4526/285 3841/4527/285
f 3818/4504/1336 3834/4520/1336 3819/4505/1336
f 3826/4512/283 3842/4528/283 3827/4513/283
f 3819/4505/282 3835/4521/282 3820/4506/282
f 3827/4513/281 3843/4529/281 3828/4514/281
f 3821/4507/280 3835/4521/280 3836/4522/280
f 3829/4515/1054 3843/4529/1054 3844/4530/1054
f 3822/4508/278 3836/4522/278 3837/4523/278
f 3830/4516/1337 3844/4530/1337 3845/4531/1337
f 3822/4508/1163 3838/4524/1163 3823/4509/1163
f 3831/4517/1338 3845/4531/1338 3846/4532/1338
f 3824/4510/274 3838/4524/274 3839/4525/274
f 3817/4503/273 3862/4551/273 3832/4518/273
f 4088/4808/697 3831/4517/697 3846/4532/697
f 3843/4529/255 3859/4545/255 3844/4530/255
f 3836/4522/1162 3852/4538/1162 3837/4523/1162
f 3845/4531/695 3859/4545/695 3860/4546/695
f 3837/4523/1339 3853/4539/1339 3838/4524/1339
f 3845/4531/267 3861/4547/267 3846/4532/267
f 3839/4525/1161 3853/4539/1161 3854/4540/1161
f 3832/4518/1340 3862/4552/1340 3847/4533/1340
f 4088/4809/1341 3846/4532/1341 3861/4547/1341
f 3839/4525/1342 3855/4541/1342 3840/4526/1342
f 3833/4519/1052 3847/4533/1052 3848/4534/1052
f 3841/4527/918 3855/4541/918 3856/4542/918
f 3833/4519/260 3849/4535/260 3834/4520/260
f 3842/4528/259 3856/4542/259 3857/4543/259
f 3835/4521/1343 3849/4535/1343 3850/4536/1343
f 3842/4528/686 3858/4544/686 3843/4529/686
f 3836/4522/916 3850/4536/916 3851/4537/916
f 3847/4533/675 3864/4581/675 3848/4534/675
f 3856/4542/254 3871/4588/254 3872/4589/254
f 3848/4534/1159 3865/4582/1159 3849/4535/1159
f 3857/4543/682 3872/4589/682 3873/4590/682
f 3850/4536/251 3865/4582/251 3866/4583/251
f 3858/4544/250 3873/4590/250 3874/4591/250
f 3850/4536/1270 3867/4584/1270 3851/4537/1270
f 3858/4544/248 3875/4592/248 3859/4545/248
f 3851/4537/1344 3868/4585/1344 3852/4538/1344
f 3860/4546/1345 3875/4592/1345 3876/4593/1345
f 3852/4538/245 3869/4586/245 3853/4539/245
f 3861/4547/244 3876/4593/244 3877/4594/244
f 3854/4540/243 3869/4586/243 3870/4587/243
f 3847/4533/242 3862/4553/242 3863/4580/242
f 4088/4810/913 3861/4547/913 3877/4594/913
f 3854/4540/240 3871/4588/240 3855/4541/240
f 3867/4584/223 3883/4600/223 3868/4585/223
f 3875/4592/1154 3891/4608/1154 3876/4593/1154
f 3869/4586/237 3883/4600/237 3884/4601/237
f 3876/4593/1153 3892/4609/1153 3877/4594/1153
f 3870/4587/911 3884/4601/911 3885/4602/911
f 3863/4580/1152 3862/4554/1152 3878/4595/1152
f 4088/4811/1151 3877/4594/1151 3892/4609/1151
f 3870/4587/1346 3886/4603/1346 3871/4588/1346
f 3864/4581/1347 3878/4595/1347 3879/4596/1347
f 3871/4588/1047 3887/4604/1047 3872/4589/1047
f 3865/4582/1268 3879/4596/1268 3880/4597/1268
f 3873/4590/228 3887/4604/228 3888/4605/228
f 3865/4582/1348 3881/4598/1348 3866/4583/1348
f 3874/4591/667 3888/4605/667 3889/4606/667
f 3866/4583/909 3882/4599/909 3867/4584/909
f 3875/4592/1349 3889/4606/1349 3890/4607/1349
f 3886/4603/1044 3902/4619/1044 3887/4604/1044
f 3879/4596/207 3895/4612/207 3880/4597/207
f 3887/4604/222 3903/4620/222 3888/4605/222
f 3881/4598/1147 3895/4612/1147 3896/4613/1147
f 3888/4605/220 3904/4621/220 3889/4606/220
f 3882/4599/1145 3896/4613/1145 3897/4614/1145
f 3889/4606/1350 3905/4622/1350 3890/4607/1350
f 3883/4600/217 3897/4614/217 3898/4615/217
f 3891/4608/1351 3905/4622/1351 3906/4623/1351
f 3884/4601/215 3898/4615/215 3899/4616/215
f 3891/4608/214 3907/4624/214 3892/4609/214
f 3884/4601/213 3900/4617/213 3885/4602/213
f 3878/4595/1352 3862/4555/1352 3893/4610/1352
f 4088/4812/1353 3892/4609/1353 3907/4624/1353
f 3886/4603/210 3900/4617/210 3901/4618/210
f 3879/4596/209 3893/4610/209 3894/4611/209
f 3905/4622/1354 3921/4638/1354 3906/4623/1354
f 3898/4615/191 3914/4631/191 3899/4616/191
f 3907/4624/206 3921/4638/206 3922/4639/206
f 3900/4617/205 3914/4631/205 3915/4632/205
f 3893/4610/1355 3862/4556/1355 3908/4625/1355
f 4088/4813/1356 3907/4624/1356 3922/4639/1356
f 3900/4617/202 3916/4633/202 3901/4618/202
f 3893/4610/201 3909/4626/201 3894/4611/201
f 3902/4619/1043 3916/4633/1043 3917/4634/1043
f 3895/4612/199 3909/4626/199 3910/4627/199
f 3903/4620/198 3917/4634/198 3918/4635/198
f 3895/4612/1142 3911/4628/1142 3896/4613/1142
f 3904/4621/196 3918/4635/196 3919/4636/196
f 3896/4613/1140 3912/4629/1140 3897/4614/1140
f 3905/4622/1357 3919/4636/1357 3920/4637/1357
f 3897/4614/193 3913/4630/193 3898/4615/193
f 3917/4634/175 3933/4650/175 3918/4635/175
f 3911/4628/1358 3925/4642/1358 3926/4643/1358
f 3918/4635/649 3934/4651/649 3919/4636/649
f 3912/4629/899 3926/4643/899 3927/4644/899
f 3919/4636/1260 3935/4652/1260 3920/4637/1260
f 3913/4630/186 3927/4644/186 3928/4645/186
f 3921/4638/1138 3935/4652/1138 3936/4653/1138
f 3914/4631/184 3928/4645/184 3929/4646/184
f 3922/4639/1359 3936/4653/1359 3937/4654/1359
f 3914/4631/898 3930/4647/898 3915/4632/898
f 3908/4625/1136 3862/4557/1136 3923/4640/1136
f 4088/4814/1135 3922/4639/1135 3937/4654/1135
f 3916/4633/1360 3930/4647/1360 3931/4648/1360
f 3908/4625/1133 3924/4641/1133 3909/4626/1133
f 3916/4633/177 3932/4649/177 3917/4634/177
f 3909/4626/1259 3925/4642/1259 3910/4627/1259
f 3936/4653/159 3952/4669/159 3937/4654/159
f 3929/4646/174 3945/4662/174 3930/4647/174
f 3923/4640/173 3862/4558/173 3938/4655/173
f 4088/4815/896 3937/4654/896 3952/4669/896
f 3931/4648/171 3945/4662/171 3946/4663/171
f 3924/4641/641 3938/4655/641 3939/4656/641
f 3931/4648/1037 3947/4664/1037 3932/4649/1037
f 3925/4642/1130 3939/4656/1130 3940/4657/1130
f 3932/4649/638 3948/4665/638 3933/4650/638
f 3925/4642/166 3941/4658/166 3926/4643/166
f 3933/4650/165 3949/4666/165 3934/4651/165
f 3927/4644/1257 3941/4658/1257 3942/4659/1257
f 3935/4652/163 3949/4666/163 3950/4667/163
f 3928/4645/1361 3942/4659/1361 3943/4660/1361
f 3935/4652/1362 3951/4668/1362 3936/4653/1362
f 3929/4646/634 3943/4660/634 3944/4661/634
f 3940/4657/1363 3956/4673/1363 3941/4658/1363
f 3949/4666/632 3963/4680/632 3964/4681/632
f 3941/4658/1364 3957/4674/1364 3942/4659/1364
f 3950/4667/156 3964/4681/156 3965/4682/156
f 3943/4660/1126 3957/4674/1126 3958/4675/1126
f 3950/4667/629 3966/4683/629 3951/4668/629
f 3944/4661/1365 3958/4675/1365 3959/4676/1365
f 3952/4669/152 3966/4683/152 3967/4684/152
f 3944/4661/1125 3960/4677/1125 3945/4662/1125
f 3938/4655/1366 3862/4559/1366 3953/4670/1366
f 4088/4816/1367 3952/4669/1367 3967/4684/1367
f 3946/4663/1368 3960/4677/1368 3961/4678/1368
f 3938/4655/1033 3954/4671/1033 3939/4656/1033
f 3946/4663/889 3962/4679/889 3947/4664/889
f 3940/4657/145 3954/4671/145 3955/4672/145
f 3947/4664/144 3963/4680/144 3948/4665/144
f 3959/4676/127 3975/4692/127 3960/4677/127
f 3953/4670/888 3862/4560/888 3968/4685/888
f 4088/4817/620 3967/4684/620 3982/4699/620
f 3961/4678/140 3975/4692/140 3976/4693/140
f 3954/4671/139 3968/4685/139 3969/4686/139
f 3961/4678/138 3977/4694/138 3962/4679/138
f 3955/4672/1369 3969/4686/1369 3970/4687/1369
f 3963/4680/136 3977/4694/136 3978/4695/136
f 3956/4673/1370 3970/4687/1370 3971/4688/1370
f 3964/4681/134 3978/4695/134 3979/4696/134
f 3956/4673/133 3972/4689/133 3957/4674/133
f 3964/4681/1121 3980/4697/1121 3965/4682/1121
f 3957/4674/131 3973/4690/131 3958/4675/131
f 3965/4682/1371 3981/4698/1371 3966/4683/1371
f 3959/4676/1252 3973/4690/1252 3974/4691/1252
f 3966/4683/1372 3982/4699/1372 3967/4684/1372
f 3978/4695/111 3994/4711/111 3979/4696/111
f 3972/4689/126 3986/4703/126 3987/4704/126
f 3979/4696/125 3995/4712/125 3980/4697/125
f 3973/4690/1120 3987/4704/1120 3988/4705/1120
f 3980/4697/123 3996/4713/123 3981/4698/123
f 3973/4690/611 3989/4706/611 3974/4691/611
f 3982/4699/121 3996/4713/121 3997/4714/121
f 3975/4692/120 3989/4706/120 3990/4707/120
f 3968/4685/880 3862/4561/880 3983/4700/880
f 4088/4818/1373 3982/4699/1373 3997/4714/1373
f 3975/4692/117 3991/4708/117 3976/4693/117
f 3968/4685/1029 3984/4701/1029 3969/4686/1029
f 3977/4694/607 3991/4708/607 3992/4709/607
f 3970/4687/114 3984/4701/114 3985/4702/114
f 3977/4694/1305 3993/4710/1305 3978/4695/1305
f 3971/4688/112 3985/4702/112 3986/4703/112
f 3983/4700/597 3862/4562/597 3998/4715/597
f 4088/4819/95 3997/4714/95 4012/4729/95
f 3991/4708/110 4005/4722/110 4006/4723/110
f 3984/4701/109 3998/4715/109 3999/4716/109
f 3992/4709/108 4006/4723/108 4007/4724/108
f 3984/4701/107 4000/4717/107 3985/4702/107
f 3992/4709/604 4008/4725/604 3993/4710/604
f 3986/4703/105 4000/4717/105 4001/4718/105
f 3994/4711/872 4008/4725/872 4009/4726/872
f 3986/4703/603 4002/4719/603 3987/4704/603
f 3994/4711/1251 4010/4727/1251 3995/4712/1251
f 3988/4705/101 4002/4719/101 4003/4720/101
f 3996/4713/100 4010/4727/100 4011/4728/100
f 3988/4705/99 4004/4721/99 3989/4706/99
f 3996/4713/1028 4012/4729/1028 3997/4714/1028
f 3989/4706/97 4005/4722/97 3990/4707/97
f 4001/4718/84 4017/4734/84 4002/4719/84
f 4009/4726/592 4025/4742/592 4010/4727/592
f 4003/4720/591 4017/4734/591 4018/4735/591
f 4011/4728/81 4025/4742/81 4026/4743/81
f 4004/4721/80 4018/4735/80 4019/4736/80
f 4011/4728/79 4027/4744/79 4012/4729/79
f 4004/4721/94 4020/4737/94 4005/4722/94
f 3998/4715/867 3862/4563/867 4013/4730/867
f 4088/4820/1374 4012/4729/1374 4027/4744/1374
f 4006/4723/91 4020/4737/91 4021/4738/91
f 3999/4716/1115 4013/4730/1115 4014/4731/1115
f 4006/4723/89 4022/4739/89 4007/4724/89
f 3999/4716/1375 4015/4732/1375 4000/4717/1375
f 4007/4724/87 4023/4740/87 4008/4725/87
f 4001/4718/1022 4015/4732/1022 4016/4733/1022
f 4009/4726/85 4023/4740/85 4024/4741/85
f 4020/4737/1244 4036/4753/1244 4021/4738/1244
f 4013/4730/585 4029/4746/585 4014/4731/585
f 4022/4739/584 4036/4753/584 4037/4754/584
f 4015/4732/1376 4029/4746/1376 4030/4747/1376
f 4023/4740/582 4037/4754/582 4038/4755/582
f 4015/4732/1243 4031/4748/1243 4016/4733/1243
f 4023/4740/1242 4039/4756/1242 4024/4741/1242
f 4017/4734/579 4031/4748/579 4032/4749/579
f 4025/4742/578 4039/4756/578 4040/4757/578
f 4017/4734/577 4033/4750/577 4018/4735/577
f 4025/4742/576 4041/4758/576 4026/4743/576
f 4018/4735/575 4034/4751/575 4019/4736/575
f 4027/4744/590 4041/4758/590 4042/4759/590
f 4020/4737/1021 4034/4751/1021 4035/4752/1021
f 4013/4730/1020 3862/4564/1020 4028/4745/1020
f 4088/4821/1377 4027/4744/1377 4042/4759/1377
f 4040/4757/1239 4054/4771/1239 4055/4772/1239
f 4032/4749/570 4048/4765/570 4033/4750/570
f 4040/4757/1015 4056/4773/1015 4041/4758/1015
f 4034/4751/853 4048/4765/853 4049/4766/853
f 4042/4759/1110 4056/4773/1110 4057/4774/1110
f 4035/4752/1238 4049/4766/1238 4050/4767/1238
f 4028/4745/851 3862/4565/851 4043/4760/851
f 4088/4822/850 4042/4759/850 4057/4774/850
f 4035/4752/563 4051/4768/563 4036/4753/563
f 4028/4745/1107 4044/4761/1107 4029/4746/1107
f 4036/4753/561 4052/4769/561 4037/4754/561
f 4030/4747/1106 4044/4761/1106 4045/4762/1106
f 4038/4755/847 4052/4769/847 4053/4770/847
f 4030/4747/857 4046/4763/857 4031/4748/857
f 4038/4755/1111 4054/4771/1111 4039/4756/1111
f 4032/4749/1240 4046/4763/1240 4047/4764/1240
f 4051/4768/1235 4067/4784/1235 4052/4769/1235
f 4044/4761/1299 4060/4777/1299 4045/4762/1299
f 4053/4770/551 4067/4784/551 4068/4785/551
f 4045/4762/550 4061/4778/550 4046/4763/550
f 4054/4771/549 4068/4785/549 4069/4786/549
f 4046/4763/548 4062/4779/548 4047/4764/548
f 4055/4772/547 4069/4786/547 4070/4787/547
f 4047/4764/1233 4063/4780/1233 4048/4765/1233
f 4056/4773/545 4070/4787/545 4071/4788/545
f 4049/4766/544 4063/4780/544 4064/4781/544
f 4056/4773/1003 4072/4789/1003 4057/4774/1003
f 4049/4766/558 4065/4782/558 4050/4767/558
f 4043/4760/1009 3862/4566/1009 4058/4775/1009
f 4088/4823/1378 4057/4774/1378 4072/4789/1378
f 4051/4768/555 4065/4782/555 4066/4783/555
f 4044/4761/1104 4058/4775/1104 4059/4776/1104
f 4071/4788/1230 4085/4802/1230 4086/4803/1230
f 4063/4780/1099 4079/4796/1099 4064/4781/1099
f 4072/4789/1379 4086/4803/1379 4087/4804/1379
f 4065/4782/535 4079/4796/535 4080/4797/535
f 4058/4775/534 3862/4567/534 4073/4790/534
f 4088/4824/533 4072/4789/533 4087/4804/533
f 4065/4782/532 4081/4798/532 4066/4783/532
f 4058/4775/531 4074/4791/531 4059/4776/531
f 4067/4784/1321 4081/4798/1321 4082/4799/1321
f 4059/4776/1380 4075/4792/1380 4060/4777/1380
f 4067/4784/839 4083/4800/839 4068/4785/839
f 4060/4777/527 4076/4793/527 4061/4778/527
f 4068/4785/542 4084/4801/542 4069/4786/542
f 4062/4779/541 4076/4793/541 4077/4794/541
f 4070/4787/540 4084/4801/540 4085/4802/540
f 4063/4780/539 4077/4794/539 4078/4795/539
f 4074/4791/522 4091/4839/522 4075/4792/522
f 4083/4800/521 4098/4846/521 4099/4847/521
f 4076/4793/1297 4091/4839/1297 4092/4840/1297
f 4083/4800/1381 4100/4848/1381 4084/4801/1381
f 4077/4794/996 4092/4840/996 4093/4841/996
f 4084/4801/1382 4101/4849/1382 4085/4802/1382
f 4077/4794/1094 4094/4842/1094 4078/4795/1094
f 4086/4803/1223 4101/4849/1223 4102/4850/1223
f 4078/4795/1383 4095/4843/1383 4079/4796/1383
f 4086/4803/1384 4103/4851/1384 4087/4804/1384
f 4080/4797/828 4095/4843/828 4096/4844/828
f 4073/4790/1385 3862/4568/1385 4089/4837/1385
f 4088/4825/1386 4087/4804/1386 4103/4851/1386
f 4080/4797/525 4097/4845/525 4081/4798/525
f 4074/4791/524 4089/4837/524 4090/4838/524
f 4082/4799/1096 4097/4845/1096 4098/4846/1096
f 4094/4842/1387 4110/4858/1387 4095/4843/1387
f 4103/4851/506 4117/4865/506 4118/4866/506
f 4096/4844/505 4110/4858/505 4111/4859/505
f 4089/4837/504 3862/4569/504 4104/4852/504
f 4088/4826/989 4103/4851/989 4118/4866/989
f 4096/4844/502 4112/4860/502 4097/4845/502
f 4089/4837/987 4105/4853/987 4090/4838/987
f 4098/4846/1218 4112/4860/1218 4113/4861/1218
f 4090/4838/1217 4106/4854/1217 4091/4839/1217
f 4099/4847/822 4113/4861/822 4114/4862/822
f 4092/4840/1216 4106/4854/1216 4107/4855/1216
f 4100/4848/1091 4114/4862/1091 4115/4863/1091
f 4092/4840/821 4108/4856/821 4093/4841/821
f 4100/4848/510 4116/4864/510 4101/4849/510
f 4093/4841/827 4109/4857/827 4094/4842/827
f 4102/4850/508 4116/4864/508 4117/4865/508
f 4114/4862/1213 4128/4876/1213 4129/4877/1213
f 4106/4854/1294 4122/4870/1294 4107/4855/1294
f 4115/4863/489 4129/4877/489 4130/4878/489
f 4107/4855/1090 4123/4871/1090 4108/4856/1090
f 4116/4864/1388 4130/4878/1388 4131/4879/1388
f 4108/4856/486 4124/4872/486 4109/4857/486
f 4116/4864/1089 4132/4880/1089 4117/4865/1089
f 4109/4857/484 4125/4873/484 4110/4858/484
f 4117/4865/483 4133/4881/483 4118/4866/483
f 4111/4859/811 4125/4873/811 4126/4874/811
f 4104/4852/810 3862/4570/810 4119/4867/810
f 4088/4827/984 4118/4866/984 4133/4881/984
f 4111/4859/479 4127/4875/479 4112/4860/479
f 4105/4853/494 4119/4867/494 4120/4868/494
f 4113/4861/819 4127/4875/819 4128/4876/819
f 4106/4854/818 4120/4868/818 4121/4869/818
f 4132/4880/475 4148/4910/475 4133/4881/475
f 4126/4874/806 4140/4894/806 4141/4896/806
f 4119/4867/805 3862/4571/805 4134/4882/805
f 4088/4828/804 4133/4881/804 4148/4910/804
f 4126/4874/1210 4142/4898/1210 4127/4875/1210
f 4120/4868/470 4134/4882/470 4135/4884/470
f 4127/4875/1208 4143/4900/1208 4128/4876/1208
f 4120/4868/468 4136/4886/468 4121/4869/468
f 4128/4876/467 4144/4902/467 4129/4877/467
f 4122/4870/466 4136/4886/466 4137/4888/466
f 4129/4877/465 4145/4904/465 4130/4878/465
f 4123/4871/464 4137/4888/464 4138/4890/464
f 4130/4878/1389 4146/4906/1389 4131/4879/1389
f 4124/4872/478 4138/4890/478 4139/4892/478
f 4132/4880/1390 4146/4906/1390 4147/4908/1390
f 4125/4873/1291 4139/4892/1291 4140/4894/1291
f 4136/4887/459 4152/4915/459 4137/4889/459
f 4145/4905/458 4159/4922/458 4160/4923/458
f 4137/4889/457 4153/4916/457 4138/4891/457
f 4146/4907/1391 4160/4923/1391 4161/4924/1391
f 4138/4891/455 4154/4917/455 4139/4893/455
f 4146/4907/1392 4162/4925/1392 4147/4909/1392
f 4139/4893/1287 4155/4918/1287 4140/4895/1287
f 4148/4911/452 4162/4925/452 4163/4926/452
f 4141/4897/788 4155/4918/788 4156/4919/788
f 4134/4883/787 3862/4572/787 4149/4912/787
f 4088/4829/786 4148/4911/786 4163/4926/786
f 4141/4897/1203 4157/4920/1203 4142/4899/1203
f 4134/4883/447 4150/4913/447 4135/4885/447
f 4143/4901/462 4157/4920/462 4158/4921/462
f 4136/4887/461 4150/4913/461 4151/4914/461
f 4144/4903/460 4158/4921/460 4159/4922/460
f 4155/4918/783 4171/4934/783 4156/4919/783
f 4149/4912/782 3862/4573/782 4164/4927/782
f 4088/4830/975 4163/4926/975 4178/4941/975
f 4157/4920/1286 4171/4934/1286 4172/4935/1286
f 4149/4912/439 4165/4928/439 4150/4913/439
f 4157/4920/1200 4173/4936/1200 4158/4921/1200
f 4150/4913/779 4166/4929/779 4151/4914/779
f 4158/4921/1199 4174/4937/1199 4159/4922/1199
f 4152/4915/1319 4166/4929/1319 4167/4930/1319
f 4159/4922/434 4175/4938/434 4160/4923/434
f 4153/4916/1083 4167/4930/1083 4168/4931/1083
f 4160/4923/1393 4176/4939/1393 4161/4924/1393
f 4154/4917/431 4168/4931/431 4169/4932/431
f 4162/4925/1085 4176/4939/1085 4177/4940/1085
f 4155/4918/445 4169/4932/445 4170/4933/445
f 4163/4926/1394 4177/4940/1394 4178/4941/1394
f 4174/4937/1081 4190/4953/1081 4175/4938/1081
f 4168/4931/426 4182/4945/426 4183/4946/426
f 4176/4939/425 4190/4953/425 4191/4954/425
f 4169/4932/769 4183/4946/769 4184/4947/769
f 4176/4939/423 4192/4955/423 4177/4940/423
f 4170/4933/1395 4184/4947/1395 4185/4948/1395
f 4177/4940/421 4193/4956/421 4178/4941/421
f 4170/4933/420 4186/4949/420 4171/4934/420
f 4164/4927/419 3862/4574/419 4179/4942/419
f 4088/4831/970 4178/4941/970 4193/4956/970
f 4172/4935/417 4186/4949/417 4187/4950/417
f 4165/4928/969 4179/4942/969 4180/4943/969
f 4172/4935/415 4188/4951/415 4173/4936/415
f 4166/4929/1198 4180/4943/1198 4181/4944/1198
f 4173/4936/772 4189/4952/772 4174/4937/772
f 4166/4929/1197 4182/4945/1197 4167/4930/1197
f 4088/4832/1396 4193/4956/1396 4208/4971/1396
f 4187/4950/1397 4201/4964/1397 4202/4965/1397
f 4179/4942/408 4195/4958/408 4180/4943/408
f 4187/4950/407 4203/4966/407 4188/4951/407
f 4181/4944/406 4195/4958/406 4196/4959/406
f 4188/4951/759 4204/4967/759 4189/4952/759
f 4181/4944/1398 4197/4960/1398 4182/4945/1398
f 4190/4953/1399 4204/4967/1399 4205/4968/1399
f 4182/4945/963 4198/4961/963 4183/4946/963
f 4191/4954/1191 4205/4968/1191 4206/4969/1191
f 4184/4947/400 4198/4961/400 4199/4962/400
f 4191/4954/399 4207/4970/399 4192/4955/399
f 4185/4948/1400 4199/4962/1400 4200/4963/1400
f 4193/4956/413 4207/4970/413 4208/4971/413
f 4185/4948/412 4201/4964/412 4186/4949/412
f 4179/4942/1401 3862/4575/1401 4194/4957/1401
f 4205/4968/1188 4221/4984/1188 4206/4969/1188
f 4198/4961/393 4214/4977/393 4199/4962/393
f 4206/4969/750 4222/4985/750 4207/4970/750
f 4200/4963/1077 4214/4977/1077 4215/4978/1077
f 4207/4970/390 4223/4986/390 4208/4971/390
f 4200/4963/389 4216/4979/389 4201/4964/389
f 4194/4957/959 3862/4576/959 4209/4972/959
f 4088/4833/387 4208/4971/387 4223/4986/387
f 4202/4965/747 4216/4979/747 4217/4980/747
f 4195/4958/385 4209/4972/385 4210/4973/385
f 4202/4965/384 4218/4981/384 4203/4966/384
f 4196/4959/1402 4210/4973/1402 4211/4974/1402
f 4204/4967/755 4218/4981/755 4219/4982/755
f 4197/4960/397 4211/4974/397 4212/4975/397
f 4205/4968/396 4219/4982/396 4220/4983/396
f 4197/4960/752 4213/4976/752 4198/4961/752
f 4209/4972/377 4225/4988/377 4210/4973/377
f 4218/4981/376 4232/4995/376 4233/4996/376
f 4211/4974/1181 4225/4988/1181 4226/4989/1181
f 4218/4981/374 4234/4997/374 4219/4982/374
f 4212/4975/373 4226/4989/373 4227/4990/373
f 4219/4982/372 4235/4998/372 4220/4983/372
f 4213/4976/371 4227/4990/371 4228/4991/371
f 4220/4983/370 4236/4999/370 4221/4984/370
f 4214/4977/1179 4228/4991/1179 4229/4992/1179
f 4221/4984/368 4237/5000/368 4222/4985/368
f 4214/4977/367 4230/4993/367 4215/4978/367
f 4223/4986/382 4237/5000/382 4238/5001/382
f 4216/4979/381 4230/4993/381 4231/4994/381
f 4209/4972/957 3862/4577/957 4224/4987/957
f 4088/4834/1403 4223/4986/1403 4238/5001/1403
f 4216/4979/378 4232/4995/378 4217/4980/378
f 4229/4992/363 4243/5006/363 4244/5007/363
f 4237/5000/738 4251/5014/738 4252/5015/738
f 4229/4992/361 4245/5008/361 4230/4993/361
f 4237/5000/1071 4253/5016/1071 4238/5001/1071
f 4230/4993/736 4246/5009/736 4231/4994/736
f 4224/4987/735 3862/4578/735 4239/5002/735
f 4088/4835/734 4238/5001/734 4253/5016/734
f 4232/4995/356 4246/5009/356 4247/5010/356
f 4225/4988/1404 4239/5002/1404 4240/5003/1404
f 4233/4996/354 4247/5010/354 4248/5011/354
f 4225/4988/1067 4241/5004/1067 4226/4989/1067
f 4233/4996/731 4249/5012/731 4234/4997/731
f 4227/4990/351 4241/5004/351 4242/5005/351
f 4235/4998/1072 4249/5012/1072 4250/5013/1072
f 4227/4990/1178 4243/5006/1178 4228/4991/1178
f 4235/4998/953 4251/5014/953 4236/4999/953
f 4247/5010/346 4258/5021/346 4248/5011/346
f 4240/5003/1278 3781/4467/1278 4241/5004/1278
f 4248/5011/344 3786/4472/344 4249/5012/344
f 4242/5005/1176 3781/4467/1176 4256/5019/1176
f 4250/5013/726 3786/4472/726 4259/5022/726
f 4242/5005/341 3782/4468/341 4243/5006/341
f 4250/5013/340 4260/5023/340 4251/5014/340
f 4244/5007/339 3782/4468/339 4257/5020/339
f 4252/5015/338 4260/5023/338 4261/5024/338
f 4245/5008/337 4257/5020/337 3783/4469/337
f 4252/5015/336 4262/5025/336 4253/5016/336
f 4246/5009/335 3783/4469/335 3784/4470/335
f 4239/5002/944 3862/4579/944 4254/5017/944
f 4088/4836/1405 4253/5016/1405 4262/5025/1405
f 4246/5009/348 3785/4471/348 4247/5010/348
f 4240/5003/347 4254/5017/347 4255/5018/347
f 4736/5576/1406 4270/5033/1406 4737/5577/1406
f 4740/5580/323 4277/5040/323 4278/5041/323
f 4263/5026/1276 4270/5033/1276 4271/5034/1276
f 4268/5031/321 4278/5041/321 4279/5042/321
f 4263/5026/1172 4272/5035/1172 4738/5578/1172
f 4268/5031/319 4280/5043/319 4741/5581/319
f 4264/5027/334 4272/5035/334 4273/5036/334
f 4742/5582/1407 4280/5043/1407 4281/5044/1407
f 4264/5027/723 4274/5037/723 4739/5579/723
f 4742/5582/331 4282/5045/331 4743/5583/331
f 4739/5579/330 4275/5038/330 4265/5028/330
f 4744/5584/940 4282/5045/940 4283/5046/940
f 4266/5029/328 4275/5038/328 4276/5039/328
f 4736/5576/939 4344/5107/939 4269/5032/939
f 4570/5364/326 4744/5584/326 4283/5046/326
f 4266/5029/325 4277/5040/325 4267/5030/325
f 4269/5032/932 4344/5108/932 4284/5047/932
f 4570/5365/931 4283/5046/931 4298/5061/931
f 4276/5039/318 4292/5055/318 4277/5040/318
f 4270/5033/1171 4284/5047/1171 4285/5048/1171
f 4277/5040/316 4293/5056/316 4278/5041/316
f 4271/5034/315 4285/5048/315 4286/5049/315
f 4279/5042/718 4293/5056/718 4294/5057/718
f 4271/5034/313 4287/5050/313 4272/5035/313
f 4279/5042/312 4295/5058/312 4280/5043/312
f 4273/5036/311 4287/5050/311 4288/5051/311
f 4281/5044/1334 4295/5058/1334 4296/5059/1334
f 4273/5036/309 4289/5052/309 4274/5037/309
f 4281/5044/308 4297/5060/308 4282/5045/308
f 4275/5038/307 4289/5052/307 4290/5053/307
f 4282/5045/306 4298/5061/306 4283/5046/306
f 4276/5039/1168 4290/5053/1168 4291/5054/1168
f 4287/5050/287 4303/5066/287 4288/5051/287
f 4296/5059/302 4310/5073/302 4311/5074/302
f 4288/5051/1167 4304/5067/1167 4289/5052/1167
f 4297/5060/300 4311/5074/300 4312/5075/300
f 4290/5053/710 4304/5067/710 4305/5068/710
f 4297/5060/1408 4313/5076/1408 4298/5061/1408
f 4290/5053/297 4306/5069/297 4291/5054/297
f 4284/5047/930 4344/5109/930 4299/5062/930
f 4570/5366/295 4298/5061/295 4313/5076/295
f 4292/5055/294 4306/5069/294 4307/5070/294
f 4285/5048/293 4299/5062/293 4300/5063/293
f 4292/5055/706 4308/5071/706 4293/5056/706
f 4285/5048/291 4301/5064/291 4286/5049/291
f 4294/5057/1312 4308/5071/1312 4309/5072/1312
f 4286/5049/289 4302/5065/289 4287/5050/289
f 4295/5058/288 4309/5072/288 4310/5073/288
f 4306/5069/271 4322/5085/271 4307/5070/271
f 4299/5062/286 4315/5078/286 4300/5063/286
f 4308/5071/1409 4322/5085/1409 4323/5086/1409
f 4300/5063/1410 4316/5079/1410 4301/5064/1410
f 4308/5071/1411 4324/5087/1411 4309/5072/1411
f 4301/5064/282 4317/5080/282 4302/5065/282
f 4309/5072/281 4325/5088/281 4310/5073/281
f 4303/5066/1412 4317/5080/1412 4318/5081/1412
f 4311/5074/1054 4325/5088/1054 4326/5089/1054
f 4304/5067/926 4318/5081/926 4319/5082/926
f 4312/5075/1337 4326/5089/1337 4327/5090/1337
f 4304/5067/1163 4320/5083/1163 4305/5068/1163
f 4313/5076/275 4327/5090/275 4328/5091/275
f 4306/5069/274 4320/5083/274 4321/5084/274
f 4299/5062/273 4344/5110/273 4314/5077/273
f 4570/5367/697 4313/5076/697 4328/5091/697
f 4325/5088/685 4341/5104/685 4326/5089/685
f 4318/5081/1273 4334/5097/1273 4319/5082/1273
f 4327/5090/1413 4341/5104/1413 4342/5105/1413
f 4319/5082/1339 4335/5098/1339 4320/5083/1339
f 4327/5090/267 4343/5106/267 4328/5091/267
f 4321/5084/1161 4335/5098/1161 4336/5099/1161
f 4314/5077/1340 4344/5111/1340 4329/5092/1340
f 4570/5368/1414 4328/5091/1414 4343/5106/1414
f 4321/5084/263 4337/5100/263 4322/5085/263
f 4315/5078/1415 4329/5092/1415 4330/5093/1415
f 4323/5086/261 4337/5100/261 4338/5101/261
f 4315/5078/260 4331/5094/260 4316/5079/260
f 4324/5087/259 4338/5101/259 4339/5102/259
f 4317/5080/258 4331/5094/258 4332/5095/258
f 4324/5087/686 4340/5103/686 4325/5088/686
f 4318/5081/1416 4332/5095/1416 4333/5096/1416
f 4329/5092/675 4346/5140/675 4330/5093/675
f 4338/5101/684 4353/5147/684 4354/5148/684
f 4330/5093/1159 4347/5141/1159 4331/5094/1159
f 4339/5102/1417 4354/5148/1417 4355/5149/1417
f 4332/5095/251 4347/5141/251 4348/5142/251
f 4340/5103/250 4355/5149/250 4356/5150/250
f 4332/5095/1270 4349/5143/1270 4333/5096/1270
f 4340/5103/248 4357/5151/248 4341/5104/248
f 4333/5096/1049 4350/5144/1049 4334/5097/1049
f 4342/5105/1345 4357/5151/1345 4358/5152/1345
f 4334/5097/245 4351/5145/245 4335/5098/245
f 4343/5106/677 4358/5152/677 4359/5153/677
f 4336/5099/243 4351/5145/243 4352/5146/243
f 4329/5092/242 4344/5112/242 4345/5139/242
f 4570/5369/913 4343/5106/913 4359/5153/913
f 4336/5099/240 4353/5147/240 4337/5100/240
f 4349/5143/1418 4365/5159/1418 4350/5144/1418
f 4357/5151/1419 4373/5167/1419 4358/5152/1419
f 4351/5145/237 4365/5159/237 4366/5160/237
f 4358/5152/236 4374/5168/236 4359/5153/236
f 4352/5146/1420 4366/5160/1420 4367/5161/1420
f 4345/5139/234 4344/5113/234 4360/5154/234
f 4570/5370/910 4359/5153/910 4374/5168/910
f 4352/5146/1346 4368/5162/1346 4353/5147/1346
f 4346/5140/1347 4360/5154/1347 4361/5155/1347
f 4353/5147/1047 4369/5163/1047 4354/5148/1047
f 4347/5141/1268 4361/5155/1268 4362/5156/1268
f 4355/5149/228 4369/5163/228 4370/5164/228
f 4347/5141/1046 4363/5157/1046 4348/5142/1046
f 4356/5150/667 4370/5164/667 4371/5165/667
f 4348/5142/909 4364/5158/909 4349/5143/909
f 4357/5151/1349 4371/5165/1349 4372/5166/1349
f 4368/5162/1044 4384/5178/1044 4369/5163/1044
f 4361/5155/207 4377/5171/207 4362/5156/207
f 4369/5163/222 4385/5179/222 4370/5164/222
f 4363/5157/1147 4377/5171/1147 4378/5172/1147
f 4370/5164/220 4386/5180/220 4371/5165/220
f 4364/5158/1145 4378/5172/1145 4379/5173/1145
f 4371/5165/1350 4387/5181/1350 4372/5166/1350
f 4365/5159/217 4379/5173/217 4380/5174/217
f 4373/5167/1351 4387/5181/1351 4388/5182/1351
f 4366/5160/1045 4380/5174/1045 4381/5175/1045
f 4373/5167/214 4389/5183/214 4374/5168/214
f 4366/5160/213 4382/5176/213 4367/5161/213
f 4360/5154/212 4344/5114/212 4375/5169/212
f 4570/5371/211 4374/5168/211 4389/5183/211
f 4368/5162/210 4382/5176/210 4383/5177/210
f 4361/5155/1421 4375/5169/1421 4376/5170/1421
f 4387/5181/1354 4403/5197/1354 4388/5182/1354
f 4380/5174/1042 4396/5190/1042 4381/5175/1042
f 4389/5183/206 4403/5197/206 4404/5198/206
f 4382/5176/205 4396/5190/205 4397/5191/205
f 4375/5169/204 4344/5115/204 4390/5184/204
f 4570/5372/203 4389/5183/203 4404/5198/203
f 4382/5176/202 4398/5192/202 4383/5177/202
f 4375/5169/1422 4391/5185/1422 4376/5170/1422
f 4384/5178/1043 4398/5192/1043 4399/5193/1043
f 4377/5171/199 4391/5185/199 4392/5186/199
f 4385/5179/198 4399/5193/198 4400/5194/198
f 4377/5171/1142 4393/5187/1142 4378/5172/1142
f 4386/5180/196 4400/5194/196 4401/5195/196
f 4378/5172/1140 4394/5188/1140 4379/5173/1140
f 4387/5181/1423 4401/5195/1423 4402/5196/1423
f 4379/5173/193 4395/5189/193 4380/5174/193
f 4399/5193/175 4415/5209/175 4400/5194/175
f 4393/5187/1041 4407/5201/1041 4408/5202/1041
f 4400/5194/649 4416/5210/649 4401/5195/649
f 4394/5188/899 4408/5202/899 4409/5203/899
f 4401/5195/187 4417/5211/187 4402/5196/187
f 4395/5189/1424 4409/5203/1424 4410/5204/1424
f 4403/5197/1425 4417/5211/1425 4418/5212/1425
f 4396/5190/1426 4410/5204/1426 4411/5205/1426
f 4404/5198/183 4418/5212/183 4419/5213/183
f 4396/5190/182 4412/5206/182 4397/5191/182
f 4390/5184/181 4344/5116/181 4405/5199/181
f 4570/5373/897 4404/5198/897 4419/5213/897
f 4398/5192/1360 4412/5206/1360 4413/5207/1360
f 4390/5184/1133 4406/5200/1133 4391/5185/1133
f 4398/5192/177 4414/5208/177 4399/5193/177
f 4391/5185/1259 4407/5201/1259 4392/5186/1259
f 4418/5212/633 4434/5228/633 4419/5213/633
f 4411/5205/174 4427/5221/174 4412/5206/174
f 4405/5199/173 4344/5117/173 4420/5214/173
f 4570/5374/896 4419/5213/896 4434/5228/896
f 4413/5207/171 4427/5221/171 4428/5222/171
f 4406/5200/641 4420/5214/641 4421/5215/641
f 4413/5207/640 4429/5223/640 4414/5208/640
f 4407/5201/1130 4421/5215/1130 4422/5216/1130
f 4414/5208/638 4430/5224/638 4415/5209/638
f 4407/5201/166 4423/5217/166 4408/5202/166
f 4415/5209/165 4431/5225/165 4416/5210/165
f 4409/5203/1257 4423/5217/1257 4424/5218/1257
f 4417/5211/163 4431/5225/163 4432/5226/163
f 4410/5204/162 4424/5218/162 4425/5219/162
f 4417/5211/1362 4433/5227/1362 4418/5212/1362
f 4411/5205/634 4425/5219/634 4426/5220/634
f 4422/5216/143 4438/5232/143 4423/5217/143
f 4431/5225/632 4445/5239/632 4446/5240/632
f 4423/5217/1364 4439/5233/1364 4424/5218/1364
f 4432/5226/631 4446/5240/631 4447/5241/631
f 4425/5219/1255 4439/5233/1255 4440/5234/1255
f 4432/5226/1427 4448/5242/1427 4433/5227/1427
f 4426/5220/1365 4440/5234/1365 4441/5235/1365
f 4434/5228/152 4448/5242/152 4449/5243/152
f 4426/5220/1125 4442/5236/1125 4427/5221/1125
f 4420/5214/1366 4344/5118/1366 4435/5229/1366
f 4570/5375/1428 4434/5228/1428 4449/5243/1428
f 4428/5222/148 4442/5236/148 4443/5237/148
f 4420/5214/1033 4436/5230/1033 4421/5215/1033
f 4428/5222/146 4444/5238/146 4429/5223/146
f 4422/5216/145 4436/5230/145 4437/5231/145
f 4429/5223/144 4445/5239/144 4430/5224/144
f 4441/5235/127 4457/5251/127 4442/5236/127
f 4435/5229/142 4344/5119/142 4450/5244/142
f 4570/5376/620 4449/5243/620 4464/5258/620
f 4443/5237/140 4457/5251/140 4458/5252/140
f 4436/5230/139 4450/5244/139 4451/5245/139
f 4443/5237/1429 4459/5253/1429 4444/5238/1429
f 4437/5231/1369 4451/5245/1369 4452/5246/1369
f 4445/5239/136 4459/5253/136 4460/5254/136
f 4438/5232/1370 4452/5246/1370 4453/5247/1370
f 4446/5240/134 4460/5254/134 4461/5255/134
f 4438/5232/1430 4454/5248/1430 4439/5233/1430
f 4446/5240/1121 4462/5256/1121 4447/5241/1121
f 4439/5233/883 4455/5249/883 4440/5234/883
f 4447/5241/1371 4463/5257/1371 4448/5242/1371
f 4441/5235/1252 4455/5249/1252 4456/5250/1252
f 4448/5242/128 4464/5258/128 4449/5243/128
f 4460/5254/111 4476/5270/111 4461/5255/111
f 4454/5248/126 4468/5262/126 4469/5263/126
f 4461/5255/125 4477/5271/125 4462/5256/125
f 4455/5249/1120 4469/5263/1120 4470/5264/1120
f 4462/5256/123 4478/5272/123 4463/5257/123
f 4455/5249/611 4471/5265/611 4456/5250/611
f 4464/5258/1431 4478/5272/1431 4479/5273/1431
f 4457/5251/120 4471/5265/120 4472/5266/120
f 4450/5244/880 4344/5120/880 4465/5259/880
f 4570/5377/118 4464/5258/118 4479/5273/118
f 4457/5251/117 4473/5267/117 4458/5252/117
f 4450/5244/1029 4466/5260/1029 4451/5245/1029
f 4459/5253/1432 4473/5267/1432 4474/5268/1432
f 4452/5246/114 4466/5260/114 4467/5261/114
f 4459/5253/1305 4475/5269/1305 4460/5254/1305
f 4453/5247/112 4467/5261/112 4468/5262/112
f 4465/5259/869 4344/5121/869 4480/5274/869
f 4570/5378/868 4479/5273/868 4494/5288/868
f 4473/5267/110 4487/5281/110 4488/5282/110
f 4465/5259/1118 4481/5275/1118 4466/5260/1118
f 4474/5268/108 4488/5282/108 4489/5283/108
f 4466/5260/107 4482/5276/107 4467/5261/107
f 4474/5268/604 4490/5284/604 4475/5269/604
f 4468/5262/105 4482/5276/105 4483/5277/105
f 4476/5270/104 4490/5284/104 4491/5285/104
f 4468/5262/1303 4484/5278/1303 4469/5263/1303
f 4476/5270/1251 4492/5286/1251 4477/5271/1251
f 4470/5264/101 4484/5278/101 4485/5279/101
f 4478/5272/100 4492/5286/100 4493/5287/100
f 4470/5264/99 4486/5280/99 4471/5265/99
f 4479/5273/98 4493/5287/98 4494/5288/98
f 4471/5265/97 4487/5281/97 4472/5266/97
f 4483/5277/84 4499/5293/84 4484/5278/84
f 4491/5285/1433 4507/5301/1433 4492/5286/1433
f 4485/5279/591 4499/5293/591 4500/5294/591
f 4493/5287/81 4507/5301/81 4508/5302/81
f 4486/5280/80 4500/5294/80 4501/5295/80
f 4493/5287/863 4509/5303/863 4494/5288/863
f 4486/5280/94 4502/5296/94 4487/5281/94
f 4480/5274/867 4344/5122/867 4495/5289/867
f 4570/5379/92 4494/5288/92 4509/5303/92
f 4488/5282/91 4502/5296/91 4503/5297/91
f 4481/5275/1434 4495/5289/1434 4496/5290/1434
f 4488/5282/89 4504/5298/89 4489/5283/89
f 4481/5275/1249 4497/5291/1249 4482/5276/1249
f 4489/5283/87 4505/5299/87 4490/5284/87
f 4483/5277/1022 4497/5291/1022 4498/5292/1022
f 4491/5285/85 4505/5299/85 4506/5300/85
f 4502/5296/1244 4518/5312/1244 4503/5297/1244
f 4495/5289/1113 4511/5305/1113 4496/5290/1113
f 4504/5298/584 4518/5312/584 4519/5313/584
f 4497/5291/1376 4511/5305/1376 4512/5306/1376
f 4505/5299/1435 4519/5313/1435 4520/5314/1435
f 4497/5291/1243 4513/5307/1243 4498/5292/1243
f 4505/5299/1242 4521/5315/1242 4506/5300/1242
f 4499/5293/579 4513/5307/579 4514/5308/579
f 4507/5301/1436 4521/5315/1436 4522/5316/1436
f 4499/5293/577 4515/5309/577 4500/5294/577
f 4507/5301/1017 4523/5317/1017 4508/5302/1017
f 4500/5294/575 4516/5310/575 4501/5295/575
f 4509/5303/1437 4523/5317/1437 4524/5318/1437
f 4502/5296/1021 4516/5310/1021 4517/5311/1021
f 4495/5289/1438 4344/5123/1438 4510/5304/1438
f 4570/5380/587 4509/5303/587 4524/5318/587
f 4522/5316/1439 4536/5330/1439 4537/5331/1439
f 4514/5308/570 4530/5324/570 4515/5309/570
f 4522/5316/854 4538/5332/854 4523/5317/854
f 4516/5310/853 4530/5324/853 4531/5325/853
f 4524/5318/1110 4538/5332/1110 4539/5333/1110
f 4517/5311/1238 4531/5325/1238 4532/5326/1238
f 4510/5304/1013 4344/5124/1013 4525/5319/1013
f 4570/5381/1012 4524/5318/1012 4539/5333/1012
f 4517/5311/1440 4533/5327/1440 4518/5312/1440
f 4510/5304/1107 4526/5320/1107 4511/5305/1107
f 4518/5312/561 4534/5328/561 4519/5313/561
f 4512/5306/1010 4526/5320/1010 4527/5321/1010
f 4520/5314/847 4534/5328/847 4535/5329/847
f 4512/5306/574 4528/5322/574 4513/5307/574
f 4520/5314/573 4536/5330/573 4521/5315/573
f 4514/5308/572 4528/5322/572 4529/5323/572
f 4533/5327/1235 4549/5343/1235 4534/5328/1235
f 4526/5320/1007 4542/5336/1007 4527/5321/1007
f 4535/5329/1441 4549/5343/1441 4550/5344/1441
f 4527/5321/550 4543/5337/550 4528/5322/550
f 4536/5330/549 4550/5344/549 4551/5345/549
f 4528/5322/548 4544/5338/548 4529/5323/548
f 4537/5331/1442 4551/5345/1442 4552/5346/1442
f 4529/5323/1233 4545/5339/1233 4530/5324/1233
f 4538/5332/1443 4552/5346/1443 4553/5347/1443
f 4531/5325/1103 4545/5339/1103 4546/5340/1103
f 4538/5332/1003 4554/5348/1003 4539/5333/1003
f 4531/5325/558 4547/5341/558 4532/5326/558
f 4525/5319/1009 4344/5125/1009 4540/5334/1009
f 4570/5382/845 4539/5333/845 4554/5348/845
f 4533/5327/555 4547/5341/555 4548/5342/555
f 4526/5320/1104 4540/5334/1104 4541/5335/1104
f 4553/5347/1230 4567/5361/1230 4568/5362/1230
f 4545/5339/1099 4561/5355/1099 4546/5340/1099
f 4554/5348/536 4568/5362/536 4569/5363/536
f 4547/5341/535 4561/5355/535 4562/5356/535
f 4540/5334/534 4344/5126/534 4555/5349/534
f 4570/5383/533 4554/5348/533 4569/5363/533
f 4547/5341/1444 4563/5357/1444 4548/5342/1444
f 4540/5334/531 4556/5350/531 4541/5335/531
f 4549/5343/1445 4563/5357/1445 4564/5358/1445
f 4541/5335/1097 4557/5351/1097 4542/5336/1097
f 4549/5343/839 4565/5359/839 4550/5344/839
f 4542/5336/838 4558/5352/838 4543/5337/838
f 4550/5344/542 4566/5360/542 4551/5345/542
f 4544/5338/1446 4558/5352/1446 4559/5353/1446
f 4552/5346/540 4566/5360/540 4567/5361/540
f 4545/5339/539 4559/5353/539 4560/5354/539
f 4556/5350/522 4573/5398/522 4557/5351/522
f 4565/5359/521 4580/5405/521 4581/5406/521
f 4558/5352/1224 4573/5398/1224 4574/5399/1224
f 4565/5359/1381 4582/5407/1381 4566/5360/1381
f 4559/5353/996 4574/5399/996 4575/5400/996
f 4566/5360/1382 4583/5408/1382 4567/5361/1382
f 4559/5353/1094 4576/5401/1094 4560/5354/1094
f 4568/5362/1223 4583/5408/1223 4584/5409/1223
f 4560/5354/1383 4577/5402/1383 4561/5355/1383
f 4568/5362/513 4585/5410/513 4569/5363/513
f 4562/5356/828 4577/5402/828 4578/5403/828
f 4555/5349/1385 4344/5127/1385 4571/5396/1385
f 4570/5384/1447 4569/5363/1447 4585/5410/1447
f 4562/5356/525 4579/5404/525 4563/5357/525
f 4556/5350/1448 4571/5396/1448 4572/5397/1448
f 4564/5358/1096 4579/5404/1096 4580/5405/1096
f 4576/5401/507 4592/5417/507 4577/5402/507
f 4585/5410/506 4599/5424/506 4600/5425/506
f 4578/5403/505 4592/5417/505 4593/5418/505
f 4571/5396/504 4344/5128/504 4586/5411/504
f 4570/5385/989 4585/5410/989 4600/5425/989
f 4578/5403/502 4594/5419/502 4579/5404/502
f 4571/5396/987 4587/5412/987 4572/5397/987
f 4580/5405/1218 4594/5419/1218 4595/5420/1218
f 4572/5397/1217 4588/5413/1217 4573/5398/1217
f 4581/5406/498 4595/5420/498 4596/5421/498
f 4574/5399/497 4588/5413/497 4589/5414/497
f 4582/5407/496 4596/5421/496 4597/5422/496
f 4574/5399/986 4590/5415/986 4575/5400/986
f 4582/5407/510 4598/5423/510 4583/5408/510
f 4575/5400/827 4591/5416/827 4576/5401/827
f 4584/5409/508 4598/5423/508 4599/5424/508
f 4596/5421/1213 4610/5435/1213 4611/5436/1213
f 4588/5413/1294 4604/5429/1294 4589/5414/1294
f 4597/5422/489 4611/5436/489 4612/5437/489
f 4589/5414/1090 4605/5430/1090 4590/5415/1090
f 4598/5423/1388 4612/5437/1388 4613/5438/1388
f 4590/5415/1449 4606/5431/1449 4591/5416/1449
f 4598/5423/1089 4614/5439/1089 4599/5424/1089
f 4592/5417/484 4606/5431/484 4607/5432/484
f 4599/5424/483 4615/5440/483 4600/5425/483
f 4593/5418/1293 4607/5432/1293 4608/5433/1293
f 4586/5411/481 4344/5129/481 4601/5426/481
f 4570/5386/1088 4600/5425/1088 4615/5440/1088
f 4593/5418/479 4609/5434/479 4594/5419/479
f 4587/5412/494 4601/5426/494 4602/5427/494
f 4594/5419/819 4610/5435/819 4595/5420/819
f 4588/5413/492 4602/5427/492 4603/5428/492
f 4614/5439/475 4630/5469/475 4615/5440/475
f 4607/5432/806 4623/5455/806 4608/5433/806
f 4601/5426/473 4344/5130/473 4616/5441/473
f 4570/5387/472 4615/5440/472 4630/5469/472
f 4609/5434/471 4623/5455/471 4624/5457/471
f 4602/5427/470 4616/5441/470 4617/5443/470
f 4609/5434/981 4625/5459/981 4610/5435/981
f 4602/5427/468 4618/5445/468 4603/5428/468
f 4610/5435/467 4626/5461/467 4611/5436/467
f 4604/5429/466 4618/5445/466 4619/5447/466
f 4611/5436/465 4627/5463/465 4612/5437/465
f 4605/5430/464 4619/5447/464 4620/5449/464
f 4612/5437/1389 4628/5465/1389 4613/5438/1389
f 4606/5431/478 4620/5449/478 4621/5451/478
f 4614/5439/1450 4628/5465/1450 4629/5467/1450
f 4607/5432/1291 4621/5451/1291 4622/5453/1291
f 4618/5446/459 4634/5474/459 4619/5448/459
f 4627/5464/458 4641/5481/458 4642/5482/458
f 4619/5448/457 4635/5475/457 4620/5450/457
f 4628/5466/1451 4642/5482/1451 4643/5483/1451
f 4620/5450/455 4636/5476/455 4621/5452/455
f 4628/5466/1452 4644/5484/1452 4629/5468/1452
f 4621/5452/1287 4637/5477/1287 4622/5454/1287
f 4630/5470/452 4644/5484/452 4645/5485/452
f 4623/5456/788 4637/5477/788 4638/5478/788
f 4616/5442/450 4344/5131/450 4631/5471/450
f 4570/5388/449 4630/5470/449 4645/5485/449
f 4623/5456/448 4639/5479/448 4624/5458/448
f 4616/5442/447 4632/5472/447 4617/5444/447
f 4625/5460/979 4639/5479/979 4640/5480/979
f 4618/5446/461 4632/5472/461 4633/5473/461
f 4626/5462/460 4640/5480/460 4641/5481/460
f 4637/5477/783 4653/5493/783 4638/5478/783
f 4631/5471/442 4344/5132/442 4646/5486/442
f 4570/5389/1084 4645/5485/1084 4660/5500/1084
f 4639/5479/440 4653/5493/440 4654/5494/440
f 4631/5471/439 4647/5487/439 4632/5472/439
f 4639/5479/1200 4655/5495/1200 4640/5480/1200
f 4632/5472/437 4648/5488/437 4633/5473/437
f 4640/5480/1199 4656/5496/1199 4641/5481/1199
f 4634/5474/1319 4648/5488/1319 4649/5489/1319
f 4641/5481/434 4657/5497/434 4642/5482/434
f 4635/5475/1083 4649/5489/1083 4650/5490/1083
f 4642/5482/774 4658/5498/774 4643/5483/774
f 4636/5476/1453 4650/5490/1453 4651/5491/1453
f 4644/5484/1085 4658/5498/1085 4659/5499/1085
f 4637/5477/445 4651/5491/445 4652/5492/445
f 4645/5485/444 4659/5499/444 4660/5500/444
f 4656/5496/427 4672/5512/427 4657/5497/427
f 4650/5490/770 4664/5504/770 4665/5505/770
f 4658/5498/425 4672/5512/425 4673/5513/425
f 4651/5491/769 4665/5505/769 4666/5506/769
f 4658/5498/423 4674/5514/423 4659/5499/423
f 4652/5492/1195 4666/5506/1195 4667/5507/1195
f 4659/5499/421 4675/5515/421 4660/5500/421
f 4652/5492/420 4668/5508/420 4653/5493/420
f 4646/5486/419 4344/5133/419 4661/5501/419
f 4570/5390/970 4660/5500/970 4675/5515/970
f 4654/5494/417 4668/5508/417 4669/5509/417
f 4647/5487/969 4661/5501/969 4662/5502/969
f 4654/5494/415 4670/5510/415 4655/5495/415
f 4648/5488/1198 4662/5502/1198 4663/5503/1198
f 4655/5495/429 4671/5511/429 4656/5496/429
f 4648/5488/1454 4664/5504/1454 4649/5489/1454
f 4570/5391/1455 4675/5515/1455 4690/5530/1455
f 4669/5509/409 4683/5523/409 4684/5524/409
f 4661/5501/408 4677/5517/408 4662/5502/408
f 4669/5509/407 4685/5525/407 4670/5510/407
f 4663/5503/406 4677/5517/406 4678/5518/406
f 4670/5510/759 4686/5526/759 4671/5511/759
f 4663/5503/404 4679/5519/404 4664/5504/404
f 4672/5512/1399 4686/5526/1399 4687/5527/1399
f 4664/5504/963 4680/5520/963 4665/5505/963
f 4673/5513/1456 4687/5527/1456 4688/5528/1456
f 4666/5506/400 4680/5520/400 4681/5521/400
f 4673/5513/1190 4689/5529/1190 4674/5514/1190
f 4667/5507/1400 4681/5521/1400 4682/5522/1400
f 4675/5515/413 4689/5529/413 4690/5530/413
f 4667/5507/412 4683/5523/412 4668/5508/412
f 4661/5501/1401 4344/5134/1401 4676/5516/1401
f 4687/5527/1188 4703/5543/1188 4688/5528/1188
f 4680/5520/393 4696/5536/393 4681/5521/393
f 4688/5528/750 4704/5544/750 4689/5529/750
f 4682/5522/1077 4696/5536/1077 4697/5537/1077
f 4689/5529/749 4705/5545/749 4690/5530/749
f 4682/5522/389 4698/5538/389 4683/5523/389
f 4676/5516/388 4344/5135/388 4691/5531/388
f 4570/5392/387 4690/5530/387 4705/5545/387
f 4684/5524/1457 4698/5538/1457 4699/5539/1457
f 4677/5517/385 4691/5531/385 4692/5532/385
f 4684/5524/1458 4700/5540/1458 4685/5525/1458
f 4678/5518/1075 4692/5532/1075 4693/5533/1075
f 4686/5526/755 4700/5540/755 4701/5541/755
f 4679/5519/754 4693/5533/754 4694/5534/754
f 4687/5527/396 4701/5541/396 4702/5542/396
f 4679/5519/1459 4695/5535/1459 4680/5520/1459
f 4691/5531/377 4707/5547/377 4692/5532/377
f 4700/5540/376 4714/5554/376 4715/5555/376
f 4693/5533/956 4707/5547/956 4708/5548/956
f 4700/5540/1460 4716/5556/1460 4701/5541/1460
f 4694/5534/373 4708/5548/373 4709/5549/373
f 4701/5541/372 4717/5557/372 4702/5542/372
f 4695/5535/371 4709/5549/371 4710/5550/371
f 4702/5542/1461 4718/5558/1461 4703/5543/1461
f 4696/5536/1179 4710/5550/1179 4711/5551/1179
f 4703/5543/1462 4719/5559/1462 4704/5544/1462
f 4696/5536/1073 4712/5552/1073 4697/5537/1073
f 4705/5545/382 4719/5559/382 4720/5560/382
f 4698/5538/381 4712/5552/381 4713/5553/381
f 4691/5531/957 4344/5136/957 4706/5546/957
f 4570/5393/743 4705/5545/743 4720/5560/743
f 4698/5538/378 4714/5554/378 4699/5539/378
f 4711/5551/363 4725/5565/363 4726/5566/363
f 4719/5559/738 4733/5573/738 4734/5574/738
f 4711/5551/361 4727/5567/361 4712/5552/361
f 4719/5559/1071 4735/5575/1071 4720/5560/1071
f 4712/5552/736 4728/5568/736 4713/5553/736
f 4706/5546/949 4344/5137/949 4721/5561/949
f 4570/5394/948 4720/5560/948 4735/5575/948
f 4714/5554/1463 4728/5568/1463 4729/5569/1463
f 4707/5547/1068 4721/5561/1068 4722/5562/1068
f 4715/5555/354 4729/5569/354 4730/5570/354
f 4707/5547/946 4723/5563/946 4708/5548/946
f 4715/5555/731 4731/5571/731 4716/5556/731
f 4709/5549/1066 4723/5563/1066 4724/5564/1066
f 4717/5557/366 4731/5571/366 4732/5572/366
f 4709/5549/1281 4725/5565/1281 4710/5550/1281
f 4717/5557/1464 4733/5573/1464 4718/5558/1464
f 4729/5569/346 4740/5580/346 4730/5570/346
f 4722/5562/1177 4263/5026/1177 4723/5563/1177
f 4730/5570/1465 4268/5031/1465 4731/5571/1465
f 4724/5564/1176 4263/5026/1176 4738/5578/1176
f 4731/5571/726 4741/5581/726 4732/5572/726
f 4725/5565/341 4738/5578/341 4264/5027/341
f 4732/5572/1466 4742/5582/1466 4733/5573/1466
f 4726/5566/339 4264/5027/339 4739/5579/339
f 4734/5574/725 4742/5582/725 4743/5583/725
f 4727/5567/337 4739/5579/337 4265/5028/337
f 4734/5574/1467 4744/5584/1467 4735/5575/1467
f 4728/5568/1468 4265/5028/1468 4266/5029/1468
f 4721/5561/1469 4344/5138/1469 4736/5576/1469
f 4570/5395/349 4735/5575/349 4744/5584/349
f 4728/5568/348 4267/5030/348 4729/5569/348
f 4722/5562/1065 4736/5576/1065 4737/5577/1065
f 5218/6135/1061 4752/5592/1061 5219/6136/1061
f 5222/6139/323 4759/5599/323 4760/5600/323
f 4745/5585/1276 4752/5592/1276 4753/5593/1276
f 4750/5590/1470 4760/5600/1470 4761/5601/1470
f 4745/5585/1172 4754/5594/1172 5220/6137/1172
f 4750/5590/1471 4762/5602/1471 5223/6140/1471
f 4746/5586/334 4754/5594/334 4755/5595/334
f 5224/6141/1407 4762/5602/1407 4763/5603/1407
f 4746/5586/723 4756/5596/723 5221/6138/723
f 5224/6141/1472 4764/5604/1472 5225/6142/1472
f 5221/6138/330 4757/5597/330 4747/5587/330
f 5226/6143/1473 4764/5604/1473 4765/5605/1473
f 4748/5588/328 4757/5597/328 4758/5598/328
f 5218/6135/939 4826/5666/939 4751/5591/939
f 5052/5923/326 5226/6143/326 4765/5605/326
f 4748/5588/325 4759/5599/325 4749/5589/325
f 4751/5591/932 4826/5667/932 4766/5606/932
f 5052/5924/931 4765/5605/931 4780/5620/931
f 4758/5598/1474 4774/5614/1474 4759/5599/1474
f 4752/5592/1475 4766/5606/1475 4767/5607/1475
f 4759/5599/316 4775/5615/316 4760/5600/316
f 4753/5593/315 4767/5607/315 4768/5608/315
f 4761/5601/718 4775/5615/718 4776/5616/718
f 4753/5593/313 4769/5609/313 4754/5594/313
f 4761/5601/1476 4777/5617/1476 4762/5602/1476
f 4755/5595/1477 4769/5609/1477 4770/5610/1477
f 4763/5603/1334 4777/5617/1334 4778/5618/1334
f 4755/5595/1478 4771/5611/1478 4756/5596/1478
f 4763/5603/1479 4779/5619/1479 4764/5604/1479
f 4757/5597/307 4771/5611/307 4772/5612/307
f 4764/5604/306 4780/5620/306 4765/5605/306
f 4758/5598/1168 4772/5612/1168 4773/5613/1168
f 4769/5609/704 4785/5625/704 4770/5610/704
f 4778/5618/1480 4792/5632/1480 4793/5633/1480
f 4770/5610/711 4786/5626/711 4771/5611/711
f 4779/5619/1481 4793/5633/1481 4794/5634/1481
f 4772/5612/299 4786/5626/299 4787/5627/299
f 4779/5619/709 4795/5635/709 4780/5620/709
f 4772/5612/297 4788/5628/297 4773/5613/297
f 4766/5606/1056 4826/5668/1056 4781/5621/1056
f 5052/5925/1055 4780/5620/1055 4795/5635/1055
f 4774/5614/294 4788/5628/294 4789/5629/294
f 4767/5607/1482 4781/5621/1482 4782/5622/1482
f 4774/5614/706 4790/5630/706 4775/5615/706
f 4767/5607/291 4783/5623/291 4768/5608/291
f 4776/5616/1312 4790/5630/1312 4791/5631/1312
f 4768/5608/289 4784/5624/289 4769/5609/289
f 4777/5617/1483 4791/5631/1483 4792/5632/1483
f 4788/5628/271 4804/5644/271 4789/5629/271
f 4781/5621/286 4797/5637/286 4782/5622/286
f 4790/5630/1409 4804/5644/1409 4805/5645/1409
f 4782/5622/1336 4798/5638/1336 4783/5623/1336
f 4790/5630/1411 4806/5646/1411 4791/5631/1411
f 4783/5623/1484 4799/5639/1484 4784/5624/1484
f 4791/5631/281 4807/5647/281 4792/5632/281
f 4785/5625/280 4799/5639/280 4800/5640/280
f 4793/5633/699 4807/5647/699 4808/5648/699
f 4786/5626/926 4800/5640/926 4801/5641/926
f 4794/5634/1337 4808/5648/1337 4809/5649/1337
f 4786/5626/276 4802/5642/276 4787/5627/276
f 4795/5635/1485 4809/5649/1485 4810/5650/1485
f 4788/5628/274 4802/5642/274 4803/5643/274
f 4781/5621/1486 4826/5669/1486 4796/5636/1486
f 5052/5926/1487 4795/5635/1487 4810/5650/1487
f 4807/5647/685 4823/5663/685 4808/5648/685
f 4800/5640/1273 4816/5656/1273 4801/5641/1273
f 4809/5649/1488 4823/5663/1488 4824/5664/1488
f 4801/5641/1339 4817/5657/1339 4802/5642/1339
f 4809/5649/1489 4825/5665/1489 4810/5650/1489
f 4803/5643/1490 4817/5657/1490 4818/5658/1490
f 4796/5636/1340 4826/5670/1340 4811/5651/1340
f 5052/5927/1414 4810/5650/1414 4825/5665/1414
f 4803/5643/690 4819/5659/690 4804/5644/690
f 4797/5637/1491 4811/5651/1491 4812/5652/1491
f 4805/5645/261 4819/5659/261 4820/5660/261
f 4797/5637/260 4813/5653/260 4798/5638/260
f 4806/5646/259 4820/5660/259 4821/5661/259
f 4799/5639/258 4813/5653/258 4814/5654/258
f 4806/5646/1492 4822/5662/1492 4807/5647/1492
f 4800/5640/1416 4814/5654/1416 4815/5655/1416
f 4811/5651/1493 4828/5699/1493 4812/5652/1493
f 4820/5660/254 4835/5706/254 4836/5707/254
f 4812/5652/1159 4829/5700/1159 4813/5653/1159
f 4821/5661/1494 4836/5707/1494 4837/5708/1494
f 4814/5654/251 4829/5700/251 4830/5701/251
f 4822/5662/1495 4837/5708/1495 4838/5709/1495
f 4814/5654/1270 4831/5702/1270 4815/5655/1270
f 4822/5662/1496 4839/5710/1496 4823/5663/1496
f 4815/5655/1344 4832/5703/1344 4816/5656/1344
f 4824/5664/1345 4839/5710/1345 4840/5711/1345
f 4816/5656/1497 4833/5704/1497 4817/5657/1497
f 4825/5665/244 4840/5711/244 4841/5712/244
f 4818/5658/676 4833/5704/676 4834/5705/676
f 4811/5651/242 4826/5671/242 4827/5698/242
f 5052/5928/913 4825/5665/913 4841/5712/913
f 4818/5658/240 4835/5706/240 4819/5659/240
f 4831/5702/1498 4847/5718/1498 4832/5703/1498
f 4839/5710/1499 4855/5726/1499 4840/5711/1499
f 4833/5704/912 4847/5718/912 4848/5719/912
f 4840/5711/673 4856/5727/673 4841/5712/673
f 4834/5705/1420 4848/5719/1420 4849/5720/1420
f 4827/5698/1152 4826/5672/1152 4842/5713/1152
f 5052/5929/1151 4841/5712/1151 4856/5727/1151
f 4834/5705/1346 4850/5721/1346 4835/5706/1346
f 4828/5699/1347 4842/5713/1347 4843/5714/1347
f 4835/5706/1047 4851/5722/1047 4836/5707/1047
f 4829/5700/1500 4843/5714/1500 4844/5715/1500
f 4837/5708/228 4851/5722/228 4852/5723/228
f 4829/5700/1046 4845/5716/1046 4830/5701/1046
f 4838/5709/226 4852/5723/226 4853/5724/226
f 4830/5701/225 4846/5717/225 4831/5702/225
f 4839/5710/1349 4853/5724/1349 4854/5725/1349
f 4850/5721/1501 4866/5737/1501 4851/5722/1501
f 4843/5714/207 4859/5730/207 4844/5715/207
f 4851/5722/664 4867/5738/664 4852/5723/664
f 4845/5716/221 4859/5730/221 4860/5731/221
f 4852/5723/1146 4868/5739/1146 4853/5724/1146
f 4846/5717/1502 4860/5731/1502 4861/5732/1502
f 4853/5724/1503 4869/5740/1503 4854/5725/1503
f 4847/5718/1504 4861/5732/1504 4862/5733/1504
f 4855/5726/1351 4869/5740/1351 4870/5741/1351
f 4848/5719/1505 4862/5733/1505 4863/5734/1505
f 4855/5726/214 4871/5742/214 4856/5727/214
f 4848/5719/1506 4864/5735/1506 4849/5720/1506
f 4842/5713/1352 4826/5673/1352 4857/5728/1352
f 5052/5930/1353 4856/5727/1353 4871/5742/1353
f 4850/5721/210 4864/5735/210 4865/5736/210
f 4843/5714/209 4857/5728/209 4858/5729/209
f 4869/5740/1354 4885/5756/1354 4870/5741/1354
f 4862/5733/1507 4878/5749/1507 4863/5734/1507
f 4871/5742/206 4885/5756/206 4886/5757/206
f 4864/5735/1508 4878/5749/1508 4879/5750/1508
f 4857/5728/1355 4826/5674/1355 4872/5743/1355
f 5052/5931/1356 4871/5742/1356 4886/5757/1356
f 4864/5735/202 4880/5751/202 4865/5736/202
f 4857/5728/201 4873/5744/201 4858/5729/201
f 4866/5737/1509 4880/5751/1509 4881/5752/1509
f 4859/5730/199 4873/5744/199 4874/5745/199
f 4867/5738/654 4881/5752/654 4882/5753/654
f 4859/5730/197 4875/5746/197 4860/5731/197
f 4868/5739/1262 4882/5753/1262 4883/5754/1262
f 4860/5731/1510 4876/5747/1510 4861/5732/1510
f 4869/5740/1511 4883/5754/1511 4884/5755/1511
f 4861/5732/1512 4877/5748/1512 4862/5733/1512
f 4881/5752/175 4897/5768/175 4882/5753/175
f 4875/5746/1041 4889/5760/1041 4890/5761/1041
f 4882/5753/1040 4898/5769/1040 4883/5754/1040
f 4876/5747/188 4890/5761/188 4891/5762/188
f 4883/5754/187 4899/5770/187 4884/5755/187
f 4877/5748/1513 4891/5762/1513 4892/5763/1513
f 4885/5756/1514 4899/5770/1514 4900/5771/1514
f 4878/5749/184 4892/5763/184 4893/5764/184
f 4886/5757/646 4900/5771/646 4901/5772/646
f 4878/5749/182 4894/5765/182 4879/5750/182
f 4872/5743/1136 4826/5675/1136 4887/5758/1136
f 5052/5932/1135 4886/5757/1135 4901/5772/1135
f 4880/5751/1360 4894/5765/1360 4895/5766/1360
f 4872/5743/1133 4888/5759/1133 4873/5744/1133
f 4880/5751/177 4896/5767/177 4881/5752/177
f 4873/5744/1515 4889/5760/1515 4874/5745/1515
f 4900/5771/159 4916/5787/159 4901/5772/159
f 4893/5764/1516 4909/5780/1516 4894/5765/1516
f 4887/5758/173 4826/5676/173 4902/5773/173
f 5052/5933/896 4901/5772/896 4916/5787/896
f 4895/5766/171 4909/5780/171 4910/5781/171
f 4888/5759/1517 4902/5773/1517 4903/5774/1517
f 4895/5766/1037 4911/5782/1037 4896/5767/1037
f 4889/5760/1130 4903/5774/1130 4904/5775/1130
f 4896/5767/1518 4912/5783/1518 4897/5768/1518
f 4889/5760/166 4905/5776/166 4890/5761/166
f 4897/5768/1129 4913/5784/1129 4898/5769/1129
f 4891/5762/1257 4905/5776/1257 4906/5777/1257
f 4899/5770/1519 4913/5784/1519 4914/5785/1519
f 4892/5763/1361 4906/5777/1361 4907/5778/1361
f 4899/5770/1362 4915/5786/1362 4900/5771/1362
f 4893/5764/160 4907/5778/160 4908/5779/160
f 4904/5775/143 4920/5791/143 4905/5776/143
f 4913/5784/1520 4927/5798/1520 4928/5799/1520
f 4905/5776/1364 4921/5792/1364 4906/5777/1364
f 4914/5785/631 4928/5799/631 4929/5800/631
f 4907/5778/1255 4921/5792/1255 4922/5793/1255
f 4914/5785/1521 4930/5801/1521 4915/5786/1521
f 4908/5779/1365 4922/5793/1365 4923/5794/1365
f 4916/5787/1522 4930/5801/1522 4931/5802/1522
f 4908/5779/1523 4924/5795/1523 4909/5780/1523
f 4902/5773/1366 4826/5677/1366 4917/5788/1366
f 5052/5934/1428 4916/5787/1428 4931/5802/1428
f 4910/5781/1524 4924/5795/1524 4925/5796/1524
f 4902/5773/1124 4918/5789/1124 4903/5774/1124
f 4910/5781/146 4926/5797/146 4911/5782/146
f 4904/5775/145 4918/5789/145 4919/5790/145
f 4911/5782/144 4927/5798/144 4912/5783/144
f 4923/5794/127 4939/5810/127 4924/5795/127
f 4917/5788/1525 4826/5678/1525 4932/5803/1525
f 5052/5935/1526 4931/5802/1526 4946/5817/1526
f 4925/5796/140 4939/5810/140 4940/5811/140
f 4918/5789/139 4932/5803/139 4933/5804/139
f 4925/5796/1429 4941/5812/1429 4926/5797/1429
f 4919/5790/1369 4933/5804/1369 4934/5805/1369
f 4927/5798/136 4941/5812/136 4942/5813/136
f 4920/5791/1527 4934/5805/1527 4935/5806/1527
f 4928/5799/134 4942/5813/134 4943/5814/134
f 4920/5791/133 4936/5807/133 4921/5792/133
f 4928/5799/615 4944/5815/615 4929/5800/615
f 4921/5792/883 4937/5808/883 4922/5793/883
f 4929/5800/1371 4945/5816/1371 4930/5801/1371
f 4923/5794/129 4937/5808/129 4938/5809/129
f 4930/5801/1528 4946/5817/1528 4931/5802/1528
f 4942/5813/1304 4958/5829/1304 4943/5814/1304
f 4936/5807/613 4950/5821/613 4951/5822/613
f 4943/5814/1529 4959/5830/1529 4944/5815/1529
f 4937/5808/612 4951/5822/612 4952/5823/612
f 4944/5815/1530 4960/5831/1530 4945/5816/1530
f 4937/5808/122 4953/5824/122 4938/5809/122
f 4946/5817/610 4960/5831/610 4961/5832/610
f 4939/5810/120 4953/5824/120 4954/5825/120
f 4932/5803/1031 4826/5679/1031 4947/5818/1031
f 5052/5936/1030 4946/5817/1030 4961/5832/1030
f 4939/5810/117 4955/5826/117 4940/5811/117
f 4932/5803/1531 4948/5819/1531 4933/5804/1531
f 4941/5812/1432 4955/5826/1432 4956/5827/1432
f 4934/5805/114 4948/5819/114 4949/5820/114
f 4941/5812/1305 4957/5828/1305 4942/5813/1305
f 4935/5806/112 4949/5820/112 4950/5821/112
f 4947/5818/869 4826/5680/869 4962/5833/869
f 5052/5937/868 4961/5832/868 4976/5847/868
f 4955/5826/1532 4969/5840/1532 4970/5841/1532
f 4947/5818/1533 4963/5834/1533 4948/5819/1533
f 4956/5827/108 4970/5841/108 4971/5842/108
f 4948/5819/107 4964/5835/107 4949/5820/107
f 4956/5827/604 4972/5843/604 4957/5828/604
f 4950/5821/105 4964/5835/105 4965/5836/105
f 4958/5829/1534 4972/5843/1534 4973/5844/1534
f 4950/5821/1535 4966/5837/1535 4951/5822/1535
f 4958/5829/1251 4974/5845/1251 4959/5830/1251
f 4952/5823/101 4966/5837/101 4967/5838/101
f 4960/5831/1536 4974/5845/1536 4975/5846/1536
f 4952/5823/99 4968/5839/99 4953/5824/99
f 4961/5832/98 4975/5846/98 4976/5847/98
f 4953/5824/97 4969/5840/97 4954/5825/97
f 4965/5836/84 4981/5852/84 4966/5837/84
f 4973/5844/1433 4989/5860/1433 4974/5845/1433
f 4967/5838/591 4981/5852/591 4982/5853/591
f 4975/5846/1537 4989/5860/1537 4990/5861/1537
f 4968/5839/80 4982/5853/80 4983/5854/80
f 4975/5846/1538 4991/5862/1538 4976/5847/1538
f 4968/5839/94 4984/5855/94 4969/5840/94
f 4962/5833/867 4826/5681/867 4977/5848/867
f 5052/5938/92 4976/5847/92 4991/5862/92
f 4970/5841/91 4984/5855/91 4985/5856/91
f 4963/5834/1023 4977/5848/1023 4978/5849/1023
f 4970/5841/89 4986/5857/89 4971/5842/89
f 4963/5834/1249 4979/5850/1249 4964/5835/1249
f 4971/5842/1539 4987/5858/1539 4972/5843/1539
f 4965/5836/1022 4979/5850/1022 4980/5851/1022
f 4973/5844/1540 4987/5858/1540 4988/5859/1540
f 4984/5855/1244 5000/5871/1244 4985/5856/1244
f 4977/5848/1113 4993/5864/1113 4978/5849/1113
f 4986/5857/584 5000/5871/584 5001/5872/584
f 4979/5850/1376 4993/5864/1376 4994/5865/1376
f 4987/5858/582 5001/5872/582 5002/5873/582
f 4979/5850/1243 4995/5866/1243 4980/5851/1243
f 4987/5858/1242 5003/5874/1242 4988/5859/1242
f 4981/5852/579 4995/5866/579 4996/5867/579
f 4989/5860/1436 5003/5874/1436 5004/5875/1436
f 4981/5852/577 4997/5868/577 4982/5853/577
f 4989/5860/1017 5005/5876/1017 4990/5861/1017
f 4982/5853/575 4998/5869/575 4983/5854/575
f 4991/5862/1541 5005/5876/1541 5006/5877/1541
f 4984/5855/1021 4998/5869/1021 4999/5870/1021
f 4977/5848/1020 4826/5682/1020 4992/5863/1020
f 5052/5939/862 4991/5862/862 5006/5877/862
f 5004/5875/1239 5018/5889/1239 5019/5890/1239
f 4996/5867/570 5012/5883/570 4997/5868/570
f 5004/5875/854 5020/5891/854 5005/5876/854
f 4998/5869/853 5012/5883/853 5013/5884/853
f 5006/5877/1110 5020/5891/1110 5021/5892/1110
f 4999/5870/1238 5013/5884/1238 5014/5885/1238
f 4992/5863/1013 4826/5683/1013 5007/5878/1013
f 5052/5940/1012 5006/5877/1012 5021/5892/1012
f 4999/5870/1440 5015/5886/1440 5000/5871/1440
f 4992/5863/1107 5008/5879/1107 4993/5864/1107
f 5000/5871/561 5016/5887/561 5001/5872/561
f 4994/5865/1106 5008/5879/1106 5009/5880/1106
f 5002/5873/847 5016/5887/847 5017/5888/847
f 4994/5865/574 5010/5881/574 4995/5866/574
f 5002/5873/1542 5018/5889/1542 5003/5874/1542
f 4996/5867/1543 5010/5881/1543 5011/5882/1543
f 5015/5886/1235 5031/5902/1235 5016/5887/1235
f 5008/5879/1299 5024/5895/1299 5009/5880/1299
f 5017/5888/1544 5031/5902/1544 5032/5903/1544
f 5009/5880/550 5025/5896/550 5010/5881/550
f 5018/5889/1545 5032/5903/1545 5033/5904/1545
f 5010/5881/1234 5026/5897/1234 5011/5882/1234
f 5019/5890/547 5033/5904/547 5034/5905/547
f 5011/5882/1233 5027/5898/1233 5012/5883/1233
f 5020/5891/1546 5034/5905/1546 5035/5906/1546
f 5013/5884/544 5027/5898/544 5028/5899/544
f 5020/5891/1547 5036/5907/1547 5021/5892/1547
f 5013/5884/558 5029/5900/558 5014/5885/558
f 5007/5878/1105 4826/5684/1105 5022/5893/1105
f 5052/5941/556 5021/5892/556 5036/5907/556
f 5015/5886/555 5029/5900/555 5030/5901/555
f 5008/5879/1548 5022/5893/1548 5023/5894/1548
f 5035/5906/1230 5049/5920/1230 5050/5921/1230
f 5027/5898/537 5043/5914/537 5028/5899/537
f 5036/5907/1549 5050/5921/1549 5051/5922/1549
f 5029/5900/1550 5043/5914/1550 5044/5915/1550
f 5022/5893/534 4826/5685/534 5037/5908/534
f 5052/5942/533 5036/5907/533 5051/5922/533
f 5029/5900/532 5045/5916/532 5030/5901/532
f 5022/5893/531 5038/5909/531 5023/5894/531
f 5031/5902/1445 5045/5916/1445 5046/5917/1445
f 5023/5894/1097 5039/5910/1097 5024/5895/1097
f 5031/5902/1551 5047/5918/1551 5032/5903/1551
f 5024/5895/838 5040/5911/838 5025/5896/838
f 5032/5903/1552 5048/5919/1552 5033/5904/1552
f 5026/5897/541 5040/5911/541 5041/5912/541
f 5034/5905/540 5048/5919/540 5049/5920/540
f 5027/5898/1231 5041/5912/1231 5042/5913/1231
f 5038/5909/522 5055/5957/522 5039/5910/522
f 5047/5918/1553 5062/5964/1553 5063/5965/1553
f 5040/5911/1224 5055/5957/1224 5056/5958/1224
f 5047/5918/1554 5064/5966/1554 5048/5919/1554
f 5041/5912/996 5056/5958/996 5057/5959/996
f 5048/5919/1382 5065/5967/1382 5049/5920/1382
f 5041/5912/516 5058/5960/516 5042/5913/516
f 5050/5921/1223 5065/5967/1223 5066/5968/1223
f 5042/5913/1383 5059/5961/1383 5043/5914/1383
f 5050/5921/1555 5067/5969/1555 5051/5922/1555
f 5044/5915/512 5059/5961/512 5060/5962/512
f 5037/5908/1385 4826/5686/1385 5053/5955/1385
f 5052/5943/1447 5051/5922/1447 5067/5969/1447
f 5044/5915/1556 5061/5963/1556 5045/5916/1556
f 5038/5909/1448 5053/5955/1448 5054/5956/1448
f 5046/5917/523 5061/5963/523 5062/5964/523
f 5058/5960/1387 5074/5976/1387 5059/5961/1387
f 5067/5969/506 5081/5983/506 5082/5984/506
f 5060/5962/1557 5074/5976/1557 5075/5977/1557
f 5053/5955/504 4826/5687/504 5068/5970/504
f 5052/5944/989 5067/5969/989 5082/5984/989
f 5060/5962/502 5076/5978/502 5061/5963/502
f 5053/5955/1558 5069/5971/1558 5054/5956/1558
f 5062/5964/1218 5076/5978/1218 5077/5979/1218
f 5054/5956/1217 5070/5972/1217 5055/5957/1217
f 5063/5965/498 5077/5979/498 5078/5980/498
f 5056/5958/1216 5070/5972/1216 5071/5973/1216
f 5064/5966/1091 5078/5980/1091 5079/5981/1091
f 5056/5958/821 5072/5974/821 5057/5959/821
f 5064/5966/1559 5080/5982/1559 5065/5967/1559
f 5057/5959/509 5073/5975/509 5058/5960/509
f 5066/5968/508 5080/5982/508 5081/5983/508
f 5078/5980/1213 5092/5994/1213 5093/5995/1213
f 5070/5972/1294 5086/5988/1294 5071/5973/1294
f 5079/5981/489 5093/5995/489 5094/5996/489
f 5071/5973/1090 5087/5989/1090 5072/5974/1090
f 5080/5982/1560 5094/5996/1560 5095/5997/1560
f 5072/5974/1561 5088/5990/1561 5073/5975/1561
f 5080/5982/1562 5096/5998/1562 5081/5983/1562
f 5074/5976/985 5088/5990/985 5089/5991/985
f 5081/5983/483 5097/5999/483 5082/5984/483
f 5075/5977/1293 5089/5991/1293 5090/5992/1293
f 5068/5970/810 4826/5688/810 5083/5985/810
f 5052/5945/984 5082/5984/984 5097/5999/984
f 5075/5977/1212 5091/5993/1212 5076/5978/1212
f 5069/5971/1563 5083/5985/1563 5084/5986/1563
f 5076/5978/819 5092/5994/819 5077/5979/819
f 5070/5972/492 5084/5986/492 5085/5987/492
f 5096/5998/1564 5112/6028/1564 5097/5999/1564
f 5089/5991/1565 5105/6014/1565 5090/5992/1565
f 5083/5985/805 4826/5689/805 5098/6000/805
f 5052/5946/804 5097/5999/804 5112/6028/804
f 5091/5993/471 5105/6014/471 5106/6016/471
f 5084/5986/470 5098/6000/470 5099/6002/470
f 5091/5993/1566 5107/6018/1566 5092/5994/1566
f 5084/5986/468 5100/6004/468 5085/5987/468
f 5092/5994/1567 5108/6020/1567 5093/5995/1567
f 5086/5988/466 5100/6004/466 5101/6006/466
f 5093/5995/1206 5109/6022/1206 5094/5996/1206
f 5087/5989/1568 5101/6006/1568 5102/6008/1568
f 5094/5996/1569 5110/6024/1569 5095/5997/1569
f 5088/5990/1570 5102/6008/1570 5103/6010/1570
f 5096/5998/1450 5110/6024/1450 5111/6026/1450
f 5089/5991/1571 5103/6010/1571 5104/6012/1571
f 5100/6005/459 5116/6033/459 5101/6007/459
f 5109/6023/1572 5123/6040/1572 5124/6041/1572
f 5101/6007/1573 5117/6034/1573 5102/6009/1573
f 5110/6025/1574 5124/6041/1574 5125/6042/1574
f 5102/6009/1575 5118/6035/1575 5103/6011/1575
f 5110/6025/1452 5126/6043/1452 5111/6027/1452
f 5103/6011/1576 5119/6036/1576 5104/6013/1576
f 5112/6029/1577 5126/6043/1577 5127/6044/1577
f 5105/6015/1578 5119/6036/1578 5120/6037/1578
f 5098/6001/787 4826/5690/787 5113/6030/787
f 5052/5947/786 5112/6029/786 5127/6044/786
f 5105/6015/448 5121/6038/448 5106/6017/448
f 5098/6001/447 5114/6031/447 5099/6003/447
f 5107/6019/1579 5121/6038/1579 5122/6039/1579
f 5100/6005/461 5114/6031/461 5115/6032/461
f 5108/6021/1580 5122/6039/1580 5123/6040/1580
f 5119/6036/783 5135/6052/783 5120/6037/783
f 5113/6030/782 4826/5691/782 5128/6045/782
f 5052/5948/975 5127/6044/975 5142/6059/975
f 5121/6038/1201 5135/6052/1201 5136/6053/1201
f 5113/6030/1581 5129/6046/1581 5114/6031/1581
f 5121/6038/1200 5137/6054/1200 5122/6039/1200
f 5114/6031/437 5130/6047/437 5115/6032/437
f 5122/6039/1199 5138/6055/1199 5123/6040/1199
f 5116/6033/1319 5130/6047/1319 5131/6048/1319
f 5123/6040/434 5139/6056/434 5124/6041/434
f 5117/6034/1083 5131/6048/1083 5132/6049/1083
f 5124/6041/1582 5140/6057/1582 5125/6042/1582
f 5118/6035/1583 5132/6049/1583 5133/6050/1583
f 5126/6043/1584 5140/6057/1584 5141/6058/1584
f 5119/6036/445 5133/6050/445 5134/6051/445
f 5127/6044/444 5141/6058/444 5142/6059/444
f 5138/6055/1081 5154/6071/1081 5139/6056/1081
f 5132/6049/426 5146/6063/426 5147/6064/426
f 5140/6057/1585 5154/6071/1585 5155/6072/1585
f 5133/6050/424 5147/6064/424 5148/6065/424
f 5140/6057/423 5156/6073/423 5141/6058/423
f 5134/6051/1395 5148/6065/1395 5149/6066/1395
f 5141/6058/421 5157/6074/421 5142/6059/421
f 5134/6051/1284 5150/6067/1284 5135/6052/1284
f 5128/6045/419 4826/5692/419 5143/6060/419
f 5052/5949/970 5142/6059/970 5157/6074/970
f 5136/6053/417 5150/6067/417 5151/6068/417
f 5129/6046/1586 5143/6060/1586 5144/6061/1586
f 5136/6053/415 5152/6069/415 5137/6054/415
f 5130/6047/1198 5144/6061/1198 5145/6062/1198
f 5137/6054/429 5153/6070/429 5138/6055/429
f 5130/6047/1197 5146/6063/1197 5131/6048/1197
f 5052/5950/1455 5157/6074/1455 5172/6089/1455
f 5151/6068/1587 5165/6082/1587 5166/6083/1587
f 5143/6060/408 5159/6076/408 5144/6061/408
f 5151/6068/761 5167/6084/761 5152/6069/761
f 5145/6062/406 5159/6076/406 5160/6077/406
f 5152/6069/405 5168/6085/405 5153/6070/405
f 5145/6062/404 5161/6078/404 5146/6063/404
f 5154/6071/1588 5168/6085/1588 5169/6086/1588
f 5146/6063/963 5162/6079/963 5147/6064/963
f 5155/6072/1456 5169/6086/1456 5170/6087/1456
f 5148/6065/1316 5162/6079/1316 5163/6080/1316
f 5155/6072/1190 5171/6088/1190 5156/6073/1190
f 5149/6066/1400 5163/6080/1400 5164/6081/1400
f 5157/6074/1589 5171/6088/1589 5172/6089/1589
f 5149/6066/1590 5165/6082/1590 5150/6067/1590
f 5143/6060/1401 4826/5693/1401 5158/6075/1401
f 5169/6086/1188 5185/6102/1188 5170/6087/1188
f 5162/6079/1187 5178/6095/1187 5163/6080/1187
f 5170/6087/750 5186/6103/750 5171/6088/750
f 5164/6081/391 5178/6095/391 5179/6096/391
f 5171/6088/1591 5187/6104/1591 5172/6089/1591
f 5164/6081/1592 5180/6097/1592 5165/6082/1592
f 5158/6075/388 4826/5694/388 5173/6090/388
f 5052/5951/387 5172/6089/387 5187/6104/387
f 5166/6083/747 5180/6097/747 5181/6098/747
f 5159/6076/385 5173/6090/385 5174/6091/385
f 5166/6083/1458 5182/6099/1458 5167/6084/1458
f 5160/6077/1075 5174/6091/1075 5175/6092/1075
f 5168/6085/1593 5182/6099/1593 5183/6100/1593
f 5161/6078/754 5175/6092/754 5176/6093/754
f 5169/6086/1594 5183/6100/1594 5184/6101/1594
f 5161/6078/752 5177/6094/752 5162/6079/752
f 5173/6090/1595 5189/6106/1595 5174/6091/1595
f 5182/6099/376 5196/6113/376 5197/6114/376
f 5175/6092/1181 5189/6106/1181 5190/6107/1181
f 5182/6099/1596 5198/6115/1596 5183/6100/1596
f 5176/6093/373 5190/6107/373 5191/6108/373
f 5183/6100/1597 5199/6116/1597 5184/6101/1597
f 5177/6094/1180 5191/6108/1180 5192/6109/1180
f 5184/6101/370 5200/6117/370 5185/6102/370
f 5178/6095/1179 5192/6109/1179 5193/6110/1179
f 5185/6102/1598 5201/6118/1598 5186/6103/1598
f 5178/6095/367 5194/6111/367 5179/6096/367
f 5187/6104/1599 5201/6118/1599 5202/6119/1599
f 5180/6097/381 5194/6111/381 5195/6112/381
f 5173/6090/1074 4826/5695/1074 5188/6105/1074
f 5052/5952/379 5187/6104/379 5202/6119/379
f 5180/6097/378 5196/6113/378 5181/6098/378
f 5193/6110/363 5207/6124/363 5208/6125/363
f 5201/6118/738 5215/6132/738 5216/6133/738
f 5193/6110/361 5209/6126/361 5194/6111/361
f 5201/6118/1071 5217/6134/1071 5202/6119/1071
f 5194/6111/359 5210/6127/359 5195/6112/359
f 5188/6105/949 4826/5696/949 5203/6120/949
f 5052/5953/948 5202/6119/948 5217/6134/948
f 5196/6113/356 5210/6127/356 5211/6128/356
f 5189/6106/1068 5203/6120/1068 5204/6121/1068
f 5197/6114/354 5211/6128/354 5212/6129/354
f 5189/6106/1067 5205/6122/1067 5190/6107/1067
f 5197/6114/731 5213/6130/731 5198/6115/731
f 5191/6108/1066 5205/6122/1066 5206/6123/1066
f 5199/6116/1600 5213/6130/1600 5214/6131/1600
f 5191/6108/365 5207/6124/365 5192/6109/365
f 5199/6116/953 5215/6132/953 5200/6117/953
f 5211/6128/346 5222/6139/346 5212/6129/346
f 5204/6121/1177 4745/5585/1177 5205/6122/1177
f 5212/6129/344 4750/5590/344 5213/6130/344
f 5206/6123/1176 4745/5585/1176 5220/6137/1176
f 5213/6130/1601 5223/6140/1601 5214/6131/1601
f 5207/6124/1602 5220/6137/1602 4746/5586/1602
f 5214/6131/1466 5224/6141/1466 5215/6132/1466
f 5208/6125/339 4746/5586/339 5221/6138/339
f 5216/6133/725 5224/6141/725 5225/6142/725
f 5209/6126/337 5221/6138/337 4747/5587/337
f 5216/6133/1603 5226/6143/1603 5217/6134/1603
f 5210/6127/1468 4747/5587/1468 4748/5588/1468
f 5203/6120/944 4826/5697/944 5218/6135/944
f 5052/5954/729 5217/6134/729 5226/6143/729
f 5210/6127/348 4749/5589/348 5211/6128/348
f 5204/6121/1065 5218/6135/1065 5219/6136/1065
f 5700/6694/324 5234/6151/324 5701/6695/324
f 5704/6698/323 5241/6158/323 5242/6159/323
f 5227/6144/1276 5234/6151/1276 5235/6152/1276
f 5232/6149/321 5242/6159/321 5243/6160/321
f 5227/6144/1172 5236/6153/1172 5702/6696/1172
f 5232/6149/1471 5244/6161/1471 5705/6699/1471
f 5228/6145/334 5236/6153/334 5237/6154/334
f 5706/6700/1407 5244/6161/1407 5245/6162/1407
f 5228/6145/723 5238/6155/723 5703/6697/723
f 5706/6700/1604 5246/6163/1604 5707/6701/1604
f 5703/6697/330 5239/6156/330 5229/6146/330
f 5708/6702/1605 5246/6163/1605 5247/6164/1605
f 5230/6147/328 5239/6156/328 5240/6157/328
f 5700/6694/939 5308/6225/939 5233/6150/939
f 5534/6482/1333 5708/6702/1333 5247/6164/1333
f 5230/6147/1606 5241/6158/1606 5231/6148/1606
f 5233/6150/712 5308/6226/712 5248/6165/712
f 5534/6483/303 5247/6164/303 5262/6179/303
f 5240/6157/1474 5256/6173/1474 5241/6158/1474
f 5234/6151/1607 5248/6165/1607 5249/6166/1607
f 5241/6158/316 5257/6174/316 5242/6159/316
f 5235/6152/1608 5249/6166/1608 5250/6167/1608
f 5243/6160/718 5257/6174/718 5258/6175/718
f 5235/6152/1609 5251/6168/1609 5236/6153/1609
f 5243/6160/1476 5259/6176/1476 5244/6161/1476
f 5237/6154/1477 5251/6168/1477 5252/6169/1477
f 5245/6162/310 5259/6176/310 5260/6177/310
f 5237/6154/1478 5253/6170/1478 5238/6155/1478
f 5245/6162/1479 5261/6178/1479 5246/6163/1479
f 5239/6156/307 5253/6170/307 5254/6171/307
f 5246/6163/306 5262/6179/306 5247/6164/306
f 5240/6157/1168 5254/6171/1168 5255/6172/1168
f 5251/6168/704 5267/6184/704 5252/6169/704
f 5260/6177/1480 5274/6191/1480 5275/6192/1480
f 5252/6169/1167 5268/6185/1167 5253/6170/1167
f 5261/6178/1610 5275/6192/1610 5276/6193/1610
f 5254/6171/299 5268/6185/299 5269/6186/299
f 5261/6178/1611 5277/6194/1611 5262/6179/1611
f 5254/6171/297 5270/6187/297 5255/6172/297
f 5248/6165/930 5308/6227/930 5263/6180/930
f 5534/6484/1612 5262/6179/1612 5277/6194/1612
f 5256/6173/294 5270/6187/294 5271/6188/294
f 5249/6166/1482 5263/6180/1482 5264/6181/1482
f 5256/6173/1275 5272/6189/1275 5257/6174/1275
f 5249/6166/291 5265/6182/291 5250/6167/291
f 5258/6175/1312 5272/6189/1312 5273/6190/1312
f 5250/6167/289 5266/6183/289 5251/6168/289
f 5259/6176/1483 5273/6190/1483 5274/6191/1483
f 5270/6187/271 5286/6203/271 5271/6188/271
f 5263/6180/286 5279/6196/286 5264/6181/286
f 5272/6189/928 5286/6203/928 5287/6204/928
f 5264/6181/284 5280/6197/284 5265/6182/284
f 5272/6189/283 5288/6205/283 5273/6190/283
f 5265/6182/1484 5281/6198/1484 5266/6183/1484
f 5273/6190/281 5289/6206/281 5274/6191/281
f 5267/6184/280 5281/6198/280 5282/6199/280
f 5275/6192/699 5289/6206/699 5290/6207/699
f 5268/6185/926 5282/6199/926 5283/6200/926
f 5276/6193/1337 5290/6207/1337 5291/6208/1337
f 5268/6185/1163 5284/6201/1163 5269/6186/1163
f 5277/6194/1485 5291/6208/1485 5292/6209/1485
f 5270/6187/274 5284/6201/274 5285/6202/274
f 5263/6180/1613 5308/6228/1613 5278/6195/1613
f 5534/6485/1614 5277/6194/1614 5292/6209/1614
f 5289/6206/685 5305/6222/685 5290/6207/685
f 5282/6199/1273 5298/6215/1273 5283/6200/1273
f 5291/6208/1413 5305/6222/1413 5306/6223/1413
f 5283/6200/268 5299/6216/268 5284/6201/268
f 5291/6208/1615 5307/6224/1615 5292/6209/1615
f 5285/6202/1490 5299/6216/1490 5300/6217/1490
f 5278/6195/1616 5308/6229/1616 5293/6210/1616
f 5534/6486/1341 5292/6209/1341 5307/6224/1341
f 5285/6202/690 5301/6218/690 5286/6203/690
f 5279/6196/1160 5293/6210/1160 5294/6211/1160
f 5287/6204/261 5301/6218/261 5302/6219/261
f 5279/6196/260 5295/6212/260 5280/6197/260
f 5288/6205/1617 5302/6219/1617 5303/6220/1617
f 5281/6198/1343 5295/6212/1343 5296/6213/1343
f 5288/6205/1492 5304/6221/1492 5289/6206/1492
f 5282/6199/1416 5296/6213/1416 5297/6214/1416
f 5293/6210/1493 5310/6258/1493 5294/6211/1493
f 5302/6219/254 5317/6265/254 5318/6266/254
f 5294/6211/1159 5311/6259/1159 5295/6212/1159
f 5303/6220/1050 5318/6266/1050 5319/6267/1050
f 5296/6213/251 5311/6259/251 5312/6260/251
f 5304/6221/1158 5319/6267/1158 5320/6268/1158
f 5296/6213/249 5313/6261/249 5297/6214/249
f 5304/6221/1496 5321/6269/1496 5305/6222/1496
f 5297/6214/1344 5314/6262/1344 5298/6215/1344
f 5306/6223/246 5321/6269/246 5322/6270/246
f 5298/6215/1497 5315/6263/1497 5299/6216/1497
f 5307/6224/244 5322/6270/244 5323/6271/244
f 5300/6217/676 5315/6263/676 5316/6264/676
f 5293/6210/1048 5308/6230/1048 5309/6257/1048
f 5534/6487/913 5307/6224/913 5323/6271/913
f 5300/6217/240 5317/6265/240 5301/6218/240
f 5313/6261/1498 5329/6277/1498 5314/6262/1498
f 5321/6269/1419 5337/6285/1419 5322/6270/1419
f 5315/6263/912 5329/6277/912 5330/6278/912
f 5322/6270/673 5338/6286/673 5323/6271/673
f 5316/6264/1420 5330/6278/1420 5331/6279/1420
f 5309/6257/1618 5308/6231/1618 5324/6272/1618
f 5534/6488/1151 5323/6271/1151 5338/6286/1151
f 5316/6264/232 5332/6280/232 5317/6265/232
f 5310/6258/1347 5324/6272/1347 5325/6273/1347
f 5317/6265/1047 5333/6281/1047 5318/6266/1047
f 5311/6259/1500 5325/6273/1500 5326/6274/1500
f 5319/6267/228 5333/6281/228 5334/6282/228
f 5311/6259/1046 5327/6275/1046 5312/6260/1046
f 5320/6268/1619 5334/6282/1619 5335/6283/1619
f 5312/6260/225 5328/6276/225 5313/6261/225
f 5321/6269/224 5335/6283/224 5336/6284/224
f 5332/6280/1501 5348/6296/1501 5333/6281/1501
f 5325/6273/207 5341/6289/207 5326/6274/207
f 5333/6281/1620 5349/6297/1620 5334/6282/1620
f 5327/6275/221 5341/6289/221 5342/6290/221
f 5334/6282/1146 5350/6298/1146 5335/6283/1146
f 5328/6276/1502 5342/6290/1502 5343/6291/1502
f 5335/6283/218 5351/6299/218 5336/6284/218
f 5329/6277/1504 5343/6291/1504 5344/6292/1504
f 5337/6285/216 5351/6299/216 5352/6300/216
f 5330/6278/1621 5344/6292/1621 5345/6293/1621
f 5337/6285/214 5353/6301/214 5338/6286/214
f 5330/6278/1506 5346/6294/1506 5331/6279/1506
f 5324/6272/1352 5308/6232/1352 5339/6287/1352
f 5534/6489/1353 5338/6286/1353 5353/6301/1353
f 5332/6280/210 5346/6294/210 5347/6295/210
f 5325/6273/209 5339/6287/209 5340/6288/209
f 5351/6299/192 5367/6315/192 5352/6300/192
f 5344/6292/1622 5360/6308/1622 5345/6293/1622
f 5353/6301/206 5367/6315/206 5368/6316/206
f 5346/6294/1508 5360/6308/1508 5361/6309/1508
f 5339/6287/1355 5308/6233/1355 5354/6302/1355
f 5534/6490/1356 5353/6301/1356 5368/6316/1356
f 5346/6294/202 5362/6310/202 5347/6295/202
f 5339/6287/201 5355/6303/201 5340/6288/201
f 5348/6296/1509 5362/6310/1509 5363/6311/1509
f 5341/6289/199 5355/6303/199 5356/6304/199
f 5349/6297/1623 5363/6311/1623 5364/6312/1623
f 5341/6289/197 5357/6305/197 5342/6290/197
f 5350/6298/1262 5364/6312/1262 5365/6313/1262
f 5342/6290/1510 5358/6306/1510 5343/6291/1510
f 5351/6299/194 5365/6313/194 5366/6314/194
f 5343/6291/1512 5359/6307/1512 5344/6292/1512
f 5363/6311/175 5379/6327/175 5364/6312/175
f 5357/6305/1041 5371/6319/1041 5372/6320/1041
f 5364/6312/189 5380/6328/189 5365/6313/189
f 5358/6306/188 5372/6320/188 5373/6321/188
f 5365/6313/187 5381/6329/187 5366/6314/187
f 5359/6307/1513 5373/6321/1513 5374/6322/1513
f 5367/6315/1425 5381/6329/1425 5382/6330/1425
f 5360/6308/184 5374/6322/184 5375/6323/184
f 5368/6316/646 5382/6330/646 5383/6331/646
f 5360/6308/182 5376/6324/182 5361/6309/182
f 5354/6302/1624 5308/6234/1624 5369/6317/1624
f 5534/6491/1135 5368/6316/1135 5383/6331/1135
f 5362/6310/1360 5376/6324/1360 5377/6325/1360
f 5354/6302/1133 5370/6318/1133 5355/6303/1133
f 5362/6310/177 5378/6326/177 5363/6311/177
f 5355/6303/1515 5371/6319/1515 5356/6304/1515
f 5382/6330/159 5398/6346/159 5383/6331/159
f 5375/6323/1625 5391/6339/1625 5376/6324/1625
f 5369/6317/1038 5308/6235/1038 5384/6332/1038
f 5534/6492/896 5383/6331/896 5398/6346/896
f 5377/6325/171 5391/6339/171 5392/6340/171
f 5370/6318/1517 5384/6332/1517 5385/6333/1517
f 5377/6325/169 5393/6341/169 5378/6326/169
f 5371/6319/1130 5385/6333/1130 5386/6334/1130
f 5378/6326/1626 5394/6342/1626 5379/6327/1626
f 5371/6319/166 5387/6335/166 5372/6320/166
f 5379/6327/1258 5395/6343/1258 5380/6328/1258
f 5373/6321/1257 5387/6335/1257 5388/6336/1257
f 5381/6329/1519 5395/6343/1519 5396/6344/1519
f 5374/6322/1361 5388/6336/1361 5389/6337/1361
f 5381/6329/161 5397/6345/161 5382/6330/161
f 5375/6323/160 5389/6337/160 5390/6338/160
f 5386/6334/1363 5402/6350/1363 5387/6335/1363
f 5395/6343/1520 5409/6357/1520 5410/6358/1520
f 5387/6335/1364 5403/6351/1364 5388/6336/1364
f 5396/6344/631 5410/6358/631 5411/6359/631
f 5389/6337/1255 5403/6351/1255 5404/6352/1255
f 5396/6344/1427 5412/6360/1427 5397/6345/1427
f 5390/6338/628 5404/6352/628 5405/6353/628
f 5398/6346/1522 5412/6360/1522 5413/6361/1522
f 5390/6338/1523 5406/6354/1523 5391/6339/1523
f 5384/6332/1627 5308/6236/1627 5399/6347/1627
f 5534/6493/1367 5398/6346/1367 5413/6361/1367
f 5392/6340/1628 5406/6354/1628 5407/6355/1628
f 5384/6332/1124 5400/6348/1124 5385/6333/1124
f 5392/6340/146 5408/6356/146 5393/6341/146
f 5386/6334/145 5400/6348/145 5401/6349/145
f 5393/6341/1629 5409/6357/1629 5394/6342/1629
f 5405/6353/127 5421/6369/127 5406/6354/127
f 5399/6347/1630 5308/6237/1630 5414/6362/1630
f 5534/6494/1631 5413/6361/1631 5428/6376/1631
f 5407/6355/140 5421/6369/140 5422/6370/140
f 5400/6348/139 5414/6362/139 5415/6363/139
f 5407/6355/886 5423/6371/886 5408/6356/886
f 5401/6349/1369 5415/6363/1369 5416/6364/1369
f 5409/6357/136 5423/6371/136 5424/6372/136
f 5402/6350/1527 5416/6364/1527 5417/6365/1527
f 5410/6358/617 5424/6372/617 5425/6373/617
f 5402/6350/133 5418/6366/133 5403/6351/133
f 5410/6358/615 5426/6374/615 5411/6359/615
f 5403/6351/883 5419/6367/883 5404/6352/883
f 5411/6359/1371 5427/6375/1371 5412/6360/1371
f 5405/6353/129 5419/6367/129 5420/6368/129
f 5412/6360/1528 5428/6376/1528 5413/6361/1528
f 5424/6372/1304 5440/6388/1304 5425/6373/1304
f 5418/6366/613 5432/6380/613 5433/6381/613
f 5425/6373/1529 5441/6389/1529 5426/6374/1529
f 5419/6367/1120 5433/6381/1120 5434/6382/1120
f 5426/6374/1530 5442/6390/1530 5427/6375/1530
f 5419/6367/122 5435/6383/122 5420/6368/122
f 5428/6376/610 5442/6390/610 5443/6391/610
f 5421/6369/120 5435/6383/120 5436/6384/120
f 5414/6362/880 5308/6238/880 5429/6377/880
f 5534/6495/1632 5428/6376/1632 5443/6391/1632
f 5421/6369/117 5437/6385/117 5422/6370/117
f 5414/6362/1531 5430/6378/1531 5415/6363/1531
f 5423/6371/1432 5437/6385/1432 5438/6386/1432
f 5416/6364/114 5430/6378/114 5431/6379/114
f 5423/6371/1305 5439/6387/1305 5424/6372/1305
f 5417/6365/112 5431/6379/112 5432/6380/112
f 5429/6377/597 5308/6239/597 5444/6392/597
f 5534/6496/95 5443/6391/95 5458/6406/95
f 5437/6385/1532 5451/6399/1532 5452/6400/1532
f 5429/6377/1633 5445/6393/1633 5430/6378/1633
f 5438/6386/108 5452/6400/108 5453/6401/108
f 5430/6378/1634 5446/6394/1634 5431/6379/1634
f 5438/6386/604 5454/6402/604 5439/6387/604
f 5432/6380/105 5446/6394/105 5447/6395/105
f 5440/6388/1534 5454/6402/1534 5455/6403/1534
f 5432/6380/1635 5448/6396/1635 5433/6381/1635
f 5440/6388/1251 5456/6404/1251 5441/6389/1251
f 5434/6382/1250 5448/6396/1250 5449/6397/1250
f 5442/6390/1536 5456/6404/1536 5457/6405/1536
f 5434/6382/99 5450/6398/99 5435/6383/99
f 5443/6391/1636 5457/6405/1636 5458/6406/1636
f 5435/6383/97 5451/6399/97 5436/6384/97
f 5447/6395/84 5463/6411/84 5448/6396/84
f 5455/6403/1433 5471/6419/1433 5456/6404/1433
f 5449/6397/591 5463/6411/591 5464/6412/591
f 5457/6405/1637 5471/6419/1637 5472/6420/1637
f 5450/6398/80 5464/6412/80 5465/6413/80
f 5457/6405/1638 5473/6421/1638 5458/6406/1638
f 5450/6398/94 5466/6414/94 5451/6399/94
f 5444/6392/867 5308/6240/867 5459/6407/867
f 5534/6497/1374 5458/6406/1374 5473/6421/1374
f 5452/6400/91 5466/6414/91 5467/6415/91
f 5445/6393/90 5459/6407/90 5460/6408/90
f 5452/6400/89 5468/6416/89 5453/6401/89
f 5445/6393/1249 5461/6409/1249 5446/6394/1249
f 5453/6401/87 5469/6417/87 5454/6402/87
f 5447/6395/1022 5461/6409/1022 5462/6410/1022
f 5455/6403/1540 5469/6417/1540 5470/6418/1540
f 5466/6414/1244 5482/6430/1244 5467/6415/1244
f 5459/6407/585 5475/6423/585 5460/6408/585
f 5468/6416/584 5482/6430/584 5483/6431/584
f 5461/6409/1376 5475/6423/1376 5476/6424/1376
f 5469/6417/582 5483/6431/582 5484/6432/582
f 5461/6409/1243 5477/6425/1243 5462/6410/1243
f 5469/6417/1242 5485/6433/1242 5470/6418/1242
f 5463/6411/579 5477/6425/579 5478/6426/579
f 5471/6419/1436 5485/6433/1436 5486/6434/1436
f 5463/6411/577 5479/6427/577 5464/6412/577
f 5471/6419/1639 5487/6435/1639 5472/6420/1639
f 5464/6412/575 5480/6428/575 5465/6413/575
f 5473/6421/1640 5487/6435/1640 5488/6436/1640
f 5466/6414/1021 5480/6428/1021 5481/6429/1021
f 5459/6407/1020 5308/6241/1020 5474/6422/1020
f 5534/6498/1377 5473/6421/1377 5488/6436/1377
f 5486/6434/571 5500/6448/571 5501/6449/571
f 5478/6426/570 5494/6442/570 5479/6427/570
f 5486/6434/1641 5502/6450/1641 5487/6435/1641
f 5480/6428/853 5494/6442/853 5495/6443/853
f 5488/6436/1642 5502/6450/1642 5503/6451/1642
f 5481/6429/1238 5495/6443/1238 5496/6444/1238
f 5474/6422/851 5308/6242/851 5489/6437/851
f 5534/6499/850 5488/6436/850 5503/6451/850
f 5481/6429/1440 5497/6445/1440 5482/6430/1440
f 5474/6422/562 5490/6438/562 5475/6423/562
f 5482/6430/561 5498/6446/561 5483/6431/561
f 5476/6424/1106 5490/6438/1106 5491/6439/1106
f 5484/6432/847 5498/6446/847 5499/6447/847
f 5476/6424/1643 5492/6440/1643 5477/6425/1643
f 5484/6432/1542 5500/6448/1542 5485/6433/1542
f 5478/6426/1543 5492/6440/1543 5493/6441/1543
f 5497/6445/553 5513/6461/553 5498/6446/553
f 5490/6438/1299 5506/6454/1299 5491/6439/1299
f 5499/6447/1322 5513/6461/1322 5514/6462/1322
f 5491/6439/550 5507/6455/550 5492/6440/550
f 5500/6448/1545 5514/6462/1545 5515/6463/1545
f 5492/6440/1234 5508/6456/1234 5493/6441/1234
f 5501/6449/547 5515/6463/547 5516/6464/547
f 5493/6441/546 5509/6457/546 5494/6442/546
f 5502/6450/1443 5516/6464/1443 5517/6465/1443
f 5495/6443/544 5509/6457/544 5510/6458/544
f 5502/6450/1644 5518/6466/1644 5503/6451/1644
f 5495/6443/558 5511/6459/558 5496/6444/558
f 5489/6437/1105 5308/6243/1105 5504/6452/1105
f 5534/6500/1645 5503/6451/1645 5518/6466/1645
f 5497/6445/555 5511/6459/555 5512/6460/555
f 5490/6438/1548 5504/6452/1548 5505/6453/1548
f 5517/6465/1230 5531/6479/1230 5532/6480/1230
f 5509/6457/1099 5525/6473/1099 5510/6458/1099
f 5518/6466/1549 5532/6480/1549 5533/6481/1549
f 5511/6459/1550 5525/6473/1550 5526/6474/1550
f 5504/6452/1646 5308/6244/1646 5519/6467/1646
f 5534/6501/999 5518/6466/999 5533/6481/999
f 5511/6459/532 5527/6475/532 5512/6460/532
f 5504/6452/531 5520/6468/531 5505/6453/531
f 5513/6461/530 5527/6475/530 5528/6476/530
f 5505/6453/1647 5521/6469/1647 5506/6454/1647
f 5513/6461/839 5529/6477/839 5514/6462/839
f 5506/6454/838 5522/6470/838 5507/6455/838
f 5514/6462/1552 5530/6478/1552 5515/6463/1552
f 5508/6456/1648 5522/6470/1648 5523/6471/1648
f 5516/6464/540 5530/6478/540 5531/6479/540
f 5509/6457/1649 5523/6471/1649 5524/6472/1649
f 5520/6468/522 5537/6516/522 5521/6469/522
f 5529/6477/1553 5544/6523/1553 5545/6524/1553
f 5522/6470/1297 5537/6516/1297 5538/6517/1297
f 5529/6477/1554 5546/6525/1554 5530/6478/1554
f 5523/6471/996 5538/6517/996 5539/6518/996
f 5530/6478/1382 5547/6526/1382 5531/6479/1382
f 5523/6471/516 5540/6519/516 5524/6472/516
f 5532/6480/1223 5547/6526/1223 5548/6527/1223
f 5524/6472/1383 5541/6520/1383 5525/6473/1383
f 5532/6480/1555 5549/6528/1555 5533/6481/1555
f 5526/6474/512 5541/6520/512 5542/6521/512
f 5519/6467/1650 5308/6245/1650 5535/6514/1650
f 5534/6502/1386 5533/6481/1386 5549/6528/1386
f 5526/6474/1556 5543/6522/1556 5527/6475/1556
f 5520/6468/524 5535/6514/524 5536/6515/524
f 5528/6476/523 5543/6522/523 5544/6523/523
f 5540/6519/1387 5556/6535/1387 5541/6520/1387
f 5549/6528/506 5563/6542/506 5564/6543/506
f 5542/6521/1557 5556/6535/1557 5557/6536/1557
f 5535/6514/1651 5308/6246/1651 5550/6529/1651
f 5534/6503/989 5549/6528/989 5564/6543/989
f 5542/6521/502 5558/6537/502 5543/6522/502
f 5535/6514/1558 5551/6530/1558 5536/6515/1558
f 5544/6523/1093 5558/6537/1093 5559/6538/1093
f 5536/6515/1217 5552/6531/1217 5537/6516/1217
f 5545/6524/1652 5559/6538/1652 5560/6539/1652
f 5538/6517/1216 5552/6531/1216 5553/6532/1216
f 5546/6525/1091 5560/6539/1091 5561/6540/1091
f 5538/6517/495 5554/6533/495 5539/6518/495
f 5546/6525/1559 5562/6541/1559 5547/6526/1559
f 5539/6518/509 5555/6534/509 5540/6519/509
f 5548/6527/508 5562/6541/508 5563/6542/508
f 5560/6539/1213 5574/6553/1213 5575/6554/1213
f 5552/6531/1294 5568/6547/1294 5553/6532/1294
f 5561/6540/1653 5575/6554/1653 5576/6555/1653
f 5553/6532/1090 5569/6548/1090 5554/6533/1090
f 5562/6541/1560 5576/6555/1560 5577/6556/1560
f 5554/6533/1561 5570/6549/1561 5555/6534/1561
f 5562/6541/1562 5578/6557/1562 5563/6542/1562
f 5556/6535/985 5570/6549/985 5571/6550/985
f 5563/6542/483 5579/6558/483 5564/6543/483
f 5557/6536/1293 5571/6550/1293 5572/6551/1293
f 5550/6529/1654 5308/6247/1654 5565/6544/1654
f 5534/6504/984 5564/6543/984 5579/6558/984
f 5557/6536/479 5573/6552/479 5558/6537/479
f 5551/6530/1563 5565/6544/1563 5566/6545/1563
f 5558/6537/819 5574/6553/819 5559/6538/819
f 5552/6531/492 5566/6545/492 5567/6546/492
f 5578/6557/1564 5594/6587/1564 5579/6558/1564
f 5571/6550/1565 5587/6573/1565 5572/6551/1565
f 5565/6544/805 5308/6248/805 5580/6559/805
f 5534/6505/804 5579/6558/804 5594/6587/804
f 5573/6552/471 5587/6573/471 5588/6575/471
f 5566/6545/470 5580/6559/470 5581/6561/470
f 5573/6552/1566 5589/6577/1566 5574/6553/1566
f 5566/6545/468 5582/6563/468 5567/6546/468
f 5574/6553/1567 5590/6579/1567 5575/6554/1567
f 5568/6547/466 5582/6563/466 5583/6565/466
f 5575/6554/1206 5591/6581/1206 5576/6555/1206
f 5569/6548/1568 5583/6565/1568 5584/6567/1568
f 5576/6555/1289 5592/6583/1289 5577/6556/1289
f 5570/6549/1570 5584/6567/1570 5585/6569/1570
f 5578/6557/808 5592/6583/808 5593/6585/808
f 5571/6550/1211 5585/6569/1211 5586/6571/1211
f 5582/6564/459 5598/6592/459 5583/6566/459
f 5591/6582/1572 5605/6599/1572 5606/6600/1572
f 5583/6566/1573 5599/6593/1573 5584/6568/1573
f 5592/6584/1288 5606/6600/1288 5607/6601/1288
f 5584/6568/1575 5600/6594/1575 5585/6570/1575
f 5592/6584/791 5608/6602/791 5593/6586/791
f 5585/6570/453 5601/6595/453 5586/6572/453
f 5594/6588/1577 5608/6602/1577 5609/6603/1577
f 5587/6574/1578 5601/6595/1578 5602/6596/1578
f 5580/6560/787 5308/6249/787 5595/6589/787
f 5534/6506/786 5594/6588/786 5609/6603/786
f 5587/6574/448 5603/6597/448 5588/6576/448
f 5580/6560/447 5596/6590/447 5581/6562/447
f 5589/6578/1579 5603/6597/1579 5604/6598/1579
f 5582/6564/461 5596/6590/461 5597/6591/461
f 5590/6580/1580 5604/6598/1580 5605/6599/1580
f 5601/6595/783 5617/6611/783 5602/6596/783
f 5595/6589/1655 5308/6250/1655 5610/6604/1655
f 5534/6507/975 5609/6603/975 5624/6618/975
f 5603/6597/1286 5617/6611/1286 5618/6612/1286
f 5595/6589/1581 5611/6605/1581 5596/6590/1581
f 5603/6597/1656 5619/6613/1656 5604/6598/1656
f 5596/6590/437 5612/6606/437 5597/6591/437
f 5604/6598/1199 5620/6614/1199 5605/6599/1199
f 5598/6592/1319 5612/6606/1319 5613/6607/1319
f 5605/6599/1657 5621/6615/1657 5606/6600/1657
f 5599/6593/1083 5613/6607/1083 5614/6608/1083
f 5606/6600/1582 5622/6616/1582 5607/6601/1582
f 5600/6594/1583 5614/6608/1583 5615/6609/1583
f 5608/6602/1584 5622/6616/1584 5623/6617/1584
f 5601/6595/1658 5615/6609/1658 5616/6610/1658
f 5609/6603/444 5623/6617/444 5624/6618/444
f 5620/6614/427 5636/6630/427 5621/6615/427
f 5614/6608/426 5628/6622/426 5629/6623/426
f 5622/6616/1585 5636/6630/1585 5637/6631/1585
f 5615/6609/424 5629/6623/424 5630/6624/424
f 5622/6616/423 5638/6632/423 5623/6617/423
f 5616/6610/1395 5630/6624/1395 5631/6625/1395
f 5623/6617/421 5639/6633/421 5624/6618/421
f 5616/6610/1659 5632/6626/1659 5617/6611/1659
f 5610/6604/1660 5308/6251/1660 5625/6619/1660
f 5534/6508/970 5624/6618/970 5639/6633/970
f 5618/6612/417 5632/6626/417 5633/6627/417
f 5611/6605/1586 5625/6619/1586 5626/6620/1586
f 5618/6612/1661 5634/6628/1661 5619/6613/1661
f 5612/6606/1198 5626/6620/1198 5627/6621/1198
f 5619/6613/1662 5635/6629/1662 5620/6614/1662
f 5612/6606/1197 5628/6622/1197 5613/6607/1197
f 5534/6509/1396 5639/6633/1396 5654/6648/1396
f 5633/6627/1663 5647/6641/1663 5648/6642/1663
f 5625/6619/408 5641/6635/408 5626/6620/408
f 5633/6627/761 5649/6643/761 5634/6628/761
f 5627/6621/406 5641/6635/406 5642/6636/406
f 5634/6628/405 5650/6644/405 5635/6629/405
f 5627/6621/1398 5643/6637/1398 5628/6622/1398
f 5636/6630/1588 5650/6644/1588 5651/6645/1588
f 5628/6622/963 5644/6638/963 5629/6623/963
f 5637/6631/1456 5651/6645/1456 5652/6646/1456
f 5630/6624/1316 5644/6638/1316 5645/6639/1316
f 5637/6631/1190 5653/6647/1190 5638/6632/1190
f 5631/6625/1400 5645/6639/1400 5646/6640/1400
f 5639/6633/1589 5653/6647/1589 5654/6648/1589
f 5631/6625/1590 5647/6641/1590 5632/6626/1590
f 5625/6619/1664 5308/6252/1664 5640/6634/1664
f 5651/6645/1188 5667/6661/1188 5652/6646/1188
f 5644/6638/1187 5660/6654/1187 5645/6639/1187
f 5652/6646/750 5668/6662/750 5653/6647/750
f 5646/6640/1077 5660/6654/1077 5661/6655/1077
f 5653/6647/1591 5669/6663/1591 5654/6648/1591
f 5646/6640/1592 5662/6656/1592 5647/6641/1592
f 5640/6634/1665 5308/6253/1665 5655/6649/1665
f 5534/6510/958 5654/6648/958 5669/6663/958
f 5648/6642/747 5662/6656/747 5663/6657/747
f 5641/6635/385 5655/6649/385 5656/6650/385
f 5648/6642/745 5664/6658/745 5649/6643/745
f 5642/6636/1666 5656/6650/1666 5657/6651/1666
f 5650/6644/755 5664/6658/755 5665/6659/755
f 5643/6637/754 5657/6651/754 5658/6652/754
f 5651/6645/1594 5665/6659/1594 5666/6660/1594
f 5643/6637/1667 5659/6653/1667 5644/6638/1667
f 5655/6649/1595 5671/6665/1595 5656/6650/1595
f 5664/6658/376 5678/6672/376 5679/6673/376
f 5657/6651/1668 5671/6665/1668 5672/6666/1668
f 5664/6658/1314 5680/6674/1314 5665/6659/1314
f 5658/6652/373 5672/6666/373 5673/6667/373
f 5665/6659/1597 5681/6675/1597 5666/6660/1597
f 5659/6653/1180 5673/6667/1180 5674/6668/1180
f 5666/6660/370 5682/6676/370 5667/6661/370
f 5660/6654/1179 5674/6668/1179 5675/6669/1179
f 5667/6661/1462 5683/6677/1462 5668/6662/1462
f 5660/6654/367 5676/6670/367 5661/6655/367
f 5669/6663/1599 5683/6677/1599 5684/6678/1599
f 5662/6656/381 5676/6670/381 5677/6671/381
f 5655/6649/1074 5308/6254/1074 5670/6664/1074
f 5534/6511/1669 5669/6663/1669 5684/6678/1669
f 5662/6656/378 5678/6672/378 5663/6657/378
f 5675/6669/363 5689/6683/363 5690/6684/363
f 5683/6677/1670 5697/6691/1670 5698/6692/1670
f 5675/6669/361 5691/6685/361 5676/6670/361
f 5683/6677/360 5699/6693/360 5684/6678/360
f 5676/6670/359 5692/6686/359 5677/6671/359
f 5670/6664/735 5308/6255/735 5685/6679/735
f 5534/6512/734 5684/6678/734 5699/6693/734
f 5678/6672/356 5692/6686/356 5693/6687/356
f 5671/6665/1404 5685/6679/1404 5686/6680/1404
f 5679/6673/354 5693/6687/354 5694/6688/354
f 5671/6665/1067 5687/6681/1067 5672/6666/1067
f 5679/6673/731 5695/6689/731 5680/6674/731
f 5673/6667/1066 5687/6681/1066 5688/6682/1066
f 5681/6675/1600 5695/6689/1600 5696/6690/1600
f 5673/6667/1671 5689/6683/1671 5674/6668/1671
f 5681/6675/953 5697/6691/953 5682/6676/953
f 5693/6687/346 5704/6698/346 5694/6688/346
f 5686/6680/1177 5227/6144/1177 5687/6681/1177
f 5694/6688/344 5232/6149/344 5695/6689/344
f 5688/6682/1176 5227/6144/1176 5702/6696/1176
f 5695/6689/1601 5705/6699/1601 5696/6690/1601
f 5689/6683/1602 5702/6696/1602 5228/6145/1602
f 5696/6690/1672 5706/6700/1672 5697/6691/1672
f 5690/6684/339 5228/6145/339 5703/6697/339
f 5698/6692/1673 5706/6700/1673 5707/6701/1673
f 5691/6685/337 5703/6697/337 5229/6146/337
f 5698/6692/1674 5708/6702/1674 5699/6693/1674
f 5692/6686/1468 5229/6146/1468 5230/6147/1468
f 5685/6679/944 5308/6256/944 5700/6694/944
f 5534/6513/1405 5699/6693/1405 5708/6702/1405
f 5692/6686/348 5231/6148/348 5693/6687/348
f 5686/6680/347 5700/6694/347 5701/6695/347
f 6182/7253/1173 5716/6710/1173 6183/7254/1173
f 6186/7257/323 5723/6717/323 5724/6718/323
f 5709/6703/1276 5716/6710/1276 5717/6711/1276
f 5714/6708/1470 5724/6718/1470 5725/6719/1470
f 5709/6703/1172 5718/6712/1172 6184/7255/1172
f 5714/6708/319 5726/6720/319 6187/7258/319
f 5710/6704/334 5718/6712/334 5719/6713/334
f 6188/7259/1407 5726/6720/1407 5727/6721/1407
f 5710/6704/723 5720/6714/723 6185/7256/723
f 6188/7259/1174 5728/6722/1174 6189/7260/1174
f 6185/7256/330 5721/6715/330 5711/6705/330
f 6190/7261/329 5728/6722/329 5729/6723/329
f 5712/6706/328 5721/6715/328 5722/6716/328
f 6182/7253/939 5790/6784/939 5715/6709/939
f 6016/7041/1333 6190/7261/1333 5729/6723/1333
f 5712/6706/1606 5723/6717/1606 5713/6707/1606
f 5715/6709/712 5790/6785/712 5730/6724/712
f 6016/7042/303 5729/6723/303 5744/6738/303
f 5722/6716/318 5738/6732/318 5723/6717/318
f 5716/6710/1060 5730/6724/1060 5731/6725/1060
f 5723/6717/316 5739/6733/316 5724/6718/316
f 5717/6711/315 5731/6725/315 5732/6726/315
f 5725/6719/718 5739/6733/718 5740/6734/718
f 5717/6711/1609 5733/6727/1609 5718/6712/1609
f 5725/6719/312 5741/6735/312 5726/6720/312
f 5719/6713/717 5733/6727/717 5734/6728/717
f 5727/6721/310 5741/6735/310 5742/6736/310
f 5719/6713/309 5735/6729/309 5720/6714/309
f 5727/6721/308 5743/6737/308 5728/6722/308
f 5721/6715/307 5735/6729/307 5736/6730/307
f 5728/6722/306 5744/6738/306 5729/6723/306
f 5722/6716/1168 5736/6730/1168 5737/6731/1168
f 5733/6727/287 5749/6743/287 5734/6728/287
f 5742/6736/302 5756/6750/302 5757/6751/302
f 5734/6728/301 5750/6744/301 5735/6729/301
f 5743/6737/1481 5757/6751/1481 5758/6752/1481
f 5736/6730/1675 5750/6744/1675 5751/6745/1675
f 5743/6737/1676 5759/6753/1676 5744/6738/1676
f 5736/6730/297 5752/6746/297 5737/6731/297
f 5730/6724/930 5790/6786/930 5745/6739/930
f 6016/7043/1677 5744/6738/1677 5759/6753/1677
f 5738/6732/294 5752/6746/294 5753/6747/294
f 5731/6725/293 5745/6739/293 5746/6740/293
f 5738/6732/1275 5754/6748/1275 5739/6733/1275
f 5731/6725/291 5747/6741/291 5732/6726/291
f 5740/6734/1312 5754/6748/1312 5755/6749/1312
f 5732/6726/289 5748/6742/289 5733/6727/289
f 5741/6735/288 5755/6749/288 5756/6750/288
f 5752/6746/271 5768/6762/271 5753/6747/271
f 5745/6739/286 5761/6755/286 5746/6740/286
f 5754/6748/928 5768/6762/928 5769/6763/928
f 5746/6740/1678 5762/6756/1678 5747/6741/1678
f 5754/6748/283 5770/6764/283 5755/6749/283
f 5747/6741/282 5763/6757/282 5748/6742/282
f 5755/6749/281 5771/6765/281 5756/6750/281
f 5749/6743/1412 5763/6757/1412 5764/6758/1412
f 5757/6751/1054 5771/6765/1054 5772/6766/1054
f 5750/6744/926 5764/6758/926 5765/6759/926
f 5758/6752/1337 5772/6766/1337 5773/6767/1337
f 5750/6744/1163 5766/6760/1163 5751/6745/1163
f 5759/6753/275 5773/6767/275 5774/6768/275
f 5752/6746/274 5766/6760/274 5767/6761/274
f 5745/6739/924 5790/6787/924 5760/6754/924
f 6016/7044/923 5759/6753/923 5774/6768/923
f 5771/6765/685 5787/6781/685 5772/6766/685
f 5764/6758/1273 5780/6774/1273 5765/6759/1273
f 5773/6767/1413 5787/6781/1413 5788/6782/1413
f 5765/6759/268 5781/6775/268 5766/6760/268
f 5773/6767/267 5789/6783/267 5774/6768/267
f 5767/6761/1161 5781/6775/1161 5782/6776/1161
f 5760/6754/1616 5790/6788/1616 5775/6769/1616
f 6016/7045/1341 5774/6768/1341 5789/6783/1341
f 5767/6761/1342 5783/6777/1342 5768/6762/1342
f 5761/6755/1052 5775/6769/1052 5776/6770/1052
f 5769/6763/261 5783/6777/261 5784/6778/261
f 5761/6755/260 5777/6771/260 5762/6756/260
f 5770/6764/259 5784/6778/259 5785/6779/259
f 5763/6757/1343 5777/6771/1343 5778/6772/1343
f 5770/6764/686 5786/6780/686 5771/6765/686
f 5764/6758/1416 5778/6772/1416 5779/6773/1416
f 5775/6769/675 5792/6817/675 5776/6770/675
f 5784/6778/254 5799/6824/254 5800/6825/254
f 5776/6770/1159 5793/6818/1159 5777/6771/1159
f 5785/6779/682 5800/6825/682 5801/6826/682
f 5778/6772/251 5793/6818/251 5794/6819/251
f 5786/6780/1495 5801/6826/1495 5802/6827/1495
f 5778/6772/249 5795/6820/249 5779/6773/249
f 5786/6780/248 5803/6828/248 5787/6781/248
f 5779/6773/1049 5796/6821/1049 5780/6774/1049
f 5788/6782/246 5803/6828/246 5804/6829/246
f 5780/6774/1497 5797/6822/1497 5781/6775/1497
f 5789/6783/677 5804/6829/677 5805/6830/677
f 5782/6776/243 5797/6822/243 5798/6823/243
f 5775/6769/1048 5790/6789/1048 5791/6816/1048
f 6016/7046/913 5789/6783/913 5805/6830/913
f 5782/6776/240 5799/6824/240 5783/6777/240
f 5795/6820/223 5811/6836/223 5796/6821/223
f 5803/6828/1154 5819/6844/1154 5804/6829/1154
f 5797/6822/237 5811/6836/237 5812/6837/237
f 5804/6829/236 5820/6845/236 5805/6830/236
f 5798/6823/1420 5812/6837/1420 5813/6838/1420
f 5791/6816/1679 5790/6790/1679 5806/6831/1679
f 6016/7047/910 5805/6830/910 5820/6845/910
f 5798/6823/232 5814/6839/232 5799/6824/232
f 5792/6817/1347 5806/6831/1347 5807/6832/1347
f 5799/6824/1047 5815/6840/1047 5800/6825/1047
f 5793/6818/1500 5807/6832/1500 5808/6833/1500
f 5801/6826/228 5815/6840/228 5816/6841/228
f 5793/6818/1046 5809/6834/1046 5794/6819/1046
f 5802/6827/1680 5816/6841/1680 5817/6842/1680
f 5794/6819/666 5810/6835/666 5795/6820/666
f 5803/6828/224 5817/6842/224 5818/6843/224
f 5814/6839/208 5830/6855/208 5815/6840/208
f 5807/6832/207 5823/6848/207 5808/6833/207
f 5815/6840/222 5831/6856/222 5816/6841/222
f 5809/6834/1147 5823/6848/1147 5824/6849/1147
f 5816/6841/220 5832/6857/220 5817/6842/220
f 5810/6835/1145 5824/6849/1145 5825/6850/1145
f 5817/6842/1681 5833/6858/1681 5818/6843/1681
f 5811/6836/217 5825/6850/217 5826/6851/217
f 5819/6844/1682 5833/6858/1682 5834/6859/1682
f 5812/6837/215 5826/6851/215 5827/6852/215
f 5819/6844/214 5835/6860/214 5820/6845/214
f 5812/6837/213 5828/6853/213 5813/6838/213
f 5806/6831/212 5790/6791/212 5821/6846/212
f 6016/7048/211 5820/6845/211 5835/6860/211
f 5814/6839/659 5828/6853/659 5829/6854/659
f 5807/6832/1421 5821/6846/1421 5822/6847/1421
f 5833/6858/1683 5849/6874/1683 5834/6859/1683
f 5826/6851/191 5842/6867/191 5827/6852/191
f 5835/6860/206 5849/6874/206 5850/6875/206
f 5828/6853/205 5842/6867/205 5843/6868/205
f 5821/6846/204 5790/6792/204 5836/6861/204
f 6016/7049/203 5835/6860/203 5850/6875/203
f 5828/6853/656 5844/6869/656 5829/6854/656
f 5821/6846/1422 5837/6862/1422 5822/6847/1422
f 5830/6855/200 5844/6869/200 5845/6870/200
f 5823/6848/199 5837/6862/199 5838/6863/199
f 5831/6856/198 5845/6870/198 5846/6871/198
f 5823/6848/1142 5839/6864/1142 5824/6849/1142
f 5832/6857/196 5846/6871/196 5847/6872/196
f 5824/6849/1140 5840/6865/1140 5825/6850/1140
f 5833/6858/1684 5847/6872/1684 5848/6873/1684
f 5825/6850/193 5841/6866/193 5826/6851/193
f 5845/6870/175 5861/6886/175 5846/6871/175
f 5839/6864/1041 5853/6878/1041 5854/6879/1041
f 5846/6871/1685 5862/6887/1685 5847/6872/1685
f 5840/6865/899 5854/6879/899 5855/6880/899
f 5847/6872/187 5863/6888/187 5848/6873/187
f 5841/6866/1424 5855/6880/1424 5856/6881/1424
f 5849/6874/1138 5863/6888/1138 5864/6889/1138
f 5842/6867/184 5856/6881/184 5857/6882/184
f 5850/6875/183 5864/6889/183 5865/6890/183
f 5842/6867/182 5858/6883/182 5843/6868/182
f 5836/6861/1686 5790/6793/1686 5851/6876/1686
f 6016/7050/897 5850/6875/897 5865/6890/897
f 5844/6869/1360 5858/6883/1360 5859/6884/1360
f 5836/6861/1133 5852/6877/1133 5837/6862/1133
f 5844/6869/177 5860/6885/177 5845/6870/177
f 5837/6862/1515 5853/6878/1515 5838/6863/1515
f 5864/6889/633 5880/6905/633 5865/6890/633
f 5857/6882/174 5873/6898/174 5858/6883/174
f 5851/6876/1038 5790/6794/1038 5866/6891/1038
f 6016/7051/896 5865/6890/896 5880/6905/896
f 5859/6884/171 5873/6898/171 5874/6899/171
f 5852/6877/641 5866/6891/641 5867/6892/641
f 5859/6884/169 5875/6900/169 5860/6885/169
f 5853/6878/1130 5867/6892/1130 5868/6893/1130
f 5860/6885/638 5876/6901/638 5861/6886/638
f 5853/6878/166 5869/6894/166 5854/6879/166
f 5861/6886/1129 5877/6902/1129 5862/6887/1129
f 5855/6880/1257 5869/6894/1257 5870/6895/1257
f 5863/6888/163 5877/6902/163 5878/6903/163
f 5856/6881/1035 5870/6895/1035 5871/6896/1035
f 5863/6888/161 5879/6904/161 5864/6889/161
f 5857/6882/160 5871/6896/160 5872/6897/160
f 5868/6893/1363 5884/6909/1363 5869/6894/1363
f 5877/6902/632 5891/6916/632 5892/6917/632
f 5869/6894/1364 5885/6910/1364 5870/6895/1364
f 5878/6903/631 5892/6917/631 5893/6918/631
f 5871/6896/1255 5885/6910/1255 5886/6911/1255
f 5878/6903/1427 5894/6919/1427 5879/6904/1427
f 5872/6897/628 5886/6911/628 5887/6912/628
f 5880/6905/152 5894/6919/152 5895/6920/152
f 5872/6897/1125 5888/6913/1125 5873/6898/1125
f 5866/6891/1627 5790/6795/1627 5881/6906/1627
f 6016/7052/1367 5880/6905/1367 5895/6920/1367
f 5874/6899/1368 5888/6913/1368 5889/6914/1368
f 5866/6891/1033 5882/6907/1033 5867/6892/1033
f 5874/6899/146 5890/6915/146 5875/6900/146
f 5868/6893/145 5882/6907/145 5883/6908/145
f 5875/6900/144 5891/6916/144 5876/6901/144
f 5887/6912/127 5903/6928/127 5888/6913/127
f 5881/6906/888 5790/6796/888 5896/6921/888
f 6016/7053/887 5895/6920/887 5910/6935/887
f 5889/6914/140 5903/6928/140 5904/6929/140
f 5882/6907/139 5896/6921/139 5897/6922/139
f 5889/6914/886 5905/6930/886 5890/6915/886
f 5883/6908/1369 5897/6922/1369 5898/6923/1369
f 5891/6916/136 5905/6930/136 5906/6931/136
f 5884/6909/135 5898/6923/135 5899/6924/135
f 5892/6917/617 5906/6931/617 5907/6932/617
f 5884/6909/1430 5900/6925/1430 5885/6910/1430
f 5892/6917/1121 5908/6933/1121 5893/6918/1121
f 5885/6910/883 5901/6926/883 5886/6911/883
f 5893/6918/1371 5909/6934/1371 5894/6919/1371
f 5887/6912/1252 5901/6926/1252 5902/6927/1252
f 5894/6919/128 5910/6935/128 5895/6920/128
f 5906/6931/111 5922/6947/111 5907/6932/111
f 5900/6925/126 5914/6939/126 5915/6940/126
f 5907/6932/125 5923/6948/125 5908/6933/125
f 5901/6926/124 5915/6940/124 5916/6941/124
f 5908/6933/1530 5924/6949/1530 5909/6934/1530
f 5901/6926/1687 5917/6942/1687 5902/6927/1687
f 5910/6935/1431 5924/6949/1431 5925/6950/1431
f 5903/6928/120 5917/6942/120 5918/6943/120
f 5896/6921/880 5790/6797/880 5911/6936/880
f 6016/7054/1688 5910/6935/1688 5925/6950/1688
f 5903/6928/117 5919/6944/117 5904/6929/117
f 5896/6921/1029 5912/6937/1029 5897/6922/1029
f 5905/6930/1432 5919/6944/1432 5920/6945/1432
f 5898/6923/114 5912/6937/114 5913/6938/114
f 5905/6930/1305 5921/6946/1305 5906/6931/1305
f 5899/6924/112 5913/6938/112 5914/6939/112
f 5911/6936/597 5790/6798/597 5926/6951/597
f 6016/7055/95 5925/6950/95 5940/6965/95
f 5919/6944/110 5933/6958/110 5934/6959/110
f 5911/6936/109 5927/6952/109 5912/6937/109
f 5920/6945/108 5934/6959/108 5935/6960/108
f 5912/6937/107 5928/6953/107 5913/6938/107
f 5920/6945/604 5936/6961/604 5921/6946/604
f 5914/6939/105 5928/6953/105 5929/6954/105
f 5922/6947/104 5936/6961/104 5937/6962/104
f 5914/6939/603 5930/6955/603 5915/6940/603
f 5922/6947/1251 5938/6963/1251 5923/6948/1251
f 5916/6941/101 5930/6955/101 5931/6956/101
f 5924/6949/100 5938/6963/100 5939/6964/100
f 5916/6941/99 5932/6957/99 5917/6942/99
f 5925/6950/1636 5939/6964/1636 5940/6965/1636
f 5917/6942/97 5933/6958/97 5918/6943/97
f 5929/6954/84 5945/6970/84 5930/6955/84
f 5937/6962/1433 5953/6978/1433 5938/6963/1433
f 5931/6956/591 5945/6970/591 5946/6971/591
f 5939/6964/1114 5953/6978/1114 5954/6979/1114
f 5932/6957/80 5946/6971/80 5947/6972/80
f 5939/6964/79 5955/6980/79 5940/6965/79
f 5932/6957/94 5948/6973/94 5933/6958/94
f 5926/6951/867 5790/6799/867 5941/6966/867
f 6016/7056/1374 5940/6965/1374 5955/6980/1374
f 5934/6959/91 5948/6973/91 5949/6974/91
f 5927/6952/1115 5941/6966/1115 5942/6967/1115
f 5934/6959/89 5950/6975/89 5935/6960/89
f 5927/6952/1249 5943/6968/1249 5928/6953/1249
f 5935/6960/1539 5951/6976/1539 5936/6961/1539
f 5929/6954/1022 5943/6968/1022 5944/6969/1022
f 5937/6962/85 5951/6976/85 5952/6977/85
f 5948/6973/1244 5964/6989/1244 5949/6974/1244
f 5941/6966/585 5957/6982/585 5942/6967/585
f 5950/6975/584 5964/6989/584 5965/6990/584
f 5943/6968/1376 5957/6982/1376 5958/6983/1376
f 5951/6976/1435 5965/6990/1435 5966/6991/1435
f 5943/6968/1243 5959/6984/1243 5944/6969/1243
f 5951/6976/1242 5967/6992/1242 5952/6977/1242
f 5945/6970/579 5959/6984/579 5960/6985/579
f 5953/6978/1436 5967/6992/1436 5968/6993/1436
f 5945/6970/577 5961/6986/577 5946/6971/577
f 5953/6978/1241 5969/6994/1241 5954/6979/1241
f 5946/6971/575 5962/6987/575 5947/6972/575
f 5955/6980/1689 5969/6994/1689 5970/6995/1689
f 5948/6973/1021 5962/6987/1021 5963/6988/1021
f 5941/6966/1438 5790/6800/1438 5956/6981/1438
f 6016/7057/1690 5955/6980/1690 5970/6995/1690
f 5968/6993/1691 5982/7007/1691 5983/7008/1691
f 5960/6985/570 5976/7001/570 5961/6986/570
f 5968/6993/854 5984/7009/854 5969/6994/854
f 5962/6987/853 5976/7001/853 5977/7002/853
f 5970/6995/1642 5984/7009/1642 5985/7010/1642
f 5963/6988/1238 5977/7002/1238 5978/7003/1238
f 5956/6981/851 5790/6801/851 5971/6996/851
f 6016/7058/850 5970/6995/850 5985/7010/850
f 5963/6988/1440 5979/7004/1440 5964/6989/1440
f 5956/6981/562 5972/6997/562 5957/6982/562
f 5964/6989/561 5980/7005/561 5965/6990/561
f 5958/6983/1010 5972/6997/1010 5973/6998/1010
f 5966/6991/847 5980/7005/847 5981/7006/847
f 5958/6983/1643 5974/6999/1643 5959/6984/1643
f 5966/6991/573 5982/7007/573 5967/6992/573
f 5960/6985/1240 5974/6999/1240 5975/7000/1240
f 5979/7004/553 5995/7020/553 5980/7005/553
f 5972/6997/1299 5988/7013/1299 5973/6998/1299
f 5981/7006/551 5995/7020/551 5996/7021/551
f 5973/6998/550 5989/7014/550 5974/6999/550
f 5982/7007/549 5996/7021/549 5997/7022/549
f 5974/6999/548 5990/7015/548 5975/7000/548
f 5983/7008/1442 5997/7022/1442 5998/7023/1442
f 5975/7000/1233 5991/7016/1233 5976/7001/1233
f 5984/7009/545 5998/7023/545 5999/7024/545
f 5977/7002/1692 5991/7016/1692 5992/7017/1692
f 5984/7009/543 6000/7025/543 5985/7010/543
f 5977/7002/558 5993/7018/558 5978/7003/558
f 5971/6996/1105 5790/6802/1105 5986/7011/1105
f 6016/7059/1693 5985/7010/1693 6000/7025/1693
f 5979/7004/555 5993/7018/555 5994/7019/555
f 5972/6997/1104 5986/7011/1104 5987/7012/1104
f 5999/7024/1230 6013/7038/1230 6014/7039/1230
f 5991/7016/1099 6007/7032/1099 5992/7017/1099
f 6000/7025/536 6014/7039/536 6015/7040/536
f 5993/7018/535 6007/7032/535 6008/7033/535
f 5986/7011/1000 5790/6803/1000 6001/7026/1000
f 6016/7060/999 6000/7025/999 6015/7040/999
f 5993/7018/532 6009/7034/532 5994/7019/532
f 5986/7011/531 6002/7027/531 5987/7012/531
f 5995/7020/1694 6009/7034/1694 6010/7035/1694
f 5987/7012/529 6003/7028/529 5988/7013/529
f 5995/7020/839 6011/7036/839 5996/7021/839
f 5988/7013/838 6004/7029/838 5989/7014/838
f 5996/7021/1552 6012/7037/1552 5997/7022/1552
f 5990/7015/1446 6004/7029/1446 6005/7030/1446
f 5998/7023/540 6012/7037/540 6013/7038/540
f 5991/7016/539 6005/7030/539 6006/7031/539
f 6002/7027/522 6019/7075/522 6003/7028/522
f 6011/7036/1553 6026/7082/1553 6027/7083/1553
f 6004/7029/1297 6019/7075/1297 6020/7076/1297
f 6011/7036/1695 6028/7084/1695 6012/7037/1695
f 6005/7030/996 6020/7076/996 6021/7077/996
f 6012/7037/1382 6029/7085/1382 6013/7038/1382
f 6005/7030/1094 6022/7078/1094 6006/7031/1094
f 6014/7039/515 6029/7085/515 6030/7086/515
f 6006/7031/830 6023/7079/830 6007/7032/830
f 6014/7039/513 6031/7087/513 6015/7040/513
f 6008/7033/1696 6023/7079/1696 6024/7080/1696
f 6001/7026/1697 5790/6804/1697 6017/7073/1697
f 6016/7061/1386 6015/7040/1386 6031/7087/1386
f 6008/7033/525 6025/7081/525 6009/7034/525
f 6002/7027/524 6017/7073/524 6018/7074/524
f 6010/7035/523 6025/7081/523 6026/7082/523
f 6022/7078/826 6038/7094/826 6023/7079/826
f 6031/7087/506 6045/7101/506 6046/7102/506
f 6024/7080/505 6038/7094/505 6039/7095/505
f 6017/7073/1651 5790/6805/1651 6032/7088/1651
f 6016/7062/989 6031/7087/989 6046/7102/989
f 6024/7080/988 6040/7096/988 6025/7081/988
f 6017/7073/987 6033/7089/987 6018/7074/987
f 6026/7082/1218 6040/7096/1218 6041/7097/1218
f 6018/7074/1217 6034/7090/1217 6019/7075/1217
f 6027/7083/822 6041/7097/822 6042/7098/822
f 6020/7076/497 6034/7090/497 6035/7091/497
f 6028/7084/496 6042/7098/496 6043/7099/496
f 6020/7076/821 6036/7092/821 6021/7077/821
f 6028/7084/510 6044/7100/510 6029/7085/510
f 6021/7077/993 6037/7093/993 6022/7078/993
f 6030/7086/992 6044/7100/992 6045/7101/992
f 6042/7098/1213 6056/7112/1213 6057/7113/1213
f 6034/7090/1294 6050/7106/1294 6035/7091/1294
f 6043/7099/1653 6057/7113/1653 6058/7114/1653
f 6035/7091/1090 6051/7107/1090 6036/7092/1090
f 6044/7100/813 6058/7114/813 6059/7115/813
f 6036/7092/1449 6052/7108/1449 6037/7093/1449
f 6044/7100/1562 6060/7116/1562 6045/7101/1562
f 6038/7094/985 6052/7108/985 6053/7109/985
f 6045/7101/483 6061/7117/483 6046/7102/483
f 6039/7095/1293 6053/7109/1293 6054/7110/1293
f 6032/7088/1698 5790/6806/1698 6047/7103/1698
f 6016/7063/1088 6046/7102/1088 6061/7117/1088
f 6039/7095/479 6055/7111/479 6040/7096/479
f 6033/7089/494 6047/7103/494 6048/7104/494
f 6040/7096/819 6056/7112/819 6041/7097/819
f 6034/7090/818 6048/7104/818 6049/7105/818
f 6060/7116/475 6076/7146/475 6061/7117/475
f 6053/7109/806 6069/7132/806 6054/7110/806
f 6047/7103/805 5790/6807/805 6062/7118/805
f 6016/7064/472 6061/7117/472 6076/7146/472
f 6055/7111/471 6069/7132/471 6070/7134/471
f 6048/7104/470 6062/7118/470 6063/7120/470
f 6055/7111/1208 6071/7136/1208 6056/7112/1208
f 6048/7104/468 6064/7122/468 6049/7105/468
f 6056/7112/467 6072/7138/467 6057/7113/467
f 6050/7106/466 6064/7122/466 6065/7124/466
f 6057/7113/465 6073/7140/465 6058/7114/465
f 6051/7107/464 6065/7124/464 6066/7126/464
f 6058/7114/463 6074/7142/463 6059/7115/463
f 6052/7108/478 6066/7126/478 6067/7128/478
f 6060/7116/808 6074/7142/808 6075/7144/808
f 6053/7109/1211 6067/7128/1211 6068/7130/1211
f 6064/7123/459 6080/7151/459 6065/7125/459
f 6073/7141/458 6087/7158/458 6088/7159/458
f 6065/7125/457 6081/7152/457 6066/7127/457
f 6074/7143/456 6088/7159/456 6089/7160/456
f 6066/7127/455 6082/7153/455 6067/7129/455
f 6074/7143/791 6090/7161/791 6075/7145/791
f 6067/7129/453 6083/7154/453 6068/7131/453
f 6076/7147/452 6090/7161/452 6091/7162/452
f 6069/7133/788 6083/7154/788 6084/7155/788
f 6062/7119/787 5790/6808/787 6077/7148/787
f 6016/7065/449 6076/7147/449 6091/7162/449
f 6069/7133/448 6085/7156/448 6070/7135/448
f 6062/7119/447 6078/7149/447 6063/7121/447
f 6071/7137/462 6085/7156/462 6086/7157/462
f 6064/7123/461 6078/7149/461 6079/7150/461
f 6072/7139/460 6086/7157/460 6087/7158/460
f 6083/7154/783 6099/7170/783 6084/7155/783
f 6077/7148/1699 5790/6809/1699 6092/7163/1699
f 6016/7066/1084 6091/7162/1084 6106/7177/1084
f 6085/7156/1286 6099/7170/1286 6100/7171/1286
f 6077/7148/439 6093/7164/439 6078/7149/439
f 6085/7156/1200 6101/7172/1200 6086/7157/1200
f 6078/7149/779 6094/7165/779 6079/7150/779
f 6086/7157/1199 6102/7173/1199 6087/7158/1199
f 6080/7151/1319 6094/7165/1319 6095/7166/1319
f 6087/7158/1657 6103/7174/1657 6088/7159/1657
f 6081/7152/1083 6095/7166/1083 6096/7167/1083
f 6088/7159/774 6104/7175/774 6089/7160/774
f 6082/7153/1453 6096/7167/1453 6097/7168/1453
f 6090/7161/1584 6104/7175/1584 6105/7176/1584
f 6083/7154/445 6097/7168/445 6098/7169/445
f 6091/7162/444 6105/7176/444 6106/7177/444
f 6102/7173/771 6118/7189/771 6103/7174/771
f 6096/7167/426 6110/7181/426 6111/7182/426
f 6104/7175/425 6118/7189/425 6119/7190/425
f 6097/7168/974 6111/7182/974 6112/7183/974
f 6104/7175/973 6120/7191/973 6105/7176/973
f 6098/7169/1195 6112/7183/1195 6113/7184/1195
f 6105/7176/421 6121/7192/421 6106/7177/421
f 6098/7169/420 6114/7185/420 6099/7170/420
f 6092/7163/1660 5790/6810/1660 6107/7178/1660
f 6016/7067/970 6106/7177/970 6121/7192/970
f 6100/7171/417 6114/7185/417 6115/7186/417
f 6093/7164/969 6107/7178/969 6108/7179/969
f 6100/7171/415 6116/7187/415 6101/7172/415
f 6094/7165/1198 6108/7179/1198 6109/7180/1198
f 6101/7172/772 6117/7188/772 6102/7173/772
f 6094/7165/428 6110/7181/428 6095/7166/428
f 6016/7068/1396 6121/7192/1396 6136/7207/1396
f 6115/7186/1397 6129/7200/1397 6130/7201/1397
f 6107/7178/408 6123/7194/408 6108/7179/408
f 6115/7186/761 6131/7202/761 6116/7187/761
f 6109/7180/406 6123/7194/406 6124/7195/406
f 6116/7187/405 6132/7203/405 6117/7188/405
f 6109/7180/1398 6125/7196/1398 6110/7181/1398
f 6118/7189/1399 6132/7203/1399 6133/7204/1399
f 6110/7181/963 6126/7197/963 6111/7182/963
f 6119/7190/1456 6133/7204/1456 6134/7205/1456
f 6112/7183/400 6126/7197/400 6127/7198/400
f 6119/7190/399 6135/7206/399 6120/7191/399
f 6113/7184/414 6127/7198/414 6128/7199/414
f 6121/7192/413 6135/7206/413 6136/7207/413
f 6113/7184/412 6129/7200/412 6114/7185/412
f 6107/7178/1700 5790/6811/1700 6122/7193/1700
f 6133/7204/1188 6149/7220/1188 6134/7205/1188
f 6126/7197/393 6142/7213/393 6127/7198/393
f 6134/7205/750 6150/7221/750 6135/7206/750
f 6128/7199/1077 6142/7213/1077 6143/7214/1077
f 6135/7206/749 6151/7222/749 6136/7207/749
f 6128/7199/389 6144/7215/389 6129/7200/389
f 6122/7193/959 5790/6812/959 6137/7208/959
f 6016/7069/958 6136/7207/958 6151/7222/958
f 6130/7201/747 6144/7215/747 6145/7216/747
f 6123/7194/385 6137/7208/385 6138/7209/385
f 6130/7201/745 6146/7217/745 6131/7202/745
f 6124/7195/1075 6138/7209/1075 6139/7210/1075
f 6132/7203/755 6146/7217/755 6147/7218/755
f 6125/7196/754 6139/7210/754 6140/7211/754
f 6133/7204/1594 6147/7218/1594 6148/7219/1594
f 6125/7196/1459 6141/7212/1459 6126/7197/1459
f 6137/7208/377 6153/7224/377 6138/7209/377
f 6146/7217/376 6160/7231/376 6161/7232/376
f 6139/7210/1181 6153/7224/1181 6154/7225/1181
f 6146/7217/374 6162/7233/374 6147/7218/374
f 6140/7211/373 6154/7225/373 6155/7226/373
f 6147/7218/372 6163/7234/372 6148/7219/372
f 6141/7212/371 6155/7226/371 6156/7227/371
f 6148/7219/1461 6164/7235/1461 6149/7220/1461
f 6142/7213/1179 6156/7227/1179 6157/7228/1179
f 6149/7220/368 6165/7236/368 6150/7221/368
f 6142/7213/1701 6158/7229/1701 6143/7214/1701
f 6151/7222/382 6165/7236/382 6166/7237/382
f 6144/7215/381 6158/7229/381 6159/7230/381
f 6137/7208/1074 5790/6813/1074 6152/7223/1074
f 6016/7070/1702 6151/7222/1702 6166/7237/1702
f 6144/7215/378 6160/7231/378 6145/7216/378
f 6157/7228/363 6171/7242/363 6172/7243/363
f 6165/7236/738 6179/7250/738 6180/7251/738
f 6157/7228/361 6173/7244/361 6158/7229/361
f 6165/7236/360 6181/7252/360 6166/7237/360
f 6158/7229/359 6174/7245/359 6159/7230/359
f 6152/7223/735 5790/6814/735 6167/7238/735
f 6016/7071/734 6166/7237/734 6181/7252/734
f 6160/7231/1463 6174/7245/1463 6175/7246/1463
f 6153/7224/1404 6167/7238/1404 6168/7239/1404
f 6161/7232/354 6175/7246/354 6176/7247/354
f 6153/7224/946 6169/7240/946 6154/7225/946
f 6161/7232/731 6177/7248/731 6162/7233/731
f 6155/7226/1066 6169/7240/1066 6170/7241/1066
f 6163/7234/366 6177/7248/366 6178/7249/366
f 6155/7226/1178 6171/7242/1178 6156/7227/1178
f 6163/7234/1464 6179/7250/1464 6164/7235/1464
f 6175/7246/346 6186/7257/346 6176/7247/346
f 6168/7239/1177 5709/6703/1177 6169/7240/1177
f 6176/7247/1465 5714/6708/1465 6177/7248/1465
f 6170/7241/1176 5709/6703/1176 6184/7255/1176
f 6177/7248/726 6187/7258/726 6178/7249/726
f 6171/7242/341 6184/7255/341 5710/6704/341
f 6178/7249/1672 6188/7259/1672 6179/7250/1672
f 6172/7243/339 5710/6704/339 6185/7256/339
f 6180/7251/1277 6188/7259/1277 6189/7260/1277
f 6173/7244/337 6185/7256/337 5711/6705/337
f 6180/7251/1703 6190/7261/1703 6181/7252/1703
f 6174/7245/1468 5711/6705/1468 5712/6706/1468
f 6167/7238/1469 5790/6815/1469 6182/7253/1469
f 6016/7072/1704 6181/7252/1704 6190/7261/1704
f 6174/7245/348 5713/6707/348 6175/7246/348
f 6168/7239/347 6182/7253/347 6183/7254/347
s 1
f 6192/7265/1 6193/7268/2 6191/7262/3
f 6194/7270/4 6195/7272/5 6193/7268/2
f 6196/7274/6 6197/7276/7 6195/7272/5
f 6198/7278/8 6199/7280/9 6197/7276/7
f 6200/7282/10 6201/7284/11 6199/7280/9
f 6202/7286/12 6203/7288/13 6201/7284/11
f 6204/7290/14 6205/7292/15 6203/7288/13
f 6206/7294/16 6207/7296/17 6205/7292/15
f 6208/7298/18 6209/7300/19 6207/7296/17
f 6210/7302/20 6211/7304/21 6209/7300/19
f 6212/7306/22 6213/7308/23 6211/7304/21
f 6214/7310/24 6215/7312/25 6213/7308/23
f 6216/7314/26 6217/7316/27 6215/7312/25
f 6218/7318/28 6219/7320/29 6217/7316/27
f 6220/7322/30 6221/7324/31 6219/7320/29
f 6222/7326/32 6223/7328/33 6221/7324/31
f 6224/7330/34 6225/7332/35 6223/7328/33
f 6226/7334/36 6227/7336/37 6225/7332/35
f 6228/7338/38 6229/7340/39 6227/7336/37
f 6230/7342/40 6231/7344/41 6229/7340/39
f 6232/7346/42 6233/7348/43 6231/7344/41
f 6234/7350/44 6235/7352/45 6233/7348/43
f 6236/7354/46 6237/7356/47 6235/7352/45
f 6238/7358/48 6239/7360/49 6237/7356/47
f 6240/7362/50 6241/7364/51 6239/7360/49
f 6242/7366/52 6243/7368/53 6241/7364/51
f 6244/7370/54 6245/7372/55 6243/7368/53
f 6246/7374/56 6247/7376/57 6245/7372/55
f 6248/7378/58 6249/7380/59 6247/7376/57
f 6250/7382/60 6251/7384/61 6249/7380/59
f 6220/7323/30 6212/7307/22 6196/7275/6
f 6252/7387/62 6253/7388/63 6251/7384/61
f 6254/7391/64 6191/7263/3 6253/7388/63
f 6205/7293/15 6221/7325/31 6237/7357/47
f 2/4/1 4/9/4 3/7/2
f 4/9/4 6/13/6 5/11/5
f 6/13/6 8/17/8 7/15/7
f 8/17/8 10/21/10 9/19/9
f 10/21/10 12/25/12 11/23/11
f 12/25/12 14/29/14 13/27/13
f 14/29/14 16/33/16 15/31/15
f 16/33/16 18/37/18 17/35/17
f 18/37/18 20/41/20 19/39/19
f 20/41/20 22/45/22 21/43/21
f 22/45/22 24/49/24 23/47/23
f 24/49/24 26/53/26 25/51/25
f 26/53/26 28/57/28 27/55/27
f 28/57/28 30/61/30 29/59/29
f 30/61/30 32/65/32 31/63/31
f 32/65/32 34/69/34 33/67/33
f 34/69/34 36/73/36 35/71/35
f 36/73/36 38/77/38 37/75/37
f 38/77/38 40/81/40 39/79/39
f 40/81/40 42/85/42 41/83/41
f 42/85/42 44/89/44 43/87/43
f 44/89/44 46/93/46 45/91/45
f 46/93/46 48/97/48 47/95/47
f 48/97/48 50/101/50 49/99/49
f 50/101/50 52/105/52 51/103/51
f 52/105/52 54/109/54 53/107/53
f 54/109/54 56/113/56 55/111/55
f 56/113/56 58/117/58 57/115/57
f 58/117/58 60/121/60 59/119/59
f 60/121/60 62/126/62 61/123/61
f 6/14/6 4/10/4 62/125/62
f 4/10/4 2/5/1 62/125/62
f 2/5/1 64/129/64 62/125/62
f 62/125/62 60/122/60 58/118/58
f 58/118/58 56/114/56 54/110/54
f 54/110/54 52/106/52 50/102/50
f 50/102/50 48/98/48 46/94/46
f 46/94/46 44/90/44 42/86/42
f 42/86/42 40/82/40 38/78/38
f 38/78/38 36/74/36 34/70/34
f 34/70/34 32/66/32 30/62/30
f 30/62/30 28/58/28 26/54/26
f 26/54/26 24/50/24 22/46/22
f 22/46/22 20/42/20 18/38/18
f 18/38/18 16/34/16 14/30/14
f 14/30/14 12/26/12 10/22/10
f 10/22/10 8/18/8 6/14/6
f 62/125/62 58/118/58 6/14/6
f 58/118/58 54/110/54 6/14/6
f 54/110/54 50/102/50 46/94/46
f 46/94/46 42/86/42 54/110/54
f 42/86/42 38/78/38 54/110/54
f 38/78/38 34/70/34 30/62/30
f 30/62/30 26/54/26 38/78/38
f 26/54/26 22/46/22 38/78/38
f 22/46/22 18/38/18 14/30/14
f 14/30/14 10/22/10 22/46/22
f 10/22/10 6/14/6 22/46/22
f 6/14/6 54/110/54 22/46/22
f 62/126/62 64/130/64 63/127/63
f 64/130/64 2/6/1 1/2/3
f 63/128/63 1/3/3 3/8/2
f 3/8/2 5/12/5 7/16/7
f 7/16/7 9/20/9 11/24/11
f 11/24/11 13/28/13 15/32/15
f 15/32/15 17/36/17 23/48/23
f 17/36/17 19/40/19 23/48/23
f 19/40/19 21/44/21 23/48/23
f 23/48/23 25/52/25 31/64/31
f 25/52/25 27/56/27 31/64/31
f 27/56/27 29/60/29 31/64/31
f 31/64/31 33/68/33 39/80/39
f 33/68/33 35/72/35 39/80/39
f 35/72/35 37/76/37 39/80/39
f 39/80/39 41/84/41 43/88/43
f 43/88/43 45/92/45 47/96/47
f 47/96/47 49/100/49 55/112/55
f 49/100/49 51/104/51 55/112/55
f 51/104/51 53/108/53 55/112/55
f 55/112/55 57/116/57 63/128/63
f 57/116/57 59/120/59 63/128/63
f 59/120/59 61/124/61 63/128/63
f 63/128/63 3/8/2 7/16/7
f 7/16/7 11/24/11 63/128/63
f 11/24/11 15/32/15 63/128/63
f 39/80/39 43/88/43 31/64/31
f 43/88/43 47/96/47 31/64/31
f 15/32/15 23/48/23 63/128/63
f 23/48/23 31/64/31 63/128/63
f 47/96/47 55/112/55 63/128/63
s 0
f 104/183/65 94/173/65 68/140/65
f 120/203/66 72/144/66 87/163/66
f 96/175/67 70/142/67 88/164/67
f 140/227/68 66/134/68 85/160/68
f 95/174/69 69/141/69 121/205/69
f 94/172/70 66/135/70 140/226/70
f 141/228/68 73/146/68 113/194/68
f 97/176/67 76/149/67 116/197/67
f 124/209/71 75/148/71 115/196/71
f 98/177/65 74/147/65 114/195/65
f 142/229/68 77/150/68 110/190/68
f 99/178/67 80/154/67 109/188/67
f 135/220/71 126/211/71 79/153/71
f 100/179/65 78/152/65 107/186/65
f 101/180/65 81/155/65 89/165/65
f 132/217/71 127/212/71 82/156/71
f 102/181/67 83/157/67 91/167/67
f 143/230/68 84/159/68 92/168/68
f 144/231/68 85/160/68 77/150/68
f 103/182/67 88/164/67 80/154/67
f 130/215/71 87/163/71 79/153/71
f 100/179/65 104/183/65 86/162/65
f 145/232/68 92/168/68 65/132/68
f 105/184/67 91/167/67 69/141/67
f 132/217/72 90/166/72 71/143/72
f 106/185/65 89/165/65 67/138/65
f 92/169/65 106/185/65 93/170/65
f 71/143/67 90/166/67 105/184/67
f 85/161/65 104/183/65 100/179/65
f 87/163/67 103/182/67 99/178/67
f 82/156/67 102/181/67 105/184/67
f 84/158/65 101/180/65 106/185/65
f 77/151/65 100/179/65 111/191/65
f 79/153/67 99/178/67 112/192/67
f 73/145/65 98/177/65 117/198/65
f 75/148/67 97/176/67 118/199/67
f 68/139/73 94/172/73 156/245/73
f 71/143/74 95/174/74 134/219/74
f 72/144/67 96/175/67 103/182/67
f 66/136/65 94/173/65 104/183/65
f 108/187/67 112/192/67 97/176/67
f 110/189/65 111/191/65 98/177/65
f 111/191/65 107/186/65 74/147/65
f 135/220/71 108/187/71 75/148/71
f 112/192/67 109/188/67 76/149/67
f 147/234/68 110/190/68 73/146/68
f 115/196/67 118/199/67 102/181/67
f 113/193/65 117/198/65 101/180/65
f 101/180/65 117/198/65 114/195/65
f 137/222/71 115/196/71 82/156/71
f 118/199/67 116/197/67 83/157/67
f 148/235/68 113/194/68 84/159/68
f 116/197/68 138/223/68 128/213/68
f 163/254/1705 168/259/1705 137/222/1705
f 109/188/68 136/221/68 123/208/68
f 167/258/75 135/220/75 124/209/75
f 119/200/74 134/219/74 176/269/74
f 120/202/73 133/218/73 96/175/73
f 165/256/72 132/217/72 119/201/72
f 91/167/68 131/216/68 121/204/68
f 164/255/71 130/215/71 126/211/71
f 88/164/68 129/214/68 125/210/68
f 83/157/68 128/213/68 131/216/68
f 165/256/71 163/254/71 127/212/71
f 162/253/71 126/211/71 135/220/71
f 80/154/68 125/210/68 136/221/68
f 161/252/75 124/209/75 137/222/75
f 76/149/68 123/208/68 138/223/68
f 133/218/70 122/207/70 70/142/70
f 134/219/69 121/205/69 160/251/69
f 70/142/68 122/206/68 129/214/68
f 159/249/66 120/203/66 130/215/66
f 68/140/66 149/237/66 154/243/66
f 146/233/69 150/239/69 65/133/69
f 74/147/71 151/240/71 158/247/71
f 78/152/77 152/241/77 157/246/77
f 81/155/71 153/242/71 155/244/71
f 86/162/71 154/243/71 152/241/71
f 89/165/72 155/244/72 139/224/72
f 139/225/74 146/233/74 93/171/74
f 107/186/71 157/246/71 151/240/71
f 114/195/78 158/247/78 153/242/78
f 178/271/68 148/235/68 143/230/68
f 177/270/68 147/234/68 141/228/68
f 149/236/73 156/245/73 166/257/73
f 175/268/68 145/232/68 150/238/68
f 174/267/68 144/231/68 142/229/68
f 173/266/68 143/230/68 145/232/68
f 172/265/68 142/229/68 147/234/68
f 171/264/68 141/228/68 148/235/68
f 156/245/70 140/226/70 170/263/70
f 170/262/68 140/227/68 144/231/68
f 122/206/68 170/262/68 174/267/68
f 166/257/70 170/263/70 122/207/70
f 123/208/68 171/264/68 178/271/68
f 125/210/68 172/265/68 177/270/68
f 128/213/68 173/266/68 175/268/68
f 129/214/68 174/267/68 172/265/68
f 131/216/68 175/268/68 160/250/68
f 159/248/73 166/257/73 133/218/73
f 136/221/68 177/270/68 171/264/68
f 138/223/68 178/271/68 173/266/68
f 149/237/66 159/249/66 164/255/66
f 176/269/69 160/251/69 150/239/69
f 151/240/71 161/252/71 168/259/71
f 152/241/77 162/253/77 167/258/77
f 153/242/71 163/254/71 165/256/71
f 154/243/71 164/255/71 162/253/71
f 155/244/72 165/256/72 169/260/72
f 169/261/74 176/269/74 146/233/74
f 157/246/71 167/258/71 161/252/71
f 158/247/78 168/259/78 163/254/78
f 653/823/1706 652/822/1706 185/278/1706
f 656/826/80 183/276/80 193/286/80
f 179/272/1537 653/823/1537 186/279/1537
f 656/826/591 194/287/591 195/288/591
f 654/824/1707 179/272/1707 187/280/1707
f 657/827/84 184/277/84 195/288/84
f 654/824/85 188/281/85 189/282/85
f 657/827/1022 196/289/1022 197/290/1022
f 655/825/1539 180/273/1539 189/282/1539
f 658/828/1708 197/290/1708 198/291/1708
f 655/825/89 190/283/89 191/284/89
f 659/829/1434 198/291/1434 199/292/1434
f 181/274/91 191/284/91 192/285/91
f 183/276/94 182/275/94 192/285/94
f 193/286/598 192/285/598 207/300/598
f 186/279/1028 185/278/1028 200/293/1028
f 193/286/99 208/301/99 209/302/99
f 187/280/100 186/279/100 201/294/100
f 194/287/101 209/302/101 210/303/101
f 187/280/102 202/295/102 203/296/102
f 196/289/603 195/288/603 210/303/603
f 188/281/1116 203/296/1116 204/297/1116
f 197/290/105 196/289/105 211/304/105
f 190/283/604 189/282/604 204/297/604
f 197/290/1117 212/305/1117 213/306/1117
f 191/284/108 190/283/108 205/298/108
f 198/291/109 213/306/109 214/307/109
f 191/284/110 206/299/110 207/300/110
f 204/297/1304 203/296/1304 218/311/1304
f 212/305/112 211/304/112 226/319/112
f 204/297/1305 219/312/1305 220/313/1305
f 213/306/114 212/305/114 227/320/114
f 206/299/607 205/298/607 220/313/607
f 213/306/1029 228/321/1029 229/322/1029
f 206/299/117 221/314/117 222/315/117
f 208/301/120 207/300/120 222/315/120
f 201/294/1709 200/293/1709 215/308/1709
f 208/301/611 223/316/611 224/317/611
f 201/294/123 216/309/123 217/310/123
f 210/303/1120 209/302/1120 224/317/1120
f 202/295/125 217/310/125 218/311/125
f 210/303/613 225/318/613 226/319/613
f 223/316/1710 222/315/1710 237/330/1710
f 215/308/128 230/323/128 231/324/128
f 223/316/1252 238/331/1252 239/332/1252
f 216/309/1371 231/324/1371 232/325/1371
f 224/317/883 239/332/883 240/333/883
f 218/311/1121 217/310/1121 232/325/1121
f 226/319/616 225/318/616 240/333/616
f 218/311/134 233/326/134 234/327/134
f 226/319/135 241/334/135 242/335/135
f 220/313/1122 219/312/1122 234/327/1122
f 228/321/1369 227/320/1369 242/335/1369
f 221/314/886 220/313/886 235/328/886
f 229/322/139 228/321/139 243/336/139
f 221/314/140 236/329/140 237/330/140
f 241/334/621 256/349/621 257/350/621
f 235/328/1711 234/327/1711 249/342/1711
f 242/335/1712 257/350/1712 258/351/1712
f 235/328/889 250/343/889 251/344/889
f 244/337/1033 243/336/1033 258/351/1033
f 237/330/148 236/329/148 251/344/148
f 237/330/1125 252/345/1125 253/346/1125
f 230/323/1713 245/338/1713 246/339/1713
f 239/332/628 238/331/628 253/346/628
f 232/325/629 231/324/629 246/339/629
f 239/332/1126 254/347/1126 255/348/1126
f 233/326/156 232/325/156 247/340/156
f 240/333/1364 255/348/1364 256/349/1364
f 234/327/1714 233/326/1714 248/341/1714
f 246/339/159 245/338/159 261/385/159
f 254/347/634 253/346/634 269/393/634
f 246/339/1362 262/386/1362 263/387/1362
f 255/348/1035 254/347/1035 270/394/1035
f 248/341/1715 247/340/1715 263/387/1715
f 255/348/1257 271/395/1257 272/396/1257
f 249/342/1258 248/341/1258 264/388/1258
f 256/349/166 272/396/166 273/397/166
f 249/342/167 265/389/167 266/390/167
f 258/351/1130 257/350/1130 273/397/1130
f 250/343/640 266/390/640 267/391/640
f 258/351/641 274/398/641 275/399/641
f 252/345/171 251/344/171 267/391/171
f 252/345/174 268/392/174 269/393/174
f 265/389/175 280/404/175 281/405/175
f 273/397/1515 288/412/1515 289/413/1515
f 267/391/177 266/390/177 281/405/177
f 274/398/1133 289/413/1133 290/414/1133
f 268/392/1360 267/391/1360 282/406/1360
f 268/392/182 283/407/182 284/408/182
f 262/386/1716 261/385/1716 276/400/1716
f 269/393/184 284/408/184 285/409/184
f 263/387/1425 262/386/1425 277/401/1425
f 271/395/186 270/394/186 285/409/186
f 264/388/187 263/387/187 278/402/187
f 272/396/899 271/395/899 286/410/899
f 264/388/649 279/403/649 280/404/649
f 272/396/1717 287/411/1717 288/412/1717
f 284/408/1042 299/423/1042 300/424/1042
f 277/401/1354 292/416/1354 293/417/1354
f 285/409/193 300/424/193 301/425/193
f 278/402/1684 293/417/1684 294/418/1684
f 286/410/195 301/425/195 302/426/195
f 280/404/196 279/403/196 294/418/196
f 288/412/1142 287/411/1142 302/426/1142
f 281/405/198 280/404/198 295/419/198
f 289/413/199 288/412/199 303/427/199
f 282/406/1043 281/405/1043 296/420/1043
f 290/414/1422 289/413/1422 304/428/1422
f 282/406/202 297/421/202 298/422/202
f 284/408/205 283/407/205 298/422/205
f 276/400/1143 291/415/1143 292/416/1143
f 303/427/207 318/442/207 319/443/207
f 296/420/1044 311/435/1044 312/436/1044
f 304/428/1421 319/443/1421 320/444/1421
f 298/422/210 297/421/210 312/436/210
f 298/422/213 313/437/213 314/438/213
f 292/416/1144 291/415/1144 306/430/1144
f 300/424/1045 299/423/1045 314/438/1045
f 293/417/1351 292/416/1351 307/431/1351
f 301/425/217 300/424/217 315/439/217
f 294/418/1681 293/417/1681 308/432/1681
f 302/426/219 301/425/219 316/440/219
f 294/418/220 309/433/220 310/434/220
f 302/426/1147 317/441/1147 318/442/1147
f 295/419/222 310/434/222 311/435/222
f 315/439/223 330/454/223 331/455/223
f 308/432/224 323/447/224 324/448/224
f 316/440/909 331/455/909 332/456/909
f 310/434/667 309/433/667 324/448/667
f 318/442/1718 317/441/1718 332/456/1718
f 311/435/228 310/434/228 325/449/228
f 319/443/1500 318/442/1500 333/457/1500
f 312/436/1047 311/435/1047 326/450/1047
f 320/444/1347 319/443/1347 334/458/1347
f 312/436/1346 327/451/1346 328/452/1346
f 314/438/235 313/437/235 328/452/235
f 306/430/1719 321/445/1719 322/446/1719
f 314/438/912 329/453/912 330/454/912
f 307/431/1419 322/446/1419 323/447/1419
f 335/459/675 334/458/675 349/473/675
f 327/451/240 342/466/240 343/467/240
f 329/453/243 328/452/243 343/467/243
f 321/445/244 336/460/244 337/461/244
f 329/453/245 344/468/245 345/469/245
f 323/447/1345 322/446/1345 337/461/1345
f 330/454/247 345/469/247 346/470/247
f 323/447/1720 338/462/1720 339/463/1720
f 332/456/1270 331/455/1270 346/470/1270
f 324/448/1158 339/463/1158 340/464/1158
f 333/457/251 332/456/251 347/471/251
f 326/450/1050 325/449/1050 340/464/1050
f 333/457/1159 348/472/1159 349/473/1159
f 327/451/684 326/450/684 341/465/684
f 338/462/255 353/477/255 354/478/255
f 347/471/1416 346/470/1416 361/485/1416
f 339/463/1721 354/478/1721 355/479/1721
f 348/472/687 347/471/687 362/486/687
f 340/464/1722 355/479/1722 356/480/1722
f 349/473/1723 348/472/1723 363/487/1723
f 342/466/918 341/465/918 356/480/918
f 349/473/1052 364/488/1052 365/489/1052
f 342/466/263 357/481/263 358/482/263
f 344/468/1161 343/467/1161 358/482/1161
f 337/461/267 336/460/267 351/475/267
f 344/468/694 359/483/694 360/484/694
f 337/461/695 352/476/695 353/477/695
f 346/470/1162 345/469/1162 360/484/1162
f 358/482/271 357/481/271 372/496/271
f 358/482/1724 373/497/1724 374/498/1724
f 352/476/275 351/475/275 366/490/275
f 360/484/1163 359/483/1163 374/498/1163
f 353/477/1337 352/476/1337 367/491/1337
f 361/485/926 360/484/926 375/499/926
f 353/477/1054 368/492/1054 369/493/1054
f 361/485/700 376/500/700 377/501/700
f 355/479/281 354/478/281 369/493/281
f 363/487/282 362/486/282 377/501/282
f 355/479/1164 370/494/1164 371/495/1164
f 363/487/1336 378/502/1336 379/503/1336
f 356/480/928 371/495/928 372/496/928
f 364/488/286 379/503/286 380/504/286
f 377/501/704 376/500/704 391/515/704
f 369/493/1483 384/508/1483 385/509/1483
f 377/501/289 392/516/289 393/517/289
f 371/495/1312 370/494/1312 385/509/1312
f 378/502/291 393/517/291 394/518/291
f 371/495/706 386/510/706 387/511/706
f 380/504/293 379/503/293 394/518/293
f 373/497/294 372/496/294 387/511/294
f 373/497/297 388/512/297 389/513/297
f 366/490/1725 381/505/1725 382/506/1725
f 375/499/710 374/498/710 389/513/710
f 368/492/300 367/491/300 382/506/300
f 375/499/1167 390/514/1167 391/515/1167
f 369/493/302 368/492/302 383/507/302
f 388/512/1168 403/527/1168 404/528/1168
f 381/505/1059 396/520/1059 397/521/1059
f 390/514/307 389/513/307 404/528/307
f 382/506/308 397/521/308 398/522/308
f 391/515/309 390/514/309 405/529/309
f 384/508/310 383/507/310 398/522/310
f 391/515/717 406/530/717 407/531/717
f 385/509/312 384/508/312 399/523/312
f 392/516/1609 407/531/1609 408/532/1609
f 385/509/718 400/524/718 401/525/718
f 394/518/1726 393/517/1726 408/532/1726
f 386/510/316 401/525/316 402/526/316
f 395/519/1060 394/518/1060 409/533/1060
f 388/512/1474 387/511/1474 402/526/1474
f 400/524/319 399/523/319 414/538/319
f 408/532/1172 407/531/1172 422/546/1172
f 400/524/1727 415/539/1727 416/540/1727
f 409/533/1728 408/532/1728 423/547/1728
f 402/526/323 401/525/323 416/540/323
f 410/534/1406 409/533/1406 424/548/1406
f 403/527/325 402/526/325 417/541/325
f 403/527/328 418/542/328 419/543/328
f 396/520/1729 411/535/1729 412/536/1729
f 404/528/330 419/543/330 420/544/330
f 397/521/1472 412/536/1472 413/537/1472
f 406/530/723 405/529/723 420/544/723
f 398/522/1730 413/537/1730 414/538/1730
f 406/530/334 421/545/334 422/546/334
f 418/542/335 433/557/335 434/558/335
f 412/536/1731 411/535/1731 426/550/1731
f 420/544/337 419/543/337 434/558/337
f 413/537/725 412/536/725 427/551/725
f 421/545/339 420/544/339 435/559/339
f 413/537/1466 428/552/1466 429/553/1466
f 421/545/1602 436/560/1602 437/561/1602
f 415/539/726 414/538/726 429/553/726
f 423/547/1732 422/546/1732 437/561/1732
f 415/539/344 430/554/344 431/555/344
f 423/547/1177 438/562/1177 439/563/1177
f 416/540/346 431/555/346 432/556/346
f 424/548/1065 439/563/1065 440/564/1065
f 418/542/1733 417/541/1733 432/556/1733
f 438/562/730 437/561/730 452/576/730
f 431/555/731 430/554/731 445/569/731
f 439/563/1067 438/562/1067 453/577/1067
f 431/555/354 446/570/354 447/571/354
f 440/564/1404 439/563/1404 454/578/1404
f 433/557/1463 432/556/1463 447/571/1463
f 433/557/950 448/572/950 449/573/950
f 426/550/1071 441/565/1071 442/566/1071
f 435/559/361 434/558/361 449/573/361
f 427/551/1734 442/566/1734 443/567/1734
f 435/559/363 450/574/363 451/575/363
f 428/552/1735 443/567/1735 444/568/1735
f 436/560/1178 451/575/1178 452/576/1178
f 430/554/1736 429/553/1736 444/568/1736
f 450/574/1073 449/573/1073 464/588/1073
f 442/566/1598 457/581/1598 458/582/1598
f 450/574/369 465/589/369 466/590/369
f 444/568/370 443/567/370 458/582/370
f 452/576/1180 451/575/1180 466/590/1180
f 444/568/1597 459/583/1597 460/584/1597
f 452/576/1737 467/591/1737 468/592/1737
f 446/570/374 445/569/374 460/584/374
f 454/578/1181 453/577/1181 468/592/1181
f 446/570/1182 461/585/1182 462/586/1182
f 455/579/377 454/578/377 469/593/377
f 448/572/378 447/571/378 462/586/378
f 448/572/381 463/587/381 464/588/381
f 441/565/382 456/580/382 457/581/382
f 468/592/1738 483/607/1738 484/608/1738
f 461/585/745 476/600/745 477/601/745
f 470/594/385 469/593/385 484/608/385
f 463/587/1457 462/586/1457 477/601/1457
f 463/587/389 478/602/389 479/603/389
f 456/580/749 471/595/749 472/596/749
f 465/589/391 464/588/391 479/603/391
f 458/582/392 457/581/392 472/596/392
f 465/589/1187 480/604/1187 481/605/1187
f 459/583/1188 458/582/1188 473/597/1188
f 467/591/395 466/590/395 481/605/395
f 459/583/396 474/598/396 475/599/396
f 467/591/397 482/606/397 483/607/397
f 461/585/755 460/584/755 475/599/755
f 472/596/399 488/643/399 489/644/399
f 480/604/400 496/651/400 497/652/400
f 473/597/1191 489/644/1191 490/645/1191
f 482/606/963 481/605/963 497/652/963
f 474/598/1739 490/645/1739 491/646/1739
f 483/607/758 482/606/758 498/653/758
f 476/600/759 475/599/759 491/646/759
f 484/608/406 483/607/406 499/654/406
f 476/600/1740 492/647/1740 493/648/1740
f 484/608/408 500/655/408 501/656/408
f 478/602/1397 477/601/1397 493/648/1397
f 478/602/412 494/649/412 495/650/412
f 472/596/413 471/595/413 487/642/413
f 480/604/766 479/603/766 495/650/766
f 492/647/1661 507/662/1661 508/663/1661
f 500/655/969 515/670/969 516/671/969
f 494/649/1741 493/648/1741 508/663/1741
f 494/649/420 509/664/420 510/665/420
f 488/643/421 487/642/421 502/657/421
f 496/651/1195 495/650/1195 510/665/1195
f 489/644/1742 488/643/1742 503/658/1742
f 497/652/769 496/651/769 511/666/769
f 490/645/1743 489/644/1743 504/659/1743
f 498/653/770 497/652/770 512/667/770
f 490/645/427 505/660/427 506/661/427
f 498/653/1197 513/668/1197 514/669/1197
f 491/646/772 506/661/772 507/662/772
f 499/654/1198 514/669/1198 515/670/1198
f 511/666/1453 526/681/1453 527/682/1453
f 504/659/774 519/674/774 520/675/774
f 513/668/775 512/667/775 527/682/775
f 505/660/776 520/675/776 521/676/776
f 514/669/1319 513/668/1319 528/683/1319
f 507/662/1199 506/661/1199 521/676/1199
f 515/670/779 514/669/779 529/684/779
f 508/663/1200 507/662/1200 522/677/1200
f 516/671/781 515/670/781 530/685/781
f 509/664/1201 508/663/1201 523/678/1201
f 509/664/783 524/679/783 525/680/783
f 502/657/784 517/672/784 518/673/784
f 510/665/1658 525/680/1658 526/681/1658
f 503/658/1085 518/673/1085 519/674/1085
f 530/685/447 545/713/447 546/715/447
f 523/678/448 538/699/448 539/701/448
f 525/680/788 524/679/788 539/701/788
f 518/673/452 517/672/452 532/687/452
f 525/680/1287 540/703/1287 541/705/1287
f 519/674/791 518/673/791 533/689/791
f 526/681/455 541/705/455 542/707/455
f 520/675/456 519/674/456 534/691/456
f 527/682/1744 542/707/1744 543/709/1744
f 521/676/1572 520/675/1572 535/693/1572
f 528/683/459 543/709/459 544/711/459
f 522/677/460 521/676/460 536/695/460
f 529/684/796 544/711/796 545/713/796
f 523/678/979 522/677/979 537/697/979
f 534/692/463 549/719/463 550/720/463
f 543/710/1745 542/708/1745 557/727/1745
f 535/694/1206 550/720/1206 551/721/1206
f 544/712/466 543/710/466 558/728/466
f 536/696/467 551/721/467 552/722/467
f 545/714/801 544/712/801 559/729/801
f 538/700/1566 537/698/1566 552/722/1566
f 546/716/1746 545/714/1746 560/730/1746
f 539/702/471 538/700/471 553/723/471
f 539/702/806 554/724/806 555/725/806
f 532/688/475 547/717/475 548/718/475
f 540/704/1571 555/725/1571 556/726/1571
f 533/690/808 548/718/808 549/719/808
f 542/708/478 541/706/478 556/726/478
f 553/723/1212 568/738/1212 569/739/1212
f 555/725/811 554/724/811 569/739/811
f 548/718/812 547/717/812 562/732/812
f 555/725/1747 570/740/1747 571/741/1747
f 549/719/1089 548/718/1089 563/733/1089
f 557/727/1449 556/726/1449 571/741/1449
f 550/720/813 549/719/813 564/734/813
f 557/727/814 572/742/814 573/743/814
f 551/721/815 550/720/815 565/735/815
f 558/728/1294 573/743/1294 574/744/1294
f 551/721/1213 566/736/1213 567/737/1213
f 559/729/818 574/744/818 575/745/818
f 553/723/819 552/722/819 567/737/819
f 560/730/820 575/745/820 576/746/820
f 572/742/986 587/757/986 588/758/986
f 566/736/496 565/735/496 580/750/496
f 574/744/1216 573/743/1216 588/758/1216
f 567/737/822 566/736/822 581/751/822
f 575/745/1217 574/744/1217 589/759/1217
f 567/737/824 582/752/824 583/753/824
f 576/746/987 575/745/987 590/760/987
f 568/738/502 583/753/502 584/754/502
f 570/740/505 569/739/505 584/754/505
f 562/732/506 577/747/506 578/748/506
f 571/741/826 570/740/826 585/755/826
f 563/733/1748 578/748/1748 579/749/1748
f 571/741/827 586/756/827 587/757/827
f 564/734/1749 579/749/1749 580/750/1749
f 585/755/828 584/754/828 599/769/828
f 577/747/513 592/762/513 593/763/513
f 585/755/830 600/770/830 601/771/830
f 579/749/515 578/748/515 593/763/515
f 586/756/1094 601/771/1094 602/772/1094
f 579/749/832 594/764/832 595/765/832
f 588/758/1296 587/757/1296 602/772/1296
f 580/750/1750 595/765/1750 596/766/1750
f 589/759/1224 588/758/1224 603/773/1224
f 582/752/1225 581/751/1225 596/766/1225
f 589/759/522 604/774/522 605/775/522
f 583/753/523 582/752/523 597/767/523
f 591/761/524 590/760/524 605/775/524
f 583/753/525 598/768/525 599/769/525
f 603/773/1751 618/788/1751 619/789/1751
f 596/766/839 611/781/839 612/782/839
f 605/775/1380 604/774/1380 619/789/1380
f 598/768/530 597/767/530 612/782/530
f 605/775/531 620/790/531 621/791/531
f 598/768/532 613/783/532 614/784/532
f 600/770/535 599/769/535 614/784/535
f 593/763/536 592/762/536 607/777/536
f 600/770/537 615/785/537 616/786/537
f 593/763/1230 608/778/1230 609/779/1230
f 602/772/1231 601/771/1231 616/786/1231
f 595/765/540 594/764/540 609/779/540
f 602/772/1102 617/787/1102 618/788/1102
f 596/766/542 595/765/542 610/780/542
f 608/778/1752 607/777/1752 622/792/1752
f 615/785/1103 630/800/1103 631/801/1103
f 609/779/1546 608/778/1546 623/793/1546
f 617/787/546 616/786/546 631/801/546
f 609/779/547 624/794/547 625/795/547
f 617/787/1234 632/802/1234 633/803/1234
f 611/781/1545 610/780/1545 625/795/1545
f 619/789/1753 618/788/1753 633/803/1753
f 611/781/551 626/796/551 627/797/551
f 619/789/1299 634/804/1299 635/805/1299
f 613/783/1235 612/782/1235 627/797/1235
f 620/790/554 635/805/554 636/806/554
f 613/783/555 628/798/555 629/799/555
f 615/785/558 614/784/558 629/799/558
f 626/796/847 641/811/847 642/812/847
f 634/804/848 649/819/848 650/820/848
f 628/798/1754 627/797/1754 642/812/1754
f 635/805/562 650/820/562 651/821/562
f 628/798/563 643/813/563 644/814/563
f 630/800/1238 629/799/1238 644/814/1238
f 623/793/1110 622/792/1110 637/807/1110
f 630/800/853 645/815/853 646/816/853
f 624/794/1755 623/793/1755 638/808/1755
f 632/802/570 631/801/570 646/816/570
f 625/795/1756 624/794/1756 639/809/1756
f 633/803/1240 632/802/1240 647/817/1240
f 625/795/1757 640/810/1757 641/811/1757
f 633/803/1758 648/818/1758 649/819/1758
f 645/815/575 183/276/575 656/826/575
f 638/808/1017 653/823/1017 179/272/1017
f 646/816/577 656/826/577 184/277/577
f 640/810/1759 639/809/1759 179/272/1759
f 647/817/1760 184/277/1760 657/827/1760
f 641/811/1242 640/810/1242 654/824/1242
f 648/818/1243 657/827/1243 658/828/1243
f 642/812/582 641/811/582 180/273/582
f 650/820/1376 649/819/1376 658/828/1376
f 643/813/584 642/812/584 655/825/584
f 651/821/1113 650/820/1113 659/829/1113
f 643/813/1244 181/274/1244 182/275/1244
f 645/815/589 644/814/589 182/275/589
f 637/807/590 652/822/590 653/823/590
f 1134/1381/1638 667/837/1638 668/838/1638
f 1138/1385/80 665/835/80 675/845/80
f 661/831/1537 1135/1382/1537 668/838/1537
f 666/836/591 1138/1385/591 676/846/591
f 661/831/1433 669/839/1433 670/840/1433
f 666/836/84 677/847/84 678/848/84
f 662/832/1761 1136/1383/1761 670/840/1761
f 1140/1387/1022 1139/1386/1022 678/848/1022
f 662/832/87 671/841/87 672/842/87
f 1140/1387/1708 679/849/1708 680/850/1708
f 1137/1384/89 672/842/89 673/843/89
f 1142/1389/1434 1141/1388/1434 680/850/1434
f 663/833/91 673/843/91 674/844/91
f 665/835/94 664/834/94 674/844/94
f 675/845/97 674/844/97 689/859/97
f 668/838/1762 667/837/1762 682/852/1762
f 675/845/99 690/860/99 691/861/99
f 669/839/1536 668/838/1536 683/853/1536
f 677/847/101 676/846/101 691/861/101
f 669/839/102 684/854/102 685/855/102
f 678/848/1303 677/847/1303 692/862/1303
f 670/840/104 685/855/104 686/856/104
f 679/849/1763 678/848/1763 693/863/1763
f 671/841/1764 686/856/1764 687/857/1764
f 679/849/1117 694/864/1117 695/865/1117
f 673/843/108 672/842/108 687/857/108
f 680/850/1633 695/865/1633 696/866/1633
f 673/843/1532 688/858/1532 689/859/1532
f 685/855/111 700/870/111 701/871/111
f 694/864/112 693/863/112 708/878/112
f 687/857/877 686/856/877 701/871/877
f 695/865/114 694/864/114 709/879/114
f 688/858/607 687/857/607 702/872/607
f 695/865/1531 710/880/1531 711/881/1531
f 688/858/117 703/873/117 704/874/117
f 690/860/120 689/859/120 704/874/120
f 683/853/1765 682/852/1765 697/867/1765
f 690/860/122 705/875/122 706/876/122
f 683/853/1766 698/868/1766 699/869/1766
f 691/861/1120 706/876/1120 707/877/1120
f 684/854/125 699/869/125 700/870/125
f 693/863/613 692/862/613 707/877/613
f 704/874/127 719/889/127 720/890/127
f 697/867/1767 712/882/1767 713/883/1767
f 706/876/1252 705/875/1252 720/890/1252
f 698/868/1371 713/883/1371 714/884/1371
f 706/876/1768 721/891/1768 722/892/1768
f 699/869/1121 714/884/1121 715/885/1121
f 708/878/884 707/877/884 722/892/884
f 700/870/617 715/885/617 716/886/617
f 709/879/1527 708/878/1527 723/893/1527
f 702/872/1122 701/871/1122 716/886/1122
f 710/880/1369 709/879/1369 724/894/1369
f 702/872/886 717/887/886 718/888/886
f 711/881/139 710/880/139 725/895/139
f 704/874/140 703/873/140 718/888/140
f 724/894/621 723/893/621 738/908/621
f 717/887/1253 716/886/1253 731/901/1253
f 725/895/145 724/894/145 739/909/145
f 717/887/146 732/902/146 733/903/146
f 726/896/1124 725/895/1124 740/910/1124
f 719/889/1524 718/888/1524 733/903/1524
f 719/889/1523 734/904/1523 735/905/1523
f 712/882/1769 727/897/1769 728/898/1769
f 721/891/1365 720/890/1365 735/905/1365
f 713/883/629 728/898/629 729/899/629
f 721/891/1126 736/906/1126 737/907/1126
f 714/884/156 729/899/156 730/900/156
f 722/892/157 737/907/157 738/908/157
f 716/886/1714 715/885/1714 730/900/1714
f 727/897/159 743/944/159 744/945/159
f 736/906/160 735/905/160 751/952/160
f 729/899/1770 728/898/1770 744/945/1770
f 737/907/1361 736/906/1361 752/953/1361
f 730/900/1771 729/899/1771 745/946/1771
f 737/907/1257 753/954/1257 754/955/1257
f 731/901/1772 730/900/1772 746/947/1772
f 738/908/166 754/955/166 755/956/166
f 731/901/1518 747/948/1518 748/949/1518
f 739/909/1773 755/956/1773 756/957/1773
f 732/902/1037 748/949/1037 749/950/1037
f 741/911/1517 740/910/1517 756/957/1517
f 734/904/171 733/903/171 749/950/171
f 734/904/1625 750/951/1625 751/952/1625
f 747/948/175 762/963/175 763/964/175
f 755/956/1515 770/971/1515 771/972/1515
f 749/950/177 748/949/177 763/964/177
f 756/957/1774 771/972/1774 772/973/1774
f 750/951/1134 749/950/1134 764/965/1134
f 750/951/182 765/966/182 766/967/182
f 744/945/1716 743/944/1716 758/959/1716
f 751/952/1426 766/967/1426 767/968/1426
f 745/946/1425 744/945/1425 759/960/1425
f 753/954/1513 752/953/1513 767/968/1513
f 745/946/1775 760/961/1775 761/962/1775
f 754/955/188 753/954/188 768/969/188
f 746/947/1040 761/962/1040 762/963/1040
f 755/956/1358 754/955/1358 769/970/1358
f 766/967/1042 781/982/1042 782/983/1042
f 759/960/1354 774/975/1354 775/976/1354
f 768/969/1776 767/968/1776 782/983/1776
f 761/962/1357 760/961/1357 775/976/1357
f 769/970/1777 768/969/1777 783/984/1777
f 761/962/196 776/977/196 777/978/196
f 769/970/1142 784/985/1142 785/986/1142
f 762/963/1778 777/978/1778 778/979/1778
f 771/972/199 770/971/199 785/986/199
f 764/965/1509 763/964/1509 778/979/1509
f 772/973/1779 771/972/1779 786/987/1779
f 764/965/202 779/980/202 780/981/202
f 766/967/1508 765/966/1508 780/981/1508
f 758/959/1780 773/974/1780 774/975/1780
f 785/986/207 800/1001/207 801/1002/207
f 778/979/1501 793/994/1501 794/995/1501
f 786/987/1781 801/1002/1781 802/1003/1781
f 780/981/210 779/980/210 794/995/210
f 780/981/1506 795/996/1506 796/997/1506
f 774/975/1782 773/974/1782 788/989/1782
f 782/983/1045 781/982/1045 796/997/1045
f 775/976/1351 774/975/1351 789/990/1351
f 782/983/1783 797/998/1783 798/999/1783
f 775/976/1350 790/991/1350 791/992/1350
f 783/984/1784 798/999/1784 799/1000/1784
f 777/978/220 776/977/220 791/992/220
f 785/986/1147 784/985/1147 799/1000/1147
f 778/979/1785 777/978/1785 792/993/1785
f 797/998/1498 812/1013/1498 813/1014/1498
f 791/992/1786 790/991/1786 805/1006/1786
f 798/999/225 813/1014/225 814/1015/225
f 792/993/1619 791/992/1619 806/1007/1619
f 799/1000/1348 814/1015/1348 815/1016/1348
f 793/994/228 792/993/228 807/1008/228
f 801/1002/1500 800/1001/1500 815/1016/1500
f 794/995/1787 793/994/1787 808/1009/1787
f 802/1003/1788 801/1002/1788 816/1017/1788
f 794/995/1150 809/1010/1150 810/1011/1150
f 796/997/235 795/996/235 810/1011/235
f 788/989/1719 803/1004/1719 804/1005/1719
f 796/997/1789 811/1012/1789 812/1013/1789
f 789/990/1419 804/1005/1419 805/1006/1419
f 816/1017/1493 831/1032/1493 832/1033/1493
f 810/1011/240 809/1010/240 824/1025/240
f 810/1011/243 825/1026/243 826/1027/243
f 804/1005/244 803/1004/244 818/1019/244
f 811/1012/1497 826/1027/1497 827/1028/1497
f 804/1005/1790 819/1020/1790 820/1021/1790
f 812/1013/1344 827/1028/1344 828/1029/1344
f 805/1006/1791 820/1021/1791 821/1022/1791
f 814/1015/1270 813/1014/1270 828/1029/1270
f 806/1007/1792 821/1022/1792 822/1023/1792
f 815/1016/251 814/1015/251 829/1030/251
f 808/1009/1494 807/1008/1494 822/1023/1494
f 816/1017/1793 815/1016/1793 830/1031/1793
f 809/1010/254 808/1009/254 823/1024/254
f 821/1022/255 820/1021/255 835/1036/255
f 829/1030/256 828/1029/256 843/1044/256
f 821/1022/1721 836/1037/1721 837/1038/1721
f 829/1030/687 844/1045/687 845/1046/687
f 822/1023/1271 837/1038/1271 838/1039/1271
f 830/1031/260 845/1046/260 846/1047/260
f 824/1025/261 823/1024/261 838/1039/261
f 831/1032/1160 846/1047/1160 847/1048/1160
f 825/1026/1794 824/1025/1794 839/1040/1794
f 825/1026/1795 840/1041/1795 841/1042/1795
f 819/1020/1796 818/1019/1796 833/1034/1796
f 826/1027/1339 841/1042/1339 842/1043/1339
f 820/1021/695 819/1020/695 834/1035/695
f 828/1029/1162 827/1028/1162 842/1043/1162
f 839/1040/271 854/1055/271 855/1056/271
f 841/1042/274 840/1041/274 855/1056/274
f 834/1035/1797 833/1034/1797 848/1049/1797
f 841/1042/1163 856/1057/1163 857/1058/1163
f 835/1036/1337 834/1035/1337 849/1050/1337
f 843/1044/1798 842/1043/1798 857/1058/1798
f 836/1037/1054 835/1036/1054 850/1051/1054
f 843/1044/927 858/1059/927 859/1060/927
f 837/1038/701 836/1037/701 851/1052/701
f 844/1045/1484 859/1060/1484 860/1061/1484
f 837/1038/1164 852/1053/1164 853/1054/1164
f 845/1046/1336 860/1061/1336 861/1062/1336
f 839/1040/928 838/1039/928 853/1054/928
f 846/1047/286 861/1062/286 862/1063/286
f 858/1059/704 873/1074/704 874/1075/704
f 852/1053/288 851/1052/288 866/1067/288
f 859/1060/289 874/1075/289 875/1076/289
f 852/1053/929 867/1068/929 868/1069/929
f 860/1061/291 875/1076/291 876/1077/291
f 853/1054/1275 868/1069/1275 869/1070/1275
f 862/1063/1482 861/1062/1482 876/1077/1482
f 855/1056/294 854/1055/294 869/1070/294
f 855/1056/297 870/1071/297 871/1072/297
f 848/1049/1799 863/1064/1799 864/1065/1799
f 857/1058/299 856/1057/299 871/1072/299
f 850/1051/1481 849/1050/1481 864/1065/1481
f 858/1059/1167 857/1058/1167 872/1073/1167
f 851/1052/302 850/1051/302 865/1066/302
f 870/1071/1168 885/1086/1168 886/1087/1168
f 863/1064/1800 878/1079/1800 879/1080/1800
f 872/1073/307 871/1072/307 886/1087/307
f 864/1065/1479 879/1080/1479 880/1081/1479
f 872/1073/309 887/1088/309 888/1089/309
f 866/1067/310 865/1066/310 880/1081/310
f 873/1074/1170 888/1089/1170 889/1090/1170
f 867/1068/312 866/1067/312 881/1082/312
f 874/1075/1801 889/1090/1801 890/1091/1801
f 868/1069/1802 867/1068/1802 882/1083/1802
f 876/1077/1726 875/1076/1726 890/1091/1726
f 868/1069/316 883/1084/316 884/1085/316
f 877/1078/1607 876/1077/1607 891/1092/1607
f 870/1071/1474 869/1070/1474 884/1085/1474
f 881/1082/1471 896/1097/1471 897/1098/1471
f 889/1090/1803 904/1105/1803 905/1106/1803
f 883/1084/321 882/1083/321 897/1098/321
f 891/1092/1728 890/1091/1728 905/1106/1728
f 884/1085/323 883/1084/323 898/1099/323
f 891/1092/1406 906/1107/1406 907/1108/1406
f 885/1086/325 884/1085/325 899/1100/325
f 885/1086/328 900/1101/328 901/1102/328
f 879/1080/1473 878/1079/1473 893/1094/1473
f 886/1087/330 901/1102/330 902/1103/330
f 879/1080/1472 894/1095/1472 895/1096/1472
f 887/1088/723 902/1103/723 903/1104/723
f 881/1082/1804 880/1081/1804 895/1096/1804
f 889/1090/334 888/1089/334 903/1104/334
f 901/1102/335 900/1101/335 915/1116/335
f 894/1095/1467 893/1094/1467 908/1109/1467
f 901/1102/337 916/1117/337 917/1118/337
f 894/1095/1805 909/1110/1805 910/1111/1805
f 903/1104/339 902/1103/339 917/1118/339
f 895/1096/1466 910/1111/1466 911/1112/1466
f 903/1104/341 918/1119/341 919/1120/341
f 897/1098/726 896/1097/726 911/1112/726
f 905/1106/1732 904/1105/1732 919/1120/1732
f 897/1098/344 912/1113/344 913/1114/344
f 906/1107/345 905/1106/345 920/1121/345
f 899/1100/346 898/1099/346 913/1114/346
f 906/1107/1065 921/1122/1065 922/1123/1065
f 899/1100/348 914/1115/348 915/1116/348
f 920/1121/730 919/1120/730 934/1135/730
f 913/1114/731 912/1113/731 927/1128/731
f 921/1122/1067 920/1121/1067 935/1136/1067
f 914/1115/354 913/1114/354 928/1129/354
f 922/1123/1806 921/1122/1806 936/1137/1806
f 914/1115/1807 929/1130/1807 930/1131/1807
f 916/1117/736 915/1116/736 930/1131/736
f 908/1109/1808 923/1124/1808 924/1125/1808
f 916/1117/361 931/1132/361 932/1133/361
f 909/1110/362 924/1125/362 925/1126/362
f 917/1118/363 932/1133/363 933/1134/363
f 910/1111/364 925/1126/364 926/1127/364
f 918/1119/365 933/1134/365 934/1135/365
f 912/1113/1600 911/1112/1600 926/1127/1600
f 932/1133/1073 931/1132/1073 946/1147/1073
f 924/1125/1462 939/1140/1462 940/1141/1462
f 933/1134/369 932/1133/369 947/1148/369
f 925/1126/1461 940/1141/1461 941/1142/1461
f 934/1135/1180 933/1134/1180 948/1149/1180
f 926/1127/1597 941/1142/1597 942/1143/1597
f 935/1136/373 934/1135/373 949/1150/373
f 927/1128/374 942/1143/374 943/1144/374
f 936/1137/1181 935/1136/1181 950/1151/1181
f 928/1129/1182 943/1144/1182 944/1145/1182
f 937/1138/377 936/1137/377 951/1152/377
f 929/1130/378 944/1145/378 945/1146/378
f 931/1132/381 930/1131/381 945/1146/381
f 923/1124/1809 938/1139/1809 939/1140/1809
f 951/1152/1075 950/1151/1075 965/1166/1075
f 944/1145/745 943/1144/745 958/1159/745
f 952/1153/385 951/1152/385 966/1167/385
f 944/1145/747 959/1160/747 960/1161/747
f 946/1147/389 945/1146/389 960/1161/389
f 938/1139/1810 953/1154/1810 954/1155/1810
f 946/1147/391 961/1162/391 962/1163/391
f 939/1140/750 954/1155/750 955/1156/750
f 947/1148/393 962/1163/393 963/1164/393
f 941/1142/1811 940/1141/1811 955/1156/1811
f 948/1149/752 963/1164/752 964/1165/752
f 942/1143/396 941/1142/396 956/1157/396
f 949/1150/1812 964/1165/1812 965/1166/1812
f 943/1144/1813 942/1143/1813 957/1158/1813
f 954/1155/1814 970/1202/1814 971/1203/1814
f 963/1164/400 962/1163/400 978/1210/400
f 956/1157/401 955/1156/401 971/1203/401
f 964/1165/963 963/1164/963 979/1211/963
f 956/1157/403 972/1204/403 973/1205/403
f 964/1165/758 980/1212/758 981/1213/758
f 957/1158/1815 973/1205/1815 974/1206/1815
f 966/1167/406 965/1166/406 981/1213/406
f 959/1160/407 958/1159/407 974/1206/407
f 966/1167/1192 982/1214/1192 983/1215/1192
f 959/1160/1816 975/1207/1816 976/1208/1816
f 961/1162/412 960/1161/412 976/1208/412
f 954/1155/1817 953/1154/1817 969/1201/1817
f 961/1162/414 977/1209/414 978/1210/414
f 974/1206/415 989/1221/415 990/1222/415
f 982/1214/969 997/1229/969 998/1230/969
f 976/1208/1818 975/1207/1818 990/1222/1818
f 976/1208/1659 991/1223/1659 992/1224/1659
f 970/1202/421 969/1201/421 984/1216/421
f 978/1210/1395 977/1209/1395 992/1224/1395
f 970/1202/1742 985/1217/1742 986/1218/1742
f 979/1211/424 978/1210/424 993/1225/424
f 972/1204/1585 971/1203/1585 986/1218/1585
f 980/1212/426 979/1211/426 994/1226/426
f 972/1204/1081 987/1219/1081 988/1220/1081
f 980/1212/1197 995/1227/1197 996/1228/1197
f 973/1205/1082 988/1220/1082 989/1221/1082
f 982/1214/1819 981/1213/1819 996/1228/1819
f 994/1226/1583 993/1225/1583 1008/1240/1583
f 987/1219/774 986/1218/774 1001/1233/774
f 994/1226/1083 1009/1241/1083 1010/1242/1083
f 988/1220/434 987/1219/434 1002/1234/434
f 995/1227/435 1010/1242/435 1011/1243/435
f 988/1220/1199 1003/1235/1199 1004/1236/1199
f 997/1229/437 996/1228/437 1011/1243/437
f 990/1222/1200 989/1221/1200 1004/1236/1200
f 998/1230/439 997/1229/439 1012/1244/439
f 991/1223/1201 990/1222/1201 1005/1237/1201
f 991/1223/783 1006/1238/783 1007/1239/783
f 984/1216/444 999/1231/444 1000/1232/444
f 992/1224/1820 1007/1239/1820 1008/1240/1820
f 985/1217/1085 1000/1232/1085 1001/1233/1085
f 1012/1244/1821 1027/1272/1821 1028/1274/1821
f 1005/1237/1822 1020/1258/1822 1021/1260/1822
f 1007/1239/451 1006/1238/451 1021/1260/451
f 1000/1232/452 999/1231/452 1014/1246/452
f 1007/1239/1576 1022/1262/1576 1023/1264/1576
f 1000/1232/1392 1015/1248/1392 1016/1250/1392
f 1008/1240/1823 1023/1264/1823 1024/1266/1823
f 1001/1233/1288 1016/1250/1288 1017/1252/1288
f 1010/1242/1573 1009/1241/1573 1024/1266/1573
f 1002/1234/1572 1017/1252/1572 1018/1254/1572
f 1011/1243/459 1010/1242/459 1025/1268/459
f 1004/1236/1824 1003/1235/1824 1018/1254/1824
f 1012/1244/461 1011/1243/461 1026/1270/461
f 1005/1237/1579 1004/1236/1579 1019/1256/1579
f 1017/1253/1289 1016/1251/1289 1031/1278/1289
f 1024/1267/1568 1039/1286/1568 1040/1287/1568
f 1018/1255/1206 1017/1253/1206 1032/1279/1206
f 1025/1269/466 1040/1287/466 1041/1288/466
f 1018/1255/1825 1033/1280/1825 1034/1281/1825
f 1026/1271/468 1041/1288/468 1042/1289/468
f 1019/1257/1566 1034/1281/1566 1035/1282/1566
f 1028/1275/1826 1027/1273/1826 1042/1289/1826
f 1021/1261/1827 1020/1259/1827 1035/1282/1827
f 1021/1261/474 1036/1283/474 1037/1284/474
f 1014/1247/475 1029/1276/475 1030/1277/475
f 1023/1265/1571 1022/1263/1571 1037/1284/1571
f 1016/1251/1390 1015/1249/1390 1030/1277/1390
f 1024/1267/1828 1023/1265/1828 1038/1285/1828
f 1035/1282/1212 1050/1297/1212 1051/1298/1212
f 1037/1284/811 1036/1283/811 1051/1298/811
f 1030/1277/483 1029/1276/483 1044/1291/483
f 1037/1284/484 1052/1299/484 1053/1300/484
f 1031/1278/1089 1030/1277/1089 1045/1292/1089
f 1038/1285/1561 1053/1300/1561 1054/1301/1561
f 1031/1278/813 1046/1293/813 1047/1294/813
f 1040/1287/1090 1039/1286/1090 1054/1301/1090
f 1032/1279/489 1047/1294/489 1048/1295/489
f 1041/1288/490 1040/1287/490 1055/1302/490
f 1034/1281/1213 1033/1280/1213 1048/1295/1213
f 1041/1288/492 1056/1303/492 1057/1304/492
f 1035/1282/819 1034/1281/819 1049/1296/819
f 1042/1289/494 1057/1304/494 1058/1305/494
f 1054/1301/821 1069/1316/821 1070/1317/821
f 1048/1295/1091 1047/1294/1091 1062/1309/1091
f 1056/1303/1216 1055/1302/1216 1070/1317/1216
f 1049/1296/1092 1048/1295/1092 1063/1310/1092
f 1056/1303/1829 1071/1318/1829 1072/1319/1829
f 1050/1297/1218 1049/1296/1218 1064/1311/1218
f 1058/1305/987 1057/1304/987 1072/1319/987
f 1050/1297/1830 1065/1312/1830 1066/1313/1830
f 1052/1299/1557 1051/1298/1557 1066/1313/1557
f 1044/1291/506 1059/1306/506 1060/1307/506
f 1052/1299/1387 1067/1314/1387 1068/1315/1387
f 1046/1293/1748 1045/1292/1748 1060/1307/1748
f 1053/1300/509 1068/1315/509 1069/1316/509
f 1046/1293/1559 1061/1308/1559 1062/1309/1559
f 1066/1313/828 1081/1328/828 1082/1329/828
f 1059/1306/1831 1074/1321/1831 1075/1322/1831
f 1068/1315/514 1067/1314/514 1082/1329/514
f 1061/1308/1832 1060/1307/1832 1075/1322/1832
f 1068/1315/1094 1083/1330/1094 1084/1331/1094
f 1061/1308/832 1076/1323/832 1077/1324/832
f 1069/1316/996 1084/1331/996 1085/1332/996
f 1063/1310/833 1062/1309/833 1077/1324/833
f 1071/1318/520 1070/1317/520 1085/1332/520
f 1064/1311/1833 1063/1310/1833 1078/1325/1833
f 1071/1318/522 1086/1333/522 1087/1334/522
f 1064/1311/1096 1079/1326/1096 1080/1327/1096
f 1073/1320/1226 1072/1319/1226 1087/1334/1226
f 1066/1313/1834 1065/1312/1834 1080/1327/1834
f 1086/1333/1835 1085/1332/1835 1100/1347/1835
f 1078/1325/839 1093/1340/839 1094/1341/839
f 1086/1333/1097 1101/1348/1097 1102/1349/1097
f 1079/1326/530 1094/1341/530 1095/1342/530
f 1087/1334/531 1102/1349/531 1103/1350/531
f 1081/1328/532 1080/1327/532 1095/1342/532
f 1081/1328/535 1096/1343/535 1097/1344/535
f 1075/1322/1836 1074/1321/1836 1089/1336/1836
f 1083/1330/537 1082/1329/537 1097/1344/537
f 1076/1323/1230 1075/1322/1230 1090/1337/1230
f 1084/1331/539 1083/1330/539 1098/1345/539
f 1076/1323/1837 1091/1338/1837 1092/1339/1837
f 1085/1332/541 1084/1331/541 1099/1346/541
f 1077/1324/542 1092/1339/542 1093/1340/542
f 1090/1337/1838 1089/1336/1838 1104/1351/1838
f 1097/1344/1103 1112/1359/1103 1113/1360/1103
f 1091/1338/1443 1090/1337/1443 1105/1352/1443
f 1098/1345/546 1113/1360/546 1114/1361/546
f 1092/1339/1442 1091/1338/1442 1106/1353/1442
f 1099/1346/1234 1114/1361/1234 1115/1362/1234
f 1093/1340/1545 1092/1339/1545 1107/1354/1545
f 1100/1347/550 1115/1362/550 1116/1363/550
f 1094/1341/551 1093/1340/551 1108/1355/551
f 1101/1348/1299 1116/1363/1299 1117/1364/1299
f 1095/1342/1235 1094/1341/1235 1109/1356/1235
f 1102/1349/554 1117/1364/554 1118/1365/554
f 1096/1343/555 1095/1342/555 1110/1357/555
f 1096/1343/558 1111/1358/558 1112/1359/558
f 1108/1355/847 1123/1370/847 1124/1371/847
f 1116/1363/848 1131/1378/848 1132/1379/848
f 1110/1357/561 1109/1356/561 1124/1371/561
f 1117/1364/1839 1132/1379/1839 1133/1380/1839
f 1110/1357/1440 1125/1372/1440 1126/1373/1440
f 1112/1359/1238 1111/1358/1238 1126/1373/1238
f 1105/1352/1840 1104/1351/1840 1119/1366/1840
f 1112/1359/853 1127/1374/853 1128/1375/853
f 1106/1353/569 1105/1352/569 1120/1367/569
f 1114/1361/570 1113/1360/570 1128/1375/570
f 1107/1354/571 1106/1353/571 1121/1368/571
f 1115/1362/1543 1114/1361/1543 1129/1376/1543
f 1107/1354/1542 1122/1369/1542 1123/1370/1542
f 1115/1362/1758 1130/1377/1758 1131/1378/1758
f 1127/1374/575 665/835/575 1138/1385/575
f 1121/1368/1841 1120/1367/1841 1135/1382/1841
f 1128/1375/577 1138/1385/577 666/836/577
f 1122/1369/1759 1121/1368/1759 661/831/1759
f 1129/1376/1760 666/836/1760 1139/1386/1760
f 1123/1370/1842 1122/1369/1842 1136/1383/1842
f 1130/1377/1243 1139/1386/1243 1140/1387/1243
f 1124/1371/582 1123/1370/582 662/832/582
f 1131/1378/1112 1140/1387/1112 1141/1388/1112
f 1125/1372/584 1124/1371/584 1137/1384/584
f 1133/1380/1113 1132/1379/1113 1141/1388/1113
f 1125/1372/1244 663/833/1244 664/834/1244
f 1127/1374/589 1126/1373/589 664/834/589
f 1119/1366/1689 1134/1381/1689 1135/1382/1689
f 1616/1940/1638 1149/1396/1638 1150/1397/1638
f 1620/1944/80 1147/1394/80 1157/1404/80
f 1143/1390/1537 1617/1941/1537 1150/1397/1537
f 1148/1395/591 1620/1944/591 1158/1405/591
f 1143/1390/1433 1151/1398/1433 1152/1399/1433
f 1148/1395/84 1159/1406/84 1160/1407/84
f 1144/1391/1540 1618/1942/1540 1152/1399/1540
f 1622/1946/1022 1621/1945/1022 1160/1407/1022
f 1144/1391/87 1153/1400/87 1154/1401/87
f 1622/1946/1249 1161/1408/1249 1162/1409/1249
f 1619/1943/89 1154/1401/89 1155/1402/89
f 1624/1948/1434 1623/1947/1434 1162/1409/1434
f 1145/1392/91 1155/1402/91 1156/1403/91
f 1147/1394/94 1146/1393/94 1156/1403/94
f 1157/1404/97 1156/1403/97 1171/1418/97
f 1150/1397/1762 1149/1396/1762 1164/1411/1762
f 1157/1404/99 1172/1419/99 1173/1420/99
f 1151/1398/1843 1150/1397/1843 1165/1412/1843
f 1159/1406/101 1158/1405/101 1173/1420/101
f 1151/1398/102 1166/1413/102 1167/1414/102
f 1160/1407/603 1159/1406/603 1174/1421/603
f 1152/1399/104 1167/1414/104 1168/1415/104
f 1161/1408/1763 1160/1407/1763 1175/1422/1763
f 1153/1400/1764 1168/1415/1764 1169/1416/1764
f 1161/1408/1844 1176/1423/1844 1177/1424/1844
f 1155/1402/108 1154/1401/108 1169/1416/108
f 1162/1409/1533 1177/1424/1533 1178/1425/1533
f 1155/1402/1532 1170/1417/1532 1171/1418/1532
f 1167/1414/111 1182/1429/111 1183/1430/111
f 1176/1423/112 1175/1422/112 1190/1437/112
f 1169/1416/877 1168/1415/877 1183/1430/877
f 1177/1424/114 1176/1423/114 1191/1438/114
f 1170/1417/607 1169/1416/607 1184/1431/607
f 1177/1424/1531 1192/1439/1531 1193/1440/1531
f 1170/1417/117 1185/1432/117 1186/1433/117
f 1172/1419/120 1171/1418/120 1186/1433/120
f 1165/1412/1431 1164/1411/1431 1179/1426/1431
f 1172/1419/122 1187/1434/122 1188/1435/122
f 1165/1412/1766 1180/1427/1766 1181/1428/1766
f 1173/1420/124 1188/1435/124 1189/1436/124
f 1166/1413/125 1181/1428/125 1182/1429/125
f 1175/1422/613 1174/1421/613 1189/1436/613
f 1186/1433/127 1201/1448/127 1202/1449/127
f 1179/1426/1767 1194/1441/1767 1195/1442/1767
f 1188/1435/129 1187/1434/129 1202/1449/129
f 1180/1427/1371 1195/1442/1371 1196/1443/1371
f 1188/1435/1845 1203/1450/1845 1204/1451/1845
f 1181/1428/1121 1196/1443/1121 1197/1444/1121
f 1190/1437/884 1189/1436/884 1204/1451/884
f 1182/1429/134 1197/1444/134 1198/1445/134
f 1191/1438/1527 1190/1437/1527 1205/1452/1527
f 1184/1431/1122 1183/1430/1122 1198/1445/1122
f 1192/1439/1846 1191/1438/1846 1206/1453/1846
f 1184/1431/1847 1199/1446/1847 1200/1447/1847
f 1193/1440/139 1192/1439/139 1207/1454/139
f 1186/1433/140 1185/1432/140 1200/1447/140
f 1206/1453/621 1205/1452/621 1220/1467/621
f 1199/1446/1253 1198/1445/1253 1213/1460/1253
f 1207/1454/145 1206/1453/145 1221/1468/145
f 1199/1446/146 1214/1461/146 1215/1462/146
f 1208/1455/1124 1207/1454/1124 1222/1469/1124
f 1201/1448/1524 1200/1447/1524 1215/1462/1524
f 1201/1448/1523 1216/1463/1523 1217/1464/1523
f 1194/1441/1848 1209/1456/1848 1210/1457/1848
f 1203/1450/153 1202/1449/153 1217/1464/153
f 1195/1442/629 1210/1457/629 1211/1458/629
f 1203/1450/1126 1218/1465/1126 1219/1466/1126
f 1196/1443/631 1211/1458/631 1212/1459/631
f 1204/1451/1849 1219/1466/1849 1220/1467/1849
f 1198/1445/632 1197/1444/632 1212/1459/632
f 1209/1456/159 1225/1503/159 1226/1504/159
f 1218/1465/160 1217/1464/160 1233/1511/160
f 1211/1458/1770 1210/1457/1770 1226/1504/1770
f 1219/1466/1361 1218/1465/1361 1234/1512/1361
f 1212/1459/1771 1211/1458/1771 1227/1505/1771
f 1219/1466/1257 1235/1513/1257 1236/1514/1257
f 1213/1460/1772 1212/1459/1772 1228/1506/1772
f 1220/1467/166 1236/1514/166 1237/1515/166
f 1213/1460/1518 1229/1507/1518 1230/1508/1518
f 1221/1468/1130 1237/1515/1130 1238/1516/1130
f 1214/1461/1850 1230/1508/1850 1231/1509/1850
f 1223/1470/1517 1222/1469/1517 1238/1516/1517
f 1216/1463/171 1215/1462/171 1231/1509/171
f 1216/1463/174 1232/1510/174 1233/1511/174
f 1229/1507/175 1244/1522/175 1245/1523/175
f 1237/1515/1515 1252/1530/1515 1253/1531/1515
f 1231/1509/177 1230/1508/177 1245/1523/177
f 1238/1516/1774 1253/1531/1774 1254/1532/1774
f 1232/1510/1134 1231/1509/1134 1246/1524/1134
f 1232/1510/182 1247/1525/182 1248/1526/182
f 1226/1504/1137 1225/1503/1137 1240/1518/1137
f 1233/1511/1426 1248/1526/1426 1249/1527/1426
f 1227/1505/1851 1226/1504/1851 1241/1519/1851
f 1235/1513/1852 1234/1512/1852 1249/1527/1852
f 1227/1505/1775 1242/1520/1775 1243/1521/1775
f 1236/1514/188 1235/1513/188 1250/1528/188
f 1228/1506/189 1243/1521/189 1244/1522/189
f 1237/1515/1358 1236/1514/1358 1251/1529/1358
f 1248/1526/1042 1263/1541/1042 1264/1542/1042
f 1241/1519/192 1256/1534/192 1257/1535/192
f 1250/1528/1853 1249/1527/1853 1264/1542/1853
f 1243/1521/1357 1242/1520/1357 1257/1535/1357
f 1251/1529/1777 1250/1528/1777 1265/1543/1777
f 1243/1521/196 1258/1536/196 1259/1537/196
f 1251/1529/1142 1266/1544/1142 1267/1545/1142
f 1244/1522/1778 1259/1537/1778 1260/1538/1778
f 1253/1531/199 1252/1530/199 1267/1545/199
f 1246/1524/1509 1245/1523/1509 1260/1538/1509
f 1254/1532/1779 1253/1531/1779 1268/1546/1779
f 1246/1524/202 1261/1539/202 1262/1540/202
f 1248/1526/1508 1247/1525/1508 1262/1540/1508
f 1240/1518/1780 1255/1533/1780 1256/1534/1780
f 1267/1545/207 1282/1560/207 1283/1561/207
f 1260/1538/1501 1275/1553/1501 1276/1554/1501
f 1268/1546/1781 1283/1561/1781 1284/1562/1781
f 1262/1540/210 1261/1539/210 1276/1554/210
f 1262/1540/1506 1277/1555/1506 1278/1556/1506
f 1256/1534/1782 1255/1533/1782 1270/1548/1782
f 1264/1542/1045 1263/1541/1045 1278/1556/1045
f 1257/1535/216 1256/1534/216 1271/1549/216
f 1264/1542/1854 1279/1557/1854 1280/1558/1854
f 1257/1535/1855 1272/1550/1855 1273/1551/1855
f 1265/1543/1784 1280/1558/1784 1281/1559/1784
f 1259/1537/220 1258/1536/220 1273/1551/220
f 1267/1545/1147 1266/1544/1147 1281/1559/1147
f 1260/1538/1785 1259/1537/1785 1274/1552/1785
f 1279/1557/1856 1294/1572/1856 1295/1573/1856
f 1273/1551/1786 1272/1550/1786 1287/1565/1786
f 1280/1558/225 1295/1573/225 1296/1574/225
f 1274/1552/1619 1273/1551/1619 1288/1566/1619
f 1281/1559/1348 1296/1574/1348 1297/1575/1348
f 1275/1553/228 1274/1552/228 1289/1567/228
f 1283/1561/1500 1282/1560/1500 1297/1575/1500
f 1276/1554/230 1275/1553/230 1290/1568/230
f 1284/1562/1788 1283/1561/1788 1298/1576/1788
f 1276/1554/1150 1291/1569/1150 1292/1570/1150
f 1278/1556/1420 1277/1555/1420 1292/1570/1420
f 1270/1548/1153 1285/1563/1153 1286/1564/1153
f 1278/1556/1789 1293/1571/1789 1294/1572/1789
f 1271/1549/1857 1286/1564/1857 1287/1565/1857
f 1298/1576/1493 1313/1591/1493 1314/1592/1493
f 1292/1570/240 1291/1569/240 1306/1584/240
f 1292/1570/243 1307/1585/243 1308/1586/243
f 1286/1564/244 1285/1563/244 1300/1578/244
f 1293/1571/1497 1308/1586/1497 1309/1587/1497
f 1286/1564/1790 1301/1579/1790 1302/1580/1790
f 1294/1572/1344 1309/1587/1344 1310/1588/1344
f 1287/1565/1791 1302/1580/1791 1303/1581/1791
f 1296/1574/1270 1295/1573/1270 1310/1588/1270
f 1288/1566/1792 1303/1581/1792 1304/1582/1792
f 1297/1575/251 1296/1574/251 1311/1589/251
f 1290/1568/1494 1289/1567/1494 1304/1582/1494
f 1298/1576/1159 1297/1575/1159 1312/1590/1159
f 1291/1569/1858 1290/1568/1858 1305/1583/1858
f 1303/1581/685 1302/1580/685 1317/1595/685
f 1311/1589/1859 1310/1588/1859 1325/1603/1859
f 1303/1581/686 1318/1596/686 1319/1597/686
f 1311/1589/687 1326/1604/687 1327/1605/687
f 1304/1582/1271 1319/1597/1271 1320/1598/1271
f 1312/1590/260 1327/1605/260 1328/1606/260
f 1306/1584/261 1305/1583/261 1320/1598/261
f 1313/1591/1160 1328/1606/1160 1329/1607/1160
f 1307/1585/1794 1306/1584/1794 1321/1599/1794
f 1307/1585/1795 1322/1600/1795 1323/1601/1795
f 1301/1579/1489 1300/1578/1489 1315/1593/1489
f 1308/1586/268 1323/1601/268 1324/1602/268
f 1302/1580/695 1301/1579/695 1316/1594/695
f 1310/1588/1162 1309/1587/1162 1324/1602/1162
f 1321/1599/271 1336/1614/271 1337/1615/271
f 1323/1601/274 1322/1600/274 1337/1615/274
f 1316/1594/1797 1315/1593/1797 1330/1608/1797
f 1323/1601/276 1338/1616/276 1339/1617/276
f 1317/1595/1337 1316/1594/1337 1331/1609/1337
f 1325/1603/1860 1324/1602/1860 1339/1617/1860
f 1318/1596/1054 1317/1595/1054 1332/1610/1054
f 1325/1603/927 1340/1618/927 1341/1619/927
f 1319/1597/281 1318/1596/281 1333/1611/281
f 1326/1604/1484 1341/1619/1484 1342/1620/1484
f 1319/1597/1164 1334/1612/1164 1335/1613/1164
f 1327/1605/1861 1342/1620/1861 1343/1621/1861
f 1321/1599/1862 1320/1598/1862 1335/1613/1862
f 1328/1606/286 1343/1621/286 1344/1622/286
f 1340/1618/704 1355/1633/704 1356/1634/704
f 1334/1612/288 1333/1611/288 1348/1626/288
f 1341/1619/289 1356/1634/289 1357/1635/289
f 1334/1612/929 1349/1627/929 1350/1628/929
f 1342/1620/291 1357/1635/291 1358/1636/291
f 1335/1613/1275 1350/1628/1275 1351/1629/1275
f 1344/1622/1482 1343/1621/1482 1358/1636/1482
f 1337/1615/294 1336/1614/294 1351/1629/294
f 1337/1615/297 1352/1630/297 1353/1631/297
f 1330/1608/1408 1345/1623/1408 1346/1624/1408
f 1339/1617/299 1338/1616/299 1353/1631/299
f 1332/1610/1481 1331/1609/1481 1346/1624/1481
f 1340/1618/301 1339/1617/301 1354/1632/301
f 1333/1611/302 1332/1610/302 1347/1625/302
f 1352/1630/1168 1367/1645/1168 1368/1646/1168
f 1345/1623/1800 1360/1638/1800 1361/1639/1800
f 1354/1632/307 1353/1631/307 1368/1646/307
f 1346/1624/1169 1361/1639/1169 1362/1640/1169
f 1354/1632/309 1369/1647/309 1370/1648/309
f 1348/1626/310 1347/1625/310 1362/1640/310
f 1355/1633/1170 1370/1648/1170 1371/1649/1170
f 1349/1627/312 1348/1626/312 1363/1641/312
f 1356/1634/1801 1371/1649/1801 1372/1650/1801
f 1350/1628/1802 1349/1627/1802 1364/1642/1802
f 1358/1636/1608 1357/1635/1608 1372/1650/1608
f 1350/1628/316 1365/1643/316 1366/1644/316
f 1359/1637/1475 1358/1636/1475 1373/1651/1475
f 1352/1630/1474 1351/1629/1474 1366/1644/1474
f 1363/1641/1471 1378/1656/1471 1379/1657/1471
f 1371/1649/1172 1386/1664/1172 1387/1665/1172
f 1365/1643/321 1364/1642/321 1379/1657/321
f 1373/1651/1276 1372/1650/1276 1387/1665/1276
f 1366/1644/323 1365/1643/323 1380/1658/323
f 1373/1651/1173 1388/1666/1173 1389/1667/1173
f 1367/1645/325 1366/1644/325 1381/1659/325
f 1367/1645/328 1382/1660/328 1383/1661/328
f 1361/1639/1605 1360/1638/1605 1375/1653/1605
f 1368/1646/330 1383/1661/330 1384/1662/330
f 1361/1639/1604 1376/1654/1604 1377/1655/1604
f 1369/1647/723 1384/1662/723 1385/1663/723
f 1363/1641/1407 1362/1640/1407 1377/1655/1407
f 1371/1649/334 1370/1648/334 1385/1663/334
f 1383/1661/335 1382/1660/335 1397/1675/335
f 1376/1654/1467 1375/1653/1467 1390/1668/1467
f 1383/1661/337 1398/1676/337 1399/1677/337
f 1376/1654/1805 1391/1669/1805 1392/1670/1805
f 1385/1663/339 1384/1662/339 1399/1677/339
f 1377/1655/1466 1392/1670/1466 1393/1671/1466
f 1385/1663/341 1400/1678/341 1401/1679/341
f 1379/1657/726 1378/1656/726 1393/1671/726
f 1387/1665/1176 1386/1664/1176 1401/1679/1176
f 1379/1657/344 1394/1672/344 1395/1673/344
f 1388/1666/1064 1387/1665/1064 1402/1680/1064
f 1381/1659/346 1380/1658/346 1395/1673/346
f 1388/1666/347 1403/1681/347 1404/1682/347
f 1381/1659/348 1396/1674/348 1397/1675/348
f 1402/1680/730 1401/1679/730 1416/1694/730
f 1395/1673/731 1394/1672/731 1409/1687/731
f 1403/1681/1067 1402/1680/1067 1417/1695/1067
f 1396/1674/354 1395/1673/354 1410/1688/354
f 1404/1682/1806 1403/1681/1806 1418/1696/1806
f 1396/1674/1807 1411/1689/1807 1412/1690/1807
f 1398/1676/736 1397/1675/736 1412/1690/736
f 1390/1668/1808 1405/1683/1808 1406/1684/1808
f 1398/1676/361 1413/1691/361 1414/1692/361
f 1391/1669/738 1406/1684/738 1407/1685/738
f 1399/1677/363 1414/1692/363 1415/1693/363
f 1392/1670/364 1407/1685/364 1408/1686/364
f 1400/1678/365 1415/1693/365 1416/1694/365
f 1394/1672/1600 1393/1671/1600 1408/1686/1600
f 1414/1692/1073 1413/1691/1073 1428/1706/1073
f 1406/1684/1598 1421/1699/1598 1422/1700/1598
f 1415/1693/369 1414/1692/369 1429/1707/369
f 1407/1685/1461 1422/1700/1461 1423/1701/1461
f 1416/1694/1180 1415/1693/1180 1430/1708/1180
f 1408/1686/1597 1423/1701/1597 1424/1702/1597
f 1417/1695/373 1416/1694/373 1431/1709/373
f 1409/1687/374 1424/1702/374 1425/1703/374
f 1418/1696/1181 1417/1695/1181 1432/1710/1181
f 1410/1688/1863 1425/1703/1863 1426/1704/1863
f 1419/1697/377 1418/1696/377 1433/1711/377
f 1411/1689/378 1426/1704/378 1427/1705/378
f 1413/1691/381 1412/1690/381 1427/1705/381
f 1405/1683/1809 1420/1698/1809 1421/1699/1809
f 1433/1711/1075 1432/1710/1075 1447/1725/1075
f 1426/1704/745 1425/1703/745 1440/1718/745
f 1434/1712/385 1433/1711/385 1448/1726/385
f 1426/1704/747 1441/1719/747 1442/1720/747
f 1428/1706/389 1427/1705/389 1442/1720/389
f 1420/1698/1810 1435/1713/1810 1436/1714/1810
f 1428/1706/391 1443/1721/391 1444/1722/391
f 1421/1699/750 1436/1714/750 1437/1715/750
f 1429/1707/393 1444/1722/393 1445/1723/393
f 1423/1701/1811 1422/1700/1811 1437/1715/1811
f 1430/1708/752 1445/1723/752 1446/1724/752
f 1424/1702/753 1423/1701/753 1438/1716/753
f 1431/1709/1812 1446/1724/1812 1447/1725/1812
f 1425/1703/398 1424/1702/398 1439/1717/398
f 1436/1714/1864 1452/1761/1864 1453/1762/1864
f 1445/1723/1316 1444/1722/1316 1460/1769/1316
f 1438/1716/401 1437/1715/401 1453/1762/401
f 1446/1724/963 1445/1723/963 1461/1770/963
f 1438/1716/403 1454/1763/403 1455/1764/403
f 1446/1724/758 1462/1771/758 1463/1772/758
f 1439/1717/1815 1455/1764/1815 1456/1765/1815
f 1448/1726/406 1447/1725/406 1463/1772/406
f 1441/1719/407 1440/1718/407 1456/1765/407
f 1448/1726/1192 1464/1773/1192 1465/1774/1192
f 1441/1719/1816 1457/1766/1816 1458/1767/1816
f 1443/1721/1590 1442/1720/1590 1458/1767/1590
f 1436/1714/1817 1435/1713/1817 1451/1760/1817
f 1443/1721/414 1459/1768/414 1460/1769/414
f 1456/1765/1865 1471/1780/1865 1472/1781/1865
f 1464/1773/969 1479/1788/969 1480/1789/969
f 1458/1767/1818 1457/1766/1818 1472/1781/1818
f 1458/1767/1659 1473/1782/1659 1474/1783/1659
f 1452/1761/421 1451/1760/421 1466/1775/421
f 1460/1769/1395 1459/1768/1395 1474/1783/1395
f 1452/1761/1866 1467/1776/1866 1468/1777/1866
f 1461/1770/424 1460/1769/424 1475/1784/424
f 1454/1763/1585 1453/1762/1585 1468/1777/1585
f 1462/1771/426 1461/1770/426 1476/1785/426
f 1454/1763/427 1469/1778/427 1470/1779/427
f 1462/1771/1197 1477/1786/1197 1478/1787/1197
f 1455/1764/429 1470/1779/429 1471/1780/429
f 1464/1773/1198 1463/1772/1198 1478/1787/1198
f 1476/1785/1583 1475/1784/1583 1490/1799/1583
f 1469/1778/432 1468/1777/432 1483/1792/432
f 1476/1785/1083 1491/1800/1083 1492/1801/1083
f 1470/1779/434 1469/1778/434 1484/1793/434
f 1477/1786/435 1492/1801/435 1493/1802/435
f 1470/1779/1199 1485/1794/1199 1486/1795/1199
f 1479/1788/437 1478/1787/437 1493/1802/437
f 1472/1781/1200 1471/1780/1200 1486/1795/1200
f 1480/1789/439 1479/1788/439 1494/1803/439
f 1473/1782/1201 1472/1781/1201 1487/1796/1201
f 1473/1782/783 1488/1797/783 1489/1798/783
f 1466/1775/444 1481/1790/444 1482/1791/444
f 1474/1783/1820 1489/1798/1820 1490/1799/1820
f 1467/1776/1085 1482/1791/1085 1483/1792/1085
f 1494/1803/1202 1509/1831/1202 1510/1833/1202
f 1487/1796/1822 1502/1817/1822 1503/1819/1822
f 1489/1798/1578 1488/1797/1578 1503/1819/1578
f 1482/1791/452 1481/1790/452 1496/1805/452
f 1489/1798/453 1504/1821/453 1505/1823/453
f 1482/1791/454 1497/1807/454 1498/1809/454
f 1490/1799/1575 1505/1823/1575 1506/1825/1575
f 1483/1792/1288 1498/1809/1288 1499/1811/1288
f 1492/1801/1573 1491/1800/1573 1506/1825/1573
f 1484/1793/1572 1499/1811/1572 1500/1813/1572
f 1493/1802/459 1492/1801/459 1507/1827/459
f 1486/1795/1824 1485/1794/1824 1500/1813/1824
f 1494/1803/461 1493/1802/461 1508/1829/461
f 1487/1796/1579 1486/1795/1579 1501/1815/1579
f 1499/1812/1289 1498/1810/1289 1513/1837/1289
f 1506/1826/1568 1521/1845/1568 1522/1846/1568
f 1500/1814/1206 1499/1812/1206 1514/1838/1206
f 1507/1828/466 1522/1846/466 1523/1847/466
f 1500/1814/1825 1515/1839/1825 1516/1840/1825
f 1508/1830/468 1523/1847/468 1524/1848/468
f 1501/1816/1566 1516/1840/1566 1517/1841/1566
f 1510/1834/1209 1509/1832/1209 1524/1848/1209
f 1503/1820/1827 1502/1818/1827 1517/1841/1827
f 1503/1820/1565 1518/1842/1565 1519/1843/1565
f 1496/1806/475 1511/1835/475 1512/1836/475
f 1505/1824/1211 1504/1822/1211 1519/1843/1211
f 1498/1810/477 1497/1808/477 1512/1836/477
f 1506/1826/1570 1505/1824/1570 1520/1844/1570
f 1517/1841/1212 1532/1856/1212 1533/1857/1212
f 1519/1843/1293 1518/1842/1293 1533/1857/1293
f 1512/1836/483 1511/1835/483 1526/1850/483
f 1519/1843/1747 1534/1858/1747 1535/1859/1747
f 1513/1837/1089 1512/1836/1089 1527/1851/1089
f 1520/1844/1561 1535/1859/1561 1536/1860/1561
f 1513/1837/487 1528/1852/487 1529/1853/487
f 1522/1846/1090 1521/1845/1090 1536/1860/1090
f 1514/1838/489 1529/1853/489 1530/1854/489
f 1523/1847/490 1522/1846/490 1537/1861/490
f 1516/1840/1213 1515/1839/1213 1530/1854/1213
f 1523/1847/492 1538/1862/492 1539/1863/492
f 1517/1841/1867 1516/1840/1867 1531/1855/1867
f 1524/1848/494 1539/1863/494 1540/1864/494
f 1536/1860/821 1551/1875/821 1552/1876/821
f 1530/1854/496 1529/1853/496 1544/1868/496
f 1538/1862/1216 1537/1861/1216 1552/1876/1216
f 1531/1855/498 1530/1854/498 1545/1869/498
f 1538/1862/1217 1553/1877/1217 1554/1878/1217
f 1532/1856/500 1531/1855/500 1546/1870/500
f 1540/1864/987 1539/1863/987 1554/1878/987
f 1532/1856/1830 1547/1871/1830 1548/1872/1830
f 1534/1858/1557 1533/1857/1557 1548/1872/1557
f 1526/1850/1868 1541/1865/1868 1542/1866/1868
f 1534/1858/1387 1549/1873/1387 1550/1874/1387
f 1528/1852/1869 1527/1851/1869 1542/1866/1869
f 1535/1859/509 1550/1874/509 1551/1875/509
f 1528/1852/1559 1543/1867/1559 1544/1868/1559
f 1548/1872/512 1563/1887/512 1564/1888/512
f 1541/1865/1870 1556/1880/1870 1557/1881/1870
f 1550/1874/514 1549/1873/514 1564/1888/514
f 1543/1867/1871 1542/1866/1871 1557/1881/1871
f 1550/1874/516 1565/1889/516 1566/1890/516
f 1543/1867/832 1558/1882/832 1559/1883/832
f 1551/1875/996 1566/1890/996 1567/1891/996
f 1545/1869/833 1544/1868/833 1559/1883/833
f 1553/1877/520 1552/1876/520 1567/1891/520
f 1546/1870/1833 1545/1869/1833 1560/1884/1833
f 1553/1877/522 1568/1892/522 1569/1893/522
f 1546/1870/1096 1561/1885/1096 1562/1886/1096
f 1555/1879/1226 1554/1878/1226 1569/1893/1226
f 1548/1872/1834 1547/1871/1834 1562/1886/1834
f 1568/1892/1835 1567/1891/1835 1582/1906/1835
f 1560/1884/528 1575/1899/528 1576/1900/528
f 1568/1892/1097 1583/1907/1097 1584/1908/1097
f 1561/1885/530 1576/1900/530 1577/1901/530
f 1569/1893/531 1584/1908/531 1585/1909/531
f 1563/1887/532 1562/1886/532 1577/1901/532
f 1563/1887/535 1578/1902/535 1579/1903/535
f 1557/1881/1836 1556/1880/1836 1571/1895/1836
f 1565/1889/537 1564/1888/537 1579/1903/537
f 1558/1882/1230 1557/1881/1230 1572/1896/1230
f 1566/1890/539 1565/1889/539 1580/1904/539
f 1558/1882/1837 1573/1897/1837 1574/1898/1837
f 1567/1891/541 1566/1890/541 1581/1905/541
f 1559/1883/842 1574/1898/842 1575/1899/842
f 1572/1896/1872 1571/1895/1872 1586/1910/1872
f 1579/1903/1103 1594/1918/1103 1595/1919/1103
f 1573/1897/1546 1572/1896/1546 1587/1911/1546
f 1580/1904/546 1595/1919/546 1596/1920/546
f 1574/1898/1442 1573/1897/1442 1588/1912/1442
f 1581/1905/1234 1596/1920/1234 1597/1921/1234
f 1575/1899/1545 1574/1898/1545 1589/1913/1545
f 1582/1906/550 1597/1921/550 1598/1922/550
f 1576/1900/551 1575/1899/551 1590/1914/551
f 1583/1907/1299 1598/1922/1299 1599/1923/1299
f 1577/1901/1873 1576/1900/1873 1591/1915/1873
f 1584/1908/1104 1599/1923/1104 1600/1924/1104
f 1578/1902/555 1577/1901/555 1592/1916/555
f 1578/1902/558 1593/1917/558 1594/1918/558
f 1590/1914/847 1605/1929/847 1606/1930/847
f 1598/1922/1106 1613/1937/1106 1614/1938/1106
f 1592/1916/561 1591/1915/561 1606/1930/561
f 1599/1923/1839 1614/1938/1839 1615/1939/1839
f 1592/1916/1440 1607/1931/1440 1608/1932/1440
f 1594/1918/1238 1593/1917/1238 1608/1932/1238
f 1587/1911/1840 1586/1910/1840 1601/1925/1840
f 1594/1918/853 1609/1933/853 1610/1934/853
f 1588/1912/854 1587/1911/854 1602/1926/854
f 1596/1920/570 1595/1919/570 1610/1934/570
f 1589/1913/571 1588/1912/571 1603/1927/571
f 1597/1921/1874 1596/1920/1874 1611/1935/1874
f 1589/1913/1542 1604/1928/1542 1605/1929/1542
f 1597/1921/1758 1612/1936/1758 1613/1937/1758
f 1609/1933/575 1147/1394/575 1620/1944/575
f 1603/1927/1841 1602/1926/1841 1617/1941/1841
f 1610/1934/577 1620/1944/577 1148/1395/577
f 1604/1928/1436 1603/1927/1436 1143/1390/1436
f 1611/1935/1760 1148/1395/1760 1621/1945/1760
f 1605/1929/1842 1604/1928/1842 1618/1942/1842
f 1612/1936/1243 1621/1945/1243 1622/1946/1243
f 1606/1930/582 1605/1929/582 1144/1391/582
f 1613/1937/1112 1622/1946/1112 1623/1947/1112
f 1607/1931/584 1606/1930/584 1619/1943/584
f 1615/1939/1113 1614/1938/1113 1623/1947/1113
f 1607/1931/1244 1145/1392/1244 1146/1393/1244
f 1609/1933/589 1608/1932/589 1146/1393/589
f 1601/1925/1437 1616/1940/1437 1617/1941/1437
f 2099/2500/1706 2098/2499/1706 1631/1955/1706
f 2102/2503/80 1629/1953/80 1639/1963/80
f 1625/1949/1537 2099/2500/1537 1632/1956/1537
f 2102/2503/591 1640/1964/591 1641/1965/591
f 2100/2501/1433 1625/1949/1433 1633/1957/1433
f 2103/2504/84 1630/1954/84 1641/1965/84
f 2100/2501/85 1634/1958/85 1635/1959/85
f 2103/2504/1022 1642/1966/1022 1643/1967/1022
f 2101/2502/1539 1626/1950/1539 1635/1959/1539
f 2104/2505/1249 1643/1967/1249 1644/1968/1249
f 2101/2502/89 1636/1960/89 1637/1961/89
f 2105/2506/1115 1644/1968/1115 1645/1969/1115
f 1627/1951/91 1637/1961/91 1638/1962/91
f 1629/1953/94 1628/1952/94 1638/1962/94
f 1639/1963/97 1638/1962/97 1653/1977/97
f 1632/1956/1028 1631/1955/1028 1646/1970/1028
f 1639/1963/99 1654/1978/99 1655/1979/99
f 1633/1957/1843 1632/1956/1843 1647/1971/1843
f 1640/1964/1250 1655/1979/1250 1656/1980/1250
f 1633/1957/102 1648/1972/102 1649/1973/102
f 1642/1966/603 1641/1965/603 1656/1980/603
f 1634/1958/1116 1649/1973/1116 1650/1974/1116
f 1643/1967/105 1642/1966/105 1657/1981/105
f 1636/1960/604 1635/1959/604 1650/1974/604
f 1643/1967/1117 1658/1982/1117 1659/1983/1117
f 1637/1961/108 1636/1960/108 1651/1975/108
f 1644/1968/1118 1659/1983/1118 1660/1984/1118
f 1637/1961/110 1652/1976/110 1653/1977/110
f 1650/1974/1304 1649/1973/1304 1664/1988/1304
f 1658/1982/112 1657/1981/112 1672/1996/112
f 1650/1974/1305 1665/1989/1305 1666/1990/1305
f 1659/1983/114 1658/1982/114 1673/1997/114
f 1652/1976/1432 1651/1975/1432 1666/1990/1432
f 1659/1983/1029 1674/1998/1029 1675/1999/1029
f 1652/1976/117 1667/1991/117 1668/1992/117
f 1654/1978/120 1653/1977/120 1668/1992/120
f 1647/1971/121 1646/1970/121 1661/1985/121
f 1654/1978/122 1669/1993/122 1670/1994/122
f 1647/1971/123 1662/1986/123 1663/1987/123
f 1656/1980/612 1655/1979/612 1670/1994/612
f 1648/1972/125 1663/1987/125 1664/1988/125
f 1656/1980/613 1671/1995/613 1672/1996/613
f 1669/1993/127 1668/1992/127 1683/2007/127
f 1661/1985/128 1676/2000/128 1677/2001/128
f 1669/1993/129 1684/2008/129 1685/2009/129
f 1662/1986/1371 1677/2001/1371 1678/2002/1371
f 1670/1994/1875 1685/2009/1875 1686/2010/1875
f 1664/1988/1121 1663/1987/1121 1678/2002/1121
f 1672/1996/616 1671/1995/616 1686/2010/616
f 1664/1988/1876 1679/2003/1876 1680/2004/1876
f 1672/1996/135 1687/2011/135 1688/2012/135
f 1666/1990/1122 1665/1989/1122 1680/2004/1122
f 1674/1998/1877 1673/1997/1877 1688/2012/1877
f 1667/1991/886 1666/1990/886 1681/2005/886
f 1675/1999/139 1674/1998/139 1689/2013/139
f 1667/1991/140 1682/2006/140 1683/2007/140
f 1687/2011/621 1702/2026/621 1703/2027/621
f 1681/2005/1711 1680/2004/1711 1695/2019/1711
f 1688/2012/1878 1703/2027/1878 1704/2028/1878
f 1681/2005/146 1696/2020/146 1697/2021/146
f 1690/2014/1033 1689/2013/1033 1704/2028/1033
f 1683/2007/148 1682/2006/148 1697/2021/148
f 1683/2007/1125 1698/2022/1125 1699/2023/1125
f 1676/2000/152 1691/2015/152 1692/2016/152
f 1685/2009/153 1684/2008/153 1699/2023/153
f 1678/2002/629 1677/2001/629 1692/2016/629
f 1685/2009/1126 1700/2024/1126 1701/2025/1126
f 1679/2003/156 1678/2002/156 1693/2017/156
f 1686/2010/1879 1701/2025/1879 1702/2026/1879
f 1680/2004/632 1679/2003/632 1694/2018/632
f 1692/2016/159 1691/2015/159 1707/2062/159
f 1700/2024/634 1699/2023/634 1715/2070/634
f 1692/2016/895 1708/2063/895 1709/2064/895
f 1701/2025/162 1700/2024/162 1716/2071/162
f 1694/2018/163 1693/2017/163 1709/2064/163
f 1701/2025/1257 1717/2072/1257 1718/2073/1257
f 1695/2019/1258 1694/2018/1258 1710/2065/1258
f 1702/2026/166 1718/2073/166 1719/2074/166
f 1695/2019/167 1711/2066/167 1712/2067/167
f 1704/2028/1130 1703/2027/1130 1719/2074/1130
f 1696/2020/1037 1712/2067/1037 1713/2068/1037
f 1704/2028/641 1720/2075/641 1721/2076/641
f 1698/2022/171 1697/2021/171 1713/2068/171
f 1698/2022/174 1714/2069/174 1715/2070/174
f 1711/2066/175 1726/2081/175 1727/2082/175
f 1719/2074/1515 1734/2089/1515 1735/2090/1515
f 1713/2068/177 1712/2067/177 1727/2082/177
f 1720/2075/1133 1735/2090/1133 1736/2091/1133
f 1714/2069/1360 1713/2068/1360 1728/2083/1360
f 1714/2069/182 1729/2084/182 1730/2085/182
f 1708/2063/1137 1707/2062/1137 1722/2077/1137
f 1715/2070/184 1730/2085/184 1731/2086/184
f 1709/2064/1425 1708/2063/1425 1723/2078/1425
f 1717/2072/186 1716/2071/186 1731/2086/186
f 1710/2065/647 1709/2064/647 1724/2079/647
f 1718/2073/899 1717/2072/899 1732/2087/899
f 1710/2065/649 1725/2080/649 1726/2081/649
f 1718/2073/1041 1733/2088/1041 1734/2089/1041
f 1730/2085/191 1745/2100/191 1746/2101/191
f 1723/2078/192 1738/2093/192 1739/2094/192
f 1731/2086/193 1746/2101/193 1747/2102/193
f 1724/2079/1684 1739/2094/1684 1740/2095/1684
f 1732/2087/195 1747/2102/195 1748/2103/195
f 1726/2081/196 1725/2080/196 1740/2095/196
f 1734/2089/1142 1733/2088/1142 1748/2103/1142
f 1727/2082/198 1726/2081/198 1741/2096/198
f 1735/2090/199 1734/2089/199 1749/2104/199
f 1728/2083/200 1727/2082/200 1742/2097/200
f 1736/2091/1422 1735/2090/1422 1750/2105/1422
f 1728/2083/202 1743/2098/202 1744/2099/202
f 1730/2085/205 1729/2084/205 1744/2099/205
f 1722/2077/1143 1737/2092/1143 1738/2093/1143
f 1749/2104/207 1764/2119/207 1765/2120/207
f 1742/2097/208 1757/2112/208 1758/2113/208
f 1750/2105/1421 1765/2120/1421 1766/2121/1421
f 1744/2099/210 1743/2098/210 1758/2113/210
f 1744/2099/213 1759/2114/213 1760/2115/213
f 1738/2093/1144 1737/2092/1144 1752/2107/1144
f 1746/2101/215 1745/2100/215 1760/2115/215
f 1739/2094/216 1738/2093/216 1753/2108/216
f 1747/2102/217 1746/2101/217 1761/2116/217
f 1740/2095/1681 1739/2094/1681 1754/2109/1681
f 1748/2103/219 1747/2102/219 1762/2117/219
f 1740/2095/220 1755/2110/220 1756/2111/220
f 1748/2103/1147 1763/2118/1147 1764/2119/1147
f 1741/2096/222 1756/2111/222 1757/2112/222
f 1761/2116/223 1776/2131/223 1777/2132/223
f 1754/2109/665 1769/2124/665 1770/2125/665
f 1762/2117/909 1777/2132/909 1778/2133/909
f 1756/2111/667 1755/2110/667 1770/2125/667
f 1764/2119/1046 1763/2118/1046 1778/2133/1046
f 1757/2112/228 1756/2111/228 1771/2126/228
f 1765/2120/1500 1764/2119/1500 1779/2134/1500
f 1758/2113/1047 1757/2112/1047 1772/2127/1047
f 1766/2121/1347 1765/2120/1347 1780/2135/1347
f 1758/2113/1346 1773/2128/1346 1774/2129/1346
f 1760/2115/1420 1759/2114/1420 1774/2129/1420
f 1752/2107/1153 1767/2122/1153 1768/2123/1153
f 1760/2115/237 1775/2130/237 1776/2131/237
f 1753/2108/1419 1768/2123/1419 1769/2124/1419
f 1781/2136/675 1780/2135/675 1795/2150/675
f 1773/2128/240 1788/2143/240 1789/2144/240
f 1775/2130/243 1774/2129/243 1789/2144/243
f 1767/2122/244 1782/2137/244 1783/2138/244
f 1775/2130/245 1790/2145/245 1791/2146/245
f 1769/2124/915 1768/2123/915 1783/2138/915
f 1776/2131/247 1791/2146/247 1792/2147/247
f 1769/2124/248 1784/2139/248 1785/2140/248
f 1778/2133/1270 1777/2132/1270 1792/2147/1270
f 1770/2125/1158 1785/2140/1158 1786/2141/1158
f 1779/2134/251 1778/2133/251 1793/2148/251
f 1772/2127/252 1771/2126/252 1786/2141/252
f 1779/2134/1159 1794/2149/1159 1795/2150/1159
f 1773/2128/254 1772/2127/254 1787/2142/254
f 1784/2139/255 1799/2154/255 1800/2155/255
f 1793/2148/1880 1792/2147/1880 1807/2162/1880
f 1785/2140/686 1800/2155/686 1801/2156/686
f 1794/2149/687 1793/2148/687 1808/2163/687
f 1786/2141/1722 1801/2156/1722 1802/2157/1722
f 1795/2150/1881 1794/2149/1881 1809/2164/1881
f 1788/2143/261 1787/2142/261 1802/2157/261
f 1795/2150/1052 1810/2165/1052 1811/2166/1052
f 1788/2143/1272 1803/2158/1272 1804/2159/1272
f 1790/2145/1161 1789/2144/1161 1804/2159/1161
f 1783/2138/267 1782/2137/267 1797/2152/267
f 1790/2145/268 1805/2160/268 1806/2161/268
f 1783/2138/695 1798/2153/695 1799/2154/695
f 1792/2147/1162 1791/2146/1162 1806/2161/1162
f 1804/2159/271 1803/2158/271 1818/2173/271
f 1804/2159/274 1819/2174/274 1820/2175/274
f 1798/2153/275 1797/2152/275 1812/2167/275
f 1806/2161/276 1805/2160/276 1820/2175/276
f 1799/2154/1337 1798/2153/1337 1813/2168/1337
f 1807/2162/1882 1806/2161/1882 1821/2176/1882
f 1799/2154/1054 1814/2169/1054 1815/2170/1054
f 1807/2162/700 1822/2177/700 1823/2178/700
f 1801/2156/1883 1800/2155/1883 1815/2170/1883
f 1809/2164/282 1808/2163/282 1823/2178/282
f 1801/2156/1164 1816/2171/1164 1817/2172/1164
f 1809/2164/1336 1824/2179/1336 1825/2180/1336
f 1802/2157/928 1817/2172/928 1818/2173/928
f 1810/2165/286 1825/2180/286 1826/2181/286
f 1823/2178/704 1822/2177/704 1837/2192/704
f 1815/2170/1483 1830/2185/1483 1831/2186/1483
f 1823/2178/289 1838/2193/289 1839/2194/289
f 1817/2172/1312 1816/2171/1312 1831/2186/1312
f 1824/2179/291 1839/2194/291 1840/2195/291
f 1817/2172/1275 1832/2187/1275 1833/2188/1275
f 1826/2181/293 1825/2180/293 1840/2195/293
f 1819/2174/294 1818/2173/294 1833/2188/294
f 1819/2174/297 1834/2189/297 1835/2190/297
f 1812/2167/298 1827/2182/298 1828/2183/298
f 1821/2176/299 1820/2175/299 1835/2190/299
f 1814/2169/300 1813/2168/300 1828/2183/300
f 1821/2176/711 1836/2191/711 1837/2192/711
f 1815/2170/302 1814/2169/302 1829/2184/302
f 1834/2189/1168 1849/2204/1168 1850/2205/1168
f 1827/2182/1059 1842/2197/1059 1843/2198/1059
f 1836/2191/307 1835/2190/307 1850/2205/307
f 1828/2183/1169 1843/2198/1169 1844/2199/1169
f 1837/2192/1478 1836/2191/1478 1851/2206/1478
f 1830/2185/310 1829/2184/310 1844/2199/310
f 1837/2192/717 1852/2207/717 1853/2208/717
f 1831/2186/1884 1830/2185/1884 1845/2200/1884
f 1838/2193/1609 1853/2208/1609 1854/2209/1609
f 1831/2186/718 1846/2201/718 1847/2202/718
f 1840/2195/315 1839/2194/315 1854/2209/315
f 1832/2187/316 1847/2202/316 1848/2203/316
f 1841/2196/1171 1840/2195/1171 1855/2210/1171
f 1834/2189/1474 1833/2188/1474 1848/2203/1474
f 1846/2201/319 1845/2200/319 1860/2215/319
f 1854/2209/1172 1853/2208/1172 1868/2223/1172
f 1846/2201/1727 1861/2216/1727 1862/2217/1727
f 1855/2210/1276 1854/2209/1276 1869/2224/1276
f 1848/2203/323 1847/2202/323 1862/2217/323
f 1856/2211/1406 1855/2210/1406 1870/2225/1406
f 1849/2204/325 1848/2203/325 1863/2218/325
f 1849/2204/328 1864/2219/328 1865/2220/328
f 1842/2197/1885 1857/2212/1885 1858/2213/1885
f 1850/2205/330 1865/2220/330 1866/2221/330
f 1843/2198/1604 1858/2213/1604 1859/2214/1604
f 1852/2207/723 1851/2206/723 1866/2221/723
f 1844/2199/1730 1859/2214/1730 1860/2215/1730
f 1852/2207/334 1867/2222/334 1868/2223/334
f 1864/2219/335 1879/2234/335 1880/2235/335
f 1858/2213/1731 1857/2212/1731 1872/2227/1731
f 1866/2221/337 1865/2220/337 1880/2235/337
f 1859/2214/725 1858/2213/725 1873/2228/725
f 1867/2222/339 1866/2221/339 1881/2236/339
f 1859/2214/1466 1874/2229/1466 1875/2230/1466
f 1867/2222/1602 1882/2237/1602 1883/2238/1602
f 1861/2216/726 1860/2215/726 1875/2230/726
f 1869/2224/1176 1868/2223/1176 1883/2238/1176
f 1861/2216/344 1876/2231/344 1877/2232/344
f 1869/2224/1177 1884/2239/1177 1885/2240/1177
f 1862/2217/346 1877/2232/346 1878/2233/346
f 1870/2225/347 1885/2240/347 1886/2241/347
f 1864/2219/348 1863/2218/348 1878/2233/348
f 1884/2239/730 1883/2238/730 1898/2253/730
f 1877/2232/731 1876/2231/731 1891/2246/731
f 1885/2240/946 1884/2239/946 1899/2254/946
f 1877/2232/354 1892/2247/354 1893/2248/354
f 1886/2241/1068 1885/2240/1068 1900/2255/1068
f 1879/2234/1463 1878/2233/1463 1893/2248/1463
f 1879/2234/736 1894/2249/736 1895/2250/736
f 1872/2227/1071 1887/2242/1071 1888/2243/1071
f 1881/2236/361 1880/2235/361 1895/2250/361
f 1873/2228/738 1888/2243/738 1889/2244/738
f 1881/2236/363 1896/2251/363 1897/2252/363
f 1874/2229/1735 1889/2244/1735 1890/2245/1735
f 1882/2237/1178 1897/2252/1178 1898/2253/1178
f 1876/2231/1736 1875/2230/1736 1890/2245/1736
f 1896/2251/1073 1895/2250/1073 1910/2265/1073
f 1888/2243/1598 1903/2258/1598 1904/2259/1598
f 1896/2251/369 1911/2266/369 1912/2267/369
f 1890/2245/370 1889/2244/370 1904/2259/370
f 1898/2253/1180 1897/2252/1180 1912/2267/1180
f 1890/2245/1597 1905/2260/1597 1906/2261/1597
f 1898/2253/373 1913/2268/373 1914/2269/373
f 1892/2247/374 1891/2246/374 1906/2261/374
f 1900/2255/1181 1899/2254/1181 1914/2269/1181
f 1892/2247/376 1907/2262/376 1908/2263/376
f 1901/2256/377 1900/2255/377 1915/2270/377
f 1894/2249/378 1893/2248/378 1908/2263/378
f 1894/2249/381 1909/2264/381 1910/2265/381
f 1887/2242/382 1902/2257/382 1903/2258/382
f 1914/2269/1075 1929/2284/1075 1930/2285/1075
f 1907/2262/384 1922/2277/384 1923/2278/384
f 1916/2271/385 1915/2270/385 1930/2285/385
f 1909/2264/747 1908/2263/747 1923/2278/747
f 1909/2264/1592 1924/2279/1592 1925/2280/1592
f 1902/2257/749 1917/2272/749 1918/2273/749
f 1911/2266/391 1910/2265/391 1925/2280/391
f 1904/2259/392 1903/2258/392 1918/2273/392
f 1911/2266/1187 1926/2281/1187 1927/2282/1187
f 1905/2260/1188 1904/2259/1188 1919/2274/1188
f 1913/2268/395 1912/2267/395 1927/2282/395
f 1905/2260/753 1920/2275/753 1921/2276/753
f 1913/2268/397 1928/2283/397 1929/2284/397
f 1907/2262/755 1906/2261/755 1921/2276/755
f 1918/2273/399 1934/2320/399 1935/2321/399
f 1926/2281/400 1942/2328/400 1943/2329/400
f 1919/2274/1191 1935/2321/1191 1936/2322/1191
f 1928/2283/963 1927/2282/963 1943/2329/963
f 1920/2275/1399 1936/2322/1399 1937/2323/1399
f 1929/2284/758 1928/2283/758 1944/2330/758
f 1922/2277/759 1921/2276/759 1937/2323/759
f 1930/2285/406 1929/2284/406 1945/2331/406
f 1922/2277/761 1938/2324/761 1939/2325/761
f 1930/2285/408 1946/2332/408 1947/2333/408
f 1924/2279/1397 1923/2278/1397 1939/2325/1397
f 1924/2279/412 1940/2326/412 1941/2327/412
f 1918/2273/413 1917/2272/413 1933/2319/413
f 1926/2281/766 1925/2280/766 1941/2327/766
f 1938/2324/1661 1953/2339/1661 1954/2340/1661
f 1946/2332/969 1961/2347/969 1962/2348/969
f 1940/2326/1741 1939/2325/1741 1954/2340/1741
f 1940/2326/420 1955/2341/420 1956/2342/420
f 1934/2320/421 1933/2319/421 1948/2334/421
f 1942/2328/1195 1941/2327/1195 1956/2342/1195
f 1935/2321/1742 1934/2320/1742 1949/2335/1742
f 1943/2329/769 1942/2328/769 1957/2343/769
f 1936/2322/1743 1935/2321/1743 1950/2336/1743
f 1944/2330/426 1943/2329/426 1958/2344/426
f 1936/2322/771 1951/2337/771 1952/2338/771
f 1944/2330/1197 1959/2345/1197 1960/2346/1197
f 1937/2323/772 1952/2338/772 1953/2339/772
f 1945/2331/1198 1960/2346/1198 1961/2347/1198
f 1957/2343/431 1972/2358/431 1973/2359/431
f 1950/2336/774 1965/2351/774 1966/2352/774
f 1959/2345/775 1958/2344/775 1973/2359/775
f 1951/2337/1886 1966/2352/1886 1967/2353/1886
f 1960/2346/1319 1959/2345/1319 1974/2360/1319
f 1953/2339/1199 1952/2338/1199 1967/2353/1199
f 1961/2347/437 1960/2346/437 1975/2361/437
f 1954/2340/1200 1953/2339/1200 1968/2354/1200
f 1962/2348/781 1961/2347/781 1976/2362/781
f 1955/2341/1201 1954/2340/1201 1969/2355/1201
f 1955/2341/783 1970/2356/783 1971/2357/783
f 1948/2334/784 1963/2349/784 1964/2350/784
f 1956/2342/1658 1971/2357/1658 1972/2358/1658
f 1949/2335/446 1964/2350/446 1965/2351/446
f 1976/2362/447 1991/2390/447 1992/2392/447
f 1969/2355/448 1984/2376/448 1985/2378/448
f 1971/2357/788 1970/2356/788 1985/2378/788
f 1964/2350/452 1963/2349/452 1978/2364/452
f 1971/2357/1287 1986/2380/1287 1987/2382/1287
f 1965/2351/791 1964/2350/791 1979/2366/791
f 1972/2358/455 1987/2382/455 1988/2384/455
f 1966/2352/456 1965/2351/456 1980/2368/456
f 1973/2359/1744 1988/2384/1744 1989/2386/1744
f 1967/2353/1572 1966/2352/1572 1981/2370/1572
f 1974/2360/459 1989/2386/459 1990/2388/459
f 1968/2354/460 1967/2353/460 1982/2372/460
f 1975/2361/796 1990/2388/796 1991/2390/796
f 1969/2355/979 1968/2354/979 1983/2374/979
f 1980/2369/463 1995/2396/463 1996/2397/463
f 1989/2387/1745 1988/2385/1745 2003/2404/1745
f 1981/2371/1206 1996/2397/1206 1997/2398/1206
f 1990/2389/466 1989/2387/466 2004/2405/466
f 1982/2373/467 1997/2398/467 1998/2399/467
f 1991/2391/801 1990/2389/801 2005/2406/801
f 1984/2377/1566 1983/2375/1566 1998/2399/1566
f 1992/2393/470 1991/2391/470 2006/2407/470
f 1985/2379/471 1984/2377/471 1999/2400/471
f 1985/2379/806 2000/2401/806 2001/2402/806
f 1978/2365/475 1993/2394/475 1994/2395/475
f 1986/2381/1571 2001/2402/1571 2002/2403/1571
f 1979/2367/808 1994/2395/808 1995/2396/808
f 1988/2385/478 1987/2383/478 2002/2403/478
f 1999/2400/1212 2014/2415/1212 2015/2416/1212
f 2001/2402/1293 2000/2401/1293 2015/2416/1293
f 1994/2395/812 1993/2394/812 2008/2409/812
f 2001/2402/1747 2016/2417/1747 2017/2418/1747
f 1995/2396/485 1994/2395/485 2009/2410/485
f 2003/2404/486 2002/2403/486 2017/2418/486
f 1996/2397/813 1995/2396/813 2010/2411/813
f 2003/2404/814 2018/2419/814 2019/2420/814
f 1997/2398/1887 1996/2397/1887 2011/2412/1887
f 2004/2405/1294 2019/2420/1294 2020/2421/1294
f 1997/2398/1213 2012/2413/1213 2013/2414/1213
f 2005/2406/492 2020/2421/492 2021/2422/492
f 1999/2400/819 1998/2399/819 2013/2414/819
f 2006/2407/820 2021/2422/820 2022/2423/820
f 2018/2419/821 2033/2434/821 2034/2435/821
f 2012/2413/1215 2011/2412/1215 2026/2427/1215
f 2020/2421/1216 2019/2420/1216 2034/2435/1216
f 2013/2414/822 2012/2413/822 2027/2428/822
f 2021/2422/1217 2020/2421/1217 2035/2436/1217
f 2013/2414/1093 2028/2429/1093 2029/2430/1093
f 2022/2423/987 2021/2422/987 2036/2437/987
f 2014/2415/502 2029/2430/502 2030/2431/502
f 2016/2417/505 2015/2416/505 2030/2431/505
f 2008/2409/1868 2023/2424/1868 2024/2425/1868
f 2017/2418/826 2016/2417/826 2031/2432/826
f 2009/2410/1748 2024/2425/1748 2025/2426/1748
f 2017/2418/827 2032/2433/827 2033/2434/827
f 2010/2411/1749 2025/2426/1749 2026/2427/1749
f 2031/2432/828 2030/2431/828 2045/2446/828
f 2023/2424/1384 2038/2439/1384 2039/2440/1384
f 2031/2432/830 2046/2447/830 2047/2448/830
f 2025/2426/515 2024/2425/515 2039/2440/515
f 2032/2433/516 2047/2448/516 2048/2449/516
f 2025/2426/832 2040/2441/832 2041/2442/832
f 2034/2435/1888 2033/2434/1888 2048/2449/1888
f 2026/2427/1889 2041/2442/1889 2042/2443/1889
f 2035/2436/1224 2034/2435/1224 2049/2450/1224
f 2028/2429/1225 2027/2428/1225 2042/2443/1225
f 2035/2436/522 2050/2451/522 2051/2452/522
f 2029/2430/1096 2028/2429/1096 2043/2444/1096
f 2037/2438/524 2036/2437/524 2051/2452/524
f 2029/2430/525 2044/2445/525 2045/2446/525
f 2049/2450/1751 2064/2465/1751 2065/2466/1751
f 2042/2443/839 2057/2458/839 2058/2459/839
f 2051/2452/1097 2050/2451/1097 2065/2466/1097
f 2044/2445/1321 2043/2444/1321 2058/2459/1321
f 2051/2452/531 2066/2467/531 2067/2468/531
f 2044/2445/532 2059/2460/532 2060/2461/532
f 2046/2447/535 2045/2446/535 2060/2461/535
f 2039/2440/536 2038/2439/536 2053/2454/536
f 2046/2447/537 2061/2462/537 2062/2463/537
f 2039/2440/538 2054/2455/538 2055/2456/538
f 2048/2449/1231 2047/2448/1231 2062/2463/1231
f 2041/2442/540 2040/2441/540 2055/2456/540
f 2048/2449/1102 2063/2464/1102 2064/2465/1102
f 2042/2443/842 2041/2442/842 2056/2457/842
f 2054/2455/1003 2053/2454/1003 2068/2469/1003
f 2061/2462/1103 2076/2477/1103 2077/2478/1103
f 2055/2456/1546 2054/2455/1546 2069/2470/1546
f 2063/2464/546 2062/2463/546 2077/2478/546
f 2055/2456/547 2070/2471/547 2071/2472/547
f 2063/2464/1234 2078/2479/1234 2079/2480/1234
f 2057/2458/1545 2056/2457/1545 2071/2472/1545
f 2065/2466/550 2064/2465/550 2079/2480/550
f 2057/2458/551 2072/2473/551 2073/2474/551
f 2065/2466/1299 2080/2481/1299 2081/2482/1299
f 2059/2460/553 2058/2459/553 2073/2474/553
f 2066/2467/1104 2081/2482/1104 2082/2483/1104
f 2059/2460/555 2074/2475/555 2075/2476/555
f 2061/2462/558 2060/2461/558 2075/2476/558
f 2072/2473/847 2087/2488/847 2088/2489/847
f 2080/2481/1010 2095/2496/1010 2096/2497/1010
f 2074/2475/561 2073/2474/561 2088/2489/561
f 2081/2482/562 2096/2497/562 2097/2498/562
f 2074/2475/1440 2089/2490/1440 2090/2491/1440
f 2076/2477/1238 2075/2476/1238 2090/2491/1238
f 2069/2470/1110 2068/2469/1110 2083/2484/1110
f 2076/2477/853 2091/2492/853 2092/2493/853
f 2070/2471/854 2069/2470/854 2084/2485/854
f 2078/2479/570 2077/2478/570 2092/2493/570
f 2071/2472/1756 2070/2471/1756 2085/2486/1756
f 2079/2480/1240 2078/2479/1240 2093/2494/1240
f 2071/2472/1757 2086/2487/1757 2087/2488/1757
f 2079/2480/1758 2094/2495/1758 2095/2496/1758
f 2091/2492/575 1629/1953/575 2102/2503/575
f 2084/2485/1639 2099/2500/1639 1625/1949/1639
f 2092/2493/577 2102/2503/577 1630/1954/577
f 2086/2487/1436 2085/2486/1436 1625/1949/1436
f 2093/2494/1760 1630/1954/1760 2103/2504/1760
f 2087/2488/1242 2086/2487/1242 2100/2501/1242
f 2094/2495/1243 2103/2504/1243 2104/2505/1243
f 2088/2489/582 2087/2488/582 1626/1950/582
f 2096/2497/1376 2095/2496/1376 2104/2505/1376
f 2089/2490/584 2088/2489/584 2101/2502/584
f 2097/2498/1113 2096/2497/1113 2105/2506/1113
f 2089/2490/1244 1627/1951/1244 1628/1952/1244
f 2091/2492/589 2090/2491/589 1628/1952/589
f 2083/2484/1890 2098/2499/1890 2099/2500/1890
f 2581/3059/863 2580/3058/863 2113/2514/863
f 2584/3062/80 2111/2512/80 2121/2522/80
f 2581/3059/1537 2114/2515/1537 2115/2516/1537
f 2584/3062/591 2122/2523/591 2123/2524/591
f 2582/3060/592 2107/2508/592 2115/2516/592
f 2585/3063/84 2112/2513/84 2123/2524/84
f 2582/3060/85 2116/2517/85 2117/2518/85
f 2585/3063/1022 2124/2525/1022 2125/2526/1022
f 2583/3061/87 2108/2509/87 2117/2518/87
f 2586/3064/1249 2125/2526/1249 2126/2527/1249
f 2583/3061/89 2118/2519/89 2119/2520/89
f 2587/3065/1115 2126/2527/1115 2127/2528/1115
f 2109/2510/91 2119/2520/91 2120/2521/91
f 2111/2512/94 2110/2511/94 2120/2521/94
f 2121/2522/97 2120/2521/97 2135/2536/97
f 2113/2514/1028 2128/2529/1028 2129/2530/1028
f 2121/2522/99 2136/2537/99 2137/2538/99
f 2115/2516/1843 2114/2515/1843 2129/2530/1843
f 2122/2523/101 2137/2538/101 2138/2539/101
f 2115/2516/102 2130/2531/102 2131/2532/102
f 2124/2525/103 2123/2524/103 2138/2539/103
f 2116/2517/104 2131/2532/104 2132/2533/104
f 2125/2526/105 2124/2525/105 2139/2540/105
f 2118/2519/106 2117/2518/106 2132/2533/106
f 2125/2526/107 2140/2541/107 2141/2542/107
f 2119/2520/108 2118/2519/108 2133/2534/108
f 2127/2528/1118 2126/2527/1118 2141/2542/1118
f 2119/2520/110 2134/2535/110 2135/2536/110
f 2132/2533/111 2131/2532/111 2146/2547/111
f 2140/2541/112 2139/2540/112 2154/2555/112
f 2132/2533/113 2147/2548/113 2148/2549/113
f 2141/2542/114 2140/2541/114 2155/2556/114
f 2134/2535/1432 2133/2534/1432 2148/2549/1432
f 2141/2542/1891 2156/2557/1891 2157/2558/1891
f 2134/2535/117 2149/2550/117 2150/2551/117
f 2136/2537/120 2135/2536/120 2150/2551/120
f 2129/2530/121 2128/2529/121 2143/2544/121
f 2136/2537/611 2151/2552/611 2152/2553/611
f 2129/2530/123 2144/2545/123 2145/2546/123
f 2138/2539/124 2137/2538/124 2152/2553/124
f 2130/2531/125 2145/2546/125 2146/2547/125
f 2138/2539/613 2153/2554/613 2154/2555/613
f 2151/2552/127 2150/2551/127 2165/2566/127
f 2143/2544/128 2158/2559/128 2159/2560/128
f 2151/2552/1252 2166/2567/1252 2167/2568/1252
f 2144/2545/130 2159/2560/130 2160/2561/130
f 2153/2554/131 2152/2553/131 2167/2568/131
f 2146/2547/1892 2145/2546/1892 2160/2561/1892
f 2153/2554/884 2168/2569/884 2169/2570/884
f 2147/2548/1876 2146/2547/1876 2161/2562/1876
f 2154/2555/135 2169/2570/135 2170/2571/135
f 2147/2548/1122 2162/2563/1122 2163/2564/1122
f 2156/2557/1369 2155/2556/1369 2170/2571/1369
f 2149/2550/886 2148/2549/886 2163/2564/886
f 2157/2558/139 2156/2557/139 2171/2572/139
f 2149/2550/140 2164/2565/140 2165/2566/140
f 2170/2571/143 2169/2570/143 2184/2585/143
f 2163/2564/144 2162/2563/144 2177/2578/144
f 2170/2571/145 2185/2586/145 2186/2587/145
f 2164/2565/146 2163/2564/146 2178/2579/146
f 2172/2573/1033 2171/2572/1033 2186/2587/1033
f 2164/2565/148 2179/2580/148 2180/2581/148
f 2166/2567/1125 2165/2566/1125 2180/2581/1125
f 2158/2559/627 2173/2574/627 2174/2575/627
f 2166/2567/628 2181/2582/628 2182/2583/628
f 2160/2561/154 2159/2560/154 2174/2575/154
f 2167/2568/1126 2182/2583/1126 2183/2584/1126
f 2160/2561/156 2175/2576/156 2176/2577/156
f 2169/2570/893 2168/2569/893 2183/2584/893
f 2161/2562/1714 2176/2577/1714 2177/2578/1714
f 2174/2575/159 2173/2574/159 2189/2621/159
f 2182/2583/634 2181/2582/634 2197/2629/634
f 2174/2575/161 2190/2622/161 2191/2623/161
f 2182/2583/162 2198/2630/162 2199/2631/162
f 2175/2576/163 2191/2623/163 2192/2624/163
f 2183/2584/164 2199/2631/164 2200/2632/164
f 2177/2578/1129 2176/2577/1129 2192/2624/1129
f 2185/2586/166 2184/2585/166 2200/2632/166
f 2178/2579/167 2177/2578/167 2193/2625/167
f 2186/2587/1130 2185/2586/1130 2201/2633/1130
f 2178/2579/1037 2194/2626/1037 2195/2627/1037
f 2186/2587/641 2202/2634/641 2203/2635/641
f 2179/2580/171 2195/2627/171 2196/2628/171
f 2181/2582/174 2180/2581/174 2196/2628/174
f 2193/2625/175 2208/2640/175 2209/2641/175
f 2202/2634/1259 2201/2633/1259 2216/2648/1259
f 2195/2627/177 2194/2626/177 2209/2641/177
f 2202/2634/178 2217/2649/178 2218/2650/178
f 2195/2627/1360 2210/2642/1360 2211/2643/1360
f 2197/2629/1039 2196/2628/1039 2211/2643/1039
f 2190/2622/183 2189/2621/183 2204/2636/183
f 2197/2629/184 2212/2644/184 2213/2645/184
f 2190/2622/1138 2205/2637/1138 2206/2638/1138
f 2199/2631/186 2198/2630/186 2213/2645/186
f 2192/2624/1260 2191/2623/1260 2206/2638/1260
f 2199/2631/1893 2214/2646/1893 2215/2647/1893
f 2193/2625/189 2192/2624/189 2207/2639/189
f 2200/2632/1041 2215/2647/1041 2216/2648/1041
f 2212/2644/191 2227/2659/191 2228/2660/191
f 2205/2637/192 2220/2652/192 2221/2653/192
f 2214/2646/193 2213/2645/193 2228/2660/193
f 2207/2639/194 2206/2638/194 2221/2653/194
f 2215/2647/1140 2214/2646/1140 2229/2661/1140
f 2207/2639/1262 2222/2654/1262 2223/2655/1262
f 2215/2647/1142 2230/2662/1142 2231/2663/1142
f 2208/2640/1894 2223/2655/1894 2224/2656/1894
f 2217/2649/199 2216/2648/199 2231/2663/199
f 2210/2642/1043 2209/2641/1043 2224/2656/1043
f 2218/2650/201 2217/2649/201 2232/2664/201
f 2210/2642/202 2225/2657/202 2226/2658/202
f 2212/2644/1508 2211/2643/1508 2226/2658/1508
f 2204/2636/1143 2219/2651/1143 2220/2652/1143
f 2231/2663/207 2246/2678/207 2247/2679/207
f 2225/2657/208 2224/2656/208 2239/2671/208
f 2232/2664/209 2247/2679/209 2248/2680/209
f 2226/2658/210 2225/2657/210 2240/2672/210
f 2226/2658/1506 2241/2673/1506 2242/2674/1506
f 2220/2652/1144 2219/2651/1144 2234/2666/1144
f 2227/2659/215 2242/2674/215 2243/2675/215
f 2221/2653/216 2220/2652/216 2235/2667/216
f 2229/2661/217 2228/2660/217 2243/2675/217
f 2221/2653/218 2236/2668/218 2237/2669/218
f 2229/2661/1145 2244/2676/1145 2245/2677/1145
f 2223/2655/1146 2222/2654/1146 2237/2669/1146
f 2231/2663/1147 2230/2662/1147 2245/2677/1147
f 2223/2655/222 2238/2670/222 2239/2671/222
f 2243/2675/223 2258/2690/223 2259/2691/223
f 2236/2668/1349 2251/2683/1349 2252/2684/1349
f 2245/2677/225 2244/2676/225 2259/2691/225
f 2237/2669/1619 2252/2684/1619 2253/2685/1619
f 2246/2678/1046 2245/2677/1046 2260/2692/1046
f 2239/2671/228 2238/2670/228 2253/2685/228
f 2246/2678/1268 2261/2693/1268 2262/2694/1268
f 2240/2672/1047 2239/2671/1047 2254/2686/1047
f 2248/2680/231 2247/2679/231 2262/2694/231
f 2241/2673/1346 2240/2672/1346 2255/2687/1346
f 2241/2673/235 2256/2688/235 2257/2689/235
f 2234/2666/236 2249/2681/236 2250/2682/236
f 2242/2674/237 2257/2689/237 2258/2690/237
f 2236/2668/1154 2235/2667/1154 2250/2682/1154
f 2263/2695/675 2262/2694/675 2277/2709/675
f 2256/2688/240 2255/2687/240 2270/2702/240
f 2256/2688/243 2271/2703/243 2272/2704/243
f 2249/2681/244 2264/2696/244 2265/2697/244
f 2257/2689/245 2272/2704/245 2273/2705/245
f 2251/2683/246 2250/2682/246 2265/2697/246
f 2259/2691/247 2258/2690/247 2273/2705/247
f 2252/2684/248 2251/2683/248 2266/2698/248
f 2260/2692/249 2259/2691/249 2274/2706/249
f 2252/2684/250 2267/2699/250 2268/2700/250
f 2260/2692/251 2275/2707/251 2276/2708/251
f 2253/2685/252 2268/2700/252 2269/2701/252
f 2261/2693/1159 2276/2708/1159 2277/2709/1159
f 2255/2687/254 2254/2686/254 2269/2701/254
f 2267/2699/255 2266/2698/255 2281/2713/255
f 2274/2706/916 2289/2721/916 2290/2722/916
f 2268/2700/1721 2267/2699/1721 2282/2714/1721
f 2275/2707/258 2290/2722/258 2291/2723/258
f 2268/2700/259 2283/2715/259 2284/2716/259
f 2277/2709/260 2276/2708/260 2291/2723/260
f 2269/2701/261 2284/2716/261 2285/2717/261
f 2277/2709/1052 2292/2724/1052 2293/2725/1052
f 2271/2703/263 2270/2702/263 2285/2717/263
f 2271/2703/1161 2286/2718/1161 2287/2719/1161
f 2265/2697/693 2264/2696/693 2279/2711/693
f 2273/2705/694 2272/2704/694 2287/2719/694
f 2265/2697/269 2280/2712/269 2281/2713/269
f 2274/2706/1162 2273/2705/1162 2288/2720/1162
f 2285/2717/271 2300/2732/271 2301/2733/271
f 2287/2719/274 2286/2718/274 2301/2733/274
f 2280/2712/275 2279/2711/275 2294/2726/275
f 2288/2720/276 2287/2719/276 2302/2734/276
f 2281/2713/1895 2280/2712/1895 2295/2727/1895
f 2288/2720/278 2303/2735/278 2304/2736/278
f 2281/2713/1274 2296/2728/1274 2297/2729/1274
f 2290/2722/927 2289/2721/927 2304/2736/927
f 2282/2714/1883 2297/2729/1883 2298/2730/1883
f 2291/2723/282 2290/2722/282 2305/2737/282
f 2284/2716/1164 2283/2715/1164 2298/2730/1164
f 2291/2723/1336 2306/2738/1336 2307/2739/1336
f 2284/2716/928 2299/2731/928 2300/2732/928
f 2292/2724/286 2307/2739/286 2308/2740/286
f 2305/2737/704 2304/2736/704 2319/2751/704
f 2297/2729/1896 2312/2744/1896 2313/2745/1896
f 2306/2738/289 2305/2737/289 2320/2752/289
f 2299/2731/290 2298/2730/290 2313/2745/290
f 2306/2738/291 2321/2753/291 2322/2754/291
f 2300/2732/1275 2299/2731/1275 2314/2746/1275
f 2308/2740/1897 2307/2739/1897 2322/2754/1897
f 2301/2733/294 2300/2732/294 2315/2747/294
f 2301/2733/297 2316/2748/297 2317/2749/297
f 2294/2726/298 2309/2741/298 2310/2742/298
f 2302/2734/299 2317/2749/299 2318/2750/299
f 2296/2728/300 2295/2727/300 2310/2742/300
f 2303/2735/301 2318/2750/301 2319/2751/301
f 2296/2728/302 2311/2743/302 2312/2744/302
f 2316/2748/1168 2331/2763/1168 2332/2764/1168
f 2310/2742/1059 2309/2741/1059 2324/2756/1059
f 2318/2750/307 2317/2749/307 2332/2764/307
f 2311/2743/308 2310/2742/308 2325/2757/308
f 2319/2751/309 2318/2750/309 2333/2765/309
f 2311/2743/1334 2326/2758/1334 2327/2759/1334
f 2319/2751/717 2334/2766/717 2335/2767/717
f 2313/2745/312 2312/2744/312 2327/2759/312
f 2321/2753/1609 2320/2752/1609 2335/2767/1609
f 2313/2745/314 2328/2760/314 2329/2761/314
f 2321/2753/1726 2336/2768/1726 2337/2769/1726
f 2314/2746/316 2329/2761/316 2330/2762/316
f 2322/2754/1171 2337/2769/1171 2338/2770/1171
f 2316/2748/318 2315/2747/318 2330/2762/318
f 2328/2760/319 2327/2759/319 2342/2774/319
f 2336/2768/1172 2335/2767/1172 2350/2782/1172
f 2328/2760/321 2343/2775/321 2344/2776/321
f 2337/2769/1276 2336/2768/1276 2351/2783/1276
f 2330/2762/323 2329/2761/323 2344/2776/323
f 2337/2769/1406 2352/2784/1406 2353/2785/1406
f 2331/2763/325 2330/2762/325 2345/2777/325
f 2331/2763/328 2346/2778/328 2347/2779/328
f 2325/2757/940 2324/2756/940 2339/2771/940
f 2332/2764/330 2347/2779/330 2348/2780/330
f 2325/2757/1472 2340/2772/1472 2341/2773/1472
f 2334/2766/723 2333/2765/723 2348/2780/723
f 2326/2758/333 2341/2773/333 2342/2774/333
f 2334/2766/334 2349/2781/334 2350/2782/334
f 2347/2779/335 2346/2778/335 2361/2793/335
f 2339/2771/1898 2354/2786/1898 2355/2787/1898
f 2348/2780/337 2347/2779/337 2362/2794/337
f 2341/2773/338 2340/2772/338 2355/2787/338
f 2348/2780/339 2363/2795/339 2364/2796/339
f 2342/2774/340 2341/2773/340 2356/2788/340
f 2350/2782/341 2349/2781/341 2364/2796/341
f 2342/2774/726 2357/2789/726 2358/2790/726
f 2350/2782/1176 2365/2797/1176 2366/2798/1176
f 2344/2776/344 2343/2775/344 2358/2790/344
f 2351/2783/1177 2366/2798/1177 2367/2799/1177
f 2344/2776/346 2359/2791/346 2360/2792/346
f 2353/2785/1065 2352/2784/1065 2367/2799/1065
f 2345/2777/348 2360/2792/348 2361/2793/348
f 2366/2798/730 2365/2797/730 2380/2812/730
f 2359/2791/352 2358/2790/352 2373/2805/352
f 2366/2798/1067 2381/2813/1067 2382/2814/1067
f 2360/2792/354 2359/2791/354 2374/2806/354
f 2368/2800/1068 2367/2799/1068 2382/2814/1068
f 2360/2792/356 2375/2807/356 2376/2808/356
f 2362/2794/736 2361/2793/736 2376/2808/736
f 2354/2786/1071 2369/2801/1071 2370/2802/1071
f 2362/2794/361 2377/2809/361 2378/2810/361
f 2356/2788/952 2355/2787/952 2370/2802/952
f 2363/2795/363 2378/2810/363 2379/2811/363
f 2356/2788/364 2371/2803/364 2372/2804/364
f 2365/2797/1178 2364/2796/1178 2379/2811/1178
f 2357/2789/366 2372/2804/366 2373/2805/366
f 2378/2810/367 2377/2809/367 2392/2824/367
f 2370/2802/368 2385/2817/368 2386/2818/368
f 2379/2811/369 2378/2810/369 2393/2825/369
f 2371/2803/370 2386/2818/370 2387/2819/370
f 2379/2811/1180 2394/2826/1180 2395/2827/1180
f 2373/2805/372 2372/2804/372 2387/2819/372
f 2381/2813/373 2380/2812/373 2395/2827/373
f 2373/2805/1314 2388/2820/1314 2389/2821/1314
f 2382/2814/1181 2381/2813/1181 2396/2828/1181
f 2374/2806/376 2389/2821/376 2390/2822/376
f 2382/2814/1282 2397/2829/1282 2398/2830/1282
f 2375/2807/378 2390/2822/378 2391/2823/378
f 2377/2809/381 2376/2808/381 2391/2823/381
f 2370/2802/382 2369/2801/382 2384/2816/382
f 2397/2829/1075 2396/2828/1075 2411/2843/1075
f 2390/2822/745 2389/2821/745 2404/2836/745
f 2398/2830/385 2397/2829/385 2412/2844/385
f 2391/2823/747 2390/2822/747 2405/2837/747
f 2391/2823/389 2406/2838/389 2407/2839/389
f 2384/2816/749 2399/2831/749 2400/2832/749
f 2392/2824/391 2407/2839/391 2408/2840/391
f 2385/2817/750 2400/2832/750 2401/2833/750
f 2394/2826/1187 2393/2825/1187 2408/2840/1187
f 2387/2819/1899 2386/2818/1899 2401/2833/1899
f 2394/2826/395 2409/2841/395 2410/2842/395
f 2388/2820/1900 2387/2819/1900 2402/2834/1900
f 2395/2827/397 2410/2842/397 2411/2843/397
f 2388/2820/398 2403/2835/398 2404/2836/398
f 2401/2833/1901 2400/2832/1901 2416/2879/1901
f 2408/2840/1316 2424/2887/1316 2425/2888/1316
f 2401/2833/1191 2417/2880/1191 2418/2881/1191
f 2410/2842/1079 2409/2841/1079 2425/2888/1079
f 2402/2834/403 2418/2881/403 2419/2882/403
f 2411/2843/758 2410/2842/758 2426/2889/758
f 2404/2836/405 2403/2835/405 2419/2882/405
f 2411/2843/1902 2427/2890/1902 2428/2891/1902
f 2405/2837/761 2404/2836/761 2420/2883/761
f 2413/2845/408 2412/2844/408 2428/2891/408
f 2405/2837/409 2421/2884/409 2422/2885/409
f 2407/2839/412 2406/2838/412 2422/2885/412
f 2399/2831/765 2415/2878/765 2416/2879/765
f 2407/2839/414 2423/2886/414 2424/2887/414
f 2420/2883/415 2435/2898/415 2436/2899/415
f 2428/2891/969 2443/2906/969 2444/2907/969
f 2422/2885/417 2421/2884/417 2436/2899/417
f 2422/2885/420 2437/2900/420 2438/2901/420
f 2416/2879/421 2415/2878/421 2430/2893/421
f 2424/2887/1195 2423/2886/1195 2438/2901/1195
f 2416/2879/423 2431/2894/423 2432/2895/423
f 2424/2887/424 2439/2902/424 2440/2903/424
f 2417/2880/425 2432/2895/425 2433/2896/425
f 2425/2888/426 2440/2903/426 2441/2904/426
f 2419/2882/427 2418/2881/427 2433/2896/427
f 2427/2890/1197 2426/2889/1197 2441/2904/1197
f 2420/2883/429 2419/2882/429 2434/2897/429
f 2428/2891/1198 2427/2890/1198 2442/2905/1198
f 2440/2903/431 2439/2902/431 2454/2917/431
f 2433/2896/1393 2432/2895/1393 2447/2910/1393
f 2440/2903/433 2455/2918/433 2456/2919/433
f 2434/2897/1886 2433/2896/1886 2448/2911/1886
f 2441/2904/435 2456/2919/435 2457/2920/435
f 2434/2897/1199 2449/2912/1199 2450/2913/1199
f 2443/2906/437 2442/2905/437 2457/2920/437
f 2435/2898/1200 2450/2913/1200 2451/2914/1200
f 2443/2906/781 2458/2921/781 2459/2922/781
f 2437/2900/440 2436/2899/440 2451/2914/440
f 2437/2900/443 2452/2915/443 2453/2916/443
f 2431/2894/784 2430/2893/784 2445/2908/784
f 2439/2902/445 2438/2901/445 2453/2916/445
f 2431/2894/1085 2446/2909/1085 2447/2910/1085
f 2459/2922/1202 2458/2921/1202 2473/2949/1202
f 2452/2915/448 2451/2914/448 2466/2935/448
f 2452/2915/451 2467/2937/451 2468/2939/451
f 2445/2908/789 2460/2923/789 2461/2925/789
f 2454/2917/1287 2453/2916/1287 2468/2939/1287
f 2446/2909/791 2461/2925/791 2462/2927/791
f 2454/2917/1086 2469/2941/1086 2470/2943/1086
f 2448/2911/456 2447/2910/456 2462/2927/456
f 2456/2919/457 2455/2918/457 2470/2943/457
f 2448/2911/1572 2463/2929/1572 2464/2931/1572
f 2456/2919/459 2471/2945/459 2472/2947/459
f 2450/2913/460 2449/2912/460 2464/2931/460
f 2458/2921/461 2457/2920/461 2472/2947/461
f 2450/2913/979 2465/2933/979 2466/2935/979
f 2462/2928/463 2477/2955/463 2478/2956/463
f 2470/2944/464 2485/2963/464 2486/2964/464
f 2464/2932/1206 2463/2930/1206 2478/2956/1206
f 2472/2948/466 2471/2946/466 2486/2964/466
f 2464/2932/467 2479/2957/467 2480/2958/467
f 2472/2948/468 2487/2965/468 2488/2966/468
f 2466/2936/981 2465/2934/981 2480/2958/981
f 2473/2950/1209 2488/2966/1209 2489/2967/1209
f 2467/2938/471 2466/2936/471 2481/2959/471
f 2467/2938/474 2482/2960/474 2483/2961/474
f 2461/2926/807 2460/2924/807 2475/2953/807
f 2468/2940/1291 2483/2961/1291 2484/2962/1291
f 2462/2928/808 2461/2926/808 2476/2954/808
f 2470/2944/1087 2469/2942/1087 2484/2962/1087
f 2482/2960/479 2481/2959/479 2496/2974/479
f 2482/2960/1293 2497/2975/1293 2498/2976/1293
f 2475/2953/812 2490/2968/812 2491/2969/812
f 2483/2961/484 2498/2976/484 2499/2977/484
f 2477/2955/1089 2476/2954/1089 2491/2969/1089
f 2484/2962/486 2499/2977/486 2500/2978/486
f 2477/2955/1388 2492/2970/1388 2493/2971/1388
f 2486/2964/488 2485/2963/488 2500/2978/488
f 2478/2956/1887 2493/2971/1887 2494/2972/1887
f 2487/2965/490 2486/2964/490 2501/2979/490
f 2480/2958/1213 2479/2957/1213 2494/2972/1213
f 2487/2965/492 2502/2980/492 2503/2981/492
f 2481/2959/819 2480/2958/819 2495/2973/819
f 2489/2967/820 2488/2966/820 2503/2981/820
f 2501/2979/495 2500/2978/495 2515/2993/495
f 2493/2971/496 2508/2986/496 2509/2987/496
f 2501/2979/1216 2516/2994/1216 2517/2995/1216
f 2494/2972/498 2509/2987/498 2510/2988/498
f 2502/2980/1217 2517/2995/1217 2518/2996/1217
f 2496/2974/1218 2495/2973/1218 2510/2988/1218
f 2504/2982/987 2503/2981/987 2518/2996/987
f 2497/2975/502 2496/2974/502 2511/2989/502
f 2497/2975/505 2512/2990/505 2513/2991/505
f 2490/2968/506 2505/2983/506 2506/2984/506
f 2498/2976/507 2513/2991/507 2514/2992/507
f 2492/2970/508 2491/2969/508 2506/2984/508
f 2500/2978/509 2499/2977/509 2514/2992/509
f 2493/2971/510 2492/2970/510 2507/2985/510
f 2512/2990/828 2527/3005/828 2528/3006/828
f 2506/2984/829 2505/2983/829 2520/2998/829
f 2514/2992/514 2513/2991/514 2528/3006/514
f 2506/2984/1903 2521/2999/1903 2522/3000/1903
f 2515/2993/516 2514/2992/516 2529/3007/516
f 2508/2986/1095 2507/2985/1095 2522/3000/1095
f 2515/2993/1296 2530/3008/1296 2531/3009/1296
f 2509/2987/833 2508/2986/833 2523/3001/833
f 2516/2994/1224 2531/3009/1224 2532/3010/1224
f 2509/2987/1225 2524/3002/1225 2525/3003/1225
f 2518/2996/1904 2517/2995/1904 2532/3010/1904
f 2510/2988/523 2525/3003/523 2526/3004/523
f 2518/2996/524 2533/3011/524 2534/3012/524
f 2512/2990/525 2511/2989/525 2526/3004/525
f 2532/3010/527 2531/3009/527 2546/3024/527
f 2525/3003/528 2524/3002/528 2539/3017/528
f 2533/3011/1097 2532/3010/1097 2547/3025/1097
f 2525/3003/1321 2540/3018/1321 2541/3019/1321
f 2534/3012/1298 2533/3011/1298 2548/3026/1298
f 2526/3004/532 2541/3019/532 2542/3020/532
f 2528/3006/535 2527/3005/535 2542/3020/535
f 2520/2998/1549 2535/3013/1549 2536/3014/1549
f 2529/3007/537 2528/3006/537 2543/3021/537
f 2521/2999/1905 2536/3014/1905 2537/3015/1905
f 2529/3007/1231 2544/3022/1231 2545/3023/1231
f 2522/3000/1101 2537/3015/1101 2538/3016/1101
f 2531/3009/1102 2530/3008/1102 2545/3023/1102
f 2523/3001/1906 2538/3016/1906 2539/3017/1906
f 2536/3014/1003 2535/3013/1003 2550/3028/1003
f 2543/3021/544 2558/3036/544 2559/3037/544
f 2537/3015/545 2536/3014/545 2551/3029/545
f 2544/3022/546 2559/3037/546 2560/3038/546
f 2537/3015/1907 2552/3030/1907 2553/3031/1907
f 2546/3024/1234 2545/3023/1234 2560/3038/1234
f 2538/3016/549 2553/3031/549 2554/3032/549
f 2547/3025/550 2546/3024/550 2561/3039/550
f 2540/3018/1322 2539/3017/1322 2554/3032/1322
f 2547/3025/1299 2562/3040/1299 2563/3041/1299
f 2541/3019/553 2540/3018/553 2555/3033/553
f 2548/3026/1104 2563/3041/1104 2564/3042/1104
f 2542/3020/555 2541/3019/555 2556/3034/555
f 2542/3020/558 2557/3035/558 2558/3036/558
f 2554/3032/559 2569/3047/559 2570/3048/559
f 2562/3040/848 2577/3055/848 2578/3056/848
f 2555/3033/561 2570/3048/561 2571/3049/561
f 2563/3041/1107 2578/3056/1107 2579/3057/1107
f 2557/3035/563 2556/3034/563 2571/3049/563
f 2557/3035/1238 2572/3050/1238 2573/3051/1238
f 2551/3029/1110 2550/3028/1110 2565/3043/1110
f 2559/3037/853 2558/3036/853 2573/3051/853
f 2552/3030/854 2551/3029/854 2566/3044/854
f 2560/3038/570 2559/3037/570 2574/3052/570
f 2552/3030/571 2567/3045/571 2568/3046/571
f 2560/3038/1240 2575/3053/1240 2576/3054/1240
f 2554/3032/573 2553/3031/573 2568/3046/573
f 2562/3040/1758 2561/3039/1758 2576/3054/1758
f 2573/3051/575 2111/2512/575 2584/3062/575
f 2567/3045/576 2566/3044/576 2581/3059/576
f 2575/3053/577 2574/3052/577 2584/3062/577
f 2567/3045/578 2107/2508/578 2582/3060/578
f 2575/3053/579 2112/2513/579 2585/3063/579
f 2569/3047/1242 2568/3046/1242 2582/3060/1242
f 2577/3055/1243 2576/3054/1243 2585/3063/1243
f 2569/3047/582 2108/2509/582 2583/3061/582
f 2577/3055/1376 2586/3064/1376 2587/3065/1376
f 2571/3049/584 2570/3048/584 2583/3061/584
f 2579/3057/585 2578/3056/585 2587/3065/585
f 2572/3050/1244 2571/3049/1244 2109/2510/1244
f 2572/3050/1021 2110/2511/1021 2111/2512/1021
f 2565/3043/1908 2580/3058/1908 2581/3059/1908
f 2628/3119/65 2618/3109/65 2592/3076/65
f 2644/3139/66 2596/3080/66 2611/3099/66
f 2620/3111/67 2594/3078/67 2612/3100/67
f 2664/3163/68 2590/3070/68 2609/3096/68
f 2619/3110/69 2593/3077/69 2645/3141/69
f 2618/3108/70 2590/3071/70 2664/3162/70
f 2665/3164/68 2597/3082/68 2637/3130/68
f 2621/3112/67 2600/3085/67 2640/3133/67
f 2648/3145/71 2599/3084/71 2639/3132/71
f 2622/3113/65 2598/3083/65 2638/3131/65
f 2666/3165/68 2601/3086/68 2634/3126/68
f 2623/3114/67 2604/3090/67 2633/3124/67
f 2659/3156/1245 2650/3147/1245 2603/3089/1245
f 2624/3115/65 2602/3088/65 2631/3122/65
f 2625/3116/65 2605/3091/65 2613/3101/65
f 2656/3153/71 2651/3148/71 2606/3092/71
f 2626/3117/67 2607/3093/67 2615/3103/67
f 2667/3166/68 2608/3095/68 2616/3104/68
f 2668/3167/68 2609/3096/68 2601/3086/68
f 2627/3118/67 2612/3100/67 2604/3090/67
f 2654/3151/71 2611/3099/71 2603/3089/71
f 2624/3115/65 2628/3119/65 2610/3098/65
f 2669/3168/68 2616/3104/68 2589/3068/68
f 2629/3120/67 2615/3103/67 2593/3077/67
f 2656/3153/72 2614/3102/72 2595/3079/72
f 2630/3121/65 2613/3101/65 2591/3074/65
f 2616/3105/65 2630/3121/65 2617/3106/65
f 2595/3079/67 2614/3102/67 2629/3120/67
f 2609/3097/65 2628/3119/65 2624/3115/65
f 2611/3099/67 2627/3118/67 2623/3114/67
f 2614/3102/67 2606/3092/67 2626/3117/67
f 2608/3094/65 2625/3116/65 2630/3121/65
f 2601/3087/65 2624/3115/65 2635/3127/65
f 2632/3123/67 2603/3089/67 2623/3114/67
f 2597/3081/65 2622/3113/65 2641/3134/65
f 2599/3084/67 2621/3112/67 2642/3135/67
f 2592/3075/73 2618/3108/73 2680/3181/73
f 2595/3079/74 2619/3110/74 2658/3155/74
f 2596/3080/67 2620/3111/67 2627/3118/67
f 2590/3072/65 2618/3109/65 2628/3119/65
f 2632/3123/67 2636/3128/67 2621/3112/67
f 2634/3125/65 2635/3127/65 2622/3113/65
f 2635/3127/65 2631/3122/65 2598/3083/65
f 2659/3156/71 2632/3123/71 2599/3084/71
f 2636/3128/67 2633/3124/67 2600/3085/67
f 2671/3170/68 2634/3126/68 2597/3082/68
f 2639/3132/67 2642/3135/67 2626/3117/67
f 2637/3129/65 2641/3134/65 2625/3116/65
f 2625/3116/65 2641/3134/65 2638/3131/65
f 2661/3158/1246 2639/3132/1246 2606/3092/1246
f 2642/3135/67 2640/3133/67 2607/3093/67
f 2672/3171/68 2637/3130/68 2608/3095/68
f 2640/3133/68 2662/3159/68 2652/3149/68
f 2692/3195/1909 2661/3158/1909 2651/3148/1909
f 2633/3124/68 2660/3157/68 2647/3144/68
f 2691/3194/1247 2659/3156/1247 2648/3145/1247
f 2643/3136/74 2658/3155/74 2700/3205/74
f 2644/3138/73 2657/3154/73 2620/3111/73
f 2689/3192/72 2656/3153/72 2643/3137/72
f 2615/3103/68 2655/3152/68 2645/3140/68
f 2688/3191/71 2654/3151/71 2650/3147/71
f 2612/3100/68 2653/3150/68 2649/3146/68
f 2607/3093/68 2652/3149/68 2655/3152/68
f 2689/3192/71 2687/3190/71 2651/3148/71
f 2691/3194/77 2686/3189/77 2650/3147/77
f 2604/3090/68 2649/3146/68 2660/3157/68
f 2685/3188/1247 2648/3145/1247 2661/3158/1247
f 2600/3085/68 2647/3144/68 2662/3159/68
f 2657/3154/70 2646/3143/70 2594/3078/70
f 2658/3155/69 2645/3141/69 2684/3187/69
f 2594/3078/68 2646/3142/68 2653/3150/68
f 2683/3185/66 2644/3139/66 2654/3151/66
f 2592/3076/66 2673/3173/66 2678/3179/66
f 2670/3169/69 2674/3175/69 2589/3069/69
f 2598/3083/71 2675/3176/71 2682/3183/71
f 2602/3088/77 2676/3177/77 2681/3182/77
f 2605/3091/71 2677/3178/71 2679/3180/71
f 2610/3098/71 2678/3179/71 2676/3177/71
f 2613/3101/72 2679/3180/72 2663/3160/72
f 2663/3161/74 2670/3169/74 2617/3107/74
f 2631/3122/71 2681/3182/71 2675/3176/71
f 2638/3131/78 2682/3183/78 2677/3178/78
f 2702/3207/68 2672/3171/68 2667/3166/68
f 2701/3206/68 2671/3170/68 2665/3164/68
f 2673/3172/73 2680/3181/73 2690/3193/73
f 2699/3204/68 2669/3168/68 2674/3174/68
f 2698/3203/68 2668/3167/68 2666/3165/68
f 2697/3202/68 2667/3166/68 2669/3168/68
f 2696/3201/68 2666/3165/68 2671/3170/68
f 2695/3200/68 2665/3164/68 2672/3171/68
f 2680/3181/70 2664/3162/70 2694/3199/70
f 2694/3198/68 2664/3163/68 2668/3167/68
f 2646/3142/68 2694/3198/68 2698/3203/68
f 2690/3193/70 2694/3199/70 2646/3143/70
f 2647/3144/68 2695/3200/68 2702/3207/68
f 2649/3146/68 2696/3201/68 2701/3206/68
f 2652/3149/68 2697/3202/68 2699/3204/68
f 2653/3150/68 2698/3203/68 2696/3201/68
f 2655/3152/68 2699/3204/68 2684/3186/68
f 2683/3184/73 2690/3193/73 2657/3154/73
f 2660/3157/68 2701/3206/68 2695/3200/68
f 2662/3159/68 2702/3207/68 2697/3202/68
f 2673/3173/66 2683/3185/66 2688/3191/66
f 2700/3205/69 2684/3187/69 2674/3175/69
f 2675/3176/71 2685/3188/71 2692/3195/71
f 2676/3177/77 2686/3189/77 2691/3194/77
f 2677/3178/71 2687/3190/71 2689/3192/71
f 2678/3179/71 2688/3191/71 2686/3189/71
f 2679/3180/72 2689/3192/72 2693/3196/72
f 2693/3197/74 2700/3205/74 2670/3169/74
f 2681/3182/71 2691/3194/71 2685/3188/71
f 2682/3183/78 2692/3195/78 2687/3190/78
f 3176/3758/1910 2709/3214/1910 2710/3215/1910
f 3180/3762/80 2707/3212/80 2717/3222/80
f 2703/3208/81 3177/3759/81 2710/3215/81
f 2708/3213/591 3180/3762/591 2718/3223/591
f 2703/3208/592 2711/3216/592 2712/3217/592
f 2708/3213/84 2719/3224/84 2720/3225/84
f 2704/3209/85 3178/3760/85 2712/3217/85
f 3182/3764/1022 3181/3763/1022 2720/3225/1022
f 2704/3209/87 2713/3218/87 2714/3219/87
f 3182/3764/1249 2721/3226/1249 2722/3227/1249
f 3179/3761/89 2714/3219/89 2715/3220/89
f 3184/3766/1115 3183/3765/1115 2722/3227/1115
f 2705/3210/91 2715/3220/91 2716/3221/91
f 2707/3212/94 2706/3211/94 2716/3221/94
f 2717/3222/97 2716/3221/97 2731/3236/97
f 2709/3214/1028 2724/3229/1028 2725/3230/1028
f 2717/3222/99 2732/3237/99 2733/3238/99
f 2711/3216/1843 2710/3215/1843 2725/3230/1843
f 2719/3224/101 2718/3223/101 2733/3238/101
f 2711/3216/102 2726/3231/102 2727/3232/102
f 2720/3225/1303 2719/3224/1303 2734/3239/1303
f 2712/3217/104 2727/3232/104 2728/3233/104
f 2721/3226/873 2720/3225/873 2735/3240/873
f 2713/3218/604 2728/3233/604 2729/3234/604
f 2721/3226/107 2736/3241/107 2737/3242/107
f 2715/3220/108 2714/3219/108 2729/3234/108
f 2723/3228/1118 2722/3227/1118 2737/3242/1118
f 2715/3220/110 2730/3235/110 2731/3236/110
f 2727/3232/111 2742/3247/111 2743/3248/111
f 2736/3241/112 2735/3240/112 2750/3255/112
f 2729/3234/1305 2728/3233/1305 2743/3248/1305
f 2737/3242/114 2736/3241/114 2751/3256/114
f 2730/3235/1432 2729/3234/1432 2744/3249/1432
f 2737/3242/1891 2752/3257/1891 2753/3258/1891
f 2730/3235/117 2745/3250/117 2746/3251/117
f 2732/3237/120 2731/3236/120 2746/3251/120
f 2725/3230/121 2724/3229/121 2739/3244/121
f 2732/3237/611 2747/3252/611 2748/3253/611
f 2725/3230/123 2740/3245/123 2741/3246/123
f 2733/3238/124 2748/3253/124 2749/3254/124
f 2726/3231/125 2741/3246/125 2742/3247/125
f 2735/3240/613 2734/3239/613 2749/3254/613
f 2746/3251/127 2761/3266/127 2762/3267/127
f 2739/3244/128 2754/3259/128 2755/3260/128
f 2747/3252/1252 2762/3267/1252 2763/3268/1252
f 2740/3245/1371 2755/3260/1371 2756/3261/1371
f 2749/3254/131 2748/3253/131 2763/3268/131
f 2741/3246/1121 2756/3261/1121 2757/3262/1121
f 2750/3255/616 2749/3254/616 2764/3269/616
f 2742/3247/134 2757/3262/134 2758/3263/134
f 2751/3256/135 2750/3255/135 2765/3270/135
f 2743/3248/1122 2758/3263/1122 2759/3264/1122
f 2752/3257/1369 2751/3256/1369 2766/3271/1369
f 2745/3250/138 2744/3249/138 2759/3264/138
f 2753/3258/139 2752/3257/139 2767/3272/139
f 2746/3251/140 2745/3250/140 2760/3265/140
f 2766/3271/143 2765/3270/143 2780/3285/143
f 2759/3264/1911 2758/3263/1911 2773/3278/1911
f 2767/3272/145 2766/3271/145 2781/3286/145
f 2760/3265/146 2759/3264/146 2774/3279/146
f 2768/3273/1033 2767/3272/1033 2782/3287/1033
f 2760/3265/148 2775/3280/148 2776/3281/148
f 2762/3267/1125 2761/3266/1125 2776/3281/1125
f 2754/3259/152 2769/3274/152 2770/3275/152
f 2762/3267/628 2777/3282/628 2778/3283/628
f 2755/3260/629 2770/3275/629 2771/3276/629
f 2763/3268/630 2778/3283/630 2779/3284/630
f 2756/3261/156 2771/3276/156 2772/3277/156
f 2765/3270/893 2764/3269/893 2779/3284/893
f 2757/3262/1714 2772/3277/1714 2773/3278/1714
f 2769/3274/159 2785/3321/159 2786/3322/159
f 2778/3283/634 2777/3282/634 2793/3329/634
f 2771/3276/161 2770/3275/161 2786/3322/161
f 2778/3283/162 2794/3330/162 2795/3331/162
f 2771/3276/163 2787/3323/163 2788/3324/163
f 2779/3284/164 2795/3331/164 2796/3332/164
f 2773/3278/1258 2772/3277/1258 2788/3324/1258
f 2781/3286/166 2780/3285/166 2796/3332/166
f 2774/3279/167 2773/3278/167 2789/3325/167
f 2781/3286/1130 2797/3333/1130 2798/3334/1130
f 2774/3279/1037 2790/3326/1037 2791/3327/1037
f 2783/3288/641 2782/3287/641 2798/3334/641
f 2775/3280/171 2791/3327/171 2792/3328/171
f 2777/3282/174 2776/3281/174 2792/3328/174
f 2789/3325/1912 2804/3340/1912 2805/3341/1912
f 2797/3333/1259 2812/3348/1259 2813/3349/1259
f 2791/3327/177 2790/3326/177 2805/3341/177
f 2798/3334/178 2813/3349/178 2814/3350/178
f 2791/3327/179 2806/3342/179 2807/3343/179
f 2793/3329/898 2792/3328/898 2807/3343/898
f 2786/3322/183 2785/3321/183 2800/3336/183
f 2793/3329/184 2808/3344/184 2809/3345/184
f 2787/3323/1138 2786/3322/1138 2801/3337/1138
f 2795/3331/186 2794/3330/186 2809/3345/186
f 2788/3324/1260 2787/3323/1260 2802/3338/1260
f 2795/3331/1913 2810/3346/1913 2811/3347/1913
f 2789/3325/1914 2788/3324/1914 2803/3339/1914
f 2796/3332/1717 2811/3347/1717 2812/3348/1717
f 2809/3345/191 2808/3344/191 2823/3359/191
f 2801/3337/192 2816/3352/192 2817/3353/192
f 2810/3346/193 2809/3345/193 2824/3360/193
f 2803/3339/1357 2802/3338/1357 2817/3353/1357
f 2811/3347/1915 2810/3346/1915 2825/3361/1915
f 2803/3339/196 2818/3354/196 2819/3355/196
f 2811/3347/1142 2826/3362/1142 2827/3363/1142
f 2804/3340/1916 2819/3355/1916 2820/3356/1916
f 2813/3349/199 2812/3348/199 2827/3363/199
f 2805/3341/1917 2820/3356/1917 2821/3357/1917
f 2814/3350/201 2813/3349/201 2828/3364/201
f 2806/3342/1918 2821/3357/1918 2822/3358/1918
f 2808/3344/1508 2807/3343/1508 2822/3358/1508
f 2800/3336/1143 2815/3351/1143 2816/3352/1143
f 2827/3363/207 2842/3378/207 2843/3379/207
f 2821/3357/1919 2820/3356/1919 2835/3371/1919
f 2828/3364/209 2843/3379/209 2844/3380/209
f 2822/3358/1920 2821/3357/1920 2836/3372/1920
f 2822/3358/1506 2837/3373/1506 2838/3374/1506
f 2816/3352/1144 2815/3351/1144 2830/3366/1144
f 2823/3359/215 2838/3374/215 2839/3375/215
f 2817/3353/216 2816/3352/216 2831/3367/216
f 2824/3360/217 2839/3375/217 2840/3376/217
f 2817/3353/1350 2832/3368/1350 2833/3369/1350
f 2825/3361/1145 2840/3376/1145 2841/3377/1145
f 2819/3355/220 2818/3354/220 2833/3369/220
f 2827/3363/1147 2826/3362/1147 2841/3377/1147
f 2820/3356/1921 2819/3355/1921 2834/3370/1921
f 2839/3375/223 2854/3390/223 2855/3391/223
f 2832/3368/1349 2847/3383/1349 2848/3384/1349
f 2841/3377/1922 2840/3376/1922 2855/3391/1922
f 2833/3369/1923 2848/3384/1923 2849/3385/1923
f 2842/3378/1718 2841/3377/1718 2856/3392/1718
f 2835/3371/1924 2834/3370/1924 2849/3385/1924
f 2843/3379/1268 2842/3378/1268 2857/3393/1268
f 2836/3372/1047 2835/3371/1047 2850/3386/1047
f 2844/3380/231 2843/3379/231 2858/3394/231
f 2837/3373/232 2836/3372/232 2851/3387/232
f 2837/3373/911 2852/3388/911 2853/3389/911
f 2830/3366/236 2845/3381/236 2846/3382/236
f 2838/3374/237 2853/3389/237 2854/3390/237
f 2831/3367/1154 2846/3382/1154 2847/3383/1154
f 2858/3394/675 2873/3409/675 2874/3410/675
f 2852/3388/240 2851/3387/240 2866/3402/240
f 2852/3388/243 2867/3403/243 2868/3404/243
f 2846/3382/244 2845/3381/244 2860/3396/244
f 2853/3389/245 2868/3404/245 2869/3405/245
f 2846/3382/246 2861/3397/246 2862/3398/246
f 2855/3391/247 2854/3390/247 2869/3405/247
f 2848/3384/248 2847/3383/248 2862/3398/248
f 2856/3392/249 2855/3391/249 2870/3406/249
f 2848/3384/1495 2863/3399/1495 2864/3400/1495
f 2856/3392/251 2871/3407/251 2872/3408/251
f 2849/3385/252 2864/3400/252 2865/3401/252
f 2858/3394/1159 2857/3393/1159 2872/3408/1159
f 2851/3387/254 2850/3386/254 2865/3401/254
f 2863/3399/255 2862/3398/255 2877/3413/255
f 2870/3406/916 2885/3421/916 2886/3422/916
f 2864/3400/1721 2863/3399/1721 2878/3414/1721
f 2871/3407/258 2886/3422/258 2887/3423/258
f 2864/3400/1925 2879/3415/1925 2880/3416/1925
f 2872/3408/260 2887/3423/260 2888/3424/260
f 2865/3401/261 2880/3416/261 2881/3417/261
f 2873/3409/1052 2888/3424/1052 2889/3425/1052
f 2867/3403/263 2866/3402/263 2881/3417/263
f 2867/3403/1161 2882/3418/1161 2883/3419/1161
f 2861/3397/267 2860/3396/267 2875/3411/267
f 2869/3405/694 2868/3404/694 2883/3419/694
f 2862/3398/695 2861/3397/695 2876/3412/695
f 2870/3406/696 2869/3405/696 2884/3420/696
f 2881/3417/271 2896/3432/271 2897/3433/271
f 2883/3419/274 2882/3418/274 2897/3433/274
f 2876/3412/275 2875/3411/275 2890/3426/275
f 2884/3420/1163 2883/3419/1163 2898/3434/1163
f 2877/3413/1337 2876/3412/1337 2891/3427/1337
f 2884/3420/278 2899/3435/278 2900/3436/278
f 2878/3414/1054 2877/3413/1054 2892/3428/1054
f 2885/3421/700 2900/3436/700 2901/3437/700
f 2879/3415/281 2878/3414/281 2893/3429/281
f 2886/3422/282 2901/3437/282 2902/3438/282
f 2880/3416/1164 2879/3415/1164 2894/3430/1164
f 2887/3423/1336 2902/3438/1336 2903/3439/1336
f 2880/3416/285 2895/3431/285 2896/3432/285
f 2888/3424/286 2903/3439/286 2904/3440/286
f 2900/3436/704 2915/3451/704 2916/3452/704
f 2894/3430/288 2893/3429/288 2908/3444/288
f 2901/3437/289 2916/3452/289 2917/3453/289
f 2894/3430/1312 2909/3445/1312 2910/3446/1312
f 2902/3438/291 2917/3453/291 2918/3454/291
f 2895/3431/1275 2910/3446/1275 2911/3447/1275
f 2904/3440/1897 2903/3439/1897 2918/3454/1897
f 2897/3433/294 2896/3432/294 2911/3447/294
f 2897/3433/297 2912/3448/297 2913/3449/297
f 2890/3426/298 2905/3441/298 2906/3442/298
f 2899/3435/710 2898/3434/710 2913/3449/710
f 2892/3428/300 2891/3427/300 2906/3442/300
f 2900/3436/1167 2899/3435/1167 2914/3450/1167
f 2893/3429/302 2892/3428/302 2907/3443/302
f 2912/3448/1168 2927/3463/1168 2928/3464/1168
f 2906/3442/1059 2905/3441/1059 2920/3456/1059
f 2914/3450/307 2913/3449/307 2928/3464/307
f 2906/3442/1169 2921/3457/1169 2922/3458/1169
f 2914/3450/309 2929/3465/309 2930/3466/309
f 2908/3444/310 2907/3443/310 2922/3458/310
f 2915/3451/717 2930/3466/717 2931/3467/717
f 2909/3445/312 2908/3444/312 2923/3459/312
f 2916/3452/313 2931/3467/313 2932/3468/313
f 2910/3446/718 2909/3445/718 2924/3460/718
f 2918/3454/315 2917/3453/315 2932/3468/315
f 2910/3446/316 2925/3461/316 2926/3462/316
f 2918/3454/1171 2933/3469/1171 2934/3470/1171
f 2912/3448/1474 2911/3447/1474 2926/3462/1474
f 2923/3459/319 2938/3474/319 2939/3475/319
f 2931/3467/1172 2946/3482/1172 2947/3483/1172
f 2925/3461/321 2924/3460/321 2939/3475/321
f 2933/3469/1276 2932/3468/1276 2947/3483/1276
f 2926/3462/323 2925/3461/323 2940/3476/323
f 2933/3469/1406 2948/3484/1406 2949/3485/1406
f 2927/3463/325 2926/3462/325 2941/3477/325
f 2927/3463/328 2942/3478/328 2943/3479/328
f 2921/3457/940 2920/3456/940 2935/3471/940
f 2928/3464/330 2943/3479/330 2944/3480/330
f 2921/3457/331 2936/3472/331 2937/3473/331
f 2929/3465/723 2944/3480/723 2945/3481/723
f 2923/3459/333 2922/3458/333 2937/3473/333
f 2931/3467/334 2930/3466/334 2945/3481/334
f 2943/3479/335 2942/3478/335 2957/3493/335
f 2936/3472/1731 2935/3471/1731 2950/3486/1731
f 2943/3479/337 2958/3494/337 2959/3495/337
f 2936/3472/338 2951/3487/338 2952/3488/338
f 2945/3481/339 2944/3480/339 2959/3495/339
f 2937/3473/1466 2952/3488/1466 2953/3489/1466
f 2945/3481/341 2960/3496/341 2961/3497/341
f 2939/3475/726 2938/3474/726 2953/3489/726
f 2947/3483/1176 2946/3482/1176 2961/3497/1176
f 2939/3475/344 2954/3490/344 2955/3491/344
f 2948/3484/1177 2947/3483/1177 2962/3498/1177
f 2941/3477/346 2940/3476/346 2955/3491/346
f 2948/3484/347 2963/3499/347 2964/3500/347
f 2941/3477/348 2956/3492/348 2957/3493/348
f 2962/3498/945 2961/3497/945 2976/3512/945
f 2955/3491/731 2954/3490/731 2969/3505/731
f 2963/3499/732 2962/3498/732 2977/3513/732
f 2956/3492/354 2955/3491/354 2970/3506/354
f 2964/3500/1068 2963/3499/1068 2978/3514/1068
f 2956/3492/356 2971/3507/356 2972/3508/356
f 2958/3494/736 2957/3493/736 2972/3508/736
f 2950/3486/1926 2965/3501/1926 2966/3502/1926
f 2958/3494/361 2973/3509/361 2974/3510/361
f 2951/3487/738 2966/3502/738 2967/3503/738
f 2959/3495/363 2974/3510/363 2975/3511/363
f 2952/3488/364 2967/3503/364 2968/3504/364
f 2960/3496/1178 2975/3511/1178 2976/3512/1178
f 2954/3490/1072 2953/3489/1072 2968/3504/1072
f 2974/3510/1073 2973/3509/1073 2988/3524/1073
f 2966/3502/368 2981/3517/368 2982/3518/368
f 2975/3511/369 2974/3510/369 2989/3525/369
f 2967/3503/370 2982/3518/370 2983/3519/370
f 2975/3511/1180 2990/3526/1180 2991/3527/1180
f 2969/3505/372 2968/3504/372 2983/3519/372
f 2977/3513/373 2976/3512/373 2991/3527/373
f 2969/3505/1314 2984/3520/1314 2985/3521/1314
f 2978/3514/1181 2977/3513/1181 2992/3528/1181
f 2970/3506/1182 2985/3521/1182 2986/3522/1182
f 2979/3515/377 2978/3514/377 2993/3529/377
f 2971/3507/378 2986/3522/378 2987/3523/378
f 2973/3509/381 2972/3508/381 2987/3523/381
f 2965/3501/382 2980/3516/382 2981/3517/382
f 2993/3529/1075 2992/3528/1075 3007/3543/1075
f 2986/3522/745 2985/3521/745 3000/3536/745
f 2994/3530/385 2993/3529/385 3008/3544/385
f 2986/3522/747 3001/3537/747 3002/3538/747
f 2988/3524/389 2987/3523/389 3002/3538/389
f 2980/3516/749 2995/3531/749 2996/3532/749
f 2988/3524/391 3003/3539/391 3004/3540/391
f 2981/3517/1078 2996/3532/1078 2997/3533/1078
f 2990/3526/1187 2989/3525/1187 3004/3540/1187
f 2983/3519/1188 2982/3518/1188 2997/3533/1188
f 2990/3526/395 3005/3541/395 3006/3542/395
f 2984/3520/753 2983/3519/753 2998/3534/753
f 2991/3527/397 3006/3542/397 3007/3543/397
f 2984/3520/398 2999/3535/398 3000/3536/398
f 2997/3533/1927 2996/3532/1927 3012/3579/1927
f 3005/3541/400 3004/3540/400 3020/3587/400
f 2998/3534/1928 2997/3533/1928 3013/3580/1928
f 3006/3542/1079 3005/3541/1079 3021/3588/1079
f 2998/3534/1399 3014/3581/1399 3015/3582/1399
f 3006/3542/404 3022/3589/404 3023/3590/404
f 2999/3535/405 3015/3582/405 3016/3583/405
f 3007/3543/1902 3023/3590/1902 3024/3591/1902
f 3001/3537/407 3000/3536/407 3016/3583/407
f 3008/3544/1929 3024/3591/1929 3025/3592/1929
f 3001/3537/409 3017/3584/409 3018/3585/409
f 3003/3539/412 3002/3538/412 3018/3585/412
f 2996/3532/413 2995/3531/413 3011/3578/413
f 3003/3539/766 3019/3586/766 3020/3587/766
f 3016/3583/415 3031/3598/415 3032/3599/415
f 3024/3591/969 3039/3606/969 3040/3607/969
f 3018/3585/1741 3017/3584/1741 3032/3599/1741
f 3018/3585/420 3033/3600/420 3034/3601/420
f 3012/3579/421 3011/3578/421 3026/3593/421
f 3020/3587/1195 3019/3586/1195 3034/3601/1195
f 3012/3579/423 3027/3594/423 3028/3595/423
f 3021/3588/769 3020/3587/769 3035/3602/769
f 3013/3580/1930 3028/3595/1930 3029/3596/1930
f 3022/3589/426 3021/3588/426 3036/3603/426
f 3014/3581/427 3029/3596/427 3030/3597/427
f 3023/3590/1197 3022/3589/1197 3037/3604/1197
f 3015/3582/772 3030/3597/772 3031/3598/772
f 3024/3591/1198 3023/3590/1198 3038/3605/1198
f 3036/3603/431 3035/3602/431 3050/3617/431
f 3029/3596/432 3028/3595/432 3043/3610/432
f 3036/3603/1083 3051/3618/1083 3052/3619/1083
f 3030/3597/776 3029/3596/776 3044/3611/776
f 3037/3604/435 3052/3619/435 3053/3620/435
f 3030/3597/1199 3045/3612/1199 3046/3613/1199
f 3039/3606/779 3038/3605/779 3053/3620/779
f 3031/3598/1200 3046/3613/1200 3047/3614/1200
f 3039/3606/781 3054/3621/781 3055/3622/781
f 3033/3600/440 3032/3599/440 3047/3614/440
f 3033/3600/1931 3048/3615/1931 3049/3616/1931
f 3027/3594/784 3026/3593/784 3041/3608/784
f 3035/3602/445 3034/3601/445 3049/3616/445
f 3027/3594/446 3042/3609/446 3043/3610/446
f 3055/3622/447 3054/3621/447 3069/3649/447
f 3048/3615/448 3047/3614/448 3062/3635/448
f 3048/3615/788 3063/3637/788 3064/3639/788
f 3041/3608/789 3056/3623/789 3057/3625/789
f 3049/3616/1287 3064/3639/1287 3065/3641/1287
f 3042/3609/454 3057/3625/454 3058/3627/454
f 3050/3617/455 3065/3641/455 3066/3643/455
f 3043/3610/456 3058/3627/456 3059/3629/456
f 3052/3619/457 3051/3618/457 3066/3643/457
f 3044/3611/1572 3059/3629/1572 3060/3631/1572
f 3053/3620/794 3052/3619/794 3067/3645/794
f 3046/3613/460 3045/3612/460 3060/3631/460
f 3054/3621/461 3053/3620/461 3068/3647/461
f 3047/3614/462 3046/3613/462 3061/3633/462
f 3059/3630/463 3058/3628/463 3073/3655/463
f 3066/3644/464 3081/3663/464 3082/3664/464
f 3060/3632/1206 3059/3630/1206 3074/3656/1206
f 3067/3646/799 3082/3664/799 3083/3665/799
f 3060/3632/467 3075/3657/467 3076/3658/467
f 3068/3648/468 3083/3665/468 3084/3666/468
f 3061/3634/1208 3076/3658/1208 3077/3659/1208
f 3069/3650/470 3084/3666/470 3085/3667/470
f 3063/3638/471 3062/3636/471 3077/3659/471
f 3063/3638/806 3078/3660/806 3079/3661/806
f 3057/3626/807 3056/3624/807 3071/3653/807
f 3065/3642/1291 3064/3640/1291 3079/3661/1291
f 3058/3628/477 3057/3626/477 3072/3654/477
f 3066/3644/478 3065/3642/478 3080/3662/478
f 3077/3659/479 3092/3674/479 3093/3675/479
f 3079/3661/811 3078/3660/811 3093/3675/811
f 3071/3653/812 3086/3668/812 3087/3669/812
f 3079/3661/484 3094/3676/484 3095/3677/484
f 3073/3655/485 3072/3654/485 3087/3669/485
f 3080/3662/486 3095/3677/486 3096/3678/486
f 3073/3655/487 3088/3670/487 3089/3671/487
f 3082/3664/1090 3081/3663/1090 3096/3678/1090
f 3074/3656/815 3089/3671/815 3090/3672/815
f 3083/3665/490 3082/3664/490 3097/3679/490
f 3076/3658/1213 3075/3657/1213 3090/3672/1213
f 3083/3665/818 3098/3680/818 3099/3681/818
f 3077/3659/819 3076/3658/819 3091/3673/819
f 3085/3667/820 3084/3666/820 3099/3681/820
f 3096/3678/821 3111/3693/821 3112/3694/821
f 3090/3672/496 3089/3671/496 3104/3686/496
f 3097/3679/1216 3112/3694/1216 3113/3695/1216
f 3091/3673/822 3090/3672/822 3105/3687/822
f 3098/3680/1829 3113/3695/1829 3114/3696/1829
f 3092/3674/1218 3091/3673/1218 3106/3688/1218
f 3100/3682/987 3099/3681/987 3114/3696/987
f 3092/3674/988 3107/3689/988 3108/3690/988
f 3094/3676/505 3093/3675/505 3108/3690/505
f 3086/3668/1868 3101/3683/1868 3102/3684/1868
f 3094/3676/507 3109/3691/507 3110/3692/507
f 3088/3670/508 3087/3669/508 3102/3684/508
f 3095/3677/827 3110/3692/827 3111/3693/827
f 3089/3671/1932 3088/3670/1932 3103/3685/1932
f 3108/3690/828 3123/3705/828 3124/3706/828
f 3101/3683/513 3116/3698/513 3117/3699/513
f 3110/3692/830 3109/3691/830 3124/3706/830
f 3102/3684/1933 3117/3699/1933 3118/3700/1933
f 3110/3692/1094 3125/3707/1094 3126/3708/1094
f 3103/3685/517 3118/3700/517 3119/3701/517
f 3111/3693/1296 3126/3708/1296 3127/3709/1296
f 3105/3687/519 3104/3686/519 3119/3701/519
f 3113/3695/1934 3112/3694/1934 3127/3709/1934
f 3106/3688/1225 3105/3687/1225 3120/3702/1225
f 3114/3696/1904 3113/3695/1904 3128/3710/1904
f 3106/3688/1096 3121/3703/1096 3122/3704/1096
f 3115/3697/1448 3114/3696/1448 3129/3711/1448
f 3108/3690/525 3107/3689/525 3122/3704/525
f 3128/3710/527 3127/3709/527 3142/3724/527
f 3121/3703/528 3120/3702/528 3135/3717/528
f 3128/3710/1097 3143/3725/1097 3144/3726/1097
f 3121/3703/530 3136/3718/530 3137/3719/530
f 3129/3711/531 3144/3726/531 3145/3727/531
f 3123/3705/532 3122/3704/532 3137/3719/532
f 3123/3705/535 3138/3720/535 3139/3721/535
f 3117/3699/536 3116/3698/536 3131/3713/536
f 3125/3707/537 3124/3706/537 3139/3721/537
f 3118/3700/1100 3117/3699/1100 3132/3714/1100
f 3125/3707/1231 3140/3722/1231 3141/3723/1231
f 3118/3700/540 3133/3715/540 3134/3716/540
f 3127/3709/1102 3126/3708/1102 3141/3723/1102
f 3119/3701/842 3134/3716/842 3135/3717/842
f 3132/3714/1003 3131/3713/1003 3146/3728/1003
f 3139/3721/1103 3154/3736/1103 3155/3737/1103
f 3133/3715/545 3132/3714/545 3147/3729/545
f 3140/3722/546 3155/3737/546 3156/3738/546
f 3134/3716/547 3133/3715/547 3148/3730/547
f 3142/3724/1935 3141/3723/1935 3156/3738/1935
f 3134/3716/549 3149/3731/549 3150/3732/549
f 3142/3724/550 3157/3739/550 3158/3740/550
f 3136/3718/1322 3135/3717/1322 3150/3732/1322
f 3143/3725/1299 3158/3740/1299 3159/3741/1299
f 3137/3719/1235 3136/3718/1235 3151/3733/1235
f 3144/3726/1104 3159/3741/1104 3160/3742/1104
f 3138/3720/555 3137/3719/555 3152/3734/555
f 3138/3720/558 3153/3735/558 3154/3736/558
f 3150/3732/847 3165/3747/847 3166/3748/847
f 3158/3740/848 3173/3755/848 3174/3756/848
f 3151/3733/561 3166/3748/561 3167/3749/561
f 3159/3741/1107 3174/3756/1107 3175/3757/1107
f 3153/3735/563 3152/3734/563 3167/3749/563
f 3153/3735/1238 3168/3750/1238 3169/3751/1238
f 3147/3729/1110 3146/3728/1110 3161/3743/1110
f 3155/3737/853 3154/3736/853 3169/3751/853
f 3148/3730/854 3147/3729/854 3162/3744/854
f 3156/3738/570 3155/3737/570 3170/3752/570
f 3149/3731/571 3148/3730/571 3163/3745/571
f 3157/3739/1240 3156/3738/1240 3171/3753/1240
f 3149/3731/1111 3164/3746/1111 3165/3747/1111
f 3157/3739/857 3172/3754/857 3173/3755/857
f 3170/3752/575 3169/3751/575 2707/3212/575
f 3163/3745/576 3162/3744/576 3177/3759/576
f 3170/3752/577 3180/3762/577 2708/3213/577
f 3164/3746/1936 3163/3745/1936 2703/3208/1936
f 3172/3754/579 3171/3753/579 2708/3213/579
f 3164/3746/1242 3178/3760/1242 2704/3209/1242
f 3172/3754/1243 3181/3763/1243 3182/3764/1243
f 3166/3748/582 3165/3747/582 2704/3209/582
f 3173/3755/1112 3182/3764/1112 3183/3765/1112
f 3166/3748/584 3179/3761/584 2705/3210/584
f 3175/3757/585 3174/3756/585 3183/3765/585
f 3168/3750/1244 3167/3749/1244 2705/3210/1244
f 3168/3750/1021 2706/3211/1021 2707/3212/1021
f 3161/3743/1908 3176/3758/1908 3177/3759/1908
f 3659/4318/863 3658/4317/863 3191/3773/863
f 3662/4321/80 3189/3771/80 3199/3781/80
f 3659/4318/81 3192/3774/81 3193/3775/81
f 3662/4321/591 3200/3782/591 3201/3783/591
f 3660/4319/592 3185/3767/592 3193/3775/592
f 3663/4322/84 3190/3772/84 3201/3783/84
f 3660/4319/85 3194/3776/85 3195/3777/85
f 3663/4322/1022 3202/3784/1022 3203/3785/1022
f 3661/4320/87 3186/3768/87 3195/3777/87
f 3664/4323/1249 3203/3785/1249 3204/3786/1249
f 3661/4320/89 3196/3778/89 3197/3779/89
f 3665/4324/1115 3204/3786/1115 3205/3787/1115
f 3187/3769/91 3197/3779/91 3198/3780/91
f 3189/3771/94 3188/3770/94 3198/3780/94
f 3199/3781/97 3198/3780/97 3213/3795/97
f 3191/3773/1028 3206/3788/1028 3207/3789/1028
f 3199/3781/99 3214/3796/99 3215/3797/99
f 3193/3775/1843 3192/3774/1843 3207/3789/1843
f 3200/3782/101 3215/3797/101 3216/3798/101
f 3193/3775/102 3208/3790/102 3209/3791/102
f 3202/3784/1303 3201/3783/1303 3216/3798/1303
f 3194/3776/104 3209/3791/104 3210/3792/104
f 3203/3785/105 3202/3784/105 3217/3799/105
f 3196/3778/106 3195/3777/106 3210/3792/106
f 3203/3785/107 3218/3800/107 3219/3801/107
f 3197/3779/108 3196/3778/108 3211/3793/108
f 3205/3787/1118 3204/3786/1118 3219/3801/1118
f 3197/3779/110 3212/3794/110 3213/3795/110
f 3210/3792/1937 3209/3791/1937 3224/3806/1937
f 3218/3800/112 3217/3799/112 3232/3814/112
f 3210/3792/113 3225/3807/113 3226/3808/113
f 3219/3801/114 3218/3800/114 3233/3815/114
f 3212/3794/1432 3211/3793/1432 3226/3808/1432
f 3219/3801/1891 3234/3816/1891 3235/3817/1891
f 3212/3794/117 3227/3809/117 3228/3810/117
f 3214/3796/120 3213/3795/120 3228/3810/120
f 3207/3789/121 3206/3788/121 3221/3803/121
f 3214/3796/611 3229/3811/611 3230/3812/611
f 3207/3789/123 3222/3804/123 3223/3805/123
f 3216/3798/124 3215/3797/124 3230/3812/124
f 3208/3790/125 3223/3805/125 3224/3806/125
f 3216/3798/613 3231/3813/613 3232/3814/613
f 3229/3811/127 3228/3810/127 3243/3825/127
f 3221/3803/128 3236/3818/128 3237/3819/128
f 3229/3811/1252 3244/3826/1252 3245/3827/1252
f 3222/3804/1371 3237/3819/1371 3238/3820/1371
f 3231/3813/131 3230/3812/131 3245/3827/131
f 3224/3806/1121 3223/3805/1121 3238/3820/1121
f 3231/3813/616 3246/3828/616 3247/3829/616
f 3225/3807/1876 3224/3806/1876 3239/3821/1876
f 3232/3814/135 3247/3829/135 3248/3830/135
f 3225/3807/1122 3240/3822/1122 3241/3823/1122
f 3234/3816/1369 3233/3815/1369 3248/3830/1369
f 3227/3809/886 3226/3808/886 3241/3823/886
f 3235/3817/139 3234/3816/139 3249/3831/139
f 3227/3809/140 3242/3824/140 3243/3825/140
f 3248/3830/143 3247/3829/143 3262/3844/143
f 3241/3823/1911 3240/3822/1911 3255/3837/1911
f 3248/3830/145 3263/3845/145 3264/3846/145
f 3242/3824/146 3241/3823/146 3256/3838/146
f 3250/3832/1033 3249/3831/1033 3264/3846/1033
f 3242/3824/148 3257/3839/148 3258/3840/148
f 3244/3826/1125 3243/3825/1125 3258/3840/1125
f 3236/3818/627 3251/3833/627 3252/3834/627
f 3244/3826/628 3259/3841/628 3260/3842/628
f 3238/3820/1938 3237/3819/1938 3252/3834/1938
f 3245/3827/1126 3260/3842/1126 3261/3843/1126
f 3238/3820/156 3253/3835/156 3254/3836/156
f 3247/3829/893 3246/3828/893 3261/3843/893
f 3239/3821/1714 3254/3836/1714 3255/3837/1714
f 3252/3834/159 3251/3833/159 3267/3880/159
f 3260/3842/634 3259/3841/634 3275/3888/634
f 3252/3834/161 3268/3881/161 3269/3882/161
f 3260/3842/162 3276/3889/162 3277/3890/162
f 3253/3835/163 3269/3882/163 3270/3883/163
f 3261/3843/164 3277/3890/164 3278/3891/164
f 3255/3837/1258 3254/3836/1258 3270/3883/1258
f 3263/3845/166 3262/3844/166 3278/3891/166
f 3256/3838/167 3255/3837/167 3271/3884/167
f 3264/3846/1130 3263/3845/1130 3279/3892/1130
f 3256/3838/1037 3272/3885/1037 3273/3886/1037
f 3264/3846/641 3280/3893/641 3281/3894/641
f 3257/3839/171 3273/3886/171 3274/3887/171
f 3259/3841/174 3258/3840/174 3274/3887/174
f 3271/3884/175 3286/3899/175 3287/3900/175
f 3280/3893/1259 3279/3892/1259 3294/3907/1259
f 3273/3886/177 3272/3885/177 3287/3900/177
f 3280/3893/178 3295/3908/178 3296/3909/178
f 3273/3886/1360 3288/3901/1360 3289/3902/1360
f 3275/3888/1039 3274/3887/1039 3289/3902/1039
f 3268/3881/183 3267/3880/183 3282/3895/183
f 3275/3888/184 3290/3903/184 3291/3904/184
f 3268/3881/1138 3283/3896/1138 3284/3897/1138
f 3277/3890/186 3276/3889/186 3291/3904/186
f 3270/3883/1260 3269/3882/1260 3284/3897/1260
f 3277/3890/648 3292/3905/648 3293/3906/648
f 3271/3884/189 3270/3883/189 3285/3898/189
f 3278/3891/1041 3293/3906/1041 3294/3907/1041
f 3290/3903/191 3305/3918/191 3306/3919/191
f 3283/3896/192 3298/3911/192 3299/3912/192
f 3292/3905/193 3291/3904/193 3306/3919/193
f 3285/3898/194 3284/3897/194 3299/3912/194
f 3293/3906/1140 3292/3905/1140 3307/3920/1140
f 3285/3898/1262 3300/3913/1262 3301/3914/1262
f 3293/3906/1142 3308/3921/1142 3309/3922/1142
f 3286/3899/1894 3301/3914/1894 3302/3915/1894
f 3295/3908/199 3294/3907/199 3309/3922/199
f 3288/3901/1043 3287/3900/1043 3302/3915/1043
f 3296/3909/201 3295/3908/201 3310/3923/201
f 3288/3901/202 3303/3916/202 3304/3917/202
f 3290/3903/1508 3289/3902/1508 3304/3917/1508
f 3282/3895/1143 3297/3910/1143 3298/3911/1143
f 3309/3922/207 3324/3937/207 3325/3938/207
f 3303/3916/208 3302/3915/208 3317/3930/208
f 3310/3923/209 3325/3938/209 3326/3939/209
f 3304/3917/210 3303/3916/210 3318/3931/210
f 3304/3917/1506 3319/3932/1506 3320/3933/1506
f 3298/3911/1144 3297/3910/1144 3312/3925/1144
f 3305/3918/215 3320/3933/215 3321/3934/215
f 3299/3912/216 3298/3911/216 3313/3926/216
f 3307/3920/217 3306/3919/217 3321/3934/217
f 3299/3912/218 3314/3927/218 3315/3928/218
f 3307/3920/1145 3322/3935/1145 3323/3936/1145
f 3301/3914/1146 3300/3913/1146 3315/3928/1146
f 3309/3922/1147 3308/3921/1147 3323/3936/1147
f 3301/3914/222 3316/3929/222 3317/3930/222
f 3321/3934/223 3336/3949/223 3337/3950/223
f 3314/3927/1349 3329/3942/1349 3330/3943/1349
f 3323/3936/666 3322/3935/666 3337/3950/666
f 3315/3928/1619 3330/3943/1619 3331/3944/1619
f 3324/3937/1046 3323/3936/1046 3338/3951/1046
f 3317/3930/228 3316/3929/228 3331/3944/228
f 3324/3937/1268 3339/3952/1268 3340/3953/1268
f 3318/3931/1047 3317/3930/1047 3332/3945/1047
f 3326/3939/231 3325/3938/231 3340/3953/231
f 3319/3932/1346 3318/3931/1346 3333/3946/1346
f 3319/3932/235 3334/3947/235 3335/3948/235
f 3312/3925/236 3327/3940/236 3328/3941/236
f 3320/3933/237 3335/3948/237 3336/3949/237
f 3314/3927/1154 3313/3926/1154 3328/3941/1154
f 3341/3954/675 3340/3953/675 3355/3968/675
f 3334/3947/240 3333/3946/240 3348/3961/240
f 3334/3947/243 3349/3962/243 3350/3963/243
f 3327/3940/244 3342/3955/244 3343/3956/244
f 3335/3948/245 3350/3963/245 3351/3964/245
f 3329/3942/246 3328/3941/246 3343/3956/246
f 3337/3950/247 3336/3949/247 3351/3964/247
f 3330/3943/248 3329/3942/248 3344/3957/248
f 3338/3951/249 3337/3950/249 3352/3965/249
f 3330/3943/1495 3345/3958/1495 3346/3959/1495
f 3338/3951/251 3353/3966/251 3354/3967/251
f 3331/3944/252 3346/3959/252 3347/3960/252
f 3339/3952/1159 3354/3967/1159 3355/3968/1159
f 3333/3946/254 3332/3945/254 3347/3960/254
f 3345/3958/255 3344/3957/255 3359/3972/255
f 3352/3965/916 3367/3980/916 3368/3981/916
f 3346/3959/1721 3345/3958/1721 3360/3973/1721
f 3353/3966/258 3368/3981/258 3369/3982/258
f 3346/3959/1925 3361/3974/1925 3362/3975/1925
f 3355/3968/260 3354/3967/260 3369/3982/260
f 3347/3960/261 3362/3975/261 3363/3976/261
f 3355/3968/1052 3370/3983/1052 3371/3984/1052
f 3349/3962/263 3348/3961/263 3363/3976/263
f 3349/3962/1161 3364/3977/1161 3365/3978/1161
f 3343/3956/693 3342/3955/693 3357/3970/693
f 3351/3964/694 3350/3963/694 3365/3978/694
f 3343/3956/1939 3358/3971/1939 3359/3972/1939
f 3352/3965/1162 3351/3964/1162 3366/3979/1162
f 3363/3976/271 3378/3991/271 3379/3992/271
f 3365/3978/274 3364/3977/274 3379/3992/274
f 3358/3971/275 3357/3970/275 3372/3985/275
f 3366/3979/276 3365/3978/276 3380/3993/276
f 3359/3972/1337 3358/3971/1337 3373/3986/1337
f 3366/3979/278 3381/3994/278 3382/3995/278
f 3359/3972/1054 3374/3987/1054 3375/3988/1054
f 3368/3981/700 3367/3980/700 3382/3995/700
f 3360/3973/1883 3375/3988/1883 3376/3989/1883
f 3369/3982/282 3368/3981/282 3383/3996/282
f 3362/3975/1164 3361/3974/1164 3376/3989/1164
f 3369/3982/1336 3384/3997/1336 3385/3998/1336
f 3362/3975/928 3377/3990/928 3378/3991/928
f 3370/3983/286 3385/3998/286 3386/3999/286
f 3383/3996/704 3382/3995/704 3397/4010/704
f 3375/3988/1896 3390/4003/1896 3391/4004/1896
f 3384/3997/289 3383/3996/289 3398/4011/289
f 3377/3990/290 3376/3989/290 3391/4004/290
f 3384/3997/291 3399/4012/291 3400/4013/291
f 3378/3991/1275 3377/3990/1275 3392/4005/1275
f 3386/3999/1897 3385/3998/1897 3400/4013/1897
f 3379/3992/294 3378/3991/294 3393/4006/294
f 3379/3992/297 3394/4007/297 3395/4008/297
f 3372/3985/298 3387/4000/298 3388/4001/298
f 3380/3993/710 3395/4008/710 3396/4009/710
f 3374/3987/300 3373/3986/300 3388/4001/300
f 3381/3994/301 3396/4009/301 3397/4010/301
f 3374/3987/302 3389/4002/302 3390/4003/302
f 3394/4007/1168 3409/4022/1168 3410/4023/1168
f 3388/4001/1059 3387/4000/1059 3402/4015/1059
f 3396/4009/307 3395/4008/307 3410/4023/307
f 3389/4002/308 3388/4001/308 3403/4016/308
f 3397/4010/309 3396/4009/309 3411/4024/309
f 3389/4002/1334 3404/4017/1334 3405/4018/1334
f 3397/4010/717 3412/4025/717 3413/4026/717
f 3391/4004/312 3390/4003/312 3405/4018/312
f 3399/4012/1609 3398/4011/1609 3413/4026/1609
f 3391/4004/314 3406/4019/314 3407/4020/314
f 3399/4012/1726 3414/4027/1726 3415/4028/1726
f 3392/4005/316 3407/4020/316 3408/4021/316
f 3400/4013/1171 3415/4028/1171 3416/4029/1171
f 3394/4007/318 3393/4006/318 3408/4021/318
f 3406/4019/319 3405/4018/319 3420/4033/319
f 3414/4027/1172 3413/4026/1172 3428/4041/1172
f 3406/4019/321 3421/4034/321 3422/4035/321
f 3415/4028/1276 3414/4027/1276 3429/4042/1276
f 3408/4021/323 3407/4020/323 3422/4035/323
f 3415/4028/1406 3430/4043/1406 3431/4044/1406
f 3409/4022/325 3408/4021/325 3423/4036/325
f 3409/4022/328 3424/4037/328 3425/4038/328
f 3403/4016/940 3402/4015/940 3417/4030/940
f 3410/4023/330 3425/4038/330 3426/4039/330
f 3403/4016/331 3418/4031/331 3419/4032/331
f 3412/4025/942 3411/4024/942 3426/4039/942
f 3404/4017/333 3419/4032/333 3420/4033/333
f 3412/4025/334 3427/4040/334 3428/4041/334
f 3425/4038/335 3424/4037/335 3439/4052/335
f 3417/4030/1898 3432/4045/1898 3433/4046/1898
f 3426/4039/337 3425/4038/337 3440/4053/337
f 3419/4032/338 3418/4031/338 3433/4046/338
f 3426/4039/1940 3441/4054/1940 3442/4055/1940
f 3420/4033/340 3419/4032/340 3434/4047/340
f 3428/4041/341 3427/4040/341 3442/4055/341
f 3420/4033/726 3435/4048/726 3436/4049/726
f 3428/4041/1176 3443/4056/1176 3444/4057/1176
f 3422/4035/344 3421/4034/344 3436/4049/344
f 3429/4042/1177 3444/4057/1177 3445/4058/1177
f 3422/4035/346 3437/4050/346 3438/4051/346
f 3431/4044/1065 3430/4043/1065 3445/4058/1065
f 3423/4036/348 3438/4051/348 3439/4052/348
f 3444/4057/730 3443/4056/730 3458/4071/730
f 3437/4050/352 3436/4049/352 3451/4064/352
f 3444/4057/1067 3459/4072/1067 3460/4073/1067
f 3438/4051/354 3437/4050/354 3452/4065/354
f 3446/4059/1068 3445/4058/1068 3460/4073/1068
f 3438/4051/356 3453/4066/356 3454/4067/356
f 3440/4053/736 3439/4052/736 3454/4067/736
f 3432/4045/1071 3447/4060/1071 3448/4061/1071
f 3440/4053/361 3455/4068/361 3456/4069/361
f 3434/4047/952 3433/4046/952 3448/4061/952
f 3441/4054/363 3456/4069/363 3457/4070/363
f 3434/4047/364 3449/4062/364 3450/4063/364
f 3443/4056/1178 3442/4055/1178 3457/4070/1178
f 3435/4048/1072 3450/4063/1072 3451/4064/1072
f 3456/4069/367 3455/4068/367 3470/4083/367
f 3448/4061/368 3463/4076/368 3464/4077/368
f 3457/4070/369 3456/4069/369 3471/4084/369
f 3449/4062/370 3464/4077/370 3465/4078/370
f 3457/4070/1180 3472/4085/1180 3473/4086/1180
f 3451/4064/372 3450/4063/372 3465/4078/372
f 3459/4072/373 3458/4071/373 3473/4086/373
f 3451/4064/1314 3466/4079/1314 3467/4080/1314
f 3460/4073/1181 3459/4072/1181 3474/4087/1181
f 3452/4065/376 3467/4080/376 3468/4081/376
f 3460/4073/1282 3475/4088/1282 3476/4089/1282
f 3453/4066/378 3468/4081/378 3469/4082/378
f 3455/4068/381 3454/4067/381 3469/4082/381
f 3448/4061/382 3447/4060/382 3462/4075/382
f 3475/4088/1075 3474/4087/1075 3489/4102/1075
f 3468/4081/745 3467/4080/745 3482/4095/745
f 3476/4089/385 3475/4088/385 3490/4103/385
f 3469/4082/747 3468/4081/747 3483/4096/747
f 3469/4082/389 3484/4097/389 3485/4098/389
f 3462/4075/749 3477/4090/749 3478/4091/749
f 3470/4083/391 3485/4098/391 3486/4099/391
f 3463/4076/1078 3478/4091/1078 3479/4092/1078
f 3472/4085/1187 3471/4084/1187 3486/4099/1187
f 3465/4078/1188 3464/4077/1188 3479/4092/1188
f 3472/4085/395 3487/4100/395 3488/4101/395
f 3466/4079/753 3465/4078/753 3480/4093/753
f 3473/4086/397 3488/4101/397 3489/4102/397
f 3466/4079/398 3481/4094/398 3482/4095/398
f 3479/4092/1927 3478/4091/1927 3494/4138/1927
f 3486/4099/400 3502/4146/400 3503/4147/400
f 3479/4092/1191 3495/4139/1191 3496/4140/1191
f 3488/4101/1079 3487/4100/1079 3503/4147/1079
f 3480/4093/403 3496/4140/403 3497/4141/403
f 3489/4102/758 3488/4101/758 3504/4148/758
f 3482/4095/405 3481/4094/405 3497/4141/405
f 3489/4102/1902 3505/4149/1902 3506/4150/1902
f 3483/4096/761 3482/4095/761 3498/4142/761
f 3491/4104/408 3490/4103/408 3506/4150/408
f 3483/4096/409 3499/4143/409 3500/4144/409
f 3485/4098/412 3484/4097/412 3500/4144/412
f 3477/4090/765 3493/4137/765 3494/4138/765
f 3485/4098/766 3501/4145/766 3502/4146/766
f 3498/4142/415 3513/4157/415 3514/4158/415
f 3506/4150/969 3521/4165/969 3522/4166/969
f 3500/4144/417 3499/4143/417 3514/4158/417
f 3500/4144/420 3515/4159/420 3516/4160/420
f 3494/4138/421 3493/4137/421 3508/4152/421
f 3502/4146/1195 3501/4145/1195 3516/4160/1195
f 3494/4138/423 3509/4153/423 3510/4154/423
f 3502/4146/769 3517/4161/769 3518/4162/769
f 3495/4139/425 3510/4154/425 3511/4155/425
f 3503/4147/1941 3518/4162/1941 3519/4163/1941
f 3497/4141/427 3496/4140/427 3511/4155/427
f 3505/4149/1197 3504/4148/1197 3519/4163/1197
f 3498/4142/429 3497/4141/429 3512/4156/429
f 3506/4150/1198 3505/4149/1198 3520/4164/1198
f 3518/4162/431 3517/4161/431 3532/4176/431
f 3511/4155/1942 3510/4154/1942 3525/4169/1942
f 3518/4162/433 3533/4177/433 3534/4178/433
f 3512/4156/1943 3511/4155/1943 3526/4170/1943
f 3519/4163/435 3534/4178/435 3535/4179/435
f 3512/4156/1199 3527/4171/1199 3528/4172/1199
f 3521/4165/437 3520/4164/437 3535/4179/437
f 3513/4157/1200 3528/4172/1200 3529/4173/1200
f 3521/4165/781 3536/4180/781 3537/4181/781
f 3515/4159/440 3514/4158/440 3529/4173/440
f 3515/4159/1931 3530/4174/1931 3531/4175/1931
f 3509/4153/784 3508/4152/784 3523/4167/784
f 3517/4161/445 3516/4160/445 3531/4175/445
f 3509/4153/446 3524/4168/446 3525/4169/446
f 3537/4181/1202 3536/4180/1202 3551/4208/1202
f 3530/4174/448 3529/4173/448 3544/4194/448
f 3530/4174/451 3545/4196/451 3546/4198/451
f 3523/4167/789 3538/4182/789 3539/4184/789
f 3532/4176/1287 3531/4175/1287 3546/4198/1287
f 3524/4168/791 3539/4184/791 3540/4186/791
f 3532/4176/455 3547/4200/455 3548/4202/455
f 3526/4170/456 3525/4169/456 3540/4186/456
f 3534/4178/457 3533/4177/457 3548/4202/457
f 3526/4170/1572 3541/4188/1572 3542/4190/1572
f 3534/4178/459 3549/4204/459 3550/4206/459
f 3528/4172/460 3527/4171/460 3542/4190/460
f 3536/4180/461 3535/4179/461 3550/4206/461
f 3528/4172/979 3543/4192/979 3544/4194/979
f 3540/4187/463 3555/4214/463 3556/4215/463
f 3548/4203/464 3563/4222/464 3564/4223/464
f 3542/4191/1206 3541/4189/1206 3556/4215/1206
f 3550/4207/466 3549/4205/466 3564/4223/466
f 3542/4191/467 3557/4216/467 3558/4217/467
f 3550/4207/468 3565/4224/468 3566/4225/468
f 3544/4195/981 3543/4193/981 3558/4217/981
f 3551/4209/1209 3566/4225/1209 3567/4226/1209
f 3545/4197/471 3544/4195/471 3559/4218/471
f 3545/4197/474 3560/4219/474 3561/4220/474
f 3539/4185/807 3538/4183/807 3553/4212/807
f 3546/4199/1291 3561/4220/1291 3562/4221/1291
f 3540/4187/808 3539/4185/808 3554/4213/808
f 3548/4203/478 3547/4201/478 3562/4221/478
f 3560/4219/479 3559/4218/479 3574/4233/479
f 3560/4219/1293 3575/4234/1293 3576/4235/1293
f 3553/4212/812 3568/4227/812 3569/4228/812
f 3561/4220/484 3576/4235/484 3577/4236/484
f 3555/4214/485 3554/4213/485 3569/4228/485
f 3562/4221/486 3577/4236/486 3578/4237/486
f 3555/4214/1944 3570/4229/1944 3571/4230/1944
f 3564/4223/488 3563/4222/488 3578/4237/488
f 3556/4215/1945 3571/4230/1945 3572/4231/1945
f 3565/4224/490 3564/4223/490 3579/4238/490
f 3558/4217/1213 3557/4216/1213 3572/4231/1213
f 3565/4224/492 3580/4239/492 3581/4240/492
f 3559/4218/819 3558/4217/819 3573/4232/819
f 3567/4226/820 3566/4225/820 3581/4240/820
f 3579/4238/495 3578/4237/495 3593/4252/495
f 3571/4230/496 3586/4245/496 3587/4246/496
f 3579/4238/1216 3594/4253/1216 3595/4254/1216
f 3572/4231/498 3587/4246/498 3588/4247/498
f 3580/4239/1217 3595/4254/1217 3596/4255/1217
f 3574/4233/1218 3573/4232/1218 3588/4247/1218
f 3582/4241/987 3581/4240/987 3596/4255/987
f 3575/4234/502 3574/4233/502 3589/4248/502
f 3575/4234/505 3590/4249/505 3591/4250/505
f 3568/4227/506 3583/4242/506 3584/4243/506
f 3576/4235/507 3591/4250/507 3592/4251/507
f 3570/4229/508 3569/4228/508 3584/4243/508
f 3578/4237/827 3577/4236/827 3592/4251/827
f 3571/4230/510 3570/4229/510 3585/4244/510
f 3590/4249/828 3605/4264/828 3606/4265/828
f 3584/4243/829 3583/4242/829 3598/4257/829
f 3592/4251/830 3591/4250/830 3606/4265/830
f 3584/4243/1933 3599/4258/1933 3600/4259/1933
f 3593/4252/1094 3592/4251/1094 3607/4266/1094
f 3586/4245/1095 3585/4244/1095 3600/4259/1095
f 3593/4252/1296 3608/4267/1296 3609/4268/1296
f 3587/4246/833 3586/4245/833 3601/4260/833
f 3594/4253/1224 3609/4268/1224 3610/4269/1224
f 3587/4246/1225 3602/4261/1225 3603/4262/1225
f 3596/4255/1904 3595/4254/1904 3610/4269/1904
f 3588/4247/523 3603/4262/523 3604/4263/523
f 3596/4255/524 3611/4270/524 3612/4271/524
f 3590/4249/525 3589/4248/525 3604/4263/525
f 3610/4269/527 3609/4268/527 3624/4283/527
f 3603/4262/528 3602/4261/528 3617/4276/528
f 3611/4270/1097 3610/4269/1097 3625/4284/1097
f 3603/4262/530 3618/4277/530 3619/4278/530
f 3612/4271/1298 3611/4270/1298 3626/4285/1298
f 3604/4263/532 3619/4278/532 3620/4279/532
f 3606/4265/535 3605/4264/535 3620/4279/535
f 3598/4257/536 3613/4272/536 3614/4273/536
f 3607/4266/537 3606/4265/537 3621/4280/537
f 3599/4258/538 3614/4273/538 3615/4274/538
f 3607/4266/1231 3622/4281/1231 3623/4282/1231
f 3600/4259/540 3615/4274/540 3616/4275/540
f 3609/4268/1102 3608/4267/1102 3623/4282/1102
f 3601/4260/842 3616/4275/842 3617/4276/842
f 3614/4273/1003 3613/4272/1003 3628/4287/1003
f 3621/4280/544 3636/4295/544 3637/4296/544
f 3615/4274/545 3614/4273/545 3629/4288/545
f 3622/4281/546 3637/4296/546 3638/4297/546
f 3615/4274/547 3630/4289/547 3631/4290/547
f 3624/4283/1234 3623/4282/1234 3638/4297/1234
f 3616/4275/549 3631/4290/549 3632/4291/549
f 3625/4284/550 3624/4283/550 3639/4298/550
f 3618/4277/1322 3617/4276/1322 3632/4291/1322
f 3625/4284/1299 3640/4299/1299 3641/4300/1299
f 3619/4278/553 3618/4277/553 3633/4292/553
f 3626/4285/1104 3641/4300/1104 3642/4301/1104
f 3620/4279/555 3619/4278/555 3634/4293/555
f 3620/4279/558 3635/4294/558 3636/4295/558
f 3632/4291/559 3647/4306/559 3648/4307/559
f 3640/4299/848 3655/4314/848 3656/4315/848
f 3633/4292/561 3648/4307/561 3649/4308/561
f 3641/4300/1107 3656/4315/1107 3657/4316/1107
f 3635/4294/563 3634/4293/563 3649/4308/563
f 3635/4294/1238 3650/4309/1238 3651/4310/1238
f 3629/4288/1110 3628/4287/1110 3643/4302/1110
f 3637/4296/853 3636/4295/853 3651/4310/853
f 3630/4289/854 3629/4288/854 3644/4303/854
f 3638/4297/570 3637/4296/570 3652/4311/570
f 3630/4289/571 3645/4304/571 3646/4305/571
f 3638/4297/1240 3653/4312/1240 3654/4313/1240
f 3632/4291/573 3631/4290/573 3646/4305/573
f 3640/4299/1758 3639/4298/1758 3654/4313/1758
f 3651/4310/575 3189/3771/575 3662/4321/575
f 3645/4304/576 3644/4303/576 3659/4318/576
f 3653/4312/1946 3652/4311/1946 3662/4321/1946
f 3645/4304/578 3185/3767/578 3660/4319/578
f 3653/4312/579 3190/3772/579 3663/4322/579
f 3647/4306/1242 3646/4305/1242 3660/4319/1242
f 3655/4314/1243 3654/4313/1243 3663/4322/1243
f 3647/4306/582 3186/3768/582 3661/4320/582
f 3655/4314/1376 3664/4323/1376 3665/4324/1376
f 3649/4308/584 3648/4307/584 3661/4320/584
f 3657/4316/585 3656/4315/585 3665/4324/585
f 3650/4309/1244 3649/4308/1244 3187/3769/1244
f 3650/4309/1021 3188/3770/1021 3189/3771/1021
f 3643/4302/1908 3658/4317/1908 3659/4318/1908
f 3706/4378/65 3696/4368/65 3670/4335/65
f 3722/4398/1324 3674/4339/1324 3689/4358/1324
f 3698/4370/67 3672/4337/67 3690/4359/67
f 3742/4422/71 3668/4329/71 3687/4355/71
f 3697/4369/70 3671/4336/70 3723/4400/70
f 3696/4367/69 3668/4330/69 3742/4421/69
f 3743/4423/71 3675/4341/71 3715/4389/71
f 3699/4371/67 3678/4344/67 3718/4392/67
f 3726/4404/68 3677/4343/68 3717/4391/68
f 3700/4372/65 3676/4342/65 3716/4390/65
f 3744/4424/71 3679/4345/71 3712/4385/71
f 3701/4373/67 3682/4349/67 3711/4383/67
f 3737/4415/68 3728/4406/68 3681/4348/68
f 3702/4374/65 3680/4347/65 3709/4381/65
f 3703/4375/65 3683/4350/65 3691/4360/65
f 3734/4412/68 3729/4407/68 3684/4351/68
f 3704/4376/67 3685/4352/67 3693/4362/67
f 3745/4425/71 3686/4354/71 3694/4363/71
f 3746/4426/71 3687/4355/71 3679/4345/71
f 3705/4377/67 3690/4359/67 3682/4349/67
f 3732/4410/68 3689/4358/68 3681/4348/68
f 3702/4374/65 3706/4378/65 3688/4357/65
f 3747/4427/71 3694/4363/71 3667/4327/71
f 3707/4379/67 3693/4362/67 3671/4336/67
f 3734/4412/1325 3692/4361/1325 3673/4338/1325
f 3708/4380/65 3691/4360/65 3669/4333/65
f 3694/4364/65 3708/4380/65 3695/4365/65
f 3673/4338/67 3692/4361/67 3707/4379/67
f 3687/4356/65 3706/4378/65 3702/4374/65
f 3689/4358/67 3705/4377/67 3701/4373/67
f 3684/4351/67 3704/4376/67 3707/4379/67
f 3686/4353/65 3703/4375/65 3708/4380/65
f 3679/4346/65 3702/4374/65 3713/4386/65
f 3681/4348/67 3701/4373/67 3714/4387/67
f 3675/4340/65 3700/4372/65 3719/4393/65
f 3677/4343/67 3699/4371/67 3720/4394/67
f 3670/4334/1326 3696/4367/1326 3758/4440/1326
f 3673/4338/1327 3697/4369/1327 3736/4414/1327
f 3674/4339/67 3698/4370/67 3705/4377/67
f 3668/4331/65 3696/4368/65 3706/4378/65
f 3710/4382/67 3714/4387/67 3699/4371/67
f 3712/4384/65 3713/4386/65 3700/4372/65
f 3713/4386/65 3709/4381/65 3676/4342/65
f 3737/4415/68 3710/4382/68 3677/4343/68
f 3714/4387/67 3711/4383/67 3678/4344/67
f 3749/4429/71 3712/4385/71 3675/4341/71
f 3717/4391/67 3720/4394/67 3704/4376/67
f 3715/4388/65 3719/4393/65 3703/4375/65
f 3703/4375/65 3719/4393/65 3716/4390/65
f 3739/4417/68 3717/4391/68 3684/4351/68
f 3720/4394/67 3718/4392/67 3685/4352/67
f 3750/4430/71 3715/4389/71 3686/4354/71
f 3718/4392/71 3740/4418/71 3730/4408/71
f 3765/4449/1947 3770/4454/1947 3739/4417/1947
f 3711/4383/71 3738/4416/71 3725/4403/71
f 3769/4453/1328 3737/4415/1328 3726/4404/1328
f 3721/4395/1327 3736/4414/1327 3778/4464/1327
f 3722/4397/1326 3735/4413/1326 3698/4370/1326
f 3767/4451/1325 3734/4412/1325 3721/4396/1325
f 3693/4362/71 3733/4411/71 3723/4399/71
f 3766/4450/68 3732/4410/68 3728/4406/68
f 3690/4359/71 3731/4409/71 3727/4405/71
f 3685/4352/71 3730/4408/71 3733/4411/71
f 3767/4451/68 3765/4449/68 3729/4407/68
f 3764/4448/68 3728/4406/68 3737/4415/68
f 3682/4349/71 3727/4405/71 3738/4416/71
f 3763/4447/1328 3726/4404/1328 3739/4417/1328
f 3678/4344/71 3725/4403/71 3740/4418/71
f 3735/4413/69 3724/4402/69 3672/4337/69
f 3736/4414/70 3723/4400/70 3762/4446/70
f 3672/4337/71 3724/4401/71 3731/4409/71
f 3761/4444/1324 3722/4398/1324 3732/4410/1324
f 3670/4335/1324 3751/4432/1324 3756/4438/1324
f 3748/4428/70 3752/4434/70 3667/4328/70
f 3676/4342/68 3753/4435/68 3760/4442/68
f 3680/4347/1330 3754/4436/1330 3759/4441/1330
f 3683/4350/68 3755/4437/68 3757/4439/68
f 3688/4357/68 3756/4438/68 3754/4436/68
f 3691/4360/1325 3757/4439/1325 3741/4419/1325
f 3741/4420/1327 3748/4428/1327 3695/4366/1327
f 3709/4381/68 3759/4441/68 3753/4435/68
f 3716/4390/1331 3760/4442/1331 3755/4437/1331
f 3780/4466/71 3750/4430/71 3745/4425/71
f 3779/4465/71 3749/4429/71 3743/4423/71
f 3751/4431/1326 3758/4440/1326 3768/4452/1326
f 3777/4463/71 3747/4427/71 3752/4433/71
f 3776/4462/71 3746/4426/71 3744/4424/71
f 3775/4461/71 3745/4425/71 3747/4427/71
f 3774/4460/71 3744/4424/71 3749/4429/71
f 3773/4459/71 3743/4423/71 3750/4430/71
f 3758/4440/69 3742/4421/69 3772/4458/69
f 3772/4457/71 3742/4422/71 3746/4426/71
f 3724/4401/71 3772/4457/71 3776/4462/71
f 3768/4452/69 3772/4458/69 3724/4402/69
f 3725/4403/71 3773/4459/71 3780/4466/71
f 3727/4405/71 3774/4460/71 3779/4465/71
f 3730/4408/71 3775/4461/71 3777/4463/71
f 3731/4409/71 3776/4462/71 3774/4460/71
f 3733/4411/71 3777/4463/71 3762/4445/71
f 3761/4443/1326 3768/4452/1326 3735/4413/1326
f 3738/4416/71 3779/4465/71 3773/4459/71
f 3740/4418/71 3780/4466/71 3775/4461/71
f 3751/4432/1324 3761/4444/1324 3766/4450/1324
f 3778/4464/70 3762/4446/70 3752/4434/70
f 3753/4435/68 3763/4447/68 3770/4454/68
f 3754/4436/1330 3764/4448/1330 3769/4453/1330
f 3755/4437/68 3765/4449/68 3767/4451/68
f 3756/4438/68 3766/4450/68 3764/4448/68
f 3757/4439/1325 3767/4451/1325 3771/4455/1325
f 3771/4456/1327 3778/4464/1327 3748/4428/1327
f 3759/4441/68 3769/4453/68 3763/4447/68
f 3760/4442/1331 3770/4454/1331 3765/4449/1331
f 4254/5017/1948 3787/4473/1948 3788/4474/1948
f 4258/5021/323 3785/4471/323 3795/4481/323
f 3781/4467/1276 4255/5018/1276 3788/4474/1276
f 3786/4472/321 4258/5021/321 3796/4482/321
f 3781/4467/1172 3789/4475/1172 3790/4476/1172
f 3786/4472/319 3797/4483/319 3798/4484/319
f 3782/4468/334 4256/5019/334 3790/4476/334
f 4260/5023/333 4259/5022/333 3798/4484/333
f 3782/4468/723 3791/4477/723 3792/4478/723
f 4260/5023/331 3799/4485/331 3800/4486/331
f 4257/5020/330 3792/4478/330 3793/4479/330
f 4262/5025/329 4261/5024/329 3800/4486/329
f 3784/4470/328 3783/4469/328 3793/4479/328
f 3784/4470/325 3794/4480/325 3795/4481/325
f 3794/4480/318 3809/4495/318 3810/4496/318
f 3787/4473/1171 3802/4488/1171 3803/4489/1171
f 3795/4481/316 3810/4496/316 3811/4497/316
f 3789/4475/1726 3788/4474/1726 3803/4489/1726
f 3797/4483/718 3796/4482/718 3811/4497/718
f 3789/4475/1609 3804/4490/1609 3805/4491/1609
f 3797/4483/312 3812/4498/312 3813/4499/312
f 3791/4477/717 3790/4476/717 3805/4491/717
f 3799/4485/1334 3798/4484/1334 3813/4499/1334
f 3791/4477/309 3806/4492/309 3807/4493/309
f 3799/4485/308 3814/4500/308 3815/4501/308
f 3793/4479/307 3792/4478/307 3807/4493/307
f 3801/4487/1059 3800/4486/1059 3815/4501/1059
f 3794/4480/305 3793/4479/305 3808/4494/305
f 3805/4491/704 3820/4506/704 3821/4507/704
f 3814/4500/302 3813/4499/302 3828/4514/302
f 3806/4492/301 3821/4507/301 3822/4508/301
f 3815/4501/300 3814/4500/300 3829/4515/300
f 3808/4494/710 3807/4493/710 3822/4508/710
f 3815/4501/1949 3830/4516/1949 3831/4517/1949
f 3808/4494/297 3823/4509/297 3824/4510/297
f 3810/4496/294 3809/4495/294 3824/4510/294
f 3803/4489/293 3802/4488/293 3817/4503/293
f 3810/4496/1275 3825/4511/1275 3826/4512/1275
f 3803/4489/291 3818/4504/291 3819/4505/291
f 3812/4498/290 3811/4497/290 3826/4512/290
f 3804/4490/289 3819/4505/289 3820/4506/289
f 3813/4499/1483 3812/4498/1483 3827/4513/1483
f 3824/4510/271 3839/4525/271 3840/4526/271
f 3817/4503/286 3832/4518/286 3833/4519/286
f 3826/4512/285 3825/4511/285 3840/4526/285
f 3818/4504/284 3833/4519/284 3834/4520/284
f 3826/4512/283 3841/4527/283 3842/4528/283
f 3819/4505/282 3834/4520/282 3835/4521/282
f 3827/4513/1883 3842/4528/1883 3843/4529/1883
f 3821/4507/700 3820/4506/700 3835/4521/700
f 3829/4515/1054 3828/4514/1054 3843/4529/1054
f 3822/4508/926 3821/4507/926 3836/4522/926
f 3830/4516/277 3829/4515/277 3844/4530/277
f 3822/4508/276 3837/4523/276 3838/4524/276
f 3831/4517/275 3830/4516/275 3845/4531/275
f 3824/4510/274 3823/4509/274 3838/4524/274
f 3843/4529/255 3858/4544/255 3859/4545/255
f 3836/4522/1162 3851/4537/1162 3852/4538/1162
f 3845/4531/695 3844/4530/695 3859/4545/695
f 3837/4523/694 3852/4538/694 3853/4539/694
f 3845/4531/267 3860/4546/267 3861/4547/267
f 3839/4525/1161 3838/4524/1161 3853/4539/1161
f 3839/4525/263 3854/4540/263 3855/4541/263
f 3833/4519/1052 3832/4518/1052 3847/4533/1052
f 3841/4527/688 3840/4526/688 3855/4541/688
f 3833/4519/260 3848/4534/260 3849/4535/260
f 3842/4528/1925 3841/4527/1925 3856/4542/1925
f 3835/4521/1950 3834/4520/1950 3849/4535/1950
f 3842/4528/1721 3857/4543/1721 3858/4544/1721
f 3836/4522/256 3835/4521/256 3850/4536/256
f 3847/4533/675 3863/4580/675 3864/4581/675
f 3856/4542/254 3855/4541/254 3871/4588/254
f 3848/4534/1051 3864/4581/1051 3865/4582/1051
f 3857/4543/1050 3856/4542/1050 3872/4589/1050
f 3850/4536/251 3849/4535/251 3865/4582/251
f 3858/4544/1495 3857/4543/1495 3873/4590/1495
f 3850/4536/1157 3866/4583/1157 3867/4584/1157
f 3858/4544/248 3874/4591/248 3875/4592/248
f 3851/4537/247 3867/4584/247 3868/4585/247
f 3860/4546/246 3859/4545/246 3875/4592/246
f 3852/4538/245 3868/4585/245 3869/4586/245
f 3861/4547/244 3860/4546/244 3876/4593/244
f 3854/4540/1951 3853/4539/1951 3869/4586/1951
f 3854/4540/240 3870/4587/240 3871/4588/240
f 3867/4584/223 3882/4599/223 3883/4600/223
f 3875/4592/1154 3890/4607/1154 3891/4608/1154
f 3869/4586/237 3868/4585/237 3883/4600/237
f 3876/4593/236 3891/4608/236 3892/4609/236
f 3870/4587/1420 3869/4586/1420 3884/4601/1420
f 3870/4587/232 3885/4602/232 3886/4603/232
f 3864/4581/231 3863/4580/231 3878/4595/231
f 3871/4588/1047 3886/4603/1047 3887/4604/1047
f 3865/4582/1268 3864/4581/1268 3879/4596/1268
f 3873/4590/228 3872/4589/228 3887/4604/228
f 3865/4582/1718 3880/4597/1718 3881/4598/1718
f 3874/4591/1619 3873/4590/1619 3888/4605/1619
f 3866/4583/1952 3881/4598/1952 3882/4599/1952
f 3875/4592/665 3874/4591/665 3889/4606/665
f 3886/4603/1044 3901/4618/1044 3902/4619/1044
f 3879/4596/207 3894/4611/207 3895/4612/207
f 3887/4604/222 3902/4619/222 3903/4620/222
f 3881/4598/1267 3880/4597/1267 3895/4612/1267
f 3888/4605/1146 3903/4620/1146 3904/4621/1146
f 3882/4599/219 3881/4598/219 3896/4613/219
f 3889/4606/218 3904/4621/218 3905/4622/218
f 3883/4600/217 3882/4599/217 3897/4614/217
f 3891/4608/216 3890/4607/216 3905/4622/216
f 3884/4601/215 3883/4600/215 3898/4615/215
f 3891/4608/1144 3906/4623/1144 3907/4624/1144
f 3884/4601/1506 3899/4616/1506 3900/4617/1506
f 3886/4603/210 3885/4602/210 3900/4617/210
f 3879/4596/1421 3878/4595/1421 3893/4610/1421
f 3905/4622/192 3920/4637/192 3921/4638/192
f 3898/4615/191 3913/4630/191 3914/4631/191
f 3907/4624/1143 3906/4623/1143 3921/4638/1143
f 3900/4617/1508 3899/4616/1508 3914/4631/1508
f 3900/4617/202 3915/4632/202 3916/4633/202
f 3893/4610/1422 3908/4625/1422 3909/4626/1422
f 3902/4619/1043 3901/4618/1043 3916/4633/1043
f 3895/4612/199 3894/4611/199 3909/4626/199
f 3903/4620/198 3902/4619/198 3917/4634/198
f 3895/4612/903 3910/4627/903 3911/4628/903
f 3904/4621/1262 3903/4620/1262 3918/4635/1262
f 3896/4613/195 3911/4628/195 3912/4629/195
f 3905/4622/194 3904/4621/194 3919/4636/194
f 3897/4614/193 3912/4629/193 3913/4630/193
f 3917/4634/175 3932/4649/175 3933/4650/175
f 3911/4628/1717 3910/4627/1717 3925/4642/1717
f 3918/4635/1040 3933/4650/1040 3934/4651/1040
f 3912/4629/1953 3911/4628/1953 3926/4643/1953
f 3919/4636/647 3934/4651/647 3935/4652/647
f 3913/4630/186 3912/4629/186 3927/4644/186
f 3921/4638/1138 3920/4637/1138 3935/4652/1138
f 3914/4631/184 3913/4630/184 3928/4645/184
f 3922/4639/183 3921/4638/183 3936/4653/183
f 3914/4631/182 3929/4646/182 3930/4647/182
f 3916/4633/179 3915/4632/179 3930/4647/179
f 3908/4625/178 3923/4640/178 3924/4641/178
f 3916/4633/177 3931/4648/177 3932/4649/177
f 3909/4626/1259 3924/4641/1259 3925/4642/1259
f 3936/4653/159 3951/4668/159 3952/4669/159
f 3929/4646/1516 3944/4661/1516 3945/4662/1516
f 3931/4648/171 3930/4647/171 3945/4662/171
f 3924/4641/641 3923/4640/641 3938/4655/641
f 3931/4648/1037 3946/4663/1037 3947/4664/1037
f 3925/4642/1036 3924/4641/1036 3939/4656/1036
f 3932/4649/1626 3947/4664/1626 3948/4665/1626
f 3925/4642/166 3940/4657/166 3941/4658/166
f 3933/4650/1129 3948/4665/1129 3949/4666/1129
f 3927/4644/1128 3926/4643/1128 3941/4658/1128
f 3935/4652/163 3934/4651/163 3949/4666/163
f 3928/4645/162 3927/4644/162 3942/4659/162
f 3935/4652/161 3950/4667/161 3951/4668/161
f 3929/4646/634 3928/4645/634 3943/4660/634
f 3940/4657/1954 3955/4672/1954 3956/4673/1954
f 3949/4666/158 3948/4665/158 3963/4680/158
f 3941/4658/157 3956/4673/157 3957/4674/157
f 3950/4667/156 3949/4666/156 3964/4681/156
f 3943/4660/1126 3942/4659/1126 3957/4674/1126
f 3950/4667/629 3965/4682/629 3966/4683/629
f 3944/4661/628 3943/4660/628 3958/4675/628
f 3952/4669/152 3951/4668/152 3966/4683/152
f 3944/4661/1125 3959/4676/1125 3960/4677/1125
f 3946/4663/148 3945/4662/148 3960/4677/148
f 3938/4655/1033 3953/4670/1033 3954/4671/1033
f 3946/4663/622 3961/4678/622 3962/4679/622
f 3940/4657/1878 3939/4656/1878 3954/4671/1878
f 3947/4664/1911 3962/4679/1911 3963/4680/1911
f 3959/4676/127 3974/4691/127 3975/4692/127
f 3961/4678/140 3960/4677/140 3975/4692/140
f 3954/4671/139 3953/4670/139 3968/4685/139
f 3961/4678/138 3976/4693/138 3977/4694/138
f 3955/4672/137 3954/4671/137 3969/4686/137
f 3963/4680/136 3962/4679/136 3977/4694/136
f 3956/4673/135 3955/4672/135 3970/4687/135
f 3964/4681/1876 3963/4680/1876 3978/4695/1876
f 3956/4673/616 3971/4688/616 3972/4689/616
f 3964/4681/1121 3979/4696/1121 3980/4697/1121
f 3957/4674/883 3972/4689/883 3973/4690/883
f 3965/4682/882 3980/4697/882 3981/4698/882
f 3959/4676/129 3958/4675/129 3973/4690/129
f 3966/4683/128 3981/4698/128 3982/4699/128
f 3978/4695/1304 3993/4710/1304 3994/4711/1304
f 3972/4689/613 3971/4688/613 3986/4703/613
f 3979/4696/125 3994/4711/125 3995/4712/125
f 3973/4690/124 3972/4689/124 3987/4704/124
f 3980/4697/123 3995/4712/123 3996/4713/123
f 3973/4690/611 3988/4705/611 3989/4706/611
f 3982/4699/1955 3981/4698/1955 3996/4713/1955
f 3975/4692/120 3974/4691/120 3989/4706/120
f 3975/4692/117 3990/4707/117 3991/4708/117
f 3968/4685/1029 3983/4700/1029 3984/4701/1029
f 3977/4694/1432 3976/4693/1432 3991/4708/1432
f 3970/4687/114 3969/4686/114 3984/4701/114
f 3977/4694/113 3992/4709/113 3993/4710/113
f 3971/4688/112 3970/4687/112 3985/4702/112
f 3991/4708/110 3990/4707/110 4005/4722/110
f 3984/4701/1118 3983/4700/1118 3998/4715/1118
f 3992/4709/108 3991/4708/108 4006/4723/108
f 3984/4701/1117 3999/4716/1117 4000/4717/1117
f 3992/4709/604 4007/4724/604 4008/4725/604
f 3986/4703/105 3985/4702/105 4000/4717/105
f 3994/4711/104 3993/4710/104 4008/4725/104
f 3986/4703/1303 4001/4718/1303 4002/4719/1303
f 3994/4711/1251 4009/4726/1251 4010/4727/1251
f 3988/4705/101 3987/4704/101 4002/4719/101
f 3996/4713/100 3995/4712/100 4010/4727/100
f 3988/4705/99 4003/4720/99 4004/4721/99
f 3996/4713/1028 4011/4728/1028 4012/4729/1028
f 3989/4706/598 4004/4721/598 4005/4722/598
f 4001/4718/84 4016/4733/84 4017/4734/84
f 4009/4726/592 4024/4741/592 4025/4742/592
f 4003/4720/591 4002/4719/591 4017/4734/591
f 4011/4728/81 4010/4727/81 4025/4742/81
f 4004/4721/80 4003/4720/80 4018/4735/80
f 4011/4728/863 4026/4743/863 4027/4744/863
f 4004/4721/94 4019/4736/94 4020/4737/94
f 4006/4723/91 4005/4722/91 4020/4737/91
f 3999/4716/1434 3998/4715/1434 4013/4730/1434
f 4006/4723/89 4021/4738/89 4022/4739/89
f 3999/4716/1249 4014/4731/1249 4015/4732/1249
f 4007/4724/87 4022/4739/87 4023/4740/87
f 4001/4718/1022 4000/4717/1022 4015/4732/1022
f 4009/4726/85 4008/4725/85 4023/4740/85
f 4020/4737/1244 4035/4752/1244 4036/4753/1244
f 4013/4730/1956 4028/4745/1956 4029/4746/1956
f 4022/4739/584 4021/4738/584 4036/4753/584
f 4015/4732/1376 4014/4731/1376 4029/4746/1376
f 4023/4740/582 4022/4739/582 4037/4754/582
f 4015/4732/1243 4030/4747/1243 4031/4748/1243
f 4023/4740/1242 4038/4755/1242 4039/4756/1242
f 4017/4734/579 4016/4733/579 4031/4748/579
f 4025/4742/578 4024/4741/578 4039/4756/578
f 4017/4734/577 4032/4749/577 4033/4750/577
f 4025/4742/576 4040/4757/576 4041/4758/576
f 4018/4735/575 4033/4750/575 4034/4751/575
f 4027/4744/1890 4026/4743/1890 4041/4758/1890
f 4020/4737/1021 4019/4736/1021 4034/4751/1021
f 4040/4757/1239 4039/4756/1239 4054/4771/1239
f 4032/4749/570 4047/4764/570 4048/4765/570
f 4040/4757/854 4055/4772/854 4056/4773/854
f 4034/4751/853 4033/4750/853 4048/4765/853
f 4042/4759/1110 4041/4758/1110 4056/4773/1110
f 4035/4752/566 4034/4751/566 4049/4766/566
f 4035/4752/563 4050/4767/563 4051/4768/563
f 4028/4745/1107 4043/4760/1107 4044/4761/1107
f 4036/4753/561 4051/4768/561 4052/4769/561
f 4030/4747/848 4029/4746/848 4044/4761/848
f 4038/4755/847 4037/4754/847 4052/4769/847
f 4030/4747/1758 4045/4762/1758 4046/4763/1758
f 4038/4755/573 4053/4770/573 4054/4771/573
f 4032/4749/1300 4031/4748/1300 4046/4763/1300
f 4051/4768/553 4066/4783/553 4067/4784/553
f 4044/4761/1299 4059/4776/1299 4060/4777/1299
f 4053/4770/1322 4052/4769/1322 4067/4784/1322
f 4045/4762/550 4060/4777/550 4061/4778/550
f 4054/4771/1545 4053/4770/1545 4068/4785/1545
f 4046/4763/1234 4061/4778/1234 4062/4779/1234
f 4055/4772/547 4054/4771/547 4069/4786/547
f 4047/4764/546 4062/4779/546 4063/4780/546
f 4056/4773/545 4055/4772/545 4070/4787/545
f 4049/4766/1692 4048/4765/1692 4063/4780/1692
f 4056/4773/1752 4071/4788/1752 4072/4789/1752
f 4049/4766/558 4064/4781/558 4065/4782/558
f 4051/4768/555 4050/4767/555 4065/4782/555
f 4044/4761/1104 4043/4760/1104 4058/4775/1104
f 4071/4788/538 4070/4787/538 4085/4802/538
f 4063/4780/1957 4078/4795/1957 4079/4796/1957
f 4072/4789/536 4071/4788/536 4086/4803/536
f 4065/4782/535 4064/4781/535 4079/4796/535
f 4065/4782/532 4080/4797/532 4081/4798/532
f 4058/4775/531 4073/4790/531 4074/4791/531
f 4067/4784/1321 4066/4783/1321 4081/4798/1321
f 4059/4776/529 4074/4791/529 4075/4792/529
f 4067/4784/839 4082/4799/839 4083/4800/839
f 4060/4777/527 4075/4792/527 4076/4793/527
f 4068/4785/842 4083/4800/842 4084/4801/842
f 4062/4779/1102 4061/4778/1102 4076/4793/1102
f 4070/4787/540 4069/4786/540 4084/4801/540
f 4063/4780/539 4062/4779/539 4077/4794/539
f 4074/4791/1904 4090/4838/1904 4091/4839/1904
f 4083/4800/1225 4082/4799/1225 4098/4846/1225
f 4076/4793/1224 4075/4792/1224 4091/4839/1224
f 4083/4800/1381 4099/4847/1381 4100/4848/1381
f 4077/4794/1888 4076/4793/1888 4092/4840/1888
f 4084/4801/517 4100/4848/517 4101/4849/517
f 4077/4794/516 4093/4841/516 4094/4842/516
f 4086/4803/515 4085/4802/515 4101/4849/515
f 4078/4795/514 4094/4842/514 4095/4843/514
f 4086/4803/1958 4102/4850/1958 4103/4851/1958
f 4080/4797/828 4079/4796/828 4095/4843/828
f 4080/4797/525 4096/4844/525 4097/4845/525
f 4074/4791/524 4073/4790/524 4089/4837/524
f 4082/4799/1959 4081/4798/1959 4097/4845/1959
f 4094/4842/826 4109/4857/826 4110/4858/826
f 4103/4851/506 4102/4850/506 4117/4865/506
f 4096/4844/1960 4095/4843/1960 4110/4858/1960
f 4096/4844/502 4111/4859/502 4112/4860/502
f 4089/4837/987 4104/4852/987 4105/4853/987
f 4098/4846/1218 4097/4845/1218 4112/4860/1218
f 4090/4838/1829 4105/4853/1829 4106/4854/1829
f 4099/4847/1092 4098/4846/1092 4113/4861/1092
f 4092/4840/1216 4091/4839/1216 4106/4854/1216
f 4100/4848/496 4099/4847/496 4114/4862/496
f 4092/4840/986 4107/4855/986 4108/4856/986
f 4100/4848/510 4115/4863/510 4116/4864/510
f 4093/4841/827 4108/4856/827 4109/4857/827
f 4102/4850/508 4101/4849/508 4116/4864/508
f 4114/4862/1213 4113/4861/1213 4128/4876/1213
f 4106/4854/1961 4121/4869/1961 4122/4870/1961
f 4115/4863/815 4114/4862/815 4129/4877/815
f 4107/4855/1962 4122/4870/1962 4123/4871/1962
f 4116/4864/487 4115/4863/487 4130/4878/487
f 4108/4856/486 4123/4871/486 4124/4872/486
f 4116/4864/1089 4131/4879/1089 4132/4880/1089
f 4109/4857/484 4124/4872/484 4125/4873/484
f 4117/4865/812 4132/4880/812 4133/4881/812
f 4111/4859/1293 4110/4858/1293 4125/4873/1293
f 4111/4859/1292 4126/4874/1292 4127/4875/1292
f 4105/4853/820 4104/4852/820 4119/4867/820
f 4113/4861/819 4112/4860/819 4127/4875/819
f 4106/4854/818 4105/4853/818 4120/4868/818
f 4132/4880/475 4147/4908/475 4148/4910/475
f 4126/4874/806 4125/4873/806 4140/4894/806
f 4126/4874/471 4141/4896/471 4142/4898/471
f 4120/4868/470 4119/4867/470 4134/4882/470
f 4127/4875/1208 4142/4898/1208 4143/4900/1208
f 4120/4868/801 4135/4884/801 4136/4886/801
f 4128/4876/467 4143/4900/467 4144/4902/467
f 4122/4870/1963 4121/4869/1963 4136/4886/1963
f 4129/4877/1206 4144/4902/1206 4145/4904/1206
f 4123/4871/1745 4122/4870/1745 4137/4888/1745
f 4130/4878/463 4145/4904/463 4146/4906/463
f 4124/4872/478 4123/4871/478 4138/4890/478
f 4132/4880/808 4131/4879/808 4146/4906/808
f 4125/4873/1291 4124/4872/1291 4139/4892/1291
f 4136/4887/1964 4151/4914/1964 4152/4915/1964
f 4145/4905/1572 4144/4903/1572 4159/4922/1572
f 4137/4889/1744 4152/4915/1744 4153/4916/1744
f 4146/4907/456 4145/4905/456 4160/4923/456
f 4138/4891/455 4153/4916/455 4154/4917/455
f 4146/4907/791 4161/4924/791 4162/4925/791
f 4139/4893/1287 4154/4917/1287 4155/4918/1287
f 4148/4911/452 4147/4909/452 4162/4925/452
f 4141/4897/451 4140/4895/451 4155/4918/451
f 4141/4897/448 4156/4919/448 4157/4920/448
f 4134/4883/447 4149/4912/447 4150/4913/447
f 4143/4901/462 4142/4899/462 4157/4920/462
f 4136/4887/796 4135/4885/796 4150/4913/796
f 4144/4903/460 4143/4901/460 4158/4921/460
f 4155/4918/783 4170/4933/783 4171/4934/783
f 4157/4920/1286 4156/4919/1286 4171/4934/1286
f 4149/4912/781 4164/4927/781 4165/4928/781
f 4157/4920/1200 4172/4935/1200 4173/4936/1200
f 4150/4913/779 4165/4928/779 4166/4929/779
f 4158/4921/1199 4173/4936/1199 4174/4937/1199
f 4152/4915/1965 4151/4914/1965 4166/4929/1965
f 4159/4922/776 4174/4937/776 4175/4938/776
f 4153/4916/1966 4152/4915/1966 4167/4930/1966
f 4160/4923/432 4175/4938/432 4176/4939/432
f 4154/4917/431 4153/4916/431 4168/4931/431
f 4162/4925/1085 4161/4924/1085 4176/4939/1085
f 4155/4918/445 4154/4917/445 4169/4932/445
f 4163/4926/784 4162/4925/784 4177/4940/784
f 4174/4937/427 4189/4952/427 4190/4953/427
f 4168/4931/770 4167/4930/770 4182/4945/770
f 4176/4939/425 4175/4938/425 4190/4953/425
f 4169/4932/769 4168/4931/769 4183/4946/769
f 4176/4939/423 4191/4954/423 4192/4955/423
f 4170/4933/422 4169/4932/422 4184/4947/422
f 4177/4940/421 4192/4955/421 4193/4956/421
f 4170/4933/1284 4185/4948/1284 4186/4949/1284
f 4172/4935/417 4171/4934/417 4186/4949/417
f 4165/4928/969 4164/4927/969 4179/4942/969
f 4172/4935/415 4187/4950/415 4188/4951/415
f 4166/4929/1819 4165/4928/1819 4180/4943/1819
f 4173/4936/1082 4188/4951/1082 4189/4952/1082
f 4166/4929/1197 4181/4944/1197 4182/4945/1197
f 4187/4950/409 4186/4949/409 4201/4964/409
f 4179/4942/408 4194/4957/408 4195/4958/408
f 4187/4950/1740 4202/4965/1740 4203/4966/1740
f 4181/4944/1902 4180/4943/1902 4195/4958/1902
f 4188/4951/405 4203/4966/405 4204/4967/405
f 4181/4944/1967 4196/4959/1967 4197/4960/1967
f 4190/4953/403 4189/4952/403 4204/4967/403
f 4182/4945/402 4197/4960/402 4198/4961/402
f 4191/4954/1191 4190/4953/1191 4205/4968/1191
f 4184/4947/1316 4183/4946/1316 4198/4961/1316
f 4191/4954/399 4206/4969/399 4207/4970/399
f 4185/4948/414 4184/4947/414 4199/4962/414
f 4193/4956/1968 4192/4955/1968 4207/4970/1968
f 4185/4948/412 4200/4963/412 4201/4964/412
f 4205/4968/1188 4220/4983/1188 4221/4984/1188
f 4198/4961/393 4213/4976/393 4214/4977/393
f 4206/4969/392 4221/4984/392 4222/4985/392
f 4200/4963/1969 4199/4962/1969 4214/4977/1969
f 4207/4970/749 4222/4985/749 4223/4986/749
f 4200/4963/389 4215/4978/389 4216/4979/389
f 4202/4965/747 4201/4964/747 4216/4979/747
f 4195/4958/385 4194/4957/385 4209/4972/385
f 4202/4965/384 4217/4980/384 4218/4981/384
f 4196/4959/383 4195/4958/383 4210/4973/383
f 4204/4967/398 4203/4966/398 4218/4981/398
f 4197/4960/397 4196/4959/397 4211/4974/397
f 4205/4968/753 4204/4967/753 4219/4982/753
f 4197/4960/395 4212/4975/395 4213/4976/395
f 4209/4972/377 4224/4987/377 4225/4988/377
f 4218/4981/376 4217/4980/376 4232/4995/376
f 4211/4974/1181 4210/4973/1181 4225/4988/1181
f 4218/4981/1314 4233/4996/1314 4234/4997/1314
f 4212/4975/373 4211/4974/373 4226/4989/373
f 4219/4982/1597 4234/4997/1597 4235/4998/1597
f 4213/4976/1180 4212/4975/1180 4227/4990/1180
f 4220/4983/370 4235/4998/370 4236/4999/370
f 4214/4977/369 4213/4976/369 4228/4991/369
f 4221/4984/368 4236/4999/368 4237/5000/368
f 4214/4977/1073 4229/4992/1073 4230/4993/1073
f 4223/4986/1970 4222/4985/1970 4237/5000/1970
f 4216/4979/381 4215/4978/381 4230/4993/381
f 4216/4979/378 4231/4994/378 4232/4995/378
f 4229/4992/363 4228/4991/363 4243/5006/363
f 4237/5000/738 4236/4999/738 4251/5014/738
f 4229/4992/361 4244/5007/361 4245/5008/361
f 4237/5000/1071 4252/5015/1071 4253/5016/1071
f 4230/4993/736 4245/5008/736 4246/5009/736
f 4232/4995/1463 4231/4994/1463 4246/5009/1463
f 4225/4988/1068 4224/4987/1068 4239/5002/1068
f 4233/4996/354 4232/4995/354 4247/5010/354
f 4225/4988/732 4240/5003/732 4241/5004/732
f 4233/4996/731 4248/5011/731 4249/5012/731
f 4227/4990/730 4226/4989/730 4241/5004/730
f 4235/4998/366 4234/4997/366 4249/5012/366
f 4227/4990/1281 4242/5005/1281 4243/5006/1281
f 4235/4998/953 4250/5013/953 4251/5014/953
f 4247/5010/346 3785/4471/346 4258/5021/346
f 4240/5003/1177 4255/5018/1177 3781/4467/1177
f 4248/5011/344 4258/5021/344 3786/4472/344
f 4242/5005/1176 4241/5004/1176 3781/4467/1176
f 4250/5013/726 4249/5012/726 3786/4472/726
f 4242/5005/341 4256/5019/341 3782/4468/341
f 4250/5013/340 4259/5022/340 4260/5023/340
f 4244/5007/339 4243/5006/339 3782/4468/339
f 4252/5015/1277 4251/5014/1277 4260/5023/1277
f 4245/5008/337 4244/5007/337 4257/5020/337
f 4252/5015/336 4261/5024/336 4262/5025/336
f 4246/5009/335 4245/5008/335 3783/4469/335
f 4246/5009/348 3784/4470/348 3785/4471/348
f 4240/5003/1065 4239/5002/1065 4254/5017/1065
f 4736/5576/1173 4269/5032/1173 4270/5033/1173
f 4740/5580/323 4267/5030/323 4277/5040/323
f 4263/5026/1276 4737/5577/1276 4270/5033/1276
f 4268/5031/321 4740/5580/321 4278/5041/321
f 4263/5026/720 4271/5034/720 4272/5035/720
f 4268/5031/319 4279/5042/319 4280/5043/319
f 4264/5027/334 4738/5578/334 4272/5035/334
f 4742/5582/333 4741/5581/333 4280/5043/333
f 4264/5027/942 4273/5036/942 4274/5037/942
f 4742/5582/331 4281/5044/331 4282/5045/331
f 4739/5579/330 4274/5037/330 4275/5038/330
f 4744/5584/940 4743/5583/940 4282/5045/940
f 4266/5029/328 4265/5028/328 4275/5038/328
f 4266/5029/325 4276/5039/325 4277/5040/325
f 4276/5039/318 4291/5054/318 4292/5055/318
f 4270/5033/1971 4269/5032/1971 4284/5047/1971
f 4277/5040/316 4292/5055/316 4293/5056/316
f 4271/5034/1726 4270/5033/1726 4285/5048/1726
f 4279/5042/314 4278/5041/314 4293/5056/314
f 4271/5034/1609 4286/5049/1609 4287/5050/1609
f 4279/5042/312 4294/5057/312 4295/5058/312
f 4273/5036/717 4272/5035/717 4287/5050/717
f 4281/5044/310 4280/5043/310 4295/5058/310
f 4273/5036/309 4288/5051/309 4289/5052/309
f 4281/5044/1169 4296/5059/1169 4297/5060/1169
f 4275/5038/307 4274/5037/307 4289/5052/307
f 4282/5045/1059 4297/5060/1059 4298/5061/1059
f 4276/5039/1168 4275/5038/1168 4290/5053/1168
f 4287/5050/704 4302/5065/704 4303/5066/704
f 4296/5059/302 4295/5058/302 4310/5073/302
f 4288/5051/301 4303/5066/301 4304/5067/301
f 4297/5060/300 4296/5059/300 4311/5074/300
f 4290/5053/299 4289/5052/299 4304/5067/299
f 4297/5060/298 4312/5075/298 4313/5076/298
f 4290/5053/297 4305/5068/297 4306/5069/297
f 4292/5055/294 4291/5054/294 4306/5069/294
f 4285/5048/707 4284/5047/707 4299/5062/707
f 4292/5055/1275 4307/5070/1275 4308/5071/1275
f 4285/5048/1972 4300/5063/1972 4301/5064/1972
f 4294/5057/290 4293/5056/290 4308/5071/290
f 4286/5049/289 4301/5064/289 4302/5065/289
f 4295/5058/1483 4294/5057/1483 4309/5072/1483
f 4306/5069/271 4321/5084/271 4322/5085/271
f 4299/5062/286 4314/5077/286 4315/5078/286
f 4308/5071/285 4307/5070/285 4322/5085/285
f 4300/5063/284 4315/5078/284 4316/5079/284
f 4308/5071/283 4323/5086/283 4324/5087/283
f 4301/5064/282 4316/5079/282 4317/5080/282
f 4309/5072/1973 4324/5087/1973 4325/5088/1973
f 4303/5066/700 4302/5065/700 4317/5080/700
f 4311/5074/1274 4310/5073/1274 4325/5088/1274
f 4304/5067/926 4303/5066/926 4318/5081/926
f 4312/5075/1974 4311/5074/1974 4326/5089/1974
f 4304/5067/1975 4319/5082/1975 4320/5083/1975
f 4313/5076/275 4312/5075/275 4327/5090/275
f 4306/5069/274 4305/5068/274 4320/5083/274
f 4325/5088/1976 4340/5103/1976 4341/5104/1976
f 4318/5081/1162 4333/5096/1162 4334/5097/1162
f 4327/5090/695 4326/5089/695 4341/5104/695
f 4319/5082/694 4334/5097/694 4335/5098/694
f 4327/5090/267 4342/5105/267 4343/5106/267
f 4321/5084/1977 4320/5083/1977 4335/5098/1977
f 4321/5084/263 4336/5099/263 4337/5100/263
f 4315/5078/1052 4314/5077/1052 4329/5092/1052
f 4323/5086/688 4322/5085/688 4337/5100/688
f 4315/5078/1978 4330/5093/1978 4331/5094/1978
f 4324/5087/1925 4323/5086/1925 4338/5101/1925
f 4317/5080/687 4316/5079/687 4331/5094/687
f 4324/5087/257 4339/5102/257 4340/5103/257
f 4318/5081/256 4317/5080/256 4332/5095/256
f 4329/5092/1493 4345/5139/1493 4346/5140/1493
f 4338/5101/254 4337/5100/254 4353/5147/254
f 4330/5093/1159 4346/5140/1159 4347/5141/1159
f 4339/5102/1050 4338/5101/1050 4354/5148/1050
f 4332/5095/1979 4331/5094/1979 4347/5141/1979
f 4340/5103/1495 4339/5102/1495 4355/5149/1495
f 4332/5095/1270 4348/5142/1270 4349/5143/1270
f 4340/5103/248 4356/5150/248 4357/5151/248
f 4333/5096/1344 4349/5143/1344 4350/5144/1344
f 4342/5105/246 4341/5104/246 4357/5151/246
f 4334/5097/1497 4350/5144/1497 4351/5145/1497
f 4343/5106/244 4342/5105/244 4358/5152/244
f 4336/5099/243 4335/5098/243 4351/5145/243
f 4336/5099/240 4352/5146/240 4353/5147/240
f 4349/5143/223 4364/5158/223 4365/5159/223
f 4357/5151/238 4372/5166/238 4373/5167/238
f 4351/5145/237 4350/5144/237 4365/5159/237
f 4358/5152/236 4373/5167/236 4374/5168/236
f 4352/5146/235 4351/5145/235 4366/5160/235
f 4352/5146/232 4367/5161/232 4368/5162/232
f 4346/5140/1347 4345/5139/1347 4360/5154/1347
f 4353/5147/1047 4368/5162/1047 4369/5163/1047
f 4347/5141/1980 4346/5140/1980 4361/5155/1980
f 4355/5149/1924 4354/5148/1924 4369/5163/1924
f 4347/5141/1718 4362/5156/1718 4363/5157/1718
f 4356/5150/226 4355/5149/226 4370/5164/226
f 4348/5142/1952 4363/5157/1952 4364/5158/1952
f 4357/5151/224 4356/5150/224 4371/5165/224
f 4368/5162/208 4383/5177/208 4384/5178/208
f 4361/5155/1981 4376/5170/1981 4377/5171/1981
f 4369/5163/1982 4384/5178/1982 4385/5179/1982
f 4363/5157/1267 4362/5156/1267 4377/5171/1267
f 4370/5164/1146 4385/5179/1146 4386/5180/1146
f 4364/5158/219 4363/5157/219 4378/5172/219
f 4371/5165/218 4386/5180/218 4387/5181/218
f 4365/5159/217 4364/5158/217 4379/5173/217
f 4373/5167/216 4372/5166/216 4387/5181/216
f 4366/5160/215 4365/5159/215 4380/5174/215
f 4373/5167/214 4388/5182/214 4389/5183/214
f 4366/5160/213 4381/5175/213 4382/5176/213
f 4368/5162/210 4367/5161/210 4382/5176/210
f 4361/5155/1421 4360/5154/1421 4375/5169/1421
f 4387/5181/192 4402/5196/192 4403/5197/192
f 4380/5174/191 4395/5189/191 4396/5190/191
f 4389/5183/206 4388/5182/206 4403/5197/206
f 4382/5176/205 4381/5175/205 4396/5190/205
f 4382/5176/202 4397/5191/202 4398/5192/202
f 4375/5169/1422 4390/5184/1422 4391/5185/1422
f 4384/5178/200 4383/5177/200 4398/5192/200
f 4377/5171/1983 4376/5170/1983 4391/5185/1983
f 4385/5179/1984 4384/5178/1984 4399/5193/1984
f 4377/5171/1985 4392/5186/1985 4393/5187/1985
f 4386/5180/1262 4385/5179/1262 4400/5194/1262
f 4378/5172/195 4393/5187/195 4394/5188/195
f 4387/5181/194 4386/5180/194 4401/5195/194
f 4379/5173/193 4394/5188/193 4395/5189/193
f 4399/5193/1912 4414/5208/1912 4415/5209/1912
f 4393/5187/1041 4392/5186/1041 4407/5201/1041
f 4400/5194/1040 4415/5209/1040 4416/5210/1040
f 4394/5188/1986 4393/5187/1986 4408/5202/1986
f 4401/5195/187 4416/5210/187 4417/5211/187
f 4395/5189/186 4394/5188/186 4409/5203/186
f 4403/5197/185 4402/5196/185 4417/5211/185
f 4396/5190/184 4395/5189/184 4410/5204/184
f 4404/5198/183 4403/5197/183 4418/5212/183
f 4396/5190/1039 4411/5205/1039 4412/5206/1039
f 4398/5192/179 4397/5191/179 4412/5206/179
f 4390/5184/1133 4405/5199/1133 4406/5200/1133
f 4398/5192/644 4413/5207/644 4414/5208/644
f 4391/5185/1987 4406/5200/1987 4407/5201/1987
f 4418/5212/159 4433/5227/159 4434/5228/159
f 4411/5205/174 4426/5220/174 4427/5221/174
f 4413/5207/171 4412/5206/171 4427/5221/171
f 4406/5200/1517 4405/5199/1517 4420/5214/1517
f 4413/5207/1037 4428/5222/1037 4429/5223/1037
f 4407/5201/1130 4406/5200/1130 4421/5215/1130
f 4414/5208/1626 4429/5223/1626 4430/5224/1626
f 4407/5201/1988 4422/5216/1988 4423/5217/1988
f 4415/5209/1129 4430/5224/1129 4431/5225/1129
f 4409/5203/1257 4408/5202/1257 4423/5217/1257
f 4417/5211/163 4416/5210/163 4431/5225/163
f 4410/5204/1361 4409/5203/1361 4424/5218/1361
f 4417/5211/161 4432/5226/161 4433/5227/161
f 4411/5205/160 4410/5204/160 4425/5219/160
f 4422/5216/621 4437/5231/621 4438/5232/621
f 4431/5225/158 4430/5224/158 4445/5239/158
f 4423/5217/157 4438/5232/157 4439/5233/157
f 4432/5226/1989 4431/5225/1989 4446/5240/1989
f 4425/5219/1126 4424/5218/1126 4439/5233/1126
f 4432/5226/629 4447/5241/629 4448/5242/629
f 4426/5220/628 4425/5219/628 4440/5234/628
f 4434/5228/152 4433/5227/152 4448/5242/152
f 4426/5220/1990 4441/5235/1990 4442/5236/1990
f 4428/5222/148 4427/5221/148 4442/5236/148
f 4420/5214/147 4435/5229/147 4436/5230/147
f 4428/5222/622 4443/5237/622 4444/5238/622
f 4422/5216/1991 4421/5215/1991 4436/5230/1991
f 4429/5223/1911 4444/5238/1911 4445/5239/1911
f 4441/5235/127 4456/5250/127 4457/5251/127
f 4443/5237/140 4442/5236/140 4457/5251/140
f 4436/5230/139 4435/5229/139 4450/5244/139
f 4443/5237/138 4458/5252/138 4459/5253/138
f 4437/5231/137 4436/5230/137 4451/5245/137
f 4445/5239/136 4444/5238/136 4459/5253/136
f 4438/5232/135 4437/5231/135 4452/5246/135
f 4446/5240/1992 4445/5239/1992 4460/5254/1992
f 4438/5232/884 4453/5247/884 4454/5248/884
f 4446/5240/1892 4461/5255/1892 4462/5256/1892
f 4439/5233/883 4454/5248/883 4455/5249/883
f 4447/5241/882 4462/5256/882 4463/5257/882
f 4441/5235/1993 4440/5234/1993 4455/5249/1993
f 4448/5242/128 4463/5257/128 4464/5258/128
f 4460/5254/1304 4475/5269/1304 4476/5270/1304
f 4454/5248/613 4453/5247/613 4468/5262/613
f 4461/5255/125 4476/5270/125 4477/5271/125
f 4455/5249/124 4454/5248/124 4469/5263/124
f 4462/5256/123 4477/5271/123 4478/5272/123
f 4455/5249/611 4470/5264/611 4471/5265/611
f 4464/5258/121 4463/5257/121 4478/5272/121
f 4457/5251/120 4456/5250/120 4471/5265/120
f 4457/5251/117 4472/5266/117 4473/5267/117
f 4450/5244/879 4465/5259/879 4466/5260/879
f 4459/5253/1432 4458/5252/1432 4473/5267/1432
f 4452/5246/878 4451/5245/878 4466/5260/878
f 4459/5253/113 4474/5268/113 4475/5269/113
f 4453/5247/112 4452/5246/112 4467/5261/112
f 4473/5267/110 4472/5266/110 4487/5281/110
f 4465/5259/1994 4480/5274/1994 4481/5275/1994
f 4474/5268/108 4473/5267/108 4488/5282/108
f 4466/5260/1117 4481/5275/1117 4482/5276/1117
f 4474/5268/604 4489/5283/604 4490/5284/604
f 4468/5262/105 4467/5261/105 4482/5276/105
f 4476/5270/104 4475/5269/104 4490/5284/104
f 4468/5262/603 4483/5277/603 4484/5278/603
f 4476/5270/102 4491/5285/102 4492/5286/102
f 4470/5264/101 4469/5263/101 4484/5278/101
f 4478/5272/100 4477/5271/100 4492/5286/100
f 4470/5264/99 4485/5279/99 4486/5280/99
f 4479/5273/1028 4478/5272/1028 4493/5287/1028
f 4471/5265/97 4486/5280/97 4487/5281/97
f 4483/5277/84 4498/5292/84 4499/5293/84
f 4491/5285/592 4506/5300/592 4507/5301/592
f 4485/5279/82 4484/5278/82 4499/5293/82
f 4493/5287/81 4492/5286/81 4507/5301/81
f 4486/5280/80 4485/5279/80 4500/5294/80
f 4493/5287/79 4508/5302/79 4509/5303/79
f 4486/5280/94 4501/5295/94 4502/5296/94
f 4488/5282/91 4487/5281/91 4502/5296/91
f 4481/5275/1115 4480/5274/1115 4495/5289/1115
f 4488/5282/89 4503/5297/89 4504/5298/89
f 4481/5275/1375 4496/5290/1375 4497/5291/1375
f 4489/5283/87 4504/5298/87 4505/5299/87
f 4483/5277/594 4482/5276/594 4497/5291/594
f 4491/5285/85 4490/5284/85 4505/5299/85
f 4502/5296/1244 4517/5311/1244 4518/5312/1244
f 4495/5289/861 4510/5304/861 4511/5305/861
f 4504/5298/584 4503/5297/584 4518/5312/584
f 4497/5291/1376 4496/5290/1376 4511/5305/1376
f 4505/5299/582 4504/5298/582 4519/5313/582
f 4497/5291/1018 4512/5306/1018 4513/5307/1018
f 4505/5299/1242 4520/5314/1242 4521/5315/1242
f 4499/5293/579 4498/5292/579 4513/5307/579
f 4507/5301/578 4506/5300/578 4521/5315/578
f 4499/5293/1946 4514/5308/1946 4515/5309/1946
f 4507/5301/576 4522/5316/576 4523/5317/576
f 4500/5294/575 4515/5309/575 4516/5310/575
f 4509/5303/1890 4508/5302/1890 4523/5317/1890
f 4502/5296/1021 4501/5295/1021 4516/5310/1021
f 4522/5316/1995 4521/5315/1995 4536/5330/1995
f 4514/5308/570 4529/5323/570 4530/5324/570
f 4522/5316/569 4537/5331/569 4538/5332/569
f 4516/5310/853 4515/5309/853 4530/5324/853
f 4524/5318/1110 4523/5317/1110 4538/5332/1110
f 4517/5311/566 4516/5310/566 4531/5325/566
f 4517/5311/563 4532/5326/563 4533/5327/563
f 4510/5304/1107 4525/5319/1107 4526/5320/1107
f 4518/5312/561 4533/5327/561 4534/5328/561
f 4512/5306/848 4511/5305/848 4526/5320/848
f 4520/5314/847 4519/5313/847 4534/5328/847
f 4512/5306/1996 4527/5321/1996 4528/5322/1996
f 4520/5314/573 4535/5329/573 4536/5330/573
f 4514/5308/1240 4513/5307/1240 4528/5322/1240
f 4533/5327/553 4548/5342/553 4549/5343/553
f 4526/5320/1299 4541/5335/1299 4542/5336/1299
f 4535/5329/1544 4534/5328/1544 4549/5343/1544
f 4527/5321/843 4542/5336/843 4543/5337/843
f 4536/5330/1545 4535/5329/1545 4550/5344/1545
f 4528/5322/1234 4543/5337/1234 4544/5338/1234
f 4537/5331/547 4536/5330/547 4551/5345/547
f 4529/5323/546 4544/5338/546 4545/5339/546
f 4538/5332/545 4537/5331/545 4552/5346/545
f 4531/5325/544 4530/5324/544 4545/5339/544
f 4538/5332/1003 4553/5347/1003 4554/5348/1003
f 4531/5325/558 4546/5340/558 4547/5341/558
f 4533/5327/555 4532/5326/555 4547/5341/555
f 4526/5320/1104 4525/5319/1104 4540/5334/1104
f 4553/5347/538 4552/5346/538 4567/5361/538
f 4545/5339/1997 4560/5354/1997 4561/5355/1997
f 4554/5348/536 4553/5347/536 4568/5362/536
f 4547/5341/535 4546/5340/535 4561/5355/535
f 4547/5341/532 4562/5356/532 4563/5357/532
f 4540/5334/531 4555/5349/531 4556/5350/531
f 4549/5343/1321 4548/5342/1321 4563/5357/1321
f 4541/5335/529 4556/5350/529 4557/5351/529
f 4549/5343/528 4564/5358/528 4565/5359/528
f 4542/5336/527 4557/5351/527 4558/5352/527
f 4550/5344/1998 4565/5359/1998 4566/5360/1998
f 4544/5338/1102 4543/5337/1102 4558/5352/1102
f 4552/5346/1837 4551/5345/1837 4566/5360/1837
f 4545/5339/539 4544/5338/539 4559/5353/539
f 4556/5350/1999 4572/5397/1999 4573/5398/1999
f 4565/5359/1225 4564/5358/1225 4580/5405/1225
f 4558/5352/1934 4557/5351/1934 4573/5398/1934
f 4565/5359/833 4581/5406/833 4582/5407/833
f 4559/5353/1888 4558/5352/1888 4574/5399/1888
f 4566/5360/517 4582/5407/517 4583/5408/517
f 4559/5353/516 4575/5400/516 4576/5401/516
f 4568/5362/515 4567/5361/515 4583/5408/515
f 4560/5354/830 4576/5401/830 4577/5402/830
f 4568/5362/513 4584/5409/513 4585/5410/513
f 4562/5356/512 4561/5355/512 4577/5402/512
f 4562/5356/525 4578/5403/525 4579/5404/525
f 4556/5350/524 4555/5349/524 4571/5396/524
f 4564/5358/1959 4563/5357/1959 4579/5404/1959
f 4576/5401/507 4591/5416/507 4592/5417/507
f 4585/5410/506 4584/5409/506 4599/5424/506
f 4578/5403/505 4577/5402/505 4592/5417/505
f 4578/5403/502 4593/5418/502 4594/5419/502
f 4571/5396/987 4586/5411/987 4587/5412/987
f 4580/5405/1218 4579/5404/1218 4594/5419/1218
f 4572/5397/1829 4587/5412/1829 4588/5413/1829
f 4581/5406/1092 4580/5405/1092 4595/5420/1092
f 4574/5399/1295 4573/5398/1295 4588/5413/1295
f 4582/5407/496 4581/5406/496 4596/5421/496
f 4574/5399/495 4589/5414/495 4590/5415/495
f 4582/5407/1749 4597/5422/1749 4598/5423/1749
f 4575/5400/509 4590/5415/509 4591/5416/509
f 4584/5409/508 4583/5408/508 4598/5423/508
f 4596/5421/1213 4595/5420/1213 4610/5435/1213
f 4588/5413/1961 4603/5428/1961 4604/5429/1961
f 4597/5422/815 4596/5421/815 4611/5436/815
f 4589/5414/1962 4604/5429/1962 4605/5430/1962
f 4598/5423/487 4597/5422/487 4612/5437/487
f 4590/5415/486 4605/5430/486 4606/5431/486
f 4598/5423/1089 4613/5438/1089 4614/5439/1089
f 4592/5417/484 4591/5416/484 4606/5431/484
f 4599/5424/812 4614/5439/812 4615/5440/812
f 4593/5418/1293 4592/5417/1293 4607/5432/1293
f 4593/5418/479 4608/5433/479 4609/5434/479
f 4587/5412/820 4586/5411/820 4601/5426/820
f 4594/5419/819 4609/5434/819 4610/5435/819
f 4588/5413/2000 4587/5412/2000 4602/5427/2000
f 4614/5439/475 4629/5467/475 4630/5469/475
f 4607/5432/806 4622/5453/806 4623/5455/806
f 4609/5434/471 4608/5433/471 4623/5455/471
f 4602/5427/470 4601/5426/470 4616/5441/470
f 4609/5434/1208 4624/5457/1208 4625/5459/1208
f 4602/5427/468 4617/5443/468 4618/5445/468
f 4610/5435/467 4625/5459/467 4626/5461/467
f 4604/5429/1963 4603/5428/1963 4618/5445/1963
f 4611/5436/1206 4626/5461/1206 4627/5463/1206
f 4605/5430/1745 4604/5429/1745 4619/5447/1745
f 4612/5437/463 4627/5463/463 4628/5465/463
f 4606/5431/478 4605/5430/478 4620/5449/478
f 4614/5439/808 4613/5438/808 4628/5465/808
f 4607/5432/1211 4606/5431/1211 4621/5451/1211
f 4618/5446/2001 4633/5473/2001 4634/5474/2001
f 4627/5464/1572 4626/5462/1572 4641/5481/1572
f 4619/5448/1744 4634/5474/1744 4635/5475/1744
f 4628/5466/456 4627/5464/456 4642/5482/456
f 4620/5450/455 4635/5475/455 4636/5476/455
f 4628/5466/791 4643/5483/791 4644/5484/791
f 4621/5452/453 4636/5476/453 4637/5477/453
f 4630/5470/452 4629/5468/452 4644/5484/452
f 4623/5456/788 4622/5454/788 4637/5477/788
f 4623/5456/448 4638/5478/448 4639/5479/448
f 4616/5442/447 4631/5471/447 4632/5472/447
f 4625/5460/462 4624/5458/462 4639/5479/462
f 4618/5446/461 4617/5444/461 4632/5472/461
f 4626/5462/460 4625/5460/460 4640/5480/460
f 4637/5477/783 4652/5492/783 4653/5493/783
f 4639/5479/440 4638/5478/440 4653/5493/440
f 4631/5471/781 4646/5486/781 4647/5487/781
f 4639/5479/1200 4654/5494/1200 4655/5495/1200
f 4632/5472/2002 4647/5487/2002 4648/5488/2002
f 4640/5480/1199 4655/5495/1199 4656/5496/1199
f 4634/5474/435 4633/5473/435 4648/5488/435
f 4641/5481/776 4656/5496/776 4657/5497/776
f 4635/5475/1966 4634/5474/1966 4649/5489/1966
f 4642/5482/432 4657/5497/432 4658/5498/432
f 4636/5476/431 4635/5475/431 4650/5490/431
f 4644/5484/1085 4643/5483/1085 4658/5498/1085
f 4637/5477/445 4636/5476/445 4651/5491/445
f 4645/5485/784 4644/5484/784 4659/5499/784
f 4656/5496/427 4671/5511/427 4672/5512/427
f 4650/5490/1941 4649/5489/1941 4664/5504/1941
f 4658/5498/1743 4657/5497/1743 4672/5512/1743
f 4651/5491/424 4650/5490/424 4665/5505/424
f 4658/5498/423 4673/5513/423 4674/5514/423
f 4652/5492/1195 4651/5491/1195 4666/5506/1195
f 4659/5499/421 4674/5514/421 4675/5515/421
f 4652/5492/420 4667/5507/420 4668/5508/420
f 4654/5494/417 4653/5493/417 4668/5508/417
f 4647/5487/969 4646/5486/969 4661/5501/969
f 4654/5494/415 4669/5509/415 4670/5510/415
f 4648/5488/1819 4647/5487/1819 4662/5502/1819
f 4655/5495/1082 4670/5510/1082 4671/5511/1082
f 4648/5488/1285 4663/5503/1285 4664/5504/1285
f 4669/5509/409 4668/5508/409 4683/5523/409
f 4661/5501/1283 4676/5516/1283 4677/5517/1283
f 4669/5509/1740 4684/5524/1740 4685/5525/1740
f 4663/5503/2003 4662/5502/2003 4677/5517/2003
f 4670/5510/405 4685/5525/405 4686/5526/405
f 4663/5503/1967 4678/5518/1967 4679/5519/1967
f 4672/5512/403 4671/5511/403 4686/5526/403
f 4664/5504/402 4679/5519/402 4680/5520/402
f 4673/5513/1928 4672/5512/1928 4687/5527/1928
f 4666/5506/1316 4665/5505/1316 4680/5520/1316
f 4673/5513/399 4688/5528/399 4689/5529/399
f 4667/5507/766 4666/5506/766 4681/5521/766
f 4675/5515/413 4674/5514/413 4689/5529/413
f 4667/5507/1590 4682/5522/1590 4683/5523/1590
f 4687/5527/1811 4702/5542/1811 4703/5543/1811
f 4680/5520/393 4695/5535/393 4696/5536/393
f 4688/5528/392 4703/5543/392 4704/5544/392
f 4682/5522/2004 4681/5521/2004 4696/5536/2004
f 4689/5529/749 4704/5544/749 4705/5545/749
f 4682/5522/389 4697/5537/389 4698/5538/389
f 4684/5524/747 4683/5523/747 4698/5538/747
f 4677/5517/385 4676/5516/385 4691/5531/385
f 4684/5524/384 4699/5539/384 4700/5540/384
f 4678/5518/383 4677/5517/383 4692/5532/383
f 4686/5526/398 4685/5525/398 4700/5540/398
f 4679/5519/397 4678/5518/397 4693/5533/397
f 4687/5527/2005 4686/5526/2005 4701/5541/2005
f 4679/5519/1189 4694/5534/1189 4695/5535/1189
f 4691/5531/377 4706/5546/377 4707/5547/377
f 4700/5540/376 4699/5539/376 4714/5554/376
f 4693/5533/2006 4692/5532/2006 4707/5547/2006
f 4700/5540/1596 4715/5555/1596 4716/5556/1596
f 4694/5534/741 4693/5533/741 4708/5548/741
f 4701/5541/1597 4716/5556/1597 4717/5557/1597
f 4695/5535/1180 4694/5534/1180 4709/5549/1180
f 4702/5542/370 4717/5557/370 4718/5558/370
f 4696/5536/369 4695/5535/369 4710/5550/369
f 4703/5543/368 4718/5558/368 4719/5559/368
f 4696/5536/1073 4711/5551/1073 4712/5552/1073
f 4705/5545/382 4704/5544/382 4719/5559/382
f 4698/5538/381 4697/5537/381 4712/5552/381
f 4698/5538/378 4713/5553/378 4714/5554/378
f 4711/5551/363 4710/5550/363 4725/5565/363
f 4719/5559/362 4718/5558/362 4733/5573/362
f 4711/5551/361 4726/5566/361 4727/5567/361
f 4719/5559/360 4734/5574/360 4735/5575/360
f 4712/5552/359 4727/5567/359 4728/5568/359
f 4714/5554/1463 4713/5553/1463 4728/5568/1463
f 4707/5547/1068 4706/5546/1068 4721/5561/1068
f 4715/5555/354 4714/5554/354 4729/5569/354
f 4707/5547/1067 4722/5562/1067 4723/5563/1067
f 4715/5555/731 4730/5570/731 4731/5571/731
f 4709/5549/2007 4708/5548/2007 4723/5563/2007
f 4717/5557/366 4716/5556/366 4731/5571/366
f 4709/5549/1178 4724/5564/1178 4725/5565/1178
f 4717/5557/2008 4732/5572/2008 4733/5573/2008
f 4729/5569/346 4267/5030/346 4740/5580/346
f 4722/5562/1278 4737/5577/1278 4263/5026/1278
f 4730/5570/344 4740/5580/344 4268/5031/344
f 4724/5564/343 4723/5563/343 4263/5026/343
f 4731/5571/726 4268/5031/726 4741/5581/726
f 4725/5565/341 4724/5564/341 4738/5578/341
f 4732/5572/340 4741/5581/340 4742/5582/340
f 4726/5566/2009 4725/5565/2009 4264/5027/2009
f 4734/5574/338 4733/5573/338 4742/5582/338
f 4727/5567/337 4726/5566/337 4739/5579/337
f 4734/5574/336 4743/5583/336 4744/5584/336
f 4728/5568/335 4727/5567/335 4265/5028/335
f 4728/5568/1733 4266/5029/1733 4267/5030/1733
f 4722/5562/728 4721/5561/728 4736/5576/728
f 5218/6135/721 4751/5591/721 4752/5592/721
f 5222/6139/323 4749/5589/323 4759/5599/323
f 4745/5585/937 5219/6136/937 4752/5592/937
f 4750/5590/321 5222/6139/321 4760/5600/321
f 4745/5585/720 4753/5593/720 4754/5594/720
f 4750/5590/319 4761/5601/319 4762/5602/319
f 4746/5586/724 5220/6137/724 4754/5594/724
f 5224/6141/333 5223/6140/333 4762/5602/333
f 4746/5586/723 4755/5595/723 4756/5596/723
f 5224/6141/331 4763/5603/331 4764/5604/331
f 5221/6138/330 4756/5596/330 4757/5597/330
f 5226/6143/1885 5225/6142/1885 4764/5604/1885
f 4748/5588/328 4747/5587/328 4757/5597/328
f 4748/5588/325 4758/5598/325 4759/5599/325
f 4758/5598/318 4773/5613/318 4774/5614/318
f 4752/5592/1171 4751/5591/1171 4766/5606/1171
f 4759/5599/316 4774/5614/316 4775/5615/316
f 4753/5593/2010 4752/5592/2010 4767/5607/2010
f 4761/5601/718 4760/5600/718 4775/5615/718
f 4753/5593/1609 4768/5608/1609 4769/5609/1609
f 4761/5601/2011 4776/5616/2011 4777/5617/2011
f 4755/5595/2012 4754/5594/2012 4769/5609/2012
f 4763/5603/310 4762/5602/310 4777/5617/310
f 4755/5595/309 4770/5610/309 4771/5611/309
f 4763/5603/2013 4778/5618/2013 4779/5619/2013
f 4757/5597/307 4756/5596/307 4771/5611/307
f 4764/5604/933 4779/5619/933 4780/5620/933
f 4758/5598/305 4757/5597/305 4772/5612/305
f 4769/5609/287 4784/5624/287 4785/5625/287
f 4778/5618/302 4777/5617/302 4792/5632/302
f 4770/5610/301 4785/5625/301 4786/5626/301
f 4779/5619/300 4778/5618/300 4793/5633/300
f 4772/5612/299 4771/5611/299 4786/5626/299
f 4779/5619/709 4794/5634/709 4795/5635/709
f 4772/5612/297 4787/5627/297 4788/5628/297
f 4774/5614/294 4773/5613/294 4788/5628/294
f 4767/5607/1482 4766/5606/1482 4781/5621/1482
f 4774/5614/706 4789/5629/706 4790/5630/706
f 4767/5607/1972 4782/5622/1972 4783/5623/1972
f 4776/5616/929 4775/5615/929 4790/5630/929
f 4768/5608/2014 4783/5623/2014 4784/5624/2014
f 4777/5617/288 4776/5616/288 4791/5631/288
f 4788/5628/271 4803/5643/271 4804/5644/271
f 4781/5621/2015 4796/5636/2015 4797/5637/2015
f 4790/5630/928 4789/5629/928 4804/5644/928
f 4782/5622/284 4797/5637/284 4798/5638/284
f 4790/5630/1164 4805/5645/1164 4806/5646/1164
f 4783/5623/1484 4798/5638/1484 4799/5639/1484
f 4791/5631/1883 4806/5646/1883 4807/5647/1883
f 4785/5625/700 4784/5624/700 4799/5639/700
f 4793/5633/699 4792/5632/699 4807/5647/699
f 4786/5626/278 4785/5625/278 4800/5640/278
f 4794/5634/277 4793/5633/277 4808/5648/277
f 4786/5626/1975 4801/5641/1975 4802/5642/1975
f 4795/5635/275 4794/5634/275 4809/5649/275
f 4788/5628/274 4787/5627/274 4802/5642/274
f 4807/5647/1976 4822/5662/1976 4823/5663/1976
f 4800/5640/2016 4815/5655/2016 4816/5656/2016
f 4809/5649/695 4808/5648/695 4823/5663/695
f 4801/5641/694 4816/5656/694 4817/5657/694
f 4809/5649/693 4824/5664/693 4825/5665/693
f 4803/5643/1795 4802/5642/1795 4817/5657/1795
f 4803/5643/2017 4818/5658/2017 4819/5659/2017
f 4797/5637/2018 4796/5636/2018 4811/5651/2018
f 4805/5645/688 4804/5644/688 4819/5659/688
f 4797/5637/1978 4812/5652/1978 4813/5653/1978
f 4806/5646/259 4805/5645/259 4820/5660/259
f 4799/5639/687 4798/5638/687 4813/5653/687
f 4806/5646/257 4821/5661/257 4822/5662/257
f 4800/5640/1859 4799/5639/1859 4814/5654/1859
f 4811/5651/675 4827/5698/675 4828/5699/675
f 4820/5660/684 4819/5659/684 4835/5706/684
f 4812/5652/1159 4828/5699/1159 4829/5700/1159
f 4821/5661/682 4820/5660/682 4836/5707/682
f 4814/5654/2019 4813/5653/2019 4829/5700/2019
f 4822/5662/1495 4821/5661/1495 4837/5708/1495
f 4814/5654/249 4830/5701/249 4831/5702/249
f 4822/5662/248 4838/5709/248 4839/5710/248
f 4815/5655/1049 4831/5702/1049 4832/5703/1049
f 4824/5664/246 4823/5663/246 4839/5710/246
f 4816/5656/245 4832/5703/245 4833/5704/245
f 4825/5665/677 4824/5664/677 4840/5711/677
f 4818/5658/243 4817/5657/243 4833/5704/243
f 4818/5658/2020 4834/5705/2020 4835/5706/2020
f 4831/5702/223 4846/5717/223 4847/5718/223
f 4839/5710/238 4854/5725/238 4855/5726/238
f 4833/5704/237 4832/5703/237 4847/5718/237
f 4840/5711/236 4855/5726/236 4856/5727/236
f 4834/5705/235 4833/5704/235 4848/5719/235
f 4834/5705/232 4849/5720/232 4850/5721/232
f 4828/5699/1788 4827/5698/1788 4842/5713/1788
f 4835/5706/230 4850/5721/230 4851/5722/230
f 4829/5700/229 4828/5699/229 4843/5714/229
f 4837/5708/669 4836/5707/669 4851/5722/669
f 4829/5700/1718 4844/5715/1718 4845/5716/1718
f 4838/5709/667 4837/5708/667 4852/5723/667
f 4830/5701/666 4845/5716/666 4846/5717/666
f 4839/5710/224 4838/5709/224 4853/5724/224
f 4850/5721/2021 4865/5736/2021 4866/5737/2021
f 4843/5714/207 4858/5729/207 4859/5730/207
f 4851/5722/2022 4866/5737/2022 4867/5738/2022
f 4845/5716/2023 4844/5715/2023 4859/5730/2023
f 4852/5723/2024 4867/5738/2024 4868/5739/2024
f 4846/5717/1145 4845/5716/1145 4860/5731/1145
f 4853/5724/1681 4868/5739/1681 4869/5740/1681
f 4847/5718/1854 4846/5717/1854 4861/5732/1854
f 4855/5726/216 4854/5725/216 4869/5740/216
f 4848/5719/661 4847/5718/661 4862/5733/661
f 4855/5726/1144 4870/5741/1144 4871/5742/1144
f 4848/5719/213 4863/5734/213 4864/5735/213
f 4850/5721/659 4849/5720/659 4864/5735/659
f 4843/5714/1421 4842/5713/1421 4857/5728/1421
f 4869/5740/192 4884/5755/192 4885/5756/192
f 4862/5733/651 4877/5748/651 4878/5749/651
f 4871/5742/1143 4870/5741/1143 4885/5756/1143
f 4864/5735/205 4863/5734/205 4878/5749/205
f 4864/5735/656 4879/5750/656 4880/5751/656
f 4857/5728/1422 4872/5743/1422 4873/5744/1422
f 4866/5737/2025 4865/5736/2025 4880/5751/2025
f 4859/5730/199 4858/5729/199 4873/5744/199
f 4867/5738/2026 4866/5737/2026 4881/5752/2026
f 4859/5730/2027 4874/5745/2027 4875/5746/2027
f 4868/5739/2028 4867/5738/2028 4882/5753/2028
f 4860/5731/1915 4875/5746/1915 4876/5747/1915
f 4869/5740/1684 4868/5739/1684 4883/5754/1684
f 4861/5732/1853 4876/5747/1853 4877/5748/1853
f 4881/5752/642 4896/5767/642 4897/5768/642
f 4875/5746/1041 4874/5745/1041 4889/5760/1041
f 4882/5753/649 4897/5768/649 4898/5769/649
f 4876/5747/648 4875/5746/648 4890/5761/648
f 4883/5754/187 4898/5769/187 4899/5770/187
f 4877/5748/186 4876/5747/186 4891/5762/186
f 4885/5756/185 4884/5755/185 4899/5770/185
f 4878/5749/184 4877/5748/184 4892/5763/184
f 4886/5757/183 4885/5756/183 4900/5771/183
f 4878/5749/1039 4893/5764/1039 4894/5765/1039
f 4880/5751/179 4879/5750/179 4894/5765/179
f 4872/5743/1774 4887/5758/1774 4888/5759/1774
f 4880/5751/177 4895/5766/177 4896/5767/177
f 4873/5744/176 4888/5759/176 4889/5760/176
f 4900/5771/633 4915/5786/633 4916/5787/633
f 4893/5764/174 4908/5779/174 4909/5780/174
f 4895/5766/2029 4894/5765/2029 4909/5780/2029
f 4888/5759/641 4887/5758/641 4902/5773/641
f 4895/5766/640 4910/5781/640 4911/5782/640
f 4889/5760/1130 4888/5759/1130 4903/5774/1130
f 4896/5767/638 4911/5782/638 4912/5783/638
f 4889/5760/2030 4904/5775/2030 4905/5776/2030
f 4897/5768/1129 4912/5783/1129 4913/5784/1129
f 4891/5762/164 4890/5761/164 4905/5776/164
f 4899/5770/163 4898/5769/163 4913/5784/163
f 4892/5763/1035 4891/5762/1035 4906/5777/1035
f 4899/5770/161 4914/5785/161 4915/5786/161
f 4893/5764/634 4892/5763/634 4907/5778/634
f 4904/5775/621 4919/5790/621 4920/5791/621
f 4913/5784/158 4912/5783/158 4927/5798/158
f 4905/5776/1849 4920/5791/1849 4921/5792/1849
f 4914/5785/1989 4913/5784/1989 4928/5799/1989
f 4907/5778/2031 4906/5777/2031 4921/5792/2031
f 4914/5785/629 4929/5800/629 4930/5801/629
f 4908/5779/628 4907/5778/628 4922/5793/628
f 4916/5787/627 4915/5786/627 4930/5801/627
f 4908/5779/626 4923/5794/626 4924/5795/626
f 4910/5781/624 4909/5780/624 4924/5795/624
f 4902/5773/623 4917/5788/623 4918/5789/623
f 4910/5781/622 4925/5796/622 4926/5797/622
f 4904/5775/1991 4903/5774/1991 4918/5789/1991
f 4911/5782/144 4926/5797/144 4927/5798/144
f 4923/5794/127 4938/5809/127 4939/5810/127
f 4925/5796/140 4924/5795/140 4939/5810/140
f 4918/5789/2032 4917/5788/2032 4932/5803/2032
f 4925/5796/886 4940/5811/886 4941/5812/886
f 4919/5790/137 4918/5789/137 4933/5804/137
f 4927/5798/1122 4926/5797/1122 4941/5812/1122
f 4920/5791/1527 4919/5790/1527 4934/5805/1527
f 4928/5799/1876 4927/5798/1876 4942/5813/1876
f 4920/5791/884 4935/5806/884 4936/5807/884
f 4928/5799/615 4943/5814/615 4944/5815/615
f 4921/5792/131 4936/5807/131 4937/5808/131
f 4929/5800/882 4944/5815/882 4945/5816/882
f 4923/5794/1993 4922/5793/1993 4937/5808/1993
f 4930/5801/128 4945/5816/128 4946/5817/128
f 4942/5813/111 4957/5828/111 4958/5829/111
f 4936/5807/126 4935/5806/126 4950/5821/126
f 4943/5814/125 4958/5829/125 4959/5830/125
f 4937/5808/124 4936/5807/124 4951/5822/124
f 4944/5815/123 4959/5830/123 4960/5831/123
f 4937/5808/611 4952/5823/611 4953/5824/611
f 4946/5817/610 4945/5816/610 4960/5831/610
f 4939/5810/120 4938/5809/120 4953/5824/120
f 4939/5810/117 4954/5825/117 4955/5826/117
f 4932/5803/1531 4947/5818/1531 4948/5819/1531
f 4941/5812/607 4940/5811/607 4955/5826/607
f 4934/5805/878 4933/5804/878 4948/5819/878
f 4941/5812/877 4956/5827/877 4957/5828/877
f 4935/5806/2033 4934/5805/2033 4949/5820/2033
f 4955/5826/110 4954/5825/110 4969/5840/110
f 4947/5818/1118 4962/5833/1118 4963/5834/1118
f 4956/5827/108 4955/5826/108 4970/5841/108
f 4948/5819/2034 4963/5834/2034 4964/5835/2034
f 4956/5827/604 4971/5842/604 4972/5843/604
f 4950/5821/105 4949/5820/105 4964/5835/105
f 4958/5829/2035 4957/5828/2035 4972/5843/2035
f 4950/5821/603 4965/5836/603 4966/5837/603
f 4958/5829/102 4973/5844/102 4974/5845/102
f 4952/5823/101 4951/5822/101 4966/5837/101
f 4960/5831/600 4959/5830/600 4974/5845/600
f 4952/5823/99 4967/5838/99 4968/5839/99
f 4961/5832/870 4960/5831/870 4975/5846/870
f 4953/5824/598 4968/5839/598 4969/5840/598
f 4965/5836/593 4980/5851/593 4981/5852/593
f 4973/5844/592 4988/5859/592 4989/5860/592
f 4967/5838/591 4966/5837/591 4981/5852/591
f 4975/5846/81 4974/5845/81 4989/5860/81
f 4968/5839/80 4967/5838/80 4982/5853/80
f 4975/5846/2036 4990/5861/2036 4991/5862/2036
f 4968/5839/94 4983/5854/94 4984/5855/94
f 4970/5841/91 4969/5840/91 4984/5855/91
f 4963/5834/595 4962/5833/595 4977/5848/595
f 4970/5841/89 4985/5856/89 4986/5857/89
f 4963/5834/88 4978/5849/88 4979/5850/88
f 4971/5842/87 4986/5857/87 4987/5858/87
f 4965/5836/594 4964/5835/594 4979/5850/594
f 4973/5844/85 4972/5843/85 4987/5858/85
f 4984/5855/1244 4999/5870/1244 5000/5871/1244
f 4977/5848/2037 4992/5863/2037 4993/5864/2037
f 4986/5857/584 4985/5856/584 5000/5871/584
f 4979/5850/1112 4978/5849/1112 4993/5864/1112
f 4987/5858/582 4986/5857/582 5001/5872/582
f 4979/5850/1018 4994/5865/1018 4995/5866/1018
f 4987/5858/1242 5002/5873/1242 5003/5874/1242
f 4981/5852/579 4980/5851/579 4995/5866/579
f 4989/5860/578 4988/5859/578 5003/5874/578
f 4981/5852/577 4996/5867/577 4997/5868/577
f 4989/5860/576 5004/5875/576 5005/5876/576
f 4982/5853/575 4997/5868/575 4998/5869/575
f 4991/5862/1890 4990/5861/1890 5005/5876/1890
f 4984/5855/1021 4983/5854/1021 4998/5869/1021
f 5004/5875/1995 5003/5874/1995 5018/5889/1995
f 4996/5867/570 5011/5882/570 5012/5883/570
f 5004/5875/854 5019/5890/854 5020/5891/854
f 4998/5869/853 4997/5868/853 5012/5883/853
f 5006/5877/1110 5005/5876/1110 5020/5891/1110
f 4999/5870/566 4998/5869/566 5013/5884/566
f 4999/5870/563 5014/5885/563 5015/5886/563
f 4992/5863/1107 5007/5878/1107 5008/5879/1107
f 5000/5871/561 5015/5886/561 5016/5887/561
f 4994/5865/2038 4993/5864/2038 5008/5879/2038
f 5002/5873/559 5001/5872/559 5016/5887/559
f 4994/5865/1758 5009/5880/1758 5010/5881/1758
f 5002/5873/1016 5017/5888/1016 5018/5889/1016
f 4996/5867/855 4995/5866/855 5010/5881/855
f 5015/5886/1235 5030/5901/1235 5031/5902/1235
f 5008/5879/1007 5023/5894/1007 5024/5895/1007
f 5017/5888/1322 5016/5887/1322 5031/5902/1322
f 5009/5880/550 5024/5895/550 5025/5896/550
f 5018/5889/549 5017/5888/549 5032/5903/549
f 5010/5881/548 5025/5896/548 5026/5897/548
f 5019/5890/547 5018/5889/547 5033/5904/547
f 5011/5882/1233 5026/5897/1233 5027/5898/1233
f 5020/5891/545 5019/5890/545 5034/5905/545
f 5013/5884/544 5012/5883/544 5027/5898/544
f 5020/5891/2039 5035/5906/2039 5036/5907/2039
f 5013/5884/558 5028/5899/558 5029/5900/558
f 5015/5886/555 5014/5885/555 5029/5900/555
f 5008/5879/2040 5007/5878/2040 5022/5893/2040
f 5035/5906/2041 5034/5905/2041 5049/5920/2041
f 5027/5898/1997 5042/5913/1997 5043/5914/1997
f 5036/5907/536 5035/5906/536 5050/5921/536
f 5029/5900/535 5028/5899/535 5043/5914/535
f 5029/5900/2042 5044/5915/2042 5045/5916/2042
f 5022/5893/2043 5037/5908/2043 5038/5909/2043
f 5031/5902/530 5030/5901/530 5045/5916/530
f 5023/5894/529 5038/5909/529 5039/5910/529
f 5031/5902/839 5046/5917/839 5047/5918/839
f 5024/5895/527 5039/5910/527 5040/5911/527
f 5032/5903/842 5047/5918/842 5048/5919/842
f 5026/5897/1232 5025/5896/1232 5040/5911/1232
f 5034/5905/1837 5033/5904/1837 5048/5919/1837
f 5027/5898/1231 5026/5897/1231 5041/5912/1231
f 5038/5909/2044 5054/5956/2044 5055/5957/2044
f 5047/5918/521 5046/5917/521 5062/5964/521
f 5040/5911/1934 5039/5910/1934 5055/5957/1934
f 5047/5918/833 5063/5965/833 5064/5966/833
f 5041/5912/2045 5040/5911/2045 5056/5958/2045
f 5048/5919/517 5064/5966/517 5065/5967/517
f 5041/5912/516 5057/5959/516 5058/5960/516
f 5050/5921/515 5049/5920/515 5065/5967/515
f 5042/5913/514 5058/5960/514 5059/5961/514
f 5050/5921/513 5066/5968/513 5067/5969/513
f 5044/5915/2046 5043/5914/2046 5059/5961/2046
f 5044/5915/836 5060/5962/836 5061/5963/836
f 5038/5909/2047 5037/5908/2047 5053/5955/2047
f 5046/5917/1959 5045/5916/1959 5061/5963/1959
f 5058/5960/507 5073/5975/507 5074/5976/507
f 5067/5969/2048 5066/5968/2048 5081/5983/2048
f 5060/5962/505 5059/5961/505 5074/5976/505
f 5060/5962/825 5075/5977/825 5076/5978/825
f 5053/5955/987 5068/5970/987 5069/5971/987
f 5062/5964/824 5061/5963/824 5076/5978/824
f 5054/5956/1217 5069/5971/1217 5070/5972/1217
f 5063/5965/1092 5062/5964/1092 5077/5979/1092
f 5056/5958/497 5055/5957/497 5070/5972/497
f 5064/5966/496 5063/5965/496 5078/5980/496
f 5056/5958/821 5071/5973/821 5072/5974/821
f 5064/5966/510 5079/5981/510 5080/5982/510
f 5057/5959/2049 5072/5974/2049 5073/5975/2049
f 5066/5968/508 5065/5967/508 5080/5982/508
f 5078/5980/817 5077/5979/817 5092/5994/817
f 5070/5972/2050 5085/5987/2050 5086/5988/2050
f 5079/5981/815 5078/5980/815 5093/5995/815
f 5071/5973/1962 5086/5988/1962 5087/5989/1962
f 5080/5982/487 5079/5981/487 5094/5996/487
f 5072/5974/486 5087/5989/486 5088/5990/486
f 5080/5982/485 5095/5997/485 5096/5998/485
f 5074/5976/484 5073/5975/484 5088/5990/484
f 5081/5983/2051 5096/5998/2051 5097/5999/2051
f 5075/5977/482 5074/5976/482 5089/5991/482
f 5075/5977/479 5090/5992/479 5091/5993/479
f 5069/5971/820 5068/5970/820 5083/5985/820
f 5076/5978/1867 5091/5993/1867 5092/5994/1867
f 5070/5972/2000 5069/5971/2000 5084/5986/2000
f 5096/5998/475 5111/6026/475 5112/6028/475
f 5089/5991/806 5104/6012/806 5105/6014/806
f 5091/5993/803 5090/5992/803 5105/6014/803
f 5084/5986/2052 5083/5985/2052 5098/6000/2052
f 5091/5993/469 5106/6016/469 5107/6018/469
f 5084/5986/468 5099/6002/468 5100/6004/468
f 5092/5994/2053 5107/6018/2053 5108/6020/2053
f 5086/5988/2054 5085/5987/2054 5100/6004/2054
f 5093/5995/798 5108/6020/798 5109/6022/798
f 5087/5989/464 5086/5988/464 5101/6006/464
f 5094/5996/463 5109/6022/463 5110/6024/463
f 5088/5990/983 5087/5989/983 5102/6008/983
f 5096/5998/808 5095/5997/808 5110/6024/808
f 5089/5991/476 5088/5990/476 5103/6010/476
f 5100/6005/2055 5115/6032/2055 5116/6033/2055
f 5109/6023/793 5108/6021/793 5123/6040/793
f 5101/6007/2056 5116/6033/2056 5117/6034/2056
f 5110/6025/456 5109/6023/456 5124/6041/456
f 5102/6009/977 5117/6034/977 5118/6035/977
f 5110/6025/791 5125/6042/791 5126/6043/791
f 5103/6011/790 5118/6035/790 5119/6036/790
f 5112/6029/452 5111/6027/452 5126/6043/452
f 5105/6015/788 5104/6013/788 5119/6036/788
f 5105/6015/785 5120/6037/785 5121/6038/785
f 5098/6001/2057 5113/6030/2057 5114/6031/2057
f 5107/6019/2058 5106/6017/2058 5121/6038/2058
f 5100/6005/461 5099/6003/461 5114/6031/461
f 5108/6021/2059 5107/6019/2059 5122/6039/2059
f 5119/6036/443 5134/6051/443 5135/6052/443
f 5121/6038/440 5120/6037/440 5135/6052/440
f 5113/6030/781 5128/6045/781 5129/6046/781
f 5121/6038/1200 5136/6053/1200 5137/6054/1200
f 5114/6031/2002 5129/6046/2002 5130/6047/2002
f 5122/6039/778 5137/6054/778 5138/6055/778
f 5116/6033/2060 5115/6032/2060 5130/6047/2060
f 5123/6040/776 5138/6055/776 5139/6056/776
f 5117/6034/1966 5116/6033/1966 5131/6048/1966
f 5124/6041/432 5139/6056/432 5140/6057/432
f 5118/6035/431 5117/6034/431 5132/6049/431
f 5126/6043/446 5125/6042/446 5140/6057/446
f 5119/6036/445 5118/6035/445 5133/6050/445
f 5127/6044/2061 5126/6043/2061 5141/6058/2061
f 5138/6055/427 5153/6070/427 5154/6071/427
f 5132/6049/426 5131/6048/426 5146/6063/426
f 5140/6057/425 5139/6056/425 5154/6071/425
f 5133/6050/2062 5132/6049/2062 5147/6064/2062
f 5140/6057/423 5155/6072/423 5156/6073/423
f 5134/6051/1195 5133/6050/1195 5148/6065/1195
f 5141/6058/2063 5156/6073/2063 5157/6074/2063
f 5134/6051/420 5149/6066/420 5150/6067/420
f 5136/6053/768 5135/6052/768 5150/6067/768
f 5129/6046/969 5128/6045/969 5143/6060/969
f 5136/6053/767 5151/6068/767 5152/6069/767
f 5130/6047/1198 5129/6046/1198 5144/6061/1198
f 5137/6054/1082 5152/6069/1082 5153/6070/1082
f 5130/6047/428 5145/6062/428 5146/6063/428
f 5151/6068/763 5150/6067/763 5165/6082/763
f 5143/6060/2064 5158/6075/2064 5159/6076/2064
f 5151/6068/1740 5166/6083/1740 5167/6084/1740
f 5145/6062/2065 5144/6061/2065 5159/6076/2065
f 5152/6069/759 5167/6084/759 5168/6085/759
f 5145/6062/1967 5160/6077/1967 5161/6078/1967
f 5154/6071/403 5153/6070/403 5168/6085/403
f 5146/6063/2066 5161/6078/2066 5162/6079/2066
f 5155/6072/1928 5154/6071/1928 5169/6086/1928
f 5148/6065/1316 5147/6064/1316 5162/6079/1316
f 5155/6072/399 5170/6087/399 5171/6088/399
f 5149/6066/414 5148/6065/414 5163/6080/414
f 5157/6074/413 5156/6073/413 5171/6088/413
f 5149/6066/1080 5164/6081/1080 5165/6082/1080
f 5169/6086/1811 5184/6101/1811 5185/6102/1811
f 5162/6079/1187 5177/6094/1187 5178/6095/1187
f 5170/6087/2067 5185/6102/2067 5186/6103/2067
f 5164/6081/2004 5163/6080/2004 5178/6095/2004
f 5171/6088/749 5186/6103/749 5187/6104/749
f 5164/6081/389 5179/6096/389 5180/6097/389
f 5166/6083/386 5165/6082/386 5180/6097/386
f 5159/6076/2068 5158/6075/2068 5173/6090/2068
f 5166/6083/745 5181/6098/745 5182/6099/745
f 5160/6077/383 5159/6076/383 5174/6091/383
f 5168/6085/755 5167/6084/755 5182/6099/755
f 5161/6078/397 5160/6077/397 5175/6092/397
f 5169/6086/2069 5168/6085/2069 5183/6100/2069
f 5161/6078/1189 5176/6093/1189 5177/6094/1189
f 5173/6090/2070 5188/6105/2070 5189/6106/2070
f 5182/6099/1182 5181/6098/1182 5196/6113/1182
f 5175/6092/375 5174/6091/375 5189/6106/375
f 5182/6099/1314 5197/6114/1314 5198/6115/1314
f 5176/6093/373 5175/6092/373 5190/6107/373
f 5183/6100/372 5198/6115/372 5199/6116/372
f 5177/6094/371 5176/6093/371 5191/6108/371
f 5184/6101/370 5199/6116/370 5200/6117/370
f 5178/6095/1179 5177/6094/1179 5192/6109/1179
f 5185/6102/368 5200/6117/368 5201/6118/368
f 5178/6095/1073 5193/6110/1073 5194/6111/1073
f 5187/6104/2071 5186/6103/2071 5201/6118/2071
f 5180/6097/381 5179/6096/381 5194/6111/381
f 5180/6097/378 5195/6112/378 5196/6113/378
f 5193/6110/363 5192/6109/363 5207/6124/363
f 5201/6118/738 5200/6117/738 5215/6132/738
f 5193/6110/361 5208/6125/361 5209/6126/361
f 5201/6118/360 5216/6133/360 5217/6134/360
f 5194/6111/736 5209/6126/736 5210/6127/736
f 5196/6113/1463 5195/6112/1463 5210/6127/1463
f 5189/6106/1068 5188/6105/1068 5203/6120/1068
f 5197/6114/354 5196/6113/354 5211/6128/354
f 5189/6106/2072 5204/6121/2072 5205/6122/2072
f 5197/6114/352 5212/6129/352 5213/6130/352
f 5191/6108/730 5190/6107/730 5205/6122/730
f 5199/6116/1736 5198/6115/1736 5213/6130/1736
f 5191/6108/739 5206/6123/739 5207/6124/739
f 5199/6116/2008 5214/6131/2008 5215/6132/2008
f 5211/6128/346 4749/5589/346 5222/6139/346
f 5204/6121/345 5219/6136/345 4745/5585/345
f 5212/6129/344 5222/6139/344 4750/5590/344
f 5206/6123/343 5205/6122/343 4745/5585/343
f 5213/6130/342 4750/5590/342 5223/6140/342
f 5207/6124/2073 5206/6123/2073 5220/6137/2073
f 5214/6131/340 5223/6140/340 5224/6141/340
f 5208/6125/339 5207/6124/339 4746/5586/339
f 5216/6133/338 5215/6132/338 5224/6141/338
f 5209/6126/337 5208/6125/337 5221/6138/337
f 5216/6133/336 5225/6142/336 5226/6143/336
f 5210/6127/335 5209/6126/335 4747/5587/335
f 5210/6127/1733 4748/5588/1733 4749/5589/1733
f 5204/6121/2074 5203/6120/2074 5218/6135/2074
f 5700/6694/721 5233/6150/721 5234/6151/721
f 5704/6698/323 5231/6148/323 5241/6158/323
f 5227/6144/937 5701/6695/937 5234/6151/937
f 5232/6149/321 5704/6698/321 5242/6159/321
f 5227/6144/720 5235/6152/720 5236/6153/720
f 5232/6149/319 5243/6160/319 5244/6161/319
f 5228/6145/2075 5702/6696/2075 5236/6153/2075
f 5706/6700/333 5705/6699/333 5244/6161/333
f 5228/6145/723 5237/6154/723 5238/6155/723
f 5706/6700/331 5245/6162/331 5246/6163/331
f 5703/6697/330 5238/6155/330 5239/6156/330
f 5708/6702/1885 5707/6701/1885 5246/6163/1885
f 5230/6147/328 5229/6146/328 5239/6156/328
f 5230/6147/325 5240/6157/325 5241/6158/325
f 5240/6157/2076 5255/6172/2076 5256/6173/2076
f 5234/6151/1171 5233/6150/1171 5248/6165/1171
f 5241/6158/316 5256/6173/316 5257/6174/316
f 5235/6152/935 5234/6151/935 5249/6166/935
f 5243/6160/314 5242/6159/314 5257/6174/314
f 5235/6152/1609 5250/6167/1609 5251/6168/1609
f 5243/6160/2011 5258/6175/2011 5259/6176/2011
f 5237/6154/2012 5236/6153/2012 5251/6168/2012
f 5245/6162/310 5244/6161/310 5259/6176/310
f 5237/6154/309 5252/6169/309 5253/6170/309
f 5245/6162/1169 5260/6177/1169 5261/6178/1169
f 5239/6156/307 5238/6155/307 5253/6170/307
f 5246/6163/713 5261/6178/713 5262/6179/713
f 5240/6157/305 5239/6156/305 5254/6171/305
f 5251/6168/287 5266/6183/287 5267/6184/287
f 5260/6177/302 5259/6176/302 5274/6191/302
f 5252/6169/301 5267/6184/301 5268/6185/301
f 5261/6178/300 5260/6177/300 5275/6192/300
f 5254/6171/299 5253/6170/299 5268/6185/299
f 5261/6178/709 5276/6193/709 5277/6194/709
f 5254/6171/297 5269/6186/297 5270/6187/297
f 5256/6173/294 5255/6172/294 5270/6187/294
f 5249/6166/2077 5248/6165/2077 5263/6180/2077
f 5256/6173/706 5271/6188/706 5272/6189/706
f 5249/6166/1972 5264/6181/1972 5265/6182/1972
f 5258/6175/290 5257/6174/290 5272/6189/290
f 5250/6167/2014 5265/6182/2014 5266/6183/2014
f 5259/6176/288 5258/6175/288 5273/6190/288
f 5270/6187/271 5285/6202/271 5286/6203/271
f 5263/6180/2015 5278/6195/2015 5279/6196/2015
f 5272/6189/928 5271/6188/928 5286/6203/928
f 5264/6181/284 5279/6196/284 5280/6197/284
f 5272/6189/283 5287/6204/283 5288/6205/283
f 5265/6182/1484 5280/6197/1484 5281/6198/1484
f 5273/6190/1883 5288/6205/1883 5289/6206/1883
f 5267/6184/927 5266/6183/927 5281/6198/927
f 5275/6192/699 5274/6191/699 5289/6206/699
f 5268/6185/926 5267/6184/926 5282/6199/926
f 5276/6193/277 5275/6192/277 5290/6207/277
f 5268/6185/276 5283/6200/276 5284/6201/276
f 5277/6194/275 5276/6193/275 5291/6208/275
f 5270/6187/274 5269/6186/274 5284/6201/274
f 5289/6206/255 5304/6221/255 5305/6222/255
f 5282/6199/2016 5297/6214/2016 5298/6215/2016
f 5291/6208/695 5290/6207/695 5305/6222/695
f 5283/6200/694 5298/6215/694 5299/6216/694
f 5291/6208/693 5306/6223/693 5307/6224/693
f 5285/6202/1795 5284/6201/1795 5299/6216/1795
f 5285/6202/2017 5300/6217/2017 5301/6218/2017
f 5279/6196/2018 5278/6195/2018 5293/6210/2018
f 5287/6204/918 5286/6203/918 5301/6218/918
f 5279/6196/2078 5294/6211/2078 5295/6212/2078
f 5288/6205/1925 5287/6204/1925 5302/6219/1925
f 5281/6198/687 5280/6197/687 5295/6212/687
f 5288/6205/257 5303/6220/257 5304/6221/257
f 5282/6199/1859 5281/6198/1859 5296/6213/1859
f 5293/6210/675 5309/6257/675 5310/6258/675
f 5302/6219/684 5301/6218/684 5317/6265/684
f 5294/6211/1051 5310/6258/1051 5311/6259/1051
f 5303/6220/682 5302/6219/682 5318/6266/682
f 5296/6213/2019 5295/6212/2019 5311/6259/2019
f 5304/6221/1495 5303/6220/1495 5319/6267/1495
f 5296/6213/1270 5312/6260/1270 5313/6261/1270
f 5304/6221/248 5320/6268/248 5321/6269/248
f 5297/6214/1049 5313/6261/1049 5314/6262/1049
f 5306/6223/246 5305/6222/246 5321/6269/246
f 5298/6215/245 5314/6262/245 5315/6263/245
f 5307/6224/677 5306/6223/677 5322/6270/677
f 5300/6217/243 5299/6216/243 5315/6263/243
f 5300/6217/2020 5316/6264/2020 5317/6265/2020
f 5313/6261/223 5328/6276/223 5329/6277/223
f 5321/6269/238 5336/6284/238 5337/6285/238
f 5315/6263/237 5314/6262/237 5329/6277/237
f 5322/6270/236 5337/6285/236 5338/6286/236
f 5316/6264/235 5315/6263/235 5330/6278/235
f 5316/6264/232 5331/6279/232 5332/6280/232
f 5310/6258/2079 5309/6257/2079 5324/6272/2079
f 5317/6265/230 5332/6280/230 5333/6281/230
f 5311/6259/670 5310/6258/670 5325/6273/670
f 5319/6267/669 5318/6266/669 5333/6281/669
f 5311/6259/1046 5326/6274/1046 5327/6275/1046
f 5320/6268/667 5319/6267/667 5334/6282/667
f 5312/6260/909 5327/6275/909 5328/6276/909
f 5321/6269/224 5320/6268/224 5335/6283/224
f 5332/6280/2021 5347/6295/2021 5348/6296/2021
f 5325/6273/905 5340/6288/905 5341/6289/905
f 5333/6281/2022 5348/6296/2022 5349/6297/2022
f 5327/6275/2023 5326/6274/2023 5341/6289/2023
f 5334/6282/2024 5349/6297/2024 5350/6298/2024
f 5328/6276/1145 5327/6275/1145 5342/6290/1145
f 5335/6283/1681 5350/6298/1681 5351/6299/1681
f 5329/6277/1854 5328/6276/1854 5343/6291/1854
f 5337/6285/216 5336/6284/216 5351/6299/216
f 5330/6278/661 5329/6277/661 5344/6292/661
f 5337/6285/2080 5352/6300/2080 5353/6301/2080
f 5330/6278/213 5345/6293/213 5346/6294/213
f 5332/6280/659 5331/6279/659 5346/6294/659
f 5325/6273/1421 5324/6272/1421 5339/6287/1421
f 5351/6299/192 5366/6314/192 5367/6315/192
f 5344/6292/651 5359/6307/651 5360/6308/651
f 5353/6301/2081 5352/6300/2081 5367/6315/2081
f 5346/6294/205 5345/6293/205 5360/6308/205
f 5346/6294/656 5361/6309/656 5362/6310/656
f 5339/6287/1422 5354/6302/1422 5355/6303/1422
f 5348/6296/2025 5347/6295/2025 5362/6310/2025
f 5341/6289/904 5340/6288/904 5355/6303/904
f 5349/6297/2026 5348/6296/2026 5363/6311/2026
f 5341/6289/2082 5356/6304/2082 5357/6305/2082
f 5350/6298/2028 5349/6297/2028 5364/6312/2028
f 5342/6290/1140 5357/6305/1140 5358/6306/1140
f 5351/6299/1684 5350/6298/1684 5365/6313/1684
f 5343/6291/1853 5358/6306/1853 5359/6307/1853
f 5363/6311/642 5378/6326/642 5379/6327/642
f 5357/6305/1041 5356/6304/1041 5371/6319/1041
f 5364/6312/649 5379/6327/649 5380/6328/649
f 5358/6306/648 5357/6305/648 5372/6320/648
f 5365/6313/187 5380/6328/187 5381/6329/187
f 5359/6307/186 5358/6306/186 5373/6321/186
f 5367/6315/185 5366/6314/185 5381/6329/185
f 5360/6308/184 5359/6307/184 5374/6322/184
f 5368/6316/183 5367/6315/183 5382/6330/183
f 5360/6308/1039 5375/6323/1039 5376/6324/1039
f 5362/6310/1360 5361/6309/1360 5376/6324/1360
f 5354/6302/2083 5369/6317/2083 5370/6318/2083
f 5362/6310/177 5377/6325/177 5378/6326/177
f 5355/6303/643 5370/6318/643 5371/6319/643
f 5382/6330/633 5397/6345/633 5398/6346/633
f 5375/6323/174 5390/6338/174 5391/6339/174
f 5377/6325/2029 5376/6324/2029 5391/6339/2029
f 5370/6318/641 5369/6317/641 5384/6332/641
f 5377/6325/640 5392/6340/640 5393/6341/640
f 5371/6319/1036 5370/6318/1036 5385/6333/1036
f 5378/6326/638 5393/6341/638 5394/6342/638
f 5371/6319/2030 5386/6334/2030 5387/6335/2030
f 5379/6327/1129 5394/6342/1129 5395/6343/1129
f 5373/6321/1257 5372/6320/1257 5387/6335/1257
f 5381/6329/163 5380/6328/163 5395/6343/163
f 5374/6322/162 5373/6321/162 5388/6336/162
f 5381/6329/161 5396/6344/161 5397/6345/161
f 5375/6323/634 5374/6322/634 5389/6337/634
f 5386/6334/621 5401/6349/621 5402/6350/621
f 5395/6343/158 5394/6342/158 5409/6357/158
f 5387/6335/1849 5402/6350/1849 5403/6351/1849
f 5396/6344/156 5395/6343/156 5410/6358/156
f 5389/6337/2031 5388/6336/2031 5403/6351/2031
f 5396/6344/629 5411/6359/629 5412/6360/629
f 5390/6338/628 5389/6337/628 5404/6352/628
f 5398/6346/627 5397/6345/627 5412/6360/627
f 5390/6338/626 5405/6353/626 5406/6354/626
f 5392/6340/624 5391/6339/624 5406/6354/624
f 5384/6332/2084 5399/6347/2084 5400/6348/2084
f 5392/6340/889 5407/6355/889 5408/6356/889
f 5386/6334/2085 5385/6333/2085 5400/6348/2085
f 5393/6341/1911 5408/6356/1911 5409/6357/1911
f 5405/6353/127 5420/6368/127 5421/6369/127
f 5407/6355/140 5406/6354/140 5421/6369/140
f 5400/6348/2032 5399/6347/2032 5414/6362/2032
f 5407/6355/886 5422/6370/886 5423/6371/886
f 5401/6349/137 5400/6348/137 5415/6363/137
f 5409/6357/136 5408/6356/136 5423/6371/136
f 5402/6350/1527 5401/6349/1527 5416/6364/1527
f 5410/6358/1876 5409/6357/1876 5424/6372/1876
f 5402/6350/884 5417/6365/884 5418/6366/884
f 5410/6358/615 5425/6373/615 5426/6374/615
f 5403/6351/883 5418/6366/883 5419/6367/883
f 5411/6359/882 5426/6374/882 5427/6375/882
f 5405/6353/129 5404/6352/129 5419/6367/129
f 5412/6360/128 5427/6375/128 5428/6376/128
f 5424/6372/111 5439/6387/111 5440/6388/111
f 5418/6366/126 5417/6365/126 5432/6380/126
f 5425/6373/125 5440/6388/125 5441/6389/125
f 5419/6367/124 5418/6366/124 5433/6381/124
f 5426/6374/123 5441/6389/123 5442/6390/123
f 5419/6367/611 5434/6382/611 5435/6383/611
f 5428/6376/610 5427/6375/610 5442/6390/610
f 5421/6369/120 5420/6368/120 5435/6383/120
f 5421/6369/117 5436/6384/117 5437/6385/117
f 5414/6362/2086 5429/6377/2086 5430/6378/2086
f 5423/6371/607 5422/6370/607 5437/6385/607
f 5416/6364/878 5415/6363/878 5430/6378/878
f 5423/6371/113 5438/6386/113 5439/6387/113
f 5417/6365/2033 5416/6364/2033 5431/6379/2033
f 5437/6385/876 5436/6384/876 5451/6399/876
f 5429/6377/1118 5444/6392/1118 5445/6393/1118
f 5438/6386/108 5437/6385/108 5452/6400/108
f 5430/6378/874 5445/6393/874 5446/6394/874
f 5438/6386/106 5453/6401/106 5454/6402/106
f 5432/6380/105 5431/6379/105 5446/6394/105
f 5440/6388/2035 5439/6387/2035 5454/6402/2035
f 5432/6380/603 5447/6395/603 5448/6396/603
f 5440/6388/102 5455/6403/102 5456/6404/102
f 5434/6382/101 5433/6381/101 5448/6396/101
f 5442/6390/1843 5441/6389/1843 5456/6404/1843
f 5434/6382/99 5449/6397/99 5450/6398/99
f 5443/6391/599 5442/6390/599 5457/6405/599
f 5435/6383/598 5450/6398/598 5451/6399/598
f 5447/6395/593 5462/6410/593 5463/6411/593
f 5455/6403/83 5470/6418/83 5471/6419/83
f 5449/6397/591 5448/6396/591 5463/6411/591
f 5457/6405/81 5456/6404/81 5471/6419/81
f 5450/6398/80 5449/6397/80 5464/6412/80
f 5457/6405/1706 5472/6420/1706 5473/6421/1706
f 5450/6398/2087 5465/6413/2087 5466/6414/2087
f 5452/6400/91 5451/6399/91 5466/6414/91
f 5445/6393/866 5444/6392/866 5459/6407/866
f 5452/6400/89 5467/6415/89 5468/6416/89
f 5445/6393/865 5460/6408/865 5461/6409/865
f 5453/6401/87 5468/6416/87 5469/6417/87
f 5447/6395/2088 5446/6394/2088 5461/6409/2088
f 5455/6403/85 5454/6402/85 5469/6417/85
f 5466/6414/1244 5481/6429/1244 5482/6430/1244
f 5459/6407/2037 5474/6422/2037 5475/6423/2037
f 5468/6416/584 5467/6415/584 5482/6430/584
f 5461/6409/1112 5460/6408/1112 5475/6423/1112
f 5469/6417/582 5468/6416/582 5483/6431/582
f 5461/6409/1018 5476/6424/1018 5477/6425/1018
f 5469/6417/1242 5484/6432/1242 5485/6433/1242
f 5463/6411/579 5462/6410/579 5477/6425/579
f 5471/6419/2089 5470/6418/2089 5485/6433/2089
f 5463/6411/577 5478/6426/577 5479/6427/577
f 5471/6419/576 5486/6434/576 5487/6435/576
f 5464/6412/575 5479/6427/575 5480/6428/575
f 5473/6421/1890 5472/6420/1890 5487/6435/1890
f 5466/6414/589 5465/6413/589 5480/6428/589
f 5486/6434/1756 5485/6433/1756 5500/6448/1756
f 5478/6426/570 5493/6441/570 5494/6442/570
f 5486/6434/1015 5501/6449/1015 5502/6450/1015
f 5480/6428/853 5479/6427/853 5494/6442/853
f 5488/6436/567 5487/6435/567 5502/6450/567
f 5481/6429/566 5480/6428/566 5495/6443/566
f 5481/6429/2090 5496/6444/2090 5497/6445/2090
f 5474/6422/1107 5489/6437/1107 5490/6438/1107
f 5482/6430/561 5497/6445/561 5498/6446/561
f 5476/6424/1106 5475/6423/1106 5490/6438/1106
f 5484/6432/847 5483/6431/847 5498/6446/847
f 5476/6424/1758 5491/6439/1758 5492/6440/1758
f 5484/6432/1016 5499/6447/1016 5500/6448/1016
f 5478/6426/855 5477/6425/855 5492/6440/855
f 5497/6445/1235 5512/6460/1235 5513/6461/1235
f 5490/6438/552 5505/6453/552 5506/6454/552
f 5499/6447/551 5498/6446/551 5513/6461/551
f 5491/6439/550 5506/6454/550 5507/6455/550
f 5500/6448/549 5499/6447/549 5514/6462/549
f 5492/6440/548 5507/6455/548 5508/6456/548
f 5501/6449/547 5500/6448/547 5515/6463/547
f 5493/6441/1006 5508/6456/1006 5509/6457/1006
f 5502/6450/545 5501/6449/545 5516/6464/545
f 5495/6443/544 5494/6442/544 5509/6457/544
f 5502/6450/2091 5517/6465/2091 5518/6466/2091
f 5495/6443/558 5510/6458/558 5511/6459/558
f 5497/6445/555 5496/6444/555 5511/6459/555
f 5490/6438/2092 5489/6437/2092 5504/6452/2092
f 5517/6465/538 5516/6464/538 5531/6479/538
f 5509/6457/537 5524/6472/537 5525/6473/537
f 5518/6466/536 5517/6465/536 5532/6480/536
f 5511/6459/535 5510/6458/535 5525/6473/535
f 5511/6459/532 5526/6474/532 5527/6475/532
f 5504/6452/2043 5519/6467/2043 5520/6468/2043
f 5513/6461/1321 5512/6460/1321 5527/6475/1321
f 5505/6453/529 5520/6468/529 5521/6469/529
f 5513/6461/528 5528/6476/528 5529/6477/528
f 5506/6454/527 5521/6469/527 5522/6470/527
f 5514/6462/842 5529/6477/842 5530/6478/842
f 5508/6456/1232 5507/6455/1232 5522/6470/1232
f 5516/6464/1837 5515/6463/1837 5530/6478/1837
f 5509/6457/2093 5508/6456/2093 5523/6471/2093
f 5520/6468/1904 5536/6515/1904 5537/6516/1904
f 5529/6477/1225 5528/6476/1225 5544/6523/1225
f 5522/6470/1934 5521/6469/1934 5537/6516/1934
f 5529/6477/833 5545/6524/833 5546/6525/833
f 5523/6471/2094 5522/6470/2094 5538/6517/2094
f 5530/6478/1095 5546/6525/1095 5547/6526/1095
f 5523/6471/2095 5539/6518/2095 5540/6519/2095
f 5532/6480/515 5531/6479/515 5547/6526/515
f 5524/6472/514 5540/6519/514 5541/6520/514
f 5532/6480/513 5548/6527/513 5549/6528/513
f 5526/6474/2046 5525/6473/2046 5541/6520/2046
f 5526/6474/836 5542/6521/836 5543/6522/836
f 5520/6468/2047 5519/6467/2047 5535/6514/2047
f 5528/6476/1959 5527/6475/1959 5543/6522/1959
f 5540/6519/507 5555/6534/507 5556/6535/507
f 5549/6528/2048 5548/6527/2048 5563/6542/2048
f 5542/6521/505 5541/6520/505 5556/6535/505
f 5542/6521/825 5557/6536/825 5558/6537/825
f 5535/6514/987 5550/6529/987 5551/6530/987
f 5544/6523/824 5543/6522/824 5558/6537/824
f 5536/6515/1217 5551/6530/1217 5552/6531/1217
f 5545/6524/822 5544/6523/822 5559/6538/822
f 5538/6517/497 5537/6516/497 5552/6531/497
f 5546/6525/496 5545/6524/496 5560/6539/496
f 5538/6517/986 5553/6532/986 5554/6533/986
f 5546/6525/510 5561/6540/510 5562/6541/510
f 5539/6518/993 5554/6533/993 5555/6534/993
f 5548/6527/508 5547/6526/508 5562/6541/508
f 5560/6539/817 5559/6538/817 5574/6553/817
f 5552/6531/2050 5567/6546/2050 5568/6547/2050
f 5561/6540/815 5560/6539/815 5575/6554/815
f 5553/6532/814 5568/6547/814 5569/6548/814
f 5562/6541/487 5561/6540/487 5576/6555/487
f 5554/6533/486 5569/6548/486 5570/6549/486
f 5562/6541/485 5577/6556/485 5578/6557/485
f 5556/6535/484 5555/6534/484 5570/6549/484
f 5563/6542/2051 5578/6557/2051 5579/6558/2051
f 5557/6536/482 5556/6535/482 5571/6550/482
f 5557/6536/479 5572/6551/479 5573/6552/479
f 5551/6530/2096 5550/6529/2096 5565/6544/2096
f 5558/6537/1867 5573/6552/1867 5574/6553/1867
f 5552/6531/2000 5551/6530/2000 5566/6545/2000
f 5578/6557/2097 5593/6585/2097 5594/6587/2097
f 5571/6550/806 5586/6571/806 5587/6573/806
f 5573/6552/1210 5572/6551/1210 5587/6573/1210
f 5566/6545/2052 5565/6544/2052 5580/6559/2052
f 5573/6552/981 5588/6575/981 5589/6577/981
f 5566/6545/2098 5581/6561/2098 5582/6563/2098
f 5574/6553/2053 5589/6577/2053 5590/6579/2053
f 5568/6547/2054 5567/6546/2054 5582/6563/2054
f 5575/6554/798 5590/6579/798 5591/6581/798
f 5569/6548/464 5568/6547/464 5583/6565/464
f 5576/6555/463 5591/6581/463 5592/6583/463
f 5570/6549/983 5569/6548/983 5584/6567/983
f 5578/6557/808 5577/6556/808 5592/6583/808
f 5571/6550/476 5570/6549/476 5585/6569/476
f 5582/6564/2099 5597/6591/2099 5598/6592/2099
f 5591/6582/793 5590/6580/793 5605/6599/793
f 5583/6566/457 5598/6592/457 5599/6593/457
f 5592/6584/456 5591/6582/456 5606/6600/456
f 5584/6568/977 5599/6593/977 5600/6594/977
f 5592/6584/791 5607/6601/791 5608/6602/791
f 5585/6570/790 5600/6594/790 5601/6595/790
f 5594/6588/452 5593/6586/452 5608/6602/452
f 5587/6574/788 5586/6572/788 5601/6595/788
f 5587/6574/1203 5602/6596/1203 5603/6597/1203
f 5580/6560/2057 5595/6589/2057 5596/6590/2057
f 5589/6578/979 5588/6576/979 5603/6597/979
f 5582/6564/2100 5581/6562/2100 5596/6590/2100
f 5590/6580/2059 5589/6578/2059 5604/6598/2059
f 5601/6595/443 5616/6610/443 5617/6611/443
f 5603/6597/1286 5602/6596/1286 5617/6611/1286
f 5595/6589/2101 5610/6604/2101 5611/6605/2101
f 5603/6597/438 5618/6612/438 5619/6613/438
f 5596/6590/2002 5611/6605/2002 5612/6606/2002
f 5604/6598/778 5619/6613/778 5620/6614/778
f 5598/6592/2060 5597/6591/2060 5612/6606/2060
f 5605/6599/776 5620/6614/776 5621/6615/776
f 5599/6593/775 5598/6592/775 5613/6607/775
f 5606/6600/432 5621/6615/432 5622/6616/432
f 5600/6594/431 5599/6593/431 5614/6608/431
f 5608/6602/446 5607/6601/446 5622/6616/446
f 5601/6595/2102 5600/6594/2102 5615/6609/2102
f 5609/6603/2061 5608/6602/2061 5623/6617/2061
f 5620/6614/427 5635/6629/427 5636/6630/427
f 5614/6608/770 5613/6607/770 5628/6622/770
f 5622/6616/425 5621/6615/425 5636/6630/425
f 5615/6609/2062 5614/6608/2062 5629/6623/2062
f 5622/6616/423 5637/6631/423 5638/6632/423
f 5616/6610/1195 5615/6609/1195 5630/6624/1195
f 5623/6617/2063 5638/6632/2063 5639/6633/2063
f 5616/6610/420 5631/6625/420 5632/6626/420
f 5618/6612/768 5617/6611/768 5632/6626/768
f 5611/6605/969 5610/6604/969 5625/6619/969
f 5618/6612/767 5633/6627/767 5634/6628/767
f 5612/6606/1198 5611/6605/1198 5626/6620/1198
f 5619/6613/772 5634/6628/772 5635/6629/772
f 5612/6606/428 5627/6621/428 5628/6622/428
f 5633/6627/763 5632/6626/763 5647/6641/763
f 5625/6619/2064 5640/6634/2064 5641/6635/2064
f 5633/6627/1740 5648/6642/1740 5649/6643/1740
f 5627/6621/1902 5626/6620/1902 5641/6635/1902
f 5634/6628/405 5649/6643/405 5650/6644/405
f 5627/6621/1967 5642/6636/1967 5643/6637/1967
f 5636/6630/403 5635/6629/403 5650/6644/403
f 5628/6622/2066 5643/6637/2066 5644/6638/2066
f 5637/6631/1191 5636/6630/1191 5651/6645/1191
f 5630/6624/1316 5629/6623/1316 5644/6638/1316
f 5637/6631/399 5652/6646/399 5653/6647/399
f 5631/6625/414 5630/6624/414 5645/6639/414
f 5639/6633/413 5638/6632/413 5653/6647/413
f 5631/6625/1080 5646/6640/1080 5647/6641/1080
f 5651/6645/1811 5666/6660/1811 5667/6661/1811
f 5644/6638/393 5659/6653/393 5660/6654/393
f 5652/6646/392 5667/6661/392 5668/6662/392
f 5646/6640/391 5645/6639/391 5660/6654/391
f 5653/6647/749 5668/6662/749 5669/6663/749
f 5646/6640/389 5661/6655/389 5662/6656/389
f 5648/6642/747 5647/6641/747 5662/6656/747
f 5641/6635/2068 5640/6634/2068 5655/6649/2068
f 5648/6642/384 5663/6657/384 5664/6658/384
f 5642/6636/383 5641/6635/383 5656/6650/383
f 5650/6644/755 5649/6643/755 5664/6658/755
f 5643/6637/397 5642/6636/397 5657/6651/397
f 5651/6645/2069 5650/6644/2069 5665/6659/2069
f 5643/6637/1189 5658/6652/1189 5659/6653/1189
f 5655/6649/2070 5670/6664/2070 5671/6665/2070
f 5664/6658/1182 5663/6657/1182 5678/6672/1182
f 5657/6651/375 5656/6650/375 5671/6665/375
f 5664/6658/1314 5679/6673/1314 5680/6674/1314
f 5658/6652/373 5657/6651/373 5672/6666/373
f 5665/6659/372 5680/6674/372 5681/6675/372
f 5659/6653/371 5658/6652/371 5673/6667/371
f 5666/6660/370 5681/6675/370 5682/6676/370
f 5660/6654/955 5659/6653/955 5674/6668/955
f 5667/6661/368 5682/6676/368 5683/6677/368
f 5660/6654/1073 5675/6669/1073 5676/6670/1073
f 5669/6663/2071 5668/6662/2071 5683/6677/2071
f 5662/6656/381 5661/6655/381 5676/6670/381
f 5662/6656/378 5677/6671/378 5678/6672/378
f 5675/6669/363 5674/6668/363 5689/6683/363
f 5683/6677/952 5682/6676/952 5697/6691/952
f 5675/6669/361 5690/6684/361 5691/6685/361
f 5683/6677/360 5698/6692/360 5699/6693/360
f 5676/6670/736 5691/6685/736 5692/6686/736
f 5678/6672/1463 5677/6671/1463 5692/6686/1463
f 5671/6665/1068 5670/6664/1068 5685/6679/1068
f 5679/6673/354 5678/6672/354 5693/6687/354
f 5671/6665/1067 5686/6680/1067 5687/6681/1067
f 5679/6673/731 5694/6688/731 5695/6689/731
f 5673/6667/730 5672/6666/730 5687/6681/730
f 5681/6675/740 5680/6674/740 5695/6689/740
f 5673/6667/739 5688/6682/739 5689/6683/739
f 5681/6675/2008 5696/6690/2008 5697/6691/2008
f 5693/6687/346 5231/6148/346 5704/6698/346
f 5686/6680/1064 5701/6695/1064 5227/6144/1064
f 5694/6688/344 5704/6698/344 5232/6149/344
f 5688/6682/2103 5687/6681/2103 5227/6144/2103
f 5695/6689/342 5232/6149/342 5705/6699/342
f 5689/6683/2073 5688/6682/2073 5702/6696/2073
f 5696/6690/340 5705/6699/340 5706/6700/340
f 5690/6684/339 5689/6683/339 5228/6145/339
f 5698/6692/338 5697/6691/338 5706/6700/338
f 5691/6685/337 5690/6684/337 5703/6697/337
f 5698/6692/1731 5707/6701/1731 5708/6702/1731
f 5692/6686/335 5691/6685/335 5229/6146/335
f 5692/6686/1733 5230/6147/1733 5231/6148/1733
f 5686/6680/2104 5685/6679/2104 5700/6694/2104
f 6182/7253/1173 5715/6709/1173 5716/6710/1173
f 6186/7257/323 5713/6707/323 5723/6717/323
f 5709/6703/1276 6183/7254/1276 5716/6710/1276
f 5714/6708/321 6186/7257/321 5724/6718/321
f 5709/6703/720 5717/6711/720 5718/6712/720
f 5714/6708/319 5725/6719/319 5726/6720/319
f 5710/6704/334 6184/7255/334 5718/6712/334
f 6188/7259/333 6187/7258/333 5726/6720/333
f 5710/6704/942 5719/6713/942 5720/6714/942
f 6188/7259/331 5727/6721/331 5728/6722/331
f 6185/7256/330 5720/6714/330 5721/6715/330
f 6190/7261/940 6189/7260/940 5728/6722/940
f 5712/6706/328 5711/6705/328 5721/6715/328
f 5712/6706/325 5722/6716/325 5723/6717/325
f 5722/6716/318 5737/6731/318 5738/6732/318
f 5716/6710/1971 5715/6709/1971 5730/6724/1971
f 5723/6717/316 5738/6732/316 5739/6733/316
f 5717/6711/1726 5716/6710/1726 5731/6725/1726
f 5725/6719/718 5724/6718/718 5739/6733/718
f 5717/6711/1609 5732/6726/1609 5733/6727/1609
f 5725/6719/312 5740/6734/312 5741/6735/312
f 5719/6713/717 5718/6712/717 5733/6727/717
f 5727/6721/310 5726/6720/310 5741/6735/310
f 5719/6713/309 5734/6728/309 5735/6729/309
f 5727/6721/1169 5742/6736/1169 5743/6737/1169
f 5721/6715/307 5720/6714/307 5735/6729/307
f 5728/6722/306 5743/6737/306 5744/6738/306
f 5722/6716/1168 5721/6715/1168 5736/6730/1168
f 5733/6727/704 5748/6742/704 5749/6743/704
f 5742/6736/302 5741/6735/302 5756/6750/302
f 5734/6728/301 5749/6743/301 5750/6744/301
f 5743/6737/300 5742/6736/300 5757/6751/300
f 5736/6730/299 5735/6729/299 5750/6744/299
f 5743/6737/298 5758/6752/298 5759/6753/298
f 5736/6730/297 5751/6745/297 5752/6746/297
f 5738/6732/294 5737/6731/294 5752/6746/294
f 5731/6725/2105 5730/6724/2105 5745/6739/2105
f 5738/6732/1275 5753/6747/1275 5754/6748/1275
f 5731/6725/291 5746/6740/291 5747/6741/291
f 5740/6734/1312 5739/6733/1312 5754/6748/1312
f 5732/6726/289 5747/6741/289 5748/6742/289
f 5741/6735/1483 5740/6734/1483 5755/6749/1483
f 5752/6746/271 5767/6761/271 5768/6762/271
f 5745/6739/286 5760/6754/286 5761/6755/286
f 5754/6748/285 5753/6747/285 5768/6762/285
f 5746/6740/284 5761/6755/284 5762/6756/284
f 5754/6748/283 5769/6763/283 5770/6764/283
f 5747/6741/282 5762/6756/282 5763/6757/282
f 5755/6749/1973 5770/6764/1973 5771/6765/1973
f 5749/6743/927 5748/6742/927 5763/6757/927
f 5757/6751/1274 5756/6750/1274 5771/6765/1274
f 5750/6744/926 5749/6743/926 5764/6758/926
f 5758/6752/277 5757/6751/277 5772/6766/277
f 5750/6744/276 5765/6759/276 5766/6760/276
f 5759/6753/275 5758/6752/275 5773/6767/275
f 5752/6746/274 5751/6745/274 5766/6760/274
f 5771/6765/255 5786/6780/255 5787/6781/255
f 5764/6758/1162 5779/6773/1162 5780/6774/1162
f 5773/6767/695 5772/6766/695 5787/6781/695
f 5765/6759/694 5780/6774/694 5781/6775/694
f 5773/6767/267 5788/6782/267 5789/6783/267
f 5767/6761/1977 5766/6760/1977 5781/6775/1977
f 5767/6761/263 5782/6776/263 5783/6777/263
f 5761/6755/1052 5760/6754/1052 5775/6769/1052
f 5769/6763/2106 5768/6762/2106 5783/6777/2106
f 5761/6755/1881 5776/6770/1881 5777/6771/1881
f 5770/6764/1925 5769/6763/1925 5784/6778/1925
f 5763/6757/687 5762/6756/687 5777/6771/687
f 5770/6764/257 5785/6779/257 5786/6780/257
f 5764/6758/256 5763/6757/256 5778/6772/256
f 5775/6769/1493 5791/6816/1493 5792/6817/1493
f 5784/6778/684 5783/6777/684 5799/6824/684
f 5776/6770/1051 5792/6817/1051 5793/6818/1051
f 5785/6779/252 5784/6778/252 5800/6825/252
f 5778/6772/1979 5777/6771/1979 5793/6818/1979
f 5786/6780/1495 5785/6779/1495 5801/6826/1495
f 5778/6772/1157 5794/6819/1157 5795/6820/1157
f 5786/6780/248 5802/6827/248 5803/6828/248
f 5779/6773/1344 5795/6820/1344 5796/6821/1344
f 5788/6782/246 5787/6781/246 5803/6828/246
f 5780/6774/245 5796/6821/245 5797/6822/245
f 5789/6783/244 5788/6782/244 5804/6829/244
f 5782/6776/243 5781/6775/243 5797/6822/243
f 5782/6776/2107 5798/6823/2107 5799/6824/2107
f 5795/6820/223 5810/6835/223 5811/6836/223
f 5803/6828/1154 5818/6843/1154 5819/6844/1154
f 5797/6822/237 5796/6821/237 5811/6836/237
f 5804/6829/236 5819/6844/236 5820/6845/236
f 5798/6823/235 5797/6822/235 5812/6837/235
f 5798/6823/232 5813/6838/232 5814/6839/232
f 5792/6817/2108 5791/6816/2108 5806/6831/2108
f 5799/6824/1047 5814/6839/1047 5815/6840/1047
f 5793/6818/229 5792/6817/229 5807/6832/229
f 5801/6826/1924 5800/6825/1924 5815/6840/1924
f 5793/6818/1046 5808/6833/1046 5809/6834/1046
f 5802/6827/226 5801/6826/226 5816/6841/226
f 5794/6819/225 5809/6834/225 5810/6835/225
f 5803/6828/224 5802/6827/224 5817/6842/224
f 5814/6839/1044 5829/6854/1044 5830/6855/1044
f 5807/6832/905 5822/6847/905 5823/6848/905
f 5815/6840/222 5830/6855/222 5831/6856/222
f 5809/6834/1267 5808/6833/1267 5823/6848/1267
f 5816/6841/1146 5831/6856/1146 5832/6857/1146
f 5810/6835/219 5809/6834/219 5824/6849/219
f 5817/6842/218 5832/6857/218 5833/6858/218
f 5811/6836/217 5810/6835/217 5825/6850/217
f 5819/6844/216 5818/6843/216 5833/6858/216
f 5812/6837/1045 5811/6836/1045 5826/6851/1045
f 5819/6844/2109 5834/6859/2109 5835/6860/2109
f 5812/6837/213 5827/6852/213 5828/6853/213
f 5814/6839/210 5813/6838/210 5828/6853/210
f 5807/6832/1421 5806/6831/1421 5821/6846/1421
f 5833/6858/192 5848/6873/192 5849/6874/192
f 5826/6851/1042 5841/6866/1042 5842/6867/1042
f 5835/6860/206 5834/6859/206 5849/6874/206
f 5828/6853/205 5827/6852/205 5842/6867/205
f 5828/6853/202 5843/6868/202 5844/6869/202
f 5821/6846/1422 5836/6861/1422 5837/6862/1422
f 5830/6855/1043 5829/6854/1043 5844/6869/1043
f 5823/6848/904 5822/6847/904 5837/6862/904
f 5831/6856/198 5830/6855/198 5845/6870/198
f 5823/6848/903 5838/6863/903 5839/6864/903
f 5832/6857/1262 5831/6856/1262 5846/6871/1262
f 5824/6849/195 5839/6864/195 5840/6865/195
f 5833/6858/194 5832/6857/194 5847/6872/194
f 5825/6850/193 5840/6865/193 5841/6866/193
f 5845/6870/1912 5860/6885/1912 5861/6886/1912
f 5839/6864/1041 5838/6863/1041 5853/6878/1041
f 5846/6871/1040 5861/6886/1040 5862/6887/1040
f 5840/6865/188 5839/6864/188 5854/6879/188
f 5847/6872/187 5862/6887/187 5863/6888/187
f 5841/6866/186 5840/6865/186 5855/6880/186
f 5849/6874/1138 5848/6873/1138 5863/6888/1138
f 5842/6867/184 5841/6866/184 5856/6881/184
f 5850/6875/183 5849/6874/183 5864/6889/183
f 5842/6867/1039 5857/6882/1039 5858/6883/1039
f 5844/6869/1360 5843/6868/1360 5858/6883/1360
f 5836/6861/2110 5851/6876/2110 5852/6877/2110
f 5844/6869/177 5859/6884/177 5860/6885/177
f 5837/6862/176 5852/6877/176 5853/6878/176
f 5864/6889/159 5879/6904/159 5880/6905/159
f 5857/6882/174 5872/6897/174 5873/6898/174
f 5859/6884/2111 5858/6883/2111 5873/6898/2111
f 5852/6877/1517 5851/6876/1517 5866/6891/1517
f 5859/6884/640 5874/6899/640 5875/6900/640
f 5853/6878/1036 5852/6877/1036 5867/6892/1036
f 5860/6885/1626 5875/6900/1626 5876/6901/1626
f 5853/6878/1988 5868/6893/1988 5869/6894/1988
f 5861/6886/1129 5876/6901/1129 5877/6902/1129
f 5855/6880/1128 5854/6879/1128 5869/6894/1128
f 5863/6888/163 5862/6887/163 5877/6902/163
f 5856/6881/1361 5855/6880/1361 5870/6895/1361
f 5863/6888/161 5878/6903/161 5879/6904/161
f 5857/6882/634 5856/6881/634 5871/6896/634
f 5868/6893/621 5883/6908/621 5884/6909/621
f 5877/6902/158 5876/6901/158 5891/6916/158
f 5869/6894/157 5884/6909/157 5885/6910/157
f 5878/6903/156 5877/6902/156 5892/6917/156
f 5871/6896/1126 5870/6895/1126 5885/6910/1126
f 5878/6903/629 5893/6918/629 5894/6919/629
f 5872/6897/628 5871/6896/628 5886/6911/628
f 5880/6905/152 5879/6904/152 5894/6919/152
f 5872/6897/1990 5887/6912/1990 5888/6913/1990
f 5874/6899/148 5873/6898/148 5888/6913/148
f 5866/6891/1033 5881/6906/1033 5882/6907/1033
f 5874/6899/889 5889/6914/889 5890/6915/889
f 5868/6893/1878 5867/6892/1878 5882/6907/1878
f 5875/6900/1911 5890/6915/1911 5891/6916/1911
f 5887/6912/127 5902/6927/127 5903/6928/127
f 5889/6914/140 5888/6913/140 5903/6928/140
f 5882/6907/139 5881/6906/139 5896/6921/139
f 5889/6914/138 5904/6929/138 5905/6930/138
f 5883/6908/137 5882/6907/137 5897/6922/137
f 5891/6916/136 5890/6915/136 5905/6930/136
f 5884/6909/135 5883/6908/135 5898/6923/135
f 5892/6917/1992 5891/6916/1992 5906/6931/1992
f 5884/6909/884 5899/6924/884 5900/6925/884
f 5892/6917/1892 5907/6932/1892 5908/6933/1892
f 5885/6910/883 5900/6925/883 5901/6926/883
f 5893/6918/882 5908/6933/882 5909/6934/882
f 5887/6912/129 5886/6911/129 5901/6926/129
f 5894/6919/128 5909/6934/128 5910/6935/128
f 5906/6931/1304 5921/6946/1304 5922/6947/1304
f 5900/6925/613 5899/6924/613 5914/6939/613
f 5907/6932/125 5922/6947/125 5923/6948/125
f 5901/6926/124 5900/6925/124 5915/6940/124
f 5908/6933/123 5923/6948/123 5924/6949/123
f 5901/6926/611 5916/6941/611 5917/6942/611
f 5910/6935/121 5909/6934/121 5924/6949/121
f 5903/6928/120 5902/6927/120 5917/6942/120
f 5903/6928/117 5918/6943/117 5919/6944/117
f 5896/6921/2112 5911/6936/2112 5912/6937/2112
f 5905/6930/1432 5904/6929/1432 5919/6944/1432
f 5898/6923/114 5897/6922/114 5912/6937/114
f 5905/6930/1305 5920/6945/1305 5921/6946/1305
f 5899/6924/112 5898/6923/112 5913/6938/112
f 5919/6944/110 5918/6943/110 5933/6958/110
f 5911/6936/1994 5926/6951/1994 5927/6952/1994
f 5920/6945/108 5919/6944/108 5934/6959/108
f 5912/6937/107 5927/6952/107 5928/6953/107
f 5920/6945/604 5935/6960/604 5936/6961/604
f 5914/6939/105 5913/6938/105 5928/6953/105
f 5922/6947/104 5921/6946/104 5936/6961/104
f 5914/6939/603 5929/6954/603 5930/6955/603
f 5922/6947/102 5937/6962/102 5938/6963/102
f 5916/6941/101 5915/6940/101 5930/6955/101
f 5924/6949/1843 5923/6948/1843 5938/6963/1843
f 5916/6941/99 5931/6956/99 5932/6957/99
f 5925/6950/98 5924/6949/98 5939/6964/98
f 5917/6942/97 5932/6957/97 5933/6958/97
f 5929/6954/84 5944/6969/84 5945/6970/84
f 5937/6962/83 5952/6977/83 5953/6978/83
f 5931/6956/82 5930/6955/82 5945/6970/82
f 5939/6964/81 5938/6963/81 5953/6978/81
f 5932/6957/80 5931/6956/80 5946/6971/80
f 5939/6964/863 5954/6979/863 5955/6980/863
f 5932/6957/2087 5947/6972/2087 5948/6973/2087
f 5934/6959/91 5933/6958/91 5948/6973/91
f 5927/6952/1434 5926/6951/1434 5941/6966/1434
f 5934/6959/89 5949/6974/89 5950/6975/89
f 5927/6952/1249 5942/6967/1249 5943/6968/1249
f 5935/6960/87 5950/6975/87 5951/6976/87
f 5929/6954/2088 5928/6953/2088 5943/6968/2088
f 5937/6962/85 5936/6961/85 5951/6976/85
f 5948/6973/1244 5963/6988/1244 5964/6989/1244
f 5941/6966/861 5956/6981/861 5957/6982/861
f 5950/6975/584 5949/6974/584 5964/6989/584
f 5943/6968/1112 5942/6967/1112 5957/6982/1112
f 5951/6976/582 5950/6975/582 5965/6990/582
f 5943/6968/1018 5958/6983/1018 5959/6984/1018
f 5951/6976/1242 5966/6991/1242 5967/6992/1242
f 5945/6970/579 5944/6969/579 5959/6984/579
f 5953/6978/2089 5952/6977/2089 5967/6992/2089
f 5945/6970/1946 5960/6985/1946 5961/6986/1946
f 5953/6978/576 5968/6993/576 5969/6994/576
f 5946/6971/575 5961/6986/575 5962/6987/575
f 5955/6980/1890 5954/6979/1890 5969/6994/1890
f 5948/6973/589 5947/6972/589 5962/6987/589
f 5968/6993/1756 5967/6992/1756 5982/7007/1756
f 5960/6985/570 5975/7000/570 5976/7001/570
f 5968/6993/2113 5983/7008/2113 5984/7009/2113
f 5962/6987/853 5961/6986/853 5976/7001/853
f 5970/6995/567 5969/6994/567 5984/7009/567
f 5963/6988/566 5962/6987/566 5977/7002/566
f 5963/6988/563 5978/7003/563 5979/7004/563
f 5956/6981/1107 5971/6996/1107 5972/6997/1107
f 5964/6989/561 5979/7004/561 5980/7005/561
f 5958/6983/1106 5957/6982/1106 5972/6997/1106
f 5966/6991/847 5965/6990/847 5980/7005/847
f 5958/6983/1996 5973/6998/1996 5974/6999/1996
f 5966/6991/573 5981/7006/573 5982/7007/573
f 5960/6985/1240 5959/6984/1240 5974/6999/1240
f 5979/7004/553 5994/7019/553 5995/7020/553
f 5972/6997/1007 5987/7012/1007 5988/7013/1007
f 5981/7006/1322 5980/7005/1322 5995/7020/1322
f 5973/6998/843 5988/7013/843 5989/7014/843
f 5982/7007/1545 5981/7006/1545 5996/7021/1545
f 5974/6999/1234 5989/7014/1234 5990/7015/1234
f 5983/7008/547 5982/7007/547 5997/7022/547
f 5975/7000/546 5990/7015/546 5991/7016/546
f 5984/7009/1443 5983/7008/1443 5998/7023/1443
f 5977/7002/544 5976/7001/544 5991/7016/544
f 5984/7009/543 5999/7024/543 6000/7025/543
f 5977/7002/558 5992/7017/558 5993/7018/558
f 5979/7004/555 5978/7003/555 5993/7018/555
f 5972/6997/1236 5971/6996/1236 5986/7011/1236
f 5999/7024/538 5998/7023/538 6013/7038/538
f 5991/7016/2114 6006/7031/2114 6007/7032/2114
f 6000/7025/536 5999/7024/536 6014/7039/536
f 5993/7018/1098 5992/7017/1098 6007/7032/1098
f 5993/7018/2115 6008/7033/2115 6009/7034/2115
f 5986/7011/531 6001/7026/531 6002/7027/531
f 5995/7020/1321 5994/7019/1321 6009/7034/1321
f 5987/7012/529 6002/7027/529 6003/7028/529
f 5995/7020/839 6010/7035/839 6011/7036/839
f 5988/7013/527 6003/7028/527 6004/7029/527
f 5996/7021/1998 6011/7036/1998 6012/7037/1998
f 5990/7015/1232 5989/7014/1232 6004/7029/1232
f 5998/7023/1837 5997/7022/1837 6012/7037/1837
f 5991/7016/539 5990/7015/539 6005/7030/539
f 6002/7027/1904 6018/7074/1904 6019/7075/1904
f 6011/7036/521 6010/7035/521 6026/7082/521
f 6004/7029/1934 6003/7028/1934 6019/7075/1934
f 6011/7036/833 6027/7083/833 6028/7084/833
f 6005/7030/1888 6004/7029/1888 6020/7076/1888
f 6012/7037/1095 6028/7084/1095 6029/7085/1095
f 6005/7030/2095 6021/7077/2095 6022/7078/2095
f 6014/7039/515 6013/7038/515 6029/7085/515
f 6006/7031/514 6022/7078/514 6023/7079/514
f 6014/7039/513 6030/7086/513 6031/7087/513
f 6008/7033/512 6007/7032/512 6023/7079/512
f 6008/7033/525 6024/7080/525 6025/7081/525
f 6002/7027/524 6001/7026/524 6017/7073/524
f 6010/7035/2116 6009/7034/2116 6025/7081/2116
f 6022/7078/1387 6037/7093/1387 6038/7094/1387
f 6031/7087/506 6030/7086/506 6045/7101/506
f 6024/7080/505 6023/7079/505 6038/7094/505
f 6024/7080/502 6039/7095/502 6040/7096/502
f 6017/7073/987 6032/7088/987 6033/7089/987
f 6026/7082/1218 6025/7081/1218 6040/7096/1218
f 6018/7074/1217 6033/7089/1217 6034/7090/1217
f 6027/7083/1092 6026/7082/1092 6041/7097/1092
f 6020/7076/1295 6019/7075/1295 6034/7090/1295
f 6028/7084/1091 6027/7083/1091 6042/7098/1091
f 6020/7076/821 6035/7091/821 6036/7092/821
f 6028/7084/1559 6043/7099/1559 6044/7100/1559
f 6021/7077/509 6036/7092/509 6037/7093/509
f 6030/7086/508 6029/7085/508 6044/7100/508
f 6042/7098/491 6041/7097/491 6056/7112/491
f 6034/7090/490 6049/7105/490 6050/7106/490
f 6043/7099/815 6042/7098/815 6057/7113/815
f 6035/7091/814 6050/7106/814 6051/7107/814
f 6044/7100/487 6043/7099/487 6058/7114/487
f 6036/7092/486 6051/7107/486 6052/7108/486
f 6044/7100/485 6059/7115/485 6060/7116/485
f 6038/7094/484 6037/7093/484 6052/7108/484
f 6045/7101/812 6060/7116/812 6061/7117/812
f 6039/7095/1293 6038/7094/1293 6053/7109/1293
f 6039/7095/479 6054/7110/479 6055/7111/479
f 6033/7089/2096 6032/7088/2096 6047/7103/2096
f 6040/7096/1867 6055/7111/1867 6056/7112/1867
f 6034/7090/818 6033/7089/818 6048/7104/818
f 6060/7116/475 6075/7144/475 6076/7146/475
f 6053/7109/806 6068/7130/806 6069/7132/806
f 6055/7111/471 6054/7110/471 6069/7132/471
f 6048/7104/470 6047/7103/470 6062/7118/470
f 6055/7111/981 6070/7134/981 6071/7136/981
f 6048/7104/2098 6063/7120/2098 6064/7122/2098
f 6056/7112/467 6071/7136/467 6072/7138/467
f 6050/7106/1963 6049/7105/1963 6064/7122/1963
f 6057/7113/1206 6072/7138/1206 6073/7140/1206
f 6051/7107/1745 6050/7106/1745 6065/7124/1745
f 6058/7114/463 6073/7140/463 6074/7142/463
f 6052/7108/478 6051/7107/478 6066/7126/478
f 6060/7116/808 6059/7115/808 6074/7142/808
f 6053/7109/1291 6052/7108/1291 6067/7128/1291
f 6064/7123/1964 6079/7150/1964 6080/7151/1964
f 6073/7141/1572 6072/7139/1572 6087/7158/1572
f 6065/7125/1744 6080/7151/1744 6081/7152/1744
f 6074/7143/456 6073/7141/456 6088/7159/456
f 6066/7127/455 6081/7152/455 6082/7153/455
f 6074/7143/791 6089/7160/791 6090/7161/791
f 6067/7129/1287 6082/7153/1287 6083/7154/1287
f 6076/7147/2117 6075/7145/2117 6090/7161/2117
f 6069/7133/788 6068/7131/788 6083/7154/788
f 6069/7133/448 6084/7155/448 6085/7156/448
f 6062/7119/447 6077/7148/447 6078/7149/447
f 6071/7137/979 6070/7135/979 6085/7156/979
f 6064/7123/2100 6063/7121/2100 6078/7149/2100
f 6072/7139/460 6071/7137/460 6086/7157/460
f 6083/7154/783 6098/7169/783 6099/7170/783
f 6085/7156/440 6084/7155/440 6099/7170/440
f 6077/7148/2101 6092/7163/2101 6093/7164/2101
f 6085/7156/1200 6100/7171/1200 6101/7172/1200
f 6078/7149/779 6093/7164/779 6094/7165/779
f 6086/7157/436 6101/7172/436 6102/7173/436
f 6080/7151/435 6079/7150/435 6094/7165/435
f 6087/7158/776 6102/7173/776 6103/7174/776
f 6081/7152/775 6080/7151/775 6095/7166/775
f 6088/7159/432 6103/7174/432 6104/7175/432
f 6082/7153/431 6081/7152/431 6096/7167/431
f 6090/7161/446 6089/7160/446 6104/7175/446
f 6083/7154/445 6082/7153/445 6097/7168/445
f 6091/7162/784 6090/7161/784 6105/7176/784
f 6102/7173/1081 6117/7188/1081 6118/7189/1081
f 6096/7167/426 6095/7166/426 6110/7181/426
f 6104/7175/1585 6103/7174/1585 6118/7189/1585
f 6097/7168/424 6096/7167/424 6111/7182/424
f 6104/7175/423 6119/7190/423 6120/7191/423
f 6098/7169/1395 6097/7168/1395 6112/7183/1395
f 6105/7176/421 6120/7191/421 6121/7192/421
f 6098/7169/420 6113/7184/420 6114/7185/420
f 6100/7171/417 6099/7170/417 6114/7185/417
f 6093/7164/969 6092/7163/969 6107/7178/969
f 6100/7171/415 6115/7186/415 6116/7187/415
f 6094/7165/1198 6093/7164/1198 6108/7179/1198
f 6101/7172/1082 6116/7187/1082 6117/7188/1082
f 6094/7165/1285 6109/7180/1285 6110/7181/1285
f 6115/7186/409 6114/7185/409 6129/7200/409
f 6107/7178/408 6122/7193/408 6123/7194/408
f 6115/7186/407 6130/7201/407 6131/7202/407
f 6109/7180/1902 6108/7179/1902 6123/7194/1902
f 6116/7187/759 6131/7202/759 6132/7203/759
f 6109/7180/1967 6124/7195/1967 6125/7196/1967
f 6118/7189/403 6117/7188/403 6132/7203/403
f 6110/7181/402 6125/7196/402 6126/7197/402
f 6119/7190/1191 6118/7189/1191 6133/7204/1191
f 6112/7183/1316 6111/7182/1316 6126/7197/1316
f 6119/7190/399 6134/7205/399 6135/7206/399
f 6113/7184/414 6112/7183/414 6127/7198/414
f 6121/7192/413 6120/7191/413 6135/7206/413
f 6113/7184/1590 6128/7199/1590 6129/7200/1590
f 6133/7204/1811 6148/7219/1811 6149/7220/1811
f 6126/7197/393 6141/7212/393 6142/7213/393
f 6134/7205/392 6149/7220/392 6150/7221/392
f 6128/7199/391 6127/7198/391 6142/7213/391
f 6135/7206/749 6150/7221/749 6151/7222/749
f 6128/7199/1076 6143/7214/1076 6144/7215/1076
f 6130/7201/747 6129/7200/747 6144/7215/747
f 6123/7194/385 6122/7193/385 6137/7208/385
f 6130/7201/384 6145/7216/384 6146/7217/384
f 6124/7195/383 6123/7194/383 6138/7209/383
f 6132/7203/755 6131/7202/755 6146/7217/755
f 6125/7196/397 6124/7195/397 6139/7210/397
f 6133/7204/2005 6132/7203/2005 6147/7218/2005
f 6125/7196/1189 6140/7211/1189 6141/7212/1189
f 6137/7208/377 6152/7223/377 6153/7224/377
f 6146/7217/376 6145/7216/376 6160/7231/376
f 6139/7210/956 6138/7209/956 6153/7224/956
f 6146/7217/1314 6161/7232/1314 6162/7233/1314
f 6140/7211/741 6139/7210/741 6154/7225/741
f 6147/7218/1597 6162/7233/1597 6163/7234/1597
f 6141/7212/1180 6140/7211/1180 6155/7226/1180
f 6148/7219/370 6163/7234/370 6164/7235/370
f 6142/7213/369 6141/7212/369 6156/7227/369
f 6149/7220/2118 6164/7235/2118 6165/7236/2118
f 6142/7213/367 6157/7228/367 6158/7229/367
f 6151/7222/382 6150/7221/382 6165/7236/382
f 6144/7215/381 6143/7214/381 6158/7229/381
f 6144/7215/378 6159/7230/378 6160/7231/378
f 6157/7228/363 6156/7227/363 6171/7242/363
f 6165/7236/2119 6164/7235/2119 6179/7250/2119
f 6157/7228/361 6172/7243/361 6173/7244/361
f 6165/7236/360 6180/7251/360 6181/7252/360
f 6158/7229/736 6173/7244/736 6174/7245/736
f 6160/7231/1463 6159/7230/1463 6174/7245/1463
f 6153/7224/1068 6152/7223/1068 6167/7238/1068
f 6161/7232/354 6160/7231/354 6175/7246/354
f 6153/7224/1067 6168/7239/1067 6169/7240/1067
f 6161/7232/731 6176/7247/731 6177/7248/731
f 6155/7226/2007 6154/7225/2007 6169/7240/2007
f 6163/7234/366 6162/7233/366 6177/7248/366
f 6155/7226/1178 6170/7241/1178 6171/7242/1178
f 6163/7234/2008 6178/7249/2008 6179/7250/2008
f 6175/7246/346 5713/6707/346 6186/7257/346
f 6168/7239/1064 6183/7254/1064 5709/6703/1064
f 6176/7247/344 6186/7257/344 5714/6708/344
f 6170/7241/2103 6169/7240/2103 5709/6703/2103
f 6177/7248/726 5714/6708/726 6187/7258/726
f 6171/7242/341 6170/7241/341 6184/7255/341
f 6178/7249/340 6187/7258/340 6188/7259/340
f 6172/7243/2009 6171/7242/2009 5710/6704/2009
f 6180/7251/338 6179/7250/338 6188/7259/338
f 6173/7244/337 6172/7243/337 6185/7256/337
f 6180/7251/1731 6189/7260/1731 6190/7261/1731
f 6174/7245/335 6173/7244/335 5711/6705/335
f 6174/7245/1733 5712/6706/1733 5713/6707/1733
f 6168/7239/943 6167/7238/943 6182/7253/943
s 1
f 6192/7265/1 6194/7270/4 6193/7268/2
f 6194/7270/4 6196/7274/6 6195/7272/5
f 6196/7274/6 6198/7278/8 6197/7276/7
f 6198/7278/8 6200/7282/10 6199/7280/9
f 6200/7282/10 6202/7286/12 6201/7284/11
f 6202/7286/12 6204/7290/14 6203/7288/13
f 6204/7290/14 6206/7294/16 6205/7292/15
f 6206/7294/16 6208/7298/18 6207/7296/17
f 6208/7298/18 6210/7302/20 6209/7300/19
f 6210/7302/20 6212/7306/22 6211/7304/21
f 6212/7306/22 6214/7310/24 6213/7308/23
f 6214/7310/24 6216/7314/26 6215/7312/25
f 6216/7314/26 6218/7318/28 6217/7316/27
f 6218/7318/28 6220/7322/30 6219/7320/29
f 6220/7322/30 6222/7326/32 6221/7324/31
f 6222/7326/32 6224/7330/34 6223/7328/33
f 6224/7330/34 6226/7334/36 6225/7332/35
f 6226/7334/36 6228/7338/38 6227/7336/37
f 6228/7338/38 6230/7342/40 6229/7340/39
f 6230/7342/40 6232/7346/42 6231/7344/41
f 6232/7346/42 6234/7350/44 6233/7348/43
f 6234/7350/44 6236/7354/46 6235/7352/45
f 6236/7354/46 6238/7358/48 6237/7356/47
f 6238/7358/48 6240/7362/50 6239/7360/49
f 6240/7362/50 6242/7366/52 6241/7364/51
f 6242/7366/52 6244/7370/54 6243/7368/53
f 6244/7370/54 6246/7374/56 6245/7372/55
f 6246/7374/56 6248/7378/58 6247/7376/57
f 6248/7378/58 6250/7382/60 6249/7380/59
f 6250/7382/60 6252/7387/62 6251/7384/61
f 6196/7275/6 6194/7271/4 6192/7266/1
f 6192/7266/1 6254/7390/64 6252/7386/62
f 6252/7386/62 6250/7383/60 6244/7371/54
f 6250/7383/60 6248/7379/58 6244/7371/54
f 6248/7379/58 6246/7375/56 6244/7371/54
f 6244/7371/54 6242/7367/52 6240/7363/50
f 6240/7363/50 6238/7359/48 6236/7355/46
f 6236/7355/46 6234/7351/44 6232/7347/42
f 6232/7347/42 6230/7343/40 6236/7355/46
f 6230/7343/40 6228/7339/38 6236/7355/46
f 6228/7339/38 6226/7335/36 6224/7331/34
f 6224/7331/34 6222/7327/32 6220/7323/30
f 6220/7323/30 6218/7319/28 6212/7307/22
f 6218/7319/28 6216/7315/26 6212/7307/22
f 6216/7315/26 6214/7311/24 6212/7307/22
f 6212/7307/22 6210/7303/20 6208/7299/18
f 6208/7299/18 6206/7295/16 6204/7291/14
f 6204/7291/14 6202/7287/12 6200/7283/10
f 6200/7283/10 6198/7279/8 6204/7291/14
f 6198/7279/8 6196/7275/6 6204/7291/14
f 6196/7275/6 6192/7266/1 6252/7386/62
f 6244/7371/54 6240/7363/50 6228/7339/38
f 6240/7363/50 6236/7355/46 6228/7339/38
f 6228/7339/38 6224/7331/34 6220/7323/30
f 6212/7307/22 6208/7299/18 6196/7275/6
f 6208/7299/18 6204/7291/14 6196/7275/6
f 6196/7275/6 6252/7386/62 6228/7339/38
f 6252/7386/62 6244/7371/54 6228/7339/38
f 6228/7339/38 6220/7323/30 6196/7275/6
f 6252/7387/62 6254/7391/64 6253/7388/63
f 6254/7391/64 6192/7267/1 6191/7263/3
f 6253/7389/63 6191/7264/3 6193/7269/2
f 6193/7269/2 6195/7273/5 6253/7389/63
f 6195/7273/5 6197/7277/7 6253/7389/63
f 6197/7277/7 6199/7281/9 6201/7285/11
f 6201/7285/11 6203/7289/13 6197/7277/7
f 6203/7289/13 6205/7293/15 6197/7277/7
f 6205/7293/15 6207/7297/17 6209/7301/19
f 6209/7301/19 6211/7305/21 6213/7309/23
f 6213/7309/23 6215/7313/25 6217/7317/27
f 6217/7317/27 6219/7321/29 6213/7309/23
f 6219/7321/29 6221/7325/31 6213/7309/23
f 6221/7325/31 6223/7329/33 6225/7333/35
f 6225/7333/35 6227/7337/37 6221/7325/31
f 6227/7337/37 6229/7341/39 6221/7325/31
f 6229/7341/39 6231/7345/41 6233/7349/43
f 6233/7349/43 6235/7353/45 6229/7341/39
f 6235/7353/45 6237/7357/47 6229/7341/39
f 6237/7357/47 6239/7361/49 6241/7365/51
f 6241/7365/51 6243/7369/53 6237/7357/47
f 6243/7369/53 6245/7373/55 6237/7357/47
f 6245/7373/55 6247/7377/57 6249/7381/59
f 6249/7381/59 6251/7385/61 6253/7389/63
f 6205/7293/15 6209/7301/19 6221/7325/31
f 6209/7301/19 6213/7309/23 6221/7325/31
f 6245/7373/55 6249/7381/59 6237/7357/47
f 6249/7381/59 6253/7389/63 6237/7357/47
f 6253/7389/63 6197/7277/7 6205/7293/15
f 6221/7325/31 6229/7341/39 6237/7357/47
f 6253/7389/63 6205/7293/15 6237/7357/47
