# Blender 3.5.0
# www.blender.org
mtllib title.mtl
o テキスト　
v -4.902344 -0.551758 -0.100000
v -5.089417 -0.475227 -0.100000
v -5.274658 -0.392117 -0.100000
v -5.458069 -0.302429 -0.100000
v -5.639648 -0.206163 -0.099999
v -5.819397 -0.103319 -0.099999
v -5.997314 0.006104 -0.099999
v -6.173401 0.122104 -0.099999
v -6.347656 0.244683 -0.099999
v -6.520081 0.373840 -0.099999
v -6.690674 0.509576 -0.099999
v -6.859436 0.651890 -0.099999
v -7.026367 0.800781 -0.099999
v -6.950717 0.921936 -0.099999
v -6.878391 1.049398 -0.099999
v -6.809387 1.183167 -0.099999
v -6.743707 1.323242 -0.099999
v -6.681349 1.469625 -0.099999
v -6.622315 1.622314 -0.099999
v -6.566603 1.781311 -0.099999
v -6.514215 1.946615 -0.100000
v -6.465149 2.118225 -0.100000
v -6.419406 2.296143 -0.100000
v -6.376987 2.480367 -0.100000
v -6.337891 2.670898 -0.100000
v -4.702148 2.670898 -0.100000
v -4.700995 2.613424 -0.100000
v -4.699164 2.554932 -0.100000
v -4.696655 2.495422 -0.100000
v -4.693468 2.434896 -0.100000
v -4.689602 2.373352 -0.100000
v -4.685059 2.310791 -0.100000
v -4.679837 2.247213 -0.100000
v -4.673937 2.182617 -0.100000
v -4.667358 2.117004 -0.100000
v -4.660102 2.050374 -0.100000
v -4.652167 1.982727 -0.100000
v -4.643555 1.914062 -0.100000
v -4.754096 1.865709 -0.100000
v -4.861111 1.816677 -0.100000
v -4.964600 1.766968 -0.100000
v -5.064562 1.716580 -0.100000
v -5.160997 1.665514 -0.100000
v -5.253906 1.613770 -0.100000
v -5.343289 1.561347 -0.100000
v -5.429145 1.508247 -0.100000
v -5.511475 1.454468 -0.100000
v -5.590278 1.400011 -0.100000
v -5.665555 1.344876 -0.100000
v -5.737305 1.289062 -0.100000
v -5.802036 1.236572 -0.100000
v -5.861138 1.184896 -0.100000
v -5.914612 1.134033 -0.100000
v -5.962457 1.083984 -0.100000
v -6.004673 1.034749 -0.100000
v -6.041260 0.986328 -0.100000
v -6.072218 0.938721 -0.100000
v -6.097548 0.891927 -0.100000
v -6.117249 0.845947 -0.099999
v -6.131320 0.800781 -0.099999
v -6.139764 0.756429 -0.099999
v -6.142578 0.712891 -0.099999
v -6.141527 0.688680 -0.099999
v -6.138374 0.664876 -0.099999
v -6.133118 0.641479 -0.099999
v -6.125760 0.618490 -0.099999
v -6.116300 0.595907 -0.099999
v -6.104737 0.573730 -0.099999
v -6.091072 0.551961 -0.099999
v -6.075304 0.530599 -0.099999
v -6.057434 0.509644 -0.099999
v -6.037462 0.489095 -0.099999
v -6.015388 0.468953 -0.099999
v -5.991211 0.449219 -0.099999
v -5.965475 0.428942 -0.099999
v -5.940349 0.410428 -0.099999
v -5.915833 0.393677 -0.099999
v -5.891928 0.378689 -0.099999
v -5.868633 0.365465 -0.099999
v -5.845948 0.354004 -0.099999
v -5.823874 0.344306 -0.100000
v -5.802410 0.336372 -0.100000
v -5.781557 0.330200 -0.100000
v -5.761313 0.325792 -0.100000
v -5.741681 0.323147 -0.100000
v -5.722656 0.322266 -0.100000
v -5.702481 0.323554 -0.100000
v -5.682644 0.327420 -0.100000
v -5.663147 0.333862 -0.100000
v -5.643989 0.342882 -0.100000
v -5.625169 0.354479 -0.100000
v -5.606689 0.368652 -0.100000
v -5.588548 0.385403 -0.100000
v -5.570746 0.404731 -0.100000
v -5.553284 0.426636 -0.100000
v -5.536160 0.451118 -0.100000
v -5.519375 0.478177 -0.100000
v -5.502930 0.507812 -0.100000
v -5.450982 0.602926 -0.100000
v -5.394423 0.696208 -0.100000
v -5.333252 0.787659 -0.100000
v -5.267470 0.877279 -0.100000
v -5.197076 0.965068 -0.100000
v -5.122070 1.051025 -0.100000
v -5.042453 1.135152 -0.100000
v -4.958225 1.217448 -0.100000
v -4.869385 1.297913 -0.100000
v -4.775933 1.376546 -0.100000
v -4.677870 1.453349 -0.100000
v -4.575195 1.528320 -0.100000
v -4.520806 1.294386 -0.100000
v -4.453668 1.067844 -0.100000
v -4.373779 0.848694 -0.100000
v -4.281141 0.636936 -0.100000
v -4.175754 0.432570 -0.100000
v -4.057617 0.235596 -0.100000
v -3.926731 0.046014 -0.100000
v -3.783095 -0.136176 -0.100000
v -3.626709 -0.310974 -0.100000
v -3.457574 -0.478380 -0.100000
v -3.275689 -0.638394 -0.100000
v -3.081055 -0.791016 -0.100000
v -2.822266 -0.498047 -0.100000
v -2.965902 -0.352614 -0.100000
v -3.100586 -0.202772 -0.100000
v -3.226318 -0.048523 -0.100000
v -3.343099 0.110135 -0.100000
v -3.450928 0.273200 -0.100000
v -3.549805 0.440674 -0.100000
v -3.639730 0.612556 -0.100000
v -3.720703 0.788845 -0.100000
v -3.792725 0.969543 -0.100000
v -3.855794 1.154649 -0.100000
v -3.909912 1.344164 -0.100000
v -3.955078 1.538086 -0.100000
v -3.972371 1.625773 -0.100000
v -3.988444 1.714681 -0.100000
v -4.003296 1.804809 -0.100000
v -4.016927 1.896159 -0.100000
v -4.029338 1.988729 -0.100000
v -4.040528 2.082519 -0.100000
v -4.050497 2.177531 -0.100000
v -4.059246 2.273763 -0.100000
v -4.066773 2.371216 -0.100000
v -4.073081 2.469889 -0.100000
v -4.078167 2.569784 -0.100000
v -4.082031 2.670898 -0.100000
v -3.061523 2.670898 -0.100000
v -2.919922 3.120117 -0.100000
v -6.264648 3.120117 -0.100000
v -6.231893 3.371616 -0.100000
v -6.201986 3.657362 -0.100000
v -6.174927 3.977356 -0.100000
v -6.150716 4.331597 -0.100000
v -6.129354 4.720086 -0.100000
v -6.110840 5.142822 -0.100000
v -6.095174 5.599806 -0.100000
v -6.082357 6.091037 -0.100000
v -6.072388 6.616516 -0.100000
v -6.065267 7.176242 -0.100000
v -6.060995 7.770216 -0.100000
v -6.059570 8.398438 -0.100000
v -6.217109 8.391521 -0.100000
v -6.360948 8.382162 -0.100000
v -6.491088 8.370362 -0.100000
v -6.607530 8.356121 -0.100000
v -6.710273 8.339438 -0.100000
v -6.799316 8.320314 -0.100000
v -6.874661 8.298749 -0.100000
v -6.936306 8.274742 -0.100000
v -6.984253 8.248294 -0.100000
v -7.018500 8.219404 -0.100000
v -7.039049 8.188073 -0.100000
v -7.045898 8.154297 -0.100000
v -7.043220 8.133070 -0.100000
v -7.035183 8.111708 -0.100000
v -7.021790 8.090210 -0.100000
v -7.003038 8.068577 -0.100000
v -6.978930 8.046807 -0.100000
v -6.949463 8.024902 -0.100000
v -6.914639 8.002862 -0.100000
v -6.874457 7.980686 -0.100000
v -6.828918 7.958374 -0.100000
v -6.778022 7.935927 -0.100000
v -6.721768 7.913344 -0.100000
v -6.660156 7.890625 -0.100000
v -6.661377 7.311639 -0.100000
v -6.665039 6.766086 -0.100000
v -6.671143 6.253967 -0.100000
v -6.679688 5.775282 -0.100000
v -6.690674 5.330030 -0.100000
v -6.704102 4.918212 -0.100000
v -6.719971 4.539828 -0.100000
v -6.738281 4.194878 -0.100000
v -6.759033 3.883361 -0.100000
v -6.782227 3.605278 -0.100000
v -6.807861 3.360629 -0.100000
v -6.835938 3.149414 -0.100000
v -7.993164 3.149414 -0.099999
v -7.978143 3.156704 -0.099999
v -7.964003 3.165555 -0.099999
v -7.950745 3.175964 -0.099999
v -7.938368 3.187934 -0.099999
v -7.926873 3.201463 -0.099999
v -7.916260 3.216553 -0.099999
v -7.906528 3.233202 -0.099999
v -7.897678 3.251410 -0.099999
v -7.889709 3.271179 -0.099999
v -7.882623 3.292508 -0.099999
v -7.876418 3.315396 -0.099999
v -7.871094 3.339844 -0.099999
v -7.859565 3.391181 -0.099999
v -7.844510 3.441027 -0.099999
v -7.825928 3.489380 -0.099999
v -7.803820 3.536242 -0.099999
v -7.778185 3.581611 -0.099999
v -7.749023 3.625489 -0.099999
v -7.716336 3.667874 -0.099999
v -7.680121 3.708768 -0.099999
v -7.640381 3.748169 -0.099999
v -7.597114 3.786079 -0.099999
v -7.550320 3.822496 -0.100000
v -7.500000 3.857422 -0.100000
v -7.700195 4.086914 -0.100000
v -7.828098 4.039680 -0.099999
v -7.944879 3.992377 -0.099999
v -8.050537 3.945007 -0.099999
v -8.145074 3.897569 -0.099999
v -8.228489 3.850064 -0.099999
v -8.300781 3.802490 -0.099999
v -8.361952 3.754849 -0.099999
v -8.412001 3.707139 -0.099999
v -8.450928 3.659363 -0.099999
v -8.478733 3.611518 -0.099999
v -8.495416 3.563605 -0.099999
v -8.500977 3.515625 -0.099999
v -8.499824 3.493720 -0.099999
v -8.496365 3.471951 -0.099999
v -8.490601 3.450317 -0.099999
v -8.482531 3.428819 -0.099999
v -8.472155 3.407457 -0.099999
v -8.459473 3.386230 -0.099999
v -8.444485 3.365139 -0.099999
v -8.427192 3.344184 -0.099999
v -8.407593 3.323364 -0.099999
v -8.385688 3.302680 -0.099999
v -8.361477 3.282131 -0.099999
v -8.334961 3.261719 -0.099999
v -8.316345 3.248257 -0.099999
v -8.297933 3.235542 -0.099999
v -8.279724 3.223572 -0.099999
v -8.261719 3.212348 -0.099999
v -8.243917 3.201870 -0.099999
v -8.226318 3.192139 -0.099999
v -8.208923 3.183153 -0.099999
v -8.191731 3.174913 -0.099999
v -8.174744 3.167419 -0.099999
v -8.157959 3.160672 -0.099999
v -8.141377 3.154670 -0.099999
v -8.125000 3.149414 -0.099999
v -8.691406 3.149414 -0.099999
v -9.062500 3.540039 -0.099999
v -9.121840 3.494365 -0.099999
v -9.179416 3.448486 -0.099999
v -9.235229 3.402405 -0.099999
v -9.289279 3.356120 -0.099999
v -9.341566 3.309631 -0.099999
v -9.392090 3.262939 -0.099999
v -9.440850 3.216044 -0.099999
v -9.487847 3.168945 -0.099999
v -9.533081 3.121643 -0.099999
v -9.576551 3.074137 -0.099999
v -9.618258 3.026428 -0.099999
v -9.658203 2.978516 -0.099999
v -9.511719 2.700195 -0.099999
v -6.909180 2.700195 -0.100000
v -6.942071 2.551168 -0.100000
v -6.977268 2.406820 -0.099999
v -7.014771 2.267151 -0.099999
v -7.054579 2.132161 -0.099999
v -7.096693 2.001851 -0.099999
v -7.141113 1.876221 -0.099999
v -7.187839 1.755269 -0.099999
v -7.236871 1.638997 -0.099999
v -7.288208 1.527405 -0.099999
v -7.341851 1.420492 -0.099999
v -7.397800 1.318258 -0.099999
v -7.456055 1.220703 -0.099999
v -7.549676 1.325480 -0.099999
v -7.640110 1.431478 -0.099999
v -7.727356 1.538696 -0.099999
v -7.811415 1.647135 -0.099999
v -7.892286 1.756795 -0.099999
v -7.969971 1.867676 -0.099999
v -8.044468 1.979777 -0.099999
v -8.115777 2.093099 -0.099999
v -8.183899 2.207641 -0.099999
v -8.248834 2.323405 -0.099999
v -8.310581 2.440389 -0.099999
v -8.369141 2.558594 -0.099999
v -8.486125 2.499559 -0.099999
v -8.592937 2.442898 -0.099999
v -8.689575 2.388611 -0.099999
v -8.776042 2.336697 -0.099999
v -8.852336 2.287157 -0.099999
v -8.918457 2.239990 -0.099999
v -8.974406 2.195197 -0.099999
v -9.020183 2.152778 -0.099999
v -9.055786 2.112732 -0.099999
v -9.081218 2.075060 -0.099999
v -9.096477 2.039761 -0.099999
v -9.101562 2.006836 -0.099999
v -9.098782 1.985745 -0.099999
v -9.090440 1.966417 -0.099999
v -9.076537 1.948853 -0.099999
v -9.057074 1.933051 -0.099999
v -9.032049 1.919013 -0.099999
v -9.001464 1.906738 -0.099999
v -8.965318 1.896227 -0.099999
v -8.923611 1.887478 -0.099999
v -8.876343 1.880493 -0.099999
v -8.823513 1.875271 -0.099999
v -8.765122 1.871813 -0.099999
v -8.701172 1.870117 -0.099999
v -8.644714 1.785143 -0.099999
v -8.584392 1.699490 -0.099999
v -8.520203 1.613159 -0.099999
v -8.452148 1.526150 -0.099999
v -8.380229 1.438463 -0.099999
v -8.304443 1.350098 -0.099999
v -8.224792 1.261054 -0.099999
v -8.141276 1.171332 -0.099999
v -8.053894 1.080932 -0.099999
v -7.962646 0.989854 -0.099999
v -7.867533 0.898098 -0.099999
v -7.768555 0.805664 -0.099999
v -7.823350 0.736253 -0.099999
v -7.878689 0.669623 -0.099999
v -7.934570 0.605774 -0.099999
v -7.990993 0.544705 -0.099999
v -8.047959 0.486416 -0.099999
v -8.105468 0.430908 -0.099999
v -8.163519 0.378181 -0.099999
v -8.222113 0.328233 -0.099999
v -8.281249 0.281067 -0.099999
v -8.340928 0.236681 -0.099999
v -8.401150 0.195075 -0.099999
v -8.461914 0.156250 -0.099999
v -8.493720 0.136753 -0.099999
v -8.524035 0.118951 -0.099999
v -8.552856 0.102844 -0.099999
v -8.580187 0.088433 -0.099999
v -8.606025 0.075717 -0.099999
v -8.630371 0.064697 -0.099999
v -8.653225 0.055372 -0.099999
v -8.674587 0.047743 -0.099999
v -8.694458 0.041809 -0.099999
v -8.712836 0.037571 -0.099999
v -8.729723 0.035027 -0.099999
v -8.745117 0.034180 -0.099999
v -8.768582 0.036452 -0.099999
v -8.791776 0.043267 -0.099999
v -8.814698 0.054626 -0.099999
v -8.837349 0.070530 -0.099999
v -8.859729 0.090976 -0.099999
v -8.881837 0.115967 -0.099999
v -8.903674 0.145501 -0.099999
v -8.925240 0.179579 -0.099999
v -8.946534 0.218201 -0.099999
v -8.967557 0.261366 -0.099999
v -8.988309 0.309075 -0.099999
v -9.008789 0.361328 -0.099999
v -9.035102 0.430366 -0.099999
v -9.060329 0.500760 -0.099999
v -9.084473 0.572510 -0.099999
v -9.107531 0.645616 -0.099999
v -9.129503 0.720079 -0.099999
v -9.150391 0.795898 -0.099999
v -9.170193 0.873074 -0.099999
v -9.188910 0.951606 -0.099999
v -9.206543 1.031494 -0.099999
v -9.223090 1.112739 -0.099999
v -9.238552 1.195340 -0.099999
v -9.252930 1.279297 -0.099999
v -9.589844 1.059570 -0.099999
v -9.570347 0.943705 -0.099999
v -9.552545 0.833740 -0.099999
v -9.536438 0.729675 -0.099999
v -9.522027 0.631510 -0.099999
v -9.509312 0.539246 -0.099999
v -9.498291 0.452881 -0.099999
v -9.488966 0.372416 -0.099999
v -9.481337 0.297852 -0.099999
v -9.475403 0.229187 -0.099999
v -9.471165 0.166423 -0.099999
v -9.468621 0.109558 -0.099999
v -9.467773 0.058594 -0.099999
v -9.469672 -0.007189 -0.099999
v -9.475368 -0.067817 -0.099999
v -9.484863 -0.123291 -0.099999
v -9.498156 -0.173611 -0.099999
v -9.515245 -0.218777 -0.099999
v -9.536133 -0.258789 -0.099999
v -9.560818 -0.293647 -0.099999
v -9.589301 -0.323351 -0.099999
v -9.621582 -0.347900 -0.099999
v -9.657660 -0.367296 -0.099999
v -9.697536 -0.381538 -0.099999
v -9.741211 -0.390625 -0.099999
v -9.723680 -0.462375 -0.099999
v -9.702013 -0.527886 -0.099999
v -9.676208 -0.587158 -0.099999
v -9.646267 -0.640191 -0.099999
v -9.612189 -0.686985 -0.099999
v -9.573975 -0.727539 -0.099999
v -9.531623 -0.761854 -0.099999
v -9.485134 -0.789931 -0.099999
v -9.434509 -0.811768 -0.099999
v -9.379747 -0.827365 -0.099999
v -9.320848 -0.836724 -0.099999
v -9.257812 -0.839844 -0.099999
v -9.205695 -0.837775 -0.099999
v -9.150255 -0.831570 -0.099999
v -9.091492 -0.821228 -0.099999
v -9.029406 -0.806749 -0.099999
v -8.963996 -0.788133 -0.099999
v -8.895264 -0.765381 -0.099999
v -8.823208 -0.738491 -0.099999
v -8.747829 -0.707465 -0.099999
v -8.669128 -0.672302 -0.099999
v -8.587104 -0.633002 -0.099999
v -8.501757 -0.589566 -0.099999
v -8.413086 -0.541992 -0.099999
v -8.314684 -0.485602 -0.099999
v -8.218045 -0.425483 -0.099999
v -8.123170 -0.361633 -0.099999
v -8.030057 -0.294054 -0.099999
v -7.938708 -0.222744 -0.099999
v -7.849122 -0.147705 -0.099999
v -7.761299 -0.068936 -0.099999
v -7.675239 0.013563 -0.099999
v -7.590943 0.099792 -0.099999
v -7.508410 0.189751 -0.099999
v -7.427640 0.283440 -0.099999
v -7.348633 0.380859 -0.099999
v -7.189941 0.252821 -0.099999
v -7.026367 0.129123 -0.099999
v -6.857910 0.009766 -0.099999
v -6.684570 -0.105252 -0.099999
v -6.506348 -0.215929 -0.099999
v -6.323242 -0.322266 -0.099999
v -6.135254 -0.424262 -0.099999
v -5.942383 -0.521918 -0.099999
v -5.744629 -0.615234 -0.099999
v -5.541992 -0.704210 -0.099999
v -5.334473 -0.788846 -0.099999
v -5.122070 -0.869141 -0.100000
v -3.784180 4.355469 -0.100000
v -3.837891 4.355469 -0.100000
v -3.970710 4.543084 -0.100000
v -4.100613 4.734836 -0.100000
v -4.227600 4.930725 -0.100000
v -4.351671 5.130751 -0.100000
v -4.472826 5.334913 -0.100000
v -4.591064 5.543213 -0.100000
v -4.706387 5.755649 -0.100000
v -4.818793 5.972222 -0.100000
v -4.928284 6.192932 -0.100000
v -5.034858 6.417779 -0.100000
v -5.138516 6.646762 -0.100000
v -5.239258 6.879883 -0.100000
v -5.353122 6.829461 -0.100000
v -5.457086 6.780735 -0.100000
v -5.551147 6.733704 -0.100000
v -5.635308 6.688368 -0.100000
v -5.709568 6.644728 -0.100000
v -5.773926 6.602783 -0.100000
v -5.828382 6.562534 -0.100000
v -5.872938 6.523980 -0.100000
v -5.907593 6.487122 -0.100000
v -5.932346 6.451959 -0.100000
v -5.947198 6.418491 -0.100000
v -5.952148 6.386719 -0.100000
v -5.949707 6.366170 -0.100000
v -5.942383 6.346843 -0.100000
v -5.930176 6.328736 -0.100000
v -5.913086 6.311850 -0.100000
v -5.891113 6.296184 -0.100000
v -5.864258 6.281739 -0.100000
v -5.832520 6.268515 -0.100000
v -5.795898 6.256512 -0.100000
v -5.754395 6.245729 -0.100000
v -5.708008 6.236167 -0.100000
v -5.656738 6.227826 -0.100000
v -5.600586 6.220703 -0.100000
v -5.505744 6.057841 -0.100000
v -5.408393 5.896403 -0.100000
v -5.308533 5.736389 -0.100000
v -5.206163 5.577799 -0.100000
v -5.101285 5.420634 -0.100000
v -4.993896 5.264893 -0.100000
v -4.883999 5.110575 -0.100000
v -4.771593 4.957682 -0.100000
v -4.656677 4.806213 -0.100000
v -4.539252 4.656168 -0.100000
v -4.419318 4.507548 -0.100000
v -4.296875 4.360352 -0.100000
v -4.357096 4.362149 -0.100000
v -4.420573 4.364285 -0.100000
v -4.487305 4.366760 -0.100000
v -4.557292 4.369575 -0.100000
v -4.630534 4.372728 -0.100000
v -4.707031 4.376220 -0.100000
v -4.786784 4.380052 -0.100000
v -4.869792 4.384223 -0.100000
v -4.956055 4.388733 -0.100000
v -5.045573 4.393582 -0.100000
v -5.138346 4.398770 -0.100000
v -5.234375 4.404297 -0.100000
v -5.219184 4.439324 -0.100000
v -5.202908 4.474420 -0.100000
v -5.185547 4.509583 -0.100000
v -5.167101 4.544813 -0.100000
v -5.147570 4.580112 -0.100000
v -5.126953 4.615479 -0.100000
v -5.105252 4.650913 -0.100000
v -5.082465 4.686415 -0.100000
v -5.058594 4.721985 -0.100000
v -5.033637 4.757623 -0.100000
v -5.007596 4.793328 -0.100000
v -4.980469 4.829102 -0.100000
v -5.200195 5.048828 -0.100000
v -5.329658 4.946594 -0.100000
v -5.447862 4.846598 -0.100000
v -5.554809 4.748840 -0.100000
v -5.650499 4.653320 -0.100000
v -5.734931 4.560038 -0.100000
v -5.808105 4.468994 -0.100000
v -5.870022 4.380188 -0.100000
v -5.920681 4.293620 -0.100000
v -5.960083 4.209290 -0.100000
v -5.988227 4.127197 -0.100000
v -6.005113 4.047343 -0.100000
v -6.010742 3.969727 -0.100000
v -6.009250 3.933207 -0.100000
v -6.004774 3.898519 -0.100000
v -5.997314 3.865662 -0.100000
v -5.986871 3.834636 -0.100000
v -5.973443 3.805441 -0.100000
v -5.957031 3.778077 -0.100000
v -5.937635 3.752544 -0.100000
v -5.915256 3.728842 -0.100000
v -5.889893 3.706971 -0.100000
v -5.861545 3.686931 -0.100000
v -5.830214 3.668722 -0.100000
v -5.795898 3.652344 -0.100000
v -5.773349 3.643765 -0.100000
v -5.751275 3.635932 -0.100000
v -5.729675 3.628845 -0.100000
v -5.708550 3.622504 -0.100000
v -5.687900 3.616910 -0.100000
v -5.667725 3.612061 -0.100000
v -5.648024 3.607958 -0.100000
v -5.628798 3.604601 -0.100000
v -5.610046 3.601990 -0.100000
v -5.591770 3.600125 -0.100000
v -5.573968 3.599006 -0.100000
v -5.556641 3.598633 -0.100000
v -5.530802 3.600057 -0.100000
v -5.506999 3.604329 -0.100000
v -5.485229 3.611450 -0.100000
v -5.465495 3.621419 -0.100000
v -5.447794 3.634237 -0.100000
v -5.432129 3.649902 -0.100000
v -5.418498 3.668416 -0.100000
v -5.406901 3.689779 -0.100000
v -5.397339 3.713989 -0.100000
v -5.389811 3.741048 -0.100000
v -5.384318 3.770955 -0.100000
v -5.380859 3.803711 -0.100000
v -5.378350 3.830227 -0.100000
v -5.375705 3.856066 -0.100000
v -5.372925 3.881226 -0.100000
v -5.370008 3.905707 -0.100000
v -5.366957 3.929511 -0.100000
v -5.363770 3.952637 -0.100000
v -5.360446 3.975084 -0.100000
v -5.356988 3.996853 -0.100000
v -5.353394 4.017944 -0.100000
v -5.349664 4.038357 -0.100000
v -5.345798 4.058092 -0.100000
v -5.341797 4.077148 -0.100000
v -5.213623 4.051615 -0.100000
v -5.084635 4.027100 -0.100000
v -4.954834 4.003601 -0.100000
v -4.824219 3.981120 -0.100000
v -4.692790 3.959656 -0.100000
v -4.560547 3.939209 -0.100000
v -4.427490 3.919780 -0.100000
v -4.293620 3.901367 -0.100000
v -4.158936 3.883972 -0.100000
v -4.023438 3.867594 -0.100000
v -3.887126 3.852234 -0.100000
v -3.750000 3.837891 -0.100000
v -3.736064 3.797336 -0.100000
v -3.721924 3.760308 -0.100000
v -3.707581 3.726806 -0.100000
v -3.693034 3.696831 -0.100000
v -3.678284 3.670383 -0.100000
v -3.663330 3.647461 -0.100000
v -3.648173 3.628065 -0.100000
v -3.632812 3.612196 -0.100000
v -3.617249 3.599854 -0.100000
v -3.601481 3.591037 -0.100000
v -3.585510 3.585747 -0.100000
v -3.569336 3.583984 -0.100000
v -3.538174 3.589376 -0.100000
v -3.508165 3.605550 -0.100000
v -3.479309 3.632507 -0.100000
v -3.451606 3.670247 -0.100000
v -3.425056 3.718770 -0.100000
v -3.399658 3.778076 -0.100000
v -3.375414 3.848165 -0.100000
v -3.352322 3.929036 -0.100000
v -3.330383 4.020691 -0.100000
v -3.309597 4.123128 -0.100000
v -3.289964 4.236349 -0.100000
v -3.271484 4.360352 -0.100000
v -3.750000 4.355469 -0.100000
v -0.131836 1.743164 -0.100000
v -0.295173 2.048645 -0.100000
v -0.449897 2.359619 -0.100000
v -0.596008 2.676086 -0.100000
v -0.733507 2.998047 -0.100000
v -0.862393 3.325500 -0.100000
v -0.982666 3.658447 -0.100000
v -1.094326 3.996887 -0.100000
v -1.197374 4.340820 -0.100000
v -1.291809 4.690247 -0.100000
v -1.377631 5.045166 -0.100000
v -1.454841 5.405579 -0.100000
v -1.523438 5.771484 -0.100000
v -0.390625 5.771484 -0.100000
v -0.253906 6.220703 -0.100000
v -1.533203 6.220703 -0.100000
v -1.533203 8.398438 -0.100000
v -1.684502 8.389180 -0.100000
v -1.822645 8.377686 -0.100000
v -1.947632 8.363953 -0.100000
v -2.059462 8.347981 -0.100000
v -2.158135 8.329773 -0.100000
v -2.243652 8.309326 -0.100000
v -2.316013 8.286641 -0.100000
v -2.375217 8.261719 -0.100000
v -2.421265 8.234558 -0.100000
v -2.454156 8.205159 -0.100000
v -2.473891 8.173523 -0.100000
v -2.480469 8.139648 -0.100000
v -2.477926 8.116693 -0.100000
v -2.470296 8.093397 -0.100000
v -2.457581 8.069763 -0.100000
v -2.439779 8.045790 -0.100000
v -2.416890 8.021478 -0.100000
v -2.388916 7.996826 -0.100000
v -2.355855 7.971836 -0.100000
v -2.317708 7.946506 -0.100000
v -2.274475 7.920837 -0.100000
v -2.226156 7.894830 -0.100000
v -2.172750 7.868483 -0.100000
v -2.114258 7.841797 -0.100000
v -2.114258 6.220703 -0.100000
v -2.504883 6.220703 -0.100000
v -2.841797 6.679688 -0.100000
v -2.890862 6.629062 -0.100000
v -2.938775 6.578098 -0.100000
v -2.985535 6.526794 -0.100000
v -3.031142 6.475152 -0.100000
v -3.075596 6.423171 -0.100000
v -3.118897 6.370850 -0.100000
v -3.161045 6.318190 -0.100000
v -3.202040 6.265191 -0.100000
v -3.241883 6.211853 -0.100000
v -3.280572 6.158176 -0.100000
v -3.318109 6.104160 -0.100000
v -3.354492 6.049805 -0.100000
v -3.203125 5.771484 -0.100000
v -2.114258 5.771484 -0.100000
v -2.114258 4.916992 -0.100000
v -2.291294 4.795532 -0.100000
v -2.452935 4.676920 -0.100000
v -2.599182 4.561157 -0.100000
v -2.730034 4.448242 -0.100000
v -2.845493 4.338175 -0.100000
v -2.945556 4.230957 -0.100000
v -3.030226 4.126587 -0.100000
v -3.099501 4.025065 -0.100000
v -3.153381 3.926391 -0.100000
v -3.191867 3.830566 -0.100000
v -3.214959 3.737589 -0.100000
v -3.222656 3.647461 -0.100000
v -3.221300 3.616299 -0.100000
v -3.217231 3.586290 -0.100000
v -3.210449 3.557434 -0.100000
v -3.200955 3.529731 -0.100000
v -3.188748 3.503181 -0.100000
v -3.173828 3.477783 -0.100000
v -3.156196 3.453539 -0.100000
v -3.135851 3.430447 -0.100000
v -3.112793 3.408508 -0.100000
v -3.087023 3.387722 -0.100000
v -3.058539 3.368089 -0.100000
v -3.027344 3.349609 -0.100000
v -3.004964 3.337911 -0.100000
v -2.983398 3.327230 -0.100000
v -2.962646 3.317566 -0.100000
v -2.942708 3.308919 -0.100000
v -2.923584 3.301290 -0.100000
v -2.905273 3.294678 -0.100000
v -2.887777 3.289083 -0.100000
v -2.871094 3.284505 -0.100000
v -2.855225 3.280945 -0.100000
v -2.840169 3.278402 -0.100000
v -2.825928 3.276876 -0.100000
v -2.812500 3.276367 -0.100000
v -2.790968 3.278096 -0.100000
v -2.770318 3.283284 -0.100000
v -2.750549 3.291931 -0.100000
v -2.731662 3.304036 -0.100000
v -2.713657 3.319600 -0.100000
v -2.696533 3.338623 -0.100000
v -2.680291 3.361104 -0.100000
v -2.664931 3.387044 -0.100000
v -2.650452 3.416443 -0.100000
v -2.636854 3.449300 -0.100000
v -2.624139 3.485616 -0.100000
v -2.612305 3.525391 -0.100000
v -2.587958 3.606567 -0.100000
v -2.560493 3.687337 -0.100000
v -2.529907 3.767700 -0.100000
v -2.496202 3.847656 -0.100000
v -2.459378 3.927205 -0.100000
v -2.419434 4.006348 -0.100000
v -2.376370 4.085083 -0.100000
v -2.330187 4.163412 -0.100000
v -2.280884 4.241333 -0.100000
v -2.228461 4.318848 -0.100000
v -2.172919 4.395956 -0.100000
v -2.114258 4.472656 -0.100000
v -2.114258 -0.859375 -0.100000
v -1.533203 -0.859375 -0.100000
v -1.533203 3.872070 -0.100000
v -1.451620 3.639187 -0.100000
v -1.368001 3.412544 -0.100000
v -1.282349 3.192139 -0.100000
v -1.194661 2.977973 -0.100000
v -1.104940 2.770047 -0.100000
v -1.013184 2.568360 -0.100000
v -0.919393 2.372911 -0.100000
v -0.823568 2.183702 -0.100000
v -0.725708 2.000733 -0.100000
v -0.625814 1.824002 -0.100000
v -0.523885 1.653510 -0.100000
v -0.419922 1.489258 -0.100000
v -3.369141 6.889648 -0.100000
v -3.426683 6.859097 -0.100000
v -3.482123 6.829291 -0.100000
v -3.535461 6.800232 -0.100000
v -3.586697 6.771918 -0.100000
v -3.635830 6.744351 -0.100000
v -3.682861 6.717529 -0.100000
v -3.727790 6.691454 -0.100000
v -3.770616 6.666124 -0.100000
v -3.811340 6.641541 -0.100000
v -3.849962 6.617703 -0.100000
v -3.886481 6.594611 -0.100000
v -3.920898 6.572266 -0.100000
v -3.979526 6.690504 -0.100000
v -4.036594 6.810845 -0.100000
v -4.092102 6.933288 -0.100000
v -4.146050 7.057834 -0.100000
v -4.198439 7.184482 -0.100000
v -4.249268 7.313232 -0.100000
v -4.298537 7.444085 -0.100000
v -4.346246 7.577040 -0.100000
v -4.392395 7.712097 -0.100000
v -4.436985 7.849257 -0.100000
v -4.480014 7.988518 -0.100000
v -4.521484 8.129883 -0.100000
v -4.655626 8.085530 -0.100000
v -4.778103 8.041992 -0.100000
v -4.888916 7.999268 -0.100000
v -4.988064 7.957357 -0.100000
v -5.075548 7.916260 -0.100000
v -5.151367 7.875977 -0.100000
v -5.215521 7.836507 -0.100000
v -5.268012 7.797852 -0.100000
v -5.308837 7.760010 -0.100000
v -5.337999 7.722982 -0.100000
v -5.355495 7.686768 -0.100000
v -5.361328 7.651367 -0.100000
v -5.358751 7.631531 -0.100000
v -5.351020 7.612711 -0.100000
v -5.338135 7.594910 -0.100000
v -5.320096 7.578125 -0.100000
v -5.296903 7.562357 -0.100000
v -5.268555 7.547607 -0.100000
v -5.235054 7.533875 -0.100000
v -5.196398 7.521159 -0.100000
v -5.152588 7.509460 -0.100000
v -5.103624 7.498779 -0.100000
v -5.049507 7.489115 -0.100000
v -4.990234 7.480469 -0.100000
v -4.931912 7.377862 -0.100000
v -4.872504 7.276747 -0.100000
v -4.812012 7.177125 -0.100000
v -4.750434 7.078993 -0.100000
v -4.687771 6.982354 -0.100000
v -4.624023 6.887207 -0.100000
v -4.559191 6.793552 -0.100000
v -4.493273 6.701389 -0.100000
v -4.426270 6.610718 -0.100000
v -4.358181 6.521539 -0.100000
v -4.289008 6.433852 -0.100000
v -4.218750 6.347656 -0.100000
v -4.270223 6.300863 -0.100000
v -4.317220 6.254883 -0.100000
v -4.359741 6.209717 -0.100000
v -4.397787 6.165365 -0.100000
v -4.431356 6.121826 -0.100000
v -4.460449 6.079102 -0.100000
v -4.485067 6.037191 -0.100000
v -4.505208 5.996094 -0.100000
v -4.520874 5.955811 -0.100000
v -4.532064 5.916341 -0.100000
v -4.538778 5.877686 -0.100000
v -4.541016 5.839844 -0.100000
v -4.539693 5.811632 -0.100000
v -4.535726 5.783962 -0.100000
v -4.529114 5.756835 -0.100000
v -4.519857 5.730251 -0.100000
v -4.507955 5.704210 -0.100000
v -4.493408 5.678710 -0.100000
v -4.476217 5.653754 -0.100000
v -4.456380 5.629340 -0.100000
v -4.433899 5.605468 -0.100000
v -4.408773 5.582139 -0.100000
v -4.381002 5.559353 -0.100000
v -4.350586 5.537109 -0.100000
v -4.330444 5.523851 -0.100000
v -4.310709 5.511745 -0.100000
v -4.291382 5.500793 -0.100000
v -4.272461 5.490993 -0.100000
v -4.253947 5.482347 -0.100000
v -4.235840 5.474853 -0.100000
v -4.218140 5.468512 -0.100000
v -4.200846 5.463324 -0.100000
v -4.183960 5.459289 -0.100000
v -4.167480 5.456407 -0.100000
v -4.151408 5.454678 -0.100000
v -4.135742 5.454102 -0.100000
v -4.112752 5.455390 -0.100000
v -4.090983 5.459256 -0.100000
v -4.070435 5.465698 -0.100000
v -4.051107 5.474718 -0.100000
v -4.033000 5.486315 -0.100000
v -4.016114 5.500488 -0.100000
v -4.000449 5.517239 -0.100000
v -3.986004 5.536567 -0.100000
v -3.972779 5.558472 -0.100000
v -3.960776 5.582953 -0.100000
v -3.949993 5.610013 -0.100000
v -3.940430 5.639648 -0.100000
v -3.912014 5.723368 -0.100000
v -3.877224 5.806885 -0.100000
v -3.836060 5.890198 -0.100000
v -3.788520 5.973307 -0.100000
v -3.734606 6.056213 -0.100000
v -3.674316 6.138916 -0.100000
v -3.607652 6.221415 -0.100000
v -3.534614 6.303711 -0.100000
v -3.455200 6.385803 -0.100000
v -3.369412 6.467692 -0.100000
v -3.277249 6.549377 -0.100000
v -3.178711 6.630859 -0.100000
v -6.962891 6.801758 -0.100000
v -7.014567 6.775411 -0.100000
v -7.063802 6.750082 -0.100000
v -7.110595 6.725769 -0.100000
v -7.154947 6.702474 -0.100000
v -7.196858 6.680196 -0.100000
v -7.236327 6.658936 -0.100000
v -7.273355 6.638692 -0.100000
v -7.307941 6.619466 -0.100000
v -7.340086 6.601257 -0.100000
v -7.369790 6.584066 -0.100000
v -7.397052 6.567892 -0.100000
v -7.421875 6.552734 -0.100000
v -7.486538 6.679993 -0.100000
v -7.548693 6.807861 -0.100000
v -7.608337 6.936340 -0.100000
v -7.665473 7.065430 -0.100000
v -7.720099 7.195129 -0.100000
v -7.772217 7.325439 -0.100000
v -7.821825 7.456360 -0.100000
v -7.868924 7.587891 -0.100000
v -7.913513 7.720032 -0.100000
v -7.955594 7.852783 -0.100000
v -7.995165 7.986145 -0.100000
v -8.032227 8.120117 -0.100000
v -8.168708 8.071052 -0.100000
v -8.293322 8.023139 -0.100000
v -8.406067 7.976379 -0.100000
v -8.506945 7.930773 -0.100000
v -8.595954 7.886319 -0.100000
v -8.673096 7.843018 -0.100000
v -8.738369 7.800869 -0.100000
v -8.791775 7.759874 -0.100000
v -8.833313 7.720032 -0.100000
v -8.862983 7.681342 -0.100000
v -8.880785 7.643806 -0.100000
v -8.886719 7.607422 -0.100000
v -8.883972 7.586263 -0.100000
v -8.875732 7.566732 -0.100000
v -8.862000 7.548828 -0.100000
v -8.842773 7.532552 -0.100000
v -8.818054 7.517904 -0.100000
v -8.787842 7.504883 -0.100000
v -8.752136 7.493490 -0.100000
v -8.710938 7.483724 -0.100000
v -8.664246 7.475586 -0.100000
v -8.612061 7.469076 -0.100000
v -8.554382 7.464193 -0.100000
v -8.491211 7.460938 -0.100000
v -8.437500 7.365146 -0.100000
v -8.382161 7.269830 -0.100000
v -8.325195 7.174988 -0.100000
v -8.266602 7.080621 -0.100000
v -8.206380 6.986728 -0.100000
v -8.144531 6.893311 -0.100000
v -8.081055 6.800367 -0.100000
v -8.015950 6.707899 -0.100000
v -7.949218 6.615906 -0.100000
v -7.880859 6.524387 -0.100000
v -7.810872 6.433343 -0.100000
v -7.739258 6.342773 -0.100000
v -7.792291 6.299303 -0.100000
v -7.840712 6.256782 -0.100000
v -7.884522 6.215210 -0.100000
v -7.923720 6.174588 -0.100000
v -7.958306 6.134915 -0.100000
v -7.988281 6.096192 -0.100000
v -8.013645 6.058418 -0.100000
v -8.034397 6.021593 -0.100000
v -8.050537 5.985718 -0.100000
v -8.062066 5.950792 -0.100000
v -8.068983 5.916816 -0.100000
v -8.071289 5.883789 -0.100000
v -8.070034 5.857951 -0.100000
v -8.066270 5.832520 -0.100000
v -8.059997 5.807495 -0.100000
v -8.051214 5.782877 -0.100000
v -8.039923 5.758667 -0.100000
v -8.026122 5.734863 -0.100000
v -8.009812 5.711466 -0.100000
v -7.990993 5.688477 -0.100000
v -7.969665 5.665894 -0.100000
v -7.945827 5.643717 -0.100000
v -7.919480 5.621948 -0.100000
v -7.890625 5.600586 -0.100000
v -7.868856 5.585768 -0.100000
v -7.847494 5.572239 -0.100000
v -7.826538 5.559998 -0.100000
v -7.805990 5.549046 -0.100000
v -7.785848 5.539382 -0.100000
v -7.766113 5.531006 -0.100000
v -7.746786 5.523920 -0.100000
v -7.727865 5.518121 -0.100000
v -7.709351 5.513611 -0.100000
v -7.691244 5.510390 -0.100000
v -7.673543 5.508457 -0.100000
v -7.656250 5.507812 -0.100000
v -7.631632 5.509440 -0.100000
v -7.608235 5.514323 -0.100000
v -7.586059 5.522461 -0.100000
v -7.565104 5.533854 -0.100000
v -7.545369 5.548502 -0.100000
v -7.526855 5.566406 -0.100000
v -7.509561 5.587565 -0.100000
v -7.493488 5.611979 -0.100000
v -7.478636 5.639648 -0.100000
v -7.465005 5.670573 -0.100000
v -7.452594 5.704752 -0.100000
v -7.441406 5.742188 -0.100000
v -7.419467 5.810377 -0.100000
v -7.391086 5.878228 -0.100000
v -7.356262 5.945739 -0.100000
v -7.314996 6.012912 -0.100000
v -7.267287 6.079745 -0.100000
v -7.213135 6.146240 -0.100000
v -7.152541 6.212395 -0.100000
v -7.085504 6.278212 -0.100000
v -7.012024 6.343689 -0.100000
v -6.932102 6.408827 -0.100000
v -6.845737 6.473626 -0.100000
v -6.752930 6.538086 -0.100000
v -9.008789 4.052734 -0.099999
v -9.007806 4.075521 -0.099999
v -9.006483 4.098308 -0.099999
v -9.004822 4.121094 -0.099999
v -9.002821 4.143881 -0.099999
v -9.000482 4.166667 -0.099999
v -8.997803 4.189454 -0.099999
v -8.994785 4.212241 -0.099999
v -8.991428 4.235027 -0.099999
v -8.987732 4.257814 -0.099999
v -8.983697 4.280601 -0.099999
v -8.979322 4.303387 -0.099999
v -8.974609 4.326172 -0.099999
v -8.856642 4.302911 -0.099999
v -8.735487 4.280328 -0.099999
v -8.611145 4.258423 -0.099999
v -8.483616 4.237196 -0.099999
v -8.352899 4.216648 -0.099999
v -8.218994 4.196777 -0.099999
v -8.081903 4.177585 -0.099999
v -7.941623 4.159071 -0.099999
v -7.798157 4.141235 -0.099999
v -7.651503 4.124078 -0.100000
v -7.501662 4.107598 -0.100000
v -7.348633 4.091797 -0.100000
v -7.332391 4.050463 -0.100000
v -7.316216 4.012722 -0.100000
v -7.300110 3.978577 -0.100000
v -7.284071 3.948025 -0.100000
v -7.268100 3.921068 -0.100000
v -7.252197 3.897705 -0.100000
v -7.236362 3.877936 -0.100000
v -7.220594 3.861762 -0.100000
v -7.204895 3.849182 -0.100000
v -7.189263 3.840196 -0.100000
v -7.173699 3.834805 -0.100000
v -7.158203 3.833008 -0.100000
v -7.131449 3.838128 -0.100000
v -7.104899 3.853489 -0.100000
v -7.078552 3.879090 -0.100000
v -7.052409 3.914931 -0.100000
v -7.026469 3.961012 -0.100000
v -7.000732 4.017334 -0.100000
v -6.975199 4.083897 -0.100000
v -6.949870 4.160699 -0.100000
v -6.924744 4.247742 -0.100000
v -6.899821 4.345026 -0.100000
v -6.875102 4.452549 -0.100000
v -6.850586 4.570312 -0.100000
v -6.901449 4.570312 -0.100000
v -6.949870 4.570312 -0.100000
v -6.995850 4.570312 -0.100000
v -7.039389 4.570312 -0.100000
v -7.080486 4.570312 -0.100000
v -7.119142 4.570312 -0.100000
v -7.155356 4.570312 -0.100000
v -7.189129 4.570312 -0.100000
v -7.220460 4.570312 -0.100000
v -7.249351 4.570312 -0.100000
v -7.275799 4.570312 -0.100000
v -7.299805 4.570312 -0.100000
v -7.431674 4.734735 -0.100000
v -7.561985 4.904107 -0.100000
v -7.690735 5.078430 -0.100000
v -7.817925 5.257704 -0.100000
v -7.943556 5.441928 -0.100000
v -8.067627 5.631104 -0.100000
v -8.190138 5.825229 -0.100000
v -8.311090 6.024305 -0.100000
v -8.430481 6.228333 -0.100000
v -8.548313 6.437310 -0.100000
v -8.664585 6.651238 -0.100000
v -8.779297 6.870117 -0.100000
v -8.893941 6.811761 -0.100000
v -8.998616 6.755507 -0.100000
v -9.093323 6.701355 -0.099999
v -9.178060 6.649306 -0.099999
v -9.252828 6.599359 -0.099999
v -9.317627 6.551514 -0.099999
v -9.372457 6.505771 -0.099999
v -9.417317 6.462131 -0.099999
v -9.452209 6.420593 -0.099999
v -9.477132 6.381158 -0.099999
v -9.492085 6.343825 -0.099999
v -9.497070 6.308594 -0.099999
v -9.494459 6.286757 -0.099999
v -9.486627 6.266819 -0.099999
v -9.473572 6.248780 -0.099999
v -9.455296 6.232639 -0.099999
v -9.431797 6.218398 -0.099999
v -9.403076 6.206055 -0.099999
v -9.369134 6.195611 -0.099999
v -9.329969 6.187067 -0.099999
v -9.285583 6.180420 -0.099999
v -9.235975 6.175673 -0.099999
v -9.181146 6.172825 -0.099999
v -9.121094 6.171875 -0.099999
v -9.023777 6.037767 -0.099999
v -8.923882 5.903999 -0.099999
v -8.821411 5.770569 -0.099999
v -8.716363 5.637479 -0.099999
v -8.608738 5.504727 -0.099999
v -8.498535 5.372315 -0.099999
v -8.385756 5.240242 -0.099999
v -8.270399 5.108507 -0.099999
v -8.152466 4.977112 -0.100000
v -8.031956 4.846056 -0.100000
v -7.908868 4.715339 -0.100000
v -7.783203 4.584961 -0.100000
v -7.906257 4.590624 -0.100000
v -8.023139 4.596219 -0.099999
v -8.133850 4.601746 -0.099999
v -8.238390 4.607205 -0.099999
v -8.336759 4.612597 -0.099999
v -8.428956 4.617920 -0.099999
v -8.514981 4.623176 -0.099999
v -8.594835 4.628364 -0.099999
v -8.668518 4.633484 -0.099999
v -8.736030 4.638536 -0.099999
v -8.797370 4.643521 -0.099999
v -8.852539 4.648438 -0.099999
v -8.834296 4.683228 -0.099999
v -8.815375 4.717611 -0.099999
v -8.795776 4.751587 -0.099999
v -8.775499 4.785156 -0.099999
v -8.754544 4.818319 -0.099999
v -8.732911 4.851074 -0.099999
v -8.710599 4.883423 -0.099999
v -8.687609 4.915365 -0.099999
v -8.663940 4.946899 -0.099999
v -8.639594 4.978027 -0.099999
v -8.614570 5.008749 -0.099999
v -8.588867 5.039062 -0.099999
v -8.818359 5.249023 -0.099999
v -8.947822 5.149841 -0.099999
v -9.066027 5.052490 -0.099999
v -9.172974 4.956970 -0.099999
v -9.268663 4.863281 -0.099999
v -9.353095 4.771423 -0.099999
v -9.426270 4.681396 -0.099999
v -9.488186 4.593201 -0.099999
v -9.538845 4.506836 -0.099999
v -9.578247 4.422302 -0.099999
v -9.606391 4.339600 -0.099999
v -9.623278 4.258728 -0.099999
v -9.628906 4.179688 -0.099999
v -9.627550 4.145508 -0.099999
v -9.623481 4.112956 -0.099999
v -9.616699 4.082031 -0.099999
v -9.607204 4.052734 -0.099999
v -9.594997 4.025065 -0.099999
v -9.580078 3.999023 -0.099999
v -9.562446 3.974609 -0.099999
v -9.542101 3.951823 -0.099999
v -9.519043 3.930664 -0.099999
v -9.493273 3.911133 -0.099999
v -9.464789 3.893229 -0.099999
v -9.433594 3.876953 -0.099999
v -9.410197 3.866035 -0.099999
v -9.387207 3.856066 -0.099999
v -9.364624 3.847046 -0.099999
v -9.342448 3.838976 -0.099999
v -9.320679 3.831855 -0.099999
v -9.299316 3.825684 -0.099999
v -9.278361 3.820462 -0.099999
v -9.257812 3.816190 -0.099999
v -9.237671 3.812866 -0.099999
v -9.217937 3.810493 -0.099999
v -9.198608 3.809069 -0.099999
v -9.179688 3.808594 -0.099999
v -9.153883 3.810289 -0.099999
v -9.130181 3.815375 -0.099999
v -9.108582 3.823853 -0.099999
v -9.089085 3.835721 -0.099999
v -9.071690 3.850979 -0.099999
v -9.056396 3.869629 -0.099999
v -9.043206 3.891669 -0.099999
v -9.032118 3.917101 -0.099999
v -9.023132 3.945923 -0.099999
v -9.016249 3.978136 -0.099999
v -9.011468 4.013740 -0.099999
v 6.718750 1.572266 -0.100001
v 6.559312 1.752591 -0.100001
v 6.409776 1.937120 -0.100001
v 6.270141 2.125854 -0.100001
v 6.140408 2.318793 -0.100001
v 6.020575 2.515937 -0.100001
v 5.910644 2.717285 -0.100001
v 5.810614 2.922838 -0.100001
v 5.720486 3.132596 -0.100001
v 5.640258 3.346558 -0.100001
v 5.569932 3.564724 -0.100001
v 5.509508 3.787096 -0.100001
v 5.458984 4.013672 -0.100001
v 8.720703 4.013672 -0.100001
v 8.862305 4.501953 -0.100001
v 5.390625 4.501953 -0.100001
v 5.387505 4.541422 -0.100001
v 5.384656 4.580078 -0.100001
v 5.382079 4.617920 -0.100001
v 5.379773 4.654948 -0.100001
v 5.377738 4.691162 -0.100001
v 5.375975 4.726562 -0.100001
v 5.374483 4.761149 -0.100001
v 5.373262 4.794922 -0.100001
v 5.372313 4.827881 -0.100001
v 5.371635 4.860026 -0.100001
v 5.371228 4.891357 -0.100001
v 5.371094 4.921875 -0.100001
v 5.371094 6.860352 -0.100001
v 9.223633 6.860352 -0.100001
v 9.370117 7.368164 -0.100001
v 2.045898 7.368164 -0.100000
v 1.484375 7.998047 -0.100000
v 1.398654 7.926839 -0.100000
v 1.315647 7.856445 -0.100000
v 1.235351 7.786865 -0.100000
v 1.157769 7.718099 -0.100000
v 1.082899 7.650146 -0.100000
v 1.010742 7.583008 -0.100000
v 0.941298 7.516683 -0.100000
v 0.874566 7.451172 -0.100000
v 0.810547 7.386475 -0.100000
v 0.749240 7.322591 -0.100000
v 0.690647 7.259521 -0.100000
v 0.634766 7.197266 -0.100000
v 0.825195 6.860352 -0.100000
v 4.711914 6.860352 -0.100001
v 4.711914 4.921875 -0.100001
v 4.712049 4.895833 -0.100001
v 4.712456 4.868164 -0.100001
v 4.713134 4.838867 -0.100001
v 4.714084 4.807943 -0.100001
v 4.715304 4.775391 -0.100001
v 4.716796 4.741211 -0.100001
v 4.718560 4.705404 -0.100001
v 4.720594 4.667969 -0.100001
v 4.722900 4.628906 -0.100001
v 4.725477 4.588216 -0.100001
v 4.728325 4.545898 -0.100001
v 4.731445 4.501953 -0.100001
v 2.485352 4.501953 -0.100000
v 1.933594 5.092773 -0.100000
v 1.870660 5.039062 -0.100000
v 1.807183 4.983724 -0.100000
v 1.743164 4.926758 -0.100000
v 1.678602 4.868164 -0.100000
v 1.613498 4.807943 -0.100000
v 1.547851 4.746094 -0.100000
v 1.481662 4.682617 -0.100000
v 1.414930 4.617513 -0.100000
v 1.347656 4.550781 -0.100000
v 1.279839 4.482422 -0.100000
v 1.211480 4.412435 -0.100000
v 1.142578 4.340820 -0.100000
v 1.333008 4.013672 -0.100000
v 4.570312 4.013672 -0.100001
v 4.501275 3.850776 -0.100001
v 4.430881 3.692492 -0.100001
v 4.359131 3.538819 -0.100001
v 4.286024 3.389757 -0.100001
v 4.211561 3.245307 -0.100001
v 4.135742 3.105469 -0.100000
v 4.058567 2.970242 -0.100000
v 3.980035 2.839627 -0.100000
v 3.900146 2.713623 -0.100000
v 3.818902 2.592231 -0.100000
v 3.736300 2.475450 -0.100000
v 3.652344 2.363281 -0.100000
v 3.448012 2.114054 -0.100000
v 3.230523 1.877442 -0.100000
v 2.999878 1.653443 -0.100000
v 2.756076 1.442057 -0.100000
v 2.499118 1.243286 -0.100000
v 2.229004 1.057129 -0.100000
v 1.945733 0.883586 -0.100000
v 1.649306 0.722656 -0.100000
v 1.339722 0.574341 -0.100000
v 1.016981 0.438640 -0.100000
v 0.681085 0.315552 -0.100000
v 0.332031 0.205078 -0.100000
v 0.390795 0.159539 -0.100000
v 0.448269 0.112440 -0.100000
v 0.504456 0.063782 -0.100000
v 0.559353 0.013563 -0.100000
v 0.612962 -0.038215 -0.100000
v 0.665283 -0.091553 -0.100000
v 0.716315 -0.146450 -0.100000
v 0.766059 -0.202908 -0.100000
v 0.814514 -0.260925 -0.100000
v 0.861681 -0.320502 -0.100000
v 0.907559 -0.381639 -0.100000
v 0.952148 -0.444336 -0.100000
v 1.437412 -0.220676 -0.100000
v 1.893853 0.023872 -0.100000
v 2.321472 0.289307 -0.100000
v 2.720269 0.575629 -0.100000
v 3.090244 0.882840 -0.100000
v 3.431396 1.210937 -0.100000
v 3.743727 1.559923 -0.100000
v 4.027235 1.929796 -0.100000
v 4.281921 2.320556 -0.100000
v 4.507785 2.732205 -0.100001
v 4.704827 3.164741 -0.100001
v 4.873047 3.618164 -0.100001
v 4.945781 3.358392 -0.100001
v 5.030518 3.104791 -0.100001
v 5.127259 2.857361 -0.100001
v 5.236003 2.616102 -0.100001
v 5.356751 2.381015 -0.100001
v 5.489502 2.152100 -0.100001
v 5.634257 1.929355 -0.100001
v 5.791016 1.712782 -0.100001
v 5.959778 1.502380 -0.100001
v 6.140543 1.298150 -0.100001
v 6.333313 1.100091 -0.100001
v 6.538086 0.908203 -0.100001
v 6.717258 0.753852 -0.100001
v 6.904840 0.604926 -0.100001
v 7.100830 0.461426 -0.100001
v 7.305230 0.323351 -0.100001
v 7.518039 0.190701 -0.100001
v 7.739258 0.063477 -0.100001
v 7.968886 -0.058323 -0.100001
v 8.206923 -0.174696 -0.100001
v 8.453370 -0.285645 -0.100001
v 8.708226 -0.391168 -0.100001
v 8.971491 -0.491265 -0.100001
v 9.243164 -0.585938 -0.100001
v 9.492188 -0.205078 -0.100001
v 9.209595 -0.096503 -0.100001
v 8.936360 0.019260 -0.100001
v 8.672485 0.142212 -0.100001
v 8.417969 0.272352 -0.100001
v 8.172811 0.409682 -0.100001
v 7.937011 0.554199 -0.100001
v 7.710571 0.705905 -0.100001
v 7.493489 0.864800 -0.100001
v 7.285766 1.030884 -0.100001
v 7.087402 1.204156 -0.100001
v 6.898396 1.384616 -0.100001
v -4.902344 -0.551758 0.100000
v -5.089417 -0.475227 0.100000
v -5.274658 -0.392117 0.100000
v -5.458069 -0.302429 0.100000
v -5.639648 -0.206163 0.100000
v -5.819397 -0.103319 0.100001
v -5.997314 0.006104 0.100001
v -6.173401 0.122104 0.100001
v -6.347656 0.244683 0.100001
v -6.520081 0.373840 0.100001
v -6.690674 0.509576 0.100001
v -6.859436 0.651890 0.100001
v -7.026367 0.800781 0.100001
v -6.950717 0.921936 0.100001
v -6.878391 1.049398 0.100001
v -6.809387 1.183167 0.100001
v -6.743707 1.323242 0.100001
v -6.681349 1.469625 0.100001
v -6.622315 1.622314 0.100001
v -6.566603 1.781311 0.100000
v -6.514215 1.946615 0.100000
v -6.465149 2.118225 0.100000
v -6.419406 2.296143 0.100000
v -6.376987 2.480367 0.100000
v -6.337891 2.670898 0.100000
v -4.702148 2.670898 0.100000
v -4.700995 2.613424 0.100000
v -4.699164 2.554932 0.100000
v -4.696655 2.495422 0.100000
v -4.693468 2.434896 0.100000
v -4.689602 2.373352 0.100000
v -4.685059 2.310791 0.100000
v -4.679837 2.247213 0.100000
v -4.673937 2.182617 0.100000
v -4.667358 2.117004 0.100000
v -4.660102 2.050374 0.100000
v -4.652167 1.982727 0.100000
v -4.643555 1.914062 0.100000
v -4.754096 1.865709 0.100000
v -4.861111 1.816677 0.100000
v -4.964600 1.766968 0.100000
v -5.064562 1.716580 0.100000
v -5.160997 1.665514 0.100000
v -5.253906 1.613770 0.100000
v -5.343289 1.561347 0.100000
v -5.429145 1.508247 0.100000
v -5.511475 1.454468 0.100000
v -5.590278 1.400011 0.100000
v -5.665555 1.344876 0.100000
v -5.737305 1.289062 0.100000
v -5.802036 1.236572 0.100000
v -5.861138 1.184896 0.100000
v -5.914612 1.134033 0.100000
v -5.962457 1.083984 0.100000
v -6.004673 1.034749 0.100000
v -6.041260 0.986328 0.100000
v -6.072218 0.938721 0.100000
v -6.097548 0.891927 0.100000
v -6.117249 0.845947 0.100000
v -6.131320 0.800781 0.100000
v -6.139764 0.756429 0.100001
v -6.142578 0.712891 0.100001
v -6.141527 0.688680 0.100001
v -6.138374 0.664876 0.100001
v -6.133118 0.641479 0.100001
v -6.125760 0.618490 0.100001
v -6.116300 0.595907 0.100001
v -6.104737 0.573730 0.100001
v -6.091072 0.551961 0.100001
v -6.075304 0.530599 0.100001
v -6.057434 0.509644 0.100001
v -6.037462 0.489095 0.100001
v -6.015388 0.468953 0.100001
v -5.991211 0.449219 0.100001
v -5.965475 0.428942 0.100000
v -5.940349 0.410428 0.100000
v -5.915833 0.393677 0.100000
v -5.891928 0.378689 0.100000
v -5.868633 0.365465 0.100000
v -5.845948 0.354004 0.100000
v -5.823874 0.344306 0.100000
v -5.802410 0.336372 0.100000
v -5.781557 0.330200 0.100000
v -5.761313 0.325792 0.100000
v -5.741681 0.323147 0.100000
v -5.722656 0.322266 0.100000
v -5.702481 0.323554 0.100000
v -5.682644 0.327420 0.100000
v -5.663147 0.333862 0.100000
v -5.643989 0.342882 0.100000
v -5.625169 0.354479 0.100000
v -5.606689 0.368652 0.100000
v -5.588548 0.385403 0.100000
v -5.570746 0.404731 0.100000
v -5.553284 0.426636 0.100000
v -5.536160 0.451118 0.100000
v -5.519375 0.478177 0.100000
v -5.502930 0.507812 0.100000
v -5.450982 0.602926 0.100000
v -5.394423 0.696208 0.100000
v -5.333252 0.787659 0.100000
v -5.267470 0.877279 0.100000
v -5.197076 0.965068 0.100000
v -5.122070 1.051025 0.100000
v -5.042453 1.135152 0.100000
v -4.958225 1.217448 0.100000
v -4.869385 1.297913 0.100000
v -4.775933 1.376546 0.100000
v -4.677870 1.453349 0.100000
v -4.575195 1.528320 0.100000
v -4.520806 1.294386 0.100000
v -4.453668 1.067844 0.100000
v -4.373779 0.848694 0.100000
v -4.281141 0.636936 0.100000
v -4.175754 0.432570 0.100000
v -4.057617 0.235596 0.100000
v -3.926731 0.046014 0.100000
v -3.783095 -0.136176 0.100000
v -3.626709 -0.310974 0.100000
v -3.457574 -0.478380 0.100000
v -3.275689 -0.638394 0.100000
v -3.081055 -0.791016 0.100000
v -2.822266 -0.498047 0.100000
v -2.965902 -0.352614 0.100000
v -3.100586 -0.202772 0.100000
v -3.226318 -0.048523 0.100000
v -3.343099 0.110135 0.100000
v -3.450928 0.273200 0.100000
v -3.549805 0.440674 0.100000
v -3.639730 0.612556 0.100000
v -3.720703 0.788845 0.100000
v -3.792725 0.969543 0.100000
v -3.855794 1.154649 0.100000
v -3.909912 1.344164 0.100000
v -3.955078 1.538086 0.100000
v -3.972371 1.625773 0.100000
v -3.988444 1.714681 0.100000
v -4.003296 1.804809 0.100000
v -4.016927 1.896159 0.100000
v -4.029338 1.988729 0.100000
v -4.040528 2.082519 0.100000
v -4.050497 2.177531 0.100000
v -4.059246 2.273763 0.100000
v -4.066773 2.371216 0.100000
v -4.073081 2.469889 0.100000
v -4.078167 2.569784 0.100000
v -4.082031 2.670898 0.100000
v -3.061523 2.670898 0.100000
v -2.919922 3.120117 0.100000
v -6.264648 3.120117 0.100000
v -6.231893 3.371616 0.100000
v -6.201986 3.657362 0.100000
v -6.174927 3.977356 0.100000
v -6.150716 4.331597 0.100000
v -6.129354 4.720086 0.100000
v -6.110840 5.142822 0.100000
v -6.095174 5.599806 0.100000
v -6.082357 6.091037 0.100000
v -6.072388 6.616516 0.100000
v -6.065267 7.176242 0.100000
v -6.060995 7.770216 0.100000
v -6.059570 8.398438 0.100000
v -6.217109 8.391521 0.100000
v -6.360948 8.382162 0.100000
v -6.491088 8.370362 0.100000
v -6.607530 8.356121 0.100000
v -6.710273 8.339438 0.100000
v -6.799316 8.320314 0.100000
v -6.874661 8.298749 0.100000
v -6.936306 8.274742 0.100000
v -6.984253 8.248294 0.100000
v -7.018500 8.219404 0.100000
v -7.039049 8.188073 0.100000
v -7.045898 8.154297 0.100000
v -7.043220 8.133070 0.100000
v -7.035183 8.111708 0.100000
v -7.021790 8.090210 0.100000
v -7.003038 8.068577 0.100000
v -6.978930 8.046807 0.100000
v -6.949463 8.024902 0.100000
v -6.914639 8.002862 0.100000
v -6.874457 7.980686 0.100000
v -6.828918 7.958374 0.100000
v -6.778022 7.935927 0.100000
v -6.721768 7.913344 0.100000
v -6.660156 7.890625 0.100000
v -6.661377 7.311639 0.100000
v -6.665039 6.766086 0.100000
v -6.671143 6.253967 0.100000
v -6.679688 5.775282 0.100000
v -6.690674 5.330030 0.100000
v -6.704102 4.918212 0.100000
v -6.719971 4.539828 0.100000
v -6.738281 4.194878 0.100000
v -6.759033 3.883361 0.100000
v -6.782227 3.605278 0.100000
v -6.807861 3.360629 0.100000
v -6.835938 3.149414 0.100000
v -7.993164 3.149414 0.100001
v -7.978143 3.156704 0.100001
v -7.964003 3.165555 0.100001
v -7.950745 3.175964 0.100001
v -7.938368 3.187934 0.100001
v -7.926873 3.201463 0.100001
v -7.916260 3.216553 0.100001
v -7.906528 3.233202 0.100001
v -7.897678 3.251410 0.100001
v -7.889709 3.271179 0.100001
v -7.882623 3.292508 0.100001
v -7.876418 3.315396 0.100001
v -7.871094 3.339844 0.100001
v -7.859565 3.391181 0.100001
v -7.844510 3.441027 0.100001
v -7.825928 3.489380 0.100001
v -7.803820 3.536242 0.100001
v -7.778185 3.581611 0.100001
v -7.749023 3.625489 0.100001
v -7.716336 3.667874 0.100001
v -7.680121 3.708768 0.100001
v -7.640381 3.748169 0.100001
v -7.597114 3.786079 0.100000
v -7.550320 3.822496 0.100000
v -7.500000 3.857422 0.100000
v -7.700195 4.086914 0.100000
v -7.828098 4.039680 0.100001
v -7.944879 3.992377 0.100001
v -8.050537 3.945007 0.100001
v -8.145074 3.897569 0.100001
v -8.228489 3.850064 0.100001
v -8.300781 3.802490 0.100001
v -8.361952 3.754849 0.100001
v -8.412001 3.707139 0.100001
v -8.450928 3.659363 0.100001
v -8.478733 3.611518 0.100001
v -8.495416 3.563605 0.100001
v -8.500977 3.515625 0.100001
v -8.499824 3.493720 0.100001
v -8.496365 3.471951 0.100001
v -8.490601 3.450317 0.100001
v -8.482531 3.428819 0.100001
v -8.472155 3.407457 0.100001
v -8.459473 3.386230 0.100001
v -8.444485 3.365139 0.100001
v -8.427192 3.344184 0.100001
v -8.407593 3.323364 0.100001
v -8.385688 3.302680 0.100001
v -8.361477 3.282131 0.100001
v -8.334961 3.261719 0.100001
v -8.316345 3.248257 0.100001
v -8.297933 3.235542 0.100001
v -8.279724 3.223572 0.100001
v -8.261719 3.212348 0.100001
v -8.243917 3.201870 0.100001
v -8.226318 3.192139 0.100001
v -8.208923 3.183153 0.100001
v -8.191731 3.174913 0.100001
v -8.174744 3.167419 0.100001
v -8.157959 3.160672 0.100001
v -8.141377 3.154670 0.100001
v -8.125000 3.149414 0.100001
v -8.691406 3.149414 0.100001
v -9.062500 3.540039 0.100001
v -9.121840 3.494365 0.100001
v -9.179416 3.448486 0.100001
v -9.235229 3.402405 0.100001
v -9.289279 3.356120 0.100001
v -9.341566 3.309631 0.100001
v -9.392090 3.262939 0.100001
v -9.440850 3.216044 0.100001
v -9.487847 3.168945 0.100001
v -9.533081 3.121643 0.100001
v -9.576551 3.074137 0.100001
v -9.618258 3.026428 0.100001
v -9.658203 2.978516 0.100001
v -9.511719 2.700195 0.100001
v -6.909180 2.700195 0.100000
v -6.942071 2.551168 0.100000
v -6.977268 2.406820 0.100001
v -7.014771 2.267151 0.100001
v -7.054579 2.132161 0.100001
v -7.096693 2.001851 0.100001
v -7.141113 1.876221 0.100001
v -7.187839 1.755269 0.100001
v -7.236871 1.638997 0.100001
v -7.288208 1.527405 0.100001
v -7.341851 1.420492 0.100001
v -7.397800 1.318258 0.100001
v -7.456055 1.220703 0.100001
v -7.549676 1.325480 0.100001
v -7.640110 1.431478 0.100001
v -7.727356 1.538696 0.100001
v -7.811415 1.647135 0.100001
v -7.892286 1.756795 0.100001
v -7.969971 1.867676 0.100001
v -8.044468 1.979777 0.100001
v -8.115777 2.093099 0.100001
v -8.183899 2.207641 0.100001
v -8.248834 2.323405 0.100001
v -8.310581 2.440389 0.100001
v -8.369141 2.558594 0.100001
v -8.486125 2.499559 0.100001
v -8.592937 2.442898 0.100001
v -8.689575 2.388611 0.100001
v -8.776042 2.336697 0.100001
v -8.852336 2.287157 0.100001
v -8.918457 2.239990 0.100001
v -8.974406 2.195197 0.100001
v -9.020183 2.152778 0.100001
v -9.055786 2.112732 0.100001
v -9.081218 2.075060 0.100001
v -9.096477 2.039761 0.100001
v -9.101562 2.006836 0.100001
v -9.098782 1.985745 0.100001
v -9.090440 1.966417 0.100001
v -9.076537 1.948853 0.100001
v -9.057074 1.933051 0.100001
v -9.032049 1.919013 0.100001
v -9.001464 1.906738 0.100001
v -8.965318 1.896227 0.100001
v -8.923611 1.887478 0.100001
v -8.876343 1.880493 0.100001
v -8.823513 1.875271 0.100001
v -8.765122 1.871813 0.100001
v -8.701172 1.870117 0.100001
v -8.644714 1.785143 0.100001
v -8.584392 1.699490 0.100001
v -8.520203 1.613159 0.100001
v -8.452148 1.526150 0.100001
v -8.380229 1.438463 0.100001
v -8.304443 1.350098 0.100001
v -8.224792 1.261054 0.100001
v -8.141276 1.171332 0.100001
v -8.053894 1.080932 0.100001
v -7.962646 0.989854 0.100001
v -7.867533 0.898098 0.100001
v -7.768555 0.805664 0.100001
v -7.823350 0.736253 0.100001
v -7.878689 0.669623 0.100001
v -7.934570 0.605774 0.100001
v -7.990993 0.544705 0.100001
v -8.047959 0.486416 0.100001
v -8.105468 0.430908 0.100001
v -8.163519 0.378181 0.100001
v -8.222113 0.328233 0.100001
v -8.281249 0.281067 0.100001
v -8.340928 0.236681 0.100001
v -8.401150 0.195075 0.100001
v -8.461914 0.156250 0.100001
v -8.493720 0.136753 0.100001
v -8.524035 0.118951 0.100001
v -8.552856 0.102844 0.100001
v -8.580187 0.088433 0.100001
v -8.606025 0.075718 0.100001
v -8.630371 0.064697 0.100001
v -8.653225 0.055372 0.100001
v -8.674587 0.047743 0.100001
v -8.694458 0.041809 0.100001
v -8.712836 0.037571 0.100001
v -8.729723 0.035027 0.100001
v -8.745117 0.034180 0.100001
v -8.768582 0.036452 0.100001
v -8.791776 0.043267 0.100001
v -8.814698 0.054626 0.100001
v -8.837349 0.070530 0.100001
v -8.859729 0.090976 0.100001
v -8.881837 0.115967 0.100001
v -8.903674 0.145501 0.100001
v -8.925240 0.179579 0.100001
v -8.946534 0.218201 0.100001
v -8.967557 0.261366 0.100001
v -8.988309 0.309075 0.100001
v -9.008789 0.361328 0.100001
v -9.035102 0.430366 0.100001
v -9.060329 0.500760 0.100001
v -9.084473 0.572510 0.100001
v -9.107531 0.645616 0.100001
v -9.129503 0.720079 0.100001
v -9.150391 0.795898 0.100001
v -9.170193 0.873074 0.100001
v -9.188910 0.951606 0.100001
v -9.206543 1.031494 0.100001
v -9.223090 1.112739 0.100001
v -9.238552 1.195340 0.100001
v -9.252930 1.279297 0.100001
v -9.589844 1.059570 0.100001
v -9.570347 0.943705 0.100001
v -9.552545 0.833740 0.100001
v -9.536438 0.729675 0.100001
v -9.522027 0.631510 0.100001
v -9.509312 0.539246 0.100001
v -9.498291 0.452881 0.100001
v -9.488966 0.372416 0.100001
v -9.481337 0.297852 0.100001
v -9.475403 0.229187 0.100001
v -9.471165 0.166423 0.100001
v -9.468621 0.109558 0.100001
v -9.467773 0.058594 0.100001
v -9.469672 -0.007189 0.100001
v -9.475368 -0.067817 0.100001
v -9.484863 -0.123291 0.100001
v -9.498156 -0.173611 0.100001
v -9.515245 -0.218777 0.100001
v -9.536133 -0.258789 0.100001
v -9.560818 -0.293647 0.100001
v -9.589301 -0.323351 0.100001
v -9.621582 -0.347900 0.100001
v -9.657660 -0.367296 0.100001
v -9.697536 -0.381538 0.100001
v -9.741211 -0.390625 0.100001
v -9.723680 -0.462375 0.100001
v -9.702013 -0.527886 0.100001
v -9.676208 -0.587158 0.100001
v -9.646267 -0.640191 0.100001
v -9.612189 -0.686985 0.100001
v -9.573975 -0.727539 0.100001
v -9.531623 -0.761854 0.100001
v -9.485134 -0.789931 0.100001
v -9.434509 -0.811768 0.100001
v -9.379747 -0.827365 0.100001
v -9.320848 -0.836724 0.100001
v -9.257812 -0.839844 0.100001
v -9.205695 -0.837775 0.100001
v -9.150255 -0.831570 0.100001
v -9.091492 -0.821228 0.100001
v -9.029406 -0.806749 0.100001
v -8.963996 -0.788133 0.100001
v -8.895264 -0.765381 0.100001
v -8.823208 -0.738491 0.100001
v -8.747829 -0.707465 0.100001
v -8.669128 -0.672302 0.100001
v -8.587104 -0.633002 0.100001
v -8.501757 -0.589566 0.100001
v -8.413086 -0.541992 0.100001
v -8.314684 -0.485602 0.100001
v -8.218045 -0.425483 0.100001
v -8.123170 -0.361633 0.100001
v -8.030057 -0.294054 0.100001
v -7.938708 -0.222744 0.100001
v -7.849122 -0.147705 0.100001
v -7.761299 -0.068936 0.100001
v -7.675239 0.013563 0.100001
v -7.590943 0.099792 0.100001
v -7.508410 0.189751 0.100001
v -7.427640 0.283440 0.100001
v -7.348633 0.380859 0.100001
v -7.189941 0.252821 0.100001
v -7.026367 0.129123 0.100001
v -6.857910 0.009766 0.100001
v -6.684570 -0.105252 0.100001
v -6.506348 -0.215929 0.100001
v -6.323242 -0.322266 0.100001
v -6.135254 -0.424262 0.100001
v -5.942383 -0.521918 0.100001
v -5.744629 -0.615234 0.100001
v -5.541992 -0.704210 0.100001
v -5.334473 -0.788846 0.100000
v -5.122070 -0.869141 0.100000
v -3.784180 4.355469 0.100000
v -3.837891 4.355469 0.100000
v -3.970710 4.543084 0.100000
v -4.100613 4.734836 0.100000
v -4.227600 4.930725 0.100000
v -4.351671 5.130751 0.100000
v -4.472826 5.334913 0.100000
v -4.591064 5.543213 0.100000
v -4.706387 5.755649 0.100000
v -4.818793 5.972222 0.100000
v -4.928284 6.192932 0.100000
v -5.034858 6.417779 0.100000
v -5.138516 6.646762 0.100000
v -5.239258 6.879883 0.100000
v -5.353122 6.829461 0.100000
v -5.457086 6.780735 0.100000
v -5.551147 6.733704 0.100000
v -5.635308 6.688368 0.100000
v -5.709568 6.644728 0.100000
v -5.773926 6.602783 0.100000
v -5.828382 6.562534 0.100000
v -5.872938 6.523980 0.100000
v -5.907593 6.487122 0.100000
v -5.932346 6.451959 0.100000
v -5.947198 6.418491 0.100000
v -5.952148 6.386719 0.100000
v -5.949707 6.366170 0.100000
v -5.942383 6.346843 0.100000
v -5.930176 6.328736 0.100000
v -5.913086 6.311850 0.100000
v -5.891113 6.296184 0.100000
v -5.864258 6.281739 0.100000
v -5.832520 6.268515 0.100000
v -5.795898 6.256512 0.100000
v -5.754395 6.245729 0.100000
v -5.708008 6.236167 0.100000
v -5.656738 6.227826 0.100000
v -5.600586 6.220703 0.100000
v -5.505744 6.057841 0.100000
v -5.408393 5.896403 0.100000
v -5.308533 5.736389 0.100000
v -5.206163 5.577799 0.100000
v -5.101285 5.420634 0.100000
v -4.993896 5.264893 0.100000
v -4.883999 5.110575 0.100000
v -4.771593 4.957682 0.100000
v -4.656677 4.806213 0.100000
v -4.539252 4.656168 0.100000
v -4.419318 4.507548 0.100000
v -4.296875 4.360352 0.100000
v -4.357096 4.362149 0.100000
v -4.420573 4.364285 0.100000
v -4.487305 4.366760 0.100000
v -4.557292 4.369575 0.100000
v -4.630534 4.372728 0.100000
v -4.707031 4.376220 0.100000
v -4.786784 4.380052 0.100000
v -4.869792 4.384223 0.100000
v -4.956055 4.388733 0.100000
v -5.045573 4.393582 0.100000
v -5.138346 4.398770 0.100000
v -5.234375 4.404297 0.100000
v -5.219184 4.439324 0.100000
v -5.202908 4.474420 0.100000
v -5.185547 4.509583 0.100000
v -5.167101 4.544813 0.100000
v -5.147570 4.580112 0.100000
v -5.126953 4.615479 0.100000
v -5.105252 4.650913 0.100000
v -5.082465 4.686415 0.100000
v -5.058594 4.721985 0.100000
v -5.033637 4.757623 0.100000
v -5.007596 4.793328 0.100000
v -4.980469 4.829102 0.100000
v -5.200195 5.048828 0.100000
v -5.329658 4.946594 0.100000
v -5.447862 4.846598 0.100000
v -5.554809 4.748840 0.100000
v -5.650499 4.653320 0.100000
v -5.734931 4.560038 0.100000
v -5.808105 4.468994 0.100000
v -5.870022 4.380188 0.100000
v -5.920681 4.293620 0.100000
v -5.960083 4.209290 0.100000
v -5.988227 4.127197 0.100000
v -6.005113 4.047343 0.100000
v -6.010742 3.969727 0.100000
v -6.009250 3.933207 0.100000
v -6.004774 3.898519 0.100000
v -5.997314 3.865662 0.100000
v -5.986871 3.834636 0.100000
v -5.973443 3.805441 0.100000
v -5.957031 3.778077 0.100000
v -5.937635 3.752544 0.100000
v -5.915256 3.728842 0.100000
v -5.889893 3.706971 0.100000
v -5.861545 3.686931 0.100000
v -5.830214 3.668722 0.100000
v -5.795898 3.652344 0.100000
v -5.773349 3.643765 0.100000
v -5.751275 3.635932 0.100000
v -5.729675 3.628845 0.100000
v -5.708550 3.622504 0.100000
v -5.687900 3.616910 0.100000
v -5.667725 3.612061 0.100000
v -5.648024 3.607958 0.100000
v -5.628798 3.604601 0.100000
v -5.610046 3.601990 0.100000
v -5.591770 3.600125 0.100000
v -5.573968 3.599006 0.100000
v -5.556641 3.598633 0.100000
v -5.530802 3.600057 0.100000
v -5.506999 3.604329 0.100000
v -5.485229 3.611450 0.100000
v -5.465495 3.621419 0.100000
v -5.447794 3.634237 0.100000
v -5.432129 3.649902 0.100000
v -5.418498 3.668416 0.100000
v -5.406901 3.689779 0.100000
v -5.397339 3.713989 0.100000
v -5.389811 3.741048 0.100000
v -5.384318 3.770955 0.100000
v -5.380859 3.803711 0.100000
v -5.378350 3.830227 0.100000
v -5.375705 3.856066 0.100000
v -5.372925 3.881226 0.100000
v -5.370008 3.905707 0.100000
v -5.366957 3.929511 0.100000
v -5.363770 3.952637 0.100000
v -5.360446 3.975084 0.100000
v -5.356988 3.996853 0.100000
v -5.353394 4.017944 0.100000
v -5.349664 4.038357 0.100000
v -5.345798 4.058092 0.100000
v -5.341797 4.077148 0.100000
v -5.213623 4.051615 0.100000
v -5.084635 4.027100 0.100000
v -4.954834 4.003601 0.100000
v -4.824219 3.981120 0.100000
v -4.692790 3.959656 0.100000
v -4.560547 3.939209 0.100000
v -4.427490 3.919780 0.100000
v -4.293620 3.901367 0.100000
v -4.158936 3.883972 0.100000
v -4.023438 3.867594 0.100000
v -3.887126 3.852234 0.100000
v -3.750000 3.837891 0.100000
v -3.736064 3.797336 0.100000
v -3.721924 3.760308 0.100000
v -3.707581 3.726806 0.100000
v -3.693034 3.696831 0.100000
v -3.678284 3.670383 0.100000
v -3.663330 3.647461 0.100000
v -3.648173 3.628065 0.100000
v -3.632812 3.612196 0.100000
v -3.617249 3.599854 0.100000
v -3.601481 3.591037 0.100000
v -3.585510 3.585747 0.100000
v -3.569336 3.583984 0.100000
v -3.538174 3.589376 0.100000
v -3.508165 3.605550 0.100000
v -3.479309 3.632507 0.100000
v -3.451606 3.670247 0.100000
v -3.425056 3.718770 0.100000
v -3.399658 3.778076 0.100000
v -3.375414 3.848165 0.100000
v -3.352322 3.929036 0.100000
v -3.330383 4.020691 0.100000
v -3.309597 4.123128 0.100000
v -3.289964 4.236349 0.100000
v -3.271484 4.360352 0.100000
v -3.750000 4.355469 0.100000
v -0.131836 1.743164 0.100000
v -0.295173 2.048645 0.100000
v -0.449897 2.359619 0.100000
v -0.596008 2.676086 0.100000
v -0.733507 2.998047 0.100000
v -0.862393 3.325500 0.100000
v -0.982666 3.658447 0.100000
v -1.094326 3.996887 0.100000
v -1.197374 4.340820 0.100000
v -1.291809 4.690247 0.100000
v -1.377631 5.045166 0.100000
v -1.454841 5.405579 0.100000
v -1.523438 5.771484 0.100000
v -0.390625 5.771484 0.100000
v -0.253906 6.220703 0.100000
v -1.533203 6.220703 0.100000
v -1.533203 8.398438 0.100000
v -1.684502 8.389180 0.100000
v -1.822645 8.377686 0.100000
v -1.947632 8.363953 0.100000
v -2.059462 8.347981 0.100000
v -2.158135 8.329773 0.100000
v -2.243652 8.309326 0.100000
v -2.316013 8.286641 0.100000
v -2.375217 8.261719 0.100000
v -2.421265 8.234558 0.100000
v -2.454156 8.205159 0.100000
v -2.473891 8.173523 0.100000
v -2.480469 8.139648 0.100000
v -2.477926 8.116693 0.100000
v -2.470296 8.093397 0.100000
v -2.457581 8.069763 0.100000
v -2.439779 8.045790 0.100000
v -2.416890 8.021478 0.100000
v -2.388916 7.996826 0.100000
v -2.355855 7.971836 0.100000
v -2.317708 7.946506 0.100000
v -2.274475 7.920837 0.100000
v -2.226156 7.894830 0.100000
v -2.172750 7.868483 0.100000
v -2.114258 7.841797 0.100000
v -2.114258 6.220703 0.100000
v -2.504883 6.220703 0.100000
v -2.841797 6.679688 0.100000
v -2.890862 6.629062 0.100000
v -2.938775 6.578098 0.100000
v -2.985535 6.526794 0.100000
v -3.031142 6.475152 0.100000
v -3.075596 6.423171 0.100000
v -3.118897 6.370850 0.100000
v -3.161045 6.318190 0.100000
v -3.202040 6.265191 0.100000
v -3.241883 6.211853 0.100000
v -3.280572 6.158176 0.100000
v -3.318109 6.104160 0.100000
v -3.354492 6.049805 0.100000
v -3.203125 5.771484 0.100000
v -2.114258 5.771484 0.100000
v -2.114258 4.916992 0.100000
v -2.291294 4.795532 0.100000
v -2.452935 4.676920 0.100000
v -2.599182 4.561157 0.100000
v -2.730034 4.448242 0.100000
v -2.845493 4.338175 0.100000
v -2.945556 4.230957 0.100000
v -3.030226 4.126587 0.100000
v -3.099501 4.025065 0.100000
v -3.153381 3.926391 0.100000
v -3.191867 3.830566 0.100000
v -3.214959 3.737589 0.100000
v -3.222656 3.647461 0.100000
v -3.221300 3.616299 0.100000
v -3.217231 3.586290 0.100000
v -3.210449 3.557434 0.100000
v -3.200955 3.529731 0.100000
v -3.188748 3.503181 0.100000
v -3.173828 3.477783 0.100000
v -3.156196 3.453539 0.100000
v -3.135851 3.430447 0.100000
v -3.112793 3.408508 0.100000
v -3.087023 3.387722 0.100000
v -3.058539 3.368089 0.100000
v -3.027344 3.349609 0.100000
v -3.004964 3.337911 0.100000
v -2.983398 3.327230 0.100000
v -2.962646 3.317566 0.100000
v -2.942708 3.308919 0.100000
v -2.923584 3.301290 0.100000
v -2.905273 3.294678 0.100000
v -2.887777 3.289083 0.100000
v -2.871094 3.284505 0.100000
v -2.855225 3.280945 0.100000
v -2.840169 3.278402 0.100000
v -2.825928 3.276876 0.100000
v -2.812500 3.276367 0.100000
v -2.790968 3.278096 0.100000
v -2.770318 3.283284 0.100000
v -2.750549 3.291931 0.100000
v -2.731662 3.304036 0.100000
v -2.713657 3.319600 0.100000
v -2.696533 3.338623 0.100000
v -2.680291 3.361104 0.100000
v -2.664931 3.387044 0.100000
v -2.650452 3.416443 0.100000
v -2.636854 3.449300 0.100000
v -2.624139 3.485616 0.100000
v -2.612305 3.525391 0.100000
v -2.587958 3.606567 0.100000
v -2.560493 3.687337 0.100000
v -2.529907 3.767700 0.100000
v -2.496202 3.847656 0.100000
v -2.459378 3.927205 0.100000
v -2.419434 4.006348 0.100000
v -2.376370 4.085083 0.100000
v -2.330187 4.163412 0.100000
v -2.280884 4.241333 0.100000
v -2.228461 4.318848 0.100000
v -2.172919 4.395956 0.100000
v -2.114258 4.472656 0.100000
v -2.114258 -0.859375 0.100000
v -1.533203 -0.859375 0.100000
v -1.533203 3.872070 0.100000
v -1.451620 3.639187 0.100000
v -1.368001 3.412544 0.100000
v -1.282349 3.192139 0.100000
v -1.194661 2.977973 0.100000
v -1.104940 2.770047 0.100000
v -1.013184 2.568360 0.100000
v -0.919393 2.372911 0.100000
v -0.823568 2.183702 0.100000
v -0.725708 2.000733 0.100000
v -0.625814 1.824002 0.100000
v -0.523885 1.653510 0.100000
v -0.419922 1.489258 0.100000
v -3.369141 6.889648 0.100000
v -3.426683 6.859097 0.100000
v -3.482123 6.829291 0.100000
v -3.535461 6.800232 0.100000
v -3.586697 6.771918 0.100000
v -3.635830 6.744351 0.100000
v -3.682861 6.717529 0.100000
v -3.727790 6.691454 0.100000
v -3.770616 6.666124 0.100000
v -3.811340 6.641541 0.100000
v -3.849962 6.617703 0.100000
v -3.886481 6.594611 0.100000
v -3.920898 6.572266 0.100000
v -3.979526 6.690504 0.100000
v -4.036594 6.810845 0.100000
v -4.092102 6.933288 0.100000
v -4.146050 7.057834 0.100000
v -4.198439 7.184482 0.100000
v -4.249268 7.313232 0.100000
v -4.298537 7.444085 0.100000
v -4.346246 7.577040 0.100000
v -4.392395 7.712097 0.100000
v -4.436985 7.849257 0.100000
v -4.480014 7.988518 0.100000
v -4.521484 8.129883 0.100000
v -4.655626 8.085530 0.100000
v -4.778103 8.041992 0.100000
v -4.888916 7.999268 0.100000
v -4.988064 7.957357 0.100000
v -5.075548 7.916260 0.100000
v -5.151367 7.875977 0.100000
v -5.215521 7.836507 0.100000
v -5.268012 7.797852 0.100000
v -5.308837 7.760010 0.100000
v -5.337999 7.722982 0.100000
v -5.355495 7.686768 0.100000
v -5.361328 7.651367 0.100000
v -5.358751 7.631531 0.100000
v -5.351020 7.612711 0.100000
v -5.338135 7.594910 0.100000
v -5.320096 7.578125 0.100000
v -5.296903 7.562357 0.100000
v -5.268555 7.547607 0.100000
v -5.235054 7.533875 0.100000
v -5.196398 7.521159 0.100000
v -5.152588 7.509460 0.100000
v -5.103624 7.498779 0.100000
v -5.049507 7.489115 0.100000
v -4.990234 7.480469 0.100000
v -4.931912 7.377862 0.100000
v -4.872504 7.276747 0.100000
v -4.812012 7.177125 0.100000
v -4.750434 7.078993 0.100000
v -4.687771 6.982354 0.100000
v -4.624023 6.887207 0.100000
v -4.559191 6.793552 0.100000
v -4.493273 6.701389 0.100000
v -4.426270 6.610718 0.100000
v -4.358181 6.521539 0.100000
v -4.289008 6.433852 0.100000
v -4.218750 6.347656 0.100000
v -4.270223 6.300863 0.100000
v -4.317220 6.254883 0.100000
v -4.359741 6.209717 0.100000
v -4.397787 6.165365 0.100000
v -4.431356 6.121826 0.100000
v -4.460449 6.079102 0.100000
v -4.485067 6.037191 0.100000
v -4.505208 5.996094 0.100000
v -4.520874 5.955811 0.100000
v -4.532064 5.916341 0.100000
v -4.538778 5.877686 0.100000
v -4.541016 5.839844 0.100000
v -4.539693 5.811632 0.100000
v -4.535726 5.783962 0.100000
v -4.529114 5.756835 0.100000
v -4.519857 5.730251 0.100000
v -4.507955 5.704210 0.100000
v -4.493408 5.678710 0.100000
v -4.476217 5.653754 0.100000
v -4.456380 5.629340 0.100000
v -4.433899 5.605468 0.100000
v -4.408773 5.582139 0.100000
v -4.381002 5.559353 0.100000
v -4.350586 5.537109 0.100000
v -4.330444 5.523851 0.100000
v -4.310709 5.511745 0.100000
v -4.291382 5.500793 0.100000
v -4.272461 5.490993 0.100000
v -4.253947 5.482347 0.100000
v -4.235840 5.474853 0.100000
v -4.218140 5.468512 0.100000
v -4.200846 5.463324 0.100000
v -4.183960 5.459289 0.100000
v -4.167480 5.456407 0.100000
v -4.151408 5.454678 0.100000
v -4.135742 5.454102 0.100000
v -4.112752 5.455390 0.100000
v -4.090983 5.459256 0.100000
v -4.070435 5.465698 0.100000
v -4.051107 5.474718 0.100000
v -4.033000 5.486315 0.100000
v -4.016114 5.500488 0.100000
v -4.000449 5.517239 0.100000
v -3.986004 5.536567 0.100000
v -3.972779 5.558472 0.100000
v -3.960776 5.582953 0.100000
v -3.949993 5.610013 0.100000
v -3.940430 5.639648 0.100000
v -3.912014 5.723368 0.100000
v -3.877224 5.806885 0.100000
v -3.836060 5.890198 0.100000
v -3.788520 5.973307 0.100000
v -3.734606 6.056213 0.100000
v -3.674316 6.138916 0.100000
v -3.607652 6.221415 0.100000
v -3.534614 6.303711 0.100000
v -3.455200 6.385803 0.100000
v -3.369412 6.467692 0.100000
v -3.277249 6.549377 0.100000
v -3.178711 6.630859 0.100000
v -6.962891 6.801758 0.100000
v -7.014567 6.775411 0.100000
v -7.063802 6.750082 0.100000
v -7.110595 6.725769 0.100000
v -7.154947 6.702474 0.100000
v -7.196858 6.680196 0.100000
v -7.236327 6.658936 0.100000
v -7.273355 6.638692 0.100000
v -7.307941 6.619466 0.100000
v -7.340086 6.601257 0.100000
v -7.369790 6.584066 0.100000
v -7.397052 6.567892 0.100000
v -7.421875 6.552734 0.100000
v -7.486538 6.679993 0.100000
v -7.548693 6.807861 0.100000
v -7.608337 6.936340 0.100000
v -7.665473 7.065430 0.100000
v -7.720099 7.195129 0.100000
v -7.772217 7.325439 0.100000
v -7.821825 7.456360 0.100000
v -7.868924 7.587891 0.100000
v -7.913513 7.720032 0.100000
v -7.955594 7.852783 0.100000
v -7.995165 7.986145 0.100000
v -8.032227 8.120117 0.100000
v -8.168708 8.071052 0.100000
v -8.293322 8.023139 0.100000
v -8.406067 7.976379 0.100000
v -8.506945 7.930773 0.100000
v -8.595954 7.886319 0.100000
v -8.673096 7.843018 0.100000
v -8.738369 7.800869 0.100000
v -8.791775 7.759874 0.100000
v -8.833313 7.720032 0.100000
v -8.862983 7.681342 0.100000
v -8.880785 7.643806 0.100000
v -8.886719 7.607422 0.100000
v -8.883972 7.586263 0.100000
v -8.875732 7.566732 0.100000
v -8.862000 7.548828 0.100000
v -8.842773 7.532552 0.100000
v -8.818054 7.517904 0.100000
v -8.787842 7.504883 0.100000
v -8.752136 7.493490 0.100000
v -8.710938 7.483724 0.100000
v -8.664246 7.475586 0.100000
v -8.612061 7.469076 0.100000
v -8.554382 7.464193 0.100000
v -8.491211 7.460938 0.100000
v -8.437500 7.365146 0.100000
v -8.382161 7.269830 0.100000
v -8.325195 7.174988 0.100000
v -8.266602 7.080621 0.100000
v -8.206380 6.986728 0.100000
v -8.144531 6.893311 0.100000
v -8.081055 6.800367 0.100000
v -8.015950 6.707899 0.100000
v -7.949218 6.615906 0.100000
v -7.880859 6.524387 0.100000
v -7.810872 6.433343 0.100000
v -7.739258 6.342773 0.100000
v -7.792291 6.299303 0.100000
v -7.840712 6.256782 0.100000
v -7.884522 6.215210 0.100000
v -7.923720 6.174588 0.100000
v -7.958306 6.134915 0.100000
v -7.988281 6.096192 0.100000
v -8.013645 6.058418 0.100000
v -8.034397 6.021593 0.100000
v -8.050537 5.985718 0.100000
v -8.062066 5.950792 0.100000
v -8.068983 5.916816 0.100000
v -8.071289 5.883789 0.100000
v -8.070034 5.857951 0.100000
v -8.066270 5.832520 0.100000
v -8.059997 5.807495 0.100000
v -8.051214 5.782877 0.100000
v -8.039923 5.758667 0.100000
v -8.026122 5.734863 0.100000
v -8.009812 5.711466 0.100000
v -7.990993 5.688477 0.100000
v -7.969665 5.665894 0.100000
v -7.945827 5.643717 0.100000
v -7.919480 5.621948 0.100000
v -7.890625 5.600586 0.100000
v -7.868856 5.585768 0.100000
v -7.847494 5.572239 0.100000
v -7.826538 5.559998 0.100000
v -7.805990 5.549046 0.100000
v -7.785848 5.539382 0.100000
v -7.766113 5.531006 0.100000
v -7.746786 5.523920 0.100000
v -7.727865 5.518121 0.100000
v -7.709351 5.513611 0.100000
v -7.691244 5.510390 0.100000
v -7.673543 5.508457 0.100000
v -7.656250 5.507812 0.100000
v -7.631632 5.509440 0.100000
v -7.608235 5.514323 0.100000
v -7.586059 5.522461 0.100000
v -7.565104 5.533854 0.100000
v -7.545369 5.548502 0.100000
v -7.526855 5.566406 0.100000
v -7.509561 5.587565 0.100000
v -7.493488 5.611979 0.100000
v -7.478636 5.639648 0.100000
v -7.465005 5.670573 0.100000
v -7.452594 5.704752 0.100000
v -7.441406 5.742188 0.100000
v -7.419467 5.810377 0.100000
v -7.391086 5.878228 0.100000
v -7.356262 5.945739 0.100000
v -7.314996 6.012912 0.100000
v -7.267287 6.079745 0.100000
v -7.213135 6.146240 0.100000
v -7.152541 6.212395 0.100000
v -7.085504 6.278212 0.100000
v -7.012024 6.343689 0.100000
v -6.932102 6.408827 0.100000
v -6.845737 6.473626 0.100000
v -6.752930 6.538086 0.100000
v -9.008789 4.052734 0.100001
v -9.007806 4.075521 0.100001
v -9.006483 4.098308 0.100001
v -9.004822 4.121094 0.100001
v -9.002821 4.143881 0.100001
v -9.000482 4.166667 0.100001
v -8.997803 4.189454 0.100001
v -8.994785 4.212241 0.100001
v -8.991428 4.235027 0.100001
v -8.987732 4.257814 0.100001
v -8.983697 4.280601 0.100001
v -8.979322 4.303387 0.100001
v -8.974609 4.326172 0.100001
v -8.856642 4.302911 0.100001
v -8.735487 4.280328 0.100001
v -8.611145 4.258423 0.100001
v -8.483616 4.237196 0.100001
v -8.352899 4.216648 0.100001
v -8.218994 4.196777 0.100001
v -8.081903 4.177585 0.100001
v -7.941623 4.159071 0.100001
v -7.798157 4.141235 0.100000
v -7.651503 4.124078 0.100000
v -7.501662 4.107598 0.100000
v -7.348633 4.091797 0.100000
v -7.332391 4.050463 0.100000
v -7.316216 4.012722 0.100000
v -7.300110 3.978577 0.100000
v -7.284071 3.948025 0.100000
v -7.268100 3.921068 0.100000
v -7.252197 3.897705 0.100000
v -7.236362 3.877936 0.100000
v -7.220594 3.861762 0.100000
v -7.204895 3.849182 0.100000
v -7.189263 3.840196 0.100000
v -7.173699 3.834805 0.100000
v -7.158203 3.833008 0.100000
v -7.131449 3.838128 0.100000
v -7.104899 3.853489 0.100000
v -7.078552 3.879090 0.100000
v -7.052409 3.914931 0.100000
v -7.026469 3.961012 0.100000
v -7.000732 4.017334 0.100000
v -6.975199 4.083897 0.100000
v -6.949870 4.160699 0.100000
v -6.924744 4.247742 0.100000
v -6.899821 4.345026 0.100000
v -6.875102 4.452549 0.100000
v -6.850586 4.570312 0.100000
v -6.901449 4.570312 0.100000
v -6.949870 4.570312 0.100000
v -6.995850 4.570312 0.100000
v -7.039389 4.570312 0.100000
v -7.080486 4.570312 0.100000
v -7.119142 4.570312 0.100000
v -7.155356 4.570312 0.100000
v -7.189129 4.570312 0.100000
v -7.220460 4.570312 0.100000
v -7.249351 4.570312 0.100000
v -7.275799 4.570312 0.100000
v -7.299805 4.570312 0.100000
v -7.431674 4.734735 0.100000
v -7.561985 4.904107 0.100000
v -7.690735 5.078430 0.100000
v -7.817925 5.257704 0.100000
v -7.943556 5.441928 0.100000
v -8.067627 5.631104 0.100000
v -8.190138 5.825229 0.100000
v -8.311090 6.024305 0.100000
v -8.430481 6.228333 0.100000
v -8.548313 6.437310 0.100000
v -8.664585 6.651238 0.100000
v -8.779297 6.870117 0.100000
v -8.893941 6.811761 0.100000
v -8.998616 6.755507 0.100000
v -9.093323 6.701355 0.100000
v -9.178060 6.649306 0.100001
v -9.252828 6.599359 0.100001
v -9.317627 6.551514 0.100001
v -9.372457 6.505771 0.100001
v -9.417317 6.462131 0.100001
v -9.452209 6.420593 0.100001
v -9.477132 6.381158 0.100001
v -9.492085 6.343825 0.100001
v -9.497070 6.308594 0.100001
v -9.494459 6.286757 0.100001
v -9.486627 6.266819 0.100001
v -9.473572 6.248780 0.100001
v -9.455296 6.232639 0.100001
v -9.431797 6.218398 0.100001
v -9.403076 6.206055 0.100001
v -9.369134 6.195611 0.100001
v -9.329969 6.187067 0.100001
v -9.285583 6.180420 0.100001
v -9.235975 6.175673 0.100001
v -9.181146 6.172825 0.100001
v -9.121094 6.171875 0.100001
v -9.023777 6.037767 0.100001
v -8.923882 5.903999 0.100001
v -8.821411 5.770569 0.100001
v -8.716363 5.637479 0.100001
v -8.608738 5.504727 0.100001
v -8.498535 5.372315 0.100001
v -8.385756 5.240242 0.100001
v -8.270399 5.108507 0.100000
v -8.152466 4.977112 0.100000
v -8.031956 4.846056 0.100000
v -7.908868 4.715339 0.100000
v -7.783203 4.584961 0.100000
v -7.906257 4.590624 0.100000
v -8.023139 4.596219 0.100000
v -8.133850 4.601746 0.100001
v -8.238390 4.607205 0.100001
v -8.336759 4.612597 0.100001
v -8.428956 4.617920 0.100001
v -8.514981 4.623176 0.100001
v -8.594835 4.628364 0.100001
v -8.668518 4.633484 0.100001
v -8.736030 4.638536 0.100001
v -8.797370 4.643521 0.100001
v -8.852539 4.648438 0.100001
v -8.834296 4.683228 0.100001
v -8.815375 4.717611 0.100001
v -8.795776 4.751587 0.100001
v -8.775499 4.785156 0.100001
v -8.754544 4.818319 0.100001
v -8.732911 4.851074 0.100001
v -8.710599 4.883423 0.100001
v -8.687609 4.915365 0.100001
v -8.663940 4.946899 0.100001
v -8.639594 4.978027 0.100001
v -8.614570 5.008749 0.100001
v -8.588867 5.039062 0.100001
v -8.818359 5.249023 0.100001
v -8.947822 5.149841 0.100001
v -9.066027 5.052490 0.100001
v -9.172974 4.956970 0.100001
v -9.268663 4.863281 0.100001
v -9.353095 4.771423 0.100001
v -9.426270 4.681396 0.100001
v -9.488186 4.593201 0.100001
v -9.538845 4.506836 0.100001
v -9.578247 4.422302 0.100001
v -9.606391 4.339600 0.100001
v -9.623278 4.258728 0.100001
v -9.628906 4.179688 0.100001
v -9.627550 4.145508 0.100001
v -9.623481 4.112956 0.100001
v -9.616699 4.082031 0.100001
v -9.607204 4.052734 0.100001
v -9.594997 4.025065 0.100001
v -9.580078 3.999023 0.100001
v -9.562446 3.974609 0.100001
v -9.542101 3.951823 0.100001
v -9.519043 3.930664 0.100001
v -9.493273 3.911133 0.100001
v -9.464789 3.893229 0.100001
v -9.433594 3.876953 0.100001
v -9.410197 3.866035 0.100001
v -9.387207 3.856066 0.100001
v -9.364624 3.847046 0.100001
v -9.342448 3.838976 0.100001
v -9.320679 3.831855 0.100001
v -9.299316 3.825684 0.100001
v -9.278361 3.820462 0.100001
v -9.257812 3.816190 0.100001
v -9.237671 3.812866 0.100001
v -9.217937 3.810493 0.100001
v -9.198608 3.809069 0.100001
v -9.179688 3.808594 0.100001
v -9.153883 3.810289 0.100001
v -9.130181 3.815375 0.100001
v -9.108582 3.823853 0.100001
v -9.089085 3.835721 0.100001
v -9.071690 3.850979 0.100001
v -9.056396 3.869629 0.100001
v -9.043206 3.891669 0.100001
v -9.032118 3.917101 0.100001
v -9.023132 3.945923 0.100001
v -9.016249 3.978136 0.100001
v -9.011468 4.013740 0.100001
v 6.718750 1.572266 0.099999
v 6.559312 1.752591 0.099999
v 6.409776 1.937120 0.099999
v 6.270141 2.125854 0.099999
v 6.140408 2.318793 0.099999
v 6.020575 2.515937 0.099999
v 5.910644 2.717285 0.099999
v 5.810614 2.922838 0.099999
v 5.720486 3.132596 0.099999
v 5.640258 3.346558 0.099999
v 5.569932 3.564724 0.099999
v 5.509508 3.787096 0.099999
v 5.458984 4.013672 0.099999
v 8.720703 4.013672 0.099999
v 8.862305 4.501953 0.099999
v 5.390625 4.501953 0.099999
v 5.387505 4.541422 0.099999
v 5.384656 4.580078 0.099999
v 5.382079 4.617920 0.099999
v 5.379773 4.654948 0.099999
v 5.377738 4.691162 0.099999
v 5.375975 4.726562 0.099999
v 5.374483 4.761149 0.099999
v 5.373262 4.794922 0.099999
v 5.372313 4.827881 0.099999
v 5.371635 4.860026 0.099999
v 5.371228 4.891357 0.099999
v 5.371094 4.921875 0.099999
v 5.371094 6.860352 0.099999
v 9.223633 6.860352 0.099999
v 9.370117 7.368164 0.099999
v 2.045898 7.368164 0.099999
v 1.484375 7.998047 0.100000
v 1.398654 7.926839 0.100000
v 1.315647 7.856445 0.100000
v 1.235351 7.786865 0.100000
v 1.157769 7.718099 0.100000
v 1.082899 7.650146 0.100000
v 1.010742 7.583008 0.100000
v 0.941298 7.516683 0.100000
v 0.874566 7.451172 0.100000
v 0.810547 7.386475 0.100000
v 0.749240 7.322591 0.100000
v 0.690647 7.259521 0.100000
v 0.634766 7.197266 0.100000
v 0.825195 6.860352 0.100000
v 4.711914 6.860352 0.099999
v 4.711914 4.921875 0.099999
v 4.712049 4.895833 0.099999
v 4.712456 4.868164 0.099999
v 4.713134 4.838867 0.099999
v 4.714084 4.807943 0.099999
v 4.715304 4.775391 0.099999
v 4.716796 4.741211 0.099999
v 4.718560 4.705404 0.099999
v 4.720594 4.667969 0.099999
v 4.722900 4.628906 0.099999
v 4.725477 4.588216 0.099999
v 4.728325 4.545898 0.099999
v 4.731445 4.501953 0.099999
v 2.485352 4.501953 0.100000
v 1.933594 5.092773 0.100000
v 1.870660 5.039062 0.100000
v 1.807183 4.983724 0.100000
v 1.743164 4.926758 0.100000
v 1.678602 4.868164 0.100000
v 1.613498 4.807943 0.100000
v 1.547851 4.746094 0.100000
v 1.481662 4.682617 0.100000
v 1.414930 4.617513 0.100000
v 1.347656 4.550781 0.100000
v 1.279839 4.482422 0.100000
v 1.211480 4.412435 0.100000
v 1.142578 4.340820 0.100000
v 1.333008 4.013672 0.100000
v 4.570312 4.013672 0.099999
v 4.501275 3.850776 0.099999
v 4.430881 3.692492 0.099999
v 4.359131 3.538819 0.099999
v 4.286024 3.389757 0.099999
v 4.211561 3.245307 0.099999
v 4.135742 3.105469 0.099999
v 4.058567 2.970242 0.100000
v 3.980035 2.839627 0.100000
v 3.900146 2.713623 0.100000
v 3.818902 2.592231 0.100000
v 3.736300 2.475450 0.100000
v 3.652344 2.363281 0.100000
v 3.448012 2.114054 0.100000
v 3.230523 1.877442 0.100000
v 2.999878 1.653443 0.100000
v 2.756076 1.442057 0.100000
v 2.499118 1.243286 0.100000
v 2.229004 1.057129 0.100000
v 1.945733 0.883586 0.100000
v 1.649306 0.722656 0.100000
v 1.339722 0.574341 0.100000
v 1.016981 0.438640 0.100000
v 0.681085 0.315552 0.100000
v 0.332031 0.205078 0.100000
v 0.390795 0.159539 0.100000
v 0.448269 0.112440 0.100000
v 0.504456 0.063782 0.100000
v 0.559353 0.013563 0.100000
v 0.612962 -0.038215 0.100000
v 0.665283 -0.091553 0.100000
v 0.716315 -0.146450 0.100000
v 0.766059 -0.202908 0.100000
v 0.814514 -0.260925 0.100000
v 0.861681 -0.320502 0.100000
v 0.907559 -0.381639 0.100000
v 0.952148 -0.444336 0.100000
v 1.437412 -0.220676 0.100000
v 1.893853 0.023872 0.100000
v 2.321472 0.289307 0.100000
v 2.720269 0.575629 0.100000
v 3.090244 0.882840 0.100000
v 3.431396 1.210937 0.100000
v 3.743727 1.559923 0.100000
v 4.027235 1.929796 0.100000
v 4.281921 2.320556 0.100000
v 4.507785 2.732205 0.099999
v 4.704827 3.164741 0.099999
v 4.873047 3.618164 0.099999
v 4.945781 3.358392 0.099999
v 5.030518 3.104791 0.099999
v 5.127259 2.857361 0.099999
v 5.236003 2.616102 0.099999
v 5.356751 2.381015 0.099999
v 5.489502 2.152100 0.099999
v 5.634257 1.929355 0.099999
v 5.791016 1.712782 0.099999
v 5.959778 1.502380 0.099999
v 6.140543 1.298150 0.099999
v 6.333313 1.100091 0.099999
v 6.538086 0.908203 0.099999
v 6.717258 0.753852 0.099999
v 6.904840 0.604926 0.099999
v 7.100830 0.461426 0.099999
v 7.305230 0.323351 0.099999
v 7.518039 0.190701 0.099999
v 7.739258 0.063477 0.099999
v 7.968886 -0.058323 0.099999
v 8.206923 -0.174696 0.099999
v 8.453370 -0.285645 0.099999
v 8.708226 -0.391168 0.099999
v 8.971491 -0.491265 0.099999
v 9.243164 -0.585938 0.099999
v 9.492188 -0.205078 0.099999
v 9.209595 -0.096503 0.099999
v 8.936360 0.019260 0.099999
v 8.672485 0.142212 0.099999
v 8.417969 0.272352 0.099999
v 8.172811 0.409682 0.099999
v 7.937011 0.554199 0.099999
v 7.710571 0.705905 0.099999
v 7.493489 0.864800 0.099999
v 7.285766 1.030884 0.099999
v 7.087402 1.204156 0.099999
v 6.898396 1.384616 0.099999
v 6.718750 1.572266 0.099999
v 6.718750 1.572266 -0.100001
v 6.559312 1.752591 0.099999
v 6.559312 1.752591 -0.100001
v 6.409776 1.937120 0.099999
v 6.409776 1.937120 -0.100001
v 6.270141 2.125854 0.099999
v 6.270141 2.125854 -0.100001
v 6.140408 2.318793 0.099999
v 6.140408 2.318793 -0.100001
v 6.020575 2.515937 0.099999
v 6.020575 2.515937 -0.100001
v 5.910644 2.717285 0.099999
v 5.910644 2.717285 -0.100001
v 5.810614 2.922838 0.099999
v 5.810614 2.922838 -0.100001
v 5.720486 3.132596 0.099999
v 5.720486 3.132596 -0.100001
v 5.640258 3.346558 0.099999
v 5.640258 3.346558 -0.100001
v 5.569932 3.564724 0.099999
v 5.569932 3.564724 -0.100001
v 5.509508 3.787096 0.099999
v 5.509508 3.787096 -0.100001
v 5.458984 4.013672 0.099999
v 5.458984 4.013672 -0.100001
v 8.720703 4.013672 0.099999
v 8.720703 4.013672 -0.100001
v 8.862305 4.501953 0.099999
v 8.862305 4.501953 -0.100001
v 5.390625 4.501953 0.099999
v 5.390625 4.501953 -0.100001
v 5.387505 4.541422 0.099999
v 5.387505 4.541422 -0.100001
v 5.384656 4.580078 0.099999
v 5.384656 4.580078 -0.100001
v 5.382079 4.617920 0.099999
v 5.382079 4.617920 -0.100001
v 5.379773 4.654948 0.099999
v 5.379773 4.654948 -0.100001
v 5.377738 4.691162 0.099999
v 5.377738 4.691162 -0.100001
v 5.375975 4.726562 0.099999
v 5.375975 4.726562 -0.100001
v 5.374483 4.761149 0.099999
v 5.374483 4.761149 -0.100001
v 5.373262 4.794922 0.099999
v 5.373262 4.794922 -0.100001
v 5.372313 4.827881 0.099999
v 5.372313 4.827881 -0.100001
v 5.371635 4.860026 0.099999
v 5.371635 4.860026 -0.100001
v 5.371228 4.891357 0.099999
v 5.371228 4.891357 -0.100001
v 5.371094 4.921875 0.099999
v 5.371094 4.921875 -0.100001
v 5.371094 6.860352 0.099999
v 5.371094 6.860352 -0.100001
v 9.223633 6.860352 0.099999
v 9.223633 6.860352 -0.100001
v 9.370117 7.368164 0.099999
v 9.370117 7.368164 -0.100001
v 2.045898 7.368164 0.099999
v 2.045898 7.368164 -0.100000
v 1.484375 7.998047 0.100000
v 1.484375 7.998047 -0.100000
v 1.398654 7.926839 0.100000
v 1.398654 7.926839 -0.100000
v 1.315647 7.856445 0.100000
v 1.315647 7.856445 -0.100000
v 1.235351 7.786865 0.100000
v 1.235351 7.786865 -0.100000
v 1.157769 7.718099 0.100000
v 1.157769 7.718099 -0.100000
v 1.082899 7.650146 0.100000
v 1.082899 7.650146 -0.100000
v 1.010742 7.583008 0.100000
v 1.010742 7.583008 -0.100000
v 0.941298 7.516683 0.100000
v 0.941298 7.516683 -0.100000
v 0.874566 7.451172 0.100000
v 0.874566 7.451172 -0.100000
v 0.810547 7.386475 0.100000
v 0.810547 7.386475 -0.100000
v 0.749240 7.322591 0.100000
v 0.749240 7.322591 -0.100000
v 0.690647 7.259521 0.100000
v 0.690647 7.259521 -0.100000
v 0.634766 7.197266 0.100000
v 0.634766 7.197266 -0.100000
v 0.825195 6.860352 0.100000
v 0.825195 6.860352 -0.100000
v 4.711914 6.860352 0.099999
v 4.711914 6.860352 -0.100001
v 4.711914 4.921875 0.099999
v 4.711914 4.921875 -0.100001
v 4.712049 4.895833 0.099999
v 4.712049 4.895833 -0.100001
v 4.712456 4.868164 0.099999
v 4.712456 4.868164 -0.100001
v 4.713134 4.838867 0.099999
v 4.713134 4.838867 -0.100001
v 4.714084 4.807943 0.099999
v 4.714084 4.807943 -0.100001
v 4.715304 4.775391 0.099999
v 4.715304 4.775391 -0.100001
v 4.716796 4.741211 0.099999
v 4.716796 4.741211 -0.100001
v 4.718560 4.705404 0.099999
v 4.718560 4.705404 -0.100001
v 4.720594 4.667969 0.099999
v 4.720594 4.667969 -0.100001
v 4.722900 4.628906 0.099999
v 4.722900 4.628906 -0.100001
v 4.725477 4.588216 0.099999
v 4.725477 4.588216 -0.100001
v 4.728325 4.545898 0.099999
v 4.728325 4.545898 -0.100001
v 4.731445 4.501953 0.099999
v 4.731445 4.501953 -0.100001
v 2.485352 4.501953 0.100000
v 2.485352 4.501953 -0.100000
v 1.933594 5.092773 0.100000
v 1.933594 5.092773 -0.100000
v 1.870660 5.039062 0.100000
v 1.870660 5.039062 -0.100000
v 1.807183 4.983724 0.100000
v 1.807183 4.983724 -0.100000
v 1.743164 4.926758 0.100000
v 1.743164 4.926758 -0.100000
v 1.678602 4.868164 0.100000
v 1.678602 4.868164 -0.100000
v 1.613498 4.807943 0.100000
v 1.613498 4.807943 -0.100000
v 1.547851 4.746094 0.100000
v 1.547851 4.746094 -0.100000
v 1.481662 4.682617 0.100000
v 1.481662 4.682617 -0.100000
v 1.414930 4.617513 0.100000
v 1.414930 4.617513 -0.100000
v 1.347656 4.550781 0.100000
v 1.347656 4.550781 -0.100000
v 1.279839 4.482422 0.100000
v 1.279839 4.482422 -0.100000
v 1.211480 4.412435 0.100000
v 1.211480 4.412435 -0.100000
v 1.142578 4.340820 0.100000
v 1.142578 4.340820 -0.100000
v 1.333008 4.013672 0.100000
v 1.333008 4.013672 -0.100000
v 4.570312 4.013672 0.099999
v 4.570312 4.013672 -0.100001
v 4.501275 3.850776 0.099999
v 4.501275 3.850776 -0.100001
v 4.430881 3.692492 0.099999
v 4.430881 3.692492 -0.100001
v 4.359131 3.538819 0.099999
v 4.359131 3.538819 -0.100001
v 4.286024 3.389757 0.099999
v 4.286024 3.389757 -0.100001
v 4.211561 3.245307 0.099999
v 4.211561 3.245307 -0.100001
v 4.135742 3.105469 0.099999
v 4.135742 3.105469 -0.100000
v 4.058567 2.970242 0.100000
v 4.058567 2.970242 -0.100000
v 3.980035 2.839627 0.100000
v 3.980035 2.839627 -0.100000
v 3.900146 2.713623 0.100000
v 3.900146 2.713623 -0.100000
v 3.818902 2.592231 0.100000
v 3.818902 2.592231 -0.100000
v 3.736300 2.475450 0.100000
v 3.736300 2.475450 -0.100000
v 3.652344 2.363281 0.100000
v 3.652344 2.363281 -0.100000
v 3.448012 2.114054 0.100000
v 3.448012 2.114054 -0.100000
v 3.230523 1.877442 0.100000
v 3.230523 1.877442 -0.100000
v 2.999878 1.653443 0.100000
v 2.999878 1.653443 -0.100000
v 2.756076 1.442057 0.100000
v 2.756076 1.442057 -0.100000
v 2.499118 1.243286 0.100000
v 2.499118 1.243286 -0.100000
v 2.229004 1.057129 0.100000
v 2.229004 1.057129 -0.100000
v 1.945733 0.883586 0.100000
v 1.945733 0.883586 -0.100000
v 1.649306 0.722656 0.100000
v 1.649306 0.722656 -0.100000
v 1.339722 0.574341 0.100000
v 1.339722 0.574341 -0.100000
v 1.016981 0.438640 0.100000
v 1.016981 0.438640 -0.100000
v 0.681085 0.315552 0.100000
v 0.681085 0.315552 -0.100000
v 0.332031 0.205078 0.100000
v 0.332031 0.205078 -0.100000
v 0.390795 0.159539 0.100000
v 0.390795 0.159539 -0.100000
v 0.448269 0.112440 0.100000
v 0.448269 0.112440 -0.100000
v 0.504456 0.063782 0.100000
v 0.504456 0.063782 -0.100000
v 0.559353 0.013563 0.100000
v 0.559353 0.013563 -0.100000
v 0.612962 -0.038215 0.100000
v 0.612962 -0.038215 -0.100000
v 0.665283 -0.091553 0.100000
v 0.665283 -0.091553 -0.100000
v 0.716315 -0.146450 0.100000
v 0.716315 -0.146450 -0.100000
v 0.766059 -0.202908 0.100000
v 0.766059 -0.202908 -0.100000
v 0.814514 -0.260925 0.100000
v 0.814514 -0.260925 -0.100000
v 0.861681 -0.320502 0.100000
v 0.861681 -0.320502 -0.100000
v 0.907559 -0.381639 0.100000
v 0.907559 -0.381639 -0.100000
v 0.952148 -0.444336 0.100000
v 0.952148 -0.444336 -0.100000
v 1.437412 -0.220676 0.100000
v 1.437412 -0.220676 -0.100000
v 1.893853 0.023872 0.100000
v 1.893853 0.023872 -0.100000
v 2.321472 0.289307 0.100000
v 2.321472 0.289307 -0.100000
v 2.720269 0.575629 0.100000
v 2.720269 0.575629 -0.100000
v 3.090244 0.882840 0.100000
v 3.090244 0.882840 -0.100000
v 3.431396 1.210937 0.100000
v 3.431396 1.210937 -0.100000
v 3.743727 1.559923 0.100000
v 3.743727 1.559923 -0.100000
v 4.027235 1.929796 0.100000
v 4.027235 1.929796 -0.100000
v 4.281921 2.320556 0.100000
v 4.281921 2.320556 -0.100000
v 4.507785 2.732205 0.099999
v 4.507785 2.732205 -0.100001
v 4.704827 3.164741 0.099999
v 4.704827 3.164741 -0.100001
v 4.873047 3.618164 0.099999
v 4.873047 3.618164 -0.100001
v 4.945781 3.358392 0.099999
v 4.945781 3.358392 -0.100001
v 5.030518 3.104791 0.099999
v 5.030518 3.104791 -0.100001
v 5.127259 2.857361 0.099999
v 5.127259 2.857361 -0.100001
v 5.236003 2.616102 0.099999
v 5.236003 2.616102 -0.100001
v 5.356751 2.381015 0.099999
v 5.356751 2.381015 -0.100001
v 5.489502 2.152100 0.099999
v 5.489502 2.152100 -0.100001
v 5.634257 1.929355 0.099999
v 5.634257 1.929355 -0.100001
v 5.791016 1.712782 0.099999
v 5.791016 1.712782 -0.100001
v 5.959778 1.502380 0.099999
v 5.959778 1.502380 -0.100001
v 6.140543 1.298150 0.099999
v 6.140543 1.298150 -0.100001
v 6.333313 1.100091 0.099999
v 6.333313 1.100091 -0.100001
v 6.538086 0.908203 0.099999
v 6.538086 0.908203 -0.100001
v 6.717258 0.753852 0.099999
v 6.717258 0.753852 -0.100001
v 6.904840 0.604926 0.099999
v 6.904840 0.604926 -0.100001
v 7.100830 0.461426 0.099999
v 7.100830 0.461426 -0.100001
v 7.305230 0.323351 0.099999
v 7.305230 0.323351 -0.100001
v 7.518039 0.190701 0.099999
v 7.518039 0.190701 -0.100001
v 7.739258 0.063477 0.099999
v 7.739258 0.063477 -0.100001
v 7.968886 -0.058323 0.099999
v 7.968886 -0.058323 -0.100001
v 8.206923 -0.174696 0.099999
v 8.206923 -0.174696 -0.100001
v 8.453370 -0.285645 0.099999
v 8.453370 -0.285645 -0.100001
v 8.708226 -0.391168 0.099999
v 8.708226 -0.391168 -0.100001
v 8.971491 -0.491265 0.099999
v 8.971491 -0.491265 -0.100001
v 9.243164 -0.585938 0.099999
v 9.243164 -0.585938 -0.100001
v 9.492188 -0.205078 0.099999
v 9.492188 -0.205078 -0.100001
v 9.209595 -0.096503 0.099999
v 9.209595 -0.096503 -0.100001
v 8.936360 0.019260 0.099999
v 8.936360 0.019260 -0.100001
v 8.672485 0.142212 0.099999
v 8.672485 0.142212 -0.100001
v 8.417969 0.272352 0.099999
v 8.417969 0.272352 -0.100001
v 8.172811 0.409682 0.099999
v 8.172811 0.409682 -0.100001
v 7.937011 0.554199 0.099999
v 7.937011 0.554199 -0.100001
v 7.710571 0.705905 0.099999
v 7.710571 0.705905 -0.100001
v 7.493489 0.864800 0.099999
v 7.493489 0.864800 -0.100001
v 7.285766 1.030884 0.099999
v 7.285766 1.030884 -0.100001
v 7.087402 1.204156 0.099999
v 7.087402 1.204156 -0.100001
v 6.898396 1.384616 0.099999
v 6.898396 1.384616 -0.100001
v -4.902344 -0.551758 0.100000
v -4.902344 -0.551758 -0.100000
v -5.089417 -0.475227 0.100000
v -5.089417 -0.475227 -0.100000
v -5.274658 -0.392117 0.100000
v -5.274658 -0.392117 -0.100000
v -5.458069 -0.302429 0.100000
v -5.458069 -0.302429 -0.100000
v -5.639648 -0.206163 0.100000
v -5.639648 -0.206163 -0.099999
v -5.819397 -0.103319 0.100001
v -5.819397 -0.103319 -0.099999
v -5.997314 0.006104 0.100001
v -5.997314 0.006104 -0.099999
v -6.173401 0.122104 0.100001
v -6.173401 0.122104 -0.099999
v -6.347656 0.244683 0.100001
v -6.347656 0.244683 -0.099999
v -6.520081 0.373840 0.100001
v -6.520081 0.373840 -0.099999
v -6.690674 0.509576 0.100001
v -6.690674 0.509576 -0.099999
v -6.859436 0.651890 0.100001
v -6.859436 0.651890 -0.099999
v -7.026367 0.800781 0.100001
v -7.026367 0.800781 -0.099999
v -6.950717 0.921936 0.100001
v -6.950717 0.921936 -0.099999
v -6.878391 1.049398 0.100001
v -6.878391 1.049398 -0.099999
v -6.809387 1.183167 0.100001
v -6.809387 1.183167 -0.099999
v -6.743707 1.323242 0.100001
v -6.743707 1.323242 -0.099999
v -6.681349 1.469625 0.100001
v -6.681349 1.469625 -0.099999
v -6.622315 1.622314 0.100001
v -6.622315 1.622314 -0.099999
v -6.566603 1.781311 0.100000
v -6.566603 1.781311 -0.099999
v -6.514215 1.946615 0.100000
v -6.514215 1.946615 -0.100000
v -6.465149 2.118225 0.100000
v -6.465149 2.118225 -0.100000
v -6.419406 2.296143 0.100000
v -6.419406 2.296143 -0.100000
v -6.376987 2.480367 0.100000
v -6.376987 2.480367 -0.100000
v -6.337891 2.670898 0.100000
v -6.337891 2.670898 -0.100000
v -4.702148 2.670898 0.100000
v -4.702148 2.670898 -0.100000
v -4.700995 2.613424 0.100000
v -4.700995 2.613424 -0.100000
v -4.699164 2.554932 0.100000
v -4.699164 2.554932 -0.100000
v -4.696655 2.495422 0.100000
v -4.696655 2.495422 -0.100000
v -4.693468 2.434896 0.100000
v -4.693468 2.434896 -0.100000
v -4.689602 2.373352 0.100000
v -4.689602 2.373352 -0.100000
v -4.685059 2.310791 0.100000
v -4.685059 2.310791 -0.100000
v -4.679837 2.247213 0.100000
v -4.679837 2.247213 -0.100000
v -4.673937 2.182617 0.100000
v -4.673937 2.182617 -0.100000
v -4.667358 2.117004 0.100000
v -4.667358 2.117004 -0.100000
v -4.660102 2.050374 0.100000
v -4.660102 2.050374 -0.100000
v -4.652167 1.982727 0.100000
v -4.652167 1.982727 -0.100000
v -4.643555 1.914062 0.100000
v -4.643555 1.914062 -0.100000
v -4.754096 1.865709 0.100000
v -4.754096 1.865709 -0.100000
v -4.861111 1.816677 0.100000
v -4.861111 1.816677 -0.100000
v -4.964600 1.766968 0.100000
v -4.964600 1.766968 -0.100000
v -5.064562 1.716580 0.100000
v -5.064562 1.716580 -0.100000
v -5.160997 1.665514 0.100000
v -5.160997 1.665514 -0.100000
v -5.253906 1.613770 0.100000
v -5.253906 1.613770 -0.100000
v -5.343289 1.561347 0.100000
v -5.343289 1.561347 -0.100000
v -5.429145 1.508247 0.100000
v -5.429145 1.508247 -0.100000
v -5.511475 1.454468 0.100000
v -5.511475 1.454468 -0.100000
v -5.590278 1.400011 0.100000
v -5.590278 1.400011 -0.100000
v -5.665555 1.344876 0.100000
v -5.665555 1.344876 -0.100000
v -5.737305 1.289062 0.100000
v -5.737305 1.289062 -0.100000
v -5.802036 1.236572 0.100000
v -5.802036 1.236572 -0.100000
v -5.861138 1.184896 0.100000
v -5.861138 1.184896 -0.100000
v -5.914612 1.134033 0.100000
v -5.914612 1.134033 -0.100000
v -5.962457 1.083984 0.100000
v -5.962457 1.083984 -0.100000
v -6.004673 1.034749 0.100000
v -6.004673 1.034749 -0.100000
v -6.041260 0.986328 0.100000
v -6.041260 0.986328 -0.100000
v -6.072218 0.938721 0.100000
v -6.072218 0.938721 -0.100000
v -6.097548 0.891927 0.100000
v -6.097548 0.891927 -0.100000
v -6.117249 0.845947 0.100000
v -6.117249 0.845947 -0.099999
v -6.131320 0.800781 0.100000
v -6.131320 0.800781 -0.099999
v -6.139764 0.756429 0.100001
v -6.139764 0.756429 -0.099999
v -6.142578 0.712891 0.100001
v -6.142578 0.712891 -0.099999
v -6.141527 0.688680 0.100001
v -6.141527 0.688680 -0.099999
v -6.138374 0.664876 0.100001
v -6.138374 0.664876 -0.099999
v -6.133118 0.641479 0.100001
v -6.133118 0.641479 -0.099999
v -6.125760 0.618490 0.100001
v -6.125760 0.618490 -0.099999
v -6.116300 0.595907 0.100001
v -6.116300 0.595907 -0.099999
v -6.104737 0.573730 0.100001
v -6.104737 0.573730 -0.099999
v -6.091072 0.551961 0.100001
v -6.091072 0.551961 -0.099999
v -6.075304 0.530599 0.100001
v -6.075304 0.530599 -0.099999
v -6.057434 0.509644 0.100001
v -6.057434 0.509644 -0.099999
v -6.037462 0.489095 0.100001
v -6.037462 0.489095 -0.099999
v -6.015388 0.468953 0.100001
v -6.015388 0.468953 -0.099999
v -5.991211 0.449219 0.100001
v -5.991211 0.449219 -0.099999
v -5.965475 0.428942 0.100000
v -5.965475 0.428942 -0.099999
v -5.940349 0.410428 0.100000
v -5.940349 0.410428 -0.099999
v -5.915833 0.393677 0.100000
v -5.915833 0.393677 -0.099999
v -5.891928 0.378689 0.100000
v -5.891928 0.378689 -0.099999
v -5.868633 0.365465 0.100000
v -5.868633 0.365465 -0.099999
v -5.845948 0.354004 0.100000
v -5.845948 0.354004 -0.099999
v -5.823874 0.344306 0.100000
v -5.823874 0.344306 -0.100000
v -5.802410 0.336372 0.100000
v -5.802410 0.336372 -0.100000
v -5.781557 0.330200 0.100000
v -5.781557 0.330200 -0.100000
v -5.761313 0.325792 0.100000
v -5.761313 0.325792 -0.100000
v -5.741681 0.323147 0.100000
v -5.741681 0.323147 -0.100000
v -5.722656 0.322266 0.100000
v -5.722656 0.322266 -0.100000
v -5.702481 0.323554 0.100000
v -5.702481 0.323554 -0.100000
v -5.682644 0.327420 0.100000
v -5.682644 0.327420 -0.100000
v -5.663147 0.333862 0.100000
v -5.663147 0.333862 -0.100000
v -5.643989 0.342882 0.100000
v -5.643989 0.342882 -0.100000
v -5.625169 0.354479 0.100000
v -5.625169 0.354479 -0.100000
v -5.606689 0.368652 0.100000
v -5.606689 0.368652 -0.100000
v -5.588548 0.385403 0.100000
v -5.588548 0.385403 -0.100000
v -5.570746 0.404731 0.100000
v -5.570746 0.404731 -0.100000
v -5.553284 0.426636 0.100000
v -5.553284 0.426636 -0.100000
v -5.536160 0.451118 0.100000
v -5.536160 0.451118 -0.100000
v -5.519375 0.478177 0.100000
v -5.519375 0.478177 -0.100000
v -5.502930 0.507812 0.100000
v -5.502930 0.507812 -0.100000
v -5.450982 0.602926 0.100000
v -5.450982 0.602926 -0.100000
v -5.394423 0.696208 0.100000
v -5.394423 0.696208 -0.100000
v -5.333252 0.787659 0.100000
v -5.333252 0.787659 -0.100000
v -5.267470 0.877279 0.100000
v -5.267470 0.877279 -0.100000
v -5.197076 0.965068 0.100000
v -5.197076 0.965068 -0.100000
v -5.122070 1.051025 0.100000
v -5.122070 1.051025 -0.100000
v -5.042453 1.135152 0.100000
v -5.042453 1.135152 -0.100000
v -4.958225 1.217448 0.100000
v -4.958225 1.217448 -0.100000
v -4.869385 1.297913 0.100000
v -4.869385 1.297913 -0.100000
v -4.775933 1.376546 0.100000
v -4.775933 1.376546 -0.100000
v -4.677870 1.453349 0.100000
v -4.677870 1.453349 -0.100000
v -4.575195 1.528320 0.100000
v -4.575195 1.528320 -0.100000
v -4.520806 1.294386 0.100000
v -4.520806 1.294386 -0.100000
v -4.453668 1.067844 0.100000
v -4.453668 1.067844 -0.100000
v -4.373779 0.848694 0.100000
v -4.373779 0.848694 -0.100000
v -4.281141 0.636936 0.100000
v -4.281141 0.636936 -0.100000
v -4.175754 0.432570 0.100000
v -4.175754 0.432570 -0.100000
v -4.057617 0.235596 0.100000
v -4.057617 0.235596 -0.100000
v -3.926731 0.046014 0.100000
v -3.926731 0.046014 -0.100000
v -3.783095 -0.136176 0.100000
v -3.783095 -0.136176 -0.100000
v -3.626709 -0.310974 0.100000
v -3.626709 -0.310974 -0.100000
v -3.457574 -0.478380 0.100000
v -3.457574 -0.478380 -0.100000
v -3.275689 -0.638394 0.100000
v -3.275689 -0.638394 -0.100000
v -3.081055 -0.791016 0.100000
v -3.081055 -0.791016 -0.100000
v -2.822266 -0.498047 0.100000
v -2.822266 -0.498047 -0.100000
v -2.965902 -0.352614 0.100000
v -2.965902 -0.352614 -0.100000
v -3.100586 -0.202772 0.100000
v -3.100586 -0.202772 -0.100000
v -3.226318 -0.048523 0.100000
v -3.226318 -0.048523 -0.100000
v -3.343099 0.110135 0.100000
v -3.343099 0.110135 -0.100000
v -3.450928 0.273200 0.100000
v -3.450928 0.273200 -0.100000
v -3.549805 0.440674 0.100000
v -3.549805 0.440674 -0.100000
v -3.639730 0.612556 0.100000
v -3.639730 0.612556 -0.100000
v -3.720703 0.788845 0.100000
v -3.720703 0.788845 -0.100000
v -3.792725 0.969543 0.100000
v -3.792725 0.969543 -0.100000
v -3.855794 1.154649 0.100000
v -3.855794 1.154649 -0.100000
v -3.909912 1.344164 0.100000
v -3.909912 1.344164 -0.100000
v -3.955078 1.538086 0.100000
v -3.955078 1.538086 -0.100000
v -3.972371 1.625773 0.100000
v -3.972371 1.625773 -0.100000
v -3.988444 1.714681 0.100000
v -3.988444 1.714681 -0.100000
v -4.003296 1.804809 0.100000
v -4.003296 1.804809 -0.100000
v -4.016927 1.896159 0.100000
v -4.016927 1.896159 -0.100000
v -4.029338 1.988729 0.100000
v -4.029338 1.988729 -0.100000
v -4.040528 2.082519 0.100000
v -4.040528 2.082519 -0.100000
v -4.050497 2.177531 0.100000
v -4.050497 2.177531 -0.100000
v -4.059246 2.273763 0.100000
v -4.059246 2.273763 -0.100000
v -4.066773 2.371216 0.100000
v -4.066773 2.371216 -0.100000
v -4.073081 2.469889 0.100000
v -4.073081 2.469889 -0.100000
v -4.078167 2.569784 0.100000
v -4.078167 2.569784 -0.100000
v -4.082031 2.670898 0.100000
v -4.082031 2.670898 -0.100000
v -3.061523 2.670898 0.100000
v -3.061523 2.670898 -0.100000
v -2.919922 3.120117 0.100000
v -2.919922 3.120117 -0.100000
v -6.264648 3.120117 0.100000
v -6.264648 3.120117 -0.100000
v -6.231893 3.371616 0.100000
v -6.231893 3.371616 -0.100000
v -6.201986 3.657362 0.100000
v -6.201986 3.657362 -0.100000
v -6.174927 3.977356 0.100000
v -6.174927 3.977356 -0.100000
v -6.150716 4.331597 0.100000
v -6.150716 4.331597 -0.100000
v -6.129354 4.720086 0.100000
v -6.129354 4.720086 -0.100000
v -6.110840 5.142822 0.100000
v -6.110840 5.142822 -0.100000
v -6.095174 5.599806 0.100000
v -6.095174 5.599806 -0.100000
v -6.082357 6.091037 0.100000
v -6.082357 6.091037 -0.100000
v -6.072388 6.616516 0.100000
v -6.072388 6.616516 -0.100000
v -6.065267 7.176242 0.100000
v -6.065267 7.176242 -0.100000
v -6.060995 7.770216 0.100000
v -6.060995 7.770216 -0.100000
v -6.059570 8.398438 0.100000
v -6.059570 8.398438 -0.100000
v -6.217109 8.391521 0.100000
v -6.217109 8.391521 -0.100000
v -6.360948 8.382162 0.100000
v -6.360948 8.382162 -0.100000
v -6.491088 8.370362 0.100000
v -6.491088 8.370362 -0.100000
v -6.607530 8.356121 0.100000
v -6.607530 8.356121 -0.100000
v -6.710273 8.339438 0.100000
v -6.710273 8.339438 -0.100000
v -6.799316 8.320314 0.100000
v -6.799316 8.320314 -0.100000
v -6.874661 8.298749 0.100000
v -6.874661 8.298749 -0.100000
v -6.936306 8.274742 0.100000
v -6.936306 8.274742 -0.100000
v -6.984253 8.248294 0.100000
v -6.984253 8.248294 -0.100000
v -7.018500 8.219404 0.100000
v -7.018500 8.219404 -0.100000
v -7.039049 8.188073 0.100000
v -7.039049 8.188073 -0.100000
v -7.045898 8.154297 0.100000
v -7.045898 8.154297 -0.100000
v -7.043220 8.133070 0.100000
v -7.043220 8.133070 -0.100000
v -7.035183 8.111708 0.100000
v -7.035183 8.111708 -0.100000
v -7.021790 8.090210 0.100000
v -7.021790 8.090210 -0.100000
v -7.003038 8.068577 0.100000
v -7.003038 8.068577 -0.100000
v -6.978930 8.046807 0.100000
v -6.978930 8.046807 -0.100000
v -6.949463 8.024902 0.100000
v -6.949463 8.024902 -0.100000
v -6.914639 8.002862 0.100000
v -6.914639 8.002862 -0.100000
v -6.874457 7.980686 0.100000
v -6.874457 7.980686 -0.100000
v -6.828918 7.958374 0.100000
v -6.828918 7.958374 -0.100000
v -6.778022 7.935927 0.100000
v -6.778022 7.935927 -0.100000
v -6.721768 7.913344 0.100000
v -6.721768 7.913344 -0.100000
v -6.660156 7.890625 0.100000
v -6.660156 7.890625 -0.100000
v -6.661377 7.311639 0.100000
v -6.661377 7.311639 -0.100000
v -6.665039 6.766086 0.100000
v -6.665039 6.766086 -0.100000
v -6.671143 6.253967 0.100000
v -6.671143 6.253967 -0.100000
v -6.679688 5.775282 0.100000
v -6.679688 5.775282 -0.100000
v -6.690674 5.330030 0.100000
v -6.690674 5.330030 -0.100000
v -6.704102 4.918212 0.100000
v -6.704102 4.918212 -0.100000
v -6.719971 4.539828 0.100000
v -6.719971 4.539828 -0.100000
v -6.738281 4.194878 0.100000
v -6.738281 4.194878 -0.100000
v -6.759033 3.883361 0.100000
v -6.759033 3.883361 -0.100000
v -6.782227 3.605278 0.100000
v -6.782227 3.605278 -0.100000
v -6.807861 3.360629 0.100000
v -6.807861 3.360629 -0.100000
v -6.835938 3.149414 0.100000
v -6.835938 3.149414 -0.100000
v -7.993164 3.149414 0.100001
v -7.993164 3.149414 -0.099999
v -7.978143 3.156704 0.100001
v -7.978143 3.156704 -0.099999
v -7.964003 3.165555 0.100001
v -7.964003 3.165555 -0.099999
v -7.950745 3.175964 0.100001
v -7.950745 3.175964 -0.099999
v -7.938368 3.187934 0.100001
v -7.938368 3.187934 -0.099999
v -7.926873 3.201463 0.100001
v -7.926873 3.201463 -0.099999
v -7.916260 3.216553 0.100001
v -7.916260 3.216553 -0.099999
v -7.906528 3.233202 0.100001
v -7.906528 3.233202 -0.099999
v -7.897678 3.251410 0.100001
v -7.897678 3.251410 -0.099999
v -7.889709 3.271179 0.100001
v -7.889709 3.271179 -0.099999
v -7.882623 3.292508 0.100001
v -7.882623 3.292508 -0.099999
v -7.876418 3.315396 0.100001
v -7.876418 3.315396 -0.099999
v -7.871094 3.339844 0.100001
v -7.871094 3.339844 -0.099999
v -7.859565 3.391181 0.100001
v -7.859565 3.391181 -0.099999
v -7.844510 3.441027 0.100001
v -7.844510 3.441027 -0.099999
v -7.825928 3.489380 0.100001
v -7.825928 3.489380 -0.099999
v -7.803820 3.536242 0.100001
v -7.803820 3.536242 -0.099999
v -7.778185 3.581611 0.100001
v -7.778185 3.581611 -0.099999
v -7.749023 3.625489 0.100001
v -7.749023 3.625489 -0.099999
v -7.716336 3.667874 0.100001
v -7.716336 3.667874 -0.099999
v -7.680121 3.708768 0.100001
v -7.680121 3.708768 -0.099999
v -7.640381 3.748169 0.100001
v -7.640381 3.748169 -0.099999
v -7.597114 3.786079 0.100000
v -7.597114 3.786079 -0.099999
v -7.550320 3.822496 0.100000
v -7.550320 3.822496 -0.100000
v -7.500000 3.857422 0.100000
v -7.500000 3.857422 -0.100000
v -7.700195 4.086914 0.100000
v -7.700195 4.086914 -0.100000
v -7.828098 4.039680 0.100001
v -7.828098 4.039680 -0.099999
v -7.944879 3.992377 0.100001
v -7.944879 3.992377 -0.099999
v -8.050537 3.945007 0.100001
v -8.050537 3.945007 -0.099999
v -8.145074 3.897569 0.100001
v -8.145074 3.897569 -0.099999
v -8.228489 3.850064 0.100001
v -8.228489 3.850064 -0.099999
v -8.300781 3.802490 0.100001
v -8.300781 3.802490 -0.099999
v -8.361952 3.754849 0.100001
v -8.361952 3.754849 -0.099999
v -8.412001 3.707139 0.100001
v -8.412001 3.707139 -0.099999
v -8.450928 3.659363 0.100001
v -8.450928 3.659363 -0.099999
v -8.478733 3.611518 0.100001
v -8.478733 3.611518 -0.099999
v -8.495416 3.563605 0.100001
v -8.495416 3.563605 -0.099999
v -8.500977 3.515625 0.100001
v -8.500977 3.515625 -0.099999
v -8.499824 3.493720 0.100001
v -8.499824 3.493720 -0.099999
v -8.496365 3.471951 0.100001
v -8.496365 3.471951 -0.099999
v -8.490601 3.450317 0.100001
v -8.490601 3.450317 -0.099999
v -8.482531 3.428819 0.100001
v -8.482531 3.428819 -0.099999
v -8.472155 3.407457 0.100001
v -8.472155 3.407457 -0.099999
v -8.459473 3.386230 0.100001
v -8.459473 3.386230 -0.099999
v -8.444485 3.365139 0.100001
v -8.444485 3.365139 -0.099999
v -8.427192 3.344184 0.100001
v -8.427192 3.344184 -0.099999
v -8.407593 3.323364 0.100001
v -8.407593 3.323364 -0.099999
v -8.385688 3.302680 0.100001
v -8.385688 3.302680 -0.099999
v -8.361477 3.282131 0.100001
v -8.361477 3.282131 -0.099999
v -8.334961 3.261719 0.100001
v -8.334961 3.261719 -0.099999
v -8.316345 3.248257 0.100001
v -8.316345 3.248257 -0.099999
v -8.297933 3.235542 0.100001
v -8.297933 3.235542 -0.099999
v -8.279724 3.223572 0.100001
v -8.279724 3.223572 -0.099999
v -8.261719 3.212348 0.100001
v -8.261719 3.212348 -0.099999
v -8.243917 3.201870 0.100001
v -8.243917 3.201870 -0.099999
v -8.226318 3.192139 0.100001
v -8.226318 3.192139 -0.099999
v -8.208923 3.183153 0.100001
v -8.208923 3.183153 -0.099999
v -8.191731 3.174913 0.100001
v -8.191731 3.174913 -0.099999
v -8.174744 3.167419 0.100001
v -8.174744 3.167419 -0.099999
v -8.157959 3.160672 0.100001
v -8.157959 3.160672 -0.099999
v -8.141377 3.154670 0.100001
v -8.141377 3.154670 -0.099999
v -8.125000 3.149414 0.100001
v -8.125000 3.149414 -0.099999
v -8.691406 3.149414 0.100001
v -8.691406 3.149414 -0.099999
v -9.062500 3.540039 0.100001
v -9.062500 3.540039 -0.099999
v -9.121840 3.494365 0.100001
v -9.121840 3.494365 -0.099999
v -9.179416 3.448486 0.100001
v -9.179416 3.448486 -0.099999
v -9.235229 3.402405 0.100001
v -9.235229 3.402405 -0.099999
v -9.289279 3.356120 0.100001
v -9.289279 3.356120 -0.099999
v -9.341566 3.309631 0.100001
v -9.341566 3.309631 -0.099999
v -9.392090 3.262939 0.100001
v -9.392090 3.262939 -0.099999
v -9.440850 3.216044 0.100001
v -9.440850 3.216044 -0.099999
v -9.487847 3.168945 0.100001
v -9.487847 3.168945 -0.099999
v -9.533081 3.121643 0.100001
v -9.533081 3.121643 -0.099999
v -9.576551 3.074137 0.100001
v -9.576551 3.074137 -0.099999
v -9.618258 3.026428 0.100001
v -9.618258 3.026428 -0.099999
v -9.658203 2.978516 0.100001
v -9.658203 2.978516 -0.099999
v -9.511719 2.700195 0.100001
v -9.511719 2.700195 -0.099999
v -6.909180 2.700195 0.100000
v -6.909180 2.700195 -0.100000
v -6.942071 2.551168 0.100000
v -6.942071 2.551168 -0.100000
v -6.977268 2.406820 0.100001
v -6.977268 2.406820 -0.099999
v -7.014771 2.267151 0.100001
v -7.014771 2.267151 -0.099999
v -7.054579 2.132161 0.100001
v -7.054579 2.132161 -0.099999
v -7.096693 2.001851 0.100001
v -7.096693 2.001851 -0.099999
v -7.141113 1.876221 0.100001
v -7.141113 1.876221 -0.099999
v -7.187839 1.755269 0.100001
v -7.187839 1.755269 -0.099999
v -7.236871 1.638997 0.100001
v -7.236871 1.638997 -0.099999
v -7.288208 1.527405 0.100001
v -7.288208 1.527405 -0.099999
v -7.341851 1.420492 0.100001
v -7.341851 1.420492 -0.099999
v -7.397800 1.318258 0.100001
v -7.397800 1.318258 -0.099999
v -7.456055 1.220703 0.100001
v -7.456055 1.220703 -0.099999
v -7.549676 1.325480 0.100001
v -7.549676 1.325480 -0.099999
v -7.640110 1.431478 0.100001
v -7.640110 1.431478 -0.099999
v -7.727356 1.538696 0.100001
v -7.727356 1.538696 -0.099999
v -7.811415 1.647135 0.100001
v -7.811415 1.647135 -0.099999
v -7.892286 1.756795 0.100001
v -7.892286 1.756795 -0.099999
v -7.969971 1.867676 0.100001
v -7.969971 1.867676 -0.099999
v -8.044468 1.979777 0.100001
v -8.044468 1.979777 -0.099999
v -8.115777 2.093099 0.100001
v -8.115777 2.093099 -0.099999
v -8.183899 2.207641 0.100001
v -8.183899 2.207641 -0.099999
v -8.248834 2.323405 0.100001
v -8.248834 2.323405 -0.099999
v -8.310581 2.440389 0.100001
v -8.310581 2.440389 -0.099999
v -8.369141 2.558594 0.100001
v -8.369141 2.558594 -0.099999
v -8.486125 2.499559 0.100001
v -8.486125 2.499559 -0.099999
v -8.592937 2.442898 0.100001
v -8.592937 2.442898 -0.099999
v -8.689575 2.388611 0.100001
v -8.689575 2.388611 -0.099999
v -8.776042 2.336697 0.100001
v -8.776042 2.336697 -0.099999
v -8.852336 2.287157 0.100001
v -8.852336 2.287157 -0.099999
v -8.918457 2.239990 0.100001
v -8.918457 2.239990 -0.099999
v -8.974406 2.195197 0.100001
v -8.974406 2.195197 -0.099999
v -9.020183 2.152778 0.100001
v -9.020183 2.152778 -0.099999
v -9.055786 2.112732 0.100001
v -9.055786 2.112732 -0.099999
v -9.081218 2.075060 0.100001
v -9.081218 2.075060 -0.099999
v -9.096477 2.039761 0.100001
v -9.096477 2.039761 -0.099999
v -9.101562 2.006836 0.100001
v -9.101562 2.006836 -0.099999
v -9.098782 1.985745 0.100001
v -9.098782 1.985745 -0.099999
v -9.090440 1.966417 0.100001
v -9.090440 1.966417 -0.099999
v -9.076537 1.948853 0.100001
v -9.076537 1.948853 -0.099999
v -9.057074 1.933051 0.100001
v -9.057074 1.933051 -0.099999
v -9.032049 1.919013 0.100001
v -9.032049 1.919013 -0.099999
v -9.001464 1.906738 0.100001
v -9.001464 1.906738 -0.099999
v -8.965318 1.896227 0.100001
v -8.965318 1.896227 -0.099999
v -8.923611 1.887478 0.100001
v -8.923611 1.887478 -0.099999
v -8.876343 1.880493 0.100001
v -8.876343 1.880493 -0.099999
v -8.823513 1.875271 0.100001
v -8.823513 1.875271 -0.099999
v -8.765122 1.871813 0.100001
v -8.765122 1.871813 -0.099999
v -8.701172 1.870117 0.100001
v -8.701172 1.870117 -0.099999
v -8.644714 1.785143 0.100001
v -8.644714 1.785143 -0.099999
v -8.584392 1.699490 0.100001
v -8.584392 1.699490 -0.099999
v -8.520203 1.613159 0.100001
v -8.520203 1.613159 -0.099999
v -8.452148 1.526150 0.100001
v -8.452148 1.526150 -0.099999
v -8.380229 1.438463 0.100001
v -8.380229 1.438463 -0.099999
v -8.304443 1.350098 0.100001
v -8.304443 1.350098 -0.099999
v -8.224792 1.261054 0.100001
v -8.224792 1.261054 -0.099999
v -8.141276 1.171332 0.100001
v -8.141276 1.171332 -0.099999
v -8.053894 1.080932 0.100001
v -8.053894 1.080932 -0.099999
v -7.962646 0.989854 0.100001
v -7.962646 0.989854 -0.099999
v -7.867533 0.898098 0.100001
v -7.867533 0.898098 -0.099999
v -7.768555 0.805664 0.100001
v -7.768555 0.805664 -0.099999
v -7.823350 0.736253 0.100001
v -7.823350 0.736253 -0.099999
v -7.878689 0.669623 0.100001
v -7.878689 0.669623 -0.099999
v -7.934570 0.605774 0.100001
v -7.934570 0.605774 -0.099999
v -7.990993 0.544705 0.100001
v -7.990993 0.544705 -0.099999
v -8.047959 0.486416 0.100001
v -8.047959 0.486416 -0.099999
v -8.105468 0.430908 0.100001
v -8.105468 0.430908 -0.099999
v -8.163519 0.378181 0.100001
v -8.163519 0.378181 -0.099999
v -8.222113 0.328233 0.100001
v -8.222113 0.328233 -0.099999
v -8.281249 0.281067 0.100001
v -8.281249 0.281067 -0.099999
v -8.340928 0.236681 0.100001
v -8.340928 0.236681 -0.099999
v -8.401150 0.195075 0.100001
v -8.401150 0.195075 -0.099999
v -8.461914 0.156250 0.100001
v -8.461914 0.156250 -0.099999
v -8.493720 0.136753 0.100001
v -8.493720 0.136753 -0.099999
v -8.524035 0.118951 0.100001
v -8.524035 0.118951 -0.099999
v -8.552856 0.102844 0.100001
v -8.552856 0.102844 -0.099999
v -8.580187 0.088433 0.100001
v -8.580187 0.088433 -0.099999
v -8.606025 0.075718 0.100001
v -8.606025 0.075717 -0.099999
v -8.630371 0.064697 0.100001
v -8.630371 0.064697 -0.099999
v -8.653225 0.055372 0.100001
v -8.653225 0.055372 -0.099999
v -8.674587 0.047743 0.100001
v -8.674587 0.047743 -0.099999
v -8.694458 0.041809 0.100001
v -8.694458 0.041809 -0.099999
v -8.712836 0.037571 0.100001
v -8.712836 0.037571 -0.099999
v -8.729723 0.035027 0.100001
v -8.729723 0.035027 -0.099999
v -8.745117 0.034180 0.100001
v -8.745117 0.034180 -0.099999
v -8.768582 0.036452 0.100001
v -8.768582 0.036452 -0.099999
v -8.791776 0.043267 0.100001
v -8.791776 0.043267 -0.099999
v -8.814698 0.054626 0.100001
v -8.814698 0.054626 -0.099999
v -8.837349 0.070530 0.100001
v -8.837349 0.070530 -0.099999
v -8.859729 0.090976 0.100001
v -8.859729 0.090976 -0.099999
v -8.881837 0.115967 0.100001
v -8.881837 0.115967 -0.099999
v -8.903674 0.145501 0.100001
v -8.903674 0.145501 -0.099999
v -8.925240 0.179579 0.100001
v -8.925240 0.179579 -0.099999
v -8.946534 0.218201 0.100001
v -8.946534 0.218201 -0.099999
v -8.967557 0.261366 0.100001
v -8.967557 0.261366 -0.099999
v -8.988309 0.309075 0.100001
v -8.988309 0.309075 -0.099999
v -9.008789 0.361328 0.100001
v -9.008789 0.361328 -0.099999
v -9.035102 0.430366 0.100001
v -9.035102 0.430366 -0.099999
v -9.060329 0.500760 0.100001
v -9.060329 0.500760 -0.099999
v -9.084473 0.572510 0.100001
v -9.084473 0.572510 -0.099999
v -9.107531 0.645616 0.100001
v -9.107531 0.645616 -0.099999
v -9.129503 0.720079 0.100001
v -9.129503 0.720079 -0.099999
v -9.150391 0.795898 0.100001
v -9.150391 0.795898 -0.099999
v -9.170193 0.873074 0.100001
v -9.170193 0.873074 -0.099999
v -9.188910 0.951606 0.100001
v -9.188910 0.951606 -0.099999
v -9.206543 1.031494 0.100001
v -9.206543 1.031494 -0.099999
v -9.223090 1.112739 0.100001
v -9.223090 1.112739 -0.099999
v -9.238552 1.195340 0.100001
v -9.238552 1.195340 -0.099999
v -9.252930 1.279297 0.100001
v -9.252930 1.279297 -0.099999
v -9.589844 1.059570 0.100001
v -9.589844 1.059570 -0.099999
v -9.570347 0.943705 0.100001
v -9.570347 0.943705 -0.099999
v -9.552545 0.833740 0.100001
v -9.552545 0.833740 -0.099999
v -9.536438 0.729675 0.100001
v -9.536438 0.729675 -0.099999
v -9.522027 0.631510 0.100001
v -9.522027 0.631510 -0.099999
v -9.509312 0.539246 0.100001
v -9.509312 0.539246 -0.099999
v -9.498291 0.452881 0.100001
v -9.498291 0.452881 -0.099999
v -9.488966 0.372416 0.100001
v -9.488966 0.372416 -0.099999
v -9.481337 0.297852 0.100001
v -9.481337 0.297852 -0.099999
v -9.475403 0.229187 0.100001
v -9.475403 0.229187 -0.099999
v -9.471165 0.166423 0.100001
v -9.471165 0.166423 -0.099999
v -9.468621 0.109558 0.100001
v -9.468621 0.109558 -0.099999
v -9.467773 0.058594 0.100001
v -9.467773 0.058594 -0.099999
v -9.469672 -0.007189 0.100001
v -9.469672 -0.007189 -0.099999
v -9.475368 -0.067817 0.100001
v -9.475368 -0.067817 -0.099999
v -9.484863 -0.123291 0.100001
v -9.484863 -0.123291 -0.099999
v -9.498156 -0.173611 0.100001
v -9.498156 -0.173611 -0.099999
v -9.515245 -0.218777 0.100001
v -9.515245 -0.218777 -0.099999
v -9.536133 -0.258789 0.100001
v -9.536133 -0.258789 -0.099999
v -9.560818 -0.293647 0.100001
v -9.560818 -0.293647 -0.099999
v -9.589301 -0.323351 0.100001
v -9.589301 -0.323351 -0.099999
v -9.621582 -0.347900 0.100001
v -9.621582 -0.347900 -0.099999
v -9.657660 -0.367296 0.100001
v -9.657660 -0.367296 -0.099999
v -9.697536 -0.381538 0.100001
v -9.697536 -0.381538 -0.099999
v -9.741211 -0.390625 0.100001
v -9.741211 -0.390625 -0.099999
v -9.723680 -0.462375 0.100001
v -9.723680 -0.462375 -0.099999
v -9.702013 -0.527886 0.100001
v -9.702013 -0.527886 -0.099999
v -9.676208 -0.587158 0.100001
v -9.676208 -0.587158 -0.099999
v -9.646267 -0.640191 0.100001
v -9.646267 -0.640191 -0.099999
v -9.612189 -0.686985 0.100001
v -9.612189 -0.686985 -0.099999
v -9.573975 -0.727539 0.100001
v -9.573975 -0.727539 -0.099999
v -9.531623 -0.761854 0.100001
v -9.531623 -0.761854 -0.099999
v -9.485134 -0.789931 0.100001
v -9.485134 -0.789931 -0.099999
v -9.434509 -0.811768 0.100001
v -9.434509 -0.811768 -0.099999
v -9.379747 -0.827365 0.100001
v -9.379747 -0.827365 -0.099999
v -9.320848 -0.836724 0.100001
v -9.320848 -0.836724 -0.099999
v -9.257812 -0.839844 0.100001
v -9.257812 -0.839844 -0.099999
v -9.205695 -0.837775 0.100001
v -9.205695 -0.837775 -0.099999
v -9.150255 -0.831570 0.100001
v -9.150255 -0.831570 -0.099999
v -9.091492 -0.821228 0.100001
v -9.091492 -0.821228 -0.099999
v -9.029406 -0.806749 0.100001
v -9.029406 -0.806749 -0.099999
v -8.963996 -0.788133 0.100001
v -8.963996 -0.788133 -0.099999
v -8.895264 -0.765381 0.100001
v -8.895264 -0.765381 -0.099999
v -8.823208 -0.738491 0.100001
v -8.823208 -0.738491 -0.099999
v -8.747829 -0.707465 0.100001
v -8.747829 -0.707465 -0.099999
v -8.669128 -0.672302 0.100001
v -8.669128 -0.672302 -0.099999
v -8.587104 -0.633002 0.100001
v -8.587104 -0.633002 -0.099999
v -8.501757 -0.589566 0.100001
v -8.501757 -0.589566 -0.099999
v -8.413086 -0.541992 0.100001
v -8.413086 -0.541992 -0.099999
v -8.314684 -0.485602 0.100001
v -8.314684 -0.485602 -0.099999
v -8.218045 -0.425483 0.100001
v -8.218045 -0.425483 -0.099999
v -8.123170 -0.361633 0.100001
v -8.123170 -0.361633 -0.099999
v -8.030057 -0.294054 0.100001
v -8.030057 -0.294054 -0.099999
v -7.938708 -0.222744 0.100001
v -7.938708 -0.222744 -0.099999
v -7.849122 -0.147705 0.100001
v -7.849122 -0.147705 -0.099999
v -7.761299 -0.068936 0.100001
v -7.761299 -0.068936 -0.099999
v -7.675239 0.013563 0.100001
v -7.675239 0.013563 -0.099999
v -7.590943 0.099792 0.100001
v -7.590943 0.099792 -0.099999
v -7.508410 0.189751 0.100001
v -7.508410 0.189751 -0.099999
v -7.427640 0.283440 0.100001
v -7.427640 0.283440 -0.099999
v -7.348633 0.380859 0.100001
v -7.348633 0.380859 -0.099999
v -7.189941 0.252821 0.100001
v -7.189941 0.252821 -0.099999
v -7.026367 0.129123 0.100001
v -7.026367 0.129123 -0.099999
v -6.857910 0.009766 0.100001
v -6.857910 0.009766 -0.099999
v -6.684570 -0.105252 0.100001
v -6.684570 -0.105252 -0.099999
v -6.506348 -0.215929 0.100001
v -6.506348 -0.215929 -0.099999
v -6.323242 -0.322266 0.100001
v -6.323242 -0.322266 -0.099999
v -6.135254 -0.424262 0.100001
v -6.135254 -0.424262 -0.099999
v -5.942383 -0.521918 0.100001
v -5.942383 -0.521918 -0.099999
v -5.744629 -0.615234 0.100001
v -5.744629 -0.615234 -0.099999
v -5.541992 -0.704210 0.100001
v -5.541992 -0.704210 -0.099999
v -5.334473 -0.788846 0.100000
v -5.334473 -0.788846 -0.099999
v -5.122070 -0.869141 0.100000
v -5.122070 -0.869141 -0.100000
v -3.784180 4.355469 0.100000
v -3.784180 4.355469 -0.100000
v -3.837891 4.355469 0.100000
v -3.837891 4.355469 -0.100000
v -3.970710 4.543084 0.100000
v -3.970710 4.543084 -0.100000
v -4.100613 4.734836 0.100000
v -4.100613 4.734836 -0.100000
v -4.227600 4.930725 0.100000
v -4.227600 4.930725 -0.100000
v -4.351671 5.130751 0.100000
v -4.351671 5.130751 -0.100000
v -4.472826 5.334913 0.100000
v -4.472826 5.334913 -0.100000
v -4.591064 5.543213 0.100000
v -4.591064 5.543213 -0.100000
v -4.706387 5.755649 0.100000
v -4.706387 5.755649 -0.100000
v -4.818793 5.972222 0.100000
v -4.818793 5.972222 -0.100000
v -4.928284 6.192932 0.100000
v -4.928284 6.192932 -0.100000
v -5.034858 6.417779 0.100000
v -5.034858 6.417779 -0.100000
v -5.138516 6.646762 0.100000
v -5.138516 6.646762 -0.100000
v -5.239258 6.879883 0.100000
v -5.239258 6.879883 -0.100000
v -5.353122 6.829461 0.100000
v -5.353122 6.829461 -0.100000
v -5.457086 6.780735 0.100000
v -5.457086 6.780735 -0.100000
v -5.551147 6.733704 0.100000
v -5.551147 6.733704 -0.100000
v -5.635308 6.688368 0.100000
v -5.635308 6.688368 -0.100000
v -5.709568 6.644728 0.100000
v -5.709568 6.644728 -0.100000
v -5.773926 6.602783 0.100000
v -5.773926 6.602783 -0.100000
v -5.828382 6.562534 0.100000
v -5.828382 6.562534 -0.100000
v -5.872938 6.523980 0.100000
v -5.872938 6.523980 -0.100000
v -5.907593 6.487122 0.100000
v -5.907593 6.487122 -0.100000
v -5.932346 6.451959 0.100000
v -5.932346 6.451959 -0.100000
v -5.947198 6.418491 0.100000
v -5.947198 6.418491 -0.100000
v -5.952148 6.386719 0.100000
v -5.952148 6.386719 -0.100000
v -5.949707 6.366170 0.100000
v -5.949707 6.366170 -0.100000
v -5.942383 6.346843 0.100000
v -5.942383 6.346843 -0.100000
v -5.930176 6.328736 0.100000
v -5.930176 6.328736 -0.100000
v -5.913086 6.311850 0.100000
v -5.913086 6.311850 -0.100000
v -5.891113 6.296184 0.100000
v -5.891113 6.296184 -0.100000
v -5.864258 6.281739 0.100000
v -5.864258 6.281739 -0.100000
v -5.832520 6.268515 0.100000
v -5.832520 6.268515 -0.100000
v -5.795898 6.256512 0.100000
v -5.795898 6.256512 -0.100000
v -5.754395 6.245729 0.100000
v -5.754395 6.245729 -0.100000
v -5.708008 6.236167 0.100000
v -5.708008 6.236167 -0.100000
v -5.656738 6.227826 0.100000
v -5.656738 6.227826 -0.100000
v -5.600586 6.220703 0.100000
v -5.600586 6.220703 -0.100000
v -5.505744 6.057841 0.100000
v -5.505744 6.057841 -0.100000
v -5.408393 5.896403 0.100000
v -5.408393 5.896403 -0.100000
v -5.308533 5.736389 0.100000
v -5.308533 5.736389 -0.100000
v -5.206163 5.577799 0.100000
v -5.206163 5.577799 -0.100000
v -5.101285 5.420634 0.100000
v -5.101285 5.420634 -0.100000
v -4.993896 5.264893 0.100000
v -4.993896 5.264893 -0.100000
v -4.883999 5.110575 0.100000
v -4.883999 5.110575 -0.100000
v -4.771593 4.957682 0.100000
v -4.771593 4.957682 -0.100000
v -4.656677 4.806213 0.100000
v -4.656677 4.806213 -0.100000
v -4.539252 4.656168 0.100000
v -4.539252 4.656168 -0.100000
v -4.419318 4.507548 0.100000
v -4.419318 4.507548 -0.100000
v -4.296875 4.360352 0.100000
v -4.296875 4.360352 -0.100000
v -4.357096 4.362149 0.100000
v -4.357096 4.362149 -0.100000
v -4.420573 4.364285 0.100000
v -4.420573 4.364285 -0.100000
v -4.487305 4.366760 0.100000
v -4.487305 4.366760 -0.100000
v -4.557292 4.369575 0.100000
v -4.557292 4.369575 -0.100000
v -4.630534 4.372728 0.100000
v -4.630534 4.372728 -0.100000
v -4.707031 4.376220 0.100000
v -4.707031 4.376220 -0.100000
v -4.786784 4.380052 0.100000
v -4.786784 4.380052 -0.100000
v -4.869792 4.384223 0.100000
v -4.869792 4.384223 -0.100000
v -4.956055 4.388733 0.100000
v -4.956055 4.388733 -0.100000
v -5.045573 4.393582 0.100000
v -5.045573 4.393582 -0.100000
v -5.138346 4.398770 0.100000
v -5.138346 4.398770 -0.100000
v -5.234375 4.404297 0.100000
v -5.234375 4.404297 -0.100000
v -5.219184 4.439324 0.100000
v -5.219184 4.439324 -0.100000
v -5.202908 4.474420 0.100000
v -5.202908 4.474420 -0.100000
v -5.185547 4.509583 0.100000
v -5.185547 4.509583 -0.100000
v -5.167101 4.544813 0.100000
v -5.167101 4.544813 -0.100000
v -5.147570 4.580112 0.100000
v -5.147570 4.580112 -0.100000
v -5.126953 4.615479 0.100000
v -5.126953 4.615479 -0.100000
v -5.105252 4.650913 0.100000
v -5.105252 4.650913 -0.100000
v -5.082465 4.686415 0.100000
v -5.082465 4.686415 -0.100000
v -5.058594 4.721985 0.100000
v -5.058594 4.721985 -0.100000
v -5.033637 4.757623 0.100000
v -5.033637 4.757623 -0.100000
v -5.007596 4.793328 0.100000
v -5.007596 4.793328 -0.100000
v -4.980469 4.829102 0.100000
v -4.980469 4.829102 -0.100000
v -5.200195 5.048828 0.100000
v -5.200195 5.048828 -0.100000
v -5.329658 4.946594 0.100000
v -5.329658 4.946594 -0.100000
v -5.447862 4.846598 0.100000
v -5.447862 4.846598 -0.100000
v -5.554809 4.748840 0.100000
v -5.554809 4.748840 -0.100000
v -5.650499 4.653320 0.100000
v -5.650499 4.653320 -0.100000
v -5.734931 4.560038 0.100000
v -5.734931 4.560038 -0.100000
v -5.808105 4.468994 0.100000
v -5.808105 4.468994 -0.100000
v -5.870022 4.380188 0.100000
v -5.870022 4.380188 -0.100000
v -5.920681 4.293620 0.100000
v -5.920681 4.293620 -0.100000
v -5.960083 4.209290 0.100000
v -5.960083 4.209290 -0.100000
v -5.988227 4.127197 0.100000
v -5.988227 4.127197 -0.100000
v -6.005113 4.047343 0.100000
v -6.005113 4.047343 -0.100000
v -6.010742 3.969727 0.100000
v -6.010742 3.969727 -0.100000
v -6.009250 3.933207 0.100000
v -6.009250 3.933207 -0.100000
v -6.004774 3.898519 0.100000
v -6.004774 3.898519 -0.100000
v -5.997314 3.865662 0.100000
v -5.997314 3.865662 -0.100000
v -5.986871 3.834636 0.100000
v -5.986871 3.834636 -0.100000
v -5.973443 3.805441 0.100000
v -5.973443 3.805441 -0.100000
v -5.957031 3.778077 0.100000
v -5.957031 3.778077 -0.100000
v -5.937635 3.752544 0.100000
v -5.937635 3.752544 -0.100000
v -5.915256 3.728842 0.100000
v -5.915256 3.728842 -0.100000
v -5.889893 3.706971 0.100000
v -5.889893 3.706971 -0.100000
v -5.861545 3.686931 0.100000
v -5.861545 3.686931 -0.100000
v -5.830214 3.668722 0.100000
v -5.830214 3.668722 -0.100000
v -5.795898 3.652344 0.100000
v -5.795898 3.652344 -0.100000
v -5.773349 3.643765 0.100000
v -5.773349 3.643765 -0.100000
v -5.751275 3.635932 0.100000
v -5.751275 3.635932 -0.100000
v -5.729675 3.628845 0.100000
v -5.729675 3.628845 -0.100000
v -5.708550 3.622504 0.100000
v -5.708550 3.622504 -0.100000
v -5.687900 3.616910 0.100000
v -5.687900 3.616910 -0.100000
v -5.667725 3.612061 0.100000
v -5.667725 3.612061 -0.100000
v -5.648024 3.607958 0.100000
v -5.648024 3.607958 -0.100000
v -5.628798 3.604601 0.100000
v -5.628798 3.604601 -0.100000
v -5.610046 3.601990 0.100000
v -5.610046 3.601990 -0.100000
v -5.591770 3.600125 0.100000
v -5.591770 3.600125 -0.100000
v -5.573968 3.599006 0.100000
v -5.573968 3.599006 -0.100000
v -5.556641 3.598633 0.100000
v -5.556641 3.598633 -0.100000
v -5.530802 3.600057 0.100000
v -5.530802 3.600057 -0.100000
v -5.506999 3.604329 0.100000
v -5.506999 3.604329 -0.100000
v -5.485229 3.611450 0.100000
v -5.485229 3.611450 -0.100000
v -5.465495 3.621419 0.100000
v -5.465495 3.621419 -0.100000
v -5.447794 3.634237 0.100000
v -5.447794 3.634237 -0.100000
v -5.432129 3.649902 0.100000
v -5.432129 3.649902 -0.100000
v -5.418498 3.668416 0.100000
v -5.418498 3.668416 -0.100000
v -5.406901 3.689779 0.100000
v -5.406901 3.689779 -0.100000
v -5.397339 3.713989 0.100000
v -5.397339 3.713989 -0.100000
v -5.389811 3.741048 0.100000
v -5.389811 3.741048 -0.100000
v -5.384318 3.770955 0.100000
v -5.384318 3.770955 -0.100000
v -5.380859 3.803711 0.100000
v -5.380859 3.803711 -0.100000
v -5.378350 3.830227 0.100000
v -5.378350 3.830227 -0.100000
v -5.375705 3.856066 0.100000
v -5.375705 3.856066 -0.100000
v -5.372925 3.881226 0.100000
v -5.372925 3.881226 -0.100000
v -5.370008 3.905707 0.100000
v -5.370008 3.905707 -0.100000
v -5.366957 3.929511 0.100000
v -5.366957 3.929511 -0.100000
v -5.363770 3.952637 0.100000
v -5.363770 3.952637 -0.100000
v -5.360446 3.975084 0.100000
v -5.360446 3.975084 -0.100000
v -5.356988 3.996853 0.100000
v -5.356988 3.996853 -0.100000
v -5.353394 4.017944 0.100000
v -5.353394 4.017944 -0.100000
v -5.349664 4.038357 0.100000
v -5.349664 4.038357 -0.100000
v -5.345798 4.058092 0.100000
v -5.345798 4.058092 -0.100000
v -5.341797 4.077148 0.100000
v -5.341797 4.077148 -0.100000
v -5.213623 4.051615 0.100000
v -5.213623 4.051615 -0.100000
v -5.084635 4.027100 0.100000
v -5.084635 4.027100 -0.100000
v -4.954834 4.003601 0.100000
v -4.954834 4.003601 -0.100000
v -4.824219 3.981120 0.100000
v -4.824219 3.981120 -0.100000
v -4.692790 3.959656 0.100000
v -4.692790 3.959656 -0.100000
v -4.560547 3.939209 0.100000
v -4.560547 3.939209 -0.100000
v -4.427490 3.919780 0.100000
v -4.427490 3.919780 -0.100000
v -4.293620 3.901367 0.100000
v -4.293620 3.901367 -0.100000
v -4.158936 3.883972 0.100000
v -4.158936 3.883972 -0.100000
v -4.023438 3.867594 0.100000
v -4.023438 3.867594 -0.100000
v -3.887126 3.852234 0.100000
v -3.887126 3.852234 -0.100000
v -3.750000 3.837891 0.100000
v -3.750000 3.837891 -0.100000
v -3.736064 3.797336 0.100000
v -3.736064 3.797336 -0.100000
v -3.721924 3.760308 0.100000
v -3.721924 3.760308 -0.100000
v -3.707581 3.726806 0.100000
v -3.707581 3.726806 -0.100000
v -3.693034 3.696831 0.100000
v -3.693034 3.696831 -0.100000
v -3.678284 3.670383 0.100000
v -3.678284 3.670383 -0.100000
v -3.663330 3.647461 0.100000
v -3.663330 3.647461 -0.100000
v -3.648173 3.628065 0.100000
v -3.648173 3.628065 -0.100000
v -3.632812 3.612196 0.100000
v -3.632812 3.612196 -0.100000
v -3.617249 3.599854 0.100000
v -3.617249 3.599854 -0.100000
v -3.601481 3.591037 0.100000
v -3.601481 3.591037 -0.100000
v -3.585510 3.585747 0.100000
v -3.585510 3.585747 -0.100000
v -3.569336 3.583984 0.100000
v -3.569336 3.583984 -0.100000
v -3.538174 3.589376 0.100000
v -3.538174 3.589376 -0.100000
v -3.508165 3.605550 0.100000
v -3.508165 3.605550 -0.100000
v -3.479309 3.632507 0.100000
v -3.479309 3.632507 -0.100000
v -3.451606 3.670247 0.100000
v -3.451606 3.670247 -0.100000
v -3.425056 3.718770 0.100000
v -3.425056 3.718770 -0.100000
v -3.399658 3.778076 0.100000
v -3.399658 3.778076 -0.100000
v -3.375414 3.848165 0.100000
v -3.375414 3.848165 -0.100000
v -3.352322 3.929036 0.100000
v -3.352322 3.929036 -0.100000
v -3.330383 4.020691 0.100000
v -3.330383 4.020691 -0.100000
v -3.309597 4.123128 0.100000
v -3.309597 4.123128 -0.100000
v -3.289964 4.236349 0.100000
v -3.289964 4.236349 -0.100000
v -3.271484 4.360352 0.100000
v -3.271484 4.360352 -0.100000
v -3.750000 4.355469 0.100000
v -3.750000 4.355469 -0.100000
v -0.131836 1.743164 0.100000
v -0.131836 1.743164 -0.100000
v -0.295173 2.048645 0.100000
v -0.295173 2.048645 -0.100000
v -0.449897 2.359619 0.100000
v -0.449897 2.359619 -0.100000
v -0.596008 2.676086 0.100000
v -0.596008 2.676086 -0.100000
v -0.733507 2.998047 0.100000
v -0.733507 2.998047 -0.100000
v -0.862393 3.325500 0.100000
v -0.862393 3.325500 -0.100000
v -0.982666 3.658447 0.100000
v -0.982666 3.658447 -0.100000
v -1.094326 3.996887 0.100000
v -1.094326 3.996887 -0.100000
v -1.197374 4.340820 0.100000
v -1.197374 4.340820 -0.100000
v -1.291809 4.690247 0.100000
v -1.291809 4.690247 -0.100000
v -1.377631 5.045166 0.100000
v -1.377631 5.045166 -0.100000
v -1.454841 5.405579 0.100000
v -1.454841 5.405579 -0.100000
v -1.523438 5.771484 0.100000
v -1.523438 5.771484 -0.100000
v -0.390625 5.771484 0.100000
v -0.390625 5.771484 -0.100000
v -0.253906 6.220703 0.100000
v -0.253906 6.220703 -0.100000
v -1.533203 6.220703 0.100000
v -1.533203 6.220703 -0.100000
v -1.533203 8.398438 0.100000
v -1.533203 8.398438 -0.100000
v -1.684502 8.389180 0.100000
v -1.684502 8.389180 -0.100000
v -1.822645 8.377686 0.100000
v -1.822645 8.377686 -0.100000
v -1.947632 8.363953 0.100000
v -1.947632 8.363953 -0.100000
v -2.059462 8.347981 0.100000
v -2.059462 8.347981 -0.100000
v -2.158135 8.329773 0.100000
v -2.158135 8.329773 -0.100000
v -2.243652 8.309326 0.100000
v -2.243652 8.309326 -0.100000
v -2.316013 8.286641 0.100000
v -2.316013 8.286641 -0.100000
v -2.375217 8.261719 0.100000
v -2.375217 8.261719 -0.100000
v -2.421265 8.234558 0.100000
v -2.421265 8.234558 -0.100000
v -2.454156 8.205159 0.100000
v -2.454156 8.205159 -0.100000
v -2.473891 8.173523 0.100000
v -2.473891 8.173523 -0.100000
v -2.480469 8.139648 0.100000
v -2.480469 8.139648 -0.100000
v -2.477926 8.116693 0.100000
v -2.477926 8.116693 -0.100000
v -2.470296 8.093397 0.100000
v -2.470296 8.093397 -0.100000
v -2.457581 8.069763 0.100000
v -2.457581 8.069763 -0.100000
v -2.439779 8.045790 0.100000
v -2.439779 8.045790 -0.100000
v -2.416890 8.021478 0.100000
v -2.416890 8.021478 -0.100000
v -2.388916 7.996826 0.100000
v -2.388916 7.996826 -0.100000
v -2.355855 7.971836 0.100000
v -2.355855 7.971836 -0.100000
v -2.317708 7.946506 0.100000
v -2.317708 7.946506 -0.100000
v -2.274475 7.920837 0.100000
v -2.274475 7.920837 -0.100000
v -2.226156 7.894830 0.100000
v -2.226156 7.894830 -0.100000
v -2.172750 7.868483 0.100000
v -2.172750 7.868483 -0.100000
v -2.114258 7.841797 0.100000
v -2.114258 7.841797 -0.100000
v -2.114258 6.220703 0.100000
v -2.114258 6.220703 -0.100000
v -2.504883 6.220703 0.100000
v -2.504883 6.220703 -0.100000
v -2.841797 6.679688 0.100000
v -2.841797 6.679688 -0.100000
v -2.890862 6.629062 0.100000
v -2.890862 6.629062 -0.100000
v -2.938775 6.578098 0.100000
v -2.938775 6.578098 -0.100000
v -2.985535 6.526794 0.100000
v -2.985535 6.526794 -0.100000
v -3.031142 6.475152 0.100000
v -3.031142 6.475152 -0.100000
v -3.075596 6.423171 0.100000
v -3.075596 6.423171 -0.100000
v -3.118897 6.370850 0.100000
v -3.118897 6.370850 -0.100000
v -3.161045 6.318190 0.100000
v -3.161045 6.318190 -0.100000
v -3.202040 6.265191 0.100000
v -3.202040 6.265191 -0.100000
v -3.241883 6.211853 0.100000
v -3.241883 6.211853 -0.100000
v -3.280572 6.158176 0.100000
v -3.280572 6.158176 -0.100000
v -3.318109 6.104160 0.100000
v -3.318109 6.104160 -0.100000
v -3.354492 6.049805 0.100000
v -3.354492 6.049805 -0.100000
v -3.203125 5.771484 0.100000
v -3.203125 5.771484 -0.100000
v -2.114258 5.771484 0.100000
v -2.114258 5.771484 -0.100000
v -2.114258 4.916992 0.100000
v -2.114258 4.916992 -0.100000
v -2.291294 4.795532 0.100000
v -2.291294 4.795532 -0.100000
v -2.452935 4.676920 0.100000
v -2.452935 4.676920 -0.100000
v -2.599182 4.561157 0.100000
v -2.599182 4.561157 -0.100000
v -2.730034 4.448242 0.100000
v -2.730034 4.448242 -0.100000
v -2.845493 4.338175 0.100000
v -2.845493 4.338175 -0.100000
v -2.945556 4.230957 0.100000
v -2.945556 4.230957 -0.100000
v -3.030226 4.126587 0.100000
v -3.030226 4.126587 -0.100000
v -3.099501 4.025065 0.100000
v -3.099501 4.025065 -0.100000
v -3.153381 3.926391 0.100000
v -3.153381 3.926391 -0.100000
v -3.191867 3.830566 0.100000
v -3.191867 3.830566 -0.100000
v -3.214959 3.737589 0.100000
v -3.214959 3.737589 -0.100000
v -3.222656 3.647461 0.100000
v -3.222656 3.647461 -0.100000
v -3.221300 3.616299 0.100000
v -3.221300 3.616299 -0.100000
v -3.217231 3.586290 0.100000
v -3.217231 3.586290 -0.100000
v -3.210449 3.557434 0.100000
v -3.210449 3.557434 -0.100000
v -3.200955 3.529731 0.100000
v -3.200955 3.529731 -0.100000
v -3.188748 3.503181 0.100000
v -3.188748 3.503181 -0.100000
v -3.173828 3.477783 0.100000
v -3.173828 3.477783 -0.100000
v -3.156196 3.453539 0.100000
v -3.156196 3.453539 -0.100000
v -3.135851 3.430447 0.100000
v -3.135851 3.430447 -0.100000
v -3.112793 3.408508 0.100000
v -3.112793 3.408508 -0.100000
v -3.087023 3.387722 0.100000
v -3.087023 3.387722 -0.100000
v -3.058539 3.368089 0.100000
v -3.058539 3.368089 -0.100000
v -3.027344 3.349609 0.100000
v -3.027344 3.349609 -0.100000
v -3.004964 3.337911 0.100000
v -3.004964 3.337911 -0.100000
v -2.983398 3.327230 0.100000
v -2.983398 3.327230 -0.100000
v -2.962646 3.317566 0.100000
v -2.962646 3.317566 -0.100000
v -2.942708 3.308919 0.100000
v -2.942708 3.308919 -0.100000
v -2.923584 3.301290 0.100000
v -2.923584 3.301290 -0.100000
v -2.905273 3.294678 0.100000
v -2.905273 3.294678 -0.100000
v -2.887777 3.289083 0.100000
v -2.887777 3.289083 -0.100000
v -2.871094 3.284505 0.100000
v -2.871094 3.284505 -0.100000
v -2.855225 3.280945 0.100000
v -2.855225 3.280945 -0.100000
v -2.840169 3.278402 0.100000
v -2.840169 3.278402 -0.100000
v -2.825928 3.276876 0.100000
v -2.825928 3.276876 -0.100000
v -2.812500 3.276367 0.100000
v -2.812500 3.276367 -0.100000
v -2.790968 3.278096 0.100000
v -2.790968 3.278096 -0.100000
v -2.770318 3.283284 0.100000
v -2.770318 3.283284 -0.100000
v -2.750549 3.291931 0.100000
v -2.750549 3.291931 -0.100000
v -2.731662 3.304036 0.100000
v -2.731662 3.304036 -0.100000
v -2.713657 3.319600 0.100000
v -2.713657 3.319600 -0.100000
v -2.696533 3.338623 0.100000
v -2.696533 3.338623 -0.100000
v -2.680291 3.361104 0.100000
v -2.680291 3.361104 -0.100000
v -2.664931 3.387044 0.100000
v -2.664931 3.387044 -0.100000
v -2.650452 3.416443 0.100000
v -2.650452 3.416443 -0.100000
v -2.636854 3.449300 0.100000
v -2.636854 3.449300 -0.100000
v -2.624139 3.485616 0.100000
v -2.624139 3.485616 -0.100000
v -2.612305 3.525391 0.100000
v -2.612305 3.525391 -0.100000
v -2.587958 3.606567 0.100000
v -2.587958 3.606567 -0.100000
v -2.560493 3.687337 0.100000
v -2.560493 3.687337 -0.100000
v -2.529907 3.767700 0.100000
v -2.529907 3.767700 -0.100000
v -2.496202 3.847656 0.100000
v -2.496202 3.847656 -0.100000
v -2.459378 3.927205 0.100000
v -2.459378 3.927205 -0.100000
v -2.419434 4.006348 0.100000
v -2.419434 4.006348 -0.100000
v -2.376370 4.085083 0.100000
v -2.376370 4.085083 -0.100000
v -2.330187 4.163412 0.100000
v -2.330187 4.163412 -0.100000
v -2.280884 4.241333 0.100000
v -2.280884 4.241333 -0.100000
v -2.228461 4.318848 0.100000
v -2.228461 4.318848 -0.100000
v -2.172919 4.395956 0.100000
v -2.172919 4.395956 -0.100000
v -2.114258 4.472656 0.100000
v -2.114258 4.472656 -0.100000
v -2.114258 -0.859375 0.100000
v -2.114258 -0.859375 -0.100000
v -1.533203 -0.859375 0.100000
v -1.533203 -0.859375 -0.100000
v -1.533203 3.872070 0.100000
v -1.533203 3.872070 -0.100000
v -1.451620 3.639187 0.100000
v -1.451620 3.639187 -0.100000
v -1.368001 3.412544 0.100000
v -1.368001 3.412544 -0.100000
v -1.282349 3.192139 0.100000
v -1.282349 3.192139 -0.100000
v -1.194661 2.977973 0.100000
v -1.194661 2.977973 -0.100000
v -1.104940 2.770047 0.100000
v -1.104940 2.770047 -0.100000
v -1.013184 2.568360 0.100000
v -1.013184 2.568360 -0.100000
v -0.919393 2.372911 0.100000
v -0.919393 2.372911 -0.100000
v -0.823568 2.183702 0.100000
v -0.823568 2.183702 -0.100000
v -0.725708 2.000733 0.100000
v -0.725708 2.000733 -0.100000
v -0.625814 1.824002 0.100000
v -0.625814 1.824002 -0.100000
v -0.523885 1.653510 0.100000
v -0.523885 1.653510 -0.100000
v -0.419922 1.489258 0.100000
v -0.419922 1.489258 -0.100000
v -3.369141 6.889648 0.100000
v -3.369141 6.889648 -0.100000
v -3.426683 6.859097 0.100000
v -3.426683 6.859097 -0.100000
v -3.482123 6.829291 0.100000
v -3.482123 6.829291 -0.100000
v -3.535461 6.800232 0.100000
v -3.535461 6.800232 -0.100000
v -3.586697 6.771918 0.100000
v -3.586697 6.771918 -0.100000
v -3.635830 6.744351 0.100000
v -3.635830 6.744351 -0.100000
v -3.682861 6.717529 0.100000
v -3.682861 6.717529 -0.100000
v -3.727790 6.691454 0.100000
v -3.727790 6.691454 -0.100000
v -3.770616 6.666124 0.100000
v -3.770616 6.666124 -0.100000
v -3.811340 6.641541 0.100000
v -3.811340 6.641541 -0.100000
v -3.849962 6.617703 0.100000
v -3.849962 6.617703 -0.100000
v -3.886481 6.594611 0.100000
v -3.886481 6.594611 -0.100000
v -3.920898 6.572266 0.100000
v -3.920898 6.572266 -0.100000
v -3.979526 6.690504 0.100000
v -3.979526 6.690504 -0.100000
v -4.036594 6.810845 0.100000
v -4.036594 6.810845 -0.100000
v -4.092102 6.933288 0.100000
v -4.092102 6.933288 -0.100000
v -4.146050 7.057834 0.100000
v -4.146050 7.057834 -0.100000
v -4.198439 7.184482 0.100000
v -4.198439 7.184482 -0.100000
v -4.249268 7.313232 0.100000
v -4.249268 7.313232 -0.100000
v -4.298537 7.444085 0.100000
v -4.298537 7.444085 -0.100000
v -4.346246 7.577040 0.100000
v -4.346246 7.577040 -0.100000
v -4.392395 7.712097 0.100000
v -4.392395 7.712097 -0.100000
v -4.436985 7.849257 0.100000
v -4.436985 7.849257 -0.100000
v -4.480014 7.988518 0.100000
v -4.480014 7.988518 -0.100000
v -4.521484 8.129883 0.100000
v -4.521484 8.129883 -0.100000
v -4.655626 8.085530 0.100000
v -4.655626 8.085530 -0.100000
v -4.778103 8.041992 0.100000
v -4.778103 8.041992 -0.100000
v -4.888916 7.999268 0.100000
v -4.888916 7.999268 -0.100000
v -4.988064 7.957357 0.100000
v -4.988064 7.957357 -0.100000
v -5.075548 7.916260 0.100000
v -5.075548 7.916260 -0.100000
v -5.151367 7.875977 0.100000
v -5.151367 7.875977 -0.100000
v -5.215521 7.836507 0.100000
v -5.215521 7.836507 -0.100000
v -5.268012 7.797852 0.100000
v -5.268012 7.797852 -0.100000
v -5.308837 7.760010 0.100000
v -5.308837 7.760010 -0.100000
v -5.337999 7.722982 0.100000
v -5.337999 7.722982 -0.100000
v -5.355495 7.686768 0.100000
v -5.355495 7.686768 -0.100000
v -5.361328 7.651367 0.100000
v -5.361328 7.651367 -0.100000
v -5.358751 7.631531 0.100000
v -5.358751 7.631531 -0.100000
v -5.351020 7.612711 0.100000
v -5.351020 7.612711 -0.100000
v -5.338135 7.594910 0.100000
v -5.338135 7.594910 -0.100000
v -5.320096 7.578125 0.100000
v -5.320096 7.578125 -0.100000
v -5.296903 7.562357 0.100000
v -5.296903 7.562357 -0.100000
v -5.268555 7.547607 0.100000
v -5.268555 7.547607 -0.100000
v -5.235054 7.533875 0.100000
v -5.235054 7.533875 -0.100000
v -5.196398 7.521159 0.100000
v -5.196398 7.521159 -0.100000
v -5.152588 7.509460 0.100000
v -5.152588 7.509460 -0.100000
v -5.103624 7.498779 0.100000
v -5.103624 7.498779 -0.100000
v -5.049507 7.489115 0.100000
v -5.049507 7.489115 -0.100000
v -4.990234 7.480469 0.100000
v -4.990234 7.480469 -0.100000
v -4.931912 7.377862 0.100000
v -4.931912 7.377862 -0.100000
v -4.872504 7.276747 0.100000
v -4.872504 7.276747 -0.100000
v -4.812012 7.177125 0.100000
v -4.812012 7.177125 -0.100000
v -4.750434 7.078993 0.100000
v -4.750434 7.078993 -0.100000
v -4.687771 6.982354 0.100000
v -4.687771 6.982354 -0.100000
v -4.624023 6.887207 0.100000
v -4.624023 6.887207 -0.100000
v -4.559191 6.793552 0.100000
v -4.559191 6.793552 -0.100000
v -4.493273 6.701389 0.100000
v -4.493273 6.701389 -0.100000
v -4.426270 6.610718 0.100000
v -4.426270 6.610718 -0.100000
v -4.358181 6.521539 0.100000
v -4.358181 6.521539 -0.100000
v -4.289008 6.433852 0.100000
v -4.289008 6.433852 -0.100000
v -4.218750 6.347656 0.100000
v -4.218750 6.347656 -0.100000
v -4.270223 6.300863 0.100000
v -4.270223 6.300863 -0.100000
v -4.317220 6.254883 0.100000
v -4.317220 6.254883 -0.100000
v -4.359741 6.209717 0.100000
v -4.359741 6.209717 -0.100000
v -4.397787 6.165365 0.100000
v -4.397787 6.165365 -0.100000
v -4.431356 6.121826 0.100000
v -4.431356 6.121826 -0.100000
v -4.460449 6.079102 0.100000
v -4.460449 6.079102 -0.100000
v -4.485067 6.037191 0.100000
v -4.485067 6.037191 -0.100000
v -4.505208 5.996094 0.100000
v -4.505208 5.996094 -0.100000
v -4.520874 5.955811 0.100000
v -4.520874 5.955811 -0.100000
v -4.532064 5.916341 0.100000
v -4.532064 5.916341 -0.100000
v -4.538778 5.877686 0.100000
v -4.538778 5.877686 -0.100000
v -4.541016 5.839844 0.100000
v -4.541016 5.839844 -0.100000
v -4.539693 5.811632 0.100000
v -4.539693 5.811632 -0.100000
v -4.535726 5.783962 0.100000
v -4.535726 5.783962 -0.100000
v -4.529114 5.756835 0.100000
v -4.529114 5.756835 -0.100000
v -4.519857 5.730251 0.100000
v -4.519857 5.730251 -0.100000
v -4.507955 5.704210 0.100000
v -4.507955 5.704210 -0.100000
v -4.493408 5.678710 0.100000
v -4.493408 5.678710 -0.100000
v -4.476217 5.653754 0.100000
v -4.476217 5.653754 -0.100000
v -4.456380 5.629340 0.100000
v -4.456380 5.629340 -0.100000
v -4.433899 5.605468 0.100000
v -4.433899 5.605468 -0.100000
v -4.408773 5.582139 0.100000
v -4.408773 5.582139 -0.100000
v -4.381002 5.559353 0.100000
v -4.381002 5.559353 -0.100000
v -4.350586 5.537109 0.100000
v -4.350586 5.537109 -0.100000
v -4.330444 5.523851 0.100000
v -4.330444 5.523851 -0.100000
v -4.310709 5.511745 0.100000
v -4.310709 5.511745 -0.100000
v -4.291382 5.500793 0.100000
v -4.291382 5.500793 -0.100000
v -4.272461 5.490993 0.100000
v -4.272461 5.490993 -0.100000
v -4.253947 5.482347 0.100000
v -4.253947 5.482347 -0.100000
v -4.235840 5.474853 0.100000
v -4.235840 5.474853 -0.100000
v -4.218140 5.468512 0.100000
v -4.218140 5.468512 -0.100000
v -4.200846 5.463324 0.100000
v -4.200846 5.463324 -0.100000
v -4.183960 5.459289 0.100000
v -4.183960 5.459289 -0.100000
v -4.167480 5.456407 0.100000
v -4.167480 5.456407 -0.100000
v -4.151408 5.454678 0.100000
v -4.151408 5.454678 -0.100000
v -4.135742 5.454102 0.100000
v -4.135742 5.454102 -0.100000
v -4.112752 5.455390 0.100000
v -4.112752 5.455390 -0.100000
v -4.090983 5.459256 0.100000
v -4.090983 5.459256 -0.100000
v -4.070435 5.465698 0.100000
v -4.070435 5.465698 -0.100000
v -4.051107 5.474718 0.100000
v -4.051107 5.474718 -0.100000
v -4.033000 5.486315 0.100000
v -4.033000 5.486315 -0.100000
v -4.016114 5.500488 0.100000
v -4.016114 5.500488 -0.100000
v -4.000449 5.517239 0.100000
v -4.000449 5.517239 -0.100000
v -3.986004 5.536567 0.100000
v -3.986004 5.536567 -0.100000
v -3.972779 5.558472 0.100000
v -3.972779 5.558472 -0.100000
v -3.960776 5.582953 0.100000
v -3.960776 5.582953 -0.100000
v -3.949993 5.610013 0.100000
v -3.949993 5.610013 -0.100000
v -3.940430 5.639648 0.100000
v -3.940430 5.639648 -0.100000
v -3.912014 5.723368 0.100000
v -3.912014 5.723368 -0.100000
v -3.877224 5.806885 0.100000
v -3.877224 5.806885 -0.100000
v -3.836060 5.890198 0.100000
v -3.836060 5.890198 -0.100000
v -3.788520 5.973307 0.100000
v -3.788520 5.973307 -0.100000
v -3.734606 6.056213 0.100000
v -3.734606 6.056213 -0.100000
v -3.674316 6.138916 0.100000
v -3.674316 6.138916 -0.100000
v -3.607652 6.221415 0.100000
v -3.607652 6.221415 -0.100000
v -3.534614 6.303711 0.100000
v -3.534614 6.303711 -0.100000
v -3.455200 6.385803 0.100000
v -3.455200 6.385803 -0.100000
v -3.369412 6.467692 0.100000
v -3.369412 6.467692 -0.100000
v -3.277249 6.549377 0.100000
v -3.277249 6.549377 -0.100000
v -3.178711 6.630859 0.100000
v -3.178711 6.630859 -0.100000
v -6.962891 6.801758 0.100000
v -6.962891 6.801758 -0.100000
v -7.014567 6.775411 0.100000
v -7.014567 6.775411 -0.100000
v -7.063802 6.750082 0.100000
v -7.063802 6.750082 -0.100000
v -7.110595 6.725769 0.100000
v -7.110595 6.725769 -0.100000
v -7.154947 6.702474 0.100000
v -7.154947 6.702474 -0.100000
v -7.196858 6.680196 0.100000
v -7.196858 6.680196 -0.100000
v -7.236327 6.658936 0.100000
v -7.236327 6.658936 -0.100000
v -7.273355 6.638692 0.100000
v -7.273355 6.638692 -0.100000
v -7.307941 6.619466 0.100000
v -7.307941 6.619466 -0.100000
v -7.340086 6.601257 0.100000
v -7.340086 6.601257 -0.100000
v -7.369790 6.584066 0.100000
v -7.369790 6.584066 -0.100000
v -7.397052 6.567892 0.100000
v -7.397052 6.567892 -0.100000
v -7.421875 6.552734 0.100000
v -7.421875 6.552734 -0.100000
v -7.486538 6.679993 0.100000
v -7.486538 6.679993 -0.100000
v -7.548693 6.807861 0.100000
v -7.548693 6.807861 -0.100000
v -7.608337 6.936340 0.100000
v -7.608337 6.936340 -0.100000
v -7.665473 7.065430 0.100000
v -7.665473 7.065430 -0.100000
v -7.720099 7.195129 0.100000
v -7.720099 7.195129 -0.100000
v -7.772217 7.325439 0.100000
v -7.772217 7.325439 -0.100000
v -7.821825 7.456360 0.100000
v -7.821825 7.456360 -0.100000
v -7.868924 7.587891 0.100000
v -7.868924 7.587891 -0.100000
v -7.913513 7.720032 0.100000
v -7.913513 7.720032 -0.100000
v -7.955594 7.852783 0.100000
v -7.955594 7.852783 -0.100000
v -7.995165 7.986145 0.100000
v -7.995165 7.986145 -0.100000
v -8.032227 8.120117 0.100000
v -8.032227 8.120117 -0.100000
v -8.168708 8.071052 0.100000
v -8.168708 8.071052 -0.100000
v -8.293322 8.023139 0.100000
v -8.293322 8.023139 -0.100000
v -8.406067 7.976379 0.100000
v -8.406067 7.976379 -0.100000
v -8.506945 7.930773 0.100000
v -8.506945 7.930773 -0.100000
v -8.595954 7.886319 0.100000
v -8.595954 7.886319 -0.100000
v -8.673096 7.843018 0.100000
v -8.673096 7.843018 -0.100000
v -8.738369 7.800869 0.100000
v -8.738369 7.800869 -0.100000
v -8.791775 7.759874 0.100000
v -8.791775 7.759874 -0.100000
v -8.833313 7.720032 0.100000
v -8.833313 7.720032 -0.100000
v -8.862983 7.681342 0.100000
v -8.862983 7.681342 -0.100000
v -8.880785 7.643806 0.100000
v -8.880785 7.643806 -0.100000
v -8.886719 7.607422 0.100000
v -8.886719 7.607422 -0.100000
v -8.883972 7.586263 0.100000
v -8.883972 7.586263 -0.100000
v -8.875732 7.566732 0.100000
v -8.875732 7.566732 -0.100000
v -8.862000 7.548828 0.100000
v -8.862000 7.548828 -0.100000
v -8.842773 7.532552 0.100000
v -8.842773 7.532552 -0.100000
v -8.818054 7.517904 0.100000
v -8.818054 7.517904 -0.100000
v -8.787842 7.504883 0.100000
v -8.787842 7.504883 -0.100000
v -8.752136 7.493490 0.100000
v -8.752136 7.493490 -0.100000
v -8.710938 7.483724 0.100000
v -8.710938 7.483724 -0.100000
v -8.664246 7.475586 0.100000
v -8.664246 7.475586 -0.100000
v -8.612061 7.469076 0.100000
v -8.612061 7.469076 -0.100000
v -8.554382 7.464193 0.100000
v -8.554382 7.464193 -0.100000
v -8.491211 7.460938 0.100000
v -8.491211 7.460938 -0.100000
v -8.437500 7.365146 0.100000
v -8.437500 7.365146 -0.100000
v -8.382161 7.269830 0.100000
v -8.382161 7.269830 -0.100000
v -8.325195 7.174988 0.100000
v -8.325195 7.174988 -0.100000
v -8.266602 7.080621 0.100000
v -8.266602 7.080621 -0.100000
v -8.206380 6.986728 0.100000
v -8.206380 6.986728 -0.100000
v -8.144531 6.893311 0.100000
v -8.144531 6.893311 -0.100000
v -8.081055 6.800367 0.100000
v -8.081055 6.800367 -0.100000
v -8.015950 6.707899 0.100000
v -8.015950 6.707899 -0.100000
v -7.949218 6.615906 0.100000
v -7.949218 6.615906 -0.100000
v -7.880859 6.524387 0.100000
v -7.880859 6.524387 -0.100000
v -7.810872 6.433343 0.100000
v -7.810872 6.433343 -0.100000
v -7.739258 6.342773 0.100000
v -7.739258 6.342773 -0.100000
v -7.792291 6.299303 0.100000
v -7.792291 6.299303 -0.100000
v -7.840712 6.256782 0.100000
v -7.840712 6.256782 -0.100000
v -7.884522 6.215210 0.100000
v -7.884522 6.215210 -0.100000
v -7.923720 6.174588 0.100000
v -7.923720 6.174588 -0.100000
v -7.958306 6.134915 0.100000
v -7.958306 6.134915 -0.100000
v -7.988281 6.096192 0.100000
v -7.988281 6.096192 -0.100000
v -8.013645 6.058418 0.100000
v -8.013645 6.058418 -0.100000
v -8.034397 6.021593 0.100000
v -8.034397 6.021593 -0.100000
v -8.050537 5.985718 0.100000
v -8.050537 5.985718 -0.100000
v -8.062066 5.950792 0.100000
v -8.062066 5.950792 -0.100000
v -8.068983 5.916816 0.100000
v -8.068983 5.916816 -0.100000
v -8.071289 5.883789 0.100000
v -8.071289 5.883789 -0.100000
v -8.070034 5.857951 0.100000
v -8.070034 5.857951 -0.100000
v -8.066270 5.832520 0.100000
v -8.066270 5.832520 -0.100000
v -8.059997 5.807495 0.100000
v -8.059997 5.807495 -0.100000
v -8.051214 5.782877 0.100000
v -8.051214 5.782877 -0.100000
v -8.039923 5.758667 0.100000
v -8.039923 5.758667 -0.100000
v -8.026122 5.734863 0.100000
v -8.026122 5.734863 -0.100000
v -8.009812 5.711466 0.100000
v -8.009812 5.711466 -0.100000
v -7.990993 5.688477 0.100000
v -7.990993 5.688477 -0.100000
v -7.969665 5.665894 0.100000
v -7.969665 5.665894 -0.100000
v -7.945827 5.643717 0.100000
v -7.945827 5.643717 -0.100000
v -7.919480 5.621948 0.100000
v -7.919480 5.621948 -0.100000
v -7.890625 5.600586 0.100000
v -7.890625 5.600586 -0.100000
v -7.868856 5.585768 0.100000
v -7.868856 5.585768 -0.100000
v -7.847494 5.572239 0.100000
v -7.847494 5.572239 -0.100000
v -7.826538 5.559998 0.100000
v -7.826538 5.559998 -0.100000
v -7.805990 5.549046 0.100000
v -7.805990 5.549046 -0.100000
v -7.785848 5.539382 0.100000
v -7.785848 5.539382 -0.100000
v -7.766113 5.531006 0.100000
v -7.766113 5.531006 -0.100000
v -7.746786 5.523920 0.100000
v -7.746786 5.523920 -0.100000
v -7.727865 5.518121 0.100000
v -7.727865 5.518121 -0.100000
v -7.709351 5.513611 0.100000
v -7.709351 5.513611 -0.100000
v -7.691244 5.510390 0.100000
v -7.691244 5.510390 -0.100000
v -7.673543 5.508457 0.100000
v -7.673543 5.508457 -0.100000
v -7.656250 5.507812 0.100000
v -7.656250 5.507812 -0.100000
v -7.631632 5.509440 0.100000
v -7.631632 5.509440 -0.100000
v -7.608235 5.514323 0.100000
v -7.608235 5.514323 -0.100000
v -7.586059 5.522461 0.100000
v -7.586059 5.522461 -0.100000
v -7.565104 5.533854 0.100000
v -7.565104 5.533854 -0.100000
v -7.545369 5.548502 0.100000
v -7.545369 5.548502 -0.100000
v -7.526855 5.566406 0.100000
v -7.526855 5.566406 -0.100000
v -7.509561 5.587565 0.100000
v -7.509561 5.587565 -0.100000
v -7.493488 5.611979 0.100000
v -7.493488 5.611979 -0.100000
v -7.478636 5.639648 0.100000
v -7.478636 5.639648 -0.100000
v -7.465005 5.670573 0.100000
v -7.465005 5.670573 -0.100000
v -7.452594 5.704752 0.100000
v -7.452594 5.704752 -0.100000
v -7.441406 5.742188 0.100000
v -7.441406 5.742188 -0.100000
v -7.419467 5.810377 0.100000
v -7.419467 5.810377 -0.100000
v -7.391086 5.878228 0.100000
v -7.391086 5.878228 -0.100000
v -7.356262 5.945739 0.100000
v -7.356262 5.945739 -0.100000
v -7.314996 6.012912 0.100000
v -7.314996 6.012912 -0.100000
v -7.267287 6.079745 0.100000
v -7.267287 6.079745 -0.100000
v -7.213135 6.146240 0.100000
v -7.213135 6.146240 -0.100000
v -7.152541 6.212395 0.100000
v -7.152541 6.212395 -0.100000
v -7.085504 6.278212 0.100000
v -7.085504 6.278212 -0.100000
v -7.012024 6.343689 0.100000
v -7.012024 6.343689 -0.100000
v -6.932102 6.408827 0.100000
v -6.932102 6.408827 -0.100000
v -6.845737 6.473626 0.100000
v -6.845737 6.473626 -0.100000
v -6.752930 6.538086 0.100000
v -6.752930 6.538086 -0.100000
v -9.008789 4.052734 0.100001
v -9.008789 4.052734 -0.099999
v -9.007806 4.075521 0.100001
v -9.007806 4.075521 -0.099999
v -9.006483 4.098308 0.100001
v -9.006483 4.098308 -0.099999
v -9.004822 4.121094 0.100001
v -9.004822 4.121094 -0.099999
v -9.002821 4.143881 0.100001
v -9.002821 4.143881 -0.099999
v -9.000482 4.166667 0.100001
v -9.000482 4.166667 -0.099999
v -8.997803 4.189454 0.100001
v -8.997803 4.189454 -0.099999
v -8.994785 4.212241 0.100001
v -8.994785 4.212241 -0.099999
v -8.991428 4.235027 0.100001
v -8.991428 4.235027 -0.099999
v -8.987732 4.257814 0.100001
v -8.987732 4.257814 -0.099999
v -8.983697 4.280601 0.100001
v -8.983697 4.280601 -0.099999
v -8.979322 4.303387 0.100001
v -8.979322 4.303387 -0.099999
v -8.974609 4.326172 0.100001
v -8.974609 4.326172 -0.099999
v -8.856642 4.302911 0.100001
v -8.856642 4.302911 -0.099999
v -8.735487 4.280328 0.100001
v -8.735487 4.280328 -0.099999
v -8.611145 4.258423 0.100001
v -8.611145 4.258423 -0.099999
v -8.483616 4.237196 0.100001
v -8.483616 4.237196 -0.099999
v -8.352899 4.216648 0.100001
v -8.352899 4.216648 -0.099999
v -8.218994 4.196777 0.100001
v -8.218994 4.196777 -0.099999
v -8.081903 4.177585 0.100001
v -8.081903 4.177585 -0.099999
v -7.941623 4.159071 0.100001
v -7.941623 4.159071 -0.099999
v -7.798157 4.141235 0.100000
v -7.798157 4.141235 -0.099999
v -7.651503 4.124078 0.100000
v -7.651503 4.124078 -0.100000
v -7.501662 4.107598 0.100000
v -7.501662 4.107598 -0.100000
v -7.348633 4.091797 0.100000
v -7.348633 4.091797 -0.100000
v -7.332391 4.050463 0.100000
v -7.332391 4.050463 -0.100000
v -7.316216 4.012722 0.100000
v -7.316216 4.012722 -0.100000
v -7.300110 3.978577 0.100000
v -7.300110 3.978577 -0.100000
v -7.284071 3.948025 0.100000
v -7.284071 3.948025 -0.100000
v -7.268100 3.921068 0.100000
v -7.268100 3.921068 -0.100000
v -7.252197 3.897705 0.100000
v -7.252197 3.897705 -0.100000
v -7.236362 3.877936 0.100000
v -7.236362 3.877936 -0.100000
v -7.220594 3.861762 0.100000
v -7.220594 3.861762 -0.100000
v -7.204895 3.849182 0.100000
v -7.204895 3.849182 -0.100000
v -7.189263 3.840196 0.100000
v -7.189263 3.840196 -0.100000
v -7.173699 3.834805 0.100000
v -7.173699 3.834805 -0.100000
v -7.158203 3.833008 0.100000
v -7.158203 3.833008 -0.100000
v -7.131449 3.838128 0.100000
v -7.131449 3.838128 -0.100000
v -7.104899 3.853489 0.100000
v -7.104899 3.853489 -0.100000
v -7.078552 3.879090 0.100000
v -7.078552 3.879090 -0.100000
v -7.052409 3.914931 0.100000
v -7.052409 3.914931 -0.100000
v -7.026469 3.961012 0.100000
v -7.026469 3.961012 -0.100000
v -7.000732 4.017334 0.100000
v -7.000732 4.017334 -0.100000
v -6.975199 4.083897 0.100000
v -6.975199 4.083897 -0.100000
v -6.949870 4.160699 0.100000
v -6.949870 4.160699 -0.100000
v -6.924744 4.247742 0.100000
v -6.924744 4.247742 -0.100000
v -6.899821 4.345026 0.100000
v -6.899821 4.345026 -0.100000
v -6.875102 4.452549 0.100000
v -6.875102 4.452549 -0.100000
v -6.850586 4.570312 0.100000
v -6.850586 4.570312 -0.100000
v -6.901449 4.570312 0.100000
v -6.901449 4.570312 -0.100000
v -6.949870 4.570312 0.100000
v -6.949870 4.570312 -0.100000
v -6.995850 4.570312 0.100000
v -6.995850 4.570312 -0.100000
v -7.039389 4.570312 0.100000
v -7.039389 4.570312 -0.100000
v -7.080486 4.570312 0.100000
v -7.080486 4.570312 -0.100000
v -7.119142 4.570312 0.100000
v -7.119142 4.570312 -0.100000
v -7.155356 4.570312 0.100000
v -7.155356 4.570312 -0.100000
v -7.189129 4.570312 0.100000
v -7.189129 4.570312 -0.100000
v -7.220460 4.570312 0.100000
v -7.220460 4.570312 -0.100000
v -7.249351 4.570312 0.100000
v -7.249351 4.570312 -0.100000
v -7.275799 4.570312 0.100000
v -7.275799 4.570312 -0.100000
v -7.299805 4.570312 0.100000
v -7.299805 4.570312 -0.100000
v -7.431674 4.734735 0.100000
v -7.431674 4.734735 -0.100000
v -7.561985 4.904107 0.100000
v -7.561985 4.904107 -0.100000
v -7.690735 5.078430 0.100000
v -7.690735 5.078430 -0.100000
v -7.817925 5.257704 0.100000
v -7.817925 5.257704 -0.100000
v -7.943556 5.441928 0.100000
v -7.943556 5.441928 -0.100000
v -8.067627 5.631104 0.100000
v -8.067627 5.631104 -0.100000
v -8.190138 5.825229 0.100000
v -8.190138 5.825229 -0.100000
v -8.311090 6.024305 0.100000
v -8.311090 6.024305 -0.100000
v -8.430481 6.228333 0.100000
v -8.430481 6.228333 -0.100000
v -8.548313 6.437310 0.100000
v -8.548313 6.437310 -0.100000
v -8.664585 6.651238 0.100000
v -8.664585 6.651238 -0.100000
v -8.779297 6.870117 0.100000
v -8.779297 6.870117 -0.100000
v -8.893941 6.811761 0.100000
v -8.893941 6.811761 -0.100000
v -8.998616 6.755507 0.100000
v -8.998616 6.755507 -0.100000
v -9.093323 6.701355 0.100000
v -9.093323 6.701355 -0.099999
v -9.178060 6.649306 0.100001
v -9.178060 6.649306 -0.099999
v -9.252828 6.599359 0.100001
v -9.252828 6.599359 -0.099999
v -9.317627 6.551514 0.100001
v -9.317627 6.551514 -0.099999
v -9.372457 6.505771 0.100001
v -9.372457 6.505771 -0.099999
v -9.417317 6.462131 0.100001
v -9.417317 6.462131 -0.099999
v -9.452209 6.420593 0.100001
v -9.452209 6.420593 -0.099999
v -9.477132 6.381158 0.100001
v -9.477132 6.381158 -0.099999
v -9.492085 6.343825 0.100001
v -9.492085 6.343825 -0.099999
v -9.497070 6.308594 0.100001
v -9.497070 6.308594 -0.099999
v -9.494459 6.286757 0.100001
v -9.494459 6.286757 -0.099999
v -9.486627 6.266819 0.100001
v -9.486627 6.266819 -0.099999
v -9.473572 6.248780 0.100001
v -9.473572 6.248780 -0.099999
v -9.455296 6.232639 0.100001
v -9.455296 6.232639 -0.099999
v -9.431797 6.218398 0.100001
v -9.431797 6.218398 -0.099999
v -9.403076 6.206055 0.100001
v -9.403076 6.206055 -0.099999
v -9.369134 6.195611 0.100001
v -9.369134 6.195611 -0.099999
v -9.329969 6.187067 0.100001
v -9.329969 6.187067 -0.099999
v -9.285583 6.180420 0.100001
v -9.285583 6.180420 -0.099999
v -9.235975 6.175673 0.100001
v -9.235975 6.175673 -0.099999
v -9.181146 6.172825 0.100001
v -9.181146 6.172825 -0.099999
v -9.121094 6.171875 0.100001
v -9.121094 6.171875 -0.099999
v -9.023777 6.037767 0.100001
v -9.023777 6.037767 -0.099999
v -8.923882 5.903999 0.100001
v -8.923882 5.903999 -0.099999
v -8.821411 5.770569 0.100001
v -8.821411 5.770569 -0.099999
v -8.716363 5.637479 0.100001
v -8.716363 5.637479 -0.099999
v -8.608738 5.504727 0.100001
v -8.608738 5.504727 -0.099999
v -8.498535 5.372315 0.100001
v -8.498535 5.372315 -0.099999
v -8.385756 5.240242 0.100001
v -8.385756 5.240242 -0.099999
v -8.270399 5.108507 0.100000
v -8.270399 5.108507 -0.099999
v -8.152466 4.977112 0.100000
v -8.152466 4.977112 -0.100000
v -8.031956 4.846056 0.100000
v -8.031956 4.846056 -0.100000
v -7.908868 4.715339 0.100000
v -7.908868 4.715339 -0.100000
v -7.783203 4.584961 0.100000
v -7.783203 4.584961 -0.100000
v -7.906257 4.590624 0.100000
v -7.906257 4.590624 -0.100000
v -8.023139 4.596219 0.100000
v -8.023139 4.596219 -0.099999
v -8.133850 4.601746 0.100001
v -8.133850 4.601746 -0.099999
v -8.238390 4.607205 0.100001
v -8.238390 4.607205 -0.099999
v -8.336759 4.612597 0.100001
v -8.336759 4.612597 -0.099999
v -8.428956 4.617920 0.100001
v -8.428956 4.617920 -0.099999
v -8.514981 4.623176 0.100001
v -8.514981 4.623176 -0.099999
v -8.594835 4.628364 0.100001
v -8.594835 4.628364 -0.099999
v -8.668518 4.633484 0.100001
v -8.668518 4.633484 -0.099999
v -8.736030 4.638536 0.100001
v -8.736030 4.638536 -0.099999
v -8.797370 4.643521 0.100001
v -8.797370 4.643521 -0.099999
v -8.852539 4.648438 0.100001
v -8.852539 4.648438 -0.099999
v -8.834296 4.683228 0.100001
v -8.834296 4.683228 -0.099999
v -8.815375 4.717611 0.100001
v -8.815375 4.717611 -0.099999
v -8.795776 4.751587 0.100001
v -8.795776 4.751587 -0.099999
v -8.775499 4.785156 0.100001
v -8.775499 4.785156 -0.099999
v -8.754544 4.818319 0.100001
v -8.754544 4.818319 -0.099999
v -8.732911 4.851074 0.100001
v -8.732911 4.851074 -0.099999
v -8.710599 4.883423 0.100001
v -8.710599 4.883423 -0.099999
v -8.687609 4.915365 0.100001
v -8.687609 4.915365 -0.099999
v -8.663940 4.946899 0.100001
v -8.663940 4.946899 -0.099999
v -8.639594 4.978027 0.100001
v -8.639594 4.978027 -0.099999
v -8.614570 5.008749 0.100001
v -8.614570 5.008749 -0.099999
v -8.588867 5.039062 0.100001
v -8.588867 5.039062 -0.099999
v -8.818359 5.249023 0.100001
v -8.818359 5.249023 -0.099999
v -8.947822 5.149841 0.100001
v -8.947822 5.149841 -0.099999
v -9.066027 5.052490 0.100001
v -9.066027 5.052490 -0.099999
v -9.172974 4.956970 0.100001
v -9.172974 4.956970 -0.099999
v -9.268663 4.863281 0.100001
v -9.268663 4.863281 -0.099999
v -9.353095 4.771423 0.100001
v -9.353095 4.771423 -0.099999
v -9.426270 4.681396 0.100001
v -9.426270 4.681396 -0.099999
v -9.488186 4.593201 0.100001
v -9.488186 4.593201 -0.099999
v -9.538845 4.506836 0.100001
v -9.538845 4.506836 -0.099999
v -9.578247 4.422302 0.100001
v -9.578247 4.422302 -0.099999
v -9.606391 4.339600 0.100001
v -9.606391 4.339600 -0.099999
v -9.623278 4.258728 0.100001
v -9.623278 4.258728 -0.099999
v -9.628906 4.179688 0.100001
v -9.628906 4.179688 -0.099999
v -9.627550 4.145508 0.100001
v -9.627550 4.145508 -0.099999
v -9.623481 4.112956 0.100001
v -9.623481 4.112956 -0.099999
v -9.616699 4.082031 0.100001
v -9.616699 4.082031 -0.099999
v -9.607204 4.052734 0.100001
v -9.607204 4.052734 -0.099999
v -9.594997 4.025065 0.100001
v -9.594997 4.025065 -0.099999
v -9.580078 3.999023 0.100001
v -9.580078 3.999023 -0.099999
v -9.562446 3.974609 0.100001
v -9.562446 3.974609 -0.099999
v -9.542101 3.951823 0.100001
v -9.542101 3.951823 -0.099999
v -9.519043 3.930664 0.100001
v -9.519043 3.930664 -0.099999
v -9.493273 3.911133 0.100001
v -9.493273 3.911133 -0.099999
v -9.464789 3.893229 0.100001
v -9.464789 3.893229 -0.099999
v -9.433594 3.876953 0.100001
v -9.433594 3.876953 -0.099999
v -9.410197 3.866035 0.100001
v -9.410197 3.866035 -0.099999
v -9.387207 3.856066 0.100001
v -9.387207 3.856066 -0.099999
v -9.364624 3.847046 0.100001
v -9.364624 3.847046 -0.099999
v -9.342448 3.838976 0.100001
v -9.342448 3.838976 -0.099999
v -9.320679 3.831855 0.100001
v -9.320679 3.831855 -0.099999
v -9.299316 3.825684 0.100001
v -9.299316 3.825684 -0.099999
v -9.278361 3.820462 0.100001
v -9.278361 3.820462 -0.099999
v -9.257812 3.816190 0.100001
v -9.257812 3.816190 -0.099999
v -9.237671 3.812866 0.100001
v -9.237671 3.812866 -0.099999
v -9.217937 3.810493 0.100001
v -9.217937 3.810493 -0.099999
v -9.198608 3.809069 0.100001
v -9.198608 3.809069 -0.099999
v -9.179688 3.808594 0.100001
v -9.179688 3.808594 -0.099999
v -9.153883 3.810289 0.100001
v -9.153883 3.810289 -0.099999
v -9.130181 3.815375 0.100001
v -9.130181 3.815375 -0.099999
v -9.108582 3.823853 0.100001
v -9.108582 3.823853 -0.099999
v -9.089085 3.835721 0.100001
v -9.089085 3.835721 -0.099999
v -9.071690 3.850979 0.100001
v -9.071690 3.850979 -0.099999
v -9.056396 3.869629 0.100001
v -9.056396 3.869629 -0.099999
v -9.043206 3.891669 0.100001
v -9.043206 3.891669 -0.099999
v -9.032118 3.917101 0.100001
v -9.032118 3.917101 -0.099999
v -9.023132 3.945923 0.100001
v -9.023132 3.945923 -0.099999
v -9.016249 3.978136 0.100001
v -9.016249 3.978136 -0.099999
v -9.011468 4.013740 0.100001
v -9.011468 4.013740 -0.099999
vn -0.0000 -0.0000 -1.0000
vn -0.0000 -0.0000 1.0000
vn 0.7632 0.6461 -0.0000
vn 0.7359 0.6771 -0.0000
vn 0.7906 0.6123 -0.0000
vn 0.8171 0.5765 -0.0000
vn 0.8424 0.5388 -0.0000
vn 0.8663 0.4994 -0.0000
vn 0.8887 0.4585 -0.0000
vn 0.9092 0.4163 -0.0000
vn 0.9278 0.3730 -0.0000
vn 0.9443 0.3290 -0.0000
vn 0.9586 0.2846 -0.0000
vn 0.9708 0.2400 -0.0000
vn 0.7803 -0.6254 -0.0000
vn 0.6006 -0.7995 -0.0000
vn 0.7995 0.6006 -0.0000
vn 0.6787 0.7344 -0.0000
vn 0.9971 0.0762 -0.0000
vn 0.9975 0.0707 -0.0000
vn 0.9971 0.0761 -0.0000
vn 0.9979 0.0651 -0.0000
vn 0.9982 0.0591 -0.0000
vn 0.9979 0.0650 -0.0000
vn 0.9986 0.0529 -0.0000
vn 0.9983 0.0591 -0.0000
vn 0.9989 0.0464 -0.0000
vn 0.9992 0.0396 -0.0000
vn 0.9995 0.0325 -0.0000
vn 0.9997 0.0250 -0.0000
vn 0.9999 0.0170 -0.0000
vn 0.9997 0.0249 -0.0000
vn 1.0000 0.0087 -0.0000
vn 1.0000 0.0022 -0.0000
vn 0.7071 -0.7071 -0.0000
vn 0.6012 -0.7991 -0.0000
vn 0.7991 0.6012 -0.0000
vn 0.4090 0.9125 -0.0000
vn 0.0747 0.9972 -0.0000
vn -0.6429 0.7660 -0.0000
vn -0.6508 0.7592 -0.0000
vn -0.6591 0.7521 -0.0000
vn -0.6677 0.7444 -0.0000
vn -0.6766 0.7363 -0.0000
vn -0.6859 0.7277 -0.0000
vn -0.6956 0.7184 -0.0000
vn -0.7057 0.7085 -0.0000
vn -0.7162 0.6979 -0.0000
vn -0.7271 0.6865 -0.0000
vn -0.7384 0.6743 -0.0000
vn -0.9941 0.1083 -0.0000
vn -0.5040 -0.8637 -0.0000
vn -0.7071 -0.7071 -0.0000
vn -1.0000 -0.0026 -0.0000
vn -1.0000 -0.0099 -0.0000
vn -0.9998 -0.0189 -0.0000
vn -1.0000 -0.0100 -0.0000
vn -0.9996 -0.0269 -0.0000
vn -0.9994 -0.0341 -0.0000
vn -0.9992 -0.0405 -0.0000
vn -0.9989 -0.0464 -0.0000
vn -0.9987 -0.0517 -0.0000
vn -0.9984 -0.0566 -0.0000
vn -0.9981 -0.0611 -0.0000
vn -0.9979 -0.0652 -0.0000
vn -0.9976 -0.0690 -0.0000
vn -0.7317 0.6816 -0.0000
vn 0.3984 0.9172 -0.0000
vn 0.0565 0.9984 -0.0000
vn -0.6532 0.7572 -0.0000
vn -0.6610 0.7504 -0.0000
vn -0.6684 0.7438 -0.0000
vn -0.6756 0.7373 -0.0000
vn -0.6824 0.7310 -0.0000
vn -0.6890 0.7248 -0.0000
vn -0.6952 0.7188 -0.0000
vn -0.7013 0.7129 -0.0000
vn -0.7071 0.7071 -0.0000
vn -0.7127 0.7015 -0.0000
vn -0.7180 0.6960 -0.0000
vn -0.9929 0.1192 -0.0000
vn -0.4985 -0.8669 -0.0000
vn -0.8337 -0.5522 -0.0000
vn -0.9173 0.3983 -0.0000
vn -0.9099 0.4147 -0.0000
vn -0.9020 0.4317 -0.0000
vn -0.8934 0.4493 -0.0000
vn -0.8840 0.4674 -0.0000
vn -0.8739 0.4862 -0.0000
vn -0.8628 0.5055 -0.0000
vn -0.8508 0.5254 -0.0000
vn -0.8379 0.5459 -0.0000
vn -0.8238 0.5669 -0.0000
vn -0.8086 0.5884 -0.0000
vn -0.7871 0.6168 -0.0000
vn -0.7551 0.6556 -0.0000
vn -0.7168 0.6973 -0.0000
vn -0.6762 0.7368 -0.0000
vn -0.6337 0.7736 -0.0000
vn -0.5899 0.8075 -0.0000
vn -0.5451 0.8384 -0.0000
vn -0.4999 0.8661 -0.0000
vn -0.4547 0.8906 -0.0000
vn -0.4099 0.9121 -0.0000
vn -0.3659 0.9306 -0.0000
vn -0.3230 0.9464 -0.0000
vn -0.9845 0.1755 -0.0000
vn -0.6232 -0.7820 -0.0000
vn -0.6443 -0.7648 -0.0000
vn -0.6233 -0.7820 -0.0000
vn -0.6649 -0.7470 -0.0000
vn -0.6849 -0.7286 -0.0000
vn -0.7044 -0.7098 -0.0000
vn -0.7232 -0.6906 -0.0000
vn -0.7414 -0.6710 -0.0000
vn -0.7590 -0.6511 -0.0000
vn -0.7758 -0.6309 -0.0000
vn -0.7920 -0.6105 -0.0000
vn -0.8074 -0.5899 -0.0000
vn -0.2574 -0.9663 -0.0000
vn 0.4456 -0.8952 -0.0000
vn 0.5001 -0.8660 -0.0000
vn 0.5556 -0.8314 -0.0000
vn 0.6114 -0.7913 -0.0000
vn 0.6664 -0.7456 -0.0000
vn 0.7197 -0.6943 -0.0000
vn 0.7700 -0.6381 -0.0000
vn 0.8163 -0.5776 -0.0000
vn 0.8578 -0.5139 -0.0000
vn 0.8940 -0.4481 -0.0000
vn 0.9244 -0.3814 -0.0000
vn -0.0411 -0.9992 -0.0000
vn -0.9560 -0.2934 -0.0000
vn -0.9402 -0.3406 -0.0000
vn -0.9218 -0.3877 -0.0000
vn -0.9009 -0.4340 -0.0000
vn -0.8776 -0.4794 -0.0000
vn -0.8521 -0.5235 -0.0000
vn -0.8245 -0.5658 -0.0000
vn -0.7953 -0.6062 -0.0000
vn -0.7647 -0.6444 -0.0000
vn -0.7329 -0.6803 -0.0000
vn -0.7004 -0.7138 -0.0000
vn -0.6684 -0.7438 -0.0000
vn -0.6374 -0.7706 -0.0000
vn -0.6064 -0.7952 -0.0000
vn -0.5754 -0.8179 -0.0000
vn -0.5445 -0.8388 -0.0000
vn -0.5138 -0.8579 -0.0000
vn -0.4836 -0.8753 -0.0000
vn -0.4540 -0.8910 -0.0000
vn -0.4249 -0.9052 -0.0000
vn -0.3966 -0.9180 -0.0000
vn -0.3690 -0.9294 -0.0000
vn -0.3423 -0.9396 -0.0000
vn 0.3223 -0.9466 -0.0000
vn 0.9516 0.3074 -0.0000
vn 0.3744 0.9273 -0.0000
vn 0.4063 0.9137 -0.0000
vn 0.4389 0.8985 -0.0000
vn 0.4721 0.8816 -0.0000
vn 0.5057 0.8627 -0.0000
vn 0.5397 0.8419 -0.0000
vn 0.5737 0.8190 -0.0000
vn 0.6077 0.7942 -0.0000
vn 0.6413 0.7673 -0.0000
vn 0.6744 0.7384 -0.0000
vn 0.7066 0.7076 -0.0000
vn 0.3940 0.9191 -0.0000
vn 0.9587 0.2845 -0.0000
vn 0.4244 0.9055 -0.0000
vn 0.4539 0.8910 -0.0000
vn 0.4826 0.8759 -0.0000
vn 0.5103 0.8600 -0.0000
vn 0.5371 0.8435 -0.0000
vn 0.5628 0.8266 -0.0000
vn 0.5875 0.8092 -0.0000
vn 0.6111 0.7915 -0.0000
vn 0.6337 0.7736 -0.0000
vn 0.6552 0.7554 -0.0000
vn 0.9899 0.1417 -0.0000
vn 0.8592 -0.5117 -0.0000
vn 0.8794 -0.4761 -0.0000
vn 0.8972 -0.4416 -0.0000
vn 0.9129 -0.4083 -0.0000
vn 0.9265 -0.3763 -0.0000
vn 0.9383 -0.3457 -0.0000
vn 0.9486 -0.3164 -0.0000
vn 0.9575 -0.2885 -0.0000
vn 0.9651 -0.2620 -0.0000
vn 0.9716 -0.2367 -0.0000
vn 0.9771 -0.2127 -0.0000
vn 0.6321 -0.7749 -0.0000
vn -0.7000 -0.7142 -0.0000
vn -0.9997 -0.0257 -0.0000
vn -0.9993 -0.0367 -0.0000
vn -0.9989 -0.0474 -0.0000
vn -0.9983 -0.0576 -0.0000
vn -0.9977 -0.0676 -0.0000
vn -0.9970 -0.0772 -0.0000
vn -0.9963 -0.0864 -0.0000
vn -0.9970 -0.0771 -0.0000
vn -0.9954 -0.0954 -0.0000
vn -0.9946 -0.1040 -0.0000
vn -0.9937 -0.1124 -0.0000
vn -0.9927 -0.1205 -0.0000
vn -0.8694 0.4941 -0.0000
vn -0.4087 0.9127 -0.0000
vn -0.4248 0.9053 -0.0000
vn -0.4416 0.8972 -0.0000
vn -0.4591 0.8884 -0.0000
vn -0.4773 0.8787 -0.0000
vn -0.4963 0.8682 -0.0000
vn -0.5160 0.8566 -0.0000
vn -0.5365 0.8439 -0.0000
vn -0.5577 0.8300 -0.0000
vn -0.5798 0.8148 -0.0000
vn -0.6025 0.7981 -0.0000
vn -0.6219 0.7831 -0.0000
vn -0.6441 0.7649 -0.0000
vn -0.6220 0.7831 -0.0000
vn -0.6739 0.7389 -0.0000
vn -0.7062 0.7080 -0.0000
vn -0.7413 0.6712 -0.0000
vn -0.7789 0.6272 -0.0000
vn -0.8186 0.5744 -0.0000
vn -0.8596 0.5110 -0.0000
vn -0.9002 0.4354 -0.0000
vn -0.9382 0.3461 -0.0000
vn -0.9701 0.2426 -0.0000
vn -0.9920 0.1260 -0.0000
vn -0.9999 0.0106 -0.0000
vn -0.9962 -0.0874 -0.0000
vn -0.9845 -0.1754 -0.0000
vn -0.9650 -0.2623 -0.0000
vn -0.9383 -0.3459 -0.0000
vn -0.9053 -0.4247 -0.0000
vn -0.8675 -0.4974 -0.0000
vn -0.8263 -0.5632 -0.0000
vn -0.7832 -0.6217 -0.0000
vn -0.7394 -0.6733 -0.0000
vn -0.7832 -0.6218 -0.0000
vn -0.6959 -0.7182 -0.0000
vn -0.6534 -0.7570 -0.0000
vn -0.6256 -0.7801 -0.0000
vn -0.6061 -0.7954 -0.0000
vn -0.5788 -0.8155 -0.0000
vn -0.5478 -0.8366 -0.0000
vn -0.5126 -0.8586 -0.0000
vn -0.4725 -0.8814 -0.0000
vn -0.5126 -0.8587 -0.0000
vn -0.4267 -0.9044 -0.0000
vn -0.4724 -0.8814 -0.0000
vn -0.3746 -0.9272 -0.0000
vn -0.3154 -0.9490 -0.0000
vn -0.3747 -0.9272 -0.0000
vn -0.2484 -0.9686 -0.0000
vn -0.3154 -0.9489 -0.0000
vn -0.1733 -0.9849 -0.0000
vn -0.0900 -0.9959 -0.0000
vn 0.0087 -1.0000 -0.0000
vn 0.1278 -0.9918 -0.0000
vn 0.2530 -0.9675 -0.0000
vn 0.3705 -0.9288 -0.0000
vn 0.4760 -0.8794 -0.0000
vn 0.5673 -0.8235 -0.0000
vn 0.6442 -0.7649 -0.0000
vn 0.7075 -0.7067 -0.0000
vn 0.7592 -0.6508 -0.0000
vn 0.8011 -0.5986 -0.0000
vn 0.8349 -0.5503 -0.0000
vn 0.8623 -0.5063 -0.0000
vn 0.8760 -0.4823 -0.0000
vn 0.8666 -0.4990 -0.0000
vn 0.8434 -0.5374 -0.0000
vn 0.8189 -0.5740 -0.0000
vn 0.7933 -0.6088 -0.0000
vn 0.7670 -0.6417 -0.0000
vn 0.7400 -0.6726 -0.0000
vn 0.7127 -0.7015 -0.0000
vn 0.6852 -0.7284 -0.0000
vn 0.6577 -0.7533 -0.0000
vn 0.6303 -0.7763 -0.0000
vn 0.6032 -0.7976 -0.0000
vn -0.3484 -0.9374 -0.0000
vn -0.9668 -0.2554 -0.0000
vn -0.9496 -0.3135 -0.0000
vn -0.9283 -0.3718 -0.0000
vn -0.9029 -0.4298 -0.0000
vn -0.8736 -0.4866 -0.0000
vn -0.8407 -0.5415 -0.0000
vn -0.8045 -0.5939 -0.0000
vn -0.7657 -0.6433 -0.0000
vn -0.7247 -0.6891 -0.0000
vn -0.6823 -0.7311 -0.0000
vn -0.6390 -0.7692 -0.0000
vn 0.0910 -0.9959 -0.0000
vn 0.9996 0.0278 -0.0000
vn 0.7278 0.6858 -0.0000
vn 0.7596 0.6503 -0.0000
vn 0.7905 0.6125 -0.0000
vn 0.8200 0.5724 -0.0000
vn 0.8479 0.5302 -0.0000
vn 0.8739 0.4861 -0.0000
vn 0.8977 0.4406 -0.0000
vn 0.9191 0.3940 -0.0000
vn 0.9381 0.3465 -0.0000
vn 0.9544 0.2986 -0.0000
vn 0.9680 0.2508 -0.0000
vn 0.9777 0.2102 -0.0000
vn 0.9826 0.1857 -0.0000
vn 0.9854 0.1702 -0.0000
vn 0.9879 0.1551 -0.0000
vn 0.9901 0.1402 -0.0000
vn 0.9921 0.1257 -0.0000
vn 0.9938 0.1114 -0.0000
vn 0.9952 0.0974 -0.0000
vn 0.9965 0.0838 -0.0000
vn 0.9975 0.0704 -0.0000
vn 0.9984 0.0573 -0.0000
vn 0.9990 0.0445 -0.0000
vn 0.7205 -0.6935 -0.0000
vn 0.5913 -0.8064 -0.0000
vn 0.8064 0.5913 -0.0000
vn 0.7514 0.6599 -0.0000
vn 0.9932 -0.1166 -0.0000
vn 0.9956 -0.0942 -0.0000
vn 0.9971 -0.0762 -0.0000
vn 0.9981 -0.0615 -0.0000
vn 0.9988 -0.0493 -0.0000
vn 0.9992 -0.0390 -0.0000
vn 0.9995 -0.0302 -0.0000
vn 0.9997 -0.0225 -0.0000
vn 0.9999 -0.0158 -0.0000
vn 1.0000 -0.0100 -0.0000
vn 1.0000 -0.0047 -0.0000
vn 0.6922 0.7217 -0.0000
vn -0.0544 0.9985 -0.0000
vn -0.0776 0.9970 -0.0000
vn -0.1059 0.9944 -0.0000
vn -0.1409 0.9900 -0.0000
vn -0.1852 0.9827 -0.0000
vn -0.2427 0.9701 -0.0000
vn -0.3194 0.9476 -0.0000
vn -0.4239 0.9057 -0.0000
vn -0.5666 0.8240 -0.0000
vn -0.7483 0.6633 -0.0000
vn -0.9248 0.3805 -0.0000
vn -0.9993 0.0373 -0.0000
vn -0.9248 0.3804 -0.0000
vn -0.9707 -0.2403 -0.0000
vn -0.8967 -0.4426 -0.0000
vn -0.8047 -0.5937 -0.0000
vn -0.7143 -0.6999 -0.0000
vn -0.6341 -0.7732 -0.0000
vn -0.7142 -0.6999 -0.0000
vn -0.5661 -0.8243 -0.0000
vn -0.5092 -0.8606 -0.0000
vn -0.4617 -0.8870 -0.0000
vn -0.4218 -0.9067 -0.0000
vn -0.3881 -0.9216 -0.0000
vn -0.3593 -0.9332 -0.0000
vn -0.8210 -0.5710 -0.0000
vn -1.0000 0.0044 -0.0000
vn -1.0000 0.0093 -0.0000
vn -0.9999 0.0149 -0.0000
vn -0.9998 0.0213 -0.0000
vn -0.9996 0.0286 -0.0000
vn -0.9993 0.0372 -0.0000
vn -0.9989 0.0475 -0.0000
vn -0.9982 0.0597 -0.0000
vn -0.9972 0.0748 -0.0000
vn -0.9956 0.0937 -0.0000
vn -0.9930 0.1180 -0.0000
vn -0.6589 0.7523 -0.0000
vn 0.9746 0.2240 -0.0000
vn 0.4843 -0.8749 -0.0000
vn 0.5749 -0.8182 -0.0000
vn 0.6573 -0.7537 -0.0000
vn 0.5748 -0.8183 -0.0000
vn 0.7295 -0.6840 -0.0000
vn 0.6572 -0.7537 -0.0000
vn 0.7908 -0.6120 -0.0000
vn 0.8414 -0.5405 -0.0000
vn 0.8820 -0.4712 -0.0000
vn 0.9140 -0.4057 -0.0000
vn 0.9387 -0.3448 -0.0000
vn 0.9140 -0.4058 -0.0000
vn 0.9574 -0.2886 -0.0000
vn 0.9714 -0.2373 -0.0000
vn 0.9764 -0.2159 -0.0000
vn 0.9671 -0.2543 -0.0000
vn 0.9460 -0.3241 -0.0000
vn 0.9196 -0.3930 -0.0000
vn 0.8881 -0.4596 -0.0000
vn 0.8523 -0.5231 -0.0000
vn 0.8129 -0.5825 -0.0000
vn 0.7707 -0.6372 -0.0000
vn 0.7267 -0.6869 -0.0000
vn 0.6819 -0.7315 -0.0000
vn 0.6369 -0.7710 -0.0000
vn 0.5924 -0.8056 -0.0000
vn 0.9924 -0.1231 -0.0000
vn 0.2473 0.9689 -0.0000
vn -0.3610 0.9326 -0.0000
vn -0.3923 0.9198 -0.0000
vn -0.4289 0.9034 -0.0000
vn -0.4719 0.8817 -0.0000
vn -0.5226 0.8526 -0.0000
vn -0.4718 0.8817 -0.0000
vn -0.5825 0.8128 -0.0000
vn -0.6530 0.7573 -0.0000
vn -0.5826 0.8128 -0.0000
vn -0.7341 0.6791 -0.0000
vn -0.8225 0.5688 -0.0000
vn -0.9087 0.4175 -0.0000
vn -0.9747 0.2233 -0.0000
vn -0.9086 0.4176 -0.0000
vn -0.9995 0.0314 -0.0000
vn -0.9945 -0.1048 -0.0000
vn -0.9782 -0.2075 -0.0000
vn -0.9945 -0.1049 -0.0000
vn -0.9524 -0.3048 -0.0000
vn -0.9189 -0.3946 -0.0000
vn -0.8798 -0.4753 -0.0000
vn -0.9188 -0.3946 -0.0000
vn -0.8375 -0.5465 -0.0000
vn -0.7937 -0.6083 -0.0000
vn -0.7501 -0.6613 -0.0000
vn -0.7077 -0.7065 -0.0000
vn -0.6671 -0.7450 -0.0000
vn -0.7076 -0.7066 -0.0000
vn -0.6287 -0.7776 -0.0000
vn -0.6670 -0.7450 -0.0000
vn -0.5981 -0.8015 -0.0000
vn -0.5771 -0.8166 -0.0000
vn -0.5588 -0.8293 -0.0000
vn -0.5772 -0.8166 -0.0000
vn -0.5392 -0.8422 -0.0000
vn -0.5182 -0.8553 -0.0000
vn -0.4956 -0.8685 -0.0000
vn -0.4715 -0.8819 -0.0000
vn -0.4456 -0.8952 -0.0000
vn -0.4179 -0.9085 -0.0000
vn -0.3883 -0.9215 -0.0000
vn -0.4180 -0.9085 -0.0000
vn -0.3567 -0.9342 -0.0000
vn -0.3884 -0.9215 -0.0000
vn -0.3230 -0.9464 -0.0000
vn -0.9880 0.1546 -0.0000
vn 0.3945 0.9189 -0.0000
vn -0.9880 0.1547 -0.0000
vn 0.0774 0.9970 -0.0000
vn -0.6166 0.7873 -0.0000
vn -0.6300 0.7766 -0.0000
vn -0.6436 0.7654 -0.0000
vn -0.6575 0.7535 -0.0000
vn -0.6716 0.7409 -0.0000
vn -0.6860 0.7276 -0.0000
vn -0.7006 0.7136 -0.0000
vn -0.7153 0.6988 -0.0000
vn -0.7303 0.6831 -0.0000
vn -0.7454 0.6667 -0.0000
vn -0.7605 0.6493 -0.0000
vn -0.9945 0.1050 -0.0000
vn -0.5168 -0.8561 -0.0000
vn -0.7796 -0.6263 -0.0000
vn -0.9741 0.2262 -0.0000
vn -0.9687 0.2481 -0.0000
vn -0.9625 0.2711 -0.0000
vn -0.9554 0.2952 -0.0000
vn -0.9473 0.3205 -0.0000
vn -0.9379 0.3469 -0.0000
vn -0.9272 0.3745 -0.0000
vn -0.9151 0.4033 -0.0000
vn -0.9013 0.4333 -0.0000
vn -0.8857 0.4643 -0.0000
vn -0.8681 0.4965 -0.0000
vn -0.0953 0.9954 -0.0000
vn 0.7533 0.6577 -0.0000
vn 0.7683 0.6401 -0.0000
vn 0.7831 0.6220 -0.0000
vn 0.7682 0.6402 -0.0000
vn 0.7976 0.6031 -0.0000
vn 0.8120 0.5837 -0.0000
vn 0.8260 0.5637 -0.0000
vn 0.8397 0.5431 -0.0000
vn 0.8530 0.5219 -0.0000
vn 0.8659 0.5002 -0.0000
vn 0.8783 0.4780 -0.0000
vn 0.8903 0.4554 -0.0000
vn 0.3162 0.9487 -0.0000
vn -0.4596 0.8881 -0.0000
vn -0.4792 0.8777 -0.0000
vn -0.5023 0.8647 -0.0000
vn -0.5297 0.8482 -0.0000
vn -0.5628 0.8266 -0.0000
vn -0.5298 0.8482 -0.0000
vn -0.6031 0.7977 -0.0000
vn -0.6528 0.7576 -0.0000
vn -0.7144 0.6998 -0.0000
vn -0.7898 0.6133 -0.0000
vn -0.8771 0.4802 -0.0000
vn -0.9609 0.2770 -0.0000
vn -0.9999 0.0111 -0.0000
vn -0.9640 -0.2660 -0.0000
vn -0.8585 -0.5128 -0.0000
vn -0.7115 -0.7027 -0.0000
vn -0.5618 -0.8273 -0.0000
vn -0.4318 -0.9020 -0.0000
vn -0.3262 -0.9453 -0.0000
vn -0.2424 -0.9702 -0.0000
vn -0.1758 -0.9844 -0.0000
vn -0.1223 -0.9925 -0.0000
vn -0.0788 -0.9969 -0.0000
vn -0.0428 -0.9991 -0.0000
vn -0.4842 -0.8750 -0.0000
vn -0.8253 -0.5646 -0.0000
vn -0.8101 -0.5863 -0.0000
vn -0.8253 -0.5647 -0.0000
vn -0.7951 -0.6064 -0.0000
vn -0.7805 -0.6252 -0.0000
vn -0.7662 -0.6426 -0.0000
vn -0.7522 -0.6589 -0.0000
vn -0.7387 -0.6741 -0.0000
vn -0.7255 -0.6882 -0.0000
vn -0.7128 -0.7014 -0.0000
vn -0.6884 -0.7253 -0.0000
vn -0.9971 -0.0756 -0.0000
vn -0.7771 0.6293 -0.0000
vn -0.7610 0.6488 -0.0000
vn -0.7772 0.6293 -0.0000
vn -0.7436 0.6687 -0.0000
vn -0.7249 0.6888 -0.0000
vn -0.7049 0.7093 -0.0000
vn -0.7249 0.6889 -0.0000
vn -0.6835 0.7300 -0.0000
vn -0.6606 0.7507 -0.0000
vn -0.6362 0.7715 -0.0000
vn -0.6103 0.7922 -0.0000
vn -0.5827 0.8127 -0.0000
vn -0.5535 0.8328 -0.0000
vn -0.5305 0.8477 -0.0000
vn -0.5145 0.8575 -0.0000
vn -0.5306 0.8477 -0.0000
vn -0.4971 0.8677 -0.0000
vn -0.4772 0.8788 -0.0000
vn -0.4540 0.8910 -0.0000
vn -0.4270 0.9042 -0.0000
vn -0.3951 0.9186 -0.0000
vn -0.3571 0.9340 -0.0000
vn -0.3114 0.9503 -0.0000
vn -0.3571 0.9341 -0.0000
vn -0.2556 0.9668 -0.0000
vn -0.3113 0.9503 -0.0000
vn -0.1870 0.9824 -0.0000
vn -0.1021 0.9948 -0.0000
vn 0.0208 0.9998 -0.0000
vn 0.1900 0.9818 -0.0000
vn 0.0207 0.9998 -0.0000
vn 0.3644 0.9313 -0.0000
vn 0.5108 0.8597 -0.0000
vn 0.6258 0.7800 -0.0000
vn 0.7127 0.7014 -0.0000
vn 0.6258 0.7799 -0.0000
vn 0.7773 0.6292 -0.0000
vn 0.8251 0.5650 -0.0000
vn 0.8608 0.5090 -0.0000
vn 0.8877 0.4605 -0.0000
vn 0.9082 0.4185 -0.0000
vn 0.9242 0.3819 -0.0000
vn 0.9327 0.3605 -0.0000
vn 0.9242 0.3820 -0.0000
vn 0.9379 0.3468 -0.0000
vn 0.9446 0.3282 -0.0000
vn 0.9380 0.3468 -0.0000
vn 0.9508 0.3099 -0.0000
vn 0.9446 0.3281 -0.0000
vn 0.9564 0.2919 -0.0000
vn 0.9616 0.2743 -0.0000
vn 0.9664 0.2571 -0.0000
vn 0.9707 0.2402 -0.0000
vn 0.9747 0.2237 -0.0000
vn 0.9782 0.2076 -0.0000
vn 0.9814 0.1918 -0.0000
vn 0.9782 0.2075 -0.0000
vn 0.9843 0.1764 -0.0000
vn 0.4001 0.9165 -0.0000
vn -0.9159 0.4014 -0.0000
vn -0.9866 -0.1629 -0.0000
vn -0.9877 -0.1564 -0.0000
vn -0.9888 -0.1491 -0.0000
vn -0.9900 -0.1409 -0.0000
vn -0.9913 -0.1316 -0.0000
vn -0.9927 -0.1208 -0.0000
vn -0.9913 -0.1315 -0.0000
vn -0.9941 -0.1085 -0.0000
vn -0.9927 -0.1209 -0.0000
vn -0.9956 -0.0939 -0.0000
vn -0.9971 -0.0767 -0.0000
vn -0.9984 -0.0560 -0.0000
vn -0.9995 -0.0307 -0.0000
vn -1.0000 0.0061 -0.0000
vn -0.9995 -0.0306 -0.0000
vn -0.9981 0.0612 -0.0000
vn -0.9914 0.1312 -0.0000
vn -0.9772 0.2123 -0.0000
vn -0.9523 0.3050 -0.0000
vn -0.9125 0.4091 -0.0000
vn -0.9523 0.3051 -0.0000
vn -0.8532 0.5215 -0.0000
vn -0.7710 0.6368 -0.0000
vn -0.6656 0.7463 -0.0000
vn -0.7711 0.6368 -0.0000
vn -0.5411 0.8410 -0.0000
vn -0.4061 0.9138 -0.0000
vn -0.2707 0.9627 -0.0000
vn -0.8457 0.5337 -0.0000
vn -0.9612 -0.2759 -0.0000
vn -0.9341 -0.3570 -0.0000
vn -0.8950 -0.4460 -0.0000
vn -0.8410 -0.5411 -0.0000
vn -0.7696 -0.6385 -0.0000
vn -0.6802 -0.7330 -0.0000
vn -0.5746 -0.8184 -0.0000
vn -0.4576 -0.8892 -0.0000
vn -0.3357 -0.9420 -0.0000
vn -0.2158 -0.9764 -0.0000
vn -0.1033 -0.9946 -0.0000
vn -0.0049 -1.0000 -0.0000
vn 0.0755 -0.9971 -0.0000
vn 0.1423 -0.9898 -0.0000
vn 0.2003 -0.9797 -0.0000
vn 0.1424 -0.9898 -0.0000
vn 0.2505 -0.9681 -0.0000
vn 0.2941 -0.9558 -0.0000
vn 0.3320 -0.9433 -0.0000
vn 0.3652 -0.9309 -0.0000
vn 0.3943 -0.9190 -0.0000
vn 0.4200 -0.9075 -0.0000
vn 0.4429 -0.8966 -0.0000
vn 0.4632 -0.8863 -0.0000
vn 0.4850 -0.8745 -0.0000
vn 0.5128 -0.8585 -0.0000
vn 0.5434 -0.8395 -0.0000
vn 0.5729 -0.8196 -0.0000
vn 0.6015 -0.7989 -0.0000
vn 0.6288 -0.7775 -0.0000
vn 0.6550 -0.7556 -0.0000
vn 0.6799 -0.7333 -0.0000
vn 0.7036 -0.7106 -0.0000
vn 0.7261 -0.6876 -0.0000
vn 0.7472 -0.6646 -0.0000
vn 0.7671 -0.6415 -0.0000
vn 0.1050 -0.9945 -0.0000
vn -0.6156 -0.7880 -0.0000
vn -0.5907 -0.8069 -0.0000
vn -0.5656 -0.8247 -0.0000
vn -0.5403 -0.8415 -0.0000
vn -0.5149 -0.8572 -0.0000
vn -0.4896 -0.8719 -0.0000
vn -0.4644 -0.8856 -0.0000
vn -0.4393 -0.8983 -0.0000
vn -0.4144 -0.9101 -0.0000
vn -0.3899 -0.9209 -0.0000
vn -0.3657 -0.9308 -0.0000
vn 0.2973 -0.9548 -0.0000
vn 0.4595 0.8882 -0.0000
vn -0.0000 1.0000 -0.0000
vn 0.8221 0.5694 -0.0000
vn 0.8336 0.5524 -0.0000
vn 0.8445 0.5356 -0.0000
vn 0.8549 0.5187 -0.0000
vn 0.8649 0.5020 -0.0000
vn 0.8743 0.4854 -0.0000
vn 0.8833 0.4689 -0.0000
vn 0.8917 0.4526 -0.0000
vn 0.8998 0.4364 -0.0000
vn 0.9074 0.4204 -0.0000
vn 0.9145 0.4046 -0.0000
vn 0.3644 0.9312 -0.0000
vn -0.4147 0.9100 -0.0000
vn -0.4358 0.9000 -0.0000
vn -0.4608 0.8875 -0.0000
vn -0.4905 0.8714 -0.0000
vn -0.5265 0.8502 -0.0000
vn -0.5704 0.8213 -0.0000
vn -0.6248 0.7808 -0.0000
vn -0.6924 0.7215 -0.0000
vn -0.7751 0.6319 -0.0000
vn -0.8700 0.4930 -0.0000
vn -0.9593 0.2822 -0.0000
vn -0.9998 0.0182 -0.0000
vn -0.9594 0.2822 -0.0000
vn -0.9713 -0.2379 -0.0000
vn -0.9998 0.0181 -0.0000
vn -0.8881 -0.4597 -0.0000
vn -0.7698 -0.6383 -0.0000
vn -0.6437 -0.7652 -0.0000
vn -0.5282 -0.8491 -0.0000
vn -0.4297 -0.9030 -0.0000
vn -0.3483 -0.9374 -0.0000
vn -0.2816 -0.9595 -0.0000
vn -0.2267 -0.9740 -0.0000
vn -0.1813 -0.9834 -0.0000
vn -0.1432 -0.9897 -0.0000
vn -0.5520 -0.8338 -0.0000
vn -0.8603 -0.5098 -0.0000
vn -0.8524 -0.5229 -0.0000
vn -0.8443 -0.5359 -0.0000
vn -0.8360 -0.5487 -0.0000
vn -0.8276 -0.5614 -0.0000
vn -0.8189 -0.5739 -0.0000
vn -0.8101 -0.5862 -0.0000
vn -0.8012 -0.5984 -0.0000
vn -0.7921 -0.6104 -0.0000
vn -0.7829 -0.6222 -0.0000
vn -0.7735 -0.6338 -0.0000
vn -0.8990 0.4380 -0.0000
vn 0.0317 0.9995 -0.0000
vn 0.0354 0.9994 -0.0000
vn 0.0386 0.9993 -0.0000
vn 0.0416 0.9991 -0.0000
vn 0.0443 0.9990 -0.0000
vn 0.0468 0.9989 -0.0000
vn 0.0491 0.9988 -0.0000
vn 0.0512 0.9987 -0.0000
vn 0.0531 0.9986 -0.0000
vn 0.0550 0.9985 -0.0000
vn 0.0566 0.9984 -0.0000
vn 0.8515 0.5244 -0.0000
vn 0.9124 -0.4093 -0.0000
vn 0.9020 -0.4318 -0.0000
vn 0.8914 -0.4533 -0.0000
vn 0.8805 -0.4740 -0.0000
vn 0.8913 -0.4533 -0.0000
vn 0.8695 -0.4939 -0.0000
vn 0.8584 -0.5130 -0.0000
vn 0.8472 -0.5312 -0.0000
vn 0.8360 -0.5487 -0.0000
vn 0.8248 -0.5655 -0.0000
vn 0.8136 -0.5815 -0.0000
vn 0.8024 -0.5968 -0.0000
vn 0.9977 0.0682 -0.0000
vn 0.0585 0.9983 -0.0000
vn 0.9977 0.0683 -0.0000
vn -0.6329 0.7742 -0.0000
vn -0.6604 0.7509 -0.0000
vn -0.6907 0.7231 -0.0000
vn -0.7242 0.6896 -0.0000
vn -0.7608 0.6490 -0.0000
vn -0.8003 0.5995 -0.0000
vn -0.8424 0.5389 -0.0000
vn -0.8855 0.4647 -0.0000
vn -0.9273 0.3743 -0.0000
vn -0.9639 0.2661 -0.0000
vn -0.9902 0.1399 -0.0000
vn -0.9999 0.0158 -0.0000
vn -0.9964 -0.0845 -0.0000
vn -0.9846 -0.1749 -0.0000
vn -0.9627 -0.2706 -0.0000
vn -0.9295 -0.3689 -0.0000
vn -0.8844 -0.4668 -0.0000
vn -0.9294 -0.3690 -0.0000
vn -0.8282 -0.5605 -0.0000
vn -0.7628 -0.6466 -0.0000
vn -0.6910 -0.7229 -0.0000
vn -0.6159 -0.7878 -0.0000
vn -0.5404 -0.8414 -0.0000
vn -0.6159 -0.7879 -0.0000
vn -0.4670 -0.8843 -0.0000
vn -0.3935 -0.9193 -0.0000
vn -0.3450 -0.9386 -0.0000
vn -0.3231 -0.9464 -0.0000
vn -0.2997 -0.9540 -0.0000
vn -0.2745 -0.9616 -0.0000
vn -0.2996 -0.9541 -0.0000
vn -0.2476 -0.9689 -0.0000
vn -0.2188 -0.9758 -0.0000
vn -0.1880 -0.9822 -0.0000
vn -0.1550 -0.9879 -0.0000
vn -0.1197 -0.9928 -0.0000
vn -0.0821 -0.9966 -0.0000
vn -0.0421 -0.9991 -0.0000
vn 0.0168 -0.9999 -0.0000
vn 0.1161 -0.9932 -0.0000
vn 0.2444 -0.9697 -0.0000
vn 0.3820 -0.9242 -0.0000
vn 0.5203 -0.8540 -0.0000
vn 0.6488 -0.7609 -0.0000
vn 0.7583 -0.6519 -0.0000
vn 0.6489 -0.7609 -0.0000
vn 0.8441 -0.5363 -0.0000
vn 0.7584 -0.6518 -0.0000
vn 0.9061 -0.4230 -0.0000
vn 0.8441 -0.5362 -0.0000
vn 0.9480 -0.3181 -0.0000
vn 0.9745 -0.2246 -0.0000
vn 0.9481 -0.3181 -0.0000
vn 0.9897 -0.1429 -0.0000
vn 0.9745 -0.2245 -0.0000
vn 0.9950 -0.0996 -0.0000
vn 0.9952 -0.0980 -0.0000
vn 0.9944 -0.1058 -0.0000
vn 0.9935 -0.1140 -0.0000
vn 0.9944 -0.1059 -0.0000
vn 0.9924 -0.1227 -0.0000
vn 0.9935 -0.1141 -0.0000
vn 0.9913 -0.1319 -0.0000
vn 0.9899 -0.1415 -0.0000
vn 0.9884 -0.1517 -0.0000
vn 0.9867 -0.1624 -0.0000
vn 0.9848 -0.1738 -0.0000
vn 0.9867 -0.1625 -0.0000
vn 0.9826 -0.1860 -0.0000
vn 0.9848 -0.1739 -0.0000
vn 0.9800 -0.1989 -0.0000
vn 0.9825 -0.1860 -0.0000
vn 0.5510 -0.8345 -0.0000
vn -0.1910 -0.9816 -0.0000
vn -0.1824 -0.9832 -0.0000
vn -0.1739 -0.9848 -0.0000
vn -0.1654 -0.9862 -0.0000
vn -0.1570 -0.9876 -0.0000
vn -0.1486 -0.9889 -0.0000
vn -0.1404 -0.9901 -0.0000
vn -0.1322 -0.9912 -0.0000
vn -0.1240 -0.9923 -0.0000
vn -0.1160 -0.9933 -0.0000
vn -0.1080 -0.9942 -0.0000
vn -0.6226 -0.7826 -0.0000
vn -0.9401 -0.3409 -0.0000
vn -0.9269 -0.3752 -0.0000
vn -0.9097 -0.4152 -0.0000
vn -0.8869 -0.4620 -0.0000
vn -0.8560 -0.5170 -0.0000
vn -0.8135 -0.5816 -0.0000
vn -0.7543 -0.6565 -0.0000
vn -0.6714 -0.7411 -0.0000
vn -0.5565 -0.8309 -0.0000
vn -0.4030 -0.9152 -0.0000
vn -0.2126 -0.9771 -0.0000
vn 0.0314 -0.9995 -0.0000
vn 0.3267 -0.9451 -0.0000
vn 0.5834 -0.8122 -0.0000
vn 0.7476 -0.6641 -0.0000
vn 0.8435 -0.5371 -0.0000
vn 0.8993 -0.4373 -0.0000
vn 0.9328 -0.3605 -0.0000
vn 0.9537 -0.3008 -0.0000
vn 0.9673 -0.2537 -0.0000
vn 0.9828 -0.1849 -0.0000
vn 0.9873 -0.1591 -0.0000
vn 0.7541 0.6568 -0.0000
vn -0.0051 1.0000 -0.0000
vn 0.9841 -0.1777 -0.0000
vn 0.9017 0.4324 -0.0000
vn 0.9139 0.4060 -0.0000
vn 0.9252 0.3795 -0.0000
vn 0.9356 0.3530 -0.0000
vn 0.9452 0.3266 -0.0000
vn 0.9539 0.3002 -0.0000
vn 0.9617 0.2740 -0.0000
vn 0.9688 0.2480 -0.0000
vn 0.9750 0.2223 -0.0000
vn 0.9804 0.1969 -0.0000
vn 0.7695 -0.6386 -0.0000
vn 0.5953 -0.8035 -0.0000
vn 0.8035 0.5953 -0.0000
vn 0.7071 0.7071 -0.0000
vn 0.6852 0.7284 -0.0000
vn -0.0720 0.9974 -0.0000
vn -0.0961 0.9954 -0.0000
vn -0.1253 0.9921 -0.0000
vn -0.1615 0.9869 -0.0000
vn -0.2071 0.9783 -0.0000
vn -0.2660 0.9640 -0.0000
vn -0.3439 0.9390 -0.0000
vn -0.4490 0.8935 -0.0000
vn -0.5901 0.8073 -0.0000
vn -0.7651 0.6439 -0.0000
vn -0.9306 0.3661 -0.0000
vn -0.9992 0.0407 -0.0000
vn -0.9773 -0.2118 -0.0000
vn -0.9191 -0.3941 -0.0000
vn -0.8440 -0.5364 -0.0000
vn -0.7668 -0.6419 -0.0000
vn -0.6954 -0.7186 -0.0000
vn -0.6325 -0.7745 -0.0000
vn -0.5784 -0.8158 -0.0000
vn -0.5320 -0.8467 -0.0000
vn -0.4923 -0.8704 -0.0000
vn -0.4583 -0.8888 -0.0000
vn -0.4288 -0.9034 -0.0000
vn -0.8412 -0.5408 -0.0000
vn 0.4518 0.8921 -0.0000
vn 0.0682 0.9977 -0.0000
vn -0.7234 0.6905 -0.0000
vn -0.7339 0.6793 -0.0000
vn -0.7443 0.6678 -0.0000
vn -0.7548 0.6560 -0.0000
vn -0.7652 0.6438 -0.0000
vn -0.7756 0.6312 -0.0000
vn -0.7859 0.6184 -0.0000
vn -0.7961 0.6052 -0.0000
vn -0.8062 0.5916 -0.0000
vn -0.8162 0.5777 -0.0000
vn -0.8261 0.5635 -0.0000
vn -0.9989 0.0459 -0.0000
vn -0.5110 -0.8596 -0.0000
vn -0.8848 0.4660 -0.0000
vn -0.5787 0.8155 -0.0000
vn -0.6062 0.7953 -0.0000
vn -0.6371 0.7708 -0.0000
vn -0.6719 0.7407 -0.0000
vn -0.7108 0.7033 -0.0000
vn -0.7543 0.6565 -0.0000
vn -0.8020 0.5973 -0.0000
vn -0.8529 0.5221 -0.0000
vn -0.9044 0.4267 -0.0000
vn -0.9515 0.3076 -0.0000
vn -0.9865 0.1636 -0.0000
vn -0.9998 0.0209 -0.0000
vn -0.9960 -0.0890 -0.0000
vn -0.9998 0.0208 -0.0000
vn -0.9833 -0.1818 -0.0000
vn -0.9609 -0.2768 -0.0000
vn -0.9285 -0.3714 -0.0000
vn -0.8865 -0.4627 -0.0000
vn -0.8365 -0.5480 -0.0000
vn -0.7804 -0.6253 -0.0000
vn -0.7205 -0.6934 -0.0000
vn -0.6591 -0.7520 -0.0000
vn -0.5981 -0.8014 -0.0000
vn -0.5389 -0.8424 -0.0000
vn -0.4866 -0.8736 -0.0000
vn -0.4536 -0.8912 -0.0000
vn -0.4330 -0.9014 -0.0000
vn -0.4100 -0.9121 -0.0000
vn -0.3842 -0.9232 -0.0000
vn -0.4101 -0.9121 -0.0000
vn -0.3551 -0.9348 -0.0000
vn -0.3843 -0.9232 -0.0000
vn -0.3222 -0.9467 -0.0000
vn -0.2847 -0.9586 -0.0000
vn -0.2418 -0.9703 -0.0000
vn -0.1928 -0.9812 -0.0000
vn -0.1366 -0.9906 -0.0000
vn -0.0722 -0.9974 -0.0000
vn 0.0211 -0.9998 -0.0000
vn 0.1624 -0.9867 -0.0000
vn 0.3233 -0.9463 -0.0000
vn 0.4716 -0.8818 -0.0000
vn 0.5983 -0.8013 -0.0000
vn 0.7000 -0.7142 -0.0000
vn 0.7780 -0.6282 -0.0000
vn 0.8364 -0.5481 -0.0000
vn 0.8794 -0.4760 -0.0000
vn 0.9110 -0.4123 -0.0000
vn 0.9343 -0.3566 -0.0000
vn 0.9514 -0.3079 -0.0000
vn 0.9582 -0.2862 -0.0000
vn 0.9525 -0.3047 -0.0000
vn 0.9408 -0.3389 -0.0000
vn 0.9282 -0.3721 -0.0000
vn 0.9146 -0.4043 -0.0000
vn 0.9002 -0.4354 -0.0000
vn 0.8852 -0.4653 -0.0000
vn 0.8533 -0.5214 -0.0000
vn 0.8368 -0.5475 -0.0000
vn 0.8200 -0.5724 -0.0000
vn 0.8029 -0.5960 -0.0000
vn -0.3207 -0.9472 -0.0000
vn 0.1677 -0.9858 -0.0000
vn -0.9410 -0.3384 -0.0000
vn -0.9352 -0.3542 -0.0000
vn -0.9288 -0.3706 -0.0000
vn -0.9218 -0.3876 -0.0000
vn -0.9142 -0.4052 -0.0000
vn -0.9059 -0.4234 -0.0000
vn -0.8969 -0.4423 -0.0000
vn -0.8870 -0.4617 -0.0000
vn -0.8762 -0.4819 -0.0000
vn -0.8645 -0.5026 -0.0000
vn -0.8517 -0.5240 -0.0000
vn -0.1416 -0.9899 -0.0000
vn -0.4712 0.8820 -0.0000
vn 0.2223 0.9750 -0.0000
vn -0.4760 0.8795 -0.0000
vn -0.4811 0.8767 -0.0000
vn -0.4865 0.8737 -0.0000
vn -0.4810 0.8767 -0.0000
vn -0.4924 0.8704 -0.0000
vn -0.4987 0.8668 -0.0000
vn -0.5055 0.8628 -0.0000
vn -0.5129 0.8584 -0.0000
vn -0.5210 0.8535 -0.0000
vn -0.5298 0.8481 -0.0000
vn -0.5395 0.8420 -0.0000
vn 0.2641 0.9645 -0.0000
vn 0.9072 0.4207 -0.0000
vn 0.9142 0.4052 -0.0000
vn 0.9209 0.3899 -0.0000
vn 0.9271 0.3747 -0.0000
vn 0.9330 0.3598 -0.0000
vn 0.9386 0.3451 -0.0000
vn 0.9438 0.3306 -0.0000
vn 0.9487 0.3163 -0.0000
vn 0.9532 0.3022 -0.0000
vn 0.9575 0.2884 -0.0000
vn 0.4645 0.8856 -0.0000
vn -0.3245 0.9459 -0.0000
vn -0.3474 0.9377 -0.0000
vn -0.3746 0.9272 -0.0000
vn -0.4073 0.9133 -0.0000
vn -0.4473 0.8944 -0.0000
vn -0.4968 0.8678 -0.0000
vn -0.5590 0.8292 -0.0000
vn -0.6374 0.7705 -0.0000
vn -0.7349 0.6781 -0.0000
vn -0.8480 0.5300 -0.0000
vn -0.9533 0.3019 -0.0000
vn -0.9999 0.0171 -0.0000
vn -0.9665 -0.2566 -0.0000
vn -0.9999 0.0170 -0.0000
vn -0.7492 -0.6624 -0.0000
vn -0.6235 -0.7818 -0.0000
vn -0.5128 -0.8585 -0.0000
vn -0.4209 -0.9071 -0.0000
vn -0.3461 -0.9382 -0.0000
vn -0.2853 -0.9584 -0.0000
vn -0.2356 -0.9718 -0.0000
vn -0.1945 -0.9809 -0.0000
vn -0.1601 -0.9871 -0.0000
vn -0.5641 -0.8257 -0.0000
vn -0.8658 -0.5004 -0.0000
vn -0.8509 -0.5253 -0.0000
vn -0.8431 -0.5378 -0.0000
vn -0.8349 -0.5503 -0.0000
vn -0.8265 -0.5629 -0.0000
vn -0.8349 -0.5504 -0.0000
vn -0.8178 -0.5755 -0.0000
vn -0.8088 -0.5880 -0.0000
vn -0.7996 -0.6006 -0.0000
vn -0.7900 -0.6131 -0.0000
vn -0.7801 -0.6256 -0.0000
vn -0.9972 0.0745 -0.0000
vn -0.6861 0.7275 -0.0000
vn -0.7139 0.7003 -0.0000
vn -0.7437 0.6685 -0.0000
vn -0.7757 0.6311 -0.0000
vn -0.7438 0.6684 -0.0000
vn -0.8096 0.5870 -0.0000
vn -0.8449 0.5350 -0.0000
vn -0.8807 0.4736 -0.0000
vn -0.8449 0.5349 -0.0000
vn -0.9158 0.4016 -0.0000
vn -0.9481 0.3180 -0.0000
vn -0.9750 0.2222 -0.0000
vn -0.9933 0.1153 -0.0000
vn -0.9955 -0.0945 -0.0000
vn -0.9819 -0.1896 -0.0000
vn -0.9591 -0.2831 -0.0000
vn -0.9280 -0.3727 -0.0000
vn -0.9591 -0.2832 -0.0000
vn -0.8900 -0.4561 -0.0000
vn -0.8468 -0.5319 -0.0000
vn -0.8899 -0.4561 -0.0000
vn -0.8004 -0.5994 -0.0000
vn -0.7526 -0.6585 -0.0000
vn -0.7046 -0.7096 -0.0000
vn -0.7525 -0.6585 -0.0000
vn -0.6577 -0.7533 -0.0000
vn -0.6126 -0.7904 -0.0000
vn -0.5702 -0.8215 -0.0000
vn -0.6125 -0.7904 -0.0000
vn -0.5364 -0.8440 -0.0000
vn -0.5080 -0.8613 -0.0000
vn -0.5364 -0.8439 -0.0000
vn -0.4765 -0.8792 -0.0000
vn -0.4416 -0.8972 -0.0000
vn -0.4029 -0.9153 -0.0000
vn -0.3599 -0.9330 -0.0000
vn -0.4029 -0.9152 -0.0000
vn -0.3124 -0.9499 -0.0000
vn -0.2600 -0.9656 -0.0000
vn -0.2024 -0.9793 -0.0000
vn -0.1397 -0.9902 -0.0000
vn -0.0719 -0.9974 -0.0000
vn 0.0096 -1.0000 -0.0000
vn 0.1156 -0.9933 -0.0000
vn 0.2375 -0.9714 -0.0000
vn 0.3618 -0.9322 -0.0000
vn 0.4822 -0.8761 -0.0000
vn 0.5923 -0.8057 -0.0000
vn 0.6879 -0.7258 -0.0000
vn 0.7669 -0.6418 -0.0000
vn 0.8296 -0.5584 -0.0000
vn 0.8778 -0.4790 -0.0000
vn 0.9141 -0.4055 -0.0000
vn 0.9408 -0.3388 -0.0000
vn 0.9493 -0.3143 -0.0000
vn 0.9356 -0.3532 -0.0000
vn 0.9103 -0.4140 -0.0000
vn 0.8827 -0.4700 -0.0000
vn 0.8535 -0.5211 -0.0000
vn 0.8235 -0.5673 -0.0000
vn 0.7932 -0.6090 -0.0000
vn 0.7631 -0.6463 -0.0000
vn 0.7335 -0.6797 -0.0000
vn 0.7047 -0.7095 -0.0000
vn 0.6770 -0.7360 -0.0000
vn 0.6504 -0.7596 -0.0000
vn 0.9925 -0.1224 -0.0000
vn -0.4558 0.8901 -0.0000
vn 0.2118 0.9773 -0.0000
vn -0.4593 0.8883 -0.0000
vn -0.4630 0.8863 -0.0000
vn -0.4672 0.8842 -0.0000
vn -0.4770 0.8789 -0.0000
vn -0.4828 0.8757 -0.0000
vn -0.4894 0.8721 -0.0000
vn -0.4969 0.8678 -0.0000
vn -0.5056 0.8628 -0.0000
vn -0.5157 0.8568 -0.0000
vn 0.2727 0.9621 -0.0000
vn 0.8955 0.4451 -0.0000
vn 0.9032 0.4291 -0.0000
vn 0.9108 0.4129 -0.0000
vn 0.9181 0.3965 -0.0000
vn 0.9251 0.3798 -0.0000
vn 0.9318 0.3629 -0.0000
vn 0.9383 0.3457 -0.0000
vn 0.9445 0.3284 -0.0000
vn 0.9504 0.3110 -0.0000
vn 0.9560 0.2933 -0.0000
vn 0.9613 0.2756 -0.0000
vn 0.4599 0.8880 -0.0000
vn -0.3486 0.9373 -0.0000
vn -0.3710 0.9286 -0.0000
vn -0.3976 0.9176 -0.0000
vn -0.4295 0.9031 -0.0000
vn -0.4683 0.8836 -0.0000
vn -0.5162 0.8565 -0.0000
vn -0.5762 0.8173 -0.0000
vn -0.6516 0.7586 -0.0000
vn -0.7450 0.6670 -0.0000
vn -0.6515 0.7586 -0.0000
vn -0.8533 0.5214 -0.0000
vn -0.9547 0.2977 -0.0000
vn -0.9999 0.0163 -0.0000
vn -0.9653 -0.2611 -0.0000
vn -0.8644 -0.5027 -0.0000
vn -0.7239 -0.6899 -0.0000
vn -0.5800 -0.8146 -0.0000
vn -0.4537 -0.8911 -0.0000
vn -0.3503 -0.9366 -0.0000
vn -0.2675 -0.9636 -0.0000
vn -0.2013 -0.9795 -0.0000
vn -0.1478 -0.9890 -0.0000
vn -0.1041 -0.9946 -0.0000
vn -0.0679 -0.9977 -0.0000
vn -0.5275 -0.8496 -0.0000
vn -0.8686 -0.4956 -0.0000
vn -0.8611 -0.5085 -0.0000
vn -0.8534 -0.5212 -0.0000
vn -0.8457 -0.5337 -0.0000
vn -0.8378 -0.5460 -0.0000
vn -0.8298 -0.5580 -0.0000
vn -0.8217 -0.5699 -0.0000
vn -0.8136 -0.5815 -0.0000
vn -0.8053 -0.5928 -0.0000
vn -0.7970 -0.6040 -0.0000
vn -0.7886 -0.6149 -0.0000
vn -0.9942 0.1073 -0.0000
vn -0.6470 0.7625 -0.0000
vn -0.9942 0.1074 -0.0000
vn -0.6742 0.7385 -0.0000
vn -0.7041 0.7101 -0.0000
vn -0.7369 0.6760 -0.0000
vn -0.7726 0.6349 -0.0000
vn -0.8110 0.5851 -0.0000
vn -0.8513 0.5246 -0.0000
vn -0.8109 0.5851 -0.0000
vn -0.8925 0.4511 -0.0000
vn -0.9320 0.3624 -0.0000
vn -0.9664 0.2569 -0.0000
vn -0.9909 0.1349 -0.0000
vn -0.9909 0.1348 -0.0000
vn -0.9952 -0.0976 -0.0000
vn -0.9808 -0.1950 -0.0000
vn -0.9570 -0.2899 -0.0000
vn -0.9251 -0.3798 -0.0000
vn -0.9571 -0.2899 -0.0000
vn -0.8866 -0.4626 -0.0000
vn -0.8435 -0.5372 -0.0000
vn -0.7977 -0.6031 -0.0000
vn -0.7509 -0.6604 -0.0000
vn -0.6593 -0.7519 -0.0000
vn -0.6162 -0.7876 -0.0000
vn -0.6593 -0.7518 -0.0000
vn -0.5790 -0.8153 -0.0000
vn -0.5489 -0.8359 -0.0000
vn -0.5790 -0.8154 -0.0000
vn -0.5198 -0.8543 -0.0000
vn -0.4875 -0.8731 -0.0000
vn -0.4516 -0.8922 -0.0000
vn -0.4117 -0.9113 -0.0000
vn -0.3676 -0.9300 -0.0000
vn -0.3187 -0.9478 -0.0000
vn -0.2649 -0.9643 -0.0000
vn -0.2060 -0.9785 -0.0000
vn -0.1419 -0.9899 -0.0000
vn -0.0729 -0.9973 -0.0000
vn 0.0144 -0.9999 -0.0000
vn 0.1355 -0.9908 -0.0000
vn 0.2751 -0.9614 -0.0000
vn 0.4122 -0.9111 -0.0000
vn 0.5382 -0.8428 -0.0000
vn 0.6470 -0.7625 -0.0000
vn 0.7360 -0.6770 -0.0000
vn 0.8058 -0.5921 -0.0000
vn 0.8590 -0.5119 -0.0000
vn 0.8987 -0.4385 -0.0000
vn 0.9280 -0.3725 -0.0000
vn 0.9494 -0.3140 -0.0000
vn 0.9551 -0.2963 -0.0000
vn 0.9381 -0.3464 -0.0000
vn 0.9064 -0.4225 -0.0000
vn 0.8710 -0.4913 -0.0000
vn 0.8335 -0.5526 -0.0000
vn 0.7951 -0.6065 -0.0000
vn 0.7567 -0.6537 -0.0000
vn 0.7950 -0.6065 -0.0000
vn 0.7193 -0.6947 -0.0000
vn 0.6831 -0.7303 -0.0000
vn 0.7193 -0.6948 -0.0000
vn 0.6487 -0.7611 -0.0000
vn 0.6161 -0.7877 -0.0000
vn 0.5854 -0.8107 -0.0000
vn 0.9894 -0.1451 -0.0000
vn 0.9987 -0.0505 -0.0000
vn 0.9984 -0.0558 -0.0000
vn 0.9984 -0.0559 -0.0000
vn 0.9979 -0.0653 -0.0000
vn 0.9968 -0.0801 -0.0000
vn 0.9979 -0.0654 -0.0000
vn 0.9955 -0.0948 -0.0000
vn 0.9940 -0.1094 -0.0000
vn 0.9955 -0.0949 -0.0000
vn 0.9923 -0.1240 -0.0000
vn 0.9940 -0.1095 -0.0000
vn 0.9904 -0.1385 -0.0000
vn 0.9882 -0.1529 -0.0000
vn 0.9859 -0.1673 -0.0000
vn 0.9834 -0.1814 -0.0000
vn 0.9859 -0.1672 -0.0000
vn 0.9807 -0.1955 -0.0000
vn 0.9834 -0.1815 -0.0000
vn 0.5531 -0.8331 -0.0000
vn 0.9807 -0.1956 -0.0000
vn -0.1884 -0.9821 -0.0000
vn -0.1784 -0.9840 -0.0000
vn -0.1688 -0.9856 -0.0000
vn -0.1597 -0.9872 -0.0000
vn -0.1510 -0.9885 -0.0000
vn -0.1427 -0.9898 -0.0000
vn -0.1347 -0.9909 -0.0000
vn -0.1271 -0.9919 -0.0000
vn -0.1198 -0.9928 -0.0000
vn -0.1128 -0.9936 -0.0000
vn -0.1060 -0.9944 -0.0000
vn -0.6049 -0.7963 -0.0000
vn -0.9250 -0.3799 -0.0000
vn -0.9119 -0.4103 -0.0000
vn -0.8951 -0.4458 -0.0000
vn -0.8732 -0.4874 -0.0000
vn -0.8439 -0.5365 -0.0000
vn -0.8042 -0.5944 -0.0000
vn -0.6720 -0.7406 -0.0000
vn -0.7491 -0.6624 -0.0000
vn -0.5635 -0.8261 -0.0000
vn -0.6719 -0.7406 -0.0000
vn -0.4147 -0.9100 -0.0000
vn -0.2226 -0.9749 -0.0000
vn 0.0368 -0.9993 -0.0000
vn 0.3493 -0.9370 -0.0000
vn 0.6034 -0.7974 -0.0000
vn 0.7551 -0.6556 -0.0000
vn 0.8411 -0.5409 -0.0000
vn 0.8913 -0.4535 -0.0000
vn 0.8411 -0.5408 -0.0000
vn 0.9220 -0.3871 -0.0000
vn 0.9419 -0.3358 -0.0000
vn 0.9221 -0.3871 -0.0000
vn 0.9554 -0.2953 -0.0000
vn 0.9649 -0.2628 -0.0000
vn 0.9717 -0.2361 -0.0000
vn 0.9768 -0.2139 -0.0000
vn 0.7758 0.6309 -0.0000
vn 0.4326 0.9016 -0.0000
vn 0.7864 0.6177 -0.0000
vn 0.7985 0.6020 -0.0000
vn 0.8100 0.5864 -0.0000
vn 0.8209 0.5710 -0.0000
vn 0.8312 0.5559 -0.0000
vn 0.8410 0.5411 -0.0000
vn 0.8502 0.5265 -0.0000
vn 0.8589 0.5122 -0.0000
vn 0.8671 0.4981 -0.0000
vn 0.8749 0.4844 -0.0000
vn 0.8822 0.4709 -0.0000
vn 0.3037 0.9528 -0.0000
vn -0.4635 0.8861 -0.0000
vn -0.4849 0.8746 -0.0000
vn -0.5099 0.8602 -0.0000
vn -0.5749 0.8182 -0.0000
vn -0.6176 0.7865 -0.0000
vn -0.6694 0.7429 -0.0000
vn -0.7324 0.6809 -0.0000
vn -0.8074 0.5901 -0.0000
vn -0.8905 0.4549 -0.0000
vn -0.9662 0.2578 -0.0000
vn -0.9999 0.0108 -0.0000
vn -0.9697 -0.2441 -0.0000
vn -0.8774 -0.4798 -0.0000
vn -0.9697 -0.2442 -0.0000
vn -0.7405 -0.6720 -0.0000
vn -0.5925 -0.8056 -0.0000
vn -0.7406 -0.6720 -0.0000
vn -0.4577 -0.8891 -0.0000
vn -0.3449 -0.9386 -0.0000
vn -0.2538 -0.9672 -0.0000
vn -0.1807 -0.9835 -0.0000
vn -0.1217 -0.9926 -0.0000
vn -0.0736 -0.9973 -0.0000
vn -0.0339 -0.9994 -0.0000
vn -0.4613 -0.8873 -0.0000
vn -0.7972 -0.6037 -0.0000
vn -0.7890 -0.6143 -0.0000
vn -0.7809 -0.6247 -0.0000
vn -0.7727 -0.6347 -0.0000
vn -0.7646 -0.6446 -0.0000
vn -0.7564 -0.6541 -0.0000
vn -0.7483 -0.6634 -0.0000
vn -0.7402 -0.6724 -0.0000
vn -0.7321 -0.6812 -0.0000
vn -0.7240 -0.6898 -0.0000
vn -0.9111 0.4122 -0.0000
vn 0.0469 0.9989 -0.0000
vn 0.0488 0.9988 -0.0000
vn 0.0510 0.9987 -0.0000
vn 0.0534 0.9986 -0.0000
vn 0.0562 0.9984 -0.0000
vn 0.0593 0.9982 -0.0000
vn 0.0629 0.9980 -0.0000
vn 0.0671 0.9977 -0.0000
vn 0.0720 0.9974 -0.0000
vn 0.0778 0.9970 -0.0000
vn 0.0849 0.9964 -0.0000
vn 0.8778 0.4790 -0.0000
vn 0.8809 -0.4733 -0.0000
vn 0.8712 -0.4909 -0.0000
vn 0.8611 -0.5084 -0.0000
vn 0.8507 -0.5256 -0.0000
vn 0.8400 -0.5427 -0.0000
vn 0.8289 -0.5595 -0.0000
vn 0.8399 -0.5427 -0.0000
vn 0.8174 -0.5760 -0.0000
vn 0.8058 -0.5922 -0.0000
vn 0.7938 -0.6082 -0.0000
vn 0.8057 -0.5923 -0.0000
vn 0.7816 -0.6238 -0.0000
vn 0.7691 -0.6392 -0.0000
vn 0.7815 -0.6239 -0.0000
vn 0.9980 0.0632 -0.0000
vn 0.0436 0.9990 -0.0000
vn -0.6220 0.7830 -0.0000
vn -0.6511 0.7590 -0.0000
vn -0.6830 0.7304 -0.0000
vn -0.7182 0.6959 -0.0000
vn -0.7565 0.6540 -0.0000
vn -0.7977 0.6030 -0.0000
vn -0.8412 0.5407 -0.0000
vn -0.9279 0.3729 -0.0000
vn -0.9646 0.2638 -0.0000
vn -0.9904 0.1380 -0.0000
vn -0.9999 0.0157 -0.0000
vn -0.9966 -0.0819 -0.0000
vn -0.9856 -0.1693 -0.0000
vn -0.9652 -0.2616 -0.0000
vn -0.9343 -0.3564 -0.0000
vn -0.8925 -0.4510 -0.0000
vn -0.8404 -0.5420 -0.0000
vn -0.7793 -0.6266 -0.0000
vn -0.8403 -0.5421 -0.0000
vn -0.7119 -0.7023 -0.0000
vn -0.7794 -0.6266 -0.0000
vn -0.6408 -0.7677 -0.0000
vn -0.5686 -0.8226 -0.0000
vn -0.4978 -0.8673 -0.0000
vn -0.5687 -0.8226 -0.0000
vn -0.4428 -0.8966 -0.0000
vn -0.4104 -0.9119 -0.0000
vn -0.3844 -0.9232 -0.0000
vn -0.3565 -0.9343 -0.0000
vn -0.3265 -0.9452 -0.0000
vn -0.2943 -0.9557 -0.0000
vn -0.2597 -0.9657 -0.0000
vn -0.2227 -0.9749 -0.0000
vn -0.1832 -0.9831 -0.0000
vn -0.1411 -0.9900 -0.0000
vn -0.0965 -0.9953 -0.0000
vn -0.0493 -0.9988 -0.0000
vn 0.0203 -0.9998 -0.0000
vn 0.1381 -0.9904 -0.0000
vn 0.2885 -0.9575 -0.0000
vn 0.1380 -0.9904 -0.0000
vn 0.4443 -0.8959 -0.0000
vn 0.5919 -0.8060 -0.0000
vn 0.7188 -0.6953 -0.0000
vn 0.8179 -0.5754 -0.0000
vn 0.8892 -0.4575 -0.0000
vn 0.9371 -0.3491 -0.0000
vn 0.9673 -0.2536 -0.0000
vn 0.9370 -0.3492 -0.0000
vn 0.9852 -0.1711 -0.0000
vn 0.9949 -0.1009 -0.0000
vn 0.9852 -0.1712 -0.0000
vt 0.000000 0.000000
vt 0.000844 0.000000
vt 0.001688 0.000000
vt 0.002532 0.000000
vt 0.003376 0.000000
vt 0.004219 0.000000
vt 0.005063 0.000000
vt 0.005907 0.000000
vt 0.006751 0.000000
vt 0.007595 0.000000
vt 0.008439 0.000000
vt 0.009283 0.000000
vt 0.010127 0.000000
vt 0.010970 0.000000
vt 0.011814 0.000000
vt 0.012658 0.000000
vt 0.013502 0.000000
vt 0.014346 0.000000
vt 0.015190 0.000000
vt 0.016034 0.000000
vt 0.016878 0.000000
vt 0.017722 0.000000
vt 0.018565 0.000000
vt 0.019409 0.000000
vt 0.020253 0.000000
vt 0.021097 0.000000
vt 0.021941 0.000000
vt 0.022785 0.000000
vt 0.023629 0.000000
vt 0.024473 0.000000
vt 0.025316 0.000000
vt 0.026160 0.000000
vt 0.027004 0.000000
vt 0.027848 0.000000
vt 0.028692 0.000000
vt 0.029536 0.000000
vt 0.030380 0.000000
vt 0.031224 0.000000
vt 0.032068 0.000000
vt 0.032911 0.000000
vt 0.033755 0.000000
vt 0.034599 0.000000
vt 0.035443 0.000000
vt 0.036287 0.000000
vt 0.037131 0.000000
vt 0.037975 0.000000
vt 0.038819 0.000000
vt 0.039662 0.000000
vt 0.040506 0.000000
vt 0.041350 0.000000
vt 0.042194 0.000000
vt 0.043038 0.000000
vt 0.043882 0.000000
vt 0.044726 0.000000
vt 0.045570 0.000000
vt 0.046414 0.000000
vt 0.047257 0.000000
vt 0.048101 0.000000
vt 0.048945 0.000000
vt 0.049789 0.000000
vt 0.050633 0.000000
vt 0.051477 0.000000
vt 0.052321 0.000000
vt 0.053165 0.000000
vt 0.054008 0.000000
vt 0.054852 0.000000
vt 0.055696 0.000000
vt 0.056540 0.000000
vt 0.057384 0.000000
vt 0.058228 0.000000
vt 0.059072 0.000000
vt 0.059916 0.000000
vt 0.060759 0.000000
vt 0.061603 0.000000
vt 0.062447 0.000000
vt 0.063291 0.000000
vt 0.064135 0.000000
vt 0.064979 0.000000
vt 0.065823 0.000000
vt 0.066667 0.000000
vt 0.067511 0.000000
vt 0.068354 0.000000
vt 0.069198 0.000000
vt 0.070042 0.000000
vt 0.070886 0.000000
vt 0.071730 0.000000
vt 0.072574 0.000000
vt 0.073418 0.000000
vt 0.074262 0.000000
vt 0.075105 0.000000
vt 0.075949 0.000000
vt 0.076793 0.000000
vt 0.077637 0.000000
vt 0.078481 0.000000
vt 0.079325 0.000000
vt 0.080169 0.000000
vt 0.081013 0.000000
vt 0.081857 0.000000
vt 0.082700 0.000000
vt 0.083544 0.000000
vt 0.084388 0.000000
vt 0.085232 0.000000
vt 0.086076 0.000000
vt 0.086920 0.000000
vt 0.087764 0.000000
vt 0.088608 0.000000
vt 0.089451 0.000000
vt 0.090295 0.000000
vt 0.091139 0.000000
vt 0.091983 0.000000
vt 0.092827 0.000000
vt 0.093671 0.000000
vt 0.094515 0.000000
vt 0.095359 0.000000
vt 0.096203 0.000000
vt 0.097046 0.000000
vt 0.097890 0.000000
vt 0.098734 0.000000
vt 0.099578 0.000000
vt 0.100422 0.000000
vt 0.101266 0.000000
vt 0.102110 0.000000
vt 0.102954 0.000000
vt 0.103797 0.000000
vt 0.104641 0.000000
vt 0.105485 0.000000
vt 0.106329 0.000000
vt 0.107173 0.000000
vt 0.108017 0.000000
vt 0.108861 0.000000
vt 0.109705 0.000000
vt 0.110549 0.000000
vt 0.111392 0.000000
vt 0.112236 0.000000
vt 0.113080 0.000000
vt 0.113924 0.000000
vt 0.114768 0.000000
vt 0.115612 0.000000
vt 0.116456 0.000000
vt 0.117300 0.000000
vt 0.118143 0.000000
vt 0.118987 0.000000
vt 0.119831 0.000000
vt 0.120675 0.000000
vt 0.121519 0.000000
vt 0.122363 0.000000
vt 0.123207 0.000000
vt 0.124051 0.000000
vt 0.124895 0.000000
vt 0.125738 0.000000
vt 0.126582 0.000000
vt 0.127426 0.000000
vt 0.128270 0.000000
vt 0.129114 0.000000
vt 0.129958 0.000000
vt 0.130802 0.000000
vt 0.131646 0.000000
vt 0.132489 0.000000
vt 0.133333 0.000000
vt 0.134177 0.000000
vt 0.135021 0.000000
vt 0.135865 0.000000
vt 0.136709 0.000000
vt 0.137553 0.000000
vt 0.138397 0.000000
vt 0.139241 0.000000
vt 0.140084 0.000000
vt 0.140928 0.000000
vt 0.141772 0.000000
vt 0.142616 0.000000
vt 0.143460 0.000000
vt 0.144304 0.000000
vt 0.145148 0.000000
vt 0.145992 0.000000
vt 0.146835 0.000000
vt 0.147679 0.000000
vt 0.148523 0.000000
vt 0.149367 0.000000
vt 0.150211 0.000000
vt 0.151055 0.000000
vt 0.151899 0.000000
vt 0.152743 0.000000
vt 0.153586 0.000000
vt 0.154430 0.000000
vt 0.155274 0.000000
vt 0.156118 0.000000
vt 0.156962 0.000000
vt 0.157806 0.000000
vt 0.158650 0.000000
vt 0.159494 0.000000
vt 0.160338 0.000000
vt 0.161181 0.000000
vt 0.162025 0.000000
vt 0.162869 0.000000
vt 0.163713 0.000000
vt 0.164557 0.000000
vt 0.165401 0.000000
vt 0.166245 0.000000
vt 0.167089 0.000000
vt 0.167932 0.000000
vt 0.168776 0.000000
vt 0.169620 0.000000
vt 0.170464 0.000000
vt 0.171308 0.000000
vt 0.172152 0.000000
vt 0.172996 0.000000
vt 0.173840 0.000000
vt 0.174684 0.000000
vt 0.175527 0.000000
vt 0.176371 0.000000
vt 0.177215 0.000000
vt 0.178059 0.000000
vt 0.178903 0.000000
vt 0.179747 0.000000
vt 0.180591 0.000000
vt 0.181435 0.000000
vt 0.182278 0.000000
vt 0.183122 0.000000
vt 0.183966 0.000000
vt 0.184810 0.000000
vt 0.185654 0.000000
vt 0.186498 0.000000
vt 0.187342 0.000000
vt 0.188186 0.000000
vt 0.189030 0.000000
vt 0.189873 0.000000
vt 0.190717 0.000000
vt 0.191561 0.000000
vt 0.192405 0.000000
vt 0.193249 0.000000
vt 0.194093 0.000000
vt 0.194937 0.000000
vt 0.195781 0.000000
vt 0.196624 0.000000
vt 0.197468 0.000000
vt 0.198312 0.000000
vt 0.199156 0.000000
vt 0.200000 0.000000
vt 0.200844 0.000000
vt 0.201688 0.000000
vt 0.202532 0.000000
vt 0.203376 0.000000
vt 0.204219 0.000000
vt 0.205063 0.000000
vt 0.205907 0.000000
vt 0.206751 0.000000
vt 0.207595 0.000000
vt 0.208439 0.000000
vt 0.209283 0.000000
vt 0.210127 0.000000
vt 0.210970 0.000000
vt 0.211814 0.000000
vt 0.212658 0.000000
vt 0.213502 0.000000
vt 0.214346 0.000000
vt 0.215190 0.000000
vt 0.216034 0.000000
vt 0.216878 0.000000
vt 0.217722 0.000000
vt 0.218565 0.000000
vt 0.219409 0.000000
vt 0.220253 0.000000
vt 0.221097 0.000000
vt 0.221941 0.000000
vt 0.222785 0.000000
vt 0.223629 0.000000
vt 0.224473 0.000000
vt 0.225316 0.000000
vt 0.226160 0.000000
vt 0.227004 0.000000
vt 0.227848 0.000000
vt 0.228692 0.000000
vt 0.229536 0.000000
vt 0.230380 0.000000
vt 0.231224 0.000000
vt 0.232068 0.000000
vt 0.232911 0.000000
vt 0.233755 0.000000
vt 0.234599 0.000000
vt 0.235443 0.000000
vt 0.236287 0.000000
vt 0.237131 0.000000
vt 0.237975 0.000000
vt 0.238819 0.000000
vt 0.239662 0.000000
vt 0.240506 0.000000
vt 0.241350 0.000000
vt 0.242194 0.000000
vt 0.243038 0.000000
vt 0.243882 0.000000
vt 0.244726 0.000000
vt 0.245570 0.000000
vt 0.246413 0.000000
vt 0.247257 0.000000
vt 0.248101 0.000000
vt 0.248945 0.000000
vt 0.249789 0.000000
vt 0.250633 0.000000
vt 0.251477 0.000000
vt 0.252321 0.000000
vt 0.253165 0.000000
vt 0.254008 0.000000
vt 0.254852 0.000000
vt 0.255696 0.000000
vt 0.256540 0.000000
vt 0.257384 0.000000
vt 0.258228 0.000000
vt 0.259072 0.000000
vt 0.259916 0.000000
vt 0.260760 0.000000
vt 0.261603 0.000000
vt 0.262447 0.000000
vt 0.263291 0.000000
vt 0.264135 0.000000
vt 0.264979 0.000000
vt 0.265823 0.000000
vt 0.266667 0.000000
vt 0.267511 0.000000
vt 0.268354 0.000000
vt 0.269198 0.000000
vt 0.270042 0.000000
vt 0.270886 0.000000
vt 0.271730 0.000000
vt 0.272574 0.000000
vt 0.273418 0.000000
vt 0.274262 0.000000
vt 0.275105 0.000000
vt 0.275949 0.000000
vt 0.276793 0.000000
vt 0.277637 0.000000
vt 0.278481 0.000000
vt 0.279325 0.000000
vt 0.280169 0.000000
vt 0.281013 0.000000
vt 0.281857 0.000000
vt 0.282700 0.000000
vt 0.283544 0.000000
vt 0.284388 0.000000
vt 0.285232 0.000000
vt 0.286076 0.000000
vt 0.286920 0.000000
vt 0.287764 0.000000
vt 0.288608 0.000000
vt 0.289451 0.000000
vt 0.290295 0.000000
vt 0.291139 0.000000
vt 0.291983 0.000000
vt 0.292827 0.000000
vt 0.293671 0.000000
vt 0.294515 0.000000
vt 0.295359 0.000000
vt 0.296203 0.000000
vt 0.297046 0.000000
vt 0.297890 0.000000
vt 0.298734 0.000000
vt 0.299578 0.000000
vt 0.300422 0.000000
vt 0.301266 0.000000
vt 0.302110 0.000000
vt 0.302954 0.000000
vt 0.303797 0.000000
vt 0.304641 0.000000
vt 0.305485 0.000000
vt 0.306329 0.000000
vt 0.307173 0.000000
vt 0.308017 0.000000
vt 0.308861 0.000000
vt 0.309705 0.000000
vt 0.310549 0.000000
vt 0.311392 0.000000
vt 0.312236 0.000000
vt 0.313080 0.000000
vt 0.313924 0.000000
vt 0.314768 0.000000
vt 0.315612 0.000000
vt 0.316456 0.000000
vt 0.317300 0.000000
vt 0.318143 0.000000
vt 0.318987 0.000000
vt 0.319831 0.000000
vt 0.320675 0.000000
vt 0.321519 0.000000
vt 0.322363 0.000000
vt 0.323207 0.000000
vt 0.324051 0.000000
vt 0.324895 0.000000
vt 0.325738 0.000000
vt 0.326582 0.000000
vt 0.327426 0.000000
vt 0.328270 0.000000
vt 0.329114 0.000000
vt 0.329958 0.000000
vt 0.330802 0.000000
vt 0.331646 0.000000
vt 0.332489 0.000000
vt 0.333333 0.000000
vt 0.334177 0.000000
vt 0.335021 0.000000
vt 0.335865 0.000000
vt 0.336709 0.000000
vt 0.337553 0.000000
vt 0.338397 0.000000
vt 0.339241 0.000000
vt 0.340084 0.000000
vt 0.340928 0.000000
vt 0.341772 0.000000
vt 0.342616 0.000000
vt 0.343460 0.000000
vt 0.344304 0.000000
vt 0.345148 0.000000
vt 0.345992 0.000000
vt 0.346835 0.000000
vt 0.347679 0.000000
vt 0.348523 0.000000
vt 0.349367 0.000000
vt 0.350211 0.000000
vt 0.351055 0.000000
vt 0.351899 0.000000
vt 0.352743 0.000000
vt 0.353586 0.000000
vt 0.354430 0.000000
vt 0.355274 0.000000
vt 0.356118 0.000000
vt 0.356962 0.000000
vt 0.357806 0.000000
vt 0.358650 0.000000
vt 0.359494 0.000000
vt 0.360338 0.000000
vt 0.361181 0.000000
vt 0.362025 0.000000
vt 0.362869 0.000000
vt 0.363713 0.000000
vt 0.364557 0.000000
vt 0.365401 0.000000
vt 0.366245 0.000000
vt 0.367089 0.000000
vt 0.367932 0.000000
vt 0.368776 0.000000
vt 0.369620 0.000000
vt 0.370464 0.000000
vt 0.371308 0.000000
vt 0.372152 0.000000
vt 0.372996 0.000000
vt 0.373840 0.000000
vt 0.374684 0.000000
vt 0.375527 0.000000
vt 0.376371 0.000000
vt 0.377215 0.000000
vt 0.378059 0.000000
vt 0.378903 0.000000
vt 0.379747 0.000000
vt 0.380591 0.000000
vt 0.381435 0.000000
vt 0.382278 0.000000
vt 0.383122 0.000000
vt 0.383966 0.000000
vt 0.384810 0.000000
vt 0.385654 0.000000
vt 0.386498 0.000000
vt 0.387342 0.000000
vt 0.388186 0.000000
vt 0.389030 0.000000
vt 0.389873 0.000000
vt 0.390717 0.000000
vt 0.391561 0.000000
vt 0.392405 0.000000
vt 0.393249 0.000000
vt 0.394093 0.000000
vt 0.394937 0.000000
vt 0.395781 0.000000
vt 0.396624 0.000000
vt 0.397468 0.000000
vt 0.398312 0.000000
vt 0.399156 0.000000
vt 0.400000 0.000000
vt 0.400844 0.000000
vt 0.401688 0.000000
vt 0.402532 0.000000
vt 0.403376 0.000000
vt 0.404219 0.000000
vt 0.405063 0.000000
vt 0.405907 0.000000
vt 0.406751 0.000000
vt 0.407595 0.000000
vt 0.408439 0.000000
vt 0.409283 0.000000
vt 0.410127 0.000000
vt 0.410970 0.000000
vt 0.411814 0.000000
vt 0.412658 0.000000
vt 0.413502 0.000000
vt 0.414346 0.000000
vt 0.415190 0.000000
vt 0.416034 0.000000
vt 0.416878 0.000000
vt 0.417722 0.000000
vt 0.418565 0.000000
vt 0.419409 0.000000
vt 0.420253 0.000000
vt 0.421097 0.000000
vt 0.421941 0.000000
vt 0.422785 0.000000
vt 0.423629 0.000000
vt 0.424473 0.000000
vt 0.425316 0.000000
vt 0.426160 0.000000
vt 0.427004 0.000000
vt 0.427848 0.000000
vt 0.428692 0.000000
vt 0.429536 0.000000
vt 0.430380 0.000000
vt 0.431224 0.000000
vt 0.432068 0.000000
vt 0.432911 0.000000
vt 0.433755 0.000000
vt 0.434599 0.000000
vt 0.435443 0.000000
vt 0.436287 0.000000
vt 0.437131 0.000000
vt 0.437975 0.000000
vt 0.438819 0.000000
vt 0.439662 0.000000
vt 0.440506 0.000000
vt 0.441350 0.000000
vt 0.442194 0.000000
vt 0.443038 0.000000
vt 0.443882 0.000000
vt 0.444726 0.000000
vt 0.445570 0.000000
vt 0.446414 0.000000
vt 0.447257 0.000000
vt 0.448101 0.000000
vt 0.448945 0.000000
vt 0.449789 0.000000
vt 0.450633 0.000000
vt 0.451477 0.000000
vt 0.452321 0.000000
vt 0.453165 0.000000
vt 0.454008 0.000000
vt 0.454852 0.000000
vt 0.455696 0.000000
vt 0.456540 0.000000
vt 0.457384 0.000000
vt 0.458228 0.000000
vt 0.459072 0.000000
vt 0.459916 0.000000
vt 0.460759 0.000000
vt 0.461603 0.000000
vt 0.462447 0.000000
vt 0.463291 0.000000
vt 0.464135 0.000000
vt 0.464979 0.000000
vt 0.465823 0.000000
vt 0.466667 0.000000
vt 0.467511 0.000000
vt 0.468354 0.000000
vt 0.469198 0.000000
vt 0.470042 0.000000
vt 0.470886 0.000000
vt 0.471730 0.000000
vt 0.472574 0.000000
vt 0.473418 0.000000
vt 0.474262 0.000000
vt 0.475105 0.000000
vt 0.475949 0.000000
vt 0.476793 0.000000
vt 0.477637 0.000000
vt 0.478481 0.000000
vt 0.479325 0.000000
vt 0.480169 0.000000
vt 0.481013 0.000000
vt 0.481857 0.000000
vt 0.482700 0.000000
vt 0.483544 0.000000
vt 0.484388 0.000000
vt 0.485232 0.000000
vt 0.486076 0.000000
vt 0.486920 0.000000
vt 0.487764 0.000000
vt 0.488608 0.000000
vt 0.489451 0.000000
vt 0.490295 0.000000
vt 0.491139 0.000000
vt 0.491983 0.000000
vt 0.492827 0.000000
vt 0.493671 0.000000
vt 0.494515 0.000000
vt 0.495359 0.000000
vt 0.496203 0.000000
vt 0.497046 0.000000
vt 0.497890 0.000000
vt 0.498734 0.000000
vt 0.499578 0.000000
vt 0.500422 0.000000
vt 0.501266 0.000000
vt 0.502110 0.000000
vt 0.502954 0.000000
vt 0.503797 0.000000
vt 0.504641 0.000000
vt 0.505485 0.000000
vt 0.506329 0.000000
vt 0.507173 0.000000
vt 0.508017 0.000000
vt 0.508861 0.000000
vt 0.509705 0.000000
vt 0.510549 0.000000
vt 0.511392 0.000000
vt 0.512236 0.000000
vt 0.513080 0.000000
vt 0.513924 0.000000
vt 0.514768 0.000000
vt 0.515612 0.000000
vt 0.516456 0.000000
vt 0.517300 0.000000
vt 0.518143 0.000000
vt 0.518987 0.000000
vt 0.519831 0.000000
vt 0.520675 0.000000
vt 0.521519 0.000000
vt 0.522363 0.000000
vt 0.523207 0.000000
vt 0.524051 0.000000
vt 0.524895 0.000000
vt 0.525738 0.000000
vt 0.526582 0.000000
vt 0.527426 0.000000
vt 0.528270 0.000000
vt 0.529114 0.000000
vt 0.529958 0.000000
vt 0.530802 0.000000
vt 0.531646 0.000000
vt 0.532489 0.000000
vt 0.533333 0.000000
vt 0.534177 0.000000
vt 0.535021 0.000000
vt 0.535865 0.000000
vt 0.536709 0.000000
vt 0.537553 0.000000
vt 0.538397 0.000000
vt 0.539240 0.000000
vt 0.540084 0.000000
vt 0.540928 0.000000
vt 0.541772 0.000000
vt 0.542616 0.000000
vt 0.543460 0.000000
vt 0.544304 0.000000
vt 0.545148 0.000000
vt 0.545992 0.000000
vt 0.546835 0.000000
vt 0.547679 0.000000
vt 0.548523 0.000000
vt 0.549367 0.000000
vt 0.550211 0.000000
vt 0.551055 0.000000
vt 0.551899 0.000000
vt 0.552743 0.000000
vt 0.553586 0.000000
vt 0.554430 0.000000
vt 0.555274 0.000000
vt 0.556118 0.000000
vt 0.556962 0.000000
vt 0.557806 0.000000
vt 0.558650 0.000000
vt 0.559494 0.000000
vt 0.560338 0.000000
vt 0.561181 0.000000
vt 0.562025 0.000000
vt 0.562869 0.000000
vt 0.563713 0.000000
vt 0.564557 0.000000
vt 0.565401 0.000000
vt 0.566245 0.000000
vt 0.567089 0.000000
vt 0.567932 0.000000
vt 0.568776 0.000000
vt 0.569620 0.000000
vt 0.570464 0.000000
vt 0.571308 0.000000
vt 0.572152 0.000000
vt 0.572996 0.000000
vt 0.573840 0.000000
vt 0.574684 0.000000
vt 0.575527 0.000000
vt 0.576371 0.000000
vt 0.577215 0.000000
vt 0.578059 0.000000
vt 0.578903 0.000000
vt 0.579747 0.000000
vt 0.580591 0.000000
vt 0.581435 0.000000
vt 0.582278 0.000000
vt 0.583122 0.000000
vt 0.583966 0.000000
vt 0.584810 0.000000
vt 0.585654 0.000000
vt 0.586498 0.000000
vt 0.587342 0.000000
vt 0.588186 0.000000
vt 0.589030 0.000000
vt 0.589873 0.000000
vt 0.590717 0.000000
vt 0.591561 0.000000
vt 0.592405 0.000000
vt 0.593249 0.000000
vt 0.594093 0.000000
vt 0.594937 0.000000
vt 0.595781 0.000000
vt 0.596624 0.000000
vt 0.597468 0.000000
vt 0.598312 0.000000
vt 0.599156 0.000000
vt 0.600000 0.000000
vt 0.600844 0.000000
vt 0.601688 0.000000
vt 0.602532 0.000000
vt 0.603376 0.000000
vt 0.604219 0.000000
vt 0.605063 0.000000
vt 0.605907 0.000000
vt 0.606751 0.000000
vt 0.607595 0.000000
vt 0.608439 0.000000
vt 0.609283 0.000000
vt 0.610127 0.000000
vt 0.610970 0.000000
vt 0.611814 0.000000
vt 0.612658 0.000000
vt 0.613502 0.000000
vt 0.614346 0.000000
vt 0.615190 0.000000
vt 0.616034 0.000000
vt 0.616878 0.000000
vt 0.617721 0.000000
vt 0.618565 0.000000
vt 0.619409 0.000000
vt 0.620253 0.000000
vt 0.621097 0.000000
vt 0.621941 0.000000
vt 0.622785 0.000000
vt 0.623629 0.000000
vt 0.624473 0.000000
vt 0.625316 0.000000
vt 0.626160 0.000000
vt 0.627004 0.000000
vt 0.627848 0.000000
vt 0.628692 0.000000
vt 0.629536 0.000000
vt 0.630380 0.000000
vt 0.631224 0.000000
vt 0.632068 0.000000
vt 0.632911 0.000000
vt 0.633755 0.000000
vt 0.634599 0.000000
vt 0.635443 0.000000
vt 0.636287 0.000000
vt 0.637131 0.000000
vt 0.637975 0.000000
vt 0.638819 0.000000
vt 0.639662 0.000000
vt 0.640506 0.000000
vt 0.641350 0.000000
vt 0.642194 0.000000
vt 0.643038 0.000000
vt 0.643882 0.000000
vt 0.644726 0.000000
vt 0.645570 0.000000
vt 0.646414 0.000000
vt 0.647257 0.000000
vt 0.648101 0.000000
vt 0.648945 0.000000
vt 0.649789 0.000000
vt 0.650633 0.000000
vt 0.651477 0.000000
vt 0.652321 0.000000
vt 0.653165 0.000000
vt 0.654008 0.000000
vt 0.654852 0.000000
vt 0.655696 0.000000
vt 0.656540 0.000000
vt 0.657384 0.000000
vt 0.658228 0.000000
vt 0.659072 0.000000
vt 0.659916 0.000000
vt 0.660760 0.000000
vt 0.661603 0.000000
vt 0.662447 0.000000
vt 0.663291 0.000000
vt 0.664135 0.000000
vt 0.664979 0.000000
vt 0.665823 0.000000
vt 0.666667 0.000000
vt 0.667511 0.000000
vt 0.668354 0.000000
vt 0.669198 0.000000
vt 0.670042 0.000000
vt 0.670886 0.000000
vt 0.671730 0.000000
vt 0.672574 0.000000
vt 0.673418 0.000000
vt 0.674262 0.000000
vt 0.675106 0.000000
vt 0.675949 0.000000
vt 0.676793 0.000000
vt 0.677637 0.000000
vt 0.678481 0.000000
vt 0.679325 0.000000
vt 0.680169 0.000000
vt 0.681013 0.000000
vt 0.681857 0.000000
vt 0.682700 0.000000
vt 0.683544 0.000000
vt 0.684388 0.000000
vt 0.685232 0.000000
vt 0.686076 0.000000
vt 0.686920 0.000000
vt 0.687764 0.000000
vt 0.688608 0.000000
vt 0.689451 0.000000
vt 0.690295 0.000000
vt 0.691139 0.000000
vt 0.691983 0.000000
vt 0.692827 0.000000
vt 0.693671 0.000000
vt 0.694515 0.000000
vt 0.695359 0.000000
vt 0.696203 0.000000
vt 0.697046 0.000000
vt 0.697890 0.000000
vt 0.698734 0.000000
vt 0.699578 0.000000
vt 0.700422 0.000000
vt 0.701266 0.000000
vt 0.702110 0.000000
vt 0.702954 0.000000
vt 0.703797 0.000000
vt 0.704641 0.000000
vt 0.705485 0.000000
vt 0.706329 0.000000
vt 0.707173 0.000000
vt 0.708017 0.000000
vt 0.708861 0.000000
vt 0.709705 0.000000
vt 0.710549 0.000000
vt 0.711392 0.000000
vt 0.712236 0.000000
vt 0.713080 0.000000
vt 0.713924 0.000000
vt 0.714768 0.000000
vt 0.715612 0.000000
vt 0.716456 0.000000
vt 0.717300 0.000000
vt 0.718143 0.000000
vt 0.718987 0.000000
vt 0.719831 0.000000
vt 0.720675 0.000000
vt 0.721519 0.000000
vt 0.722363 0.000000
vt 0.723207 0.000000
vt 0.724051 0.000000
vt 0.724895 0.000000
vt 0.725738 0.000000
vt 0.726582 0.000000
vt 0.727426 0.000000
vt 0.728270 0.000000
vt 0.729114 0.000000
vt 0.729958 0.000000
vt 0.730802 0.000000
vt 0.731646 0.000000
vt 0.732489 0.000000
vt 0.733333 0.000000
vt 0.734177 0.000000
vt 0.735021 0.000000
vt 0.735865 0.000000
vt 0.736709 0.000000
vt 0.737553 0.000000
vt 0.738397 0.000000
vt 0.739241 0.000000
vt 0.740084 0.000000
vt 0.740928 0.000000
vt 0.741772 0.000000
vt 0.742616 0.000000
vt 0.743460 0.000000
vt 0.744304 0.000000
vt 0.745148 0.000000
vt 0.745992 0.000000
vt 0.746835 0.000000
vt 0.747679 0.000000
vt 0.748523 0.000000
vt 0.749367 0.000000
vt 0.750211 0.000000
vt 0.751055 0.000000
vt 0.751899 0.000000
vt 0.752743 0.000000
vt 0.753586 0.000000
vt 0.754430 0.000000
vt 0.755274 0.000000
vt 0.756118 0.000000
vt 0.756962 0.000000
vt 0.757806 0.000000
vt 0.758650 0.000000
vt 0.759494 0.000000
vt 0.760338 0.000000
vt 0.761181 0.000000
vt 0.762025 0.000000
vt 0.762869 0.000000
vt 0.763713 0.000000
vt 0.764557 0.000000
vt 0.765401 0.000000
vt 0.766245 0.000000
vt 0.767089 0.000000
vt 0.767932 0.000000
vt 0.768776 0.000000
vt 0.769620 0.000000
vt 0.770464 0.000000
vt 0.771308 0.000000
vt 0.772152 0.000000
vt 0.772996 0.000000
vt 0.773840 0.000000
vt 0.774684 0.000000
vt 0.775527 0.000000
vt 0.776371 0.000000
vt 0.777215 0.000000
vt 0.778059 0.000000
vt 0.778903 0.000000
vt 0.779747 0.000000
vt 0.780591 0.000000
vt 0.781435 0.000000
vt 0.782278 0.000000
vt 0.783122 0.000000
vt 0.783966 0.000000
vt 0.784810 0.000000
vt 0.785654 0.000000
vt 0.786498 0.000000
vt 0.787342 0.000000
vt 0.788186 0.000000
vt 0.789030 0.000000
vt 0.789873 0.000000
vt 0.790717 0.000000
vt 0.791561 0.000000
vt 0.792405 0.000000
vt 0.793249 0.000000
vt 0.794093 0.000000
vt 0.794937 0.000000
vt 0.795781 0.000000
vt 0.796624 0.000000
vt 0.797468 0.000000
vt 0.798312 0.000000
vt 0.799156 0.000000
vt 0.800000 0.000000
vt 0.800844 0.000000
vt 0.801688 0.000000
vt 0.802532 0.000000
vt 0.803376 0.000000
vt 0.804219 0.000000
vt 0.805063 0.000000
vt 0.805907 0.000000
vt 0.806751 0.000000
vt 0.807595 0.000000
vt 0.808439 0.000000
vt 0.809283 0.000000
vt 0.810127 0.000000
vt 0.810970 0.000000
vt 0.811814 0.000000
vt 0.812658 0.000000
vt 0.813502 0.000000
vt 0.814346 0.000000
vt 0.815190 0.000000
vt 0.816034 0.000000
vt 0.816878 0.000000
vt 0.817722 0.000000
vt 0.818565 0.000000
vt 0.819409 0.000000
vt 0.820253 0.000000
vt 0.821097 0.000000
vt 0.821941 0.000000
vt 0.822785 0.000000
vt 0.823629 0.000000
vt 0.824473 0.000000
vt 0.825316 0.000000
vt 0.826160 0.000000
vt 0.827004 0.000000
vt 0.827848 0.000000
vt 0.828692 0.000000
vt 0.829536 0.000000
vt 0.830380 0.000000
vt 0.831224 0.000000
vt 0.832067 0.000000
vt 0.832911 0.000000
vt 0.833755 0.000000
vt 0.834599 0.000000
vt 0.835443 0.000000
vt 0.836287 0.000000
vt 0.837131 0.000000
vt 0.837975 0.000000
vt 0.838819 0.000000
vt 0.839662 0.000000
vt 0.840506 0.000000
vt 0.841350 0.000000
vt 0.842194 0.000000
vt 0.843038 0.000000
vt 0.843882 0.000000
vt 0.844726 0.000000
vt 0.845570 0.000000
vt 0.846413 0.000000
vt 0.847257 0.000000
vt 0.848101 0.000000
vt 0.848945 0.000000
vt 0.849789 0.000000
vt 0.850633 0.000000
vt 0.851477 0.000000
vt 0.852321 0.000000
vt 0.853165 0.000000
vt 0.854008 0.000000
vt 0.854852 0.000000
vt 0.855696 0.000000
vt 0.856540 0.000000
vt 0.857384 0.000000
vt 0.858228 0.000000
vt 0.859072 0.000000
vt 0.859916 0.000000
vt 0.860759 0.000000
vt 0.861603 0.000000
vt 0.862447 0.000000
vt 0.863291 0.000000
vt 0.864135 0.000000
vt 0.864979 0.000000
vt 0.865823 0.000000
vt 0.866667 0.000000
vt 0.867511 0.000000
vt 0.868354 0.000000
vt 0.869198 0.000000
vt 0.870042 0.000000
vt 0.870886 0.000000
vt 0.871730 0.000000
vt 0.872574 0.000000
vt 0.873418 0.000000
vt 0.874262 0.000000
vt 0.875106 0.000000
vt 0.875949 0.000000
vt 0.876793 0.000000
vt 0.877637 0.000000
vt 0.878481 0.000000
vt 0.879325 0.000000
vt 0.880169 0.000000
vt 0.881013 0.000000
vt 0.881857 0.000000
vt 0.882700 0.000000
vt 0.883544 0.000000
vt 0.884388 0.000000
vt 0.885232 0.000000
vt 0.886076 0.000000
vt 0.886920 0.000000
vt 0.887764 0.000000
vt 0.888608 0.000000
vt 0.889452 0.000000
vt 0.890295 0.000000
vt 0.891139 0.000000
vt 0.891983 0.000000
vt 0.892827 0.000000
vt 0.893671 0.000000
vt 0.894515 0.000000
vt 0.895359 0.000000
vt 0.896203 0.000000
vt 0.897046 0.000000
vt 0.897890 0.000000
vt 0.898734 0.000000
vt 0.899578 0.000000
vt 0.900422 0.000000
vt 0.901266 0.000000
vt 0.902110 0.000000
vt 0.902954 0.000000
vt 0.903797 0.000000
vt 0.904641 0.000000
vt 0.905485 0.000000
vt 0.906329 0.000000
vt 0.907173 0.000000
vt 0.908017 0.000000
vt 0.908861 0.000000
vt 0.909705 0.000000
vt 0.910549 0.000000
vt 0.911392 0.000000
vt 0.912236 0.000000
vt 0.913080 0.000000
vt 0.913924 0.000000
vt 0.914768 0.000000
vt 0.915612 0.000000
vt 0.916456 0.000000
vt 0.917300 0.000000
vt 0.918143 0.000000
vt 0.918987 0.000000
vt 0.919831 0.000000
vt 0.920675 0.000000
vt 0.921519 0.000000
vt 0.922363 0.000000
vt 0.923207 0.000000
vt 0.924051 0.000000
vt 0.924895 0.000000
vt 0.925738 0.000000
vt 0.926582 0.000000
vt 0.927426 0.000000
vt 0.928270 0.000000
vt 0.929114 0.000000
vt 0.929958 0.000000
vt 0.930802 0.000000
vt 0.931646 0.000000
vt 0.932489 0.000000
vt 0.933333 0.000000
vt 0.934177 0.000000
vt 0.935021 0.000000
vt 0.935865 0.000000
vt 0.936709 0.000000
vt 0.937553 0.000000
vt 0.938397 0.000000
vt 0.939241 0.000000
vt 0.940084 0.000000
vt 0.940928 0.000000
vt 0.941772 0.000000
vt 0.942616 0.000000
vt 0.943460 0.000000
vt 0.944304 0.000000
vt 0.945148 0.000000
vt 0.945992 0.000000
vt 0.946835 0.000000
vt 0.947679 0.000000
vt 0.948523 0.000000
vt 0.949367 0.000000
vt 0.950211 0.000000
vt 0.951055 0.000000
vt 0.951899 0.000000
vt 0.952743 0.000000
vt 0.953587 0.000000
vt 0.954430 0.000000
vt 0.955274 0.000000
vt 0.956118 0.000000
vt 0.956962 0.000000
vt 0.957806 0.000000
vt 0.958650 0.000000
vt 0.959494 0.000000
vt 0.960338 0.000000
vt 0.961181 0.000000
vt 0.962025 0.000000
vt 0.962869 0.000000
vt 0.963713 0.000000
vt 0.964557 0.000000
vt 0.965401 0.000000
vt 0.966245 0.000000
vt 0.967089 0.000000
vt 0.967932 0.000000
vt 0.968776 0.000000
vt 0.969620 0.000000
vt 0.970464 0.000000
vt 0.971308 0.000000
vt 0.972152 0.000000
vt 0.972996 0.000000
vt 0.973840 0.000000
vt 0.974684 0.000000
vt 0.975527 0.000000
vt 0.976371 0.000000
vt 0.977215 0.000000
vt 0.978059 0.000000
vt 0.978903 0.000000
vt 0.979747 0.000000
vt 0.980591 0.000000
vt 0.981435 0.000000
vt 0.982278 0.000000
vt 0.983122 0.000000
vt 0.983966 0.000000
vt 0.984810 0.000000
vt 0.985654 0.000000
vt 0.986498 0.000000
vt 0.987342 0.000000
vt 0.988186 0.000000
vt 0.989030 0.000000
vt 0.989873 0.000000
vt 0.990717 0.000000
vt 0.991561 0.000000
vt 0.992405 0.000000
vt 0.993249 0.000000
vt 0.994093 0.000000
vt 0.994937 0.000000
vt 0.995781 0.000000
vt 0.996624 0.000000
vt 0.997468 0.000000
vt 0.998312 0.000000
vt 0.999156 0.000000
vt 1.000000 0.000000
vt 0.000000 0.000000
vt 0.006289 0.000000
vt 0.012579 0.000000
vt 0.018868 0.000000
vt 0.025157 0.000000
vt 0.031447 0.000000
vt 0.037736 0.000000
vt 0.044025 0.000000
vt 0.050314 0.000000
vt 0.056604 0.000000
vt 0.062893 0.000000
vt 0.069182 0.000000
vt 0.075472 0.000000
vt 0.081761 0.000000
vt 0.088050 0.000000
vt 0.094340 0.000000
vt 0.100629 0.000000
vt 0.106918 0.000000
vt 0.113208 0.000000
vt 0.119497 0.000000
vt 0.125786 0.000000
vt 0.132075 0.000000
vt 0.138365 0.000000
vt 0.144654 0.000000
vt 0.150943 0.000000
vt 0.157233 0.000000
vt 0.163522 0.000000
vt 0.169811 0.000000
vt 0.176101 0.000000
vt 0.182390 0.000000
vt 0.188679 0.000000
vt 0.194969 0.000000
vt 0.201258 0.000000
vt 0.207547 0.000000
vt 0.213836 0.000000
vt 0.220126 0.000000
vt 0.226415 0.000000
vt 0.232704 0.000000
vt 0.238994 0.000000
vt 0.245283 0.000000
vt 0.251572 0.000000
vt 0.257862 0.000000
vt 0.264151 0.000000
vt 0.270440 0.000000
vt 0.276730 0.000000
vt 0.283019 0.000000
vt 0.289308 0.000000
vt 0.295597 0.000000
vt 0.301887 0.000000
vt 0.308176 0.000000
vt 0.314465 0.000000
vt 0.320755 0.000000
vt 0.327044 0.000000
vt 0.333333 0.000000
vt 0.339623 0.000000
vt 0.345912 0.000000
vt 0.352201 0.000000
vt 0.358491 0.000000
vt 0.364780 0.000000
vt 0.371069 0.000000
vt 0.377358 0.000000
vt 0.383648 0.000000
vt 0.389937 0.000000
vt 0.396226 0.000000
vt 0.402516 0.000000
vt 0.408805 0.000000
vt 0.415094 0.000000
vt 0.421384 0.000000
vt 0.427673 0.000000
vt 0.433962 0.000000
vt 0.440252 0.000000
vt 0.446541 0.000000
vt 0.452830 0.000000
vt 0.459119 0.000000
vt 0.465409 0.000000
vt 0.471698 0.000000
vt 0.477987 0.000000
vt 0.484277 0.000000
vt 0.490566 0.000000
vt 0.496855 0.000000
vt 0.503145 0.000000
vt 0.509434 0.000000
vt 0.515723 0.000000
vt 0.522013 0.000000
vt 0.528302 0.000000
vt 0.534591 0.000000
vt 0.540881 0.000000
vt 0.547170 0.000000
vt 0.553459 0.000000
vt 0.559748 0.000000
vt 0.566038 0.000000
vt 0.572327 0.000000
vt 0.578616 0.000000
vt 0.584906 0.000000
vt 0.591195 0.000000
vt 0.597484 0.000000
vt 0.603774 0.000000
vt 0.610063 0.000000
vt 0.616352 0.000000
vt 0.622642 0.000000
vt 0.628931 0.000000
vt 0.635220 0.000000
vt 0.641509 0.000000
vt 0.647799 0.000000
vt 0.654088 0.000000
vt 0.660377 0.000000
vt 0.666667 0.000000
vt 0.672956 0.000000
vt 0.679245 0.000000
vt 0.685535 0.000000
vt 0.691824 0.000000
vt 0.698113 0.000000
vt 0.704403 0.000000
vt 0.710692 0.000000
vt 0.716981 0.000000
vt 0.723270 0.000000
vt 0.729560 0.000000
vt 0.735849 0.000000
vt 0.742138 0.000000
vt 0.748428 0.000000
vt 0.754717 0.000000
vt 0.761006 0.000000
vt 0.767296 0.000000
vt 0.773585 0.000000
vt 0.779874 0.000000
vt 0.786164 0.000000
vt 0.792453 0.000000
vt 0.798742 0.000000
vt 0.805031 0.000000
vt 0.811321 0.000000
vt 0.817610 0.000000
vt 0.823899 0.000000
vt 0.830189 0.000000
vt 0.836478 0.000000
vt 0.842767 0.000000
vt 0.849057 0.000000
vt 0.855346 0.000000
vt 0.861635 0.000000
vt 0.867925 0.000000
vt 0.874214 0.000000
vt 0.880503 0.000000
vt 0.886792 0.000000
vt 0.893082 0.000000
vt 0.899371 0.000000
vt 0.905660 0.000000
vt 0.911950 0.000000
vt 0.918239 0.000000
vt 0.924528 0.000000
vt 0.930818 0.000000
vt 0.937107 0.000000
vt 0.943396 0.000000
vt 0.949686 0.000000
vt 0.955975 0.000000
vt 0.962264 0.000000
vt 0.968553 0.000000
vt 0.974843 0.000000
vt 0.981132 0.000000
vt 0.987421 0.000000
vt 0.993711 0.000000
vt 1.000000 0.000000
vt 0.000000 0.000000
vt 0.000844 0.000000
vt 0.001688 0.000000
vt 0.002532 0.000000
vt 0.003376 0.000000
vt 0.004219 0.000000
vt 0.005063 0.000000
vt 0.005907 0.000000
vt 0.006751 0.000000
vt 0.007595 0.000000
vt 0.008439 0.000000
vt 0.009283 0.000000
vt 0.010127 0.000000
vt 0.010970 0.000000
vt 0.011814 0.000000
vt 0.012658 0.000000
vt 0.013502 0.000000
vt 0.014346 0.000000
vt 0.015190 0.000000
vt 0.016034 0.000000
vt 0.016878 0.000000
vt 0.017722 0.000000
vt 0.018565 0.000000
vt 0.019409 0.000000
vt 0.020253 0.000000
vt 0.021097 0.000000
vt 0.021941 0.000000
vt 0.022785 0.000000
vt 0.023629 0.000000
vt 0.024473 0.000000
vt 0.025316 0.000000
vt 0.026160 0.000000
vt 0.027004 0.000000
vt 0.027848 0.000000
vt 0.028692 0.000000
vt 0.029536 0.000000
vt 0.030380 0.000000
vt 0.031224 0.000000
vt 0.032068 0.000000
vt 0.032911 0.000000
vt 0.033755 0.000000
vt 0.034599 0.000000
vt 0.035443 0.000000
vt 0.036287 0.000000
vt 0.037131 0.000000
vt 0.037975 0.000000
vt 0.038819 0.000000
vt 0.039662 0.000000
vt 0.040506 0.000000
vt 0.041350 0.000000
vt 0.042194 0.000000
vt 0.043038 0.000000
vt 0.043882 0.000000
vt 0.044726 0.000000
vt 0.045570 0.000000
vt 0.046414 0.000000
vt 0.047257 0.000000
vt 0.048101 0.000000
vt 0.048945 0.000000
vt 0.049789 0.000000
vt 0.050633 0.000000
vt 0.051477 0.000000
vt 0.052321 0.000000
vt 0.053165 0.000000
vt 0.054008 0.000000
vt 0.054852 0.000000
vt 0.055696 0.000000
vt 0.056540 0.000000
vt 0.057384 0.000000
vt 0.058228 0.000000
vt 0.059072 0.000000
vt 0.059916 0.000000
vt 0.060759 0.000000
vt 0.061603 0.000000
vt 0.062447 0.000000
vt 0.063291 0.000000
vt 0.064135 0.000000
vt 0.064979 0.000000
vt 0.065823 0.000000
vt 0.066667 0.000000
vt 0.067511 0.000000
vt 0.068354 0.000000
vt 0.069198 0.000000
vt 0.070042 0.000000
vt 0.070886 0.000000
vt 0.071730 0.000000
vt 0.072574 0.000000
vt 0.073418 0.000000
vt 0.074262 0.000000
vt 0.075105 0.000000
vt 0.075949 0.000000
vt 0.076793 0.000000
vt 0.077637 0.000000
vt 0.078481 0.000000
vt 0.079325 0.000000
vt 0.080169 0.000000
vt 0.081013 0.000000
vt 0.081857 0.000000
vt 0.082700 0.000000
vt 0.083544 0.000000
vt 0.084388 0.000000
vt 0.085232 0.000000
vt 0.086076 0.000000
vt 0.086920 0.000000
vt 0.087764 0.000000
vt 0.088608 0.000000
vt 0.089451 0.000000
vt 0.090295 0.000000
vt 0.091139 0.000000
vt 0.091983 0.000000
vt 0.092827 0.000000
vt 0.093671 0.000000
vt 0.094515 0.000000
vt 0.095359 0.000000
vt 0.096203 0.000000
vt 0.097046 0.000000
vt 0.097890 0.000000
vt 0.098734 0.000000
vt 0.099578 0.000000
vt 0.100422 0.000000
vt 0.101266 0.000000
vt 0.102110 0.000000
vt 0.102954 0.000000
vt 0.103797 0.000000
vt 0.104641 0.000000
vt 0.105485 0.000000
vt 0.106329 0.000000
vt 0.107173 0.000000
vt 0.108017 0.000000
vt 0.108861 0.000000
vt 0.109705 0.000000
vt 0.110549 0.000000
vt 0.111392 0.000000
vt 0.112236 0.000000
vt 0.113080 0.000000
vt 0.113924 0.000000
vt 0.114768 0.000000
vt 0.115612 0.000000
vt 0.116456 0.000000
vt 0.117300 0.000000
vt 0.118143 0.000000
vt 0.118987 0.000000
vt 0.119831 0.000000
vt 0.120675 0.000000
vt 0.121519 0.000000
vt 0.122363 0.000000
vt 0.123207 0.000000
vt 0.124051 0.000000
vt 0.124895 0.000000
vt 0.125738 0.000000
vt 0.126582 0.000000
vt 0.127426 0.000000
vt 0.128270 0.000000
vt 0.129114 0.000000
vt 0.129958 0.000000
vt 0.130802 0.000000
vt 0.131646 0.000000
vt 0.132489 0.000000
vt 0.133333 0.000000
vt 0.134177 0.000000
vt 0.135021 0.000000
vt 0.135865 0.000000
vt 0.136709 0.000000
vt 0.137553 0.000000
vt 0.138397 0.000000
vt 0.139241 0.000000
vt 0.140084 0.000000
vt 0.140928 0.000000
vt 0.141772 0.000000
vt 0.142616 0.000000
vt 0.143460 0.000000
vt 0.144304 0.000000
vt 0.145148 0.000000
vt 0.145992 0.000000
vt 0.146835 0.000000
vt 0.147679 0.000000
vt 0.148523 0.000000
vt 0.149367 0.000000
vt 0.150211 0.000000
vt 0.151055 0.000000
vt 0.151899 0.000000
vt 0.152743 0.000000
vt 0.153586 0.000000
vt 0.154430 0.000000
vt 0.155274 0.000000
vt 0.156118 0.000000
vt 0.156962 0.000000
vt 0.157806 0.000000
vt 0.158650 0.000000
vt 0.159494 0.000000
vt 0.160338 0.000000
vt 0.161181 0.000000
vt 0.162025 0.000000
vt 0.162869 0.000000
vt 0.163713 0.000000
vt 0.164557 0.000000
vt 0.165401 0.000000
vt 0.166245 0.000000
vt 0.167089 0.000000
vt 0.167932 0.000000
vt 0.168776 0.000000
vt 0.169620 0.000000
vt 0.170464 0.000000
vt 0.171308 0.000000
vt 0.172152 0.000000
vt 0.172996 0.000000
vt 0.173840 0.000000
vt 0.174684 0.000000
vt 0.175527 0.000000
vt 0.176371 0.000000
vt 0.177215 0.000000
vt 0.178059 0.000000
vt 0.178903 0.000000
vt 0.179747 0.000000
vt 0.180591 0.000000
vt 0.181435 0.000000
vt 0.182278 0.000000
vt 0.183122 0.000000
vt 0.183966 0.000000
vt 0.184810 0.000000
vt 0.185654 0.000000
vt 0.186498 0.000000
vt 0.187342 0.000000
vt 0.188186 0.000000
vt 0.189030 0.000000
vt 0.189873 0.000000
vt 0.190717 0.000000
vt 0.191561 0.000000
vt 0.192405 0.000000
vt 0.193249 0.000000
vt 0.194093 0.000000
vt 0.194937 0.000000
vt 0.195781 0.000000
vt 0.196624 0.000000
vt 0.197468 0.000000
vt 0.198312 0.000000
vt 0.199156 0.000000
vt 0.200000 0.000000
vt 0.200844 0.000000
vt 0.201688 0.000000
vt 0.202532 0.000000
vt 0.203376 0.000000
vt 0.204219 0.000000
vt 0.205063 0.000000
vt 0.205907 0.000000
vt 0.206751 0.000000
vt 0.207595 0.000000
vt 0.208439 0.000000
vt 0.209283 0.000000
vt 0.210127 0.000000
vt 0.210970 0.000000
vt 0.211814 0.000000
vt 0.212658 0.000000
vt 0.213502 0.000000
vt 0.214346 0.000000
vt 0.215190 0.000000
vt 0.216034 0.000000
vt 0.216878 0.000000
vt 0.217722 0.000000
vt 0.218565 0.000000
vt 0.219409 0.000000
vt 0.220253 0.000000
vt 0.221097 0.000000
vt 0.221941 0.000000
vt 0.222785 0.000000
vt 0.223629 0.000000
vt 0.224473 0.000000
vt 0.225316 0.000000
vt 0.226160 0.000000
vt 0.227004 0.000000
vt 0.227848 0.000000
vt 0.228692 0.000000
vt 0.229536 0.000000
vt 0.230380 0.000000
vt 0.231224 0.000000
vt 0.232068 0.000000
vt 0.232911 0.000000
vt 0.233755 0.000000
vt 0.234599 0.000000
vt 0.235443 0.000000
vt 0.236287 0.000000
vt 0.237131 0.000000
vt 0.237975 0.000000
vt 0.238819 0.000000
vt 0.239662 0.000000
vt 0.240506 0.000000
vt 0.241350 0.000000
vt 0.242194 0.000000
vt 0.243038 0.000000
vt 0.243882 0.000000
vt 0.244726 0.000000
vt 0.245570 0.000000
vt 0.246413 0.000000
vt 0.247257 0.000000
vt 0.248101 0.000000
vt 0.248945 0.000000
vt 0.249789 0.000000
vt 0.250633 0.000000
vt 0.251477 0.000000
vt 0.252321 0.000000
vt 0.253165 0.000000
vt 0.254008 0.000000
vt 0.254852 0.000000
vt 0.255696 0.000000
vt 0.256540 0.000000
vt 0.257384 0.000000
vt 0.258228 0.000000
vt 0.259072 0.000000
vt 0.259916 0.000000
vt 0.260760 0.000000
vt 0.261603 0.000000
vt 0.262447 0.000000
vt 0.263291 0.000000
vt 0.264135 0.000000
vt 0.264979 0.000000
vt 0.265823 0.000000
vt 0.266667 0.000000
vt 0.267511 0.000000
vt 0.268354 0.000000
vt 0.269198 0.000000
vt 0.270042 0.000000
vt 0.270886 0.000000
vt 0.271730 0.000000
vt 0.272574 0.000000
vt 0.273418 0.000000
vt 0.274262 0.000000
vt 0.275105 0.000000
vt 0.275949 0.000000
vt 0.276793 0.000000
vt 0.277637 0.000000
vt 0.278481 0.000000
vt 0.279325 0.000000
vt 0.280169 0.000000
vt 0.281013 0.000000
vt 0.281857 0.000000
vt 0.282700 0.000000
vt 0.283544 0.000000
vt 0.284388 0.000000
vt 0.285232 0.000000
vt 0.286076 0.000000
vt 0.286920 0.000000
vt 0.287764 0.000000
vt 0.288608 0.000000
vt 0.289451 0.000000
vt 0.290295 0.000000
vt 0.291139 0.000000
vt 0.291983 0.000000
vt 0.292827 0.000000
vt 0.293671 0.000000
vt 0.294515 0.000000
vt 0.295359 0.000000
vt 0.296203 0.000000
vt 0.297046 0.000000
vt 0.297890 0.000000
vt 0.298734 0.000000
vt 0.299578 0.000000
vt 0.300422 0.000000
vt 0.301266 0.000000
vt 0.302110 0.000000
vt 0.302954 0.000000
vt 0.303797 0.000000
vt 0.304641 0.000000
vt 0.305485 0.000000
vt 0.306329 0.000000
vt 0.307173 0.000000
vt 0.308017 0.000000
vt 0.308861 0.000000
vt 0.309705 0.000000
vt 0.310549 0.000000
vt 0.311392 0.000000
vt 0.312236 0.000000
vt 0.313080 0.000000
vt 0.313924 0.000000
vt 0.314768 0.000000
vt 0.315612 0.000000
vt 0.316456 0.000000
vt 0.317300 0.000000
vt 0.318143 0.000000
vt 0.318987 0.000000
vt 0.319831 0.000000
vt 0.320675 0.000000
vt 0.321519 0.000000
vt 0.322363 0.000000
vt 0.323207 0.000000
vt 0.324051 0.000000
vt 0.324895 0.000000
vt 0.325738 0.000000
vt 0.326582 0.000000
vt 0.327426 0.000000
vt 0.328270 0.000000
vt 0.329114 0.000000
vt 0.329958 0.000000
vt 0.330802 0.000000
vt 0.331646 0.000000
vt 0.332489 0.000000
vt 0.333333 0.000000
vt 0.334177 0.000000
vt 0.335021 0.000000
vt 0.335865 0.000000
vt 0.336709 0.000000
vt 0.337553 0.000000
vt 0.338397 0.000000
vt 0.339241 0.000000
vt 0.340084 0.000000
vt 0.340928 0.000000
vt 0.341772 0.000000
vt 0.342616 0.000000
vt 0.343460 0.000000
vt 0.344304 0.000000
vt 0.345148 0.000000
vt 0.345992 0.000000
vt 0.346835 0.000000
vt 0.347679 0.000000
vt 0.348523 0.000000
vt 0.349367 0.000000
vt 0.350211 0.000000
vt 0.351055 0.000000
vt 0.351899 0.000000
vt 0.352743 0.000000
vt 0.353586 0.000000
vt 0.354430 0.000000
vt 0.355274 0.000000
vt 0.356118 0.000000
vt 0.356962 0.000000
vt 0.357806 0.000000
vt 0.358650 0.000000
vt 0.359494 0.000000
vt 0.360338 0.000000
vt 0.361181 0.000000
vt 0.362025 0.000000
vt 0.362869 0.000000
vt 0.363713 0.000000
vt 0.364557 0.000000
vt 0.365401 0.000000
vt 0.366245 0.000000
vt 0.367089 0.000000
vt 0.367932 0.000000
vt 0.368776 0.000000
vt 0.369620 0.000000
vt 0.370464 0.000000
vt 0.371308 0.000000
vt 0.372152 0.000000
vt 0.372996 0.000000
vt 0.373840 0.000000
vt 0.374684 0.000000
vt 0.375527 0.000000
vt 0.376371 0.000000
vt 0.377215 0.000000
vt 0.378059 0.000000
vt 0.378903 0.000000
vt 0.379747 0.000000
vt 0.380591 0.000000
vt 0.381435 0.000000
vt 0.382278 0.000000
vt 0.383122 0.000000
vt 0.383966 0.000000
vt 0.384810 0.000000
vt 0.385654 0.000000
vt 0.386498 0.000000
vt 0.387342 0.000000
vt 0.388186 0.000000
vt 0.389030 0.000000
vt 0.389873 0.000000
vt 0.390717 0.000000
vt 0.391561 0.000000
vt 0.392405 0.000000
vt 0.393249 0.000000
vt 0.394093 0.000000
vt 0.394937 0.000000
vt 0.395781 0.000000
vt 0.396624 0.000000
vt 0.397468 0.000000
vt 0.398312 0.000000
vt 0.399156 0.000000
vt 0.400000 0.000000
vt 0.400844 0.000000
vt 0.401688 0.000000
vt 0.402532 0.000000
vt 0.403376 0.000000
vt 0.404219 0.000000
vt 0.405063 0.000000
vt 0.405907 0.000000
vt 0.406751 0.000000
vt 0.407595 0.000000
vt 0.408439 0.000000
vt 0.409283 0.000000
vt 0.410127 0.000000
vt 0.410970 0.000000
vt 0.411814 0.000000
vt 0.412658 0.000000
vt 0.413502 0.000000
vt 0.414346 0.000000
vt 0.415190 0.000000
vt 0.416034 0.000000
vt 0.416878 0.000000
vt 0.417722 0.000000
vt 0.418565 0.000000
vt 0.419409 0.000000
vt 0.420253 0.000000
vt 0.421097 0.000000
vt 0.421941 0.000000
vt 0.422785 0.000000
vt 0.423629 0.000000
vt 0.424473 0.000000
vt 0.425316 0.000000
vt 0.426160 0.000000
vt 0.427004 0.000000
vt 0.427848 0.000000
vt 0.428692 0.000000
vt 0.429536 0.000000
vt 0.430380 0.000000
vt 0.431224 0.000000
vt 0.432068 0.000000
vt 0.432911 0.000000
vt 0.433755 0.000000
vt 0.434599 0.000000
vt 0.435443 0.000000
vt 0.436287 0.000000
vt 0.437131 0.000000
vt 0.437975 0.000000
vt 0.438819 0.000000
vt 0.439662 0.000000
vt 0.440506 0.000000
vt 0.441350 0.000000
vt 0.442194 0.000000
vt 0.443038 0.000000
vt 0.443882 0.000000
vt 0.444726 0.000000
vt 0.445570 0.000000
vt 0.446414 0.000000
vt 0.447257 0.000000
vt 0.448101 0.000000
vt 0.448945 0.000000
vt 0.449789 0.000000
vt 0.450633 0.000000
vt 0.451477 0.000000
vt 0.452321 0.000000
vt 0.453165 0.000000
vt 0.454008 0.000000
vt 0.454852 0.000000
vt 0.455696 0.000000
vt 0.456540 0.000000
vt 0.457384 0.000000
vt 0.458228 0.000000
vt 0.459072 0.000000
vt 0.459916 0.000000
vt 0.460759 0.000000
vt 0.461603 0.000000
vt 0.462447 0.000000
vt 0.463291 0.000000
vt 0.464135 0.000000
vt 0.464979 0.000000
vt 0.465823 0.000000
vt 0.466667 0.000000
vt 0.467511 0.000000
vt 0.468354 0.000000
vt 0.469198 0.000000
vt 0.470042 0.000000
vt 0.470886 0.000000
vt 0.471730 0.000000
vt 0.472574 0.000000
vt 0.473418 0.000000
vt 0.474262 0.000000
vt 0.475105 0.000000
vt 0.475949 0.000000
vt 0.476793 0.000000
vt 0.477637 0.000000
vt 0.478481 0.000000
vt 0.479325 0.000000
vt 0.480169 0.000000
vt 0.481013 0.000000
vt 0.481857 0.000000
vt 0.482700 0.000000
vt 0.483544 0.000000
vt 0.484388 0.000000
vt 0.485232 0.000000
vt 0.486076 0.000000
vt 0.486920 0.000000
vt 0.487764 0.000000
vt 0.488608 0.000000
vt 0.489451 0.000000
vt 0.490295 0.000000
vt 0.491139 0.000000
vt 0.491983 0.000000
vt 0.492827 0.000000
vt 0.493671 0.000000
vt 0.494515 0.000000
vt 0.495359 0.000000
vt 0.496203 0.000000
vt 0.497046 0.000000
vt 0.497890 0.000000
vt 0.498734 0.000000
vt 0.499578 0.000000
vt 0.500422 0.000000
vt 0.501266 0.000000
vt 0.502110 0.000000
vt 0.502954 0.000000
vt 0.503797 0.000000
vt 0.504641 0.000000
vt 0.505485 0.000000
vt 0.506329 0.000000
vt 0.507173 0.000000
vt 0.508017 0.000000
vt 0.508861 0.000000
vt 0.509705 0.000000
vt 0.510549 0.000000
vt 0.511392 0.000000
vt 0.512236 0.000000
vt 0.513080 0.000000
vt 0.513924 0.000000
vt 0.514768 0.000000
vt 0.515612 0.000000
vt 0.516456 0.000000
vt 0.517300 0.000000
vt 0.518143 0.000000
vt 0.518987 0.000000
vt 0.519831 0.000000
vt 0.520675 0.000000
vt 0.521519 0.000000
vt 0.522363 0.000000
vt 0.523207 0.000000
vt 0.524051 0.000000
vt 0.524895 0.000000
vt 0.525738 0.000000
vt 0.526582 0.000000
vt 0.527426 0.000000
vt 0.528270 0.000000
vt 0.529114 0.000000
vt 0.529958 0.000000
vt 0.530802 0.000000
vt 0.531646 0.000000
vt 0.532489 0.000000
vt 0.533333 0.000000
vt 0.534177 0.000000
vt 0.535021 0.000000
vt 0.535865 0.000000
vt 0.536709 0.000000
vt 0.537553 0.000000
vt 0.538397 0.000000
vt 0.539240 0.000000
vt 0.540084 0.000000
vt 0.540928 0.000000
vt 0.541772 0.000000
vt 0.542616 0.000000
vt 0.543460 0.000000
vt 0.544304 0.000000
vt 0.545148 0.000000
vt 0.545992 0.000000
vt 0.546835 0.000000
vt 0.547679 0.000000
vt 0.548523 0.000000
vt 0.549367 0.000000
vt 0.550211 0.000000
vt 0.551055 0.000000
vt 0.551899 0.000000
vt 0.552743 0.000000
vt 0.553586 0.000000
vt 0.554430 0.000000
vt 0.555274 0.000000
vt 0.556118 0.000000
vt 0.556962 0.000000
vt 0.557806 0.000000
vt 0.558650 0.000000
vt 0.559494 0.000000
vt 0.560338 0.000000
vt 0.561181 0.000000
vt 0.562025 0.000000
vt 0.562869 0.000000
vt 0.563713 0.000000
vt 0.564557 0.000000
vt 0.565401 0.000000
vt 0.566245 0.000000
vt 0.567089 0.000000
vt 0.567932 0.000000
vt 0.568776 0.000000
vt 0.569620 0.000000
vt 0.570464 0.000000
vt 0.571308 0.000000
vt 0.572152 0.000000
vt 0.572996 0.000000
vt 0.573840 0.000000
vt 0.574684 0.000000
vt 0.575527 0.000000
vt 0.576371 0.000000
vt 0.577215 0.000000
vt 0.578059 0.000000
vt 0.578903 0.000000
vt 0.579747 0.000000
vt 0.580591 0.000000
vt 0.581435 0.000000
vt 0.582278 0.000000
vt 0.583122 0.000000
vt 0.583966 0.000000
vt 0.584810 0.000000
vt 0.585654 0.000000
vt 0.586498 0.000000
vt 0.587342 0.000000
vt 0.588186 0.000000
vt 0.589030 0.000000
vt 0.589873 0.000000
vt 0.590717 0.000000
vt 0.591561 0.000000
vt 0.592405 0.000000
vt 0.593249 0.000000
vt 0.594093 0.000000
vt 0.594937 0.000000
vt 0.595781 0.000000
vt 0.596624 0.000000
vt 0.597468 0.000000
vt 0.598312 0.000000
vt 0.599156 0.000000
vt 0.600000 0.000000
vt 0.600844 0.000000
vt 0.601688 0.000000
vt 0.602532 0.000000
vt 0.603376 0.000000
vt 0.604219 0.000000
vt 0.605063 0.000000
vt 0.605907 0.000000
vt 0.606751 0.000000
vt 0.607595 0.000000
vt 0.608439 0.000000
vt 0.609283 0.000000
vt 0.610127 0.000000
vt 0.610970 0.000000
vt 0.611814 0.000000
vt 0.612658 0.000000
vt 0.613502 0.000000
vt 0.614346 0.000000
vt 0.615190 0.000000
vt 0.616034 0.000000
vt 0.616878 0.000000
vt 0.617721 0.000000
vt 0.618565 0.000000
vt 0.619409 0.000000
vt 0.620253 0.000000
vt 0.621097 0.000000
vt 0.621941 0.000000
vt 0.622785 0.000000
vt 0.623629 0.000000
vt 0.624473 0.000000
vt 0.625316 0.000000
vt 0.626160 0.000000
vt 0.627004 0.000000
vt 0.627848 0.000000
vt 0.628692 0.000000
vt 0.629536 0.000000
vt 0.630380 0.000000
vt 0.631224 0.000000
vt 0.632068 0.000000
vt 0.632911 0.000000
vt 0.633755 0.000000
vt 0.634599 0.000000
vt 0.635443 0.000000
vt 0.636287 0.000000
vt 0.637131 0.000000
vt 0.637975 0.000000
vt 0.638819 0.000000
vt 0.639662 0.000000
vt 0.640506 0.000000
vt 0.641350 0.000000
vt 0.642194 0.000000
vt 0.643038 0.000000
vt 0.643882 0.000000
vt 0.644726 0.000000
vt 0.645570 0.000000
vt 0.646414 0.000000
vt 0.647257 0.000000
vt 0.648101 0.000000
vt 0.648945 0.000000
vt 0.649789 0.000000
vt 0.650633 0.000000
vt 0.651477 0.000000
vt 0.652321 0.000000
vt 0.653165 0.000000
vt 0.654008 0.000000
vt 0.654852 0.000000
vt 0.655696 0.000000
vt 0.656540 0.000000
vt 0.657384 0.000000
vt 0.658228 0.000000
vt 0.659072 0.000000
vt 0.659916 0.000000
vt 0.660760 0.000000
vt 0.661603 0.000000
vt 0.662447 0.000000
vt 0.663291 0.000000
vt 0.664135 0.000000
vt 0.664979 0.000000
vt 0.665823 0.000000
vt 0.666667 0.000000
vt 0.667511 0.000000
vt 0.668354 0.000000
vt 0.669198 0.000000
vt 0.670042 0.000000
vt 0.670886 0.000000
vt 0.671730 0.000000
vt 0.672574 0.000000
vt 0.673418 0.000000
vt 0.674262 0.000000
vt 0.675106 0.000000
vt 0.675949 0.000000
vt 0.676793 0.000000
vt 0.677637 0.000000
vt 0.678481 0.000000
vt 0.679325 0.000000
vt 0.680169 0.000000
vt 0.681013 0.000000
vt 0.681857 0.000000
vt 0.682700 0.000000
vt 0.683544 0.000000
vt 0.684388 0.000000
vt 0.685232 0.000000
vt 0.686076 0.000000
vt 0.686920 0.000000
vt 0.687764 0.000000
vt 0.688608 0.000000
vt 0.689451 0.000000
vt 0.690295 0.000000
vt 0.691139 0.000000
vt 0.691983 0.000000
vt 0.692827 0.000000
vt 0.693671 0.000000
vt 0.694515 0.000000
vt 0.695359 0.000000
vt 0.696203 0.000000
vt 0.697046 0.000000
vt 0.697890 0.000000
vt 0.698734 0.000000
vt 0.699578 0.000000
vt 0.700422 0.000000
vt 0.701266 0.000000
vt 0.702110 0.000000
vt 0.702954 0.000000
vt 0.703797 0.000000
vt 0.704641 0.000000
vt 0.705485 0.000000
vt 0.706329 0.000000
vt 0.707173 0.000000
vt 0.708017 0.000000
vt 0.708861 0.000000
vt 0.709705 0.000000
vt 0.710549 0.000000
vt 0.711392 0.000000
vt 0.712236 0.000000
vt 0.713080 0.000000
vt 0.713924 0.000000
vt 0.714768 0.000000
vt 0.715612 0.000000
vt 0.716456 0.000000
vt 0.717300 0.000000
vt 0.718143 0.000000
vt 0.718987 0.000000
vt 0.719831 0.000000
vt 0.720675 0.000000
vt 0.721519 0.000000
vt 0.722363 0.000000
vt 0.723207 0.000000
vt 0.724051 0.000000
vt 0.724895 0.000000
vt 0.725738 0.000000
vt 0.726582 0.000000
vt 0.727426 0.000000
vt 0.728270 0.000000
vt 0.729114 0.000000
vt 0.729958 0.000000
vt 0.730802 0.000000
vt 0.731646 0.000000
vt 0.732489 0.000000
vt 0.733333 0.000000
vt 0.734177 0.000000
vt 0.735021 0.000000
vt 0.735865 0.000000
vt 0.736709 0.000000
vt 0.737553 0.000000
vt 0.738397 0.000000
vt 0.739241 0.000000
vt 0.740084 0.000000
vt 0.740928 0.000000
vt 0.741772 0.000000
vt 0.742616 0.000000
vt 0.743460 0.000000
vt 0.744304 0.000000
vt 0.745148 0.000000
vt 0.745992 0.000000
vt 0.746835 0.000000
vt 0.747679 0.000000
vt 0.748523 0.000000
vt 0.749367 0.000000
vt 0.750211 0.000000
vt 0.751055 0.000000
vt 0.751899 0.000000
vt 0.752743 0.000000
vt 0.753586 0.000000
vt 0.754430 0.000000
vt 0.755274 0.000000
vt 0.756118 0.000000
vt 0.756962 0.000000
vt 0.757806 0.000000
vt 0.758650 0.000000
vt 0.759494 0.000000
vt 0.760338 0.000000
vt 0.761181 0.000000
vt 0.762025 0.000000
vt 0.762869 0.000000
vt 0.763713 0.000000
vt 0.764557 0.000000
vt 0.765401 0.000000
vt 0.766245 0.000000
vt 0.767089 0.000000
vt 0.767932 0.000000
vt 0.768776 0.000000
vt 0.769620 0.000000
vt 0.770464 0.000000
vt 0.771308 0.000000
vt 0.772152 0.000000
vt 0.772996 0.000000
vt 0.773840 0.000000
vt 0.774684 0.000000
vt 0.775527 0.000000
vt 0.776371 0.000000
vt 0.777215 0.000000
vt 0.778059 0.000000
vt 0.778903 0.000000
vt 0.779747 0.000000
vt 0.780591 0.000000
vt 0.781435 0.000000
vt 0.782278 0.000000
vt 0.783122 0.000000
vt 0.783966 0.000000
vt 0.784810 0.000000
vt 0.785654 0.000000
vt 0.786498 0.000000
vt 0.787342 0.000000
vt 0.788186 0.000000
vt 0.789030 0.000000
vt 0.789873 0.000000
vt 0.790717 0.000000
vt 0.791561 0.000000
vt 0.792405 0.000000
vt 0.793249 0.000000
vt 0.794093 0.000000
vt 0.794937 0.000000
vt 0.795781 0.000000
vt 0.796624 0.000000
vt 0.797468 0.000000
vt 0.798312 0.000000
vt 0.799156 0.000000
vt 0.800000 0.000000
vt 0.800844 0.000000
vt 0.801688 0.000000
vt 0.802532 0.000000
vt 0.803376 0.000000
vt 0.804219 0.000000
vt 0.805063 0.000000
vt 0.805907 0.000000
vt 0.806751 0.000000
vt 0.807595 0.000000
vt 0.808439 0.000000
vt 0.809283 0.000000
vt 0.810127 0.000000
vt 0.810970 0.000000
vt 0.811814 0.000000
vt 0.812658 0.000000
vt 0.813502 0.000000
vt 0.814346 0.000000
vt 0.815190 0.000000
vt 0.816034 0.000000
vt 0.816878 0.000000
vt 0.817722 0.000000
vt 0.818565 0.000000
vt 0.819409 0.000000
vt 0.820253 0.000000
vt 0.821097 0.000000
vt 0.821941 0.000000
vt 0.822785 0.000000
vt 0.823629 0.000000
vt 0.824473 0.000000
vt 0.825316 0.000000
vt 0.826160 0.000000
vt 0.827004 0.000000
vt 0.827848 0.000000
vt 0.828692 0.000000
vt 0.829536 0.000000
vt 0.830380 0.000000
vt 0.831224 0.000000
vt 0.832067 0.000000
vt 0.832911 0.000000
vt 0.833755 0.000000
vt 0.834599 0.000000
vt 0.835443 0.000000
vt 0.836287 0.000000
vt 0.837131 0.000000
vt 0.837975 0.000000
vt 0.838819 0.000000
vt 0.839662 0.000000
vt 0.840506 0.000000
vt 0.841350 0.000000
vt 0.842194 0.000000
vt 0.843038 0.000000
vt 0.843882 0.000000
vt 0.844726 0.000000
vt 0.845570 0.000000
vt 0.846413 0.000000
vt 0.847257 0.000000
vt 0.848101 0.000000
vt 0.848945 0.000000
vt 0.849789 0.000000
vt 0.850633 0.000000
vt 0.851477 0.000000
vt 0.852321 0.000000
vt 0.853165 0.000000
vt 0.854008 0.000000
vt 0.854852 0.000000
vt 0.855696 0.000000
vt 0.856540 0.000000
vt 0.857384 0.000000
vt 0.858228 0.000000
vt 0.859072 0.000000
vt 0.859916 0.000000
vt 0.860759 0.000000
vt 0.861603 0.000000
vt 0.862447 0.000000
vt 0.863291 0.000000
vt 0.864135 0.000000
vt 0.864979 0.000000
vt 0.865823 0.000000
vt 0.866667 0.000000
vt 0.867511 0.000000
vt 0.868354 0.000000
vt 0.869198 0.000000
vt 0.870042 0.000000
vt 0.870886 0.000000
vt 0.871730 0.000000
vt 0.872574 0.000000
vt 0.873418 0.000000
vt 0.874262 0.000000
vt 0.875106 0.000000
vt 0.875949 0.000000
vt 0.876793 0.000000
vt 0.877637 0.000000
vt 0.878481 0.000000
vt 0.879325 0.000000
vt 0.880169 0.000000
vt 0.881013 0.000000
vt 0.881857 0.000000
vt 0.882700 0.000000
vt 0.883544 0.000000
vt 0.884388 0.000000
vt 0.885232 0.000000
vt 0.886076 0.000000
vt 0.886920 0.000000
vt 0.887764 0.000000
vt 0.888608 0.000000
vt 0.889452 0.000000
vt 0.890295 0.000000
vt 0.891139 0.000000
vt 0.891983 0.000000
vt 0.892827 0.000000
vt 0.893671 0.000000
vt 0.894515 0.000000
vt 0.895359 0.000000
vt 0.896203 0.000000
vt 0.897046 0.000000
vt 0.897890 0.000000
vt 0.898734 0.000000
vt 0.899578 0.000000
vt 0.900422 0.000000
vt 0.901266 0.000000
vt 0.902110 0.000000
vt 0.902954 0.000000
vt 0.903797 0.000000
vt 0.904641 0.000000
vt 0.905485 0.000000
vt 0.906329 0.000000
vt 0.907173 0.000000
vt 0.908017 0.000000
vt 0.908861 0.000000
vt 0.909705 0.000000
vt 0.910549 0.000000
vt 0.911392 0.000000
vt 0.912236 0.000000
vt 0.913080 0.000000
vt 0.913924 0.000000
vt 0.914768 0.000000
vt 0.915612 0.000000
vt 0.916456 0.000000
vt 0.917300 0.000000
vt 0.918143 0.000000
vt 0.918987 0.000000
vt 0.919831 0.000000
vt 0.920675 0.000000
vt 0.921519 0.000000
vt 0.922363 0.000000
vt 0.923207 0.000000
vt 0.924051 0.000000
vt 0.924895 0.000000
vt 0.925738 0.000000
vt 0.926582 0.000000
vt 0.927426 0.000000
vt 0.928270 0.000000
vt 0.929114 0.000000
vt 0.929958 0.000000
vt 0.930802 0.000000
vt 0.931646 0.000000
vt 0.932489 0.000000
vt 0.933333 0.000000
vt 0.934177 0.000000
vt 0.935021 0.000000
vt 0.935865 0.000000
vt 0.936709 0.000000
vt 0.937553 0.000000
vt 0.938397 0.000000
vt 0.939241 0.000000
vt 0.940084 0.000000
vt 0.940928 0.000000
vt 0.941772 0.000000
vt 0.942616 0.000000
vt 0.943460 0.000000
vt 0.944304 0.000000
vt 0.945148 0.000000
vt 0.945992 0.000000
vt 0.946835 0.000000
vt 0.947679 0.000000
vt 0.948523 0.000000
vt 0.949367 0.000000
vt 0.950211 0.000000
vt 0.951055 0.000000
vt 0.951899 0.000000
vt 0.952743 0.000000
vt 0.953587 0.000000
vt 0.954430 0.000000
vt 0.955274 0.000000
vt 0.956118 0.000000
vt 0.956962 0.000000
vt 0.957806 0.000000
vt 0.958650 0.000000
vt 0.959494 0.000000
vt 0.960338 0.000000
vt 0.961181 0.000000
vt 0.962025 0.000000
vt 0.962869 0.000000
vt 0.963713 0.000000
vt 0.964557 0.000000
vt 0.965401 0.000000
vt 0.966245 0.000000
vt 0.967089 0.000000
vt 0.967932 0.000000
vt 0.968776 0.000000
vt 0.969620 0.000000
vt 0.970464 0.000000
vt 0.971308 0.000000
vt 0.972152 0.000000
vt 0.972996 0.000000
vt 0.973840 0.000000
vt 0.974684 0.000000
vt 0.975527 0.000000
vt 0.976371 0.000000
vt 0.977215 0.000000
vt 0.978059 0.000000
vt 0.978903 0.000000
vt 0.979747 0.000000
vt 0.980591 0.000000
vt 0.981435 0.000000
vt 0.982278 0.000000
vt 0.983122 0.000000
vt 0.983966 0.000000
vt 0.984810 0.000000
vt 0.985654 0.000000
vt 0.986498 0.000000
vt 0.987342 0.000000
vt 0.988186 0.000000
vt 0.989030 0.000000
vt 0.989873 0.000000
vt 0.990717 0.000000
vt 0.991561 0.000000
vt 0.992405 0.000000
vt 0.993249 0.000000
vt 0.994093 0.000000
vt 0.994937 0.000000
vt 0.995781 0.000000
vt 0.996624 0.000000
vt 0.997468 0.000000
vt 0.998312 0.000000
vt 0.999156 0.000000
vt 1.000000 0.000000
vt 0.000000 0.000000
vt 0.006289 0.000000
vt 0.012579 0.000000
vt 0.018868 0.000000
vt 0.025157 0.000000
vt 0.031447 0.000000
vt 0.037736 0.000000
vt 0.044025 0.000000
vt 0.050314 0.000000
vt 0.056604 0.000000
vt 0.062893 0.000000
vt 0.069182 0.000000
vt 0.075472 0.000000
vt 0.081761 0.000000
vt 0.088050 0.000000
vt 0.094340 0.000000
vt 0.100629 0.000000
vt 0.106918 0.000000
vt 0.113208 0.000000
vt 0.119497 0.000000
vt 0.125786 0.000000
vt 0.132075 0.000000
vt 0.138365 0.000000
vt 0.144654 0.000000
vt 0.150943 0.000000
vt 0.157233 0.000000
vt 0.163522 0.000000
vt 0.169811 0.000000
vt 0.176101 0.000000
vt 0.182390 0.000000
vt 0.188679 0.000000
vt 0.194969 0.000000
vt 0.201258 0.000000
vt 0.207547 0.000000
vt 0.213836 0.000000
vt 0.220126 0.000000
vt 0.226415 0.000000
vt 0.232704 0.000000
vt 0.238994 0.000000
vt 0.245283 0.000000
vt 0.251572 0.000000
vt 0.257862 0.000000
vt 0.264151 0.000000
vt 0.270440 0.000000
vt 0.276730 0.000000
vt 0.283019 0.000000
vt 0.289308 0.000000
vt 0.295597 0.000000
vt 0.301887 0.000000
vt 0.308176 0.000000
vt 0.314465 0.000000
vt 0.320755 0.000000
vt 0.327044 0.000000
vt 0.333333 0.000000
vt 0.339623 0.000000
vt 0.345912 0.000000
vt 0.352201 0.000000
vt 0.358491 0.000000
vt 0.364780 0.000000
vt 0.371069 0.000000
vt 0.377358 0.000000
vt 0.383648 0.000000
vt 0.389937 0.000000
vt 0.396226 0.000000
vt 0.402516 0.000000
vt 0.408805 0.000000
vt 0.415094 0.000000
vt 0.421384 0.000000
vt 0.427673 0.000000
vt 0.433962 0.000000
vt 0.440252 0.000000
vt 0.446541 0.000000
vt 0.452830 0.000000
vt 0.459119 0.000000
vt 0.465409 0.000000
vt 0.471698 0.000000
vt 0.477987 0.000000
vt 0.484277 0.000000
vt 0.490566 0.000000
vt 0.496855 0.000000
vt 0.503145 0.000000
vt 0.509434 0.000000
vt 0.515723 0.000000
vt 0.522013 0.000000
vt 0.528302 0.000000
vt 0.534591 0.000000
vt 0.540881 0.000000
vt 0.547170 0.000000
vt 0.553459 0.000000
vt 0.559748 0.000000
vt 0.566038 0.000000
vt 0.572327 0.000000
vt 0.578616 0.000000
vt 0.584906 0.000000
vt 0.591195 0.000000
vt 0.597484 0.000000
vt 0.603774 0.000000
vt 0.610063 0.000000
vt 0.616352 0.000000
vt 0.622642 0.000000
vt 0.628931 0.000000
vt 0.635220 0.000000
vt 0.641509 0.000000
vt 0.647799 0.000000
vt 0.654088 0.000000
vt 0.660377 0.000000
vt 0.666667 0.000000
vt 0.672956 0.000000
vt 0.679245 0.000000
vt 0.685535 0.000000
vt 0.691824 0.000000
vt 0.698113 0.000000
vt 0.704403 0.000000
vt 0.710692 0.000000
vt 0.716981 0.000000
vt 0.723270 0.000000
vt 0.729560 0.000000
vt 0.735849 0.000000
vt 0.742138 0.000000
vt 0.748428 0.000000
vt 0.754717 0.000000
vt 0.761006 0.000000
vt 0.767296 0.000000
vt 0.773585 0.000000
vt 0.779874 0.000000
vt 0.786164 0.000000
vt 0.792453 0.000000
vt 0.798742 0.000000
vt 0.805031 0.000000
vt 0.811321 0.000000
vt 0.817610 0.000000
vt 0.823899 0.000000
vt 0.830189 0.000000
vt 0.836478 0.000000
vt 0.842767 0.000000
vt 0.849057 0.000000
vt 0.855346 0.000000
vt 0.861635 0.000000
vt 0.867925 0.000000
vt 0.874214 0.000000
vt 0.880503 0.000000
vt 0.886792 0.000000
vt 0.893082 0.000000
vt 0.899371 0.000000
vt 0.905660 0.000000
vt 0.911950 0.000000
vt 0.918239 0.000000
vt 0.924528 0.000000
vt 0.930818 0.000000
vt 0.937107 0.000000
vt 0.943396 0.000000
vt 0.949686 0.000000
vt 0.955975 0.000000
vt 0.962264 0.000000
vt 0.968553 0.000000
vt 0.974843 0.000000
vt 0.981132 0.000000
vt 0.987421 0.000000
vt 0.993711 0.000000
vt 1.000000 0.000000
vt 0.000000 0.000000
vt 1.000000 0.000000
vt 0.000000 1.000000
vt 1.000000 1.000000
vt 0.006250 0.000000
vt 0.006250 1.000000
vt 0.012500 0.000000
vt 0.012500 1.000000
vt 0.018750 0.000000
vt 0.018750 1.000000
vt 0.025000 0.000000
vt 0.025000 1.000000
vt 0.031250 0.000000
vt 0.031250 1.000000
vt 0.037500 0.000000
vt 0.037500 1.000000
vt 0.043750 0.000000
vt 0.043750 1.000000
vt 0.050000 0.000000
vt 0.050000 1.000000
vt 0.056250 0.000000
vt 0.056250 1.000000
vt 0.062500 0.000000
vt 0.062500 1.000000
vt 0.068750 0.000000
vt 0.068750 1.000000
vt 0.075000 0.000000
vt 0.075000 1.000000
vt 0.081250 0.000000
vt 0.081250 1.000000
vt 0.087500 0.000000
vt 0.087500 1.000000
vt 0.093750 0.000000
vt 0.093750 1.000000
vt 0.100000 0.000000
vt 0.100000 1.000000
vt 0.106250 0.000000
vt 0.106250 1.000000
vt 0.112500 0.000000
vt 0.112500 1.000000
vt 0.118750 0.000000
vt 0.118750 1.000000
vt 0.125000 0.000000
vt 0.125000 1.000000
vt 0.131250 0.000000
vt 0.131250 1.000000
vt 0.137500 0.000000
vt 0.137500 1.000000
vt 0.143750 0.000000
vt 0.143750 1.000000
vt 0.150000 0.000000
vt 0.150000 1.000000
vt 0.156250 0.000000
vt 0.156250 1.000000
vt 0.162500 0.000000
vt 0.162500 1.000000
vt 0.168750 0.000000
vt 0.168750 1.000000
vt 0.175000 0.000000
vt 0.175000 1.000000
vt 0.181250 0.000000
vt 0.181250 1.000000
vt 0.187500 0.000000
vt 0.187500 1.000000
vt 0.193750 0.000000
vt 0.193750 1.000000
vt 0.200000 0.000000
vt 0.200000 1.000000
vt 0.206250 0.000000
vt 0.206250 1.000000
vt 0.212500 0.000000
vt 0.212500 1.000000
vt 0.218750 0.000000
vt 0.218750 1.000000
vt 0.225000 0.000000
vt 0.225000 1.000000
vt 0.231250 0.000000
vt 0.231250 1.000000
vt 0.237500 0.000000
vt 0.237500 1.000000
vt 0.243750 0.000000
vt 0.243750 1.000000
vt 0.250000 0.000000
vt 0.250000 1.000000
vt 0.256250 0.000000
vt 0.256250 1.000000
vt 0.262500 0.000000
vt 0.262500 1.000000
vt 0.268750 0.000000
vt 0.268750 1.000000
vt 0.275000 0.000000
vt 0.275000 1.000000
vt 0.281250 0.000000
vt 0.281250 1.000000
vt 0.287500 0.000000
vt 0.287500 1.000000
vt 0.293750 0.000000
vt 0.293750 1.000000
vt 0.300000 0.000000
vt 0.300000 1.000000
vt 0.306250 0.000000
vt 0.306250 1.000000
vt 0.312500 0.000000
vt 0.312500 1.000000
vt 0.318750 0.000000
vt 0.318750 1.000000
vt 0.325000 0.000000
vt 0.325000 1.000000
vt 0.331250 0.000000
vt 0.331250 1.000000
vt 0.337500 0.000000
vt 0.337500 1.000000
vt 0.343750 0.000000
vt 0.343750 1.000000
vt 0.350000 0.000000
vt 0.350000 1.000000
vt 0.356250 0.000000
vt 0.356250 1.000000
vt 0.362500 0.000000
vt 0.362500 1.000000
vt 0.368750 0.000000
vt 0.368750 1.000000
vt 0.375000 0.000000
vt 0.375000 1.000000
vt 0.381250 0.000000
vt 0.381250 1.000000
vt 0.387500 0.000000
vt 0.387500 1.000000
vt 0.393750 0.000000
vt 0.393750 1.000000
vt 0.400000 0.000000
vt 0.400000 1.000000
vt 0.406250 0.000000
vt 0.406250 1.000000
vt 0.412500 0.000000
vt 0.412500 1.000000
vt 0.418750 0.000000
vt 0.418750 1.000000
vt 0.425000 0.000000
vt 0.425000 1.000000
vt 0.431250 0.000000
vt 0.431250 1.000000
vt 0.437500 0.000000
vt 0.437500 1.000000
vt 0.443750 0.000000
vt 0.443750 1.000000
vt 0.450000 0.000000
vt 0.450000 1.000000
vt 0.456250 0.000000
vt 0.456250 1.000000
vt 0.462500 0.000000
vt 0.462500 1.000000
vt 0.468750 0.000000
vt 0.468750 1.000000
vt 0.475000 0.000000
vt 0.475000 1.000000
vt 0.481250 0.000000
vt 0.481250 1.000000
vt 0.487500 0.000000
vt 0.487500 1.000000
vt 0.493750 0.000000
vt 0.493750 1.000000
vt 0.500000 0.000000
vt 0.500000 1.000000
vt 0.506250 0.000000
vt 0.506250 1.000000
vt 0.512500 0.000000
vt 0.512500 1.000000
vt 0.518750 0.000000
vt 0.518750 1.000000
vt 0.525000 0.000000
vt 0.525000 1.000000
vt 0.531250 0.000000
vt 0.531250 1.000000
vt 0.537500 0.000000
vt 0.537500 1.000000
vt 0.543750 0.000000
vt 0.543750 1.000000
vt 0.550000 0.000000
vt 0.550000 1.000000
vt 0.556250 0.000000
vt 0.556250 1.000000
vt 0.562500 0.000000
vt 0.562500 1.000000
vt 0.568750 0.000000
vt 0.568750 1.000000
vt 0.575000 0.000000
vt 0.575000 1.000000
vt 0.581250 0.000000
vt 0.581250 1.000000
vt 0.587500 0.000000
vt 0.587500 1.000000
vt 0.593750 0.000000
vt 0.593750 1.000000
vt 0.600000 0.000000
vt 0.600000 1.000000
vt 0.606250 0.000000
vt 0.606250 1.000000
vt 0.612500 0.000000
vt 0.612500 1.000000
vt 0.618750 0.000000
vt 0.618750 1.000000
vt 0.625000 0.000000
vt 0.625000 1.000000
vt 0.631250 0.000000
vt 0.631250 1.000000
vt 0.637500 0.000000
vt 0.637500 1.000000
vt 0.643750 0.000000
vt 0.643750 1.000000
vt 0.650000 0.000000
vt 0.650000 1.000000
vt 0.656250 0.000000
vt 0.656250 1.000000
vt 0.662500 0.000000
vt 0.662500 1.000000
vt 0.668750 0.000000
vt 0.668750 1.000000
vt 0.675000 0.000000
vt 0.675000 1.000000
vt 0.681250 0.000000
vt 0.681250 1.000000
vt 0.687500 0.000000
vt 0.687500 1.000000
vt 0.693750 0.000000
vt 0.693750 1.000000
vt 0.700000 0.000000
vt 0.700000 1.000000
vt 0.706250 0.000000
vt 0.706250 1.000000
vt 0.712500 0.000000
vt 0.712500 1.000000
vt 0.718750 0.000000
vt 0.718750 1.000000
vt 0.725000 0.000000
vt 0.725000 1.000000
vt 0.731250 0.000000
vt 0.731250 1.000000
vt 0.737500 0.000000
vt 0.737500 1.000000
vt 0.743750 0.000000
vt 0.743750 1.000000
vt 0.750000 0.000000
vt 0.750000 1.000000
vt 0.756250 0.000000
vt 0.756250 1.000000
vt 0.762500 0.000000
vt 0.762500 1.000000
vt 0.768750 0.000000
vt 0.768750 1.000000
vt 0.775000 0.000000
vt 0.775000 1.000000
vt 0.781250 0.000000
vt 0.781250 1.000000
vt 0.787500 0.000000
vt 0.787500 1.000000
vt 0.793750 0.000000
vt 0.793750 1.000000
vt 0.800000 0.000000
vt 0.800000 1.000000
vt 0.806250 0.000000
vt 0.806250 1.000000
vt 0.812500 0.000000
vt 0.812500 1.000000
vt 0.818750 0.000000
vt 0.818750 1.000000
vt 0.825000 0.000000
vt 0.825000 1.000000
vt 0.831250 0.000000
vt 0.831250 1.000000
vt 0.837500 0.000000
vt 0.837500 1.000000
vt 0.843750 0.000000
vt 0.843750 1.000000
vt 0.850000 0.000000
vt 0.850000 1.000000
vt 0.856250 0.000000
vt 0.856250 1.000000
vt 0.862500 0.000000
vt 0.862500 1.000000
vt 0.868750 0.000000
vt 0.868750 1.000000
vt 0.875000 0.000000
vt 0.875000 1.000000
vt 0.881250 0.000000
vt 0.881250 1.000000
vt 0.887500 0.000000
vt 0.887500 1.000000
vt 0.893750 0.000000
vt 0.893750 1.000000
vt 0.900000 0.000000
vt 0.900000 1.000000
vt 0.906250 0.000000
vt 0.906250 1.000000
vt 0.912500 0.000000
vt 0.912500 1.000000
vt 0.918750 0.000000
vt 0.918750 1.000000
vt 0.925000 0.000000
vt 0.925000 1.000000
vt 0.931250 0.000000
vt 0.931250 1.000000
vt 0.937500 0.000000
vt 0.937500 1.000000
vt 0.943750 0.000000
vt 0.943750 1.000000
vt 0.950000 0.000000
vt 0.950000 1.000000
vt 0.956250 0.000000
vt 0.956250 1.000000
vt 0.962500 0.000000
vt 0.962500 1.000000
vt 0.968750 0.000000
vt 0.968750 1.000000
vt 0.975000 0.000000
vt 0.975000 1.000000
vt 0.981250 0.000000
vt 0.981250 1.000000
vt 0.987500 0.000000
vt 0.987500 1.000000
vt 0.993750 0.000000
vt 0.993750 1.000000
vt 0.000000 0.000000
vt 1.000000 0.000000
vt 0.000000 1.000000
vt 1.000000 1.000000
vt 0.002188 0.000000
vt 0.002188 1.000000
vt 0.004376 0.000000
vt 0.004376 1.000000
vt 0.006565 0.000000
vt 0.006565 1.000000
vt 0.008753 0.000000
vt 0.008753 1.000000
vt 0.010941 0.000000
vt 0.010941 1.000000
vt 0.013129 0.000000
vt 0.013129 1.000000
vt 0.015317 0.000000
vt 0.015317 1.000000
vt 0.017505 0.000000
vt 0.017505 1.000000
vt 0.019694 0.000000
vt 0.019694 1.000000
vt 0.021882 0.000000
vt 0.021882 1.000000
vt 0.024070 0.000000
vt 0.024070 1.000000
vt 0.026258 0.000000
vt 0.026258 1.000000
vt 0.028446 0.000000
vt 0.028446 1.000000
vt 0.030635 0.000000
vt 0.030635 1.000000
vt 0.032823 0.000000
vt 0.032823 1.000000
vt 0.035011 0.000000
vt 0.035011 1.000000
vt 0.037199 0.000000
vt 0.037199 1.000000
vt 0.039387 0.000000
vt 0.039387 1.000000
vt 0.041575 0.000000
vt 0.041575 1.000000
vt 0.043764 0.000000
vt 0.043764 1.000000
vt 0.045952 0.000000
vt 0.045952 1.000000
vt 0.048140 0.000000
vt 0.048140 1.000000
vt 0.050328 0.000000
vt 0.050328 1.000000
vt 0.052516 0.000000
vt 0.052516 1.000000
vt 0.054705 0.000000
vt 0.054705 1.000000
vt 0.056893 0.000000
vt 0.056893 1.000000
vt 0.059081 0.000000
vt 0.059081 1.000000
vt 0.061269 0.000000
vt 0.061269 1.000000
vt 0.063457 0.000000
vt 0.063457 1.000000
vt 0.065646 0.000000
vt 0.065646 1.000000
vt 0.067834 0.000000
vt 0.067834 1.000000
vt 0.070022 0.000000
vt 0.070022 1.000000
vt 0.072210 0.000000
vt 0.072210 1.000000
vt 0.074398 0.000000
vt 0.074398 1.000000
vt 0.076586 0.000000
vt 0.076586 1.000000
vt 0.078775 0.000000
vt 0.078775 1.000000
vt 0.080963 0.000000
vt 0.080963 1.000000
vt 0.083151 0.000000
vt 0.083151 1.000000
vt 0.085339 0.000000
vt 0.085339 1.000000
vt 0.087527 0.000000
vt 0.087527 1.000000
vt 0.089716 0.000000
vt 0.089716 1.000000
vt 0.091904 0.000000
vt 0.091904 1.000000
vt 0.094092 0.000000
vt 0.094092 1.000000
vt 0.096280 0.000000
vt 0.096280 1.000000
vt 0.098468 0.000000
vt 0.098468 1.000000
vt 0.100656 0.000000
vt 0.100656 1.000000
vt 0.102845 0.000000
vt 0.102845 1.000000
vt 0.105033 0.000000
vt 0.105033 1.000000
vt 0.107221 0.000000
vt 0.107221 1.000000
vt 0.109409 0.000000
vt 0.109409 1.000000
vt 0.111597 0.000000
vt 0.111597 1.000000
vt 0.113786 0.000000
vt 0.113786 1.000000
vt 0.115974 0.000000
vt 0.115974 1.000000
vt 0.118162 0.000000
vt 0.118162 1.000000
vt 0.120350 0.000000
vt 0.120350 1.000000
vt 0.122538 0.000000
vt 0.122538 1.000000
vt 0.124726 0.000000
vt 0.124726 1.000000
vt 0.126915 0.000000
vt 0.126915 1.000000
vt 0.129103 0.000000
vt 0.129103 1.000000
vt 0.131291 0.000000
vt 0.131291 1.000000
vt 0.133479 0.000000
vt 0.133479 1.000000
vt 0.135667 0.000000
vt 0.135667 1.000000
vt 0.137856 0.000000
vt 0.137856 1.000000
vt 0.140044 0.000000
vt 0.140044 1.000000
vt 0.142232 0.000000
vt 0.142232 1.000000
vt 0.144420 0.000000
vt 0.144420 1.000000
vt 0.146608 0.000000
vt 0.146608 1.000000
vt 0.148796 0.000000
vt 0.148796 1.000000
vt 0.150985 0.000000
vt 0.150985 1.000000
vt 0.153173 0.000000
vt 0.153173 1.000000
vt 0.155361 0.000000
vt 0.155361 1.000000
vt 0.157549 0.000000
vt 0.157549 1.000000
vt 0.159737 0.000000
vt 0.159737 1.000000
vt 0.161926 0.000000
vt 0.161926 1.000000
vt 0.164114 0.000000
vt 0.164114 1.000000
vt 0.166302 0.000000
vt 0.166302 1.000000
vt 0.168490 0.000000
vt 0.168490 1.000000
vt 0.170678 0.000000
vt 0.170678 1.000000
vt 0.172867 0.000000
vt 0.172867 1.000000
vt 0.175055 0.000000
vt 0.175055 1.000000
vt 0.177243 0.000000
vt 0.177243 1.000000
vt 0.179431 0.000000
vt 0.179431 1.000000
vt 0.181619 0.000000
vt 0.181619 1.000000
vt 0.183807 0.000000
vt 0.183807 1.000000
vt 0.185996 0.000000
vt 0.185996 1.000000
vt 0.188184 0.000000
vt 0.188184 1.000000
vt 0.190372 0.000000
vt 0.190372 1.000000
vt 0.192560 0.000000
vt 0.192560 1.000000
vt 0.194748 0.000000
vt 0.194748 1.000000
vt 0.196937 0.000000
vt 0.196937 1.000000
vt 0.199125 0.000000
vt 0.199125 1.000000
vt 0.201313 0.000000
vt 0.201313 1.000000
vt 0.203501 0.000000
vt 0.203501 1.000000
vt 0.205689 0.000000
vt 0.205689 1.000000
vt 0.207877 0.000000
vt 0.207877 1.000000
vt 0.210066 0.000000
vt 0.210066 1.000000
vt 0.212254 0.000000
vt 0.212254 1.000000
vt 0.214442 0.000000
vt 0.214442 1.000000
vt 0.216630 0.000000
vt 0.216630 1.000000
vt 0.218818 0.000000
vt 0.218818 1.000000
vt 0.221007 0.000000
vt 0.221007 1.000000
vt 0.223195 0.000000
vt 0.223195 1.000000
vt 0.225383 0.000000
vt 0.225383 1.000000
vt 0.227571 0.000000
vt 0.227571 1.000000
vt 0.229759 0.000000
vt 0.229759 1.000000
vt 0.231947 0.000000
vt 0.231947 1.000000
vt 0.234136 0.000000
vt 0.234136 1.000000
vt 0.236324 0.000000
vt 0.236324 1.000000
vt 0.238512 0.000000
vt 0.238512 1.000000
vt 0.240700 0.000000
vt 0.240700 1.000000
vt 0.242888 0.000000
vt 0.242888 1.000000
vt 0.245077 0.000000
vt 0.245077 1.000000
vt 0.247265 0.000000
vt 0.247265 1.000000
vt 0.249453 0.000000
vt 0.249453 1.000000
vt 0.251641 0.000000
vt 0.251641 1.000000
vt 0.253829 0.000000
vt 0.253829 1.000000
vt 0.256018 0.000000
vt 0.256018 1.000000
vt 0.258206 0.000000
vt 0.258206 1.000000
vt 0.260394 0.000000
vt 0.260394 1.000000
vt 0.262582 0.000000
vt 0.262582 1.000000
vt 0.264770 0.000000
vt 0.264770 1.000000
vt 0.266958 0.000000
vt 0.266958 1.000000
vt 0.269147 0.000000
vt 0.269147 1.000000
vt 0.271335 0.000000
vt 0.271335 1.000000
vt 0.273523 0.000000
vt 0.273523 1.000000
vt 0.275711 0.000000
vt 0.275711 1.000000
vt 0.277899 0.000000
vt 0.277899 1.000000
vt 0.280088 0.000000
vt 0.280088 1.000000
vt 0.282276 0.000000
vt 0.282276 1.000000
vt 0.284464 0.000000
vt 0.284464 1.000000
vt 0.286652 0.000000
vt 0.286652 1.000000
vt 0.288840 0.000000
vt 0.288840 1.000000
vt 0.291028 0.000000
vt 0.291028 1.000000
vt 0.293217 0.000000
vt 0.293217 1.000000
vt 0.295405 0.000000
vt 0.295405 1.000000
vt 0.297593 0.000000
vt 0.297593 1.000000
vt 0.299781 0.000000
vt 0.299781 1.000000
vt 0.301969 0.000000
vt 0.301969 1.000000
vt 0.304158 0.000000
vt 0.304158 1.000000
vt 0.306346 0.000000
vt 0.306346 1.000000
vt 0.308534 0.000000
vt 0.308534 1.000000
vt 0.310722 0.000000
vt 0.310722 1.000000
vt 0.312910 0.000000
vt 0.312910 1.000000
vt 0.315098 0.000000
vt 0.315098 1.000000
vt 0.317287 0.000000
vt 0.317287 1.000000
vt 0.319475 0.000000
vt 0.319475 1.000000
vt 0.321663 0.000000
vt 0.321663 1.000000
vt 0.323851 0.000000
vt 0.323851 1.000000
vt 0.326039 0.000000
vt 0.326039 1.000000
vt 0.328228 0.000000
vt 0.328228 1.000000
vt 0.330416 0.000000
vt 0.330416 1.000000
vt 0.332604 0.000000
vt 0.332604 1.000000
vt 0.334792 0.000000
vt 0.334792 1.000000
vt 0.336980 0.000000
vt 0.336980 1.000000
vt 0.339168 0.000000
vt 0.339168 1.000000
vt 0.341357 0.000000
vt 0.341357 1.000000
vt 0.343545 0.000000
vt 0.343545 1.000000
vt 0.345733 0.000000
vt 0.345733 1.000000
vt 0.347921 0.000000
vt 0.347921 1.000000
vt 0.350109 0.000000
vt 0.350109 1.000000
vt 0.352298 0.000000
vt 0.352298 1.000000
vt 0.354486 0.000000
vt 0.354486 1.000000
vt 0.356674 0.000000
vt 0.356674 1.000000
vt 0.358862 0.000000
vt 0.358862 1.000000
vt 0.361050 0.000000
vt 0.361050 1.000000
vt 0.363239 0.000000
vt 0.363239 1.000000
vt 0.365427 0.000000
vt 0.365427 1.000000
vt 0.367615 0.000000
vt 0.367615 1.000000
vt 0.369803 0.000000
vt 0.369803 1.000000
vt 0.371991 0.000000
vt 0.371991 1.000000
vt 0.374179 0.000000
vt 0.374179 1.000000
vt 0.376368 0.000000
vt 0.376368 1.000000
vt 0.378556 0.000000
vt 0.378556 1.000000
vt 0.380744 0.000000
vt 0.380744 1.000000
vt 0.382932 0.000000
vt 0.382932 1.000000
vt 0.385120 0.000000
vt 0.385120 1.000000
vt 0.387309 0.000000
vt 0.387309 1.000000
vt 0.389497 0.000000
vt 0.389497 1.000000
vt 0.391685 0.000000
vt 0.391685 1.000000
vt 0.393873 0.000000
vt 0.393873 1.000000
vt 0.396061 0.000000
vt 0.396061 1.000000
vt 0.398249 0.000000
vt 0.398249 1.000000
vt 0.400438 0.000000
vt 0.400438 1.000000
vt 0.402626 0.000000
vt 0.402626 1.000000
vt 0.404814 0.000000
vt 0.404814 1.000000
vt 0.407002 0.000000
vt 0.407002 1.000000
vt 0.409190 0.000000
vt 0.409190 1.000000
vt 0.411379 0.000000
vt 0.411379 1.000000
vt 0.413567 0.000000
vt 0.413567 1.000000
vt 0.415755 0.000000
vt 0.415755 1.000000
vt 0.417943 0.000000
vt 0.417943 1.000000
vt 0.420131 0.000000
vt 0.420131 1.000000
vt 0.422319 0.000000
vt 0.422319 1.000000
vt 0.424508 0.000000
vt 0.424508 1.000000
vt 0.426696 0.000000
vt 0.426696 1.000000
vt 0.428884 0.000000
vt 0.428884 1.000000
vt 0.431072 0.000000
vt 0.431072 1.000000
vt 0.433260 0.000000
vt 0.433260 1.000000
vt 0.435449 0.000000
vt 0.435449 1.000000
vt 0.437637 0.000000
vt 0.437637 1.000000
vt 0.439825 0.000000
vt 0.439825 1.000000
vt 0.442013 0.000000
vt 0.442013 1.000000
vt 0.444201 0.000000
vt 0.444201 1.000000
vt 0.446389 0.000000
vt 0.446389 1.000000
vt 0.448578 0.000000
vt 0.448578 1.000000
vt 0.450766 0.000000
vt 0.450766 1.000000
vt 0.452954 0.000000
vt 0.452954 1.000000
vt 0.455142 0.000000
vt 0.455142 1.000000
vt 0.457330 0.000000
vt 0.457330 1.000000
vt 0.459519 0.000000
vt 0.459519 1.000000
vt 0.461707 0.000000
vt 0.461707 1.000000
vt 0.463895 0.000000
vt 0.463895 1.000000
vt 0.466083 0.000000
vt 0.466083 1.000000
vt 0.468271 0.000000
vt 0.468271 1.000000
vt 0.470460 0.000000
vt 0.470460 1.000000
vt 0.472648 0.000000
vt 0.472648 1.000000
vt 0.474836 0.000000
vt 0.474836 1.000000
vt 0.477024 0.000000
vt 0.477024 1.000000
vt 0.479212 0.000000
vt 0.479212 1.000000
vt 0.481400 0.000000
vt 0.481400 1.000000
vt 0.483589 0.000000
vt 0.483589 1.000000
vt 0.485777 0.000000
vt 0.485777 1.000000
vt 0.487965 0.000000
vt 0.487965 1.000000
vt 0.490153 0.000000
vt 0.490153 1.000000
vt 0.492341 0.000000
vt 0.492341 1.000000
vt 0.494530 0.000000
vt 0.494530 1.000000
vt 0.496718 0.000000
vt 0.496718 1.000000
vt 0.498906 0.000000
vt 0.498906 1.000000
vt 0.501094 0.000000
vt 0.501094 1.000000
vt 0.503282 0.000000
vt 0.503282 1.000000
vt 0.505470 0.000000
vt 0.505470 1.000000
vt 0.507659 0.000000
vt 0.507659 1.000000
vt 0.509847 0.000000
vt 0.509847 1.000000
vt 0.512035 0.000000
vt 0.512035 1.000000
vt 0.514223 0.000000
vt 0.514223 1.000000
vt 0.516411 0.000000
vt 0.516411 1.000000
vt 0.518600 0.000000
vt 0.518600 1.000000
vt 0.520788 0.000000
vt 0.520788 1.000000
vt 0.522976 0.000000
vt 0.522976 1.000000
vt 0.525164 0.000000
vt 0.525164 1.000000
vt 0.527352 0.000000
vt 0.527352 1.000000
vt 0.529540 0.000000
vt 0.529540 1.000000
vt 0.531729 0.000000
vt 0.531729 1.000000
vt 0.533917 0.000000
vt 0.533917 1.000000
vt 0.536105 0.000000
vt 0.536105 1.000000
vt 0.538293 0.000000
vt 0.538293 1.000000
vt 0.540481 0.000000
vt 0.540481 1.000000
vt 0.542670 0.000000
vt 0.542670 1.000000
vt 0.544858 0.000000
vt 0.544858 1.000000
vt 0.547046 0.000000
vt 0.547046 1.000000
vt 0.549234 0.000000
vt 0.549234 1.000000
vt 0.551422 0.000000
vt 0.551422 1.000000
vt 0.553611 0.000000
vt 0.553611 1.000000
vt 0.555799 0.000000
vt 0.555799 1.000000
vt 0.557987 0.000000
vt 0.557987 1.000000
vt 0.560175 0.000000
vt 0.560175 1.000000
vt 0.562363 0.000000
vt 0.562363 1.000000
vt 0.564551 0.000000
vt 0.564551 1.000000
vt 0.566740 0.000000
vt 0.566740 1.000000
vt 0.568928 0.000000
vt 0.568928 1.000000
vt 0.571116 0.000000
vt 0.571116 1.000000
vt 0.573304 0.000000
vt 0.573304 1.000000
vt 0.575492 0.000000
vt 0.575492 1.000000
vt 0.577681 0.000000
vt 0.577681 1.000000
vt 0.579869 0.000000
vt 0.579869 1.000000
vt 0.582057 0.000000
vt 0.582057 1.000000
vt 0.584245 0.000000
vt 0.584245 1.000000
vt 0.586433 0.000000
vt 0.586433 1.000000
vt 0.588621 0.000000
vt 0.588621 1.000000
vt 0.590810 0.000000
vt 0.590810 1.000000
vt 0.592998 0.000000
vt 0.592998 1.000000
vt 0.595186 0.000000
vt 0.595186 1.000000
vt 0.597374 0.000000
vt 0.597374 1.000000
vt 0.599562 0.000000
vt 0.599562 1.000000
vt 0.601751 0.000000
vt 0.601751 1.000000
vt 0.603939 0.000000
vt 0.603939 1.000000
vt 0.606127 0.000000
vt 0.606127 1.000000
vt 0.608315 0.000000
vt 0.608315 1.000000
vt 0.610503 0.000000
vt 0.610503 1.000000
vt 0.612691 0.000000
vt 0.612691 1.000000
vt 0.614880 0.000000
vt 0.614880 1.000000
vt 0.617068 0.000000
vt 0.617068 1.000000
vt 0.619256 0.000000
vt 0.619256 1.000000
vt 0.621444 0.000000
vt 0.621444 1.000000
vt 0.623632 0.000000
vt 0.623632 1.000000
vt 0.625821 0.000000
vt 0.625821 1.000000
vt 0.628009 0.000000
vt 0.628009 1.000000
vt 0.630197 0.000000
vt 0.630197 1.000000
vt 0.632385 0.000000
vt 0.632385 1.000000
vt 0.634573 0.000000
vt 0.634573 1.000000
vt 0.636761 0.000000
vt 0.636761 1.000000
vt 0.638950 0.000000
vt 0.638950 1.000000
vt 0.641138 0.000000
vt 0.641138 1.000000
vt 0.643326 0.000000
vt 0.643326 1.000000
vt 0.645514 0.000000
vt 0.645514 1.000000
vt 0.647702 0.000000
vt 0.647702 1.000000
vt 0.649891 0.000000
vt 0.649891 1.000000
vt 0.652079 0.000000
vt 0.652079 1.000000
vt 0.654267 0.000000
vt 0.654267 1.000000
vt 0.656455 0.000000
vt 0.656455 1.000000
vt 0.658643 0.000000
vt 0.658643 1.000000
vt 0.660832 0.000000
vt 0.660832 1.000000
vt 0.663020 0.000000
vt 0.663020 1.000000
vt 0.665208 0.000000
vt 0.665208 1.000000
vt 0.667396 0.000000
vt 0.667396 1.000000
vt 0.669584 0.000000
vt 0.669584 1.000000
vt 0.671772 0.000000
vt 0.671772 1.000000
vt 0.673961 0.000000
vt 0.673961 1.000000
vt 0.676149 0.000000
vt 0.676149 1.000000
vt 0.678337 0.000000
vt 0.678337 1.000000
vt 0.680525 0.000000
vt 0.680525 1.000000
vt 0.682713 0.000000
vt 0.682713 1.000000
vt 0.684902 0.000000
vt 0.684902 1.000000
vt 0.687090 0.000000
vt 0.687090 1.000000
vt 0.689278 0.000000
vt 0.689278 1.000000
vt 0.691466 0.000000
vt 0.691466 1.000000
vt 0.693654 0.000000
vt 0.693654 1.000000
vt 0.695842 0.000000
vt 0.695842 1.000000
vt 0.698031 0.000000
vt 0.698031 1.000000
vt 0.700219 0.000000
vt 0.700219 1.000000
vt 0.702407 0.000000
vt 0.702407 1.000000
vt 0.704595 0.000000
vt 0.704595 1.000000
vt 0.706783 0.000000
vt 0.706783 1.000000
vt 0.708972 0.000000
vt 0.708972 1.000000
vt 0.711160 0.000000
vt 0.711160 1.000000
vt 0.713348 0.000000
vt 0.713348 1.000000
vt 0.715536 0.000000
vt 0.715536 1.000000
vt 0.717724 0.000000
vt 0.717724 1.000000
vt 0.719912 0.000000
vt 0.719912 1.000000
vt 0.722101 0.000000
vt 0.722101 1.000000
vt 0.724289 0.000000
vt 0.724289 1.000000
vt 0.726477 0.000000
vt 0.726477 1.000000
vt 0.728665 0.000000
vt 0.728665 1.000000
vt 0.730853 0.000000
vt 0.730853 1.000000
vt 0.733042 0.000000
vt 0.733042 1.000000
vt 0.735230 0.000000
vt 0.735230 1.000000
vt 0.737418 0.000000
vt 0.737418 1.000000
vt 0.739606 0.000000
vt 0.739606 1.000000
vt 0.741794 0.000000
vt 0.741794 1.000000
vt 0.743982 0.000000
vt 0.743982 1.000000
vt 0.746171 0.000000
vt 0.746171 1.000000
vt 0.748359 0.000000
vt 0.748359 1.000000
vt 0.750547 0.000000
vt 0.750547 1.000000
vt 0.752735 0.000000
vt 0.752735 1.000000
vt 0.754923 0.000000
vt 0.754923 1.000000
vt 0.757112 0.000000
vt 0.757112 1.000000
vt 0.759300 0.000000
vt 0.759300 1.000000
vt 0.761488 0.000000
vt 0.761488 1.000000
vt 0.763676 0.000000
vt 0.763676 1.000000
vt 0.765864 0.000000
vt 0.765864 1.000000
vt 0.768053 0.000000
vt 0.768053 1.000000
vt 0.770241 0.000000
vt 0.770241 1.000000
vt 0.772429 0.000000
vt 0.772429 1.000000
vt 0.774617 0.000000
vt 0.774617 1.000000
vt 0.776805 0.000000
vt 0.776805 1.000000
vt 0.778993 0.000000
vt 0.778993 1.000000
vt 0.781182 0.000000
vt 0.781182 1.000000
vt 0.783370 0.000000
vt 0.783370 1.000000
vt 0.785558 0.000000
vt 0.785558 1.000000
vt 0.787746 0.000000
vt 0.787746 1.000000
vt 0.789934 0.000000
vt 0.789934 1.000000
vt 0.792123 0.000000
vt 0.792123 1.000000
vt 0.794311 0.000000
vt 0.794311 1.000000
vt 0.796499 0.000000
vt 0.796499 1.000000
vt 0.798687 0.000000
vt 0.798687 1.000000
vt 0.800875 0.000000
vt 0.800875 1.000000
vt 0.803063 0.000000
vt 0.803063 1.000000
vt 0.805252 0.000000
vt 0.805252 1.000000
vt 0.807440 0.000000
vt 0.807440 1.000000
vt 0.809628 0.000000
vt 0.809628 1.000000
vt 0.811816 0.000000
vt 0.811816 1.000000
vt 0.814004 0.000000
vt 0.814004 1.000000
vt 0.816193 0.000000
vt 0.816193 1.000000
vt 0.818381 0.000000
vt 0.818381 1.000000
vt 0.820569 0.000000
vt 0.820569 1.000000
vt 0.822757 0.000000
vt 0.822757 1.000000
vt 0.824945 0.000000
vt 0.824945 1.000000
vt 0.827133 0.000000
vt 0.827133 1.000000
vt 0.829322 0.000000
vt 0.829322 1.000000
vt 0.831510 0.000000
vt 0.831510 1.000000
vt 0.833698 0.000000
vt 0.833698 1.000000
vt 0.835886 0.000000
vt 0.835886 1.000000
vt 0.838074 0.000000
vt 0.838074 1.000000
vt 0.840263 0.000000
vt 0.840263 1.000000
vt 0.842451 0.000000
vt 0.842451 1.000000
vt 0.844639 0.000000
vt 0.844639 1.000000
vt 0.846827 0.000000
vt 0.846827 1.000000
vt 0.849015 0.000000
vt 0.849015 1.000000
vt 0.851204 0.000000
vt 0.851204 1.000000
vt 0.853392 0.000000
vt 0.853392 1.000000
vt 0.855580 0.000000
vt 0.855580 1.000000
vt 0.857768 0.000000
vt 0.857768 1.000000
vt 0.859956 0.000000
vt 0.859956 1.000000
vt 0.862144 0.000000
vt 0.862144 1.000000
vt 0.864333 0.000000
vt 0.864333 1.000000
vt 0.866521 0.000000
vt 0.866521 1.000000
vt 0.868709 0.000000
vt 0.868709 1.000000
vt 0.870897 0.000000
vt 0.870897 1.000000
vt 0.873085 0.000000
vt 0.873085 1.000000
vt 0.875274 0.000000
vt 0.875274 1.000000
vt 0.877462 0.000000
vt 0.877462 1.000000
vt 0.879650 0.000000
vt 0.879650 1.000000
vt 0.881838 0.000000
vt 0.881838 1.000000
vt 0.884026 0.000000
vt 0.884026 1.000000
vt 0.886214 0.000000
vt 0.886214 1.000000
vt 0.888403 0.000000
vt 0.888403 1.000000
vt 0.890591 0.000000
vt 0.890591 1.000000
vt 0.892779 0.000000
vt 0.892779 1.000000
vt 0.894967 0.000000
vt 0.894967 1.000000
vt 0.897155 0.000000
vt 0.897155 1.000000
vt 0.899344 0.000000
vt 0.899344 1.000000
vt 0.901532 0.000000
vt 0.901532 1.000000
vt 0.903720 0.000000
vt 0.903720 1.000000
vt 0.905908 0.000000
vt 0.905908 1.000000
vt 0.908096 0.000000
vt 0.908096 1.000000
vt 0.910284 0.000000
vt 0.910284 1.000000
vt 0.912473 0.000000
vt 0.912473 1.000000
vt 0.914661 0.000000
vt 0.914661 1.000000
vt 0.916849 0.000000
vt 0.916849 1.000000
vt 0.919037 0.000000
vt 0.919037 1.000000
vt 0.921225 0.000000
vt 0.921225 1.000000
vt 0.923414 0.000000
vt 0.923414 1.000000
vt 0.925602 0.000000
vt 0.925602 1.000000
vt 0.927790 0.000000
vt 0.927790 1.000000
vt 0.929978 0.000000
vt 0.929978 1.000000
vt 0.932166 0.000000
vt 0.932166 1.000000
vt 0.934354 0.000000
vt 0.934354 1.000000
vt 0.936543 0.000000
vt 0.936543 1.000000
vt 0.938731 0.000000
vt 0.938731 1.000000
vt 0.940919 0.000000
vt 0.940919 1.000000
vt 0.943107 0.000000
vt 0.943107 1.000000
vt 0.945295 0.000000
vt 0.945295 1.000000
vt 0.947484 0.000000
vt 0.947484 1.000000
vt 0.949672 0.000000
vt 0.949672 1.000000
vt 0.951860 0.000000
vt 0.951860 1.000000
vt 0.954048 0.000000
vt 0.954048 1.000000
vt 0.956236 0.000000
vt 0.956236 1.000000
vt 0.958425 0.000000
vt 0.958425 1.000000
vt 0.960613 0.000000
vt 0.960613 1.000000
vt 0.962801 0.000000
vt 0.962801 1.000000
vt 0.964989 0.000000
vt 0.964989 1.000000
vt 0.967177 0.000000
vt 0.967177 1.000000
vt 0.969365 0.000000
vt 0.969365 1.000000
vt 0.971554 0.000000
vt 0.971554 1.000000
vt 0.973742 0.000000
vt 0.973742 1.000000
vt 0.975930 0.000000
vt 0.975930 1.000000
vt 0.978118 0.000000
vt 0.978118 1.000000
vt 0.980306 0.000000
vt 0.980306 1.000000
vt 0.982495 0.000000
vt 0.982495 1.000000
vt 0.984683 0.000000
vt 0.984683 1.000000
vt 0.986871 0.000000
vt 0.986871 1.000000
vt 0.989059 0.000000
vt 0.989059 1.000000
vt 0.991247 0.000000
vt 0.991247 1.000000
vt 0.993435 0.000000
vt 0.993435 1.000000
vt 0.995624 0.000000
vt 0.995624 1.000000
vt 0.997812 0.000000
vt 0.997812 1.000000
vt 0.000000 0.000000
vt 1.000000 0.000000
vt 0.000000 1.000000
vt 1.000000 1.000000
vt 0.005814 0.000000
vt 0.005814 1.000000
vt 0.011628 0.000000
vt 0.011628 1.000000
vt 0.017442 0.000000
vt 0.017442 1.000000
vt 0.023256 0.000000
vt 0.023256 1.000000
vt 0.029070 0.000000
vt 0.029070 1.000000
vt 0.034884 0.000000
vt 0.034884 1.000000
vt 0.040698 0.000000
vt 0.040698 1.000000
vt 0.046512 0.000000
vt 0.046512 1.000000
vt 0.052326 0.000000
vt 0.052326 1.000000
vt 0.058140 0.000000
vt 0.058140 1.000000
vt 0.063953 0.000000
vt 0.063953 1.000000
vt 0.069767 0.000000
vt 0.069767 1.000000
vt 0.075581 0.000000
vt 0.075581 1.000000
vt 0.081395 0.000000
vt 0.081395 1.000000
vt 0.087209 0.000000
vt 0.087209 1.000000
vt 0.093023 0.000000
vt 0.093023 1.000000
vt 0.098837 0.000000
vt 0.098837 1.000000
vt 0.104651 0.000000
vt 0.104651 1.000000
vt 0.110465 0.000000
vt 0.110465 1.000000
vt 0.116279 0.000000
vt 0.116279 1.000000
vt 0.122093 0.000000
vt 0.122093 1.000000
vt 0.127907 0.000000
vt 0.127907 1.000000
vt 0.133721 0.000000
vt 0.133721 1.000000
vt 0.139535 0.000000
vt 0.139535 1.000000
vt 0.145349 0.000000
vt 0.145349 1.000000
vt 0.151163 0.000000
vt 0.151163 1.000000
vt 0.156977 0.000000
vt 0.156977 1.000000
vt 0.162791 0.000000
vt 0.162791 1.000000
vt 0.168605 0.000000
vt 0.168605 1.000000
vt 0.174419 0.000000
vt 0.174419 1.000000
vt 0.180233 0.000000
vt 0.180233 1.000000
vt 0.186047 0.000000
vt 0.186047 1.000000
vt 0.191860 0.000000
vt 0.191860 1.000000
vt 0.197674 0.000000
vt 0.197674 1.000000
vt 0.203488 0.000000
vt 0.203488 1.000000
vt 0.209302 0.000000
vt 0.209302 1.000000
vt 0.215116 0.000000
vt 0.215116 1.000000
vt 0.220930 0.000000
vt 0.220930 1.000000
vt 0.226744 0.000000
vt 0.226744 1.000000
vt 0.232558 0.000000
vt 0.232558 1.000000
vt 0.238372 0.000000
vt 0.238372 1.000000
vt 0.244186 0.000000
vt 0.244186 1.000000
vt 0.250000 0.000000
vt 0.250000 1.000000
vt 0.255814 0.000000
vt 0.255814 1.000000
vt 0.261628 0.000000
vt 0.261628 1.000000
vt 0.267442 0.000000
vt 0.267442 1.000000
vt 0.273256 0.000000
vt 0.273256 1.000000
vt 0.279070 0.000000
vt 0.279070 1.000000
vt 0.284884 0.000000
vt 0.284884 1.000000
vt 0.290698 0.000000
vt 0.290698 1.000000
vt 0.296512 0.000000
vt 0.296512 1.000000
vt 0.302326 0.000000
vt 0.302326 1.000000
vt 0.308140 0.000000
vt 0.308140 1.000000
vt 0.313953 0.000000
vt 0.313953 1.000000
vt 0.319767 0.000000
vt 0.319767 1.000000
vt 0.325581 0.000000
vt 0.325581 1.000000
vt 0.331395 0.000000
vt 0.331395 1.000000
vt 0.337209 0.000000
vt 0.337209 1.000000
vt 0.343023 0.000000
vt 0.343023 1.000000
vt 0.348837 0.000000
vt 0.348837 1.000000
vt 0.354651 0.000000
vt 0.354651 1.000000
vt 0.360465 0.000000
vt 0.360465 1.000000
vt 0.366279 0.000000
vt 0.366279 1.000000
vt 0.372093 0.000000
vt 0.372093 1.000000
vt 0.377907 0.000000
vt 0.377907 1.000000
vt 0.383721 0.000000
vt 0.383721 1.000000
vt 0.389535 0.000000
vt 0.389535 1.000000
vt 0.395349 0.000000
vt 0.395349 1.000000
vt 0.401163 0.000000
vt 0.401163 1.000000
vt 0.406977 0.000000
vt 0.406977 1.000000
vt 0.412791 0.000000
vt 0.412791 1.000000
vt 0.418605 0.000000
vt 0.418605 1.000000
vt 0.424419 0.000000
vt 0.424419 1.000000
vt 0.430233 0.000000
vt 0.430233 1.000000
vt 0.436047 0.000000
vt 0.436047 1.000000
vt 0.441860 0.000000
vt 0.441860 1.000000
vt 0.447674 0.000000
vt 0.447674 1.000000
vt 0.453488 0.000000
vt 0.453488 1.000000
vt 0.459302 0.000000
vt 0.459302 1.000000
vt 0.465116 0.000000
vt 0.465116 1.000000
vt 0.470930 0.000000
vt 0.470930 1.000000
vt 0.476744 0.000000
vt 0.476744 1.000000
vt 0.482558 0.000000
vt 0.482558 1.000000
vt 0.488372 0.000000
vt 0.488372 1.000000
vt 0.494186 0.000000
vt 0.494186 1.000000
vt 0.500000 0.000000
vt 0.500000 1.000000
vt 0.505814 0.000000
vt 0.505814 1.000000
vt 0.511628 0.000000
vt 0.511628 1.000000
vt 0.517442 0.000000
vt 0.517442 1.000000
vt 0.523256 0.000000
vt 0.523256 1.000000
vt 0.529070 0.000000
vt 0.529070 1.000000
vt 0.534884 0.000000
vt 0.534884 1.000000
vt 0.540698 0.000000
vt 0.540698 1.000000
vt 0.546512 0.000000
vt 0.546512 1.000000
vt 0.552326 0.000000
vt 0.552326 1.000000
vt 0.558140 0.000000
vt 0.558140 1.000000
vt 0.563953 0.000000
vt 0.563953 1.000000
vt 0.569767 0.000000
vt 0.569767 1.000000
vt 0.575581 0.000000
vt 0.575581 1.000000
vt 0.581395 0.000000
vt 0.581395 1.000000
vt 0.587209 0.000000
vt 0.587209 1.000000
vt 0.593023 0.000000
vt 0.593023 1.000000
vt 0.598837 0.000000
vt 0.598837 1.000000
vt 0.604651 0.000000
vt 0.604651 1.000000
vt 0.610465 0.000000
vt 0.610465 1.000000
vt 0.616279 0.000000
vt 0.616279 1.000000
vt 0.622093 0.000000
vt 0.622093 1.000000
vt 0.627907 0.000000
vt 0.627907 1.000000
vt 0.633721 0.000000
vt 0.633721 1.000000
vt 0.639535 0.000000
vt 0.639535 1.000000
vt 0.645349 0.000000
vt 0.645349 1.000000
vt 0.651163 0.000000
vt 0.651163 1.000000
vt 0.656977 0.000000
vt 0.656977 1.000000
vt 0.662791 0.000000
vt 0.662791 1.000000
vt 0.668605 0.000000
vt 0.668605 1.000000
vt 0.674419 0.000000
vt 0.674419 1.000000
vt 0.680233 0.000000
vt 0.680233 1.000000
vt 0.686047 0.000000
vt 0.686047 1.000000
vt 0.691860 0.000000
vt 0.691860 1.000000
vt 0.697674 0.000000
vt 0.697674 1.000000
vt 0.703488 0.000000
vt 0.703488 1.000000
vt 0.709302 0.000000
vt 0.709302 1.000000
vt 0.715116 0.000000
vt 0.715116 1.000000
vt 0.720930 0.000000
vt 0.720930 1.000000
vt 0.726744 0.000000
vt 0.726744 1.000000
vt 0.732558 0.000000
vt 0.732558 1.000000
vt 0.738372 0.000000
vt 0.738372 1.000000
vt 0.744186 0.000000
vt 0.744186 1.000000
vt 0.750000 0.000000
vt 0.750000 1.000000
vt 0.755814 0.000000
vt 0.755814 1.000000
vt 0.761628 0.000000
vt 0.761628 1.000000
vt 0.767442 0.000000
vt 0.767442 1.000000
vt 0.773256 0.000000
vt 0.773256 1.000000
vt 0.779070 0.000000
vt 0.779070 1.000000
vt 0.784884 0.000000
vt 0.784884 1.000000
vt 0.790698 0.000000
vt 0.790698 1.000000
vt 0.796512 0.000000
vt 0.796512 1.000000
vt 0.802326 0.000000
vt 0.802326 1.000000
vt 0.808140 0.000000
vt 0.808140 1.000000
vt 0.813953 0.000000
vt 0.813953 1.000000
vt 0.819767 0.000000
vt 0.819767 1.000000
vt 0.825581 0.000000
vt 0.825581 1.000000
vt 0.831395 0.000000
vt 0.831395 1.000000
vt 0.837209 0.000000
vt 0.837209 1.000000
vt 0.843023 0.000000
vt 0.843023 1.000000
vt 0.848837 0.000000
vt 0.848837 1.000000
vt 0.854651 0.000000
vt 0.854651 1.000000
vt 0.860465 0.000000
vt 0.860465 1.000000
vt 0.866279 0.000000
vt 0.866279 1.000000
vt 0.872093 0.000000
vt 0.872093 1.000000
vt 0.877907 0.000000
vt 0.877907 1.000000
vt 0.883721 0.000000
vt 0.883721 1.000000
vt 0.889535 0.000000
vt 0.889535 1.000000
vt 0.895349 0.000000
vt 0.895349 1.000000
vt 0.901163 0.000000
vt 0.901163 1.000000
vt 0.906977 0.000000
vt 0.906977 1.000000
vt 0.912791 0.000000
vt 0.912791 1.000000
vt 0.918605 0.000000
vt 0.918605 1.000000
vt 0.924419 0.000000
vt 0.924419 1.000000
vt 0.930233 0.000000
vt 0.930233 1.000000
vt 0.936047 0.000000
vt 0.936047 1.000000
vt 0.941860 0.000000
vt 0.941860 1.000000
vt 0.947674 0.000000
vt 0.947674 1.000000
vt 0.953488 0.000000
vt 0.953488 1.000000
vt 0.959302 0.000000
vt 0.959302 1.000000
vt 0.965116 0.000000
vt 0.965116 1.000000
vt 0.970930 0.000000
vt 0.970930 1.000000
vt 0.976744 0.000000
vt 0.976744 1.000000
vt 0.982558 0.000000
vt 0.982558 1.000000
vt 0.988372 0.000000
vt 0.988372 1.000000
vt 0.994186 0.000000
vt 0.994186 1.000000
vt 0.000000 0.000000
vt 1.000000 0.000000
vt 0.000000 1.000000
vt 1.000000 1.000000
vt 0.007463 0.000000
vt 0.007463 1.000000
vt 0.014925 0.000000
vt 0.014925 1.000000
vt 0.022388 0.000000
vt 0.022388 1.000000
vt 0.029851 0.000000
vt 0.029851 1.000000
vt 0.037313 0.000000
vt 0.037313 1.000000
vt 0.044776 0.000000
vt 0.044776 1.000000
vt 0.052239 0.000000
vt 0.052239 1.000000
vt 0.059701 0.000000
vt 0.059701 1.000000
vt 0.067164 0.000000
vt 0.067164 1.000000
vt 0.074627 0.000000
vt 0.074627 1.000000
vt 0.082090 0.000000
vt 0.082090 1.000000
vt 0.089552 0.000000
vt 0.089552 1.000000
vt 0.097015 0.000000
vt 0.097015 1.000000
vt 0.104478 0.000000
vt 0.104478 1.000000
vt 0.111940 0.000000
vt 0.111940 1.000000
vt 0.119403 0.000000
vt 0.119403 1.000000
vt 0.126866 0.000000
vt 0.126866 1.000000
vt 0.134328 0.000000
vt 0.134328 1.000000
vt 0.141791 0.000000
vt 0.141791 1.000000
vt 0.149254 0.000000
vt 0.149254 1.000000
vt 0.156716 0.000000
vt 0.156716 1.000000
vt 0.164179 0.000000
vt 0.164179 1.000000
vt 0.171642 0.000000
vt 0.171642 1.000000
vt 0.179104 0.000000
vt 0.179104 1.000000
vt 0.186567 0.000000
vt 0.186567 1.000000
vt 0.194030 0.000000
vt 0.194030 1.000000
vt 0.201493 0.000000
vt 0.201493 1.000000
vt 0.208955 0.000000
vt 0.208955 1.000000
vt 0.216418 0.000000
vt 0.216418 1.000000
vt 0.223881 0.000000
vt 0.223881 1.000000
vt 0.231343 0.000000
vt 0.231343 1.000000
vt 0.238806 0.000000
vt 0.238806 1.000000
vt 0.246269 0.000000
vt 0.246269 1.000000
vt 0.253731 0.000000
vt 0.253731 1.000000
vt 0.261194 0.000000
vt 0.261194 1.000000
vt 0.268657 0.000000
vt 0.268657 1.000000
vt 0.276119 0.000000
vt 0.276119 1.000000
vt 0.283582 0.000000
vt 0.283582 1.000000
vt 0.291045 0.000000
vt 0.291045 1.000000
vt 0.298507 0.000000
vt 0.298507 1.000000
vt 0.305970 0.000000
vt 0.305970 1.000000
vt 0.313433 0.000000
vt 0.313433 1.000000
vt 0.320896 0.000000
vt 0.320896 1.000000
vt 0.328358 0.000000
vt 0.328358 1.000000
vt 0.335821 0.000000
vt 0.335821 1.000000
vt 0.343284 0.000000
vt 0.343284 1.000000
vt 0.350746 0.000000
vt 0.350746 1.000000
vt 0.358209 0.000000
vt 0.358209 1.000000
vt 0.365672 0.000000
vt 0.365672 1.000000
vt 0.373134 0.000000
vt 0.373134 1.000000
vt 0.380597 0.000000
vt 0.380597 1.000000
vt 0.388060 0.000000
vt 0.388060 1.000000
vt 0.395522 0.000000
vt 0.395522 1.000000
vt 0.402985 0.000000
vt 0.402985 1.000000
vt 0.410448 0.000000
vt 0.410448 1.000000
vt 0.417910 0.000000
vt 0.417910 1.000000
vt 0.425373 0.000000
vt 0.425373 1.000000
vt 0.432836 0.000000
vt 0.432836 1.000000
vt 0.440298 0.000000
vt 0.440298 1.000000
vt 0.447761 0.000000
vt 0.447761 1.000000
vt 0.455224 0.000000
vt 0.455224 1.000000
vt 0.462687 0.000000
vt 0.462687 1.000000
vt 0.470149 0.000000
vt 0.470149 1.000000
vt 0.477612 0.000000
vt 0.477612 1.000000
vt 0.485075 0.000000
vt 0.485075 1.000000
vt 0.492537 0.000000
vt 0.492537 1.000000
vt 0.500000 0.000000
vt 0.500000 1.000000
vt 0.507463 0.000000
vt 0.507463 1.000000
vt 0.514925 0.000000
vt 0.514925 1.000000
vt 0.522388 0.000000
vt 0.522388 1.000000
vt 0.529851 0.000000
vt 0.529851 1.000000
vt 0.537313 0.000000
vt 0.537313 1.000000
vt 0.544776 0.000000
vt 0.544776 1.000000
vt 0.552239 0.000000
vt 0.552239 1.000000
vt 0.559702 0.000000
vt 0.559702 1.000000
vt 0.567164 0.000000
vt 0.567164 1.000000
vt 0.574627 0.000000
vt 0.574627 1.000000
vt 0.582090 0.000000
vt 0.582090 1.000000
vt 0.589552 0.000000
vt 0.589552 1.000000
vt 0.597015 0.000000
vt 0.597015 1.000000
vt 0.604478 0.000000
vt 0.604478 1.000000
vt 0.611940 0.000000
vt 0.611940 1.000000
vt 0.619403 0.000000
vt 0.619403 1.000000
vt 0.626866 0.000000
vt 0.626866 1.000000
vt 0.634328 0.000000
vt 0.634328 1.000000
vt 0.641791 0.000000
vt 0.641791 1.000000
vt 0.649254 0.000000
vt 0.649254 1.000000
vt 0.656716 0.000000
vt 0.656716 1.000000
vt 0.664179 0.000000
vt 0.664179 1.000000
vt 0.671642 0.000000
vt 0.671642 1.000000
vt 0.679105 0.000000
vt 0.679105 1.000000
vt 0.686567 0.000000
vt 0.686567 1.000000
vt 0.694030 0.000000
vt 0.694030 1.000000
vt 0.701493 0.000000
vt 0.701493 1.000000
vt 0.708955 0.000000
vt 0.708955 1.000000
vt 0.716418 0.000000
vt 0.716418 1.000000
vt 0.723881 0.000000
vt 0.723881 1.000000
vt 0.731343 0.000000
vt 0.731343 1.000000
vt 0.738806 0.000000
vt 0.738806 1.000000
vt 0.746269 0.000000
vt 0.746269 1.000000
vt 0.753731 0.000000
vt 0.753731 1.000000
vt 0.761194 0.000000
vt 0.761194 1.000000
vt 0.768657 0.000000
vt 0.768657 1.000000
vt 0.776119 0.000000
vt 0.776119 1.000000
vt 0.783582 0.000000
vt 0.783582 1.000000
vt 0.791045 0.000000
vt 0.791045 1.000000
vt 0.798507 0.000000
vt 0.798507 1.000000
vt 0.805970 0.000000
vt 0.805970 1.000000
vt 0.813433 0.000000
vt 0.813433 1.000000
vt 0.820895 0.000000
vt 0.820895 1.000000
vt 0.828358 0.000000
vt 0.828358 1.000000
vt 0.835821 0.000000
vt 0.835821 1.000000
vt 0.843284 0.000000
vt 0.843284 1.000000
vt 0.850746 0.000000
vt 0.850746 1.000000
vt 0.858209 0.000000
vt 0.858209 1.000000
vt 0.865672 0.000000
vt 0.865672 1.000000
vt 0.873134 0.000000
vt 0.873134 1.000000
vt 0.880597 0.000000
vt 0.880597 1.000000
vt 0.888060 0.000000
vt 0.888060 1.000000
vt 0.895522 0.000000
vt 0.895522 1.000000
vt 0.902985 0.000000
vt 0.902985 1.000000
vt 0.910448 0.000000
vt 0.910448 1.000000
vt 0.917910 0.000000
vt 0.917910 1.000000
vt 0.925373 0.000000
vt 0.925373 1.000000
vt 0.932836 0.000000
vt 0.932836 1.000000
vt 0.940298 0.000000
vt 0.940298 1.000000
vt 0.947761 0.000000
vt 0.947761 1.000000
vt 0.955224 0.000000
vt 0.955224 1.000000
vt 0.962687 0.000000
vt 0.962687 1.000000
vt 0.970149 0.000000
vt 0.970149 1.000000
vt 0.977612 0.000000
vt 0.977612 1.000000
vt 0.985075 0.000000
vt 0.985075 1.000000
vt 0.992537 0.000000
vt 0.992537 1.000000
vt 0.000000 0.000000
vt 1.000000 0.000000
vt 0.000000 1.000000
vt 1.000000 1.000000
vt 0.008264 0.000000
vt 0.008264 1.000000
vt 0.016529 0.000000
vt 0.016529 1.000000
vt 0.024793 0.000000
vt 0.024793 1.000000
vt 0.033058 0.000000
vt 0.033058 1.000000
vt 0.041322 0.000000
vt 0.041322 1.000000
vt 0.049587 0.000000
vt 0.049587 1.000000
vt 0.057851 0.000000
vt 0.057851 1.000000
vt 0.066116 0.000000
vt 0.066116 1.000000
vt 0.074380 0.000000
vt 0.074380 1.000000
vt 0.082645 0.000000
vt 0.082645 1.000000
vt 0.090909 0.000000
vt 0.090909 1.000000
vt 0.099174 0.000000
vt 0.099174 1.000000
vt 0.107438 0.000000
vt 0.107438 1.000000
vt 0.115702 0.000000
vt 0.115702 1.000000
vt 0.123967 0.000000
vt 0.123967 1.000000
vt 0.132231 0.000000
vt 0.132231 1.000000
vt 0.140496 0.000000
vt 0.140496 1.000000
vt 0.148760 0.000000
vt 0.148760 1.000000
vt 0.157025 0.000000
vt 0.157025 1.000000
vt 0.165289 0.000000
vt 0.165289 1.000000
vt 0.173554 0.000000
vt 0.173554 1.000000
vt 0.181818 0.000000
vt 0.181818 1.000000
vt 0.190083 0.000000
vt 0.190083 1.000000
vt 0.198347 0.000000
vt 0.198347 1.000000
vt 0.206612 0.000000
vt 0.206612 1.000000
vt 0.214876 0.000000
vt 0.214876 1.000000
vt 0.223140 0.000000
vt 0.223140 1.000000
vt 0.231405 0.000000
vt 0.231405 1.000000
vt 0.239669 0.000000
vt 0.239669 1.000000
vt 0.247934 0.000000
vt 0.247934 1.000000
vt 0.256198 0.000000
vt 0.256198 1.000000
vt 0.264463 0.000000
vt 0.264463 1.000000
vt 0.272727 0.000000
vt 0.272727 1.000000
vt 0.280992 0.000000
vt 0.280992 1.000000
vt 0.289256 0.000000
vt 0.289256 1.000000
vt 0.297521 0.000000
vt 0.297521 1.000000
vt 0.305785 0.000000
vt 0.305785 1.000000
vt 0.314050 0.000000
vt 0.314050 1.000000
vt 0.322314 0.000000
vt 0.322314 1.000000
vt 0.330579 0.000000
vt 0.330579 1.000000
vt 0.338843 0.000000
vt 0.338843 1.000000
vt 0.347107 0.000000
vt 0.347107 1.000000
vt 0.355372 0.000000
vt 0.355372 1.000000
vt 0.363636 0.000000
vt 0.363636 1.000000
vt 0.371901 0.000000
vt 0.371901 1.000000
vt 0.380165 0.000000
vt 0.380165 1.000000
vt 0.388430 0.000000
vt 0.388430 1.000000
vt 0.396694 0.000000
vt 0.396694 1.000000
vt 0.404959 0.000000
vt 0.404959 1.000000
vt 0.413223 0.000000
vt 0.413223 1.000000
vt 0.421488 0.000000
vt 0.421488 1.000000
vt 0.429752 0.000000
vt 0.429752 1.000000
vt 0.438017 0.000000
vt 0.438017 1.000000
vt 0.446281 0.000000
vt 0.446281 1.000000
vt 0.454545 0.000000
vt 0.454545 1.000000
vt 0.462810 0.000000
vt 0.462810 1.000000
vt 0.471074 0.000000
vt 0.471074 1.000000
vt 0.479339 0.000000
vt 0.479339 1.000000
vt 0.487603 0.000000
vt 0.487603 1.000000
vt 0.495868 0.000000
vt 0.495868 1.000000
vt 0.504132 0.000000
vt 0.504132 1.000000
vt 0.512397 0.000000
vt 0.512397 1.000000
vt 0.520661 0.000000
vt 0.520661 1.000000
vt 0.528926 0.000000
vt 0.528926 1.000000
vt 0.537190 0.000000
vt 0.537190 1.000000
vt 0.545455 0.000000
vt 0.545455 1.000000
vt 0.553719 0.000000
vt 0.553719 1.000000
vt 0.561983 0.000000
vt 0.561983 1.000000
vt 0.570248 0.000000
vt 0.570248 1.000000
vt 0.578512 0.000000
vt 0.578512 1.000000
vt 0.586777 0.000000
vt 0.586777 1.000000
vt 0.595041 0.000000
vt 0.595041 1.000000
vt 0.603306 0.000000
vt 0.603306 1.000000
vt 0.611570 0.000000
vt 0.611570 1.000000
vt 0.619835 0.000000
vt 0.619835 1.000000
vt 0.628099 0.000000
vt 0.628099 1.000000
vt 0.636364 0.000000
vt 0.636364 1.000000
vt 0.644628 0.000000
vt 0.644628 1.000000
vt 0.652893 0.000000
vt 0.652893 1.000000
vt 0.661157 0.000000
vt 0.661157 1.000000
vt 0.669421 0.000000
vt 0.669421 1.000000
vt 0.677686 0.000000
vt 0.677686 1.000000
vt 0.685950 0.000000
vt 0.685950 1.000000
vt 0.694215 0.000000
vt 0.694215 1.000000
vt 0.702479 0.000000
vt 0.702479 1.000000
vt 0.710744 0.000000
vt 0.710744 1.000000
vt 0.719008 0.000000
vt 0.719008 1.000000
vt 0.727273 0.000000
vt 0.727273 1.000000
vt 0.735537 0.000000
vt 0.735537 1.000000
vt 0.743802 0.000000
vt 0.743802 1.000000
vt 0.752066 0.000000
vt 0.752066 1.000000
vt 0.760331 0.000000
vt 0.760331 1.000000
vt 0.768595 0.000000
vt 0.768595 1.000000
vt 0.776860 0.000000
vt 0.776860 1.000000
vt 0.785124 0.000000
vt 0.785124 1.000000
vt 0.793388 0.000000
vt 0.793388 1.000000
vt 0.801653 0.000000
vt 0.801653 1.000000
vt 0.809917 0.000000
vt 0.809917 1.000000
vt 0.818182 0.000000
vt 0.818182 1.000000
vt 0.826446 0.000000
vt 0.826446 1.000000
vt 0.834711 0.000000
vt 0.834711 1.000000
vt 0.842975 0.000000
vt 0.842975 1.000000
vt 0.851240 0.000000
vt 0.851240 1.000000
vt 0.859504 0.000000
vt 0.859504 1.000000
vt 0.867769 0.000000
vt 0.867769 1.000000
vt 0.876033 0.000000
vt 0.876033 1.000000
vt 0.884298 0.000000
vt 0.884298 1.000000
vt 0.892562 0.000000
vt 0.892562 1.000000
vt 0.900826 0.000000
vt 0.900826 1.000000
vt 0.909091 0.000000
vt 0.909091 1.000000
vt 0.917355 0.000000
vt 0.917355 1.000000
vt 0.925620 0.000000
vt 0.925620 1.000000
vt 0.933884 0.000000
vt 0.933884 1.000000
vt 0.942149 0.000000
vt 0.942149 1.000000
vt 0.950413 0.000000
vt 0.950413 1.000000
vt 0.958678 0.000000
vt 0.958678 1.000000
vt 0.966942 0.000000
vt 0.966942 1.000000
vt 0.975207 0.000000
vt 0.975207 1.000000
vt 0.983471 0.000000
vt 0.983471 1.000000
vt 0.991736 0.000000
vt 0.991736 1.000000
vt 0.000000 0.000000
vt 1.000000 0.000000
vt 0.000000 1.000000
vt 1.000000 1.000000
vt 0.008264 0.000000
vt 0.008264 1.000000
vt 0.016529 0.000000
vt 0.016529 1.000000
vt 0.024793 0.000000
vt 0.024793 1.000000
vt 0.033058 0.000000
vt 0.033058 1.000000
vt 0.041322 0.000000
vt 0.041322 1.000000
vt 0.049587 0.000000
vt 0.049587 1.000000
vt 0.057851 0.000000
vt 0.057851 1.000000
vt 0.066116 0.000000
vt 0.066116 1.000000
vt 0.074380 0.000000
vt 0.074380 1.000000
vt 0.082645 0.000000
vt 0.082645 1.000000
vt 0.090909 0.000000
vt 0.090909 1.000000
vt 0.099174 0.000000
vt 0.099174 1.000000
vt 0.107438 0.000000
vt 0.107438 1.000000
vt 0.115702 0.000000
vt 0.115702 1.000000
vt 0.123967 0.000000
vt 0.123967 1.000000
vt 0.132231 0.000000
vt 0.132231 1.000000
vt 0.140496 0.000000
vt 0.140496 1.000000
vt 0.148760 0.000000
vt 0.148760 1.000000
vt 0.157025 0.000000
vt 0.157025 1.000000
vt 0.165289 0.000000
vt 0.165289 1.000000
vt 0.173554 0.000000
vt 0.173554 1.000000
vt 0.181818 0.000000
vt 0.181818 1.000000
vt 0.190083 0.000000
vt 0.190083 1.000000
vt 0.198347 0.000000
vt 0.198347 1.000000
vt 0.206612 0.000000
vt 0.206612 1.000000
vt 0.214876 0.000000
vt 0.214876 1.000000
vt 0.223140 0.000000
vt 0.223140 1.000000
vt 0.231405 0.000000
vt 0.231405 1.000000
vt 0.239669 0.000000
vt 0.239669 1.000000
vt 0.247934 0.000000
vt 0.247934 1.000000
vt 0.256198 0.000000
vt 0.256198 1.000000
vt 0.264463 0.000000
vt 0.264463 1.000000
vt 0.272727 0.000000
vt 0.272727 1.000000
vt 0.280992 0.000000
vt 0.280992 1.000000
vt 0.289256 0.000000
vt 0.289256 1.000000
vt 0.297521 0.000000
vt 0.297521 1.000000
vt 0.305785 0.000000
vt 0.305785 1.000000
vt 0.314050 0.000000
vt 0.314050 1.000000
vt 0.322314 0.000000
vt 0.322314 1.000000
vt 0.330579 0.000000
vt 0.330579 1.000000
vt 0.338843 0.000000
vt 0.338843 1.000000
vt 0.347107 0.000000
vt 0.347107 1.000000
vt 0.355372 0.000000
vt 0.355372 1.000000
vt 0.363636 0.000000
vt 0.363636 1.000000
vt 0.371901 0.000000
vt 0.371901 1.000000
vt 0.380165 0.000000
vt 0.380165 1.000000
vt 0.388430 0.000000
vt 0.388430 1.000000
vt 0.396694 0.000000
vt 0.396694 1.000000
vt 0.404959 0.000000
vt 0.404959 1.000000
vt 0.413223 0.000000
vt 0.413223 1.000000
vt 0.421488 0.000000
vt 0.421488 1.000000
vt 0.429752 0.000000
vt 0.429752 1.000000
vt 0.438017 0.000000
vt 0.438017 1.000000
vt 0.446281 0.000000
vt 0.446281 1.000000
vt 0.454545 0.000000
vt 0.454545 1.000000
vt 0.462810 0.000000
vt 0.462810 1.000000
vt 0.471074 0.000000
vt 0.471074 1.000000
vt 0.479339 0.000000
vt 0.479339 1.000000
vt 0.487603 0.000000
vt 0.487603 1.000000
vt 0.495868 0.000000
vt 0.495868 1.000000
vt 0.504132 0.000000
vt 0.504132 1.000000
vt 0.512397 0.000000
vt 0.512397 1.000000
vt 0.520661 0.000000
vt 0.520661 1.000000
vt 0.528926 0.000000
vt 0.528926 1.000000
vt 0.537190 0.000000
vt 0.537190 1.000000
vt 0.545455 0.000000
vt 0.545455 1.000000
vt 0.553719 0.000000
vt 0.553719 1.000000
vt 0.561983 0.000000
vt 0.561983 1.000000
vt 0.570248 0.000000
vt 0.570248 1.000000
vt 0.578512 0.000000
vt 0.578512 1.000000
vt 0.586777 0.000000
vt 0.586777 1.000000
vt 0.595041 0.000000
vt 0.595041 1.000000
vt 0.603306 0.000000
vt 0.603306 1.000000
vt 0.611570 0.000000
vt 0.611570 1.000000
vt 0.619835 0.000000
vt 0.619835 1.000000
vt 0.628099 0.000000
vt 0.628099 1.000000
vt 0.636364 0.000000
vt 0.636364 1.000000
vt 0.644628 0.000000
vt 0.644628 1.000000
vt 0.652893 0.000000
vt 0.652893 1.000000
vt 0.661157 0.000000
vt 0.661157 1.000000
vt 0.669421 0.000000
vt 0.669421 1.000000
vt 0.677686 0.000000
vt 0.677686 1.000000
vt 0.685950 0.000000
vt 0.685950 1.000000
vt 0.694215 0.000000
vt 0.694215 1.000000
vt 0.702479 0.000000
vt 0.702479 1.000000
vt 0.710744 0.000000
vt 0.710744 1.000000
vt 0.719008 0.000000
vt 0.719008 1.000000
vt 0.727273 0.000000
vt 0.727273 1.000000
vt 0.735537 0.000000
vt 0.735537 1.000000
vt 0.743802 0.000000
vt 0.743802 1.000000
vt 0.752066 0.000000
vt 0.752066 1.000000
vt 0.760331 0.000000
vt 0.760331 1.000000
vt 0.768595 0.000000
vt 0.768595 1.000000
vt 0.776860 0.000000
vt 0.776860 1.000000
vt 0.785124 0.000000
vt 0.785124 1.000000
vt 0.793388 0.000000
vt 0.793388 1.000000
vt 0.801653 0.000000
vt 0.801653 1.000000
vt 0.809917 0.000000
vt 0.809917 1.000000
vt 0.818182 0.000000
vt 0.818182 1.000000
vt 0.826446 0.000000
vt 0.826446 1.000000
vt 0.834711 0.000000
vt 0.834711 1.000000
vt 0.842975 0.000000
vt 0.842975 1.000000
vt 0.851240 0.000000
vt 0.851240 1.000000
vt 0.859504 0.000000
vt 0.859504 1.000000
vt 0.867769 0.000000
vt 0.867769 1.000000
vt 0.876033 0.000000
vt 0.876033 1.000000
vt 0.884298 0.000000
vt 0.884298 1.000000
vt 0.892562 0.000000
vt 0.892562 1.000000
vt 0.900826 0.000000
vt 0.900826 1.000000
vt 0.909091 0.000000
vt 0.909091 1.000000
vt 0.917355 0.000000
vt 0.917355 1.000000
vt 0.925620 0.000000
vt 0.925620 1.000000
vt 0.933884 0.000000
vt 0.933884 1.000000
vt 0.942149 0.000000
vt 0.942149 1.000000
vt 0.950413 0.000000
vt 0.950413 1.000000
vt 0.958678 0.000000
vt 0.958678 1.000000
vt 0.966942 0.000000
vt 0.966942 1.000000
vt 0.975207 0.000000
vt 0.975207 1.000000
vt 0.983471 0.000000
vt 0.983471 1.000000
vt 0.991736 0.000000
vt 0.991736 1.000000
vt 0.000000 0.000000
vt 1.000000 0.000000
vt 0.000000 1.000000
vt 1.000000 1.000000
vt 0.005525 0.000000
vt 0.005525 1.000000
vt 0.011050 0.000000
vt 0.011050 1.000000
vt 0.016575 0.000000
vt 0.016575 1.000000
vt 0.022099 0.000000
vt 0.022099 1.000000
vt 0.027624 0.000000
vt 0.027624 1.000000
vt 0.033149 0.000000
vt 0.033149 1.000000
vt 0.038674 0.000000
vt 0.038674 1.000000
vt 0.044199 0.000000
vt 0.044199 1.000000
vt 0.049724 0.000000
vt 0.049724 1.000000
vt 0.055249 0.000000
vt 0.055249 1.000000
vt 0.060773 0.000000
vt 0.060773 1.000000
vt 0.066298 0.000000
vt 0.066298 1.000000
vt 0.071823 0.000000
vt 0.071823 1.000000
vt 0.077348 0.000000
vt 0.077348 1.000000
vt 0.082873 0.000000
vt 0.082873 1.000000
vt 0.088398 0.000000
vt 0.088398 1.000000
vt 0.093923 0.000000
vt 0.093923 1.000000
vt 0.099448 0.000000
vt 0.099448 1.000000
vt 0.104972 0.000000
vt 0.104972 1.000000
vt 0.110497 0.000000
vt 0.110497 1.000000
vt 0.116022 0.000000
vt 0.116022 1.000000
vt 0.121547 0.000000
vt 0.121547 1.000000
vt 0.127072 0.000000
vt 0.127072 1.000000
vt 0.132597 0.000000
vt 0.132597 1.000000
vt 0.138122 0.000000
vt 0.138122 1.000000
vt 0.143646 0.000000
vt 0.143646 1.000000
vt 0.149171 0.000000
vt 0.149171 1.000000
vt 0.154696 0.000000
vt 0.154696 1.000000
vt 0.160221 0.000000
vt 0.160221 1.000000
vt 0.165746 0.000000
vt 0.165746 1.000000
vt 0.171271 0.000000
vt 0.171271 1.000000
vt 0.176796 0.000000
vt 0.176796 1.000000
vt 0.182320 0.000000
vt 0.182320 1.000000
vt 0.187845 0.000000
vt 0.187845 1.000000
vt 0.193370 0.000000
vt 0.193370 1.000000
vt 0.198895 0.000000
vt 0.198895 1.000000
vt 0.204420 0.000000
vt 0.204420 1.000000
vt 0.209945 0.000000
vt 0.209945 1.000000
vt 0.215470 0.000000
vt 0.215470 1.000000
vt 0.220994 0.000000
vt 0.220994 1.000000
vt 0.226519 0.000000
vt 0.226519 1.000000
vt 0.232044 0.000000
vt 0.232044 1.000000
vt 0.237569 0.000000
vt 0.237569 1.000000
vt 0.243094 0.000000
vt 0.243094 1.000000
vt 0.248619 0.000000
vt 0.248619 1.000000
vt 0.254144 0.000000
vt 0.254144 1.000000
vt 0.259668 0.000000
vt 0.259668 1.000000
vt 0.265193 0.000000
vt 0.265193 1.000000
vt 0.270718 0.000000
vt 0.270718 1.000000
vt 0.276243 0.000000
vt 0.276243 1.000000
vt 0.281768 0.000000
vt 0.281768 1.000000
vt 0.287293 0.000000
vt 0.287293 1.000000
vt 0.292818 0.000000
vt 0.292818 1.000000
vt 0.298343 0.000000
vt 0.298343 1.000000
vt 0.303867 0.000000
vt 0.303867 1.000000
vt 0.309392 0.000000
vt 0.309392 1.000000
vt 0.314917 0.000000
vt 0.314917 1.000000
vt 0.320442 0.000000
vt 0.320442 1.000000
vt 0.325967 0.000000
vt 0.325967 1.000000
vt 0.331492 0.000000
vt 0.331492 1.000000
vt 0.337017 0.000000
vt 0.337017 1.000000
vt 0.342541 0.000000
vt 0.342541 1.000000
vt 0.348066 0.000000
vt 0.348066 1.000000
vt 0.353591 0.000000
vt 0.353591 1.000000
vt 0.359116 0.000000
vt 0.359116 1.000000
vt 0.364641 0.000000
vt 0.364641 1.000000
vt 0.370166 0.000000
vt 0.370166 1.000000
vt 0.375691 0.000000
vt 0.375691 1.000000
vt 0.381215 0.000000
vt 0.381215 1.000000
vt 0.386740 0.000000
vt 0.386740 1.000000
vt 0.392265 0.000000
vt 0.392265 1.000000
vt 0.397790 0.000000
vt 0.397790 1.000000
vt 0.403315 0.000000
vt 0.403315 1.000000
vt 0.408840 0.000000
vt 0.408840 1.000000
vt 0.414365 0.000000
vt 0.414365 1.000000
vt 0.419890 0.000000
vt 0.419890 1.000000
vt 0.425414 0.000000
vt 0.425414 1.000000
vt 0.430939 0.000000
vt 0.430939 1.000000
vt 0.436464 0.000000
vt 0.436464 1.000000
vt 0.441989 0.000000
vt 0.441989 1.000000
vt 0.447514 0.000000
vt 0.447514 1.000000
vt 0.453039 0.000000
vt 0.453039 1.000000
vt 0.458564 0.000000
vt 0.458564 1.000000
vt 0.464088 0.000000
vt 0.464088 1.000000
vt 0.469613 0.000000
vt 0.469613 1.000000
vt 0.475138 0.000000
vt 0.475138 1.000000
vt 0.480663 0.000000
vt 0.480663 1.000000
vt 0.486188 0.000000
vt 0.486188 1.000000
vt 0.491713 0.000000
vt 0.491713 1.000000
vt 0.497238 0.000000
vt 0.497238 1.000000
vt 0.502762 0.000000
vt 0.502762 1.000000
vt 0.508287 0.000000
vt 0.508287 1.000000
vt 0.513812 0.000000
vt 0.513812 1.000000
vt 0.519337 0.000000
vt 0.519337 1.000000
vt 0.524862 0.000000
vt 0.524862 1.000000
vt 0.530387 0.000000
vt 0.530387 1.000000
vt 0.535912 0.000000
vt 0.535912 1.000000
vt 0.541436 0.000000
vt 0.541436 1.000000
vt 0.546961 0.000000
vt 0.546961 1.000000
vt 0.552486 0.000000
vt 0.552486 1.000000
vt 0.558011 0.000000
vt 0.558011 1.000000
vt 0.563536 0.000000
vt 0.563536 1.000000
vt 0.569061 0.000000
vt 0.569061 1.000000
vt 0.574586 0.000000
vt 0.574586 1.000000
vt 0.580110 0.000000
vt 0.580110 1.000000
vt 0.585635 0.000000
vt 0.585635 1.000000
vt 0.591160 0.000000
vt 0.591160 1.000000
vt 0.596685 0.000000
vt 0.596685 1.000000
vt 0.602210 0.000000
vt 0.602210 1.000000
vt 0.607735 0.000000
vt 0.607735 1.000000
vt 0.613260 0.000000
vt 0.613260 1.000000
vt 0.618785 0.000000
vt 0.618785 1.000000
vt 0.624309 0.000000
vt 0.624309 1.000000
vt 0.629834 0.000000
vt 0.629834 1.000000
vt 0.635359 0.000000
vt 0.635359 1.000000
vt 0.640884 0.000000
vt 0.640884 1.000000
vt 0.646409 0.000000
vt 0.646409 1.000000
vt 0.651934 0.000000
vt 0.651934 1.000000
vt 0.657459 0.000000
vt 0.657459 1.000000
vt 0.662983 0.000000
vt 0.662983 1.000000
vt 0.668508 0.000000
vt 0.668508 1.000000
vt 0.674033 0.000000
vt 0.674033 1.000000
vt 0.679558 0.000000
vt 0.679558 1.000000
vt 0.685083 0.000000
vt 0.685083 1.000000
vt 0.690608 0.000000
vt 0.690608 1.000000
vt 0.696133 0.000000
vt 0.696133 1.000000
vt 0.701657 0.000000
vt 0.701657 1.000000
vt 0.707182 0.000000
vt 0.707182 1.000000
vt 0.712707 0.000000
vt 0.712707 1.000000
vt 0.718232 0.000000
vt 0.718232 1.000000
vt 0.723757 0.000000
vt 0.723757 1.000000
vt 0.729282 0.000000
vt 0.729282 1.000000
vt 0.734807 0.000000
vt 0.734807 1.000000
vt 0.740331 0.000000
vt 0.740331 1.000000
vt 0.745856 0.000000
vt 0.745856 1.000000
vt 0.751381 0.000000
vt 0.751381 1.000000
vt 0.756906 0.000000
vt 0.756906 1.000000
vt 0.762431 0.000000
vt 0.762431 1.000000
vt 0.767956 0.000000
vt 0.767956 1.000000
vt 0.773481 0.000000
vt 0.773481 1.000000
vt 0.779006 0.000000
vt 0.779006 1.000000
vt 0.784530 0.000000
vt 0.784530 1.000000
vt 0.790055 0.000000
vt 0.790055 1.000000
vt 0.795580 0.000000
vt 0.795580 1.000000
vt 0.801105 0.000000
vt 0.801105 1.000000
vt 0.806630 0.000000
vt 0.806630 1.000000
vt 0.812155 0.000000
vt 0.812155 1.000000
vt 0.817680 0.000000
vt 0.817680 1.000000
vt 0.823204 0.000000
vt 0.823204 1.000000
vt 0.828729 0.000000
vt 0.828729 1.000000
vt 0.834254 0.000000
vt 0.834254 1.000000
vt 0.839779 0.000000
vt 0.839779 1.000000
vt 0.845304 0.000000
vt 0.845304 1.000000
vt 0.850829 0.000000
vt 0.850829 1.000000
vt 0.856354 0.000000
vt 0.856354 1.000000
vt 0.861878 0.000000
vt 0.861878 1.000000
vt 0.867403 0.000000
vt 0.867403 1.000000
vt 0.872928 0.000000
vt 0.872928 1.000000
vt 0.878453 0.000000
vt 0.878453 1.000000
vt 0.883978 0.000000
vt 0.883978 1.000000
vt 0.889503 0.000000
vt 0.889503 1.000000
vt 0.895028 0.000000
vt 0.895028 1.000000
vt 0.900553 0.000000
vt 0.900553 1.000000
vt 0.906077 0.000000
vt 0.906077 1.000000
vt 0.911602 0.000000
vt 0.911602 1.000000
vt 0.917127 0.000000
vt 0.917127 1.000000
vt 0.922652 0.000000
vt 0.922652 1.000000
vt 0.928177 0.000000
vt 0.928177 1.000000
vt 0.933702 0.000000
vt 0.933702 1.000000
vt 0.939227 0.000000
vt 0.939227 1.000000
vt 0.944751 0.000000
vt 0.944751 1.000000
vt 0.950276 0.000000
vt 0.950276 1.000000
vt 0.955801 0.000000
vt 0.955801 1.000000
vt 0.961326 0.000000
vt 0.961326 1.000000
vt 0.966851 0.000000
vt 0.966851 1.000000
vt 0.972376 0.000000
vt 0.972376 1.000000
vt 0.977901 0.000000
vt 0.977901 1.000000
vt 0.983425 0.000000
vt 0.983425 1.000000
vt 0.988950 0.000000
vt 0.988950 1.000000
vt 0.994475 0.000000
vt 0.994475 1.000000
s 0
usemtl マテリアル
f 645/645/1 647/647/1 646/646/1
f 161/161/1 163/163/1 162/162/1
f 161/161/1 164/164/1 163/163/1
f 645/645/1 648/648/1 647/647/1
f 161/161/1 165/165/1 164/164/1
f 645/645/1 649/649/1 648/648/1
f 161/161/1 166/166/1 165/165/1
f 645/645/1 650/650/1 649/649/1
f 161/161/1 167/167/1 166/166/1
f 645/645/1 651/651/1 650/650/1
f 161/161/1 168/168/1 167/167/1
f 645/645/1 652/652/1 651/651/1
f 161/161/1 169/169/1 168/168/1
f 645/645/1 670/670/1 652/652/1
f 670/670/1 653/653/1 652/652/1
f 161/161/1 170/170/1 169/169/1
f 670/670/1 654/654/1 653/653/1
f 161/161/1 171/171/1 170/170/1
f 670/670/1 655/655/1 654/654/1
f 161/161/1 172/172/1 171/171/1
f 670/670/1 656/656/1 655/655/1
f 161/161/1 173/173/1 172/172/1
f 670/670/1 657/657/1 656/656/1
f 161/161/1 174/174/1 173/173/1
f 670/670/1 658/658/1 657/657/1
f 161/161/1 175/175/1 174/174/1
f 670/670/1 659/659/1 658/658/1
f 161/161/1 176/176/1 175/175/1
f 787/787/1 789/789/1 788/788/1
f 908/908/1 910/910/1 909/909/1
f 670/670/1 660/660/1 659/659/1
f 161/161/1 177/177/1 176/176/1
f 670/670/1 661/661/1 660/660/1
f 161/161/1 178/178/1 177/177/1
f 787/787/1 790/790/1 789/789/1
f 908/908/1 911/911/1 910/910/1
f 670/670/1 662/662/1 661/661/1
f 161/161/1 179/179/1 178/178/1
f 161/161/1 180/180/1 179/179/1
f 670/670/1 663/663/1 662/662/1
f 787/787/1 791/791/1 790/790/1
f 161/161/1 181/181/1 180/180/1
f 908/908/1 912/912/1 911/911/1
f 670/670/1 664/664/1 663/663/1
f 161/161/1 182/182/1 181/181/1
f 787/787/1 792/792/1 791/791/1
f 670/670/1 665/665/1 664/664/1
f 786/786/1 792/792/1 787/787/1
f 907/907/1 912/912/1 908/908/1
f 161/161/1 183/183/1 182/182/1
f 907/907/1 913/913/1 912/912/1
f 670/670/1 666/666/1 665/665/1
f 161/161/1 184/184/1 183/183/1
f 786/786/1 793/793/1 792/792/1
f 670/670/1 667/667/1 666/666/1
f 161/161/1 185/185/1 184/184/1
f 907/907/1 914/914/1 913/913/1
f 670/670/1 668/668/1 667/667/1
f 786/786/1 794/794/1 793/793/1
f 161/161/1 186/186/1 185/185/1
f 670/670/1 669/669/1 668/668/1
f 161/161/1 187/187/1 186/186/1
f 907/907/1 915/915/1 914/914/1
f 786/786/1 795/795/1 794/794/1
f 906/906/1 915/915/1 907/907/1
f 785/785/1 795/795/1 786/786/1
f 906/906/1 916/916/1 915/915/1
f 645/645/1 671/671/1 670/670/1
f 785/785/1 796/796/1 795/795/1
f 906/906/1 917/917/1 916/916/1
f 785/785/1 797/797/1 796/796/1
f 160/160/1 187/187/1 161/161/1
f 785/785/1 798/798/1 797/797/1
f 906/906/1 918/918/1 917/917/1
f 785/785/1 799/799/1 798/798/1
f 905/905/1 918/918/1 906/906/1
f 905/905/1 919/919/1 918/918/1
f 784/784/1 799/799/1 785/785/1
f 784/784/1 800/800/1 799/799/1
f 905/905/1 920/920/1 919/919/1
f 784/784/1 801/801/1 800/800/1
f 905/905/1 921/921/1 920/920/1
f 784/784/1 802/802/1 801/801/1
f 784/784/1 803/803/1 802/802/1
f 905/905/1 922/922/1 921/921/1
f 784/784/1 804/804/1 803/803/1
f 904/904/1 922/922/1 905/905/1
f 904/904/1 923/923/1 922/922/1
f 784/784/1 805/805/1 804/804/1
f 783/783/1 805/805/1 784/784/1
f 904/904/1 924/924/1 923/923/1
f 783/783/1 806/806/1 805/805/1
f 904/904/1 925/925/1 924/924/1
f 783/783/1 807/807/1 806/806/1
f 783/783/1 808/808/1 807/807/1
f 904/904/1 926/926/1 925/925/1
f 783/783/1 809/809/1 808/808/1
f 904/904/1 927/927/1 926/926/1
f 783/783/1 810/810/1 809/809/1
f 904/904/1 928/928/1 927/927/1
f 783/783/1 811/811/1 810/810/1
f 904/904/1 929/929/1 928/928/1
f 783/783/1 812/812/1 811/811/1
f 904/904/1 930/930/1 929/929/1
f 783/783/1 813/813/1 812/812/1
f 904/904/1 931/931/1 930/930/1
f 904/904/1 932/932/1 931/931/1
f 904/904/1 933/933/1 932/932/1
f 904/904/1 934/934/1 933/933/1
f 903/903/1 934/934/1 904/904/1
f 782/782/1 813/813/1 783/783/1
f 782/782/1 814/814/1 813/813/1
f 903/903/1 935/935/1 934/934/1
f 902/902/1 935/935/1 903/903/1
f 781/781/1 814/814/1 782/782/1
f 160/160/1 188/188/1 187/187/1
f 781/781/1 815/815/1 814/814/1
f 902/902/1 936/936/1 935/935/1
f 901/901/1 936/936/1 902/902/1
f 780/780/1 815/815/1 781/781/1
f 780/780/1 816/816/1 815/815/1
f 159/159/1 188/188/1 160/160/1
f 901/901/1 937/937/1 936/936/1
f 901/901/1 938/938/1 937/937/1
f 780/780/1 817/817/1 816/816/1
f 900/900/1 938/938/1 901/901/1
f 779/779/1 817/817/1 780/780/1
f 900/900/1 939/939/1 938/938/1
f 779/779/1 818/818/1 817/817/1
f 899/899/1 939/939/1 900/900/1
f 778/778/1 818/818/1 779/779/1
f 899/899/1 940/940/1 939/939/1
f 884/884/1 765/765/1 764/764/1
f 778/778/1 819/819/1 818/818/1
f 470/470/1 472/472/1 471/471/1
f 1077/1077/1 1079/1079/1 1078/1078/1
f 884/884/1 766/766/1 765/765/1
f 470/470/1 473/473/1 472/472/1
f 884/884/1 767/767/1 766/766/1
f 1077/1077/1 1080/1080/1 1079/1079/1
f 777/777/1 819/819/1 778/778/1
f 898/898/1 940/940/1 899/899/1
f 1005/1005/1 886/886/1 885/885/1
f 898/898/1 941/941/1 940/940/1
f 884/884/1 768/768/1 767/767/1
f 777/777/1 820/820/1 819/819/1
f 470/470/1 474/474/1 473/473/1
f 1005/1005/1 887/887/1 886/886/1
f 884/884/1 769/769/1 768/768/1
f 159/159/1 189/189/1 188/188/1
f 1077/1077/1 1081/1081/1 1080/1080/1
f 1005/1005/1 888/888/1 887/887/1
f 884/884/1 770/770/1 769/769/1
f 470/470/1 475/475/1 474/474/1
f 1005/1005/1 889/889/1 888/888/1
f 884/884/1 771/771/1 770/770/1
f 898/898/1 942/942/1 941/941/1
f 1005/1005/1 890/890/1 889/889/1
f 777/777/1 821/821/1 820/820/1
f 1077/1077/1 1082/1082/1 1081/1081/1
f 884/884/1 772/772/1 771/771/1
f 776/776/1 821/821/1 777/777/1
f 470/470/1 476/476/1 475/475/1
f 1005/1005/1 891/891/1 890/890/1
f 897/897/1 942/942/1 898/898/1
f 672/672/1 674/674/1 673/673/1
f 884/884/1 773/773/1 772/772/1
f 1005/1005/1 892/892/1 891/891/1
f 1076/1076/1 1082/1082/1 1077/1077/1
f 1076/1076/1 1083/1083/1 1082/1082/1
f 469/469/1 476/476/1 470/470/1
f 469/469/1 477/477/1 476/476/1
f 884/884/1 774/774/1 773/773/1
f 1005/1005/1 893/893/1 892/892/1
f 883/883/1 774/774/1 884/884/1
f 672/672/1 675/675/1 674/674/1
f 1005/1005/1 894/894/1 893/893/1
f 883/883/1 775/775/1 774/774/1
f 158/158/1 189/189/1 159/159/1
f 897/897/1 943/943/1 942/942/1
f 776/776/1 822/822/1 821/821/1
f 469/469/1 478/478/1 477/477/1
f 1005/1005/1 895/895/1 894/894/1
f 1076/1076/1 1084/1084/1 1083/1083/1
f 883/883/1 776/776/1 775/775/1
f 1005/1005/1 896/896/1 895/895/1
f 672/672/1 676/676/1 675/675/1
f 883/883/1 822/822/1 776/776/1
f 1005/1005/1 897/897/1 896/896/1
f 469/469/1 479/479/1 478/478/1
f 1005/1005/1 943/943/1 897/897/1
f 1076/1076/1 1085/1085/1 1084/1084/1
f 882/882/1 822/822/1 883/883/1
f 1004/1004/1 943/943/1 1005/1005/1
f 672/672/1 677/677/1 676/676/1
f 1004/1004/1 944/944/1 943/943/1
f 469/469/1 480/480/1 479/479/1
f 882/882/1 823/823/1 822/822/1
f 1076/1076/1 1086/1086/1 1085/1085/1
f 469/469/1 481/481/1 480/480/1
f 672/672/1 678/678/1 677/677/1
f 1003/1003/1 944/944/1 1004/1004/1
f 881/881/1 823/823/1 882/882/1
f 1076/1076/1 1087/1087/1 1086/1086/1
f 469/469/1 482/482/1 481/481/1
f 1075/1075/1 1087/1087/1 1076/1076/1
f 881/881/1 824/824/1 823/823/1
f 1003/1003/1 945/945/1 944/944/1
f 672/672/1 679/679/1 678/678/1
f 1075/1075/1 1088/1088/1 1087/1087/1
f 469/469/1 483/483/1 482/482/1
f 468/468/1 483/483/1 469/469/1
f 1002/1002/1 945/945/1 1003/1003/1
f 468/468/1 484/484/1 483/483/1
f 880/880/1 824/824/1 881/881/1
f 1075/1075/1 1089/1089/1 1088/1088/1
f 672/672/1 680/680/1 679/679/1
f 468/468/1 485/485/1 484/484/1
f 880/880/1 825/825/1 824/824/1
f 468/468/1 486/486/1 485/485/1
f 1075/1075/1 1090/1090/1 1089/1089/1
f 1001/1001/1 945/945/1 1002/1002/1
f 1001/1001/1 946/946/1 945/945/1
f 468/468/1 487/487/1 486/486/1
f 672/672/1 681/681/1 680/680/1
f 468/468/1 488/488/1 487/487/1
f 1075/1075/1 1091/1091/1 1090/1090/1
f 879/879/1 825/825/1 880/880/1
f 879/879/1 826/826/1 825/825/1
f 1001/1001/1 947/947/1 946/946/1
f 468/468/1 489/489/1 488/488/1
f 1075/1075/1 1092/1092/1 1091/1091/1
f 468/468/1 490/490/1 489/489/1
f 1000/1000/1 947/947/1 1001/1001/1
f 468/468/1 491/491/1 490/490/1
f 1075/1075/1 1093/1093/1 1092/1092/1
f 672/672/1 682/682/1 681/681/1
f 1000/1000/1 948/948/1 947/947/1
f 468/468/1 492/492/1 491/491/1
f 879/879/1 827/827/1 826/826/1
f 158/158/1 190/190/1 189/189/1
f 1075/1075/1 1094/1094/1 1093/1093/1
f 468/468/1 493/493/1 492/492/1
f 468/468/1 494/494/1 493/493/1
f 1075/1075/1 1095/1095/1 1094/1094/1
f 1074/1074/1 1102/1102/1 1075/1075/1
f 1102/1102/1 1095/1095/1 1075/1075/1
f 468/468/1 495/495/1 494/494/1
f 878/878/1 827/827/1 879/879/1
f 643/643/1 645/645/1 644/644/1
f 643/643/1 671/671/1 645/645/1
f 643/643/1 672/672/1 671/671/1
f 643/643/1 682/682/1 672/672/1
f 468/468/1 496/496/1 495/495/1
f 1102/1102/1 1096/1096/1 1095/1095/1
f 1000/1000/1 949/949/1 948/948/1
f 999/999/1 949/949/1 1000/1000/1
f 643/643/1 683/683/1 682/682/1
f 878/878/1 828/828/1 827/827/1
f 1102/1102/1 1097/1097/1 1096/1096/1
f 1102/1102/1 1098/1098/1 1097/1097/1
f 467/467/1 496/496/1 468/468/1
f 1102/1102/1 1099/1099/1 1098/1098/1
f 1102/1102/1 1100/1100/1 1099/1099/1
f 1102/1102/1 1101/1101/1 1100/1100/1
f 999/999/1 950/950/1 949/949/1
f 1074/1074/1 1103/1103/1 1102/1102/1
f 878/878/1 829/829/1 828/828/1
f 643/643/1 684/684/1 683/683/1
f 998/998/1 950/950/1 999/999/1
f 877/877/1 829/829/1 878/878/1
f 998/998/1 951/951/1 950/950/1
f 877/877/1 830/830/1 829/829/1
f 643/643/1 685/685/1 684/684/1
f 998/998/1 952/952/1 951/951/1
f 157/157/1 190/190/1 158/158/1
f 997/997/1 952/952/1 998/998/1
f 877/877/1 831/831/1 830/830/1
f 997/997/1 953/953/1 952/952/1
f 467/467/1 497/497/1 496/496/1
f 876/876/1 831/831/1 877/877/1
f 643/643/1 686/686/1 685/685/1
f 1074/1074/1 1104/1104/1 1103/1103/1
f 876/876/1 832/832/1 831/831/1
f 1073/1073/1 1104/1104/1 1074/1074/1
f 997/997/1 954/954/1 953/953/1
f 996/996/1 954/954/1 997/997/1
f 876/876/1 833/833/1 832/832/1
f 996/996/1 955/955/1 954/954/1
f 875/875/1 833/833/1 876/876/1
f 466/466/1 497/497/1 467/467/1
f 875/875/1 834/834/1 833/833/1
f 996/996/1 956/956/1 955/955/1
f 995/995/1 956/956/1 996/996/1
f 995/995/1 957/957/1 956/956/1
f 875/875/1 835/835/1 834/834/1
f 1073/1073/1 1105/1105/1 1104/1104/1
f 466/466/1 498/498/1 497/497/1
f 874/874/1 835/835/1 875/875/1
f 995/995/1 958/958/1 957/957/1
f 994/994/1 958/958/1 995/995/1
f 874/874/1 836/836/1 835/835/1
f 994/994/1 959/959/1 958/958/1
f 874/874/1 837/837/1 836/836/1
f 994/994/1 960/960/1 959/959/1
f 1072/1072/1 1105/1105/1 1073/1073/1
f 874/874/1 838/838/1 837/837/1
f 993/993/1 960/960/1 994/994/1
f 993/993/1 961/961/1 960/960/1
f 873/873/1 838/838/1 874/874/1
f 873/873/1 839/839/1 838/838/1
f 993/993/1 962/962/1 961/961/1
f 157/157/1 191/191/1 190/190/1
f 642/642/1 686/686/1 643/643/1
f 641/641/1 687/687/1 642/642/1
f 687/687/1 686/686/1 642/642/1
f 641/641/1 688/688/1 687/687/1
f 1072/1072/1 1106/1106/1 1105/1105/1
f 993/993/1 963/963/1 962/962/1
f 873/873/1 840/840/1 839/839/1
f 465/465/1 498/498/1 466/466/1
f 992/992/1 963/963/1 993/993/1
f 465/465/1 499/499/1 498/498/1
f 992/992/1 964/964/1 963/963/1
f 873/873/1 841/841/1 840/840/1
f 872/872/1 841/841/1 873/873/1
f 992/992/1 965/965/1 964/964/1
f 991/991/1 965/965/1 992/992/1
f 872/872/1 842/842/1 841/841/1
f 991/991/1 966/966/1 965/965/1
f 872/872/1 843/843/1 842/842/1
f 990/990/1 966/966/1 991/991/1
f 990/990/1 967/967/1 966/966/1
f 872/872/1 844/844/1 843/843/1
f 990/990/1 968/968/1 967/967/1
f 871/871/1 844/844/1 872/872/1
f 989/989/1 968/968/1 990/990/1
f 1072/1072/1 1107/1107/1 1106/1106/1
f 1071/1071/1 1107/1107/1 1072/1072/1
f 871/871/1 845/845/1 844/844/1
f 989/989/1 969/969/1 968/968/1
f 988/988/1 969/969/1 989/989/1
f 870/870/1 845/845/1 871/871/1
f 870/870/1 846/846/1 845/845/1
f 988/988/1 970/970/1 969/969/1
f 156/156/1 191/191/1 157/157/1
f 987/987/1 970/970/1 988/988/1
f 987/987/1 971/971/1 970/970/1
f 869/869/1 846/846/1 870/870/1
f 869/869/1 847/847/1 846/846/1
f 465/465/1 500/500/1 499/499/1
f 987/987/1 972/972/1 971/971/1
f 986/986/1 972/972/1 987/987/1
f 986/986/1 973/973/1 972/972/1
f 869/869/1 848/848/1 847/847/1
f 868/868/1 848/848/1 869/869/1
f 986/986/1 974/974/1 973/973/1
f 985/985/1 974/974/1 986/986/1
f 464/464/1 500/500/1 465/465/1
f 985/985/1 975/975/1 974/974/1
f 868/868/1 849/849/1 848/848/1
f 867/867/1 849/849/1 868/868/1
f 984/984/1 975/975/1 985/985/1
f 984/984/1 976/976/1 975/975/1
f 984/984/1 977/977/1 976/976/1
f 867/867/1 850/850/1 849/849/1
f 983/983/1 977/977/1 984/984/1
f 983/983/1 978/978/1 977/977/1
f 866/866/1 850/850/1 867/867/1
f 982/982/1 978/978/1 983/983/1
f 982/982/1 979/979/1 978/978/1
f 866/866/1 851/851/1 850/850/1
f 982/982/1 980/980/1 979/979/1
f 981/981/1 980/980/1 982/982/1
f 1071/1071/1 1108/1108/1 1107/1107/1
f 866/866/1 852/852/1 851/851/1
f 865/865/1 852/852/1 866/866/1
f 865/865/1 853/853/1 852/852/1
f 864/864/1 853/853/1 865/865/1
f 864/864/1 854/854/1 853/853/1
f 864/864/1 855/855/1 854/854/1
f 863/863/1 855/855/1 864/864/1
f 863/863/1 856/856/1 855/855/1
f 862/862/1 856/856/1 863/863/1
f 862/862/1 857/857/1 856/856/1
f 862/862/1 858/858/1 857/857/1
f 861/861/1 858/858/1 862/862/1
f 861/861/1 859/859/1 858/858/1
f 860/860/1 859/859/1 861/861/1
f 1070/1070/1 1108/1108/1 1071/1071/1
f 464/464/1 501/501/1 500/500/1
f 640/640/1 688/688/1 641/641/1
f 1070/1070/1 1109/1109/1 1108/1108/1
f 463/463/1 501/501/1 464/464/1
f 156/156/1 192/192/1 191/191/1
f 463/463/1 502/502/1 501/501/1
f 1069/1069/1 1109/1109/1 1070/1070/1
f 1138/1138/1 1140/1140/1 1139/1139/1
f 1069/1069/1 1110/1110/1 1109/1109/1
f 1138/1138/1 1141/1141/1 1140/1140/1
f 155/155/1 192/192/1 156/156/1
f 462/462/1 502/502/1 463/463/1
f 462/462/1 503/503/1 502/502/1
f 1069/1069/1 1111/1111/1 1110/1110/1
f 1068/1068/1 1111/1111/1 1069/1069/1
f 1138/1138/1 1142/1142/1 1141/1141/1
f 531/531/1 533/533/1 532/532/1
f 639/639/1 688/688/1 640/640/1
f 1137/1137/1 1142/1142/1 1138/1138/1
f 1136/1136/1 1142/1142/1 1137/1137/1
f 1135/1135/1 1142/1142/1 1136/1136/1
f 1068/1068/1 1112/1112/1 1111/1111/1
f 462/462/1 504/504/1 503/503/1
f 1135/1135/1 1143/1143/1 1142/1142/1
f 1134/1134/1 1143/1143/1 1135/1135/1
f 531/531/1 534/534/1 533/533/1
f 461/461/1 504/504/1 462/462/1
f 155/155/1 193/193/1 192/192/1
f 639/639/1 689/689/1 688/688/1
f 1133/1133/1 1143/1143/1 1134/1134/1
f 1067/1067/1 1112/1112/1 1068/1068/1
f 1132/1132/1 1143/1143/1 1133/1133/1
f 1132/1132/1 1144/1144/1 1143/1143/1
f 1131/1131/1 1144/1144/1 1132/1132/1
f 531/531/1 535/535/1 534/534/1
f 1067/1067/1 1113/1113/1 1112/1112/1
f 530/530/1 535/535/1 531/531/1
f 1130/1130/1 1144/1144/1 1131/1131/1
f 461/461/1 505/505/1 504/504/1
f 639/639/1 690/690/1 689/689/1
f 529/529/1 535/535/1 530/530/1
f 1129/1129/1 1144/1144/1 1130/1130/1
f 1129/1129/1 1145/1145/1 1144/1144/1
f 528/528/1 535/535/1 529/529/1
f 1128/1128/1 1145/1145/1 1129/1129/1
f 528/528/1 536/536/1 535/535/1
f 460/460/1 505/505/1 461/461/1
f 1066/1066/1 1113/1113/1 1067/1067/1
f 527/527/1 536/536/1 528/528/1
f 154/154/1 193/193/1 155/155/1
f 1127/1127/1 1145/1145/1 1128/1128/1
f 1066/1066/1 1114/1114/1 1113/1113/1
f 638/638/1 690/690/1 639/639/1
f 526/526/1 536/536/1 527/527/1
f 1126/1126/1 1145/1145/1 1127/1127/1
f 1126/1126/1 1146/1146/1 1145/1145/1
f 638/638/1 691/691/1 690/690/1
f 460/460/1 506/506/1 505/505/1
f 526/526/1 537/537/1 536/536/1
f 525/525/1 537/537/1 526/526/1
f 1125/1125/1 1146/1146/1 1126/1126/1
f 1124/1124/1 1146/1146/1 1125/1125/1
f 1123/1123/1 1146/1146/1 1124/1124/1
f 1122/1122/1 1146/1146/1 1123/1123/1
f 1121/1121/1 1146/1146/1 1122/1122/1
f 1120/1120/1 1146/1146/1 1121/1121/1
f 1119/1119/1 1146/1146/1 1120/1120/1
f 524/524/1 537/537/1 525/525/1
f 1118/1118/1 1146/1146/1 1119/1119/1
f 1117/1117/1 1146/1146/1 1118/1118/1
f 1116/1116/1 1146/1146/1 1117/1117/1
f 1115/1115/1 1146/1146/1 1116/1116/1
f 1115/1115/1 1147/1147/1 1146/1146/1
f 1114/1114/1 1147/1147/1 1115/1115/1
f 1066/1066/1 1147/1147/1 1114/1114/1
f 523/523/1 537/537/1 524/524/1
f 1053/1053/1 1055/1055/1 1054/1054/1
f 1053/1053/1 1056/1056/1 1055/1055/1
f 1053/1053/1 1057/1057/1 1056/1056/1
f 1053/1053/1 1058/1058/1 1057/1057/1
f 1053/1053/1 1059/1059/1 1058/1058/1
f 1053/1053/1 1060/1060/1 1059/1059/1
f 1053/1053/1 1061/1061/1 1060/1060/1
f 1053/1053/1 1062/1062/1 1061/1061/1
f 1053/1053/1 1063/1063/1 1062/1062/1
f 1053/1053/1 1064/1064/1 1063/1063/1
f 1053/1053/1 1065/1065/1 1064/1064/1
f 1053/1053/1 1066/1066/1 1065/1065/1
f 1053/1053/1 1147/1147/1 1066/1066/1
f 638/638/1 748/748/1 691/691/1
f 748/748/1 692/692/1 691/691/1
f 523/523/1 538/538/1 537/537/1
f 522/522/1 538/538/1 523/523/1
f 459/459/1 506/506/1 460/460/1
f 154/154/1 194/194/1 193/193/1
f 521/521/1 538/538/1 522/522/1
f 459/459/1 507/507/1 506/506/1
f 1053/1053/1 1148/1148/1 1147/1147/1
f 520/520/1 538/538/1 521/521/1
f 638/638/1 751/751/1 748/748/1
f 751/751/1 749/749/1 748/748/1
f 747/747/1 692/692/1 748/748/1
f 520/520/1 539/539/1 538/538/1
f 1052/1052/1 1148/1148/1 1053/1053/1
f 747/747/1 693/693/1 692/692/1
f 519/519/1 539/539/1 520/520/1
f 1052/1052/1 1149/1149/1 1148/1148/1
f 518/518/1 539/539/1 519/519/1
f 517/517/1 539/539/1 518/518/1
f 746/746/1 693/693/1 747/747/1
f 516/516/1 539/539/1 517/517/1
f 515/515/1 539/539/1 516/516/1
f 514/514/1 539/539/1 515/515/1
f 514/514/1 540/540/1 539/539/1
f 513/513/1 540/540/1 514/514/1
f 512/512/1 540/540/1 513/513/1
f 511/511/1 540/540/1 512/512/1
f 510/510/1 540/540/1 511/511/1
f 509/509/1 540/540/1 510/510/1
f 508/508/1 540/540/1 509/509/1
f 507/507/1 540/540/1 508/508/1
f 627/627/1 629/629/1 628/628/1
f 459/459/1 540/540/1 507/507/1
f 627/627/1 458/458/1 629/629/1
f 627/627/1 459/459/1 458/458/1
f 627/627/1 540/540/1 459/459/1
f 1051/1051/1 1018/1018/1 1052/1052/1
f 1018/1018/1 1149/1149/1 1052/1052/1
f 637/637/1 751/751/1 638/638/1
f 1018/1018/1 1150/1150/1 1149/1149/1
f 746/746/1 694/694/1 693/693/1
f 153/153/1 194/194/1 154/154/1
f 1051/1051/1 1019/1019/1 1018/1018/1
f 1017/1017/1 1150/1150/1 1018/1018/1
f 745/745/1 694/694/1 746/746/1
f 1016/1016/1 1150/1150/1 1017/1017/1
f 1051/1051/1 1020/1020/1 1019/1019/1
f 627/627/1 541/541/1 540/540/1
f 1015/1015/1 1150/1150/1 1016/1016/1
f 1051/1051/1 1021/1021/1 1020/1020/1
f 1015/1015/1 1151/1151/1 1150/1150/1
f 1051/1051/1 1022/1022/1 1021/1021/1
f 1014/1014/1 1151/1151/1 1015/1015/1
f 1050/1050/1 1022/1022/1 1051/1051/1
f 744/744/1 694/694/1 745/745/1
f 1050/1050/1 1023/1023/1 1022/1022/1
f 626/626/1 541/541/1 627/627/1
f 1013/1013/1 1151/1151/1 1014/1014/1
f 744/744/1 695/695/1 694/694/1
f 1050/1050/1 1024/1024/1 1023/1023/1
f 1012/1012/1 1151/1151/1 1013/1013/1
f 626/626/1 542/542/1 541/541/1
f 1050/1050/1 1025/1025/1 1024/1024/1
f 153/153/1 195/195/1 194/194/1
f 1011/1011/1 1151/1151/1 1012/1012/1
f 1011/1011/1 1152/1152/1 1151/1151/1
f 1050/1050/1 1026/1026/1 1025/1025/1
f 1010/1010/1 1152/1152/1 1011/1011/1
f 743/743/1 695/695/1 744/744/1
f 1049/1049/1 1026/1026/1 1050/1050/1
f 1049/1049/1 1027/1027/1 1026/1026/1
f 1010/1010/1 1153/1153/1 1152/1152/1
f 1009/1009/1 1153/1153/1 1010/1010/1
f 1049/1049/1 1028/1028/1 1027/1027/1
f 626/626/1 592/592/1 542/542/1
f 592/592/1 543/543/1 542/542/1
f 743/743/1 696/696/1 695/695/1
f 1049/1049/1 1029/1029/1 1028/1028/1
f 625/625/1 592/592/1 626/626/1
f 1008/1008/1 1153/1153/1 1009/1009/1
f 1008/1008/1 1154/1154/1 1153/1153/1
f 1049/1049/1 1030/1030/1 1029/1029/1
f 1007/1007/1 1154/1154/1 1008/1008/1
f 1049/1049/1 1031/1031/1 1030/1030/1
f 223/223/1 225/225/1 224/224/1
f 742/742/1 696/696/1 743/743/1
f 1048/1048/1 1031/1031/1 1049/1049/1
f 1007/1007/1 1155/1155/1 1154/1154/1
f 625/625/1 593/593/1 592/592/1
f 591/591/1 543/543/1 592/592/1
f 1006/1006/1 1155/1155/1 1007/1007/1
f 590/590/1 543/543/1 591/591/1
f 1186/1186/1 1155/1155/1 1006/1006/1
f 1186/1186/1 1156/1156/1 1155/1155/1
f 625/625/1 594/594/1 593/593/1
f 1048/1048/1 1032/1032/1 1031/1031/1
f 590/590/1 544/544/1 543/543/1
f 223/223/1 226/226/1 225/225/1
f 589/589/1 544/544/1 590/590/1
f 625/625/1 595/595/1 594/594/1
f 742/742/1 697/697/1 696/696/1
f 1186/1186/1 1157/1157/1 1156/1156/1
f 624/624/1 595/595/1 625/625/1
f 588/588/1 544/544/1 589/589/1
f 1047/1047/1 1032/1032/1 1048/1048/1
f 1185/1185/1 1157/1157/1 1186/1186/1
f 1047/1047/1 1033/1033/1 1032/1032/1
f 741/741/1 697/697/1 742/742/1
f 624/624/1 596/596/1 595/595/1
f 1185/1185/1 1158/1158/1 1157/1157/1
f 636/636/1 751/751/1 637/637/1
f 587/587/1 544/544/1 588/588/1
f 223/223/1 227/227/1 226/226/1
f 624/624/1 597/597/1 596/596/1
f 1047/1047/1 1034/1034/1 1033/1033/1
f 1184/1184/1 1158/1158/1 1185/1185/1
f 152/152/1 195/195/1 153/153/1
f 586/586/1 544/544/1 587/587/1
f 1184/1184/1 1159/1159/1 1158/1158/1
f 586/586/1 545/545/1 544/544/1
f 1046/1046/1 1034/1034/1 1047/1047/1
f 624/624/1 598/598/1 597/597/1
f 585/585/1 545/545/1 586/586/1
f 1184/1184/1 1160/1160/1 1159/1159/1
f 1046/1046/1 1035/1035/1 1034/1034/1
f 1183/1183/1 1160/1160/1 1184/1184/1
f 223/223/1 228/228/1 227/227/1
f 624/624/1 599/599/1 598/598/1
f 585/585/1 546/546/1 545/545/1
f 1183/1183/1 1161/1161/1 1160/1160/1
f 584/584/1 546/546/1 585/585/1
f 623/623/1 599/599/1 624/624/1
f 740/740/1 697/697/1 741/741/1
f 740/740/1 698/698/1 697/697/1
f 1046/1046/1 1036/1036/1 1035/1035/1
f 623/623/1 600/600/1 599/599/1
f 1182/1182/1 1161/1161/1 1183/1183/1
f 1045/1045/1 1036/1036/1 1046/1046/1
f 1182/1182/1 1162/1162/1 1161/1161/1
f 583/583/1 546/546/1 584/584/1
f 623/623/1 601/601/1 600/600/1
f 583/583/1 547/547/1 546/546/1
f 1045/1045/1 1037/1037/1 1036/1036/1
f 223/223/1 229/229/1 228/228/1
f 1182/1182/1 1163/1163/1 1162/1162/1
f 1181/1181/1 1163/1163/1 1182/1182/1
f 623/623/1 602/602/1 601/601/1
f 152/152/1 196/196/1 195/195/1
f 582/582/1 547/547/1 583/583/1
f 1044/1044/1 1037/1037/1 1045/1045/1
f 1044/1044/1 1038/1038/1 1037/1037/1
f 1181/1181/1 1164/1164/1 1163/1163/1
f 636/636/1 752/752/1 751/751/1
f 750/750/1 749/749/1 751/751/1
f 1180/1180/1 1164/1164/1 1181/1181/1
f 623/623/1 603/603/1 602/602/1
f 1180/1180/1 1165/1165/1 1164/1164/1
f 582/582/1 548/548/1 547/547/1
f 1044/1044/1 1039/1039/1 1038/1038/1
f 222/222/1 229/229/1 223/223/1
f 1180/1180/1 1166/1166/1 1165/1165/1
f 581/581/1 548/548/1 582/582/1
f 1043/1043/1 1039/1039/1 1044/1044/1
f 623/623/1 604/604/1 603/603/1
f 1179/1179/1 1166/1166/1 1180/1180/1
f 222/222/1 230/230/1 229/229/1
f 1043/1043/1 1040/1040/1 1039/1039/1
f 622/622/1 604/604/1 623/623/1
f 739/739/1 698/698/1 740/740/1
f 1179/1179/1 1167/1167/1 1166/1166/1
f 1043/1043/1 1041/1041/1 1040/1040/1
f 1179/1179/1 1168/1168/1 1167/1167/1
f 1042/1042/1 1041/1041/1 1043/1043/1
f 622/622/1 605/605/1 604/604/1
f 1178/1178/1 1168/1168/1 1179/1179/1
f 581/581/1 549/549/1 548/548/1
f 1178/1178/1 1169/1169/1 1168/1168/1
f 739/739/1 699/699/1 698/698/1
f 580/580/1 549/549/1 581/581/1
f 1178/1178/1 1170/1170/1 1169/1169/1
f 1177/1177/1 1170/1170/1 1178/1178/1
f 221/221/1 230/230/1 222/222/1
f 1177/1177/1 1171/1171/1 1170/1170/1
f 1177/1177/1 1172/1172/1 1171/1171/1
f 1176/1176/1 1172/1172/1 1177/1177/1
f 1176/1176/1 1173/1173/1 1172/1172/1
f 1176/1176/1 1174/1174/1 1173/1173/1
f 1175/1175/1 1174/1174/1 1176/1176/1
f 580/580/1 550/550/1 549/549/1
f 579/579/1 550/550/1 580/580/1
f 221/221/1 231/231/1 230/230/1
f 622/622/1 606/606/1 605/605/1
f 220/220/1 231/231/1 221/221/1
f 579/579/1 551/551/1 550/550/1
f 621/621/1 606/606/1 622/622/1
f 578/578/1 551/551/1 579/579/1
f 738/738/1 699/699/1 739/739/1
f 621/621/1 607/607/1 606/606/1
f 220/220/1 232/232/1 231/231/1
f 578/578/1 552/552/1 551/551/1
f 219/219/1 232/232/1 220/220/1
f 577/577/1 552/552/1 578/578/1
f 738/738/1 700/700/1 699/699/1
f 577/577/1 553/553/1 552/552/1
f 621/621/1 608/608/1 607/607/1
f 620/620/1 608/608/1 621/621/1
f 576/576/1 553/553/1 577/577/1
f 218/218/1 232/232/1 219/219/1
f 218/218/1 233/233/1 232/232/1
f 576/576/1 554/554/1 553/553/1
f 620/620/1 609/609/1 608/608/1
f 575/575/1 554/554/1 576/576/1
f 737/737/1 700/700/1 738/738/1
f 575/575/1 555/555/1 554/554/1
f 620/620/1 610/610/1 609/609/1
f 619/619/1 610/610/1 620/620/1
f 575/575/1 556/556/1 555/555/1
f 574/574/1 556/556/1 575/575/1
f 217/217/1 233/233/1 218/218/1
f 217/217/1 234/234/1 233/233/1
f 635/635/1 752/752/1 636/636/1
f 151/151/1 196/196/1 152/152/1
f 574/574/1 557/557/1 556/556/1
f 573/573/1 557/557/1 574/574/1
f 737/737/1 701/701/1 700/700/1
f 619/619/1 611/611/1 610/610/1
f 573/573/1 558/558/1 557/557/1
f 635/635/1 753/753/1 752/752/1
f 573/573/1 559/559/1 558/558/1
f 572/572/1 559/559/1 573/573/1
f 618/618/1 611/611/1 619/619/1
f 572/572/1 560/560/1 559/559/1
f 618/618/1 612/612/1 611/611/1
f 216/216/1 234/234/1 217/217/1
f 572/572/1 561/561/1 560/560/1
f 571/571/1 561/561/1 572/572/1
f 571/571/1 562/562/1 561/561/1
f 737/737/1 702/702/1 701/701/1
f 618/618/1 613/613/1 612/612/1
f 571/571/1 563/563/1 562/562/1
f 216/216/1 235/235/1 234/234/1
f 570/570/1 563/563/1 571/571/1
f 570/570/1 564/564/1 563/563/1
f 736/736/1 702/702/1 737/737/1
f 617/617/1 613/613/1 618/618/1
f 151/151/1 197/197/1 196/196/1
f 570/570/1 565/565/1 564/564/1
f 569/569/1 565/565/1 570/570/1
f 569/569/1 566/566/1 565/565/1
f 569/569/1 567/567/1 566/566/1
f 568/568/1 567/567/1 569/569/1
f 617/617/1 614/614/1 613/613/1
f 617/617/1 615/615/1 614/614/1
f 616/616/1 615/615/1 617/617/1
f 736/736/1 703/703/1 702/702/1
f 215/215/1 235/235/1 216/216/1
f 215/215/1 236/236/1 235/235/1
f 736/736/1 704/704/1 703/703/1
f 261/261/1 263/263/1 262/262/1
f 214/214/1 236/236/1 215/215/1
f 736/736/1 705/705/1 704/704/1
f 735/735/1 705/705/1 736/736/1
f 214/214/1 237/237/1 236/236/1
f 735/735/1 706/706/1 705/705/1
f 261/261/1 264/264/1 263/263/1
f 214/214/1 238/238/1 237/237/1
f 213/213/1 238/238/1 214/214/1
f 734/734/1 706/706/1 735/735/1
f 734/734/1 707/707/1 706/706/1
f 213/213/1 239/239/1 238/238/1
f 734/734/1 708/708/1 707/707/1
f 213/213/1 240/240/1 239/239/1
f 733/733/1 708/708/1 734/734/1
f 261/261/1 265/265/1 264/264/1
f 212/212/1 240/240/1 213/213/1
f 733/733/1 709/709/1 708/708/1
f 212/212/1 241/241/1 240/240/1
f 732/732/1 709/709/1 733/733/1
f 635/635/1 754/754/1 753/753/1
f 732/732/1 710/710/1 709/709/1
f 212/212/1 242/242/1 241/241/1
f 261/261/1 266/266/1 265/265/1
f 211/211/1 242/242/1 212/212/1
f 732/732/1 711/711/1 710/710/1
f 731/731/1 711/711/1 732/732/1
f 211/211/1 243/243/1 242/242/1
f 150/150/1 197/197/1 151/151/1
f 731/731/1 712/712/1 711/711/1
f 211/211/1 244/244/1 243/243/1
f 730/730/1 712/712/1 731/731/1
f 150/150/1 198/198/1 197/197/1
f 261/261/1 267/267/1 266/266/1
f 730/730/1 713/713/1 712/712/1
f 211/211/1 245/245/1 244/244/1
f 210/210/1 245/245/1 211/211/1
f 729/729/1 713/713/1 730/730/1
f 729/729/1 714/714/1 713/713/1
f 729/729/1 715/715/1 714/714/1
f 634/634/1 754/754/1 635/635/1
f 210/210/1 246/246/1 245/245/1
f 728/728/1 715/715/1 729/729/1
f 728/728/1 716/716/1 715/715/1
f 209/209/1 246/246/1 210/210/1
f 261/261/1 268/268/1 267/267/1
f 728/728/1 717/717/1 716/716/1
f 727/727/1 717/717/1 728/728/1
f 209/209/1 247/247/1 246/246/1
f 727/727/1 718/718/1 717/717/1
f 727/727/1 719/719/1 718/718/1
f 208/208/1 247/247/1 209/209/1
f 726/726/1 719/719/1 727/727/1
f 726/726/1 720/720/1 719/719/1
f 726/726/1 721/721/1 720/720/1
f 725/725/1 721/721/1 726/726/1
f 208/208/1 248/248/1 247/247/1
f 725/725/1 722/722/1 721/721/1
f 725/725/1 723/723/1 722/722/1
f 724/724/1 723/723/1 725/725/1
f 207/207/1 248/248/1 208/208/1
f 261/261/1 269/269/1 268/268/1
f 207/207/1 249/249/1 248/248/1
f 206/206/1 249/249/1 207/207/1
f 206/206/1 250/250/1 249/249/1
f 206/206/1 251/251/1 250/250/1
f 205/205/1 251/251/1 206/206/1
f 205/205/1 252/252/1 251/251/1
f 204/204/1 252/252/1 205/205/1
f 261/261/1 270/270/1 269/269/1
f 204/204/1 253/253/1 252/252/1
f 204/204/1 254/254/1 253/253/1
f 203/203/1 254/254/1 204/204/1
f 634/634/1 755/755/1 754/754/1
f 203/203/1 255/255/1 254/254/1
f 202/202/1 255/255/1 203/203/1
f 202/202/1 256/256/1 255/255/1
f 201/201/1 256/256/1 202/202/1
f 201/201/1 257/257/1 256/256/1
f 261/261/1 271/271/1 270/270/1
f 201/201/1 258/258/1 257/257/1
f 200/200/1 258/258/1 201/201/1
f 200/200/1 259/259/1 258/258/1
f 199/199/1 259/259/1 200/200/1
f 199/199/1 260/260/1 259/259/1
f 150/150/1 199/199/1 198/198/1
f 150/150/1 260/260/1 199/199/1
f 150/150/1 261/261/1 260/260/1
f 150/150/1 271/271/1 261/261/1
f 150/150/1 272/272/1 271/271/1
f 148/148/1 150/150/1 149/149/1
f 148/148/1 272/272/1 150/150/1
f 148/148/1 273/273/1 272/272/1
f 148/148/1 274/274/1 273/273/1
f 633/633/1 755/755/1 634/634/1
f 148/148/1 276/276/1 274/274/1
f 276/276/1 275/275/1 274/274/1
f 633/633/1 756/756/1 755/755/1
f 633/633/1 757/757/1 756/756/1
f 148/148/1 147/147/1 276/276/1
f 147/147/1 26/26/1 276/276/1
f 26/26/1 25/25/1 276/276/1
f 25/25/1 277/277/1 276/276/1
f 632/632/1 757/757/1 633/633/1
f 146/146/1 26/26/1 147/147/1
f 146/146/1 27/27/1 26/26/1
f 24/24/1 277/277/1 25/25/1
f 146/146/1 28/28/1 27/27/1
f 145/145/1 28/28/1 146/146/1
f 632/632/1 758/758/1 757/757/1
f 299/299/1 301/301/1 300/300/1
f 145/145/1 29/29/1 28/28/1
f 24/24/1 278/278/1 277/277/1
f 299/299/1 302/302/1 301/301/1
f 145/145/1 30/30/1 29/29/1
f 23/23/1 278/278/1 24/24/1
f 144/144/1 30/30/1 145/145/1
f 299/299/1 303/303/1 302/302/1
f 298/298/1 303/303/1 299/299/1
f 144/144/1 31/31/1 30/30/1
f 23/23/1 279/279/1 278/278/1
f 298/298/1 304/304/1 303/303/1
f 144/144/1 32/32/1 31/31/1
f 632/632/1 759/759/1 758/758/1
f 143/143/1 32/32/1 144/144/1
f 631/631/1 759/759/1 632/632/1
f 298/298/1 305/305/1 304/304/1
f 297/297/1 305/305/1 298/298/1
f 143/143/1 33/33/1 32/32/1
f 22/22/1 279/279/1 23/23/1
f 297/297/1 306/306/1 305/305/1
f 142/142/1 33/33/1 143/143/1
f 22/22/1 280/280/1 279/279/1
f 142/142/1 34/34/1 33/33/1
f 297/297/1 307/307/1 306/306/1
f 296/296/1 307/307/1 297/297/1
f 296/296/1 308/308/1 307/307/1
f 631/631/1 760/760/1 759/759/1
f 142/142/1 35/35/1 34/34/1
f 141/141/1 35/35/1 142/142/1
f 296/296/1 309/309/1 308/308/1
f 22/22/1 281/281/1 280/280/1
f 21/21/1 281/281/1 22/22/1
f 141/141/1 36/36/1 35/35/1
f 296/296/1 310/310/1 309/309/1
f 295/295/1 310/310/1 296/296/1
f 140/140/1 36/36/1 141/141/1
f 295/295/1 311/311/1 310/310/1
f 140/140/1 37/37/1 36/36/1
f 630/630/1 760/760/1 631/631/1
f 295/295/1 312/312/1 311/311/1
f 295/295/1 313/313/1 312/312/1
f 21/21/1 282/282/1 281/281/1
f 630/630/1 761/761/1 760/760/1
f 139/139/1 37/37/1 140/140/1
f 295/295/1 314/314/1 313/313/1
f 139/139/1 38/38/1 37/37/1
f 294/294/1 314/314/1 295/295/1
f 294/294/1 315/315/1 314/314/1
f 294/294/1 316/316/1 315/315/1
f 20/20/1 282/282/1 21/21/1
f 294/294/1 317/317/1 316/316/1
f 294/294/1 318/318/1 317/317/1
f 139/139/1 39/39/1 38/38/1
f 294/294/1 319/319/1 318/318/1
f 294/294/1 320/320/1 319/319/1
f 138/138/1 39/39/1 139/139/1
f 294/294/1 321/321/1 320/320/1
f 294/294/1 322/322/1 321/321/1
f 20/20/1 283/283/1 282/282/1
f 294/294/1 323/323/1 322/322/1
f 294/294/1 324/324/1 323/323/1
f 294/294/1 325/325/1 324/324/1
f 293/293/1 325/325/1 294/294/1
f 138/138/1 40/40/1 39/39/1
f 630/630/1 762/762/1 761/761/1
f 138/138/1 41/41/1 40/40/1
f 137/137/1 41/41/1 138/138/1
f 293/293/1 326/326/1 325/325/1
f 19/19/1 283/283/1 20/20/1
f 137/137/1 42/42/1 41/41/1
f 292/292/1 326/326/1 293/293/1
f 19/19/1 284/284/1 283/283/1
f 763/763/1 762/762/1 630/630/1
f 137/137/1 43/43/1 42/42/1
f 136/136/1 43/43/1 137/137/1
f 292/292/1 327/327/1 326/326/1
f 136/136/1 44/44/1 43/43/1
f 291/291/1 327/327/1 292/292/1
f 19/19/1 285/285/1 284/284/1
f 135/135/1 44/44/1 136/136/1
f 18/18/1 285/285/1 19/19/1
f 135/135/1 45/45/1 44/44/1
f 291/291/1 328/328/1 327/327/1
f 135/135/1 110/110/1 45/45/1
f 110/110/1 46/46/1 45/45/1
f 290/290/1 328/328/1 291/291/1
f 134/134/1 110/110/1 135/135/1
f 134/134/1 111/111/1 110/110/1
f 109/109/1 46/46/1 110/110/1
f 18/18/1 286/286/1 285/285/1
f 290/290/1 329/329/1 328/328/1
f 109/109/1 47/47/1 46/46/1
f 17/17/1 286/286/1 18/18/1
f 109/109/1 48/48/1 47/47/1
f 108/108/1 48/48/1 109/109/1
f 290/290/1 330/330/1 329/329/1
f 289/289/1 330/330/1 290/290/1
f 17/17/1 287/287/1 286/286/1
f 108/108/1 49/49/1 48/48/1
f 107/107/1 49/49/1 108/108/1
f 289/289/1 331/331/1 330/330/1
f 107/107/1 50/50/1 49/49/1
f 133/133/1 111/111/1 134/134/1
f 288/288/1 331/331/1 289/289/1
f 16/16/1 287/287/1 17/17/1
f 16/16/1 288/288/1 287/287/1
f 106/106/1 50/50/1 107/107/1
f 133/133/1 112/112/1 111/111/1
f 106/106/1 51/51/1 50/50/1
f 383/383/1 385/385/1 384/384/1
f 288/288/1 332/332/1 331/331/1
f 106/106/1 52/52/1 51/51/1
f 16/16/1 332/332/1 288/288/1
f 105/105/1 52/52/1 106/106/1
f 382/382/1 385/385/1 383/383/1
f 105/105/1 53/53/1 52/52/1
f 15/15/1 332/332/1 16/16/1
f 15/15/1 333/333/1 332/332/1
f 132/132/1 112/112/1 133/133/1
f 104/104/1 53/53/1 105/105/1
f 104/104/1 54/54/1 53/53/1
f 381/381/1 385/385/1 382/382/1
f 104/104/1 55/55/1 54/54/1
f 15/15/1 334/334/1 333/333/1
f 132/132/1 113/113/1 112/112/1
f 381/381/1 386/386/1 385/385/1
f 103/103/1 55/55/1 104/104/1
f 14/14/1 334/334/1 15/15/1
f 103/103/1 56/56/1 55/55/1
f 380/380/1 386/386/1 381/381/1
f 14/14/1 335/335/1 334/334/1
f 103/103/1 57/57/1 56/56/1
f 131/131/1 113/113/1 132/132/1
f 102/102/1 57/57/1 103/103/1
f 379/379/1 386/386/1 380/380/1
f 379/379/1 387/387/1 386/386/1
f 102/102/1 58/58/1 57/57/1
f 13/13/1 335/335/1 14/14/1
f 13/13/1 336/336/1 335/335/1
f 102/102/1 59/59/1 58/58/1
f 101/101/1 59/59/1 102/102/1
f 378/378/1 387/387/1 379/379/1
f 131/131/1 114/114/1 113/113/1
f 101/101/1 60/60/1 59/59/1
f 378/378/1 388/388/1 387/387/1
f 13/13/1 337/337/1 336/336/1
f 101/101/1 61/61/1 60/60/1
f 12/12/1 337/337/1 13/13/1
f 377/377/1 388/388/1 378/378/1
f 130/130/1 114/114/1 131/131/1
f 100/100/1 61/61/1 101/101/1
f 100/100/1 62/62/1 61/61/1
f 12/12/1 338/338/1 337/337/1
f 377/377/1 389/389/1 388/388/1
f 376/376/1 389/389/1 377/377/1
f 100/100/1 63/63/1 62/62/1
f 99/99/1 63/63/1 100/100/1
f 99/99/1 64/64/1 63/63/1
f 12/12/1 339/339/1 338/338/1
f 99/99/1 65/65/1 64/64/1
f 11/11/1 339/339/1 12/12/1
f 375/375/1 389/389/1 376/376/1
f 99/99/1 66/66/1 65/65/1
f 130/130/1 115/115/1 114/114/1
f 375/375/1 390/390/1 389/389/1
f 99/99/1 67/67/1 66/66/1
f 129/129/1 115/115/1 130/130/1
f 11/11/1 340/340/1 339/339/1
f 98/98/1 67/67/1 99/99/1
f 98/98/1 68/68/1 67/67/1
f 98/98/1 69/69/1 68/68/1
f 374/374/1 390/390/1 375/375/1
f 98/98/1 70/70/1 69/69/1
f 11/11/1 341/341/1 340/340/1
f 374/374/1 391/391/1 390/390/1
f 98/98/1 71/71/1 70/70/1
f 98/98/1 72/72/1 71/71/1
f 10/10/1 341/341/1 11/11/1
f 97/97/1 72/72/1 98/98/1
f 373/373/1 391/391/1 374/374/1
f 97/97/1 73/73/1 72/72/1
f 10/10/1 342/342/1 341/341/1
f 96/96/1 73/73/1 97/97/1
f 96/96/1 74/74/1 73/73/1
f 373/373/1 392/392/1 391/391/1
f 95/95/1 74/74/1 96/96/1
f 95/95/1 75/75/1 74/74/1
f 128/128/1 115/115/1 129/129/1
f 128/128/1 116/116/1 115/115/1
f 10/10/1 445/445/1 342/342/1
f 445/445/1 343/343/1 342/342/1
f 372/372/1 392/392/1 373/373/1
f 95/95/1 76/76/1 75/75/1
f 94/94/1 76/76/1 95/95/1
f 94/94/1 77/77/1 76/76/1
f 93/93/1 77/77/1 94/94/1
f 93/93/1 78/78/1 77/77/1
f 92/92/1 78/78/1 93/93/1
f 10/10/1 446/446/1 445/445/1
f 444/444/1 343/343/1 445/445/1
f 92/92/1 79/79/1 78/78/1
f 444/444/1 344/344/1 343/343/1
f 9/9/1 446/446/1 10/10/1
f 372/372/1 393/393/1 392/392/1
f 91/91/1 79/79/1 92/92/1
f 91/91/1 80/80/1 79/79/1
f 371/371/1 393/393/1 372/372/1
f 90/90/1 80/80/1 91/91/1
f 90/90/1 81/81/1 80/80/1
f 90/90/1 82/82/1 81/81/1
f 89/89/1 82/82/1 90/90/1
f 89/89/1 83/83/1 82/82/1
f 88/88/1 83/83/1 89/89/1
f 88/88/1 84/84/1 83/83/1
f 444/444/1 345/345/1 344/344/1
f 87/87/1 84/84/1 88/88/1
f 87/87/1 85/85/1 84/84/1
f 86/86/1 85/85/1 87/87/1
f 370/370/1 393/393/1 371/371/1
f 370/370/1 394/394/1 393/393/1
f 443/443/1 345/345/1 444/444/1
f 443/443/1 346/346/1 345/345/1
f 127/127/1 116/116/1 128/128/1
f 369/369/1 394/394/1 370/370/1
f 9/9/1 447/447/1 446/446/1
f 8/8/1 447/447/1 9/9/1
f 443/443/1 347/347/1 346/346/1
f 127/127/1 117/117/1 116/116/1
f 369/369/1 395/395/1 394/394/1
f 368/368/1 395/395/1 369/369/1
f 443/443/1 348/348/1 347/347/1
f 442/442/1 348/348/1 443/443/1
f 367/367/1 395/395/1 368/368/1
f 367/367/1 396/396/1 395/395/1
f 442/442/1 349/349/1 348/348/1
f 366/366/1 396/396/1 367/367/1
f 442/442/1 350/350/1 349/349/1
f 8/8/1 448/448/1 447/447/1
f 7/7/1 448/448/1 8/8/1
f 442/442/1 351/351/1 350/350/1
f 365/365/1 396/396/1 366/366/1
f 126/126/1 117/117/1 127/127/1
f 365/365/1 397/397/1 396/396/1
f 442/442/1 352/352/1 351/351/1
f 441/441/1 352/352/1 442/442/1
f 364/364/1 397/397/1 365/365/1
f 441/441/1 353/353/1 352/352/1
f 441/441/1 354/354/1 353/353/1
f 363/363/1 397/397/1 364/364/1
f 441/441/1 355/355/1 354/354/1
f 363/363/1 398/398/1 397/397/1
f 441/441/1 356/356/1 355/355/1
f 362/362/1 398/398/1 363/363/1
f 441/441/1 357/357/1 356/356/1
f 126/126/1 118/118/1 117/117/1
f 361/361/1 398/398/1 362/362/1
f 441/441/1 358/358/1 357/357/1
f 441/441/1 359/359/1 358/358/1
f 360/360/1 398/398/1 361/361/1
f 441/441/1 360/360/1 359/359/1
f 441/441/1 398/398/1 360/360/1
f 440/440/1 398/398/1 441/441/1
f 7/7/1 449/449/1 448/448/1
f 6/6/1 449/449/1 7/7/1
f 440/440/1 399/399/1 398/398/1
f 125/125/1 118/118/1 126/126/1
f 440/440/1 400/400/1 399/399/1
f 439/439/1 400/400/1 440/440/1
f 5/5/1 449/449/1 6/6/1
f 5/5/1 450/450/1 449/449/1
f 439/439/1 401/401/1 400/400/1
f 125/125/1 119/119/1 118/118/1
f 438/438/1 401/401/1 439/439/1
f 438/438/1 402/402/1 401/401/1
f 124/124/1 119/119/1 125/125/1
f 4/4/1 450/450/1 5/5/1
f 4/4/1 451/451/1 450/450/1
f 438/438/1 403/403/1 402/402/1
f 437/437/1 403/403/1 438/438/1
f 437/437/1 404/404/1 403/403/1
f 437/437/1 405/405/1 404/404/1
f 436/436/1 405/405/1 437/437/1
f 3/3/1 451/451/1 4/4/1
f 124/124/1 120/120/1 119/119/1
f 3/3/1 452/452/1 451/451/1
f 436/436/1 406/406/1 405/405/1
f 436/436/1 407/407/1 406/406/1
f 123/123/1 120/120/1 124/124/1
f 435/435/1 407/407/1 436/436/1
f 435/435/1 408/408/1 407/407/1
f 435/435/1 409/409/1 408/408/1
f 435/435/1 410/410/1 409/409/1
f 2/2/1 452/452/1 3/3/1
f 2/2/1 453/453/1 452/452/1
f 434/434/1 410/410/1 435/435/1
f 434/434/1 411/411/1 410/410/1
f 1/1/1 453/453/1 2/2/1
f 123/123/1 121/121/1 120/120/1
f 433/433/1 411/411/1 434/434/1
f 122/122/1 121/121/1 123/123/1
f 1/1/1 454/454/1 453/453/1
f 433/433/1 412/412/1 411/411/1
f 432/432/1 412/412/1 433/433/1
f 457/457/1 454/454/1 1/1/1
f 432/432/1 413/413/1 412/412/1
f 431/431/1 413/413/1 432/432/1
f 457/457/1 455/455/1 454/454/1
f 430/430/1 413/413/1 431/431/1
f 430/430/1 414/414/1 413/413/1
f 429/429/1 414/414/1 430/430/1
f 429/429/1 415/415/1 414/414/1
f 457/457/1 456/456/1 455/455/1
f 428/428/1 415/415/1 429/429/1
f 428/428/1 416/416/1 415/415/1
f 427/427/1 416/416/1 428/428/1
f 427/427/1 417/417/1 416/416/1
f 426/426/1 417/417/1 427/427/1
f 425/425/1 417/417/1 426/426/1
f 425/425/1 418/418/1 417/417/1
f 424/424/1 418/418/1 425/425/1
f 424/424/1 419/419/1 418/418/1
f 423/423/1 419/419/1 424/424/1
f 423/423/1 420/420/1 419/419/1
f 422/422/1 420/420/1 423/423/1
f 422/422/1 421/421/1 420/420/1
f 1218/1218/1 1220/1220/1 1219/1219/1
f 1218/1218/1 1221/1221/1 1220/1220/1
f 1218/1218/1 1222/1222/1 1221/1221/1
f 1218/1218/1 1223/1223/1 1222/1222/1
f 1218/1218/1 1224/1224/1 1223/1223/1
f 1218/1218/1 1225/1225/1 1224/1224/1
f 1218/1218/1 1226/1226/1 1225/1225/1
f 1218/1218/1 1227/1227/1 1226/1226/1
f 1218/1218/1 1228/1228/1 1227/1227/1
f 1218/1218/1 1229/1229/1 1228/1228/1
f 1216/1216/1 1218/1218/1 1217/1217/1
f 1216/1216/1 1229/1229/1 1218/1218/1
f 1216/1216/1 1230/1230/1 1229/1229/1
f 1216/1216/1 1231/1231/1 1230/1230/1
f 1216/1216/1 1232/1232/1 1231/1231/1
f 1215/1215/1 1232/1232/1 1216/1216/1
f 1214/1214/1 1233/1233/1 1215/1215/1
f 1233/1233/1 1232/1232/1 1215/1215/1
f 1214/1214/1 1234/1234/1 1233/1233/1
f 1247/1247/1 1249/1249/1 1248/1248/1
f 1247/1247/1 1250/1250/1 1249/1249/1
f 1247/1247/1 1251/1251/1 1250/1250/1
f 1247/1247/1 1252/1252/1 1251/1251/1
f 1213/1213/1 1234/1234/1 1214/1214/1
f 1213/1213/1 1235/1235/1 1234/1234/1
f 1213/1213/1 1236/1236/1 1235/1235/1
f 1212/1212/1 1236/1236/1 1213/1213/1
f 1212/1212/1 1237/1237/1 1236/1236/1
f 1247/1247/1 1253/1253/1 1252/1252/1
f 1211/1211/1 1237/1237/1 1212/1212/1
f 1211/1211/1 1238/1238/1 1237/1237/1
f 1210/1210/1 1238/1238/1 1211/1211/1
f 1210/1210/1 1239/1239/1 1238/1238/1
f 1247/1247/1 1254/1254/1 1253/1253/1
f 1209/1209/1 1239/1239/1 1210/1210/1
f 1209/1209/1 1240/1240/1 1239/1239/1
f 1208/1208/1 1240/1240/1 1209/1209/1
f 1247/1247/1 1255/1255/1 1254/1254/1
f 1208/1208/1 1241/1241/1 1240/1240/1
f 1207/1207/1 1241/1241/1 1208/1208/1
f 1207/1207/1 1242/1242/1 1241/1241/1
f 1206/1206/1 1242/1242/1 1207/1207/1
f 1247/1247/1 1256/1256/1 1255/1255/1
f 1206/1206/1 1243/1243/1 1242/1242/1
f 1205/1205/1 1243/1243/1 1206/1206/1
f 1205/1205/1 1244/1244/1 1243/1243/1
f 1204/1204/1 1244/1244/1 1205/1205/1
f 1247/1247/1 1257/1257/1 1256/1256/1
f 1204/1204/1 1245/1245/1 1244/1244/1
f 1203/1203/1 1245/1245/1 1204/1204/1
f 1247/1247/1 1258/1258/1 1257/1257/1
f 1203/1203/1 1246/1246/1 1245/1245/1
f 1202/1202/1 1246/1246/1 1203/1203/1
f 1200/1200/1 1202/1202/1 1201/1201/1
f 1200/1200/1 1246/1246/1 1202/1202/1
f 1200/1200/1 1247/1247/1 1246/1246/1
f 1200/1200/1 1258/1258/1 1247/1247/1
f 1200/1200/1 1259/1259/1 1258/1258/1
f 1200/1200/1 1260/1260/1 1259/1259/1
f 1200/1200/1 1261/1261/1 1260/1260/1
f 1199/1199/1 1261/1261/1 1200/1200/1
f 1198/1198/1 1262/1262/1 1199/1199/1
f 1262/1262/1 1261/1261/1 1199/1199/1
f 1198/1198/1 1263/1263/1 1262/1262/1
f 1198/1198/1 1264/1264/1 1263/1263/1
f 1197/1197/1 1264/1264/1 1198/1198/1
f 1197/1197/1 1310/1310/1 1264/1264/1
f 1310/1310/1 1265/1265/1 1264/1264/1
f 1197/1197/1 1311/1311/1 1310/1310/1
f 1309/1309/1 1265/1265/1 1310/1310/1
f 1196/1196/1 1311/1311/1 1197/1197/1
f 1309/1309/1 1266/1266/1 1265/1265/1
f 1309/1309/1 1267/1267/1 1266/1266/1
f 1196/1196/1 1312/1312/1 1311/1311/1
f 1195/1195/1 1312/1312/1 1196/1196/1
f 1309/1309/1 1268/1268/1 1267/1267/1
f 1308/1308/1 1268/1268/1 1309/1309/1
f 1194/1194/1 1312/1312/1 1195/1195/1
f 1308/1308/1 1269/1269/1 1268/1268/1
f 1194/1194/1 1313/1313/1 1312/1312/1
f 1308/1308/1 1270/1270/1 1269/1269/1
f 1193/1193/1 1313/1313/1 1194/1194/1
f 1193/1193/1 1314/1314/1 1313/1313/1
f 1308/1308/1 1271/1271/1 1270/1270/1
f 1307/1307/1 1271/1271/1 1308/1308/1
f 1192/1192/1 1314/1314/1 1193/1193/1
f 1307/1307/1 1272/1272/1 1271/1271/1
f 1192/1192/1 1315/1315/1 1314/1314/1
f 1307/1307/1 1273/1273/1 1272/1272/1
f 1191/1191/1 1315/1315/1 1192/1192/1
f 1307/1307/1 1274/1274/1 1273/1273/1
f 1191/1191/1 1316/1316/1 1315/1315/1
f 1307/1307/1 1275/1275/1 1274/1274/1
f 1306/1306/1 1275/1275/1 1307/1307/1
f 1190/1190/1 1316/1316/1 1191/1191/1
f 1190/1190/1 1317/1317/1 1316/1316/1
f 1189/1189/1 1317/1317/1 1190/1190/1
f 1306/1306/1 1276/1276/1 1275/1275/1
f 1188/1188/1 1317/1317/1 1189/1189/1
f 1305/1305/1 1276/1276/1 1306/1306/1
f 1188/1188/1 1318/1318/1 1317/1317/1
f 1305/1305/1 1277/1277/1 1276/1276/1
f 1187/1187/1 1318/1318/1 1188/1188/1
f 1187/1187/1 1319/1319/1 1318/1318/1
f 1305/1305/1 1278/1278/1 1277/1277/1
f 1346/1346/1 1319/1319/1 1187/1187/1
f 1304/1304/1 1278/1278/1 1305/1305/1
f 1346/1346/1 1320/1320/1 1319/1319/1
f 1304/1304/1 1279/1279/1 1278/1278/1
f 1345/1345/1 1320/1320/1 1346/1346/1
f 1345/1345/1 1321/1321/1 1320/1320/1
f 1304/1304/1 1280/1280/1 1279/1279/1
f 1303/1303/1 1280/1280/1 1304/1304/1
f 1344/1344/1 1321/1321/1 1345/1345/1
f 1344/1344/1 1322/1322/1 1321/1321/1
f 1303/1303/1 1281/1281/1 1280/1280/1
f 1343/1343/1 1322/1322/1 1344/1344/1
f 1343/1343/1 1323/1323/1 1322/1322/1
f 1303/1303/1 1282/1282/1 1281/1281/1
f 1302/1302/1 1282/1282/1 1303/1303/1
f 1342/1342/1 1323/1323/1 1343/1343/1
f 1342/1342/1 1324/1324/1 1323/1323/1
f 1302/1302/1 1283/1283/1 1282/1282/1
f 1341/1341/1 1324/1324/1 1342/1342/1
f 1341/1341/1 1325/1325/1 1324/1324/1
f 1301/1301/1 1283/1283/1 1302/1302/1
f 1301/1301/1 1284/1284/1 1283/1283/1
f 1340/1340/1 1325/1325/1 1341/1341/1
f 1340/1340/1 1326/1326/1 1325/1325/1
f 1301/1301/1 1285/1285/1 1284/1284/1
f 1339/1339/1 1326/1326/1 1340/1340/1
f 1339/1339/1 1327/1327/1 1326/1326/1
f 1301/1301/1 1286/1286/1 1285/1285/1
f 1300/1300/1 1286/1286/1 1301/1301/1
f 1338/1338/1 1327/1327/1 1339/1339/1
f 1300/1300/1 1287/1287/1 1286/1286/1
f 1338/1338/1 1328/1328/1 1327/1327/1
f 1300/1300/1 1288/1288/1 1287/1287/1
f 1337/1337/1 1328/1328/1 1338/1338/1
f 1300/1300/1 1289/1289/1 1288/1288/1
f 1300/1300/1 1290/1290/1 1289/1289/1
f 1337/1337/1 1329/1329/1 1328/1328/1
f 1299/1299/1 1290/1290/1 1300/1300/1
f 1336/1336/1 1329/1329/1 1337/1337/1
f 1299/1299/1 1291/1291/1 1290/1290/1
f 1299/1299/1 1292/1292/1 1291/1291/1
f 1336/1336/1 1330/1330/1 1329/1329/1
f 1299/1299/1 1293/1293/1 1292/1292/1
f 1335/1335/1 1330/1330/1 1336/1336/1
f 1299/1299/1 1294/1294/1 1293/1293/1
f 1335/1335/1 1331/1331/1 1330/1330/1
f 1299/1299/1 1295/1295/1 1294/1294/1
f 1334/1334/1 1331/1331/1 1335/1335/1
f 1298/1298/1 1297/1297/1 1299/1299/1
f 1297/1297/1 1296/1296/1 1299/1299/1
f 1296/1296/1 1295/1295/1 1299/1299/1
f 1334/1334/1 1332/1332/1 1331/1331/1
f 1334/1334/1 1333/1333/1 1332/1332/1
f 1991/1991/2 1992/1992/2 1993/1993/2
f 1507/1507/2 1508/1508/2 1509/1509/2
f 1507/1507/2 1509/1509/2 1510/1510/2
f 1991/1991/2 1993/1993/2 1994/1994/2
f 1507/1507/2 1510/1510/2 1511/1511/2
f 1991/1991/2 1994/1994/2 1995/1995/2
f 1507/1507/2 1511/1511/2 1512/1512/2
f 1991/1991/2 1995/1995/2 1996/1996/2
f 1507/1507/2 1512/1512/2 1513/1513/2
f 1991/1991/2 1996/1996/2 1997/1997/2
f 1507/1507/2 1513/1513/2 1514/1514/2
f 1991/1991/2 1997/1997/2 1998/1998/2
f 1507/1507/2 1514/1514/2 1515/1515/2
f 1991/1991/2 1998/1998/2 2016/2016/2
f 2016/2016/2 1998/1998/2 1999/1999/2
f 1507/1507/2 1515/1515/2 1516/1516/2
f 2016/2016/2 1999/1999/2 2000/2000/2
f 1507/1507/2 1516/1516/2 1517/1517/2
f 2016/2016/2 2000/2000/2 2001/2001/2
f 1507/1507/2 1517/1517/2 1518/1518/2
f 2016/2016/2 2001/2001/2 2002/2002/2
f 1507/1507/2 1518/1518/2 1519/1519/2
f 2016/2016/2 2002/2002/2 2003/2003/2
f 1507/1507/2 1519/1519/2 1520/1520/2
f 2016/2016/2 2003/2003/2 2004/2004/2
f 1507/1507/2 1520/1520/2 1521/1521/2
f 2016/2016/2 2004/2004/2 2005/2005/2
f 1507/1507/2 1521/1521/2 1522/1522/2
f 2133/2133/2 2134/2134/2 2135/2135/2
f 2254/2254/2 2255/2255/2 2256/2256/2
f 2016/2016/2 2005/2005/2 2006/2006/2
f 1507/1507/2 1522/1522/2 1523/1523/2
f 2016/2016/2 2006/2006/2 2007/2007/2
f 1507/1507/2 1523/1523/2 1524/1524/2
f 2133/2133/2 2135/2135/2 2136/2136/2
f 2254/2254/2 2256/2256/2 2257/2257/2
f 2016/2016/2 2007/2007/2 2008/2008/2
f 1507/1507/2 1524/1524/2 1525/1525/2
f 1507/1507/2 1525/1525/2 1526/1526/2
f 2016/2016/2 2008/2008/2 2009/2009/2
f 2133/2133/2 2136/2136/2 2137/2137/2
f 1507/1507/2 1526/1526/2 1527/1527/2
f 2254/2254/2 2257/2257/2 2258/2258/2
f 2016/2016/2 2009/2009/2 2010/2010/2
f 1507/1507/2 1527/1527/2 1528/1528/2
f 2133/2133/2 2137/2137/2 2138/2138/2
f 2016/2016/2 2010/2010/2 2011/2011/2
f 2132/2132/2 2133/2133/2 2138/2138/2
f 2253/2253/2 2254/2254/2 2258/2258/2
f 1507/1507/2 1528/1528/2 1529/1529/2
f 2253/2253/2 2258/2258/2 2259/2259/2
f 2016/2016/2 2011/2011/2 2012/2012/2
f 1507/1507/2 1529/1529/2 1530/1530/2
f 2132/2132/2 2138/2138/2 2139/2139/2
f 2016/2016/2 2012/2012/2 2013/2013/2
f 1507/1507/2 1530/1530/2 1531/1531/2
f 2253/2253/2 2259/2259/2 2260/2260/2
f 2016/2016/2 2013/2013/2 2014/2014/2
f 2132/2132/2 2139/2139/2 2140/2140/2
f 1507/1507/2 1531/1531/2 1532/1532/2
f 2016/2016/2 2014/2014/2 2015/2015/2
f 1507/1507/2 1532/1532/2 1533/1533/2
f 2253/2253/2 2260/2260/2 2261/2261/2
f 2132/2132/2 2140/2140/2 2141/2141/2
f 2252/2252/2 2253/2253/2 2261/2261/2
f 2131/2131/2 2132/2132/2 2141/2141/2
f 2252/2252/2 2261/2261/2 2262/2262/2
f 1991/1991/2 2016/2016/2 2017/2017/2
f 2131/2131/2 2141/2141/2 2142/2142/2
f 2252/2252/2 2262/2262/2 2263/2263/2
f 2131/2131/2 2142/2142/2 2143/2143/2
f 1506/1506/2 1507/1507/2 1533/1533/2
f 2131/2131/2 2143/2143/2 2144/2144/2
f 2252/2252/2 2263/2263/2 2264/2264/2
f 2131/2131/2 2144/2144/2 2145/2145/2
f 2251/2251/2 2252/2252/2 2264/2264/2
f 2251/2251/2 2264/2264/2 2265/2265/2
f 2130/2130/2 2131/2131/2 2145/2145/2
f 2130/2130/2 2145/2145/2 2146/2146/2
f 2251/2251/2 2265/2265/2 2266/2266/2
f 2130/2130/2 2146/2146/2 2147/2147/2
f 2251/2251/2 2266/2266/2 2267/2267/2
f 2130/2130/2 2147/2147/2 2148/2148/2
f 2130/2130/2 2148/2148/2 2149/2149/2
f 2251/2251/2 2267/2267/2 2268/2268/2
f 2130/2130/2 2149/2149/2 2150/2150/2
f 2250/2250/2 2251/2251/2 2268/2268/2
f 2250/2250/2 2268/2268/2 2269/2269/2
f 2130/2130/2 2150/2150/2 2151/2151/2
f 2129/2129/2 2130/2130/2 2151/2151/2
f 2250/2250/2 2269/2269/2 2270/2270/2
f 2129/2129/2 2151/2151/2 2152/2152/2
f 2250/2250/2 2270/2270/2 2271/2271/2
f 2129/2129/2 2152/2152/2 2153/2153/2
f 2129/2129/2 2153/2153/2 2154/2154/2
f 2250/2250/2 2271/2271/2 2272/2272/2
f 2129/2129/2 2154/2154/2 2155/2155/2
f 2250/2250/2 2272/2272/2 2273/2273/2
f 2129/2129/2 2155/2155/2 2156/2156/2
f 2250/2250/2 2273/2273/2 2274/2274/2
f 2129/2129/2 2156/2156/2 2157/2157/2
f 2250/2250/2 2274/2274/2 2275/2275/2
f 2129/2129/2 2157/2157/2 2158/2158/2
f 2250/2250/2 2275/2275/2 2276/2276/2
f 2129/2129/2 2158/2158/2 2159/2159/2
f 2250/2250/2 2276/2276/2 2277/2277/2
f 2250/2250/2 2277/2277/2 2278/2278/2
f 2250/2250/2 2278/2278/2 2279/2279/2
f 2250/2250/2 2279/2279/2 2280/2280/2
f 2249/2249/2 2250/2250/2 2280/2280/2
f 2128/2128/2 2129/2129/2 2159/2159/2
f 2128/2128/2 2159/2159/2 2160/2160/2
f 2249/2249/2 2280/2280/2 2281/2281/2
f 2248/2248/2 2249/2249/2 2281/2281/2
f 2127/2127/2 2128/2128/2 2160/2160/2
f 1506/1506/2 1533/1533/2 1534/1534/2
f 2127/2127/2 2160/2160/2 2161/2161/2
f 2248/2248/2 2281/2281/2 2282/2282/2
f 2247/2247/2 2248/2248/2 2282/2282/2
f 2126/2126/2 2127/2127/2 2161/2161/2
f 2126/2126/2 2161/2161/2 2162/2162/2
f 1505/1505/2 1506/1506/2 1534/1534/2
f 2247/2247/2 2282/2282/2 2283/2283/2
f 2247/2247/2 2283/2283/2 2284/2284/2
f 2126/2126/2 2162/2162/2 2163/2163/2
f 2246/2246/2 2247/2247/2 2284/2284/2
f 2125/2125/2 2126/2126/2 2163/2163/2
f 2246/2246/2 2284/2284/2 2285/2285/2
f 2125/2125/2 2163/2163/2 2164/2164/2
f 2245/2245/2 2246/2246/2 2285/2285/2
f 2124/2124/2 2125/2125/2 2164/2164/2
f 2245/2245/2 2285/2285/2 2286/2286/2
f 2230/2230/2 2110/2110/2 2111/2111/2
f 2124/2124/2 2164/2164/2 2165/2165/2
f 1816/1816/2 1817/1817/2 1818/1818/2
f 2423/2423/2 2424/2424/2 2425/2425/2
f 2230/2230/2 2111/2111/2 2112/2112/2
f 1816/1816/2 1818/1818/2 1819/1819/2
f 2230/2230/2 2112/2112/2 2113/2113/2
f 2423/2423/2 2425/2425/2 2426/2426/2
f 2123/2123/2 2124/2124/2 2165/2165/2
f 2244/2244/2 2245/2245/2 2286/2286/2
f 2351/2351/2 2231/2231/2 2232/2232/2
f 2244/2244/2 2286/2286/2 2287/2287/2
f 2230/2230/2 2113/2113/2 2114/2114/2
f 2123/2123/2 2165/2165/2 2166/2166/2
f 1816/1816/2 1819/1819/2 1820/1820/2
f 2351/2351/2 2232/2232/2 2233/2233/2
f 2230/2230/2 2114/2114/2 2115/2115/2
f 1505/1505/2 1534/1534/2 1535/1535/2
f 2423/2423/2 2426/2426/2 2427/2427/2
f 2351/2351/2 2233/2233/2 2234/2234/2
f 2230/2230/2 2115/2115/2 2116/2116/2
f 1816/1816/2 1820/1820/2 1821/1821/2
f 2351/2351/2 2234/2234/2 2235/2235/2
f 2230/2230/2 2116/2116/2 2117/2117/2
f 2244/2244/2 2287/2287/2 2288/2288/2
f 2351/2351/2 2235/2235/2 2236/2236/2
f 2123/2123/2 2166/2166/2 2167/2167/2
f 2423/2423/2 2427/2427/2 2428/2428/2
f 2230/2230/2 2117/2117/2 2118/2118/2
f 2122/2122/2 2123/2123/2 2167/2167/2
f 1816/1816/2 1821/1821/2 1822/1822/2
f 2351/2351/2 2236/2236/2 2237/2237/2
f 2243/2243/2 2244/2244/2 2288/2288/2
f 2018/2018/2 2019/2019/2 2020/2020/2
f 2230/2230/2 2118/2118/2 2119/2119/2
f 2351/2351/2 2237/2237/2 2238/2238/2
f 2422/2422/2 2423/2423/2 2428/2428/2
f 2422/2422/2 2428/2428/2 2429/2429/2
f 1815/1815/2 1816/1816/2 1822/1822/2
f 1815/1815/2 1822/1822/2 1823/1823/2
f 2230/2230/2 2119/2119/2 2120/2120/2
f 2351/2351/2 2238/2238/2 2239/2239/2
f 2229/2229/2 2230/2230/2 2120/2120/2
f 2018/2018/2 2020/2020/2 2021/2021/2
f 2351/2351/2 2239/2239/2 2240/2240/2
f 2229/2229/2 2120/2120/2 2121/2121/2
f 1504/1504/2 1505/1505/2 1535/1535/2
f 2243/2243/2 2288/2288/2 2289/2289/2
f 2122/2122/2 2167/2167/2 2168/2168/2
f 1815/1815/2 1823/1823/2 1824/1824/2
f 2351/2351/2 2240/2240/2 2241/2241/2
f 2422/2422/2 2429/2429/2 2430/2430/2
f 2229/2229/2 2121/2121/2 2122/2122/2
f 2351/2351/2 2241/2241/2 2242/2242/2
f 2018/2018/2 2021/2021/2 2022/2022/2
f 2229/2229/2 2122/2122/2 2168/2168/2
f 2351/2351/2 2242/2242/2 2243/2243/2
f 1815/1815/2 1824/1824/2 1825/1825/2
f 2351/2351/2 2243/2243/2 2289/2289/2
f 2422/2422/2 2430/2430/2 2431/2431/2
f 2228/2228/2 2229/2229/2 2168/2168/2
f 2350/2350/2 2351/2351/2 2289/2289/2
f 2018/2018/2 2022/2022/2 2023/2023/2
f 2350/2350/2 2289/2289/2 2290/2290/2
f 1815/1815/2 1825/1825/2 1826/1826/2
f 2228/2228/2 2168/2168/2 2169/2169/2
f 2422/2422/2 2431/2431/2 2432/2432/2
f 1815/1815/2 1826/1826/2 1827/1827/2
f 2018/2018/2 2023/2023/2 2024/2024/2
f 2349/2349/2 2350/2350/2 2290/2290/2
f 2227/2227/2 2228/2228/2 2169/2169/2
f 2422/2422/2 2432/2432/2 2433/2433/2
f 1815/1815/2 1827/1827/2 1828/1828/2
f 2421/2421/2 2422/2422/2 2433/2433/2
f 2227/2227/2 2169/2169/2 2170/2170/2
f 2349/2349/2 2290/2290/2 2291/2291/2
f 2018/2018/2 2024/2024/2 2025/2025/2
f 2421/2421/2 2433/2433/2 2434/2434/2
f 1815/1815/2 1828/1828/2 1829/1829/2
f 1814/1814/2 1815/1815/2 1829/1829/2
f 2348/2348/2 2349/2349/2 2291/2291/2
f 1814/1814/2 1829/1829/2 1830/1830/2
f 2226/2226/2 2227/2227/2 2170/2170/2
f 2421/2421/2 2434/2434/2 2435/2435/2
f 2018/2018/2 2025/2025/2 2026/2026/2
f 1814/1814/2 1830/1830/2 1831/1831/2
f 2226/2226/2 2170/2170/2 2171/2171/2
f 1814/1814/2 1831/1831/2 1832/1832/2
f 2421/2421/2 2435/2435/2 2436/2436/2
f 2347/2347/2 2348/2348/2 2291/2291/2
f 2347/2347/2 2291/2291/2 2292/2292/2
f 1814/1814/2 1832/1832/2 1833/1833/2
f 2018/2018/2 2026/2026/2 2027/2027/2
f 1814/1814/2 1833/1833/2 1834/1834/2
f 2421/2421/2 2436/2436/2 2437/2437/2
f 2225/2225/2 2226/2226/2 2171/2171/2
f 2225/2225/2 2171/2171/2 2172/2172/2
f 2347/2347/2 2292/2292/2 2293/2293/2
f 1814/1814/2 1834/1834/2 1835/1835/2
f 2421/2421/2 2437/2437/2 2438/2438/2
f 1814/1814/2 1835/1835/2 1836/1836/2
f 2346/2346/2 2347/2347/2 2293/2293/2
f 1814/1814/2 1836/1836/2 1837/1837/2
f 2421/2421/2 2438/2438/2 2439/2439/2
f 2018/2018/2 2027/2027/2 2028/2028/2
f 2346/2346/2 2293/2293/2 2294/2294/2
f 1814/1814/2 1837/1837/2 1838/1838/2
f 2225/2225/2 2172/2172/2 2173/2173/2
f 1504/1504/2 1535/1535/2 1536/1536/2
f 2421/2421/2 2439/2439/2 2440/2440/2
f 1814/1814/2 1838/1838/2 1839/1839/2
f 1814/1814/2 1839/1839/2 1840/1840/2
f 2421/2421/2 2440/2440/2 2441/2441/2
f 2420/2420/2 2421/2421/2 2448/2448/2
f 2448/2448/2 2421/2421/2 2441/2441/2
f 1814/1814/2 1840/1840/2 1841/1841/2
f 2224/2224/2 2225/2225/2 2173/2173/2
f 1989/1989/2 1990/1990/2 1991/1991/2
f 1989/1989/2 1991/1991/2 2017/2017/2
f 1989/1989/2 2017/2017/2 2018/2018/2
f 1989/1989/2 2018/2018/2 2028/2028/2
f 1814/1814/2 1841/1841/2 1842/1842/2
f 2448/2448/2 2441/2441/2 2442/2442/2
f 2346/2346/2 2294/2294/2 2295/2295/2
f 2345/2345/2 2346/2346/2 2295/2295/2
f 1989/1989/2 2028/2028/2 2029/2029/2
f 2224/2224/2 2173/2173/2 2174/2174/2
f 2448/2448/2 2442/2442/2 2443/2443/2
f 2448/2448/2 2443/2443/2 2444/2444/2
f 1813/1813/2 1814/1814/2 1842/1842/2
f 2448/2448/2 2444/2444/2 2445/2445/2
f 2448/2448/2 2445/2445/2 2446/2446/2
f 2448/2448/2 2446/2446/2 2447/2447/2
f 2345/2345/2 2295/2295/2 2296/2296/2
f 2420/2420/2 2448/2448/2 2449/2449/2
f 2224/2224/2 2174/2174/2 2175/2175/2
f 1989/1989/2 2029/2029/2 2030/2030/2
f 2344/2344/2 2345/2345/2 2296/2296/2
f 2223/2223/2 2224/2224/2 2175/2175/2
f 2344/2344/2 2296/2296/2 2297/2297/2
f 2223/2223/2 2175/2175/2 2176/2176/2
f 1989/1989/2 2030/2030/2 2031/2031/2
f 2344/2344/2 2297/2297/2 2298/2298/2
f 1503/1503/2 1504/1504/2 1536/1536/2
f 2343/2343/2 2344/2344/2 2298/2298/2
f 2223/2223/2 2176/2176/2 2177/2177/2
f 2343/2343/2 2298/2298/2 2299/2299/2
f 1813/1813/2 1842/1842/2 1843/1843/2
f 2222/2222/2 2223/2223/2 2177/2177/2
f 1989/1989/2 2031/2031/2 2032/2032/2
f 2420/2420/2 2449/2449/2 2450/2450/2
f 2222/2222/2 2177/2177/2 2178/2178/2
f 2419/2419/2 2420/2420/2 2450/2450/2
f 2343/2343/2 2299/2299/2 2300/2300/2
f 2342/2342/2 2343/2343/2 2300/2300/2
f 2222/2222/2 2178/2178/2 2179/2179/2
f 2342/2342/2 2300/2300/2 2301/2301/2
f 2221/2221/2 2222/2222/2 2179/2179/2
f 1812/1812/2 1813/1813/2 1843/1843/2
f 2221/2221/2 2179/2179/2 2180/2180/2
f 2342/2342/2 2301/2301/2 2302/2302/2
f 2341/2341/2 2342/2342/2 2302/2302/2
f 2341/2341/2 2302/2302/2 2303/2303/2
f 2221/2221/2 2180/2180/2 2181/2181/2
f 2419/2419/2 2450/2450/2 2451/2451/2
f 1812/1812/2 1843/1843/2 1844/1844/2
f 2220/2220/2 2221/2221/2 2181/2181/2
f 2341/2341/2 2303/2303/2 2304/2304/2
f 2340/2340/2 2341/2341/2 2304/2304/2
f 2220/2220/2 2181/2181/2 2182/2182/2
f 2340/2340/2 2304/2304/2 2305/2305/2
f 2220/2220/2 2182/2182/2 2183/2183/2
f 2340/2340/2 2305/2305/2 2306/2306/2
f 2418/2418/2 2419/2419/2 2451/2451/2
f 2220/2220/2 2183/2183/2 2184/2184/2
f 2339/2339/2 2340/2340/2 2306/2306/2
f 2339/2339/2 2306/2306/2 2307/2307/2
f 2219/2219/2 2220/2220/2 2184/2184/2
f 2219/2219/2 2184/2184/2 2185/2185/2
f 2339/2339/2 2307/2307/2 2308/2308/2
f 1503/1503/2 1536/1536/2 1537/1537/2
f 1988/1988/1 1989/1989/1 2032/2032/1
f 1987/1987/2 1988/1988/2 2033/2033/2
f 2033/2033/1 1988/1988/1 2032/2032/1
f 1987/1987/2 2033/2033/2 2034/2034/2
f 2418/2418/2 2451/2451/2 2452/2452/2
f 2339/2339/2 2308/2308/2 2309/2309/2
f 2219/2219/2 2185/2185/2 2186/2186/2
f 1811/1811/2 1812/1812/2 1844/1844/2
f 2338/2338/2 2339/2339/2 2309/2309/2
f 1811/1811/2 1844/1844/2 1845/1845/2
f 2338/2338/2 2309/2309/2 2310/2310/2
f 2219/2219/2 2186/2186/2 2187/2187/2
f 2218/2218/2 2219/2219/2 2187/2187/2
f 2338/2338/2 2310/2310/2 2311/2311/2
f 2337/2337/2 2338/2338/2 2311/2311/2
f 2218/2218/2 2187/2187/2 2188/2188/2
f 2337/2337/2 2311/2311/2 2312/2312/2
f 2218/2218/2 2188/2188/2 2189/2189/2
f 2336/2336/2 2337/2337/2 2312/2312/2
f 2336/2336/2 2312/2312/2 2313/2313/2
f 2218/2218/2 2189/2189/2 2190/2190/2
f 2336/2336/2 2313/2313/2 2314/2314/2
f 2217/2217/2 2218/2218/2 2190/2190/2
f 2335/2335/2 2336/2336/2 2314/2314/2
f 2418/2418/2 2452/2452/2 2453/2453/2
f 2417/2417/2 2418/2418/2 2453/2453/2
f 2217/2217/2 2190/2190/2 2191/2191/2
f 2335/2335/2 2314/2314/2 2315/2315/2
f 2334/2334/2 2335/2335/2 2315/2315/2
f 2216/2216/2 2217/2217/2 2191/2191/2
f 2216/2216/2 2191/2191/2 2192/2192/2
f 2334/2334/2 2315/2315/2 2316/2316/2
f 1502/1502/2 1503/1503/2 1537/1537/2
f 2333/2333/2 2334/2334/2 2316/2316/2
f 2333/2333/2 2316/2316/2 2317/2317/2
f 2215/2215/2 2216/2216/2 2192/2192/2
f 2215/2215/2 2192/2192/2 2193/2193/2
f 1811/1811/2 1845/1845/2 1846/1846/2
f 2333/2333/2 2317/2317/2 2318/2318/2
f 2332/2332/2 2333/2333/2 2318/2318/2
f 2332/2332/2 2318/2318/2 2319/2319/2
f 2215/2215/2 2193/2193/2 2194/2194/2
f 2214/2214/2 2215/2215/2 2194/2194/2
f 2332/2332/2 2319/2319/2 2320/2320/2
f 2331/2331/2 2332/2332/2 2320/2320/2
f 1810/1810/2 1811/1811/2 1846/1846/2
f 2331/2331/2 2320/2320/2 2321/2321/2
f 2214/2214/2 2194/2194/2 2195/2195/2
f 2213/2213/2 2214/2214/2 2195/2195/2
f 2330/2330/2 2331/2331/2 2321/2321/2
f 2330/2330/2 2321/2321/2 2322/2322/2
f 2330/2330/2 2322/2322/2 2323/2323/2
f 2213/2213/2 2195/2195/2 2196/2196/2
f 2329/2329/2 2330/2330/2 2323/2323/2
f 2329/2329/2 2323/2323/2 2324/2324/2
f 2212/2212/2 2213/2213/2 2196/2196/2
f 2328/2328/2 2329/2329/2 2324/2324/2
f 2328/2328/2 2324/2324/2 2325/2325/2
f 2212/2212/2 2196/2196/2 2197/2197/2
f 2328/2328/2 2325/2325/2 2326/2326/2
f 2327/2327/2 2328/2328/2 2326/2326/2
f 2417/2417/2 2453/2453/2 2454/2454/2
f 2212/2212/2 2197/2197/2 2198/2198/2
f 2211/2211/2 2212/2212/2 2198/2198/2
f 2211/2211/2 2198/2198/2 2199/2199/2
f 2210/2210/2 2211/2211/2 2199/2199/2
f 2210/2210/2 2199/2199/2 2200/2200/2
f 2210/2210/2 2200/2200/2 2201/2201/2
f 2209/2209/2 2210/2210/2 2201/2201/2
f 2209/2209/2 2201/2201/2 2202/2202/2
f 2208/2208/2 2209/2209/2 2202/2202/2
f 2208/2208/2 2202/2202/2 2203/2203/2
f 2208/2208/2 2203/2203/2 2204/2204/2
f 2207/2207/2 2208/2208/2 2204/2204/2
f 2207/2207/2 2204/2204/2 2205/2205/2
f 2206/2206/2 2207/2207/2 2205/2205/2
f 2416/2416/2 2417/2417/2 2454/2454/2
f 1810/1810/2 1846/1846/2 1847/1847/2
f 1986/1986/2 1987/1987/2 2034/2034/2
f 2416/2416/2 2454/2454/2 2455/2455/2
f 1809/1809/2 1810/1810/2 1847/1847/2
f 1502/1502/2 1537/1537/2 1538/1538/2
f 1809/1809/2 1847/1847/2 1848/1848/2
f 2415/2415/2 2416/2416/2 2455/2455/2
f 2484/2484/2 2485/2485/2 2486/2486/2
f 2415/2415/2 2455/2455/2 2456/2456/2
f 2484/2484/2 2486/2486/2 2487/2487/2
f 1501/1501/2 1502/1502/2 1538/1538/2
f 1808/1808/2 1809/1809/2 1848/1848/2
f 1808/1808/2 1848/1848/2 1849/1849/2
f 2415/2415/2 2456/2456/2 2457/2457/2
f 2414/2414/2 2415/2415/2 2457/2457/2
f 2484/2484/2 2487/2487/2 2488/2488/2
f 1877/1877/2 1878/1878/2 1879/1879/2
f 1985/1985/2 1986/1986/2 2034/2034/2
f 2483/2483/2 2484/2484/2 2488/2488/2
f 2482/2482/2 2483/2483/2 2488/2488/2
f 2481/2481/2 2482/2482/2 2488/2488/2
f 2414/2414/2 2457/2457/2 2458/2458/2
f 1808/1808/2 1849/1849/2 1850/1850/2
f 2481/2481/2 2488/2488/2 2489/2489/2
f 2480/2480/2 2481/2481/2 2489/2489/2
f 1877/1877/2 1879/1879/2 1880/1880/2
f 1807/1807/2 1808/1808/2 1850/1850/2
f 1501/1501/2 1538/1538/2 1539/1539/2
f 1985/1985/2 2034/2034/2 2035/2035/2
f 2479/2479/2 2480/2480/2 2489/2489/2
f 2413/2413/2 2414/2414/2 2458/2458/2
f 2478/2478/2 2479/2479/2 2489/2489/2
f 2478/2478/2 2489/2489/2 2490/2490/2
f 2477/2477/2 2478/2478/2 2490/2490/2
f 1877/1877/2 1880/1880/2 1881/1881/2
f 2413/2413/2 2458/2458/2 2459/2459/2
f 1876/1876/2 1877/1877/2 1881/1881/2
f 2476/2476/2 2477/2477/2 2490/2490/2
f 1807/1807/2 1850/1850/2 1851/1851/2
f 1985/1985/2 2035/2035/2 2036/2036/2
f 1875/1875/2 1876/1876/2 1881/1881/2
f 2475/2475/2 2476/2476/2 2490/2490/2
f 2475/2475/2 2490/2490/2 2491/2491/2
f 1874/1874/2 1875/1875/2 1881/1881/2
f 2474/2474/2 2475/2475/2 2491/2491/2
f 1874/1874/2 1881/1881/2 1882/1882/2
f 1806/1806/2 1807/1807/2 1851/1851/2
f 2412/2412/2 2413/2413/2 2459/2459/2
f 1873/1873/2 1874/1874/2 1882/1882/2
f 1500/1500/2 1501/1501/2 1539/1539/2
f 2473/2473/2 2474/2474/2 2491/2491/2
f 2412/2412/2 2459/2459/2 2460/2460/2
f 1984/1984/2 1985/1985/2 2036/2036/2
f 1872/1872/2 1873/1873/2 1882/1882/2
f 2472/2472/2 2473/2473/2 2491/2491/2
f 2472/2472/2 2491/2491/2 2492/2492/2
f 1984/1984/2 2036/2036/2 2037/2037/2
f 1806/1806/2 1851/1851/2 1852/1852/2
f 1872/1872/2 1882/1882/2 1883/1883/2
f 1871/1871/2 1872/1872/2 1883/1883/2
f 2471/2471/2 2472/2472/2 2492/2492/2
f 2470/2470/2 2471/2471/2 2492/2492/2
f 2469/2469/2 2470/2470/2 2492/2492/2
f 2468/2468/2 2469/2469/2 2492/2492/2
f 2467/2467/2 2468/2468/2 2492/2492/2
f 2466/2466/2 2467/2467/2 2492/2492/2
f 2465/2465/2 2466/2466/2 2492/2492/2
f 1870/1870/2 1871/1871/2 1883/1883/2
f 2464/2464/2 2465/2465/2 2492/2492/2
f 2463/2463/2 2464/2464/2 2492/2492/2
f 2462/2462/2 2463/2463/2 2492/2492/2
f 2461/2461/2 2462/2462/2 2492/2492/2
f 2461/2461/2 2492/2492/2 2493/2493/2
f 2460/2460/2 2461/2461/2 2493/2493/2
f 2412/2412/2 2460/2460/2 2493/2493/2
f 1869/1869/2 1870/1870/2 1883/1883/2
f 2399/2399/2 2400/2400/2 2401/2401/2
f 2399/2399/2 2401/2401/2 2402/2402/2
f 2399/2399/2 2402/2402/2 2403/2403/2
f 2399/2399/2 2403/2403/2 2404/2404/2
f 2399/2399/2 2404/2404/2 2405/2405/2
f 2399/2399/2 2405/2405/2 2406/2406/2
f 2399/2399/2 2406/2406/2 2407/2407/2
f 2399/2399/2 2407/2407/2 2408/2408/2
f 2399/2399/2 2408/2408/2 2409/2409/2
f 2399/2399/2 2409/2409/2 2410/2410/2
f 2399/2399/2 2410/2410/2 2411/2411/2
f 2399/2399/2 2411/2411/2 2412/2412/2
f 2399/2399/2 2412/2412/2 2493/2493/2
f 1984/1984/2 2037/2037/2 2094/2094/2
f 2094/2094/2 2037/2037/2 2038/2038/2
f 1869/1869/2 1883/1883/2 1884/1884/2
f 1868/1868/2 1869/1869/2 1884/1884/2
f 1805/1805/2 1806/1806/2 1852/1852/2
f 1500/1500/2 1539/1539/2 1540/1540/2
f 1867/1867/2 1868/1868/2 1884/1884/2
f 1805/1805/2 1852/1852/2 1853/1853/2
f 2399/2399/2 2493/2493/2 2494/2494/2
f 1866/1866/2 1867/1867/2 1884/1884/2
f 1984/1984/2 2094/2094/2 2097/2097/2
f 2097/2097/2 2094/2094/2 2095/2095/2
f 2093/2093/2 2094/2094/2 2038/2038/2
f 1866/1866/2 1884/1884/2 1885/1885/2
f 2398/2398/2 2399/2399/2 2494/2494/2
f 2093/2093/2 2038/2038/2 2039/2039/2
f 1865/1865/2 1866/1866/2 1885/1885/2
f 2398/2398/2 2494/2494/2 2495/2495/2
f 1864/1864/2 1865/1865/2 1885/1885/2
f 1863/1863/2 1864/1864/2 1885/1885/2
f 2092/2092/2 2093/2093/2 2039/2039/2
f 1862/1862/2 1863/1863/2 1885/1885/2
f 1861/1861/2 1862/1862/2 1885/1885/2
f 1860/1860/2 1861/1861/2 1885/1885/2
f 1860/1860/2 1885/1885/2 1886/1886/2
f 1859/1859/2 1860/1860/2 1886/1886/2
f 1858/1858/2 1859/1859/2 1886/1886/2
f 1857/1857/2 1858/1858/2 1886/1886/2
f 1856/1856/2 1857/1857/2 1886/1886/2
f 1855/1855/2 1856/1856/2 1886/1886/2
f 1854/1854/2 1855/1855/2 1886/1886/2
f 1853/1853/2 1854/1854/2 1886/1886/2
f 1973/1973/2 1974/1974/2 1975/1975/2
f 1805/1805/2 1853/1853/2 1886/1886/2
f 1973/1973/2 1975/1975/2 1804/1804/2
f 1973/1973/2 1804/1804/2 1805/1805/2
f 1973/1973/2 1805/1805/2 1886/1886/2
f 2397/2397/2 2398/2398/2 2364/2364/2
f 2364/2364/2 2398/2398/2 2495/2495/2
f 1983/1983/2 1984/1984/2 2097/2097/2
f 2364/2364/2 2495/2495/2 2496/2496/2
f 2092/2092/2 2039/2039/2 2040/2040/2
f 1499/1499/2 1500/1500/2 1540/1540/2
f 2397/2397/2 2364/2364/2 2365/2365/2
f 2363/2363/2 2364/2364/2 2496/2496/2
f 2091/2091/2 2092/2092/2 2040/2040/2
f 2362/2362/2 2363/2363/2 2496/2496/2
f 2397/2397/2 2365/2365/2 2366/2366/2
f 1973/1973/2 1886/1886/2 1887/1887/2
f 2361/2361/2 2362/2362/2 2496/2496/2
f 2397/2397/2 2366/2366/2 2367/2367/2
f 2361/2361/2 2496/2496/2 2497/2497/2
f 2397/2397/2 2367/2367/2 2368/2368/2
f 2360/2360/2 2361/2361/2 2497/2497/2
f 2396/2396/2 2397/2397/2 2368/2368/2
f 2090/2090/2 2091/2091/2 2040/2040/2
f 2396/2396/2 2368/2368/2 2369/2369/2
f 1972/1972/2 1973/1973/2 1887/1887/2
f 2359/2359/2 2360/2360/2 2497/2497/2
f 2090/2090/2 2040/2040/2 2041/2041/2
f 2396/2396/2 2369/2369/2 2370/2370/2
f 2358/2358/2 2359/2359/2 2497/2497/2
f 1972/1972/2 1887/1887/2 1888/1888/2
f 2396/2396/2 2370/2370/2 2371/2371/2
f 1499/1499/2 1540/1540/2 1541/1541/2
f 2357/2357/2 2358/2358/2 2497/2497/2
f 2357/2357/2 2497/2497/2 2498/2498/2
f 2396/2396/2 2371/2371/2 2372/2372/2
f 2356/2356/2 2357/2357/2 2498/2498/2
f 2089/2089/2 2090/2090/2 2041/2041/2
f 2395/2395/2 2396/2396/2 2372/2372/2
f 2395/2395/2 2372/2372/2 2373/2373/2
f 2356/2356/2 2498/2498/2 2499/2499/2
f 2355/2355/2 2356/2356/2 2499/2499/2
f 2395/2395/2 2373/2373/2 2374/2374/2
f 1972/1972/2 1888/1888/2 1938/1938/2
f 1938/1938/2 1888/1888/2 1889/1889/2
f 2089/2089/2 2041/2041/2 2042/2042/2
f 2395/2395/2 2374/2374/2 2375/2375/2
f 1971/1971/2 1972/1972/2 1938/1938/2
f 2354/2354/2 2355/2355/2 2499/2499/2
f 2354/2354/2 2499/2499/2 2500/2500/2
f 2395/2395/2 2375/2375/2 2376/2376/2
f 2353/2353/2 2354/2354/2 2500/2500/2
f 2395/2395/2 2376/2376/2 2377/2377/2
f 1569/1569/2 1570/1570/2 1571/1571/2
f 2088/2088/2 2089/2089/2 2042/2042/2
f 2394/2394/2 2395/2395/2 2377/2377/2
f 2353/2353/2 2500/2500/2 2501/2501/2
f 1971/1971/2 1938/1938/2 1939/1939/2
f 1937/1937/2 1938/1938/2 1889/1889/2
f 2352/2352/2 2353/2353/2 2501/2501/2
f 1936/1936/2 1937/1937/2 1889/1889/2
f 2532/2532/2 2352/2352/2 2501/2501/2
f 2532/2532/2 2501/2501/2 2502/2502/2
f 1971/1971/2 1939/1939/2 1940/1940/2
f 2394/2394/2 2377/2377/2 2378/2378/2
f 1936/1936/2 1889/1889/2 1890/1890/2
f 1569/1569/2 1571/1571/2 1572/1572/2
f 1935/1935/2 1936/1936/2 1890/1890/2
f 1971/1971/2 1940/1940/2 1941/1941/2
f 2088/2088/2 2042/2042/2 2043/2043/2
f 2532/2532/2 2502/2502/2 2503/2503/2
f 1970/1970/2 1971/1971/2 1941/1941/2
f 1934/1934/2 1935/1935/2 1890/1890/2
f 2393/2393/2 2394/2394/2 2378/2378/2
f 2531/2531/2 2532/2532/2 2503/2503/2
f 2393/2393/2 2378/2378/2 2379/2379/2
f 2087/2087/2 2088/2088/2 2043/2043/2
f 1970/1970/2 1941/1941/2 1942/1942/2
f 2531/2531/2 2503/2503/2 2504/2504/2
f 1982/1982/2 1983/1983/2 2097/2097/2
f 1933/1933/2 1934/1934/2 1890/1890/2
f 1569/1569/2 1572/1572/2 1573/1573/2
f 1970/1970/2 1942/1942/2 1943/1943/2
f 2393/2393/2 2379/2379/2 2380/2380/2
f 2530/2530/2 2531/2531/2 2504/2504/2
f 1498/1498/2 1499/1499/2 1541/1541/2
f 1932/1932/2 1933/1933/2 1890/1890/2
f 2530/2530/2 2504/2504/2 2505/2505/2
f 1932/1932/2 1890/1890/2 1891/1891/2
f 2392/2392/2 2393/2393/2 2380/2380/2
f 1970/1970/2 1943/1943/2 1944/1944/2
f 1931/1931/2 1932/1932/2 1891/1891/2
f 2530/2530/2 2505/2505/2 2506/2506/2
f 2392/2392/2 2380/2380/2 2381/2381/2
f 2529/2529/2 2530/2530/2 2506/2506/2
f 1569/1569/2 1573/1573/2 1574/1574/2
f 1970/1970/2 1944/1944/2 1945/1945/2
f 1931/1931/2 1891/1891/2 1892/1892/2
f 2529/2529/2 2506/2506/2 2507/2507/2
f 1930/1930/2 1931/1931/2 1892/1892/2
f 1969/1969/2 1970/1970/2 1945/1945/2
f 2086/2086/2 2087/2087/2 2043/2043/2
f 2086/2086/2 2043/2043/2 2044/2044/2
f 2392/2392/2 2381/2381/2 2382/2382/2
f 1969/1969/2 1945/1945/2 1946/1946/2
f 2528/2528/2 2529/2529/2 2507/2507/2
f 2391/2391/2 2392/2392/2 2382/2382/2
f 2528/2528/2 2507/2507/2 2508/2508/2
f 1929/1929/2 1930/1930/2 1892/1892/2
f 1969/1969/2 1946/1946/2 1947/1947/2
f 1929/1929/2 1892/1892/2 1893/1893/2
f 2391/2391/2 2382/2382/2 2383/2383/2
f 1569/1569/2 1574/1574/2 1575/1575/2
f 2528/2528/2 2508/2508/2 2509/2509/2
f 2527/2527/2 2528/2528/2 2509/2509/2
f 1969/1969/2 1947/1947/2 1948/1948/2
f 1498/1498/2 1541/1541/2 1542/1542/2
f 1928/1928/2 1929/1929/2 1893/1893/2
f 2390/2390/2 2391/2391/2 2383/2383/2
f 2390/2390/2 2383/2383/2 2384/2384/2
f 2527/2527/2 2509/2509/2 2510/2510/2
f 1982/1982/2 2097/2097/2 2098/2098/2
f 2096/2096/2 2097/2097/2 2095/2095/2
f 2526/2526/2 2527/2527/2 2510/2510/2
f 1969/1969/2 1948/1948/2 1949/1949/2
f 2526/2526/2 2510/2510/2 2511/2511/2
f 1928/1928/2 1893/1893/2 1894/1894/2
f 2390/2390/2 2384/2384/2 2385/2385/2
f 1568/1568/2 1569/1569/2 1575/1575/2
f 2526/2526/2 2511/2511/2 2512/2512/2
f 1927/1927/2 1928/1928/2 1894/1894/2
f 2389/2389/2 2390/2390/2 2385/2385/2
f 1969/1969/2 1949/1949/2 1950/1950/2
f 2525/2525/2 2526/2526/2 2512/2512/2
f 1568/1568/2 1575/1575/2 1576/1576/2
f 2389/2389/2 2385/2385/2 2386/2386/2
f 1968/1968/2 1969/1969/2 1950/1950/2
f 2085/2085/2 2086/2086/2 2044/2044/2
f 2525/2525/2 2512/2512/2 2513/2513/2
f 2389/2389/2 2386/2386/2 2387/2387/2
f 2525/2525/2 2513/2513/2 2514/2514/2
f 2388/2388/2 2389/2389/2 2387/2387/2
f 1968/1968/2 1950/1950/2 1951/1951/2
f 2524/2524/2 2525/2525/2 2514/2514/2
f 1927/1927/2 1894/1894/2 1895/1895/2
f 2524/2524/2 2514/2514/2 2515/2515/2
f 2085/2085/2 2044/2044/2 2045/2045/2
f 1926/1926/2 1927/1927/2 1895/1895/2
f 2524/2524/2 2515/2515/2 2516/2516/2
f 2523/2523/2 2524/2524/2 2516/2516/2
f 1567/1567/2 1568/1568/2 1576/1576/2
f 2523/2523/2 2516/2516/2 2517/2517/2
f 2523/2523/2 2517/2517/2 2518/2518/2
f 2522/2522/2 2523/2523/2 2518/2518/2
f 2522/2522/2 2518/2518/2 2519/2519/2
f 2522/2522/2 2519/2519/2 2520/2520/2
f 2521/2521/2 2522/2522/2 2520/2520/2
f 1926/1926/2 1895/1895/2 1896/1896/2
f 1925/1925/2 1926/1926/2 1896/1896/2
f 1567/1567/2 1576/1576/2 1577/1577/2
f 1968/1968/2 1951/1951/2 1952/1952/2
f 1566/1566/2 1567/1567/2 1577/1577/2
f 1925/1925/2 1896/1896/2 1897/1897/2
f 1967/1967/2 1968/1968/2 1952/1952/2
f 1924/1924/2 1925/1925/2 1897/1897/2
f 2084/2084/2 2085/2085/2 2045/2045/2
f 1967/1967/2 1952/1952/2 1953/1953/2
f 1566/1566/2 1577/1577/2 1578/1578/2
f 1924/1924/2 1897/1897/2 1898/1898/2
f 1565/1565/2 1566/1566/2 1578/1578/2
f 1923/1923/2 1924/1924/2 1898/1898/2
f 2084/2084/2 2045/2045/2 2046/2046/2
f 1923/1923/2 1898/1898/2 1899/1899/2
f 1967/1967/2 1953/1953/2 1954/1954/2
f 1966/1966/2 1967/1967/2 1954/1954/2
f 1922/1922/2 1923/1923/2 1899/1899/2
f 1564/1564/2 1565/1565/2 1578/1578/2
f 1564/1564/2 1578/1578/2 1579/1579/2
f 1922/1922/2 1899/1899/2 1900/1900/2
f 1966/1966/2 1954/1954/2 1955/1955/2
f 1921/1921/2 1922/1922/2 1900/1900/2
f 2083/2083/2 2084/2084/2 2046/2046/2
f 1921/1921/2 1900/1900/2 1901/1901/2
f 1966/1966/2 1955/1955/2 1956/1956/2
f 1965/1965/2 1966/1966/2 1956/1956/2
f 1921/1921/2 1901/1901/2 1902/1902/2
f 1920/1920/2 1921/1921/2 1902/1902/2
f 1563/1563/2 1564/1564/2 1579/1579/2
f 1563/1563/2 1579/1579/2 1580/1580/2
f 1981/1981/2 1982/1982/2 2098/2098/2
f 1497/1497/2 1498/1498/2 1542/1542/2
f 1920/1920/2 1902/1902/2 1903/1903/2
f 1919/1919/2 1920/1920/2 1903/1903/2
f 2083/2083/2 2046/2046/2 2047/2047/2
f 1965/1965/2 1956/1956/2 1957/1957/2
f 1919/1919/2 1903/1903/2 1904/1904/2
f 1981/1981/2 2098/2098/2 2099/2099/2
f 1919/1919/2 1904/1904/2 1905/1905/2
f 1918/1918/2 1919/1919/2 1905/1905/2
f 1964/1964/2 1965/1965/2 1957/1957/2
f 1918/1918/2 1905/1905/2 1906/1906/2
f 1964/1964/2 1957/1957/2 1958/1958/2
f 1562/1562/2 1563/1563/2 1580/1580/2
f 1918/1918/2 1906/1906/2 1907/1907/2
f 1917/1917/2 1918/1918/2 1907/1907/2
f 1917/1917/2 1907/1907/2 1908/1908/2
f 2083/2083/2 2047/2047/2 2048/2048/2
f 1964/1964/2 1958/1958/2 1959/1959/2
f 1917/1917/2 1908/1908/2 1909/1909/2
f 1562/1562/2 1580/1580/2 1581/1581/2
f 1916/1916/2 1917/1917/2 1909/1909/2
f 1916/1916/2 1909/1909/2 1910/1910/2
f 2082/2082/2 2083/2083/2 2048/2048/2
f 1963/1963/2 1964/1964/2 1959/1959/2
f 1497/1497/2 1542/1542/2 1543/1543/2
f 1916/1916/2 1910/1910/2 1911/1911/2
f 1915/1915/2 1916/1916/2 1911/1911/2
f 1915/1915/2 1911/1911/2 1912/1912/2
f 1915/1915/2 1912/1912/2 1913/1913/2
f 1914/1914/2 1915/1915/2 1913/1913/2
f 1963/1963/2 1959/1959/2 1960/1960/2
f 1963/1963/2 1960/1960/2 1961/1961/2
f 1962/1962/2 1963/1963/2 1961/1961/2
f 2082/2082/2 2048/2048/2 2049/2049/2
f 1561/1561/2 1562/1562/2 1581/1581/2
f 1561/1561/2 1581/1581/2 1582/1582/2
f 2082/2082/2 2049/2049/2 2050/2050/2
f 1607/1607/2 1608/1608/2 1609/1609/2
f 1560/1560/2 1561/1561/2 1582/1582/2
f 2082/2082/2 2050/2050/2 2051/2051/2
f 2081/2081/2 2082/2082/2 2051/2051/2
f 1560/1560/2 1582/1582/2 1583/1583/2
f 2081/2081/2 2051/2051/2 2052/2052/2
f 1607/1607/2 1609/1609/2 1610/1610/2
f 1560/1560/2 1583/1583/2 1584/1584/2
f 1559/1559/2 1560/1560/2 1584/1584/2
f 2080/2080/2 2081/2081/2 2052/2052/2
f 2080/2080/2 2052/2052/2 2053/2053/2
f 1559/1559/2 1584/1584/2 1585/1585/2
f 2080/2080/2 2053/2053/2 2054/2054/2
f 1559/1559/2 1585/1585/2 1586/1586/2
f 2079/2079/2 2080/2080/2 2054/2054/2
f 1607/1607/2 1610/1610/2 1611/1611/2
f 1558/1558/2 1559/1559/2 1586/1586/2
f 2079/2079/2 2054/2054/2 2055/2055/2
f 1558/1558/2 1586/1586/2 1587/1587/2
f 2078/2078/2 2079/2079/2 2055/2055/2
f 1981/1981/2 2099/2099/2 2100/2100/2
f 2078/2078/2 2055/2055/2 2056/2056/2
f 1558/1558/2 1587/1587/2 1588/1588/2
f 1607/1607/2 1611/1611/2 1612/1612/2
f 1557/1557/2 1558/1558/2 1588/1588/2
f 2078/2078/2 2056/2056/2 2057/2057/2
f 2077/2077/2 2078/2078/2 2057/2057/2
f 1557/1557/2 1588/1588/2 1589/1589/2
f 1496/1496/2 1497/1497/2 1543/1543/2
f 2077/2077/2 2057/2057/2 2058/2058/2
f 1557/1557/2 1589/1589/2 1590/1590/2
f 2076/2076/2 2077/2077/2 2058/2058/2
f 1496/1496/2 1543/1543/2 1544/1544/2
f 1607/1607/2 1612/1612/2 1613/1613/2
f 2076/2076/2 2058/2058/2 2059/2059/2
f 1557/1557/2 1590/1590/2 1591/1591/2
f 1556/1556/2 1557/1557/2 1591/1591/2
f 2075/2075/2 2076/2076/2 2059/2059/2
f 2075/2075/2 2059/2059/2 2060/2060/2
f 2075/2075/2 2060/2060/2 2061/2061/2
f 1980/1980/2 1981/1981/2 2100/2100/2
f 1556/1556/2 1591/1591/2 1592/1592/2
f 2074/2074/2 2075/2075/2 2061/2061/2
f 2074/2074/2 2061/2061/2 2062/2062/2
f 1555/1555/2 1556/1556/2 1592/1592/2
f 1607/1607/2 1613/1613/2 1614/1614/2
f 2074/2074/2 2062/2062/2 2063/2063/2
f 2073/2073/2 2074/2074/2 2063/2063/2
f 1555/1555/2 1592/1592/2 1593/1593/2
f 2073/2073/2 2063/2063/2 2064/2064/2
f 2073/2073/2 2064/2064/2 2065/2065/2
f 1554/1554/2 1555/1555/2 1593/1593/2
f 2072/2072/2 2073/2073/2 2065/2065/2
f 2072/2072/2 2065/2065/2 2066/2066/2
f 2072/2072/2 2066/2066/2 2067/2067/2
f 2071/2071/2 2072/2072/2 2067/2067/2
f 1554/1554/2 1593/1593/2 1594/1594/2
f 2071/2071/2 2067/2067/2 2068/2068/2
f 2071/2071/2 2068/2068/2 2069/2069/2
f 2070/2070/2 2071/2071/2 2069/2069/2
f 1553/1553/2 1554/1554/2 1594/1594/2
f 1607/1607/2 1614/1614/2 1615/1615/2
f 1553/1553/2 1594/1594/2 1595/1595/2
f 1552/1552/2 1553/1553/2 1595/1595/2
f 1552/1552/2 1595/1595/2 1596/1596/2
f 1552/1552/2 1596/1596/2 1597/1597/2
f 1551/1551/2 1552/1552/2 1597/1597/2
f 1551/1551/2 1597/1597/2 1598/1598/2
f 1550/1550/2 1551/1551/2 1598/1598/2
f 1607/1607/2 1615/1615/2 1616/1616/2
f 1550/1550/2 1598/1598/2 1599/1599/2
f 1550/1550/2 1599/1599/2 1600/1600/2
f 1549/1549/2 1550/1550/2 1600/1600/2
f 1980/1980/2 2100/2100/2 2101/2101/2
f 1549/1549/2 1600/1600/2 1601/1601/2
f 1548/1548/2 1549/1549/2 1601/1601/2
f 1548/1548/2 1601/1601/2 1602/1602/2
f 1547/1547/2 1548/1548/2 1602/1602/2
f 1547/1547/2 1602/1602/2 1603/1603/2
f 1607/1607/2 1616/1616/2 1617/1617/2
f 1547/1547/2 1603/1603/2 1604/1604/2
f 1546/1546/2 1547/1547/2 1604/1604/2
f 1546/1546/2 1604/1604/2 1605/1605/2
f 1545/1545/2 1546/1546/2 1605/1605/2
f 1545/1545/2 1605/1605/2 1606/1606/2
f 1496/1496/2 1544/1544/2 1545/1545/2
f 1496/1496/2 1545/1545/2 1606/1606/2
f 1496/1496/2 1606/1606/2 1607/1607/2
f 1496/1496/2 1607/1607/2 1617/1617/2
f 1496/1496/2 1617/1617/2 1618/1618/2
f 1494/1494/2 1495/1495/2 1496/1496/2
f 1494/1494/2 1496/1496/2 1618/1618/2
f 1494/1494/2 1618/1618/2 1619/1619/2
f 1494/1494/2 1619/1619/2 1620/1620/2
f 1979/1979/2 1980/1980/2 2101/2101/2
f 1494/1494/2 1620/1620/2 1622/1622/2
f 1622/1622/2 1620/1620/2 1621/1621/2
f 1979/1979/2 2101/2101/2 2102/2102/2
f 1979/1979/2 2102/2102/2 2103/2103/2
f 1494/1494/2 1622/1622/2 1493/1493/2
f 1493/1493/2 1622/1622/2 1372/1372/2
f 1372/1372/2 1622/1622/2 1371/1371/2
f 1371/1371/2 1622/1622/2 1623/1623/2
f 1978/1978/2 1979/1979/2 2103/2103/2
f 1492/1492/2 1493/1493/2 1372/1372/2
f 1492/1492/2 1372/1372/2 1373/1373/2
f 1370/1370/2 1371/1371/2 1623/1623/2
f 1492/1492/2 1373/1373/2 1374/1374/2
f 1491/1491/2 1492/1492/2 1374/1374/2
f 1978/1978/2 2103/2103/2 2104/2104/2
f 1645/1645/2 1646/1646/2 1647/1647/2
f 1491/1491/2 1374/1374/2 1375/1375/2
f 1370/1370/2 1623/1623/2 1624/1624/2
f 1645/1645/2 1647/1647/2 1648/1648/2
f 1491/1491/2 1375/1375/2 1376/1376/2
f 1369/1369/2 1370/1370/2 1624/1624/2
f 1490/1490/2 1491/1491/2 1376/1376/2
f 1645/1645/2 1648/1648/2 1649/1649/2
f 1644/1644/2 1645/1645/2 1649/1649/2
f 1490/1490/2 1376/1376/2 1377/1377/2
f 1369/1369/2 1624/1624/2 1625/1625/2
f 1644/1644/2 1649/1649/2 1650/1650/2
f 1490/1490/2 1377/1377/2 1378/1378/2
f 1978/1978/2 2104/2104/2 2105/2105/2
f 1489/1489/2 1490/1490/2 1378/1378/2
f 1977/1977/2 1978/1978/2 2105/2105/2
f 1644/1644/2 1650/1650/2 1651/1651/2
f 1643/1643/2 1644/1644/2 1651/1651/2
f 1489/1489/2 1378/1378/2 1379/1379/2
f 1368/1368/2 1369/1369/2 1625/1625/2
f 1643/1643/2 1651/1651/2 1652/1652/2
f 1488/1488/2 1489/1489/2 1379/1379/2
f 1368/1368/2 1625/1625/2 1626/1626/2
f 1488/1488/2 1379/1379/2 1380/1380/2
f 1643/1643/2 1652/1652/2 1653/1653/2
f 1642/1642/2 1643/1643/2 1653/1653/2
f 1642/1642/2 1653/1653/2 1654/1654/2
f 1977/1977/2 2105/2105/2 2106/2106/2
f 1488/1488/2 1380/1380/2 1381/1381/2
f 1487/1487/2 1488/1488/2 1381/1381/2
f 1642/1642/2 1654/1654/2 1655/1655/2
f 1368/1368/2 1626/1626/2 1627/1627/2
f 1367/1367/2 1368/1368/2 1627/1627/2
f 1487/1487/2 1381/1381/2 1382/1382/2
f 1642/1642/2 1655/1655/2 1656/1656/2
f 1641/1641/2 1642/1642/2 1656/1656/2
f 1486/1486/2 1487/1487/2 1382/1382/2
f 1641/1641/2 1656/1656/2 1657/1657/2
f 1486/1486/2 1382/1382/2 1383/1383/2
f 1976/1976/2 1977/1977/2 2106/2106/2
f 1641/1641/2 1657/1657/2 1658/1658/2
f 1641/1641/2 1658/1658/2 1659/1659/2
f 1367/1367/2 1627/1627/2 1628/1628/2
f 1976/1976/2 2106/2106/2 2107/2107/2
f 1485/1485/2 1486/1486/2 1383/1383/2
f 1641/1641/2 1659/1659/2 1660/1660/2
f 1485/1485/2 1383/1383/2 1384/1384/2
f 1640/1640/2 1641/1641/2 1660/1660/2
f 1640/1640/2 1660/1660/2 1661/1661/2
f 1640/1640/2 1661/1661/2 1662/1662/2
f 1366/1366/2 1367/1367/2 1628/1628/2
f 1640/1640/2 1662/1662/2 1663/1663/2
f 1640/1640/2 1663/1663/2 1664/1664/2
f 1485/1485/2 1384/1384/2 1385/1385/2
f 1640/1640/2 1664/1664/2 1665/1665/2
f 1640/1640/2 1665/1665/2 1666/1666/2
f 1484/1484/2 1485/1485/2 1385/1385/2
f 1640/1640/2 1666/1666/2 1667/1667/2
f 1640/1640/2 1667/1667/2 1668/1668/2
f 1366/1366/2 1628/1628/2 1629/1629/2
f 1640/1640/2 1668/1668/2 1669/1669/2
f 1640/1640/2 1669/1669/2 1670/1670/2
f 1640/1640/2 1670/1670/2 1671/1671/2
f 1639/1639/2 1640/1640/2 1671/1671/2
f 1484/1484/2 1385/1385/2 1386/1386/2
f 1976/1976/2 2107/2107/2 2108/2108/2
f 1484/1484/2 1386/1386/2 1387/1387/2
f 1483/1483/2 1484/1484/2 1387/1387/2
f 1639/1639/2 1671/1671/2 1672/1672/2
f 1365/1365/2 1366/1366/2 1629/1629/2
f 1483/1483/2 1387/1387/2 1388/1388/2
f 1638/1638/2 1639/1639/2 1672/1672/2
f 1365/1365/2 1629/1629/2 1630/1630/2
f 2109/2109/2 1976/1976/2 2108/2108/2
f 1483/1483/2 1388/1388/2 1389/1389/2
f 1482/1482/2 1483/1483/2 1389/1389/2
f 1638/1638/2 1672/1672/2 1673/1673/2
f 1482/1482/2 1389/1389/2 1390/1390/2
f 1637/1637/2 1638/1638/2 1673/1673/2
f 1365/1365/2 1630/1630/2 1631/1631/2
f 1481/1481/2 1482/1482/2 1390/1390/2
f 1364/1364/2 1365/1365/2 1631/1631/2
f 1481/1481/2 1390/1390/2 1391/1391/2
f 1637/1637/2 1673/1673/2 1674/1674/2
f 1481/1481/2 1391/1391/2 1456/1456/2
f 1456/1456/2 1391/1391/2 1392/1392/2
f 1636/1636/2 1637/1637/2 1674/1674/2
f 1480/1480/2 1481/1481/2 1456/1456/2
f 1480/1480/2 1456/1456/2 1457/1457/2
f 1455/1455/2 1456/1456/2 1392/1392/2
f 1364/1364/2 1631/1631/2 1632/1632/2
f 1636/1636/2 1674/1674/2 1675/1675/2
f 1455/1455/2 1392/1392/2 1393/1393/2
f 1363/1363/2 1364/1364/2 1632/1632/2
f 1455/1455/2 1393/1393/2 1394/1394/2
f 1454/1454/2 1455/1455/2 1394/1394/2
f 1636/1636/2 1675/1675/2 1676/1676/2
f 1635/1635/2 1636/1636/2 1676/1676/2
f 1363/1363/2 1632/1632/2 1633/1633/2
f 1454/1454/2 1394/1394/2 1395/1395/2
f 1453/1453/2 1454/1454/2 1395/1395/2
f 1635/1635/2 1676/1676/2 1677/1677/2
f 1453/1453/2 1395/1395/2 1396/1396/2
f 1479/1479/2 1480/1480/2 1457/1457/2
f 1634/1634/2 1635/1635/2 1677/1677/2
f 1362/1362/2 1363/1363/2 1633/1633/2
f 1362/1362/2 1633/1633/2 1634/1634/2
f 1452/1452/2 1453/1453/2 1396/1396/2
f 1479/1479/2 1457/1457/2 1458/1458/2
f 1452/1452/2 1396/1396/2 1397/1397/2
f 1729/1729/2 1730/1730/2 1731/1731/2
f 1634/1634/2 1677/1677/2 1678/1678/2
f 1452/1452/2 1397/1397/2 1398/1398/2
f 1362/1362/2 1634/1634/2 1678/1678/2
f 1451/1451/2 1452/1452/2 1398/1398/2
f 1728/1728/2 1729/1729/2 1731/1731/2
f 1451/1451/2 1398/1398/2 1399/1399/2
f 1361/1361/2 1362/1362/2 1678/1678/2
f 1361/1361/2 1678/1678/2 1679/1679/2
f 1478/1478/2 1479/1479/2 1458/1458/2
f 1450/1450/2 1451/1451/2 1399/1399/2
f 1450/1450/2 1399/1399/2 1400/1400/2
f 1727/1727/2 1728/1728/2 1731/1731/2
f 1450/1450/2 1400/1400/2 1401/1401/2
f 1361/1361/2 1679/1679/2 1680/1680/2
f 1478/1478/2 1458/1458/2 1459/1459/2
f 1727/1727/2 1731/1731/2 1732/1732/2
f 1449/1449/2 1450/1450/2 1401/1401/2
f 1360/1360/2 1361/1361/2 1680/1680/2
f 1449/1449/2 1401/1401/2 1402/1402/2
f 1726/1726/2 1727/1727/2 1732/1732/2
f 1360/1360/2 1680/1680/2 1681/1681/2
f 1449/1449/2 1402/1402/2 1403/1403/2
f 1477/1477/2 1478/1478/2 1459/1459/2
f 1448/1448/2 1449/1449/2 1403/1403/2
f 1725/1725/2 1726/1726/2 1732/1732/2
f 1725/1725/2 1732/1732/2 1733/1733/2
f 1448/1448/2 1403/1403/2 1404/1404/2
f 1359/1359/2 1360/1360/2 1681/1681/2
f 1359/1359/2 1681/1681/2 1682/1682/2
f 1448/1448/2 1404/1404/2 1405/1405/2
f 1447/1447/2 1448/1448/2 1405/1405/2
f 1724/1724/2 1725/1725/2 1733/1733/2
f 1477/1477/2 1459/1459/2 1460/1460/2
f 1447/1447/2 1405/1405/2 1406/1406/2
f 1724/1724/2 1733/1733/2 1734/1734/2
f 1359/1359/2 1682/1682/2 1683/1683/2
f 1447/1447/2 1406/1406/2 1407/1407/2
f 1358/1358/2 1359/1359/2 1683/1683/2
f 1723/1723/2 1724/1724/2 1734/1734/2
f 1476/1476/2 1477/1477/2 1460/1460/2
f 1446/1446/2 1447/1447/2 1407/1407/2
f 1446/1446/2 1407/1407/2 1408/1408/2
f 1358/1358/2 1683/1683/2 1684/1684/2
f 1723/1723/2 1734/1734/2 1735/1735/2
f 1722/1722/2 1723/1723/2 1735/1735/2
f 1446/1446/2 1408/1408/2 1409/1409/2
f 1445/1445/2 1446/1446/2 1409/1409/2
f 1445/1445/2 1409/1409/2 1410/1410/2
f 1358/1358/2 1684/1684/2 1685/1685/2
f 1445/1445/2 1410/1410/2 1411/1411/2
f 1357/1357/2 1358/1358/2 1685/1685/2
f 1721/1721/2 1722/1722/2 1735/1735/2
f 1445/1445/2 1411/1411/2 1412/1412/2
f 1476/1476/2 1460/1460/2 1461/1461/2
f 1721/1721/2 1735/1735/2 1736/1736/2
f 1445/1445/2 1412/1412/2 1413/1413/2
f 1475/1475/2 1476/1476/2 1461/1461/2
f 1357/1357/2 1685/1685/2 1686/1686/2
f 1444/1444/2 1445/1445/2 1413/1413/2
f 1444/1444/2 1413/1413/2 1414/1414/2
f 1444/1444/2 1414/1414/2 1415/1415/2
f 1720/1720/2 1721/1721/2 1736/1736/2
f 1444/1444/2 1415/1415/2 1416/1416/2
f 1357/1357/2 1686/1686/2 1687/1687/2
f 1720/1720/2 1736/1736/2 1737/1737/2
f 1444/1444/2 1416/1416/2 1417/1417/2
f 1444/1444/2 1417/1417/2 1418/1418/2
f 1356/1356/2 1357/1357/2 1687/1687/2
f 1443/1443/2 1444/1444/2 1418/1418/2
f 1719/1719/2 1720/1720/2 1737/1737/2
f 1443/1443/2 1418/1418/2 1419/1419/2
f 1356/1356/2 1687/1687/2 1688/1688/2
f 1442/1442/2 1443/1443/2 1419/1419/2
f 1442/1442/2 1419/1419/2 1420/1420/2
f 1719/1719/2 1737/1737/2 1738/1738/2
f 1441/1441/2 1442/1442/2 1420/1420/2
f 1441/1441/2 1420/1420/2 1421/1421/2
f 1474/1474/2 1475/1475/2 1461/1461/2
f 1474/1474/2 1461/1461/2 1462/1462/2
f 1356/1356/2 1688/1688/2 1791/1791/2
f 1791/1791/2 1688/1688/2 1689/1689/2
f 1718/1718/2 1719/1719/2 1738/1738/2
f 1441/1441/2 1421/1421/2 1422/1422/2
f 1440/1440/2 1441/1441/2 1422/1422/2
f 1440/1440/2 1422/1422/2 1423/1423/2
f 1439/1439/2 1440/1440/2 1423/1423/2
f 1439/1439/2 1423/1423/2 1424/1424/2
f 1438/1438/2 1439/1439/2 1424/1424/2
f 1356/1356/2 1791/1791/2 1792/1792/2
f 1790/1790/2 1791/1791/2 1689/1689/2
f 1438/1438/2 1424/1424/2 1425/1425/2
f 1790/1790/2 1689/1689/2 1690/1690/2
f 1355/1355/2 1356/1356/2 1792/1792/2
f 1718/1718/2 1738/1738/2 1739/1739/2
f 1437/1437/2 1438/1438/2 1425/1425/2
f 1437/1437/2 1425/1425/2 1426/1426/2
f 1717/1717/2 1718/1718/2 1739/1739/2
f 1436/1436/2 1437/1437/2 1426/1426/2
f 1436/1436/2 1426/1426/2 1427/1427/2
f 1436/1436/2 1427/1427/2 1428/1428/2
f 1435/1435/2 1436/1436/2 1428/1428/2
f 1435/1435/2 1428/1428/2 1429/1429/2
f 1434/1434/2 1435/1435/2 1429/1429/2
f 1434/1434/2 1429/1429/2 1430/1430/2
f 1790/1790/2 1690/1690/2 1691/1691/2
f 1433/1433/2 1434/1434/2 1430/1430/2
f 1433/1433/2 1430/1430/2 1431/1431/2
f 1432/1432/2 1433/1433/2 1431/1431/2
f 1716/1716/2 1717/1717/2 1739/1739/2
f 1716/1716/2 1739/1739/2 1740/1740/2
f 1789/1789/2 1790/1790/2 1691/1691/2
f 1789/1789/2 1691/1691/2 1692/1692/2
f 1473/1473/2 1474/1474/2 1462/1462/2
f 1715/1715/2 1716/1716/2 1740/1740/2
f 1355/1355/2 1792/1792/2 1793/1793/2
f 1354/1354/2 1355/1355/2 1793/1793/2
f 1789/1789/2 1692/1692/2 1693/1693/2
f 1473/1473/2 1462/1462/2 1463/1463/2
f 1715/1715/2 1740/1740/2 1741/1741/2
f 1714/1714/2 1715/1715/2 1741/1741/2
f 1789/1789/2 1693/1693/2 1694/1694/2
f 1788/1788/2 1789/1789/2 1694/1694/2
f 1713/1713/2 1714/1714/2 1741/1741/2
f 1713/1713/2 1741/1741/2 1742/1742/2
f 1788/1788/2 1694/1694/2 1695/1695/2
f 1712/1712/2 1713/1713/2 1742/1742/2
f 1788/1788/2 1695/1695/2 1696/1696/2
f 1354/1354/2 1793/1793/2 1794/1794/2
f 1353/1353/2 1354/1354/2 1794/1794/2
f 1788/1788/2 1696/1696/2 1697/1697/2
f 1711/1711/2 1712/1712/2 1742/1742/2
f 1472/1472/2 1473/1473/2 1463/1463/2
f 1711/1711/2 1742/1742/2 1743/1743/2
f 1788/1788/2 1697/1697/2 1698/1698/2
f 1787/1787/2 1788/1788/2 1698/1698/2
f 1710/1710/2 1711/1711/2 1743/1743/2
f 1787/1787/2 1698/1698/2 1699/1699/2
f 1787/1787/2 1699/1699/2 1700/1700/2
f 1709/1709/2 1710/1710/2 1743/1743/2
f 1787/1787/2 1700/1700/2 1701/1701/2
f 1709/1709/2 1743/1743/2 1744/1744/2
f 1787/1787/2 1701/1701/2 1702/1702/2
f 1708/1708/2 1709/1709/2 1744/1744/2
f 1787/1787/2 1702/1702/2 1703/1703/2
f 1472/1472/2 1463/1463/2 1464/1464/2
f 1707/1707/2 1708/1708/2 1744/1744/2
f 1787/1787/2 1703/1703/2 1704/1704/2
f 1787/1787/2 1704/1704/2 1705/1705/2
f 1706/1706/2 1707/1707/2 1744/1744/2
f 1787/1787/2 1705/1705/2 1706/1706/2
f 1787/1787/2 1706/1706/2 1744/1744/2
f 1786/1786/2 1787/1787/2 1744/1744/2
f 1353/1353/2 1794/1794/2 1795/1795/2
f 1352/1352/2 1353/1353/2 1795/1795/2
f 1786/1786/2 1744/1744/2 1745/1745/2
f 1471/1471/2 1472/1472/2 1464/1464/2
f 1786/1786/2 1745/1745/2 1746/1746/2
f 1785/1785/2 1786/1786/2 1746/1746/2
f 1351/1351/2 1352/1352/2 1795/1795/2
f 1351/1351/2 1795/1795/2 1796/1796/2
f 1785/1785/2 1746/1746/2 1747/1747/2
f 1471/1471/2 1464/1464/2 1465/1465/2
f 1784/1784/2 1785/1785/2 1747/1747/2
f 1784/1784/2 1747/1747/2 1748/1748/2
f 1470/1470/2 1471/1471/2 1465/1465/2
f 1350/1350/2 1351/1351/2 1796/1796/2
f 1350/1350/2 1796/1796/2 1797/1797/2
f 1784/1784/2 1748/1748/2 1749/1749/2
f 1783/1783/2 1784/1784/2 1749/1749/2
f 1783/1783/2 1749/1749/2 1750/1750/2
f 1783/1783/2 1750/1750/2 1751/1751/2
f 1782/1782/2 1783/1783/2 1751/1751/2
f 1349/1349/2 1350/1350/2 1797/1797/2
f 1470/1470/2 1465/1465/2 1466/1466/2
f 1349/1349/2 1797/1797/2 1798/1798/2
f 1782/1782/2 1751/1751/2 1752/1752/2
f 1782/1782/2 1752/1752/2 1753/1753/2
f 1469/1469/2 1470/1470/2 1466/1466/2
f 1781/1781/2 1782/1782/2 1753/1753/2
f 1781/1781/2 1753/1753/2 1754/1754/2
f 1781/1781/2 1754/1754/2 1755/1755/2
f 1781/1781/2 1755/1755/2 1756/1756/2
f 1348/1348/2 1349/1349/2 1798/1798/2
f 1348/1348/2 1798/1798/2 1799/1799/2
f 1780/1780/2 1781/1781/2 1756/1756/2
f 1780/1780/2 1756/1756/2 1757/1757/2
f 1347/1347/2 1348/1348/2 1799/1799/2
f 1469/1469/2 1466/1466/2 1467/1467/2
f 1779/1779/2 1780/1780/2 1757/1757/2
f 1468/1468/2 1469/1469/2 1467/1467/2
f 1347/1347/2 1799/1799/2 1800/1800/2
f 1779/1779/2 1757/1757/2 1758/1758/2
f 1778/1778/2 1779/1779/2 1758/1758/2
f 1803/1803/2 1347/1347/2 1800/1800/2
f 1778/1778/2 1758/1758/2 1759/1759/2
f 1777/1777/2 1778/1778/2 1759/1759/2
f 1803/1803/2 1800/1800/2 1801/1801/2
f 1776/1776/2 1777/1777/2 1759/1759/2
f 1776/1776/2 1759/1759/2 1760/1760/2
f 1775/1775/2 1776/1776/2 1760/1760/2
f 1775/1775/2 1760/1760/2 1761/1761/2
f 1803/1803/2 1801/1801/2 1802/1802/2
f 1774/1774/2 1775/1775/2 1761/1761/2
f 1774/1774/2 1761/1761/2 1762/1762/2
f 1773/1773/2 1774/1774/2 1762/1762/2
f 1773/1773/2 1762/1762/2 1763/1763/2
f 1772/1772/2 1773/1773/2 1763/1763/2
f 1771/1771/2 1772/1772/2 1763/1763/2
f 1771/1771/2 1763/1763/2 1764/1764/2
f 1770/1770/2 1771/1771/2 1764/1764/2
f 1770/1770/2 1764/1764/2 1765/1765/2
f 1769/1769/2 1770/1770/2 1765/1765/2
f 1769/1769/2 1765/1765/2 1766/1766/2
f 1768/1768/2 1769/1769/2 1766/1766/2
f 1768/1768/2 1766/1766/2 1767/1767/2
f 2564/2564/2 2565/2565/2 2566/2566/2
f 2564/2564/2 2566/2566/2 2567/2567/2
f 2564/2564/2 2567/2567/2 2568/2568/2
f 2564/2564/2 2568/2568/2 2569/2569/2
f 2564/2564/2 2569/2569/2 2570/2570/2
f 2564/2564/2 2570/2570/2 2571/2571/2
f 2564/2564/2 2571/2571/2 2572/2572/2
f 2564/2564/2 2572/2572/2 2573/2573/2
f 2564/2564/2 2573/2573/2 2574/2574/2
f 2564/2564/2 2574/2574/2 2575/2575/2
f 2562/2562/2 2563/2563/2 2564/2564/2
f 2562/2562/2 2564/2564/2 2575/2575/2
f 2562/2562/2 2575/2575/2 2576/2576/2
f 2562/2562/2 2576/2576/2 2577/2577/2
f 2562/2562/2 2577/2577/2 2578/2578/2
f 2561/2561/1 2562/2562/1 2578/2578/1
f 2560/2560/2 2561/2561/2 2579/2579/2
f 2579/2579/1 2561/2561/1 2578/2578/1
f 2560/2560/2 2579/2579/2 2580/2580/2
f 2593/2593/2 2594/2594/2 2595/2595/2
f 2593/2593/2 2595/2595/2 2596/2596/2
f 2593/2593/2 2596/2596/2 2597/2597/2
f 2593/2593/2 2597/2597/2 2598/2598/2
f 2559/2559/2 2560/2560/2 2580/2580/2
f 2559/2559/2 2580/2580/2 2581/2581/2
f 2559/2559/2 2581/2581/2 2582/2582/2
f 2558/2558/2 2559/2559/2 2582/2582/2
f 2558/2558/2 2582/2582/2 2583/2583/2
f 2593/2593/2 2598/2598/2 2599/2599/2
f 2557/2557/2 2558/2558/2 2583/2583/2
f 2557/2557/2 2583/2583/2 2584/2584/2
f 2556/2556/2 2557/2557/2 2584/2584/2
f 2556/2556/2 2584/2584/2 2585/2585/2
f 2593/2593/2 2599/2599/2 2600/2600/2
f 2555/2555/2 2556/2556/2 2585/2585/2
f 2555/2555/2 2585/2585/2 2586/2586/2
f 2554/2554/2 2555/2555/2 2586/2586/2
f 2593/2593/2 2600/2600/2 2601/2601/2
f 2554/2554/2 2586/2586/2 2587/2587/2
f 2553/2553/2 2554/2554/2 2587/2587/2
f 2553/2553/2 2587/2587/2 2588/2588/2
f 2552/2552/2 2553/2553/2 2588/2588/2
f 2593/2593/2 2601/2601/2 2602/2602/2
f 2552/2552/2 2588/2588/2 2589/2589/2
f 2551/2551/2 2552/2552/2 2589/2589/2
f 2551/2551/2 2589/2589/2 2590/2590/2
f 2550/2550/2 2551/2551/2 2590/2590/2
f 2593/2593/2 2602/2602/2 2603/2603/2
f 2550/2550/2 2590/2590/2 2591/2591/2
f 2549/2549/2 2550/2550/2 2591/2591/2
f 2593/2593/2 2603/2603/2 2604/2604/2
f 2549/2549/2 2591/2591/2 2592/2592/2
f 2548/2548/2 2549/2549/2 2592/2592/2
f 2546/2546/2 2547/2547/2 2548/2548/2
f 2546/2546/2 2548/2548/2 2592/2592/2
f 2546/2546/2 2592/2592/2 2593/2593/2
f 2546/2546/2 2593/2593/2 2604/2604/2
f 2546/2546/2 2604/2604/2 2605/2605/2
f 2546/2546/2 2605/2605/2 2606/2606/2
f 2546/2546/2 2606/2606/2 2607/2607/2
f 2545/2545/1 2546/2546/1 2607/2607/1
f 2544/2544/2 2545/2545/2 2608/2608/2
f 2608/2608/1 2545/2545/1 2607/2607/1
f 2544/2544/2 2608/2608/2 2609/2609/2
f 2544/2544/2 2609/2609/2 2610/2610/2
f 2543/2543/2 2544/2544/2 2610/2610/2
f 2543/2543/2 2610/2610/2 2656/2656/2
f 2656/2656/2 2610/2610/2 2611/2611/2
f 2543/2543/2 2656/2656/2 2657/2657/2
f 2655/2655/2 2656/2656/2 2611/2611/2
f 2542/2542/2 2543/2543/2 2657/2657/2
f 2655/2655/2 2611/2611/2 2612/2612/2
f 2655/2655/2 2612/2612/2 2613/2613/2
f 2542/2542/2 2657/2657/2 2658/2658/2
f 2541/2541/2 2542/2542/2 2658/2658/2
f 2655/2655/2 2613/2613/2 2614/2614/2
f 2654/2654/2 2655/2655/2 2614/2614/2
f 2540/2540/2 2541/2541/2 2658/2658/2
f 2654/2654/2 2614/2614/2 2615/2615/2
f 2540/2540/2 2658/2658/2 2659/2659/2
f 2654/2654/2 2615/2615/2 2616/2616/2
f 2539/2539/2 2540/2540/2 2659/2659/2
f 2539/2539/2 2659/2659/2 2660/2660/2
f 2654/2654/2 2616/2616/2 2617/2617/2
f 2653/2653/2 2654/2654/2 2617/2617/2
f 2538/2538/2 2539/2539/2 2660/2660/2
f 2653/2653/2 2617/2617/2 2618/2618/2
f 2538/2538/2 2660/2660/2 2661/2661/2
f 2653/2653/2 2618/2618/2 2619/2619/2
f 2537/2537/2 2538/2538/2 2661/2661/2
f 2653/2653/2 2619/2619/2 2620/2620/2
f 2537/2537/2 2661/2661/2 2662/2662/2
f 2653/2653/2 2620/2620/2 2621/2621/2
f 2652/2652/2 2653/2653/2 2621/2621/2
f 2536/2536/2 2537/2537/2 2662/2662/2
f 2536/2536/2 2662/2662/2 2663/2663/2
f 2535/2535/2 2536/2536/2 2663/2663/2
f 2652/2652/2 2621/2621/2 2622/2622/2
f 2534/2534/2 2535/2535/2 2663/2663/2
f 2651/2651/2 2652/2652/2 2622/2622/2
f 2534/2534/2 2663/2663/2 2664/2664/2
f 2651/2651/2 2622/2622/2 2623/2623/2
f 2533/2533/2 2534/2534/2 2664/2664/2
f 2533/2533/2 2664/2664/2 2665/2665/2
f 2651/2651/2 2623/2623/2 2624/2624/2
f 2692/2692/2 2533/2533/2 2665/2665/2
f 2650/2650/2 2651/2651/2 2624/2624/2
f 2692/2692/2 2665/2665/2 2666/2666/2
f 2650/2650/2 2624/2624/2 2625/2625/2
f 2691/2691/2 2692/2692/2 2666/2666/2
f 2691/2691/2 2666/2666/2 2667/2667/2
f 2650/2650/2 2625/2625/2 2626/2626/2
f 2649/2649/2 2650/2650/2 2626/2626/2
f 2690/2690/2 2691/2691/2 2667/2667/2
f 2690/2690/2 2667/2667/2 2668/2668/2
f 2649/2649/2 2626/2626/2 2627/2627/2
f 2689/2689/2 2690/2690/2 2668/2668/2
f 2689/2689/2 2668/2668/2 2669/2669/2
f 2649/2649/2 2627/2627/2 2628/2628/2
f 2648/2648/2 2649/2649/2 2628/2628/2
f 2688/2688/2 2689/2689/2 2669/2669/2
f 2688/2688/2 2669/2669/2 2670/2670/2
f 2648/2648/2 2628/2628/2 2629/2629/2
f 2687/2687/2 2688/2688/2 2670/2670/2
f 2687/2687/2 2670/2670/2 2671/2671/2
f 2647/2647/2 2648/2648/2 2629/2629/2
f 2647/2647/2 2629/2629/2 2630/2630/2
f 2686/2686/2 2687/2687/2 2671/2671/2
f 2686/2686/2 2671/2671/2 2672/2672/2
f 2647/2647/2 2630/2630/2 2631/2631/2
f 2685/2685/2 2686/2686/2 2672/2672/2
f 2685/2685/2 2672/2672/2 2673/2673/2
f 2647/2647/2 2631/2631/2 2632/2632/2
f 2646/2646/2 2647/2647/2 2632/2632/2
f 2684/2684/2 2685/2685/2 2673/2673/2
f 2646/2646/2 2632/2632/2 2633/2633/2
f 2684/2684/2 2673/2673/2 2674/2674/2
f 2646/2646/2 2633/2633/2 2634/2634/2
f 2683/2683/2 2684/2684/2 2674/2674/2
f 2646/2646/2 2634/2634/2 2635/2635/2
f 2646/2646/2 2635/2635/2 2636/2636/2
f 2683/2683/2 2674/2674/2 2675/2675/2
f 2645/2645/2 2646/2646/2 2636/2636/2
f 2682/2682/2 2683/2683/2 2675/2675/2
f 2645/2645/2 2636/2636/2 2637/2637/2
f 2645/2645/2 2637/2637/2 2638/2638/2
f 2682/2682/2 2675/2675/2 2676/2676/2
f 2645/2645/2 2638/2638/2 2639/2639/2
f 2681/2681/2 2682/2682/2 2676/2676/2
f 2645/2645/2 2639/2639/2 2640/2640/2
f 2681/2681/2 2676/2676/2 2677/2677/2
f 2645/2645/2 2640/2640/2 2641/2641/2
f 2680/2680/2 2681/2681/2 2677/2677/2
f 2644/2644/2 2645/2645/2 2643/2643/2
f 2643/2643/2 2645/2645/2 2642/2642/2
f 2642/2642/2 2645/2645/2 2641/2641/2
f 2680/2680/2 2677/2677/2 2678/2678/2
f 2680/2680/2 2678/2678/2 2679/2679/2
s 1
f 2696/2698/3 2693/2693/4 2694/2695/4
f 2698/2700/5 2695/2697/3 2696/2698/3
f 2700/2702/6 2697/2699/5 2698/2700/5
f 2702/2704/7 2699/2701/6 2700/2702/6
f 2704/2706/8 2701/2703/7 2702/2704/7
f 2706/2708/9 2703/2705/8 2704/2706/8
f 2708/2710/10 2705/2707/9 2706/2708/9
f 2710/2712/11 2707/2709/10 2708/2710/10
f 2712/2714/12 2709/2711/11 2710/2712/11
f 2714/2716/13 2711/2713/12 2712/2714/12
f 2716/2718/14 2713/2715/13 2714/2716/13
f 2718/2720/15 2715/2717/14 2716/2718/14
f 2720/2722/16 2717/2719/15 2718/2720/15
f 2722/2724/17 2719/2721/16 2720/2722/16
f 2724/2726/18 2721/2723/17 2722/2724/17
f 2726/2728/19 2723/2725/18 2724/2726/18
f 2728/2730/20 2725/2727/21 2726/2728/19
f 2730/2732/22 2727/2729/20 2728/2730/20
f 2732/2734/23 2729/2731/24 2730/2732/22
f 2734/2736/25 2731/2733/26 2732/2734/23
f 2736/2738/27 2733/2735/25 2734/2736/25
f 2738/2740/28 2735/2737/27 2736/2738/27
f 2740/2742/29 2737/2739/28 2738/2740/28
f 2742/2744/30 2739/2741/29 2740/2742/29
f 2744/2746/31 2741/2743/32 2742/2744/30
f 2746/2748/33 2743/2745/31 2744/2746/31
f 2748/2750/34 2745/2747/33 2746/2748/33
f 2750/2752/35 2747/2749/34 2748/2750/34
f 2752/2754/36 2749/2751/35 2750/2752/35
f 2754/2756/37 2751/2753/36 2752/2754/36
f 2756/2758/38 2753/2755/37 2754/2756/37
f 2758/2760/39 2755/2757/38 2756/2758/38
f 2760/2762/40 2757/2759/39 2758/2760/39
f 2762/2764/41 2759/2761/40 2760/2762/40
f 2764/2766/42 2761/2763/41 2762/2764/41
f 2766/2768/43 2763/2765/42 2764/2766/42
f 2768/2770/44 2765/2767/43 2766/2768/43
f 2770/2772/45 2767/2769/44 2768/2770/44
f 2772/2774/46 2769/2771/45 2770/2772/45
f 2774/2776/47 2771/2773/46 2772/2774/46
f 2776/2778/48 2773/2775/47 2774/2776/47
f 2778/2780/49 2775/2777/48 2776/2778/48
f 2780/2782/50 2777/2779/49 2778/2780/49
f 2782/2784/51 2779/2781/50 2780/2782/50
f 2784/2786/52 2781/2783/51 2782/2784/51
f 2786/2788/53 2783/2785/52 2784/2786/52
f 2788/2790/54 2785/2787/53 2786/2788/53
f 2790/2792/55 2787/2789/54 2788/2790/54
f 2792/2794/56 2789/2791/57 2790/2792/55
f 2794/2796/58 2791/2793/56 2792/2794/56
f 2796/2798/59 2793/2795/58 2794/2796/58
f 2798/2800/60 2795/2797/59 2796/2798/59
f 2800/2802/61 2797/2799/60 2798/2800/60
f 2802/2804/62 2799/2801/61 2800/2802/61
f 2804/2806/63 2801/2803/62 2802/2804/62
f 2806/2808/64 2803/2805/63 2804/2806/63
f 2808/2810/65 2805/2807/64 2806/2808/64
f 2810/2812/66 2807/2809/65 2808/2810/65
f 2812/2814/67 2809/2811/66 2810/2812/66
f 2814/2816/68 2811/2813/67 2812/2814/67
f 2816/2818/69 2813/2815/68 2814/2816/68
f 2818/2820/70 2815/2817/69 2816/2818/69
f 2820/2822/71 2817/2819/70 2818/2820/70
f 2822/2824/72 2819/2821/71 2820/2822/71
f 2824/2826/73 2821/2823/72 2822/2824/72
f 2826/2828/74 2823/2825/73 2824/2826/73
f 2828/2830/75 2825/2827/74 2826/2828/74
f 2830/2832/76 2827/2829/75 2828/2830/75
f 2832/2834/77 2829/2831/76 2830/2832/76
f 2834/2836/78 2831/2833/77 2832/2834/77
f 2836/2838/79 2833/2835/78 2834/2836/78
f 2838/2840/80 2835/2837/79 2836/2838/79
f 2840/2842/81 2837/2839/80 2838/2840/80
f 2842/2844/82 2839/2841/81 2840/2842/81
f 2844/2846/83 2841/2843/82 2842/2844/82
f 2846/2848/84 2843/2845/83 2844/2846/83
f 2848/2850/85 2845/2847/84 2846/2848/84
f 2850/2852/86 2847/2849/85 2848/2850/85
f 2852/2854/87 2849/2851/86 2850/2852/86
f 2854/2856/88 2851/2853/87 2852/2854/87
f 2856/2858/89 2853/2855/88 2854/2856/88
f 2858/2860/90 2855/2857/89 2856/2858/89
f 2860/2862/91 2857/2859/90 2858/2860/90
f 2862/2864/92 2859/2861/91 2860/2862/91
f 2864/2866/93 2861/2863/92 2862/2864/92
f 2866/2868/94 2863/2865/93 2864/2866/93
f 2868/2870/95 2865/2867/94 2866/2868/94
f 2870/2872/96 2867/2869/95 2868/2870/95
f 2872/2874/97 2869/2871/96 2870/2872/96
f 2874/2876/98 2871/2873/97 2872/2874/97
f 2876/2878/99 2873/2875/98 2874/2876/98
f 2878/2880/100 2875/2877/99 2876/2878/99
f 2880/2882/101 2877/2879/100 2878/2880/100
f 2882/2884/102 2879/2881/101 2880/2882/101
f 2884/2886/103 2881/2883/102 2882/2884/102
f 2886/2888/104 2883/2885/103 2884/2886/103
f 2888/2890/105 2885/2887/104 2886/2888/104
f 2890/2892/106 2887/2889/105 2888/2890/105
f 2892/2894/107 2889/2891/106 2890/2892/106
f 2894/2896/108 2891/2893/107 2892/2894/107
f 2896/2898/109 2893/2895/110 2894/2896/108
f 2898/2900/111 2895/2897/109 2896/2898/109
f 2900/2902/112 2897/2899/111 2898/2900/111
f 2902/2904/113 2899/2901/112 2900/2902/112
f 2904/2906/114 2901/2903/113 2902/2904/113
f 2906/2908/115 2903/2905/114 2904/2906/114
f 2908/2910/116 2905/2907/115 2906/2908/115
f 2910/2912/117 2907/2909/116 2908/2910/116
f 2912/2914/118 2909/2911/117 2910/2912/117
f 2914/2916/119 2911/2913/118 2912/2914/118
f 2916/2918/120 2913/2915/119 2914/2916/119
f 2918/2920/121 2915/2917/120 2916/2918/120
f 2920/2922/122 2917/2919/121 2918/2920/121
f 2922/2924/123 2919/2921/122 2920/2922/122
f 2924/2926/124 2921/2923/123 2922/2924/123
f 2926/2928/125 2923/2925/124 2924/2926/124
f 2928/2930/126 2925/2927/125 2926/2928/125
f 2930/2932/127 2927/2929/126 2928/2930/126
f 2932/2934/128 2929/2931/127 2930/2932/127
f 2934/2936/129 2931/2933/128 2932/2934/128
f 2936/2938/130 2933/2935/129 2934/2936/129
f 2938/2940/131 2935/2937/130 2936/2938/130
f 2940/2942/132 2937/2939/131 2938/2940/131
f 2942/2944/133 2939/2941/132 2940/2942/132
f 2944/2946/134 2941/2943/133 2942/2944/133
f 2946/2948/135 2943/2945/134 2944/2946/134
f 2948/2950/136 2945/2947/135 2946/2948/135
f 2950/2952/137 2947/2949/136 2948/2950/136
f 2952/2954/138 2949/2951/137 2950/2952/137
f 2954/2956/139 2951/2953/138 2952/2954/138
f 2956/2958/140 2953/2955/139 2954/2956/139
f 2958/2960/141 2955/2957/140 2956/2958/140
f 2960/2962/142 2957/2959/141 2958/2960/141
f 2962/2964/143 2959/2961/142 2960/2962/142
f 2964/2966/144 2961/2963/143 2962/2964/143
f 2966/2968/145 2963/2965/144 2964/2966/144
f 2968/2970/146 2965/2967/145 2966/2968/145
f 2970/2972/147 2967/2969/146 2968/2970/146
f 2972/2974/148 2969/2971/147 2970/2972/147
f 2974/2976/149 2971/2973/148 2972/2974/148
f 2976/2978/150 2973/2975/149 2974/2976/149
f 2978/2980/151 2975/2977/150 2976/2978/150
f 2980/2982/152 2977/2979/151 2978/2980/151
f 2982/2984/153 2979/2981/152 2980/2982/152
f 2984/2986/154 2981/2983/153 2982/2984/153
f 2986/2988/155 2983/2985/154 2984/2986/154
f 2988/2990/156 2985/2987/155 2986/2988/155
f 2990/2992/157 2987/2989/156 2988/2990/156
f 2992/2994/158 2989/2991/157 2990/2992/157
f 2994/2996/159 2991/2993/158 2992/2994/158
f 2996/2998/160 2993/2995/159 2994/2996/159
f 2998/3000/161 2995/2997/160 2996/2998/160
f 3000/3002/162 2997/2999/161 2998/3000/161
f 3002/3004/163 2999/3001/162 3000/3002/162
f 3004/3006/164 3001/3003/163 3002/3004/163
f 3006/3008/165 3003/3005/164 3004/3006/164
f 3008/3010/166 3005/3007/165 3006/3008/165
f 3010/3012/167 3007/3009/166 3008/3010/166
f 3012/3014/168 3009/3011/167 3010/3012/167
f 2694/2696/4 3011/3013/168 3012/3014/168
f 3016/3020/169 3013/3015/170 3014/3017/170
f 3018/3022/171 3015/3019/169 3016/3020/169
f 3020/3024/172 3017/3021/171 3018/3022/171
f 3022/3026/173 3019/3023/172 3020/3024/172
f 3024/3028/174 3021/3025/173 3022/3026/173
f 3026/3030/175 3023/3027/174 3024/3028/174
f 3028/3032/176 3025/3029/175 3026/3030/175
f 3030/3034/177 3027/3031/176 3028/3032/176
f 3032/3036/178 3029/3033/177 3030/3034/177
f 3034/3038/179 3031/3035/178 3032/3036/178
f 3036/3040/180 3033/3037/179 3034/3038/179
f 3038/3042/181 3035/3039/180 3036/3040/180
f 3040/3044/182 3037/3041/181 3038/3042/181
f 3042/3046/183 3039/3043/182 3040/3044/182
f 3044/3048/184 3041/3045/183 3042/3046/183
f 3046/3050/185 3043/3047/184 3044/3048/184
f 3048/3052/186 3045/3049/185 3046/3050/185
f 3050/3054/187 3047/3051/186 3048/3052/186
f 3052/3056/188 3049/3053/187 3050/3054/187
f 3054/3058/189 3051/3055/188 3052/3056/188
f 3056/3060/190 3053/3057/189 3054/3058/189
f 3058/3062/191 3055/3059/190 3056/3060/190
f 3060/3064/192 3057/3061/191 3058/3062/191
f 3062/3066/193 3059/3063/192 3060/3064/192
f 3064/3068/194 3061/3065/193 3062/3066/193
f 3066/3070/195 3063/3067/194 3064/3068/194
f 3068/3072/196 3065/3069/195 3066/3070/195
f 3070/3074/197 3067/3071/196 3068/3072/196
f 3072/3076/198 3069/3073/197 3070/3074/197
f 3074/3078/199 3071/3075/198 3072/3076/198
f 3076/3080/200 3073/3077/199 3074/3078/199
f 3078/3082/201 3075/3079/202 3076/3080/200
f 3080/3084/203 3077/3081/201 3078/3082/201
f 3082/3086/204 3079/3083/203 3080/3084/203
f 3084/3088/205 3081/3085/204 3082/3086/204
f 3086/3090/206 3083/3087/205 3084/3088/205
f 3088/3092/207 3085/3089/206 3086/3090/206
f 3090/3094/208 3087/3091/207 3088/3092/207
f 3092/3096/209 3089/3093/208 3090/3094/208
f 3094/3098/210 3091/3095/209 3092/3096/209
f 3096/3100/211 3093/3097/210 3094/3098/210
f 3098/3102/212 3095/3099/211 3096/3100/211
f 3100/3104/213 3097/3101/212 3098/3102/212
f 3102/3106/214 3099/3103/213 3100/3104/213
f 3104/3108/215 3101/3105/214 3102/3106/214
f 3106/3110/216 3103/3107/215 3104/3108/215
f 3108/3112/217 3105/3109/216 3106/3110/216
f 3110/3114/218 3107/3111/217 3108/3112/217
f 3112/3116/219 3109/3113/218 3110/3114/218
f 3114/3118/220 3111/3115/221 3112/3116/219
f 3116/3120/222 3113/3117/220 3114/3118/220
f 3118/3122/223 3115/3119/222 3116/3120/222
f 3120/3124/224 3117/3121/223 3118/3122/223
f 3122/3126/225 3119/3123/224 3120/3124/224
f 3124/3128/226 3121/3125/225 3122/3126/225
f 3126/3130/227 3123/3127/226 3124/3128/226
f 3128/3132/228 3125/3129/227 3126/3130/227
f 3130/3134/229 3127/3131/228 3128/3132/228
f 3132/3136/230 3129/3133/229 3130/3134/229
f 3134/3138/231 3131/3135/230 3132/3136/230
f 3136/3140/232 3133/3137/231 3134/3138/231
f 3138/3142/233 3135/3139/232 3136/3140/232
f 3140/3144/234 3137/3141/233 3138/3142/233
f 3142/3146/235 3139/3143/234 3140/3144/234
f 3144/3148/236 3141/3145/235 3142/3146/235
f 3146/3150/237 3143/3147/236 3144/3148/236
f 3148/3152/238 3145/3149/237 3146/3150/237
f 3150/3154/239 3147/3151/238 3148/3152/238
f 3152/3156/240 3149/3153/239 3150/3154/239
f 3154/3158/241 3151/3155/242 3152/3156/240
f 3156/3160/243 3153/3157/241 3154/3158/241
f 3158/3162/244 3155/3159/243 3156/3160/243
f 3160/3164/245 3157/3161/244 3158/3162/244
f 3162/3166/246 3159/3163/245 3160/3164/245
f 3164/3168/247 3161/3165/246 3162/3166/246
f 3166/3170/248 3163/3167/247 3164/3168/247
f 3168/3172/249 3165/3169/248 3166/3170/248
f 3170/3174/250 3167/3171/251 3168/3172/249
f 3172/3176/252 3169/3173/253 3170/3174/250
f 3174/3178/254 3171/3175/252 3172/3176/252
f 3176/3180/255 3173/3177/256 3174/3178/254
f 3178/3182/257 3175/3179/258 3176/3180/255
f 3180/3184/259 3177/3181/257 3178/3182/257
f 3182/3186/260 3179/3183/259 3180/3184/259
f 3184/3188/261 3181/3185/260 3182/3186/260
f 3186/3190/262 3183/3187/261 3184/3188/261
f 3188/3192/263 3185/3189/262 3186/3190/262
f 3190/3194/264 3187/3191/263 3188/3192/263
f 3192/3196/265 3189/3193/264 3190/3194/264
f 3194/3198/266 3191/3195/265 3192/3196/265
f 3196/3200/267 3193/3197/266 3194/3198/266
f 3198/3202/268 3195/3199/267 3196/3200/267
f 3200/3204/269 3197/3201/268 3198/3202/268
f 3202/3206/270 3199/3203/269 3200/3204/269
f 3204/3208/271 3201/3205/270 3202/3206/270
f 3206/3210/272 3203/3207/271 3204/3208/271
f 3208/3212/273 3205/3209/272 3206/3210/272
f 3210/3214/274 3207/3211/273 3208/3212/273
f 3212/3216/275 3209/3213/274 3210/3214/274
f 3214/3218/276 3211/3215/275 3212/3216/275
f 3216/3220/277 3213/3217/276 3214/3218/276
f 3218/3222/278 3215/3219/277 3216/3220/277
f 3220/3224/279 3217/3221/278 3218/3222/278
f 3222/3226/280 3219/3223/279 3220/3224/279
f 3224/3228/281 3221/3225/280 3222/3226/280
f 3226/3230/282 3223/3227/281 3224/3228/281
f 3228/3232/283 3225/3229/282 3226/3230/282
f 3230/3234/284 3227/3231/283 3228/3232/283
f 3232/3236/285 3229/3233/284 3230/3234/284
f 3234/3238/286 3231/3235/285 3232/3236/285
f 3236/3240/287 3233/3237/286 3234/3238/286
f 3238/3242/288 3235/3239/287 3236/3240/287
f 3240/3244/289 3237/3241/288 3238/3242/288
f 3242/3246/290 3239/3243/289 3240/3244/289
f 3244/3248/291 3241/3245/290 3242/3246/290
f 3246/3250/292 3243/3247/291 3244/3248/291
f 3248/3252/293 3245/3249/292 3246/3250/292
f 3250/3254/294 3247/3251/293 3248/3252/293
f 3252/3256/295 3249/3253/294 3250/3254/294
f 3254/3258/296 3251/3255/295 3252/3256/295
f 3256/3260/297 3253/3257/296 3254/3258/296
f 3258/3262/298 3255/3259/297 3256/3260/297
f 3260/3264/299 3257/3261/298 3258/3262/298
f 3262/3266/300 3259/3263/299 3260/3264/299
f 3264/3268/301 3261/3265/300 3262/3266/300
f 3266/3270/302 3263/3267/301 3264/3268/301
f 3268/3272/303 3265/3269/302 3266/3270/302
f 3270/3274/304 3267/3271/303 3268/3272/303
f 3272/3276/305 3269/3273/304 3270/3274/304
f 3274/3278/306 3271/3275/305 3272/3276/305
f 3276/3280/307 3273/3277/306 3274/3278/306
f 3278/3282/308 3275/3279/307 3276/3280/307
f 3280/3284/309 3277/3281/308 3278/3282/308
f 3282/3286/310 3279/3283/309 3280/3284/309
f 3284/3288/311 3281/3285/310 3282/3286/310
f 3286/3290/312 3283/3287/311 3284/3288/311
f 3288/3292/313 3285/3289/312 3286/3290/312
f 3290/3294/314 3287/3291/313 3288/3292/313
f 3292/3296/315 3289/3293/314 3290/3294/314
f 3294/3298/316 3291/3295/315 3292/3296/315
f 3296/3300/317 3293/3297/316 3294/3298/316
f 3298/3302/318 3295/3299/317 3296/3300/317
f 3300/3304/319 3297/3301/318 3298/3302/318
f 3302/3306/320 3299/3303/319 3300/3304/319
f 3304/3308/321 3301/3305/320 3302/3306/320
f 3306/3310/322 3303/3307/321 3304/3308/321
f 3308/3312/323 3305/3309/322 3306/3310/322
f 3310/3314/324 3307/3311/323 3308/3312/323
f 3312/3316/325 3309/3313/324 3310/3314/324
f 3314/3318/326 3311/3315/325 3312/3316/325
f 3316/3320/327 3313/3317/326 3314/3318/326
f 3318/3322/328 3315/3319/327 3316/3320/327
f 3320/3324/329 3317/3321/328 3318/3322/328
f 3322/3326/330 3319/3323/329 3320/3324/329
f 3324/3328/331 3321/3325/330 3322/3326/330
f 3326/3330/332 3323/3327/331 3324/3328/331
f 3328/3332/333 3325/3329/332 3326/3330/332
f 3330/3334/334 3327/3331/333 3328/3332/333
f 3332/3336/335 3329/3333/334 3330/3334/334
f 3334/3338/336 3331/3335/335 3332/3336/335
f 3336/3340/337 3333/3337/336 3334/3338/336
f 3338/3342/338 3335/3339/337 3336/3340/337
f 3340/3344/339 3337/3341/338 3338/3342/338
f 3342/3346/340 3339/3343/339 3340/3344/339
f 3344/3348/341 3341/3345/340 3342/3346/340
f 3346/3350/342 3343/3347/341 3344/3348/341
f 3348/3352/343 3345/3349/342 3346/3350/342
f 3350/3354/344 3347/3351/343 3348/3352/343
f 3352/3356/345 3349/3353/344 3350/3354/344
f 3354/3358/346 3351/3355/345 3352/3356/345
f 3356/3360/347 3353/3357/346 3354/3358/346
f 3358/3362/348 3355/3359/347 3356/3360/347
f 3360/3364/349 3357/3361/350 3358/3362/348
f 3362/3366/351 3359/3363/349 3360/3364/349
f 3364/3368/352 3361/3365/351 3362/3366/351
f 3366/3370/353 3363/3367/352 3364/3368/352
f 3368/3372/354 3365/3369/353 3366/3370/353
f 3370/3374/355 3367/3371/356 3368/3372/354
f 3372/3376/357 3369/3373/355 3370/3374/355
f 3374/3378/358 3371/3375/357 3372/3376/357
f 3376/3380/359 3373/3377/358 3374/3378/358
f 3378/3382/360 3375/3379/359 3376/3380/359
f 3380/3384/361 3377/3381/360 3378/3382/360
f 3382/3386/362 3379/3383/361 3380/3384/361
f 3384/3388/363 3381/3385/362 3382/3386/362
f 3386/3390/364 3383/3387/363 3384/3388/363
f 3388/3392/365 3385/3389/364 3386/3390/364
f 3390/3394/366 3387/3391/365 3388/3392/365
f 3392/3396/367 3389/3393/366 3390/3394/366
f 3394/3398/368 3391/3395/367 3392/3396/367
f 3396/3400/369 3393/3397/368 3394/3398/368
f 3398/3402/370 3395/3399/369 3396/3400/369
f 3400/3404/371 3397/3401/370 3398/3402/370
f 3402/3406/372 3399/3403/371 3400/3404/371
f 3404/3408/373 3401/3405/372 3402/3406/372
f 3406/3410/374 3403/3407/373 3404/3408/373
f 3408/3412/375 3405/3409/374 3406/3410/374
f 3410/3414/376 3407/3411/375 3408/3412/375
f 3412/3416/377 3409/3413/376 3410/3414/376
f 3414/3418/378 3411/3415/377 3412/3416/377
f 3416/3420/379 3413/3417/380 3414/3418/378
f 3418/3422/381 3415/3419/382 3416/3420/379
f 3420/3424/383 3417/3421/381 3418/3422/381
f 3422/3426/384 3419/3423/383 3420/3424/383
f 3424/3428/385 3421/3425/384 3422/3426/384
f 3426/3430/386 3423/3427/385 3424/3428/385
f 3428/3432/387 3425/3429/388 3426/3430/386
f 3430/3434/389 3427/3431/387 3428/3432/387
f 3432/3436/390 3429/3433/389 3430/3434/389
f 3434/3438/391 3431/3435/390 3432/3436/390
f 3436/3440/392 3433/3437/391 3434/3438/391
f 3438/3442/393 3435/3439/392 3436/3440/392
f 3440/3444/394 3437/3441/393 3438/3442/393
f 3442/3446/395 3439/3443/394 3440/3444/394
f 3444/3448/396 3441/3445/395 3442/3446/395
f 3446/3450/397 3443/3447/396 3444/3448/396
f 3448/3452/398 3445/3449/397 3446/3450/397
f 3450/3454/399 3447/3451/398 3448/3452/398
f 3452/3456/400 3449/3453/399 3450/3454/399
f 3454/3458/401 3451/3455/400 3452/3456/400
f 3456/3460/402 3453/3457/401 3454/3458/401
f 3458/3462/403 3455/3459/402 3456/3460/402
f 3460/3464/404 3457/3461/403 3458/3462/403
f 3462/3466/405 3459/3463/404 3460/3464/404
f 3464/3468/406 3461/3465/405 3462/3466/405
f 3466/3470/407 3463/3467/406 3464/3468/406
f 3468/3472/408 3465/3469/407 3466/3470/407
f 3470/3474/409 3467/3471/410 3468/3472/408
f 3472/3476/411 3469/3473/409 3470/3474/409
f 3474/3478/412 3471/3475/413 3472/3476/411
f 3476/3480/414 3473/3477/412 3474/3478/412
f 3478/3482/415 3475/3479/414 3476/3480/414
f 3480/3484/416 3477/3481/415 3478/3482/415
f 3482/3486/417 3479/3483/418 3480/3484/416
f 3484/3488/419 3481/3485/417 3482/3486/417
f 3486/3490/420 3483/3487/419 3484/3488/419
f 3488/3492/421 3485/3489/422 3486/3490/420
f 3490/3494/423 3487/3491/421 3488/3492/421
f 3492/3496/424 3489/3493/423 3490/3494/423
f 3494/3498/425 3491/3495/426 3492/3496/424
f 3496/3500/427 3493/3497/425 3494/3498/425
f 3498/3502/428 3495/3499/427 3496/3500/427
f 3500/3504/429 3497/3501/428 3498/3502/428
f 3502/3506/430 3499/3503/429 3500/3504/429
f 3504/3508/431 3501/3505/432 3502/3506/430
f 3506/3510/433 3503/3507/434 3504/3508/431
f 3508/3512/435 3505/3509/433 3506/3510/433
f 3510/3514/436 3507/3511/435 3508/3512/435
f 3512/3516/437 3509/3513/438 3510/3514/436
f 3514/3518/439 3511/3515/437 3512/3516/437
f 3516/3520/440 3513/3517/439 3514/3518/439
f 3518/3522/441 3515/3519/440 3516/3520/440
f 3520/3524/442 3517/3521/441 3518/3522/441
f 3522/3526/443 3519/3523/442 3520/3524/442
f 3524/3528/444 3521/3525/443 3522/3526/443
f 3526/3530/445 3523/3527/446 3524/3528/444
f 3528/3532/447 3525/3529/448 3526/3530/445
f 3530/3534/449 3527/3531/447 3528/3532/447
f 3532/3536/450 3529/3533/449 3530/3534/449
f 3534/3538/451 3531/3535/452 3532/3536/450
f 3536/3540/453 3533/3537/451 3534/3538/451
f 3538/3542/454 3535/3539/453 3536/3540/453
f 3540/3544/455 3537/3541/454 3538/3542/454
f 3542/3546/456 3539/3543/455 3540/3544/455
f 3544/3548/457 3541/3545/456 3542/3546/456
f 3546/3550/458 3543/3547/457 3544/3548/457
f 3548/3552/459 3545/3549/458 3546/3550/458
f 3550/3554/460 3547/3551/459 3548/3552/459
f 3552/3556/461 3549/3553/460 3550/3554/460
f 3554/3558/462 3551/3555/461 3552/3556/461
f 3556/3560/463 3553/3557/462 3554/3558/462
f 3558/3562/464 3555/3559/463 3556/3560/463
f 3560/3564/465 3557/3561/464 3558/3562/464
f 3562/3566/466 3559/3563/465 3560/3564/465
f 3564/3568/467 3561/3565/466 3562/3566/466
f 3566/3570/468 3563/3567/467 3564/3568/467
f 3568/3572/469 3565/3569/468 3566/3570/468
f 3570/3574/470 3567/3571/469 3568/3572/469
f 3572/3576/471 3569/3573/470 3570/3574/470
f 3574/3578/472 3571/3575/471 3572/3576/471
f 3576/3580/473 3573/3577/472 3574/3578/472
f 3578/3582/474 3575/3579/473 3576/3580/473
f 3580/3584/475 3577/3581/474 3578/3582/474
f 3582/3586/476 3579/3583/475 3580/3584/475
f 3584/3588/477 3581/3585/476 3582/3586/476
f 3586/3590/478 3583/3587/477 3584/3588/477
f 3588/3592/479 3585/3589/478 3586/3590/478
f 3590/3594/480 3587/3591/479 3588/3592/479
f 3592/3596/481 3589/3593/480 3590/3594/480
f 3594/3598/482 3591/3595/483 3592/3596/481
f 3596/3600/484 3593/3597/482 3594/3598/482
f 3598/3602/485 3595/3599/484 3596/3600/484
f 3600/3604/486 3597/3601/485 3598/3602/485
f 3602/3606/487 3599/3603/486 3600/3604/486
f 3604/3608/488 3601/3605/487 3602/3606/487
f 3606/3610/489 3603/3607/488 3604/3608/488
f 3608/3612/490 3605/3609/489 3606/3610/489
f 3610/3614/491 3607/3611/490 3608/3612/490
f 3612/3616/492 3609/3613/491 3610/3614/491
f 3614/3618/493 3611/3615/492 3612/3616/492
f 3616/3620/494 3613/3617/493 3614/3618/493
f 3618/3622/495 3615/3619/494 3616/3620/494
f 3620/3624/496 3617/3621/495 3618/3622/495
f 3622/3626/497 3619/3623/498 3620/3624/496
f 3624/3628/499 3621/3625/497 3622/3626/497
f 3626/3630/500 3623/3627/499 3624/3628/499
f 3628/3632/501 3625/3629/500 3626/3630/500
f 3630/3634/502 3627/3631/501 3628/3632/501
f 3632/3636/503 3629/3633/502 3630/3634/502
f 3634/3638/504 3631/3635/503 3632/3636/503
f 3636/3640/505 3633/3637/504 3634/3638/504
f 3638/3642/506 3635/3639/505 3636/3640/505
f 3640/3644/507 3637/3641/506 3638/3642/506
f 3642/3646/508 3639/3643/507 3640/3644/507
f 3644/3648/509 3641/3645/508 3642/3646/508
f 3646/3650/510 3643/3647/509 3644/3648/509
f 3648/3652/511 3645/3649/510 3646/3650/510
f 3650/3654/512 3647/3651/511 3648/3652/511
f 3652/3656/513 3649/3653/512 3650/3654/512
f 3654/3658/514 3651/3655/513 3652/3656/513
f 3656/3660/515 3653/3657/514 3654/3658/514
f 3658/3662/516 3655/3659/515 3656/3660/515
f 3660/3664/517 3657/3661/516 3658/3662/516
f 3662/3666/518 3659/3663/517 3660/3664/517
f 3664/3668/519 3661/3665/520 3662/3666/518
f 3666/3670/521 3663/3667/519 3664/3668/519
f 3668/3672/522 3665/3669/521 3666/3670/521
f 3670/3674/523 3667/3671/522 3668/3672/522
f 3672/3676/524 3669/3673/523 3670/3674/523
f 3674/3678/525 3671/3675/524 3672/3676/524
f 3676/3680/526 3673/3677/525 3674/3678/525
f 3678/3682/527 3675/3679/526 3676/3680/526
f 3680/3684/143 3677/3681/527 3678/3682/527
f 3682/3686/528 3679/3683/143 3680/3684/143
f 3684/3688/529 3681/3685/528 3682/3686/528
f 3686/3690/530 3683/3687/529 3684/3688/529
f 3688/3692/531 3685/3689/532 3686/3690/530
f 3690/3694/533 3687/3691/531 3688/3692/531
f 3692/3696/534 3689/3693/533 3690/3694/533
f 3694/3698/535 3691/3695/536 3692/3696/534
f 3696/3700/537 3693/3697/535 3694/3698/535
f 3698/3702/538 3695/3699/537 3696/3700/537
f 3700/3704/539 3697/3701/538 3698/3702/538
f 3702/3706/540 3699/3703/539 3700/3704/539
f 3704/3708/541 3701/3705/540 3702/3706/540
f 3706/3710/542 3703/3707/541 3704/3708/541
f 3708/3712/543 3705/3709/542 3706/3710/542
f 3710/3714/544 3707/3711/545 3708/3712/543
f 3712/3716/546 3709/3713/544 3710/3714/544
f 3714/3718/547 3711/3715/546 3712/3716/546
f 3716/3720/548 3713/3717/547 3714/3718/547
f 3718/3722/549 3715/3719/548 3716/3720/548
f 3720/3724/550 3717/3721/549 3718/3722/549
f 3722/3726/551 3719/3723/550 3720/3724/550
f 3724/3728/552 3721/3725/553 3722/3726/551
f 3726/3730/554 3723/3727/555 3724/3728/552
f 3728/3732/556 3725/3729/554 3726/3730/554
f 3730/3734/557 3727/3731/556 3728/3732/556
f 3732/3736/558 3729/3733/557 3730/3734/557
f 3734/3738/559 3731/3735/560 3732/3736/558
f 3736/3740/561 3733/3737/559 3734/3738/559
f 3738/3742/562 3735/3739/561 3736/3740/561
f 3740/3744/563 3737/3741/562 3738/3742/562
f 3742/3746/564 3739/3743/565 3740/3744/563
f 3744/3748/566 3741/3745/564 3742/3746/564
f 3746/3750/567 3743/3747/566 3744/3748/566
f 3748/3752/568 3745/3749/567 3746/3750/567
f 3750/3754/569 3747/3751/568 3748/3752/568
f 3752/3756/570 3749/3753/569 3750/3754/569
f 3754/3758/571 3751/3755/570 3752/3756/570
f 3756/3760/572 3753/3757/573 3754/3758/571
f 3758/3762/574 3755/3759/572 3756/3760/572
f 3760/3764/575 3757/3761/576 3758/3762/574
f 3762/3766/577 3759/3763/578 3760/3764/575
f 3764/3768/579 3761/3765/577 3762/3766/577
f 3766/3770/580 3763/3767/579 3764/3768/579
f 3768/3772/581 3765/3769/580 3766/3770/580
f 3770/3774/582 3767/3771/581 3768/3772/581
f 3772/3776/583 3769/3773/582 3770/3774/582
f 3774/3778/584 3771/3775/583 3772/3776/583
f 3776/3780/585 3773/3777/586 3774/3778/584
f 3778/3782/587 3775/3779/585 3776/3780/585
f 3780/3784/588 3777/3781/587 3778/3782/587
f 3782/3786/589 3779/3783/588 3780/3784/588
f 3784/3788/590 3781/3785/589 3782/3786/589
f 3786/3790/591 3783/3787/590 3784/3788/590
f 3788/3792/592 3785/3789/591 3786/3790/591
f 3790/3794/593 3787/3791/592 3788/3792/592
f 3792/3796/594 3789/3793/593 3790/3794/593
f 3794/3798/595 3791/3795/596 3792/3796/594
f 3796/3800/597 3793/3797/598 3794/3798/595
f 3798/3802/599 3795/3799/597 3796/3800/597
f 3800/3804/600 3797/3801/599 3798/3802/599
f 3802/3806/601 3799/3803/600 3800/3804/600
f 3804/3808/602 3801/3805/601 3802/3806/601
f 3806/3810/603 3803/3807/604 3804/3808/602
f 3808/3812/605 3805/3809/603 3806/3810/603
f 3810/3814/606 3807/3811/605 3808/3812/605
f 3812/3816/607 3809/3813/606 3810/3814/606
f 3814/3818/608 3811/3815/607 3812/3816/607
f 3816/3820/609 3813/3817/610 3814/3818/608
f 3818/3822/611 3815/3819/609 3816/3820/609
f 3820/3824/612 3817/3821/611 3818/3822/611
f 3822/3826/613 3819/3823/614 3820/3824/612
f 3824/3828/615 3821/3825/613 3822/3826/613
f 3826/3830/616 3823/3827/615 3824/3828/615
f 3828/3832/617 3825/3829/616 3826/3830/616
f 3830/3834/618 3827/3831/617 3828/3832/617
f 3832/3836/619 3829/3833/618 3830/3834/618
f 3834/3838/620 3831/3835/619 3832/3836/619
f 3836/3840/621 3833/3837/620 3834/3838/620
f 3838/3842/622 3835/3839/621 3836/3840/621
f 3840/3844/623 3837/3841/622 3838/3842/622
f 3842/3846/624 3839/3843/623 3840/3844/623
f 3844/3848/625 3841/3845/624 3842/3846/624
f 3846/3850/626 3843/3847/625 3844/3848/625
f 3848/3852/627 3845/3849/626 3846/3850/626
f 3850/3854/628 3847/3851/627 3848/3852/627
f 3852/3856/629 3849/3853/628 3850/3854/628
f 3854/3858/630 3851/3855/629 3852/3856/629
f 3856/3860/631 3853/3857/630 3854/3858/630
f 3858/3862/632 3855/3859/631 3856/3860/631
f 3860/3864/633 3857/3861/634 3858/3862/632
f 3862/3866/635 3859/3863/633 3860/3864/633
f 3864/3868/636 3861/3865/635 3862/3866/635
f 3866/3870/637 3863/3867/636 3864/3868/636
f 3868/3872/638 3865/3869/637 3866/3870/637
f 3870/3874/639 3867/3871/638 3868/3872/638
f 3872/3876/640 3869/3873/639 3870/3874/639
f 3874/3878/641 3871/3875/640 3872/3876/640
f 3876/3880/642 3873/3877/641 3874/3878/641
f 3878/3882/643 3875/3879/642 3876/3880/642
f 3880/3884/644 3877/3881/643 3878/3882/643
f 3882/3886/645 3879/3883/644 3880/3884/644
f 3884/3888/646 3881/3885/645 3882/3886/645
f 3886/3890/647 3883/3887/646 3884/3888/646
f 3888/3892/648 3885/3889/647 3886/3890/647
f 3890/3894/649 3887/3891/648 3888/3892/648
f 3892/3896/650 3889/3893/649 3890/3894/649
f 3894/3898/651 3891/3895/650 3892/3896/650
f 3896/3900/652 3893/3897/651 3894/3898/651
f 3898/3902/653 3895/3899/652 3896/3900/652
f 3900/3904/654 3897/3901/653 3898/3902/653
f 3902/3906/655 3899/3903/654 3900/3904/654
f 3904/3908/656 3901/3905/655 3902/3906/655
f 3906/3910/657 3903/3907/656 3904/3908/656
f 3908/3912/658 3905/3909/657 3906/3910/657
f 3910/3914/659 3907/3911/658 3908/3912/658
f 3912/3916/660 3909/3913/659 3910/3914/659
f 3914/3918/661 3911/3915/660 3912/3916/660
f 3916/3920/662 3913/3917/661 3914/3918/661
f 3918/3922/663 3915/3919/662 3916/3920/662
f 3920/3924/664 3917/3921/663 3918/3922/663
f 3922/3926/665 3919/3923/664 3920/3924/664
f 3924/3928/666 3921/3925/665 3922/3926/665
f 3926/3930/667 3923/3927/666 3924/3928/666
f 3014/3018/170 3925/3929/667 3926/3930/667
f 3930/3936/668 3927/3931/669 3928/3933/669
f 3932/3938/670 3929/3935/668 3930/3936/668
f 3934/3940/671 3931/3937/670 3932/3938/670
f 3936/3942/672 3933/3939/671 3934/3940/671
f 3938/3944/673 3935/3941/672 3936/3942/672
f 3940/3946/674 3937/3943/673 3938/3944/673
f 3942/3948/675 3939/3945/674 3940/3946/674
f 3944/3950/676 3941/3947/675 3942/3948/675
f 3946/3952/677 3943/3949/676 3944/3950/676
f 3948/3954/678 3945/3951/677 3946/3952/677
f 3950/3956/679 3947/3953/678 3948/3954/678
f 3952/3958/680 3949/3955/679 3950/3956/679
f 3954/3960/681 3951/3957/680 3952/3958/680
f 3956/3962/682 3953/3959/681 3954/3960/681
f 3958/3964/683 3955/3961/682 3956/3962/682
f 3960/3966/684 3957/3963/683 3958/3964/683
f 3962/3968/685 3959/3965/684 3960/3966/684
f 3964/3970/686 3961/3967/685 3962/3968/685
f 3966/3972/687 3963/3969/686 3964/3970/686
f 3968/3974/688 3965/3971/687 3966/3972/687
f 3970/3976/689 3967/3973/688 3968/3974/688
f 3972/3978/690 3969/3975/689 3970/3976/689
f 3974/3980/691 3971/3977/690 3972/3978/690
f 3976/3982/692 3973/3979/691 3974/3980/691
f 3978/3984/693 3975/3981/694 3976/3982/692
f 3980/3986/695 3977/3983/696 3978/3984/693
f 3982/3988/697 3979/3985/695 3980/3986/695
f 3984/3990/698 3981/3987/697 3982/3988/697
f 3986/3992/699 3983/3989/698 3984/3990/698
f 3988/3994/700 3985/3991/699 3986/3992/699
f 3990/3996/701 3987/3993/700 3988/3994/700
f 3992/3998/702 3989/3995/701 3990/3996/701
f 3994/4000/703 3991/3997/702 3992/3998/702
f 3996/4002/704 3993/3999/703 3994/4000/703
f 3998/4004/705 3995/4001/704 3996/4002/704
f 4000/4006/706 3997/4003/705 3998/4004/705
f 4002/4008/707 3999/4005/706 4000/4006/706
f 4004/4010/708 4001/4007/707 4002/4008/707
f 4006/4012/709 4003/4009/708 4004/4010/708
f 4008/4014/710 4005/4011/709 4006/4012/709
f 4010/4016/711 4007/4013/710 4008/4014/710
f 4012/4018/712 4009/4015/711 4010/4016/711
f 4014/4020/713 4011/4017/712 4012/4018/712
f 4016/4022/714 4013/4019/713 4014/4020/713
f 4018/4024/715 4015/4021/714 4016/4022/714
f 4020/4026/716 4017/4023/715 4018/4024/715
f 4022/4028/717 4019/4025/716 4020/4026/716
f 4024/4030/718 4021/4027/717 4022/4028/717
f 4026/4032/719 4023/4029/718 4024/4030/718
f 4028/4034/720 4025/4031/719 4026/4032/719
f 4030/4036/721 4027/4033/720 4028/4034/720
f 4032/4038/722 4029/4035/721 4030/4036/721
f 4034/4040/723 4031/4037/722 4032/4038/722
f 4036/4042/724 4033/4039/723 4034/4040/723
f 4038/4044/725 4035/4041/724 4036/4042/724
f 4040/4046/726 4037/4043/725 4038/4044/725
f 4042/4048/727 4039/4045/726 4040/4046/726
f 4044/4050/728 4041/4047/727 4042/4048/727
f 4046/4052/729 4043/4049/728 4044/4050/728
f 4048/4054/730 4045/4051/729 4046/4052/729
f 4050/4056/731 4047/4053/730 4048/4054/730
f 4052/4058/732 4049/4055/731 4050/4056/731
f 4054/4060/733 4051/4057/732 4052/4058/732
f 4056/4062/734 4053/4059/733 4054/4060/733
f 4058/4064/735 4055/4061/736 4056/4062/734
f 4060/4066/737 4057/4063/735 4058/4064/735
f 4062/4068/738 4059/4065/737 4060/4066/737
f 4064/4070/739 4061/4067/738 4062/4068/738
f 4066/4072/740 4063/4069/739 4064/4070/739
f 4068/4074/741 4065/4071/740 4066/4072/740
f 4070/4076/742 4067/4073/741 4068/4074/741
f 4072/4078/743 4069/4075/742 4070/4076/742
f 4074/4080/744 4071/4077/743 4072/4078/743
f 4076/4082/745 4073/4079/746 4074/4080/744
f 4078/4084/747 4075/4081/745 4076/4082/745
f 4080/4086/748 4077/4083/747 4078/4084/747
f 4082/4088/749 4079/4085/748 4080/4086/748
f 4084/4090/750 4081/4087/749 4082/4088/749
f 4086/4092/751 4083/4089/750 4084/4090/750
f 4088/4094/752 4085/4091/751 4086/4092/751
f 4090/4096/753 4087/4093/752 4088/4094/752
f 4092/4098/754 4089/4095/753 4090/4096/753
f 4094/4100/755 4091/4097/754 4092/4098/754
f 4096/4102/756 4093/4099/755 4094/4100/755
f 4098/4104/757 4095/4101/756 4096/4102/756
f 4100/4106/758 4097/4103/757 4098/4104/757
f 4102/4108/759 4099/4105/758 4100/4106/758
f 4104/4110/760 4101/4107/759 4102/4108/759
f 4106/4112/761 4103/4109/760 4104/4110/760
f 4108/4114/762 4105/4111/761 4106/4112/761
f 4110/4116/763 4107/4113/764 4108/4114/762
f 4112/4118/765 4109/4115/763 4110/4116/763
f 4114/4120/766 4111/4117/765 4112/4118/765
f 4116/4122/767 4113/4119/766 4114/4120/766
f 4118/4124/768 4115/4121/767 4116/4122/767
f 4120/4126/769 4117/4123/770 4118/4124/768
f 4122/4128/771 4119/4125/769 4120/4126/769
f 4124/4130/772 4121/4127/771 4122/4128/771
f 4126/4132/773 4123/4129/772 4124/4130/772
f 4128/4134/774 4125/4131/773 4126/4132/773
f 4130/4136/775 4127/4133/774 4128/4134/774
f 4132/4138/776 4129/4135/777 4130/4136/775
f 4134/4140/778 4131/4137/776 4132/4138/776
f 4136/4142/779 4133/4139/778 4134/4140/778
f 4138/4144/780 4135/4141/779 4136/4142/779
f 4140/4146/781 4137/4143/780 4138/4144/780
f 4142/4148/782 4139/4145/781 4140/4146/781
f 4144/4150/783 4141/4147/782 4142/4148/782
f 4146/4152/784 4143/4149/783 4144/4150/783
f 4148/4154/785 4145/4151/784 4146/4152/784
f 4150/4156/786 4147/4153/785 4148/4154/785
f 4152/4158/787 4149/4155/786 4150/4156/786
f 4154/4160/788 4151/4157/787 4152/4158/787
f 4156/4162/789 4153/4159/788 4154/4160/788
f 4158/4164/790 4155/4161/789 4156/4162/789
f 4160/4166/791 4157/4163/792 4158/4164/790
f 4162/4168/793 4159/4165/794 4160/4166/791
f 4164/4170/795 4161/4167/796 4162/4168/793
f 4166/4172/797 4163/4169/795 4164/4170/795
f 4168/4174/798 4165/4171/799 4166/4172/797
f 4170/4176/800 4167/4173/801 4168/4174/798
f 4172/4178/802 4169/4175/800 4170/4176/800
f 4174/4180/803 4171/4177/802 4172/4178/802
f 4176/4182/804 4173/4179/803 4174/4180/803
f 4178/4184/805 4175/4181/806 4176/4182/804
f 4180/4186/807 4177/4183/808 4178/4184/805
f 4182/4188/809 4179/4185/807 4180/4186/807
f 4184/4190/810 4181/4187/809 4182/4188/809
f 4186/4192/811 4183/4189/810 4184/4190/810
f 4188/4194/812 4185/4191/811 4186/4192/811
f 4190/4196/813 4187/4193/814 4188/4194/812
f 4192/4198/815 4189/4195/816 4190/4196/813
f 4194/4200/817 4191/4197/818 4192/4198/815
f 4196/4202/819 4193/4199/817 4194/4200/817
f 4198/4204/820 4195/4201/819 4196/4202/819
f 4200/4206/821 4197/4203/820 4198/4204/820
f 4202/4208/822 4199/4205/821 4200/4206/821
f 4204/4210/823 4201/4207/822 4202/4208/822
f 4206/4212/824 4203/4209/823 4204/4210/823
f 4208/4214/825 4205/4211/824 4206/4212/824
f 4210/4216/826 4207/4213/825 4208/4214/825
f 4212/4218/827 4209/4215/826 4210/4216/826
f 4214/4220/828 4211/4217/827 4212/4218/827
f 4216/4222/829 4213/4219/828 4214/4220/828
f 4218/4224/830 4215/4221/829 4216/4222/829
f 4220/4226/831 4217/4223/830 4218/4224/830
f 4222/4228/832 4219/4225/831 4220/4226/831
f 4224/4230/833 4221/4227/832 4222/4228/832
f 4226/4232/834 4223/4229/833 4224/4230/833
f 4228/4234/835 4225/4231/834 4226/4232/834
f 4230/4236/836 4227/4233/835 4228/4234/835
f 4232/4238/837 4229/4235/836 4230/4236/836
f 4234/4240/838 4231/4237/837 4232/4238/837
f 4236/4242/839 4233/4239/838 4234/4240/838
f 4238/4244/840 4235/4241/839 4236/4242/839
f 4240/4246/841 4237/4243/840 4238/4244/840
f 4242/4248/842 4239/4245/841 4240/4246/841
f 4244/4250/843 4241/4247/842 4242/4248/842
f 4246/4252/844 4243/4249/843 4244/4250/843
f 4248/4254/845 4245/4251/844 4246/4252/844
f 4250/4256/846 4247/4253/845 4248/4254/845
f 4252/4258/847 4249/4255/846 4250/4256/846
f 4254/4260/848 4251/4257/847 4252/4258/847
f 4256/4262/849 4253/4259/848 4254/4260/848
f 4258/4264/850 4255/4261/849 4256/4262/849
f 4260/4266/851 4257/4263/850 4258/4264/850
f 4262/4268/391 4259/4265/851 4260/4266/851
f 4264/4270/852 4261/4267/391 4262/4268/391
f 4266/4272/853 4263/4269/852 4264/4270/852
f 4268/4274/854 4265/4271/853 4266/4272/853
f 4270/4276/855 4267/4273/854 4268/4274/854
f 3928/3934/669 4269/4275/855 4270/4276/855
f 4274/4282/9 4271/4277/856 4272/4279/856
f 4276/4284/857 4273/4281/9 4274/4282/9
f 4278/4286/858 4275/4283/857 4276/4284/857
f 4280/4288/859 4277/4285/858 4278/4286/858
f 4282/4290/860 4279/4287/859 4280/4288/859
f 4284/4292/861 4281/4289/860 4282/4290/860
f 4286/4294/862 4283/4291/861 4284/4292/861
f 4288/4296/863 4285/4293/862 4286/4294/862
f 4290/4298/864 4287/4295/863 4288/4296/863
f 4292/4300/865 4289/4297/864 4290/4298/864
f 4294/4302/866 4291/4299/865 4292/4300/865
f 4296/4304/867 4293/4301/866 4294/4302/866
f 4298/4306/868 4295/4303/867 4296/4304/867
f 4300/4308/869 4297/4305/868 4298/4306/868
f 4302/4310/870 4299/4307/869 4300/4308/869
f 4304/4312/871 4301/4309/870 4302/4310/870
f 4306/4314/872 4303/4311/871 4304/4312/871
f 4308/4316/873 4305/4313/872 4306/4314/872
f 4310/4318/874 4307/4315/873 4308/4316/873
f 4312/4320/875 4309/4317/874 4310/4318/874
f 4314/4322/876 4311/4319/875 4312/4320/875
f 4316/4324/877 4313/4321/876 4314/4322/876
f 4318/4326/878 4315/4323/877 4316/4324/877
f 4320/4328/879 4317/4325/878 4318/4326/878
f 4322/4330/880 4319/4327/879 4320/4328/879
f 4324/4332/881 4321/4329/880 4322/4330/880
f 4326/4334/882 4323/4331/881 4324/4332/881
f 4328/4336/883 4325/4333/882 4326/4334/882
f 4330/4338/884 4327/4335/883 4328/4336/883
f 4332/4340/885 4329/4337/884 4330/4338/884
f 4334/4342/886 4331/4339/885 4332/4340/885
f 4336/4344/887 4333/4341/886 4334/4342/886
f 4338/4346/888 4335/4343/887 4336/4344/887
f 4340/4348/889 4337/4345/888 4338/4346/888
f 4342/4350/890 4339/4347/889 4340/4348/889
f 4344/4352/891 4341/4349/890 4342/4350/890
f 4346/4354/892 4343/4351/891 4344/4352/891
f 4348/4356/893 4345/4353/892 4346/4354/892
f 4350/4358/894 4347/4355/893 4348/4356/893
f 4352/4360/895 4349/4357/894 4350/4358/894
f 4354/4362/78 4351/4359/895 4352/4360/895
f 4356/4364/896 4353/4361/78 4354/4362/78
f 4358/4366/897 4355/4363/896 4356/4364/896
f 4360/4368/898 4357/4365/897 4358/4366/897
f 4362/4370/899 4359/4367/898 4360/4368/898
f 4364/4372/900 4361/4369/899 4362/4370/899
f 4366/4374/901 4363/4371/900 4364/4372/900
f 4368/4376/902 4365/4373/901 4366/4374/901
f 4370/4378/903 4367/4375/902 4368/4376/902
f 4372/4380/904 4369/4377/903 4370/4378/903
f 4374/4382/905 4371/4379/904 4372/4380/904
f 4376/4384/906 4373/4381/905 4374/4382/905
f 4378/4386/907 4375/4383/906 4376/4384/906
f 4380/4388/908 4377/4385/907 4378/4386/907
f 4382/4390/909 4379/4387/908 4380/4388/908
f 4384/4392/910 4381/4389/909 4382/4390/909
f 4386/4394/53 4383/4391/910 4384/4392/910
f 4388/4396/911 4385/4393/53 4386/4394/53
f 4390/4398/912 4387/4395/911 4388/4396/911
f 4392/4400/913 4389/4397/912 4390/4398/912
f 4394/4402/914 4391/4399/913 4392/4400/913
f 4396/4404/915 4393/4401/914 4394/4402/914
f 4398/4406/916 4395/4403/915 4396/4404/915
f 4400/4408/917 4397/4405/916 4398/4406/916
f 4402/4410/918 4399/4407/917 4400/4408/917
f 4404/4412/919 4401/4409/918 4402/4410/918
f 4406/4414/920 4403/4411/919 4404/4412/919
f 4408/4416/921 4405/4413/920 4406/4414/920
f 4410/4418/922 4407/4415/921 4408/4416/921
f 4412/4420/923 4409/4417/922 4410/4418/922
f 4414/4422/924 4411/4419/925 4412/4420/923
f 4416/4424/926 4413/4421/924 4414/4422/924
f 4418/4426/927 4415/4423/926 4416/4424/926
f 4420/4428/928 4417/4425/927 4418/4426/927
f 4422/4430/929 4419/4427/928 4420/4428/928
f 4424/4432/930 4421/4429/929 4422/4430/929
f 4426/4434/931 4423/4431/930 4424/4432/930
f 4428/4436/932 4425/4433/931 4426/4434/931
f 4430/4438/933 4427/4435/932 4428/4436/932
f 4432/4440/934 4429/4437/933 4430/4438/933
f 4434/4442/935 4431/4439/934 4432/4440/934
f 4436/4444/936 4433/4441/935 4434/4442/935
f 4438/4446/937 4435/4443/936 4436/4444/936
f 4440/4448/938 4437/4445/937 4438/4446/937
f 4442/4450/939 4439/4447/938 4440/4448/938
f 4444/4452/940 4441/4449/941 4442/4450/939
f 4446/4454/942 4443/4451/943 4444/4452/940
f 4448/4456/944 4445/4453/942 4446/4454/942
f 4450/4458/945 4447/4455/944 4448/4456/944
f 4452/4460/946 4449/4457/945 4450/4458/945
f 4454/4462/947 4451/4459/946 4452/4460/946
f 4456/4464/948 4453/4461/947 4454/4462/947
f 4458/4466/949 4455/4463/948 4456/4464/948
f 4460/4468/950 4457/4465/949 4458/4466/949
f 4462/4470/951 4459/4467/950 4460/4468/950
f 4464/4472/952 4461/4469/951 4462/4470/951
f 4466/4474/953 4463/4471/952 4464/4472/952
f 4468/4476/954 4465/4473/953 4466/4474/953
f 4470/4478/955 4467/4475/954 4468/4476/954
f 4472/4480/956 4469/4477/955 4470/4478/955
f 4474/4482/957 4471/4479/956 4472/4480/956
f 4476/4484/958 4473/4481/957 4474/4482/957
f 4478/4486/959 4475/4483/958 4476/4484/958
f 4480/4488/960 4477/4485/959 4478/4486/959
f 4482/4490/961 4479/4487/960 4480/4488/960
f 4484/4492/962 4481/4489/961 4482/4490/961
f 4486/4494/963 4483/4491/962 4484/4492/962
f 4488/4496/964 4485/4493/963 4486/4494/963
f 4490/4498/965 4487/4495/964 4488/4496/964
f 4492/4500/966 4489/4497/965 4490/4498/965
f 4494/4502/967 4491/4499/966 4492/4500/966
f 4496/4504/968 4493/4501/967 4494/4502/967
f 4498/4506/737 4495/4503/968 4496/4504/968
f 4500/4508/969 4497/4505/737 4498/4506/737
f 4502/4510/970 4499/4507/969 4500/4508/969
f 4504/4512/971 4501/4509/970 4502/4510/970
f 4506/4514/972 4503/4511/971 4504/4512/971
f 4508/4516/973 4505/4513/972 4506/4514/972
f 4510/4518/53 4507/4515/973 4508/4516/973
f 4512/4520/35 4509/4517/53 4510/4518/53
f 4514/4522/974 4511/4519/35 4512/4520/35
f 4516/4524/975 4513/4521/974 4514/4522/974
f 4518/4526/976 4515/4523/975 4516/4524/975
f 4520/4528/977 4517/4525/976 4518/4526/976
f 4522/4530/978 4519/4527/977 4520/4528/977
f 4524/4532/979 4521/4529/978 4522/4530/978
f 4526/4534/980 4523/4531/979 4524/4532/979
f 4528/4536/981 4525/4533/980 4526/4534/980
f 4530/4538/982 4527/4535/981 4528/4536/981
f 4532/4540/983 4529/4537/982 4530/4538/982
f 4534/4542/984 4531/4539/983 4532/4540/983
f 4536/4544/985 4533/4541/984 4534/4542/984
f 4538/4546/986 4535/4543/985 4536/4544/985
f 4272/4280/856 4537/4545/986 4538/4546/986
f 4542/4552/987 4539/4547/988 4540/4549/988
f 4544/4554/989 4541/4551/987 4542/4552/987
f 4546/4556/990 4543/4553/989 4544/4554/989
f 4548/4558/991 4545/4555/992 4546/4556/990
f 4550/4560/993 4547/4557/991 4548/4558/991
f 4552/4562/994 4549/4559/993 4550/4560/993
f 4554/4564/995 4551/4561/994 4552/4562/994
f 4556/4566/996 4553/4563/995 4554/4564/995
f 4558/4568/997 4555/4565/996 4556/4566/996
f 4560/4570/998 4557/4567/997 4558/4568/997
f 4562/4572/999 4559/4569/998 4560/4570/998
f 4564/4574/1000 4561/4571/999 4562/4572/999
f 4566/4576/678 4563/4573/1000 4564/4574/1000
f 4568/4578/1001 4565/4575/678 4566/4576/678
f 4570/4580/1002 4567/4577/1001 4568/4578/1001
f 4572/4582/1003 4569/4579/1002 4570/4580/1002
f 4574/4584/1004 4571/4581/1003 4572/4582/1003
f 4576/4586/1005 4573/4583/1004 4574/4584/1004
f 4578/4588/1006 4575/4585/1005 4576/4586/1005
f 4580/4590/1007 4577/4587/1006 4578/4588/1006
f 4582/4592/1008 4579/4589/1007 4580/4590/1007
f 4584/4594/1009 4581/4591/1008 4582/4592/1008
f 4586/4596/1010 4583/4593/1009 4584/4594/1009
f 4588/4598/1011 4585/4595/1010 4586/4596/1010
f 4590/4600/1012 4587/4597/1011 4588/4598/1011
f 4592/4602/1013 4589/4599/1012 4590/4600/1012
f 4594/4604/1014 4591/4601/1013 4592/4602/1013
f 4596/4606/1015 4593/4603/1014 4594/4604/1014
f 4598/4608/1016 4595/4605/1015 4596/4606/1015
f 4600/4610/1017 4597/4607/1016 4598/4608/1016
f 4602/4612/1018 4599/4609/1017 4600/4610/1017
f 4604/4614/1019 4601/4611/1018 4602/4612/1018
f 4606/4616/1020 4603/4613/1019 4604/4614/1019
f 4608/4618/1021 4605/4615/1020 4606/4616/1020
f 4610/4620/1022 4607/4617/1021 4608/4618/1021
f 4612/4622/1023 4609/4619/1022 4610/4620/1022
f 4614/4624/1024 4611/4621/1025 4612/4622/1023
f 4616/4626/290 4613/4623/1024 4614/4624/1024
f 4618/4628/1026 4615/4625/290 4616/4626/290
f 4620/4630/1027 4617/4627/1026 4618/4628/1026
f 4622/4632/1028 4619/4629/1027 4620/4630/1027
f 4624/4634/1029 4621/4631/1028 4622/4632/1028
f 4626/4636/1030 4623/4633/1029 4624/4634/1029
f 4628/4638/1031 4625/4635/1030 4626/4636/1030
f 4630/4640/1032 4627/4637/1031 4628/4638/1031
f 4632/4642/1033 4629/4639/1032 4630/4640/1032
f 4634/4644/1034 4631/4641/1033 4632/4642/1033
f 4636/4646/1035 4633/4643/1034 4634/4644/1034
f 4638/4648/1036 4635/4645/1035 4636/4646/1035
f 4640/4650/507 4637/4647/1036 4638/4648/1036
f 4642/4652/1037 4639/4649/507 4640/4650/507
f 4644/4654/1038 4641/4651/1037 4642/4652/1037
f 4646/4656/1039 4643/4653/1038 4644/4654/1038
f 4648/4658/1040 4645/4655/1041 4646/4656/1039
f 4650/4660/1042 4647/4657/1040 4648/4658/1040
f 4652/4662/1043 4649/4659/1042 4650/4660/1042
f 4654/4664/1044 4651/4661/1043 4652/4662/1043
f 4656/4666/1045 4653/4663/1044 4654/4664/1044
f 4658/4668/1046 4655/4665/1045 4656/4666/1045
f 4660/4670/1047 4657/4667/1046 4658/4668/1046
f 4662/4672/1048 4659/4669/1047 4660/4670/1047
f 4664/4674/1049 4661/4671/1048 4662/4672/1048
f 4666/4676/1050 4663/4673/1049 4664/4674/1049
f 4668/4678/1051 4665/4675/1052 4666/4676/1050
f 4670/4680/1053 4667/4677/1051 4668/4678/1051
f 4672/4682/1054 4669/4679/1053 4670/4680/1053
f 4674/4684/1055 4671/4681/1056 4672/4682/1054
f 4676/4686/1057 4673/4683/1055 4674/4684/1055
f 4678/4688/1058 4675/4685/1057 4676/4686/1057
f 4680/4690/1059 4677/4687/1058 4678/4688/1058
f 4682/4692/1060 4679/4689/1059 4680/4690/1059
f 4684/4694/603 4681/4691/1060 4682/4692/1060
f 4686/4696/1061 4683/4693/603 4684/4694/603
f 4688/4698/1062 4685/4695/1061 4686/4696/1061
f 4690/4700/1063 4687/4697/1062 4688/4698/1062
f 4692/4702/1064 4689/4699/1065 4690/4700/1063
f 4694/4704/1066 4691/4701/1064 4692/4702/1064
f 4696/4706/1067 4693/4703/1068 4694/4704/1066
f 4698/4708/1069 4695/4705/1067 4696/4706/1067
f 4700/4710/1070 4697/4707/1069 4698/4708/1069
f 4702/4712/1071 4699/4709/1072 4700/4710/1070
f 4704/4714/1073 4701/4711/1071 4702/4712/1071
f 4706/4716/1074 4703/4713/1073 4704/4714/1073
f 4708/4718/1075 4705/4715/1076 4706/4716/1074
f 4710/4720/1077 4707/4717/1075 4708/4718/1075
f 4712/4722/1078 4709/4719/1079 4710/4720/1077
f 4714/4724/1080 4711/4721/1078 4712/4722/1078
f 4716/4726/1081 4713/4723/1080 4714/4724/1080
f 4718/4728/1082 4715/4725/1081 4716/4726/1081
f 4720/4730/1083 4717/4727/1084 4718/4728/1082
f 4722/4732/1085 4719/4729/1083 4720/4730/1083
f 4724/4734/1086 4721/4731/1085 4722/4732/1085
f 4726/4736/1087 4723/4733/1086 4724/4734/1086
f 4728/4738/1088 4725/4735/1087 4726/4736/1087
f 4730/4740/1089 4727/4737/1088 4728/4738/1088
f 4732/4742/1090 4729/4739/1089 4730/4740/1089
f 4734/4744/1091 4731/4741/1090 4732/4742/1090
f 4736/4746/1092 4733/4743/1091 4734/4744/1091
f 4738/4748/1093 4735/4745/1092 4736/4746/1092
f 4740/4750/1094 4737/4747/1093 4738/4748/1093
f 4742/4752/1095 4739/4749/1094 4740/4750/1094
f 4744/4754/1096 4741/4751/1095 4742/4752/1095
f 4746/4756/1097 4743/4753/1096 4744/4754/1096
f 4748/4758/1098 4745/4755/1097 4746/4756/1097
f 4750/4760/1099 4747/4757/1098 4748/4758/1098
f 4752/4762/1100 4749/4759/1099 4750/4760/1099
f 4754/4764/1101 4751/4761/1100 4752/4762/1100
f 4756/4766/1102 4753/4763/1101 4754/4764/1101
f 4758/4768/1103 4755/4765/1102 4756/4766/1102
f 4760/4770/1104 4757/4767/1103 4758/4768/1103
f 4762/4772/1105 4759/4769/1104 4760/4770/1104
f 4764/4774/1106 4761/4771/1105 4762/4772/1105
f 4766/4776/1107 4763/4773/1106 4764/4774/1106
f 4768/4778/1108 4765/4775/1107 4766/4776/1107
f 4770/4780/1109 4767/4777/1108 4768/4778/1108
f 4772/4782/1110 4769/4779/1109 4770/4780/1109
f 4774/4784/1111 4771/4781/1110 4772/4782/1110
f 4776/4786/1112 4773/4783/1111 4774/4784/1111
f 4778/4788/1113 4775/4785/1112 4776/4786/1112
f 4780/4790/1114 4777/4787/1113 4778/4788/1113
f 4540/4550/988 4779/4789/1114 4780/4790/1114
f 4784/4796/1115 4781/4791/1116 4782/4793/1116
f 4786/4798/1117 4783/4795/1115 4784/4796/1115
f 4788/4800/1118 4785/4797/1117 4786/4798/1117
f 4790/4802/1119 4787/4799/1118 4788/4800/1118
f 4792/4804/410 4789/4801/1119 4790/4802/1119
f 4794/4806/1120 4791/4803/410 4792/4804/410
f 4796/4808/1121 4793/4805/1120 4794/4806/1120
f 4798/4810/1122 4795/4807/1121 4796/4808/1121
f 4800/4812/1123 4797/4809/1122 4798/4810/1122
f 4802/4814/1124 4799/4811/1123 4800/4812/1123
f 4804/4816/1125 4801/4813/1124 4802/4814/1124
f 4806/4818/1126 4803/4815/1125 4804/4816/1125
f 4808/4820/1127 4805/4817/1126 4806/4818/1126
f 4810/4822/1128 4807/4819/1127 4808/4820/1127
f 4812/4824/1129 4809/4821/1128 4810/4822/1128
f 4814/4826/1130 4811/4823/1129 4812/4824/1129
f 4816/4828/1131 4813/4825/1130 4814/4826/1130
f 4818/4830/1132 4815/4827/1131 4816/4828/1131
f 4820/4832/1133 4817/4829/1132 4818/4830/1132
f 4822/4834/1134 4819/4831/1133 4820/4832/1133
f 4824/4836/1135 4821/4833/1134 4822/4834/1134
f 4826/4838/1136 4823/4835/1135 4824/4836/1135
f 4828/4840/1137 4825/4837/1136 4826/4838/1136
f 4830/4842/1138 4827/4839/1137 4828/4840/1137
f 4832/4844/1139 4829/4841/1138 4830/4842/1138
f 4834/4846/1140 4831/4843/1139 4832/4844/1139
f 4836/4848/1141 4833/4845/1140 4834/4846/1140
f 4838/4850/1142 4835/4847/1141 4836/4848/1141
f 4840/4852/1143 4837/4849/1142 4838/4850/1142
f 4842/4854/1144 4839/4851/1143 4840/4852/1143
f 4844/4856/1145 4841/4853/1144 4842/4854/1144
f 4846/4858/1146 4843/4855/1145 4844/4856/1145
f 4848/4860/1147 4845/4857/1148 4846/4858/1146
f 4850/4862/1149 4847/4859/1147 4848/4860/1147
f 4852/4864/1150 4849/4861/1149 4850/4862/1149
f 4854/4866/1151 4851/4863/1150 4852/4864/1150
f 4856/4868/1152 4853/4865/1151 4854/4866/1151
f 4858/4870/1153 4855/4867/1152 4856/4868/1152
f 4860/4872/1154 4857/4869/1153 4858/4870/1153
f 4862/4874/1155 4859/4871/1154 4860/4872/1154
f 4864/4876/1156 4861/4873/1155 4862/4874/1155
f 4866/4878/1157 4863/4875/1156 4864/4876/1156
f 4868/4880/1158 4865/4877/1157 4866/4878/1157
f 4870/4882/1159 4867/4879/1158 4868/4880/1158
f 4872/4884/1160 4869/4881/1159 4870/4882/1159
f 4874/4886/1161 4871/4883/1160 4872/4884/1160
f 4876/4888/1162 4873/4885/1161 4874/4886/1161
f 4878/4890/1163 4875/4887/1162 4876/4888/1162
f 4880/4892/1164 4877/4889/1163 4878/4890/1163
f 4882/4894/1165 4879/4891/1164 4880/4892/1164
f 4884/4896/1166 4881/4893/1165 4882/4894/1165
f 4886/4898/1167 4883/4895/1166 4884/4896/1166
f 4888/4900/1168 4885/4897/1167 4886/4898/1167
f 4890/4902/1169 4887/4899/1168 4888/4900/1168
f 4892/4904/1170 4889/4901/1169 4890/4902/1169
f 4894/4906/1171 4891/4903/1170 4892/4904/1170
f 4896/4908/1172 4893/4905/1171 4894/4906/1171
f 4898/4910/1173 4895/4907/1172 4896/4908/1172
f 4900/4912/1174 4897/4909/1173 4898/4910/1173
f 4902/4914/1175 4899/4911/1174 4900/4912/1174
f 4904/4916/1176 4901/4913/1177 4902/4914/1175
f 4906/4918/1178 4903/4915/1176 4904/4916/1176
f 4908/4920/1179 4905/4917/1178 4906/4918/1178
f 4910/4922/1180 4907/4919/1179 4908/4920/1179
f 4912/4924/1181 4909/4921/1180 4910/4922/1180
f 4914/4926/1182 4911/4923/1181 4912/4924/1181
f 4916/4928/1183 4913/4925/1184 4914/4926/1182
f 4918/4930/1185 4915/4927/1183 4916/4928/1183
f 4920/4932/1186 4917/4929/1185 4918/4930/1185
f 4922/4934/1187 4919/4931/1186 4920/4932/1186
f 4924/4936/1188 4921/4933/1187 4922/4934/1187
f 4926/4938/232 4923/4935/1189 4924/4936/1188
f 4928/4940/1190 4925/4937/232 4926/4938/232
f 4930/4942/1191 4927/4939/1190 4928/4940/1190
f 4932/4944/1192 4929/4941/1191 4930/4942/1191
f 4934/4946/1193 4931/4943/1194 4932/4944/1192
f 4936/4948/1195 4933/4945/1193 4934/4946/1193
f 4938/4950/1196 4935/4947/1195 4936/4948/1195
f 4940/4952/1197 4937/4949/1196 4938/4950/1196
f 4942/4954/1198 4939/4951/1197 4940/4952/1197
f 4944/4956/113 4941/4953/1198 4942/4954/1198
f 4946/4958/1199 4943/4955/113 4944/4956/113
f 4948/4960/1200 4945/4957/1201 4946/4958/1199
f 4950/4962/1202 4947/4959/1200 4948/4960/1200
f 4952/4964/1203 4949/4961/1204 4950/4962/1202
f 4954/4966/1205 4951/4963/1203 4952/4964/1203
f 4956/4968/1206 4953/4965/1205 4954/4966/1205
f 4958/4970/1207 4955/4967/1206 4956/4968/1206
f 4960/4972/1208 4957/4969/1207 4958/4970/1207
f 4962/4974/1209 4959/4971/1208 4960/4972/1208
f 4964/4976/1210 4961/4973/1209 4962/4974/1209
f 4966/4978/1211 4963/4975/1210 4964/4976/1210
f 4968/4980/1212 4965/4977/1211 4966/4978/1211
f 4970/4982/1213 4967/4979/1212 4968/4980/1212
f 4972/4984/1214 4969/4981/1213 4970/4982/1213
f 4974/4986/1215 4971/4983/1214 4972/4984/1214
f 4976/4988/1216 4973/4985/1215 4974/4986/1215
f 4978/4990/1217 4975/4987/1216 4976/4988/1216
f 4980/4992/1218 4977/4989/1217 4978/4990/1217
f 4982/4994/1219 4979/4991/1218 4980/4992/1218
f 4984/4996/1220 4981/4993/1219 4982/4994/1219
f 4986/4998/1221 4983/4995/1220 4984/4996/1220
f 4988/5000/1222 4985/4997/1221 4986/4998/1221
f 4990/5002/1223 4987/4999/1222 4988/5000/1222
f 4992/5004/1224 4989/5001/1223 4990/5002/1223
f 4994/5006/1225 4991/5003/1224 4992/5004/1224
f 4996/5008/1226 4993/5005/1225 4994/5006/1225
f 4998/5010/1227 4995/5007/1226 4996/5008/1226
f 5000/5012/1228 4997/5009/1227 4998/5010/1227
f 5002/5014/1229 4999/5011/1228 5000/5012/1228
f 5004/5016/1230 5001/5013/1229 5002/5014/1229
f 5006/5018/1231 5003/5015/1230 5004/5016/1230
f 5008/5020/1232 5005/5017/1231 5006/5018/1231
f 5010/5022/1233 5007/5019/1234 5008/5020/1232
f 5012/5024/1235 5009/5021/1233 5010/5022/1233
f 5014/5026/1236 5011/5023/1237 5012/5024/1235
f 5016/5028/1238 5013/5025/1236 5014/5026/1236
f 5018/5030/1239 5015/5027/1238 5016/5028/1238
f 5020/5032/1240 5017/5029/1239 5018/5030/1239
f 5022/5034/1241 5019/5031/1240 5020/5032/1240
f 4782/4794/1116 5021/5033/1241 5022/5034/1241
f 5026/5040/1242 5023/5035/1243 5024/5037/1244
f 5028/5042/1245 5025/5039/1242 5026/5040/1242
f 5030/5044/1246 5027/5041/1247 5028/5042/1245
f 5032/5046/1248 5029/5043/1246 5030/5044/1246
f 5034/5048/1249 5031/5045/1250 5032/5046/1248
f 5036/5050/1251 5033/5047/1252 5034/5048/1249
f 5038/5052/1253 5035/5049/1251 5036/5050/1251
f 5040/5054/1254 5037/5051/1253 5038/5052/1253
f 5042/5056/1255 5039/5053/1254 5040/5054/1254
f 5044/5058/1256 5041/5055/1257 5042/5056/1255
f 5046/5060/1258 5043/5057/1259 5044/5058/1256
f 5048/5062/1260 5045/5059/1261 5046/5060/1258
f 5050/5064/1262 5047/5061/1260 5048/5062/1260
f 5052/5066/1263 5049/5063/1262 5050/5064/1262
f 5054/5068/1264 5051/5065/1263 5052/5066/1263
f 5056/5070/1265 5053/5067/1264 5054/5068/1264
f 5058/5072/1266 5055/5069/1265 5056/5070/1265
f 5060/5074/1267 5057/5071/1266 5058/5072/1266
f 5062/5076/1268 5059/5073/1267 5060/5074/1267
f 5064/5078/1269 5061/5075/1268 5062/5076/1268
f 5066/5080/1270 5063/5077/1269 5064/5078/1269
f 5068/5082/1271 5065/5079/1270 5066/5080/1270
f 5070/5084/1272 5067/5081/1271 5068/5082/1271
f 5072/5086/1273 5069/5083/1272 5070/5084/1272
f 5074/5088/1274 5071/5085/1273 5072/5086/1273
f 5076/5090/1275 5073/5087/1274 5074/5088/1274
f 5078/5092/1276 5075/5089/1275 5076/5090/1275
f 5080/5094/1277 5077/5091/1276 5078/5092/1276
f 5082/5096/1278 5079/5093/1277 5080/5094/1277
f 5084/5098/1279 5081/5095/1278 5082/5096/1278
f 5086/5100/1026 5083/5097/1279 5084/5098/1279
f 5088/5102/1280 5085/5099/1281 5086/5100/1026
f 5090/5104/1282 5087/5101/1283 5088/5102/1280
f 5092/5106/1284 5089/5103/1282 5090/5104/1282
f 5094/5108/1285 5091/5105/1284 5092/5106/1284
f 5096/5110/1286 5093/5107/1285 5094/5108/1285
f 5098/5112/1287 5095/5109/1286 5096/5110/1286
f 5100/5114/1288 5097/5111/1287 5098/5112/1287
f 5102/5116/1289 5099/5113/1288 5100/5114/1288
f 5104/5118/1290 5101/5115/1289 5102/5116/1289
f 5106/5120/1291 5103/5117/1292 5104/5118/1290
f 5108/5122/1293 5105/5119/1291 5106/5120/1291
f 5110/5124/1294 5107/5121/1295 5108/5122/1293
f 5112/5126/1296 5109/5123/1294 5110/5124/1294
f 5114/5128/1297 5111/5125/1296 5112/5126/1296
f 5116/5130/1298 5113/5127/1297 5114/5128/1297
f 5118/5132/1299 5115/5129/1298 5116/5130/1298
f 5120/5134/1300 5117/5131/1299 5118/5132/1299
f 5122/5136/669 5119/5133/1300 5120/5134/1300
f 5124/5138/669 5121/5135/669 5122/5136/669
f 5126/5140/669 5123/5137/669 5124/5138/669
f 5128/5142/669 5125/5139/669 5126/5140/669
f 5130/5144/669 5127/5141/669 5128/5142/669
f 5132/5146/669 5129/5143/669 5130/5144/669
f 5134/5148/669 5131/5145/669 5132/5146/669
f 5136/5150/669 5133/5147/669 5134/5148/669
f 5138/5152/669 5135/5149/669 5136/5150/669
f 5140/5154/669 5137/5151/669 5138/5152/669
f 5142/5156/669 5139/5153/669 5140/5154/669
f 5144/5158/1301 5141/5155/669 5142/5156/669
f 5146/5160/1302 5143/5157/1301 5144/5158/1301
f 5148/5162/1303 5145/5159/1302 5146/5160/1302
f 5150/5164/1304 5147/5161/1303 5148/5162/1303
f 5152/5166/1305 5149/5163/1304 5150/5164/1304
f 5154/5168/1306 5151/5165/1305 5152/5166/1305
f 5156/5170/1307 5153/5167/1306 5154/5168/1306
f 5158/5172/1308 5155/5169/1307 5156/5170/1307
f 5160/5174/1309 5157/5171/1308 5158/5172/1308
f 5162/5176/1310 5159/5173/1309 5160/5174/1309
f 5164/5178/1311 5161/5175/1310 5162/5176/1310
f 5166/5180/1312 5163/5177/1311 5164/5178/1311
f 5168/5182/1313 5165/5179/1312 5166/5180/1312
f 5170/5184/1314 5167/5181/1313 5168/5182/1313
f 5172/5186/1315 5169/5183/1314 5170/5184/1314
f 5174/5188/1316 5171/5185/1315 5172/5186/1315
f 5176/5190/999 5173/5187/1316 5174/5188/1316
f 5178/5192/1317 5175/5189/999 5176/5190/999
f 5180/5194/1318 5177/5191/1317 5178/5192/1317
f 5182/5196/1319 5179/5193/1318 5180/5194/1318
f 5184/5198/1320 5181/5195/1319 5182/5196/1319
f 5186/5200/1321 5183/5197/1320 5184/5198/1320
f 5188/5202/1322 5185/5199/1321 5186/5200/1321
f 5190/5204/1323 5187/5201/1322 5188/5202/1322
f 5192/5206/1324 5189/5203/1323 5190/5204/1323
f 5194/5208/1325 5191/5205/1324 5192/5206/1324
f 5196/5210/1326 5193/5207/1327 5194/5208/1325
f 5198/5212/1328 5195/5209/1326 5196/5210/1326
f 5200/5214/1329 5197/5211/1330 5198/5212/1328
f 5202/5216/1331 5199/5213/1329 5200/5214/1329
f 5204/5218/1332 5201/5215/1331 5202/5216/1331
f 5206/5220/1333 5203/5217/773 5204/5218/1332
f 5208/5222/1334 5205/5219/1333 5206/5220/1333
f 5210/5224/1335 5207/5221/1334 5208/5222/1334
f 5212/5226/1336 5209/5223/1335 5210/5224/1335
f 5214/5228/1337 5211/5225/1336 5212/5226/1336
f 5216/5230/1338 5213/5227/1337 5214/5228/1337
f 5218/5232/1172 5215/5229/1338 5216/5230/1338
f 5220/5234/1339 5217/5231/1172 5218/5232/1172
f 5222/5236/1340 5219/5233/1339 5220/5234/1339
f 5224/5238/1341 5221/5235/1340 5222/5236/1340
f 5226/5240/1342 5223/5237/1341 5224/5238/1341
f 5228/5242/1343 5225/5239/1342 5226/5240/1342
f 5230/5244/1344 5227/5241/1343 5228/5242/1343
f 5232/5246/1345 5229/5243/1344 5230/5244/1344
f 5234/5248/1346 5231/5245/1345 5232/5246/1345
f 5236/5250/1347 5233/5247/1346 5234/5248/1346
f 5238/5252/1348 5235/5249/1347 5236/5250/1347
f 5240/5254/1349 5237/5251/1348 5238/5252/1348
f 5242/5256/1350 5239/5253/1349 5240/5254/1349
f 5244/5258/1351 5241/5255/1350 5242/5256/1350
f 5246/5260/1352 5243/5257/1351 5244/5258/1351
f 5248/5262/1353 5245/5259/1352 5246/5260/1352
f 5250/5264/1354 5247/5261/1353 5248/5262/1353
f 5252/5266/1355 5249/5263/1354 5250/5264/1354
f 5254/5268/1356 5251/5265/1355 5252/5266/1355
f 5256/5270/1357 5253/5267/1356 5254/5268/1356
f 5258/5272/1358 5255/5269/1357 5256/5270/1357
f 5260/5274/1359 5257/5271/1358 5258/5272/1358
f 5262/5276/1360 5259/5273/1359 5260/5274/1359
f 5264/5278/1361 5261/5275/1360 5262/5276/1360
f 5266/5280/1362 5263/5277/1361 5264/5278/1361
f 5268/5282/1363 5265/5279/1362 5266/5280/1362
f 5270/5284/1364 5267/5281/1363 5268/5282/1363
f 5272/5286/1365 5269/5283/1364 5270/5284/1364
f 5274/5288/1366 5271/5285/1365 5272/5286/1365
f 5276/5290/1367 5273/5287/1368 5274/5288/1366
f 5278/5292/1369 5275/5289/1367 5276/5290/1367
f 5280/5294/1370 5277/5291/1369 5278/5292/1369
f 5282/5296/1371 5279/5293/1372 5280/5294/1370
f 5284/5298/1373 5281/5295/1371 5282/5296/1371
f 5286/5300/1374 5283/5297/1375 5284/5298/1373
f 5288/5302/1376 5285/5299/1374 5286/5300/1374
f 5290/5304/1377 5287/5301/1376 5288/5302/1376
f 5292/5306/1378 5289/5303/1377 5290/5304/1377
f 5294/5308/1379 5291/5305/1378 5292/5306/1378
f 5296/5310/1380 5293/5307/1379 5294/5308/1379
f 5298/5312/1381 5295/5309/1380 5296/5310/1380
f 5300/5314/1382 5297/5311/1381 5298/5312/1381
f 5302/5316/1383 5299/5313/1382 5300/5314/1382
f 5304/5318/1384 5301/5315/1383 5302/5316/1383
f 5306/5320/754 5303/5317/1384 5304/5318/1384
f 5308/5322/1385 5305/5319/754 5306/5320/754
f 5310/5324/1386 5307/5321/1385 5308/5322/1385
f 5312/5326/1387 5309/5323/1386 5310/5324/1386
f 5314/5328/1388 5311/5325/1387 5312/5326/1387
f 5316/5330/1389 5313/5327/1388 5314/5328/1388
f 5318/5332/1390 5315/5329/1389 5316/5330/1389
f 5320/5334/1391 5317/5331/1390 5318/5332/1390
f 5322/5336/1392 5319/5333/1391 5320/5334/1391
f 5324/5338/1393 5321/5335/1392 5322/5336/1392
f 5326/5340/1394 5323/5337/1393 5324/5338/1393
f 5328/5342/1395 5325/5339/1396 5326/5340/1394
f 5330/5344/1397 5327/5341/1398 5328/5342/1395
f 5332/5346/1399 5329/5343/1397 5330/5344/1397
f 5334/5348/1400 5331/5345/1399 5332/5346/1399
f 5336/5350/1401 5333/5347/1402 5334/5348/1400
f 5338/5352/1403 5335/5349/1401 5336/5350/1401
f 5340/5354/1404 5337/5351/1403 5338/5352/1403
f 5342/5356/1405 5339/5353/1404 5340/5354/1404
f 5344/5358/1406 5341/5355/1405 5342/5356/1405
f 5346/5360/1407 5343/5357/1406 5344/5358/1406
f 5348/5362/1408 5345/5359/1407 5346/5360/1407
f 5350/5364/1409 5347/5361/1408 5348/5362/1408
f 5352/5366/1410 5349/5363/1409 5350/5364/1409
f 5354/5368/1411 5351/5365/1410 5352/5366/1410
f 5356/5370/1412 5353/5367/1411 5354/5368/1411
f 5358/5372/1413 5355/5369/1412 5356/5370/1412
f 5360/5374/1414 5357/5371/1413 5358/5372/1413
f 5362/5376/1415 5359/5373/1414 5360/5374/1414
f 5364/5378/1416 5361/5375/1415 5362/5376/1415
f 5366/5380/1417 5363/5377/1418 5364/5378/1416
f 5368/5382/1419 5365/5379/1417 5366/5380/1417
f 5370/5384/1420 5367/5381/1419 5368/5382/1419
f 5372/5386/1421 5369/5383/1420 5370/5384/1420
f 5374/5388/1422 5371/5385/1421 5372/5386/1421
f 5376/5390/1423 5373/5387/1422 5374/5388/1422
f 5378/5392/1424 5375/5389/1423 5376/5390/1423
f 5380/5394/1425 5377/5391/1426 5378/5392/1424
f 5382/5396/1427 5379/5393/1425 5380/5394/1425
f 5384/5398/1428 5381/5395/1429 5382/5396/1427
f 5024/5038/1244 5383/5397/1428 5384/5398/1428
f 2696/2698/3 2695/2697/3 2693/2693/4
f 2698/2700/5 2697/2699/5 2695/2697/3
f 2700/2702/6 2699/2701/6 2697/2699/5
f 2702/2704/7 2701/2703/7 2699/2701/6
f 2704/2706/8 2703/2705/8 2701/2703/7
f 2706/2708/9 2705/2707/9 2703/2705/8
f 2708/2710/10 2707/2709/10 2705/2707/9
f 2710/2712/11 2709/2711/11 2707/2709/10
f 2712/2714/12 2711/2713/12 2709/2711/11
f 2714/2716/13 2713/2715/13 2711/2713/12
f 2716/2718/14 2715/2717/14 2713/2715/13
f 2718/2720/15 2717/2719/15 2715/2717/14
f 2720/2722/16 2719/2721/16 2717/2719/15
f 2722/2724/17 2721/2723/17 2719/2721/16
f 2724/2726/18 2723/2725/18 2721/2723/17
f 2726/2728/19 2725/2727/21 2723/2725/18
f 2728/2730/20 2727/2729/20 2725/2727/21
f 2730/2732/22 2729/2731/24 2727/2729/20
f 2732/2734/23 2731/2733/26 2729/2731/24
f 2734/2736/25 2733/2735/25 2731/2733/26
f 2736/2738/27 2735/2737/27 2733/2735/25
f 2738/2740/28 2737/2739/28 2735/2737/27
f 2740/2742/29 2739/2741/29 2737/2739/28
f 2742/2744/30 2741/2743/32 2739/2741/29
f 2744/2746/31 2743/2745/31 2741/2743/32
f 2746/2748/33 2745/2747/33 2743/2745/31
f 2748/2750/34 2747/2749/34 2745/2747/33
f 2750/2752/35 2749/2751/35 2747/2749/34
f 2752/2754/36 2751/2753/36 2749/2751/35
f 2754/2756/37 2753/2755/37 2751/2753/36
f 2756/2758/38 2755/2757/38 2753/2755/37
f 2758/2760/39 2757/2759/39 2755/2757/38
f 2760/2762/40 2759/2761/40 2757/2759/39
f 2762/2764/41 2761/2763/41 2759/2761/40
f 2764/2766/42 2763/2765/42 2761/2763/41
f 2766/2768/43 2765/2767/43 2763/2765/42
f 2768/2770/44 2767/2769/44 2765/2767/43
f 2770/2772/45 2769/2771/45 2767/2769/44
f 2772/2774/46 2771/2773/46 2769/2771/45
f 2774/2776/47 2773/2775/47 2771/2773/46
f 2776/2778/48 2775/2777/48 2773/2775/47
f 2778/2780/49 2777/2779/49 2775/2777/48
f 2780/2782/50 2779/2781/50 2777/2779/49
f 2782/2784/51 2781/2783/51 2779/2781/50
f 2784/2786/52 2783/2785/52 2781/2783/51
f 2786/2788/53 2785/2787/53 2783/2785/52
f 2788/2790/54 2787/2789/54 2785/2787/53
f 2790/2792/55 2789/2791/57 2787/2789/54
f 2792/2794/56 2791/2793/56 2789/2791/57
f 2794/2796/58 2793/2795/58 2791/2793/56
f 2796/2798/59 2795/2797/59 2793/2795/58
f 2798/2800/60 2797/2799/60 2795/2797/59
f 2800/2802/61 2799/2801/61 2797/2799/60
f 2802/2804/62 2801/2803/62 2799/2801/61
f 2804/2806/63 2803/2805/63 2801/2803/62
f 2806/2808/64 2805/2807/64 2803/2805/63
f 2808/2810/65 2807/2809/65 2805/2807/64
f 2810/2812/66 2809/2811/66 2807/2809/65
f 2812/2814/67 2811/2813/67 2809/2811/66
f 2814/2816/68 2813/2815/68 2811/2813/67
f 2816/2818/69 2815/2817/69 2813/2815/68
f 2818/2820/70 2817/2819/70 2815/2817/69
f 2820/2822/71 2819/2821/71 2817/2819/70
f 2822/2824/72 2821/2823/72 2819/2821/71
f 2824/2826/73 2823/2825/73 2821/2823/72
f 2826/2828/74 2825/2827/74 2823/2825/73
f 2828/2830/75 2827/2829/75 2825/2827/74
f 2830/2832/76 2829/2831/76 2827/2829/75
f 2832/2834/77 2831/2833/77 2829/2831/76
f 2834/2836/78 2833/2835/78 2831/2833/77
f 2836/2838/79 2835/2837/79 2833/2835/78
f 2838/2840/80 2837/2839/80 2835/2837/79
f 2840/2842/81 2839/2841/81 2837/2839/80
f 2842/2844/82 2841/2843/82 2839/2841/81
f 2844/2846/83 2843/2845/83 2841/2843/82
f 2846/2848/84 2845/2847/84 2843/2845/83
f 2848/2850/85 2847/2849/85 2845/2847/84
f 2850/2852/86 2849/2851/86 2847/2849/85
f 2852/2854/87 2851/2853/87 2849/2851/86
f 2854/2856/88 2853/2855/88 2851/2853/87
f 2856/2858/89 2855/2857/89 2853/2855/88
f 2858/2860/90 2857/2859/90 2855/2857/89
f 2860/2862/91 2859/2861/91 2857/2859/90
f 2862/2864/92 2861/2863/92 2859/2861/91
f 2864/2866/93 2863/2865/93 2861/2863/92
f 2866/2868/94 2865/2867/94 2863/2865/93
f 2868/2870/95 2867/2869/95 2865/2867/94
f 2870/2872/96 2869/2871/96 2867/2869/95
f 2872/2874/97 2871/2873/97 2869/2871/96
f 2874/2876/98 2873/2875/98 2871/2873/97
f 2876/2878/99 2875/2877/99 2873/2875/98
f 2878/2880/100 2877/2879/100 2875/2877/99
f 2880/2882/101 2879/2881/101 2877/2879/100
f 2882/2884/102 2881/2883/102 2879/2881/101
f 2884/2886/103 2883/2885/103 2881/2883/102
f 2886/2888/104 2885/2887/104 2883/2885/103
f 2888/2890/105 2887/2889/105 2885/2887/104
f 2890/2892/106 2889/2891/106 2887/2889/105
f 2892/2894/107 2891/2893/107 2889/2891/106
f 2894/2896/108 2893/2895/110 2891/2893/107
f 2896/2898/109 2895/2897/109 2893/2895/110
f 2898/2900/111 2897/2899/111 2895/2897/109
f 2900/2902/112 2899/2901/112 2897/2899/111
f 2902/2904/113 2901/2903/113 2899/2901/112
f 2904/2906/114 2903/2905/114 2901/2903/113
f 2906/2908/115 2905/2907/115 2903/2905/114
f 2908/2910/116 2907/2909/116 2905/2907/115
f 2910/2912/117 2909/2911/117 2907/2909/116
f 2912/2914/118 2911/2913/118 2909/2911/117
f 2914/2916/119 2913/2915/119 2911/2913/118
f 2916/2918/120 2915/2917/120 2913/2915/119
f 2918/2920/121 2917/2919/121 2915/2917/120
f 2920/2922/122 2919/2921/122 2917/2919/121
f 2922/2924/123 2921/2923/123 2919/2921/122
f 2924/2926/124 2923/2925/124 2921/2923/123
f 2926/2928/125 2925/2927/125 2923/2925/124
f 2928/2930/126 2927/2929/126 2925/2927/125
f 2930/2932/127 2929/2931/127 2927/2929/126
f 2932/2934/128 2931/2933/128 2929/2931/127
f 2934/2936/129 2933/2935/129 2931/2933/128
f 2936/2938/130 2935/2937/130 2933/2935/129
f 2938/2940/131 2937/2939/131 2935/2937/130
f 2940/2942/132 2939/2941/132 2937/2939/131
f 2942/2944/133 2941/2943/133 2939/2941/132
f 2944/2946/134 2943/2945/134 2941/2943/133
f 2946/2948/135 2945/2947/135 2943/2945/134
f 2948/2950/136 2947/2949/136 2945/2947/135
f 2950/2952/137 2949/2951/137 2947/2949/136
f 2952/2954/138 2951/2953/138 2949/2951/137
f 2954/2956/139 2953/2955/139 2951/2953/138
f 2956/2958/140 2955/2957/140 2953/2955/139
f 2958/2960/141 2957/2959/141 2955/2957/140
f 2960/2962/142 2959/2961/142 2957/2959/141
f 2962/2964/143 2961/2963/143 2959/2961/142
f 2964/2966/144 2963/2965/144 2961/2963/143
f 2966/2968/145 2965/2967/145 2963/2965/144
f 2968/2970/146 2967/2969/146 2965/2967/145
f 2970/2972/147 2969/2971/147 2967/2969/146
f 2972/2974/148 2971/2973/148 2969/2971/147
f 2974/2976/149 2973/2975/149 2971/2973/148
f 2976/2978/150 2975/2977/150 2973/2975/149
f 2978/2980/151 2977/2979/151 2975/2977/150
f 2980/2982/152 2979/2981/152 2977/2979/151
f 2982/2984/153 2981/2983/153 2979/2981/152
f 2984/2986/154 2983/2985/154 2981/2983/153
f 2986/2988/155 2985/2987/155 2983/2985/154
f 2988/2990/156 2987/2989/156 2985/2987/155
f 2990/2992/157 2989/2991/157 2987/2989/156
f 2992/2994/158 2991/2993/158 2989/2991/157
f 2994/2996/159 2993/2995/159 2991/2993/158
f 2996/2998/160 2995/2997/160 2993/2995/159
f 2998/3000/161 2997/2999/161 2995/2997/160
f 3000/3002/162 2999/3001/162 2997/2999/161
f 3002/3004/163 3001/3003/163 2999/3001/162
f 3004/3006/164 3003/3005/164 3001/3003/163
f 3006/3008/165 3005/3007/165 3003/3005/164
f 3008/3010/166 3007/3009/166 3005/3007/165
f 3010/3012/167 3009/3011/167 3007/3009/166
f 3012/3014/168 3011/3013/168 3009/3011/167
f 2694/2696/4 2693/2694/4 3011/3013/168
f 3016/3020/169 3015/3019/169 3013/3015/170
f 3018/3022/171 3017/3021/171 3015/3019/169
f 3020/3024/172 3019/3023/172 3017/3021/171
f 3022/3026/173 3021/3025/173 3019/3023/172
f 3024/3028/174 3023/3027/174 3021/3025/173
f 3026/3030/175 3025/3029/175 3023/3027/174
f 3028/3032/176 3027/3031/176 3025/3029/175
f 3030/3034/177 3029/3033/177 3027/3031/176
f 3032/3036/178 3031/3035/178 3029/3033/177
f 3034/3038/179 3033/3037/179 3031/3035/178
f 3036/3040/180 3035/3039/180 3033/3037/179
f 3038/3042/181 3037/3041/181 3035/3039/180
f 3040/3044/182 3039/3043/182 3037/3041/181
f 3042/3046/183 3041/3045/183 3039/3043/182
f 3044/3048/184 3043/3047/184 3041/3045/183
f 3046/3050/185 3045/3049/185 3043/3047/184
f 3048/3052/186 3047/3051/186 3045/3049/185
f 3050/3054/187 3049/3053/187 3047/3051/186
f 3052/3056/188 3051/3055/188 3049/3053/187
f 3054/3058/189 3053/3057/189 3051/3055/188
f 3056/3060/190 3055/3059/190 3053/3057/189
f 3058/3062/191 3057/3061/191 3055/3059/190
f 3060/3064/192 3059/3063/192 3057/3061/191
f 3062/3066/193 3061/3065/193 3059/3063/192
f 3064/3068/194 3063/3067/194 3061/3065/193
f 3066/3070/195 3065/3069/195 3063/3067/194
f 3068/3072/196 3067/3071/196 3065/3069/195
f 3070/3074/197 3069/3073/197 3067/3071/196
f 3072/3076/198 3071/3075/198 3069/3073/197
f 3074/3078/199 3073/3077/199 3071/3075/198
f 3076/3080/200 3075/3079/202 3073/3077/199
f 3078/3082/201 3077/3081/201 3075/3079/202
f 3080/3084/203 3079/3083/203 3077/3081/201
f 3082/3086/204 3081/3085/204 3079/3083/203
f 3084/3088/205 3083/3087/205 3081/3085/204
f 3086/3090/206 3085/3089/206 3083/3087/205
f 3088/3092/207 3087/3091/207 3085/3089/206
f 3090/3094/208 3089/3093/208 3087/3091/207
f 3092/3096/209 3091/3095/209 3089/3093/208
f 3094/3098/210 3093/3097/210 3091/3095/209
f 3096/3100/211 3095/3099/211 3093/3097/210
f 3098/3102/212 3097/3101/212 3095/3099/211
f 3100/3104/213 3099/3103/213 3097/3101/212
f 3102/3106/214 3101/3105/214 3099/3103/213
f 3104/3108/215 3103/3107/215 3101/3105/214
f 3106/3110/216 3105/3109/216 3103/3107/215
f 3108/3112/217 3107/3111/217 3105/3109/216
f 3110/3114/218 3109/3113/218 3107/3111/217
f 3112/3116/219 3111/3115/221 3109/3113/218
f 3114/3118/220 3113/3117/220 3111/3115/221
f 3116/3120/222 3115/3119/222 3113/3117/220
f 3118/3122/223 3117/3121/223 3115/3119/222
f 3120/3124/224 3119/3123/224 3117/3121/223
f 3122/3126/225 3121/3125/225 3119/3123/224
f 3124/3128/226 3123/3127/226 3121/3125/225
f 3126/3130/227 3125/3129/227 3123/3127/226
f 3128/3132/228 3127/3131/228 3125/3129/227
f 3130/3134/229 3129/3133/229 3127/3131/228
f 3132/3136/230 3131/3135/230 3129/3133/229
f 3134/3138/231 3133/3137/231 3131/3135/230
f 3136/3140/232 3135/3139/232 3133/3137/231
f 3138/3142/233 3137/3141/233 3135/3139/232
f 3140/3144/234 3139/3143/234 3137/3141/233
f 3142/3146/235 3141/3145/235 3139/3143/234
f 3144/3148/236 3143/3147/236 3141/3145/235
f 3146/3150/237 3145/3149/237 3143/3147/236
f 3148/3152/238 3147/3151/238 3145/3149/237
f 3150/3154/239 3149/3153/239 3147/3151/238
f 3152/3156/240 3151/3155/242 3149/3153/239
f 3154/3158/241 3153/3157/241 3151/3155/242
f 3156/3160/243 3155/3159/243 3153/3157/241
f 3158/3162/244 3157/3161/244 3155/3159/243
f 3160/3164/245 3159/3163/245 3157/3161/244
f 3162/3166/246 3161/3165/246 3159/3163/245
f 3164/3168/247 3163/3167/247 3161/3165/246
f 3166/3170/248 3165/3169/248 3163/3167/247
f 3168/3172/249 3167/3171/251 3165/3169/248
f 3170/3174/250 3169/3173/253 3167/3171/251
f 3172/3176/252 3171/3175/252 3169/3173/253
f 3174/3178/254 3173/3177/256 3171/3175/252
f 3176/3180/255 3175/3179/258 3173/3177/256
f 3178/3182/257 3177/3181/257 3175/3179/258
f 3180/3184/259 3179/3183/259 3177/3181/257
f 3182/3186/260 3181/3185/260 3179/3183/259
f 3184/3188/261 3183/3187/261 3181/3185/260
f 3186/3190/262 3185/3189/262 3183/3187/261
f 3188/3192/263 3187/3191/263 3185/3189/262
f 3190/3194/264 3189/3193/264 3187/3191/263
f 3192/3196/265 3191/3195/265 3189/3193/264
f 3194/3198/266 3193/3197/266 3191/3195/265
f 3196/3200/267 3195/3199/267 3193/3197/266
f 3198/3202/268 3197/3201/268 3195/3199/267
f 3200/3204/269 3199/3203/269 3197/3201/268
f 3202/3206/270 3201/3205/270 3199/3203/269
f 3204/3208/271 3203/3207/271 3201/3205/270
f 3206/3210/272 3205/3209/272 3203/3207/271
f 3208/3212/273 3207/3211/273 3205/3209/272
f 3210/3214/274 3209/3213/274 3207/3211/273
f 3212/3216/275 3211/3215/275 3209/3213/274
f 3214/3218/276 3213/3217/276 3211/3215/275
f 3216/3220/277 3215/3219/277 3213/3217/276
f 3218/3222/278 3217/3221/278 3215/3219/277
f 3220/3224/279 3219/3223/279 3217/3221/278
f 3222/3226/280 3221/3225/280 3219/3223/279
f 3224/3228/281 3223/3227/281 3221/3225/280
f 3226/3230/282 3225/3229/282 3223/3227/281
f 3228/3232/283 3227/3231/283 3225/3229/282
f 3230/3234/284 3229/3233/284 3227/3231/283
f 3232/3236/285 3231/3235/285 3229/3233/284
f 3234/3238/286 3233/3237/286 3231/3235/285
f 3236/3240/287 3235/3239/287 3233/3237/286
f 3238/3242/288 3237/3241/288 3235/3239/287
f 3240/3244/289 3239/3243/289 3237/3241/288
f 3242/3246/290 3241/3245/290 3239/3243/289
f 3244/3248/291 3243/3247/291 3241/3245/290
f 3246/3250/292 3245/3249/292 3243/3247/291
f 3248/3252/293 3247/3251/293 3245/3249/292
f 3250/3254/294 3249/3253/294 3247/3251/293
f 3252/3256/295 3251/3255/295 3249/3253/294
f 3254/3258/296 3253/3257/296 3251/3255/295
f 3256/3260/297 3255/3259/297 3253/3257/296
f 3258/3262/298 3257/3261/298 3255/3259/297
f 3260/3264/299 3259/3263/299 3257/3261/298
f 3262/3266/300 3261/3265/300 3259/3263/299
f 3264/3268/301 3263/3267/301 3261/3265/300
f 3266/3270/302 3265/3269/302 3263/3267/301
f 3268/3272/303 3267/3271/303 3265/3269/302
f 3270/3274/304 3269/3273/304 3267/3271/303
f 3272/3276/305 3271/3275/305 3269/3273/304
f 3274/3278/306 3273/3277/306 3271/3275/305
f 3276/3280/307 3275/3279/307 3273/3277/306
f 3278/3282/308 3277/3281/308 3275/3279/307
f 3280/3284/309 3279/3283/309 3277/3281/308
f 3282/3286/310 3281/3285/310 3279/3283/309
f 3284/3288/311 3283/3287/311 3281/3285/310
f 3286/3290/312 3285/3289/312 3283/3287/311
f 3288/3292/313 3287/3291/313 3285/3289/312
f 3290/3294/314 3289/3293/314 3287/3291/313
f 3292/3296/315 3291/3295/315 3289/3293/314
f 3294/3298/316 3293/3297/316 3291/3295/315
f 3296/3300/317 3295/3299/317 3293/3297/316
f 3298/3302/318 3297/3301/318 3295/3299/317
f 3300/3304/319 3299/3303/319 3297/3301/318
f 3302/3306/320 3301/3305/320 3299/3303/319
f 3304/3308/321 3303/3307/321 3301/3305/320
f 3306/3310/322 3305/3309/322 3303/3307/321
f 3308/3312/323 3307/3311/323 3305/3309/322
f 3310/3314/324 3309/3313/324 3307/3311/323
f 3312/3316/325 3311/3315/325 3309/3313/324
f 3314/3318/326 3313/3317/326 3311/3315/325
f 3316/3320/327 3315/3319/327 3313/3317/326
f 3318/3322/328 3317/3321/328 3315/3319/327
f 3320/3324/329 3319/3323/329 3317/3321/328
f 3322/3326/330 3321/3325/330 3319/3323/329
f 3324/3328/331 3323/3327/331 3321/3325/330
f 3326/3330/332 3325/3329/332 3323/3327/331
f 3328/3332/333 3327/3331/333 3325/3329/332
f 3330/3334/334 3329/3333/334 3327/3331/333
f 3332/3336/335 3331/3335/335 3329/3333/334
f 3334/3338/336 3333/3337/336 3331/3335/335
f 3336/3340/337 3335/3339/337 3333/3337/336
f 3338/3342/338 3337/3341/338 3335/3339/337
f 3340/3344/339 3339/3343/339 3337/3341/338
f 3342/3346/340 3341/3345/340 3339/3343/339
f 3344/3348/341 3343/3347/341 3341/3345/340
f 3346/3350/342 3345/3349/342 3343/3347/341
f 3348/3352/343 3347/3351/343 3345/3349/342
f 3350/3354/344 3349/3353/344 3347/3351/343
f 3352/3356/345 3351/3355/345 3349/3353/344
f 3354/3358/346 3353/3357/346 3351/3355/345
f 3356/3360/347 3355/3359/347 3353/3357/346
f 3358/3362/348 3357/3361/350 3355/3359/347
f 3360/3364/349 3359/3363/349 3357/3361/350
f 3362/3366/351 3361/3365/351 3359/3363/349
f 3364/3368/352 3363/3367/352 3361/3365/351
f 3366/3370/353 3365/3369/353 3363/3367/352
f 3368/3372/354 3367/3371/356 3365/3369/353
f 3370/3374/355 3369/3373/355 3367/3371/356
f 3372/3376/357 3371/3375/357 3369/3373/355
f 3374/3378/358 3373/3377/358 3371/3375/357
f 3376/3380/359 3375/3379/359 3373/3377/358
f 3378/3382/360 3377/3381/360 3375/3379/359
f 3380/3384/361 3379/3383/361 3377/3381/360
f 3382/3386/362 3381/3385/362 3379/3383/361
f 3384/3388/363 3383/3387/363 3381/3385/362
f 3386/3390/364 3385/3389/364 3383/3387/363
f 3388/3392/365 3387/3391/365 3385/3389/364
f 3390/3394/366 3389/3393/366 3387/3391/365
f 3392/3396/367 3391/3395/367 3389/3393/366
f 3394/3398/368 3393/3397/368 3391/3395/367
f 3396/3400/369 3395/3399/369 3393/3397/368
f 3398/3402/370 3397/3401/370 3395/3399/369
f 3400/3404/371 3399/3403/371 3397/3401/370
f 3402/3406/372 3401/3405/372 3399/3403/371
f 3404/3408/373 3403/3407/373 3401/3405/372
f 3406/3410/374 3405/3409/374 3403/3407/373
f 3408/3412/375 3407/3411/375 3405/3409/374
f 3410/3414/376 3409/3413/376 3407/3411/375
f 3412/3416/377 3411/3415/377 3409/3413/376
f 3414/3418/378 3413/3417/380 3411/3415/377
f 3416/3420/379 3415/3419/382 3413/3417/380
f 3418/3422/381 3417/3421/381 3415/3419/382
f 3420/3424/383 3419/3423/383 3417/3421/381
f 3422/3426/384 3421/3425/384 3419/3423/383
f 3424/3428/385 3423/3427/385 3421/3425/384
f 3426/3430/386 3425/3429/388 3423/3427/385
f 3428/3432/387 3427/3431/387 3425/3429/388
f 3430/3434/389 3429/3433/389 3427/3431/387
f 3432/3436/390 3431/3435/390 3429/3433/389
f 3434/3438/391 3433/3437/391 3431/3435/390
f 3436/3440/392 3435/3439/392 3433/3437/391
f 3438/3442/393 3437/3441/393 3435/3439/392
f 3440/3444/394 3439/3443/394 3437/3441/393
f 3442/3446/395 3441/3445/395 3439/3443/394
f 3444/3448/396 3443/3447/396 3441/3445/395
f 3446/3450/397 3445/3449/397 3443/3447/396
f 3448/3452/398 3447/3451/398 3445/3449/397
f 3450/3454/399 3449/3453/399 3447/3451/398
f 3452/3456/400 3451/3455/400 3449/3453/399
f 3454/3458/401 3453/3457/401 3451/3455/400
f 3456/3460/402 3455/3459/402 3453/3457/401
f 3458/3462/403 3457/3461/403 3455/3459/402
f 3460/3464/404 3459/3463/404 3457/3461/403
f 3462/3466/405 3461/3465/405 3459/3463/404
f 3464/3468/406 3463/3467/406 3461/3465/405
f 3466/3470/407 3465/3469/407 3463/3467/406
f 3468/3472/408 3467/3471/410 3465/3469/407
f 3470/3474/409 3469/3473/409 3467/3471/410
f 3472/3476/411 3471/3475/413 3469/3473/409
f 3474/3478/412 3473/3477/412 3471/3475/413
f 3476/3480/414 3475/3479/414 3473/3477/412
f 3478/3482/415 3477/3481/415 3475/3479/414
f 3480/3484/416 3479/3483/418 3477/3481/415
f 3482/3486/417 3481/3485/417 3479/3483/418
f 3484/3488/419 3483/3487/419 3481/3485/417
f 3486/3490/420 3485/3489/422 3483/3487/419
f 3488/3492/421 3487/3491/421 3485/3489/422
f 3490/3494/423 3489/3493/423 3487/3491/421
f 3492/3496/424 3491/3495/426 3489/3493/423
f 3494/3498/425 3493/3497/425 3491/3495/426
f 3496/3500/427 3495/3499/427 3493/3497/425
f 3498/3502/428 3497/3501/428 3495/3499/427
f 3500/3504/429 3499/3503/429 3497/3501/428
f 3502/3506/430 3501/3505/432 3499/3503/429
f 3504/3508/431 3503/3507/434 3501/3505/432
f 3506/3510/433 3505/3509/433 3503/3507/434
f 3508/3512/435 3507/3511/435 3505/3509/433
f 3510/3514/436 3509/3513/438 3507/3511/435
f 3512/3516/437 3511/3515/437 3509/3513/438
f 3514/3518/439 3513/3517/439 3511/3515/437
f 3516/3520/440 3515/3519/440 3513/3517/439
f 3518/3522/441 3517/3521/441 3515/3519/440
f 3520/3524/442 3519/3523/442 3517/3521/441
f 3522/3526/443 3521/3525/443 3519/3523/442
f 3524/3528/444 3523/3527/446 3521/3525/443
f 3526/3530/445 3525/3529/448 3523/3527/446
f 3528/3532/447 3527/3531/447 3525/3529/448
f 3530/3534/449 3529/3533/449 3527/3531/447
f 3532/3536/450 3531/3535/452 3529/3533/449
f 3534/3538/451 3533/3537/451 3531/3535/452
f 3536/3540/453 3535/3539/453 3533/3537/451
f 3538/3542/454 3537/3541/454 3535/3539/453
f 3540/3544/455 3539/3543/455 3537/3541/454
f 3542/3546/456 3541/3545/456 3539/3543/455
f 3544/3548/457 3543/3547/457 3541/3545/456
f 3546/3550/458 3545/3549/458 3543/3547/457
f 3548/3552/459 3547/3551/459 3545/3549/458
f 3550/3554/460 3549/3553/460 3547/3551/459
f 3552/3556/461 3551/3555/461 3549/3553/460
f 3554/3558/462 3553/3557/462 3551/3555/461
f 3556/3560/463 3555/3559/463 3553/3557/462
f 3558/3562/464 3557/3561/464 3555/3559/463
f 3560/3564/465 3559/3563/465 3557/3561/464
f 3562/3566/466 3561/3565/466 3559/3563/465
f 3564/3568/467 3563/3567/467 3561/3565/466
f 3566/3570/468 3565/3569/468 3563/3567/467
f 3568/3572/469 3567/3571/469 3565/3569/468
f 3570/3574/470 3569/3573/470 3567/3571/469
f 3572/3576/471 3571/3575/471 3569/3573/470
f 3574/3578/472 3573/3577/472 3571/3575/471
f 3576/3580/473 3575/3579/473 3573/3577/472
f 3578/3582/474 3577/3581/474 3575/3579/473
f 3580/3584/475 3579/3583/475 3577/3581/474
f 3582/3586/476 3581/3585/476 3579/3583/475
f 3584/3588/477 3583/3587/477 3581/3585/476
f 3586/3590/478 3585/3589/478 3583/3587/477
f 3588/3592/479 3587/3591/479 3585/3589/478
f 3590/3594/480 3589/3593/480 3587/3591/479
f 3592/3596/481 3591/3595/483 3589/3593/480
f 3594/3598/482 3593/3597/482 3591/3595/483
f 3596/3600/484 3595/3599/484 3593/3597/482
f 3598/3602/485 3597/3601/485 3595/3599/484
f 3600/3604/486 3599/3603/486 3597/3601/485
f 3602/3606/487 3601/3605/487 3599/3603/486
f 3604/3608/488 3603/3607/488 3601/3605/487
f 3606/3610/489 3605/3609/489 3603/3607/488
f 3608/3612/490 3607/3611/490 3605/3609/489
f 3610/3614/491 3609/3613/491 3607/3611/490
f 3612/3616/492 3611/3615/492 3609/3613/491
f 3614/3618/493 3613/3617/493 3611/3615/492
f 3616/3620/494 3615/3619/494 3613/3617/493
f 3618/3622/495 3617/3621/495 3615/3619/494
f 3620/3624/496 3619/3623/498 3617/3621/495
f 3622/3626/497 3621/3625/497 3619/3623/498
f 3624/3628/499 3623/3627/499 3621/3625/497
f 3626/3630/500 3625/3629/500 3623/3627/499
f 3628/3632/501 3627/3631/501 3625/3629/500
f 3630/3634/502 3629/3633/502 3627/3631/501
f 3632/3636/503 3631/3635/503 3629/3633/502
f 3634/3638/504 3633/3637/504 3631/3635/503
f 3636/3640/505 3635/3639/505 3633/3637/504
f 3638/3642/506 3637/3641/506 3635/3639/505
f 3640/3644/507 3639/3643/507 3637/3641/506
f 3642/3646/508 3641/3645/508 3639/3643/507
f 3644/3648/509 3643/3647/509 3641/3645/508
f 3646/3650/510 3645/3649/510 3643/3647/509
f 3648/3652/511 3647/3651/511 3645/3649/510
f 3650/3654/512 3649/3653/512 3647/3651/511
f 3652/3656/513 3651/3655/513 3649/3653/512
f 3654/3658/514 3653/3657/514 3651/3655/513
f 3656/3660/515 3655/3659/515 3653/3657/514
f 3658/3662/516 3657/3661/516 3655/3659/515
f 3660/3664/517 3659/3663/517 3657/3661/516
f 3662/3666/518 3661/3665/520 3659/3663/517
f 3664/3668/519 3663/3667/519 3661/3665/520
f 3666/3670/521 3665/3669/521 3663/3667/519
f 3668/3672/522 3667/3671/522 3665/3669/521
f 3670/3674/523 3669/3673/523 3667/3671/522
f 3672/3676/524 3671/3675/524 3669/3673/523
f 3674/3678/525 3673/3677/525 3671/3675/524
f 3676/3680/526 3675/3679/526 3673/3677/525
f 3678/3682/527 3677/3681/527 3675/3679/526
f 3680/3684/143 3679/3683/143 3677/3681/527
f 3682/3686/528 3681/3685/528 3679/3683/143
f 3684/3688/529 3683/3687/529 3681/3685/528
f 3686/3690/530 3685/3689/532 3683/3687/529
f 3688/3692/531 3687/3691/531 3685/3689/532
f 3690/3694/533 3689/3693/533 3687/3691/531
f 3692/3696/534 3691/3695/536 3689/3693/533
f 3694/3698/535 3693/3697/535 3691/3695/536
f 3696/3700/537 3695/3699/537 3693/3697/535
f 3698/3702/538 3697/3701/538 3695/3699/537
f 3700/3704/539 3699/3703/539 3697/3701/538
f 3702/3706/540 3701/3705/540 3699/3703/539
f 3704/3708/541 3703/3707/541 3701/3705/540
f 3706/3710/542 3705/3709/542 3703/3707/541
f 3708/3712/543 3707/3711/545 3705/3709/542
f 3710/3714/544 3709/3713/544 3707/3711/545
f 3712/3716/546 3711/3715/546 3709/3713/544
f 3714/3718/547 3713/3717/547 3711/3715/546
f 3716/3720/548 3715/3719/548 3713/3717/547
f 3718/3722/549 3717/3721/549 3715/3719/548
f 3720/3724/550 3719/3723/550 3717/3721/549
f 3722/3726/551 3721/3725/553 3719/3723/550
f 3724/3728/552 3723/3727/555 3721/3725/553
f 3726/3730/554 3725/3729/554 3723/3727/555
f 3728/3732/556 3727/3731/556 3725/3729/554
f 3730/3734/557 3729/3733/557 3727/3731/556
f 3732/3736/558 3731/3735/560 3729/3733/557
f 3734/3738/559 3733/3737/559 3731/3735/560
f 3736/3740/561 3735/3739/561 3733/3737/559
f 3738/3742/562 3737/3741/562 3735/3739/561
f 3740/3744/563 3739/3743/565 3737/3741/562
f 3742/3746/564 3741/3745/564 3739/3743/565
f 3744/3748/566 3743/3747/566 3741/3745/564
f 3746/3750/567 3745/3749/567 3743/3747/566
f 3748/3752/568 3747/3751/568 3745/3749/567
f 3750/3754/569 3749/3753/569 3747/3751/568
f 3752/3756/570 3751/3755/570 3749/3753/569
f 3754/3758/571 3753/3757/573 3751/3755/570
f 3756/3760/572 3755/3759/572 3753/3757/573
f 3758/3762/574 3757/3761/576 3755/3759/572
f 3760/3764/575 3759/3763/578 3757/3761/576
f 3762/3766/577 3761/3765/577 3759/3763/578
f 3764/3768/579 3763/3767/579 3761/3765/577
f 3766/3770/580 3765/3769/580 3763/3767/579
f 3768/3772/581 3767/3771/581 3765/3769/580
f 3770/3774/582 3769/3773/582 3767/3771/581
f 3772/3776/583 3771/3775/583 3769/3773/582
f 3774/3778/584 3773/3777/586 3771/3775/583
f 3776/3780/585 3775/3779/585 3773/3777/586
f 3778/3782/587 3777/3781/587 3775/3779/585
f 3780/3784/588 3779/3783/588 3777/3781/587
f 3782/3786/589 3781/3785/589 3779/3783/588
f 3784/3788/590 3783/3787/590 3781/3785/589
f 3786/3790/591 3785/3789/591 3783/3787/590
f 3788/3792/592 3787/3791/592 3785/3789/591
f 3790/3794/593 3789/3793/593 3787/3791/592
f 3792/3796/594 3791/3795/596 3789/3793/593
f 3794/3798/595 3793/3797/598 3791/3795/596
f 3796/3800/597 3795/3799/597 3793/3797/598
f 3798/3802/599 3797/3801/599 3795/3799/597
f 3800/3804/600 3799/3803/600 3797/3801/599
f 3802/3806/601 3801/3805/601 3799/3803/600
f 3804/3808/602 3803/3807/604 3801/3805/601
f 3806/3810/603 3805/3809/603 3803/3807/604
f 3808/3812/605 3807/3811/605 3805/3809/603
f 3810/3814/606 3809/3813/606 3807/3811/605
f 3812/3816/607 3811/3815/607 3809/3813/606
f 3814/3818/608 3813/3817/610 3811/3815/607
f 3816/3820/609 3815/3819/609 3813/3817/610
f 3818/3822/611 3817/3821/611 3815/3819/609
f 3820/3824/612 3819/3823/614 3817/3821/611
f 3822/3826/613 3821/3825/613 3819/3823/614
f 3824/3828/615 3823/3827/615 3821/3825/613
f 3826/3830/616 3825/3829/616 3823/3827/615
f 3828/3832/617 3827/3831/617 3825/3829/616
f 3830/3834/618 3829/3833/618 3827/3831/617
f 3832/3836/619 3831/3835/619 3829/3833/618
f 3834/3838/620 3833/3837/620 3831/3835/619
f 3836/3840/621 3835/3839/621 3833/3837/620
f 3838/3842/622 3837/3841/622 3835/3839/621
f 3840/3844/623 3839/3843/623 3837/3841/622
f 3842/3846/624 3841/3845/624 3839/3843/623
f 3844/3848/625 3843/3847/625 3841/3845/624
f 3846/3850/626 3845/3849/626 3843/3847/625
f 3848/3852/627 3847/3851/627 3845/3849/626
f 3850/3854/628 3849/3853/628 3847/3851/627
f 3852/3856/629 3851/3855/629 3849/3853/628
f 3854/3858/630 3853/3857/630 3851/3855/629
f 3856/3860/631 3855/3859/631 3853/3857/630
f 3858/3862/632 3857/3861/634 3855/3859/631
f 3860/3864/633 3859/3863/633 3857/3861/634
f 3862/3866/635 3861/3865/635 3859/3863/633
f 3864/3868/636 3863/3867/636 3861/3865/635
f 3866/3870/637 3865/3869/637 3863/3867/636
f 3868/3872/638 3867/3871/638 3865/3869/637
f 3870/3874/639 3869/3873/639 3867/3871/638
f 3872/3876/640 3871/3875/640 3869/3873/639
f 3874/3878/641 3873/3877/641 3871/3875/640
f 3876/3880/642 3875/3879/642 3873/3877/641
f 3878/3882/643 3877/3881/643 3875/3879/642
f 3880/3884/644 3879/3883/644 3877/3881/643
f 3882/3886/645 3881/3885/645 3879/3883/644
f 3884/3888/646 3883/3887/646 3881/3885/645
f 3886/3890/647 3885/3889/647 3883/3887/646
f 3888/3892/648 3887/3891/648 3885/3889/647
f 3890/3894/649 3889/3893/649 3887/3891/648
f 3892/3896/650 3891/3895/650 3889/3893/649
f 3894/3898/651 3893/3897/651 3891/3895/650
f 3896/3900/652 3895/3899/652 3893/3897/651
f 3898/3902/653 3897/3901/653 3895/3899/652
f 3900/3904/654 3899/3903/654 3897/3901/653
f 3902/3906/655 3901/3905/655 3899/3903/654
f 3904/3908/656 3903/3907/656 3901/3905/655
f 3906/3910/657 3905/3909/657 3903/3907/656
f 3908/3912/658 3907/3911/658 3905/3909/657
f 3910/3914/659 3909/3913/659 3907/3911/658
f 3912/3916/660 3911/3915/660 3909/3913/659
f 3914/3918/661 3913/3917/661 3911/3915/660
f 3916/3920/662 3915/3919/662 3913/3917/661
f 3918/3922/663 3917/3921/663 3915/3919/662
f 3920/3924/664 3919/3923/664 3917/3921/663
f 3922/3926/665 3921/3925/665 3919/3923/664
f 3924/3928/666 3923/3927/666 3921/3925/665
f 3926/3930/667 3925/3929/667 3923/3927/666
f 3014/3018/170 3013/3016/170 3925/3929/667
f 3930/3936/668 3929/3935/668 3927/3931/669
f 3932/3938/670 3931/3937/670 3929/3935/668
f 3934/3940/671 3933/3939/671 3931/3937/670
f 3936/3942/672 3935/3941/672 3933/3939/671
f 3938/3944/673 3937/3943/673 3935/3941/672
f 3940/3946/674 3939/3945/674 3937/3943/673
f 3942/3948/675 3941/3947/675 3939/3945/674
f 3944/3950/676 3943/3949/676 3941/3947/675
f 3946/3952/677 3945/3951/677 3943/3949/676
f 3948/3954/678 3947/3953/678 3945/3951/677
f 3950/3956/679 3949/3955/679 3947/3953/678
f 3952/3958/680 3951/3957/680 3949/3955/679
f 3954/3960/681 3953/3959/681 3951/3957/680
f 3956/3962/682 3955/3961/682 3953/3959/681
f 3958/3964/683 3957/3963/683 3955/3961/682
f 3960/3966/684 3959/3965/684 3957/3963/683
f 3962/3968/685 3961/3967/685 3959/3965/684
f 3964/3970/686 3963/3969/686 3961/3967/685
f 3966/3972/687 3965/3971/687 3963/3969/686
f 3968/3974/688 3967/3973/688 3965/3971/687
f 3970/3976/689 3969/3975/689 3967/3973/688
f 3972/3978/690 3971/3977/690 3969/3975/689
f 3974/3980/691 3973/3979/691 3971/3977/690
f 3976/3982/692 3975/3981/694 3973/3979/691
f 3978/3984/693 3977/3983/696 3975/3981/694
f 3980/3986/695 3979/3985/695 3977/3983/696
f 3982/3988/697 3981/3987/697 3979/3985/695
f 3984/3990/698 3983/3989/698 3981/3987/697
f 3986/3992/699 3985/3991/699 3983/3989/698
f 3988/3994/700 3987/3993/700 3985/3991/699
f 3990/3996/701 3989/3995/701 3987/3993/700
f 3992/3998/702 3991/3997/702 3989/3995/701
f 3994/4000/703 3993/3999/703 3991/3997/702
f 3996/4002/704 3995/4001/704 3993/3999/703
f 3998/4004/705 3997/4003/705 3995/4001/704
f 4000/4006/706 3999/4005/706 3997/4003/705
f 4002/4008/707 4001/4007/707 3999/4005/706
f 4004/4010/708 4003/4009/708 4001/4007/707
f 4006/4012/709 4005/4011/709 4003/4009/708
f 4008/4014/710 4007/4013/710 4005/4011/709
f 4010/4016/711 4009/4015/711 4007/4013/710
f 4012/4018/712 4011/4017/712 4009/4015/711
f 4014/4020/713 4013/4019/713 4011/4017/712
f 4016/4022/714 4015/4021/714 4013/4019/713
f 4018/4024/715 4017/4023/715 4015/4021/714
f 4020/4026/716 4019/4025/716 4017/4023/715
f 4022/4028/717 4021/4027/717 4019/4025/716
f 4024/4030/718 4023/4029/718 4021/4027/717
f 4026/4032/719 4025/4031/719 4023/4029/718
f 4028/4034/720 4027/4033/720 4025/4031/719
f 4030/4036/721 4029/4035/721 4027/4033/720
f 4032/4038/722 4031/4037/722 4029/4035/721
f 4034/4040/723 4033/4039/723 4031/4037/722
f 4036/4042/724 4035/4041/724 4033/4039/723
f 4038/4044/725 4037/4043/725 4035/4041/724
f 4040/4046/726 4039/4045/726 4037/4043/725
f 4042/4048/727 4041/4047/727 4039/4045/726
f 4044/4050/728 4043/4049/728 4041/4047/727
f 4046/4052/729 4045/4051/729 4043/4049/728
f 4048/4054/730 4047/4053/730 4045/4051/729
f 4050/4056/731 4049/4055/731 4047/4053/730
f 4052/4058/732 4051/4057/732 4049/4055/731
f 4054/4060/733 4053/4059/733 4051/4057/732
f 4056/4062/734 4055/4061/736 4053/4059/733
f 4058/4064/735 4057/4063/735 4055/4061/736
f 4060/4066/737 4059/4065/737 4057/4063/735
f 4062/4068/738 4061/4067/738 4059/4065/737
f 4064/4070/739 4063/4069/739 4061/4067/738
f 4066/4072/740 4065/4071/740 4063/4069/739
f 4068/4074/741 4067/4073/741 4065/4071/740
f 4070/4076/742 4069/4075/742 4067/4073/741
f 4072/4078/743 4071/4077/743 4069/4075/742
f 4074/4080/744 4073/4079/746 4071/4077/743
f 4076/4082/745 4075/4081/745 4073/4079/746
f 4078/4084/747 4077/4083/747 4075/4081/745
f 4080/4086/748 4079/4085/748 4077/4083/747
f 4082/4088/749 4081/4087/749 4079/4085/748
f 4084/4090/750 4083/4089/750 4081/4087/749
f 4086/4092/751 4085/4091/751 4083/4089/750
f 4088/4094/752 4087/4093/752 4085/4091/751
f 4090/4096/753 4089/4095/753 4087/4093/752
f 4092/4098/754 4091/4097/754 4089/4095/753
f 4094/4100/755 4093/4099/755 4091/4097/754
f 4096/4102/756 4095/4101/756 4093/4099/755
f 4098/4104/757 4097/4103/757 4095/4101/756
f 4100/4106/758 4099/4105/758 4097/4103/757
f 4102/4108/759 4101/4107/759 4099/4105/758
f 4104/4110/760 4103/4109/760 4101/4107/759
f 4106/4112/761 4105/4111/761 4103/4109/760
f 4108/4114/762 4107/4113/764 4105/4111/761
f 4110/4116/763 4109/4115/763 4107/4113/764
f 4112/4118/765 4111/4117/765 4109/4115/763
f 4114/4120/766 4113/4119/766 4111/4117/765
f 4116/4122/767 4115/4121/767 4113/4119/766
f 4118/4124/768 4117/4123/770 4115/4121/767
f 4120/4126/769 4119/4125/769 4117/4123/770
f 4122/4128/771 4121/4127/771 4119/4125/769
f 4124/4130/772 4123/4129/772 4121/4127/771
f 4126/4132/773 4125/4131/773 4123/4129/772
f 4128/4134/774 4127/4133/774 4125/4131/773
f 4130/4136/775 4129/4135/777 4127/4133/774
f 4132/4138/776 4131/4137/776 4129/4135/777
f 4134/4140/778 4133/4139/778 4131/4137/776
f 4136/4142/779 4135/4141/779 4133/4139/778
f 4138/4144/780 4137/4143/780 4135/4141/779
f 4140/4146/781 4139/4145/781 4137/4143/780
f 4142/4148/782 4141/4147/782 4139/4145/781
f 4144/4150/783 4143/4149/783 4141/4147/782
f 4146/4152/784 4145/4151/784 4143/4149/783
f 4148/4154/785 4147/4153/785 4145/4151/784
f 4150/4156/786 4149/4155/786 4147/4153/785
f 4152/4158/787 4151/4157/787 4149/4155/786
f 4154/4160/788 4153/4159/788 4151/4157/787
f 4156/4162/789 4155/4161/789 4153/4159/788
f 4158/4164/790 4157/4163/792 4155/4161/789
f 4160/4166/791 4159/4165/794 4157/4163/792
f 4162/4168/793 4161/4167/796 4159/4165/794
f 4164/4170/795 4163/4169/795 4161/4167/796
f 4166/4172/797 4165/4171/799 4163/4169/795
f 4168/4174/798 4167/4173/801 4165/4171/799
f 4170/4176/800 4169/4175/800 4167/4173/801
f 4172/4178/802 4171/4177/802 4169/4175/800
f 4174/4180/803 4173/4179/803 4171/4177/802
f 4176/4182/804 4175/4181/806 4173/4179/803
f 4178/4184/805 4177/4183/808 4175/4181/806
f 4180/4186/807 4179/4185/807 4177/4183/808
f 4182/4188/809 4181/4187/809 4179/4185/807
f 4184/4190/810 4183/4189/810 4181/4187/809
f 4186/4192/811 4185/4191/811 4183/4189/810
f 4188/4194/812 4187/4193/814 4185/4191/811
f 4190/4196/813 4189/4195/816 4187/4193/814
f 4192/4198/815 4191/4197/818 4189/4195/816
f 4194/4200/817 4193/4199/817 4191/4197/818
f 4196/4202/819 4195/4201/819 4193/4199/817
f 4198/4204/820 4197/4203/820 4195/4201/819
f 4200/4206/821 4199/4205/821 4197/4203/820
f 4202/4208/822 4201/4207/822 4199/4205/821
f 4204/4210/823 4203/4209/823 4201/4207/822
f 4206/4212/824 4205/4211/824 4203/4209/823
f 4208/4214/825 4207/4213/825 4205/4211/824
f 4210/4216/826 4209/4215/826 4207/4213/825
f 4212/4218/827 4211/4217/827 4209/4215/826
f 4214/4220/828 4213/4219/828 4211/4217/827
f 4216/4222/829 4215/4221/829 4213/4219/828
f 4218/4224/830 4217/4223/830 4215/4221/829
f 4220/4226/831 4219/4225/831 4217/4223/830
f 4222/4228/832 4221/4227/832 4219/4225/831
f 4224/4230/833 4223/4229/833 4221/4227/832
f 4226/4232/834 4225/4231/834 4223/4229/833
f 4228/4234/835 4227/4233/835 4225/4231/834
f 4230/4236/836 4229/4235/836 4227/4233/835
f 4232/4238/837 4231/4237/837 4229/4235/836
f 4234/4240/838 4233/4239/838 4231/4237/837
f 4236/4242/839 4235/4241/839 4233/4239/838
f 4238/4244/840 4237/4243/840 4235/4241/839
f 4240/4246/841 4239/4245/841 4237/4243/840
f 4242/4248/842 4241/4247/842 4239/4245/841
f 4244/4250/843 4243/4249/843 4241/4247/842
f 4246/4252/844 4245/4251/844 4243/4249/843
f 4248/4254/845 4247/4253/845 4245/4251/844
f 4250/4256/846 4249/4255/846 4247/4253/845
f 4252/4258/847 4251/4257/847 4249/4255/846
f 4254/4260/848 4253/4259/848 4251/4257/847
f 4256/4262/849 4255/4261/849 4253/4259/848
f 4258/4264/850 4257/4263/850 4255/4261/849
f 4260/4266/851 4259/4265/851 4257/4263/850
f 4262/4268/391 4261/4267/391 4259/4265/851
f 4264/4270/852 4263/4269/852 4261/4267/391
f 4266/4272/853 4265/4271/853 4263/4269/852
f 4268/4274/854 4267/4273/854 4265/4271/853
f 4270/4276/855 4269/4275/855 4267/4273/854
f 3928/3934/669 3927/3932/669 4269/4275/855
f 4274/4282/9 4273/4281/9 4271/4277/856
f 4276/4284/857 4275/4283/857 4273/4281/9
f 4278/4286/858 4277/4285/858 4275/4283/857
f 4280/4288/859 4279/4287/859 4277/4285/858
f 4282/4290/860 4281/4289/860 4279/4287/859
f 4284/4292/861 4283/4291/861 4281/4289/860
f 4286/4294/862 4285/4293/862 4283/4291/861
f 4288/4296/863 4287/4295/863 4285/4293/862
f 4290/4298/864 4289/4297/864 4287/4295/863
f 4292/4300/865 4291/4299/865 4289/4297/864
f 4294/4302/866 4293/4301/866 4291/4299/865
f 4296/4304/867 4295/4303/867 4293/4301/866
f 4298/4306/868 4297/4305/868 4295/4303/867
f 4300/4308/869 4299/4307/869 4297/4305/868
f 4302/4310/870 4301/4309/870 4299/4307/869
f 4304/4312/871 4303/4311/871 4301/4309/870
f 4306/4314/872 4305/4313/872 4303/4311/871
f 4308/4316/873 4307/4315/873 4305/4313/872
f 4310/4318/874 4309/4317/874 4307/4315/873
f 4312/4320/875 4311/4319/875 4309/4317/874
f 4314/4322/876 4313/4321/876 4311/4319/875
f 4316/4324/877 4315/4323/877 4313/4321/876
f 4318/4326/878 4317/4325/878 4315/4323/877
f 4320/4328/879 4319/4327/879 4317/4325/878
f 4322/4330/880 4321/4329/880 4319/4327/879
f 4324/4332/881 4323/4331/881 4321/4329/880
f 4326/4334/882 4325/4333/882 4323/4331/881
f 4328/4336/883 4327/4335/883 4325/4333/882
f 4330/4338/884 4329/4337/884 4327/4335/883
f 4332/4340/885 4331/4339/885 4329/4337/884
f 4334/4342/886 4333/4341/886 4331/4339/885
f 4336/4344/887 4335/4343/887 4333/4341/886
f 4338/4346/888 4337/4345/888 4335/4343/887
f 4340/4348/889 4339/4347/889 4337/4345/888
f 4342/4350/890 4341/4349/890 4339/4347/889
f 4344/4352/891 4343/4351/891 4341/4349/890
f 4346/4354/892 4345/4353/892 4343/4351/891
f 4348/4356/893 4347/4355/893 4345/4353/892
f 4350/4358/894 4349/4357/894 4347/4355/893
f 4352/4360/895 4351/4359/895 4349/4357/894
f 4354/4362/78 4353/4361/78 4351/4359/895
f 4356/4364/896 4355/4363/896 4353/4361/78
f 4358/4366/897 4357/4365/897 4355/4363/896
f 4360/4368/898 4359/4367/898 4357/4365/897
f 4362/4370/899 4361/4369/899 4359/4367/898
f 4364/4372/900 4363/4371/900 4361/4369/899
f 4366/4374/901 4365/4373/901 4363/4371/900
f 4368/4376/902 4367/4375/902 4365/4373/901
f 4370/4378/903 4369/4377/903 4367/4375/902
f 4372/4380/904 4371/4379/904 4369/4377/903
f 4374/4382/905 4373/4381/905 4371/4379/904
f 4376/4384/906 4375/4383/906 4373/4381/905
f 4378/4386/907 4377/4385/907 4375/4383/906
f 4380/4388/908 4379/4387/908 4377/4385/907
f 4382/4390/909 4381/4389/909 4379/4387/908
f 4384/4392/910 4383/4391/910 4381/4389/909
f 4386/4394/53 4385/4393/53 4383/4391/910
f 4388/4396/911 4387/4395/911 4385/4393/53
f 4390/4398/912 4389/4397/912 4387/4395/911
f 4392/4400/913 4391/4399/913 4389/4397/912
f 4394/4402/914 4393/4401/914 4391/4399/913
f 4396/4404/915 4395/4403/915 4393/4401/914
f 4398/4406/916 4397/4405/916 4395/4403/915
f 4400/4408/917 4399/4407/917 4397/4405/916
f 4402/4410/918 4401/4409/918 4399/4407/917
f 4404/4412/919 4403/4411/919 4401/4409/918
f 4406/4414/920 4405/4413/920 4403/4411/919
f 4408/4416/921 4407/4415/921 4405/4413/920
f 4410/4418/922 4409/4417/922 4407/4415/921
f 4412/4420/923 4411/4419/925 4409/4417/922
f 4414/4422/924 4413/4421/924 4411/4419/925
f 4416/4424/926 4415/4423/926 4413/4421/924
f 4418/4426/927 4417/4425/927 4415/4423/926
f 4420/4428/928 4419/4427/928 4417/4425/927
f 4422/4430/929 4421/4429/929 4419/4427/928
f 4424/4432/930 4423/4431/930 4421/4429/929
f 4426/4434/931 4425/4433/931 4423/4431/930
f 4428/4436/932 4427/4435/932 4425/4433/931
f 4430/4438/933 4429/4437/933 4427/4435/932
f 4432/4440/934 4431/4439/934 4429/4437/933
f 4434/4442/935 4433/4441/935 4431/4439/934
f 4436/4444/936 4435/4443/936 4433/4441/935
f 4438/4446/937 4437/4445/937 4435/4443/936
f 4440/4448/938 4439/4447/938 4437/4445/937
f 4442/4450/939 4441/4449/941 4439/4447/938
f 4444/4452/940 4443/4451/943 4441/4449/941
f 4446/4454/942 4445/4453/942 4443/4451/943
f 4448/4456/944 4447/4455/944 4445/4453/942
f 4450/4458/945 4449/4457/945 4447/4455/944
f 4452/4460/946 4451/4459/946 4449/4457/945
f 4454/4462/947 4453/4461/947 4451/4459/946
f 4456/4464/948 4455/4463/948 4453/4461/947
f 4458/4466/949 4457/4465/949 4455/4463/948
f 4460/4468/950 4459/4467/950 4457/4465/949
f 4462/4470/951 4461/4469/951 4459/4467/950
f 4464/4472/952 4463/4471/952 4461/4469/951
f 4466/4474/953 4465/4473/953 4463/4471/952
f 4468/4476/954 4467/4475/954 4465/4473/953
f 4470/4478/955 4469/4477/955 4467/4475/954
f 4472/4480/956 4471/4479/956 4469/4477/955
f 4474/4482/957 4473/4481/957 4471/4479/956
f 4476/4484/958 4475/4483/958 4473/4481/957
f 4478/4486/959 4477/4485/959 4475/4483/958
f 4480/4488/960 4479/4487/960 4477/4485/959
f 4482/4490/961 4481/4489/961 4479/4487/960
f 4484/4492/962 4483/4491/962 4481/4489/961
f 4486/4494/963 4485/4493/963 4483/4491/962
f 4488/4496/964 4487/4495/964 4485/4493/963
f 4490/4498/965 4489/4497/965 4487/4495/964
f 4492/4500/966 4491/4499/966 4489/4497/965
f 4494/4502/967 4493/4501/967 4491/4499/966
f 4496/4504/968 4495/4503/968 4493/4501/967
f 4498/4506/737 4497/4505/737 4495/4503/968
f 4500/4508/969 4499/4507/969 4497/4505/737
f 4502/4510/970 4501/4509/970 4499/4507/969
f 4504/4512/971 4503/4511/971 4501/4509/970
f 4506/4514/972 4505/4513/972 4503/4511/971
f 4508/4516/973 4507/4515/973 4505/4513/972
f 4510/4518/53 4509/4517/53 4507/4515/973
f 4512/4520/35 4511/4519/35 4509/4517/53
f 4514/4522/974 4513/4521/974 4511/4519/35
f 4516/4524/975 4515/4523/975 4513/4521/974
f 4518/4526/976 4517/4525/976 4515/4523/975
f 4520/4528/977 4519/4527/977 4517/4525/976
f 4522/4530/978 4521/4529/978 4519/4527/977
f 4524/4532/979 4523/4531/979 4521/4529/978
f 4526/4534/980 4525/4533/980 4523/4531/979
f 4528/4536/981 4527/4535/981 4525/4533/980
f 4530/4538/982 4529/4537/982 4527/4535/981
f 4532/4540/983 4531/4539/983 4529/4537/982
f 4534/4542/984 4533/4541/984 4531/4539/983
f 4536/4544/985 4535/4543/985 4533/4541/984
f 4538/4546/986 4537/4545/986 4535/4543/985
f 4272/4280/856 4271/4278/856 4537/4545/986
f 4542/4552/987 4541/4551/987 4539/4547/988
f 4544/4554/989 4543/4553/989 4541/4551/987
f 4546/4556/990 4545/4555/992 4543/4553/989
f 4548/4558/991 4547/4557/991 4545/4555/992
f 4550/4560/993 4549/4559/993 4547/4557/991
f 4552/4562/994 4551/4561/994 4549/4559/993
f 4554/4564/995 4553/4563/995 4551/4561/994
f 4556/4566/996 4555/4565/996 4553/4563/995
f 4558/4568/997 4557/4567/997 4555/4565/996
f 4560/4570/998 4559/4569/998 4557/4567/997
f 4562/4572/999 4561/4571/999 4559/4569/998
f 4564/4574/1000 4563/4573/1000 4561/4571/999
f 4566/4576/678 4565/4575/678 4563/4573/1000
f 4568/4578/1001 4567/4577/1001 4565/4575/678
f 4570/4580/1002 4569/4579/1002 4567/4577/1001
f 4572/4582/1003 4571/4581/1003 4569/4579/1002
f 4574/4584/1004 4573/4583/1004 4571/4581/1003
f 4576/4586/1005 4575/4585/1005 4573/4583/1004
f 4578/4588/1006 4577/4587/1006 4575/4585/1005
f 4580/4590/1007 4579/4589/1007 4577/4587/1006
f 4582/4592/1008 4581/4591/1008 4579/4589/1007
f 4584/4594/1009 4583/4593/1009 4581/4591/1008
f 4586/4596/1010 4585/4595/1010 4583/4593/1009
f 4588/4598/1011 4587/4597/1011 4585/4595/1010
f 4590/4600/1012 4589/4599/1012 4587/4597/1011
f 4592/4602/1013 4591/4601/1013 4589/4599/1012
f 4594/4604/1014 4593/4603/1014 4591/4601/1013
f 4596/4606/1015 4595/4605/1015 4593/4603/1014
f 4598/4608/1016 4597/4607/1016 4595/4605/1015
f 4600/4610/1017 4599/4609/1017 4597/4607/1016
f 4602/4612/1018 4601/4611/1018 4599/4609/1017
f 4604/4614/1019 4603/4613/1019 4601/4611/1018
f 4606/4616/1020 4605/4615/1020 4603/4613/1019
f 4608/4618/1021 4607/4617/1021 4605/4615/1020
f 4610/4620/1022 4609/4619/1022 4607/4617/1021
f 4612/4622/1023 4611/4621/1025 4609/4619/1022
f 4614/4624/1024 4613/4623/1024 4611/4621/1025
f 4616/4626/290 4615/4625/290 4613/4623/1024
f 4618/4628/1026 4617/4627/1026 4615/4625/290
f 4620/4630/1027 4619/4629/1027 4617/4627/1026
f 4622/4632/1028 4621/4631/1028 4619/4629/1027
f 4624/4634/1029 4623/4633/1029 4621/4631/1028
f 4626/4636/1030 4625/4635/1030 4623/4633/1029
f 4628/4638/1031 4627/4637/1031 4625/4635/1030
f 4630/4640/1032 4629/4639/1032 4627/4637/1031
f 4632/4642/1033 4631/4641/1033 4629/4639/1032
f 4634/4644/1034 4633/4643/1034 4631/4641/1033
f 4636/4646/1035 4635/4645/1035 4633/4643/1034
f 4638/4648/1036 4637/4647/1036 4635/4645/1035
f 4640/4650/507 4639/4649/507 4637/4647/1036
f 4642/4652/1037 4641/4651/1037 4639/4649/507
f 4644/4654/1038 4643/4653/1038 4641/4651/1037
f 4646/4656/1039 4645/4655/1041 4643/4653/1038
f 4648/4658/1040 4647/4657/1040 4645/4655/1041
f 4650/4660/1042 4649/4659/1042 4647/4657/1040
f 4652/4662/1043 4651/4661/1043 4649/4659/1042
f 4654/4664/1044 4653/4663/1044 4651/4661/1043
f 4656/4666/1045 4655/4665/1045 4653/4663/1044
f 4658/4668/1046 4657/4667/1046 4655/4665/1045
f 4660/4670/1047 4659/4669/1047 4657/4667/1046
f 4662/4672/1048 4661/4671/1048 4659/4669/1047
f 4664/4674/1049 4663/4673/1049 4661/4671/1048
f 4666/4676/1050 4665/4675/1052 4663/4673/1049
f 4668/4678/1051 4667/4677/1051 4665/4675/1052
f 4670/4680/1053 4669/4679/1053 4667/4677/1051
f 4672/4682/1054 4671/4681/1056 4669/4679/1053
f 4674/4684/1055 4673/4683/1055 4671/4681/1056
f 4676/4686/1057 4675/4685/1057 4673/4683/1055
f 4678/4688/1058 4677/4687/1058 4675/4685/1057
f 4680/4690/1059 4679/4689/1059 4677/4687/1058
f 4682/4692/1060 4681/4691/1060 4679/4689/1059
f 4684/4694/603 4683/4693/603 4681/4691/1060
f 4686/4696/1061 4685/4695/1061 4683/4693/603
f 4688/4698/1062 4687/4697/1062 4685/4695/1061
f 4690/4700/1063 4689/4699/1065 4687/4697/1062
f 4692/4702/1064 4691/4701/1064 4689/4699/1065
f 4694/4704/1066 4693/4703/1068 4691/4701/1064
f 4696/4706/1067 4695/4705/1067 4693/4703/1068
f 4698/4708/1069 4697/4707/1069 4695/4705/1067
f 4700/4710/1070 4699/4709/1072 4697/4707/1069
f 4702/4712/1071 4701/4711/1071 4699/4709/1072
f 4704/4714/1073 4703/4713/1073 4701/4711/1071
f 4706/4716/1074 4705/4715/1076 4703/4713/1073
f 4708/4718/1075 4707/4717/1075 4705/4715/1076
f 4710/4720/1077 4709/4719/1079 4707/4717/1075
f 4712/4722/1078 4711/4721/1078 4709/4719/1079
f 4714/4724/1080 4713/4723/1080 4711/4721/1078
f 4716/4726/1081 4715/4725/1081 4713/4723/1080
f 4718/4728/1082 4717/4727/1084 4715/4725/1081
f 4720/4730/1083 4719/4729/1083 4717/4727/1084
f 4722/4732/1085 4721/4731/1085 4719/4729/1083
f 4724/4734/1086 4723/4733/1086 4721/4731/1085
f 4726/4736/1087 4725/4735/1087 4723/4733/1086
f 4728/4738/1088 4727/4737/1088 4725/4735/1087
f 4730/4740/1089 4729/4739/1089 4727/4737/1088
f 4732/4742/1090 4731/4741/1090 4729/4739/1089
f 4734/4744/1091 4733/4743/1091 4731/4741/1090
f 4736/4746/1092 4735/4745/1092 4733/4743/1091
f 4738/4748/1093 4737/4747/1093 4735/4745/1092
f 4740/4750/1094 4739/4749/1094 4737/4747/1093
f 4742/4752/1095 4741/4751/1095 4739/4749/1094
f 4744/4754/1096 4743/4753/1096 4741/4751/1095
f 4746/4756/1097 4745/4755/1097 4743/4753/1096
f 4748/4758/1098 4747/4757/1098 4745/4755/1097
f 4750/4760/1099 4749/4759/1099 4747/4757/1098
f 4752/4762/1100 4751/4761/1100 4749/4759/1099
f 4754/4764/1101 4753/4763/1101 4751/4761/1100
f 4756/4766/1102 4755/4765/1102 4753/4763/1101
f 4758/4768/1103 4757/4767/1103 4755/4765/1102
f 4760/4770/1104 4759/4769/1104 4757/4767/1103
f 4762/4772/1105 4761/4771/1105 4759/4769/1104
f 4764/4774/1106 4763/4773/1106 4761/4771/1105
f 4766/4776/1107 4765/4775/1107 4763/4773/1106
f 4768/4778/1108 4767/4777/1108 4765/4775/1107
f 4770/4780/1109 4769/4779/1109 4767/4777/1108
f 4772/4782/1110 4771/4781/1110 4769/4779/1109
f 4774/4784/1111 4773/4783/1111 4771/4781/1110
f 4776/4786/1112 4775/4785/1112 4773/4783/1111
f 4778/4788/1113 4777/4787/1113 4775/4785/1112
f 4780/4790/1114 4779/4789/1114 4777/4787/1113
f 4540/4550/988 4539/4548/988 4779/4789/1114
f 4784/4796/1115 4783/4795/1115 4781/4791/1116
f 4786/4798/1117 4785/4797/1117 4783/4795/1115
f 4788/4800/1118 4787/4799/1118 4785/4797/1117
f 4790/4802/1119 4789/4801/1119 4787/4799/1118
f 4792/4804/410 4791/4803/410 4789/4801/1119
f 4794/4806/1120 4793/4805/1120 4791/4803/410
f 4796/4808/1121 4795/4807/1121 4793/4805/1120
f 4798/4810/1122 4797/4809/1122 4795/4807/1121
f 4800/4812/1123 4799/4811/1123 4797/4809/1122
f 4802/4814/1124 4801/4813/1124 4799/4811/1123
f 4804/4816/1125 4803/4815/1125 4801/4813/1124
f 4806/4818/1126 4805/4817/1126 4803/4815/1125
f 4808/4820/1127 4807/4819/1127 4805/4817/1126
f 4810/4822/1128 4809/4821/1128 4807/4819/1127
f 4812/4824/1129 4811/4823/1129 4809/4821/1128
f 4814/4826/1130 4813/4825/1130 4811/4823/1129
f 4816/4828/1131 4815/4827/1131 4813/4825/1130
f 4818/4830/1132 4817/4829/1132 4815/4827/1131
f 4820/4832/1133 4819/4831/1133 4817/4829/1132
f 4822/4834/1134 4821/4833/1134 4819/4831/1133
f 4824/4836/1135 4823/4835/1135 4821/4833/1134
f 4826/4838/1136 4825/4837/1136 4823/4835/1135
f 4828/4840/1137 4827/4839/1137 4825/4837/1136
f 4830/4842/1138 4829/4841/1138 4827/4839/1137
f 4832/4844/1139 4831/4843/1139 4829/4841/1138
f 4834/4846/1140 4833/4845/1140 4831/4843/1139
f 4836/4848/1141 4835/4847/1141 4833/4845/1140
f 4838/4850/1142 4837/4849/1142 4835/4847/1141
f 4840/4852/1143 4839/4851/1143 4837/4849/1142
f 4842/4854/1144 4841/4853/1144 4839/4851/1143
f 4844/4856/1145 4843/4855/1145 4841/4853/1144
f 4846/4858/1146 4845/4857/1148 4843/4855/1145
f 4848/4860/1147 4847/4859/1147 4845/4857/1148
f 4850/4862/1149 4849/4861/1149 4847/4859/1147
f 4852/4864/1150 4851/4863/1150 4849/4861/1149
f 4854/4866/1151 4853/4865/1151 4851/4863/1150
f 4856/4868/1152 4855/4867/1152 4853/4865/1151
f 4858/4870/1153 4857/4869/1153 4855/4867/1152
f 4860/4872/1154 4859/4871/1154 4857/4869/1153
f 4862/4874/1155 4861/4873/1155 4859/4871/1154
f 4864/4876/1156 4863/4875/1156 4861/4873/1155
f 4866/4878/1157 4865/4877/1157 4863/4875/1156
f 4868/4880/1158 4867/4879/1158 4865/4877/1157
f 4870/4882/1159 4869/4881/1159 4867/4879/1158
f 4872/4884/1160 4871/4883/1160 4869/4881/1159
f 4874/4886/1161 4873/4885/1161 4871/4883/1160
f 4876/4888/1162 4875/4887/1162 4873/4885/1161
f 4878/4890/1163 4877/4889/1163 4875/4887/1162
f 4880/4892/1164 4879/4891/1164 4877/4889/1163
f 4882/4894/1165 4881/4893/1165 4879/4891/1164
f 4884/4896/1166 4883/4895/1166 4881/4893/1165
f 4886/4898/1167 4885/4897/1167 4883/4895/1166
f 4888/4900/1168 4887/4899/1168 4885/4897/1167
f 4890/4902/1169 4889/4901/1169 4887/4899/1168
f 4892/4904/1170 4891/4903/1170 4889/4901/1169
f 4894/4906/1171 4893/4905/1171 4891/4903/1170
f 4896/4908/1172 4895/4907/1172 4893/4905/1171
f 4898/4910/1173 4897/4909/1173 4895/4907/1172
f 4900/4912/1174 4899/4911/1174 4897/4909/1173
f 4902/4914/1175 4901/4913/1177 4899/4911/1174
f 4904/4916/1176 4903/4915/1176 4901/4913/1177
f 4906/4918/1178 4905/4917/1178 4903/4915/1176
f 4908/4920/1179 4907/4919/1179 4905/4917/1178
f 4910/4922/1180 4909/4921/1180 4907/4919/1179
f 4912/4924/1181 4911/4923/1181 4909/4921/1180
f 4914/4926/1182 4913/4925/1184 4911/4923/1181
f 4916/4928/1183 4915/4927/1183 4913/4925/1184
f 4918/4930/1185 4917/4929/1185 4915/4927/1183
f 4920/4932/1186 4919/4931/1186 4917/4929/1185
f 4922/4934/1187 4921/4933/1187 4919/4931/1186
f 4924/4936/1188 4923/4935/1189 4921/4933/1187
f 4926/4938/232 4925/4937/232 4923/4935/1189
f 4928/4940/1190 4927/4939/1190 4925/4937/232
f 4930/4942/1191 4929/4941/1191 4927/4939/1190
f 4932/4944/1192 4931/4943/1194 4929/4941/1191
f 4934/4946/1193 4933/4945/1193 4931/4943/1194
f 4936/4948/1195 4935/4947/1195 4933/4945/1193
f 4938/4950/1196 4937/4949/1196 4935/4947/1195
f 4940/4952/1197 4939/4951/1197 4937/4949/1196
f 4942/4954/1198 4941/4953/1198 4939/4951/1197
f 4944/4956/113 4943/4955/113 4941/4953/1198
f 4946/4958/1199 4945/4957/1201 4943/4955/113
f 4948/4960/1200 4947/4959/1200 4945/4957/1201
f 4950/4962/1202 4949/4961/1204 4947/4959/1200
f 4952/4964/1203 4951/4963/1203 4949/4961/1204
f 4954/4966/1205 4953/4965/1205 4951/4963/1203
f 4956/4968/1206 4955/4967/1206 4953/4965/1205
f 4958/4970/1207 4957/4969/1207 4955/4967/1206
f 4960/4972/1208 4959/4971/1208 4957/4969/1207
f 4962/4974/1209 4961/4973/1209 4959/4971/1208
f 4964/4976/1210 4963/4975/1210 4961/4973/1209
f 4966/4978/1211 4965/4977/1211 4963/4975/1210
f 4968/4980/1212 4967/4979/1212 4965/4977/1211
f 4970/4982/1213 4969/4981/1213 4967/4979/1212
f 4972/4984/1214 4971/4983/1214 4969/4981/1213
f 4974/4986/1215 4973/4985/1215 4971/4983/1214
f 4976/4988/1216 4975/4987/1216 4973/4985/1215
f 4978/4990/1217 4977/4989/1217 4975/4987/1216
f 4980/4992/1218 4979/4991/1218 4977/4989/1217
f 4982/4994/1219 4981/4993/1219 4979/4991/1218
f 4984/4996/1220 4983/4995/1220 4981/4993/1219
f 4986/4998/1221 4985/4997/1221 4983/4995/1220
f 4988/5000/1222 4987/4999/1222 4985/4997/1221
f 4990/5002/1223 4989/5001/1223 4987/4999/1222
f 4992/5004/1224 4991/5003/1224 4989/5001/1223
f 4994/5006/1225 4993/5005/1225 4991/5003/1224
f 4996/5008/1226 4995/5007/1226 4993/5005/1225
f 4998/5010/1227 4997/5009/1227 4995/5007/1226
f 5000/5012/1228 4999/5011/1228 4997/5009/1227
f 5002/5014/1229 5001/5013/1229 4999/5011/1228
f 5004/5016/1230 5003/5015/1230 5001/5013/1229
f 5006/5018/1231 5005/5017/1231 5003/5015/1230
f 5008/5020/1232 5007/5019/1234 5005/5017/1231
f 5010/5022/1233 5009/5021/1233 5007/5019/1234
f 5012/5024/1235 5011/5023/1237 5009/5021/1233
f 5014/5026/1236 5013/5025/1236 5011/5023/1237
f 5016/5028/1238 5015/5027/1238 5013/5025/1236
f 5018/5030/1239 5017/5029/1239 5015/5027/1238
f 5020/5032/1240 5019/5031/1240 5017/5029/1239
f 5022/5034/1241 5021/5033/1241 5019/5031/1240
f 4782/4794/1116 4781/4792/1116 5021/5033/1241
f 5026/5040/1242 5025/5039/1242 5023/5035/1243
f 5028/5042/1245 5027/5041/1247 5025/5039/1242
f 5030/5044/1246 5029/5043/1246 5027/5041/1247
f 5032/5046/1248 5031/5045/1250 5029/5043/1246
f 5034/5048/1249 5033/5047/1252 5031/5045/1250
f 5036/5050/1251 5035/5049/1251 5033/5047/1252
f 5038/5052/1253 5037/5051/1253 5035/5049/1251
f 5040/5054/1254 5039/5053/1254 5037/5051/1253
f 5042/5056/1255 5041/5055/1257 5039/5053/1254
f 5044/5058/1256 5043/5057/1259 5041/5055/1257
f 5046/5060/1258 5045/5059/1261 5043/5057/1259
f 5048/5062/1260 5047/5061/1260 5045/5059/1261
f 5050/5064/1262 5049/5063/1262 5047/5061/1260
f 5052/5066/1263 5051/5065/1263 5049/5063/1262
f 5054/5068/1264 5053/5067/1264 5051/5065/1263
f 5056/5070/1265 5055/5069/1265 5053/5067/1264
f 5058/5072/1266 5057/5071/1266 5055/5069/1265
f 5060/5074/1267 5059/5073/1267 5057/5071/1266
f 5062/5076/1268 5061/5075/1268 5059/5073/1267
f 5064/5078/1269 5063/5077/1269 5061/5075/1268
f 5066/5080/1270 5065/5079/1270 5063/5077/1269
f 5068/5082/1271 5067/5081/1271 5065/5079/1270
f 5070/5084/1272 5069/5083/1272 5067/5081/1271
f 5072/5086/1273 5071/5085/1273 5069/5083/1272
f 5074/5088/1274 5073/5087/1274 5071/5085/1273
f 5076/5090/1275 5075/5089/1275 5073/5087/1274
f 5078/5092/1276 5077/5091/1276 5075/5089/1275
f 5080/5094/1277 5079/5093/1277 5077/5091/1276
f 5082/5096/1278 5081/5095/1278 5079/5093/1277
f 5084/5098/1279 5083/5097/1279 5081/5095/1278
f 5086/5100/1026 5085/5099/1281 5083/5097/1279
f 5088/5102/1280 5087/5101/1283 5085/5099/1281
f 5090/5104/1282 5089/5103/1282 5087/5101/1283
f 5092/5106/1284 5091/5105/1284 5089/5103/1282
f 5094/5108/1285 5093/5107/1285 5091/5105/1284
f 5096/5110/1286 5095/5109/1286 5093/5107/1285
f 5098/5112/1287 5097/5111/1287 5095/5109/1286
f 5100/5114/1288 5099/5113/1288 5097/5111/1287
f 5102/5116/1289 5101/5115/1289 5099/5113/1288
f 5104/5118/1290 5103/5117/1292 5101/5115/1289
f 5106/5120/1291 5105/5119/1291 5103/5117/1292
f 5108/5122/1293 5107/5121/1295 5105/5119/1291
f 5110/5124/1294 5109/5123/1294 5107/5121/1295
f 5112/5126/1296 5111/5125/1296 5109/5123/1294
f 5114/5128/1297 5113/5127/1297 5111/5125/1296
f 5116/5130/1298 5115/5129/1298 5113/5127/1297
f 5118/5132/1299 5117/5131/1299 5115/5129/1298
f 5120/5134/1300 5119/5133/1300 5117/5131/1299
f 5122/5136/669 5121/5135/669 5119/5133/1300
f 5124/5138/669 5123/5137/669 5121/5135/669
f 5126/5140/669 5125/5139/669 5123/5137/669
f 5128/5142/669 5127/5141/669 5125/5139/669
f 5130/5144/669 5129/5143/669 5127/5141/669
f 5132/5146/669 5131/5145/669 5129/5143/669
f 5134/5148/669 5133/5147/669 5131/5145/669
f 5136/5150/669 5135/5149/669 5133/5147/669
f 5138/5152/669 5137/5151/669 5135/5149/669
f 5140/5154/669 5139/5153/669 5137/5151/669
f 5142/5156/669 5141/5155/669 5139/5153/669
f 5144/5158/1301 5143/5157/1301 5141/5155/669
f 5146/5160/1302 5145/5159/1302 5143/5157/1301
f 5148/5162/1303 5147/5161/1303 5145/5159/1302
f 5150/5164/1304 5149/5163/1304 5147/5161/1303
f 5152/5166/1305 5151/5165/1305 5149/5163/1304
f 5154/5168/1306 5153/5167/1306 5151/5165/1305
f 5156/5170/1307 5155/5169/1307 5153/5167/1306
f 5158/5172/1308 5157/5171/1308 5155/5169/1307
f 5160/5174/1309 5159/5173/1309 5157/5171/1308
f 5162/5176/1310 5161/5175/1310 5159/5173/1309
f 5164/5178/1311 5163/5177/1311 5161/5175/1310
f 5166/5180/1312 5165/5179/1312 5163/5177/1311
f 5168/5182/1313 5167/5181/1313 5165/5179/1312
f 5170/5184/1314 5169/5183/1314 5167/5181/1313
f 5172/5186/1315 5171/5185/1315 5169/5183/1314
f 5174/5188/1316 5173/5187/1316 5171/5185/1315
f 5176/5190/999 5175/5189/999 5173/5187/1316
f 5178/5192/1317 5177/5191/1317 5175/5189/999
f 5180/5194/1318 5179/5193/1318 5177/5191/1317
f 5182/5196/1319 5181/5195/1319 5179/5193/1318
f 5184/5198/1320 5183/5197/1320 5181/5195/1319
f 5186/5200/1321 5185/5199/1321 5183/5197/1320
f 5188/5202/1322 5187/5201/1322 5185/5199/1321
f 5190/5204/1323 5189/5203/1323 5187/5201/1322
f 5192/5206/1324 5191/5205/1324 5189/5203/1323
f 5194/5208/1325 5193/5207/1327 5191/5205/1324
f 5196/5210/1326 5195/5209/1326 5193/5207/1327
f 5198/5212/1328 5197/5211/1330 5195/5209/1326
f 5200/5214/1329 5199/5213/1329 5197/5211/1330
f 5202/5216/1331 5201/5215/1331 5199/5213/1329
f 5204/5218/1332 5203/5217/773 5201/5215/1331
f 5206/5220/1333 5205/5219/1333 5203/5217/773
f 5208/5222/1334 5207/5221/1334 5205/5219/1333
f 5210/5224/1335 5209/5223/1335 5207/5221/1334
f 5212/5226/1336 5211/5225/1336 5209/5223/1335
f 5214/5228/1337 5213/5227/1337 5211/5225/1336
f 5216/5230/1338 5215/5229/1338 5213/5227/1337
f 5218/5232/1172 5217/5231/1172 5215/5229/1338
f 5220/5234/1339 5219/5233/1339 5217/5231/1172
f 5222/5236/1340 5221/5235/1340 5219/5233/1339
f 5224/5238/1341 5223/5237/1341 5221/5235/1340
f 5226/5240/1342 5225/5239/1342 5223/5237/1341
f 5228/5242/1343 5227/5241/1343 5225/5239/1342
f 5230/5244/1344 5229/5243/1344 5227/5241/1343
f 5232/5246/1345 5231/5245/1345 5229/5243/1344
f 5234/5248/1346 5233/5247/1346 5231/5245/1345
f 5236/5250/1347 5235/5249/1347 5233/5247/1346
f 5238/5252/1348 5237/5251/1348 5235/5249/1347
f 5240/5254/1349 5239/5253/1349 5237/5251/1348
f 5242/5256/1350 5241/5255/1350 5239/5253/1349
f 5244/5258/1351 5243/5257/1351 5241/5255/1350
f 5246/5260/1352 5245/5259/1352 5243/5257/1351
f 5248/5262/1353 5247/5261/1353 5245/5259/1352
f 5250/5264/1354 5249/5263/1354 5247/5261/1353
f 5252/5266/1355 5251/5265/1355 5249/5263/1354
f 5254/5268/1356 5253/5267/1356 5251/5265/1355
f 5256/5270/1357 5255/5269/1357 5253/5267/1356
f 5258/5272/1358 5257/5271/1358 5255/5269/1357
f 5260/5274/1359 5259/5273/1359 5257/5271/1358
f 5262/5276/1360 5261/5275/1360 5259/5273/1359
f 5264/5278/1361 5263/5277/1361 5261/5275/1360
f 5266/5280/1362 5265/5279/1362 5263/5277/1361
f 5268/5282/1363 5267/5281/1363 5265/5279/1362
f 5270/5284/1364 5269/5283/1364 5267/5281/1363
f 5272/5286/1365 5271/5285/1365 5269/5283/1364
f 5274/5288/1366 5273/5287/1368 5271/5285/1365
f 5276/5290/1367 5275/5289/1367 5273/5287/1368
f 5278/5292/1369 5277/5291/1369 5275/5289/1367
f 5280/5294/1370 5279/5293/1372 5277/5291/1369
f 5282/5296/1371 5281/5295/1371 5279/5293/1372
f 5284/5298/1373 5283/5297/1375 5281/5295/1371
f 5286/5300/1374 5285/5299/1374 5283/5297/1375
f 5288/5302/1376 5287/5301/1376 5285/5299/1374
f 5290/5304/1377 5289/5303/1377 5287/5301/1376
f 5292/5306/1378 5291/5305/1378 5289/5303/1377
f 5294/5308/1379 5293/5307/1379 5291/5305/1378
f 5296/5310/1380 5295/5309/1380 5293/5307/1379
f 5298/5312/1381 5297/5311/1381 5295/5309/1380
f 5300/5314/1382 5299/5313/1382 5297/5311/1381
f 5302/5316/1383 5301/5315/1383 5299/5313/1382
f 5304/5318/1384 5303/5317/1384 5301/5315/1383
f 5306/5320/754 5305/5319/754 5303/5317/1384
f 5308/5322/1385 5307/5321/1385 5305/5319/754
f 5310/5324/1386 5309/5323/1386 5307/5321/1385
f 5312/5326/1387 5311/5325/1387 5309/5323/1386
f 5314/5328/1388 5313/5327/1388 5311/5325/1387
f 5316/5330/1389 5315/5329/1389 5313/5327/1388
f 5318/5332/1390 5317/5331/1390 5315/5329/1389
f 5320/5334/1391 5319/5333/1391 5317/5331/1390
f 5322/5336/1392 5321/5335/1392 5319/5333/1391
f 5324/5338/1393 5323/5337/1393 5321/5335/1392
f 5326/5340/1394 5325/5339/1396 5323/5337/1393
f 5328/5342/1395 5327/5341/1398 5325/5339/1396
f 5330/5344/1397 5329/5343/1397 5327/5341/1398
f 5332/5346/1399 5331/5345/1399 5329/5343/1397
f 5334/5348/1400 5333/5347/1402 5331/5345/1399
f 5336/5350/1401 5335/5349/1401 5333/5347/1402
f 5338/5352/1403 5337/5351/1403 5335/5349/1401
f 5340/5354/1404 5339/5353/1404 5337/5351/1403
f 5342/5356/1405 5341/5355/1405 5339/5353/1404
f 5344/5358/1406 5343/5357/1406 5341/5355/1405
f 5346/5360/1407 5345/5359/1407 5343/5357/1406
f 5348/5362/1408 5347/5361/1408 5345/5359/1407
f 5350/5364/1409 5349/5363/1409 5347/5361/1408
f 5352/5366/1410 5351/5365/1410 5349/5363/1409
f 5354/5368/1411 5353/5367/1411 5351/5365/1410
f 5356/5370/1412 5355/5369/1412 5353/5367/1411
f 5358/5372/1413 5357/5371/1413 5355/5369/1412
f 5360/5374/1414 5359/5373/1414 5357/5371/1413
f 5362/5376/1415 5361/5375/1415 5359/5373/1414
f 5364/5378/1416 5363/5377/1418 5361/5375/1415
f 5366/5380/1417 5365/5379/1417 5363/5377/1418
f 5368/5382/1419 5367/5381/1419 5365/5379/1417
f 5370/5384/1420 5369/5383/1420 5367/5381/1419
f 5372/5386/1421 5371/5385/1421 5369/5383/1420
f 5374/5388/1422 5373/5387/1422 5371/5385/1421
f 5376/5390/1423 5375/5389/1423 5373/5387/1422
f 5378/5392/1424 5377/5391/1426 5375/5389/1423
f 5380/5394/1425 5379/5393/1425 5377/5391/1426
f 5382/5396/1427 5381/5395/1429 5379/5393/1425
f 5384/5398/1428 5383/5397/1428 5381/5395/1429
f 5024/5038/1244 5023/5036/1243 5383/5397/1428
