# Blender 3.5.0
# www.blender.org
mtllib GarbageCan.mtl
o 円柱
v 0.000000 2.285758 -1.843191
v 0.304038 2.285758 -1.807775
v 0.596392 2.285758 -1.702887
v 0.865826 2.285758 -1.532558
v 1.101988 2.285758 -1.303333
v 1.295800 2.285758 -1.024022
v 1.439816 2.285758 -0.705359
v 1.528501 2.285758 -0.359589
v 1.558446 2.285758 -0.000000
v 1.528501 2.285758 0.359589
v 1.439816 2.285758 0.705359
v 1.295800 2.285758 1.024022
v 1.101988 2.285758 1.303333
v 0.865826 2.285758 1.532558
v 0.596392 2.285758 1.702887
v 0.304038 2.285758 1.807775
v 0.000000 2.285758 1.843191
v -0.304038 2.285758 1.807775
v -0.596391 2.285758 1.702887
v -0.865826 2.285758 1.532558
v -1.101988 2.285758 1.303333
v -1.295800 2.285758 1.024022
v -1.439816 2.285758 0.705359
v -1.528501 2.285758 0.359589
v -1.558446 2.285758 -0.000000
v -1.528501 2.285758 -0.359589
v -1.439816 2.285758 -0.705359
v -1.295800 2.285758 -1.024022
v -1.101988 2.285758 -1.303333
v -0.865826 2.285758 -1.532558
v -0.596391 2.285758 -1.702887
v -0.304038 2.285758 -1.807775
v 0.000000 -2.285758 -1.693976
v 0.000000 -2.160202 -1.843191
v 0.279425 -2.285758 -1.661427
v 0.304038 -2.160202 -1.807775
v 0.548111 -2.285758 -1.565030
v 0.596392 -2.160202 -1.702887
v 0.795733 -2.285758 -1.408490
v 0.865826 -2.160202 -1.532558
v 1.012776 -2.285758 -1.197822
v 1.101988 -2.160202 -1.303333
v 1.190899 -2.285758 -0.941122
v 1.295800 -2.160202 -1.024022
v 1.323256 -2.285758 -0.648257
v 1.439816 -2.160202 -0.705359
v 1.404761 -2.285758 -0.330479
v 1.528501 -2.160202 -0.359589
v 1.432282 -2.285758 -0.000000
v 1.558446 -2.160202 -0.000000
v 1.404761 -2.285758 0.330479
v 1.528501 -2.160202 0.359589
v 1.323256 -2.285758 0.648257
v 1.439816 -2.160202 0.705359
v 1.190899 -2.285758 0.941122
v 1.295800 -2.160202 1.024022
v 1.012776 -2.285758 1.197822
v 1.101988 -2.160202 1.303333
v 0.795733 -2.285758 1.408490
v 0.865826 -2.160202 1.532558
v 0.548111 -2.285758 1.565030
v 0.596392 -2.160202 1.702887
v 0.279425 -2.285758 1.661427
v 0.304038 -2.160202 1.807775
v 0.000000 -2.285758 1.693976
v 0.000000 -2.160202 1.843191
v -0.279425 -2.285758 1.661427
v -0.304038 -2.160202 1.807775
v -0.548111 -2.285758 1.565030
v -0.596391 -2.160202 1.702887
v -0.795733 -2.285758 1.408490
v -0.865826 -2.160202 1.532558
v -1.012776 -2.285758 1.197822
v -1.101988 -2.160202 1.303333
v -1.190899 -2.285758 0.941122
v -1.295800 -2.160202 1.024022
v -1.323256 -2.285758 0.648257
v -1.439816 -2.160202 0.705359
v -1.404761 -2.285758 0.330479
v -1.528501 -2.160202 0.359589
v -1.432282 -2.285758 -0.000000
v -1.558446 -2.160202 -0.000000
v -1.404761 -2.285758 -0.330479
v -1.528501 -2.160202 -0.359589
v -1.323256 -2.285758 -0.648257
v -1.439816 -2.160202 -0.705359
v -1.190899 -2.285758 -0.941122
v -1.295800 -2.160202 -1.024022
v -1.012776 -2.285758 -1.197822
v -1.101988 -2.160202 -1.303333
v -0.795733 -2.285758 -1.408490
v -0.865826 -2.160202 -1.532558
v -0.548111 -2.285758 -1.565030
v -0.596391 -2.160202 -1.702887
v -0.279425 -2.285758 -1.661427
v -0.304038 -2.160202 -1.807775
v 0.000000 2.209126 -1.886273
v 0.319163 2.209126 -1.850029
v 0.626061 2.209126 -1.742689
v 0.908900 2.209126 -1.568379
v 1.156810 2.209126 -1.333797
v 1.360265 2.209126 -1.047958
v 1.511445 2.209126 -0.721846
v 1.604542 2.209126 -0.367994
v 1.635977 2.209126 0.000000
v 1.604542 2.209126 0.367994
v 1.511445 2.209126 0.721846
v 1.360265 2.209126 1.047958
v 1.156810 2.209126 1.333797
v 0.908900 2.209126 1.568379
v 0.626061 2.209126 1.742689
v 0.319163 2.209126 1.850029
v 0.000000 2.209126 1.886273
v -0.319163 2.209126 1.850029
v -0.626061 2.209126 1.742689
v -0.908900 2.209126 1.568379
v -1.156810 2.209126 1.333797
v -1.360265 2.209126 1.047958
v -1.511445 2.209126 0.721846
v -1.604542 2.209126 0.367994
v -1.635977 2.209126 0.000000
v -1.604542 2.209126 -0.367994
v -1.511445 2.209126 -0.721846
v -1.360265 2.209126 -1.047958
v -1.156810 2.209126 -1.333797
v -0.908900 2.209126 -1.568379
v -0.626061 2.209126 -1.742689
v -0.319163 2.209126 -1.850029
v 0.000000 2.682019 -0.822959
v 0.000000 2.328635 -1.886273
v 0.139247 2.682019 -0.807146
v 0.319163 2.328635 -1.850029
v 0.273143 2.682019 -0.760315
v 0.626061 2.328635 -1.742689
v 0.396542 2.682019 -0.684265
v 0.908900 2.328635 -1.568379
v 0.504703 2.682019 -0.581920
v 1.156810 2.328635 -1.333797
v 0.593467 2.682019 -0.457211
v 1.360265 2.328635 -1.047958
v 0.659426 2.682019 -0.314933
v 1.511445 2.328635 -0.721846
v 0.700043 2.682019 -0.160551
v 1.604542 2.328635 -0.367994
v 0.713757 2.682019 0.000000
v 1.635977 2.328635 0.000000
v 0.700043 2.682019 0.160551
v 1.604542 2.328635 0.367994
v 0.659426 2.682019 0.314933
v 1.511445 2.328635 0.721846
v 0.593468 2.682019 0.457211
v 1.360265 2.328635 1.047958
v 0.504703 2.682019 0.581920
v 1.156810 2.328635 1.333797
v 0.396542 2.682019 0.684265
v 0.908900 2.328635 1.568379
v 0.273143 2.682019 0.760315
v 0.626061 2.328635 1.742689
v 0.139247 2.682019 0.807146
v 0.319163 2.328635 1.850029
v 0.000000 2.682019 0.822959
v 0.000000 2.328635 1.886273
v -0.139247 2.682019 0.807146
v -0.319163 2.328635 1.850029
v -0.273143 2.682019 0.760315
v -0.626061 2.328635 1.742689
v -0.396542 2.682019 0.684265
v -0.908900 2.328635 1.568379
v -0.504703 2.682019 0.581920
v -1.156810 2.328635 1.333797
v -0.593467 2.682019 0.457212
v -1.360265 2.328635 1.047958
v -0.659426 2.682019 0.314933
v -1.511445 2.328635 0.721846
v -0.700043 2.682019 0.160551
v -1.604542 2.328635 0.367994
v -0.713757 2.682019 0.000000
v -1.635977 2.328635 0.000000
v -0.700043 2.682019 -0.160551
v -1.604542 2.328635 -0.367994
v -0.659426 2.682019 -0.314933
v -1.511445 2.328635 -0.721846
v -0.593467 2.682019 -0.457211
v -1.360265 2.328635 -1.047958
v -0.504703 2.682019 -0.581920
v -1.156810 2.328635 -1.333797
v -0.396542 2.682019 -0.684265
v -0.908900 2.328635 -1.568379
v -0.273143 2.682019 -0.760315
v -0.626061 2.328635 -1.742689
v -0.139247 2.682019 -0.807146
v -0.319163 2.328635 -1.850029
v 1.262145 1.832714 0.323998
v 1.262145 2.227177 0.323998
v 1.262145 1.832714 -0.323998
v 1.262145 2.227177 -0.323998
v 1.656608 1.832714 0.323998
v 1.656608 2.227177 0.323998
v 1.656608 1.832714 -0.323998
v 1.656608 2.227177 -0.323998
v 1.262145 2.029946 0.323998
v 1.262145 2.029946 -0.323998
v 1.656608 2.029946 -0.323998
v 1.656608 2.029946 0.323998
v 1.262145 1.931330 -0.323998
v 1.656608 1.931330 -0.323998
v 1.656608 1.931330 0.323998
v 1.262145 1.931330 0.323998
v 1.262145 1.832714 0.200919
v 1.262145 2.227177 0.200919
v 1.656608 1.832714 0.273064
v 1.656608 2.227177 0.200919
v 1.656608 2.029946 0.273064
v 1.262145 2.029946 0.200919
v 1.262145 1.931330 0.200919
v 1.656608 1.931330 0.273064
v 1.262145 2.227177 -0.192768
v 1.656608 1.832714 -0.278794
v 1.262145 2.029946 -0.192768
v 1.262145 1.931330 -0.192768
v 1.262145 1.832714 -0.192768
v 1.656608 2.227177 -0.192768
v 1.656608 2.029946 -0.278794
v 1.656608 1.931330 -0.278794
v 1.262145 1.832714 0.115601
v 1.656608 2.227177 0.115601
v 1.656608 2.029946 0.187746
v 1.660299 1.972012 0.115601
v 1.262145 2.227177 0.115601
v 1.586378 1.997750 0.115601
v 1.262145 2.029946 0.115601
v 1.262145 1.931330 0.115601
v 1.262145 2.227177 -0.131676
v 1.586378 1.997750 -0.131676
v 1.262145 2.029946 -0.131676
v 1.262145 1.931330 -0.131676
v 1.262145 1.832714 -0.131676
v 1.656608 2.227177 -0.131676
v 1.656608 2.029946 -0.217702
v 1.660299 1.972012 -0.131676
v -1.306400 1.832714 -0.323998
v -1.306400 2.227177 -0.323998
v -1.306400 1.832714 0.323998
v -1.306400 2.227177 0.323998
v -1.700863 1.832714 -0.323998
v -1.700863 2.227177 -0.323998
v -1.700863 1.832714 0.323998
v -1.700863 2.227177 0.323998
v -1.306400 2.029946 -0.323998
v -1.306400 2.029946 0.323998
v -1.700863 2.029946 0.323998
v -1.700863 2.029946 -0.323998
v -1.306400 1.931330 0.323998
v -1.700863 1.931330 0.323998
v -1.700863 1.931330 -0.323998
v -1.306400 1.931330 -0.323998
v -1.306400 1.832714 -0.200919
v -1.306400 2.227177 -0.200919
v -1.700863 1.832714 -0.273064
v -1.700863 2.227177 -0.200919
v -1.700863 2.029946 -0.273064
v -1.306400 2.029946 -0.200919
v -1.306400 1.931330 -0.200919
v -1.700863 1.931330 -0.273064
v -1.306400 2.227177 0.192768
v -1.700863 1.832714 0.278794
v -1.306400 2.029946 0.192768
v -1.306400 1.931330 0.192768
v -1.306400 1.832714 0.192768
v -1.700863 2.227177 0.192768
v -1.700863 2.029946 0.278794
v -1.700863 1.931330 0.278794
v -1.306400 1.832714 -0.115601
v -1.700863 2.227177 -0.115601
v -1.700863 2.029946 -0.187746
v -1.704554 1.972012 -0.115601
v -1.306400 2.227177 -0.115601
v -1.630633 1.997750 -0.115601
v -1.306400 2.029946 -0.115601
v -1.306400 1.931330 -0.115601
v -1.306400 2.227177 0.131676
v -1.630633 1.997750 0.131676
v -1.306400 2.029946 0.131676
v -1.306400 1.931330 0.131676
v -1.306400 1.832714 0.131676
v -1.700863 2.227177 0.131676
v -1.700863 2.029946 0.217702
v -1.704554 1.972012 0.131676
v 0.326838 2.043594 -1.835210
v 0.326838 2.370260 -1.752987
v -0.321157 2.043594 -1.768999
v -0.321157 2.370260 -1.752987
v 0.326838 2.043594 -1.843462
v 0.326838 2.370260 -1.909673
v -0.321157 2.043594 -1.818084
v -0.321157 2.370260 -1.909673
v 0.326838 2.240825 -1.835210
v -0.321157 2.240825 -1.835210
v -0.321157 2.240825 -1.909673
v 0.326838 2.240825 -1.909673
v -0.321157 2.142210 -1.835210
v -0.321157 2.142210 -1.909673
v 0.326838 2.142210 -1.909673
v 0.326838 2.142210 -1.835210
v 0.203759 2.043594 -1.835210
v 0.203759 2.370260 -1.752987
v 0.275905 2.043594 -1.843462
v 0.203759 2.370260 -1.909673
v 0.275905 2.240825 -1.909673
v 0.203759 2.240825 -1.835210
v 0.203759 2.142210 -1.835210
v 0.275905 2.142210 -1.909673
v -0.189928 2.370260 -1.752987
v -0.275954 2.043594 -1.843462
v -0.189928 2.240825 -1.835210
v -0.189928 2.142210 -1.835210
v -0.189928 2.043594 -1.835210
v -0.189928 2.370260 -1.909673
v -0.275954 2.240825 -1.909673
v -0.275954 2.142210 -1.909673
v 0.118441 2.043594 -1.835210
v 0.118441 2.370260 -1.909673
v 0.190586 2.240825 -1.909673
v 0.118441 2.182891 -1.910370
v 0.118441 2.370260 -1.752987
v 0.118441 2.208629 -1.896415
v 0.118441 2.240825 -1.835210
v 0.118441 2.142210 -1.835210
v -0.128836 2.370260 -1.752987
v -0.128836 2.208629 -1.896415
v -0.128836 2.240825 -1.835210
v -0.128836 2.142210 -1.835210
v -0.128836 2.043594 -1.835210
v -0.128836 2.370260 -1.909673
v -0.214862 2.240825 -1.909673
v -0.128836 2.182891 -1.910370
v 0.326838 2.339441 -1.835210
v -0.321157 2.339441 -1.835210
v -0.321157 2.339441 -1.909673
v 0.326838 2.339441 -1.909673
v 0.239832 2.339441 -1.909673
v 0.203759 2.339441 -1.835210
v -0.232941 2.339441 -1.909673
v -0.189928 2.339441 -1.835210
v 0.118441 2.339441 -1.835210
v 0.154514 2.339441 -1.909673
v -0.171849 2.339441 -1.909673
v -0.128836 2.339441 -1.835210
v -0.321157 2.043594 1.836846
v -0.321157 2.370260 1.754623
v 0.326838 2.043594 1.770635
v 0.326838 2.370260 1.754623
v -0.321157 2.043594 1.845098
v -0.321157 2.370260 1.911309
v 0.326838 2.043594 1.819720
v 0.326838 2.370260 1.911309
v -0.321157 2.240825 1.836846
v 0.326838 2.240825 1.836846
v 0.326838 2.240825 1.911309
v -0.321157 2.240825 1.911309
v 0.326838 2.142210 1.836846
v 0.326838 2.142210 1.911309
v -0.321157 2.142210 1.911309
v -0.321157 2.142210 1.836846
v -0.198079 2.043594 1.836846
v -0.198079 2.370260 1.754623
v -0.270224 2.043594 1.845098
v -0.198079 2.370260 1.911309
v -0.270224 2.240825 1.911309
v -0.198079 2.240825 1.836846
v -0.198079 2.142210 1.836846
v -0.270224 2.142210 1.911309
v 0.195609 2.370260 1.754623
v 0.281635 2.043594 1.845098
v 0.195609 2.240825 1.836846
v 0.195609 2.142210 1.836846
v 0.195609 2.043594 1.836846
v 0.195609 2.370260 1.911309
v 0.281635 2.240825 1.911309
v 0.281635 2.142210 1.911309
v -0.112761 2.043594 1.836846
v -0.112761 2.370260 1.911309
v -0.184906 2.240825 1.911309
v -0.112761 2.182891 1.912006
v -0.112761 2.370260 1.754623
v -0.112761 2.208629 1.898052
v -0.112761 2.240825 1.836846
v -0.112761 2.142210 1.836846
v 0.134517 2.370260 1.754623
v 0.134517 2.208629 1.898052
v 0.134517 2.240825 1.836846
v 0.134517 2.142210 1.836846
v 0.134517 2.043594 1.836846
v 0.134517 2.370260 1.911309
v 0.220543 2.240825 1.911309
v 0.134517 2.182891 1.912006
v -0.321157 2.339441 1.836846
v 0.326838 2.339441 1.836846
v 0.326838 2.339441 1.911309
v -0.321157 2.339441 1.911309
v -0.234151 2.339441 1.911309
v -0.198079 2.339441 1.836846
v 0.238622 2.339441 1.911309
v 0.195609 2.339441 1.836846
v -0.112761 2.339441 1.836846
v -0.148833 2.339441 1.911309
v 0.177530 2.339441 1.911309
v 0.134517 2.339441 1.836846
v -0.000000 2.311430 0.000000
v 0.081664 2.321090 0.000000
v 0.141445 2.347482 0.000000
v 0.163327 2.383535 0.000000
v 0.141445 2.419588 0.000000
v 0.081664 2.445980 0.000000
v -0.000000 2.455640 0.000000
v -0.081664 2.445980 0.000000
v -0.141445 2.419588 0.000000
v -0.163327 2.383535 0.000000
v -0.141445 2.347482 0.000000
v -0.081664 2.321090 0.000000
v -0.000000 2.314514 -0.106592
v 0.081664 2.324092 -0.103736
v 0.141445 2.350258 -0.095933
v 0.163327 2.386003 -0.085274
v 0.141445 2.421747 -0.074615
v 0.081664 2.447913 -0.066812
v -0.000000 2.457491 -0.063955
v -0.081664 2.447913 -0.066812
v -0.141445 2.421747 -0.074615
v -0.163327 2.386003 -0.085274
v -0.141445 2.350258 -0.095933
v -0.081664 2.324092 -0.103736
v -0.000000 2.323714 -0.211361
v 0.081664 2.333046 -0.205697
v 0.141445 2.358539 -0.190225
v 0.163327 2.393363 -0.169089
v 0.141445 2.428187 -0.147953
v 0.081664 2.453680 -0.132480
v -0.000000 2.463011 -0.126816
v -0.081664 2.453680 -0.132480
v -0.141445 2.428187 -0.147953
v -0.163327 2.393363 -0.169089
v -0.141445 2.358539 -0.190225
v -0.081664 2.333046 -0.205697
v -0.000000 2.338873 -0.312513
v 0.081664 2.347798 -0.304139
v 0.141445 2.372182 -0.281262
v 0.163327 2.405490 -0.250010
v 0.141445 2.438798 -0.218759
v 0.081664 2.463181 -0.195882
v -0.000000 2.472106 -0.187508
v -0.081664 2.463181 -0.195882
v -0.141445 2.438798 -0.218759
v -0.163327 2.405490 -0.250010
v -0.141445 2.372182 -0.281262
v -0.081664 2.347798 -0.304139
v -0.000000 2.359731 -0.408318
v 0.081664 2.368097 -0.397377
v 0.141445 2.390954 -0.367486
v 0.163327 2.422176 -0.326654
v 0.141445 2.453398 -0.285823
v 0.081664 2.476255 -0.255932
v -0.000000 2.484621 -0.244991
v -0.081664 2.476255 -0.255932
v -0.141445 2.453398 -0.285823
v -0.163327 2.422176 -0.326654
v -0.141445 2.390954 -0.367486
v -0.081664 2.368097 -0.397377
v -0.000000 2.385931 -0.497136
v 0.081664 2.393595 -0.483815
v 0.141445 2.414534 -0.447423
v 0.163327 2.443136 -0.397709
v 0.141445 2.471739 -0.347995
v 0.081664 2.492677 -0.311602
v -0.000000 2.500341 -0.298282
v -0.081664 2.492677 -0.311602
v -0.141445 2.471739 -0.347995
v -0.163327 2.443136 -0.397709
v -0.141445 2.414534 -0.447423
v -0.081664 2.393595 -0.483815
v -0.000000 2.417026 -0.577449
v 0.081664 2.423856 -0.561976
v 0.141445 2.442518 -0.519704
v 0.163327 2.468012 -0.461959
v 0.141445 2.493505 -0.404214
v 0.081664 2.512167 -0.361942
v -0.000000 2.518997 -0.346469
v -0.081664 2.512167 -0.361942
v -0.141445 2.493505 -0.404214
v -0.163327 2.468012 -0.461959
v -0.141445 2.442518 -0.519704
v -0.081664 2.423856 -0.561976
v -0.000000 2.452482 -0.647880
v 0.081664 2.458362 -0.630521
v 0.141445 2.474429 -0.583092
v 0.163327 2.496376 -0.518304
v 0.141445 2.518324 -0.453516
v 0.081664 2.534390 -0.406088
v -0.000000 2.540271 -0.388728
v -0.081664 2.534390 -0.406088
v -0.141445 2.518324 -0.453516
v -0.163327 2.496376 -0.518304
v -0.141445 2.474429 -0.583092
v -0.081664 2.458362 -0.630521
v -0.000000 2.491693 -0.707227
v 0.081664 2.496523 -0.688277
v 0.141445 2.509719 -0.636505
v 0.163327 2.527745 -0.565782
v 0.141445 2.545772 -0.495059
v 0.081664 2.558968 -0.443286
v -0.000000 2.563798 -0.424336
v -0.081664 2.558968 -0.443286
v -0.141445 2.545772 -0.495059
v -0.163327 2.527745 -0.565782
v -0.141445 2.509719 -0.636505
v -0.081664 2.496523 -0.688277
v -0.000000 2.533988 -0.754473
v 0.081664 2.537685 -0.734257
v 0.141445 2.547785 -0.679026
v 0.163327 2.561582 -0.603578
v 0.141445 2.575378 -0.528131
v 0.081664 2.585478 -0.472900
v -0.000000 2.589175 -0.452684
v -0.081664 2.585478 -0.472900
v -0.141445 2.575378 -0.528131
v -0.163327 2.561582 -0.603578
v -0.141445 2.547785 -0.679026
v -0.081664 2.537685 -0.734257
v -0.000000 2.578645 -0.788809
v 0.081664 2.581145 -0.767673
v 0.141445 2.587976 -0.709929
v 0.163327 2.597307 -0.631048
v 0.141445 2.606638 -0.552167
v 0.081664 2.613469 -0.494422
v -0.000000 2.615969 -0.473286
v -0.081664 2.613469 -0.494422
v -0.141445 2.606638 -0.552167
v -0.163327 2.597307 -0.631048
v -0.141445 2.587976 -0.709929
v -0.081664 2.581145 -0.767673
v -0.000000 2.624898 -0.809649
v 0.081664 2.626158 -0.787955
v 0.141445 2.629603 -0.728684
v 0.163327 2.634309 -0.647719
v 0.141445 2.639015 -0.566754
v 0.081664 2.642460 -0.507484
v -0.000000 2.643721 -0.485790
v -0.081664 2.642460 -0.507484
v -0.141445 2.639015 -0.566754
v -0.163327 2.634309 -0.647719
v -0.141445 2.629603 -0.728684
v -0.081664 2.626158 -0.787955
v -0.000000 2.671956 -0.816636
v 0.081664 2.671956 -0.794754
v 0.141445 2.671956 -0.734972
v 0.163327 2.671956 -0.653309
v 0.141445 2.671956 -0.571645
v 0.081664 2.671956 -0.511863
v -0.000000 2.671956 -0.489981
v -0.081664 2.671956 -0.511863
v -0.141445 2.671956 -0.571645
v -0.163327 2.671956 -0.653309
v -0.141445 2.671956 -0.734972
v -0.081664 2.671956 -0.794754
v 0.000000 2.719014 -0.809649
v 0.081664 2.717753 -0.787955
v 0.141445 2.714308 -0.728684
v 0.163327 2.709602 -0.647719
v 0.141445 2.704896 -0.566754
v 0.081664 2.701451 -0.507484
v 0.000000 2.700191 -0.485790
v -0.081664 2.701451 -0.507484
v -0.141445 2.704896 -0.566754
v -0.163327 2.709602 -0.647719
v -0.141445 2.714308 -0.728684
v -0.081664 2.717753 -0.787955
v 0.000000 2.765266 -0.788810
v 0.081664 2.762766 -0.767673
v 0.141445 2.755935 -0.709929
v 0.163327 2.746604 -0.631048
v 0.141445 2.737273 -0.552167
v 0.081664 2.730442 -0.494422
v 0.000000 2.727942 -0.473286
v -0.081664 2.730442 -0.494422
v -0.141445 2.737273 -0.552167
v -0.163327 2.746604 -0.631048
v -0.141445 2.755935 -0.709929
v -0.081664 2.762766 -0.767673
v 0.000000 2.809923 -0.754473
v 0.081664 2.806226 -0.734257
v 0.141445 2.796126 -0.679026
v 0.163327 2.782329 -0.603578
v 0.141445 2.768533 -0.528131
v 0.081664 2.758433 -0.472900
v 0.000000 2.754736 -0.452684
v -0.081664 2.758433 -0.472900
v -0.141445 2.768533 -0.528131
v -0.163327 2.782329 -0.603578
v -0.141445 2.796126 -0.679026
v -0.081664 2.806226 -0.734257
v 0.000000 2.852218 -0.707227
v 0.081664 2.847388 -0.688277
v 0.141445 2.834192 -0.636505
v 0.163327 2.816166 -0.565782
v 0.141445 2.798140 -0.495059
v 0.081664 2.784943 -0.443286
v 0.000000 2.780113 -0.424336
v -0.081664 2.784943 -0.443286
v -0.141445 2.798140 -0.495059
v -0.163327 2.816166 -0.565782
v -0.141445 2.834192 -0.636505
v -0.081664 2.847388 -0.688277
v 0.000000 2.891430 -0.647881
v 0.081664 2.885549 -0.630521
v 0.141445 2.869482 -0.583093
v 0.163327 2.847535 -0.518305
v 0.141445 2.825588 -0.453516
v 0.081664 2.809521 -0.406088
v 0.000000 2.803640 -0.388728
v -0.081664 2.809521 -0.406088
v -0.141445 2.825588 -0.453516
v -0.163327 2.847535 -0.518305
v -0.141445 2.869482 -0.583093
v -0.081664 2.885549 -0.630521
v 0.000000 2.926886 -0.577448
v 0.081664 2.920055 -0.561976
v 0.141445 2.901393 -0.519704
v 0.163327 2.875900 -0.461959
v 0.141445 2.850407 -0.404214
v 0.081664 2.831744 -0.361942
v 0.000000 2.824914 -0.346469
v -0.081664 2.831744 -0.361942
v -0.141445 2.850407 -0.404214
v -0.163327 2.875900 -0.461959
v -0.141445 2.901393 -0.519704
v -0.081664 2.920055 -0.561976
v 0.000000 2.957980 -0.497136
v 0.081664 2.950316 -0.483816
v 0.141445 2.929377 -0.447423
v 0.163327 2.900775 -0.397709
v 0.141445 2.872173 -0.347995
v 0.081664 2.851234 -0.311603
v 0.000000 2.843570 -0.298282
v -0.081664 2.851234 -0.311603
v -0.141445 2.872173 -0.347995
v -0.163327 2.900775 -0.397709
v -0.141445 2.929377 -0.447423
v -0.081664 2.950316 -0.483816
v 0.000000 2.984180 -0.408318
v 0.081664 2.975814 -0.397377
v 0.141445 2.952957 -0.367486
v 0.163327 2.921735 -0.326654
v 0.141445 2.890512 -0.285823
v 0.081664 2.867656 -0.255932
v 0.000000 2.859290 -0.244991
v -0.081664 2.867656 -0.255932
v -0.141445 2.890512 -0.285823
v -0.163327 2.921735 -0.326654
v -0.141445 2.952957 -0.367486
v -0.081664 2.975814 -0.397377
v 0.000000 3.005038 -0.312513
v 0.081664 2.996113 -0.304139
v 0.141445 2.971730 -0.281262
v 0.163327 2.938421 -0.250010
v 0.141445 2.905113 -0.218759
v 0.081664 2.880730 -0.195882
v 0.000000 2.871805 -0.187508
v -0.081664 2.880730 -0.195882
v -0.141445 2.905113 -0.218759
v -0.163327 2.938421 -0.250010
v -0.141445 2.971730 -0.281262
v -0.081664 2.996113 -0.304139
v 0.000000 3.020197 -0.211361
v 0.081664 3.010865 -0.205697
v 0.141445 2.985373 -0.190225
v 0.163327 2.950548 -0.169089
v 0.141445 2.915724 -0.147953
v 0.081664 2.890231 -0.132480
v 0.000000 2.880900 -0.126816
v -0.081664 2.890231 -0.132480
v -0.141445 2.915724 -0.147953
v -0.163327 2.950548 -0.169089
v -0.141445 2.985373 -0.190225
v -0.081664 3.010865 -0.205697
v 0.000000 3.029397 -0.106592
v 0.081664 3.019819 -0.103736
v 0.141445 2.993653 -0.095933
v 0.163327 2.957909 -0.085274
v 0.141445 2.922164 -0.074615
v 0.081664 2.895998 -0.066812
v 0.000000 2.886420 -0.063955
v -0.081664 2.895998 -0.066812
v -0.141445 2.922164 -0.074615
v -0.163327 2.957909 -0.085274
v -0.141445 2.993653 -0.095933
v -0.081664 3.019819 -0.103736
v 0.000000 3.032481 -0.000000
v 0.081664 3.022821 -0.000000
v 0.141445 2.996429 -0.000000
v 0.163327 2.960376 -0.000000
v 0.141445 2.924324 -0.000000
v 0.081664 2.897931 -0.000000
v 0.000000 2.888271 -0.000000
v -0.081664 2.897931 -0.000000
v -0.141445 2.924324 -0.000000
v -0.163327 2.960376 -0.000000
v -0.141445 2.996429 -0.000000
v -0.081664 3.022821 -0.000000
v 0.000000 3.029397 0.106592
v 0.081664 3.019819 0.103736
v 0.141445 2.993653 0.095933
v 0.163327 2.957909 0.085274
v 0.141445 2.922164 0.074615
v 0.081664 2.895998 0.066812
v 0.000000 2.886420 0.063955
v -0.081664 2.895998 0.066812
v -0.141445 2.922164 0.074615
v -0.163327 2.957909 0.085274
v -0.141445 2.993653 0.095933
v -0.081664 3.019819 0.103736
v 0.000000 3.020197 0.211361
v 0.081664 3.010865 0.205697
v 0.141445 2.985373 0.190225
v 0.163327 2.950548 0.169089
v 0.141445 2.915724 0.147953
v 0.081664 2.890231 0.132480
v 0.000000 2.880900 0.126816
v -0.081664 2.890231 0.132480
v -0.141445 2.915724 0.147953
v -0.163327 2.950548 0.169089
v -0.141445 2.985373 0.190225
v -0.081664 3.010865 0.205697
v 0.000000 3.005038 0.312513
v 0.081664 2.996113 0.304139
v 0.141445 2.971730 0.281261
v 0.163327 2.938421 0.250010
v 0.141445 2.905113 0.218759
v 0.081664 2.880730 0.195881
v 0.000000 2.871805 0.187508
v -0.081664 2.880730 0.195881
v -0.141445 2.905113 0.218759
v -0.163327 2.938421 0.250010
v -0.141445 2.971730 0.281261
v -0.081664 2.996113 0.304139
v 0.000000 2.984180 0.408318
v 0.081664 2.975814 0.397377
v 0.141445 2.952958 0.367486
v 0.163327 2.921735 0.326654
v 0.141445 2.890513 0.285822
v 0.081664 2.867656 0.255931
v 0.000000 2.859290 0.244991
v -0.081664 2.867656 0.255931
v -0.141445 2.890513 0.285822
v -0.163327 2.921735 0.326654
v -0.141445 2.952958 0.367486
v -0.081664 2.975814 0.397377
v 0.000000 2.957980 0.497136
v 0.081664 2.950316 0.483816
v 0.141445 2.929377 0.447423
v 0.163327 2.900775 0.397709
v 0.141445 2.872173 0.347995
v 0.081664 2.851234 0.311603
v 0.000000 2.843570 0.298282
v -0.081664 2.851234 0.311603
v -0.141445 2.872173 0.347995
v -0.163327 2.900775 0.397709
v -0.141445 2.929377 0.447423
v -0.081664 2.950316 0.483816
v 0.000000 2.926886 0.577448
v 0.081664 2.920055 0.561976
v 0.141445 2.901393 0.519704
v 0.163327 2.875900 0.461959
v 0.141445 2.850407 0.404214
v 0.081664 2.831744 0.361942
v 0.000000 2.824914 0.346469
v -0.081664 2.831744 0.361942
v -0.141445 2.850407 0.404214
v -0.163327 2.875900 0.461959
v -0.141445 2.901393 0.519704
v -0.081664 2.920055 0.561976
v 0.000000 2.891430 0.647880
v 0.081664 2.885549 0.630521
v 0.141445 2.869483 0.583092
v 0.163327 2.847535 0.518304
v 0.141445 2.825588 0.453516
v 0.081664 2.809521 0.406088
v 0.000000 2.803640 0.388728
v -0.081664 2.809521 0.406088
v -0.141445 2.825588 0.453516
v -0.163327 2.847535 0.518304
v -0.141445 2.869483 0.583092
v -0.081664 2.885549 0.630521
v 0.000000 2.852218 0.707227
v 0.081664 2.847388 0.688277
v 0.141445 2.834192 0.636505
v 0.163327 2.816166 0.565782
v 0.141445 2.798140 0.495059
v 0.081664 2.784943 0.443286
v 0.000000 2.780113 0.424336
v -0.081664 2.784943 0.443286
v -0.141445 2.798140 0.495059
v -0.163327 2.816166 0.565782
v -0.141445 2.834192 0.636505
v -0.081664 2.847388 0.688277
v 0.000000 2.809923 0.754473
v 0.081664 2.806226 0.734257
v 0.141445 2.796126 0.679026
v 0.163327 2.782329 0.603578
v 0.141445 2.768533 0.528131
v 0.081664 2.758433 0.472900
v 0.000000 2.754736 0.452684
v -0.081664 2.758433 0.472900
v -0.141445 2.768533 0.528131
v -0.163327 2.782329 0.603578
v -0.141445 2.796126 0.679026
v -0.081664 2.806226 0.734257
v 0.000000 2.765267 0.788809
v 0.081664 2.762766 0.767673
v 0.141445 2.755935 0.709929
v 0.163327 2.746604 0.631048
v 0.141445 2.737273 0.552167
v 0.081664 2.730443 0.494422
v 0.000000 2.727942 0.473286
v -0.081664 2.730443 0.494422
v -0.141445 2.737273 0.552167
v -0.163327 2.746604 0.631048
v -0.141445 2.755935 0.709929
v -0.081664 2.762766 0.767673
v 0.000000 2.719014 0.809649
v 0.081664 2.717753 0.787955
v 0.141445 2.714308 0.728684
v 0.163327 2.709602 0.647719
v 0.141445 2.704896 0.566754
v 0.081664 2.701452 0.507484
v 0.000000 2.700191 0.485790
v -0.081664 2.701452 0.507484
v -0.141445 2.704896 0.566754
v -0.163327 2.709602 0.647719
v -0.141445 2.714308 0.728684
v -0.081664 2.717753 0.787955
v -0.000000 2.671956 0.816636
v 0.081664 2.671956 0.794754
v 0.141445 2.671956 0.734972
v 0.163327 2.671956 0.653309
v 0.141445 2.671956 0.571645
v 0.081664 2.671956 0.511863
v -0.000000 2.671956 0.489981
v -0.081664 2.671956 0.511863
v -0.141445 2.671956 0.571645
v -0.163327 2.671956 0.653309
v -0.141445 2.671956 0.734972
v -0.081664 2.671956 0.794754
v -0.000000 2.624898 0.809649
v 0.081664 2.626158 0.787955
v 0.141445 2.629603 0.728684
v 0.163327 2.634309 0.647719
v 0.141445 2.639015 0.566754
v 0.081664 2.642460 0.507484
v -0.000000 2.643721 0.485790
v -0.081664 2.642460 0.507484
v -0.141445 2.639015 0.566754
v -0.163327 2.634309 0.647719
v -0.141445 2.629603 0.728684
v -0.081664 2.626158 0.787955
v -0.000000 2.578645 0.788810
v 0.081664 2.581145 0.767673
v 0.141445 2.587976 0.709929
v 0.163327 2.597307 0.631048
v 0.141445 2.606638 0.552167
v 0.081664 2.613469 0.494422
v -0.000000 2.615969 0.473286
v -0.081664 2.613469 0.494422
v -0.141445 2.606638 0.552167
v -0.163327 2.597307 0.631048
v -0.141445 2.587976 0.709929
v -0.081664 2.581145 0.767673
v -0.000000 2.533988 0.754473
v 0.081664 2.537685 0.734257
v 0.141445 2.547785 0.679026
v 0.163327 2.561582 0.603578
v 0.141445 2.575378 0.528131
v 0.081664 2.585478 0.472900
v -0.000000 2.589175 0.452684
v -0.081664 2.585478 0.472900
v -0.141445 2.575378 0.528131
v -0.163327 2.561582 0.603578
v -0.141445 2.547785 0.679026
v -0.081664 2.537685 0.734257
v -0.000000 2.491693 0.707227
v 0.081664 2.496523 0.688277
v 0.141445 2.509719 0.636505
v 0.163327 2.527745 0.565782
v 0.141445 2.545772 0.495059
v 0.081664 2.558968 0.443286
v -0.000000 2.563798 0.424336
v -0.081664 2.558968 0.443286
v -0.141445 2.545772 0.495059
v -0.163327 2.527745 0.565782
v -0.141445 2.509719 0.636505
v -0.081664 2.496523 0.688277
v -0.000000 2.452482 0.647881
v 0.081664 2.458362 0.630521
v 0.141445 2.474429 0.583093
v 0.163327 2.496376 0.518305
v 0.141445 2.518324 0.453517
v 0.081664 2.534390 0.406088
v -0.000000 2.540271 0.388728
v -0.081664 2.534390 0.406088
v -0.141445 2.518324 0.453517
v -0.163327 2.496376 0.518305
v -0.141445 2.474429 0.583093
v -0.081664 2.458362 0.630521
v -0.000000 2.417026 0.577449
v 0.081664 2.423856 0.561976
v 0.141445 2.442519 0.519704
v 0.163327 2.468012 0.461959
v 0.141445 2.493505 0.404214
v 0.081664 2.512167 0.361942
v -0.000000 2.518998 0.346469
v -0.081664 2.512167 0.361942
v -0.141445 2.493505 0.404214
v -0.163327 2.468012 0.461959
v -0.141445 2.442519 0.519704
v -0.081664 2.423856 0.561976
v -0.000000 2.385931 0.497136
v 0.081664 2.393595 0.483815
v 0.141445 2.414534 0.447423
v 0.163327 2.443136 0.397709
v 0.141445 2.471739 0.347995
v 0.081664 2.492677 0.311602
v -0.000000 2.500341 0.298282
v -0.081664 2.492677 0.311602
v -0.141445 2.471739 0.347995
v -0.163327 2.443136 0.397709
v -0.141445 2.414534 0.447423
v -0.081664 2.393595 0.483815
v -0.000000 2.359731 0.408318
v 0.081664 2.368097 0.397377
v 0.141445 2.390954 0.367486
v 0.163327 2.422176 0.326654
v 0.141445 2.453398 0.285823
v 0.081664 2.476255 0.255932
v -0.000000 2.484621 0.244991
v -0.081664 2.476255 0.255932
v -0.141445 2.453398 0.285823
v -0.163327 2.422176 0.326654
v -0.141445 2.390954 0.367486
v -0.081664 2.368097 0.397377
v -0.000000 2.338873 0.312513
v 0.081664 2.347798 0.304139
v 0.141445 2.372182 0.281262
v 0.163327 2.405490 0.250011
v 0.141445 2.438798 0.218759
v 0.081664 2.463181 0.195882
v -0.000000 2.472106 0.187508
v -0.081664 2.463181 0.195882
v -0.141445 2.438798 0.218759
v -0.163327 2.405490 0.250011
v -0.141445 2.372182 0.281262
v -0.081664 2.347798 0.304139
v -0.000000 2.323714 0.211361
v 0.081664 2.333046 0.205697
v 0.141445 2.358539 0.190225
v 0.163327 2.393363 0.169089
v 0.141445 2.428187 0.147952
v 0.081664 2.453680 0.132480
v -0.000000 2.463011 0.126816
v -0.081664 2.453680 0.132480
v -0.141445 2.428187 0.147952
v -0.163327 2.393363 0.169089
v -0.141445 2.358539 0.190225
v -0.081664 2.333046 0.205697
v -0.000000 2.314514 0.106592
v 0.081664 2.324092 0.103736
v 0.141445 2.350258 0.095933
v 0.163327 2.386003 0.085274
v 0.141445 2.421747 0.074615
v 0.081664 2.447913 0.066812
v -0.000000 2.457491 0.063955
v -0.081664 2.447913 0.066812
v -0.141445 2.421747 0.074615
v -0.163327 2.386003 0.085274
v -0.141445 2.350258 0.095933
v -0.081664 2.324092 0.103736
vn -0.1157 -0.0000 -0.9933
vn 0.5344 -0.0000 -0.8453
vn 0.6965 -0.0000 -0.7176
vn 0.8216 -0.0000 -0.5701
vn 0.9113 -0.0000 -0.4118
vn 0.9686 -0.0000 -0.2484
vn 0.9966 -0.0000 -0.0830
vn 0.9966 -0.0000 0.0830
vn 0.9686 -0.0000 0.2484
vn 0.9113 -0.0000 0.4118
vn 0.8216 -0.0000 0.5701
vn 0.6965 -0.0000 0.7176
vn 0.5344 -0.0000 0.8453
vn 0.3377 -0.0000 0.9413
vn 0.1157 -0.0000 0.9933
vn -0.1157 -0.0000 0.9933
vn -0.3377 -0.0000 0.9413
vn -0.5344 -0.0000 0.8453
vn -0.6965 -0.0000 0.7176
vn -0.8216 -0.0000 0.5701
vn -0.9113 -0.0000 0.4118
vn -0.9686 -0.0000 0.2484
vn -0.9966 -0.0000 0.0830
vn -0.9966 -0.0000 -0.0830
vn -0.9686 -0.0000 -0.2484
vn -0.9113 -0.0000 -0.4118
vn -0.8216 -0.0000 -0.5701
vn -0.6965 -0.0000 -0.7176
vn -0.5344 -0.0000 -0.8453
vn -0.3377 -0.0000 -0.9413
vn -0.0000 1.0000 -0.0000
vn 0.3377 -0.0000 -0.9413
vn 0.1157 -0.0000 -0.9933
vn 0.0748 -0.7630 -0.6420
vn 0.2201 -0.7583 -0.6136
vn 0.3535 -0.7499 -0.5592
vn 0.4690 -0.7393 -0.4832
vn 0.5630 -0.7283 -0.3907
vn 0.6337 -0.7186 -0.2864
vn 0.6808 -0.7114 -0.1746
vn 0.7042 -0.7076 -0.0586
vn 0.7042 -0.7076 0.0586
vn 0.6808 -0.7114 0.1746
vn 0.6337 -0.7186 0.2864
vn 0.5630 -0.7283 0.3907
vn 0.4690 -0.7393 0.4832
vn 0.3535 -0.7499 0.5592
vn 0.2201 -0.7583 0.6136
vn 0.0748 -0.7630 0.6420
vn -0.0748 -0.7630 0.6420
vn -0.2201 -0.7583 0.6136
vn -0.3535 -0.7499 0.5592
vn -0.4690 -0.7393 0.4832
vn -0.5630 -0.7283 0.3907
vn -0.6337 -0.7186 0.2864
vn -0.6808 -0.7114 0.1746
vn -0.7042 -0.7076 0.0586
vn -0.7042 -0.7076 -0.0586
vn -0.6808 -0.7114 -0.1746
vn -0.6337 -0.7186 -0.2864
vn -0.5630 -0.7283 -0.3907
vn -0.4690 -0.7393 -0.4832
vn -0.3535 -0.7499 -0.5592
vn -0.2201 -0.7583 -0.6136
vn -0.0748 -0.7630 -0.6420
vn -0.0000 -1.0000 -0.0000
vn -0.1128 -0.0000 -0.9936
vn 0.5247 -0.0000 -0.8513
vn 0.6873 -0.0000 -0.7264
vn 0.8147 -0.0000 -0.5799
vn 0.9073 -0.0000 -0.4206
vn 0.9671 -0.0000 -0.2544
vn 0.9964 -0.0000 -0.0851
vn 0.9964 -0.0000 0.0851
vn 0.9671 -0.0000 0.2544
vn 0.9073 -0.0000 0.4206
vn 0.8147 -0.0000 0.5799
vn 0.6873 -0.0000 0.7264
vn 0.5247 -0.0000 0.8513
vn 0.3301 -0.0000 0.9439
vn 0.1128 -0.0000 0.9936
vn -0.1128 -0.0000 0.9936
vn -0.3301 -0.0000 0.9439
vn -0.5247 -0.0000 0.8513
vn -0.6873 -0.0000 0.7264
vn -0.8147 -0.0000 0.5799
vn -0.9073 -0.0000 0.4206
vn -0.9671 -0.0000 0.2544
vn -0.9964 -0.0000 0.0851
vn -0.9964 -0.0000 -0.0851
vn -0.9671 -0.0000 -0.2544
vn -0.9073 -0.0000 -0.4206
vn -0.8147 -0.0000 -0.5799
vn -0.6873 -0.0000 -0.7264
vn -0.5247 -0.0000 -0.8513
vn -0.3301 -0.0000 -0.9439
vn 0.1128 -0.0000 -0.9936
vn 0.3301 -0.0000 -0.9439
vn 0.0358 0.9484 -0.3152
vn 0.1059 0.9472 -0.3027
vn 0.1715 0.9450 -0.2783
vn 0.2302 0.9423 -0.2432
vn 0.2796 0.9393 -0.1990
vn 0.3180 0.9365 -0.1474
vn 0.3443 0.9345 -0.0906
vn 0.3577 0.9334 -0.0306
vn 0.3577 0.9334 0.0306
vn 0.3443 0.9345 0.0906
vn 0.3180 0.9365 0.1474
vn 0.2796 0.9393 0.1990
vn 0.2302 0.9423 0.2432
vn 0.1715 0.9450 0.2783
vn 0.1059 0.9472 0.3027
vn 0.0358 0.9484 0.3152
vn -0.0358 0.9484 0.3152
vn -0.1059 0.9472 0.3027
vn -0.1715 0.9450 0.2783
vn -0.2302 0.9423 0.2432
vn -0.2796 0.9393 0.1990
vn -0.3180 0.9365 0.1474
vn -0.3443 0.9345 0.0906
vn -0.3577 0.9334 0.0306
vn -0.3577 0.9334 -0.0306
vn -0.3443 0.9345 -0.0906
vn -0.3180 0.9365 -0.1474
vn -0.2796 0.9393 -0.1990
vn -0.2302 0.9423 -0.2432
vn -0.1715 0.9450 -0.2783
vn -0.1059 0.9472 -0.3027
vn -0.0358 0.9484 -0.3152
vn -1.0000 -0.0000 -0.0000
vn -0.0000 -0.0000 -1.0000
vn 1.0000 -0.0000 -0.0000
vn -0.0000 -0.0000 1.0000
vn 0.9133 -0.0000 -0.4073
vn 0.9992 0.0261 0.0302
vn 0.4536 -0.8912 -0.0000
vn 0.9980 0.0636 -0.0000
vn -0.3288 -0.9444 -0.0000
vn 0.9024 -0.0000 0.4308
vn 0.9994 0.0187 -0.0303
vn -0.9133 -0.0000 0.4073
vn -0.9992 0.0261 -0.0302
vn -0.4536 -0.8912 -0.0000
vn -0.9980 0.0636 -0.0000
vn 0.3288 -0.9444 -0.0000
vn -0.9024 -0.0000 -0.4308
vn -0.9994 0.0187 0.0303
vn -0.0000 -0.9364 0.3510
vn 0.3864 0.5141 0.7658
vn -0.0000 -0.5574 -0.8302
vn -0.2918 -0.5332 -0.7941
vn 0.0057 0.0049 -1.0000
vn -0.3804 -0.6294 -0.6776
vn -0.0000 -0.3477 -0.9376
vn -0.0000 0.0120 -0.9999
vn -0.0000 -0.4766 0.8791
vn 0.3104 -0.5299 -0.7892
vn -0.0057 0.0035 -1.0000
vn -0.0000 -0.9364 -0.3510
vn -0.3864 0.5141 -0.7658
vn -0.0000 -0.5574 0.8302
vn 0.2918 -0.5332 0.7941
vn -0.0057 0.0049 1.0000
vn 0.3804 -0.6293 0.6776
vn -0.0000 -0.3477 0.9376
vn -0.0000 0.0120 0.9999
vn -0.0000 -0.4766 -0.8791
vn -0.3104 -0.5299 0.7892
vn 0.0057 0.0035 1.0000
vn 0.1174 -0.9927 -0.0287
vn 0.4037 -0.9145 -0.0265
vn 0.8548 -0.5188 -0.0150
vn 0.8548 0.5188 0.0150
vn 0.4037 0.9145 0.0265
vn 0.1174 0.9927 0.0287
vn -0.1174 0.9927 0.0287
vn -0.4037 0.9145 0.0265
vn -0.8548 0.5188 0.0150
vn -0.8548 -0.5188 -0.0150
vn -0.4037 -0.9145 -0.0265
vn -0.1174 -0.9927 -0.0287
vn 0.1190 -0.9891 -0.0869
vn 0.4084 -0.9093 -0.0799
vn 0.8579 -0.5118 -0.0449
vn 0.8579 0.5118 0.0449
vn 0.4084 0.9093 0.0798
vn 0.1190 0.9891 0.0869
vn -0.1190 0.9891 0.0869
vn -0.4084 0.9093 0.0798
vn -0.8579 0.5118 0.0449
vn -0.8579 -0.5118 -0.0449
vn -0.4084 -0.9093 -0.0799
vn -0.1190 -0.9891 -0.0869
vn 0.1224 -0.9815 -0.1471
vn 0.4180 -0.8984 -0.1346
vn 0.8641 -0.4977 -0.0746
vn 0.8641 0.4977 0.0746
vn 0.4180 0.8984 0.1346
vn 0.1224 0.9815 0.1471
vn -0.1224 0.9815 0.1471
vn -0.4180 0.8984 0.1346
vn -0.8641 0.4977 0.0746
vn -0.8641 -0.4977 -0.0746
vn -0.4180 -0.8984 -0.1346
vn -0.1224 -0.9815 -0.1471
vn 0.1276 -0.9691 -0.2110
vn 0.4327 -0.8809 -0.1918
vn 0.8731 -0.4763 -0.1037
vn 0.8731 0.4763 0.1037
vn 0.4327 0.8809 0.1918
vn 0.1275 0.9691 0.2110
vn -0.1275 0.9691 0.2110
vn -0.4327 0.8809 0.1918
vn -0.8731 0.4763 0.1037
vn -0.8731 -0.4763 -0.1037
vn -0.4327 -0.8809 -0.1918
vn -0.1276 -0.9691 -0.2110
vn 0.1349 -0.9504 -0.2803
vn 0.4530 -0.8551 -0.2522
vn 0.8846 -0.4474 -0.1320
vn 0.8846 0.4474 0.1320
vn 0.4530 0.8551 0.2522
vn 0.1349 0.9504 0.2803
vn -0.1349 0.9504 0.2803
vn -0.4530 0.8551 0.2522
vn -0.8846 0.4474 0.1320
vn -0.8846 -0.4474 -0.1320
vn -0.4530 -0.8551 -0.2522
vn -0.1349 -0.9504 -0.2803
vn 0.1449 -0.9227 -0.3572
vn 0.4795 -0.8183 -0.3168
vn 0.8979 -0.4106 -0.1590
vn 0.8979 0.4106 0.1590
vn 0.4795 0.8183 0.3168
vn 0.1449 0.9227 0.3572
vn -0.1449 0.9227 0.3572
vn -0.4795 0.8183 0.3168
vn -0.8979 0.4106 0.1590
vn -0.8979 -0.4106 -0.1590
vn -0.4795 -0.8183 -0.3168
vn -0.1449 -0.9227 -0.3572
vn 0.1579 -0.8820 -0.4440
vn 0.5125 -0.7670 -0.3861
vn 0.9123 -0.3659 -0.1842
vn 0.9123 0.3659 0.1842
vn 0.5125 0.7670 0.3861
vn 0.1579 0.8820 0.4440
vn -0.1579 0.8820 0.4440
vn -0.5125 0.7670 0.3861
vn -0.9123 0.3659 0.1842
vn -0.9123 -0.3659 -0.1842
vn -0.5125 -0.7670 -0.3861
vn -0.1579 -0.8820 -0.4440
vn 0.1746 -0.8215 -0.5428
vn 0.5518 -0.6958 -0.4598
vn 0.9269 -0.3132 -0.2069
vn 0.9269 0.3132 0.2069
vn 0.5518 0.6958 0.4598
vn 0.1745 0.8215 0.5428
vn -0.1745 0.8215 0.5428
vn -0.5518 0.6958 0.4598
vn -0.9269 0.3132 0.2069
vn -0.9269 -0.3132 -0.2069
vn -0.5518 -0.6958 -0.4598
vn -0.1746 -0.8215 -0.5428
vn 0.1950 -0.7308 -0.6542
vn 0.5959 -0.5983 -0.5356
vn 0.9406 -0.2530 -0.2265
vn 0.9406 0.2530 0.2265
vn 0.5959 0.5983 0.5356
vn 0.1950 0.7308 0.6542
vn -0.1950 0.7308 0.6542
vn -0.5959 0.5983 0.5356
vn -0.9406 0.2530 0.2265
vn -0.9406 -0.2530 -0.2265
vn -0.5959 -0.5983 -0.5356
vn -0.1950 -0.7308 -0.6542
vn 0.2184 -0.5948 -0.7736
vn 0.6411 -0.4678 -0.6084
vn 0.9522 -0.1862 -0.2421
vn 0.9522 0.1862 0.2421
vn 0.6411 0.4678 0.6084
vn 0.2184 0.5948 0.7736
vn -0.2184 0.5948 0.7736
vn -0.6411 0.4678 0.6084
vn -0.9522 0.1862 0.2421
vn -0.9522 -0.1862 -0.2421
vn -0.6411 -0.4678 -0.6084
vn -0.2184 -0.5948 -0.7736
vn 0.2412 -0.3987 -0.8848
vn 0.6801 -0.3012 -0.6684
vn 0.9607 -0.1140 -0.2530
vn 0.9607 0.1140 0.2530
vn 0.6801 0.3012 0.6684
vn 0.2412 0.3987 0.8848
vn -0.2412 0.3987 0.8848
vn -0.6801 0.3012 0.6684
vn -0.9607 0.1140 0.2530
vn -0.9607 -0.1140 -0.2530
vn -0.6801 -0.3012 -0.6684
vn -0.2412 -0.3987 -0.8848
vn 0.2562 -0.1420 -0.9561
vn 0.7032 -0.1044 -0.7032
vn 0.9652 -0.0384 -0.2586
vn 0.9652 0.0384 0.2586
vn 0.7032 0.1044 0.7032
vn 0.2562 0.1420 0.9561
vn -0.2562 0.1420 0.9561
vn -0.7032 0.1044 0.7032
vn -0.9652 0.0384 0.2586
vn -0.9652 -0.0384 -0.2586
vn -0.7032 -0.1044 -0.7032
vn -0.2562 -0.1420 -0.9561
vn 0.2562 0.1420 -0.9561
vn 0.7032 0.1044 -0.7032
vn 0.9652 0.0384 -0.2586
vn 0.9652 -0.0384 0.2586
vn 0.7032 -0.1044 0.7032
vn 0.2562 -0.1420 0.9561
vn -0.2562 -0.1420 0.9561
vn -0.7032 -0.1044 0.7032
vn -0.9652 -0.0384 0.2586
vn -0.9652 0.0384 -0.2586
vn -0.7032 0.1044 -0.7032
vn -0.2562 0.1420 -0.9561
vn 0.2412 0.3987 -0.8848
vn 0.6801 0.3012 -0.6684
vn 0.9607 0.1140 -0.2530
vn 0.9607 -0.1140 0.2530
vn 0.6801 -0.3012 0.6684
vn 0.2412 -0.3987 0.8848
vn -0.2412 -0.3987 0.8848
vn -0.6801 -0.3012 0.6684
vn -0.9607 -0.1140 0.2530
vn -0.9607 0.1140 -0.2530
vn -0.6801 0.3012 -0.6684
vn -0.2412 0.3987 -0.8848
vn 0.2184 0.5948 -0.7736
vn 0.6411 0.4678 -0.6084
vn 0.9522 0.1862 -0.2421
vn 0.9522 -0.1862 0.2421
vn 0.6411 -0.4678 0.6084
vn 0.2184 -0.5948 0.7736
vn -0.2184 -0.5948 0.7736
vn -0.6411 -0.4678 0.6084
vn -0.9522 -0.1862 0.2421
vn -0.9522 0.1862 -0.2421
vn -0.6411 0.4678 -0.6084
vn -0.2184 0.5948 -0.7736
vn 0.1950 0.7308 -0.6542
vn 0.5959 0.5983 -0.5356
vn 0.9406 0.2530 -0.2265
vn 0.9406 -0.2530 0.2265
vn 0.5959 -0.5983 0.5356
vn 0.1950 -0.7308 0.6542
vn -0.1950 -0.7308 0.6542
vn -0.5959 -0.5983 0.5356
vn -0.9406 -0.2530 0.2265
vn -0.9406 0.2530 -0.2265
vn -0.5959 0.5983 -0.5356
vn -0.1950 0.7308 -0.6542
vn 0.1745 0.8215 -0.5428
vn 0.5518 0.6958 -0.4598
vn 0.9269 0.3132 -0.2069
vn 0.9269 -0.3132 0.2069
vn 0.5518 -0.6958 0.4598
vn 0.1745 -0.8215 0.5428
vn -0.1745 -0.8215 0.5428
vn -0.5518 -0.6958 0.4598
vn -0.9269 -0.3132 0.2069
vn -0.9269 0.3132 -0.2069
vn -0.5518 0.6958 -0.4598
vn -0.1745 0.8215 -0.5428
vn 0.1579 0.8820 -0.4440
vn 0.5125 0.7670 -0.3861
vn 0.9123 0.3659 -0.1842
vn 0.9123 -0.3659 0.1842
vn 0.5125 -0.7670 0.3861
vn 0.1579 -0.8820 0.4440
vn -0.1579 -0.8820 0.4440
vn -0.5125 -0.7670 0.3861
vn -0.9123 -0.3659 0.1842
vn -0.9123 0.3659 -0.1842
vn -0.5125 0.7670 -0.3861
vn -0.1579 0.8820 -0.4440
vn 0.1449 0.9227 -0.3572
vn 0.4795 0.8183 -0.3168
vn 0.8979 0.4106 -0.1590
vn 0.8979 -0.4106 0.1590
vn 0.4795 -0.8183 0.3168
vn 0.1449 -0.9227 0.3572
vn -0.1449 -0.9227 0.3572
vn -0.4795 -0.8183 0.3168
vn -0.8979 -0.4106 0.1590
vn -0.8979 0.4106 -0.1590
vn -0.4795 0.8183 -0.3168
vn -0.1449 0.9227 -0.3572
vn 0.1349 0.9504 -0.2803
vn 0.4530 0.8551 -0.2522
vn 0.8846 0.4474 -0.1320
vn 0.8846 -0.4474 0.1320
vn 0.4530 -0.8551 0.2522
vn 0.1349 -0.9504 0.2803
vn -0.1349 -0.9504 0.2803
vn -0.4530 -0.8551 0.2522
vn -0.8846 -0.4474 0.1320
vn -0.8846 0.4474 -0.1320
vn -0.4530 0.8551 -0.2522
vn -0.1349 0.9504 -0.2803
vn 0.1276 0.9691 -0.2110
vn 0.4327 0.8809 -0.1918
vn 0.8731 0.4763 -0.1037
vn 0.8731 -0.4763 0.1037
vn 0.4327 -0.8809 0.1918
vn 0.1276 -0.9691 0.2110
vn -0.1276 -0.9691 0.2110
vn -0.4327 -0.8809 0.1918
vn -0.8731 -0.4763 0.1037
vn -0.8731 0.4763 -0.1037
vn -0.4327 0.8809 -0.1918
vn -0.1276 0.9691 -0.2110
vn 0.1224 0.9815 -0.1471
vn 0.4180 0.8984 -0.1346
vn 0.8641 0.4977 -0.0746
vn 0.8641 -0.4977 0.0746
vn 0.4180 -0.8984 0.1346
vn 0.1223 -0.9815 0.1471
vn -0.1223 -0.9815 0.1471
vn -0.4180 -0.8984 0.1346
vn -0.8641 -0.4977 0.0746
vn -0.8641 0.4977 -0.0746
vn -0.4180 0.8984 -0.1346
vn -0.1224 0.9815 -0.1471
vn 0.1190 0.9891 -0.0869
vn 0.4084 0.9093 -0.0799
vn 0.8579 0.5118 -0.0449
vn 0.8579 -0.5118 0.0449
vn 0.4084 -0.9093 0.0798
vn 0.1190 -0.9891 0.0869
vn -0.1190 -0.9891 0.0869
vn -0.4084 -0.9093 0.0798
vn -0.8579 -0.5118 0.0449
vn -0.8579 0.5118 -0.0449
vn -0.4084 0.9093 -0.0799
vn -0.1190 0.9891 -0.0869
vn 0.1174 0.9927 -0.0287
vn 0.4037 0.9145 -0.0265
vn 0.8548 0.5188 -0.0150
vn 0.8548 -0.5188 0.0150
vn 0.4037 -0.9145 0.0265
vn 0.1174 -0.9927 0.0287
vn -0.1174 -0.9927 0.0287
vn -0.4037 -0.9145 0.0265
vn -0.8548 -0.5188 0.0150
vn -0.8548 0.5188 -0.0150
vn -0.4037 0.9145 -0.0265
vn -0.1174 0.9927 -0.0287
vn 0.4084 0.9093 0.0799
vn 0.4084 -0.9093 -0.0798
vn -0.4084 -0.9093 -0.0798
vn -0.4084 0.9093 0.0799
vn 0.1223 0.9815 0.1471
vn 0.1275 -0.9691 -0.2110
vn -0.1275 -0.9691 -0.2110
vn 0.1745 -0.8215 -0.5428
vn -0.1745 -0.8215 -0.5428
vn 0.1224 -0.9815 0.1471
vn -0.1224 -0.9815 0.1471
vn 0.4084 -0.9093 0.0799
vn 0.4084 0.9093 -0.0798
vn -0.4084 0.9093 -0.0798
vn -0.4084 -0.9093 0.0799
vn -0.3189 -0.9158 -0.2441
vn 0.1363 -0.6529 -0.7451
vn -0.3175 -0.9119 0.2601
vn 0.1680 -0.6152 0.7703
vn 0.3189 -0.9158 0.2441
vn -0.1363 -0.6529 0.7451
vn 0.3175 -0.9119 -0.2601
vn -0.1680 -0.6152 -0.7703
vn -0.1260 -0.4728 0.8721
vn -0.0491 -0.3473 -0.9365
vn 0.1347 -0.4723 0.8711
vn 0.0525 -0.3472 -0.9363
vn 0.1260 -0.4728 -0.8721
vn 0.0491 -0.3473 0.9365
vn -0.1347 -0.4723 -0.8711
vn -0.0525 -0.3472 0.9363
vn 0.1223 -0.9815 -0.1471
vn -0.1223 -0.9815 -0.1471
vn 0.1276 0.9691 0.2110
vn -0.1276 0.9691 0.2110
vn -0.5517 -0.6958 -0.4598
vn 0.1275 0.9691 -0.2110
vn 0.1275 -0.9691 0.2110
vn -0.1275 -0.9691 0.2110
vn -0.1275 0.9691 -0.2110
vn 0.1746 -0.8215 0.5428
vt 0.000000 1.000000
vt 0.250000 0.490000
vt 1.000000 1.000000
vt 0.296822 0.485388
vt 0.968750 1.000000
vt 0.341844 0.471731
vt 0.937500 1.000000
vt 0.906250 1.000000
vt 0.383337 0.449553
vt 0.875000 1.000000
vt 0.419706 0.419706
vt 0.843750 1.000000
vt 0.449553 0.383337
vt 0.812500 1.000000
vt 0.471731 0.341844
vt 0.781250 1.000000
vt 0.485388 0.296822
vt 0.750000 1.000000
vt 0.490000 0.250000
vt 0.718750 1.000000
vt 0.485388 0.203178
vt 0.687500 1.000000
vt 0.471731 0.158156
vt 0.656250 1.000000
vt 0.449553 0.116663
vt 0.625000 1.000000
vt 0.419706 0.080294
vt 0.593750 1.000000
vt 0.383337 0.050447
vt 0.562500 1.000000
vt 0.341844 0.028269
vt 0.531250 1.000000
vt 0.296822 0.014612
vt 0.500000 1.000000
vt 0.250000 0.010000
vt 0.468750 1.000000
vt 0.203178 0.014612
vt 0.437500 1.000000
vt 0.158156 0.028269
vt 0.406250 1.000000
vt 0.116663 0.050447
vt 0.375000 1.000000
vt 0.080294 0.080294
vt 0.343750 1.000000
vt 0.050447 0.116663
vt 0.312500 1.000000
vt 0.028269 0.158156
vt 0.281250 1.000000
vt 0.014612 0.203178
vt 0.250000 1.000000
vt 0.010000 0.250000
vt 0.218750 1.000000
vt 0.014612 0.296822
vt 0.187500 1.000000
vt 0.028269 0.341844
vt 0.156250 1.000000
vt 0.050447 0.383337
vt 0.125000 1.000000
vt 0.080294 0.419706
vt 0.093750 1.000000
vt 0.116663 0.449553
vt 0.062500 1.000000
vt 0.158156 0.471731
vt 0.031250 1.000000
vt 0.203178 0.485388
vt 0.750000 0.470571
vt 1.000000 0.513732
vt 0.000000 0.513732
vt 0.750000 0.490000
vt 0.793031 0.466333
vt 0.968750 0.513732
vt 0.796822 0.485388
vt 0.834409 0.453781
vt 0.937500 0.513732
vt 0.841844 0.471731
vt 0.872543 0.433398
vt 0.906250 0.513732
vt 0.883337 0.449553
vt 0.905967 0.405967
vt 0.875000 0.513732
vt 0.919706 0.419706
vt 0.933398 0.372543
vt 0.843750 0.513732
vt 0.949553 0.383337
vt 0.953781 0.334409
vt 0.812500 0.513732
vt 0.971731 0.341844
vt 0.966333 0.293031
vt 0.781250 0.513732
vt 0.985388 0.296822
vt 0.970571 0.250000
vt 0.750000 0.513732
vt 0.990000 0.250000
vt 0.966333 0.206969
vt 0.718750 0.513732
vt 0.985388 0.203178
vt 0.953781 0.165591
vt 0.687500 0.513732
vt 0.971731 0.158156
vt 0.933398 0.127457
vt 0.656250 0.513732
vt 0.949553 0.116663
vt 0.905967 0.094033
vt 0.625000 0.513732
vt 0.919706 0.080294
vt 0.872543 0.066602
vt 0.593750 0.513732
vt 0.883337 0.050447
vt 0.834409 0.046219
vt 0.562500 0.513732
vt 0.841844 0.028269
vt 0.793031 0.033667
vt 0.531250 0.513732
vt 0.796822 0.014612
vt 0.750000 0.029429
vt 0.500000 0.513732
vt 0.750000 0.010000
vt 0.706969 0.033667
vt 0.468750 0.513732
vt 0.703178 0.014612
vt 0.665591 0.046219
vt 0.437500 0.513732
vt 0.658156 0.028269
vt 0.627458 0.066602
vt 0.406250 0.513732
vt 0.616663 0.050447
vt 0.594033 0.094033
vt 0.375000 0.513732
vt 0.580294 0.080294
vt 0.566602 0.127457
vt 0.343750 0.513732
vt 0.550447 0.116663
vt 0.546219 0.165591
vt 0.312500 0.513732
vt 0.528269 0.158156
vt 0.533667 0.206969
vt 0.281250 0.513732
vt 0.514612 0.203178
vt 0.529429 0.250000
vt 0.250000 0.513732
vt 0.510000 0.250000
vt 0.533667 0.293031
vt 0.218750 0.513732
vt 0.514612 0.296822
vt 0.546219 0.334409
vt 0.187500 0.513732
vt 0.528269 0.341844
vt 0.566602 0.372543
vt 0.156250 0.513732
vt 0.550447 0.383337
vt 0.594033 0.405967
vt 0.125000 0.513732
vt 0.580294 0.419706
vt 0.627457 0.433398
vt 0.093750 0.513732
vt 0.616663 0.449553
vt 0.665591 0.453781
vt 0.062500 0.513732
vt 0.658156 0.471731
vt 0.706969 0.466333
vt 0.031250 0.513732
vt 0.703178 0.485388
vt 1.000000 0.500000
vt 0.000000 0.500000
vt 0.750000 0.490000
vt 0.968750 0.500000
vt 0.796822 0.485388
vt 0.937500 0.500000
vt 0.841844 0.471731
vt 0.906250 0.500000
vt 0.883337 0.449553
vt 0.875000 0.500000
vt 0.919706 0.419706
vt 0.843750 0.500000
vt 0.949553 0.383337
vt 0.812500 0.500000
vt 0.971731 0.341844
vt 0.781250 0.500000
vt 0.985388 0.296822
vt 0.750000 0.500000
vt 0.990000 0.250000
vt 0.718750 0.500000
vt 0.985388 0.203178
vt 0.687500 0.500000
vt 0.971731 0.158156
vt 0.656250 0.500000
vt 0.949553 0.116663
vt 0.625000 0.500000
vt 0.919706 0.080294
vt 0.593750 0.500000
vt 0.883337 0.050447
vt 0.562500 0.500000
vt 0.841844 0.028269
vt 0.531250 0.500000
vt 0.796822 0.014612
vt 0.500000 0.500000
vt 0.750000 0.010000
vt 0.468750 0.500000
vt 0.703178 0.014612
vt 0.437500 0.500000
vt 0.658156 0.028269
vt 0.406250 0.500000
vt 0.616663 0.050447
vt 0.375000 0.500000
vt 0.580294 0.080294
vt 0.343750 0.500000
vt 0.550447 0.116663
vt 0.312500 0.500000
vt 0.528269 0.158156
vt 0.281250 0.500000
vt 0.514612 0.203178
vt 0.250000 0.500000
vt 0.510000 0.250000
vt 0.218750 0.500000
vt 0.514612 0.296822
vt 0.187500 0.500000
vt 0.528269 0.341844
vt 0.156250 0.500000
vt 0.550447 0.383337
vt 0.125000 0.500000
vt 0.580294 0.419706
vt 0.093750 0.500000
vt 0.616663 0.449553
vt 0.062500 0.500000
vt 0.658156 0.471731
vt 0.031250 0.500000
vt 0.703178 0.485388
vt 0.250000 0.354709
vt 0.000000 0.859751
vt 1.000000 0.859751
vt 0.250000 0.490000
vt 0.270428 0.352697
vt 0.968750 0.859751
vt 0.296822 0.485388
vt 0.290071 0.346739
vt 0.937500 0.859751
vt 0.341844 0.471731
vt 0.308173 0.337062
vt 0.906250 0.859751
vt 0.383337 0.449553
vt 0.324041 0.324041
vt 0.875000 0.859751
vt 0.419706 0.419706
vt 0.337062 0.308173
vt 0.843750 0.859751
vt 0.449553 0.383337
vt 0.346739 0.290071
vt 0.812500 0.859751
vt 0.471731 0.341844
vt 0.352697 0.270428
vt 0.781250 0.859751
vt 0.485388 0.296822
vt 0.354709 0.250000
vt 0.750000 0.859751
vt 0.490000 0.250000
vt 0.352697 0.229572
vt 0.718750 0.859751
vt 0.485388 0.203178
vt 0.346739 0.209930
vt 0.687500 0.859751
vt 0.471731 0.158156
vt 0.337062 0.191827
vt 0.656250 0.859751
vt 0.449553 0.116663
vt 0.324041 0.175959
vt 0.625000 0.859751
vt 0.419706 0.080294
vt 0.308173 0.162937
vt 0.593750 0.859751
vt 0.383337 0.050447
vt 0.290071 0.153261
vt 0.562500 0.859751
vt 0.341844 0.028269
vt 0.270428 0.147303
vt 0.531250 0.859751
vt 0.296822 0.014612
vt 0.250000 0.145291
vt 0.500000 0.859751
vt 0.250000 0.010000
vt 0.229572 0.147303
vt 0.468750 0.859751
vt 0.203178 0.014612
vt 0.209929 0.153261
vt 0.437500 0.859751
vt 0.158156 0.028269
vt 0.191827 0.162938
vt 0.406250 0.859751
vt 0.116663 0.050447
vt 0.175959 0.175959
vt 0.375000 0.859751
vt 0.080294 0.080294
vt 0.162938 0.191827
vt 0.343750 0.859751
vt 0.050447 0.116663
vt 0.153261 0.209929
vt 0.312500 0.859751
vt 0.028269 0.158156
vt 0.147303 0.229572
vt 0.281250 0.859751
vt 0.014612 0.203178
vt 0.145291 0.250000
vt 0.250000 0.859751
vt 0.010000 0.250000
vt 0.147303 0.270428
vt 0.218750 0.859751
vt 0.014612 0.296822
vt 0.153261 0.290070
vt 0.187500 0.859751
vt 0.028269 0.341844
vt 0.162937 0.308173
vt 0.156250 0.859751
vt 0.050447 0.383337
vt 0.175959 0.324041
vt 0.125000 0.859751
vt 0.080294 0.419706
vt 0.191827 0.337062
vt 0.093750 0.859751
vt 0.116663 0.449553
vt 0.209929 0.346739
vt 0.062500 0.859751
vt 0.158156 0.471731
vt 0.229572 0.352697
vt 0.031250 0.859751
vt 0.203178 0.485388
vt 0.375000 0.000000
vt 0.125000 0.750000
vt 0.375000 1.000000
vt 0.625000 1.000000
vt 0.875000 0.750000
vt 0.625000 0.000000
vt 0.375000 0.250000
vt 0.125000 0.500000
vt 0.625000 0.250000
vt 0.875000 0.500000
vt 0.375000 0.750000
vt 0.625000 0.750000
vt 0.375000 0.500000
vt 0.625000 0.500000
vt 0.500000 1.000000
vt 0.500000 0.000000
vt 0.500000 0.250000
vt 0.500000 0.500000
vt 0.500000 0.750000
vt 0.437500 0.250000
vt 0.437500 0.500000
vt 0.437500 0.750000
vt 0.437500 1.000000
vt 0.437500 0.000000
vt 0.375000 0.047484
vt 0.125000 0.702516
vt 0.875000 0.702516
vt 0.625000 0.047484
vt 0.375000 0.702516
vt 0.625000 0.702516
vt 0.500000 0.702516
vt 0.500000 0.047484
vt 0.437500 0.047484
vt 0.437500 0.702516
vt 0.625000 0.199371
vt 0.875000 0.550629
vt 0.375000 0.550629
vt 0.500000 0.199371
vt 0.437500 0.199371
vt 0.375000 0.199371
vt 0.125000 0.550629
vt 0.625000 0.550629
vt 0.500000 0.550629
vt 0.437500 0.550629
vt 0.375000 0.080401
vt 0.125000 0.669599
vt 0.625000 0.669599
vt 0.500000 0.669599
vt 0.437500 0.669599
vt 0.875000 0.669599
vt 0.625000 0.080401
vt 0.375000 0.669599
vt 0.500000 0.080401
vt 0.437500 0.080401
vt 0.875000 0.574199
vt 0.625000 0.175801
vt 0.375000 0.574199
vt 0.500000 0.175801
vt 0.437500 0.175801
vt 0.125000 0.574199
vt 0.375000 0.175801
vt 0.625000 0.574198
vt 0.500000 0.574198
vt 0.437500 0.574198
vt 0.375000 0.000000
vt 0.125000 0.750000
vt 0.375000 1.000000
vt 0.625000 1.000000
vt 0.875000 0.750000
vt 0.625000 0.000000
vt 0.375000 0.250000
vt 0.125000 0.500000
vt 0.625000 0.250000
vt 0.875000 0.500000
vt 0.375000 0.750000
vt 0.625000 0.750000
vt 0.375000 0.500000
vt 0.625000 0.500000
vt 0.500000 1.000000
vt 0.500000 0.000000
vt 0.500000 0.250000
vt 0.500000 0.500000
vt 0.500000 0.750000
vt 0.437500 0.250000
vt 0.437500 0.500000
vt 0.437500 0.750000
vt 0.437500 1.000000
vt 0.437500 0.000000
vt 0.375000 0.047484
vt 0.125000 0.702516
vt 0.875000 0.702516
vt 0.625000 0.047484
vt 0.375000 0.702516
vt 0.625000 0.702516
vt 0.500000 0.702516
vt 0.500000 0.047484
vt 0.437500 0.047484
vt 0.437500 0.702516
vt 0.625000 0.199371
vt 0.875000 0.550629
vt 0.375000 0.550629
vt 0.500000 0.199371
vt 0.437500 0.199371
vt 0.375000 0.199371
vt 0.125000 0.550629
vt 0.625000 0.550629
vt 0.500000 0.550629
vt 0.437500 0.550629
vt 0.375000 0.080401
vt 0.125000 0.669599
vt 0.625000 0.669599
vt 0.500000 0.669599
vt 0.437500 0.669599
vt 0.875000 0.669599
vt 0.625000 0.080401
vt 0.375000 0.669599
vt 0.500000 0.080401
vt 0.437500 0.080401
vt 0.875000 0.574199
vt 0.625000 0.175801
vt 0.375000 0.574199
vt 0.500000 0.175801
vt 0.437500 0.175801
vt 0.125000 0.574199
vt 0.375000 0.175801
vt 0.625000 0.574198
vt 0.500000 0.574198
vt 0.437500 0.574198
vt 0.375000 1.000000
vt 0.375000 0.000000
vt 0.125000 0.750000
vt 0.625000 1.000000
vt 0.875000 0.750000
vt 0.625000 0.000000
vt 0.375000 0.250000
vt 0.125000 0.500000
vt 0.625000 0.250000
vt 0.875000 0.500000
vt 0.375000 0.750000
vt 0.625000 0.750000
vt 0.375000 0.500000
vt 0.625000 0.500000
vt 0.500000 0.000000
vt 0.500000 1.000000
vt 0.500000 0.250000
vt 0.500000 0.500000
vt 0.500000 0.750000
vt 0.437500 0.250000
vt 0.437500 0.500000
vt 0.437500 0.750000
vt 0.437500 1.000000
vt 0.437500 0.000000
vt 0.125000 0.702516
vt 0.375000 0.047484
vt 0.875000 0.702516
vt 0.625000 0.047484
vt 0.375000 0.702516
vt 0.625000 0.702516
vt 0.500000 0.702516
vt 0.500000 0.047484
vt 0.437500 0.047484
vt 0.437500 0.702516
vt 0.625000 0.199371
vt 0.875000 0.550629
vt 0.375000 0.550629
vt 0.500000 0.199371
vt 0.437500 0.199371
vt 0.125000 0.550629
vt 0.375000 0.199371
vt 0.625000 0.550629
vt 0.500000 0.550629
vt 0.437500 0.550629
vt 0.375000 0.080401
vt 0.125000 0.669599
vt 0.625000 0.669599
vt 0.500000 0.669599
vt 0.437500 0.669599
vt 0.875000 0.669599
vt 0.625000 0.080401
vt 0.375000 0.669599
vt 0.500000 0.080401
vt 0.437500 0.080401
vt 0.875000 0.574199
vt 0.625000 0.175801
vt 0.375000 0.574199
vt 0.500000 0.175801
vt 0.437500 0.175801
vt 0.125000 0.574199
vt 0.375000 0.175801
vt 0.625000 0.574198
vt 0.500000 0.574198
vt 0.437500 0.574198
vt 0.562500 0.000000
vt 0.562500 1.000000
vt 0.562500 0.250000
vt 0.562500 0.500000
vt 0.562500 0.750000
vt 0.562500 0.702516
vt 0.562500 0.047484
vt 0.562500 0.550629
vt 0.562500 0.199371
vt 0.562500 0.080401
vt 0.562500 0.669599
vt 0.562500 0.574198
vt 0.562500 0.175801
vt 0.375000 1.000000
vt 0.375000 0.000000
vt 0.125000 0.750000
vt 0.625000 1.000000
vt 0.875000 0.750000
vt 0.625000 0.000000
vt 0.375000 0.250000
vt 0.125000 0.500000
vt 0.625000 0.250000
vt 0.875000 0.500000
vt 0.375000 0.750000
vt 0.625000 0.750000
vt 0.375000 0.500000
vt 0.625000 0.500000
vt 0.500000 0.000000
vt 0.500000 1.000000
vt 0.500000 0.250000
vt 0.500000 0.500000
vt 0.500000 0.750000
vt 0.437500 0.250000
vt 0.437500 0.500000
vt 0.437500 0.750000
vt 0.437500 1.000000
vt 0.437500 0.000000
vt 0.125000 0.702516
vt 0.375000 0.047484
vt 0.875000 0.702516
vt 0.625000 0.047484
vt 0.375000 0.702516
vt 0.625000 0.702516
vt 0.500000 0.702516
vt 0.500000 0.047484
vt 0.437500 0.047484
vt 0.437500 0.702516
vt 0.625000 0.199371
vt 0.875000 0.550629
vt 0.375000 0.550629
vt 0.500000 0.199371
vt 0.437500 0.199371
vt 0.125000 0.550629
vt 0.375000 0.199371
vt 0.625000 0.550629
vt 0.500000 0.550629
vt 0.437500 0.550629
vt 0.375000 0.080401
vt 0.125000 0.669599
vt 0.625000 0.669599
vt 0.500000 0.669599
vt 0.437500 0.669599
vt 0.875000 0.669599
vt 0.625000 0.080401
vt 0.375000 0.669599
vt 0.500000 0.080401
vt 0.437500 0.080401
vt 0.875000 0.574199
vt 0.625000 0.175801
vt 0.375000 0.574199
vt 0.500000 0.175801
vt 0.437500 0.175801
vt 0.125000 0.574199
vt 0.375000 0.175801
vt 0.625000 0.574198
vt 0.500000 0.574198
vt 0.437500 0.574198
vt 0.562500 0.000000
vt 0.562500 1.000000
vt 0.562500 0.250000
vt 0.562500 0.500000
vt 0.562500 0.750000
vt 0.562500 0.702516
vt 0.562500 0.047484
vt 0.562500 0.550629
vt 0.562500 0.199371
vt 0.562500 0.080401
vt 0.562500 0.669599
vt 0.562500 0.574198
vt 0.562500 0.175801
vt 0.000000 0.000000
vt 0.000000 0.000000
vt 0.000000 0.000000
vt 0.000000 0.000000
vt 0.000000 0.000000
vt 0.000000 0.000000
vt 0.000000 0.000000
vt 0.000000 0.000000
vt 0.000000 0.000000
vt 0.000000 0.000000
vt 0.000000 0.000000
vt 0.000000 0.000000
vt 0.000000 0.000000
vt 0.000000 0.000000
vt 0.000000 0.000000
vt 0.000000 0.000000
vt 0.000000 0.000000
vt 0.000000 0.000000
vt 0.000000 0.000000
vt 0.000000 0.000000
vt 0.000000 0.000000
vt 0.000000 0.000000
vt 0.000000 0.000000
vt 0.000000 0.000000
vt 0.000000 0.000000
vt 0.000000 0.000000
vt 0.000000 0.000000
vt 0.000000 0.000000
vt 0.000000 0.000000
vt 0.000000 0.000000
vt 0.000000 0.000000
vt 0.000000 0.000000
vt 0.000000 0.000000
vt 0.000000 0.000000
vt 0.000000 0.000000
vt 0.000000 0.000000
vt 0.000000 0.000000
vt 0.000000 0.000000
vt 0.000000 0.000000
vt 0.000000 0.000000
vt 0.000000 0.000000
vt 0.000000 0.000000
vt 0.000000 0.000000
vt 0.000000 0.000000
vt 0.000000 0.000000
vt 0.000000 0.000000
vt 0.000000 0.000000
vt 0.000000 0.000000
vt 0.000000 0.000000
vt 0.000000 0.000000
vt 0.000000 0.000000
vt 0.000000 0.000000
vt 0.000000 0.000000
vt 0.000000 0.000000
vt 0.000000 0.000000
vt 0.000000 0.000000
vt 0.000000 0.000000
vt 0.000000 0.000000
vt 0.000000 0.000000
vt 0.000000 0.000000
vt 0.000000 0.000000
vt 0.000000 0.000000
vt 0.000000 0.000000
vt 0.000000 0.000000
vt 0.000000 0.000000
vt 0.000000 0.000000
vt 0.000000 0.000000
vt 0.000000 0.000000
vt 0.000000 0.000000
vt 0.000000 0.000000
vt 0.000000 0.000000
vt 0.000000 0.000000
vt 0.000000 0.000000
vt 0.000000 0.000000
vt 0.000000 0.000000
vt 0.000000 0.000000
vt 0.000000 0.000000
vt 0.000000 0.000000
vt 0.000000 0.000000
vt 0.000000 0.000000
vt 0.000000 0.000000
vt 0.000000 0.000000
vt 0.000000 0.000000
vt 0.000000 0.000000
vt 0.000000 0.000000
vt 0.000000 0.000000
vt 0.000000 0.000000
vt 0.000000 0.000000
vt 0.000000 0.000000
vt 0.000000 0.000000
vt 0.000000 0.000000
vt 0.000000 0.000000
vt 0.000000 0.000000
vt 0.000000 0.000000
vt 0.000000 0.000000
vt 0.000000 0.000000
vt 0.000000 0.000000
vt 0.000000 0.000000
vt 0.000000 0.000000
vt 0.000000 0.000000
vt 0.000000 0.000000
vt 0.000000 0.000000
vt 0.000000 0.000000
vt 0.000000 0.000000
vt 0.000000 0.000000
vt 0.000000 0.000000
vt 0.000000 0.000000
vt 0.000000 0.000000
vt 0.000000 0.000000
vt 0.000000 0.000000
vt 0.000000 0.000000
vt 0.000000 0.000000
vt 0.000000 0.000000
vt 0.000000 0.000000
vt 0.000000 0.000000
vt 0.000000 0.000000
vt 0.000000 0.000000
vt 0.000000 0.000000
vt 0.000000 0.000000
vt 0.000000 0.000000
vt 0.000000 0.000000
vt 0.000000 0.000000
vt 0.000000 0.000000
vt 0.000000 0.000000
vt 0.000000 0.000000
vt 0.000000 0.000000
vt 0.000000 0.000000
vt 0.000000 0.000000
vt 0.000000 0.000000
vt 0.000000 0.000000
vt 0.000000 0.000000
vt 0.000000 0.000000
vt 0.000000 0.000000
vt 0.000000 0.000000
vt 0.000000 0.000000
vt 0.000000 0.000000
vt 0.000000 0.000000
vt 0.000000 0.000000
vt 0.000000 0.000000
vt 0.000000 0.000000
vt 0.000000 0.000000
vt 0.000000 0.000000
vt 0.000000 0.000000
vt 0.000000 0.000000
vt 0.000000 0.000000
vt 0.000000 0.000000
vt 0.000000 0.000000
vt 0.000000 0.000000
vt 0.000000 0.000000
vt 0.000000 0.000000
vt 0.000000 0.000000
vt 0.000000 0.000000
vt 0.000000 0.000000
vt 0.000000 0.000000
vt 0.000000 0.000000
vt 0.000000 0.000000
vt 0.000000 0.000000
vt 0.000000 0.000000
vt 0.000000 0.000000
vt 0.000000 0.000000
vt 0.000000 0.000000
vt 0.000000 0.000000
vt 0.000000 0.000000
vt 0.000000 0.000000
vt 0.000000 0.000000
vt 0.000000 0.000000
vt 0.000000 0.000000
vt 0.000000 0.000000
vt 0.000000 0.000000
vt 0.000000 0.000000
vt 0.000000 0.000000
vt 0.000000 0.000000
vt 0.000000 0.000000
vt 0.000000 0.000000
vt 0.000000 0.000000
vt 0.000000 0.000000
vt 0.000000 0.000000
vt 0.000000 0.000000
vt 0.000000 0.000000
vt 0.000000 0.000000
vt 0.000000 0.000000
vt 0.000000 0.000000
vt 0.000000 0.000000
vt 0.000000 0.000000
vt 0.000000 0.000000
vt 0.000000 0.000000
vt 0.000000 0.000000
vt 0.000000 0.000000
vt 0.000000 0.000000
vt 0.000000 0.000000
vt 0.000000 0.000000
vt 0.000000 0.000000
vt 0.000000 0.000000
vt 0.000000 0.000000
vt 0.000000 0.000000
vt 0.000000 0.000000
vt 0.000000 0.000000
vt 0.000000 0.000000
vt 0.000000 0.000000
vt 0.000000 0.000000
vt 0.000000 0.000000
vt 0.000000 0.000000
vt 0.000000 0.000000
vt 0.000000 0.000000
vt 0.000000 0.000000
vt 0.000000 0.000000
vt 0.000000 0.000000
vt 0.000000 0.000000
vt 0.000000 0.000000
vt 0.000000 0.000000
vt 0.000000 0.000000
vt 0.000000 0.000000
vt 0.000000 0.000000
vt 0.000000 0.000000
vt 0.000000 0.000000
vt 0.000000 0.000000
vt 0.000000 0.000000
vt 0.000000 0.000000
vt 0.000000 0.000000
vt 0.000000 0.000000
vt 0.000000 0.000000
vt 0.000000 0.000000
vt 0.000000 0.000000
vt 0.000000 0.000000
vt 0.000000 0.000000
vt 0.000000 0.000000
vt 0.000000 0.000000
vt 0.000000 0.000000
vt 0.000000 0.000000
vt 0.000000 0.000000
vt 0.000000 0.000000
vt 0.000000 0.000000
vt 0.000000 0.000000
vt 0.000000 0.000000
vt 0.000000 0.000000
vt 0.000000 0.000000
vt 0.000000 0.000000
vt 0.000000 0.000000
vt 0.000000 0.000000
vt 0.000000 0.000000
vt 0.000000 0.000000
vt 0.000000 0.000000
vt 0.000000 0.000000
vt 0.000000 0.000000
vt 0.000000 0.000000
vt 0.000000 0.000000
vt 0.000000 0.000000
vt 0.000000 0.000000
vt 0.000000 0.000000
vt 0.000000 0.000000
vt 0.000000 0.000000
vt 0.000000 0.000000
vt 0.000000 0.000000
vt 0.000000 0.000000
vt 0.000000 0.000000
vt 0.000000 0.000000
vt 0.000000 0.000000
vt 0.000000 0.000000
vt 0.000000 0.000000
vt 0.000000 0.000000
vt 0.000000 0.000000
vt 0.000000 0.000000
vt 0.000000 0.000000
vt 0.000000 0.000000
vt 0.000000 0.000000
vt 0.000000 0.000000
vt 0.000000 0.000000
vt 0.000000 0.000000
vt 0.000000 0.000000
vt 0.000000 0.000000
vt 0.000000 0.000000
vt 0.000000 0.000000
vt 0.000000 0.000000
vt 0.000000 0.000000
vt 0.000000 0.000000
vt 0.000000 0.000000
vt 0.000000 0.000000
vt 0.000000 0.000000
vt 0.000000 0.000000
vt 0.000000 0.000000
vt 0.000000 0.000000
vt 0.000000 0.000000
vt 0.000000 0.000000
vt 0.000000 0.000000
vt 0.000000 0.000000
vt 0.000000 0.000000
vt 0.000000 0.000000
vt 0.000000 0.000000
vt 0.000000 0.000000
vt 0.000000 0.000000
vt 0.000000 0.000000
vt 0.000000 0.000000
vt 0.000000 0.000000
vt 0.000000 0.000000
vt 0.000000 0.000000
vt 0.000000 0.000000
vt 0.000000 0.000000
vt 0.000000 0.000000
vt 0.000000 0.000000
vt 0.000000 0.000000
vt 0.000000 0.000000
vt 0.000000 0.000000
vt 0.000000 0.000000
vt 0.000000 0.000000
vt 0.000000 0.000000
vt 0.000000 0.000000
vt 0.000000 0.000000
vt 0.000000 0.000000
vt 0.000000 0.000000
vt 0.000000 0.000000
vt 0.000000 0.000000
vt 0.000000 0.000000
vt 0.000000 0.000000
vt 0.000000 0.000000
vt 0.000000 0.000000
vt 0.000000 0.000000
vt 0.000000 0.000000
vt 0.000000 0.000000
vt 0.000000 0.000000
vt 0.000000 0.000000
vt 0.000000 0.000000
vt 0.000000 0.000000
vt 0.000000 0.000000
vt 0.000000 0.000000
vt 0.000000 0.000000
vt 0.000000 0.000000
vt 0.000000 0.000000
vt 0.000000 0.000000
vt 0.000000 0.000000
vt 0.000000 0.000000
vt 0.000000 0.000000
vt 0.000000 0.000000
vt 0.000000 0.000000
vt 0.000000 0.000000
vt 0.000000 0.000000
vt 0.000000 0.000000
vt 0.000000 0.000000
vt 0.000000 0.000000
vt 0.000000 0.000000
vt 0.000000 0.000000
vt 0.000000 0.000000
vt 0.000000 0.000000
vt 0.000000 0.000000
vt 0.000000 0.000000
vt 0.000000 0.000000
vt 0.000000 0.000000
vt 0.000000 0.000000
vt 0.000000 0.000000
vt 0.000000 0.000000
vt 0.000000 0.000000
vt 0.000000 0.000000
vt 0.000000 0.000000
vt 0.000000 0.000000
vt 0.000000 0.000000
vt 0.000000 0.000000
vt 0.000000 0.000000
vt 0.000000 0.000000
vt 0.000000 0.000000
vt 0.000000 0.000000
vt 0.000000 0.000000
vt 0.000000 0.000000
vt 0.000000 0.000000
vt 0.000000 0.000000
vt 0.000000 0.000000
vt 0.000000 0.000000
vt 0.000000 0.000000
vt 0.000000 0.000000
vt 0.000000 0.000000
vt 0.000000 0.000000
vt 0.000000 0.000000
vt 0.000000 0.000000
vt 0.000000 0.000000
vt 0.000000 0.000000
vt 0.000000 0.000000
vt 0.000000 0.000000
vt 0.000000 0.000000
vt 0.000000 0.000000
vt 0.000000 0.000000
vt 0.000000 0.000000
vt 0.000000 0.000000
vt 0.000000 0.000000
vt 0.000000 0.000000
vt 0.000000 0.000000
vt 0.000000 0.000000
vt 0.000000 0.000000
vt 0.000000 0.000000
vt 0.000000 0.000000
vt 0.000000 0.000000
vt 0.000000 0.000000
vt 0.000000 0.000000
vt 0.000000 0.000000
vt 0.000000 0.000000
vt 0.000000 0.000000
vt 0.000000 0.000000
vt 0.000000 0.000000
vt 0.000000 0.000000
vt 0.000000 0.000000
vt 0.000000 0.000000
vt 0.000000 0.000000
vt 0.000000 0.000000
vt 0.000000 0.000000
vt 0.000000 0.000000
vt 0.000000 0.000000
vt 0.000000 0.000000
vt 0.000000 0.000000
vt 0.000000 0.000000
vt 0.000000 0.000000
vt 0.000000 0.000000
vt 0.000000 0.000000
vt 0.000000 0.000000
vt 0.000000 0.000000
vt 0.000000 0.000000
vt 0.000000 0.000000
vt 0.000000 0.000000
vt 0.000000 0.000000
vt 0.000000 0.000000
vt 0.000000 0.000000
vt 0.000000 0.000000
vt 0.000000 0.000000
vt 0.000000 0.000000
vt 0.000000 0.000000
vt 0.000000 0.000000
vt 0.000000 0.000000
vt 0.000000 0.000000
vt 0.000000 0.000000
vt 0.000000 0.000000
vt 0.000000 0.000000
vt 0.000000 0.000000
vt 0.000000 0.000000
vt 0.000000 0.000000
vt 0.000000 0.000000
vt 0.000000 0.000000
vt 0.000000 0.000000
vt 0.000000 0.000000
vt 0.000000 0.000000
vt 0.000000 0.000000
vt 0.000000 0.000000
vt 0.000000 0.000000
vt 0.000000 0.000000
vt 0.000000 0.000000
vt 0.000000 0.000000
vt 0.000000 0.000000
vt 0.000000 0.000000
vt 0.000000 0.000000
vt 0.000000 0.000000
vt 0.000000 0.000000
vt 0.000000 0.000000
vt 0.000000 0.000000
vt 0.000000 0.000000
vt 0.000000 0.000000
vt 0.000000 0.000000
vt 0.000000 0.000000
vt 0.000000 0.000000
vt 0.000000 0.000000
vt 0.000000 0.000000
vt 0.000000 0.000000
vt 0.000000 0.000000
vt 0.000000 0.000000
vt 0.000000 0.000000
vt 0.000000 0.000000
vt 0.000000 0.000000
vt 0.000000 0.000000
vt 0.000000 0.000000
vt 0.000000 0.000000
vt 0.000000 0.000000
vt 0.000000 0.000000
vt 0.000000 0.000000
vt 0.000000 0.000000
vt 0.000000 0.000000
vt 0.000000 0.000000
vt 0.000000 0.000000
vt 0.000000 0.000000
vt 0.000000 0.000000
vt 0.000000 0.000000
vt 0.000000 0.000000
vt 0.000000 0.000000
vt 0.000000 0.000000
vt 0.000000 0.000000
vt 0.000000 0.000000
vt 0.000000 0.000000
vt 0.000000 0.000000
vt 0.000000 0.000000
vt 0.000000 0.000000
vt 0.000000 0.000000
vt 0.000000 0.000000
vt 0.000000 0.000000
vt 0.000000 0.000000
vt 0.000000 0.000000
vt 0.000000 0.000000
vt 0.000000 0.000000
vt 0.000000 0.000000
vt 0.000000 0.000000
vt 0.000000 0.000000
vt 0.000000 0.000000
vt 0.000000 0.000000
vt 0.000000 0.000000
vt 0.000000 0.000000
vt 0.000000 0.000000
vt 0.000000 0.000000
vt 0.000000 0.000000
vt 0.000000 0.000000
vt 0.000000 0.000000
vt 0.000000 0.000000
vt 0.000000 0.000000
vt 0.000000 0.000000
vt 0.000000 0.000000
vt 0.000000 0.000000
vt 0.000000 0.000000
vt 0.000000 0.000000
vt 0.000000 0.000000
vt 0.000000 0.000000
vt 0.000000 0.000000
vt 0.000000 0.000000
vt 0.000000 0.000000
vt 0.000000 0.000000
vt 0.000000 0.000000
vt 0.000000 0.000000
vt 0.000000 0.000000
vt 0.000000 0.000000
vt 0.000000 0.000000
vt 0.000000 0.000000
vt 0.000000 0.000000
vt 0.000000 0.000000
vt 0.000000 0.000000
vt 0.000000 0.000000
vt 0.000000 0.000000
vt 0.000000 0.000000
vt 0.000000 0.000000
vt 0.000000 0.000000
vt 0.000000 0.000000
vt 0.000000 0.000000
vt 0.000000 0.000000
vt 0.000000 0.000000
vt 0.000000 0.000000
vt 0.000000 0.000000
vt 0.000000 0.000000
vt 0.000000 0.000000
vt 0.000000 0.000000
vt 0.000000 0.000000
vt 0.000000 0.000000
vt 0.000000 0.000000
vt 0.000000 0.000000
vt 0.000000 0.000000
vt 0.000000 0.000000
vt 0.000000 0.000000
vt 0.000000 0.000000
vt 0.000000 0.000000
vt 0.000000 0.000000
vt 0.000000 0.000000
vt 0.000000 0.000000
vt 0.000000 0.000000
vt 0.000000 0.000000
vt 0.000000 0.000000
vt 0.000000 0.000000
vt 0.000000 0.000000
vt 0.000000 0.000000
vt 0.000000 0.000000
vt 0.000000 0.000000
vt 0.000000 0.000000
vt 0.000000 0.000000
vt 0.000000 0.000000
vt 0.000000 0.000000
vt 0.000000 0.000000
vt 0.000000 0.000000
vt 0.000000 0.000000
vt 0.000000 0.000000
vt 0.000000 0.000000
vt 0.000000 0.000000
vt 0.000000 0.000000
vt 0.000000 0.000000
vt 0.000000 0.000000
vt 0.000000 0.000000
vt 0.000000 0.000000
vt 0.000000 0.000000
vt 0.000000 0.000000
vt 0.000000 0.000000
s 0
f 32/64/1 34/68/1 96/161/1
f 3/7/2 40/77/2 38/74/2
f 4/8/3 42/80/3 40/77/3
f 5/10/4 44/83/4 42/80/4
f 6/12/5 46/86/5 44/83/5
f 7/14/6 48/89/6 46/86/6
f 8/16/7 50/92/7 48/89/7
f 9/18/8 52/95/8 50/92/8
f 10/20/9 54/98/9 52/95/9
f 11/22/10 56/101/10 54/98/10
f 12/24/11 58/104/11 56/101/11
f 13/26/12 60/107/12 58/104/12
f 14/28/13 62/110/13 60/107/13
f 15/30/14 64/113/14 62/110/14
f 16/32/15 66/116/15 64/113/15
f 17/34/16 68/119/16 66/116/16
f 18/36/17 70/122/17 68/119/17
f 19/38/18 72/125/18 70/122/18
f 20/40/19 74/128/19 72/125/19
f 21/42/20 76/131/20 74/128/20
f 22/44/21 78/134/21 76/131/21
f 23/46/22 80/137/22 78/134/22
f 24/48/23 82/140/23 80/137/23
f 25/50/24 84/143/24 82/140/24
f 26/52/25 86/146/25 84/143/25
f 27/54/26 88/149/26 86/146/26
f 28/56/27 90/152/27 88/149/27
f 29/58/28 92/155/28 90/152/28
f 30/60/29 94/158/29 92/155/29
f 31/62/30 96/161/30 94/158/30
f 19/39/31 11/23/31 3/6/31
f 2/5/32 38/74/32 36/71/32
f 1/3/33 36/71/33 34/67/33
f 36/72/34 33/66/34 34/69/34
f 38/75/35 35/70/35 36/72/35
f 38/75/36 39/76/36 37/73/36
f 40/78/37 41/79/37 39/76/37
f 44/84/38 41/79/38 42/81/38
f 46/87/39 43/82/39 44/84/39
f 46/87/40 47/88/40 45/85/40
f 48/90/41 49/91/41 47/88/41
f 52/96/42 49/91/42 50/93/42
f 54/99/43 51/94/43 52/96/43
f 54/99/44 55/100/44 53/97/44
f 56/102/45 57/103/45 55/100/45
f 60/108/46 57/103/46 58/105/46
f 62/111/47 59/106/47 60/108/47
f 62/111/48 63/112/48 61/109/48
f 64/114/49 65/115/49 63/112/49
f 68/120/50 65/115/50 66/117/50
f 70/123/51 67/118/51 68/120/51
f 70/123/52 71/124/52 69/121/52
f 72/126/53 73/127/53 71/124/53
f 76/132/54 73/127/54 74/129/54
f 78/135/55 75/130/55 76/132/55
f 78/135/56 79/136/56 77/133/56
f 80/138/57 81/139/57 79/136/57
f 84/144/58 81/139/58 82/141/58
f 86/147/59 83/142/59 84/144/59
f 86/147/60 87/148/60 85/145/60
f 88/150/61 89/151/61 87/148/61
f 92/156/62 89/151/62 90/153/62
f 94/159/63 91/154/63 92/156/63
f 94/159/64 95/160/64 93/157/64
f 96/162/65 33/66/65 95/160/65
f 63/112/66 79/136/66 95/160/66
f 192/323/67 97/164/67 128/226/67
f 134/236/68 100/170/68 99/168/68
f 136/239/69 101/172/69 100/170/69
f 138/242/70 102/174/70 101/172/70
f 140/245/71 103/176/71 102/174/71
f 142/248/72 104/178/72 103/176/72
f 144/251/73 105/180/73 104/178/73
f 146/254/74 106/182/74 105/180/74
f 148/257/75 107/184/75 106/182/75
f 150/260/76 108/186/76 107/184/76
f 152/263/77 109/188/77 108/186/77
f 154/266/78 110/190/78 109/188/78
f 156/269/79 111/192/79 110/190/79
f 158/272/80 112/194/80 111/192/80
f 160/275/81 113/196/81 112/194/81
f 162/278/82 114/198/82 113/196/82
f 164/281/83 115/200/83 114/198/83
f 166/284/84 116/202/84 115/200/84
f 168/287/85 117/204/85 116/202/85
f 170/290/86 118/206/86 117/204/86
f 172/293/87 119/208/87 118/206/87
f 174/296/88 120/210/88 119/208/88
f 176/299/89 121/212/89 120/210/89
f 178/302/90 122/214/90 121/212/90
f 180/305/91 123/216/91 122/214/91
f 182/308/92 124/218/92 123/216/92
f 184/311/93 125/220/93 124/218/93
f 186/314/94 126/222/94 125/220/94
f 188/317/95 127/224/95 126/222/95
f 190/320/96 128/226/96 127/224/96
f 130/230/97 98/166/97 97/163/97
f 132/233/98 99/168/98 98/166/98
f 126/223/66 127/225/66 116/203/66
f 130/231/99 131/232/99 132/234/99
f 132/234/100 133/235/100 134/237/100
f 134/237/101 135/238/101 136/240/101
f 136/240/102 137/241/102 138/243/102
f 138/243/103 139/244/103 140/246/103
f 140/246/104 141/247/104 142/249/104
f 142/249/105 143/250/105 144/252/105
f 144/252/106 145/253/106 146/255/106
f 148/258/107 145/253/107 147/256/107
f 150/261/108 147/256/108 149/259/108
f 152/264/109 149/259/109 151/262/109
f 154/267/110 151/262/110 153/265/110
f 156/270/111 153/265/111 155/268/111
f 158/273/112 155/268/112 157/271/112
f 160/276/113 157/271/113 159/274/113
f 162/279/114 159/274/114 161/277/114
f 162/279/115 163/280/115 164/282/115
f 164/282/116 165/283/116 166/285/116
f 166/285/117 167/286/117 168/288/117
f 168/288/118 169/289/118 170/291/118
f 170/291/119 171/292/119 172/294/119
f 172/294/120 173/295/120 174/297/120
f 174/297/121 175/298/121 176/300/121
f 176/300/122 177/301/122 178/303/122
f 180/306/123 177/301/123 179/304/123
f 182/309/124 179/304/124 181/307/124
f 184/312/125 181/307/125 183/310/125
f 186/315/126 183/310/126 185/313/126
f 188/318/127 185/313/127 187/316/127
f 190/321/128 187/316/128 189/319/128
f 192/324/129 189/319/129 191/322/129
f 130/231/130 191/322/130 129/228/130
f 137/241/31 135/238/31 153/265/31
f 217/359/131 202/341/131 219/362/131
f 196/333/132 203/342/132 202/341/132
f 213/355/133 198/336/133 204/343/133
f 198/336/134 201/339/134 204/343/134
f 211/353/66 193/326/66 209/350/66
f 210/351/31 198/336/31 212/354/31
f 204/343/134 208/347/134 207/346/134
f 213/355/133 207/346/133 216/358/133
f 202/341/132 206/345/132 205/344/132
f 219/362/131 205/344/131 220/363/131
f 220/363/131 195/331/131 221/364/131
f 205/344/132 199/337/132 195/331/132
f 216/358/133 197/335/133 211/353/133
f 207/346/134 193/327/134 197/335/134
f 230/376/135 216/358/135 211/353/135
f 208/348/131 209/349/131 193/325/131
f 201/340/131 215/357/131 208/348/131
f 227/372/136 216/358/136 228/373/136
f 229/374/31 212/354/31 226/371/31
f 230/376/137 209/350/137 225/370/137
f 227/372/133 212/354/133 213/355/133
f 194/330/131 214/356/131 201/340/131
f 200/338/133 223/367/133 203/342/133
f 195/332/66 218/361/66 221/365/66
f 196/334/31 222/366/31 200/338/31
f 203/342/133 224/368/133 206/345/133
f 206/345/133 218/361/133 199/337/133
f 236/383/131 221/364/131 237/385/131
f 235/382/131 220/363/131 236/383/131
f 233/380/131 219/362/131 235/382/131
f 210/352/131 231/377/131 214/356/131
f 214/356/131 232/378/131 215/357/131
f 215/357/131 225/369/131 209/349/131
f 238/386/133 227/372/133 239/387/133
f 234/381/137 225/370/137 237/384/137
f 233/379/31 226/371/31 238/386/31
f 240/388/138 227/372/138 228/373/138
f 240/388/139 230/376/139 234/381/139
f 224/368/140 234/381/140 218/361/140
f 224/368/141 239/387/141 240/388/141
f 217/360/31 238/386/31 222/366/31
f 221/365/137 234/381/137 237/384/137
f 222/366/133 239/387/133 223/367/133
f 229/375/131 235/382/131 231/377/131
f 231/377/131 236/383/131 232/378/131
f 232/378/131 237/385/131 225/369/131
f 265/423/133 250/405/133 267/426/133
f 244/397/134 251/406/134 250/405/134
f 261/419/131 246/400/131 252/407/131
f 246/400/132 249/403/132 252/407/132
f 259/417/66 241/390/66 257/414/66
f 260/418/31 242/393/31 246/400/31
f 252/407/132 256/411/132 255/410/132
f 261/419/131 255/410/131 264/422/131
f 250/405/134 254/409/134 253/408/134
f 267/426/133 253/408/133 268/427/133
f 268/427/133 243/395/133 269/428/133
f 253/408/134 247/401/134 243/395/134
f 264/422/131 245/399/131 259/417/131
f 255/410/132 241/391/132 245/399/132
f 278/440/142 264/422/142 259/417/142
f 256/412/133 257/413/133 241/389/133
f 249/404/133 263/421/133 256/412/133
f 275/436/143 264/422/143 276/437/143
f 277/438/31 260/418/31 274/435/31
f 278/440/144 257/414/144 273/434/144
f 275/436/131 260/418/131 261/419/131
f 242/394/133 262/420/133 249/404/133
f 248/402/131 271/431/131 251/406/131
f 243/396/66 266/425/66 269/429/66
f 244/398/31 270/430/31 248/402/31
f 251/406/131 272/432/131 254/409/131
f 254/409/131 266/425/131 247/401/131
f 284/447/133 269/428/133 285/449/133
f 283/446/133 268/427/133 284/447/133
f 281/444/133 267/426/133 283/446/133
f 258/416/133 279/441/133 262/420/133
f 262/420/133 280/442/133 263/421/133
f 263/421/133 273/433/133 257/413/133
f 286/450/131 275/436/131 287/451/131
f 282/445/144 273/434/144 285/448/144
f 286/450/31 277/438/31 274/435/31
f 288/452/145 275/436/145 276/437/145
f 288/452/146 278/440/146 282/445/146
f 272/432/147 282/445/147 266/425/147
f 272/432/148 287/451/148 288/452/148
f 265/424/31 286/450/31 270/430/31
f 269/429/144 282/445/144 285/448/144
f 270/430/131 287/451/131 271/431/131
f 277/439/133 283/446/133 279/441/133
f 279/441/133 284/447/133 280/442/133
f 280/442/133 285/449/133 273/433/133
f 313/487/149 338/519/149 344/525/149
f 338/519/131 296/466/131 339/520/131
f 341/522/132 294/464/132 340/521/132
f 294/464/133 337/518/133 340/521/133
f 307/481/66 289/455/66 305/477/66
f 306/479/31 294/464/31 308/482/31
f 300/471/133 304/475/133 303/474/133
f 309/483/132 303/474/132 312/486/132
f 298/469/131 302/473/131 301/472/131
f 315/490/134 301/472/134 316/491/134
f 317/493/150 301/472/150 291/459/150
f 301/472/131 295/465/131 291/459/131
f 312/486/151 293/463/151 307/481/151
f 293/463/133 304/475/133 289/453/133
f 326/504/152 312/486/152 307/481/152
f 304/476/134 305/478/134 289/454/134
f 297/467/134 311/485/134 304/476/134
f 323/500/153 312/486/153 324/501/153
f 325/502/31 308/482/31 322/499/31
f 321/498/66 307/481/66 305/477/66
f 346/527/132 308/482/132 341/522/132
f 290/458/149 342/523/149 337/517/149
f 296/466/132 343/524/132 339/520/132
f 291/460/66 314/489/66 317/492/66
f 292/462/31 318/494/31 296/466/31
f 299/470/132 320/496/132 302/473/132
f 302/473/154 314/489/154 295/465/154
f 332/511/134 317/493/134 333/513/134
f 331/510/134 316/491/134 332/511/134
f 329/508/149 344/525/149 348/529/149
f 342/523/149 325/503/149 345/526/149
f 310/484/134 328/506/134 311/485/134
f 311/485/134 321/497/134 305/478/134
f 334/514/132 346/527/132 347/528/132
f 330/509/155 321/498/155 333/512/155
f 329/507/31 322/499/31 334/514/31
f 336/516/156 323/500/156 324/501/156
f 336/516/157 326/504/157 330/509/157
f 320/496/158 330/509/158 314/489/158
f 320/496/159 335/515/159 336/516/159
f 313/488/31 334/514/31 318/494/31
f 314/489/66 333/512/66 317/492/66
f 318/494/132 347/528/132 343/524/132
f 325/503/149 348/529/149 345/526/149
f 327/505/134 332/511/134 328/506/134
f 328/506/134 333/513/134 321/497/134
f 345/526/134 331/510/134 327/505/134
f 343/524/132 335/515/132 319/495/132
f 347/528/132 323/500/132 335/515/132
f 342/523/134 327/505/134 310/484/134
f 348/529/134 315/490/134 331/510/134
f 339/520/132 319/495/132 299/470/132
f 337/517/134 310/484/134 297/467/134
f 323/500/132 341/522/132 309/483/132
f 340/521/133 297/468/133 300/471/133
f 309/483/132 340/521/132 300/471/132
f 338/519/131 299/470/131 298/469/131
f 344/525/134 298/469/134 315/490/134
f 373/564/160 398/596/160 404/602/160
f 398/596/133 356/543/133 399/597/133
f 401/599/134 354/541/134 400/598/134
f 354/541/131 397/595/131 400/598/131
f 367/558/66 349/532/66 365/554/66
f 366/556/31 354/541/31 368/559/31
f 360/548/131 364/552/131 363/551/131
f 369/560/134 363/551/134 372/563/134
f 358/546/133 362/550/133 361/549/133
f 375/567/132 361/549/132 376/568/132
f 377/570/161 361/549/161 351/536/161
f 361/549/133 355/542/133 351/536/133
f 372/563/162 353/540/162 367/558/162
f 353/540/131 364/552/131 349/530/131
f 386/581/163 372/563/163 367/558/163
f 364/553/132 365/555/132 349/531/132
f 357/544/132 371/562/132 364/553/132
f 383/577/164 372/563/164 384/578/164
f 382/576/31 366/556/31 368/559/31
f 381/575/66 367/558/66 365/554/66
f 406/604/134 368/559/134 401/599/134
f 350/535/160 402/600/160 397/594/160
f 356/543/134 403/601/134 399/597/134
f 351/537/66 374/566/66 377/569/66
f 352/539/31 378/571/31 356/543/31
f 359/547/134 380/573/134 362/550/134
f 362/550/165 374/566/165 355/542/165
f 392/588/132 377/570/132 393/590/132
f 391/587/132 376/568/132 392/588/132
f 389/585/160 404/602/160 408/606/160
f 366/557/160 405/603/160 402/600/160
f 370/561/132 388/583/132 371/562/132
f 371/562/132 381/574/132 365/555/132
f 394/591/134 406/604/134 407/605/134
f 390/586/166 381/575/166 393/589/166
f 389/584/31 382/576/31 394/591/31
f 396/593/167 383/577/167 384/578/167
f 396/593/168 386/581/168 390/586/168
f 380/573/169 390/586/169 374/566/169
f 380/573/170 395/592/170 396/593/170
f 373/565/31 394/591/31 378/571/31
f 374/566/66 393/589/66 377/569/66
f 378/571/134 407/605/134 403/601/134
f 385/580/160 408/606/160 405/603/160
f 387/582/132 392/588/132 388/583/132
f 388/583/132 393/590/132 381/574/132
f 405/603/132 391/587/132 387/582/132
f 403/601/134 395/592/134 379/572/134
f 407/605/134 383/577/134 395/592/134
f 402/600/132 387/582/132 370/561/132
f 408/606/132 375/567/132 391/587/132
f 399/597/134 379/572/134 359/547/134
f 397/594/132 370/561/132 357/544/132
f 383/577/134 401/599/134 369/560/134
f 400/598/131 357/545/131 360/548/131
f 369/560/134 400/598/134 360/548/134
f 398/596/133 359/547/133 358/546/133
f 404/602/132 358/546/132 375/567/132
f 409/607/171 422/620/171 410/608/171
f 410/608/172 423/621/172 411/609/172
f 411/609/173 424/622/173 412/610/173
f 412/610/174 425/623/174 413/611/174
f 413/611/175 426/624/175 414/612/175
f 414/612/176 427/625/176 415/613/176
f 427/625/177 416/614/177 415/613/177
f 428/626/178 417/615/178 416/614/178
f 429/627/179 418/616/179 417/615/179
f 430/628/180 419/617/180 418/616/180
f 431/629/181 420/618/181 419/617/181
f 432/630/182 409/607/182 420/618/182
f 421/619/183 434/632/183 422/620/183
f 422/620/184 435/633/184 423/621/184
f 423/621/185 436/634/185 424/622/185
f 424/622/186 437/635/186 425/623/186
f 425/623/187 438/636/187 426/624/187
f 426/624/188 439/637/188 427/625/188
f 439/637/189 428/626/189 427/625/189
f 440/638/190 429/627/190 428/626/190
f 441/639/191 430/628/191 429/627/191
f 442/640/192 431/629/192 430/628/192
f 443/641/193 432/630/193 431/629/193
f 444/642/194 421/619/194 432/630/194
f 433/631/195 446/644/195 434/632/195
f 434/632/196 447/645/196 435/633/196
f 435/633/197 448/646/197 436/634/197
f 436/634/198 449/647/198 437/635/198
f 437/635/199 450/648/199 438/636/199
f 438/636/200 451/649/200 439/637/200
f 451/649/201 440/638/201 439/637/201
f 452/650/202 441/639/202 440/638/202
f 453/651/203 442/640/203 441/639/203
f 454/652/204 443/641/204 442/640/204
f 455/653/205 444/642/205 443/641/205
f 456/654/206 433/631/206 444/642/206
f 445/643/207 458/656/207 446/644/207
f 446/644/208 459/657/208 447/645/208
f 447/645/209 460/658/209 448/646/209
f 448/646/210 461/659/210 449/647/210
f 449/647/211 462/660/211 450/648/211
f 450/648/212 463/661/212 451/649/212
f 463/661/213 452/650/213 451/649/213
f 464/662/214 453/651/214 452/650/214
f 465/663/215 454/652/215 453/651/215
f 466/664/216 455/653/216 454/652/216
f 467/665/217 456/654/217 455/653/217
f 468/666/218 445/643/218 456/654/218
f 457/655/219 470/668/219 458/656/219
f 458/656/220 471/669/220 459/657/220
f 459/657/221 472/670/221 460/658/221
f 460/658/222 473/671/222 461/659/222
f 461/659/223 474/672/223 462/660/223
f 462/660/224 475/673/224 463/661/224
f 475/673/225 464/662/225 463/661/225
f 476/674/226 465/663/226 464/662/226
f 477/675/227 466/664/227 465/663/227
f 478/676/228 467/665/228 466/664/228
f 479/677/229 468/666/229 467/665/229
f 480/678/230 457/655/230 468/666/230
f 469/667/231 482/680/231 470/668/231
f 470/668/232 483/681/232 471/669/232
f 471/669/233 484/682/233 472/670/233
f 472/670/234 485/683/234 473/671/234
f 473/671/235 486/684/235 474/672/235
f 474/672/236 487/685/236 475/673/236
f 487/685/237 476/674/237 475/673/237
f 488/686/238 477/675/238 476/674/238
f 489/687/239 478/676/239 477/675/239
f 490/688/240 479/677/240 478/676/240
f 491/689/241 480/678/241 479/677/241
f 492/690/242 469/667/242 480/678/242
f 481/679/243 494/692/243 482/680/243
f 482/680/244 495/693/244 483/681/244
f 483/681/245 496/694/245 484/682/245
f 484/682/246 497/695/246 485/683/246
f 485/683/247 498/696/247 486/684/247
f 486/684/248 499/697/248 487/685/248
f 499/697/249 488/686/249 487/685/249
f 500/698/250 489/687/250 488/686/250
f 501/699/251 490/688/251 489/687/251
f 502/700/252 491/689/252 490/688/252
f 503/701/253 492/690/253 491/689/253
f 504/702/254 481/679/254 492/690/254
f 493/691/255 506/704/255 494/692/255
f 494/692/256 507/705/256 495/693/256
f 495/693/257 508/706/257 496/694/257
f 496/694/258 509/707/258 497/695/258
f 497/695/259 510/708/259 498/696/259
f 498/696/260 511/709/260 499/697/260
f 511/709/261 500/698/261 499/697/261
f 512/710/262 501/699/262 500/698/262
f 513/711/263 502/700/263 501/699/263
f 514/712/264 503/701/264 502/700/264
f 515/713/265 504/702/265 503/701/265
f 516/714/266 493/691/266 504/702/266
f 505/703/267 518/716/267 506/704/267
f 506/704/268 519/717/268 507/705/268
f 507/705/269 520/718/269 508/706/269
f 508/706/270 521/719/270 509/707/270
f 509/707/271 522/720/271 510/708/271
f 510/708/272 523/721/272 511/709/272
f 523/721/273 512/710/273 511/709/273
f 524/722/274 513/711/274 512/710/274
f 525/723/275 514/712/275 513/711/275
f 526/724/276 515/713/276 514/712/276
f 527/725/277 516/714/277 515/713/277
f 528/726/278 505/703/278 516/714/278
f 517/715/279 530/728/279 518/716/279
f 518/716/280 531/729/280 519/717/280
f 519/717/281 532/730/281 520/718/281
f 520/718/282 533/731/282 521/719/282
f 521/719/283 534/732/283 522/720/283
f 522/720/284 535/733/284 523/721/284
f 535/733/285 524/722/285 523/721/285
f 536/734/286 525/723/286 524/722/286
f 537/735/287 526/724/287 525/723/287
f 538/736/288 527/725/288 526/724/288
f 539/737/289 528/726/289 527/725/289
f 540/738/290 517/715/290 528/726/290
f 529/727/291 542/740/291 530/728/291
f 530/728/292 543/741/292 531/729/292
f 531/729/293 544/742/293 532/730/293
f 532/730/294 545/743/294 533/731/294
f 533/731/295 546/744/295 534/732/295
f 534/732/296 547/745/296 535/733/296
f 547/745/297 536/734/297 535/733/297
f 548/746/298 537/735/298 536/734/298
f 549/747/299 538/736/299 537/735/299
f 550/748/300 539/737/300 538/736/300
f 551/749/301 540/738/301 539/737/301
f 552/750/302 529/727/302 540/738/302
f 541/739/303 554/752/303 542/740/303
f 542/740/304 555/753/304 543/741/304
f 543/741/305 556/754/305 544/742/305
f 544/742/306 557/755/306 545/743/306
f 545/743/307 558/756/307 546/744/307
f 546/744/308 559/757/308 547/745/308
f 559/757/309 548/746/309 547/745/309
f 560/758/310 549/747/310 548/746/310
f 561/759/311 550/748/311 549/747/311
f 562/760/312 551/749/312 550/748/312
f 563/761/313 552/750/313 551/749/313
f 564/762/314 541/739/314 552/750/314
f 565/763/315 554/752/315 553/751/315
f 566/764/316 555/753/316 554/752/316
f 567/765/317 556/754/317 555/753/317
f 568/766/318 557/755/318 556/754/318
f 569/767/319 558/756/319 557/755/319
f 570/768/320 559/757/320 558/756/320
f 559/757/321 572/770/321 560/758/321
f 560/758/322 573/771/322 561/759/322
f 561/759/323 574/772/323 562/760/323
f 562/760/324 575/773/324 563/761/324
f 563/761/325 576/774/325 564/762/325
f 564/762/326 565/763/326 553/751/326
f 577/775/327 566/764/327 565/763/327
f 578/776/328 567/765/328 566/764/328
f 579/777/329 568/766/329 567/765/329
f 580/778/330 569/767/330 568/766/330
f 581/779/331 570/768/331 569/767/331
f 582/780/332 571/769/332 570/768/332
f 571/769/333 584/782/333 572/770/333
f 572/770/334 585/783/334 573/771/334
f 573/771/335 586/784/335 574/772/335
f 574/772/336 587/785/336 575/773/336
f 575/773/337 588/786/337 576/774/337
f 576/774/338 577/775/338 565/763/338
f 589/787/339 578/776/339 577/775/339
f 590/788/340 579/777/340 578/776/340
f 591/789/341 580/778/341 579/777/341
f 592/790/342 581/779/342 580/778/342
f 593/791/343 582/780/343 581/779/343
f 594/792/344 583/781/344 582/780/344
f 583/781/345 596/794/345 584/782/345
f 584/782/346 597/795/346 585/783/346
f 585/783/347 598/796/347 586/784/347
f 586/784/348 599/797/348 587/785/348
f 587/785/349 600/798/349 588/786/349
f 588/786/350 589/787/350 577/775/350
f 601/799/351 590/788/351 589/787/351
f 602/800/352 591/789/352 590/788/352
f 603/801/353 592/790/353 591/789/353
f 604/802/354 593/791/354 592/790/354
f 605/803/355 594/792/355 593/791/355
f 606/804/356 595/793/356 594/792/356
f 595/793/357 608/806/357 596/794/357
f 596/794/358 609/807/358 597/795/358
f 597/795/359 610/808/359 598/796/359
f 598/796/360 611/809/360 599/797/360
f 599/797/361 612/810/361 600/798/361
f 600/798/362 601/799/362 589/787/362
f 613/811/363 602/800/363 601/799/363
f 614/812/364 603/801/364 602/800/364
f 615/813/365 604/802/365 603/801/365
f 616/814/366 605/803/366 604/802/366
f 617/815/367 606/804/367 605/803/367
f 618/816/368 607/805/368 606/804/368
f 607/805/369 620/818/369 608/806/369
f 608/806/370 621/819/370 609/807/370
f 609/807/371 622/820/371 610/808/371
f 610/808/372 623/821/372 611/809/372
f 611/809/373 624/822/373 612/810/373
f 612/810/374 613/811/374 601/799/374
f 625/823/375 614/812/375 613/811/375
f 626/824/376 615/813/376 614/812/376
f 627/825/377 616/814/377 615/813/377
f 628/826/378 617/815/378 616/814/378
f 629/827/379 618/816/379 617/815/379
f 630/828/380 619/817/380 618/816/380
f 619/817/381 632/830/381 620/818/381
f 620/818/382 633/831/382 621/819/382
f 621/819/383 634/832/383 622/820/383
f 622/820/384 635/833/384 623/821/384
f 623/821/385 636/834/385 624/822/385
f 624/822/386 625/823/386 613/811/386
f 637/835/387 626/824/387 625/823/387
f 638/836/388 627/825/388 626/824/388
f 639/837/389 628/826/389 627/825/389
f 640/838/390 629/827/390 628/826/390
f 641/839/391 630/828/391 629/827/391
f 642/840/392 631/829/392 630/828/392
f 631/829/393 644/842/393 632/830/393
f 632/830/394 645/843/394 633/831/394
f 633/831/395 646/844/395 634/832/395
f 634/832/396 647/845/396 635/833/396
f 635/833/397 648/846/397 636/834/397
f 636/834/398 637/835/398 625/823/398
f 649/847/399 638/836/399 637/835/399
f 650/848/400 639/837/400 638/836/400
f 651/849/401 640/838/401 639/837/401
f 652/850/402 641/839/402 640/838/402
f 653/851/403 642/840/403 641/839/403
f 654/852/404 643/841/404 642/840/404
f 643/841/405 656/854/405 644/842/405
f 644/842/406 657/855/406 645/843/406
f 645/843/407 658/856/407 646/844/407
f 646/844/408 659/857/408 647/845/408
f 647/845/409 660/858/409 648/846/409
f 648/846/410 649/847/410 637/835/410
f 661/859/411 650/848/411 649/847/411
f 662/860/412 651/849/412 650/848/412
f 663/861/413 652/850/413 651/849/413
f 664/862/414 653/851/414 652/850/414
f 665/863/415 654/852/415 653/851/415
f 666/864/416 655/853/416 654/852/416
f 655/853/417 668/866/417 656/854/417
f 656/854/418 669/867/418 657/855/418
f 657/855/419 670/868/419 658/856/419
f 658/856/420 671/869/420 659/857/420
f 659/857/421 672/870/421 660/858/421
f 660/858/422 661/859/422 649/847/422
f 673/871/423 662/860/423 661/859/423
f 674/872/424 663/861/424 662/860/424
f 675/873/425 664/862/425 663/861/425
f 676/874/426 665/863/426 664/862/426
f 677/875/427 666/864/427 665/863/427
f 678/876/428 667/865/428 666/864/428
f 667/865/429 680/878/429 668/866/429
f 668/866/430 681/879/430 669/867/430
f 669/867/431 682/880/431 670/868/431
f 670/868/432 683/881/432 671/869/432
f 671/869/433 684/882/433 672/870/433
f 672/870/434 673/871/434 661/859/434
f 685/883/435 674/872/435 673/871/435
f 686/884/436 675/873/436 674/872/436
f 687/885/437 676/874/437 675/873/437
f 688/886/438 677/875/438 676/874/438
f 689/887/439 678/876/439 677/875/439
f 690/888/440 679/877/440 678/876/440
f 679/877/441 692/890/441 680/878/441
f 680/878/442 693/891/442 681/879/442
f 681/879/443 694/892/443 682/880/443
f 682/880/444 695/893/444 683/881/444
f 683/881/445 696/894/445 684/882/445
f 684/882/446 685/883/446 673/871/446
f 697/895/447 686/884/447 685/883/447
f 698/896/448 687/885/448 686/884/448
f 699/897/449 688/886/449 687/885/449
f 700/898/450 689/887/450 688/886/450
f 701/899/451 690/888/451 689/887/451
f 702/900/452 691/889/452 690/888/452
f 691/889/453 704/902/453 692/890/453
f 692/890/454 705/903/454 693/891/454
f 693/891/455 706/904/455 694/892/455
f 694/892/456 707/905/456 695/893/456
f 695/893/457 708/906/457 696/894/457
f 696/894/458 697/895/458 685/883/458
f 697/895/176 710/908/176 698/896/176
f 698/896/175 711/909/175 699/897/175
f 699/897/174 712/910/174 700/898/174
f 700/898/173 713/911/173 701/899/173
f 701/899/172 714/912/172 702/900/172
f 702/900/171 715/913/171 703/901/171
f 715/913/182 704/902/182 703/901/182
f 716/914/181 705/903/181 704/902/181
f 717/915/180 706/904/180 705/903/180
f 718/916/179 707/905/179 706/904/179
f 719/917/178 708/906/178 707/905/178
f 720/918/177 697/895/177 708/906/177
f 709/907/188 722/920/188 710/908/188
f 710/908/459 723/921/459 711/909/459
f 711/909/186 724/922/186 712/910/186
f 712/910/185 725/923/185 713/911/185
f 713/911/460 726/924/460 714/912/460
f 714/912/183 727/925/183 715/913/183
f 727/925/194 716/914/194 715/913/194
f 728/926/461 717/915/461 716/914/461
f 729/927/192 718/916/192 717/915/192
f 730/928/191 719/917/191 718/916/191
f 731/929/462 720/918/462 719/917/462
f 732/930/189 709/907/189 720/918/189
f 721/919/463 734/932/463 722/920/463
f 722/920/199 735/933/199 723/921/199
f 723/921/198 736/934/198 724/922/198
f 724/922/197 737/935/197 725/923/197
f 725/923/196 738/936/196 726/924/196
f 726/924/195 739/937/195 727/925/195
f 739/937/206 728/926/206 727/925/206
f 740/938/205 729/927/205 728/926/205
f 741/939/204 730/928/204 729/927/204
f 742/940/203 731/929/203 730/928/203
f 743/941/202 732/930/202 731/929/202
f 744/942/201 721/919/201 732/930/201
f 733/931/212 746/944/212 734/932/212
f 734/932/211 747/945/211 735/933/211
f 735/933/210 748/946/210 736/934/210
f 736/934/209 749/947/209 737/935/209
f 737/935/208 750/948/208 738/936/208
f 738/936/464 751/949/464 739/937/464
f 751/949/465 740/938/465 739/937/465
f 752/950/217 741/939/217 740/938/217
f 753/951/216 742/940/216 741/939/216
f 754/952/215 743/941/215 742/940/215
f 755/953/214 744/942/214 743/941/214
f 756/954/213 733/931/213 744/942/213
f 745/943/224 758/956/224 746/944/224
f 746/944/223 759/957/223 747/945/223
f 747/945/222 760/958/222 748/946/222
f 748/946/221 761/959/221 749/947/221
f 749/947/220 762/960/220 750/948/220
f 750/948/219 763/961/219 751/949/219
f 763/961/230 752/950/230 751/949/230
f 764/962/229 753/951/229 752/950/229
f 765/963/228 754/952/228 753/951/228
f 766/964/227 755/953/227 754/952/227
f 767/965/226 756/954/226 755/953/226
f 768/966/225 745/943/225 756/954/225
f 757/955/236 770/968/236 758/956/236
f 758/956/235 771/969/235 759/957/235
f 759/957/234 772/970/234 760/958/234
f 760/958/233 773/971/233 761/959/233
f 761/959/232 774/972/232 762/960/232
f 762/960/231 775/973/231 763/961/231
f 775/973/242 764/962/242 763/961/242
f 776/974/241 765/963/241 764/962/241
f 777/975/240 766/964/240 765/963/240
f 778/976/239 767/965/239 766/964/239
f 779/977/238 768/966/238 767/965/238
f 780/978/237 757/955/237 768/966/237
f 769/967/248 782/980/248 770/968/248
f 770/968/247 783/981/247 771/969/247
f 771/969/246 784/982/246 772/970/246
f 772/970/245 785/983/245 773/971/245
f 773/971/244 786/984/244 774/972/244
f 774/972/243 787/985/243 775/973/243
f 787/985/254 776/974/254 775/973/254
f 788/986/253 777/975/253 776/974/253
f 789/987/252 778/976/252 777/975/252
f 790/988/251 779/977/251 778/976/251
f 791/989/250 780/978/250 779/977/250
f 792/990/249 769/967/249 780/978/249
f 781/979/260 794/992/260 782/980/260
f 782/980/259 795/993/259 783/981/259
f 783/981/258 796/994/258 784/982/258
f 784/982/257 797/995/257 785/983/257
f 785/983/256 798/996/256 786/984/256
f 786/984/466 799/997/466 787/985/466
f 799/997/467 788/986/467 787/985/467
f 800/998/265 789/987/265 788/986/265
f 801/999/264 790/988/264 789/987/264
f 802/1000/263 791/989/263 790/988/263
f 803/1001/262 792/990/262 791/989/262
f 804/1002/261 781/979/261 792/990/261
f 793/991/272 806/1004/272 794/992/272
f 794/992/271 807/1005/271 795/993/271
f 795/993/270 808/1006/270 796/994/270
f 796/994/269 809/1007/269 797/995/269
f 797/995/268 810/1008/268 798/996/268
f 798/996/267 811/1009/267 799/997/267
f 811/1009/278 800/998/278 799/997/278
f 812/1010/277 801/999/277 800/998/277
f 813/1011/276 802/1000/276 801/999/276
f 814/1012/275 803/1001/275 802/1000/275
f 815/1013/274 804/1002/274 803/1001/274
f 816/1014/273 793/991/273 804/1002/273
f 805/1003/284 818/1016/284 806/1004/284
f 806/1004/283 819/1017/283 807/1005/283
f 807/1005/282 820/1018/282 808/1006/282
f 808/1006/281 821/1019/281 809/1007/281
f 809/1007/280 822/1020/280 810/1008/280
f 810/1008/279 823/1021/279 811/1009/279
f 823/1021/290 812/1010/290 811/1009/290
f 824/1022/289 813/1011/289 812/1010/289
f 825/1023/288 814/1012/288 813/1011/288
f 826/1024/287 815/1013/287 814/1012/287
f 827/1025/286 816/1014/286 815/1013/286
f 828/1026/285 805/1003/285 816/1014/285
f 817/1015/296 830/1028/296 818/1016/296
f 818/1016/295 831/1029/295 819/1017/295
f 819/1017/294 832/1030/294 820/1018/294
f 820/1018/293 833/1031/293 821/1019/293
f 821/1019/292 834/1032/292 822/1020/292
f 822/1020/291 835/1033/291 823/1021/291
f 835/1033/302 824/1022/302 823/1021/302
f 836/1034/301 825/1023/301 824/1022/301
f 837/1035/300 826/1024/300 825/1023/300
f 838/1036/299 827/1025/299 826/1024/299
f 839/1037/298 828/1026/298 827/1025/298
f 840/1038/297 817/1015/297 828/1026/297
f 829/1027/308 842/1040/308 830/1028/308
f 830/1028/307 843/1041/307 831/1029/307
f 831/1029/306 844/1042/306 832/1030/306
f 832/1030/305 845/1043/305 833/1031/305
f 833/1031/304 846/1044/304 834/1032/304
f 834/1032/303 847/1045/303 835/1033/303
f 847/1045/314 836/1034/314 835/1033/314
f 848/1046/313 837/1035/313 836/1034/313
f 849/1047/312 838/1036/312 837/1035/312
f 850/1048/311 839/1037/311 838/1036/311
f 851/1049/310 840/1038/310 839/1037/310
f 852/1050/309 829/1027/309 840/1038/309
f 853/1051/320 842/1040/320 841/1039/320
f 854/1052/319 843/1041/319 842/1040/319
f 855/1053/318 844/1042/318 843/1041/318
f 856/1054/317 845/1043/317 844/1042/317
f 857/1055/316 846/1044/316 845/1043/316
f 858/1056/315 847/1045/315 846/1044/315
f 847/1045/326 860/1058/326 848/1046/326
f 848/1046/325 861/1059/325 849/1047/325
f 849/1047/324 862/1060/324 850/1048/324
f 850/1048/323 863/1061/323 851/1049/323
f 851/1049/322 864/1062/322 852/1050/322
f 852/1050/321 853/1051/321 841/1039/321
f 865/1063/332 854/1052/332 853/1051/332
f 866/1064/331 855/1053/331 854/1052/331
f 867/1065/330 856/1054/330 855/1053/330
f 868/1066/329 857/1055/329 856/1054/329
f 869/1067/328 858/1056/328 857/1055/328
f 870/1068/327 859/1057/327 858/1056/327
f 859/1057/338 872/1070/338 860/1058/338
f 860/1058/337 873/1071/337 861/1059/337
f 861/1059/336 874/1072/336 862/1060/336
f 862/1060/335 875/1073/335 863/1061/335
f 863/1061/334 876/1074/334 864/1062/334
f 864/1062/333 865/1063/333 853/1051/333
f 877/1075/344 866/1064/344 865/1063/344
f 878/1076/343 867/1065/343 866/1064/343
f 879/1077/342 868/1066/342 867/1065/342
f 880/1078/341 869/1067/341 868/1066/341
f 881/1079/340 870/1068/340 869/1067/340
f 882/1080/339 871/1069/339 870/1068/339
f 871/1069/350 884/1082/350 872/1070/350
f 872/1070/349 885/1083/349 873/1071/349
f 873/1071/348 886/1084/348 874/1072/348
f 874/1072/347 887/1085/347 875/1073/347
f 875/1073/346 888/1086/346 876/1074/346
f 876/1074/345 877/1075/345 865/1063/345
f 889/1087/356 878/1076/356 877/1075/356
f 890/1088/355 879/1077/355 878/1076/355
f 891/1089/354 880/1078/354 879/1077/354
f 892/1090/353 881/1079/353 880/1078/353
f 893/1091/352 882/1080/352 881/1079/352
f 894/1092/351 883/1081/351 882/1080/351
f 883/1081/362 896/1094/362 884/1082/362
f 884/1082/361 897/1095/361 885/1083/361
f 885/1083/360 898/1096/360 886/1084/360
f 886/1084/359 899/1097/359 887/1085/359
f 887/1085/358 900/1098/358 888/1086/358
f 888/1086/357 889/1087/357 877/1075/357
f 901/1099/368 890/1088/368 889/1087/368
f 902/1100/367 891/1089/367 890/1088/367
f 903/1101/366 892/1090/366 891/1089/366
f 904/1102/365 893/1091/365 892/1090/365
f 905/1103/364 894/1092/364 893/1091/364
f 906/1104/363 895/1093/363 894/1092/363
f 895/1093/374 908/1106/374 896/1094/374
f 896/1094/373 909/1107/373 897/1095/373
f 897/1095/372 910/1108/372 898/1096/372
f 898/1096/371 911/1109/371 899/1097/371
f 899/1097/370 912/1110/370 900/1098/370
f 900/1098/369 901/1099/369 889/1087/369
f 913/1111/380 902/1100/380 901/1099/380
f 914/1112/379 903/1101/379 902/1100/379
f 915/1113/378 904/1102/378 903/1101/378
f 916/1114/377 905/1103/377 904/1102/377
f 917/1115/376 906/1104/376 905/1103/376
f 918/1116/375 907/1105/375 906/1104/375
f 907/1105/386 920/1118/386 908/1106/386
f 908/1106/385 921/1119/385 909/1107/385
f 909/1107/384 922/1120/384 910/1108/384
f 910/1108/383 923/1121/383 911/1109/383
f 911/1109/382 924/1122/382 912/1110/382
f 912/1110/381 913/1111/381 901/1099/381
f 925/1123/392 914/1112/392 913/1111/392
f 926/1124/391 915/1113/391 914/1112/391
f 927/1125/390 916/1114/390 915/1113/390
f 928/1126/389 917/1115/389 916/1114/389
f 929/1127/388 918/1116/388 917/1115/388
f 930/1128/387 919/1117/387 918/1116/387
f 919/1117/398 932/1130/398 920/1118/398
f 920/1118/397 933/1131/397 921/1119/397
f 921/1119/396 934/1132/396 922/1120/396
f 922/1120/395 935/1133/395 923/1121/395
f 923/1121/394 936/1134/394 924/1122/394
f 924/1122/393 925/1123/393 913/1111/393
f 937/1135/404 926/1124/404 925/1123/404
f 938/1136/403 927/1125/403 926/1124/403
f 939/1137/402 928/1126/402 927/1125/402
f 940/1138/401 929/1127/401 928/1126/401
f 941/1139/400 930/1128/400 929/1127/400
f 942/1140/399 931/1129/399 930/1128/399
f 931/1129/410 944/1142/410 932/1130/410
f 932/1130/409 945/1143/409 933/1131/409
f 933/1131/408 946/1144/408 934/1132/408
f 934/1132/407 947/1145/407 935/1133/407
f 935/1133/406 948/1146/406 936/1134/406
f 936/1134/405 937/1135/405 925/1123/405
f 949/1147/416 938/1136/416 937/1135/416
f 950/1148/415 939/1137/415 938/1136/415
f 951/1149/414 940/1138/414 939/1137/414
f 952/1150/413 941/1139/413 940/1138/413
f 953/1151/412 942/1140/412 941/1139/412
f 954/1152/411 943/1141/411 942/1140/411
f 943/1141/422 956/1154/422 944/1142/422
f 944/1142/421 957/1155/421 945/1143/421
f 945/1143/420 958/1156/420 946/1144/420
f 946/1144/419 959/1157/419 947/1145/419
f 947/1145/418 960/1158/418 948/1146/418
f 948/1146/417 949/1147/417 937/1135/417
f 961/1159/468 950/1148/468 949/1147/468
f 962/1160/427 951/1149/427 950/1148/427
f 963/1161/426 952/1150/426 951/1149/426
f 964/1162/425 953/1151/425 952/1150/425
f 965/1163/424 954/1152/424 953/1151/424
f 966/1164/423 955/1153/423 954/1152/423
f 955/1153/434 968/1166/434 956/1154/434
f 956/1154/433 969/1167/433 957/1155/433
f 957/1155/432 970/1168/432 958/1156/432
f 958/1156/431 971/1169/431 959/1157/431
f 959/1157/430 972/1170/430 960/1158/430
f 960/1158/469 961/1159/469 949/1147/469
f 973/1171/440 962/1160/440 961/1159/440
f 974/1172/470 963/1161/470 962/1160/470
f 975/1173/438 964/1162/438 963/1161/438
f 976/1174/437 965/1163/437 964/1162/437
f 977/1175/471 966/1164/471 965/1163/471
f 978/1176/435 967/1165/435 966/1164/435
f 967/1165/446 980/1178/446 968/1166/446
f 968/1166/472 981/1179/472 969/1167/472
f 969/1167/444 982/1180/444 970/1168/444
f 970/1168/443 983/1181/443 971/1169/443
f 971/1169/473 984/1182/473 972/1170/473
f 972/1170/441 973/1171/441 961/1159/441
f 409/607/452 974/1172/452 973/1171/452
f 410/608/451 975/1173/451 974/1172/451
f 411/609/450 976/1174/450 975/1173/450
f 412/610/449 977/1175/449 976/1174/449
f 413/611/448 978/1176/448 977/1175/448
f 414/612/447 979/1177/447 978/1176/447
f 979/1177/458 416/614/458 980/1178/458
f 980/1178/457 417/615/457 981/1179/457
f 981/1179/456 418/616/456 982/1180/456
f 982/1180/455 419/617/455 983/1181/455
f 983/1181/454 420/618/454 984/1182/454
f 984/1182/453 409/607/453 973/1171/453
f 32/64/1 1/1/1 34/68/1
f 3/7/2 4/8/2 40/77/2
f 4/8/3 5/10/3 42/80/3
f 5/10/4 6/12/4 44/83/4
f 6/12/5 7/14/5 46/86/5
f 7/14/6 8/16/6 48/89/6
f 8/16/7 9/18/7 50/92/7
f 9/18/8 10/20/8 52/95/8
f 10/20/9 11/22/9 54/98/9
f 11/22/10 12/24/10 56/101/10
f 12/24/11 13/26/11 58/104/11
f 13/26/12 14/28/12 60/107/12
f 14/28/13 15/30/13 62/110/13
f 15/30/14 16/32/14 64/113/14
f 16/32/15 17/34/15 66/116/15
f 17/34/16 18/36/16 68/119/16
f 18/36/17 19/38/17 70/122/17
f 19/38/18 20/40/18 72/125/18
f 20/40/19 21/42/19 74/128/19
f 21/42/20 22/44/20 76/131/20
f 22/44/21 23/46/21 78/134/21
f 23/46/22 24/48/22 80/137/22
f 24/48/23 25/50/23 82/140/23
f 25/50/24 26/52/24 84/143/24
f 26/52/25 27/54/25 86/146/25
f 27/54/26 28/56/26 88/149/26
f 28/56/27 29/58/27 90/152/27
f 29/58/28 30/60/28 92/155/28
f 30/60/29 31/62/29 94/158/29
f 31/62/30 32/64/30 96/161/30
f 3/6/31 2/4/31 31/63/31
f 2/4/31 1/2/31 31/63/31
f 1/2/31 32/65/31 31/63/31
f 31/63/31 30/61/31 29/59/31
f 29/59/31 28/57/31 27/55/31
f 27/55/31 26/53/31 23/47/31
f 26/53/31 25/51/31 23/47/31
f 25/51/31 24/49/31 23/47/31
f 23/47/31 22/45/31 21/43/31
f 21/43/31 20/41/31 19/39/31
f 19/39/31 18/37/31 15/31/31
f 18/37/31 17/35/31 15/31/31
f 17/35/31 16/33/31 15/31/31
f 15/31/31 14/29/31 13/27/31
f 13/27/31 12/25/31 11/23/31
f 11/23/31 10/21/31 9/19/31
f 9/19/31 8/17/31 11/23/31
f 8/17/31 7/15/31 11/23/31
f 7/15/31 6/13/31 5/11/31
f 5/11/31 4/9/31 3/6/31
f 31/63/31 29/59/31 27/55/31
f 23/47/31 21/43/31 19/39/31
f 15/31/31 13/27/31 11/23/31
f 7/15/31 5/11/31 3/6/31
f 3/6/31 31/63/31 27/55/31
f 27/55/31 23/47/31 19/39/31
f 19/39/31 15/31/31 11/23/31
f 11/23/31 7/15/31 3/6/31
f 3/6/31 27/55/31 19/39/31
f 2/5/32 3/7/32 38/74/32
f 1/3/33 2/5/33 36/71/33
f 36/72/34 35/70/34 33/66/34
f 38/75/35 37/73/35 35/70/35
f 38/75/36 40/78/36 39/76/36
f 40/78/37 42/81/37 41/79/37
f 44/84/38 43/82/38 41/79/38
f 46/87/39 45/85/39 43/82/39
f 46/87/40 48/90/40 47/88/40
f 48/90/41 50/93/41 49/91/41
f 52/96/42 51/94/42 49/91/42
f 54/99/43 53/97/43 51/94/43
f 54/99/44 56/102/44 55/100/44
f 56/102/45 58/105/45 57/103/45
f 60/108/46 59/106/46 57/103/46
f 62/111/47 61/109/47 59/106/47
f 62/111/48 64/114/48 63/112/48
f 64/114/49 66/117/49 65/115/49
f 68/120/50 67/118/50 65/115/50
f 70/123/51 69/121/51 67/118/51
f 70/123/52 72/126/52 71/124/52
f 72/126/53 74/129/53 73/127/53
f 76/132/54 75/130/54 73/127/54
f 78/135/55 77/133/55 75/130/55
f 78/135/56 80/138/56 79/136/56
f 80/138/57 82/141/57 81/139/57
f 84/144/58 83/142/58 81/139/58
f 86/147/59 85/145/59 83/142/59
f 86/147/60 88/150/60 87/148/60
f 88/150/61 90/153/61 89/151/61
f 92/156/62 91/154/62 89/151/62
f 94/159/63 93/157/63 91/154/63
f 94/159/64 96/162/64 95/160/64
f 96/162/65 34/69/65 33/66/65
f 95/160/66 33/66/66 35/70/66
f 35/70/66 37/73/66 39/76/66
f 39/76/66 41/79/66 47/88/66
f 41/79/66 43/82/66 47/88/66
f 43/82/66 45/85/66 47/88/66
f 47/88/66 49/91/66 51/94/66
f 51/94/66 53/97/66 55/100/66
f 55/100/66 57/103/66 63/112/66
f 57/103/66 59/106/66 63/112/66
f 59/106/66 61/109/66 63/112/66
f 63/112/66 65/115/66 67/118/66
f 67/118/66 69/121/66 63/112/66
f 69/121/66 71/124/66 63/112/66
f 71/124/66 73/127/66 75/130/66
f 75/130/66 77/133/66 71/124/66
f 77/133/66 79/136/66 71/124/66
f 79/136/66 81/139/66 83/142/66
f 83/142/66 85/145/66 79/136/66
f 85/145/66 87/148/66 79/136/66
f 87/148/66 89/151/66 91/154/66
f 91/154/66 93/157/66 95/160/66
f 95/160/66 35/70/66 47/88/66
f 35/70/66 39/76/66 47/88/66
f 47/88/66 51/94/66 63/112/66
f 51/94/66 55/100/66 63/112/66
f 87/148/66 91/154/66 79/136/66
f 91/154/66 95/160/66 79/136/66
f 63/112/66 71/124/66 79/136/66
f 95/160/66 47/88/66 63/112/66
f 192/323/67 130/229/67 97/164/67
f 134/236/68 136/239/68 100/170/68
f 136/239/69 138/242/69 101/172/69
f 138/242/70 140/245/70 102/174/70
f 140/245/71 142/248/71 103/176/71
f 142/248/72 144/251/72 104/178/72
f 144/251/73 146/254/73 105/180/73
f 146/254/74 148/257/74 106/182/74
f 148/257/75 150/260/75 107/184/75
f 150/260/76 152/263/76 108/186/76
f 152/263/77 154/266/77 109/188/77
f 154/266/78 156/269/78 110/190/78
f 156/269/79 158/272/79 111/192/79
f 158/272/80 160/275/80 112/194/80
f 160/275/81 162/278/81 113/196/81
f 162/278/82 164/281/82 114/198/82
f 164/281/83 166/284/83 115/200/83
f 166/284/84 168/287/84 116/202/84
f 168/287/85 170/290/85 117/204/85
f 170/290/86 172/293/86 118/206/86
f 172/293/87 174/296/87 119/208/87
f 174/296/88 176/299/88 120/210/88
f 176/299/89 178/302/89 121/212/89
f 178/302/90 180/305/90 122/214/90
f 180/305/91 182/308/91 123/216/91
f 182/308/92 184/311/92 124/218/92
f 184/311/93 186/314/93 125/220/93
f 186/314/94 188/317/94 126/222/94
f 188/317/95 190/320/95 127/224/95
f 190/320/96 192/323/96 128/226/96
f 130/230/97 132/233/97 98/166/97
f 132/233/98 134/236/98 99/168/98
f 128/227/66 97/165/66 113/197/66
f 97/165/66 98/167/66 112/195/66
f 98/167/66 99/169/66 112/195/66
f 99/169/66 100/171/66 111/193/66
f 112/195/66 99/169/66 111/193/66
f 100/171/66 101/173/66 109/189/66
f 101/173/66 102/175/66 108/187/66
f 102/175/66 103/177/66 108/187/66
f 103/177/66 104/179/66 107/185/66
f 108/187/66 103/177/66 107/185/66
f 104/179/66 105/181/66 106/183/66
f 106/183/66 107/185/66 104/179/66
f 108/187/66 109/189/66 101/173/66
f 109/189/66 110/191/66 100/171/66
f 110/191/66 111/193/66 100/171/66
f 112/195/66 113/197/66 97/165/66
f 113/197/66 114/199/66 128/227/66
f 114/199/66 115/201/66 128/227/66
f 115/201/66 116/203/66 127/225/66
f 128/227/66 115/201/66 127/225/66
f 116/203/66 117/205/66 125/221/66
f 117/205/66 118/207/66 124/219/66
f 118/207/66 119/209/66 124/219/66
f 119/209/66 120/211/66 123/217/66
f 124/219/66 119/209/66 123/217/66
f 120/211/66 121/213/66 122/215/66
f 122/215/66 123/217/66 120/211/66
f 124/219/66 125/221/66 117/205/66
f 125/221/66 126/223/66 116/203/66
f 130/231/99 129/228/99 131/232/99
f 132/234/100 131/232/100 133/235/100
f 134/237/101 133/235/101 135/238/101
f 136/240/102 135/238/102 137/241/102
f 138/243/103 137/241/103 139/244/103
f 140/246/104 139/244/104 141/247/104
f 142/249/105 141/247/105 143/250/105
f 144/252/106 143/250/106 145/253/106
f 148/258/107 146/255/107 145/253/107
f 150/261/108 148/258/108 147/256/108
f 152/264/109 150/261/109 149/259/109
f 154/267/110 152/264/110 151/262/110
f 156/270/111 154/267/111 153/265/111
f 158/273/112 156/270/112 155/268/112
f 160/276/113 158/273/113 157/271/113
f 162/279/114 160/276/114 159/274/114
f 162/279/115 161/277/115 163/280/115
f 164/282/116 163/280/116 165/283/116
f 166/285/117 165/283/117 167/286/117
f 168/288/118 167/286/118 169/289/118
f 170/291/119 169/289/119 171/292/119
f 172/294/120 171/292/120 173/295/120
f 174/297/121 173/295/121 175/298/121
f 176/300/122 175/298/122 177/301/122
f 180/306/123 178/303/123 177/301/123
f 182/309/124 180/306/124 179/304/124
f 184/312/125 182/309/125 181/307/125
f 186/315/126 184/312/126 183/310/126
f 188/318/127 186/315/127 185/313/127
f 190/321/128 188/318/128 187/316/128
f 192/324/129 190/321/129 189/319/129
f 130/231/130 192/324/130 191/322/130
f 133/235/31 131/232/31 159/274/31
f 131/232/31 129/228/31 161/277/31
f 129/228/31 191/322/31 163/280/31
f 191/322/31 189/319/31 165/283/31
f 189/319/31 187/316/31 165/283/31
f 187/316/31 185/313/31 167/286/31
f 165/283/31 187/316/31 167/286/31
f 185/313/31 183/310/31 169/289/31
f 183/310/31 181/307/31 171/292/31
f 169/289/31 183/310/31 171/292/31
f 181/307/31 179/304/31 175/298/31
f 179/304/31 177/301/31 175/298/31
f 175/298/31 173/295/31 181/307/31
f 173/295/31 171/292/31 181/307/31
f 169/289/31 167/286/31 185/313/31
f 165/283/31 163/280/31 191/322/31
f 163/280/31 161/277/31 129/228/31
f 161/277/31 159/274/31 131/232/31
f 159/274/31 157/271/31 133/235/31
f 157/271/31 155/268/31 133/235/31
f 155/268/31 153/265/31 135/238/31
f 133/235/31 155/268/31 135/238/31
f 153/265/31 151/262/31 137/241/31
f 151/262/31 149/259/31 139/244/31
f 137/241/31 151/262/31 139/244/31
f 149/259/31 147/256/31 143/250/31
f 147/256/31 145/253/31 143/250/31
f 143/250/31 141/247/31 149/259/31
f 141/247/31 139/244/31 149/259/31
f 217/359/131 196/333/131 202/341/131
f 196/333/132 200/338/132 203/342/132
f 213/355/133 212/354/133 198/336/133
f 198/336/134 194/328/134 201/339/134
f 211/353/66 197/335/66 193/326/66
f 210/351/31 194/329/31 198/336/31
f 204/343/134 201/339/134 208/347/134
f 213/355/133 204/343/133 207/346/133
f 202/341/132 203/342/132 206/345/132
f 219/362/131 202/341/131 205/344/131
f 220/363/131 205/344/131 195/331/131
f 205/344/132 206/345/132 199/337/132
f 216/358/133 207/346/133 197/335/133
f 207/346/134 208/347/134 193/327/134
f 230/376/474 228/373/474 216/358/474
f 208/348/131 215/357/131 209/349/131
f 201/340/131 214/356/131 215/357/131
f 227/372/133 213/355/133 216/358/133
f 229/374/31 210/351/31 212/354/31
f 230/376/475 211/353/475 209/350/475
f 227/372/133 226/371/133 212/354/133
f 194/330/131 210/352/131 214/356/131
f 200/338/133 222/366/133 223/367/133
f 195/332/66 199/337/66 218/361/66
f 196/334/31 217/360/31 222/366/31
f 203/342/133 223/367/133 224/368/133
f 206/345/133 224/368/133 218/361/133
f 236/383/131 220/363/131 221/364/131
f 235/382/131 219/362/131 220/363/131
f 233/380/131 217/359/131 219/362/131
f 210/352/131 229/375/131 231/377/131
f 214/356/131 231/377/131 232/378/131
f 215/357/131 232/378/131 225/369/131
f 238/386/133 226/371/133 227/372/133
f 234/381/137 230/376/137 225/370/137
f 233/379/31 229/374/31 226/371/31
f 240/388/138 239/387/138 227/372/138
f 240/388/139 228/373/139 230/376/139
f 224/368/476 240/388/476 234/381/476
f 224/368/133 223/367/133 239/387/133
f 217/360/31 233/379/31 238/386/31
f 221/365/477 218/361/477 234/381/477
f 222/366/133 238/386/133 239/387/133
f 229/375/131 233/380/131 235/382/131
f 231/377/131 235/382/131 236/383/131
f 232/378/131 236/383/131 237/385/131
f 265/423/133 244/397/133 250/405/133
f 244/397/134 248/402/134 251/406/134
f 261/419/131 260/418/131 246/400/131
f 246/400/132 242/392/132 249/403/132
f 259/417/66 245/399/66 241/390/66
f 260/418/31 258/415/31 242/393/31
f 252/407/132 249/403/132 256/411/132
f 261/419/131 252/407/131 255/410/131
f 250/405/134 251/406/134 254/409/134
f 267/426/133 250/405/133 253/408/133
f 268/427/133 253/408/133 243/395/133
f 253/408/134 254/409/134 247/401/134
f 264/422/131 255/410/131 245/399/131
f 255/410/132 256/411/132 241/391/132
f 278/440/478 276/437/478 264/422/478
f 256/412/133 263/421/133 257/413/133
f 249/404/133 262/420/133 263/421/133
f 275/436/131 261/419/131 264/422/131
f 277/438/31 258/415/31 260/418/31
f 278/440/479 259/417/479 257/414/479
f 275/436/131 274/435/131 260/418/131
f 242/394/133 258/416/133 262/420/133
f 248/402/131 270/430/131 271/431/131
f 243/396/66 247/401/66 266/425/66
f 244/398/31 265/424/31 270/430/31
f 251/406/131 271/431/131 272/432/131
f 254/409/131 272/432/131 266/425/131
f 284/447/133 268/427/133 269/428/133
f 283/446/133 267/426/133 268/427/133
f 281/444/133 265/423/133 267/426/133
f 258/416/133 277/439/133 279/441/133
f 262/420/133 279/441/133 280/442/133
f 263/421/133 280/442/133 273/433/133
f 286/450/131 274/435/131 275/436/131
f 282/445/144 278/440/144 273/434/144
f 286/450/31 281/443/31 277/438/31
f 288/452/145 287/451/145 275/436/145
f 288/452/146 276/437/146 278/440/146
f 272/432/480 288/452/480 282/445/480
f 272/432/131 271/431/131 287/451/131
f 265/424/31 281/443/31 286/450/31
f 269/429/481 266/425/481 282/445/481
f 270/430/131 286/450/131 287/451/131
f 277/439/133 281/444/133 283/446/133
f 279/441/133 283/446/133 284/447/133
f 280/442/133 284/447/133 285/449/133
f 313/487/149 292/461/149 338/519/149
f 338/519/131 292/461/131 296/466/131
f 341/522/132 308/482/132 294/464/132
f 294/464/133 290/456/133 337/518/133
f 307/481/66 293/463/66 289/455/66
f 306/479/31 290/457/31 294/464/31
f 300/471/133 297/468/133 304/475/133
f 309/483/132 300/471/132 303/474/132
f 298/469/131 299/470/131 302/473/131
f 315/490/134 298/469/134 301/472/134
f 317/493/134 316/491/134 301/472/134
f 301/472/131 302/473/131 295/465/131
f 312/486/151 303/474/151 293/463/151
f 293/463/133 303/474/133 304/475/133
f 326/504/482 324/501/482 312/486/482
f 304/476/134 311/485/134 305/478/134
f 297/467/134 310/484/134 311/485/134
f 323/500/132 309/483/132 312/486/132
f 325/502/31 306/479/31 308/482/31
f 321/498/483 326/504/483 307/481/483
f 346/527/132 322/499/132 308/482/132
f 290/458/149 306/480/149 342/523/149
f 296/466/132 318/494/132 343/524/132
f 291/460/66 295/465/66 314/489/66
f 292/462/31 313/488/31 318/494/31
f 299/470/132 319/495/132 320/496/132
f 302/473/151 320/496/151 314/489/151
f 332/511/134 316/491/134 317/493/134
f 331/510/134 315/490/134 316/491/134
f 329/508/149 313/487/149 344/525/149
f 342/523/149 306/480/149 325/503/149
f 310/484/134 327/505/134 328/506/134
f 311/485/134 328/506/134 321/497/134
f 334/514/132 322/499/132 346/527/132
f 330/509/155 326/504/155 321/498/155
f 329/507/31 325/502/31 322/499/31
f 336/516/156 335/515/156 323/500/156
f 336/516/157 324/501/157 326/504/157
f 320/496/484 336/516/484 330/509/484
f 320/496/132 319/495/132 335/515/132
f 313/488/31 329/507/31 334/514/31
f 314/489/485 330/509/485 333/512/485
f 318/494/132 334/514/132 347/528/132
f 325/503/149 329/508/149 348/529/149
f 327/505/134 331/510/134 332/511/134
f 328/506/134 332/511/134 333/513/134
f 345/526/134 348/529/134 331/510/134
f 343/524/132 347/528/132 335/515/132
f 347/528/132 346/527/132 323/500/132
f 342/523/134 345/526/134 327/505/134
f 348/529/134 344/525/134 315/490/134
f 339/520/132 343/524/132 319/495/132
f 337/517/134 342/523/134 310/484/134
f 323/500/132 346/527/132 341/522/132
f 340/521/133 337/518/133 297/468/133
f 309/483/132 341/522/132 340/521/132
f 338/519/131 339/520/131 299/470/131
f 344/525/134 338/519/134 298/469/134
f 373/564/160 352/538/160 398/596/160
f 398/596/133 352/538/133 356/543/133
f 401/599/134 368/559/134 354/541/134
f 354/541/131 350/533/131 397/595/131
f 367/558/66 353/540/66 349/532/66
f 366/556/31 350/534/31 354/541/31
f 360/548/131 357/545/131 364/552/131
f 369/560/134 360/548/134 363/551/134
f 358/546/133 359/547/133 362/550/133
f 375/567/132 358/546/132 361/549/132
f 377/570/132 376/568/132 361/549/132
f 361/549/133 362/550/133 355/542/133
f 372/563/162 363/551/162 353/540/162
f 353/540/131 363/551/131 364/552/131
f 386/581/486 384/578/486 372/563/486
f 364/553/132 371/562/132 365/555/132
f 357/544/132 370/561/132 371/562/132
f 383/577/134 369/560/134 372/563/134
f 382/576/31 385/579/31 366/556/31
f 381/575/487 386/581/487 367/558/487
f 406/604/134 382/576/134 368/559/134
f 350/535/160 366/557/160 402/600/160
f 356/543/134 378/571/134 403/601/134
f 351/537/66 355/542/66 374/566/66
f 352/539/31 373/565/31 378/571/31
f 359/547/134 379/572/134 380/573/134
f 362/550/162 380/573/162 374/566/162
f 392/588/132 376/568/132 377/570/132
f 391/587/132 375/567/132 376/568/132
f 389/585/160 373/564/160 404/602/160
f 366/557/160 385/580/160 405/603/160
f 370/561/132 387/582/132 388/583/132
f 371/562/132 388/583/132 381/574/132
f 394/591/134 382/576/134 406/604/134
f 390/586/166 386/581/166 381/575/166
f 389/584/31 385/579/31 382/576/31
f 396/593/167 395/592/167 383/577/167
f 396/593/168 384/578/168 386/581/168
f 380/573/488 396/593/488 390/586/488
f 380/573/134 379/572/134 395/592/134
f 373/565/31 389/584/31 394/591/31
f 374/566/489 390/586/489 393/589/489
f 378/571/134 394/591/134 407/605/134
f 385/580/160 389/585/160 408/606/160
f 387/582/132 391/587/132 392/588/132
f 388/583/132 392/588/132 393/590/132
f 405/603/132 408/606/132 391/587/132
f 403/601/134 407/605/134 395/592/134
f 407/605/134 406/604/134 383/577/134
f 402/600/132 405/603/132 387/582/132
f 408/606/132 404/602/132 375/567/132
f 399/597/134 403/601/134 379/572/134
f 397/594/132 402/600/132 370/561/132
f 383/577/134 406/604/134 401/599/134
f 400/598/131 397/595/131 357/545/131
f 369/560/134 401/599/134 400/598/134
f 398/596/133 399/597/133 359/547/133
f 404/602/132 398/596/132 358/546/132
f 409/607/171 421/619/171 422/620/171
f 410/608/172 422/620/172 423/621/172
f 411/609/173 423/621/173 424/622/173
f 412/610/174 424/622/174 425/623/174
f 413/611/175 425/623/175 426/624/175
f 414/612/176 426/624/176 427/625/176
f 427/625/177 428/626/177 416/614/177
f 428/626/178 429/627/178 417/615/178
f 429/627/179 430/628/179 418/616/179
f 430/628/180 431/629/180 419/617/180
f 431/629/181 432/630/181 420/618/181
f 432/630/182 421/619/182 409/607/182
f 421/619/183 433/631/183 434/632/183
f 422/620/184 434/632/184 435/633/184
f 423/621/185 435/633/185 436/634/185
f 424/622/186 436/634/186 437/635/186
f 425/623/187 437/635/187 438/636/187
f 426/624/188 438/636/188 439/637/188
f 439/637/189 440/638/189 428/626/189
f 440/638/190 441/639/190 429/627/190
f 441/639/191 442/640/191 430/628/191
f 442/640/192 443/641/192 431/629/192
f 443/641/193 444/642/193 432/630/193
f 444/642/194 433/631/194 421/619/194
f 433/631/490 445/643/490 446/644/490
f 434/632/196 446/644/196 447/645/196
f 435/633/197 447/645/197 448/646/197
f 436/634/198 448/646/198 449/647/198
f 437/635/199 449/647/199 450/648/199
f 438/636/200 450/648/200 451/649/200
f 451/649/201 452/650/201 440/638/201
f 452/650/202 453/651/202 441/639/202
f 453/651/203 454/652/203 442/640/203
f 454/652/204 455/653/204 443/641/204
f 455/653/205 456/654/205 444/642/205
f 456/654/491 445/643/491 433/631/491
f 445/643/207 457/655/207 458/656/207
f 446/644/208 458/656/208 459/657/208
f 447/645/209 459/657/209 460/658/209
f 448/646/210 460/658/210 461/659/210
f 449/647/211 461/659/211 462/660/211
f 450/648/492 462/660/492 463/661/492
f 463/661/493 464/662/493 452/650/493
f 464/662/214 465/663/214 453/651/214
f 465/663/215 466/664/215 454/652/215
f 466/664/216 467/665/216 455/653/216
f 467/665/217 468/666/217 456/654/217
f 468/666/218 457/655/218 445/643/218
f 457/655/219 469/667/219 470/668/219
f 458/656/220 470/668/220 471/669/220
f 459/657/221 471/669/221 472/670/221
f 460/658/222 472/670/222 473/671/222
f 461/659/223 473/671/223 474/672/223
f 462/660/224 474/672/224 475/673/224
f 475/673/225 476/674/225 464/662/225
f 476/674/226 477/675/226 465/663/226
f 477/675/227 478/676/227 466/664/227
f 478/676/228 479/677/228 467/665/228
f 479/677/229 480/678/229 468/666/229
f 480/678/230 469/667/230 457/655/230
f 469/667/231 481/679/231 482/680/231
f 470/668/232 482/680/232 483/681/232
f 471/669/233 483/681/233 484/682/233
f 472/670/234 484/682/234 485/683/234
f 473/671/235 485/683/235 486/684/235
f 474/672/236 486/684/236 487/685/236
f 487/685/237 488/686/237 476/674/237
f 488/686/238 489/687/238 477/675/238
f 489/687/239 490/688/239 478/676/239
f 490/688/240 491/689/240 479/677/240
f 491/689/241 492/690/241 480/678/241
f 492/690/242 481/679/242 469/667/242
f 481/679/243 493/691/243 494/692/243
f 482/680/244 494/692/244 495/693/244
f 483/681/245 495/693/245 496/694/245
f 484/682/246 496/694/246 497/695/246
f 485/683/247 497/695/247 498/696/247
f 486/684/248 498/696/248 499/697/248
f 499/697/249 500/698/249 488/686/249
f 500/698/250 501/699/250 489/687/250
f 501/699/251 502/700/251 490/688/251
f 502/700/252 503/701/252 491/689/252
f 503/701/253 504/702/253 492/690/253
f 504/702/254 493/691/254 481/679/254
f 493/691/466 505/703/466 506/704/466
f 494/692/256 506/704/256 507/705/256
f 495/693/257 507/705/257 508/706/257
f 496/694/258 508/706/258 509/707/258
f 497/695/259 509/707/259 510/708/259
f 498/696/260 510/708/260 511/709/260
f 511/709/261 512/710/261 500/698/261
f 512/710/262 513/711/262 501/699/262
f 513/711/263 514/712/263 502/700/263
f 514/712/264 515/713/264 503/701/264
f 515/713/494 516/714/494 504/702/494
f 516/714/467 505/703/467 493/691/467
f 505/703/267 517/715/267 518/716/267
f 506/704/268 518/716/268 519/717/268
f 507/705/269 519/717/269 520/718/269
f 508/706/270 520/718/270 521/719/270
f 509/707/271 521/719/271 522/720/271
f 510/708/272 522/720/272 523/721/272
f 523/721/273 524/722/273 512/710/273
f 524/722/274 525/723/274 513/711/274
f 525/723/275 526/724/275 514/712/275
f 526/724/276 527/725/276 515/713/276
f 527/725/277 528/726/277 516/714/277
f 528/726/278 517/715/278 505/703/278
f 517/715/279 529/727/279 530/728/279
f 518/716/280 530/728/280 531/729/280
f 519/717/281 531/729/281 532/730/281
f 520/718/282 532/730/282 533/731/282
f 521/719/283 533/731/283 534/732/283
f 522/720/284 534/732/284 535/733/284
f 535/733/285 536/734/285 524/722/285
f 536/734/286 537/735/286 525/723/286
f 537/735/287 538/736/287 526/724/287
f 538/736/288 539/737/288 527/725/288
f 539/737/289 540/738/289 528/726/289
f 540/738/290 529/727/290 517/715/290
f 529/727/291 541/739/291 542/740/291
f 530/728/292 542/740/292 543/741/292
f 531/729/293 543/741/293 544/742/293
f 532/730/294 544/742/294 545/743/294
f 533/731/295 545/743/295 546/744/295
f 534/732/296 546/744/296 547/745/296
f 547/745/297 548/746/297 536/734/297
f 548/746/298 549/747/298 537/735/298
f 549/747/299 550/748/299 538/736/299
f 550/748/300 551/749/300 539/737/300
f 551/749/301 552/750/301 540/738/301
f 552/750/302 541/739/302 529/727/302
f 541/739/303 553/751/303 554/752/303
f 542/740/304 554/752/304 555/753/304
f 543/741/305 555/753/305 556/754/305
f 544/742/306 556/754/306 557/755/306
f 545/743/307 557/755/307 558/756/307
f 546/744/308 558/756/308 559/757/308
f 559/757/309 560/758/309 548/746/309
f 560/758/310 561/759/310 549/747/310
f 561/759/311 562/760/311 550/748/311
f 562/760/312 563/761/312 551/749/312
f 563/761/313 564/762/313 552/750/313
f 564/762/314 553/751/314 541/739/314
f 565/763/315 566/764/315 554/752/315
f 566/764/316 567/765/316 555/753/316
f 567/765/317 568/766/317 556/754/317
f 568/766/318 569/767/318 557/755/318
f 569/767/319 570/768/319 558/756/319
f 570/768/320 571/769/320 559/757/320
f 559/757/321 571/769/321 572/770/321
f 560/758/322 572/770/322 573/771/322
f 561/759/323 573/771/323 574/772/323
f 562/760/324 574/772/324 575/773/324
f 563/761/325 575/773/325 576/774/325
f 564/762/326 576/774/326 565/763/326
f 577/775/327 578/776/327 566/764/327
f 578/776/328 579/777/328 567/765/328
f 579/777/329 580/778/329 568/766/329
f 580/778/330 581/779/330 569/767/330
f 581/779/331 582/780/331 570/768/331
f 582/780/332 583/781/332 571/769/332
f 571/769/333 583/781/333 584/782/333
f 572/770/334 584/782/334 585/783/334
f 573/771/335 585/783/335 586/784/335
f 574/772/336 586/784/336 587/785/336
f 575/773/337 587/785/337 588/786/337
f 576/774/338 588/786/338 577/775/338
f 589/787/339 590/788/339 578/776/339
f 590/788/340 591/789/340 579/777/340
f 591/789/341 592/790/341 580/778/341
f 592/790/342 593/791/342 581/779/342
f 593/791/343 594/792/343 582/780/343
f 594/792/344 595/793/344 583/781/344
f 583/781/345 595/793/345 596/794/345
f 584/782/346 596/794/346 597/795/346
f 585/783/347 597/795/347 598/796/347
f 586/784/348 598/796/348 599/797/348
f 587/785/349 599/797/349 600/798/349
f 588/786/350 600/798/350 589/787/350
f 601/799/351 602/800/351 590/788/351
f 602/800/352 603/801/352 591/789/352
f 603/801/353 604/802/353 592/790/353
f 604/802/354 605/803/354 593/791/354
f 605/803/355 606/804/355 594/792/355
f 606/804/356 607/805/356 595/793/356
f 595/793/357 607/805/357 608/806/357
f 596/794/358 608/806/358 609/807/358
f 597/795/359 609/807/359 610/808/359
f 598/796/360 610/808/360 611/809/360
f 599/797/361 611/809/361 612/810/361
f 600/798/362 612/810/362 601/799/362
f 613/811/363 614/812/363 602/800/363
f 614/812/364 615/813/364 603/801/364
f 615/813/365 616/814/365 604/802/365
f 616/814/366 617/815/366 605/803/366
f 617/815/367 618/816/367 606/804/367
f 618/816/368 619/817/368 607/805/368
f 607/805/369 619/817/369 620/818/369
f 608/806/370 620/818/370 621/819/370
f 609/807/371 621/819/371 622/820/371
f 610/808/372 622/820/372 623/821/372
f 611/809/373 623/821/373 624/822/373
f 612/810/374 624/822/374 613/811/374
f 625/823/375 626/824/375 614/812/375
f 626/824/376 627/825/376 615/813/376
f 627/825/377 628/826/377 616/814/377
f 628/826/378 629/827/378 617/815/378
f 629/827/379 630/828/379 618/816/379
f 630/828/380 631/829/380 619/817/380
f 619/817/381 631/829/381 632/830/381
f 620/818/382 632/830/382 633/831/382
f 621/819/383 633/831/383 634/832/383
f 622/820/384 634/832/384 635/833/384
f 623/821/385 635/833/385 636/834/385
f 624/822/386 636/834/386 625/823/386
f 637/835/387 638/836/387 626/824/387
f 638/836/388 639/837/388 627/825/388
f 639/837/389 640/838/389 628/826/389
f 640/838/390 641/839/390 629/827/390
f 641/839/391 642/840/391 630/828/391
f 642/840/392 643/841/392 631/829/392
f 631/829/393 643/841/393 644/842/393
f 632/830/394 644/842/394 645/843/394
f 633/831/395 645/843/395 646/844/395
f 634/832/396 646/844/396 647/845/396
f 635/833/397 647/845/397 648/846/397
f 636/834/398 648/846/398 637/835/398
f 649/847/399 650/848/399 638/836/399
f 650/848/400 651/849/400 639/837/400
f 651/849/401 652/850/401 640/838/401
f 652/850/402 653/851/402 641/839/402
f 653/851/403 654/852/403 642/840/403
f 654/852/404 655/853/404 643/841/404
f 643/841/405 655/853/405 656/854/405
f 644/842/406 656/854/406 657/855/406
f 645/843/407 657/855/407 658/856/407
f 646/844/408 658/856/408 659/857/408
f 647/845/409 659/857/409 660/858/409
f 648/846/410 660/858/410 649/847/410
f 661/859/495 662/860/495 650/848/495
f 662/860/412 663/861/412 651/849/412
f 663/861/413 664/862/413 652/850/413
f 664/862/414 665/863/414 653/851/414
f 665/863/415 666/864/415 654/852/415
f 666/864/496 667/865/496 655/853/496
f 655/853/497 667/865/497 668/866/497
f 656/854/418 668/866/418 669/867/418
f 657/855/419 669/867/419 670/868/419
f 658/856/420 670/868/420 671/869/420
f 659/857/421 671/869/421 672/870/421
f 660/858/498 672/870/498 661/859/498
f 673/871/423 674/872/423 662/860/423
f 674/872/424 675/873/424 663/861/424
f 675/873/425 676/874/425 664/862/425
f 676/874/426 677/875/426 665/863/426
f 677/875/427 678/876/427 666/864/427
f 678/876/468 679/877/468 667/865/468
f 667/865/469 679/877/469 680/878/469
f 668/866/430 680/878/430 681/879/430
f 669/867/431 681/879/431 682/880/431
f 670/868/432 682/880/432 683/881/432
f 671/869/433 683/881/433 684/882/433
f 672/870/434 684/882/434 673/871/434
f 685/883/435 686/884/435 674/872/435
f 686/884/436 687/885/436 675/873/436
f 687/885/437 688/886/437 676/874/437
f 688/886/438 689/887/438 677/875/438
f 689/887/439 690/888/439 678/876/439
f 690/888/440 691/889/440 679/877/440
f 679/877/441 691/889/441 692/890/441
f 680/878/442 692/890/442 693/891/442
f 681/879/443 693/891/443 694/892/443
f 682/880/444 694/892/444 695/893/444
f 683/881/445 695/893/445 696/894/445
f 684/882/446 696/894/446 685/883/446
f 697/895/447 698/896/447 686/884/447
f 698/896/448 699/897/448 687/885/448
f 699/897/449 700/898/449 688/886/449
f 700/898/450 701/899/450 689/887/450
f 701/899/451 702/900/451 690/888/451
f 702/900/452 703/901/452 691/889/452
f 691/889/453 703/901/453 704/902/453
f 692/890/454 704/902/454 705/903/454
f 693/891/455 705/903/455 706/904/455
f 694/892/456 706/904/456 707/905/456
f 695/893/457 707/905/457 708/906/457
f 696/894/458 708/906/458 697/895/458
f 697/895/176 709/907/176 710/908/176
f 698/896/175 710/908/175 711/909/175
f 699/897/174 711/909/174 712/910/174
f 700/898/173 712/910/173 713/911/173
f 701/899/172 713/911/172 714/912/172
f 702/900/171 714/912/171 715/913/171
f 715/913/182 716/914/182 704/902/182
f 716/914/181 717/915/181 705/903/181
f 717/915/180 718/916/180 706/904/180
f 718/916/179 719/917/179 707/905/179
f 719/917/178 720/918/178 708/906/178
f 720/918/177 709/907/177 697/895/177
f 709/907/188 721/919/188 722/920/188
f 710/908/459 722/920/459 723/921/459
f 711/909/186 723/921/186 724/922/186
f 712/910/185 724/922/185 725/923/185
f 713/911/460 725/923/460 726/924/460
f 714/912/183 726/924/183 727/925/183
f 727/925/194 728/926/194 716/914/194
f 728/926/461 729/927/461 717/915/461
f 729/927/192 730/928/192 718/916/192
f 730/928/191 731/929/191 719/917/191
f 731/929/462 732/930/462 720/918/462
f 732/930/189 721/919/189 709/907/189
f 721/919/200 733/931/200 734/932/200
f 722/920/199 734/932/199 735/933/199
f 723/921/198 735/933/198 736/934/198
f 724/922/197 736/934/197 737/935/197
f 725/923/196 737/935/196 738/936/196
f 726/924/195 738/936/195 739/937/195
f 739/937/206 740/938/206 728/926/206
f 740/938/205 741/939/205 729/927/205
f 741/939/204 742/940/204 730/928/204
f 742/940/203 743/941/203 731/929/203
f 743/941/202 744/942/202 732/930/202
f 744/942/201 733/931/201 721/919/201
f 733/931/492 745/943/492 746/944/492
f 734/932/211 746/944/211 747/945/211
f 735/933/210 747/945/210 748/946/210
f 736/934/209 748/946/209 749/947/209
f 737/935/208 749/947/208 750/948/208
f 738/936/207 750/948/207 751/949/207
f 751/949/218 752/950/218 740/938/218
f 752/950/217 753/951/217 741/939/217
f 753/951/216 754/952/216 742/940/216
f 754/952/215 755/953/215 743/941/215
f 755/953/214 756/954/214 744/942/214
f 756/954/493 745/943/493 733/931/493
f 745/943/224 757/955/224 758/956/224
f 746/944/223 758/956/223 759/957/223
f 747/945/222 759/957/222 760/958/222
f 748/946/221 760/958/221 761/959/221
f 749/947/220 761/959/220 762/960/220
f 750/948/219 762/960/219 763/961/219
f 763/961/230 764/962/230 752/950/230
f 764/962/229 765/963/229 753/951/229
f 765/963/228 766/964/228 754/952/228
f 766/964/227 767/965/227 755/953/227
f 767/965/226 768/966/226 756/954/226
f 768/966/225 757/955/225 745/943/225
f 757/955/236 769/967/236 770/968/236
f 758/956/235 770/968/235 771/969/235
f 759/957/234 771/969/234 772/970/234
f 760/958/233 772/970/233 773/971/233
f 761/959/232 773/971/232 774/972/232
f 762/960/231 774/972/231 775/973/231
f 775/973/242 776/974/242 764/962/242
f 776/974/241 777/975/241 765/963/241
f 777/975/240 778/976/240 766/964/240
f 778/976/239 779/977/239 767/965/239
f 779/977/238 780/978/238 768/966/238
f 780/978/237 769/967/237 757/955/237
f 769/967/248 781/979/248 782/980/248
f 770/968/247 782/980/247 783/981/247
f 771/969/246 783/981/246 784/982/246
f 772/970/245 784/982/245 785/983/245
f 773/971/244 785/983/244 786/984/244
f 774/972/243 786/984/243 787/985/243
f 787/985/254 788/986/254 776/974/254
f 788/986/253 789/987/253 777/975/253
f 789/987/252 790/988/252 778/976/252
f 790/988/251 791/989/251 779/977/251
f 791/989/250 792/990/250 780/978/250
f 792/990/249 781/979/249 769/967/249
f 781/979/260 793/991/260 794/992/260
f 782/980/259 794/992/259 795/993/259
f 783/981/258 795/993/258 796/994/258
f 784/982/257 796/994/257 797/995/257
f 785/983/256 797/995/256 798/996/256
f 786/984/466 798/996/466 799/997/466
f 799/997/266 800/998/266 788/986/266
f 800/998/265 801/999/265 789/987/265
f 801/999/264 802/1000/264 790/988/264
f 802/1000/263 803/1001/263 791/989/263
f 803/1001/262 804/1002/262 792/990/262
f 804/1002/261 793/991/261 781/979/261
f 793/991/272 805/1003/272 806/1004/272
f 794/992/271 806/1004/271 807/1005/271
f 795/993/270 807/1005/270 808/1006/270
f 796/994/269 808/1006/269 809/1007/269
f 797/995/268 809/1007/268 810/1008/268
f 798/996/267 810/1008/267 811/1009/267
f 811/1009/278 812/1010/278 800/998/278
f 812/1010/277 813/1011/277 801/999/277
f 813/1011/276 814/1012/276 802/1000/276
f 814/1012/275 815/1013/275 803/1001/275
f 815/1013/274 816/1014/274 804/1002/274
f 816/1014/273 805/1003/273 793/991/273
f 805/1003/284 817/1015/284 818/1016/284
f 806/1004/283 818/1016/283 819/1017/283
f 807/1005/282 819/1017/282 820/1018/282
f 808/1006/281 820/1018/281 821/1019/281
f 809/1007/280 821/1019/280 822/1020/280
f 810/1008/279 822/1020/279 823/1021/279
f 823/1021/290 824/1022/290 812/1010/290
f 824/1022/289 825/1023/289 813/1011/289
f 825/1023/288 826/1024/288 814/1012/288
f 826/1024/287 827/1025/287 815/1013/287
f 827/1025/286 828/1026/286 816/1014/286
f 828/1026/285 817/1015/285 805/1003/285
f 817/1015/296 829/1027/296 830/1028/296
f 818/1016/295 830/1028/295 831/1029/295
f 819/1017/294 831/1029/294 832/1030/294
f 820/1018/293 832/1030/293 833/1031/293
f 821/1019/292 833/1031/292 834/1032/292
f 822/1020/291 834/1032/291 835/1033/291
f 835/1033/302 836/1034/302 824/1022/302
f 836/1034/301 837/1035/301 825/1023/301
f 837/1035/300 838/1036/300 826/1024/300
f 838/1036/299 839/1037/299 827/1025/299
f 839/1037/298 840/1038/298 828/1026/298
f 840/1038/297 829/1027/297 817/1015/297
f 829/1027/308 841/1039/308 842/1040/308
f 830/1028/307 842/1040/307 843/1041/307
f 831/1029/306 843/1041/306 844/1042/306
f 832/1030/305 844/1042/305 845/1043/305
f 833/1031/304 845/1043/304 846/1044/304
f 834/1032/303 846/1044/303 847/1045/303
f 847/1045/314 848/1046/314 836/1034/314
f 848/1046/313 849/1047/313 837/1035/313
f 849/1047/312 850/1048/312 838/1036/312
f 850/1048/311 851/1049/311 839/1037/311
f 851/1049/310 852/1050/310 840/1038/310
f 852/1050/309 841/1039/309 829/1027/309
f 853/1051/320 854/1052/320 842/1040/320
f 854/1052/319 855/1053/319 843/1041/319
f 855/1053/318 856/1054/318 844/1042/318
f 856/1054/317 857/1055/317 845/1043/317
f 857/1055/316 858/1056/316 846/1044/316
f 858/1056/315 859/1057/315 847/1045/315
f 847/1045/326 859/1057/326 860/1058/326
f 848/1046/325 860/1058/325 861/1059/325
f 849/1047/324 861/1059/324 862/1060/324
f 850/1048/323 862/1060/323 863/1061/323
f 851/1049/322 863/1061/322 864/1062/322
f 852/1050/321 864/1062/321 853/1051/321
f 865/1063/332 866/1064/332 854/1052/332
f 866/1064/331 867/1065/331 855/1053/331
f 867/1065/330 868/1066/330 856/1054/330
f 868/1066/329 869/1067/329 857/1055/329
f 869/1067/328 870/1068/328 858/1056/328
f 870/1068/327 871/1069/327 859/1057/327
f 859/1057/338 871/1069/338 872/1070/338
f 860/1058/337 872/1070/337 873/1071/337
f 861/1059/336 873/1071/336 874/1072/336
f 862/1060/335 874/1072/335 875/1073/335
f 863/1061/334 875/1073/334 876/1074/334
f 864/1062/333 876/1074/333 865/1063/333
f 877/1075/344 878/1076/344 866/1064/344
f 878/1076/343 879/1077/343 867/1065/343
f 879/1077/342 880/1078/342 868/1066/342
f 880/1078/341 881/1079/341 869/1067/341
f 881/1079/340 882/1080/340 870/1068/340
f 882/1080/339 883/1081/339 871/1069/339
f 871/1069/350 883/1081/350 884/1082/350
f 872/1070/349 884/1082/349 885/1083/349
f 873/1071/348 885/1083/348 886/1084/348
f 874/1072/347 886/1084/347 887/1085/347
f 875/1073/346 887/1085/346 888/1086/346
f 876/1074/345 888/1086/345 877/1075/345
f 889/1087/356 890/1088/356 878/1076/356
f 890/1088/355 891/1089/355 879/1077/355
f 891/1089/354 892/1090/354 880/1078/354
f 892/1090/353 893/1091/353 881/1079/353
f 893/1091/352 894/1092/352 882/1080/352
f 894/1092/351 895/1093/351 883/1081/351
f 883/1081/362 895/1093/362 896/1094/362
f 884/1082/361 896/1094/361 897/1095/361
f 885/1083/360 897/1095/360 898/1096/360
f 886/1084/359 898/1096/359 899/1097/359
f 887/1085/358 899/1097/358 900/1098/358
f 888/1086/357 900/1098/357 889/1087/357
f 901/1099/499 902/1100/499 890/1088/499
f 902/1100/367 903/1101/367 891/1089/367
f 903/1101/366 904/1102/366 892/1090/366
f 904/1102/365 905/1103/365 893/1091/365
f 905/1103/364 906/1104/364 894/1092/364
f 906/1104/363 907/1105/363 895/1093/363
f 895/1093/374 907/1105/374 908/1106/374
f 896/1094/373 908/1106/373 909/1107/373
f 897/1095/372 909/1107/372 910/1108/372
f 898/1096/371 910/1108/371 911/1109/371
f 899/1097/370 911/1109/370 912/1110/370
f 900/1098/369 912/1110/369 901/1099/369
f 913/1111/380 914/1112/380 902/1100/380
f 914/1112/379 915/1113/379 903/1101/379
f 915/1113/378 916/1114/378 904/1102/378
f 916/1114/377 917/1115/377 905/1103/377
f 917/1115/376 918/1116/376 906/1104/376
f 918/1116/375 919/1117/375 907/1105/375
f 907/1105/386 919/1117/386 920/1118/386
f 908/1106/385 920/1118/385 921/1119/385
f 909/1107/384 921/1119/384 922/1120/384
f 910/1108/383 922/1120/383 923/1121/383
f 911/1109/382 923/1121/382 924/1122/382
f 912/1110/381 924/1122/381 913/1111/381
f 925/1123/392 926/1124/392 914/1112/392
f 926/1124/391 927/1125/391 915/1113/391
f 927/1125/390 928/1126/390 916/1114/390
f 928/1126/389 929/1127/389 917/1115/389
f 929/1127/388 930/1128/388 918/1116/388
f 930/1128/387 931/1129/387 919/1117/387
f 919/1117/398 931/1129/398 932/1130/398
f 920/1118/397 932/1130/397 933/1131/397
f 921/1119/396 933/1131/396 934/1132/396
f 922/1120/395 934/1132/395 935/1133/395
f 923/1121/394 935/1133/394 936/1134/394
f 924/1122/393 936/1134/393 925/1123/393
f 937/1135/404 938/1136/404 926/1124/404
f 938/1136/403 939/1137/403 927/1125/403
f 939/1137/402 940/1138/402 928/1126/402
f 940/1138/401 941/1139/401 929/1127/401
f 941/1139/400 942/1140/400 930/1128/400
f 942/1140/399 943/1141/399 931/1129/399
f 931/1129/410 943/1141/410 944/1142/410
f 932/1130/409 944/1142/409 945/1143/409
f 933/1131/408 945/1143/408 946/1144/408
f 934/1132/407 946/1144/407 947/1145/407
f 935/1133/406 947/1145/406 948/1146/406
f 936/1134/405 948/1146/405 937/1135/405
f 949/1147/416 950/1148/416 938/1136/416
f 950/1148/415 951/1149/415 939/1137/415
f 951/1149/414 952/1150/414 940/1138/414
f 952/1150/413 953/1151/413 941/1139/413
f 953/1151/412 954/1152/412 942/1140/412
f 954/1152/495 955/1153/495 943/1141/495
f 943/1141/498 955/1153/498 956/1154/498
f 944/1142/421 956/1154/421 957/1155/421
f 945/1143/420 957/1155/420 958/1156/420
f 946/1144/419 958/1156/419 959/1157/419
f 947/1145/418 959/1157/418 960/1158/418
f 948/1146/417 960/1158/417 949/1147/417
f 961/1159/468 962/1160/468 950/1148/468
f 962/1160/427 963/1161/427 951/1149/427
f 963/1161/426 964/1162/426 952/1150/426
f 964/1162/425 965/1163/425 953/1151/425
f 965/1163/424 966/1164/424 954/1152/424
f 966/1164/423 967/1165/423 955/1153/423
f 955/1153/434 967/1165/434 968/1166/434
f 956/1154/433 968/1166/433 969/1167/433
f 957/1155/432 969/1167/432 970/1168/432
f 958/1156/431 970/1168/431 971/1169/431
f 959/1157/430 971/1169/430 972/1170/430
f 960/1158/469 972/1170/469 961/1159/469
f 973/1171/440 974/1172/440 962/1160/440
f 974/1172/470 975/1173/470 963/1161/470
f 975/1173/438 976/1174/438 964/1162/438
f 976/1174/437 977/1175/437 965/1163/437
f 977/1175/471 978/1176/471 966/1164/471
f 978/1176/435 979/1177/435 967/1165/435
f 967/1165/446 979/1177/446 980/1178/446
f 968/1166/472 980/1178/472 981/1179/472
f 969/1167/444 981/1179/444 982/1180/444
f 970/1168/443 982/1180/443 983/1181/443
f 971/1169/473 983/1181/473 984/1182/473
f 972/1170/441 984/1182/441 973/1171/441
f 409/607/452 410/608/452 974/1172/452
f 410/608/451 411/609/451 975/1173/451
f 411/609/450 412/610/450 976/1174/450
f 412/610/449 413/611/449 977/1175/449
f 413/611/448 414/612/448 978/1176/448
f 414/612/447 415/613/447 979/1177/447
f 979/1177/458 415/613/458 416/614/458
f 980/1178/457 416/614/457 417/615/457
f 981/1179/456 417/615/456 418/616/456
f 982/1180/455 418/616/455 419/617/455
f 983/1181/454 419/617/454 420/618/454
f 984/1182/453 420/618/453 409/607/453
