# Blender 3.5.0
# www.blender.org
mtllib sinngou.mtl
o 立方体.006
v -5.024185 15.263834 0.094546
v -5.024185 17.403637 0.094546
v -10.373693 15.263834 0.094546
v -10.373693 17.403637 0.094546
v -5.024185 15.263834 -0.516826
v -5.024185 17.403637 -0.516826
v -10.373693 15.263834 -0.516826
v -10.373693 17.403637 -0.516826
v -8.509419 16.328541 -0.459122
v -8.509419 16.328541 -0.764808
v -8.494735 16.179447 -0.459122
v -8.494735 16.179447 -0.764808
v -8.451246 16.036087 -0.459122
v -8.451246 16.036087 -0.764808
v -8.380625 15.903964 -0.459122
v -8.380625 15.903964 -0.764808
v -8.285585 15.788157 -0.459122
v -8.285585 15.788157 -0.764808
v -8.169779 15.693118 -0.459122
v -8.169779 15.693118 -0.764808
v -8.037656 15.622497 -0.459122
v -8.037656 15.622497 -0.764808
v -7.894294 15.579008 -0.459122
v -7.894294 15.579008 -0.764808
v -7.745203 15.564323 -0.459122
v -7.745203 15.564323 -0.764808
v -7.596112 15.579008 -0.459122
v -7.596112 15.579008 -0.764808
v -7.452751 15.622497 -0.459122
v -7.452751 15.622497 -0.764808
v -7.320628 15.693118 -0.459122
v -7.320628 15.693118 -0.764808
v -7.204822 15.788157 -0.459122
v -7.204822 15.788157 -0.764808
v -7.109782 15.903964 -0.459122
v -7.109782 15.903964 -0.764808
v -7.039160 16.036087 -0.459122
v -7.039160 16.036087 -0.764808
v -6.995672 16.179447 -0.459122
v -6.995672 16.179447 -0.764808
v -6.980988 16.328541 -0.459122
v -6.980988 16.328541 -0.764808
v -6.995672 16.477631 -0.459122
v -6.995672 16.477631 -0.764808
v -7.039160 16.620991 -0.459122
v -7.039160 16.620991 -0.764808
v -7.109782 16.753117 -0.459122
v -7.109782 16.753117 -0.764808
v -7.204822 16.868919 -0.459122
v -7.204822 16.868919 -0.764808
v -7.320628 16.963959 -0.459122
v -7.320628 16.963959 -0.764808
v -7.452751 17.034584 -0.459122
v -7.452751 17.034584 -0.764808
v -7.596112 17.078072 -0.459122
v -7.596112 17.078072 -0.764808
v -7.745203 17.092754 -0.459122
v -7.745203 17.092754 -0.764808
v -7.894294 17.078072 -0.459122
v -7.894294 17.078072 -0.764808
v -8.037656 17.034584 -0.459122
v -8.037656 17.034584 -0.764808
v -8.169779 16.963959 -0.459122
v -8.169779 16.963959 -0.764808
v -8.285585 16.868919 -0.459122
v -8.285585 16.868919 -0.764808
v -8.380625 16.753117 -0.459122
v -8.380625 16.753117 -0.764808
v -8.451246 16.620991 -0.459122
v -8.451246 16.620991 -0.764808
v -8.494735 16.477631 -0.459122
v -8.494735 16.477631 -0.764808
v -6.746497 16.328541 -0.459122
v -6.746497 16.328541 -0.764808
v -6.731813 16.179447 -0.459122
v -6.731813 16.179447 -0.764808
v -6.688324 16.036087 -0.459122
v -6.688324 16.036087 -0.764808
v -6.617703 15.903964 -0.459122
v -6.617703 15.903964 -0.764808
v -6.522663 15.788157 -0.459122
v -6.522663 15.788157 -0.764808
v -6.406857 15.693118 -0.459122
v -6.406857 15.693118 -0.764808
v -6.274734 15.622497 -0.459122
v -6.274734 15.622497 -0.764808
v -6.131372 15.579008 -0.459122
v -6.131372 15.579008 -0.764808
v -5.982282 15.564323 -0.459122
v -5.982282 15.564323 -0.764808
v -5.833190 15.579008 -0.459122
v -5.833190 15.579008 -0.764808
v -5.689829 15.622497 -0.459122
v -5.689829 15.622497 -0.764808
v -5.557706 15.693118 -0.459122
v -5.557706 15.693118 -0.764808
v -5.441900 15.788157 -0.459122
v -5.441900 15.788157 -0.764808
v -5.346859 15.903964 -0.459122
v -5.346859 15.903964 -0.764808
v -5.276238 16.036087 -0.459122
v -5.276238 16.036087 -0.764808
v -5.232750 16.179447 -0.459122
v -5.232750 16.179447 -0.764808
v -5.218066 16.328541 -0.459122
v -5.218066 16.328541 -0.764808
v -5.232750 16.477631 -0.459122
v -5.232750 16.477631 -0.764808
v -5.276238 16.620991 -0.459122
v -5.276238 16.620991 -0.764808
v -5.346859 16.753117 -0.459122
v -5.346859 16.753117 -0.764808
v -5.441900 16.868919 -0.459122
v -5.441900 16.868919 -0.764808
v -5.557706 16.963959 -0.459122
v -5.557706 16.963959 -0.764808
v -5.689829 17.034584 -0.459122
v -5.689829 17.034584 -0.764808
v -5.833190 17.078072 -0.459122
v -5.833190 17.078072 -0.764808
v -5.982282 17.092754 -0.459122
v -5.982282 17.092754 -0.764808
v -6.131372 17.078072 -0.459122
v -6.131372 17.078072 -0.764808
v -6.274734 17.034584 -0.459122
v -6.274734 17.034584 -0.764808
v -6.406857 16.963959 -0.459122
v -6.406857 16.963959 -0.764808
v -6.522663 16.868919 -0.459122
v -6.522663 16.868919 -0.764808
v -6.617703 16.753117 -0.459122
v -6.617703 16.753117 -0.764808
v -6.688324 16.620991 -0.459122
v -6.688324 16.620991 -0.764808
v -6.731813 16.477631 -0.459122
v -6.731813 16.477631 -0.764808
v -10.225782 16.328541 -0.459122
v -10.225782 16.328541 -0.764808
v -10.211098 16.179447 -0.459122
v -10.211098 16.179447 -0.764808
v -10.167610 16.036087 -0.459122
v -10.167610 16.036087 -0.764808
v -10.096990 15.903964 -0.459122
v -10.096990 15.903964 -0.764808
v -10.001948 15.788157 -0.459122
v -10.001948 15.788157 -0.764808
v -9.886142 15.693118 -0.459122
v -9.886142 15.693118 -0.764808
v -9.754020 15.622497 -0.459122
v -9.754020 15.622497 -0.764808
v -9.610658 15.579008 -0.459122
v -9.610658 15.579008 -0.764808
v -9.461567 15.564323 -0.459122
v -9.461567 15.564323 -0.764808
v -9.312476 15.579008 -0.459122
v -9.312476 15.579008 -0.764808
v -9.169114 15.622497 -0.459122
v -9.169114 15.622497 -0.764808
v -9.036992 15.693118 -0.459122
v -9.036992 15.693118 -0.764808
v -8.921185 15.788157 -0.459122
v -8.921185 15.788157 -0.764808
v -8.826145 15.903964 -0.459122
v -8.826145 15.903964 -0.764808
v -8.755524 16.036087 -0.459122
v -8.755524 16.036087 -0.764808
v -8.712036 16.179447 -0.459122
v -8.712036 16.179447 -0.764808
v -8.697351 16.328541 -0.459122
v -8.697351 16.328541 -0.764808
v -8.712036 16.477631 -0.459122
v -8.712036 16.477631 -0.764808
v -8.755524 16.620991 -0.459122
v -8.755524 16.620991 -0.764808
v -8.826145 16.753117 -0.459122
v -8.826145 16.753117 -0.764808
v -8.921185 16.868919 -0.459122
v -8.921185 16.868919 -0.764808
v -9.036992 16.963959 -0.459122
v -9.036992 16.963959 -0.764808
v -9.169114 17.034584 -0.459122
v -9.169114 17.034584 -0.764808
v -9.312476 17.078072 -0.459122
v -9.312476 17.078072 -0.764808
v -9.461567 17.092754 -0.459122
v -9.461567 17.092754 -0.764808
v -9.610658 17.078072 -0.459122
v -9.610658 17.078072 -0.764808
v -9.754020 17.034584 -0.459122
v -9.754020 17.034584 -0.764808
v -9.886142 16.963959 -0.459122
v -9.886142 16.963959 -0.764808
v -10.001948 16.868919 -0.459122
v -10.001948 16.868919 -0.764808
v -10.096990 16.753117 -0.459122
v -10.096990 16.753117 -0.764808
v -10.167610 16.620991 -0.459122
v -10.167610 16.620991 -0.764808
v -10.211098 16.477631 -0.459122
v -10.211098 16.477631 -0.764808
v -6.746497 16.328541 -0.635649
v -6.731813 16.179447 -0.635649
v -6.688324 16.036087 -0.635649
v -6.617703 15.903964 -0.635649
v -6.522663 15.788157 -0.635649
v -6.406857 15.693118 -0.635649
v -6.274734 15.622497 -0.635649
v -6.131372 15.579008 -0.635650
v -5.982282 15.564323 -0.635650
v -5.833190 15.579008 -0.635650
v -5.689829 15.622497 -0.635650
v -5.557706 15.693118 -0.635650
v -5.441900 15.788157 -0.635650
v -5.346859 15.903964 -0.635650
v -5.276238 16.036087 -0.635650
v -5.232750 16.179447 -0.635650
v -5.218066 16.328541 -0.635650
v -5.232750 16.477631 -0.635650
v -5.276238 16.620991 -0.635650
v -5.346859 16.753117 -0.635650
v -5.441900 16.868919 -0.635650
v -5.557706 16.963959 -0.635650
v -5.689829 17.034584 -0.635650
v -5.833190 17.078072 -0.635650
v -5.982282 17.092754 -0.635650
v -6.131372 17.078072 -0.635650
v -6.274734 17.034584 -0.635649
v -6.406857 16.963959 -0.635649
v -6.522663 16.868919 -0.635649
v -6.617703 16.753117 -0.635649
v -6.688324 16.620991 -0.635649
v -6.731813 16.477631 -0.635649
v -8.509419 16.328541 -0.618077
v -8.494735 16.179447 -0.618077
v -8.451246 16.036087 -0.618077
v -8.380625 15.903964 -0.618077
v -8.285585 15.788157 -0.618077
v -8.169779 15.693118 -0.618077
v -8.037656 15.622497 -0.618077
v -7.894294 15.579008 -0.618077
v -7.745203 15.564323 -0.618077
v -7.596112 15.579008 -0.618077
v -7.452751 15.622497 -0.618077
v -7.320628 15.693118 -0.618077
v -7.204822 15.788157 -0.618077
v -7.109782 15.903964 -0.618077
v -7.039160 16.036087 -0.618077
v -6.995672 16.179447 -0.618077
v -6.980988 16.328541 -0.618077
v -6.995672 16.477631 -0.618077
v -7.039160 16.620991 -0.618077
v -7.109782 16.753117 -0.618077
v -7.204822 16.868919 -0.618077
v -7.320628 16.963959 -0.618077
v -7.452751 17.034584 -0.618077
v -7.596112 17.078072 -0.618077
v -7.745203 17.092754 -0.618077
v -7.894294 17.078072 -0.618077
v -8.037656 17.034584 -0.618077
v -8.169779 16.963959 -0.618077
v -8.285585 16.868919 -0.618077
v -8.380625 16.753117 -0.618077
v -8.451246 16.620991 -0.618077
v -8.494735 16.477631 -0.618077
v -8.509419 16.328541 -0.618103
v -8.494735 16.179447 -0.618103
v -8.451246 16.036087 -0.618103
v -8.380625 15.903964 -0.618103
v -8.285585 15.788157 -0.618103
v -8.169779 15.693118 -0.618103
v -8.037656 15.622497 -0.618103
v -7.894294 15.579008 -0.618103
v -7.745203 15.564323 -0.618103
v -7.596112 15.579008 -0.618103
v -7.452751 15.622497 -0.618103
v -7.320628 15.693118 -0.618103
v -7.204822 15.788157 -0.618103
v -7.109782 15.903964 -0.618103
v -7.039160 16.036087 -0.618103
v -6.995672 16.179447 -0.618103
v -6.980988 16.328541 -0.618103
v -6.995672 16.477631 -0.618103
v -7.039160 16.620991 -0.618103
v -7.109782 16.753117 -0.618103
v -7.204822 16.868919 -0.618103
v -7.320628 16.963959 -0.618103
v -7.452751 17.034584 -0.618103
v -7.596112 17.078072 -0.618103
v -7.745203 17.092754 -0.618103
v -7.894294 17.078072 -0.618103
v -8.037656 17.034584 -0.618103
v -8.169779 16.963959 -0.618103
v -8.285585 16.868919 -0.618103
v -8.380625 16.753117 -0.618103
v -8.451246 16.620991 -0.618103
v -8.494735 16.477631 -0.618103
v -10.373693 15.263834 -0.272417
v -10.225782 16.328541 -0.520399
v -10.211098 16.179447 -0.520399
v -10.167610 16.036087 -0.520399
v -10.096990 15.903964 -0.520399
v -10.001948 15.788157 -0.520399
v -9.886142 15.693118 -0.520399
v -9.754020 15.622497 -0.520399
v -9.610658 15.579008 -0.520399
v -9.461567 15.564323 -0.520399
v -9.312476 15.579008 -0.520399
v -9.169114 15.622497 -0.520399
v -9.036992 15.693118 -0.520399
v -8.921185 15.788157 -0.520399
v -8.826145 15.903964 -0.520399
v -8.755524 16.036087 -0.520399
v -8.712036 16.179447 -0.520399
v -8.697351 16.328541 -0.520399
v -8.712036 16.477631 -0.520399
v -8.755524 16.620991 -0.520399
v -8.826145 16.753117 -0.520399
v -8.921185 16.868919 -0.520399
v -9.036992 16.963959 -0.520399
v -9.169114 17.034584 -0.520399
v -9.312476 17.078072 -0.520399
v -9.461567 17.092754 -0.520399
v -9.610658 17.078072 -0.520399
v -9.754020 17.034584 -0.520399
v -9.886142 16.963959 -0.520399
v -10.001948 16.868919 -0.520399
v -10.096990 16.753117 -0.520399
v -10.167610 16.620991 -0.520399
v -10.211098 16.477631 -0.520399
v -0.764216 0.000001 0.000000
v -0.764216 21.009605 0.000000
v -0.749531 0.000001 -0.149091
v -0.749531 21.009605 -0.149091
v -0.706043 0.000001 -0.292453
v -0.706043 21.009605 -0.292453
v -0.635422 0.000001 -0.424575
v -0.635422 21.009605 -0.424575
v -0.540382 0.000001 -0.540382
v -0.540382 21.009605 -0.540382
v -0.424575 0.000001 -0.635422
v -0.424575 21.009605 -0.635422
v -0.292452 0.000001 -0.706043
v -0.292452 21.009605 -0.706043
v -0.149091 0.000001 -0.749531
v -0.149091 21.009605 -0.749531
v -0.000000 0.000001 -0.764215
v -0.000000 21.009605 -0.764215
v 0.149091 0.000001 -0.749531
v 0.149091 21.009605 -0.749531
v 0.292452 0.000001 -0.706043
v 0.292452 21.009605 -0.706043
v 0.424575 0.000001 -0.635422
v 0.424575 21.009605 -0.635422
v 0.540382 0.000001 -0.540382
v 0.540382 21.009605 -0.540382
v 0.635422 0.000001 -0.424575
v 0.635422 21.009605 -0.424575
v 0.706043 0.000001 -0.292453
v 0.706043 21.009605 -0.292453
v 0.749531 0.000001 -0.149091
v 0.749531 21.009605 -0.149091
v 0.764216 0.000001 -0.000000
v 0.764216 21.009605 -0.000000
v 0.749531 0.000001 0.149091
v 0.749531 21.009605 0.149091
v 0.706043 0.000001 0.292453
v 0.706043 21.009605 0.292453
v 0.635422 0.000001 0.424575
v 0.635422 21.009605 0.424575
v 0.540382 0.000001 0.540382
v 0.540382 21.009605 0.540382
v 0.424575 0.000001 0.635422
v 0.424575 21.009605 0.635422
v 0.292452 0.000001 0.706043
v 0.292452 21.009605 0.706043
v 0.149091 0.000001 0.749531
v 0.149091 21.009605 0.749531
v 0.000000 0.000001 0.764215
v 0.000000 21.009605 0.764215
v -0.149091 0.000001 0.749531
v -0.149091 21.009605 0.749531
v -0.292452 0.000001 0.706043
v -0.292452 21.009605 0.706043
v -0.424575 0.000001 0.635422
v -0.424575 21.009605 0.635422
v -0.540382 0.000001 0.540382
v -0.540382 21.009605 0.540382
v -0.635422 0.000001 0.424575
v -0.635422 21.009605 0.424575
v -0.706043 0.000001 0.292453
v -0.706043 21.009605 0.292453
v -0.749531 0.000001 0.149091
v -0.749531 21.009605 0.149091
v -0.000000 15.997866 0.000000
v -10.504805 15.997866 0.000000
v -0.000000 16.000801 -0.029818
v -10.504805 16.000801 -0.029818
v -0.000000 16.009499 -0.058491
v -10.504805 16.009499 -0.058490
v -0.000000 16.023624 -0.084915
v -10.504805 16.023624 -0.084915
v -0.000000 16.042633 -0.108076
v -10.504805 16.042633 -0.108076
v -0.000000 16.065792 -0.127084
v -10.504805 16.065792 -0.127084
v -0.000000 16.092216 -0.141209
v -10.504805 16.092216 -0.141208
v -0.000000 16.120892 -0.149906
v -10.504805 16.120892 -0.149906
v -0.000000 16.150707 -0.152843
v -10.504805 16.150707 -0.152843
v -0.000000 16.180527 -0.149906
v -10.504805 16.180527 -0.149906
v -0.000000 16.209198 -0.141209
v -10.504805 16.209198 -0.141208
v -0.000000 16.235622 -0.127084
v -10.504805 16.235622 -0.127084
v -0.000000 16.258785 -0.108076
v -10.504805 16.258785 -0.108076
v -0.000000 16.277794 -0.084915
v -10.504805 16.277794 -0.084915
v -0.000000 16.291916 -0.058491
v -10.504805 16.291916 -0.058490
v -0.000000 16.300613 -0.029818
v -10.504805 16.300613 -0.029818
v -0.000000 16.303551 0.000000
v -10.504805 16.303551 0.000000
v -0.000000 16.300613 0.029818
v -10.504805 16.300613 0.029819
v -0.000000 16.291916 0.058491
v -10.504805 16.291916 0.058491
v -0.000000 16.277794 0.084915
v -10.504805 16.277794 0.084916
v -0.000000 16.258785 0.108076
v -10.504805 16.258785 0.108077
v -0.000000 16.235622 0.127084
v -10.504805 16.235622 0.127085
v -0.000000 16.209198 0.141209
v -10.504805 16.209198 0.141209
v -0.000000 16.180527 0.149906
v -10.504805 16.180527 0.149907
v -0.000000 16.150707 0.152843
v -10.504805 16.150707 0.152844
v -0.000000 16.120892 0.149906
v -10.504805 16.120892 0.149907
v -0.000000 16.092216 0.141209
v -10.504805 16.092216 0.141209
v -0.000000 16.065792 0.127084
v -10.504805 16.065792 0.127085
v -0.000000 16.042633 0.108076
v -10.504805 16.042633 0.108077
v -0.000000 16.023624 0.084915
v -10.504805 16.023624 0.084916
v -0.000000 16.009499 0.058491
v -10.504805 16.009499 0.058491
v -0.000000 16.000801 0.029818
v -10.504805 16.000801 0.029819
v -0.000000 11.955877 -0.152843
v -0.000000 17.532501 -0.152843
v 0.029818 11.955877 -0.149906
v 0.029818 17.532501 -0.149906
v 0.058490 11.955877 -0.141209
v 0.058490 17.532501 -0.141209
v 0.084915 11.955877 -0.127084
v 0.084915 17.532501 -0.127084
v 0.108076 11.955877 -0.108076
v 0.108076 17.532501 -0.108076
v 0.127084 11.955877 -0.084915
v 0.127084 17.532501 -0.084915
v 0.141208 11.955877 -0.058491
v 0.141208 17.532501 -0.058491
v 0.149906 11.955877 -0.029818
v 0.149906 17.532501 -0.029818
v 0.152843 11.955877 -0.000000
v 0.152843 17.532501 -0.000000
v 0.149906 11.955877 0.029818
v 0.149906 17.532501 0.029818
v 0.141208 11.955877 0.058491
v 0.141208 17.532501 0.058491
v 0.127084 11.955877 0.084915
v 0.127084 17.532501 0.084915
v 0.108076 11.955877 0.108076
v 0.108076 17.532501 0.108076
v 0.084915 11.955877 0.127084
v 0.084915 17.532501 0.127084
v 0.058490 11.955877 0.141209
v 0.058490 17.532501 0.141209
v 0.029818 11.955877 0.149906
v 0.029818 17.532501 0.149906
v -0.000000 11.955877 0.152843
v -0.000000 17.532501 0.152843
v -0.029818 11.955877 0.149906
v -0.029818 17.532501 0.149906
v -0.058490 11.955877 0.141209
v -0.058490 17.532501 0.141209
v -0.084915 11.955877 0.127084
v -0.084915 17.532501 0.127084
v -0.108076 11.955877 0.108076
v -0.108076 17.532501 0.108076
v -0.127084 11.955877 0.084915
v -0.127084 17.532501 0.084915
v -0.141208 11.955877 0.058491
v -0.141208 17.532501 0.058491
v -0.149906 11.955877 0.029818
v -0.149906 17.532501 0.029818
v -0.152843 11.955877 0.000000
v -0.152843 17.532501 0.000000
v -0.149906 11.955877 -0.029818
v -0.149906 17.532501 -0.029818
v -0.141208 11.955877 -0.058491
v -0.141208 17.532501 -0.058491
v -0.127084 11.955877 -0.084915
v -0.127084 17.532501 -0.084915
v -0.108076 11.955877 -0.108076
v -0.108076 17.532501 -0.108076
v -0.084915 11.955877 -0.127084
v -0.084915 17.532501 -0.127084
v -0.058490 11.955877 -0.141209
v -0.058490 17.532501 -0.141209
v -0.029818 11.955877 -0.149906
v -0.029818 17.532501 -0.149906
v -0.000000 16.676846 -0.955269
v -0.000000 16.772373 -0.929673
v -0.000000 16.842304 -0.859742
v -0.000000 16.867901 -0.764215
v -0.000000 16.842304 -0.668688
v -0.000000 16.772373 -0.598758
v -0.000000 16.676846 -0.573162
v -0.000000 16.581318 -0.598758
v -0.000000 16.511391 -0.668688
v -0.000000 16.485794 -0.764215
v -0.000000 16.511391 -0.859742
v -0.000000 16.581318 -0.929673
v -0.124688 16.676846 -0.947097
v -0.121347 16.772373 -0.921719
v -0.112219 16.842304 -0.852387
v -0.099750 16.867901 -0.757677
v -0.087282 16.842304 -0.662968
v -0.078153 16.772373 -0.593635
v -0.074812 16.676846 -0.568258
v -0.078153 16.581318 -0.593635
v -0.087282 16.511391 -0.662968
v -0.099750 16.485794 -0.757677
v -0.112219 16.511391 -0.852387
v -0.121347 16.581318 -0.921719
v -0.247242 16.676846 -0.922719
v -0.240617 16.772373 -0.897995
v -0.222518 16.842304 -0.830447
v -0.197794 16.867901 -0.738175
v -0.173069 16.842304 -0.645903
v -0.154970 16.772373 -0.578356
v -0.148345 16.676846 -0.553632
v -0.154970 16.581318 -0.578356
v -0.173069 16.511391 -0.645903
v -0.197794 16.485794 -0.738175
v -0.222518 16.511391 -0.830447
v -0.240617 16.581318 -0.897995
v -0.365566 16.676846 -0.882554
v -0.355770 16.772373 -0.858906
v -0.329009 16.842304 -0.794298
v -0.292452 16.867901 -0.706043
v -0.255896 16.842304 -0.617788
v -0.229135 16.772373 -0.553180
v -0.219339 16.676846 -0.529532
v -0.229135 16.581318 -0.553180
v -0.255896 16.511391 -0.617788
v -0.292452 16.485794 -0.706043
v -0.329009 16.511391 -0.794298
v -0.355770 16.581318 -0.858906
v -0.477635 16.676846 -0.827287
v -0.464837 16.772373 -0.805120
v -0.429871 16.842304 -0.744559
v -0.382108 16.867901 -0.661830
v -0.334344 16.842304 -0.579101
v -0.299379 16.772373 -0.518539
v -0.286581 16.676846 -0.496372
v -0.299379 16.581318 -0.518539
v -0.334344 16.511391 -0.579101
v -0.382108 16.485794 -0.661830
v -0.429871 16.511391 -0.744559
v -0.464837 16.581318 -0.805120
v -0.581531 16.676846 -0.757866
v -0.565949 16.772373 -0.737559
v -0.523378 16.842304 -0.682079
v -0.465225 16.867901 -0.606293
v -0.407071 16.842304 -0.530506
v -0.364500 16.772373 -0.475027
v -0.348919 16.676846 -0.454720
v -0.364500 16.581318 -0.475027
v -0.407071 16.511391 -0.530506
v -0.465225 16.485794 -0.606293
v -0.523378 16.511391 -0.682079
v -0.565949 16.581318 -0.737559
v -0.675478 16.676846 -0.675477
v -0.657378 16.772373 -0.657378
v -0.607930 16.842304 -0.607930
v -0.540382 16.867901 -0.540382
v -0.472834 16.842304 -0.472834
v -0.423386 16.772373 -0.423386
v -0.405286 16.676846 -0.405286
v -0.423386 16.581318 -0.423386
v -0.472834 16.511391 -0.472834
v -0.540382 16.485794 -0.540382
v -0.607930 16.511391 -0.607930
v -0.657378 16.581318 -0.657378
v -0.757866 16.676846 -0.581531
v -0.737559 16.772373 -0.565949
v -0.682079 16.842304 -0.523378
v -0.606293 16.867901 -0.465225
v -0.530506 16.842304 -0.407072
v -0.475027 16.772373 -0.364501
v -0.454720 16.676846 -0.348919
v -0.475027 16.581318 -0.364501
v -0.530506 16.511391 -0.407072
v -0.606293 16.485794 -0.465225
v -0.682079 16.511391 -0.523378
v -0.737559 16.581318 -0.565949
v -0.827287 16.676846 -0.477635
v -0.805120 16.772373 -0.464836
v -0.744559 16.842304 -0.429871
v -0.661830 16.867901 -0.382108
v -0.579102 16.842304 -0.334344
v -0.518539 16.772373 -0.299379
v -0.496373 16.676846 -0.286581
v -0.518539 16.581318 -0.299379
v -0.579102 16.511391 -0.334344
v -0.661830 16.485794 -0.382108
v -0.744559 16.511391 -0.429871
v -0.805120 16.581318 -0.464836
v -0.882554 16.676846 -0.365566
v -0.858906 16.772373 -0.355771
v -0.794298 16.842304 -0.329009
v -0.706043 16.867901 -0.292453
v -0.617788 16.842304 -0.255896
v -0.553180 16.772373 -0.229135
v -0.529532 16.676846 -0.219340
v -0.553180 16.581318 -0.229135
v -0.617788 16.511391 -0.255896
v -0.706043 16.485794 -0.292453
v -0.794298 16.511391 -0.329009
v -0.858906 16.581318 -0.355771
v -0.922719 16.676846 -0.247242
v -0.897995 16.772373 -0.240617
v -0.830448 16.842304 -0.222518
v -0.738175 16.867901 -0.197793
v -0.645904 16.842304 -0.173069
v -0.578355 16.772373 -0.154970
v -0.553631 16.676846 -0.148345
v -0.578355 16.581318 -0.154970
v -0.645904 16.511391 -0.173069
v -0.738175 16.485794 -0.197793
v -0.830448 16.511391 -0.222518
v -0.897995 16.581318 -0.240617
v -0.947097 16.676846 -0.124687
v -0.921720 16.772373 -0.121346
v -0.852388 16.842304 -0.112219
v -0.757677 16.867901 -0.099750
v -0.662968 16.842304 -0.087281
v -0.593636 16.772373 -0.078153
v -0.568258 16.676846 -0.074812
v -0.593636 16.581318 -0.078153
v -0.662968 16.511391 -0.087281
v -0.757677 16.485794 -0.099750
v -0.852388 16.511391 -0.112219
v -0.921720 16.581318 -0.121346
v -0.955270 16.676846 -0.000000
v -0.929673 16.772373 -0.000000
v -0.859742 16.842304 -0.000000
v -0.764216 16.867901 -0.000000
v -0.668689 16.842304 -0.000000
v -0.598758 16.772373 -0.000000
v -0.573162 16.676846 -0.000000
v -0.598758 16.581318 -0.000000
v -0.668689 16.511391 -0.000000
v -0.764216 16.485794 -0.000000
v -0.859742 16.511391 -0.000000
v -0.929673 16.581318 -0.000000
v -0.947097 16.676846 0.124688
v -0.921720 16.772373 0.121347
v -0.852387 16.842304 0.112219
v -0.757677 16.867901 0.099750
v -0.662968 16.842304 0.087281
v -0.593636 16.772373 0.078154
v -0.568258 16.676846 0.074813
v -0.593636 16.581318 0.078154
v -0.662968 16.511391 0.087281
v -0.757677 16.485794 0.099750
v -0.852387 16.511391 0.112219
v -0.921720 16.581318 0.121347
v -0.922719 16.676846 0.247242
v -0.897995 16.772373 0.240617
v -0.830448 16.842304 0.222518
v -0.738175 16.867901 0.197793
v -0.645904 16.842304 0.173069
v -0.578356 16.772373 0.154970
v -0.553631 16.676846 0.148345
v -0.578356 16.581318 0.154970
v -0.645904 16.511391 0.173069
v -0.738175 16.485794 0.197793
v -0.830448 16.511391 0.222518
v -0.897995 16.581318 0.240617
v -0.882554 16.676846 0.365566
v -0.858906 16.772373 0.355770
v -0.794298 16.842304 0.329009
v -0.706043 16.867901 0.292453
v -0.617788 16.842304 0.255896
v -0.553180 16.772373 0.229135
v -0.529532 16.676846 0.219339
v -0.553180 16.581318 0.229135
v -0.617788 16.511391 0.255896
v -0.706043 16.485794 0.292453
v -0.794298 16.511391 0.329009
v -0.858906 16.581318 0.355770
v -0.827288 16.676846 0.477634
v -0.805120 16.772373 0.464836
v -0.744559 16.842304 0.429871
v -0.661830 16.867901 0.382108
v -0.579102 16.842304 0.334344
v -0.518539 16.772373 0.299379
v -0.496373 16.676846 0.286581
v -0.518539 16.581318 0.299379
v -0.579102 16.511391 0.334344
v -0.661830 16.485794 0.382108
v -0.744559 16.511391 0.429871
v -0.805120 16.581318 0.464836
v -0.757866 16.676846 0.581531
v -0.737559 16.772373 0.565949
v -0.682079 16.842304 0.523378
v -0.606293 16.867901 0.465225
v -0.530506 16.842304 0.407072
v -0.475026 16.772373 0.364501
v -0.454720 16.676846 0.348919
v -0.475026 16.581318 0.364501
v -0.530506 16.511391 0.407072
v -0.606293 16.485794 0.465225
v -0.682079 16.511391 0.523378
v -0.737559 16.581318 0.565949
v -0.675478 16.676846 0.675478
v -0.657378 16.772373 0.657378
v -0.607929 16.842304 0.607930
v -0.540382 16.867901 0.540382
v -0.472834 16.842304 0.472834
v -0.423386 16.772373 0.423386
v -0.405286 16.676846 0.405286
v -0.423386 16.581318 0.423386
v -0.472834 16.511391 0.472834
v -0.540382 16.485794 0.540382
v -0.607929 16.511391 0.607930
v -0.657378 16.581318 0.657378
v -0.581531 16.676846 0.757866
v -0.565949 16.772373 0.737559
v -0.523378 16.842304 0.682079
v -0.465225 16.867901 0.606293
v -0.407072 16.842304 0.530506
v -0.364501 16.772373 0.475027
v -0.348918 16.676846 0.454720
v -0.364501 16.581318 0.475027
v -0.407072 16.511391 0.530506
v -0.465225 16.485794 0.606293
v -0.523378 16.511391 0.682079
v -0.565949 16.581318 0.737559
v -0.477635 16.676846 0.827287
v -0.464837 16.772373 0.805120
v -0.429871 16.842304 0.744559
v -0.382108 16.867901 0.661830
v -0.334344 16.842304 0.579101
v -0.299379 16.772373 0.518539
v -0.286581 16.676846 0.496372
v -0.299379 16.581318 0.518539
v -0.334344 16.511391 0.579101
v -0.382108 16.485794 0.661830
v -0.429871 16.511391 0.744559
v -0.464837 16.581318 0.805120
v -0.365566 16.676846 0.882554
v -0.355771 16.772373 0.858906
v -0.329009 16.842304 0.794298
v -0.292452 16.867901 0.706043
v -0.255896 16.842304 0.617788
v -0.229135 16.772373 0.553180
v -0.219339 16.676846 0.529532
v -0.229135 16.581318 0.553180
v -0.255896 16.511391 0.617788
v -0.292452 16.485794 0.706043
v -0.329009 16.511391 0.794298
v -0.355771 16.581318 0.858906
v -0.247242 16.676846 0.922719
v -0.240617 16.772373 0.897995
v -0.222518 16.842304 0.830447
v -0.197794 16.867901 0.738175
v -0.173069 16.842304 0.645904
v -0.154970 16.772373 0.578356
v -0.148345 16.676846 0.553632
v -0.154970 16.581318 0.578356
v -0.173069 16.511391 0.645904
v -0.197794 16.485794 0.738175
v -0.222518 16.511391 0.830447
v -0.240617 16.581318 0.897995
v -0.124688 16.676846 0.947097
v -0.121347 16.772373 0.921719
v -0.112219 16.842304 0.852387
v -0.099750 16.867901 0.757677
v -0.087282 16.842304 0.662968
v -0.078153 16.772373 0.593635
v -0.074812 16.676846 0.568258
v -0.078153 16.581318 0.593635
v -0.087282 16.511391 0.662968
v -0.099750 16.485794 0.757677
v -0.112219 16.511391 0.852387
v -0.121347 16.581318 0.921719
v 0.000000 16.676846 0.955269
v 0.000000 16.772373 0.929673
v 0.000000 16.842304 0.859742
v 0.000000 16.867901 0.764215
v 0.000000 16.842304 0.668688
v 0.000000 16.772373 0.598758
v 0.000000 16.676846 0.573162
v 0.000000 16.581318 0.598758
v 0.000000 16.511391 0.668688
v 0.000000 16.485794 0.764215
v 0.000000 16.511391 0.859742
v 0.000000 16.581318 0.929673
v 0.124688 16.676846 0.947097
v 0.121347 16.772373 0.921719
v 0.112219 16.842304 0.852387
v 0.099750 16.867901 0.757677
v 0.087282 16.842304 0.662968
v 0.078153 16.772373 0.593635
v 0.074812 16.676846 0.568258
v 0.078153 16.581318 0.593635
v 0.087282 16.511391 0.662968
v 0.099750 16.485794 0.757677
v 0.112219 16.511391 0.852387
v 0.121347 16.581318 0.921719
v 0.247242 16.676846 0.922719
v 0.240617 16.772373 0.897995
v 0.222518 16.842304 0.830447
v 0.197794 16.867901 0.738175
v 0.173069 16.842304 0.645904
v 0.154970 16.772373 0.578356
v 0.148345 16.676846 0.553632
v 0.154970 16.581318 0.578356
v 0.173069 16.511391 0.645904
v 0.197794 16.485794 0.738175
v 0.222518 16.511391 0.830447
v 0.240617 16.581318 0.897995
v 0.365565 16.676846 0.882554
v 0.355770 16.772373 0.858906
v 0.329009 16.842304 0.794298
v 0.292452 16.867901 0.706043
v 0.255896 16.842304 0.617788
v 0.229135 16.772373 0.553180
v 0.219339 16.676846 0.529532
v 0.229135 16.581318 0.553180
v 0.255896 16.511391 0.617788
v 0.292452 16.485794 0.706043
v 0.329009 16.511391 0.794298
v 0.355770 16.581318 0.858906
v 0.477635 16.676846 0.827288
v 0.464837 16.772373 0.805120
v 0.429871 16.842304 0.744559
v 0.382108 16.867901 0.661830
v 0.334344 16.842304 0.579101
v 0.299379 16.772373 0.518540
v 0.286581 16.676846 0.496373
v 0.299379 16.581318 0.518540
v 0.334344 16.511391 0.579101
v 0.382108 16.485794 0.661830
v 0.429871 16.511391 0.744559
v 0.464837 16.581318 0.805120
v 0.581531 16.676846 0.757866
v 0.565949 16.772373 0.737559
v 0.523378 16.842304 0.682079
v 0.465225 16.867901 0.606293
v 0.407072 16.842304 0.530506
v 0.364501 16.772373 0.475027
v 0.348919 16.676846 0.454720
v 0.364501 16.581318 0.475027
v 0.407072 16.511391 0.530506
v 0.465225 16.485794 0.606293
v 0.523378 16.511391 0.682079
v 0.565949 16.581318 0.737559
v 0.675478 16.676846 0.675478
v 0.657378 16.772373 0.657378
v 0.607929 16.842304 0.607930
v 0.540382 16.867901 0.540382
v 0.472834 16.842304 0.472834
v 0.423386 16.772373 0.423386
v 0.405286 16.676846 0.405286
v 0.423386 16.581318 0.423386
v 0.472834 16.511391 0.472834
v 0.540382 16.485794 0.540382
v 0.607929 16.511391 0.607930
v 0.657378 16.581318 0.657378
v 0.757866 16.676846 0.581531
v 0.737559 16.772373 0.565949
v 0.682079 16.842304 0.523378
v 0.606293 16.867901 0.465225
v 0.530506 16.842304 0.407072
v 0.475027 16.772373 0.364501
v 0.454719 16.676846 0.348919
v 0.475027 16.581318 0.364501
v 0.530506 16.511391 0.407072
v 0.606293 16.485794 0.465225
v 0.682079 16.511391 0.523378
v 0.737559 16.581318 0.565949
v 0.827288 16.676846 0.477634
v 0.805120 16.772373 0.464836
v 0.744559 16.842304 0.429871
v 0.661830 16.867901 0.382108
v 0.579102 16.842304 0.334344
v 0.518539 16.772373 0.299379
v 0.496373 16.676846 0.286581
v 0.518539 16.581318 0.299379
v 0.579102 16.511391 0.334344
v 0.661830 16.485794 0.382108
v 0.744559 16.511391 0.429871
v 0.805120 16.581318 0.464836
v 0.882554 16.676846 0.365566
v 0.858906 16.772373 0.355770
v 0.794298 16.842304 0.329009
v 0.706043 16.867901 0.292453
v 0.617788 16.842304 0.255896
v 0.553180 16.772373 0.229135
v 0.529532 16.676846 0.219339
v 0.553180 16.581318 0.229135
v 0.617788 16.511391 0.255896
v 0.706043 16.485794 0.292453
v 0.794298 16.511391 0.329009
v 0.858906 16.581318 0.355770
v 0.922719 16.676846 0.247242
v 0.897995 16.772373 0.240617
v 0.830447 16.842304 0.222518
v 0.738175 16.867901 0.197794
v 0.645904 16.842304 0.173069
v 0.578355 16.772373 0.154970
v 0.553631 16.676846 0.148345
v 0.578355 16.581318 0.154970
v 0.645904 16.511391 0.173069
v 0.738175 16.485794 0.197794
v 0.830447 16.511391 0.222518
v 0.897995 16.581318 0.240617
v 0.947097 16.676846 0.124688
v 0.921720 16.772373 0.121347
v 0.852387 16.842304 0.112219
v 0.757677 16.867901 0.099751
v 0.662968 16.842304 0.087282
v 0.593636 16.772373 0.078154
v 0.568258 16.676846 0.074813
v 0.593636 16.581318 0.078154
v 0.662968 16.511391 0.087282
v 0.757677 16.485794 0.099751
v 0.852387 16.511391 0.112219
v 0.921720 16.581318 0.121347
v 0.955270 16.676846 -0.000000
v 0.929673 16.772373 -0.000000
v 0.859742 16.842304 -0.000000
v 0.764216 16.867901 -0.000000
v 0.668689 16.842304 -0.000000
v 0.598758 16.772373 -0.000000
v 0.573162 16.676846 -0.000000
v 0.598758 16.581318 -0.000000
v 0.668689 16.511391 -0.000000
v 0.764216 16.485794 -0.000000
v 0.859742 16.511391 -0.000000
v 0.929673 16.581318 -0.000000
v 0.947097 16.676846 -0.124688
v 0.921720 16.772373 -0.121347
v 0.852388 16.842304 -0.112219
v 0.757677 16.867901 -0.099750
v 0.662968 16.842304 -0.087281
v 0.593636 16.772373 -0.078153
v 0.568258 16.676846 -0.074813
v 0.593636 16.581318 -0.078153
v 0.662968 16.511391 -0.087281
v 0.757677 16.485794 -0.099750
v 0.852388 16.511391 -0.112219
v 0.921720 16.581318 -0.121347
v 0.922719 16.676846 -0.247241
v 0.897995 16.772373 -0.240617
v 0.830448 16.842304 -0.222517
v 0.738175 16.867901 -0.197793
v 0.645904 16.842304 -0.173069
v 0.578356 16.772373 -0.154970
v 0.553631 16.676846 -0.148345
v 0.578356 16.581318 -0.154970
v 0.645904 16.511391 -0.173069
v 0.738175 16.485794 -0.197793
v 0.830448 16.511391 -0.222517
v 0.897995 16.581318 -0.240617
v 0.882554 16.676846 -0.365566
v 0.858906 16.772373 -0.355771
v 0.794298 16.842304 -0.329009
v 0.706043 16.867901 -0.292453
v 0.617788 16.842304 -0.255896
v 0.553180 16.772373 -0.229135
v 0.529532 16.676846 -0.219340
v 0.553180 16.581318 -0.229135
v 0.617788 16.511391 -0.255896
v 0.706043 16.485794 -0.292453
v 0.794298 16.511391 -0.329009
v 0.858906 16.581318 -0.355771
v 0.827287 16.676846 -0.477635
v 0.805120 16.772373 -0.464836
v 0.744559 16.842304 -0.429871
v 0.661830 16.867901 -0.382108
v 0.579102 16.842304 -0.334344
v 0.518539 16.772373 -0.299379
v 0.496373 16.676846 -0.286581
v 0.518539 16.581318 -0.299379
v 0.579102 16.511391 -0.334344
v 0.661830 16.485794 -0.382108
v 0.744559 16.511391 -0.429871
v 0.805120 16.581318 -0.464836
v 0.757866 16.676846 -0.581531
v 0.737559 16.772373 -0.565949
v 0.682080 16.842304 -0.523378
v 0.606293 16.867901 -0.465225
v 0.530506 16.842304 -0.407072
v 0.475026 16.772373 -0.364501
v 0.454720 16.676846 -0.348919
v 0.475026 16.581318 -0.364501
v 0.530506 16.511391 -0.407072
v 0.606293 16.485794 -0.465225
v 0.682080 16.511391 -0.523378
v 0.737559 16.581318 -0.565949
v 0.675478 16.676846 -0.675477
v 0.657379 16.772373 -0.657378
v 0.607930 16.842304 -0.607929
v 0.540382 16.867901 -0.540382
v 0.472835 16.842304 -0.472834
v 0.423386 16.772373 -0.423386
v 0.405286 16.676846 -0.405286
v 0.423386 16.581318 -0.423386
v 0.472835 16.511391 -0.472834
v 0.540382 16.485794 -0.540382
v 0.607930 16.511391 -0.607929
v 0.657379 16.581318 -0.657378
v 0.581531 16.676846 -0.757866
v 0.565949 16.772373 -0.737559
v 0.523378 16.842304 -0.682079
v 0.465225 16.867901 -0.606293
v 0.407071 16.842304 -0.530506
v 0.364500 16.772373 -0.475027
v 0.348918 16.676846 -0.454720
v 0.364500 16.581318 -0.475027
v 0.407071 16.511391 -0.530506
v 0.465225 16.485794 -0.606293
v 0.523378 16.511391 -0.682079
v 0.565949 16.581318 -0.737559
v 0.477635 16.676846 -0.827287
v 0.464836 16.772373 -0.805120
v 0.429871 16.842304 -0.744559
v 0.382107 16.867901 -0.661830
v 0.334344 16.842304 -0.579101
v 0.299379 16.772373 -0.518539
v 0.286581 16.676846 -0.496372
v 0.299379 16.581318 -0.518539
v 0.334344 16.511391 -0.579101
v 0.382107 16.485794 -0.661830
v 0.429871 16.511391 -0.744559
v 0.464836 16.581318 -0.805120
v 0.365566 16.676846 -0.882554
v 0.355771 16.772373 -0.858906
v 0.329010 16.842304 -0.794298
v 0.292453 16.867901 -0.706043
v 0.255896 16.842304 -0.617787
v 0.229135 16.772373 -0.553180
v 0.219339 16.676846 -0.529532
v 0.229135 16.581318 -0.553180
v 0.255896 16.511391 -0.617787
v 0.292453 16.485794 -0.706043
v 0.329010 16.511391 -0.794298
v 0.355771 16.581318 -0.858906
v 0.247242 16.676846 -0.922719
v 0.240617 16.772373 -0.897995
v 0.222518 16.842304 -0.830447
v 0.197793 16.867901 -0.738175
v 0.173069 16.842304 -0.645904
v 0.154969 16.772373 -0.578356
v 0.148345 16.676846 -0.553632
v 0.154969 16.581318 -0.578356
v 0.173069 16.511391 -0.645904
v 0.197793 16.485794 -0.738175
v 0.222518 16.511391 -0.830447
v 0.240617 16.581318 -0.897995
v 0.124688 16.676846 -0.947097
v 0.121347 16.772373 -0.921719
v 0.112219 16.842304 -0.852387
v 0.099750 16.867901 -0.757677
v 0.087282 16.842304 -0.662968
v 0.078153 16.772373 -0.593635
v 0.074812 16.676846 -0.568258
v 0.078153 16.581318 -0.593635
v 0.087282 16.511391 -0.662968
v 0.099750 16.485794 -0.757677
v 0.112219 16.511391 -0.852387
v 0.121347 16.581318 -0.921719
v -0.000000 16.142326 -0.955269
v -0.000000 16.237854 -0.929673
v -0.000000 16.307785 -0.859742
v -0.000000 16.333382 -0.764215
v -0.000000 16.307785 -0.668688
v -0.000000 16.237854 -0.598758
v -0.000000 16.142326 -0.573162
v -0.000000 16.046799 -0.598758
v -0.000000 15.976868 -0.668688
v -0.000000 15.951271 -0.764215
v -0.000000 15.976868 -0.859742
v -0.000000 16.046799 -0.929673
v -0.124688 16.142326 -0.947097
v -0.121347 16.237854 -0.921719
v -0.112219 16.307785 -0.852387
v -0.099750 16.333382 -0.757677
v -0.087282 16.307785 -0.662968
v -0.078153 16.237854 -0.593635
v -0.074812 16.142326 -0.568258
v -0.078153 16.046799 -0.593635
v -0.087282 15.976868 -0.662968
v -0.099750 15.951271 -0.757677
v -0.112219 15.976868 -0.852387
v -0.121347 16.046799 -0.921719
v -0.247242 16.142326 -0.922719
v -0.240617 16.237854 -0.897995
v -0.222518 16.307785 -0.830447
v -0.197794 16.333382 -0.738175
v -0.173069 16.307785 -0.645903
v -0.154970 16.237854 -0.578356
v -0.148345 16.142326 -0.553632
v -0.154970 16.046799 -0.578356
v -0.173069 15.976868 -0.645903
v -0.197794 15.951271 -0.738175
v -0.222518 15.976868 -0.830447
v -0.240617 16.046799 -0.897995
v -0.365566 16.142326 -0.882554
v -0.355770 16.237854 -0.858906
v -0.329009 16.307785 -0.794298
v -0.292452 16.333382 -0.706043
v -0.255896 16.307785 -0.617788
v -0.229135 16.237854 -0.553180
v -0.219339 16.142326 -0.529532
v -0.229135 16.046799 -0.553180
v -0.255896 15.976868 -0.617788
v -0.292452 15.951271 -0.706043
v -0.329009 15.976868 -0.794298
v -0.355770 16.046799 -0.858906
v -0.477635 16.142326 -0.827287
v -0.464837 16.237854 -0.805120
v -0.429871 16.307785 -0.744559
v -0.382108 16.333382 -0.661830
v -0.334344 16.307785 -0.579101
v -0.299379 16.237854 -0.518539
v -0.286581 16.142326 -0.496372
v -0.299379 16.046799 -0.518539
v -0.334344 15.976868 -0.579101
v -0.382108 15.951271 -0.661830
v -0.429871 15.976868 -0.744559
v -0.464837 16.046799 -0.805120
v -0.581531 16.142326 -0.757866
v -0.565949 16.237854 -0.737559
v -0.523378 16.307785 -0.682079
v -0.465225 16.333382 -0.606293
v -0.407071 16.307785 -0.530506
v -0.364500 16.237854 -0.475027
v -0.348919 16.142326 -0.454720
v -0.364500 16.046799 -0.475027
v -0.407071 15.976868 -0.530506
v -0.465225 15.951271 -0.606293
v -0.523378 15.976868 -0.682079
v -0.565949 16.046799 -0.737559
v -0.675478 16.142326 -0.675477
v -0.657378 16.237854 -0.657378
v -0.607930 16.307785 -0.607930
v -0.540382 16.333382 -0.540382
v -0.472834 16.307785 -0.472834
v -0.423386 16.237854 -0.423386
v -0.405286 16.142326 -0.405286
v -0.423386 16.046799 -0.423386
v -0.472834 15.976868 -0.472834
v -0.540382 15.951271 -0.540382
v -0.607930 15.976868 -0.607930
v -0.657378 16.046799 -0.657378
v -0.757866 16.142326 -0.581531
v -0.737559 16.237854 -0.565949
v -0.682079 16.307785 -0.523378
v -0.606293 16.333382 -0.465225
v -0.530506 16.307785 -0.407072
v -0.475027 16.237854 -0.364501
v -0.454720 16.142326 -0.348919
v -0.475027 16.046799 -0.364501
v -0.530506 15.976868 -0.407072
v -0.606293 15.951271 -0.465225
v -0.682079 15.976868 -0.523378
v -0.737559 16.046799 -0.565949
v -0.827287 16.142326 -0.477635
v -0.805120 16.237854 -0.464836
v -0.744559 16.307785 -0.429871
v -0.661830 16.333382 -0.382108
v -0.579102 16.307785 -0.334344
v -0.518539 16.237854 -0.299379
v -0.496373 16.142326 -0.286581
v -0.518539 16.046799 -0.299379
v -0.579102 15.976868 -0.334344
v -0.661830 15.951271 -0.382108
v -0.744559 15.976868 -0.429871
v -0.805120 16.046799 -0.464836
v -0.882554 16.142326 -0.365566
v -0.858906 16.237854 -0.355771
v -0.794298 16.307785 -0.329009
v -0.706043 16.333382 -0.292453
v -0.617788 16.307785 -0.255896
v -0.553180 16.237854 -0.229135
v -0.529532 16.142326 -0.219340
v -0.553180 16.046799 -0.229135
v -0.617788 15.976868 -0.255896
v -0.706043 15.951271 -0.292453
v -0.794298 15.976868 -0.329009
v -0.858906 16.046799 -0.355771
v -0.922719 16.142326 -0.247242
v -0.897995 16.237854 -0.240617
v -0.830448 16.307785 -0.222518
v -0.738175 16.333382 -0.197793
v -0.645904 16.307785 -0.173069
v -0.578355 16.237854 -0.154970
v -0.553631 16.142326 -0.148345
v -0.578355 16.046799 -0.154970
v -0.645904 15.976868 -0.173069
v -0.738175 15.951271 -0.197793
v -0.830448 15.976868 -0.222518
v -0.897995 16.046799 -0.240617
v -0.947097 16.142326 -0.124687
v -0.921720 16.237854 -0.121346
v -0.852388 16.307785 -0.112219
v -0.757677 16.333382 -0.099750
v -0.662968 16.307785 -0.087281
v -0.593636 16.237854 -0.078153
v -0.568258 16.142326 -0.074812
v -0.593636 16.046799 -0.078153
v -0.662968 15.976868 -0.087281
v -0.757677 15.951271 -0.099750
v -0.852388 15.976868 -0.112219
v -0.921720 16.046799 -0.121346
v -0.955270 16.142326 -0.000000
v -0.929673 16.237854 -0.000000
v -0.859742 16.307785 -0.000000
v -0.764216 16.333382 -0.000000
v -0.668689 16.307785 -0.000000
v -0.598758 16.237854 -0.000000
v -0.573162 16.142326 -0.000000
v -0.598758 16.046799 -0.000000
v -0.668689 15.976868 -0.000000
v -0.764216 15.951271 -0.000000
v -0.859742 15.976868 -0.000000
v -0.929673 16.046799 -0.000000
v -0.947097 16.142326 0.124688
v -0.921720 16.237854 0.121347
v -0.852387 16.307785 0.112219
v -0.757677 16.333382 0.099750
v -0.662968 16.307785 0.087281
v -0.593636 16.237854 0.078154
v -0.568258 16.142326 0.074813
v -0.593636 16.046799 0.078154
v -0.662968 15.976868 0.087281
v -0.757677 15.951271 0.099750
v -0.852387 15.976868 0.112219
v -0.921720 16.046799 0.121347
v -0.922719 16.142326 0.247242
v -0.897995 16.237854 0.240617
v -0.830448 16.307785 0.222518
v -0.738175 16.333382 0.197793
v -0.645904 16.307785 0.173069
v -0.578356 16.237854 0.154970
v -0.553631 16.142326 0.148345
v -0.578356 16.046799 0.154970
v -0.645904 15.976868 0.173069
v -0.738175 15.951271 0.197793
v -0.830448 15.976868 0.222518
v -0.897995 16.046799 0.240617
v -0.882554 16.142326 0.365566
v -0.858906 16.237854 0.355770
v -0.794298 16.307785 0.329009
v -0.706043 16.333382 0.292453
v -0.617788 16.307785 0.255896
v -0.553180 16.237854 0.229135
v -0.529532 16.142326 0.219339
v -0.553180 16.046799 0.229135
v -0.617788 15.976868 0.255896
v -0.706043 15.951271 0.292453
v -0.794298 15.976868 0.329009
v -0.858906 16.046799 0.355770
v -0.827288 16.142326 0.477634
v -0.805120 16.237854 0.464836
v -0.744559 16.307785 0.429871
v -0.661830 16.333382 0.382108
v -0.579102 16.307785 0.334344
v -0.518539 16.237854 0.299379
v -0.496373 16.142326 0.286581
v -0.518539 16.046799 0.299379
v -0.579102 15.976868 0.334344
v -0.661830 15.951271 0.382108
v -0.744559 15.976868 0.429871
v -0.805120 16.046799 0.464836
v -0.757866 16.142326 0.581531
v -0.737559 16.237854 0.565949
v -0.682079 16.307785 0.523378
v -0.606293 16.333382 0.465225
v -0.530506 16.307785 0.407072
v -0.475026 16.237854 0.364501
v -0.454720 16.142326 0.348919
v -0.475026 16.046799 0.364501
v -0.530506 15.976868 0.407072
v -0.606293 15.951271 0.465225
v -0.682079 15.976868 0.523378
v -0.737559 16.046799 0.565949
v -0.675478 16.142326 0.675478
v -0.657378 16.237854 0.657378
v -0.607929 16.307785 0.607930
v -0.540382 16.333382 0.540382
v -0.472834 16.307785 0.472834
v -0.423386 16.237854 0.423386
v -0.405286 16.142326 0.405286
v -0.423386 16.046799 0.423386
v -0.472834 15.976868 0.472834
v -0.540382 15.951271 0.540382
v -0.607929 15.976868 0.607930
v -0.657378 16.046799 0.657378
v -0.581531 16.142326 0.757866
v -0.565949 16.237854 0.737559
v -0.523378 16.307785 0.682079
v -0.465225 16.333382 0.606293
v -0.407072 16.307785 0.530506
v -0.364501 16.237854 0.475027
v -0.348918 16.142326 0.454720
v -0.364501 16.046799 0.475027
v -0.407072 15.976868 0.530506
v -0.465225 15.951271 0.606293
v -0.523378 15.976868 0.682079
v -0.565949 16.046799 0.737559
v -0.477635 16.142326 0.827287
v -0.464837 16.237854 0.805120
v -0.429871 16.307785 0.744559
v -0.382108 16.333382 0.661830
v -0.334344 16.307785 0.579101
v -0.299379 16.237854 0.518539
v -0.286581 16.142326 0.496372
v -0.299379 16.046799 0.518539
v -0.334344 15.976868 0.579101
v -0.382108 15.951271 0.661830
v -0.429871 15.976868 0.744559
v -0.464837 16.046799 0.805120
v -0.365566 16.142326 0.882554
v -0.355771 16.237854 0.858906
v -0.329009 16.307785 0.794298
v -0.292452 16.333382 0.706043
v -0.255896 16.307785 0.617788
v -0.229135 16.237854 0.553180
v -0.219339 16.142326 0.529532
v -0.229135 16.046799 0.553180
v -0.255896 15.976868 0.617788
v -0.292452 15.951271 0.706043
v -0.329009 15.976868 0.794298
v -0.355771 16.046799 0.858906
v -0.247242 16.142326 0.922719
v -0.240617 16.237854 0.897995
v -0.222518 16.307785 0.830447
v -0.197794 16.333382 0.738175
v -0.173069 16.307785 0.645904
v -0.154970 16.237854 0.578356
v -0.148345 16.142326 0.553632
v -0.154970 16.046799 0.578356
v -0.173069 15.976868 0.645904
v -0.197794 15.951271 0.738175
v -0.222518 15.976868 0.830447
v -0.240617 16.046799 0.897995
v -0.124688 16.142326 0.947097
v -0.121347 16.237854 0.921719
v -0.112219 16.307785 0.852387
v -0.099750 16.333382 0.757677
v -0.087282 16.307785 0.662968
v -0.078153 16.237854 0.593635
v -0.074812 16.142326 0.568258
v -0.078153 16.046799 0.593635
v -0.087282 15.976868 0.662968
v -0.099750 15.951271 0.757677
v -0.112219 15.976868 0.852387
v -0.121347 16.046799 0.921719
v 0.000000 16.142326 0.955269
v 0.000000 16.237854 0.929673
v 0.000000 16.307785 0.859742
v 0.000000 16.333382 0.764215
v 0.000000 16.307785 0.668688
v 0.000000 16.237854 0.598758
v 0.000000 16.142326 0.573162
v 0.000000 16.046799 0.598758
v 0.000000 15.976868 0.668688
v 0.000000 15.951271 0.764215
v 0.000000 15.976868 0.859742
v 0.000000 16.046799 0.929673
v 0.124688 16.142326 0.947097
v 0.121347 16.237854 0.921719
v 0.112219 16.307785 0.852387
v 0.099750 16.333382 0.757677
v 0.087282 16.307785 0.662968
v 0.078153 16.237854 0.593635
v 0.074812 16.142326 0.568258
v 0.078153 16.046799 0.593635
v 0.087282 15.976868 0.662968
v 0.099750 15.951271 0.757677
v 0.112219 15.976868 0.852387
v 0.121347 16.046799 0.921719
v 0.247242 16.142326 0.922719
v 0.240617 16.237854 0.897995
v 0.222518 16.307785 0.830447
v 0.197794 16.333382 0.738175
v 0.173069 16.307785 0.645904
v 0.154970 16.237854 0.578356
v 0.148345 16.142326 0.553632
v 0.154970 16.046799 0.578356
v 0.173069 15.976868 0.645904
v 0.197794 15.951271 0.738175
v 0.222518 15.976868 0.830447
v 0.240617 16.046799 0.897995
v 0.365565 16.142326 0.882554
v 0.355770 16.237854 0.858906
v 0.329009 16.307785 0.794298
v 0.292452 16.333382 0.706043
v 0.255896 16.307785 0.617788
v 0.229135 16.237854 0.553180
v 0.219339 16.142326 0.529532
v 0.229135 16.046799 0.553180
v 0.255896 15.976868 0.617788
v 0.292452 15.951271 0.706043
v 0.329009 15.976868 0.794298
v 0.355770 16.046799 0.858906
v 0.477635 16.142326 0.827288
v 0.464837 16.237854 0.805120
v 0.429871 16.307785 0.744559
v 0.382108 16.333382 0.661830
v 0.334344 16.307785 0.579101
v 0.299379 16.237854 0.518540
v 0.286581 16.142326 0.496373
v 0.299379 16.046799 0.518540
v 0.334344 15.976868 0.579101
v 0.382108 15.951271 0.661830
v 0.429871 15.976868 0.744559
v 0.464837 16.046799 0.805120
v 0.581531 16.142326 0.757866
v 0.565949 16.237854 0.737559
v 0.523378 16.307785 0.682079
v 0.465225 16.333382 0.606293
v 0.407072 16.307785 0.530506
v 0.364501 16.237854 0.475027
v 0.348919 16.142326 0.454720
v 0.364501 16.046799 0.475027
v 0.407072 15.976868 0.530506
v 0.465225 15.951271 0.606293
v 0.523378 15.976868 0.682079
v 0.565949 16.046799 0.737559
v 0.675478 16.142326 0.675478
v 0.657378 16.237854 0.657378
v 0.607929 16.307785 0.607930
v 0.540382 16.333382 0.540382
v 0.472834 16.307785 0.472834
v 0.423386 16.237854 0.423386
v 0.405286 16.142326 0.405286
v 0.423386 16.046799 0.423386
v 0.472834 15.976868 0.472834
v 0.540382 15.951271 0.540382
v 0.607929 15.976868 0.607930
v 0.657378 16.046799 0.657378
v 0.757866 16.142326 0.581531
v 0.737559 16.237854 0.565949
v 0.682079 16.307785 0.523378
v 0.606293 16.333382 0.465225
v 0.530506 16.307785 0.407072
v 0.475027 16.237854 0.364501
v 0.454719 16.142326 0.348919
v 0.475027 16.046799 0.364501
v 0.530506 15.976868 0.407072
v 0.606293 15.951271 0.465225
v 0.682079 15.976868 0.523378
v 0.737559 16.046799 0.565949
v 0.827288 16.142326 0.477634
v 0.805120 16.237854 0.464836
v 0.744559 16.307785 0.429871
v 0.661830 16.333382 0.382108
v 0.579102 16.307785 0.334344
v 0.518539 16.237854 0.299379
v 0.496373 16.142326 0.286581
v 0.518539 16.046799 0.299379
v 0.579102 15.976868 0.334344
v 0.661830 15.951271 0.382108
v 0.744559 15.976868 0.429871
v 0.805120 16.046799 0.464836
v 0.882554 16.142326 0.365566
v 0.858906 16.237854 0.355770
v 0.794298 16.307785 0.329009
v 0.706043 16.333382 0.292453
v 0.617788 16.307785 0.255896
v 0.553180 16.237854 0.229135
v 0.529532 16.142326 0.219339
v 0.553180 16.046799 0.229135
v 0.617788 15.976868 0.255896
v 0.706043 15.951271 0.292453
v 0.794298 15.976868 0.329009
v 0.858906 16.046799 0.355770
v 0.922719 16.142326 0.247242
v 0.897995 16.237854 0.240617
v 0.830447 16.307785 0.222518
v 0.738175 16.333382 0.197794
v 0.645904 16.307785 0.173069
v 0.578355 16.237854 0.154970
v 0.553631 16.142326 0.148345
v 0.578355 16.046799 0.154970
v 0.645904 15.976868 0.173069
v 0.738175 15.951271 0.197794
v 0.830447 15.976868 0.222518
v 0.897995 16.046799 0.240617
v 0.947097 16.142326 0.124688
v 0.921720 16.237854 0.121347
v 0.852387 16.307785 0.112219
v 0.757677 16.333382 0.099751
v 0.662968 16.307785 0.087282
v 0.593636 16.237854 0.078154
v 0.568258 16.142326 0.074813
v 0.593636 16.046799 0.078154
v 0.662968 15.976868 0.087282
v 0.757677 15.951271 0.099751
v 0.852387 15.976868 0.112219
v 0.921720 16.046799 0.121347
v 0.955270 16.142326 -0.000000
v 0.929673 16.237854 -0.000000
v 0.859742 16.307785 -0.000000
v 0.764216 16.333382 -0.000000
v 0.668689 16.307785 -0.000000
v 0.598758 16.237854 -0.000000
v 0.573162 16.142326 -0.000000
v 0.598758 16.046799 -0.000000
v 0.668689 15.976868 -0.000000
v 0.764216 15.951271 -0.000000
v 0.859742 15.976868 -0.000000
v 0.929673 16.046799 -0.000000
v 0.947097 16.142326 -0.124688
v 0.921720 16.237854 -0.121347
v 0.852388 16.307785 -0.112219
v 0.757677 16.333382 -0.099750
v 0.662968 16.307785 -0.087281
v 0.593636 16.237854 -0.078153
v 0.568258 16.142326 -0.074813
v 0.593636 16.046799 -0.078153
v 0.662968 15.976868 -0.087281
v 0.757677 15.951271 -0.099750
v 0.852388 15.976868 -0.112219
v 0.921720 16.046799 -0.121347
v 0.922719 16.142326 -0.247241
v 0.897995 16.237854 -0.240617
v 0.830448 16.307785 -0.222517
v 0.738175 16.333382 -0.197793
v 0.645904 16.307785 -0.173069
v 0.578356 16.237854 -0.154970
v 0.553631 16.142326 -0.148345
v 0.578356 16.046799 -0.154970
v 0.645904 15.976868 -0.173069
v 0.738175 15.951271 -0.197793
v 0.830448 15.976868 -0.222517
v 0.897995 16.046799 -0.240617
v 0.882554 16.142326 -0.365566
v 0.858906 16.237854 -0.355771
v 0.794298 16.307785 -0.329009
v 0.706043 16.333382 -0.292453
v 0.617788 16.307785 -0.255896
v 0.553180 16.237854 -0.229135
v 0.529532 16.142326 -0.219340
v 0.553180 16.046799 -0.229135
v 0.617788 15.976868 -0.255896
v 0.706043 15.951271 -0.292453
v 0.794298 15.976868 -0.329009
v 0.858906 16.046799 -0.355771
v 0.827287 16.142326 -0.477635
v 0.805120 16.237854 -0.464836
v 0.744559 16.307785 -0.429871
v 0.661830 16.333382 -0.382108
v 0.579102 16.307785 -0.334344
v 0.518539 16.237854 -0.299379
v 0.496373 16.142326 -0.286581
v 0.518539 16.046799 -0.299379
v 0.579102 15.976868 -0.334344
v 0.661830 15.951271 -0.382108
v 0.744559 15.976868 -0.429871
v 0.805120 16.046799 -0.464836
v 0.757866 16.142326 -0.581531
v 0.737559 16.237854 -0.565949
v 0.682080 16.307785 -0.523378
v 0.606293 16.333382 -0.465225
v 0.530506 16.307785 -0.407072
v 0.475026 16.237854 -0.364501
v 0.454720 16.142326 -0.348919
v 0.475026 16.046799 -0.364501
v 0.530506 15.976868 -0.407072
v 0.606293 15.951271 -0.465225
v 0.682080 15.976868 -0.523378
v 0.737559 16.046799 -0.565949
v 0.675478 16.142326 -0.675477
v 0.657379 16.237854 -0.657378
v 0.607930 16.307785 -0.607929
v 0.540382 16.333382 -0.540382
v 0.472835 16.307785 -0.472834
v 0.423386 16.237854 -0.423386
v 0.405286 16.142326 -0.405286
v 0.423386 16.046799 -0.423386
v 0.472835 15.976868 -0.472834
v 0.540382 15.951271 -0.540382
v 0.607930 15.976868 -0.607929
v 0.657379 16.046799 -0.657378
v 0.581531 16.142326 -0.757866
v 0.565949 16.237854 -0.737559
v 0.523378 16.307785 -0.682079
v 0.465225 16.333382 -0.606293
v 0.407071 16.307785 -0.530506
v 0.364500 16.237854 -0.475027
v 0.348918 16.142326 -0.454720
v 0.364500 16.046799 -0.475027
v 0.407071 15.976868 -0.530506
v 0.465225 15.951271 -0.606293
v 0.523378 15.976868 -0.682079
v 0.565949 16.046799 -0.737559
v 0.477635 16.142326 -0.827287
v 0.464836 16.237854 -0.805120
v 0.429871 16.307785 -0.744559
v 0.382107 16.333382 -0.661830
v 0.334344 16.307785 -0.579101
v 0.299379 16.237854 -0.518539
v 0.286581 16.142326 -0.496372
v 0.299379 16.046799 -0.518539
v 0.334344 15.976868 -0.579101
v 0.382107 15.951271 -0.661830
v 0.429871 15.976868 -0.744559
v 0.464836 16.046799 -0.805120
v 0.365566 16.142326 -0.882554
v 0.355771 16.237854 -0.858906
v 0.329010 16.307785 -0.794298
v 0.292453 16.333382 -0.706043
v 0.255896 16.307785 -0.617787
v 0.229135 16.237854 -0.553180
v 0.219339 16.142326 -0.529532
v 0.229135 16.046799 -0.553180
v 0.255896 15.976868 -0.617787
v 0.292453 15.951271 -0.706043
v 0.329010 15.976868 -0.794298
v 0.355771 16.046799 -0.858906
v 0.247242 16.142326 -0.922719
v 0.240617 16.237854 -0.897995
v 0.222518 16.307785 -0.830447
v 0.197793 16.333382 -0.738175
v 0.173069 16.307785 -0.645904
v 0.154969 16.237854 -0.578356
v 0.148345 16.142326 -0.553632
v 0.154969 16.046799 -0.578356
v 0.173069 15.976868 -0.645904
v 0.197793 15.951271 -0.738175
v 0.222518 15.976868 -0.830447
v 0.240617 16.046799 -0.897995
v 0.124688 16.142326 -0.947097
v 0.121347 16.237854 -0.921719
v 0.112219 16.307785 -0.852387
v 0.099750 16.333382 -0.757677
v 0.087282 16.307785 -0.662968
v 0.078153 16.237854 -0.593635
v 0.074812 16.142326 -0.568258
v 0.078153 16.046799 -0.593635
v 0.087282 15.976868 -0.662968
v 0.099750 15.951271 -0.757677
v 0.112219 15.976868 -0.852387
v 0.121347 16.046799 -0.921719
v -0.917059 20.722015 0.000000
v -0.917059 21.027699 0.000000
v -0.899438 20.722015 -0.178909
v -0.899438 21.027699 -0.178909
v -0.847251 20.722015 -0.350943
v -0.847251 21.027699 -0.350943
v -0.762507 20.722015 -0.509490
v -0.762507 21.027699 -0.509490
v -0.648458 20.722015 -0.648458
v -0.648458 21.027699 -0.648458
v -0.509490 20.722015 -0.762506
v -0.509490 21.027699 -0.762506
v -0.350943 20.722015 -0.847251
v -0.350943 21.027699 -0.847251
v -0.178909 20.722015 -0.899437
v -0.178909 21.027699 -0.899437
v -0.000000 20.722015 -0.917058
v -0.000000 21.027699 -0.917058
v 0.178909 20.722015 -0.899437
v 0.178909 21.027699 -0.899437
v 0.350943 20.722015 -0.847251
v 0.350943 21.027699 -0.847251
v 0.509490 20.722015 -0.762506
v 0.509490 21.027699 -0.762506
v 0.648458 20.722015 -0.648458
v 0.648458 21.027699 -0.648458
v 0.762507 20.722015 -0.509490
v 0.762507 21.027699 -0.509490
v 0.847251 20.722015 -0.350943
v 0.847251 21.027699 -0.350943
v 0.899438 20.722015 -0.178909
v 0.899438 21.027699 -0.178909
v 0.917059 20.722015 -0.000000
v 0.917059 21.027699 -0.000000
v 0.899438 20.722015 0.178909
v 0.899438 21.027699 0.178909
v 0.847251 20.722015 0.350943
v 0.847251 21.027699 0.350943
v 0.762507 20.722015 0.509490
v 0.762507 21.027699 0.509490
v 0.648458 20.722015 0.648458
v 0.648458 21.027699 0.648458
v 0.509490 20.722015 0.762506
v 0.509490 21.027699 0.762506
v 0.350943 20.722015 0.847251
v 0.350943 21.027699 0.847251
v 0.178909 20.722015 0.899437
v 0.178909 21.027699 0.899437
v 0.000000 20.722015 0.917058
v 0.000000 21.027699 0.917058
v -0.178909 20.722015 0.899437
v -0.178909 21.027699 0.899437
v -0.350943 20.722015 0.847251
v -0.350943 21.027699 0.847251
v -0.509490 20.722015 0.762506
v -0.509490 21.027699 0.762506
v -0.648458 20.722015 0.648458
v -0.648458 21.027699 0.648458
v -0.762507 20.722015 0.509490
v -0.762507 21.027699 0.509490
v -0.847251 20.722015 0.350943
v -0.847251 21.027699 0.350943
v -0.899438 20.722015 0.178909
v -0.899438 21.027699 0.178909
v 0.611372 17.454281 -0.513599
v 0.611372 18.677025 -0.513599
v -0.611372 17.454281 -0.513599
v -0.611372 18.677025 -0.513599
v 0.611372 17.454281 -1.124971
v 0.611372 18.677025 -1.124971
v -0.611372 17.454281 -1.124971
v -0.611372 18.677025 -1.124971
v 0.195638 1.218806 -0.666442
v 0.195638 2.441550 -0.666442
v -0.721421 1.218806 -0.666442
v -0.721421 2.441550 -0.666442
v 0.195638 1.218806 -0.972128
v 0.195638 2.441550 -0.972128
v -0.721421 1.218806 -0.972128
v -0.721421 2.441550 -0.972128
v 0.611372 1.976661 1.366288
v 0.611372 5.644895 1.366288
v -0.611372 1.976661 1.366288
v -0.611372 5.644895 1.366288
v 0.611372 1.976661 0.326955
v 0.611372 5.644895 0.326955
v -0.611372 1.976661 0.326955
v -0.611372 5.644895 0.326955
v -0.000000 16.525291 0.000000
v -10.504805 16.525291 0.000000
v -0.000000 16.528229 -0.029818
v -10.504805 16.528229 -0.029818
v -0.000000 16.536926 -0.058491
v -10.504805 16.536926 -0.058490
v -0.000000 16.551052 -0.084915
v -10.504805 16.551052 -0.084915
v -0.000000 16.570061 -0.108076
v -10.504805 16.570057 -0.108076
v -0.000000 16.593220 -0.127084
v -10.504805 16.593220 -0.127084
v -0.000000 16.619644 -0.141209
v -10.504805 16.619644 -0.141208
v -0.000000 16.648315 -0.149906
v -10.504805 16.648315 -0.149906
v -0.000000 16.678135 -0.152843
v -10.504805 16.678135 -0.152843
v -0.000000 16.707954 -0.149906
v -10.504805 16.707954 -0.149906
v -0.000000 16.736626 -0.141209
v -10.504805 16.736626 -0.141208
v -0.000000 16.763050 -0.127084
v -10.504805 16.763050 -0.127084
v -0.000000 16.786213 -0.108076
v -10.504805 16.786213 -0.108076
v -0.000000 16.805218 -0.084915
v -10.504805 16.805218 -0.084915
v -0.000000 16.819344 -0.058491
v -10.504805 16.819344 -0.058490
v -0.000000 16.828041 -0.029818
v -10.504805 16.828041 -0.029818
v -0.000000 16.830978 0.000000
v -10.504805 16.830978 0.000000
v -0.000000 16.828041 0.029818
v -10.504805 16.828041 0.029819
v -0.000000 16.819344 0.058491
v -10.504805 16.819344 0.058491
v -0.000000 16.805218 0.084915
v -10.504805 16.805218 0.084916
v -0.000000 16.786213 0.108076
v -10.504805 16.786213 0.108077
v -0.000000 16.763050 0.127084
v -10.504805 16.763050 0.127085
v -0.000000 16.736626 0.141209
v -10.504805 16.736626 0.141209
v -0.000000 16.707954 0.149906
v -10.504805 16.707954 0.149907
v -0.000000 16.678135 0.152843
v -10.504805 16.678135 0.152844
v -0.000000 16.648315 0.149906
v -10.504805 16.648315 0.149907
v -0.000000 16.619644 0.141209
v -10.504805 16.619644 0.141209
v -0.000000 16.593220 0.127084
v -10.504805 16.593220 0.127085
v -0.000000 16.570061 0.108076
v -10.504805 16.570057 0.108077
v -0.000000 16.551052 0.084915
v -10.504805 16.551052 0.084916
v -0.000000 16.536926 0.058491
v -10.504805 16.536926 0.058491
v -0.000000 16.528229 0.029818
v -10.504805 16.528229 0.029819
v 0.000000 7.742094 0.586447
v -0.000000 7.742093 -3.615474
v 0.029818 7.745030 0.586447
v 0.029818 7.745030 -3.615474
v 0.058490 7.753727 0.586447
v 0.058491 7.753727 -3.615474
v 0.084915 7.767851 0.586447
v 0.084915 7.767851 -3.615474
v 0.108076 7.786860 0.586447
v 0.108077 7.786860 -3.615474
v 0.127084 7.810022 0.586447
v 0.127084 7.810022 -3.615474
v 0.141208 7.836446 0.586447
v 0.141209 7.836445 -3.615474
v 0.149906 7.865118 0.586447
v 0.149907 7.865118 -3.615474
v 0.152843 7.894936 0.586447
v 0.152843 7.894936 -3.615474
v 0.149906 7.924755 0.586447
v 0.149907 7.924755 -3.615474
v 0.141208 7.953426 0.586447
v 0.141209 7.953426 -3.615474
v 0.127084 7.979851 0.586447
v 0.127084 7.979851 -3.615474
v 0.108076 8.003013 0.586447
v 0.108077 8.003013 -3.615474
v 0.084915 8.022021 0.586447
v 0.084915 8.022020 -3.615474
v 0.058490 8.036145 0.586447
v 0.058491 8.036145 -3.615474
v 0.029818 8.044842 0.586447
v 0.029818 8.044842 -3.615474
v 0.000000 8.047779 0.586447
v -0.000000 8.047779 -3.615474
v -0.029818 8.044842 0.586447
v -0.029818 8.044842 -3.615474
v -0.058490 8.036145 0.586447
v -0.058490 8.036145 -3.615474
v -0.084915 8.022021 0.586447
v -0.084915 8.022020 -3.615474
v -0.108076 8.003013 0.586447
v -0.108076 8.003013 -3.615474
v -0.127084 7.979851 0.586447
v -0.127085 7.979851 -3.615474
v -0.141208 7.953426 0.586447
v -0.141209 7.953426 -3.615474
v -0.149906 7.924755 0.586447
v -0.149906 7.924755 -3.615474
v -0.152843 7.894936 0.586447
v -0.152843 7.894936 -3.615474
v -0.149906 7.865118 0.586447
v -0.149906 7.865118 -3.615474
v -0.141208 7.836446 0.586447
v -0.141209 7.836445 -3.615474
v -0.127084 7.810022 0.586447
v -0.127085 7.810022 -3.615474
v -0.108076 7.786860 0.586447
v -0.108076 7.786860 -3.615474
v -0.084915 7.767851 0.586447
v -0.084915 7.767851 -3.615474
v -0.058490 7.753727 0.586447
v -0.058490 7.753727 -3.615474
v -0.029818 7.745030 0.586447
v -0.029818 7.745030 -3.615474
v 0.000000 11.946739 0.586447
v -0.000000 11.946738 -3.615474
v 0.029818 11.949676 0.586447
v 0.029818 11.949676 -3.615474
v 0.058490 11.958373 0.586447
v 0.058491 11.958373 -3.615474
v 0.084915 11.972498 0.586447
v 0.084915 11.972497 -3.615474
v 0.108076 11.991506 0.586447
v 0.108077 11.991506 -3.615474
v 0.127084 12.014668 0.586447
v 0.127084 12.014667 -3.615474
v 0.141208 12.041091 0.586447
v 0.141209 12.041091 -3.615474
v 0.149906 12.069763 0.586447
v 0.149907 12.069763 -3.615474
v 0.152843 12.099582 0.586447
v 0.152843 12.099582 -3.615474
v 0.149906 12.129400 0.586447
v 0.149907 12.129400 -3.615474
v 0.141208 12.158072 0.586447
v 0.141209 12.158072 -3.615474
v 0.127084 12.184497 0.586447
v 0.127084 12.184497 -3.615474
v 0.108076 12.207658 0.586447
v 0.108077 12.207658 -3.615474
v 0.084915 12.226666 0.586447
v 0.084915 12.226666 -3.615474
v 0.058490 12.240790 0.586447
v 0.058491 12.240790 -3.615474
v 0.029818 12.249488 0.586447
v 0.029818 12.249488 -3.615474
v 0.000000 12.252424 0.586447
v -0.000000 12.252424 -3.615474
v -0.029818 12.249488 0.586447
v -0.029818 12.249488 -3.615474
v -0.058490 12.240790 0.586447
v -0.058490 12.240790 -3.615474
v -0.084915 12.226666 0.586447
v -0.084915 12.226666 -3.615474
v -0.108076 12.207658 0.586447
v -0.108076 12.207658 -3.615474
v -0.127084 12.184497 0.586447
v -0.127085 12.184497 -3.615474
v -0.141208 12.158072 0.586447
v -0.141209 12.158072 -3.615474
v -0.149906 12.129400 0.586447
v -0.149906 12.129400 -3.615474
v -0.152843 12.099582 0.586447
v -0.152843 12.099582 -3.615474
v -0.149906 12.069763 0.586447
v -0.149906 12.069763 -3.615474
v -0.141208 12.041091 0.586447
v -0.141209 12.041091 -3.615474
v -0.127084 12.014668 0.586447
v -0.127085 12.014667 -3.615474
v -0.108076 11.991506 0.586447
v -0.108076 11.991506 -3.615474
v -0.084915 11.972498 0.586447
v -0.084915 11.972497 -3.615474
v -0.058490 11.958373 0.586447
v -0.058490 11.958373 -3.615474
v -0.029818 11.949676 0.586447
v -0.029818 11.949676 -3.615474
v -0.000000 7.951838 -3.625160
v -0.000000 12.153758 -3.625160
v 0.029818 7.951838 -3.622223
v 0.029818 12.153758 -3.622223
v 0.058490 7.951838 -3.613525
v 0.058490 12.153758 -3.613525
v 0.084915 7.951838 -3.599401
v 0.084915 12.153758 -3.599401
v 0.108076 7.951838 -3.580393
v 0.108076 12.153758 -3.580393
v 0.127084 7.951838 -3.557231
v 0.127084 12.153758 -3.557231
v 0.141208 7.951838 -3.530807
v 0.141208 12.153758 -3.530807
v 0.149906 7.951838 -3.502135
v 0.149906 12.153758 -3.502135
v 0.152843 7.951838 -3.472317
v 0.152843 12.153758 -3.472317
v 0.149906 7.951838 -3.442498
v 0.149906 12.153758 -3.442498
v 0.141208 7.951838 -3.413826
v 0.141208 12.153758 -3.413826
v 0.127084 7.951838 -3.387401
v 0.127084 12.153758 -3.387401
v 0.108076 7.951838 -3.364240
v 0.108076 12.153758 -3.364240
v 0.084915 7.951838 -3.345232
v 0.084915 12.153758 -3.345232
v 0.058490 7.951838 -3.331108
v 0.058490 12.153758 -3.331108
v 0.029818 7.951838 -3.322410
v 0.029818 12.153758 -3.322410
v -0.000000 7.951838 -3.319473
v -0.000000 12.153758 -3.319473
v -0.029818 7.951838 -3.322410
v -0.029818 12.153758 -3.322410
v -0.058490 7.951838 -3.331108
v -0.058490 12.153758 -3.331108
v -0.084915 7.951838 -3.345232
v -0.084915 12.153758 -3.345232
v -0.108076 7.951838 -3.364240
v -0.108076 12.153758 -3.364240
v -0.127085 7.951838 -3.387401
v -0.127085 12.153758 -3.387401
v -0.141209 7.951838 -3.413826
v -0.141209 12.153758 -3.413826
v -0.149906 7.951838 -3.442498
v -0.149906 12.153758 -3.442498
v -0.152844 7.951838 -3.472317
v -0.152844 12.153758 -3.472317
v -0.149906 7.951838 -3.502135
v -0.149906 12.153758 -3.502135
v -0.141209 7.951838 -3.530807
v -0.141209 12.153758 -3.530807
v -0.127085 7.951838 -3.557231
v -0.127085 12.153758 -3.557231
v -0.108076 7.951838 -3.580393
v -0.108076 12.153758 -3.580393
v -0.084915 7.951838 -3.599401
v -0.084915 12.153758 -3.599401
v -0.058490 7.951838 -3.613525
v -0.058490 12.153758 -3.613525
v -0.029818 7.951838 -3.622223
v -0.029818 12.153758 -3.622223
v -0.062042 9.738415 -2.706220
v -0.062042 10.044100 -2.706220
v -0.367729 9.738415 -2.706220
v -0.367729 10.044100 -2.706220
v -0.062042 9.738415 -4.234651
v -0.062042 10.044100 -4.234651
v -0.367729 9.738415 -4.234651
v -0.367729 10.044100 -4.234651
v 0.121256 8.024123 -2.706220
v 0.121256 11.998042 -2.706220
v -0.184431 8.024123 -2.706220
v -0.184431 11.998042 -2.706220
v 0.121255 8.024123 -4.234651
v 0.121255 11.998042 -4.234651
v -0.184431 8.024123 -4.234651
v -0.184431 11.998042 -4.234651
v -0.062042 11.565391 -2.706220
v -0.062042 11.871078 -2.706220
v -0.367729 11.565391 -2.706220
v -0.367729 11.871078 -2.706220
v -0.062042 11.565391 -4.234651
v -0.062042 11.871078 -4.234651
v -0.367729 11.565391 -4.234651
v -0.367729 11.871078 -4.234651
vn -0.0000 -0.0000 1.0000
vn -1.0000 -0.0000 -0.0000
vn -0.0000 -0.0000 -1.0000
vn 1.0000 -0.0000 -0.0000
vn -0.0000 -1.0000 -0.0000
vn -0.0000 1.0000 -0.0000
vn -0.9952 -0.0980 -0.0000
vn -0.9569 -0.2903 -0.0000
vn -0.8819 -0.4714 -0.0000
vn -0.7730 -0.6344 -0.0000
vn -0.6344 -0.7730 -0.0000
vn -0.4714 -0.8819 -0.0000
vn -0.2903 -0.9569 -0.0000
vn -0.0980 -0.9952 -0.0000
vn 0.0980 -0.9952 -0.0000
vn 0.2903 -0.9569 -0.0000
vn 0.4714 -0.8819 -0.0000
vn 0.6344 -0.7730 -0.0000
vn 0.7730 -0.6344 -0.0000
vn 0.8819 -0.4714 -0.0000
vn 0.9569 -0.2903 -0.0000
vn 0.9952 -0.0980 -0.0000
vn 0.9952 0.0980 -0.0000
vn 0.9569 0.2903 -0.0000
vn 0.8819 0.4714 -0.0000
vn 0.7730 0.6344 -0.0000
vn 0.6344 0.7730 -0.0000
vn 0.4714 0.8819 -0.0000
vn 0.2903 0.9569 -0.0000
vn 0.0980 0.9952 -0.0000
vn -0.0980 0.9952 -0.0000
vn -0.2903 0.9569 -0.0000
vn -0.4714 0.8819 -0.0000
vn -0.6344 0.7730 -0.0000
vn -0.7730 0.6344 -0.0000
vn -0.8819 0.4714 -0.0000
vn -0.9569 0.2903 -0.0000
vn -0.9952 0.0980 -0.0000
vn 0.0978 0.9952 -0.0000
vn 0.4715 -0.8818 -0.0000
vn -0.0978 0.9952 -0.0000
vn 0.6335 -0.7737 -0.0000
vn -0.2893 0.9572 -0.0000
vn 0.7735 -0.6338 -0.0000
vn -0.4705 0.8824 -0.0000
vn 0.8821 -0.4711 -0.0000
vn -0.9952 -0.0977 -0.0000
vn -0.6365 0.7712 -0.0000
vn 0.9571 -0.2899 -0.0000
vn -0.9571 -0.2899 -0.0000
vn -0.7735 0.6338 -0.0000
vn 0.9952 -0.0977 -0.0000
vn -0.8821 -0.4711 -0.0000
vn -0.8821 0.4711 -0.0000
vn 0.9952 0.0977 -0.0000
vn -0.7735 -0.6338 -0.0000
vn -0.9571 0.2899 -0.0000
vn 0.9571 0.2899 -0.0000
vn -0.6335 -0.7737 -0.0000
vn -0.9952 0.0977 -0.0000
vn 0.8821 0.4711 -0.0000
vn -0.4715 -0.8819 -0.0000
vn 0.7735 0.6338 -0.0000
vn -0.2900 -0.9570 -0.0000
vn 0.6355 0.7721 -0.0000
vn 0.4705 0.8824 -0.0000
vn 0.2893 0.9572 -0.0000
vn 0.2900 -0.9570 -0.0000
vn -0.9952 -0.0000 -0.0980
vn -0.9569 -0.0000 -0.2903
vn -0.8819 -0.0000 -0.4714
vn -0.7730 -0.0000 -0.6344
vn -0.6344 -0.0000 -0.7730
vn -0.4714 -0.0000 -0.8819
vn -0.2903 -0.0000 -0.9569
vn -0.0980 -0.0000 -0.9952
vn 0.0980 -0.0000 -0.9952
vn 0.2903 -0.0000 -0.9569
vn 0.4714 -0.0000 -0.8819
vn 0.6344 -0.0000 -0.7730
vn 0.7730 -0.0000 -0.6344
vn 0.8819 -0.0000 -0.4714
vn 0.9569 -0.0000 -0.2903
vn 0.9952 -0.0000 -0.0980
vn 0.9952 -0.0000 0.0980
vn 0.9569 -0.0000 0.2903
vn 0.8819 -0.0000 0.4714
vn 0.7730 -0.0000 0.6344
vn 0.6344 -0.0000 0.7730
vn 0.4714 -0.0000 0.8819
vn 0.2903 -0.0000 0.9569
vn 0.0980 -0.0000 0.9952
vn -0.0980 -0.0000 0.9952
vn -0.2903 -0.0000 0.9569
vn -0.4714 -0.0000 0.8819
vn -0.6344 -0.0000 0.7730
vn -0.7730 -0.0000 0.6344
vn -0.8819 -0.0000 0.4714
vn -0.9569 -0.0000 0.2903
vn -0.9952 -0.0000 0.0980
vn -0.0000 -0.9952 -0.0981
vn -0.0000 -0.9569 -0.2903
vn -0.0000 -0.8819 -0.4714
vn -0.0000 -0.7730 -0.6344
vn -0.0000 -0.6344 -0.7730
vn -0.0000 -0.4714 -0.8819
vn -0.0000 -0.2903 -0.9569
vn -0.0000 -0.0980 -0.9952
vn -0.0000 0.0980 -0.9952
vn -0.0000 0.2903 -0.9569
vn -0.0000 0.4714 -0.8819
vn -0.0000 0.6344 -0.7730
vn -0.0000 0.7730 -0.6344
vn -0.0000 0.8819 -0.4715
vn -0.0000 0.9569 -0.2903
vn -0.0000 0.9952 -0.0980
vn -0.0000 0.9952 0.0981
vn -0.0000 0.9570 0.2902
vn -0.0000 0.8819 0.4714
vn -0.0000 0.7730 0.6344
vn -0.0000 0.6344 0.7730
vn -0.0000 0.4714 0.8819
vn -0.0000 0.2903 0.9569
vn -0.0000 0.0980 0.9952
vn -0.0000 -0.0980 0.9952
vn -0.0000 -0.2903 0.9569
vn -0.0000 -0.4714 0.8819
vn -0.0000 -0.6344 0.7730
vn -0.0000 -0.7730 0.6344
vn -0.0000 -0.8819 0.4714
vn -0.0000 -0.9570 0.2902
vn -0.0000 -0.9952 0.0980
vn -0.0000 -1.0000 -0.0001
vn -0.0632 0.2583 -0.9640
vn -0.0463 0.7063 -0.7064
vn -0.0170 0.9658 -0.2588
vn 0.0170 0.9658 0.2588
vn 0.0463 0.7063 0.7064
vn 0.0632 0.2583 0.9640
vn 0.0632 -0.2583 0.9640
vn 0.0463 -0.7063 0.7064
vn 0.0170 -0.9658 0.2588
vn -0.0170 -0.9658 -0.2588
vn -0.0463 -0.7063 -0.7064
vn -0.0632 -0.2583 -0.9640
vn -0.1885 0.2583 -0.9475
vn -0.1381 0.7063 -0.6943
vn -0.0506 0.9658 -0.2544
vn 0.0506 0.9658 0.2544
vn 0.1381 0.7064 0.6943
vn 0.1885 0.2583 0.9475
vn 0.1885 -0.2583 0.9475
vn 0.1381 -0.7064 0.6943
vn 0.0506 -0.9658 0.2543
vn -0.0506 -0.9658 -0.2544
vn -0.1381 -0.7063 -0.6943
vn -0.1885 -0.2583 -0.9475
vn -0.3105 0.2583 -0.9148
vn -0.2275 0.7063 -0.6703
vn -0.0834 0.9658 -0.2456
vn 0.0834 0.9658 0.2456
vn 0.2275 0.7064 0.6703
vn 0.3105 0.2583 0.9148
vn 0.3105 -0.2583 0.9148
vn 0.2275 -0.7064 0.6703
vn 0.0834 -0.9658 0.2456
vn -0.0834 -0.9658 -0.2456
vn -0.2275 -0.7063 -0.6703
vn -0.3105 -0.2583 -0.9148
vn -0.4273 0.2583 -0.8664
vn -0.3131 0.7063 -0.6349
vn -0.1147 0.9658 -0.2326
vn 0.1147 0.9658 0.2326
vn 0.3131 0.7064 0.6349
vn 0.4273 0.2583 0.8664
vn 0.4273 -0.2583 0.8664
vn 0.3131 -0.7064 0.6349
vn 0.1147 -0.9658 0.2326
vn -0.1147 -0.9658 -0.2326
vn -0.3131 -0.7063 -0.6349
vn -0.4273 -0.2583 -0.8664
vn -0.5367 0.2583 -0.8033
vn -0.3933 0.7063 -0.5886
vn -0.1441 0.9658 -0.2156
vn 0.1441 0.9658 0.2156
vn 0.3933 0.7063 0.5886
vn 0.5367 0.2583 0.8033
vn 0.5367 -0.2583 0.8033
vn 0.3933 -0.7064 0.5886
vn 0.1441 -0.9658 0.2156
vn -0.1441 -0.9658 -0.2156
vn -0.3933 -0.7063 -0.5886
vn -0.5367 -0.2583 -0.8033
vn -0.6370 0.2583 -0.7263
vn -0.4667 0.7063 -0.5322
vn -0.1710 0.9658 -0.1950
vn 0.1710 0.9658 0.1950
vn 0.4667 0.7063 0.5322
vn 0.6370 0.2583 0.7263
vn 0.6370 -0.2583 0.7263
vn 0.4667 -0.7064 0.5322
vn 0.1710 -0.9658 0.1950
vn -0.1710 -0.9658 -0.1950
vn -0.4667 -0.7063 -0.5322
vn -0.6370 -0.2583 -0.7263
vn -0.7263 0.2583 -0.6370
vn -0.5322 0.7063 -0.4667
vn -0.1950 0.9658 -0.1710
vn 0.1950 0.9658 0.1710
vn 0.5322 0.7063 0.4667
vn 0.7263 0.2583 0.6370
vn 0.7263 -0.2583 0.6370
vn 0.5322 -0.7063 0.4667
vn 0.1950 -0.9658 0.1710
vn -0.1950 -0.9658 -0.1710
vn -0.5322 -0.7063 -0.4667
vn -0.7263 -0.2583 -0.6370
vn -0.8033 0.2583 -0.5367
vn -0.5886 0.7063 -0.3933
vn -0.2156 0.9658 -0.1441
vn 0.2156 0.9658 0.1441
vn 0.5886 0.7063 0.3933
vn 0.8033 0.2583 0.5367
vn 0.8033 -0.2583 0.5367
vn 0.5886 -0.7063 0.3933
vn 0.2156 -0.9658 0.1441
vn -0.2156 -0.9658 -0.1441
vn -0.5886 -0.7063 -0.3933
vn -0.8032 -0.2583 -0.5367
vn -0.8664 0.2583 -0.4273
vn -0.6349 0.7063 -0.3131
vn -0.2326 0.9658 -0.1147
vn 0.2326 0.9658 0.1147
vn 0.6349 0.7064 0.3131
vn 0.8664 0.2583 0.4273
vn 0.8664 -0.2583 0.4273
vn 0.6349 -0.7063 0.3131
vn 0.2326 -0.9658 0.1147
vn -0.2326 -0.9658 -0.1147
vn -0.6349 -0.7063 -0.3131
vn -0.8664 -0.2583 -0.4273
vn -0.9148 0.2583 -0.3105
vn -0.6703 0.7063 -0.2275
vn -0.2456 0.9658 -0.0834
vn 0.2456 0.9658 0.0834
vn 0.6703 0.7064 0.2275
vn 0.9148 0.2583 0.3105
vn 0.9148 -0.2583 0.3105
vn 0.6703 -0.7064 0.2275
vn 0.2456 -0.9658 0.0834
vn -0.2456 -0.9658 -0.0834
vn -0.6703 -0.7063 -0.2276
vn -0.9148 -0.2583 -0.3105
vn -0.9475 0.2583 -0.1885
vn -0.6943 0.7063 -0.1381
vn -0.2544 0.9658 -0.0506
vn 0.2544 0.9658 0.0506
vn 0.6943 0.7063 0.1381
vn 0.9475 0.2583 0.1885
vn 0.9475 -0.2583 0.1885
vn 0.6943 -0.7064 0.1381
vn 0.2544 -0.9658 0.0506
vn -0.2544 -0.9658 -0.0506
vn -0.6943 -0.7063 -0.1381
vn -0.9475 -0.2583 -0.1885
vn -0.9640 0.2583 -0.0632
vn -0.7064 0.7063 -0.0463
vn -0.2588 0.9658 -0.0170
vn 0.2588 0.9658 0.0169
vn 0.7064 0.7063 0.0463
vn 0.9640 0.2583 0.0632
vn 0.9640 -0.2583 0.0632
vn 0.7064 -0.7063 0.0463
vn 0.2588 -0.9658 0.0170
vn -0.2588 -0.9658 -0.0170
vn -0.7064 -0.7063 -0.0463
vn -0.9640 -0.2583 -0.0632
vn -0.9640 0.2583 0.0632
vn -0.7063 0.7063 0.0463
vn -0.2588 0.9658 0.0169
vn 0.2588 0.9658 -0.0170
vn 0.7063 0.7063 -0.0463
vn 0.9640 0.2583 -0.0632
vn 0.9640 -0.2583 -0.0632
vn 0.7063 -0.7063 -0.0463
vn 0.2588 -0.9658 -0.0170
vn -0.2588 -0.9658 0.0170
vn -0.7063 -0.7063 0.0463
vn -0.9640 -0.2583 0.0632
vn -0.9475 0.2583 0.1885
vn -0.6943 0.7063 0.1381
vn -0.2544 0.9658 0.0506
vn 0.2544 0.9658 -0.0506
vn 0.6943 0.7063 -0.1381
vn 0.9475 0.2583 -0.1885
vn 0.9475 -0.2583 -0.1885
vn 0.6943 -0.7063 -0.1381
vn 0.2544 -0.9658 -0.0506
vn -0.2544 -0.9658 0.0506
vn -0.6943 -0.7063 0.1381
vn -0.9475 -0.2583 0.1885
vn -0.9148 0.2583 0.3105
vn -0.6703 0.7063 0.2275
vn -0.2456 0.9658 0.0833
vn 0.2456 0.9658 -0.0834
vn 0.6703 0.7063 -0.2275
vn 0.9148 0.2583 -0.3105
vn 0.9148 -0.2583 -0.3105
vn 0.6703 -0.7063 -0.2276
vn 0.2456 -0.9658 -0.0833
vn -0.2456 -0.9658 0.0834
vn -0.6703 -0.7063 0.2275
vn -0.9148 -0.2583 0.3105
vn -0.8664 0.2583 0.4273
vn -0.6349 0.7063 0.3131
vn -0.2326 0.9658 0.1147
vn 0.2326 0.9658 -0.1147
vn 0.6349 0.7063 -0.3131
vn 0.8664 0.2583 -0.4273
vn 0.8664 -0.2583 -0.4273
vn 0.6349 -0.7064 -0.3131
vn 0.2326 -0.9658 -0.1147
vn -0.2326 -0.9658 0.1147
vn -0.6349 -0.7063 0.3131
vn -0.8664 -0.2583 0.4273
vn -0.8033 0.2583 0.5367
vn -0.5886 0.7064 0.3933
vn -0.2156 0.9658 0.1441
vn 0.2156 0.9658 -0.1441
vn 0.5886 0.7063 -0.3933
vn 0.8033 0.2583 -0.5367
vn 0.8032 -0.2583 -0.5367
vn 0.5886 -0.7063 -0.3933
vn 0.2156 -0.9658 -0.1441
vn -0.2156 -0.9658 0.1441
vn -0.5886 -0.7063 0.3933
vn -0.8033 -0.2583 0.5367
vn -0.7263 0.2583 0.6370
vn -0.5322 0.7064 0.4667
vn -0.1950 0.9658 0.1710
vn 0.1950 0.9658 -0.1710
vn 0.5322 0.7064 -0.4667
vn 0.7263 0.2583 -0.6370
vn 0.7263 -0.2583 -0.6370
vn 0.5322 -0.7064 -0.4667
vn 0.1950 -0.9658 -0.1710
vn -0.1950 -0.9658 0.1710
vn -0.5322 -0.7064 0.4667
vn -0.7263 -0.2583 0.6370
vn -0.6370 0.2583 0.7263
vn -0.4667 0.7064 0.5322
vn -0.1710 0.9658 0.1950
vn 0.1710 0.9658 -0.1950
vn 0.4667 0.7063 -0.5322
vn 0.6370 0.2583 -0.7263
vn 0.6370 -0.2583 -0.7263
vn 0.4667 -0.7064 -0.5322
vn 0.1710 -0.9658 -0.1950
vn -0.1710 -0.9658 0.1950
vn -0.4667 -0.7063 0.5322
vn -0.6370 -0.2583 0.7263
vn -0.5367 0.2583 0.8032
vn -0.3933 0.7064 0.5886
vn -0.1441 0.9658 0.2156
vn 0.1441 0.9658 -0.2156
vn 0.3933 0.7063 -0.5886
vn 0.5367 0.2583 -0.8032
vn 0.5367 -0.2583 -0.8033
vn 0.3933 -0.7063 -0.5886
vn 0.1441 -0.9658 -0.2156
vn -0.1441 -0.9658 0.2156
vn -0.3933 -0.7064 0.5886
vn -0.5367 -0.2583 0.8033
vn -0.4273 0.2583 0.8664
vn -0.3131 0.7064 0.6349
vn -0.1147 0.9658 0.2326
vn 0.1147 0.9658 -0.2326
vn 0.3131 0.7063 -0.6349
vn 0.4273 0.2583 -0.8664
vn 0.4273 -0.2583 -0.8664
vn 0.3131 -0.7063 -0.6349
vn 0.1147 -0.9658 -0.2326
vn -0.1147 -0.9658 0.2326
vn -0.3131 -0.7064 0.6349
vn -0.4273 -0.2583 0.8664
vn -0.3105 0.2583 0.9148
vn -0.2275 0.7064 0.6703
vn -0.0834 0.9658 0.2456
vn 0.0834 0.9658 -0.2456
vn 0.2275 0.7063 -0.6703
vn 0.3105 0.2583 -0.9148
vn 0.3105 -0.2583 -0.9148
vn 0.2275 -0.7063 -0.6703
vn 0.0834 -0.9658 -0.2456
vn -0.0834 -0.9658 0.2456
vn -0.2275 -0.7064 0.6703
vn -0.3105 -0.2583 0.9148
vn -0.1885 0.2583 0.9475
vn -0.1381 0.7063 0.6943
vn -0.0506 0.9658 0.2543
vn 0.0506 0.9658 -0.2544
vn 0.1381 0.7064 -0.6943
vn 0.1885 0.2583 -0.9475
vn 0.1885 -0.2583 -0.9475
vn 0.1381 -0.7063 -0.6943
vn 0.0506 -0.9658 -0.2543
vn -0.0506 -0.9658 0.2543
vn -0.1381 -0.7064 0.6943
vn -0.1885 -0.2583 0.9475
vn -0.0632 0.2583 0.9640
vn -0.0463 0.7064 0.7063
vn -0.0170 0.9658 0.2588
vn 0.0170 0.9658 -0.2588
vn 0.0463 0.7063 -0.7064
vn 0.0632 0.2583 -0.9640
vn 0.0632 -0.2583 -0.9640
vn 0.0463 -0.7063 -0.7063
vn 0.0170 -0.9658 -0.2588
vn -0.0170 -0.9658 0.2588
vn -0.0463 -0.7064 0.7063
vn -0.0632 -0.2583 0.9640
vn -0.1381 0.7064 -0.6943
vn -0.1381 -0.7064 -0.6943
vn -0.0506 -0.9658 -0.2543
vn 0.0506 -0.9658 0.2544
vn 0.1381 -0.7063 0.6943
vn 0.2275 0.7063 0.6703
vn -0.2275 0.7064 -0.6703
vn 0.2275 -0.7063 0.6703
vn 0.3131 0.7063 0.6349
vn -0.3131 0.7064 -0.6349
vn 0.3131 -0.7063 0.6349
vn -0.3933 0.7064 -0.5886
vn -0.3933 -0.7064 -0.5886
vn 0.3933 -0.7063 0.5886
vn 0.4667 -0.7063 0.5322
vn -0.8033 -0.2583 -0.5367
vn 0.6349 0.7063 0.3131
vn -0.6349 0.7064 -0.3131
vn 0.6703 0.7063 0.2275
vn -0.6703 0.7064 -0.2275
vn -0.6703 -0.7064 -0.2275
vn 0.6703 -0.7063 0.2276
vn -0.6943 -0.7064 -0.1381
vn 0.6943 -0.7063 0.1381
vn 0.7063 0.7063 0.0463
vn 0.2588 0.9658 0.0170
vn -0.2588 0.9658 -0.0169
vn 0.7063 -0.7063 0.0463
vn 0.2588 0.9658 -0.0169
vn -0.2588 0.9658 0.0170
vn 0.2456 0.9658 -0.0833
vn -0.2456 0.9658 0.0834
vn -0.6703 -0.7063 0.2276
vn -0.2456 -0.9658 0.0833
vn 0.2456 -0.9658 -0.0834
vn 0.6703 -0.7064 -0.2275
vn -0.6349 -0.7064 0.3131
vn 0.6349 -0.7063 -0.3131
vn 0.5886 0.7064 -0.3933
vn -0.5886 0.7063 0.3933
vn -0.8032 -0.2583 0.5367
vn 0.8033 -0.2583 -0.5367
vn 0.5322 0.7063 -0.4667
vn 0.4667 0.7064 -0.5322
vn -0.4667 0.7063 0.5322
vn 0.4667 -0.7063 -0.5322
vn 0.3933 0.7064 -0.5886
vn -0.3933 0.7063 0.5886
vn -0.3933 -0.7063 0.5886
vn 0.3933 -0.7064 -0.5886
vn -0.3131 0.7063 0.6349
vn -0.3131 -0.7063 0.6349
vn 0.3131 -0.7064 -0.6349
vn 0.2275 0.7064 -0.6703
vn -0.2275 0.7063 0.6703
vn -0.2275 -0.7063 0.6703
vn 0.2275 -0.7064 -0.6703
vn 0.1381 0.7063 -0.6943
vn 0.0506 0.9658 -0.2543
vn -0.0506 0.9658 0.2544
vn -0.1381 -0.7063 0.6943
vn -0.0506 -0.9658 0.2544
vn 0.1381 -0.7064 -0.6943
vn 0.0463 0.7064 -0.7063
vn -0.0463 0.7063 0.7064
vn -0.0463 -0.7063 0.7063
vn 0.0463 -0.7064 -0.7063
vn -0.0463 -0.7064 -0.7063
vn 0.0506 0.9658 0.2543
vn 0.1381 0.7063 0.6943
vn -0.3131 -0.7064 -0.6349
vn -0.5367 0.2583 -0.8032
vn 0.1441 -0.9658 0.2157
vn 0.8032 -0.2583 0.5367
vn 0.6349 -0.7064 0.3131
vn 0.2456 0.9658 0.0833
vn -0.6703 -0.7063 -0.2275
vn 0.2588 -0.9658 0.0169
vn -0.2588 -0.9658 -0.0169
vn 0.6703 0.7063 -0.2276
vn 0.6703 -0.7063 -0.2275
vn 0.6349 0.7064 -0.3131
vn 0.5886 -0.7064 -0.3933
vn -0.5322 0.7063 0.4667
vn -0.5322 -0.7063 0.4667
vn -0.5367 0.2583 0.8033
vn -0.5367 -0.2583 0.8032
vn 0.3131 0.7064 -0.6349
vn 0.0506 -0.9658 -0.2544
vn 0.0463 0.7063 -0.7063
vn -0.0463 -0.7063 0.7064
vn 0.0463 -0.7064 0.7063
vn -0.0506 0.9658 -0.2543
vn 0.5367 0.2583 0.8032
vn 0.3933 0.7064 0.5886
vn -0.1441 -0.9658 -0.2157
vn 0.5322 0.7064 0.4667
vn -0.6349 -0.7064 -0.3131
vn -0.2456 0.9658 -0.0833
vn 0.6703 -0.7063 0.2275
vn 0.6943 0.7064 0.1381
vn -0.6703 0.7063 0.2276
vn -0.6349 0.7064 0.3131
vn -0.5886 -0.7064 0.3933
vn 0.5322 -0.7063 -0.4667
vn -0.4667 -0.7064 0.5322
vn 0.5367 0.2583 -0.8033
vn -0.3933 0.7064 0.5885
vn 0.1441 -0.9658 -0.2157
vn 0.5367 -0.2583 -0.8032
vn -0.0463 0.7063 0.7063
vn 0.0463 -0.7063 -0.7064
vn -0.0000 0.8819 -0.4714
vn -0.0000 0.9570 -0.2902
vn -0.0000 0.9569 0.2903
vn -0.0000 1.0000 -0.0001
vn 0.0984 0.9951 -0.0000
vn 0.4715 -0.8819 -0.0000
vn -0.0984 0.9951 -0.0000
vn 0.6350 -0.7725 -0.0000
vn -0.2916 0.9565 -0.0000
vn 0.7725 -0.6351 -0.0000
vn -0.4725 0.8814 -0.0000
vn -0.9952 -0.0982 -0.0000
vn -0.6325 0.7746 -0.0000
vn -0.7725 0.6351 -0.0000
vn 0.9952 -0.0982 -0.0000
vn 0.9952 0.0982 -0.0000
vn -0.7725 -0.6351 -0.0000
vn -0.6350 -0.7725 -0.0000
vn -0.9952 0.0982 -0.0000
vn 0.7725 0.6351 -0.0000
vn 0.6335 0.7737 -0.0000
vn 0.4725 0.8814 -0.0000
vn 0.2916 0.9565 -0.0000
vn -0.0000 1.0000 0.0001
vn -0.0000 -0.9952 -0.0979
vn -0.0000 0.9952 -0.0981
vn -0.0000 0.9952 0.0980
vn -0.0000 0.8819 0.4715
vn -0.0000 -0.9569 0.2904
vn -0.0000 1.0000 -0.0003
vn -0.0000 1.0000 0.0003
vn -0.0000 -1.0000 0.0001
vn -0.0463 0.7064 -0.7063
vn 0.0463 -0.7063 0.7063
vn -0.5322 0.7064 -0.4667
vn 0.5322 -0.7064 0.4667
vn -0.8032 0.2583 -0.5367
vn -0.5886 0.7064 -0.3933
vn 0.2456 -0.9658 0.0833
vn -0.7063 0.7063 -0.0463
vn -0.7063 -0.7063 -0.0463
vn 0.7064 0.7063 -0.0463
vn 0.7064 -0.7063 -0.0463
vn 0.6703 0.7064 -0.2275
vn -0.1381 0.7064 0.6943
vn 0.0463 0.7064 0.7063
vn -0.0463 -0.7063 -0.7063
vn -0.2275 -0.7064 -0.6703
vn 0.3933 0.7064 0.5885
vn 0.4667 0.7064 0.5322
vn -0.4667 -0.7064 -0.5322
vn -0.5322 -0.7064 -0.4667
vn 0.5886 0.7064 0.3933
vn -0.2456 -0.9658 -0.0833
vn -0.7064 0.7063 0.0463
vn -0.7064 -0.7063 0.0463
vn -0.6703 0.7064 0.2275
vn -0.6703 -0.7064 0.2275
vn 0.0463 0.7063 0.7063
vn -0.5367 -0.2583 -0.8032
vn 0.5886 -0.7064 0.3933
vn 0.2588 -0.9658 -0.0169
vn -0.0463 0.7063 -0.7063
vn 0.5367 -0.2583 0.8032
vn -0.4667 0.7064 -0.5322
vn 0.8032 0.2583 0.5367
vn -0.5886 -0.7064 -0.3933
vn -0.2588 -0.9658 0.0169
vn -0.1441 -0.9658 0.2157
vn -0.0000 0.9569 -0.2904
vt 0.570014 0.067483
vt 0.456260 0.202437
vt 0.456260 0.337404
vt 0.502531 0.067483
vt 0.456260 0.269920
vt 0.465900 0.520586
vt 0.398417 0.453102
vt 0.456260 0.269920
vt 0.570014 0.000000
vt 0.502531 0.000000
vt 0.398417 0.520586
vt 0.465900 0.453102
vt 0.523743 0.202437
vt 0.533383 0.453102
vt 0.523743 0.337404
vt 0.465900 0.453102
vt 0.523743 0.269920
vt 0.398417 0.520586
vt 0.533383 0.520586
vt 0.330933 0.453102
vt 0.523743 0.269920
vt 0.398417 0.453102
vt 0.330933 0.520586
vt 0.465900 0.520586
vt 0.582067 0.624717
vt 0.350199 0.677564
vt 0.615809 0.624717
vt 0.673939 0.066800
vt 0.582067 0.629418
vt 0.349829 0.682255
vt 0.615809 0.629418
vt 0.673939 0.062098
vt 0.582067 0.633940
vt 0.349103 0.686751
vt 0.615809 0.633940
vt 0.673939 0.057577
vt 0.582067 0.638106
vt 0.348049 0.690880
vt 0.615809 0.638106
vt 0.673939 0.053410
vt 0.582067 0.641759
vt 0.346707 0.694482
vt 0.615809 0.641759
vt 0.673939 0.049758
vt 0.582067 0.644756
vt 0.345129 0.697420
vt 0.615809 0.644756
vt 0.673939 0.046760
vt 0.695299 0.294241
vt 0.582067 0.646983
vt 0.343376 0.699579
vt 0.673939 0.044533
vt 0.615809 0.646983
vt 0.695299 0.327983
vt 0.509909 0.183169
vt 0.693491 0.294241
vt 0.341515 0.700879
vt 0.693491 0.327983
vt 0.508101 0.183169
vt 0.691610 0.294241
vt 0.339618 0.701267
vt 0.691610 0.327983
vt 0.506220 0.183169
vt 0.689729 0.294241
vt 0.337757 0.700731
vt 0.689729 0.327983
vt 0.504339 0.183169
vt 0.657743 0.089066
vt 0.687920 0.294241
vt 0.336003 0.699289
vt 0.502531 0.183169
vt 0.687920 0.327983
vt 0.624001 0.089066
vt 0.673939 0.044533
vt 0.657743 0.086839
vt 0.334426 0.696998
vt 0.624001 0.086839
vt 0.673939 0.046760
vt 0.657743 0.083842
vt 0.333084 0.693945
vt 0.624001 0.083842
vt 0.673939 0.049758
vt 0.657743 0.080190
vt 0.332030 0.690249
vt 0.624001 0.080190
vt 0.673939 0.053410
vt 0.657743 0.076023
vt 0.331304 0.686050
vt 0.624001 0.076023
vt 0.673939 0.057577
vt 0.657743 0.071502
vt 0.330933 0.681511
vt 0.624001 0.071502
vt 0.673939 0.062098
vt 0.657743 0.066800
vt 0.330933 0.676805
vt 0.624001 0.066800
vt 0.673939 0.066800
vt 0.657743 0.062098
vt 0.331304 0.672114
vt 0.624001 0.062098
vt 0.673939 0.071502
vt 0.657743 0.057577
vt 0.332030 0.667618
vt 0.624001 0.057577
vt 0.673939 0.076023
vt 0.657743 0.053410
vt 0.333084 0.663490
vt 0.624001 0.053410
vt 0.673939 0.080190
vt 0.657743 0.049758
vt 0.334426 0.659888
vt 0.624001 0.049758
vt 0.673939 0.083842
vt 0.657743 0.046760
vt 0.336003 0.656950
vt 0.624001 0.046760
vt 0.673939 0.086839
vt 0.009637 0.696325
vt 0.657743 0.044533
vt 0.337757 0.654790
vt 0.673939 0.089066
vt 0.624001 0.044533
vt 0.009637 0.662583
vt 0.509909 0.199365
vt 0.011445 0.696325
vt 0.339618 0.653491
vt 0.011445 0.662583
vt 0.511718 0.199365
vt 0.013326 0.696325
vt 0.341515 0.653102
vt 0.013326 0.662583
vt 0.513599 0.199365
vt 0.015207 0.696325
vt 0.343376 0.653639
vt 0.015207 0.662583
vt 0.515479 0.199365
vt 0.582067 0.602450
vt 0.017015 0.696325
vt 0.345129 0.655081
vt 0.517288 0.199365
vt 0.017015 0.662583
vt 0.615809 0.602450
vt 0.673939 0.089066
vt 0.582067 0.604677
vt 0.346707 0.657372
vt 0.615809 0.604677
vt 0.673939 0.086839
vt 0.582067 0.607674
vt 0.348049 0.660424
vt 0.615809 0.607674
vt 0.673939 0.083842
vt 0.582067 0.611327
vt 0.349103 0.664121
vt 0.615809 0.611327
vt 0.673939 0.080190
vt 0.582067 0.615493
vt 0.349829 0.668319
vt 0.615809 0.615493
vt 0.673939 0.076023
vt 0.582067 0.620015
vt 0.350199 0.672859
vt 0.615809 0.620015
vt 0.673939 0.071502
vt 0.551697 0.089750
vt 0.601333 0.671445
vt 0.585439 0.089750
vt 0.407997 0.675369
vt 0.551697 0.094452
vt 0.600963 0.676136
vt 0.585439 0.094452
vt 0.407997 0.680071
vt 0.551697 0.098973
vt 0.600237 0.680632
vt 0.585439 0.098973
vt 0.407997 0.684592
vt 0.551697 0.103140
vt 0.599183 0.684761
vt 0.585439 0.103140
vt 0.407997 0.688759
vt 0.551697 0.106792
vt 0.597841 0.688363
vt 0.585439 0.106792
vt 0.407997 0.692411
vt 0.551697 0.109789
vt 0.596263 0.691300
vt 0.585439 0.109789
vt 0.407997 0.695408
vt 0.695299 0.260500
vt 0.551697 0.112016
vt 0.594510 0.693460
vt 0.407997 0.697636
vt 0.585439 0.112016
vt 0.695299 0.294241
vt 0.536569 0.112017
vt 0.693491 0.260500
vt 0.592649 0.694759
vt 0.693491 0.294241
vt 0.534760 0.112017
vt 0.691610 0.260500
vt 0.590751 0.695148
vt 0.691610 0.294241
vt 0.532879 0.112017
vt 0.689729 0.260500
vt 0.588890 0.694611
vt 0.689729 0.294241
vt 0.530999 0.112017
vt 0.497048 0.632602
vt 0.687921 0.260500
vt 0.587137 0.693170
vt 0.529190 0.112017
vt 0.687921 0.294241
vt 0.463307 0.632602
vt 0.601333 0.646983
vt 0.497048 0.630375
vt 0.585559 0.690879
vt 0.463307 0.630375
vt 0.601333 0.649210
vt 0.497048 0.627378
vt 0.584218 0.687826
vt 0.463307 0.627378
vt 0.601333 0.652208
vt 0.497048 0.623725
vt 0.583163 0.684130
vt 0.463307 0.623725
vt 0.601333 0.655860
vt 0.497048 0.619559
vt 0.582437 0.679931
vt 0.463307 0.619559
vt 0.601333 0.660027
vt 0.497048 0.615038
vt 0.582067 0.675392
vt 0.463307 0.615038
vt 0.601333 0.664548
vt 0.497048 0.610336
vt 0.582067 0.670686
vt 0.463307 0.610336
vt 0.601333 0.669250
vt 0.497048 0.605634
vt 0.582437 0.665995
vt 0.463307 0.605634
vt 0.601333 0.673952
vt 0.497048 0.601112
vt 0.583163 0.661499
vt 0.463307 0.601112
vt 0.601333 0.678473
vt 0.497048 0.596946
vt 0.584218 0.657371
vt 0.463307 0.596946
vt 0.601333 0.682640
vt 0.497048 0.593293
vt 0.585559 0.653768
vt 0.463307 0.593293
vt 0.601333 0.686292
vt 0.497048 0.590296
vt 0.587137 0.650831
vt 0.463307 0.590296
vt 0.601333 0.689289
vt 0.552663 0.655552
vt 0.497048 0.588069
vt 0.588890 0.648671
vt 0.601333 0.691516
vt 0.463307 0.588069
vt 0.552663 0.621811
vt 0.521812 0.126273
vt 0.554472 0.655552
vt 0.590751 0.647372
vt 0.554472 0.621811
vt 0.523620 0.126273
vt 0.556352 0.655552
vt 0.592649 0.646983
vt 0.556352 0.621811
vt 0.525501 0.126273
vt 0.558233 0.655552
vt 0.594510 0.647520
vt 0.558233 0.621811
vt 0.527382 0.126273
vt 0.551697 0.067483
vt 0.560042 0.655552
vt 0.596263 0.648962
vt 0.529190 0.126273
vt 0.560042 0.621811
vt 0.585439 0.067483
vt 0.407997 0.653102
vt 0.551697 0.069711
vt 0.597841 0.651253
vt 0.585439 0.069711
vt 0.407997 0.655330
vt 0.551697 0.072708
vt 0.599183 0.654305
vt 0.585439 0.072708
vt 0.407997 0.658327
vt 0.551697 0.076360
vt 0.600237 0.658002
vt 0.585439 0.076360
vt 0.407997 0.661979
vt 0.551697 0.080527
vt 0.600963 0.662200
vt 0.585439 0.080527
vt 0.407997 0.666146
vt 0.551697 0.085048
vt 0.601333 0.666740
vt 0.585439 0.085048
vt 0.407997 0.670667
vt 0.624001 0.022267
vt 0.407997 0.677564
vt 0.657743 0.022267
vt 0.624001 0.026969
vt 0.407627 0.682255
vt 0.657743 0.026968
vt 0.624001 0.031490
vt 0.406901 0.686751
vt 0.657743 0.031490
vt 0.624001 0.035656
vt 0.405847 0.690880
vt 0.657743 0.035656
vt 0.624001 0.039309
vt 0.404505 0.694482
vt 0.657743 0.039309
vt 0.624001 0.042306
vt 0.402927 0.697420
vt 0.657743 0.042306
vt 0.560042 0.655552
vt 0.624001 0.044533
vt 0.401174 0.699579
vt 0.657743 0.044533
vt 0.560042 0.689294
vt 0.596193 0.309225
vt 0.558233 0.655552
vt 0.399313 0.700879
vt 0.558233 0.689294
vt 0.594384 0.309225
vt 0.556352 0.655552
vt 0.397416 0.701267
vt 0.556352 0.689294
vt 0.592504 0.309225
vt 0.554472 0.655552
vt 0.395555 0.700731
vt 0.554472 0.689294
vt 0.590623 0.309225
vt 0.551697 0.112016
vt 0.552663 0.655552
vt 0.393801 0.699289
vt 0.588814 0.309225
vt 0.552663 0.689294
vt 0.517956 0.112016
vt 0.588814 0.264692
vt 0.551697 0.109789
vt 0.392224 0.696998
vt 0.517956 0.109789
vt 0.588814 0.266919
vt 0.551697 0.106792
vt 0.390882 0.693945
vt 0.517956 0.106792
vt 0.588814 0.269916
vt 0.551697 0.103140
vt 0.389828 0.690249
vt 0.517956 0.103140
vt 0.588814 0.273568
vt 0.551697 0.098973
vt 0.389102 0.686050
vt 0.517956 0.098973
vt 0.588814 0.277735
vt 0.551697 0.094452
vt 0.388731 0.681511
vt 0.517956 0.094452
vt 0.588814 0.282256
vt 0.551697 0.089750
vt 0.388731 0.676805
vt 0.517956 0.089750
vt 0.588814 0.286958
vt 0.551697 0.085048
vt 0.389102 0.672114
vt 0.517956 0.085048
vt 0.588814 0.291660
vt 0.551697 0.080527
vt 0.389828 0.667618
vt 0.517956 0.080527
vt 0.588814 0.296181
vt 0.551697 0.076360
vt 0.390882 0.663490
vt 0.517956 0.076360
vt 0.588814 0.300348
vt 0.551697 0.072708
vt 0.392224 0.659888
vt 0.517956 0.072708
vt 0.588814 0.304000
vt 0.551697 0.069711
vt 0.393801 0.656950
vt 0.517956 0.069711
vt 0.588814 0.306998
vt 0.664318 0.334614
vt 0.551697 0.067483
vt 0.395555 0.654790
vt 0.588814 0.309225
vt 0.517956 0.067483
vt 0.664318 0.300872
vt 0.596193 0.336203
vt 0.666127 0.334614
vt 0.397416 0.653491
vt 0.666127 0.300872
vt 0.598001 0.336203
vt 0.668007 0.334614
vt 0.399313 0.653102
vt 0.668007 0.300872
vt 0.599882 0.336203
vt 0.669888 0.334614
vt 0.401174 0.653639
vt 0.669888 0.300872
vt 0.601763 0.336203
vt 0.624001 0.000000
vt 0.671697 0.334614
vt 0.402927 0.655081
vt 0.603571 0.336203
vt 0.671697 0.300872
vt 0.657743 0.000000
vt 0.624001 0.002227
vt 0.404505 0.657372
vt 0.657743 0.002227
vt 0.624001 0.005224
vt 0.405847 0.660424
vt 0.657743 0.005224
vt 0.624001 0.008877
vt 0.406901 0.664121
vt 0.657743 0.008877
vt 0.624001 0.013043
vt 0.407627 0.668319
vt 0.657743 0.013043
vt 0.624001 0.017565
vt 0.407997 0.672859
vt 0.657743 0.017565
vt 0.369465 0.676805
vt 0.422254 0.675369
vt 0.369465 0.681511
vt 0.422254 0.680071
vt 0.369836 0.686050
vt 0.422254 0.684592
vt 0.370562 0.690249
vt 0.422254 0.688759
vt 0.371616 0.693945
vt 0.422254 0.692411
vt 0.372958 0.696998
vt 0.422254 0.695408
vt 0.374535 0.699289
vt 0.422254 0.697636
vt 0.536569 0.126273
vt 0.376289 0.700731
vt 0.534760 0.126273
vt 0.378150 0.701267
vt 0.532879 0.126273
vt 0.380047 0.700879
vt 0.530999 0.126273
vt 0.381908 0.699579
vt 0.529190 0.126273
vt 0.615590 0.646983
vt 0.383661 0.697420
vt 0.615590 0.649210
vt 0.385239 0.694482
vt 0.615590 0.652208
vt 0.386581 0.690880
vt 0.615590 0.655860
vt 0.387635 0.686751
vt 0.615590 0.660027
vt 0.388361 0.682255
vt 0.615590 0.664548
vt 0.388731 0.677564
vt 0.615590 0.669250
vt 0.388731 0.672859
vt 0.615590 0.673952
vt 0.388361 0.668319
vt 0.615590 0.678473
vt 0.387635 0.664121
vt 0.615590 0.682640
vt 0.386581 0.660424
vt 0.615590 0.686292
vt 0.385239 0.657372
vt 0.615590 0.689289
vt 0.383661 0.655081
vt 0.615590 0.691516
vt 0.521812 0.112017
vt 0.381908 0.653639
vt 0.523620 0.112017
vt 0.380047 0.653102
vt 0.525501 0.112017
vt 0.378150 0.653491
vt 0.527382 0.112017
vt 0.376289 0.654790
vt 0.422254 0.653102
vt 0.529190 0.112017
vt 0.374535 0.656950
vt 0.422254 0.655330
vt 0.372958 0.659888
vt 0.422254 0.658327
vt 0.371616 0.663490
vt 0.422254 0.661979
vt 0.370562 0.667618
vt 0.422254 0.666146
vt 0.369836 0.672114
vt 0.422254 0.670667
vt 0.657743 0.066800
vt 0.521814 0.148540
vt 0.657743 0.062098
vt 0.521814 0.143838
vt 0.657743 0.057577
vt 0.521814 0.139317
vt 0.657743 0.053410
vt 0.521814 0.135150
vt 0.657743 0.049758
vt 0.521814 0.131498
vt 0.657743 0.046760
vt 0.521814 0.128500
vt 0.521814 0.126273
vt 0.657743 0.044533
vt 0.509909 0.199365
vt 0.521805 0.183169
vt 0.508101 0.199365
vt 0.521805 0.184978
vt 0.506220 0.199365
vt 0.521805 0.186858
vt 0.504339 0.199365
vt 0.521805 0.188739
vt 0.521805 0.190548
vt 0.502531 0.199365
vt 0.690135 0.044533
vt 0.521814 0.126273
vt 0.690135 0.046760
vt 0.521814 0.128500
vt 0.690135 0.049758
vt 0.521814 0.131498
vt 0.690135 0.053410
vt 0.521814 0.135150
vt 0.690135 0.057577
vt 0.521814 0.139317
vt 0.690135 0.062098
vt 0.521814 0.143838
vt 0.690135 0.066800
vt 0.521814 0.148540
vt 0.690135 0.071502
vt 0.521814 0.153242
vt 0.690135 0.076023
vt 0.521814 0.157763
vt 0.690135 0.080190
vt 0.521814 0.161930
vt 0.690135 0.083842
vt 0.521814 0.165582
vt 0.690135 0.086839
vt 0.521814 0.168579
vt 0.521814 0.170806
vt 0.509909 0.183169
vt 0.690135 0.089066
vt 0.521805 0.190548
vt 0.521805 0.188739
vt 0.511718 0.183169
vt 0.513599 0.183169
vt 0.521805 0.186858
vt 0.515479 0.183169
vt 0.521805 0.184978
vt 0.521805 0.183169
vt 0.657743 0.089066
vt 0.517288 0.183169
vt 0.521814 0.170806
vt 0.657743 0.086839
vt 0.521814 0.168579
vt 0.657743 0.083842
vt 0.521814 0.165582
vt 0.657743 0.080190
vt 0.521814 0.161930
vt 0.657743 0.076023
vt 0.521814 0.157763
vt 0.657743 0.071502
vt 0.521814 0.153242
vt 0.585439 0.091186
vt 0.521812 0.148540
vt 0.585439 0.095892
vt 0.521812 0.143838
vt 0.585809 0.100431
vt 0.521812 0.139317
vt 0.586535 0.104630
vt 0.521812 0.135150
vt 0.587590 0.108326
vt 0.521812 0.131498
vt 0.588931 0.111379
vt 0.521812 0.128500
vt 0.590509 0.113670
vt 0.521812 0.126273
vt 0.521807 0.183169
vt 0.592262 0.115112
vt 0.521807 0.184978
vt 0.594123 0.115648
vt 0.521807 0.186858
vt 0.596021 0.115260
vt 0.521807 0.188739
vt 0.597882 0.113960
vt 0.521817 0.126273
vt 0.521807 0.190548
vt 0.599635 0.111801
vt 0.521817 0.128500
vt 0.601213 0.108863
vt 0.521817 0.131498
vt 0.602554 0.105261
vt 0.521817 0.135150
vt 0.603609 0.101132
vt 0.521817 0.139317
vt 0.604335 0.096636
vt 0.521817 0.143838
vt 0.604705 0.091945
vt 0.521817 0.148540
vt 0.604705 0.087240
vt 0.521817 0.153242
vt 0.604335 0.082700
vt 0.521817 0.157763
vt 0.603609 0.078502
vt 0.521817 0.161930
vt 0.602554 0.074805
vt 0.521817 0.165582
vt 0.601213 0.071753
vt 0.521817 0.168579
vt 0.599635 0.069462
vt 0.521817 0.170806
vt 0.521802 0.190548
vt 0.597882 0.068020
vt 0.521802 0.188739
vt 0.596021 0.067483
vt 0.521802 0.186858
vt 0.594123 0.067872
vt 0.521802 0.184978
vt 0.592262 0.069171
vt 0.521802 0.183169
vt 0.521812 0.170806
vt 0.590509 0.071331
vt 0.521812 0.168579
vt 0.588931 0.074269
vt 0.521812 0.165582
vt 0.587590 0.077871
vt 0.521812 0.161930
vt 0.586535 0.081999
vt 0.521812 0.157763
vt 0.585809 0.086495
vt 0.521812 0.153242
vt 0.369465 0.677564
vt 0.684721 0.022267
vt 0.369465 0.672859
vt 0.684721 0.026969
vt 0.369095 0.668319
vt 0.684721 0.031490
vt 0.368369 0.664121
vt 0.684721 0.035656
vt 0.367315 0.660424
vt 0.684721 0.039309
vt 0.365973 0.657372
vt 0.684721 0.042306
vt 0.364395 0.655081
vt 0.684721 0.044533
vt 0.596193 0.336203
vt 0.362642 0.653639
vt 0.594384 0.336203
vt 0.360781 0.653102
vt 0.592504 0.336203
vt 0.358884 0.653491
vt 0.590623 0.336203
vt 0.357023 0.654790
vt 0.588814 0.336203
vt 0.615792 0.264692
vt 0.355269 0.656950
vt 0.615792 0.266919
vt 0.353692 0.659888
vt 0.615792 0.269916
vt 0.352350 0.663490
vt 0.615792 0.273568
vt 0.351296 0.667618
vt 0.615792 0.277735
vt 0.350570 0.672114
vt 0.615792 0.282256
vt 0.350199 0.676805
vt 0.615792 0.286958
vt 0.350199 0.681511
vt 0.615792 0.291660
vt 0.350570 0.686050
vt 0.615792 0.296181
vt 0.351296 0.690249
vt 0.615792 0.300348
vt 0.352350 0.693945
vt 0.615792 0.304000
vt 0.353692 0.696998
vt 0.615792 0.306998
vt 0.355269 0.699289
vt 0.615792 0.309225
vt 0.596193 0.309225
vt 0.357023 0.700731
vt 0.598001 0.309225
vt 0.358884 0.701267
vt 0.599882 0.309225
vt 0.360781 0.700879
vt 0.601763 0.309225
vt 0.603571 0.309225
vt 0.362642 0.699579
vt 0.684721 0.000000
vt 0.364395 0.697420
vt 0.684721 0.002227
vt 0.365973 0.694482
vt 0.684721 0.005224
vt 0.367315 0.690880
vt 0.684721 0.008877
vt 0.368369 0.686751
vt 0.684721 0.013043
vt 0.369095 0.682255
vt 0.684721 0.017565
vt 0.248200 0.000000
vt 0.621908 0.216632
vt 0.533383 0.537343
vt 0.248200 0.662583
vt 0.231743 0.000000
vt 0.621908 0.200174
vt 0.231743 0.662583
vt 0.533383 0.553800
vt 0.215919 0.000000
vt 0.622278 0.184345
vt 0.215919 0.662583
vt 0.533754 0.569630
vt 0.201335 0.000000
vt 0.623005 0.169752
vt 0.201335 0.662583
vt 0.534480 0.584223
vt 0.188553 0.000000
vt 0.624060 0.156957
vt 0.188553 0.662583
vt 0.535535 0.597018
vt 0.178062 0.000000
vt 0.625402 0.146450
vt 0.178062 0.662583
vt 0.536878 0.607524
vt 0.170267 0.000000
vt 0.626981 0.138637
vt 0.170267 0.662583
vt 0.538457 0.615338
vt 0.691404 0.337417
vt 0.165467 0.000000
vt 0.628736 0.133817
vt 0.165467 0.662583
vt 0.691404 1.000000
vt 0.540211 0.620158
vt 0.689523 0.337417
vt 0.630598 0.132175
vt 0.689523 1.000000
vt 0.542074 0.621800
vt 0.165467 0.000000
vt 0.687642 0.337417
vt 0.632497 0.133774
vt 0.687642 1.000000
vt 0.165467 0.662583
vt 0.543973 0.620200
vt 0.160666 0.000000
vt 0.634359 0.138554
vt 0.160666 0.662583
vt 0.545835 0.615421
vt 0.152871 0.000000
vt 0.636114 0.146330
vt 0.152871 0.662583
vt 0.547589 0.607645
vt 0.142381 0.000000
vt 0.637693 0.156803
vt 0.142381 0.662583
vt 0.549168 0.597171
vt 0.129598 0.000000
vt 0.639035 0.169572
vt 0.129598 0.662583
vt 0.550511 0.584403
vt 0.115014 0.000000
vt 0.640090 0.184144
vt 0.115014 0.662583
vt 0.551566 0.569830
vt 0.099190 0.000000
vt 0.640817 0.199962
vt 0.099190 0.662583
vt 0.552293 0.554013
vt 0.082733 0.000000
vt 0.641187 0.216415
vt 0.082733 0.662583
vt 0.552663 0.537560
vt 0.066277 0.000000
vt 0.641187 0.232873
vt 0.066277 0.662583
vt 0.552663 0.521102
vt 0.050452 0.000000
vt 0.640817 0.248702
vt 0.050452 0.662583
vt 0.552293 0.505273
vt 0.035869 0.000000
vt 0.640090 0.263295
vt 0.035869 0.662583
vt 0.551566 0.490680
vt 0.023086 0.000000
vt 0.639035 0.276091
vt 0.023086 0.662583
vt 0.550511 0.477884
vt 0.012595 0.000000
vt 0.637693 0.286597
vt 0.012595 0.662583
vt 0.549168 0.467378
vt 0.004800 0.000000
vt 0.636114 0.294410
vt 0.004800 0.662583
vt 0.547589 0.459565
vt 0.687642 0.337417
vt 0.000000 0.000000
vt 0.634359 0.299231
vt 0.000000 0.662583
vt 0.687642 1.000000
vt 0.545835 0.454744
vt 0.685761 0.337417
vt 0.632497 0.300872
vt 0.685761 1.000000
vt 0.543973 0.453102
vt 0.330933 0.000000
vt 0.683880 0.337417
vt 0.630598 0.299273
vt 0.683880 1.000000
vt 0.330933 0.662583
vt 0.542074 0.454702
vt 0.326133 0.000000
vt 0.628736 0.294493
vt 0.326133 0.662583
vt 0.540211 0.459481
vt 0.318338 0.000000
vt 0.626981 0.286717
vt 0.318338 0.662583
vt 0.538457 0.467257
vt 0.307847 0.000000
vt 0.625402 0.276244
vt 0.307847 0.662583
vt 0.536878 0.477731
vt 0.295065 0.000000
vt 0.624060 0.263476
vt 0.295065 0.662583
vt 0.535535 0.490499
vt 0.280481 0.000000
vt 0.623005 0.248903
vt 0.534480 0.505072
vt 0.280481 0.662583
vt 0.264657 0.000000
vt 0.622278 0.233086
vt 0.533754 0.520889
vt 0.264657 0.662583
vt 0.380573 0.653102
vt 0.664318 0.317872
vt 0.694357 0.017000
vt 0.380573 0.520586
vt 0.383865 0.653102
vt 0.664133 0.321160
vt 0.383865 0.520586
vt 0.694357 0.013707
vt 0.387030 0.653102
vt 0.663770 0.324316
vt 0.387030 0.520586
vt 0.694172 0.010536
vt 0.389946 0.653102
vt 0.663242 0.327219
vt 0.389946 0.520586
vt 0.693809 0.007608
vt 0.392503 0.653102
vt 0.662571 0.329757
vt 0.392503 0.520586
vt 0.693281 0.005035
vt 0.394601 0.653102
vt 0.661782 0.331834
vt 0.394601 0.520586
vt 0.692610 0.002917
vt 0.396160 0.653102
vt 0.660905 0.333369
vt 0.396160 0.520586
vt 0.691821 0.001336
vt 0.708757 0.606316
vt 0.397120 0.653102
vt 0.659974 0.334303
vt 0.397120 0.520586
vt 0.708757 0.473799
vt 0.690944 0.000350
vt 0.709697 0.606316
vt 0.659025 0.334601
vt 0.709697 0.473799
vt 0.690013 0.000000
vt 0.615161 0.469933
vt 0.710637 0.606316
vt 0.658094 0.334250
vt 0.710637 0.473799
vt 0.615161 0.337417
vt 0.689064 0.000298
vt 0.616121 0.469933
vt 0.657217 0.333265
vt 0.616121 0.337417
vt 0.688133 0.001232
vt 0.617680 0.469933
vt 0.656428 0.331683
vt 0.617680 0.337417
vt 0.687256 0.002767
vt 0.619778 0.469933
vt 0.655757 0.329565
vt 0.619778 0.337417
vt 0.686467 0.004844
vt 0.622334 0.469933
vt 0.655230 0.326993
vt 0.622334 0.337417
vt 0.685796 0.007382
vt 0.625251 0.469933
vt 0.654867 0.324065
vt 0.625251 0.337417
vt 0.685269 0.010285
vt 0.628416 0.469933
vt 0.654681 0.320894
vt 0.628416 0.337417
vt 0.684906 0.013441
vt 0.631707 0.469933
vt 0.654681 0.317601
vt 0.631707 0.337417
vt 0.684720 0.016729
vt 0.634999 0.469933
vt 0.654867 0.314314
vt 0.634999 0.337417
vt 0.684720 0.020021
vt 0.638163 0.469933
vt 0.655230 0.311158
vt 0.638163 0.337417
vt 0.684906 0.023193
vt 0.641080 0.469933
vt 0.655757 0.308255
vt 0.641080 0.337417
vt 0.685269 0.026121
vt 0.643637 0.469933
vt 0.656428 0.305716
vt 0.643637 0.337417
vt 0.685796 0.028693
vt 0.645735 0.469933
vt 0.657217 0.303639
vt 0.645735 0.337417
vt 0.686467 0.030811
vt 0.647294 0.469933
vt 0.658094 0.302104
vt 0.647294 0.337417
vt 0.687256 0.032393
vt 0.717543 0.091791
vt 0.648254 0.469933
vt 0.659025 0.301170
vt 0.648254 0.337417
vt 0.717543 0.224308
vt 0.688133 0.033378
vt 0.716603 0.091791
vt 0.659974 0.300872
vt 0.716603 0.224308
vt 0.689064 0.033728
vt 0.364027 0.653102
vt 0.715662 0.091791
vt 0.660905 0.301223
vt 0.715662 0.224308
vt 0.364027 0.520586
vt 0.690013 0.033431
vt 0.364987 0.653102
vt 0.661782 0.302208
vt 0.364987 0.520586
vt 0.690944 0.032496
vt 0.366546 0.653102
vt 0.662571 0.303790
vt 0.366546 0.520586
vt 0.691821 0.030962
vt 0.368644 0.653102
vt 0.663242 0.305908
vt 0.368644 0.520586
vt 0.692610 0.028885
vt 0.371200 0.653102
vt 0.663770 0.308480
vt 0.371200 0.520586
vt 0.693281 0.026346
vt 0.374117 0.653102
vt 0.664133 0.311408
vt 0.693809 0.023443
vt 0.374117 0.520586
vt 0.377282 0.653102
vt 0.664318 0.314580
vt 0.694172 0.020287
vt 0.377282 0.520586
vt 0.581691 0.542646
vt 0.617910 0.264692
vt 0.520074 0.145756
vt 0.581691 0.675162
vt 0.463307 0.520586
vt 0.581315 0.542646
vt 0.618283 0.265020
vt 0.581315 0.675162
vt 0.463307 0.653102
vt 0.520446 0.145428
vt 0.462347 0.520586
vt 0.618633 0.265984
vt 0.462347 0.653102
vt 0.520797 0.144464
vt 0.460788 0.520586
vt 0.618949 0.267547
vt 0.460788 0.653102
vt 0.521113 0.142901
vt 0.458690 0.520586
vt 0.619218 0.269648
vt 0.458689 0.653102
vt 0.521381 0.140800
vt 0.456133 0.520586
vt 0.619429 0.272207
vt 0.456133 0.653102
vt 0.521592 0.138241
vt 0.453216 0.520586
vt 0.619574 0.275126
vt 0.453216 0.653102
vt 0.521738 0.135322
vt 0.450051 0.520586
vt 0.619648 0.278291
vt 0.450051 0.653102
vt 0.521812 0.132156
vt 0.446760 0.520586
vt 0.619648 0.281583
vt 0.446760 0.653102
vt 0.521812 0.128865
vt 0.443469 0.520586
vt 0.619574 0.284874
vt 0.443469 0.653102
vt 0.521738 0.125574
vt 0.440304 0.520586
vt 0.619429 0.288037
vt 0.440304 0.653102
vt 0.521592 0.122410
vt 0.437387 0.520586
vt 0.619218 0.290952
vt 0.437387 0.653102
vt 0.521381 0.119496
vt 0.434831 0.520586
vt 0.618949 0.293505
vt 0.434831 0.653102
vt 0.521113 0.116942
vt 0.432732 0.520586
vt 0.618633 0.295600
vt 0.432732 0.653102
vt 0.520797 0.114848
vt 0.431173 0.520586
vt 0.618282 0.297155
vt 0.431173 0.653102
vt 0.520446 0.113292
vt 0.711390 0.473799
vt 0.430213 0.520586
vt 0.617910 0.298111
vt 0.430213 0.653102
vt 0.711390 0.606316
vt 0.520073 0.112336
vt 0.711013 0.473799
vt 0.617530 0.298431
vt 0.711013 0.606316
vt 0.519694 0.112017
vt 0.364027 0.520586
vt 0.710637 0.473799
vt 0.617158 0.298103
vt 0.710637 0.606316
vt 0.364027 0.653102
vt 0.519321 0.112345
vt 0.363067 0.520586
vt 0.616807 0.297139
vt 0.363067 0.653102
vt 0.518970 0.113309
vt 0.361508 0.520586
vt 0.616491 0.295576
vt 0.361508 0.653102
vt 0.518655 0.114872
vt 0.359410 0.520586
vt 0.616223 0.293475
vt 0.359409 0.653102
vt 0.518386 0.116973
vt 0.356853 0.520586
vt 0.616012 0.290916
vt 0.356853 0.653102
vt 0.518175 0.119532
vt 0.353936 0.520586
vt 0.615866 0.287997
vt 0.353936 0.653102
vt 0.518030 0.122451
vt 0.350771 0.520586
vt 0.615792 0.284831
vt 0.350771 0.653102
vt 0.517956 0.125616
vt 0.347480 0.520586
vt 0.615792 0.281540
vt 0.347480 0.653102
vt 0.517956 0.128908
vt 0.344189 0.520586
vt 0.615866 0.278249
vt 0.344189 0.653102
vt 0.518030 0.132199
vt 0.341024 0.520586
vt 0.616012 0.275085
vt 0.341024 0.653102
vt 0.518175 0.135362
vt 0.338107 0.520586
vt 0.616223 0.272171
vt 0.338107 0.653102
vt 0.518386 0.138277
vt 0.335551 0.520586
vt 0.616491 0.269617
vt 0.335551 0.653102
vt 0.518655 0.140830
vt 0.333452 0.520586
vt 0.616807 0.267523
vt 0.333452 0.653102
vt 0.518970 0.142925
vt 0.331893 0.520586
vt 0.617158 0.265967
vt 0.519321 0.144480
vt 0.331893 0.653102
vt 0.582067 0.542646
vt 0.330933 0.520586
vt 0.617530 0.265011
vt 0.519694 0.145436
vt 0.330933 0.653102
vt 0.582067 0.675162
vt 0.557364 0.115029
vt 0.557364 0.118042
vt 0.535357 0.337404
vt 0.535299 0.329685
vt 0.535220 0.319141
vt 0.535141 0.308597
vt 0.535083 0.300878
vt 0.558801 0.127682
vt 0.558801 0.124670
vt 0.558801 0.121657
vt 0.578464 0.168700
vt 0.578522 0.160981
vt 0.578601 0.150438
vt 0.578680 0.139894
vt 0.578738 0.132175
vt 0.557364 0.112017
vt 0.643036 0.679015
vt 0.558937 0.115029
vt 0.558895 0.118042
vt 0.533819 0.336537
vt 0.646048 0.676213
vt 0.533877 0.328884
vt 0.533956 0.318429
vt 0.534035 0.307974
vt 0.693982 0.225508
vt 0.557815 0.127682
vt 0.534093 0.300320
vt 0.557858 0.124670
vt 0.696995 0.222707
vt 0.700007 0.225508
vt 0.557815 0.121657
vt 0.577474 0.169258
vt 0.577416 0.161605
vt 0.577337 0.151150
vt 0.577258 0.140695
vt 0.577200 0.133041
vt 0.558895 0.112017
vt 0.640023 0.676213
vt 0.643036 0.676324
vt 0.532295 0.333930
vt 0.646048 0.673595
vt 0.532468 0.326473
vt 0.532703 0.316286
vt 0.532939 0.306099
vt 0.693982 0.223822
vt 0.533111 0.298641
vt 0.696995 0.221093
vt 0.700007 0.223822
vt 0.576492 0.170938
vt 0.576320 0.163480
vt 0.576084 0.153293
vt 0.575849 0.143106
vt 0.575676 0.135649
vt 0.640023 0.673595
vt 0.643036 0.671890
vt 0.530810 0.329626
vt 0.646048 0.669280
vt 0.531094 0.322493
vt 0.648254 0.662149
vt 0.531483 0.312748
vt 0.691777 0.228174
vt 0.531871 0.303003
vt 0.532155 0.295869
vt 0.693982 0.221043
vt 0.696995 0.218432
vt 0.575536 0.173709
vt 0.700007 0.221043
vt 0.702213 0.228174
vt 0.575252 0.166576
vt 0.574864 0.156831
vt 0.574475 0.147086
vt 0.637818 0.662149
vt 0.574191 0.139952
vt 0.640023 0.669280
vt 0.643036 0.665790
vt 0.646048 0.663343
vt 0.529781 0.317012
vt 0.648254 0.656658
vt 0.530315 0.307876
vt 0.691777 0.223904
vt 0.530849 0.298740
vt 0.693982 0.217219
vt 0.696995 0.214772
vt 0.700007 0.217219
vt 0.702213 0.223904
vt 0.574230 0.170838
vt 0.573696 0.161702
vt 0.573162 0.152567
vt 0.637818 0.656658
vt 0.640023 0.663343
vt 0.643036 0.658127
vt 0.646048 0.655886
vt 0.528550 0.310125
vt 0.648254 0.649762
vt 0.529221 0.301754
vt 0.691777 0.218540
vt 0.529892 0.293383
vt 0.693982 0.212416
vt 0.696995 0.210175
vt 0.700007 0.212416
vt 0.702213 0.218540
vt 0.573273 0.176195
vt 0.572602 0.167825
vt 0.571931 0.159454
vt 0.637818 0.649762
vt 0.640023 0.655886
vt 0.643036 0.649033
vt 0.646048 0.647035
vt 0.527422 0.301948
vt 0.648254 0.641577
vt 0.528218 0.294486
vt 0.691777 0.212174
vt 0.529014 0.287024
vt 0.693982 0.206716
vt 0.696995 0.204718
vt 0.700007 0.206716
vt 0.702213 0.212174
vt 0.572395 0.182555
vt 0.571599 0.175093
vt 0.570803 0.167630
vt 0.637818 0.641577
vt 0.640023 0.647035
vt 0.643036 0.638663
vt 0.646048 0.636943
vt 0.526417 0.292623
vt 0.648254 0.632244
vt 0.527325 0.286197
vt 0.691777 0.204915
vt 0.528233 0.279771
vt 0.693982 0.200216
vt 0.696995 0.198496
vt 0.700007 0.200216
vt 0.702213 0.204915
vt 0.571613 0.189808
vt 0.570706 0.183382
vt 0.569798 0.176956
vt 0.637818 0.632244
vt 0.640023 0.636943
vt 0.643036 0.627195
vt 0.646048 0.625783
vt 0.525551 0.282308
vt 0.648254 0.621923
vt 0.526555 0.277028
vt 0.691777 0.196888
vt 0.527559 0.271748
vt 0.693982 0.193028
vt 0.696995 0.191615
vt 0.700007 0.193028
vt 0.702213 0.196888
vt 0.570940 0.197831
vt 0.569936 0.192551
vt 0.568932 0.187271
vt 0.637818 0.621923
vt 0.640023 0.625783
vt 0.643036 0.614825
vt 0.646048 0.613744
vt 0.524840 0.271179
vt 0.648254 0.610790
vt 0.525923 0.267136
vt 0.691777 0.188229
vt 0.527007 0.263093
vt 0.693982 0.185275
vt 0.696995 0.184193
vt 0.700007 0.185275
vt 0.702213 0.188229
vt 0.570387 0.206486
vt 0.569304 0.202443
vt 0.568221 0.198399
vt 0.637818 0.610790
vt 0.640023 0.613744
vt 0.643036 0.601765
vt 0.646048 0.601033
vt 0.524296 0.259429
vt 0.648254 0.599035
vt 0.525440 0.256691
vt 0.691777 0.179086
vt 0.526583 0.253953
vt 0.693982 0.177088
vt 0.696995 0.176357
vt 0.700007 0.177088
vt 0.702213 0.179086
vt 0.569964 0.215625
vt 0.568821 0.212888
vt 0.567677 0.210150
vt 0.637818 0.599035
vt 0.640023 0.601033
vt 0.643036 0.588237
vt 0.646048 0.587868
vt 0.523928 0.247256
vt 0.648254 0.586861
vt 0.525113 0.245871
vt 0.691777 0.169617
vt 0.526297 0.244486
vt 0.693982 0.168609
vt 0.696995 0.168240
vt 0.700007 0.168609
vt 0.702213 0.169617
vt 0.569678 0.225093
vt 0.568494 0.223708
vt 0.567309 0.222322
vt 0.637818 0.586861
vt 0.640023 0.587868
vt 0.643036 0.574474
vt 0.646048 0.574474
vt 0.648254 0.574474
vt 0.523743 0.234871
vt 0.524948 0.234862
vt 0.526153 0.234853
vt 0.691777 0.159983
vt 0.693982 0.159983
vt 0.696995 0.159983
vt 0.700007 0.159983
vt 0.569534 0.234726
vt 0.702213 0.159983
vt 0.568329 0.234717
vt 0.637818 0.574474
vt 0.567124 0.234708
vt 0.640023 0.574474
vt 0.643036 0.560711
vt 0.646048 0.561080
vt 0.648254 0.562087
vt 0.523743 0.222483
vt 0.524948 0.223851
vt 0.526153 0.225218
vt 0.691777 0.150349
vt 0.693982 0.151356
vt 0.696995 0.151725
vt 0.700007 0.151356
vt 0.569534 0.244361
vt 0.702213 0.150349
vt 0.568329 0.245728
vt 0.637818 0.562087
vt 0.567124 0.247095
vt 0.640023 0.561080
vt 0.643036 0.547183
vt 0.646048 0.547915
vt 0.648254 0.549912
vt 0.523928 0.210307
vt 0.525113 0.213027
vt 0.526297 0.215747
vt 0.691777 0.140879
vt 0.693982 0.142877
vt 0.696995 0.143608
vt 0.700007 0.142877
vt 0.569678 0.253831
vt 0.702213 0.140879
vt 0.568494 0.256551
vt 0.637818 0.549912
vt 0.567309 0.259272
vt 0.640023 0.547915
vt 0.643036 0.534123
vt 0.646048 0.535204
vt 0.648254 0.538158
vt 0.524296 0.198549
vt 0.525440 0.202576
vt 0.526583 0.206603
vt 0.691777 0.131737
vt 0.693982 0.134691
vt 0.696995 0.135772
vt 0.700007 0.134691
vt 0.569964 0.262976
vt 0.702213 0.131737
vt 0.568821 0.267003
vt 0.637818 0.538158
vt 0.567677 0.271029
vt 0.640023 0.535204
vt 0.643036 0.521753
vt 0.646048 0.523165
vt 0.648254 0.527025
vt 0.524840 0.187412
vt 0.525924 0.192676
vt 0.527007 0.197940
vt 0.691777 0.123078
vt 0.693982 0.126937
vt 0.696995 0.128350
vt 0.700007 0.126937
vt 0.570388 0.271638
vt 0.702213 0.123078
vt 0.569304 0.276903
vt 0.637818 0.527025
vt 0.568221 0.282167
vt 0.640023 0.523165
vt 0.643036 0.510284
vt 0.646048 0.512004
vt 0.648254 0.516703
vt 0.525551 0.177085
vt 0.526555 0.183496
vt 0.527559 0.189908
vt 0.691777 0.115050
vt 0.693982 0.119749
vt 0.696995 0.121469
vt 0.700007 0.119749
vt 0.570940 0.279671
vt 0.702213 0.115050
vt 0.569936 0.286082
vt 0.637818 0.516703
vt 0.568932 0.292494
vt 0.640023 0.512004
vt 0.643036 0.499915
vt 0.646048 0.501912
vt 0.648254 0.507371
vt 0.526417 0.167745
vt 0.527325 0.175195
vt 0.528233 0.182644
vt 0.691777 0.107791
vt 0.693982 0.113249
vt 0.696995 0.115247
vt 0.700007 0.113249
vt 0.571614 0.286935
vt 0.702213 0.107791
vt 0.570706 0.294384
vt 0.637818 0.507371
vt 0.569798 0.301833
vt 0.640023 0.501912
vt 0.643036 0.490821
vt 0.646048 0.493062
vt 0.648254 0.499186
vt 0.527422 0.159553
vt 0.528218 0.167912
vt 0.529014 0.176272
vt 0.691777 0.101425
vt 0.693982 0.107549
vt 0.696995 0.109791
vt 0.700007 0.107549
vt 0.572395 0.293306
vt 0.702213 0.101425
vt 0.571599 0.301666
vt 0.637818 0.499186
vt 0.570803 0.310026
vt 0.640023 0.493062
vt 0.643036 0.483158
vt 0.646048 0.485605
vt 0.648254 0.492289
vt 0.528550 0.152648
vt 0.529221 0.161775
vt 0.529892 0.170901
vt 0.691777 0.096061
vt 0.693982 0.102746
vt 0.696995 0.105193
vt 0.700007 0.102746
vt 0.573273 0.298677
vt 0.702213 0.096061
vt 0.572602 0.307804
vt 0.637818 0.492289
vt 0.571931 0.316931
vt 0.640023 0.485605
vt 0.643036 0.477058
vt 0.646048 0.479668
vt 0.529390 0.140020
vt 0.648254 0.486799
vt 0.529781 0.147148
vt 0.530315 0.156886
vt 0.691777 0.091791
vt 0.530849 0.166624
vt 0.531240 0.173753
vt 0.693982 0.098923
vt 0.696995 0.101533
vt 0.574621 0.295826
vt 0.700007 0.098923
vt 0.702213 0.091791
vt 0.574230 0.302955
vt 0.573696 0.312693
vt 0.637818 0.486799
vt 0.573162 0.322430
vt 0.640023 0.479668
vt 0.572771 0.329559
vt 0.643036 0.472624
vt 0.646048 0.475353
vt 0.530810 0.135694
vt 0.531095 0.143148
vt 0.531483 0.153330
vt 0.531871 0.163513
vt 0.532155 0.170967
vt 0.693982 0.096144
vt 0.696995 0.098873
vt 0.575536 0.298612
vt 0.700007 0.096144
vt 0.575252 0.306066
vt 0.574864 0.316248
vt 0.574476 0.326431
vt 0.640023 0.475353
vt 0.574191 0.333885
vt 0.643036 0.469933
vt 0.520434 0.195822
vt 0.520476 0.198835
vt 0.646048 0.472734
vt 0.532295 0.133064
vt 0.532468 0.140716
vt 0.532703 0.151169
vt 0.532939 0.161621
vt 0.533111 0.169273
vt 0.693982 0.094457
vt 0.561759 0.127682
vt 0.561717 0.124670
vt 0.696995 0.097258
vt 0.700007 0.094457
vt 0.576492 0.300306
vt 0.561759 0.121657
vt 0.576320 0.307957
vt 0.576084 0.318410
vt 0.575849 0.328863
vt 0.520476 0.192810
vt 0.640023 0.472734
vt 0.575676 0.336514
vt 0.522007 0.195822
vt 0.533819 0.132175
vt 0.522007 0.198835
vt 0.533877 0.139894
vt 0.533956 0.150438
vt 0.534035 0.160982
vt 0.560773 0.127682
vt 0.534093 0.168700
vt 0.560773 0.124670
vt 0.560773 0.121657
vt 0.577474 0.300878
vt 0.577416 0.308597
vt 0.577337 0.319141
vt 0.577258 0.329685
vt 0.577200 0.337404
vt 0.522007 0.192810
vt 0.646405 0.300872
vt 0.523580 0.195822
vt 0.523537 0.198835
vt 0.535357 0.133041
vt 0.649418 0.298071
vt 0.535299 0.140695
vt 0.535220 0.151150
vt 0.535141 0.161605
vt 0.703249 0.471134
vt 0.559787 0.127682
vt 0.535083 0.169258
vt 0.559829 0.124670
vt 0.706262 0.468332
vt 0.709275 0.471134
vt 0.559787 0.121657
vt 0.578464 0.300320
vt 0.578522 0.307974
vt 0.578601 0.318429
vt 0.578680 0.328884
vt 0.578738 0.336537
vt 0.523537 0.192810
vt 0.643393 0.298071
vt 0.646405 0.298182
vt 0.536881 0.135649
vt 0.649418 0.295453
vt 0.536708 0.143106
vt 0.536473 0.153293
vt 0.536237 0.163480
vt 0.703249 0.469447
vt 0.536065 0.170938
vt 0.706262 0.466718
vt 0.709275 0.469447
vt 0.579446 0.298641
vt 0.579618 0.306099
vt 0.579854 0.316286
vt 0.580089 0.326473
vt 0.580262 0.333930
vt 0.643393 0.295453
vt 0.646405 0.293748
vt 0.538366 0.139952
vt 0.649418 0.291138
vt 0.538082 0.147086
vt 0.651623 0.284007
vt 0.537694 0.156831
vt 0.701044 0.473799
vt 0.537305 0.166576
vt 0.537021 0.173709
vt 0.703249 0.466668
vt 0.706262 0.464058
vt 0.580402 0.295869
vt 0.709275 0.466668
vt 0.711480 0.473799
vt 0.580686 0.303003
vt 0.581074 0.312748
vt 0.581463 0.322493
vt 0.641187 0.284007
vt 0.581747 0.329626
vt 0.643393 0.291138
vt 0.646405 0.287648
vt 0.649418 0.285201
vt 0.539395 0.152567
vt 0.651623 0.278516
vt 0.538861 0.161702
vt 0.701044 0.469529
vt 0.538327 0.170838
vt 0.703249 0.462844
vt 0.706262 0.460398
vt 0.709275 0.462844
vt 0.711480 0.469529
vt 0.581708 0.298740
vt 0.582242 0.307876
vt 0.582776 0.317012
vt 0.641187 0.278516
vt 0.643393 0.285201
vt 0.646405 0.279985
vt 0.649418 0.277744
vt 0.540626 0.159454
vt 0.651623 0.271620
vt 0.539955 0.167825
vt 0.701044 0.464165
vt 0.539285 0.176195
vt 0.703249 0.458042
vt 0.706262 0.455800
vt 0.709275 0.458042
vt 0.711480 0.464165
vt 0.582665 0.293383
vt 0.583336 0.301754
vt 0.584007 0.310125
vt 0.641187 0.271620
vt 0.643393 0.277744
vt 0.646405 0.270891
vt 0.649418 0.268893
vt 0.541754 0.167630
vt 0.651623 0.263435
vt 0.540958 0.175093
vt 0.701044 0.457800
vt 0.540162 0.182555
vt 0.703249 0.452341
vt 0.706262 0.450344
vt 0.709275 0.452341
vt 0.711480 0.457800
vt 0.583543 0.287024
vt 0.584339 0.294486
vt 0.585135 0.301948
vt 0.641187 0.263435
vt 0.643393 0.268893
vt 0.646405 0.260521
vt 0.649418 0.258801
vt 0.542759 0.176956
vt 0.651623 0.254102
vt 0.541852 0.183382
vt 0.701044 0.450541
vt 0.540944 0.189808
vt 0.703249 0.445842
vt 0.706262 0.444122
vt 0.709275 0.445842
vt 0.711480 0.450541
vt 0.584325 0.279771
vt 0.585232 0.286197
vt 0.586140 0.292623
vt 0.641187 0.254102
vt 0.643393 0.258801
vt 0.646405 0.249053
vt 0.649418 0.247641
vt 0.543625 0.187271
vt 0.651623 0.243781
vt 0.542621 0.192551
vt 0.701044 0.442513
vt 0.541617 0.197831
vt 0.703249 0.438653
vt 0.706262 0.437241
vt 0.709275 0.438653
vt 0.711480 0.442513
vt 0.584998 0.271748
vt 0.586002 0.277028
vt 0.587006 0.282308
vt 0.641187 0.243781
vt 0.643393 0.247641
vt 0.646405 0.236683
vt 0.649418 0.235602
vt 0.544336 0.198399
vt 0.651623 0.232648
vt 0.543253 0.202443
vt 0.701044 0.433854
vt 0.542170 0.206486
vt 0.703249 0.430900
vt 0.706262 0.429819
vt 0.709275 0.430900
vt 0.711480 0.433854
vt 0.585551 0.263093
vt 0.586634 0.267136
vt 0.587717 0.271179
vt 0.641187 0.232648
vt 0.643393 0.235602
vt 0.646405 0.223622
vt 0.649418 0.222891
vt 0.544880 0.210150
vt 0.651623 0.220893
vt 0.543736 0.212888
vt 0.701044 0.424711
vt 0.542593 0.215625
vt 0.703249 0.422714
vt 0.706262 0.421982
vt 0.709275 0.422714
vt 0.711480 0.424711
vt 0.585974 0.253953
vt 0.587117 0.256691
vt 0.588261 0.259429
vt 0.641187 0.220893
vt 0.643393 0.222891
vt 0.646405 0.210095
vt 0.649418 0.209726
vt 0.545248 0.222322
vt 0.651623 0.208719
vt 0.544063 0.223708
vt 0.701044 0.415242
vt 0.542879 0.225093
vt 0.703249 0.414235
vt 0.706262 0.413866
vt 0.709275 0.414235
vt 0.711480 0.415242
vt 0.586260 0.244486
vt 0.587444 0.245871
vt 0.588629 0.247256
vt 0.641187 0.208719
vt 0.643393 0.209726
vt 0.646405 0.196332
vt 0.649418 0.196332
vt 0.651623 0.196332
vt 0.545433 0.234708
vt 0.544228 0.234717
vt 0.543023 0.234726
vt 0.701044 0.405608
vt 0.703249 0.405608
vt 0.706262 0.405608
vt 0.709275 0.405608
vt 0.586404 0.234852
vt 0.711480 0.405608
vt 0.587609 0.234862
vt 0.641187 0.196332
vt 0.588814 0.234871
vt 0.643393 0.196332
vt 0.646405 0.182569
vt 0.649418 0.182938
vt 0.651623 0.183945
vt 0.545433 0.247095
vt 0.544228 0.245728
vt 0.543023 0.244361
vt 0.701044 0.395974
vt 0.703249 0.396981
vt 0.706262 0.397350
vt 0.709275 0.396981
vt 0.586404 0.225218
vt 0.711480 0.395974
vt 0.587609 0.223851
vt 0.641187 0.183945
vt 0.588814 0.222483
vt 0.643393 0.182938
vt 0.646405 0.169041
vt 0.649418 0.169773
vt 0.651623 0.171770
vt 0.545248 0.259272
vt 0.544063 0.256551
vt 0.542879 0.253831
vt 0.701044 0.386505
vt 0.703249 0.388502
vt 0.706262 0.389234
vt 0.709275 0.388502
vt 0.586260 0.215748
vt 0.711480 0.386505
vt 0.587444 0.213027
vt 0.641187 0.171770
vt 0.588629 0.210307
vt 0.643393 0.169773
vt 0.646405 0.155981
vt 0.649418 0.157062
vt 0.651623 0.160016
vt 0.544880 0.271029
vt 0.543736 0.267003
vt 0.542593 0.262976
vt 0.701044 0.377362
vt 0.703249 0.380316
vt 0.706262 0.381397
vt 0.709275 0.380316
vt 0.585974 0.206603
vt 0.711480 0.377362
vt 0.587117 0.202576
vt 0.641187 0.160016
vt 0.588261 0.198549
vt 0.643393 0.157062
vt 0.646405 0.143611
vt 0.649418 0.145023
vt 0.651623 0.148883
vt 0.544336 0.282167
vt 0.543253 0.276903
vt 0.542170 0.271639
vt 0.701044 0.368703
vt 0.703249 0.372563
vt 0.706262 0.373975
vt 0.709275 0.372563
vt 0.585551 0.197940
vt 0.711480 0.368703
vt 0.586634 0.192676
vt 0.641187 0.148883
vt 0.587717 0.187412
vt 0.643393 0.145023
vt 0.646405 0.132142
vt 0.649418 0.133862
vt 0.651623 0.138561
vt 0.543625 0.292494
vt 0.542621 0.286082
vt 0.541617 0.279671
vt 0.701044 0.360675
vt 0.703249 0.365374
vt 0.706262 0.367094
vt 0.709275 0.365374
vt 0.584998 0.189908
vt 0.711480 0.360675
vt 0.586002 0.183496
vt 0.641187 0.138561
vt 0.587006 0.177085
vt 0.643393 0.133862
vt 0.646405 0.121773
vt 0.649418 0.123770
vt 0.651623 0.129229
vt 0.542759 0.301833
vt 0.541852 0.294384
vt 0.540944 0.286935
vt 0.701044 0.353417
vt 0.703249 0.358875
vt 0.706262 0.360873
vt 0.709275 0.358875
vt 0.584325 0.182644
vt 0.711480 0.353417
vt 0.585232 0.175195
vt 0.641187 0.129229
vt 0.586140 0.167745
vt 0.643393 0.123770
vt 0.646405 0.112679
vt 0.649418 0.114920
vt 0.651623 0.121044
vt 0.541754 0.310026
vt 0.540958 0.301666
vt 0.540162 0.293307
vt 0.701044 0.347051
vt 0.703249 0.353175
vt 0.706262 0.355416
vt 0.709275 0.353175
vt 0.583543 0.176272
vt 0.711480 0.347051
vt 0.584339 0.167912
vt 0.641187 0.121044
vt 0.585135 0.159553
vt 0.643393 0.114920
vt 0.646405 0.105016
vt 0.649418 0.107463
vt 0.651623 0.114147
vt 0.540626 0.316931
vt 0.539955 0.307804
vt 0.539284 0.298677
vt 0.701044 0.341687
vt 0.703249 0.348372
vt 0.706262 0.350818
vt 0.709275 0.348372
vt 0.582665 0.170901
vt 0.711480 0.341687
vt 0.583336 0.161775
vt 0.641187 0.114147
vt 0.584007 0.152648
vt 0.643393 0.107463
vt 0.646405 0.098916
vt 0.649418 0.101526
vt 0.539786 0.329559
vt 0.651623 0.108657
vt 0.539395 0.322430
vt 0.538861 0.312693
vt 0.701044 0.337417
vt 0.538327 0.302955
vt 0.537936 0.295826
vt 0.703249 0.344548
vt 0.706262 0.347158
vt 0.581317 0.173753
vt 0.709275 0.344548
vt 0.711480 0.337417
vt 0.581708 0.166624
vt 0.582242 0.156886
vt 0.641187 0.108657
vt 0.582776 0.147148
vt 0.643393 0.101526
vt 0.583167 0.140020
vt 0.646405 0.094482
vt 0.649418 0.097211
vt 0.538366 0.333885
vt 0.538082 0.326431
vt 0.537693 0.316248
vt 0.537305 0.306066
vt 0.537021 0.298612
vt 0.703249 0.341769
vt 0.706262 0.344498
vt 0.580402 0.170967
vt 0.709275 0.341769
vt 0.580686 0.163513
vt 0.581074 0.153330
vt 0.581463 0.143148
vt 0.643393 0.097211
vt 0.581747 0.135694
vt 0.646405 0.091791
vt 0.555791 0.115029
vt 0.555833 0.118042
vt 0.649418 0.094592
vt 0.536881 0.336514
vt 0.536708 0.328863
vt 0.536473 0.318410
vt 0.536237 0.307957
vt 0.536065 0.300306
vt 0.703249 0.340083
vt 0.559787 0.127682
vt 0.559745 0.124670
vt 0.706262 0.342884
vt 0.709275 0.340083
vt 0.579446 0.169273
vt 0.559787 0.121657
vt 0.579618 0.161621
vt 0.579854 0.151169
vt 0.580089 0.140716
vt 0.555833 0.112017
vt 0.643393 0.094592
vt 0.580262 0.133064
vt 0.518861 0.195822
vt 0.518861 0.198835
vt 0.557047 0.337404
vt 0.556989 0.329685
vt 0.556910 0.319141
vt 0.556831 0.308597
vt 0.556774 0.300878
vt 0.559923 0.118042
vt 0.559923 0.115029
vt 0.559923 0.112017
vt 0.571717 0.373942
vt 0.571775 0.366223
vt 0.571854 0.355679
vt 0.571933 0.345135
vt 0.571990 0.337417
vt 0.518861 0.192809
vt 0.667278 0.300872
vt 0.520434 0.195822
vt 0.520392 0.198835
vt 0.555510 0.336537
vt 0.670290 0.298071
vt 0.555568 0.328884
vt 0.555647 0.318429
vt 0.555726 0.307974
vt 0.568607 0.545311
vt 0.558937 0.118042
vt 0.555783 0.300320
vt 0.558979 0.115029
vt 0.565595 0.548113
vt 0.562582 0.545311
vt 0.558937 0.112017
vt 0.570727 0.374500
vt 0.570669 0.366846
vt 0.570590 0.356392
vt 0.570511 0.345937
vt 0.570453 0.338283
vt 0.520392 0.192809
vt 0.664265 0.298071
vt 0.667278 0.298182
vt 0.553986 0.333930
vt 0.670290 0.295453
vt 0.554158 0.326473
vt 0.554394 0.316286
vt 0.554629 0.306099
vt 0.568607 0.546998
vt 0.554802 0.298641
vt 0.565595 0.549727
vt 0.562582 0.546998
vt 0.569745 0.376179
vt 0.569573 0.368722
vt 0.569337 0.358535
vt 0.569102 0.348348
vt 0.568929 0.340890
vt 0.664265 0.295453
vt 0.667278 0.293748
vt 0.552501 0.329626
vt 0.670290 0.291138
vt 0.552785 0.322493
vt 0.672496 0.284007
vt 0.553173 0.312748
vt 0.570813 0.542646
vt 0.553561 0.303003
vt 0.553845 0.295869
vt 0.568607 0.549777
vt 0.565595 0.552387
vt 0.568789 0.378951
vt 0.562582 0.549777
vt 0.560377 0.542646
vt 0.568505 0.371817
vt 0.568116 0.362073
vt 0.567728 0.352328
vt 0.662060 0.284007
vt 0.567444 0.345194
vt 0.664265 0.291138
vt 0.667278 0.287648
vt 0.670290 0.285201
vt 0.551472 0.317012
vt 0.672496 0.278516
vt 0.552006 0.307876
vt 0.570813 0.546916
vt 0.552540 0.298740
vt 0.568607 0.553601
vt 0.565595 0.556047
vt 0.562582 0.553601
vt 0.560377 0.546916
vt 0.567483 0.376080
vt 0.566949 0.366944
vt 0.566415 0.357808
vt 0.662060 0.278516
vt 0.664265 0.285201
vt 0.667278 0.279985
vt 0.670290 0.277744
vt 0.550240 0.310125
vt 0.672496 0.271620
vt 0.550911 0.301754
vt 0.570813 0.552280
vt 0.551582 0.293383
vt 0.568607 0.558404
vt 0.565595 0.560645
vt 0.562582 0.558404
vt 0.560377 0.552280
vt 0.566525 0.381437
vt 0.565855 0.373066
vt 0.565184 0.364696
vt 0.662060 0.271620
vt 0.664265 0.277744
vt 0.667278 0.270891
vt 0.670290 0.268893
vt 0.549112 0.301948
vt 0.672496 0.263435
vt 0.549909 0.294486
vt 0.570813 0.558646
vt 0.550705 0.287024
vt 0.568607 0.564104
vt 0.565595 0.566101
vt 0.562582 0.564104
vt 0.560377 0.558646
vt 0.565648 0.387796
vt 0.564852 0.380334
vt 0.564056 0.372872
vt 0.662060 0.263435
vt 0.664265 0.268893
vt 0.667278 0.260521
vt 0.670290 0.258801
vt 0.548107 0.292623
vt 0.672496 0.254102
vt 0.549015 0.286197
vt 0.570813 0.565904
vt 0.549923 0.279771
vt 0.568607 0.570603
vt 0.565595 0.572323
vt 0.562582 0.570603
vt 0.560377 0.565904
vt 0.564866 0.395050
vt 0.563958 0.388624
vt 0.563051 0.382198
vt 0.662060 0.254102
vt 0.664265 0.258801
vt 0.667278 0.249053
vt 0.670290 0.247641
vt 0.547242 0.282308
vt 0.672496 0.243781
vt 0.548246 0.277028
vt 0.570813 0.573932
vt 0.549250 0.271748
vt 0.568607 0.577792
vt 0.565595 0.579204
vt 0.562582 0.577792
vt 0.560377 0.573932
vt 0.564193 0.403072
vt 0.563189 0.397793
vt 0.562185 0.392513
vt 0.662060 0.243781
vt 0.664265 0.247641
vt 0.667278 0.236683
vt 0.670290 0.235602
vt 0.546531 0.271179
vt 0.672496 0.232648
vt 0.547614 0.267136
vt 0.570813 0.582591
vt 0.548697 0.263093
vt 0.568607 0.585545
vt 0.565595 0.586626
vt 0.562582 0.585545
vt 0.560377 0.582591
vt 0.563640 0.411728
vt 0.562557 0.407684
vt 0.561474 0.403641
vt 0.662060 0.232648
vt 0.664265 0.235602
vt 0.667278 0.223622
vt 0.670290 0.222891
vt 0.545987 0.259429
vt 0.672496 0.220893
vt 0.547130 0.256691
vt 0.570813 0.591734
vt 0.548274 0.253953
vt 0.568607 0.593731
vt 0.565595 0.594463
vt 0.562582 0.593731
vt 0.560377 0.591734
vt 0.563217 0.420867
vt 0.562074 0.418129
vt 0.560930 0.415392
vt 0.662060 0.220893
vt 0.664265 0.222891
vt 0.667278 0.210095
vt 0.670290 0.209726
vt 0.545619 0.247256
vt 0.672496 0.208719
vt 0.546803 0.245871
vt 0.570813 0.601203
vt 0.547988 0.244486
vt 0.568607 0.602210
vt 0.565595 0.602579
vt 0.562582 0.602210
vt 0.560377 0.601203
vt 0.562931 0.430335
vt 0.561747 0.428949
vt 0.560562 0.427564
vt 0.662060 0.208719
vt 0.664265 0.209726
vt 0.667278 0.196332
vt 0.670290 0.196332
vt 0.672496 0.196332
vt 0.545433 0.234871
vt 0.546638 0.234862
vt 0.547843 0.234853
vt 0.570813 0.610837
vt 0.568607 0.610837
vt 0.565595 0.610837
vt 0.562582 0.610837
vt 0.562787 0.439968
vt 0.560377 0.610837
vt 0.561582 0.439959
vt 0.662060 0.196332
vt 0.560377 0.439950
vt 0.664265 0.196332
vt 0.667278 0.182569
vt 0.670290 0.182938
vt 0.672496 0.183945
vt 0.545433 0.222483
vt 0.546638 0.223851
vt 0.547843 0.225218
vt 0.570813 0.620471
vt 0.568607 0.619464
vt 0.565595 0.619095
vt 0.562582 0.619464
vt 0.562787 0.449602
vt 0.560377 0.620471
vt 0.561582 0.450970
vt 0.662060 0.183945
vt 0.560377 0.452337
vt 0.664265 0.182938
vt 0.667278 0.169041
vt 0.670290 0.169773
vt 0.672496 0.171770
vt 0.545619 0.210307
vt 0.546803 0.213027
vt 0.547988 0.215747
vt 0.570813 0.629940
vt 0.568607 0.627943
vt 0.565595 0.627211
vt 0.562582 0.627943
vt 0.562931 0.459073
vt 0.560377 0.629940
vt 0.561747 0.461793
vt 0.662060 0.171770
vt 0.560562 0.464513
vt 0.664265 0.169773
vt 0.667278 0.155981
vt 0.670290 0.157062
vt 0.672496 0.160016
vt 0.545987 0.198549
vt 0.547130 0.202576
vt 0.548274 0.206603
vt 0.570813 0.639083
vt 0.568607 0.636129
vt 0.565595 0.635048
vt 0.562582 0.636129
vt 0.563217 0.468218
vt 0.560377 0.639083
vt 0.562074 0.472244
vt 0.662060 0.160016
vt 0.560930 0.476271
vt 0.664265 0.157062
vt 0.667278 0.143611
vt 0.670290 0.145023
vt 0.672496 0.148883
vt 0.546531 0.187412
vt 0.547614 0.192676
vt 0.548697 0.197940
vt 0.570813 0.647742
vt 0.568607 0.643882
vt 0.565595 0.642470
vt 0.562582 0.643882
vt 0.563640 0.476880
vt 0.560377 0.647742
vt 0.562557 0.482144
vt 0.662060 0.148883
vt 0.561474 0.487409
vt 0.664265 0.145023
vt 0.667278 0.132142
vt 0.670290 0.133862
vt 0.672496 0.138561
vt 0.547242 0.177085
vt 0.548246 0.183496
vt 0.549250 0.189908
vt 0.570813 0.655770
vt 0.568607 0.651071
vt 0.565595 0.649351
vt 0.562582 0.651071
vt 0.564193 0.484912
vt 0.560377 0.655770
vt 0.563189 0.491324
vt 0.662060 0.138561
vt 0.562185 0.497736
vt 0.664265 0.133862
vt 0.667278 0.121773
vt 0.670290 0.123770
vt 0.672496 0.129229
vt 0.548107 0.167745
vt 0.549015 0.175195
vt 0.549923 0.182644
vt 0.570813 0.663028
vt 0.568607 0.657570
vt 0.565595 0.655573
vt 0.562582 0.657570
vt 0.564866 0.492176
vt 0.560377 0.663028
vt 0.563958 0.499626
vt 0.662060 0.129229
vt 0.563051 0.507075
vt 0.664265 0.123770
vt 0.667278 0.112679
vt 0.670290 0.114920
vt 0.672496 0.121044
vt 0.549112 0.159553
vt 0.549909 0.167912
vt 0.550705 0.176272
vt 0.570813 0.669394
vt 0.568607 0.663270
vt 0.565595 0.661029
vt 0.562582 0.663270
vt 0.565648 0.498548
vt 0.560377 0.669394
vt 0.564852 0.506908
vt 0.662060 0.121044
vt 0.564056 0.515267
vt 0.664265 0.114920
vt 0.667278 0.105016
vt 0.670290 0.107463
vt 0.672496 0.114147
vt 0.550240 0.152648
vt 0.550911 0.161775
vt 0.551582 0.170901
vt 0.570813 0.674758
vt 0.568607 0.668073
vt 0.565595 0.665627
vt 0.562582 0.668073
vt 0.566526 0.503919
vt 0.560377 0.674758
vt 0.565855 0.513046
vt 0.662060 0.114147
vt 0.565184 0.522173
vt 0.664265 0.107463
vt 0.667278 0.098915
vt 0.670290 0.101526
vt 0.551081 0.140020
vt 0.672496 0.108657
vt 0.551472 0.147148
vt 0.552006 0.156886
vt 0.570813 0.679028
vt 0.552540 0.166624
vt 0.552931 0.173753
vt 0.568607 0.671897
vt 0.565595 0.669287
vt 0.567874 0.501068
vt 0.562582 0.671897
vt 0.560377 0.679028
vt 0.567483 0.508196
vt 0.566949 0.517934
vt 0.662060 0.108657
vt 0.566415 0.527672
vt 0.664265 0.101526
vt 0.566024 0.534801
vt 0.667278 0.094482
vt 0.670290 0.097211
vt 0.552501 0.135694
vt 0.552785 0.143148
vt 0.553173 0.153330
vt 0.553561 0.163513
vt 0.553846 0.170967
vt 0.568607 0.674676
vt 0.565595 0.671947
vt 0.568789 0.503854
vt 0.562582 0.674676
vt 0.568505 0.511308
vt 0.568117 0.521490
vt 0.567728 0.531672
vt 0.664265 0.097211
vt 0.567444 0.539126
vt 0.667278 0.091791
vt 0.552645 0.115029
vt 0.552687 0.118042
vt 0.670290 0.094592
vt 0.553986 0.133064
vt 0.554158 0.140716
vt 0.554394 0.151169
vt 0.554629 0.161621
vt 0.554802 0.169273
vt 0.568607 0.676363
vt 0.557815 0.127682
vt 0.557773 0.124670
vt 0.565595 0.673561
vt 0.562582 0.676363
vt 0.569745 0.505547
vt 0.557815 0.121657
vt 0.569573 0.513199
vt 0.569337 0.523652
vt 0.569102 0.534104
vt 0.552687 0.112017
vt 0.664265 0.094592
vt 0.568929 0.541756
vt 0.554218 0.115029
vt 0.555510 0.132175
vt 0.554218 0.118042
vt 0.555568 0.139894
vt 0.555647 0.150438
vt 0.555726 0.160982
vt 0.556830 0.127682
vt 0.555784 0.168700
vt 0.556830 0.124670
vt 0.556830 0.121657
vt 0.570727 0.506120
vt 0.570669 0.513839
vt 0.570590 0.524383
vt 0.570511 0.534927
vt 0.570453 0.542646
vt 0.554218 0.112017
vt 0.656842 0.300872
vt 0.555791 0.115029
vt 0.555749 0.118042
vt 0.557047 0.133041
vt 0.659854 0.298071
vt 0.556989 0.140695
vt 0.556910 0.151150
vt 0.556831 0.161605
vt 0.579044 0.545312
vt 0.555844 0.127682
vt 0.556774 0.169258
vt 0.555886 0.124670
vt 0.576031 0.548113
vt 0.573018 0.545312
vt 0.555844 0.121657
vt 0.571717 0.505562
vt 0.571775 0.513216
vt 0.571854 0.523671
vt 0.571933 0.534126
vt 0.571991 0.541779
vt 0.555749 0.112017
vt 0.653829 0.298071
vt 0.656842 0.298182
vt 0.558571 0.135649
vt 0.659854 0.295453
vt 0.558399 0.143106
vt 0.558163 0.153293
vt 0.557928 0.163480
vt 0.579044 0.546998
vt 0.557755 0.170938
vt 0.576031 0.549727
vt 0.573018 0.546998
vt 0.572699 0.503883
vt 0.572871 0.511340
vt 0.573107 0.521527
vt 0.573342 0.531714
vt 0.573515 0.539172
vt 0.653829 0.295453
vt 0.656842 0.293748
vt 0.560056 0.139952
vt 0.659854 0.291138
vt 0.559772 0.147086
vt 0.662060 0.284007
vt 0.559384 0.156831
vt 0.581249 0.542646
vt 0.558996 0.166576
vt 0.558712 0.173709
vt 0.579044 0.549777
vt 0.576031 0.552387
vt 0.573655 0.501111
vt 0.573018 0.549777
vt 0.570813 0.542646
vt 0.573939 0.508245
vt 0.574327 0.517990
vt 0.574715 0.527734
vt 0.651623 0.284007
vt 0.575000 0.534868
vt 0.653829 0.291138
vt 0.656842 0.287648
vt 0.659854 0.285201
vt 0.561086 0.152567
vt 0.662060 0.278516
vt 0.560552 0.161702
vt 0.581249 0.546916
vt 0.560017 0.170838
vt 0.579044 0.553601
vt 0.576031 0.556047
vt 0.573018 0.553601
vt 0.570813 0.546916
vt 0.574961 0.503982
vt 0.575495 0.513118
vt 0.576029 0.522254
vt 0.651623 0.278516
vt 0.653829 0.285201
vt 0.656842 0.279985
vt 0.659854 0.277744
vt 0.562317 0.159454
vt 0.662060 0.271620
vt 0.561646 0.167825
vt 0.581249 0.552280
vt 0.560975 0.176195
vt 0.579044 0.558404
vt 0.576031 0.560645
vt 0.573018 0.558404
vt 0.570813 0.552280
vt 0.575918 0.498625
vt 0.576589 0.506996
vt 0.577260 0.515366
vt 0.651623 0.271620
vt 0.653829 0.277744
vt 0.656842 0.270891
vt 0.659854 0.268893
vt 0.563445 0.167630
vt 0.662060 0.263435
vt 0.562648 0.175093
vt 0.581249 0.558646
vt 0.561852 0.182555
vt 0.579044 0.564104
vt 0.576031 0.566101
vt 0.573018 0.564104
vt 0.570813 0.558646
vt 0.576796 0.492266
vt 0.577592 0.499728
vt 0.578388 0.507190
vt 0.651623 0.263435
vt 0.653829 0.268893
vt 0.656842 0.260521
vt 0.659854 0.258801
vt 0.564450 0.176956
vt 0.662060 0.254102
vt 0.563542 0.183382
vt 0.581249 0.565904
vt 0.562634 0.189808
vt 0.579044 0.570603
vt 0.576031 0.572323
vt 0.573018 0.570603
vt 0.570813 0.565904
vt 0.577577 0.485013
vt 0.578485 0.491439
vt 0.579393 0.497864
vt 0.651623 0.254102
vt 0.653829 0.258801
vt 0.656842 0.249053
vt 0.659854 0.247641
vt 0.565315 0.187271
vt 0.662060 0.243781
vt 0.564311 0.192551
vt 0.581249 0.573932
vt 0.563307 0.197831
vt 0.579044 0.577792
vt 0.576031 0.579204
vt 0.573018 0.577792
vt 0.570813 0.573932
vt 0.578251 0.476990
vt 0.579255 0.482269
vt 0.580259 0.487549
vt 0.651623 0.243781
vt 0.653829 0.247641
vt 0.656842 0.236683
vt 0.659854 0.235602
vt 0.566026 0.198399
vt 0.662060 0.232648
vt 0.564943 0.202443
vt 0.581249 0.582591
vt 0.563860 0.206486
vt 0.579044 0.585545
vt 0.576031 0.586626
vt 0.573018 0.585545
vt 0.570813 0.582591
vt 0.578803 0.468334
vt 0.579886 0.472378
vt 0.580970 0.476421
vt 0.651623 0.232648
vt 0.653829 0.235602
vt 0.656842 0.223622
vt 0.659854 0.222891
vt 0.566570 0.210150
vt 0.662060 0.220893
vt 0.565427 0.212888
vt 0.581249 0.591734
vt 0.564283 0.215625
vt 0.579044 0.593731
vt 0.576031 0.594463
vt 0.573018 0.593731
vt 0.570813 0.591734
vt 0.579227 0.459195
vt 0.580370 0.461933
vt 0.581514 0.464670
vt 0.651623 0.220893
vt 0.653829 0.222891
vt 0.656842 0.210095
vt 0.659854 0.209726
vt 0.566938 0.222322
vt 0.662060 0.208719
vt 0.565754 0.223708
vt 0.581249 0.601203
vt 0.564569 0.225093
vt 0.579044 0.602210
vt 0.576031 0.602579
vt 0.573018 0.602210
vt 0.570813 0.601203
vt 0.579513 0.449728
vt 0.580697 0.451113
vt 0.581882 0.452498
vt 0.651623 0.208719
vt 0.653829 0.209726
vt 0.656842 0.196332
vt 0.659854 0.196332
vt 0.662060 0.196332
vt 0.567124 0.234708
vt 0.565919 0.234717
vt 0.564714 0.234726
vt 0.581249 0.610837
vt 0.579044 0.610837
vt 0.576031 0.610837
vt 0.573018 0.610837
vt 0.579657 0.440094
vt 0.570813 0.610837
vt 0.580862 0.440103
vt 0.651623 0.196332
vt 0.582067 0.440112
vt 0.653829 0.196332
vt 0.656842 0.182569
vt 0.659854 0.182938
vt 0.662060 0.183945
vt 0.567124 0.247095
vt 0.565919 0.245728
vt 0.564714 0.244361
vt 0.581249 0.620471
vt 0.579044 0.619464
vt 0.576031 0.619095
vt 0.573018 0.619464
vt 0.579657 0.430460
vt 0.570813 0.620471
vt 0.580862 0.429093
vt 0.651623 0.183945
vt 0.582067 0.427725
vt 0.653829 0.182938
vt 0.656842 0.169041
vt 0.659854 0.169773
vt 0.662060 0.171770
vt 0.566938 0.259272
vt 0.565754 0.256551
vt 0.564569 0.253831
vt 0.581249 0.629940
vt 0.579044 0.627943
vt 0.576031 0.627211
vt 0.573018 0.627943
vt 0.579513 0.420989
vt 0.570813 0.629940
vt 0.580697 0.418269
vt 0.651623 0.171770
vt 0.581882 0.415549
vt 0.653829 0.169773
vt 0.656842 0.155981
vt 0.659854 0.157062
vt 0.662060 0.160016
vt 0.566570 0.271029
vt 0.565427 0.267003
vt 0.564283 0.262976
vt 0.581249 0.639083
vt 0.579044 0.636129
vt 0.576031 0.635048
vt 0.573018 0.636129
vt 0.579227 0.411844
vt 0.570813 0.639083
vt 0.580370 0.407818
vt 0.651623 0.160016
vt 0.581514 0.403791
vt 0.653829 0.157062
vt 0.656842 0.143611
vt 0.659854 0.145023
vt 0.662060 0.148883
vt 0.566026 0.282167
vt 0.564943 0.276903
vt 0.563860 0.271639
vt 0.581249 0.647742
vt 0.579044 0.643883
vt 0.576031 0.642470
vt 0.573018 0.643883
vt 0.578803 0.403182
vt 0.570813 0.647742
vt 0.579886 0.397918
vt 0.651623 0.148883
vt 0.580970 0.392654
vt 0.653829 0.145023
vt 0.656842 0.132142
vt 0.659854 0.133862
vt 0.662060 0.138561
vt 0.565315 0.292494
vt 0.564311 0.286082
vt 0.563307 0.279671
vt 0.581249 0.655770
vt 0.579044 0.651071
vt 0.576031 0.649351
vt 0.573018 0.651071
vt 0.578251 0.395150
vt 0.570813 0.655770
vt 0.579255 0.388738
vt 0.651623 0.138561
vt 0.580259 0.382327
vt 0.653829 0.133862
vt 0.656842 0.121773
vt 0.659854 0.123770
vt 0.662060 0.129229
vt 0.564450 0.301833
vt 0.563542 0.294384
vt 0.562634 0.286935
vt 0.581249 0.663028
vt 0.579044 0.657570
vt 0.576031 0.655573
vt 0.573018 0.657570
vt 0.577577 0.387886
vt 0.570813 0.663028
vt 0.578485 0.380436
vt 0.651623 0.129229
vt 0.579393 0.372987
vt 0.653829 0.123770
vt 0.656842 0.112679
vt 0.659854 0.114920
vt 0.662060 0.121044
vt 0.563445 0.310026
vt 0.562648 0.301666
vt 0.561852 0.293307
vt 0.581249 0.669394
vt 0.579044 0.663270
vt 0.576031 0.661029
vt 0.573018 0.663270
vt 0.576796 0.381514
vt 0.570813 0.669394
vt 0.577592 0.373154
vt 0.651623 0.121044
vt 0.578388 0.364795
vt 0.653829 0.114920
vt 0.656842 0.105016
vt 0.659854 0.107463
vt 0.662060 0.114147
vt 0.562317 0.316931
vt 0.561646 0.307804
vt 0.560975 0.298677
vt 0.581249 0.674758
vt 0.579044 0.668073
vt 0.576031 0.665627
vt 0.573018 0.668073
vt 0.575918 0.376143
vt 0.570813 0.674758
vt 0.576589 0.367016
vt 0.651623 0.114147
vt 0.577260 0.357890
vt 0.653829 0.107463
vt 0.656842 0.098916
vt 0.659854 0.101526
vt 0.561477 0.329559
vt 0.662060 0.108657
vt 0.561086 0.322430
vt 0.560551 0.312693
vt 0.581249 0.679028
vt 0.560017 0.302955
vt 0.559626 0.295826
vt 0.579044 0.671897
vt 0.576031 0.669287
vt 0.574570 0.378994
vt 0.573018 0.671897
vt 0.570813 0.679028
vt 0.574961 0.371866
vt 0.575495 0.362128
vt 0.651623 0.108657
vt 0.576029 0.352390
vt 0.653829 0.101526
vt 0.576420 0.345261
vt 0.656842 0.094482
vt 0.659854 0.097211
vt 0.560056 0.333885
vt 0.559772 0.326431
vt 0.559384 0.316248
vt 0.558996 0.306066
vt 0.558712 0.298612
vt 0.579044 0.674676
vt 0.576031 0.671947
vt 0.573655 0.376209
vt 0.573018 0.674676
vt 0.573939 0.368755
vt 0.574327 0.358572
vt 0.574715 0.348390
vt 0.653829 0.097211
vt 0.575000 0.340936
vt 0.656842 0.091791
vt 0.517288 0.195822
vt 0.517330 0.198835
vt 0.659854 0.094592
vt 0.558571 0.336514
vt 0.558399 0.328863
vt 0.558163 0.318410
vt 0.557928 0.307957
vt 0.557755 0.300306
vt 0.579044 0.676363
vt 0.560909 0.118042
vt 0.560866 0.115029
vt 0.576031 0.673561
vt 0.573018 0.676363
vt 0.572699 0.374515
vt 0.560909 0.112017
vt 0.572871 0.366863
vt 0.573107 0.356410
vt 0.573342 0.345958
vt 0.517330 0.192809
vt 0.653829 0.094592
vt 0.573515 0.338306
vt 0.637818 0.569213
vt 0.456260 0.101088
vt 0.479395 0.101088
vt 0.628177 0.569213
vt 0.637818 0.549465
vt 0.456704 0.081344
vt 0.628177 0.549465
vt 0.479395 0.120838
vt 0.637818 0.530476
vt 0.457576 0.062364
vt 0.628177 0.530476
vt 0.479840 0.139833
vt 0.637818 0.512976
vt 0.458842 0.044876
vt 0.628177 0.512976
vt 0.480712 0.157344
vt 0.637818 0.497636
vt 0.460453 0.029554
vt 0.628177 0.497636
vt 0.481978 0.172699
vt 0.637818 0.485048
vt 0.462348 0.016986
vt 0.628177 0.485048
vt 0.483589 0.185306
vt 0.637818 0.475694
vt 0.464453 0.007655
vt 0.628177 0.475694
vt 0.485484 0.194682
vt 0.541082 0.112017
vt 0.637818 0.469933
vt 0.466688 0.001919
vt 0.628177 0.469933
vt 0.541082 0.121657
vt 0.487589 0.200467
vt 0.538826 0.112017
vt 0.468967 0.000000
vt 0.538826 0.121657
vt 0.489824 0.202437
vt 0.628177 0.668493
vt 0.536569 0.112017
vt 0.471202 0.001970
vt 0.536569 0.121657
vt 0.618537 0.668493
vt 0.492102 0.200518
vt 0.628177 0.662733
vt 0.473307 0.007755
vt 0.618537 0.662733
vt 0.494337 0.194782
vt 0.628177 0.653379
vt 0.475201 0.017131
vt 0.618537 0.653379
vt 0.496442 0.185451
vt 0.628177 0.640790
vt 0.476813 0.029738
vt 0.618537 0.640790
vt 0.498337 0.172883
vt 0.628177 0.625451
vt 0.478079 0.045093
vt 0.618537 0.625451
vt 0.499948 0.157561
vt 0.628177 0.607950
vt 0.478951 0.062604
vt 0.618537 0.607950
vt 0.501214 0.140074
vt 0.628177 0.588961
vt 0.479395 0.081600
vt 0.618537 0.588961
vt 0.502086 0.121093
vt 0.628177 0.569213
vt 0.479395 0.101349
vt 0.618537 0.569213
vt 0.502531 0.101349
vt 0.628177 0.549465
vt 0.478951 0.121093
vt 0.618537 0.549465
vt 0.502531 0.081600
vt 0.628177 0.530476
vt 0.478079 0.140074
vt 0.618537 0.530476
vt 0.502086 0.062604
vt 0.628177 0.512976
vt 0.476813 0.157561
vt 0.618537 0.512976
vt 0.501214 0.045093
vt 0.628177 0.497636
vt 0.475201 0.172883
vt 0.618537 0.497636
vt 0.499948 0.029738
vt 0.628177 0.485048
vt 0.473307 0.185451
vt 0.618537 0.485048
vt 0.498337 0.017131
vt 0.628177 0.475694
vt 0.471202 0.194782
vt 0.618537 0.475694
vt 0.496442 0.007755
vt 0.521802 0.183169
vt 0.628177 0.469933
vt 0.468967 0.200518
vt 0.618537 0.469933
vt 0.521802 0.192809
vt 0.494337 0.001970
vt 0.519545 0.183169
vt 0.466688 0.202437
vt 0.519545 0.192809
vt 0.492102 0.000000
vt 0.637818 0.668493
vt 0.517288 0.183169
vt 0.464453 0.200467
vt 0.517288 0.192809
vt 0.628177 0.668493
vt 0.489824 0.001919
vt 0.637818 0.662733
vt 0.462348 0.194682
vt 0.628177 0.662733
vt 0.487589 0.007655
vt 0.637818 0.653379
vt 0.460453 0.185306
vt 0.628177 0.653379
vt 0.485484 0.016986
vt 0.637818 0.640790
vt 0.458842 0.172699
vt 0.628177 0.640790
vt 0.483589 0.029554
vt 0.637818 0.625451
vt 0.457576 0.157344
vt 0.628177 0.625451
vt 0.481978 0.044876
vt 0.637818 0.607950
vt 0.456704 0.139833
vt 0.480712 0.062364
vt 0.628177 0.607950
vt 0.637818 0.588961
vt 0.456260 0.120838
vt 0.479840 0.081344
vt 0.628177 0.588961
vt 0.639426 0.089066
vt 0.501869 0.520586
vt 0.672496 0.260500
vt 0.639426 0.127628
vt 0.463307 0.520586
vt 0.537238 0.689283
vt 0.608576 0.067483
vt 0.687921 0.260500
vt 0.624001 0.089066
vt 0.624001 0.127628
vt 0.570014 0.067483
vt 0.552663 0.689283
vt 0.501869 0.588069
vt 0.422254 0.653102
vt 0.672496 0.327983
vt 0.422254 0.691664
vt 0.463307 0.588069
vt 0.537238 0.621800
vt 0.437679 0.653102
vt 0.608576 0.000000
vt 0.687921 0.327983
vt 0.552663 0.621800
vt 0.570014 0.000000
vt 0.437679 0.691664
vt 0.460816 0.653102
vt 0.501869 0.635307
vt 0.621908 0.300872
vt 0.460816 0.691664
vt 0.501869 0.673869
vt 0.633476 0.334614
vt 0.497048 0.632602
vt 0.633476 0.300872
vt 0.449247 0.653102
vt 0.449247 0.691664
vt 0.497048 0.671164
vt 0.645045 0.334614
vt 0.535610 0.635307
vt 0.437679 0.653102
vt 0.621908 0.334614
vt 0.437679 0.691664
vt 0.535610 0.673869
vt 0.633476 0.300872
vt 0.449247 0.653102
vt 0.463307 0.632602
vt 0.633476 0.334614
vt 0.645045 0.300872
vt 0.463307 0.671164
vt 0.449247 0.691664
vt 0.517956 0.067483
vt 0.330933 0.337417
vt 0.517293 0.635307
vt 0.517956 0.183169
vt 0.330933 0.453102
vt 0.532718 0.520586
vt 0.560377 0.337417
vt 0.501869 0.635307
vt 0.502531 0.067483
vt 0.502531 0.183169
vt 0.560377 0.453102
vt 0.517293 0.520586
vt 0.445655 0.337417
vt 0.608576 0.000000
vt 0.517293 0.520586
vt 0.608576 0.115686
vt 0.445655 0.453102
vt 0.532718 0.635307
vt 0.624001 0.000000
vt 0.445655 0.337417
vt 0.501869 0.520586
vt 0.517293 0.635307
vt 0.445655 0.453102
vt 0.624001 0.115686
vt 0.413667 0.653102
vt 0.000000 0.679583
vt 0.645045 0.317601
vt 0.413667 0.520586
vt 0.416958 0.653102
vt 0.000000 0.676290
vt 0.416958 0.520586
vt 0.645045 0.320894
vt 0.420123 0.653102
vt 0.000185 0.673119
vt 0.420123 0.520586
vt 0.645230 0.324065
vt 0.423040 0.653102
vt 0.000548 0.670191
vt 0.423040 0.520586
vt 0.645593 0.326993
vt 0.425596 0.653102
vt 0.001076 0.667619
vt 0.425596 0.520586
vt 0.646120 0.329565
vt 0.427694 0.653102
vt 0.001747 0.665501
vt 0.427694 0.520586
vt 0.646792 0.331683
vt 0.429253 0.653102
vt 0.002536 0.663919
vt 0.429253 0.520586
vt 0.647581 0.333265
vt 0.616656 0.602450
vt 0.430213 0.653102
vt 0.003413 0.662934
vt 0.430213 0.520586
vt 0.616656 0.469933
vt 0.648458 0.334250
vt 0.617596 0.602450
vt 0.004344 0.662583
vt 0.617596 0.469933
vt 0.649389 0.334601
vt 0.588814 0.264692
vt 0.618537 0.602450
vt 0.005293 0.662881
vt 0.618537 0.469933
vt 0.588814 0.132175
vt 0.650338 0.334303
vt 0.589774 0.264692
vt 0.006224 0.663815
vt 0.589774 0.132175
vt 0.651269 0.333369
vt 0.591333 0.264692
vt 0.007101 0.665350
vt 0.591333 0.132175
vt 0.652145 0.331834
vt 0.593431 0.264692
vt 0.007890 0.667427
vt 0.593431 0.132175
vt 0.652935 0.329757
vt 0.595988 0.264692
vt 0.008561 0.669966
vt 0.595988 0.132175
vt 0.653606 0.327219
vt 0.598905 0.264692
vt 0.009088 0.672869
vt 0.598905 0.132175
vt 0.654133 0.324316
vt 0.602070 0.264692
vt 0.009451 0.676024
vt 0.602070 0.132175
vt 0.654496 0.321160
vt 0.605361 0.264692
vt 0.009637 0.679312
vt 0.605361 0.132175
vt 0.654681 0.317872
vt 0.608652 0.264692
vt 0.009637 0.682605
vt 0.608652 0.132175
vt 0.654681 0.314580
vt 0.611817 0.264692
vt 0.009451 0.685776
vt 0.611817 0.132175
vt 0.654496 0.311408
vt 0.614734 0.264692
vt 0.009088 0.688704
vt 0.614734 0.132175
vt 0.654133 0.308480
vt 0.617290 0.264692
vt 0.008561 0.691276
vt 0.617290 0.132175
vt 0.653606 0.305908
vt 0.619389 0.264692
vt 0.007890 0.693394
vt 0.619389 0.132175
vt 0.652935 0.303790
vt 0.620948 0.264692
vt 0.007101 0.694976
vt 0.620948 0.132175
vt 0.652145 0.302208
vt 0.715662 0.091791
vt 0.621908 0.264692
vt 0.006224 0.695961
vt 0.621908 0.132175
vt 0.715662 0.224308
vt 0.651269 0.301223
vt 0.714722 0.091791
vt 0.005293 0.696312
vt 0.714722 0.224308
vt 0.650338 0.300872
vt 0.397120 0.653102
vt 0.713782 0.091791
vt 0.004344 0.696014
vt 0.713782 0.224308
vt 0.397120 0.520586
vt 0.649389 0.301170
vt 0.398080 0.653102
vt 0.003413 0.695080
vt 0.398080 0.520586
vt 0.648458 0.302104
vt 0.399639 0.653102
vt 0.002536 0.693545
vt 0.399639 0.520586
vt 0.647581 0.303639
vt 0.401737 0.653102
vt 0.001747 0.691468
vt 0.401737 0.520586
vt 0.646792 0.305716
vt 0.404294 0.653102
vt 0.001076 0.688929
vt 0.404294 0.520586
vt 0.646120 0.308255
vt 0.407210 0.653102
vt 0.000548 0.686026
vt 0.645593 0.311158
vt 0.407210 0.520586
vt 0.410375 0.653102
vt 0.000185 0.682871
vt 0.645230 0.314314
vt 0.410375 0.520586
vt 0.715169 0.337417
vt 0.546676 0.121650
vt 0.554107 0.131290
vt 0.715169 0.801225
vt 0.714793 0.337417
vt 0.546303 0.121542
vt 0.714793 0.801225
vt 0.554479 0.131183
vt 0.666067 0.801225
vt 0.714432 0.337417
vt 0.545953 0.121254
vt 0.714432 0.801225
vt 0.666067 0.337417
vt 0.554830 0.130894
vt 0.666513 0.801225
vt 0.545637 0.120796
vt 0.666513 0.337417
vt 0.555145 0.130436
vt 0.667112 0.801225
vt 0.545369 0.120185
vt 0.667112 0.337417
vt 0.555413 0.129826
vt 0.667842 0.801225
vt 0.545158 0.119446
vt 0.667843 0.337417
vt 0.555624 0.129086
vt 0.668676 0.801225
vt 0.545013 0.118606
vt 0.668676 0.337417
vt 0.555770 0.128247
vt 0.669580 0.801225
vt 0.544939 0.117698
vt 0.669580 0.337417
vt 0.555844 0.127339
vt 0.670520 0.801225
vt 0.544939 0.116757
vt 0.670520 0.337417
vt 0.555844 0.126398
vt 0.671461 0.801225
vt 0.545013 0.115819
vt 0.671461 0.337417
vt 0.555770 0.125459
vt 0.672365 0.801225
vt 0.545158 0.114920
vt 0.672365 0.337417
vt 0.555624 0.124560
vt 0.673198 0.801225
vt 0.545369 0.114094
vt 0.673198 0.337417
vt 0.555413 0.123734
vt 0.673929 0.801225
vt 0.545637 0.113374
vt 0.673929 0.337417
vt 0.555145 0.123014
vt 0.674528 0.801225
vt 0.545953 0.112786
vt 0.674528 0.337417
vt 0.554830 0.122427
vt 0.717383 0.337417
vt 0.674974 0.801225
vt 0.546303 0.112354
vt 0.674974 0.337417
vt 0.717383 0.801225
vt 0.554479 0.121995
vt 0.717021 0.337417
vt 0.546676 0.112094
vt 0.717021 0.801225
vt 0.554107 0.121735
vt 0.716645 0.337417
vt 0.547055 0.112017
vt 0.716645 0.801225
vt 0.553727 0.121657
vt 0.716269 0.337417
vt 0.547427 0.112124
vt 0.716269 0.801225
vt 0.553355 0.121764
vt 0.666067 0.337417
vt 0.715907 0.337417
vt 0.547778 0.112412
vt 0.715907 0.801225
vt 0.666067 0.801225
vt 0.553004 0.122053
vt 0.665622 0.337417
vt 0.548093 0.112870
vt 0.665622 0.801225
vt 0.552689 0.122511
vt 0.665022 0.337417
vt 0.548362 0.113481
vt 0.665022 0.801225
vt 0.552421 0.123121
vt 0.664292 0.337417
vt 0.548573 0.114220
vt 0.664292 0.801225
vt 0.552210 0.123861
vt 0.663458 0.337417
vt 0.548718 0.115060
vt 0.663458 0.801225
vt 0.552064 0.124700
vt 0.662554 0.337417
vt 0.548792 0.115968
vt 0.662554 0.801225
vt 0.551990 0.125608
vt 0.661614 0.337417
vt 0.548792 0.116909
vt 0.661614 0.801225
vt 0.551990 0.126549
vt 0.660673 0.337417
vt 0.548718 0.117847
vt 0.660673 0.801225
vt 0.552064 0.127488
vt 0.659769 0.337417
vt 0.548573 0.118746
vt 0.659769 0.801225
vt 0.552210 0.128387
vt 0.658936 0.337417
vt 0.548362 0.119572
vt 0.658936 0.801225
vt 0.552420 0.129212
vt 0.658205 0.337417
vt 0.548093 0.120292
vt 0.658205 0.801225
vt 0.552689 0.129933
vt 0.657606 0.337417
vt 0.547778 0.120880
vt 0.657606 0.801225
vt 0.553004 0.130520
vt 0.715907 0.337417
vt 0.657160 0.337417
vt 0.547427 0.121312
vt 0.657160 0.801225
vt 0.553355 0.130952
vt 0.715907 0.801225
vt 0.715546 0.337417
vt 0.547055 0.121572
vt 0.553727 0.131212
vt 0.715546 0.801225
vt 0.713694 0.337417
vt 0.549874 0.131290
vt 0.550908 0.121650
vt 0.713694 0.801225
vt 0.713318 0.337417
vt 0.549502 0.131183
vt 0.713318 0.801225
vt 0.551280 0.121542
vt 0.674974 0.801225
vt 0.712956 0.337417
vt 0.549151 0.130894
vt 0.712956 0.801225
vt 0.674974 0.337417
vt 0.551631 0.121254
vt 0.675419 0.801225
vt 0.548836 0.130436
vt 0.675419 0.337417
vt 0.551947 0.120796
vt 0.676019 0.801225
vt 0.548567 0.129826
vt 0.676019 0.337417
vt 0.552215 0.120185
vt 0.676749 0.801225
vt 0.548356 0.129086
vt 0.676749 0.337417
vt 0.552426 0.119446
vt 0.677582 0.801225
vt 0.548211 0.128247
vt 0.677582 0.337417
vt 0.552571 0.118606
vt 0.678487 0.801225
vt 0.548137 0.127339
vt 0.678487 0.337417
vt 0.552645 0.117698
vt 0.679427 0.801225
vt 0.548137 0.126398
vt 0.679427 0.337417
vt 0.552645 0.116757
vt 0.680367 0.801225
vt 0.548211 0.125459
vt 0.680367 0.337417
vt 0.552571 0.115819
vt 0.681272 0.801225
vt 0.548357 0.124560
vt 0.681272 0.337417
vt 0.552426 0.114920
vt 0.682105 0.801225
vt 0.548567 0.123734
vt 0.682105 0.337417
vt 0.552215 0.114094
vt 0.682836 0.801225
vt 0.548836 0.123014
vt 0.682836 0.337417
vt 0.551947 0.113374
vt 0.683435 0.801225
vt 0.549151 0.122427
vt 0.683435 0.337417
vt 0.551631 0.112786
vt 0.712956 0.337417
vt 0.683880 0.801225
vt 0.549502 0.121995
vt 0.683880 0.337417
vt 0.712956 0.801225
vt 0.551280 0.112354
vt 0.712594 0.337417
vt 0.549874 0.121735
vt 0.712594 0.801225
vt 0.550908 0.112094
vt 0.712218 0.337417
vt 0.550254 0.121657
vt 0.712218 0.801225
vt 0.550529 0.112017
vt 0.711842 0.337417
vt 0.550626 0.121764
vt 0.711842 0.801225
vt 0.550157 0.112124
vt 0.657160 0.337417
vt 0.711480 0.337417
vt 0.550976 0.122053
vt 0.711480 0.801225
vt 0.657161 0.801225
vt 0.549806 0.112412
vt 0.656715 0.337417
vt 0.551292 0.122511
vt 0.656715 0.801225
vt 0.549490 0.112870
vt 0.656116 0.337417
vt 0.551560 0.123121
vt 0.656116 0.801225
vt 0.549222 0.113481
vt 0.655385 0.337417
vt 0.551771 0.123861
vt 0.655385 0.801225
vt 0.549011 0.114220
vt 0.654552 0.337417
vt 0.551916 0.124700
vt 0.654552 0.801225
vt 0.548866 0.115060
vt 0.653648 0.337417
vt 0.551990 0.125608
vt 0.653648 0.801225
vt 0.548792 0.115968
vt 0.652707 0.337417
vt 0.551990 0.126549
vt 0.652707 0.801225
vt 0.548792 0.116909
vt 0.651767 0.337417
vt 0.551916 0.127488
vt 0.651767 0.801225
vt 0.548866 0.117847
vt 0.650863 0.337417
vt 0.551771 0.128387
vt 0.650863 0.801225
vt 0.549011 0.118746
vt 0.650029 0.337417
vt 0.551560 0.129212
vt 0.650029 0.801225
vt 0.549222 0.119572
vt 0.649299 0.337417
vt 0.551292 0.129933
vt 0.649299 0.801225
vt 0.549490 0.120292
vt 0.648699 0.337417
vt 0.550976 0.130520
vt 0.648699 0.801225
vt 0.549806 0.120880
vt 0.714432 0.337417
vt 0.648254 0.337417
vt 0.550626 0.130952
vt 0.648254 0.801225
vt 0.550156 0.121312
vt 0.714432 0.801225
vt 0.714070 0.337417
vt 0.550254 0.131212
vt 0.550529 0.121572
vt 0.714070 0.801225
vt 0.616280 0.469933
vt 0.519694 0.145756
vt 0.606443 0.101223
vt 0.616280 0.602450
vt 0.615160 0.337417
vt 0.615904 0.469933
vt 0.520073 0.146076
vt 0.615904 0.602450
vt 0.615160 0.469933
vt 0.606823 0.100903
vt 0.614200 0.337417
vt 0.520446 0.147032
vt 0.614200 0.469933
vt 0.607195 0.099947
vt 0.612641 0.337417
vt 0.520797 0.148587
vt 0.612641 0.469933
vt 0.607546 0.098392
vt 0.610543 0.337417
vt 0.521113 0.150682
vt 0.610543 0.469933
vt 0.607862 0.096297
vt 0.607987 0.337417
vt 0.521381 0.153235
vt 0.607987 0.469933
vt 0.608131 0.093743
vt 0.605070 0.337417
vt 0.521592 0.156150
vt 0.605070 0.469933
vt 0.608342 0.090829
vt 0.601905 0.337417
vt 0.521738 0.159313
vt 0.601905 0.469933
vt 0.608487 0.087665
vt 0.598614 0.337417
vt 0.521812 0.162604
vt 0.598614 0.469933
vt 0.608561 0.084375
vt 0.595322 0.337417
vt 0.521812 0.165896
vt 0.595322 0.469933
vt 0.608561 0.081083
vt 0.592158 0.337417
vt 0.521738 0.169061
vt 0.592158 0.469933
vt 0.608487 0.077917
vt 0.589241 0.337417
vt 0.521592 0.171980
vt 0.589241 0.469933
vt 0.608342 0.074999
vt 0.586684 0.337417
vt 0.521381 0.174539
vt 0.586684 0.469933
vt 0.608131 0.072440
vt 0.584586 0.337417
vt 0.521113 0.176640
vt 0.584586 0.469933
vt 0.607862 0.070338
vt 0.583027 0.337417
vt 0.520797 0.178203
vt 0.583027 0.469933
vt 0.607546 0.068776
vt 0.718135 0.337417
vt 0.582067 0.337417
vt 0.520446 0.179167
vt 0.582067 0.469933
vt 0.718135 0.469933
vt 0.607195 0.067812
vt 0.717759 0.337417
vt 0.520074 0.179496
vt 0.717759 0.469933
vt 0.606823 0.067483
vt 0.615161 0.469933
vt 0.717383 0.337417
vt 0.519694 0.179176
vt 0.717383 0.469933
vt 0.615160 0.602450
vt 0.606443 0.067803
vt 0.614200 0.469933
vt 0.519321 0.178220
vt 0.614200 0.602450
vt 0.606071 0.068759
vt 0.612641 0.469933
vt 0.518970 0.176665
vt 0.612641 0.602450
vt 0.605720 0.070314
vt 0.610543 0.469933
vt 0.518655 0.174570
vt 0.610543 0.602450
vt 0.605404 0.072409
vt 0.607987 0.469933
vt 0.518386 0.172016
vt 0.607987 0.602450
vt 0.605135 0.074963
vt 0.605070 0.469933
vt 0.518175 0.169102
vt 0.605070 0.602450
vt 0.604924 0.077877
vt 0.601905 0.469933
vt 0.518030 0.165938
vt 0.601905 0.602450
vt 0.604779 0.081041
vt 0.598614 0.469933
vt 0.517956 0.162647
vt 0.598614 0.602450
vt 0.604705 0.084331
vt 0.595322 0.469933
vt 0.517956 0.159356
vt 0.595322 0.602450
vt 0.604705 0.087623
vt 0.592158 0.469933
vt 0.518030 0.156190
vt 0.592158 0.602450
vt 0.604779 0.090789
vt 0.589241 0.469933
vt 0.518175 0.153271
vt 0.589241 0.602450
vt 0.604924 0.093707
vt 0.586684 0.469933
vt 0.518386 0.150712
vt 0.586684 0.602450
vt 0.605135 0.096266
vt 0.584586 0.469933
vt 0.518655 0.148611
vt 0.584586 0.602450
vt 0.605404 0.098368
vt 0.583027 0.469933
vt 0.518970 0.147048
vt 0.605720 0.099930
vt 0.583027 0.602450
vt 0.616656 0.469933
vt 0.582067 0.469933
vt 0.519321 0.146084
vt 0.606071 0.100894
vt 0.582067 0.602450
vt 0.616656 0.602450
vt 0.544939 0.112017
vt 0.701044 0.506125
vt 0.556519 0.453102
vt 0.544939 0.121657
vt 0.691404 0.506125
vt 0.701044 0.642508
vt 0.701044 0.506125
vt 0.560375 0.453102
vt 0.541082 0.112017
vt 0.541082 0.121657
vt 0.691404 0.506125
vt 0.704900 0.642508
vt 0.701044 0.674833
vt 0.544281 0.121657
vt 0.556519 0.621811
vt 0.544281 0.131297
vt 0.691404 0.674833
vt 0.701044 0.473799
vt 0.548137 0.121657
vt 0.701044 0.337417
vt 0.560375 0.621811
vt 0.704900 0.473799
vt 0.691404 0.337417
vt 0.548137 0.131297
vt 0.713782 0.091791
vt 0.456260 0.000000
vt 0.552663 0.453102
vt 0.713781 0.217117
vt 0.330933 0.000000
vt 0.704900 0.642508
vt 0.456260 0.337417
vt 0.556519 0.453102
vt 0.709925 0.091791
vt 0.709925 0.217117
vt 0.330933 0.337417
vt 0.708756 0.642508
vt 0.456260 0.168708
vt 0.497048 0.588069
vt 0.552663 0.621811
vt 0.497048 0.713395
vt 0.330933 0.168708
vt 0.704900 0.473799
vt 0.500905 0.588069
vt 0.456260 0.168708
vt 0.556519 0.621811
vt 0.708756 0.473799
vt 0.330933 0.168708
vt 0.500905 0.713395
vt 0.544281 0.121657
vt 0.682136 0.091791
vt 0.702213 0.091791
vt 0.544281 0.131297
vt 0.672496 0.091791
vt 0.706069 0.260500
vt 0.691777 0.260500
vt 0.706069 0.091791
vt 0.540425 0.121657
vt 0.540425 0.131297
vt 0.682136 0.260500
vt 0.709925 0.260500
vt 0.682136 0.260500
vt 0.536569 0.121657
vt 0.702213 0.260500
vt 0.536569 0.131297
vt 0.672496 0.260500
vt 0.706069 0.091791
vt 0.540425 0.121657
vt 0.691777 0.091791
vt 0.706069 0.260500
vt 0.709925 0.091791
vt 0.682136 0.091791
vt 0.540425 0.131297
s 0
usemtl マテリアル
f 2/4/1 3/9/1 1/1/1
f 4/11/2 7/20/2 3/7/2
f 8/24/3 5/14/3 7/19/3
f 6/17/4 1/2/4 5/13/4
f 7/21/5 1/3/5 3/8/5
f 4/12/6 6/18/6 8/22/6
f 10/27/7 11/29/7 9/25/7
f 12/31/8 13/33/8 11/29/8
f 14/35/9 15/37/9 13/33/9
f 16/39/10 17/41/10 15/37/10
f 17/41/11 20/47/11 19/45/11
f 20/47/12 21/50/12 19/45/12
f 22/54/13 23/56/13 21/49/13
f 24/58/14 25/60/14 23/56/14
f 26/62/15 27/64/15 25/60/15
f 28/66/16 29/69/16 27/64/16
f 30/73/17 31/75/17 29/68/17
f 32/77/18 33/79/18 31/75/18
f 34/81/19 35/83/19 33/79/19
f 36/85/20 37/87/20 35/83/20
f 38/89/21 39/91/21 37/87/21
f 40/93/22 41/95/22 39/91/22
f 42/97/23 43/99/23 41/95/23
f 44/101/24 45/103/24 43/99/24
f 46/105/25 47/107/25 45/103/25
f 48/109/26 49/111/26 47/107/26
f 50/113/27 51/115/27 49/111/27
f 52/117/28 53/120/28 51/115/28
f 54/124/29 55/126/29 53/119/29
f 56/128/30 57/130/30 55/126/30
f 58/132/31 59/134/31 57/130/31
f 60/136/32 61/139/32 59/134/32
f 62/143/33 63/145/33 61/138/33
f 64/147/34 65/149/34 63/145/34
f 65/149/35 68/155/35 67/153/35
f 68/155/36 69/157/36 67/153/36
f 62/144/17 260/562/17 64/148/17
f 70/159/37 71/161/37 69/157/37
f 72/163/38 9/25/38 71/161/38
f 67/154/1 69/158/1 47/108/1
f 74/167/7 75/169/7 73/165/7
f 76/171/8 77/173/8 75/169/8
f 78/175/9 79/177/9 77/173/9
f 80/179/10 81/181/10 79/177/10
f 81/181/11 84/187/11 83/185/11
f 84/187/12 85/190/12 83/185/12
f 86/194/13 87/196/13 85/189/13
f 88/198/14 89/200/14 87/196/14
f 90/202/15 91/204/15 89/200/15
f 92/206/16 93/209/16 91/204/16
f 94/213/17 95/215/17 93/208/17
f 96/217/18 97/219/18 95/215/18
f 98/221/19 99/223/19 97/219/19
f 100/225/20 101/227/20 99/223/20
f 102/229/21 103/231/21 101/227/21
f 104/233/22 105/235/22 103/231/22
f 106/237/23 107/239/23 105/235/23
f 108/241/24 109/243/24 107/239/24
f 110/245/25 111/247/25 109/243/25
f 112/249/26 113/251/26 111/247/26
f 114/253/27 115/255/27 113/251/27
f 116/257/28 117/260/28 115/255/28
f 118/264/29 119/266/29 117/259/29
f 120/268/30 121/270/30 119/266/30
f 122/272/31 123/274/31 121/270/31
f 124/276/32 125/279/32 123/274/32
f 126/283/33 127/285/33 125/278/33
f 128/287/34 129/289/34 127/285/34
f 129/289/35 132/295/35 131/293/35
f 132/295/36 133/297/36 131/293/36
f 80/180/26 205/441/26 82/184/26
f 134/299/37 135/301/37 133/297/37
f 136/303/38 73/165/38 135/301/38
f 131/294/1 133/298/1 111/248/1
f 138/307/7 139/308/7 137/305/7
f 140/310/8 141/311/8 139/308/8
f 142/313/9 143/314/9 141/311/9
f 144/316/10 145/317/10 143/314/10
f 145/317/11 148/322/11 147/320/11
f 148/322/12 149/324/12 147/320/12
f 150/327/13 151/329/13 149/323/13
f 152/331/14 153/333/14 151/329/14
f 154/335/15 155/337/15 153/333/15
f 156/339/16 157/342/16 155/337/16
f 158/346/17 159/348/17 157/341/17
f 160/350/18 161/352/18 159/348/18
f 162/354/19 163/356/19 161/352/19
f 164/358/20 165/360/20 163/356/20
f 166/362/21 167/364/21 165/360/21
f 168/366/22 169/368/22 167/364/22
f 170/370/23 171/372/23 169/368/23
f 172/374/24 173/376/24 171/372/24
f 174/378/25 175/380/25 173/376/25
f 176/382/26 177/384/26 175/380/26
f 178/386/27 179/388/27 177/384/27
f 180/390/28 181/393/28 179/388/28
f 182/397/29 183/399/29 181/392/29
f 184/401/30 185/403/30 183/399/30
f 186/405/31 187/407/31 185/403/31
f 188/409/32 189/412/32 187/407/32
f 190/416/33 191/417/33 189/411/33
f 192/419/34 193/420/34 191/417/34
f 193/420/35 196/425/35 195/423/35
f 196/425/36 197/426/36 195/423/36
f 188/410/16 324/695/16 190/414/16
f 198/428/37 199/429/37 197/426/37
f 200/431/38 137/305/38 199/429/38
f 195/424/1 197/427/1 175/381/1
f 205/440/3 204/438/3 213/458/3
f 98/222/35 214/461/35 100/226/35
f 116/258/12 223/479/12 118/262/12
f 134/300/21 232/499/21 136/304/21
f 90/203/31 210/452/31 92/207/31
f 108/242/8 219/471/8 110/246/8
f 126/284/17 228/491/17 128/288/17
f 82/184/27 206/443/27 84/188/27
f 100/226/36 215/463/36 102/230/36
f 118/265/13 224/482/13 120/269/13
f 74/168/23 202/435/23 76/172/23
f 136/304/22 201/433/22 74/168/22
f 92/207/32 211/454/32 94/211/32
f 110/246/9 220/473/9 112/250/9
f 128/288/18 229/493/18 130/292/18
f 84/188/28 207/445/28 86/192/28
f 102/230/37 216/465/37 104/234/37
f 120/269/14 225/484/14 122/273/14
f 76/172/24 203/437/24 78/176/24
f 94/214/33 212/457/33 96/218/33
f 112/250/10 221/475/10 114/254/10
f 130/292/19 230/495/19 132/296/19
f 86/195/29 208/448/29 88/199/29
f 104/234/38 217/467/38 106/238/38
f 122/273/15 226/486/15 124/277/15
f 78/176/25 204/439/25 80/180/25
f 96/218/34 213/459/34 98/222/34
f 114/254/11 222/477/11 116/258/11
f 132/296/20 231/497/20 134/300/20
f 88/199/30 209/450/30 90/203/30
f 106/238/7 218/469/7 108/242/7
f 124/277/16 227/489/16 126/281/16
f 256/552/39 289/624/39 257/555/39
f 18/44/27 238/510/27 20/48/27
f 36/86/36 247/532/36 38/90/36
f 54/125/13 256/553/13 56/129/13
f 10/28/23 234/502/23 12/32/23
f 72/164/22 233/500/22 10/28/22
f 28/67/32 243/523/32 30/71/32
f 46/106/9 252/542/9 48/110/9
f 66/152/18 260/562/18 261/564/18
f 20/48/28 239/513/28 22/52/28
f 38/90/37 248/534/37 40/94/37
f 56/129/14 257/554/14 58/133/14
f 12/32/24 235/504/24 14/36/24
f 30/74/33 244/526/33 32/78/33
f 48/110/10 253/544/10 50/114/10
f 66/152/19 262/566/19 68/156/19
f 22/55/29 240/516/29 24/59/29
f 40/94/38 249/536/38 42/98/38
f 58/133/15 258/556/15 60/137/15
f 14/36/25 236/506/25 16/40/25
f 32/78/34 245/528/34 34/82/34
f 50/114/11 254/546/11 52/118/11
f 68/156/20 263/568/20 70/160/20
f 24/59/30 241/518/30 26/63/30
f 42/98/7 250/538/7 44/102/7
f 60/137/16 259/560/16 62/141/16
f 16/40/26 237/508/26 18/44/26
f 34/82/35 246/530/35 36/86/35
f 52/118/12 255/550/12 54/122/12
f 70/160/21 264/570/21 72/164/21
f 26/63/31 242/520/31 28/67/31
f 44/102/8 251/540/8 46/106/8
f 269/580/3 268/578/3 277/598/3
f 243/525/40 276/597/40 244/527/40
f 257/555/41 290/626/41 258/557/41
f 244/527/42 277/599/42 245/529/42
f 258/557/43 291/628/43 259/558/43
f 245/529/44 278/601/44 246/531/44
f 259/561/45 292/631/45 260/563/45
f 246/531/46 279/603/46 247/533/46
f 233/501/47 266/575/47 234/503/47
f 260/563/48 293/633/48 261/565/48
f 247/533/49 280/605/49 248/535/49
f 234/503/50 267/577/50 235/505/50
f 261/565/51 294/635/51 262/567/51
f 248/535/52 281/607/52 249/537/52
f 235/505/53 268/579/53 236/507/53
f 262/567/54 295/637/54 263/569/54
f 249/537/55 282/609/55 250/539/55
f 236/507/56 269/581/56 237/509/56
f 263/569/57 296/639/57 264/571/57
f 250/539/58 283/611/58 251/541/58
f 237/509/59 270/583/59 238/511/59
f 264/571/60 265/573/60 233/501/60
f 251/541/61 284/613/61 252/543/61
f 238/511/62 271/585/62 239/512/62
f 252/543/63 285/615/63 253/545/63
f 239/515/64 272/588/64 240/517/64
f 253/545/65 286/617/65 254/547/65
f 240/517/14 273/590/14 241/519/14
f 254/547/66 287/619/66 255/548/66
f 241/519/15 274/592/15 242/521/15
f 255/551/67 288/622/67 256/552/67
f 242/521/68 275/595/68 243/522/68
f 302/648/3 301/646/3 310/666/3
f 146/319/26 301/647/26 302/649/26
f 162/355/35 311/669/35 164/359/35
f 180/391/12 320/687/12 182/395/12
f 198/428/21 329/707/21 200/431/21
f 154/336/31 307/660/31 156/340/31
f 172/375/8 316/679/8 174/379/8
f 190/416/17 325/699/17 192/419/17
f 146/319/27 303/651/27 148/322/27
f 164/359/36 312/671/36 166/363/36
f 182/398/13 321/690/13 184/402/13
f 138/307/23 299/643/23 140/310/23
f 200/431/22 298/641/22 138/307/22
f 156/340/32 308/662/32 158/344/32
f 174/379/9 317/681/9 176/383/9
f 194/422/18 325/699/18 326/701/18
f 148/322/28 304/653/28 150/326/28
f 166/363/37 313/673/37 168/367/37
f 184/402/14 322/692/14 186/406/14
f 140/310/24 300/645/24 142/313/24
f 158/347/33 309/665/33 160/351/33
f 176/383/10 318/683/10 178/387/10
f 194/422/19 327/703/19 196/425/19
f 150/328/29 305/656/29 152/332/29
f 168/367/38 314/675/38 170/371/38
f 186/406/15 323/694/15 188/410/15
f 142/313/25 301/647/25 144/316/25
f 160/351/34 310/667/34 162/355/34
f 178/387/11 319/685/11 180/391/11
f 196/425/20 328/705/20 198/428/20
f 152/332/30 306/658/30 154/336/30
f 170/371/7 315/677/7 172/375/7
f 331/711/69 332/712/69 330/708/69
f 333/714/70 334/716/70 332/712/70
f 335/718/71 336/720/71 334/716/71
f 337/722/72 338/724/72 336/720/72
f 339/726/73 340/728/73 338/724/73
f 341/730/74 342/732/74 340/728/74
f 343/734/75 344/737/75 342/732/75
f 345/740/76 346/742/76 344/736/76
f 347/744/77 348/747/77 346/742/77
f 349/750/78 350/752/78 348/746/78
f 351/754/79 352/756/79 350/752/79
f 353/758/80 354/760/80 352/756/80
f 355/762/81 356/764/81 354/760/81
f 357/766/82 358/768/82 356/764/82
f 359/770/83 360/772/83 358/768/83
f 361/774/84 362/776/84 360/772/84
f 363/778/85 364/780/85 362/776/85
f 365/782/86 366/784/86 364/780/86
f 367/786/87 368/788/87 366/784/87
f 369/790/88 370/792/88 368/788/88
f 371/794/89 372/796/89 370/792/89
f 373/798/90 374/800/90 372/796/90
f 375/802/91 376/805/91 374/800/91
f 377/808/92 378/810/92 376/804/92
f 379/812/93 380/815/93 378/810/93
f 381/818/94 382/820/94 380/814/94
f 383/822/95 384/824/95 382/820/95
f 385/826/96 386/828/96 384/824/96
f 387/830/97 388/832/97 386/828/97
f 389/834/98 390/836/98 388/832/98
f 339/727/6 337/723/6 355/763/6
f 391/839/99 392/840/99 390/836/99
f 393/843/100 330/708/100 392/840/100
f 388/833/5 390/837/5 368/789/5
f 395/847/101 396/848/101 394/844/101
f 397/850/102 398/852/102 396/848/102
f 399/854/103 400/856/103 398/852/103
f 401/858/104 402/860/104 400/856/104
f 403/862/105 404/864/105 402/860/105
f 405/866/106 406/868/106 404/864/106
f 407/870/107 408/873/107 406/868/107
f 409/876/108 410/878/108 408/872/108
f 411/880/109 412/883/109 410/878/109
f 413/886/110 414/888/110 412/882/110
f 415/890/111 416/892/111 414/888/111
f 417/894/112 418/896/112 416/892/112
f 419/898/113 420/900/113 418/896/113
f 421/902/114 422/904/114 420/900/114
f 423/906/115 424/908/115 422/904/115
f 425/910/116 426/912/116 424/908/116
f 427/914/117 428/916/117 426/912/117
f 429/918/118 430/920/118 428/916/118
f 431/922/119 432/924/119 430/920/119
f 433/926/120 434/928/120 432/924/120
f 435/930/121 436/932/121 434/928/121
f 437/934/122 438/936/122 436/932/122
f 439/938/123 440/941/123 438/936/123
f 441/944/124 442/946/124 440/940/124
f 443/948/125 444/951/125 442/946/125
f 445/954/126 446/956/126 444/950/126
f 447/958/127 448/960/127 446/956/127
f 449/962/128 450/964/128 448/960/128
f 451/966/129 452/968/129 450/964/129
f 453/970/130 454/972/130 452/968/130
f 403/863/2 401/859/2 419/899/2
f 455/975/131 456/976/131 454/972/131
f 457/979/132 394/844/132 456/976/132
f 452/969/4 454/973/4 432/925/4
f 459/983/77 460/985/77 458/980/77
f 461/988/78 462/990/78 460/984/78
f 463/992/79 464/994/79 462/990/79
f 465/996/80 466/998/80 464/994/80
f 467/1000/81 468/1002/81 466/998/81
f 469/1004/82 470/1006/82 468/1002/82
f 471/1008/83 472/1010/83 470/1006/83
f 473/1012/84 474/1014/84 472/1010/84
f 475/1016/85 476/1018/85 474/1014/85
f 477/1020/86 478/1022/86 476/1018/86
f 479/1024/87 480/1026/87 478/1022/87
f 481/1028/88 482/1030/88 480/1026/88
f 483/1032/89 484/1034/89 482/1030/89
f 485/1036/90 486/1038/90 484/1034/90
f 487/1040/91 488/1043/91 486/1038/91
f 489/1046/92 490/1048/92 488/1042/92
f 491/1050/93 492/1053/93 490/1048/93
f 493/1056/94 494/1058/94 492/1052/94
f 495/1060/95 496/1062/95 494/1058/95
f 497/1064/96 498/1066/96 496/1062/96
f 499/1068/97 500/1070/97 498/1066/97
f 501/1072/98 502/1074/98 500/1070/98
f 503/1076/99 504/1078/99 502/1074/99
f 505/1080/100 506/1082/100 504/1078/100
f 507/1084/69 508/1086/69 506/1082/69
f 509/1088/70 510/1090/70 508/1086/70
f 511/1092/71 512/1094/71 510/1090/71
f 513/1096/72 514/1098/72 512/1094/72
f 515/1100/73 516/1102/73 514/1098/73
f 517/1104/74 518/1106/74 516/1102/74
f 467/1001/6 465/997/6 515/1101/6
f 519/1109/75 520/1111/75 518/1106/75
f 521/1115/76 458/980/76 520/1110/76
f 516/1103/133 518/1107/133 464/995/133
f 534/1133/134 523/1117/134 522/1116/134
f 535/1135/135 524/1119/135 523/1118/135
f 536/1137/136 525/1120/136 524/1119/136
f 537/1138/137 526/1121/137 525/1120/137
f 538/1139/138 527/1122/138 526/1121/138
f 539/1141/139 528/1124/139 527/1123/139
f 528/1124/140 541/1146/140 529/1125/140
f 529/1126/141 542/1148/141 530/1127/141
f 530/1127/142 543/1149/142 531/1128/142
f 531/1128/143 544/1150/143 532/1129/143
f 532/1129/144 545/1151/144 533/1130/144
f 533/1131/145 534/1133/145 522/1116/145
f 546/1154/146 535/1136/146 534/1132/146
f 547/1155/147 536/1137/147 535/1135/147
f 548/1157/148 537/1138/148 536/1137/148
f 549/1158/149 538/1139/149 537/1138/149
f 550/1159/150 539/1142/150 538/1139/150
f 551/1160/151 540/1144/151 539/1140/151
f 540/1144/152 553/1163/152 541/1145/152
f 541/1147/153 554/1165/153 542/1148/153
f 542/1148/154 555/1166/154 543/1149/154
f 543/1149/155 556/1167/155 544/1150/155
f 544/1150/156 557/1168/156 545/1151/156
f 545/1153/157 546/1154/157 534/1132/157
f 558/1170/158 547/1156/158 546/1154/158
f 559/1171/159 548/1157/159 547/1155/159
f 560/1173/160 549/1158/160 548/1157/160
f 561/1175/161 550/1159/161 549/1158/161
f 562/1177/162 551/1161/162 550/1159/162
f 563/1179/163 552/1162/163 551/1160/163
f 552/1162/164 565/1182/164 553/1163/164
f 553/1164/165 566/1184/165 554/1165/165
f 554/1165/166 567/1185/166 555/1166/166
f 555/1166/167 568/1186/167 556/1167/167
f 556/1167/168 569/1188/168 557/1168/168
f 557/1169/169 558/1170/169 546/1154/169
f 570/1190/170 559/1172/170 558/1170/170
f 571/1191/171 560/1174/171 559/1172/171
f 572/1192/172 561/1175/172 560/1173/172
f 573/1194/173 562/1177/173 561/1175/173
f 574/1195/174 563/1179/174 562/1176/174
f 575/1197/175 564/1180/175 563/1179/175
f 564/1180/176 577/1199/176 565/1182/176
f 565/1182/177 578/1200/177 566/1183/177
f 566/1184/178 579/1202/178 567/1185/178
f 567/1185/179 580/1203/179 568/1186/179
f 568/1187/180 581/1205/180 569/1189/180
f 569/1189/181 570/1190/181 558/1170/181
f 582/1206/182 571/1191/182 570/1190/182
f 583/1207/183 572/1193/183 571/1191/183
f 584/1208/184 573/1194/184 572/1192/184
f 585/1210/185 574/1196/185 573/1194/185
f 586/1211/186 575/1197/186 574/1195/186
f 587/1213/187 576/1198/187 575/1197/187
f 576/1198/188 589/1215/188 577/1199/188
f 577/1199/189 590/1216/189 578/1200/189
f 578/1201/190 591/1218/190 579/1202/190
f 579/1202/191 592/1219/191 580/1203/191
f 580/1204/192 593/1221/192 581/1205/192
f 581/1205/193 582/1206/193 570/1190/193
f 594/1222/194 583/1207/194 582/1206/194
f 595/1223/195 584/1209/195 583/1207/195
f 596/1224/196 585/1210/196 584/1208/196
f 597/1226/197 586/1212/197 585/1210/197
f 598/1227/198 587/1213/198 586/1211/198
f 599/1229/199 588/1214/199 587/1213/199
f 588/1214/200 601/1231/200 589/1215/200
f 589/1215/201 602/1232/201 590/1216/201
f 590/1217/202 603/1234/202 591/1218/202
f 591/1218/203 604/1235/203 592/1219/203
f 592/1220/204 605/1237/204 593/1221/204
f 593/1221/205 594/1222/205 582/1206/205
f 606/1238/206 595/1223/206 594/1222/206
f 607/1239/207 596/1225/207 595/1223/207
f 608/1240/208 597/1226/208 596/1224/208
f 609/1242/209 598/1228/209 597/1226/209
f 610/1243/210 599/1229/210 598/1227/210
f 611/1245/211 600/1230/211 599/1229/211
f 600/1230/212 613/1247/212 601/1231/212
f 601/1231/213 614/1248/213 602/1232/213
f 602/1233/214 615/1250/214 603/1234/214
f 603/1234/215 616/1251/215 604/1235/215
f 604/1236/216 617/1253/216 605/1237/216
f 605/1237/217 606/1238/217 594/1222/217
f 618/1254/218 607/1239/218 606/1238/218
f 619/1255/219 608/1241/219 607/1239/219
f 620/1256/220 609/1242/220 608/1240/220
f 621/1258/221 610/1244/221 609/1242/221
f 622/1259/222 611/1245/222 610/1243/222
f 623/1261/223 612/1246/223 611/1245/223
f 612/1246/224 625/1263/224 613/1247/224
f 613/1247/225 626/1264/225 614/1248/225
f 614/1249/226 627/1266/226 615/1250/226
f 615/1250/227 628/1267/227 616/1251/227
f 616/1252/228 629/1269/228 617/1253/228
f 617/1253/229 618/1254/229 606/1238/229
f 630/1270/230 619/1255/230 618/1254/230
f 631/1271/231 620/1257/231 619/1255/231
f 632/1272/232 621/1258/232 620/1256/232
f 633/1274/233 622/1260/233 621/1258/233
f 634/1275/234 623/1261/234 622/1259/234
f 635/1277/235 624/1262/235 623/1261/235
f 624/1262/236 637/1279/236 625/1263/236
f 625/1263/237 638/1280/237 626/1264/237
f 626/1265/238 639/1282/238 627/1266/238
f 627/1266/239 640/1283/239 628/1267/239
f 628/1268/240 641/1285/240 629/1269/240
f 629/1269/241 630/1270/241 618/1254/241
f 642/1286/242 631/1271/242 630/1270/242
f 643/1287/243 632/1273/243 631/1271/243
f 644/1288/244 633/1274/244 632/1272/244
f 645/1290/245 634/1276/245 633/1274/245
f 646/1291/246 635/1277/246 634/1275/246
f 647/1293/247 636/1278/247 635/1277/247
f 636/1278/248 649/1295/248 637/1279/248
f 637/1279/249 650/1296/249 638/1280/249
f 638/1281/250 651/1298/250 639/1282/250
f 639/1282/251 652/1299/251 640/1283/251
f 640/1284/252 653/1301/252 641/1285/252
f 641/1285/253 642/1286/253 630/1270/253
f 654/1302/254 643/1287/254 642/1286/254
f 655/1303/255 644/1289/255 643/1287/255
f 656/1304/256 645/1290/256 644/1288/256
f 657/1306/257 646/1292/257 645/1290/257
f 658/1307/258 647/1293/258 646/1291/258
f 659/1309/259 648/1294/259 647/1293/259
f 648/1294/260 661/1311/260 649/1295/260
f 649/1295/261 662/1312/261 650/1296/261
f 650/1297/262 663/1314/262 651/1298/262
f 651/1298/263 664/1315/263 652/1299/263
f 652/1300/264 665/1317/264 653/1301/264
f 653/1301/265 654/1302/265 642/1286/265
f 666/1318/266 655/1303/266 654/1302/266
f 667/1319/267 656/1305/267 655/1303/267
f 668/1321/268 657/1306/268 656/1304/268
f 669/1322/269 658/1308/269 657/1306/269
f 670/1324/270 659/1309/270 658/1307/270
f 671/1325/271 660/1310/271 659/1309/271
f 660/1310/272 673/1327/272 661/1311/272
f 661/1311/273 674/1329/273 662/1312/273
f 662/1313/274 675/1330/274 663/1314/274
f 663/1314/275 676/1332/275 664/1315/275
f 664/1316/276 677/1333/276 665/1317/276
f 665/1317/277 666/1318/277 654/1302/277
f 666/1318/278 679/1335/278 667/1319/278
f 667/1319/279 680/1336/279 668/1320/279
f 668/1321/280 681/1338/280 669/1322/280
f 669/1322/281 682/1339/281 670/1323/281
f 670/1324/282 683/1341/282 671/1325/282
f 671/1325/283 684/1342/283 672/1326/283
f 684/1342/284 673/1327/284 672/1326/284
f 685/1343/285 674/1329/285 673/1327/285
f 686/1344/286 675/1330/286 674/1328/286
f 687/1346/287 676/1332/287 675/1330/287
f 688/1347/288 677/1333/288 676/1331/288
f 689/1349/289 666/1318/289 677/1333/289
f 678/1334/290 691/1351/290 679/1335/290
f 679/1335/291 692/1352/291 680/1336/291
f 680/1337/292 693/1354/292 681/1338/292
f 681/1338/293 694/1355/293 682/1339/293
f 682/1340/294 695/1357/294 683/1341/294
f 683/1341/295 696/1358/295 684/1342/295
f 696/1358/296 685/1343/296 684/1342/296
f 697/1359/297 686/1345/297 685/1343/297
f 698/1360/298 687/1346/298 686/1344/298
f 699/1362/299 688/1348/299 687/1346/299
f 700/1363/300 689/1349/300 688/1347/300
f 701/1365/301 678/1334/301 689/1349/301
f 690/1350/302 703/1367/302 691/1351/302
f 691/1351/303 704/1368/303 692/1352/303
f 692/1353/304 705/1370/304 693/1354/304
f 693/1354/305 706/1371/305 694/1355/305
f 694/1356/306 707/1373/306 695/1357/306
f 695/1357/307 708/1374/307 696/1358/307
f 708/1374/308 697/1359/308 696/1358/308
f 709/1375/309 698/1361/309 697/1359/309
f 710/1376/310 699/1362/310 698/1360/310
f 711/1378/311 700/1364/311 699/1362/311
f 712/1379/312 701/1365/312 700/1363/312
f 713/1381/313 690/1350/313 701/1365/313
f 702/1366/314 715/1383/314 703/1367/314
f 703/1367/315 716/1384/315 704/1368/315
f 704/1369/316 717/1386/316 705/1370/316
f 705/1370/317 718/1387/317 706/1371/317
f 706/1372/318 719/1389/318 707/1373/318
f 707/1373/319 720/1390/319 708/1374/319
f 720/1390/320 709/1375/320 708/1374/320
f 721/1391/321 710/1377/321 709/1375/321
f 722/1392/322 711/1378/322 710/1376/322
f 723/1394/323 712/1380/323 711/1378/323
f 724/1395/324 713/1381/324 712/1379/324
f 725/1397/325 702/1366/325 713/1381/325
f 714/1382/326 727/1399/326 715/1383/326
f 715/1383/327 728/1400/327 716/1384/327
f 716/1385/328 729/1402/328 717/1386/328
f 717/1386/329 730/1403/329 718/1387/329
f 718/1388/330 731/1405/330 719/1389/330
f 719/1389/331 732/1406/331 720/1390/331
f 732/1406/332 721/1391/332 720/1390/332
f 733/1407/333 722/1393/333 721/1391/333
f 734/1408/334 723/1394/334 722/1392/334
f 735/1410/335 724/1396/335 723/1394/335
f 736/1411/336 725/1397/336 724/1395/336
f 737/1413/337 714/1382/337 725/1397/337
f 726/1398/338 739/1415/338 727/1399/338
f 727/1399/339 740/1416/339 728/1400/339
f 728/1401/340 741/1418/340 729/1402/340
f 729/1402/341 742/1419/341 730/1403/341
f 730/1404/342 743/1421/342 731/1405/342
f 731/1405/343 744/1422/343 732/1406/343
f 744/1422/344 733/1407/344 732/1406/344
f 745/1423/345 734/1409/345 733/1407/345
f 746/1424/346 735/1410/346 734/1408/346
f 747/1426/347 736/1412/347 735/1410/347
f 748/1427/348 737/1413/348 736/1411/348
f 749/1429/349 726/1398/349 737/1413/349
f 738/1414/350 751/1431/350 739/1415/350
f 739/1415/351 752/1432/351 740/1416/351
f 740/1417/352 753/1434/352 741/1418/352
f 741/1418/353 754/1435/353 742/1419/353
f 742/1420/354 755/1437/354 743/1421/354
f 743/1421/355 756/1438/355 744/1422/355
f 756/1438/356 745/1423/356 744/1422/356
f 757/1439/357 746/1425/357 745/1423/357
f 758/1440/358 747/1426/358 746/1424/358
f 759/1442/359 748/1428/359 747/1426/359
f 760/1443/360 749/1429/360 748/1427/360
f 761/1445/361 738/1414/361 749/1429/361
f 750/1430/362 763/1447/362 751/1431/362
f 751/1431/363 764/1448/363 752/1432/363
f 752/1433/364 765/1450/364 753/1434/364
f 753/1434/365 766/1451/365 754/1435/365
f 754/1436/366 767/1453/366 755/1437/366
f 755/1437/367 768/1454/367 756/1438/367
f 768/1454/368 757/1439/368 756/1438/368
f 769/1455/369 758/1441/369 757/1439/369
f 770/1456/370 759/1442/370 758/1440/370
f 771/1458/371 760/1444/371 759/1442/371
f 772/1459/372 761/1445/372 760/1443/372
f 773/1461/373 750/1430/373 761/1445/373
f 762/1446/374 775/1463/374 763/1447/374
f 763/1447/375 776/1465/375 764/1448/375
f 764/1449/376 777/1467/376 765/1450/376
f 765/1450/377 778/1469/377 766/1451/377
f 766/1452/378 779/1471/378 767/1453/378
f 767/1453/379 780/1472/379 768/1454/379
f 780/1472/380 769/1455/380 768/1454/380
f 781/1474/381 770/1457/381 769/1455/381
f 782/1476/382 771/1458/382 770/1456/382
f 783/1477/383 772/1460/383 771/1458/383
f 784/1478/384 773/1461/384 772/1459/384
f 785/1480/385 762/1446/385 773/1461/385
f 774/1462/386 787/1483/386 775/1463/386
f 775/1464/387 788/1485/387 776/1466/387
f 776/1466/388 789/1486/388 777/1467/388
f 777/1467/389 790/1487/389 778/1469/389
f 778/1469/390 791/1488/390 779/1470/390
f 779/1471/391 792/1490/391 780/1472/391
f 792/1490/392 781/1474/392 780/1472/392
f 793/1491/393 782/1476/393 781/1473/393
f 794/1493/394 783/1477/394 782/1476/394
f 795/1494/395 784/1479/395 783/1477/395
f 796/1495/396 785/1481/396 784/1479/396
f 797/1496/397 774/1462/397 785/1480/397
f 786/1482/398 799/1501/398 787/1483/398
f 787/1484/399 800/1503/399 788/1485/399
f 788/1485/400 801/1504/400 789/1486/400
f 789/1486/401 802/1505/401 790/1487/401
f 790/1487/402 803/1506/402 791/1488/402
f 791/1489/403 804/1510/403 792/1490/403
f 804/1510/404 793/1492/404 792/1490/404
f 805/1512/405 794/1493/405 793/1491/405
f 806/1514/406 795/1494/406 794/1493/406
f 807/1515/407 796/1495/407 795/1494/407
f 808/1516/408 797/1497/408 796/1495/408
f 809/1518/409 786/1482/409 797/1496/409
f 798/1499/410 811/1522/410 799/1500/410
f 799/1502/411 812/1523/411 800/1503/411
f 800/1503/412 813/1524/412 801/1504/412
f 801/1504/413 814/1525/413 802/1505/413
f 802/1505/414 815/1527/414 803/1506/414
f 803/1508/415 816/1528/415 804/1509/415
f 816/1528/416 805/1513/416 804/1509/416
f 817/1530/417 806/1514/417 805/1512/417
f 818/1531/418 807/1515/418 806/1514/418
f 819/1532/419 808/1516/419 807/1515/419
f 820/1533/420 809/1519/420 808/1516/420
f 821/1535/421 798/1499/421 809/1517/421
f 822/1537/139 811/1522/139 810/1520/139
f 823/1539/138 812/1523/138 811/1521/138
f 824/1541/137 813/1524/137 812/1523/137
f 825/1542/136 814/1525/136 813/1524/136
f 826/1543/135 815/1527/135 814/1525/135
f 827/1545/134 816/1528/134 815/1526/134
f 816/1528/145 829/1550/145 817/1529/145
f 817/1530/144 830/1552/144 818/1531/144
f 818/1531/143 831/1553/143 819/1532/143
f 819/1532/142 832/1554/142 820/1533/142
f 820/1533/141 833/1555/141 821/1534/141
f 821/1535/140 822/1537/140 810/1520/140
f 834/1558/151 823/1540/151 822/1536/151
f 835/1559/150 824/1541/150 823/1539/150
f 836/1561/149 825/1542/149 824/1541/149
f 837/1562/148 826/1543/148 825/1542/148
f 838/1563/422 827/1546/422 826/1543/422
f 839/1564/146 828/1548/146 827/1544/146
f 828/1548/157 841/1567/157 829/1549/157
f 829/1551/423 842/1569/423 830/1552/423
f 830/1552/424 843/1570/424 831/1553/424
f 831/1553/425 844/1571/425 832/1554/425
f 832/1554/426 845/1572/426 833/1555/426
f 833/1557/152 834/1558/152 822/1536/152
f 846/1574/163 835/1560/163 834/1558/163
f 847/1575/427 836/1561/427 835/1559/427
f 848/1577/161 837/1562/161 836/1561/161
f 849/1579/160 838/1563/160 837/1562/160
f 850/1581/428 839/1565/428 838/1563/428
f 851/1583/158 840/1566/158 839/1564/158
f 840/1566/169 853/1586/169 841/1567/169
f 841/1568/168 854/1588/168 842/1569/168
f 842/1569/167 855/1589/167 843/1570/167
f 843/1570/166 856/1590/166 844/1571/166
f 844/1571/429 857/1592/429 845/1572/429
f 845/1573/164 846/1574/164 834/1558/164
f 858/1594/175 847/1576/175 846/1574/175
f 859/1595/430 848/1578/430 847/1576/430
f 860/1596/173 849/1579/173 848/1577/173
f 861/1598/172 850/1581/172 849/1579/172
f 862/1599/431 851/1583/431 850/1580/431
f 863/1601/170 852/1584/170 851/1583/170
f 852/1584/181 865/1603/181 853/1586/181
f 853/1586/180 866/1604/180 854/1587/180
f 854/1588/179 867/1606/179 855/1589/179
f 855/1589/178 868/1607/178 856/1590/178
f 856/1591/432 869/1609/432 857/1593/432
f 857/1593/176 858/1594/176 846/1574/176
f 870/1610/187 859/1595/187 858/1594/187
f 871/1611/186 860/1597/186 859/1595/186
f 872/1612/185 861/1598/185 860/1596/185
f 873/1614/184 862/1600/184 861/1598/184
f 874/1615/433 863/1601/433 862/1599/433
f 875/1617/182 864/1602/182 863/1601/182
f 864/1602/193 877/1619/193 865/1603/193
f 865/1603/434 878/1620/434 866/1604/434
f 866/1605/191 879/1622/191 867/1606/191
f 867/1606/190 880/1623/190 868/1607/190
f 868/1608/435 881/1625/435 869/1609/435
f 869/1609/188 870/1610/188 858/1594/188
f 882/1626/199 871/1611/199 870/1610/199
f 883/1627/198 872/1613/198 871/1611/198
f 884/1628/197 873/1614/197 872/1612/197
f 885/1630/196 874/1616/196 873/1614/196
f 886/1631/195 875/1617/195 874/1615/195
f 887/1633/194 876/1618/194 875/1617/194
f 876/1618/205 889/1635/205 877/1619/205
f 877/1619/204 890/1636/204 878/1620/204
f 878/1621/203 891/1638/203 879/1622/203
f 879/1622/202 892/1639/202 880/1623/202
f 880/1624/436 893/1641/436 881/1625/436
f 881/1625/200 882/1626/200 870/1610/200
f 894/1642/211 883/1627/211 882/1626/211
f 895/1643/210 884/1629/210 883/1627/210
f 896/1644/209 885/1630/209 884/1628/209
f 897/1646/208 886/1632/208 885/1630/208
f 898/1647/207 887/1633/207 886/1631/207
f 899/1649/206 888/1634/206 887/1633/206
f 888/1634/217 901/1651/217 889/1635/217
f 889/1635/216 902/1652/216 890/1636/216
f 890/1637/215 903/1654/215 891/1638/215
f 891/1638/214 904/1655/214 892/1639/214
f 892/1640/213 905/1657/213 893/1641/213
f 893/1641/212 894/1642/212 882/1626/212
f 906/1658/223 895/1643/223 894/1642/223
f 907/1659/222 896/1645/222 895/1643/222
f 908/1660/221 897/1646/221 896/1644/221
f 909/1662/220 898/1648/220 897/1646/220
f 910/1663/219 899/1649/219 898/1647/219
f 911/1665/218 900/1650/218 899/1649/218
f 900/1650/437 913/1667/437 901/1651/437
f 901/1651/228 914/1668/228 902/1652/228
f 902/1653/227 915/1670/227 903/1654/227
f 903/1654/226 916/1671/226 904/1655/226
f 904/1656/225 917/1673/225 905/1657/225
f 905/1657/224 906/1658/224 894/1642/224
f 918/1674/235 907/1659/235 906/1658/235
f 919/1675/438 908/1661/438 907/1659/438
f 920/1676/233 909/1662/233 908/1660/233
f 921/1678/232 910/1664/232 909/1662/232
f 922/1679/439 911/1665/439 910/1663/439
f 923/1681/230 912/1666/230 911/1665/230
f 912/1666/241 925/1683/241 913/1667/241
f 913/1667/240 926/1684/240 914/1668/240
f 914/1669/239 927/1686/239 915/1670/239
f 915/1670/238 928/1687/238 916/1671/238
f 916/1672/237 929/1689/237 917/1673/237
f 917/1673/236 918/1674/236 906/1658/236
f 930/1690/247 919/1675/247 918/1674/247
f 931/1691/440 920/1677/440 919/1675/440
f 932/1692/245 921/1678/245 920/1676/245
f 933/1694/244 922/1680/244 921/1678/244
f 934/1695/441 923/1681/441 922/1679/441
f 935/1697/242 924/1682/242 923/1681/242
f 924/1682/253 937/1699/253 925/1683/253
f 925/1683/442 938/1700/442 926/1684/442
f 926/1685/251 939/1702/251 927/1686/251
f 927/1686/250 940/1703/250 928/1687/250
f 928/1688/443 941/1705/443 929/1689/443
f 929/1689/248 930/1690/248 918/1674/248
f 942/1706/259 931/1691/259 930/1690/259
f 943/1707/258 932/1693/258 931/1691/258
f 944/1708/257 933/1694/257 932/1692/257
f 945/1710/256 934/1696/256 933/1694/256
f 946/1711/255 935/1697/255 934/1695/255
f 947/1713/254 936/1698/254 935/1697/254
f 936/1698/265 949/1715/265 937/1699/265
f 937/1699/444 950/1716/444 938/1700/444
f 938/1701/263 951/1718/263 939/1702/263
f 939/1702/262 952/1719/262 940/1703/262
f 940/1704/445 953/1721/445 941/1705/445
f 941/1705/260 942/1706/260 930/1690/260
f 954/1722/271 943/1707/271 942/1706/271
f 955/1723/446 944/1709/446 943/1707/446
f 956/1725/447 945/1710/447 944/1708/447
f 957/1726/448 946/1712/448 945/1710/448
f 958/1728/267 947/1713/267 946/1711/267
f 959/1729/266 948/1714/266 947/1713/266
f 948/1714/277 961/1731/277 949/1715/277
f 949/1715/276 962/1733/276 950/1716/276
f 950/1717/275 963/1734/275 951/1718/275
f 951/1718/274 964/1736/274 952/1719/274
f 952/1720/449 965/1737/449 953/1721/449
f 953/1721/272 954/1722/272 942/1706/272
f 954/1722/283 967/1739/283 955/1723/283
f 955/1723/282 968/1740/282 956/1724/282
f 956/1725/450 969/1742/450 957/1726/450
f 957/1726/451 970/1743/451 958/1727/451
f 958/1728/279 971/1745/279 959/1729/279
f 959/1729/278 972/1746/278 960/1730/278
f 972/1746/289 961/1731/289 960/1730/289
f 973/1747/288 962/1733/288 961/1731/288
f 974/1748/287 963/1734/287 962/1732/287
f 975/1750/286 964/1736/286 963/1734/286
f 976/1751/285 965/1737/285 964/1735/285
f 977/1753/284 954/1722/284 965/1737/284
f 966/1738/295 979/1755/295 967/1739/295
f 967/1739/294 980/1756/294 968/1740/294
f 968/1741/293 981/1758/293 969/1742/293
f 969/1742/292 982/1759/292 970/1743/292
f 970/1744/291 983/1761/291 971/1745/291
f 971/1745/290 984/1762/290 972/1746/290
f 984/1762/301 973/1747/301 972/1746/301
f 985/1763/300 974/1749/300 973/1747/300
f 986/1764/299 975/1750/299 974/1748/299
f 987/1766/298 976/1752/298 975/1750/298
f 988/1767/297 977/1753/297 976/1751/297
f 989/1769/296 966/1738/296 977/1753/296
f 978/1754/307 991/1771/307 979/1755/307
f 979/1755/306 992/1772/306 980/1756/306
f 980/1757/452 993/1774/452 981/1758/452
f 981/1758/453 994/1775/453 982/1759/453
f 982/1760/303 995/1777/303 983/1761/303
f 983/1761/302 996/1778/302 984/1762/302
f 996/1778/313 985/1763/313 984/1762/313
f 997/1779/454 986/1765/454 985/1763/454
f 998/1780/455 987/1766/455 986/1764/455
f 999/1782/456 988/1768/456 987/1766/456
f 1000/1783/457 989/1769/457 988/1767/457
f 1001/1785/308 978/1754/308 989/1769/308
f 990/1770/319 1003/1787/319 991/1771/319
f 991/1771/318 1004/1788/318 992/1772/318
f 992/1773/317 1005/1790/317 993/1774/317
f 993/1774/316 1006/1791/316 994/1775/316
f 994/1776/315 1007/1793/315 995/1777/315
f 995/1777/314 1008/1794/314 996/1778/314
f 1008/1794/325 997/1779/325 996/1778/325
f 1009/1795/458 998/1781/458 997/1779/458
f 1010/1796/323 999/1782/323 998/1780/323
f 1011/1798/322 1000/1784/322 999/1782/322
f 1012/1799/459 1001/1785/459 1000/1783/459
f 1013/1801/320 990/1770/320 1001/1785/320
f 1002/1786/331 1015/1803/331 1003/1787/331
f 1003/1787/460 1016/1804/460 1004/1788/460
f 1004/1789/329 1017/1806/329 1005/1790/329
f 1005/1790/328 1018/1807/328 1006/1791/328
f 1006/1792/461 1019/1809/461 1007/1793/461
f 1007/1793/326 1020/1810/326 1008/1794/326
f 1020/1810/462 1009/1795/462 1008/1794/462
f 1021/1811/336 1010/1797/336 1009/1795/336
f 1022/1812/335 1011/1798/335 1010/1796/335
f 1023/1814/334 1012/1800/334 1011/1798/334
f 1024/1815/333 1013/1801/333 1012/1799/333
f 1025/1817/463 1002/1786/463 1013/1801/463
f 1014/1802/343 1027/1819/343 1015/1803/343
f 1015/1803/464 1028/1820/464 1016/1804/464
f 1016/1805/341 1029/1822/341 1017/1806/341
f 1017/1806/340 1030/1823/340 1018/1807/340
f 1018/1808/339 1031/1825/339 1019/1809/339
f 1019/1809/338 1032/1826/338 1020/1810/338
f 1032/1826/349 1021/1811/349 1020/1810/349
f 1033/1827/348 1022/1813/348 1021/1811/348
f 1034/1828/347 1023/1814/347 1022/1812/347
f 1035/1830/346 1024/1816/346 1023/1814/346
f 1036/1831/345 1025/1817/345 1024/1815/345
f 1037/1833/344 1014/1802/344 1025/1817/344
f 1026/1818/355 1039/1835/355 1027/1819/355
f 1027/1819/465 1040/1836/465 1028/1820/465
f 1028/1821/353 1041/1838/353 1029/1822/353
f 1029/1822/352 1042/1839/352 1030/1823/352
f 1030/1824/466 1043/1841/466 1031/1825/466
f 1031/1825/350 1044/1842/350 1032/1826/350
f 1044/1842/361 1033/1827/361 1032/1826/361
f 1045/1843/360 1034/1829/360 1033/1827/360
f 1046/1844/359 1035/1830/359 1034/1828/359
f 1047/1846/358 1036/1832/358 1035/1830/358
f 1048/1847/467 1037/1833/467 1036/1831/467
f 1049/1849/356 1026/1818/356 1037/1833/356
f 1038/1834/367 1051/1851/367 1039/1835/367
f 1039/1835/468 1052/1852/468 1040/1836/468
f 1040/1837/365 1053/1854/365 1041/1838/365
f 1041/1838/364 1054/1855/364 1042/1839/364
f 1042/1840/469 1055/1857/469 1043/1841/469
f 1043/1841/362 1056/1858/362 1044/1842/362
f 1056/1858/373 1045/1843/373 1044/1842/373
f 1057/1859/470 1046/1845/470 1045/1843/470
f 1058/1860/371 1047/1846/371 1046/1844/371
f 1059/1862/370 1048/1848/370 1047/1846/370
f 1060/1863/471 1049/1849/471 1048/1847/471
f 1061/1865/368 1038/1834/368 1049/1849/368
f 1050/1850/379 1063/1867/379 1051/1851/379
f 1051/1851/378 1064/1869/378 1052/1852/378
f 1052/1853/377 1065/1871/377 1053/1854/377
f 1053/1854/376 1066/1873/376 1054/1855/376
f 1054/1856/472 1067/1875/472 1055/1857/472
f 1055/1857/374 1068/1876/374 1056/1858/374
f 1068/1876/385 1057/1859/385 1056/1858/385
f 1069/1878/473 1058/1861/473 1057/1859/473
f 1070/1880/383 1059/1862/383 1058/1860/383
f 1071/1881/382 1060/1864/382 1059/1862/382
f 1072/1882/474 1061/1865/474 1060/1863/474
f 1073/1884/380 1050/1850/380 1061/1865/380
f 1062/1866/391 1075/1887/391 1063/1867/391
f 1063/1868/475 1076/1889/475 1064/1870/475
f 1064/1870/389 1077/1890/389 1065/1871/389
f 1065/1871/388 1078/1891/388 1066/1873/388
f 1066/1873/476 1079/1892/476 1067/1874/476
f 1067/1875/386 1080/1894/386 1068/1876/386
f 1080/1894/397 1069/1878/397 1068/1876/397
f 1081/1895/477 1070/1880/477 1069/1877/477
f 1082/1897/395 1071/1881/395 1070/1880/395
f 1083/1898/394 1072/1883/394 1071/1881/394
f 1084/1899/478 1073/1885/478 1072/1883/478
f 1085/1900/392 1062/1866/392 1073/1884/392
f 1074/1886/403 1087/1905/403 1075/1887/403
f 1075/1888/479 1088/1907/479 1076/1889/479
f 1076/1889/480 1089/1908/480 1077/1890/480
f 1077/1890/481 1090/1909/481 1078/1891/481
f 1078/1891/399 1091/1910/399 1079/1892/399
f 1079/1893/398 1092/1914/398 1080/1894/398
f 1092/1914/409 1081/1896/409 1080/1894/409
f 1093/1916/482 1082/1897/482 1081/1895/482
f 1094/1918/483 1083/1898/483 1082/1897/483
f 1095/1919/406 1084/1899/406 1083/1898/406
f 1096/1920/484 1085/1901/484 1084/1899/484
f 1097/1922/404 1074/1886/404 1085/1900/404
f 1086/1903/415 523/1117/415 1087/1904/415
f 1087/1906/485 524/1119/485 1088/1907/485
f 1088/1907/413 525/1120/413 1089/1908/413
f 1089/1908/412 526/1121/412 1090/1909/412
f 1090/1909/486 527/1122/486 1091/1910/486
f 1091/1912/410 528/1124/410 1092/1913/410
f 528/1124/421 1093/1917/421 1092/1913/421
f 529/1126/487 1094/1918/487 1093/1916/487
f 530/1127/419 1095/1919/419 1094/1918/419
f 531/1128/418 1096/1920/418 1095/1919/418
f 532/1129/488 1097/1923/488 1096/1920/488
f 533/1131/416 1086/1903/416 1097/1921/416
f 1110/1941/134 1099/1925/134 1098/1924/134
f 1111/1943/135 1100/1927/135 1099/1926/135
f 1112/1945/136 1101/1928/136 1100/1927/136
f 1113/1946/137 1102/1929/137 1101/1928/137
f 1114/1947/138 1103/1930/138 1102/1929/138
f 1115/1949/139 1104/1932/139 1103/1931/139
f 1104/1932/140 1117/1954/140 1105/1933/140
f 1105/1934/141 1118/1956/141 1106/1935/141
f 1106/1935/142 1119/1957/142 1107/1936/142
f 1107/1936/143 1120/1958/143 1108/1937/143
f 1108/1937/489 1121/1959/489 1109/1938/489
f 1109/1939/145 1110/1941/145 1098/1924/145
f 1122/1962/146 1111/1944/146 1110/1940/146
f 1123/1963/422 1112/1945/422 1111/1943/422
f 1124/1965/148 1113/1946/148 1112/1945/148
f 1125/1966/490 1114/1947/490 1113/1946/490
f 1126/1967/491 1115/1950/491 1114/1947/491
f 1127/1968/151 1116/1952/151 1115/1948/151
f 1116/1952/152 1129/1971/152 1117/1953/152
f 1117/1955/426 1130/1973/426 1118/1956/426
f 1118/1956/154 1131/1974/154 1119/1957/154
f 1119/1957/155 1132/1975/155 1120/1958/155
f 1120/1958/156 1133/1976/156 1121/1959/156
f 1121/1961/157 1122/1962/157 1110/1940/157
f 1134/1978/158 1123/1964/158 1122/1962/158
f 1135/1979/428 1124/1965/428 1123/1963/428
f 1136/1981/160 1125/1966/160 1124/1965/160
f 1137/1983/161 1126/1967/161 1125/1966/161
f 1138/1985/427 1127/1969/427 1126/1967/427
f 1139/1987/163 1128/1970/163 1127/1968/163
f 1128/1970/164 1141/1990/164 1129/1971/164
f 1129/1972/429 1142/1992/429 1130/1973/429
f 1130/1973/166 1143/1993/166 1131/1974/166
f 1131/1974/167 1144/1994/167 1132/1975/167
f 1132/1975/168 1145/1996/168 1133/1976/168
f 1133/1977/169 1134/1978/169 1122/1962/169
f 1146/1998/170 1135/1980/170 1134/1978/170
f 1147/1999/171 1136/1982/171 1135/1980/171
f 1148/2000/172 1137/1983/172 1136/1981/172
f 1149/2002/173 1138/1985/173 1137/1983/173
f 1150/2003/430 1139/1987/430 1138/1984/430
f 1151/2005/175 1140/1988/175 1139/1987/175
f 1140/1988/176 1153/2007/176 1141/1990/176
f 1141/1990/432 1154/2008/432 1142/1991/432
f 1142/1992/178 1155/2010/178 1143/1993/178
f 1143/1993/179 1156/2011/179 1144/1994/179
f 1144/1995/492 1157/2013/492 1145/1997/492
f 1145/1997/181 1146/1998/181 1134/1978/181
f 1158/2014/493 1147/1999/493 1146/1998/493
f 1159/2015/433 1148/2001/433 1147/1999/433
f 1160/2016/184 1149/2002/184 1148/2000/184
f 1161/2018/185 1150/2004/185 1149/2002/185
f 1162/2019/186 1151/2005/186 1150/2003/186
f 1163/2021/187 1152/2006/187 1151/2005/187
f 1152/2006/188 1165/2023/188 1153/2007/188
f 1153/2007/435 1166/2024/435 1154/2008/435
f 1154/2009/494 1167/2026/494 1155/2010/494
f 1155/2010/191 1168/2027/191 1156/2011/191
f 1156/2012/192 1169/2029/192 1157/2013/192
f 1157/2013/193 1158/2014/193 1146/1998/193
f 1170/2030/194 1159/2015/194 1158/2014/194
f 1171/2031/195 1160/2017/195 1159/2015/195
f 1172/2032/196 1161/2018/196 1160/2016/196
f 1173/2034/197 1162/2020/197 1161/2018/197
f 1174/2035/198 1163/2021/198 1162/2019/198
f 1175/2037/199 1164/2022/199 1163/2021/199
f 1164/2022/200 1177/2039/200 1165/2023/200
f 1165/2023/436 1178/2040/436 1166/2024/436
f 1166/2025/202 1179/2042/202 1167/2026/202
f 1167/2026/203 1180/2043/203 1168/2027/203
f 1168/2028/204 1181/2045/204 1169/2029/204
f 1169/2029/205 1170/2030/205 1158/2014/205
f 1182/2046/206 1171/2031/206 1170/2030/206
f 1183/2047/207 1172/2033/207 1171/2031/207
f 1184/2048/208 1173/2034/208 1172/2032/208
f 1185/2050/209 1174/2036/209 1173/2034/209
f 1186/2051/210 1175/2037/210 1174/2035/210
f 1187/2053/211 1176/2038/211 1175/2037/211
f 1176/2038/212 1189/2055/212 1177/2039/212
f 1177/2039/213 1190/2056/213 1178/2040/213
f 1178/2041/214 1191/2058/214 1179/2042/214
f 1179/2042/215 1192/2059/215 1180/2043/215
f 1180/2044/216 1193/2061/216 1181/2045/216
f 1181/2045/217 1182/2046/217 1170/2030/217
f 1194/2062/218 1183/2047/218 1182/2046/218
f 1195/2063/219 1184/2049/219 1183/2047/219
f 1196/2064/220 1185/2050/220 1184/2048/220
f 1197/2066/221 1186/2052/221 1185/2050/221
f 1198/2067/222 1187/2053/222 1186/2051/222
f 1199/2069/223 1188/2054/223 1187/2053/223
f 1188/2054/495 1201/2071/495 1189/2055/495
f 1189/2055/225 1202/2072/225 1190/2056/225
f 1190/2057/226 1203/2074/226 1191/2058/226
f 1191/2058/227 1204/2075/227 1192/2059/227
f 1192/2060/228 1205/2077/228 1193/2061/228
f 1193/2061/437 1194/2062/437 1182/2046/437
f 1206/2078/230 1195/2063/230 1194/2062/230
f 1207/2079/231 1196/2065/231 1195/2063/231
f 1208/2080/232 1197/2066/232 1196/2064/232
f 1209/2082/233 1198/2068/233 1197/2066/233
f 1210/2083/438 1199/2069/438 1198/2067/438
f 1211/2085/235 1200/2070/235 1199/2069/235
f 1200/2070/236 1213/2087/236 1201/2071/236
f 1201/2071/496 1214/2088/496 1202/2072/496
f 1202/2073/238 1215/2090/238 1203/2074/238
f 1203/2074/239 1216/2091/239 1204/2075/239
f 1204/2076/240 1217/2093/240 1205/2077/240
f 1205/2077/241 1206/2078/241 1194/2062/241
f 1218/2094/242 1207/2079/242 1206/2078/242
f 1219/2095/243 1208/2081/243 1207/2079/243
f 1220/2096/244 1209/2082/244 1208/2080/244
f 1221/2098/497 1210/2084/497 1209/2082/497
f 1222/2099/440 1211/2085/440 1210/2083/440
f 1223/2101/247 1212/2086/247 1211/2085/247
f 1212/2086/248 1225/2103/248 1213/2087/248
f 1213/2087/443 1226/2104/443 1214/2088/443
f 1214/2089/250 1227/2106/250 1215/2090/250
f 1215/2090/251 1228/2107/251 1216/2091/251
f 1216/2092/498 1229/2109/498 1217/2093/498
f 1217/2093/253 1218/2094/253 1206/2078/253
f 1230/2110/254 1219/2095/254 1218/2094/254
f 1231/2111/255 1220/2097/255 1219/2095/255
f 1232/2112/256 1221/2098/256 1220/2096/256
f 1233/2114/257 1222/2100/257 1221/2098/257
f 1234/2115/258 1223/2101/258 1222/2099/258
f 1235/2117/259 1224/2102/259 1223/2101/259
f 1224/2102/260 1237/2119/260 1225/2103/260
f 1225/2103/445 1238/2120/445 1226/2104/445
f 1226/2105/262 1239/2122/262 1227/2106/262
f 1227/2106/263 1240/2123/263 1228/2107/263
f 1228/2108/264 1241/2125/264 1229/2109/264
f 1229/2109/265 1230/2110/265 1218/2094/265
f 1242/2126/266 1231/2111/266 1230/2110/266
f 1243/2127/267 1232/2113/267 1231/2111/267
f 1244/2129/268 1233/2114/268 1232/2112/268
f 1245/2130/269 1234/2116/269 1233/2114/269
f 1246/2132/270 1235/2117/270 1234/2115/270
f 1247/2133/271 1236/2118/271 1235/2117/271
f 1236/2118/272 1249/2135/272 1237/2119/272
f 1237/2119/273 1250/2137/273 1238/2120/273
f 1238/2121/499 1251/2138/499 1239/2122/499
f 1239/2122/500 1252/2140/500 1240/2123/500
f 1240/2124/276 1253/2141/276 1241/2125/276
f 1241/2125/277 1242/2126/277 1230/2110/277
f 1242/2126/278 1255/2143/278 1243/2127/278
f 1243/2127/279 1256/2144/279 1244/2128/279
f 1244/2129/451 1257/2146/451 1245/2130/451
f 1245/2130/281 1258/2147/281 1246/2131/281
f 1246/2132/282 1259/2149/282 1247/2133/282
f 1247/2133/283 1260/2150/283 1248/2134/283
f 1260/2150/284 1249/2135/284 1248/2134/284
f 1261/2151/285 1250/2137/285 1249/2135/285
f 1262/2152/286 1251/2138/286 1250/2136/286
f 1263/2154/287 1252/2140/287 1251/2138/287
f 1264/2155/288 1253/2141/288 1252/2139/288
f 1265/2157/289 1242/2126/289 1253/2141/289
f 1254/2142/290 1267/2159/290 1255/2143/290
f 1255/2143/291 1268/2160/291 1256/2144/291
f 1256/2145/292 1269/2162/292 1257/2146/292
f 1257/2146/293 1270/2163/293 1258/2147/293
f 1258/2148/294 1271/2165/294 1259/2149/294
f 1259/2149/295 1272/2166/295 1260/2150/295
f 1272/2166/296 1261/2151/296 1260/2150/296
f 1273/2167/297 1262/2153/297 1261/2151/297
f 1274/2168/298 1263/2154/298 1262/2152/298
f 1275/2170/299 1264/2156/299 1263/2154/299
f 1276/2171/300 1265/2157/300 1264/2155/300
f 1277/2173/301 1254/2142/301 1265/2157/301
f 1266/2158/302 1279/2175/302 1267/2159/302
f 1267/2159/303 1280/2176/303 1268/2160/303
f 1268/2161/304 1281/2178/304 1269/2162/304
f 1269/2162/305 1282/2179/305 1270/2163/305
f 1270/2164/501 1283/2181/501 1271/2165/501
f 1271/2165/307 1284/2182/307 1272/2166/307
f 1284/2182/308 1273/2167/308 1272/2166/308
f 1285/2183/502 1274/2169/502 1273/2167/502
f 1286/2184/456 1275/2170/456 1274/2168/456
f 1287/2186/311 1276/2172/311 1275/2170/311
f 1288/2187/312 1277/2173/312 1276/2171/312
f 1289/2189/313 1266/2158/313 1277/2173/313
f 1278/2174/314 1291/2191/314 1279/2175/314
f 1279/2175/315 1292/2192/315 1280/2176/315
f 1280/2177/316 1293/2194/316 1281/2178/316
f 1281/2178/317 1294/2195/317 1282/2179/317
f 1282/2180/503 1295/2197/503 1283/2181/503
f 1283/2181/319 1296/2198/319 1284/2182/319
f 1296/2198/320 1285/2183/320 1284/2182/320
f 1297/2199/459 1286/2185/459 1285/2183/459
f 1298/2200/322 1287/2186/322 1286/2184/322
f 1299/2202/323 1288/2188/323 1287/2186/323
f 1300/2203/324 1289/2189/324 1288/2187/324
f 1301/2205/325 1278/2174/325 1289/2189/325
f 1290/2190/326 1303/2207/326 1291/2191/326
f 1291/2191/461 1304/2208/461 1292/2192/461
f 1292/2193/328 1305/2210/328 1293/2194/328
f 1293/2194/329 1306/2211/329 1294/2195/329
f 1294/2196/460 1307/2213/460 1295/2197/460
f 1295/2197/331 1308/2214/331 1296/2198/331
f 1308/2214/463 1297/2199/463 1296/2198/463
f 1309/2215/504 1298/2201/504 1297/2199/504
f 1310/2216/334 1299/2202/334 1298/2200/334
f 1311/2218/335 1300/2204/335 1299/2202/335
f 1312/2219/336 1301/2205/336 1300/2203/336
f 1313/2221/462 1290/2190/462 1301/2205/462
f 1302/2206/338 1315/2223/338 1303/2207/338
f 1303/2207/505 1316/2224/505 1304/2208/505
f 1304/2209/340 1317/2226/340 1305/2210/340
f 1305/2210/341 1318/2227/341 1306/2211/341
f 1306/2212/342 1319/2229/342 1307/2213/342
f 1307/2213/343 1320/2230/343 1308/2214/343
f 1320/2230/344 1309/2215/344 1308/2214/344
f 1321/2231/345 1310/2217/345 1309/2215/345
f 1322/2232/346 1311/2218/346 1310/2216/346
f 1323/2234/347 1312/2220/347 1311/2218/347
f 1324/2235/506 1313/2221/506 1312/2219/506
f 1325/2237/349 1302/2206/349 1313/2221/349
f 1314/2222/350 1327/2239/350 1315/2223/350
f 1315/2223/466 1328/2240/466 1316/2224/466
f 1316/2225/352 1329/2242/352 1317/2226/352
f 1317/2226/353 1330/2243/353 1318/2227/353
f 1318/2228/465 1331/2245/465 1319/2229/465
f 1319/2229/355 1332/2246/355 1320/2230/355
f 1332/2246/356 1321/2231/356 1320/2230/356
f 1333/2247/357 1322/2233/357 1321/2231/357
f 1334/2248/358 1323/2234/358 1322/2232/358
f 1335/2250/359 1324/2236/359 1323/2234/359
f 1336/2251/360 1325/2237/360 1324/2235/360
f 1337/2253/361 1314/2222/361 1325/2237/361
f 1326/2238/507 1339/2255/507 1327/2239/507
f 1327/2239/469 1340/2256/469 1328/2240/469
f 1328/2241/364 1341/2258/364 1329/2242/364
f 1329/2242/365 1342/2259/365 1330/2243/365
f 1330/2244/468 1343/2261/468 1331/2245/468
f 1331/2245/367 1344/2262/367 1332/2246/367
f 1344/2262/368 1333/2247/368 1332/2246/368
f 1345/2263/471 1334/2249/471 1333/2247/471
f 1346/2264/370 1335/2250/370 1334/2248/370
f 1347/2266/371 1336/2252/371 1335/2250/371
f 1348/2267/470 1337/2253/470 1336/2251/470
f 1349/2269/508 1326/2238/508 1337/2253/508
f 1338/2254/374 1351/2271/374 1339/2255/374
f 1339/2255/375 1352/2273/375 1340/2256/375
f 1340/2257/376 1353/2275/376 1341/2258/376
f 1341/2258/377 1354/2277/377 1342/2259/377
f 1342/2260/509 1355/2279/509 1343/2261/509
f 1343/2261/379 1356/2280/379 1344/2262/379
f 1356/2280/380 1345/2263/380 1344/2262/380
f 1357/2282/381 1346/2265/381 1345/2263/381
f 1358/2284/382 1347/2266/382 1346/2264/382
f 1359/2285/383 1348/2268/383 1347/2266/383
f 1360/2286/473 1349/2269/473 1348/2267/473
f 1361/2288/385 1338/2254/385 1349/2269/385
f 1350/2270/386 1363/2291/386 1351/2271/386
f 1351/2272/387 1364/2293/387 1352/2274/387
f 1352/2274/388 1365/2294/388 1353/2275/388
f 1353/2275/389 1366/2295/389 1354/2277/389
f 1354/2277/475 1367/2296/475 1355/2278/475
f 1355/2279/391 1368/2298/391 1356/2280/391
f 1368/2298/392 1357/2282/392 1356/2280/392
f 1369/2299/478 1358/2284/478 1357/2281/478
f 1370/2301/394 1359/2285/394 1358/2284/394
f 1371/2302/395 1360/2287/395 1359/2285/395
f 1372/2303/477 1361/2289/477 1360/2287/477
f 1373/2304/397 1350/2270/397 1361/2288/397
f 1362/2290/398 1375/2309/398 1363/2291/398
f 1363/2292/399 1376/2311/399 1364/2293/399
f 1364/2293/400 1377/2312/400 1365/2294/400
f 1365/2294/401 1378/2313/401 1366/2295/401
f 1366/2295/479 1379/2314/479 1367/2296/479
f 1367/2297/403 1380/2318/403 1368/2298/403
f 1380/2318/404 1369/2300/404 1368/2298/404
f 1381/2320/405 1370/2301/405 1369/2299/405
f 1382/2322/510 1371/2302/510 1370/2301/510
f 1383/2323/407 1372/2303/407 1371/2302/407
f 1384/2324/482 1373/2305/482 1372/2303/482
f 1385/2326/409 1362/2290/409 1373/2304/409
f 1374/2307/410 1387/2330/410 1375/2308/410
f 1375/2310/486 1388/2331/486 1376/2311/486
f 1376/2311/412 1389/2332/412 1377/2312/412
f 1377/2312/413 1390/2333/413 1378/2313/413
f 1378/2313/511 1391/2335/511 1379/2314/511
f 1379/2316/415 1392/2336/415 1380/2317/415
f 1392/2336/416 1381/2321/416 1380/2317/416
f 1393/2338/417 1382/2322/417 1381/2320/417
f 1394/2339/418 1383/2323/418 1382/2322/418
f 1395/2340/419 1384/2324/419 1383/2323/419
f 1396/2341/512 1385/2327/512 1384/2324/512
f 1397/2343/421 1374/2307/421 1385/2325/421
f 1398/2345/139 1387/2330/139 1386/2328/139
f 1399/2347/138 1388/2331/138 1387/2329/138
f 1400/2349/137 1389/2332/137 1388/2331/137
f 1401/2350/136 1390/2333/136 1389/2332/136
f 1402/2351/135 1391/2335/135 1390/2333/135
f 1403/2353/134 1392/2336/134 1391/2334/134
f 1392/2336/145 1405/2358/145 1393/2337/145
f 1393/2338/144 1406/2360/144 1394/2339/144
f 1394/2339/143 1407/2361/143 1395/2340/143
f 1395/2340/142 1408/2362/142 1396/2341/142
f 1396/2341/513 1409/2363/513 1397/2342/513
f 1397/2343/140 1398/2345/140 1386/2328/140
f 1410/2366/151 1399/2348/151 1398/2344/151
f 1411/2367/150 1400/2349/150 1399/2347/150
f 1412/2369/149 1401/2350/149 1400/2349/149
f 1413/2370/514 1402/2351/514 1401/2350/514
f 1414/2371/147 1403/2354/147 1402/2351/147
f 1415/2372/146 1404/2356/146 1403/2352/146
f 1404/2356/157 1417/2375/157 1405/2357/157
f 1405/2359/156 1418/2377/156 1406/2360/156
f 1406/2360/424 1419/2378/424 1407/2361/424
f 1407/2361/425 1420/2379/425 1408/2362/425
f 1408/2362/426 1421/2380/426 1409/2363/426
f 1409/2365/152 1410/2366/152 1398/2344/152
f 1422/2382/163 1411/2368/163 1410/2366/163
f 1423/2383/162 1412/2369/162 1411/2367/162
f 1424/2385/161 1413/2370/161 1412/2369/161
f 1425/2387/160 1414/2371/160 1413/2370/160
f 1426/2389/428 1415/2373/428 1414/2371/428
f 1427/2391/158 1416/2374/158 1415/2372/158
f 1416/2374/169 1429/2394/169 1417/2375/169
f 1417/2376/168 1430/2396/168 1418/2377/168
f 1418/2377/167 1431/2397/167 1419/2378/167
f 1419/2378/166 1432/2398/166 1420/2379/166
f 1420/2379/429 1433/2400/429 1421/2380/429
f 1421/2381/164 1422/2382/164 1410/2366/164
f 1434/2402/175 1423/2384/175 1422/2382/175
f 1435/2403/430 1424/2386/430 1423/2384/430
f 1436/2404/173 1425/2387/173 1424/2385/173
f 1437/2406/172 1426/2389/172 1425/2387/172
f 1438/2407/171 1427/2391/171 1426/2388/171
f 1439/2409/170 1428/2392/170 1427/2391/170
f 1428/2392/181 1441/2411/181 1429/2394/181
f 1429/2394/180 1442/2412/180 1430/2395/180
f 1430/2396/179 1443/2414/179 1431/2397/179
f 1431/2397/178 1444/2415/178 1432/2398/178
f 1432/2399/177 1445/2417/177 1433/2401/177
f 1433/2401/176 1434/2402/176 1422/2382/176
f 1446/2418/515 1435/2403/515 1434/2402/515
f 1447/2419/516 1436/2405/516 1435/2403/516
f 1448/2420/185 1437/2406/185 1436/2404/185
f 1449/2422/184 1438/2408/184 1437/2406/184
f 1450/2423/183 1439/2409/183 1438/2407/183
f 1451/2425/182 1440/2410/182 1439/2409/182
f 1440/2410/193 1453/2427/193 1441/2411/193
f 1441/2411/192 1454/2428/192 1442/2412/192
f 1442/2413/517 1455/2430/517 1443/2414/517
f 1443/2414/190 1456/2431/190 1444/2415/190
f 1444/2416/435 1457/2433/435 1445/2417/435
f 1445/2417/188 1446/2418/188 1434/2402/188
f 1458/2434/199 1447/2419/199 1446/2418/199
f 1459/2435/198 1448/2421/198 1447/2419/198
f 1460/2436/197 1449/2422/197 1448/2420/197
f 1461/2438/196 1450/2424/196 1449/2422/196
f 1462/2439/195 1451/2425/195 1450/2423/195
f 1463/2441/194 1452/2426/194 1451/2425/194
f 1452/2426/205 1465/2443/205 1453/2427/205
f 1453/2427/204 1466/2444/204 1454/2428/204
f 1454/2429/203 1467/2446/203 1455/2430/203
f 1455/2430/202 1468/2447/202 1456/2431/202
f 1456/2432/436 1469/2449/436 1457/2433/436
f 1457/2433/200 1458/2434/200 1446/2418/200
f 1470/2450/211 1459/2435/211 1458/2434/211
f 1471/2451/518 1460/2437/518 1459/2435/518
f 1472/2452/209 1461/2438/209 1460/2436/209
f 1473/2454/208 1462/2440/208 1461/2438/208
f 1474/2455/207 1463/2441/207 1462/2439/207
f 1475/2457/206 1464/2442/206 1463/2441/206
f 1464/2442/217 1477/2459/217 1465/2443/217
f 1465/2443/216 1478/2460/216 1466/2444/216
f 1466/2445/215 1479/2462/215 1467/2446/215
f 1467/2446/214 1480/2463/214 1468/2447/214
f 1468/2448/213 1481/2465/213 1469/2449/213
f 1469/2449/212 1470/2450/212 1458/2434/212
f 1482/2466/223 1471/2451/223 1470/2450/223
f 1483/2467/222 1472/2453/222 1471/2451/222
f 1484/2468/221 1473/2454/221 1472/2452/221
f 1485/2470/220 1474/2456/220 1473/2454/220
f 1486/2471/219 1475/2457/219 1474/2455/219
f 1487/2473/218 1476/2458/218 1475/2457/218
f 1476/2458/229 1489/2475/229 1477/2459/229
f 1477/2459/228 1490/2476/228 1478/2460/228
f 1478/2461/227 1491/2478/227 1479/2462/227
f 1479/2462/226 1492/2479/226 1480/2463/226
f 1480/2464/225 1493/2481/225 1481/2465/225
f 1481/2465/224 1482/2466/224 1470/2450/224
f 1494/2482/235 1483/2467/235 1482/2466/235
f 1495/2483/438 1484/2469/438 1483/2467/438
f 1496/2484/233 1485/2470/233 1484/2468/233
f 1497/2486/232 1486/2472/232 1485/2470/232
f 1498/2487/231 1487/2473/231 1486/2471/231
f 1499/2489/230 1488/2474/230 1487/2473/230
f 1488/2474/241 1501/2491/241 1489/2475/241
f 1489/2475/519 1502/2492/519 1490/2476/519
f 1490/2477/239 1503/2494/239 1491/2478/239
f 1491/2478/238 1504/2495/238 1492/2479/238
f 1492/2480/237 1505/2497/237 1493/2481/237
f 1493/2481/236 1494/2482/236 1482/2466/236
f 1506/2498/247 1495/2483/247 1494/2482/247
f 1507/2499/440 1496/2485/440 1495/2483/440
f 1508/2500/245 1497/2486/245 1496/2484/245
f 1509/2502/520 1498/2488/520 1497/2486/520
f 1510/2503/243 1499/2489/243 1498/2487/243
f 1511/2505/242 1500/2490/242 1499/2489/242
f 1500/2490/253 1513/2507/253 1501/2491/253
f 1501/2491/252 1514/2508/252 1502/2492/252
f 1502/2493/251 1515/2510/251 1503/2494/251
f 1503/2494/250 1516/2511/250 1504/2495/250
f 1504/2496/521 1517/2513/521 1505/2497/521
f 1505/2497/248 1506/2498/248 1494/2482/248
f 1518/2514/259 1507/2499/259 1506/2498/259
f 1519/2515/522 1508/2501/522 1507/2499/522
f 1520/2516/257 1509/2502/257 1508/2500/257
f 1521/2518/256 1510/2504/256 1509/2502/256
f 1522/2519/255 1511/2505/255 1510/2503/255
f 1523/2521/254 1512/2506/254 1511/2505/254
f 1512/2506/265 1525/2523/265 1513/2507/265
f 1513/2507/264 1526/2524/264 1514/2508/264
f 1514/2509/263 1527/2526/263 1515/2510/263
f 1515/2510/262 1528/2527/262 1516/2511/262
f 1516/2512/261 1529/2529/261 1517/2513/261
f 1517/2513/260 1518/2514/260 1506/2498/260
f 1530/2530/271 1519/2515/271 1518/2514/271
f 1531/2531/446 1520/2517/446 1519/2515/446
f 1532/2533/447 1521/2518/447 1520/2516/447
f 1533/2534/448 1522/2520/448 1521/2518/448
f 1534/2536/267 1523/2521/267 1522/2519/267
f 1535/2537/266 1524/2522/266 1523/2521/266
f 1524/2522/277 1537/2539/277 1525/2523/277
f 1525/2523/276 1538/2541/276 1526/2524/276
f 1526/2525/500 1539/2542/500 1527/2526/500
f 1527/2526/274 1540/2544/274 1528/2527/274
f 1528/2528/449 1541/2545/449 1529/2529/449
f 1529/2529/272 1530/2530/272 1518/2514/272
f 1530/2530/283 1543/2547/283 1531/2531/283
f 1531/2531/282 1544/2548/282 1532/2532/282
f 1532/2533/281 1545/2550/281 1533/2534/281
f 1533/2534/451 1546/2551/451 1534/2535/451
f 1534/2536/279 1547/2553/279 1535/2537/279
f 1535/2537/278 1548/2554/278 1536/2538/278
f 1548/2554/289 1537/2539/289 1536/2538/289
f 1549/2555/288 1538/2541/288 1537/2539/288
f 1550/2556/287 1539/2542/287 1538/2540/287
f 1551/2558/286 1540/2544/286 1539/2542/286
f 1552/2559/285 1541/2545/285 1540/2543/285
f 1553/2561/284 1530/2530/284 1541/2545/284
f 1542/2546/295 1555/2563/295 1543/2547/295
f 1543/2547/294 1556/2564/294 1544/2548/294
f 1544/2549/293 1557/2566/293 1545/2550/293
f 1545/2550/292 1558/2567/292 1546/2551/292
f 1546/2552/291 1559/2569/291 1547/2553/291
f 1547/2553/290 1560/2570/290 1548/2554/290
f 1560/2570/301 1549/2555/301 1548/2554/301
f 1561/2571/300 1550/2557/300 1549/2555/300
f 1562/2572/299 1551/2558/299 1550/2556/299
f 1563/2574/298 1552/2560/298 1551/2558/298
f 1564/2575/297 1553/2561/297 1552/2559/297
f 1565/2577/296 1542/2546/296 1553/2561/296
f 1554/2562/307 1567/2579/307 1555/2563/307
f 1555/2563/306 1568/2580/306 1556/2564/306
f 1556/2565/452 1569/2582/452 1557/2566/452
f 1557/2566/453 1570/2583/453 1558/2567/453
f 1558/2568/523 1571/2585/523 1559/2569/523
f 1559/2569/302 1572/2586/302 1560/2570/302
f 1572/2586/313 1561/2571/313 1560/2570/313
f 1573/2587/312 1562/2573/312 1561/2571/312
f 1574/2588/311 1563/2574/311 1562/2572/311
f 1575/2590/456 1564/2576/456 1563/2574/456
f 1576/2591/502 1565/2577/502 1564/2575/502
f 1577/2593/308 1554/2562/308 1565/2577/308
f 1566/2578/319 1579/2595/319 1567/2579/319
f 1567/2579/318 1580/2596/318 1568/2580/318
f 1568/2581/317 1581/2598/317 1569/2582/317
f 1569/2582/316 1582/2599/316 1570/2583/316
f 1570/2584/524 1583/2601/524 1571/2585/524
f 1571/2585/314 1584/2602/314 1572/2586/314
f 1584/2602/325 1573/2587/325 1572/2586/325
f 1585/2603/324 1574/2589/324 1573/2587/324
f 1586/2604/323 1575/2590/323 1574/2588/323
f 1587/2606/322 1576/2592/322 1575/2590/322
f 1588/2607/459 1577/2593/459 1576/2591/459
f 1589/2609/320 1566/2578/320 1577/2593/320
f 1578/2594/331 1591/2611/331 1579/2595/331
f 1579/2595/330 1592/2612/330 1580/2596/330
f 1580/2597/329 1593/2614/329 1581/2598/329
f 1581/2598/328 1594/2615/328 1582/2599/328
f 1582/2600/327 1595/2617/327 1583/2601/327
f 1583/2601/326 1596/2618/326 1584/2602/326
f 1596/2618/337 1585/2603/337 1584/2602/337
f 1597/2619/525 1586/2605/525 1585/2603/525
f 1598/2620/335 1587/2606/335 1586/2604/335
f 1599/2622/334 1588/2608/334 1587/2606/334
f 1600/2623/504 1589/2609/504 1588/2607/504
f 1601/2625/332 1578/2594/332 1589/2609/332
f 1590/2610/343 1603/2627/343 1591/2611/343
f 1591/2611/464 1604/2628/464 1592/2612/464
f 1592/2613/341 1605/2630/341 1593/2614/341
f 1593/2614/340 1606/2631/340 1594/2615/340
f 1594/2616/339 1607/2633/339 1595/2617/339
f 1595/2617/338 1608/2634/338 1596/2618/338
f 1608/2634/349 1597/2619/349 1596/2618/349
f 1609/2635/348 1598/2621/348 1597/2619/348
f 1610/2636/347 1599/2622/347 1598/2620/347
f 1611/2638/346 1600/2624/346 1599/2622/346
f 1612/2639/526 1601/2625/526 1600/2623/526
f 1613/2641/344 1590/2610/344 1601/2625/344
f 1602/2626/355 1615/2643/355 1603/2627/355
f 1603/2627/354 1616/2644/354 1604/2628/354
f 1604/2629/353 1617/2646/353 1605/2630/353
f 1605/2630/352 1618/2647/352 1606/2631/352
f 1606/2632/466 1619/2649/466 1607/2633/466
f 1607/2633/350 1620/2650/350 1608/2634/350
f 1620/2650/361 1609/2635/361 1608/2634/361
f 1621/2651/527 1610/2637/527 1609/2635/527
f 1622/2652/359 1611/2638/359 1610/2636/359
f 1623/2654/358 1612/2640/358 1611/2638/358
f 1624/2655/467 1613/2641/467 1612/2639/467
f 1625/2657/356 1602/2626/356 1613/2641/356
f 1614/2642/528 1627/2659/528 1615/2643/528
f 1615/2643/366 1628/2660/366 1616/2644/366
f 1616/2645/365 1629/2662/365 1617/2646/365
f 1617/2646/364 1630/2663/364 1618/2647/364
f 1618/2648/529 1631/2665/529 1619/2649/529
f 1619/2649/362 1632/2666/362 1620/2650/362
f 1632/2666/373 1621/2651/373 1620/2650/373
f 1633/2667/372 1622/2653/372 1621/2651/372
f 1634/2668/371 1623/2654/371 1622/2652/371
f 1635/2670/530 1624/2656/530 1623/2654/530
f 1636/2671/369 1625/2657/369 1624/2655/369
f 1637/2673/531 1614/2642/531 1625/2657/531
f 1626/2658/379 1639/2675/379 1627/2659/379
f 1627/2659/378 1640/2677/378 1628/2660/378
f 1628/2661/377 1641/2679/377 1629/2662/377
f 1629/2662/376 1642/2681/376 1630/2663/376
f 1630/2664/375 1643/2683/375 1631/2665/375
f 1631/2665/374 1644/2684/374 1632/2666/374
f 1644/2684/385 1633/2667/385 1632/2666/385
f 1645/2686/473 1634/2669/473 1633/2667/473
f 1646/2688/383 1635/2670/383 1634/2668/383
f 1647/2689/382 1636/2672/382 1635/2670/382
f 1648/2690/381 1637/2673/381 1636/2671/381
f 1649/2692/380 1626/2658/380 1637/2673/380
f 1638/2674/391 1651/2695/391 1639/2675/391
f 1639/2676/390 1652/2697/390 1640/2678/390
f 1640/2678/389 1653/2698/389 1641/2679/389
f 1641/2679/388 1654/2699/388 1642/2681/388
f 1642/2681/476 1655/2700/476 1643/2682/476
f 1643/2683/386 1656/2702/386 1644/2684/386
f 1656/2702/397 1645/2686/397 1644/2684/397
f 1657/2703/396 1646/2688/396 1645/2685/396
f 1658/2705/395 1647/2689/395 1646/2688/395
f 1659/2706/394 1648/2691/394 1647/2689/394
f 1660/2707/393 1649/2693/393 1648/2691/393
f 1661/2708/392 1638/2674/392 1649/2692/392
f 1650/2694/403 1663/2713/403 1651/2695/403
f 1651/2696/479 1664/2715/479 1652/2697/479
f 1652/2697/480 1665/2716/480 1653/2698/480
f 1653/2698/481 1666/2717/481 1654/2699/481
f 1654/2699/399 1667/2718/399 1655/2700/399
f 1655/2701/398 1668/2722/398 1656/2702/398
f 1668/2722/409 1657/2704/409 1656/2702/409
f 1669/2724/482 1658/2705/482 1657/2703/482
f 1670/2726/407 1659/2706/407 1658/2705/407
f 1671/2727/406 1660/2707/406 1659/2706/406
f 1672/2728/405 1661/2709/405 1660/2707/405
f 1673/2730/404 1650/2694/404 1661/2708/404
f 1662/2711/415 1099/1925/415 1663/2712/415
f 1663/2714/414 1100/1927/414 1664/2715/414
f 1664/2715/413 1101/1928/413 1665/2716/413
f 1665/2716/412 1102/1929/412 1666/2717/412
f 1666/2717/532 1103/1930/532 1667/2718/532
f 1667/2720/410 1104/1932/410 1668/2721/410
f 1104/1932/421 1669/2725/421 1668/2721/421
f 1105/1934/487 1670/2726/487 1669/2724/487
f 1106/1935/419 1671/2727/419 1670/2726/419
f 1107/1936/418 1672/2728/418 1671/2727/418
f 1108/1937/533 1673/2731/533 1672/2728/533
f 1109/1939/416 1662/2711/416 1673/2729/416
f 1675/2735/69 1676/2736/69 1674/2732/69
f 1677/2738/70 1678/2740/70 1676/2736/70
f 1679/2742/71 1680/2744/71 1678/2740/71
f 1681/2746/72 1682/2748/72 1680/2744/72
f 1683/2750/73 1684/2752/73 1682/2748/73
f 1685/2754/74 1686/2756/74 1684/2752/74
f 1687/2758/75 1688/2761/75 1686/2756/75
f 1689/2764/76 1690/2766/76 1688/2760/76
f 1691/2768/77 1692/2771/77 1690/2766/77
f 1693/2774/78 1694/2776/78 1692/2770/78
f 1695/2778/79 1696/2780/79 1694/2776/79
f 1697/2782/80 1698/2784/80 1696/2780/80
f 1699/2786/81 1700/2788/81 1698/2784/81
f 1701/2790/82 1702/2792/82 1700/2788/82
f 1703/2794/83 1704/2796/83 1702/2792/83
f 1705/2798/84 1706/2800/84 1704/2796/84
f 1707/2802/85 1708/2804/85 1706/2800/85
f 1709/2806/86 1710/2808/86 1708/2804/86
f 1711/2810/87 1712/2812/87 1710/2808/87
f 1713/2814/88 1714/2816/88 1712/2812/88
f 1715/2818/89 1716/2820/89 1714/2816/89
f 1717/2822/90 1718/2824/90 1716/2820/90
f 1719/2826/91 1720/2829/91 1718/2824/91
f 1721/2832/92 1722/2834/92 1720/2828/92
f 1723/2836/93 1724/2839/93 1722/2834/93
f 1725/2842/94 1726/2844/94 1724/2838/94
f 1727/2846/95 1728/2848/95 1726/2844/95
f 1729/2850/96 1730/2852/96 1728/2848/96
f 1731/2854/97 1732/2856/97 1730/2852/97
f 1733/2858/98 1734/2860/98 1732/2856/98
f 1683/2751/6 1681/2747/6 1699/2787/6
f 1735/2863/99 1736/2864/99 1734/2860/99
f 1737/2867/100 1674/2732/100 1736/2864/100
f 1732/2857/5 1734/2861/5 1712/2813/5
f 1739/2871/1 1740/2876/1 1738/2868/1
f 1741/2878/2 1744/2887/2 1740/2874/2
f 1745/2891/3 1742/2881/3 1744/2886/3
f 1743/2884/4 1738/2869/4 1742/2880/4
f 1744/2888/5 1738/2870/5 1740/2875/5
f 1741/2879/6 1743/2885/6 1745/2889/6
f 1747/2895/1 1748/2900/1 1746/2892/1
f 1749/2902/2 1752/2911/2 1748/2898/2
f 1753/2915/3 1750/2905/3 1752/2910/3
f 1751/2908/4 1746/2893/4 1750/2904/4
f 1752/2912/5 1746/2894/5 1748/2899/5
f 1749/2903/6 1751/2909/6 1753/2913/6
f 1755/2919/1 1756/2924/1 1754/2916/1
f 1757/2926/2 1760/2935/2 1756/2922/2
f 1761/2939/3 1758/2929/3 1760/2934/3
f 1759/2932/4 1754/2917/4 1758/2928/4
f 1760/2936/5 1754/2918/5 1756/2923/5
f 1757/2927/6 1759/2933/6 1761/2937/6
f 1763/2943/101 1764/2944/101 1762/2940/101
f 1765/2946/102 1766/2948/102 1764/2944/102
f 1767/2950/103 1768/2952/103 1766/2948/103
f 1769/2954/104 1770/2956/104 1768/2952/104
f 1771/2958/105 1772/2960/105 1770/2956/105
f 1773/2962/106 1774/2964/106 1772/2960/106
f 1775/2966/107 1776/2969/107 1774/2964/107
f 1777/2972/108 1778/2974/108 1776/2968/108
f 1779/2976/109 1780/2979/109 1778/2974/109
f 1781/2982/110 1782/2984/110 1780/2978/110
f 1783/2986/111 1784/2988/111 1782/2984/111
f 1785/2990/112 1786/2992/112 1784/2988/112
f 1787/2994/113 1788/2996/113 1786/2992/113
f 1789/2998/534 1790/3000/534 1788/2996/534
f 1791/3002/535 1792/3004/535 1790/3000/535
f 1793/3006/116 1794/3008/116 1792/3004/116
f 1795/3010/117 1796/3012/117 1794/3008/117
f 1797/3014/536 1798/3016/536 1796/3012/536
f 1799/3018/119 1800/3020/119 1798/3016/119
f 1801/3022/120 1802/3024/120 1800/3020/120
f 1803/3026/121 1804/3028/121 1802/3024/121
f 1805/3030/122 1806/3032/122 1804/3028/122
f 1807/3034/123 1808/3037/123 1806/3032/123
f 1809/3040/124 1810/3042/124 1808/3036/124
f 1811/3044/125 1812/3047/125 1810/3042/125
f 1813/3050/126 1814/3052/126 1812/3046/126
f 1815/3054/127 1816/3056/127 1814/3052/127
f 1817/3058/128 1818/3060/128 1816/3056/128
f 1819/3062/129 1820/3064/129 1818/3060/129
f 1821/3066/130 1822/3068/130 1820/3064/130
f 1771/2959/2 1769/2955/2 1787/2995/2
f 1823/3071/131 1824/3072/131 1822/3068/131
f 1825/3075/132 1762/2940/132 1824/3072/132
f 1820/3065/4 1822/3069/4 1800/3021/4
f 1827/3079/15 1828/3080/15 1826/3076/15
f 1829/3082/16 1830/3085/16 1828/3080/16
f 1831/3088/17 1832/3090/17 1830/3084/17
f 1833/3092/18 1834/3094/18 1832/3090/18
f 1835/3096/19 1836/3098/19 1834/3094/19
f 1837/3100/20 1838/3102/20 1836/3098/20
f 1839/3104/21 1840/3106/21 1838/3102/21
f 1841/3108/22 1842/3110/22 1840/3106/22
f 1843/3112/23 1844/3114/23 1842/3110/23
f 1845/3116/24 1846/3118/24 1844/3114/24
f 1847/3120/25 1848/3122/25 1846/3118/25
f 1849/3124/26 1850/3126/26 1848/3122/26
f 1851/3128/27 1852/3130/27 1850/3126/27
f 1853/3132/28 1854/3135/28 1852/3130/28
f 1855/3138/29 1856/3140/29 1854/3134/29
f 1857/3142/30 1858/3144/30 1856/3140/30
f 1859/3146/31 1860/3148/31 1858/3144/31
f 1861/3150/32 1862/3153/32 1860/3148/32
f 1863/3156/33 1864/3158/33 1862/3152/33
f 1865/3160/34 1866/3162/34 1864/3158/34
f 1867/3164/35 1868/3166/35 1866/3162/35
f 1869/3168/36 1870/3170/36 1868/3166/36
f 1871/3172/37 1872/3174/37 1870/3170/37
f 1873/3176/38 1874/3178/38 1872/3174/38
f 1875/3180/7 1876/3182/7 1874/3178/7
f 1877/3184/8 1878/3186/8 1876/3182/8
f 1879/3188/9 1880/3190/9 1878/3186/9
f 1881/3192/10 1882/3194/10 1880/3190/10
f 1883/3196/11 1884/3198/11 1882/3194/11
f 1885/3200/12 1886/3203/12 1884/3198/12
f 1835/3097/3 1833/3093/3 1883/3197/3
f 1887/3207/13 1888/3208/13 1886/3202/13
f 1889/3211/14 1826/3076/14 1888/3208/14
f 1884/3199/1 1886/3204/1 1832/3091/1
f 1891/3215/15 1892/3216/15 1890/3212/15
f 1893/3218/16 1894/3221/16 1892/3216/16
f 1895/3224/17 1896/3226/17 1894/3220/17
f 1897/3228/18 1898/3230/18 1896/3226/18
f 1899/3232/19 1900/3234/19 1898/3230/19
f 1901/3236/20 1902/3238/20 1900/3234/20
f 1903/3240/21 1904/3242/21 1902/3238/21
f 1905/3244/22 1906/3246/22 1904/3242/22
f 1907/3248/23 1908/3250/23 1906/3246/23
f 1909/3252/24 1910/3254/24 1908/3250/24
f 1911/3256/25 1912/3258/25 1910/3254/25
f 1913/3260/26 1914/3262/26 1912/3258/26
f 1915/3264/27 1916/3266/27 1914/3262/27
f 1917/3268/28 1918/3271/28 1916/3266/28
f 1919/3274/29 1920/3276/29 1918/3270/29
f 1921/3278/30 1922/3280/30 1920/3276/30
f 1923/3282/31 1924/3284/31 1922/3280/31
f 1925/3286/32 1926/3289/32 1924/3284/32
f 1927/3292/33 1928/3294/33 1926/3288/33
f 1929/3296/34 1930/3298/34 1928/3294/34
f 1931/3300/35 1932/3302/35 1930/3298/35
f 1933/3304/36 1934/3306/36 1932/3302/36
f 1935/3308/37 1936/3310/37 1934/3306/37
f 1937/3312/38 1938/3314/38 1936/3310/38
f 1939/3316/7 1940/3318/7 1938/3314/7
f 1941/3320/8 1942/3322/8 1940/3318/8
f 1943/3324/9 1944/3326/9 1942/3322/9
f 1945/3328/10 1946/3330/10 1944/3326/10
f 1947/3332/11 1948/3334/11 1946/3330/11
f 1949/3336/12 1950/3339/12 1948/3334/12
f 1899/3233/3 1897/3229/3 1947/3333/3
f 1951/3343/13 1952/3344/13 1950/3338/13
f 1953/3347/14 1890/3212/14 1952/3344/14
f 1948/3335/1 1950/3340/1 1896/3227/1
f 1955/3351/77 1956/3353/77 1954/3348/77
f 1957/3356/78 1958/3358/78 1956/3352/78
f 1959/3360/79 1960/3362/79 1958/3358/79
f 1961/3364/80 1962/3366/80 1960/3362/80
f 1963/3368/81 1964/3370/81 1962/3366/81
f 1965/3372/82 1966/3374/82 1964/3370/82
f 1967/3376/83 1968/3378/83 1966/3374/83
f 1969/3380/84 1970/3382/84 1968/3378/84
f 1971/3384/85 1972/3386/85 1970/3382/85
f 1973/3388/86 1974/3390/86 1972/3386/86
f 1975/3392/87 1976/3394/87 1974/3390/87
f 1977/3396/88 1978/3398/88 1976/3394/88
f 1979/3400/89 1980/3402/89 1978/3398/89
f 1981/3404/90 1982/3406/90 1980/3402/90
f 1983/3408/91 1984/3411/91 1982/3406/91
f 1985/3414/92 1986/3416/92 1984/3410/92
f 1987/3418/93 1988/3421/93 1986/3416/93
f 1989/3424/94 1990/3426/94 1988/3420/94
f 1991/3428/95 1992/3430/95 1990/3426/95
f 1993/3432/96 1994/3434/96 1992/3430/96
f 1995/3436/97 1996/3438/97 1994/3434/97
f 1997/3440/98 1998/3442/98 1996/3438/98
f 1999/3444/99 2000/3446/99 1998/3442/99
f 2001/3448/100 2002/3450/100 2000/3446/100
f 2003/3452/69 2004/3454/69 2002/3450/69
f 2005/3456/70 2006/3458/70 2004/3454/70
f 2007/3460/71 2008/3462/71 2006/3458/71
f 2009/3464/72 2010/3466/72 2008/3462/72
f 2011/3468/73 2012/3470/73 2010/3466/73
f 2013/3472/74 2014/3474/74 2012/3470/74
f 1963/3369/537 1961/3365/537 2011/3469/537
f 2015/3477/75 2016/3479/75 2014/3474/75
f 2017/3483/76 1954/3348/76 2016/3478/76
f 2012/3471/5 2014/3475/5 1960/3363/5
f 2019/3487/1 2020/3492/1 2018/3484/1
f 2021/3494/2 2024/3503/2 2020/3490/2
f 2025/3507/3 2022/3497/3 2024/3502/3
f 2023/3500/4 2018/3485/4 2022/3496/4
f 2024/3504/5 2018/3486/5 2020/3491/5
f 2021/3495/6 2023/3501/6 2025/3505/6
f 2027/3511/1 2028/3516/1 2026/3508/1
f 2029/3518/2 2032/3527/2 2028/3514/2
f 2033/3531/3 2030/3521/3 2032/3526/3
f 2031/3524/4 2026/3509/4 2030/3520/4
f 2032/3528/5 2026/3510/5 2028/3515/5
f 2029/3519/6 2031/3525/6 2033/3529/6
f 2035/3535/1 2036/3540/1 2034/3532/1
f 2037/3542/2 2040/3551/2 2036/3538/2
f 2041/3555/3 2038/3545/3 2040/3550/3
f 2039/3548/4 2034/3533/4 2038/3544/4
f 2040/3552/5 2034/3534/5 2036/3539/5
f 2037/3543/6 2039/3549/6 2041/3553/6
f 2/4/1 4/10/1 3/9/1
f 4/11/2 8/23/2 7/20/2
f 8/24/3 6/16/3 5/14/3
f 6/17/4 2/5/4 1/2/4
f 7/21/5 5/15/5 1/3/5
f 4/12/6 2/6/6 6/18/6
f 10/27/7 12/31/7 11/29/7
f 12/31/8 14/35/8 13/33/8
f 14/35/9 16/39/9 15/37/9
f 16/39/10 18/43/10 17/41/10
f 17/41/11 18/43/11 20/47/11
f 20/47/12 22/53/12 21/50/12
f 22/54/13 24/58/13 23/56/13
f 24/58/14 26/62/14 25/60/14
f 26/62/15 28/66/15 27/64/15
f 28/66/16 30/72/16 29/69/16
f 30/73/17 32/77/17 31/75/17
f 32/77/18 34/81/18 33/79/18
f 34/81/19 36/85/19 35/83/19
f 36/85/20 38/89/20 37/87/20
f 38/89/21 40/93/21 39/91/21
f 40/93/22 42/97/22 41/95/22
f 42/97/23 44/101/23 43/99/23
f 44/101/24 46/105/24 45/103/24
f 46/105/25 48/109/25 47/107/25
f 48/109/26 50/113/26 49/111/26
f 50/113/27 52/117/27 51/115/27
f 52/117/28 54/123/28 53/120/28
f 54/124/29 56/128/29 55/126/29
f 56/128/30 58/132/30 57/130/30
f 58/132/31 60/136/31 59/134/31
f 60/136/32 62/142/32 61/139/32
f 62/143/33 64/147/33 63/145/33
f 64/147/34 66/151/34 65/149/34
f 65/149/35 66/151/35 68/155/35
f 68/155/36 70/159/36 69/157/36
f 62/144/17 259/559/17 260/562/17
f 70/159/37 72/163/37 71/161/37
f 72/163/38 10/27/38 9/25/38
f 71/162/1 9/26/1 41/96/1
f 9/26/1 11/30/1 39/92/1
f 11/30/1 13/34/1 39/92/1
f 13/34/1 15/38/1 37/88/1
f 39/92/1 13/34/1 37/88/1
f 15/38/1 17/42/1 33/80/1
f 17/42/1 19/46/1 31/76/1
f 19/46/1 21/51/1 31/76/1
f 21/51/1 23/57/1 29/70/1
f 31/76/1 21/51/1 29/70/1
f 23/57/1 25/61/1 27/65/1
f 27/65/1 29/70/1 23/57/1
f 31/76/1 33/80/1 17/42/1
f 33/80/1 35/84/1 15/38/1
f 35/84/1 37/88/1 15/38/1
f 39/92/1 41/96/1 9/26/1
f 41/96/1 43/100/1 71/162/1
f 43/100/1 45/104/1 71/162/1
f 45/104/1 47/108/1 69/158/1
f 71/162/1 45/104/1 69/158/1
f 47/108/1 49/112/1 65/150/1
f 49/112/1 51/116/1 63/146/1
f 51/116/1 53/121/1 63/146/1
f 53/121/1 55/127/1 61/140/1
f 63/146/1 53/121/1 61/140/1
f 55/127/1 57/131/1 59/135/1
f 59/135/1 61/140/1 55/127/1
f 63/146/1 65/150/1 49/112/1
f 65/150/1 67/154/1 47/108/1
f 74/167/7 76/171/7 75/169/7
f 76/171/8 78/175/8 77/173/8
f 78/175/9 80/179/9 79/177/9
f 80/179/10 82/183/10 81/181/10
f 81/181/11 82/183/11 84/187/11
f 84/187/12 86/193/12 85/190/12
f 86/194/13 88/198/13 87/196/13
f 88/198/14 90/202/14 89/200/14
f 90/202/15 92/206/15 91/204/15
f 92/206/16 94/212/16 93/209/16
f 94/213/17 96/217/17 95/215/17
f 96/217/18 98/221/18 97/219/18
f 98/221/19 100/225/19 99/223/19
f 100/225/20 102/229/20 101/227/20
f 102/229/21 104/233/21 103/231/21
f 104/233/22 106/237/22 105/235/22
f 106/237/23 108/241/23 107/239/23
f 108/241/24 110/245/24 109/243/24
f 110/245/25 112/249/25 111/247/25
f 112/249/26 114/253/26 113/251/26
f 114/253/27 116/257/27 115/255/27
f 116/257/28 118/263/28 117/260/28
f 118/264/29 120/268/29 119/266/29
f 120/268/30 122/272/30 121/270/30
f 122/272/31 124/276/31 123/274/31
f 124/276/32 126/282/32 125/279/32
f 126/283/33 128/287/33 127/285/33
f 128/287/34 130/291/34 129/289/34
f 129/289/35 130/291/35 132/295/35
f 132/295/36 134/299/36 133/297/36
f 80/180/26 204/439/26 205/441/26
f 134/299/37 136/303/37 135/301/37
f 136/303/38 74/167/38 73/165/38
f 135/302/1 73/166/1 105/236/1
f 73/166/1 75/170/1 103/232/1
f 75/170/1 77/174/1 103/232/1
f 77/174/1 79/178/1 101/228/1
f 103/232/1 77/174/1 101/228/1
f 79/178/1 81/182/1 97/220/1
f 81/182/1 83/186/1 95/216/1
f 83/186/1 85/191/1 95/216/1
f 85/191/1 87/197/1 93/210/1
f 95/216/1 85/191/1 93/210/1
f 87/197/1 89/201/1 91/205/1
f 91/205/1 93/210/1 87/197/1
f 95/216/1 97/220/1 81/182/1
f 97/220/1 99/224/1 79/178/1
f 99/224/1 101/228/1 79/178/1
f 103/232/1 105/236/1 73/166/1
f 105/236/1 107/240/1 135/302/1
f 107/240/1 109/244/1 135/302/1
f 109/244/1 111/248/1 133/298/1
f 135/302/1 109/244/1 133/298/1
f 111/248/1 113/252/1 129/290/1
f 113/252/1 115/256/1 127/286/1
f 115/256/1 117/261/1 127/286/1
f 117/261/1 119/267/1 125/280/1
f 127/286/1 117/261/1 125/280/1
f 119/267/1 121/271/1 123/275/1
f 123/275/1 125/280/1 119/267/1
f 127/286/1 129/290/1 113/252/1
f 129/290/1 131/294/1 111/248/1
f 138/307/7 140/310/7 139/308/7
f 140/310/8 142/313/8 141/311/8
f 142/313/9 144/316/9 143/314/9
f 144/316/10 146/319/10 145/317/10
f 145/317/11 146/319/11 148/322/11
f 148/322/12 150/326/12 149/324/12
f 150/327/13 152/331/13 151/329/13
f 152/331/14 154/335/14 153/333/14
f 154/335/15 156/339/15 155/337/15
f 156/339/16 158/345/16 157/342/16
f 158/346/17 160/350/17 159/348/17
f 160/350/18 162/354/18 161/352/18
f 162/354/19 164/358/19 163/356/19
f 164/358/20 166/362/20 165/360/20
f 166/362/21 168/366/21 167/364/21
f 168/366/22 170/370/22 169/368/22
f 170/370/23 172/374/23 171/372/23
f 172/374/24 174/378/24 173/376/24
f 174/378/25 176/382/25 175/380/25
f 176/382/26 178/386/26 177/384/26
f 178/386/27 180/390/27 179/388/27
f 180/390/28 182/396/28 181/393/28
f 182/397/29 184/401/29 183/399/29
f 184/401/30 186/405/30 185/403/30
f 186/405/31 188/409/31 187/407/31
f 188/409/32 190/415/32 189/412/32
f 190/416/33 192/419/33 191/417/33
f 192/419/34 194/422/34 193/420/34
f 193/420/35 194/422/35 196/425/35
f 196/425/36 198/428/36 197/426/36
f 188/410/16 323/694/16 324/695/16
f 198/428/37 200/431/37 199/429/37
f 200/431/38 138/307/38 137/305/38
f 199/430/1 137/306/1 169/369/1
f 137/306/1 139/309/1 167/365/1
f 139/309/1 141/312/1 167/365/1
f 141/312/1 143/315/1 165/361/1
f 167/365/1 141/312/1 165/361/1
f 143/315/1 145/318/1 161/353/1
f 145/318/1 147/321/1 159/349/1
f 147/321/1 149/325/1 159/349/1
f 149/325/1 151/330/1 157/343/1
f 159/349/1 149/325/1 157/343/1
f 151/330/1 153/334/1 155/338/1
f 155/338/1 157/343/1 151/330/1
f 159/349/1 161/353/1 145/318/1
f 161/353/1 163/357/1 143/315/1
f 163/357/1 165/361/1 143/315/1
f 167/365/1 169/369/1 137/306/1
f 169/369/1 171/373/1 199/430/1
f 171/373/1 173/377/1 199/430/1
f 173/377/1 175/381/1 197/427/1
f 199/430/1 173/377/1 197/427/1
f 175/381/1 177/385/1 193/421/1
f 177/385/1 179/389/1 191/418/1
f 179/389/1 181/394/1 191/418/1
f 181/394/1 183/400/1 189/413/1
f 191/418/1 181/394/1 189/413/1
f 183/400/1 185/404/1 187/408/1
f 187/408/1 189/413/1 183/400/1
f 191/418/1 193/421/1 177/385/1
f 193/421/1 195/424/1 175/381/1
f 203/436/3 202/434/3 216/464/3
f 202/434/3 201/432/3 217/466/3
f 201/432/3 232/498/3 218/468/3
f 232/498/3 231/496/3 219/470/3
f 231/496/3 230/494/3 219/470/3
f 230/494/3 229/492/3 220/472/3
f 219/470/3 230/494/3 220/472/3
f 229/492/3 228/490/3 221/474/3
f 228/490/3 227/487/3 222/476/3
f 221/474/3 228/490/3 222/476/3
f 227/487/3 226/485/3 223/478/3
f 226/485/3 225/483/3 224/481/3
f 223/478/3 226/485/3 224/481/3
f 223/478/3 222/476/3 227/487/3
f 221/474/3 220/472/3 229/492/3
f 219/470/3 218/468/3 232/498/3
f 218/468/3 217/466/3 201/432/3
f 217/466/3 216/464/3 202/434/3
f 216/464/3 215/462/3 203/436/3
f 215/462/3 214/460/3 203/436/3
f 214/460/3 213/458/3 204/438/3
f 203/436/3 214/460/3 204/438/3
f 213/458/3 212/456/3 205/440/3
f 212/456/3 211/453/3 206/442/3
f 205/440/3 212/456/3 206/442/3
f 211/453/3 210/451/3 208/447/3
f 210/451/3 209/449/3 208/447/3
f 208/447/3 207/444/3 211/453/3
f 207/444/3 206/442/3 211/453/3
f 98/222/35 213/459/35 214/461/35
f 116/258/12 222/477/12 223/479/12
f 134/300/21 231/497/21 232/499/21
f 90/203/31 209/450/31 210/452/31
f 108/242/8 218/469/8 219/471/8
f 126/284/17 227/488/17 228/491/17
f 82/184/27 205/441/27 206/443/27
f 100/226/36 214/461/36 215/463/36
f 118/265/13 223/480/13 224/482/13
f 74/168/23 201/433/23 202/435/23
f 136/304/22 232/499/22 201/433/22
f 92/207/32 210/452/32 211/454/32
f 110/246/9 219/471/9 220/473/9
f 128/288/18 228/491/18 229/493/18
f 84/188/28 206/443/28 207/445/28
f 102/230/37 215/463/37 216/465/37
f 120/269/14 224/482/14 225/484/14
f 76/172/24 202/435/24 203/437/24
f 94/214/33 211/455/33 212/457/33
f 112/250/10 220/473/10 221/475/10
f 130/292/19 229/493/19 230/495/19
f 86/195/29 207/446/29 208/448/29
f 104/234/38 216/465/38 217/467/38
f 122/273/15 225/484/15 226/486/15
f 78/176/25 203/437/25 204/439/25
f 96/218/34 212/457/34 213/459/34
f 114/254/11 221/475/11 222/477/11
f 132/296/20 230/495/20 231/497/20
f 88/199/30 208/448/30 209/450/30
f 106/238/7 217/467/7 218/469/7
f 124/277/16 226/486/16 227/489/16
f 256/552/538 288/622/538 289/624/538
f 18/44/27 237/508/27 238/510/27
f 36/86/36 246/530/36 247/532/36
f 54/125/13 255/549/13 256/553/13
f 10/28/23 233/500/23 234/502/23
f 72/164/22 264/570/22 233/500/22
f 28/67/32 242/520/32 243/523/32
f 46/106/9 251/540/9 252/542/9
f 66/152/18 64/148/18 260/562/18
f 20/48/28 238/510/28 239/513/28
f 38/90/37 247/532/37 248/534/37
f 56/129/14 256/553/14 257/554/14
f 12/32/24 234/502/24 235/504/24
f 30/74/33 243/524/33 244/526/33
f 48/110/10 252/542/10 253/544/10
f 66/152/19 261/564/19 262/566/19
f 22/55/29 239/514/29 240/516/29
f 40/94/38 248/534/38 249/536/38
f 58/133/15 257/554/15 258/556/15
f 14/36/25 235/504/25 236/506/25
f 32/78/34 244/526/34 245/528/34
f 50/114/11 253/544/11 254/546/11
f 68/156/20 262/566/20 263/568/20
f 24/59/30 240/516/30 241/518/30
f 42/98/7 249/536/7 250/538/7
f 60/137/16 258/556/16 259/560/16
f 16/40/26 236/506/26 237/508/26
f 34/82/35 245/528/35 246/530/35
f 52/118/12 254/546/12 255/550/12
f 70/160/21 263/568/21 264/570/21
f 26/63/31 241/518/31 242/520/31
f 44/102/8 250/538/8 251/540/8
f 267/576/3 266/574/3 280/604/3
f 266/574/3 265/572/3 281/606/3
f 265/572/3 296/638/3 282/608/3
f 296/638/3 295/636/3 283/610/3
f 295/636/3 294/634/3 283/610/3
f 294/634/3 293/632/3 284/612/3
f 283/610/3 294/634/3 284/612/3
f 293/632/3 292/630/3 285/614/3
f 292/630/3 291/627/3 286/616/3
f 285/614/3 292/630/3 286/616/3
f 291/627/3 290/625/3 287/618/3
f 290/625/3 289/623/3 288/621/3
f 287/618/3 290/625/3 288/621/3
f 287/618/3 286/616/3 291/627/3
f 285/614/3 284/612/3 293/632/3
f 283/610/3 282/608/3 296/638/3
f 282/608/3 281/606/3 265/572/3
f 281/606/3 280/604/3 266/574/3
f 280/604/3 279/602/3 267/576/3
f 279/602/3 278/600/3 267/576/3
f 278/600/3 277/598/3 268/578/3
f 267/576/3 278/600/3 268/578/3
f 277/598/3 276/596/3 269/580/3
f 276/596/3 275/593/3 270/582/3
f 269/580/3 276/596/3 270/582/3
f 275/593/3 274/591/3 271/584/3
f 274/591/3 273/589/3 272/587/3
f 271/584/3 274/591/3 272/587/3
f 271/584/3 270/582/3 275/593/3
f 243/525/539 275/594/539 276/597/539
f 257/555/540 289/624/540 290/626/540
f 244/527/541 276/597/541 277/599/541
f 258/557/542 290/626/542 291/628/542
f 245/529/543 277/599/543 278/601/543
f 259/561/544 291/629/544 292/631/544
f 246/531/46 278/601/46 279/603/46
f 233/501/545 265/573/545 266/575/545
f 260/563/546 292/631/546 293/633/546
f 247/533/49 279/603/49 280/605/49
f 234/503/50 266/575/50 267/577/50
f 261/565/547 293/633/547 294/635/547
f 248/535/548 280/605/548 281/607/548
f 235/505/53 267/577/53 268/579/53
f 262/567/54 294/635/54 295/637/54
f 249/537/549 281/607/549 282/609/549
f 236/507/550 268/579/550 269/581/550
f 263/569/57 295/637/57 296/639/57
f 250/539/58 282/609/58 283/611/58
f 237/509/551 269/581/551 270/583/551
f 264/571/552 296/639/552 265/573/552
f 251/541/61 283/611/61 284/613/61
f 238/511/62 270/583/62 271/585/62
f 252/543/553 284/613/553 285/615/553
f 239/515/64 271/586/64 272/588/64
f 253/545/554 285/615/554 286/617/554
f 240/517/14 272/588/14 273/590/14
f 254/547/555 286/617/555 287/619/555
f 241/519/15 273/590/15 274/592/15
f 255/551/556 287/620/556 288/622/556
f 242/521/68 274/592/68 275/595/68
f 300/644/3 299/642/3 313/672/3
f 299/642/3 298/640/3 314/674/3
f 298/640/3 329/706/3 315/676/3
f 329/706/3 328/704/3 316/678/3
f 328/704/3 327/702/3 316/678/3
f 327/702/3 326/700/3 317/680/3
f 316/678/3 327/702/3 317/680/3
f 326/700/3 325/698/3 318/682/3
f 325/698/3 324/696/3 319/684/3
f 318/682/3 325/698/3 319/684/3
f 324/696/3 323/693/3 320/686/3
f 323/693/3 322/691/3 321/689/3
f 320/686/3 323/693/3 321/689/3
f 320/686/3 319/684/3 324/696/3
f 318/682/3 317/680/3 326/700/3
f 316/678/3 315/676/3 329/706/3
f 315/676/3 314/674/3 298/640/3
f 314/674/3 313/672/3 299/642/3
f 313/672/3 312/670/3 300/644/3
f 312/670/3 311/668/3 300/644/3
f 311/668/3 310/666/3 301/646/3
f 300/644/3 311/668/3 301/646/3
f 310/666/3 309/664/3 302/648/3
f 309/664/3 308/661/3 303/650/3
f 302/648/3 309/664/3 303/650/3
f 308/661/3 307/659/3 304/652/3
f 307/659/3 306/657/3 305/655/3
f 304/652/3 307/659/3 305/655/3
f 304/652/3 303/650/3 308/661/3
f 146/319/26 144/316/26 301/647/26
f 162/355/35 310/667/35 311/669/35
f 180/391/12 319/685/12 320/687/12
f 198/428/21 328/705/21 329/707/21
f 154/336/31 306/658/31 307/660/31
f 172/375/8 315/677/8 316/679/8
f 190/416/17 324/697/17 325/699/17
f 146/319/27 302/649/27 303/651/27
f 164/359/36 311/669/36 312/671/36
f 182/398/13 320/688/13 321/690/13
f 138/307/23 298/641/23 299/643/23
f 200/431/22 329/707/22 298/641/22
f 156/340/32 307/660/32 308/662/32
f 174/379/9 316/679/9 317/681/9
f 194/422/18 192/419/18 325/699/18
f 148/322/28 303/651/28 304/653/28
f 166/363/37 312/671/37 313/673/37
f 184/402/14 321/690/14 322/692/14
f 140/310/24 299/643/24 300/645/24
f 158/347/33 308/663/33 309/665/33
f 176/383/10 317/681/10 318/683/10
f 194/422/19 326/701/19 327/703/19
f 150/328/29 304/654/29 305/656/29
f 168/367/38 313/673/38 314/675/38
f 186/406/15 322/692/15 323/694/15
f 142/313/25 300/645/25 301/647/25
f 160/351/34 309/665/34 310/667/34
f 178/387/11 318/683/11 319/685/11
f 196/425/20 327/703/20 328/705/20
f 152/332/30 305/656/30 306/658/30
f 170/371/7 314/675/7 315/677/7
f 331/711/69 333/714/69 332/712/69
f 333/714/70 335/718/70 334/716/70
f 335/718/71 337/722/71 336/720/71
f 337/722/72 339/726/72 338/724/72
f 339/726/73 341/730/73 340/728/73
f 341/730/74 343/734/74 342/732/74
f 343/734/75 345/739/75 344/737/75
f 345/740/76 347/744/76 346/742/76
f 347/744/77 349/749/77 348/747/77
f 349/750/78 351/754/78 350/752/78
f 351/754/79 353/758/79 352/756/79
f 353/758/80 355/762/80 354/760/80
f 355/762/81 357/766/81 356/764/81
f 357/766/82 359/770/82 358/768/82
f 359/770/83 361/774/83 360/772/83
f 361/774/84 363/778/84 362/776/84
f 363/778/85 365/782/85 364/780/85
f 365/782/86 367/786/86 366/784/86
f 367/786/87 369/790/87 368/788/87
f 369/790/88 371/794/88 370/792/88
f 371/794/89 373/798/89 372/796/89
f 373/798/90 375/802/90 374/800/90
f 375/802/91 377/807/91 376/805/91
f 377/808/92 379/812/92 378/810/92
f 379/812/93 381/817/93 380/815/93
f 381/818/94 383/822/94 382/820/94
f 383/822/95 385/826/95 384/824/95
f 385/826/96 387/830/96 386/828/96
f 387/830/97 389/834/97 388/832/97
f 389/834/98 391/839/98 390/836/98
f 335/719/6 333/715/6 361/775/6
f 333/715/6 331/710/6 363/779/6
f 331/710/6 393/842/6 365/783/6
f 393/842/6 391/838/6 367/787/6
f 391/838/6 389/835/6 367/787/6
f 389/835/6 387/831/6 369/791/6
f 367/787/6 389/835/6 369/791/6
f 387/831/6 385/827/6 371/795/6
f 385/827/6 383/823/6 373/799/6
f 371/795/6 385/827/6 373/799/6
f 383/823/6 381/819/6 375/803/6
f 381/819/6 379/813/6 377/809/6
f 375/803/557 381/819/557 377/809/557
f 375/803/6 373/799/6 383/823/6
f 371/795/6 369/791/6 387/831/6
f 367/787/6 365/783/6 393/842/6
f 365/783/6 363/779/6 331/710/6
f 363/779/6 361/775/6 333/715/6
f 361/775/6 359/771/6 335/719/6
f 359/771/6 357/767/6 335/719/6
f 357/767/6 355/763/6 337/723/6
f 335/719/6 357/767/6 337/723/6
f 355/763/6 353/759/6 339/727/6
f 353/759/6 351/755/6 341/731/6
f 339/727/6 353/759/6 341/731/6
f 351/755/6 349/751/6 343/735/6
f 349/751/6 347/745/6 345/741/6
f 343/735/537 349/751/537 345/741/537
f 343/735/6 341/731/6 351/755/6
f 391/839/99 393/843/99 392/840/99
f 393/843/100 331/711/100 330/708/100
f 392/841/5 330/709/5 362/777/5
f 330/709/5 332/713/5 360/773/5
f 332/713/5 334/717/5 360/773/5
f 334/717/5 336/721/5 358/769/5
f 360/773/5 334/717/5 358/769/5
f 336/721/5 338/725/5 354/761/5
f 338/725/5 340/729/5 352/757/5
f 340/729/5 342/733/5 352/757/5
f 342/733/5 344/738/5 350/753/5
f 352/757/5 342/733/5 350/753/5
f 344/738/5 346/743/5 348/748/5
f 348/748/5 350/753/5 344/738/5
f 352/757/5 354/761/5 338/725/5
f 354/761/5 356/765/5 336/721/5
f 356/765/5 358/769/5 336/721/5
f 360/773/5 362/777/5 330/709/5
f 362/777/5 364/781/5 392/841/5
f 364/781/5 366/785/5 392/841/5
f 366/785/5 368/789/5 390/837/5
f 392/841/5 366/785/5 390/837/5
f 368/789/5 370/793/5 386/829/5
f 370/793/5 372/797/5 384/825/5
f 372/797/5 374/801/5 384/825/5
f 374/801/5 376/806/5 382/821/5
f 384/825/5 374/801/5 382/821/5
f 376/806/5 378/811/5 380/816/5
f 380/816/5 382/821/5 376/806/5
f 384/825/5 386/829/5 370/793/5
f 386/829/5 388/833/5 368/789/5
f 395/847/558 397/850/558 396/848/558
f 397/850/102 399/854/102 398/852/102
f 399/854/103 401/858/103 400/856/103
f 401/858/104 403/862/104 402/860/104
f 403/862/105 405/866/105 404/864/105
f 405/866/106 407/870/106 406/868/106
f 407/870/107 409/875/107 408/873/107
f 409/876/108 411/880/108 410/878/108
f 411/880/109 413/885/109 412/883/109
f 413/886/110 415/890/110 414/888/110
f 415/890/111 417/894/111 416/892/111
f 417/894/112 419/898/112 418/896/112
f 419/898/113 421/902/113 420/900/113
f 421/902/534 423/906/534 422/904/534
f 423/906/535 425/910/535 424/908/535
f 425/910/559 427/914/559 426/912/559
f 427/914/560 429/918/560 428/916/560
f 429/918/536 431/922/536 430/920/536
f 431/922/561 433/926/561 432/924/561
f 433/926/120 435/930/120 434/928/120
f 435/930/121 437/934/121 436/932/121
f 437/934/122 439/938/122 438/936/122
f 439/938/123 441/943/123 440/941/123
f 441/944/124 443/948/124 442/946/124
f 443/948/125 445/953/125 444/951/125
f 445/954/126 447/958/126 446/956/126
f 447/958/127 449/962/127 448/960/127
f 449/962/128 451/966/128 450/964/128
f 451/966/129 453/970/129 452/968/129
f 453/970/130 455/975/130 454/972/130
f 399/855/2 397/851/2 425/911/2
f 397/851/2 395/846/2 427/915/2
f 395/846/2 457/978/2 429/919/2
f 457/978/2 455/974/2 431/923/2
f 455/974/2 453/971/2 431/923/2
f 453/971/2 451/967/2 433/927/2
f 431/923/2 453/971/2 433/927/2
f 451/967/2 449/963/2 435/931/2
f 449/963/2 447/959/2 437/935/2
f 435/931/2 449/963/2 437/935/2
f 447/959/2 445/955/2 441/945/2
f 445/955/2 443/949/2 441/945/2
f 441/945/2 439/939/2 447/959/2
f 439/939/2 437/935/2 447/959/2
f 435/931/2 433/927/2 451/967/2
f 431/923/2 429/919/2 457/978/2
f 429/919/2 427/915/2 395/846/2
f 427/915/2 425/911/2 397/851/2
f 425/911/2 423/907/2 399/855/2
f 423/907/2 421/903/2 399/855/2
f 421/903/2 419/899/2 401/859/2
f 399/855/2 421/903/2 401/859/2
f 419/899/2 417/895/2 403/863/2
f 417/895/2 415/891/2 405/867/2
f 403/863/2 417/895/2 405/867/2
f 415/891/2 413/887/2 407/871/2
f 413/887/2 411/881/2 409/877/2
f 407/871/2 413/887/2 409/877/2
f 407/871/2 405/867/2 415/891/2
f 455/975/562 457/979/562 456/976/562
f 457/979/132 395/847/132 394/844/132
f 456/977/4 394/845/4 426/913/4
f 394/845/4 396/849/4 424/909/4
f 396/849/4 398/853/4 424/909/4
f 398/853/4 400/857/4 422/905/4
f 424/909/4 398/853/4 422/905/4
f 400/857/4 402/861/4 418/897/4
f 402/861/4 404/865/4 416/893/4
f 404/865/4 406/869/4 416/893/4
f 406/869/4 408/874/4 414/889/4
f 416/893/4 406/869/4 414/889/4
f 408/874/4 410/879/4 412/884/4
f 412/884/4 414/889/4 408/874/4
f 416/893/4 418/897/4 402/861/4
f 418/897/4 420/901/4 400/857/4
f 420/901/4 422/905/4 400/857/4
f 424/909/4 426/913/4 394/845/4
f 426/913/4 428/917/4 456/977/4
f 428/917/4 430/921/4 456/977/4
f 430/921/4 432/925/4 454/973/4
f 456/977/4 430/921/4 454/973/4
f 432/925/4 434/929/4 450/965/4
f 434/929/4 436/933/4 448/961/4
f 436/933/4 438/937/4 448/961/4
f 438/937/4 440/942/4 446/957/4
f 448/961/4 438/937/4 446/957/4
f 440/942/4 442/947/4 444/952/4
f 444/952/4 446/957/4 440/942/4
f 448/961/4 450/965/4 434/929/4
f 450/965/4 452/969/4 432/925/4
f 459/983/77 461/987/77 460/985/77
f 461/988/78 463/992/78 462/990/78
f 463/992/79 465/996/79 464/994/79
f 465/996/80 467/1000/80 466/998/80
f 467/1000/81 469/1004/81 468/1002/81
f 469/1004/82 471/1008/82 470/1006/82
f 471/1008/83 473/1012/83 472/1010/83
f 473/1012/84 475/1016/84 474/1014/84
f 475/1016/85 477/1020/85 476/1018/85
f 477/1020/86 479/1024/86 478/1022/86
f 479/1024/87 481/1028/87 480/1026/87
f 481/1028/88 483/1032/88 482/1030/88
f 483/1032/89 485/1036/89 484/1034/89
f 485/1036/90 487/1040/90 486/1038/90
f 487/1040/91 489/1045/91 488/1043/91
f 489/1046/92 491/1050/92 490/1048/92
f 491/1050/93 493/1055/93 492/1053/93
f 493/1056/94 495/1060/94 494/1058/94
f 495/1060/95 497/1064/95 496/1062/95
f 497/1064/96 499/1068/96 498/1066/96
f 499/1068/97 501/1072/97 500/1070/97
f 501/1072/98 503/1076/98 502/1074/98
f 503/1076/99 505/1080/99 504/1078/99
f 505/1080/100 507/1084/100 506/1082/100
f 507/1084/69 509/1088/69 508/1086/69
f 509/1088/70 511/1092/70 510/1090/70
f 511/1092/71 513/1096/71 512/1094/71
f 513/1096/72 515/1100/72 514/1098/72
f 515/1100/73 517/1104/73 516/1102/73
f 517/1104/74 519/1109/74 518/1106/74
f 463/993/6 461/989/6 519/1108/6
f 461/989/6 459/982/6 521/1113/6
f 519/1108/563 461/989/563 521/1113/563
f 519/1108/6 517/1105/6 463/993/6
f 517/1105/6 515/1101/6 465/997/6
f 463/993/6 517/1105/6 465/997/6
f 515/1101/6 513/1097/6 467/1001/6
f 513/1097/557 511/1093/557 469/1005/557
f 467/1001/6 513/1097/6 469/1005/6
f 511/1093/6 509/1089/6 473/1013/6
f 509/1089/6 507/1085/6 475/1017/6
f 507/1085/557 505/1081/557 477/1021/557
f 505/1081/6 503/1077/6 479/1025/6
f 503/1077/6 501/1073/6 479/1025/6
f 501/1073/6 499/1069/6 481/1029/6
f 479/1025/537 501/1073/537 481/1029/537
f 499/1069/6 497/1065/6 483/1033/6
f 497/1065/6 495/1061/6 485/1037/6
f 483/1033/6 497/1065/6 485/1037/6
f 495/1061/6 493/1057/6 487/1041/6
f 493/1057/6 491/1051/6 489/1047/6
f 487/1041/564 493/1057/564 489/1047/564
f 487/1041/6 485/1037/6 495/1061/6
f 483/1033/6 481/1029/6 499/1069/6
f 479/1025/6 477/1021/6 505/1081/6
f 477/1021/6 475/1017/6 507/1085/6
f 475/1017/537 473/1013/537 509/1089/537
f 473/1013/6 471/1009/6 511/1093/6
f 471/1009/6 469/1005/6 511/1093/6
f 519/1109/75 521/1114/75 520/1111/75
f 521/1115/76 459/983/76 458/980/76
f 520/1112/5 458/981/5 460/986/5
f 460/986/5 462/991/5 520/1112/5
f 462/991/5 464/995/5 518/1107/5
f 520/1112/5 462/991/5 518/1107/5
f 464/995/5 466/999/5 514/1099/5
f 466/999/5 468/1003/5 512/1095/5
f 468/1003/133 470/1007/133 512/1095/133
f 470/1007/133 472/1011/133 510/1091/133
f 512/1095/5 470/1007/5 510/1091/5
f 472/1011/5 474/1015/5 506/1083/5
f 474/1015/5 476/1019/5 504/1079/5
f 476/1019/5 478/1023/5 504/1079/5
f 478/1023/5 480/1027/5 502/1075/5
f 504/1079/565 478/1023/565 502/1075/565
f 480/1027/5 482/1031/5 498/1067/5
f 482/1031/133 484/1035/133 496/1063/133
f 484/1035/565 486/1039/565 496/1063/565
f 486/1039/5 488/1044/5 494/1059/5
f 496/1063/5 486/1039/5 494/1059/5
f 488/1044/5 490/1049/5 492/1054/5
f 492/1054/5 494/1059/5 488/1044/5
f 496/1063/5 498/1067/5 482/1031/5
f 498/1067/5 500/1071/5 480/1027/5
f 500/1071/565 502/1075/565 480/1027/565
f 504/1079/5 506/1083/5 474/1015/5
f 506/1083/5 508/1087/5 472/1011/5
f 508/1087/5 510/1091/5 472/1011/5
f 512/1095/5 514/1099/5 466/999/5
f 514/1099/565 516/1103/565 464/995/565
f 534/1133/134 535/1134/134 523/1117/134
f 535/1135/566 536/1137/566 524/1119/566
f 536/1137/136 537/1138/136 525/1120/136
f 537/1138/137 538/1139/137 526/1121/137
f 538/1139/138 539/1142/138 527/1122/138
f 539/1141/139 540/1143/139 528/1124/139
f 528/1124/140 540/1143/140 541/1146/140
f 529/1126/567 541/1147/567 542/1148/567
f 530/1127/142 542/1148/142 543/1149/142
f 531/1128/143 543/1149/143 544/1150/143
f 532/1129/489 544/1150/489 545/1151/489
f 533/1131/145 545/1152/145 534/1133/145
f 546/1154/146 547/1156/146 535/1136/146
f 547/1155/147 548/1157/147 536/1137/147
f 548/1157/514 549/1158/514 537/1138/514
f 549/1158/149 550/1159/149 538/1139/149
f 550/1159/150 551/1161/150 539/1142/150
f 551/1160/151 552/1162/151 540/1144/151
f 540/1144/152 552/1162/152 553/1163/152
f 541/1147/426 553/1164/426 554/1165/426
f 542/1148/154 554/1165/154 555/1166/154
f 543/1149/424 555/1166/424 556/1167/424
f 544/1150/423 556/1167/423 557/1168/423
f 545/1153/157 557/1169/157 546/1154/157
f 558/1170/158 559/1172/158 547/1156/158
f 559/1171/428 560/1173/428 548/1157/428
f 560/1173/160 561/1175/160 549/1158/160
f 561/1175/161 562/1177/161 550/1159/161
f 562/1177/427 563/1178/427 551/1161/427
f 563/1179/163 564/1180/163 552/1162/163
f 552/1162/164 564/1180/164 565/1182/164
f 553/1164/429 565/1181/429 566/1184/429
f 554/1165/166 566/1184/166 567/1185/166
f 555/1166/167 567/1185/167 568/1186/167
f 556/1167/168 568/1186/168 569/1188/168
f 557/1169/169 569/1189/169 558/1170/169
f 570/1190/170 571/1191/170 559/1172/170
f 571/1191/431 572/1193/431 560/1174/431
f 572/1192/172 573/1194/172 561/1175/172
f 573/1194/173 574/1196/173 562/1177/173
f 574/1195/430 575/1197/430 563/1179/430
f 575/1197/175 576/1198/175 564/1180/175
f 564/1180/176 576/1198/176 577/1199/176
f 565/1182/432 577/1199/432 578/1200/432
f 566/1184/178 578/1201/178 579/1202/178
f 567/1185/179 579/1202/179 580/1203/179
f 568/1187/492 580/1204/492 581/1205/492
f 569/1189/181 581/1205/181 570/1190/181
f 582/1206/493 583/1207/493 571/1191/493
f 583/1207/433 584/1209/433 572/1193/433
f 584/1208/184 585/1210/184 573/1194/184
f 585/1210/185 586/1212/185 574/1196/185
f 586/1211/186 587/1213/186 575/1197/186
f 587/1213/515 588/1214/515 576/1198/515
f 576/1198/188 588/1214/188 589/1215/188
f 577/1199/435 589/1215/435 590/1216/435
f 578/1201/190 590/1217/190 591/1218/190
f 579/1202/191 591/1218/191 592/1219/191
f 580/1204/434 592/1220/434 593/1221/434
f 581/1205/193 593/1221/193 582/1206/193
f 594/1222/194 595/1223/194 583/1207/194
f 595/1223/195 596/1225/195 584/1209/195
f 596/1224/196 597/1226/196 585/1210/196
f 597/1226/197 598/1228/197 586/1212/197
f 598/1227/198 599/1229/198 587/1213/198
f 599/1229/199 600/1230/199 588/1214/199
f 588/1214/200 600/1230/200 601/1231/200
f 589/1215/436 601/1231/436 602/1232/436
f 590/1217/202 602/1233/202 603/1234/202
f 591/1218/203 603/1234/203 604/1235/203
f 592/1220/204 604/1236/204 605/1237/204
f 593/1221/205 605/1237/205 594/1222/205
f 606/1238/206 607/1239/206 595/1223/206
f 607/1239/568 608/1241/568 596/1225/568
f 608/1240/208 609/1242/208 597/1226/208
f 609/1242/209 610/1244/209 598/1228/209
f 610/1243/518 611/1245/518 599/1229/518
f 611/1245/211 612/1246/211 600/1230/211
f 600/1230/212 612/1246/212 613/1247/212
f 601/1231/569 613/1247/569 614/1248/569
f 602/1233/214 614/1249/214 615/1250/214
f 603/1234/215 615/1250/215 616/1251/215
f 604/1236/216 616/1252/216 617/1253/216
f 605/1237/217 617/1253/217 606/1238/217
f 618/1254/570 619/1255/570 607/1239/570
f 619/1255/571 620/1257/571 608/1241/571
f 620/1256/220 621/1258/220 609/1242/220
f 621/1258/221 622/1260/221 610/1244/221
f 622/1259/222 623/1261/222 611/1245/222
f 623/1261/223 624/1262/223 612/1246/223
f 612/1246/495 624/1262/495 625/1263/495
f 613/1247/225 625/1263/225 626/1264/225
f 614/1249/226 626/1265/226 627/1266/226
f 615/1250/227 627/1266/227 628/1267/227
f 616/1252/228 628/1268/228 629/1269/228
f 617/1253/437 629/1269/437 618/1254/437
f 630/1270/230 631/1271/230 619/1255/230
f 631/1271/231 632/1273/231 620/1257/231
f 632/1272/232 633/1274/232 621/1258/232
f 633/1274/233 634/1276/233 622/1260/233
f 634/1275/438 635/1277/438 623/1261/438
f 635/1277/235 636/1278/235 624/1262/235
f 624/1262/236 636/1278/236 637/1279/236
f 625/1263/496 637/1279/496 638/1280/496
f 626/1265/238 638/1281/238 639/1282/238
f 627/1266/239 639/1282/239 640/1283/239
f 628/1268/240 640/1284/240 641/1285/240
f 629/1269/241 641/1285/241 630/1270/241
f 642/1286/242 643/1287/242 631/1271/242
f 643/1287/243 644/1289/243 632/1273/243
f 644/1288/520 645/1290/520 633/1274/520
f 645/1290/245 646/1292/245 634/1276/245
f 646/1291/440 647/1293/440 635/1277/440
f 647/1293/247 648/1294/247 636/1278/247
f 636/1278/248 648/1294/248 649/1295/248
f 637/1279/521 649/1295/521 650/1296/521
f 638/1281/572 650/1297/572 651/1298/572
f 639/1282/251 651/1298/251 652/1299/251
f 640/1284/498 652/1300/498 653/1301/498
f 641/1285/253 653/1301/253 642/1286/253
f 654/1302/254 655/1303/254 643/1287/254
f 655/1303/255 656/1305/255 644/1289/255
f 656/1304/256 657/1306/256 645/1290/256
f 657/1306/257 658/1308/257 646/1292/257
f 658/1307/258 659/1309/258 647/1293/258
f 659/1309/259 660/1310/259 648/1294/259
f 648/1294/260 660/1310/260 661/1311/260
f 649/1295/445 661/1311/445 662/1312/445
f 650/1297/262 662/1313/262 663/1314/262
f 651/1298/263 663/1314/263 664/1315/263
f 652/1300/264 664/1316/264 665/1317/264
f 653/1301/265 665/1317/265 654/1302/265
f 666/1318/266 667/1319/266 655/1303/266
f 667/1319/573 668/1320/573 656/1305/573
f 668/1321/448 669/1322/448 657/1306/448
f 669/1322/447 670/1323/447 658/1308/447
f 670/1324/446 671/1325/446 659/1309/446
f 671/1325/271 672/1326/271 660/1310/271
f 660/1310/272 672/1326/272 673/1327/272
f 661/1311/449 673/1327/449 674/1329/449
f 662/1313/274 674/1328/274 675/1330/274
f 663/1314/275 675/1330/275 676/1332/275
f 664/1316/574 676/1331/574 677/1333/574
f 665/1317/277 677/1333/277 666/1318/277
f 666/1318/278 678/1334/278 679/1335/278
f 667/1319/279 679/1335/279 680/1336/279
f 668/1321/451 680/1337/451 681/1338/451
f 669/1322/450 681/1338/450 682/1339/450
f 670/1324/575 682/1340/575 683/1341/575
f 671/1325/283 683/1341/283 684/1342/283
f 684/1342/284 685/1343/284 673/1327/284
f 685/1343/576 686/1345/576 674/1329/576
f 686/1344/286 687/1346/286 675/1330/286
f 687/1346/287 688/1348/287 676/1332/287
f 688/1347/288 689/1349/288 677/1333/288
f 689/1349/289 678/1334/289 666/1318/289
f 678/1334/290 690/1350/290 691/1351/290
f 679/1335/291 691/1351/291 692/1352/291
f 680/1337/292 692/1353/292 693/1354/292
f 681/1338/293 693/1354/293 694/1355/293
f 682/1340/294 694/1356/294 695/1357/294
f 683/1341/295 695/1357/295 696/1358/295
f 696/1358/296 697/1359/296 685/1343/296
f 697/1359/297 698/1361/297 686/1345/297
f 698/1360/298 699/1362/298 687/1346/298
f 699/1362/299 700/1364/299 688/1348/299
f 700/1363/300 701/1365/300 689/1349/300
f 701/1365/301 690/1350/301 678/1334/301
f 690/1350/302 702/1366/302 703/1367/302
f 691/1351/303 703/1367/303 704/1368/303
f 692/1353/453 704/1369/453 705/1370/453
f 693/1354/305 705/1370/305 706/1371/305
f 694/1356/577 706/1372/577 707/1373/577
f 695/1357/307 707/1373/307 708/1374/307
f 708/1374/308 709/1375/308 697/1359/308
f 709/1375/457 710/1377/457 698/1361/457
f 710/1376/456 711/1378/456 699/1362/456
f 711/1378/311 712/1380/311 700/1364/311
f 712/1379/454 713/1381/454 701/1365/454
f 713/1381/313 702/1366/313 690/1350/313
f 702/1366/314 714/1382/314 715/1383/314
f 703/1367/315 715/1383/315 716/1384/315
f 704/1369/316 716/1385/316 717/1386/316
f 705/1370/317 717/1386/317 718/1387/317
f 706/1372/503 718/1388/503 719/1389/503
f 707/1373/319 719/1389/319 720/1390/319
f 720/1390/320 721/1391/320 709/1375/320
f 721/1391/459 722/1393/459 710/1377/459
f 722/1392/322 723/1394/322 711/1378/322
f 723/1394/323 724/1396/323 712/1380/323
f 724/1395/324 725/1397/324 713/1381/324
f 725/1397/325 714/1382/325 702/1366/325
f 714/1382/326 726/1398/326 727/1399/326
f 715/1383/461 727/1399/461 728/1400/461
f 716/1385/328 728/1401/328 729/1402/328
f 717/1386/329 729/1402/329 730/1403/329
f 718/1388/330 730/1404/330 731/1405/330
f 719/1389/331 731/1405/331 732/1406/331
f 732/1406/463 733/1407/463 721/1391/463
f 733/1407/333 734/1409/333 722/1393/333
f 734/1408/334 735/1410/334 723/1394/334
f 735/1410/335 736/1412/335 724/1396/335
f 736/1411/336 737/1413/336 725/1397/336
f 737/1413/462 726/1398/462 714/1382/462
f 726/1398/338 738/1414/338 739/1415/338
f 727/1399/505 739/1415/505 740/1416/505
f 728/1401/340 740/1417/340 741/1418/340
f 729/1402/341 741/1418/341 742/1419/341
f 730/1404/464 742/1420/464 743/1421/464
f 731/1405/343 743/1421/343 744/1422/343
f 744/1422/344 745/1423/344 733/1407/344
f 745/1423/526 746/1425/526 734/1409/526
f 746/1424/346 747/1426/346 735/1410/346
f 747/1426/347 748/1428/347 736/1412/347
f 748/1427/506 749/1429/506 737/1413/506
f 749/1429/349 738/1414/349 726/1398/349
f 738/1414/350 750/1430/350 751/1431/350
f 739/1415/466 751/1431/466 752/1432/466
f 740/1417/352 752/1433/352 753/1434/352
f 741/1418/353 753/1434/353 754/1435/353
f 742/1420/354 754/1436/354 755/1437/354
f 743/1421/355 755/1437/355 756/1438/355
f 756/1438/356 757/1439/356 745/1423/356
f 757/1439/467 758/1441/467 746/1425/467
f 758/1440/358 759/1442/358 747/1426/358
f 759/1442/359 760/1444/359 748/1428/359
f 760/1443/360 761/1445/360 749/1429/360
f 761/1445/361 750/1430/361 738/1414/361
f 750/1430/507 762/1446/507 763/1447/507
f 751/1431/469 763/1447/469 764/1448/469
f 752/1433/364 764/1449/364 765/1450/364
f 753/1434/365 765/1450/365 766/1451/365
f 754/1436/366 766/1452/366 767/1453/366
f 755/1437/528 767/1453/528 768/1454/528
f 768/1454/368 769/1455/368 757/1439/368
f 769/1455/471 770/1457/471 758/1441/471
f 770/1456/370 771/1458/370 759/1442/370
f 771/1458/371 772/1460/371 760/1444/371
f 772/1459/470 773/1461/470 761/1445/470
f 773/1461/373 762/1446/373 750/1430/373
f 762/1446/374 774/1462/374 775/1463/374
f 763/1447/472 775/1463/472 776/1465/472
f 764/1449/376 776/1466/376 777/1467/376
f 765/1450/377 777/1467/377 778/1469/377
f 766/1452/509 778/1468/509 779/1471/509
f 767/1453/379 779/1471/379 780/1472/379
f 780/1472/380 781/1474/380 769/1455/380
f 781/1474/474 782/1475/474 770/1457/474
f 782/1476/382 783/1477/382 771/1458/382
f 783/1477/383 784/1479/383 772/1460/383
f 784/1478/473 785/1480/473 773/1461/473
f 785/1480/385 774/1462/385 762/1446/385
f 774/1462/386 786/1482/386 787/1483/386
f 775/1464/476 787/1484/476 788/1485/476
f 776/1466/388 788/1485/388 789/1486/388
f 777/1467/389 789/1486/389 790/1487/389
f 778/1469/475 790/1487/475 791/1488/475
f 779/1471/391 791/1489/391 792/1490/391
f 792/1490/392 793/1492/392 781/1474/392
f 793/1491/478 794/1493/478 782/1476/478
f 794/1493/394 795/1494/394 783/1477/394
f 795/1494/395 796/1495/395 784/1479/395
f 796/1495/477 797/1497/477 785/1481/477
f 797/1496/397 786/1482/397 774/1462/397
f 786/1482/398 798/1498/398 799/1501/398
f 787/1484/578 799/1502/578 800/1503/578
f 788/1485/481 800/1503/481 801/1504/481
f 789/1486/401 801/1504/401 802/1505/401
f 790/1487/402 802/1505/402 803/1506/402
f 791/1489/403 803/1507/403 804/1510/403
f 804/1510/404 805/1511/404 793/1492/404
f 805/1512/484 806/1514/484 794/1493/484
f 806/1514/406 807/1515/406 795/1494/406
f 807/1515/483 808/1516/483 796/1495/483
f 808/1516/482 809/1519/482 797/1497/482
f 809/1518/409 798/1498/409 786/1482/409
f 798/1499/410 810/1520/410 811/1522/410
f 799/1502/486 811/1521/486 812/1523/486
f 800/1503/412 812/1523/412 813/1524/412
f 801/1504/413 813/1524/413 814/1525/413
f 802/1505/414 814/1525/414 815/1527/414
f 803/1508/415 815/1526/415 816/1528/415
f 816/1528/416 817/1529/416 805/1513/416
f 817/1530/533 818/1531/533 806/1514/533
f 818/1531/418 819/1532/418 807/1515/418
f 819/1532/419 820/1533/419 808/1516/419
f 820/1533/512 821/1534/512 809/1519/512
f 821/1535/421 810/1520/421 798/1499/421
f 822/1537/139 823/1538/139 811/1522/139
f 823/1539/579 824/1541/579 812/1523/579
f 824/1541/137 825/1542/137 813/1524/137
f 825/1542/136 826/1543/136 814/1525/136
f 826/1543/135 827/1546/135 815/1527/135
f 827/1545/134 828/1547/134 816/1528/134
f 816/1528/145 828/1547/145 829/1550/145
f 817/1530/580 829/1551/580 830/1552/580
f 818/1531/143 830/1552/143 831/1553/143
f 819/1532/142 831/1553/142 832/1554/142
f 820/1533/513 832/1554/513 833/1555/513
f 821/1535/140 833/1556/140 822/1537/140
f 834/1558/151 835/1560/151 823/1540/151
f 835/1559/491 836/1561/491 824/1541/491
f 836/1561/490 837/1562/490 825/1542/490
f 837/1562/148 838/1563/148 826/1543/148
f 838/1563/422 839/1565/422 827/1546/422
f 839/1564/146 840/1566/146 828/1548/146
f 828/1548/157 840/1566/157 841/1567/157
f 829/1551/156 841/1568/156 842/1569/156
f 830/1552/424 842/1569/424 843/1570/424
f 831/1553/154 843/1570/154 844/1571/154
f 832/1554/153 844/1571/153 845/1572/153
f 833/1557/152 845/1573/152 834/1558/152
f 846/1574/163 847/1576/163 835/1560/163
f 847/1575/162 848/1577/162 836/1561/162
f 848/1577/161 849/1579/161 837/1562/161
f 849/1579/160 850/1581/160 838/1563/160
f 850/1581/159 851/1582/159 839/1565/159
f 851/1583/158 852/1584/158 840/1566/158
f 840/1566/169 852/1584/169 853/1586/169
f 841/1568/581 853/1585/581 854/1588/581
f 842/1569/167 854/1588/167 855/1589/167
f 843/1570/166 855/1589/166 856/1590/166
f 844/1571/429 856/1590/429 857/1592/429
f 845/1573/164 857/1593/164 846/1574/164
f 858/1594/175 859/1595/175 847/1576/175
f 859/1595/174 860/1597/174 848/1578/174
f 860/1596/173 861/1598/173 849/1579/173
f 861/1598/172 862/1600/172 850/1581/172
f 862/1599/171 863/1601/171 851/1583/171
f 863/1601/170 864/1602/170 852/1584/170
f 852/1584/181 864/1602/181 865/1603/181
f 853/1586/180 865/1603/180 866/1604/180
f 854/1588/179 866/1605/179 867/1606/179
f 855/1589/178 867/1606/178 868/1607/178
f 856/1591/177 868/1608/177 869/1609/177
f 857/1593/176 869/1609/176 858/1594/176
f 870/1610/515 871/1611/515 859/1595/515
f 871/1611/582 872/1613/582 860/1597/582
f 872/1612/185 873/1614/185 861/1598/185
f 873/1614/184 874/1616/184 862/1600/184
f 874/1615/183 875/1617/183 863/1601/183
f 875/1617/493 876/1618/493 864/1602/493
f 864/1602/193 876/1618/193 877/1619/193
f 865/1603/434 877/1619/434 878/1620/434
f 866/1605/191 878/1621/191 879/1622/191
f 867/1606/190 879/1622/190 880/1623/190
f 868/1608/435 880/1624/435 881/1625/435
f 869/1609/188 881/1625/188 870/1610/188
f 882/1626/199 883/1627/199 871/1611/199
f 883/1627/583 884/1629/583 872/1613/583
f 884/1628/197 885/1630/197 873/1614/197
f 885/1630/196 886/1632/196 874/1616/196
f 886/1631/195 887/1633/195 875/1617/195
f 887/1633/194 888/1634/194 876/1618/194
f 876/1618/205 888/1634/205 889/1635/205
f 877/1619/584 889/1635/584 890/1636/584
f 878/1621/203 890/1637/203 891/1638/203
f 879/1622/202 891/1638/202 892/1639/202
f 880/1624/436 892/1640/436 893/1641/436
f 881/1625/200 893/1641/200 882/1626/200
f 894/1642/211 895/1643/211 883/1627/211
f 895/1643/210 896/1645/210 884/1629/210
f 896/1644/209 897/1646/209 885/1630/209
f 897/1646/208 898/1648/208 886/1632/208
f 898/1647/568 899/1649/568 887/1633/568
f 899/1649/206 900/1650/206 888/1634/206
f 888/1634/217 900/1650/217 901/1651/217
f 889/1635/585 901/1651/585 902/1652/585
f 890/1637/215 902/1653/215 903/1654/215
f 891/1638/214 903/1654/214 904/1655/214
f 892/1640/569 904/1656/569 905/1657/569
f 893/1641/212 905/1657/212 894/1642/212
f 906/1658/223 907/1659/223 895/1643/223
f 907/1659/586 908/1661/586 896/1645/586
f 908/1660/221 909/1662/221 897/1646/221
f 909/1662/220 910/1664/220 898/1648/220
f 910/1663/219 911/1665/219 899/1649/219
f 911/1665/570 912/1666/570 900/1650/570
f 900/1650/437 912/1666/437 913/1667/437
f 901/1651/228 913/1667/228 914/1668/228
f 902/1653/227 914/1669/227 915/1670/227
f 903/1654/226 915/1670/226 916/1671/226
f 904/1656/225 916/1672/225 917/1673/225
f 905/1657/224 917/1673/224 906/1658/224
f 918/1674/235 919/1675/235 907/1659/235
f 919/1675/438 920/1677/438 908/1661/438
f 920/1676/233 921/1678/233 909/1662/233
f 921/1678/232 922/1680/232 910/1664/232
f 922/1679/231 923/1681/231 911/1665/231
f 923/1681/230 924/1682/230 912/1666/230
f 912/1666/241 924/1682/241 925/1683/241
f 913/1667/519 925/1683/519 926/1684/519
f 914/1669/239 926/1685/239 927/1686/239
f 915/1670/238 927/1686/238 928/1687/238
f 916/1672/237 928/1688/237 929/1689/237
f 917/1673/236 929/1689/236 918/1674/236
f 930/1690/247 931/1691/247 919/1675/247
f 931/1691/440 932/1693/440 920/1677/440
f 932/1692/497 933/1694/497 921/1678/497
f 933/1694/244 934/1696/244 922/1680/244
f 934/1695/243 935/1697/243 923/1681/243
f 935/1697/242 936/1698/242 924/1682/242
f 924/1682/253 936/1698/253 937/1699/253
f 925/1683/498 937/1699/498 938/1700/498
f 926/1685/587 938/1701/587 939/1702/587
f 927/1686/250 939/1702/250 940/1703/250
f 928/1688/521 940/1704/521 941/1705/521
f 929/1689/248 941/1705/248 930/1690/248
f 942/1706/259 943/1707/259 931/1691/259
f 943/1707/258 944/1709/258 932/1693/258
f 944/1708/257 945/1710/257 933/1694/257
f 945/1710/256 946/1712/256 934/1696/256
f 946/1711/255 947/1713/255 935/1697/255
f 947/1713/254 948/1714/254 936/1698/254
f 936/1698/265 948/1714/265 949/1715/265
f 937/1699/264 949/1715/264 950/1716/264
f 938/1701/263 950/1717/263 951/1718/263
f 939/1702/262 951/1718/262 952/1719/262
f 940/1704/445 952/1720/445 953/1721/445
f 941/1705/260 953/1721/260 942/1706/260
f 954/1722/271 955/1723/271 943/1707/271
f 955/1723/446 956/1724/446 944/1709/446
f 956/1725/269 957/1726/269 945/1710/269
f 957/1726/268 958/1727/268 946/1712/268
f 958/1728/573 959/1729/573 947/1713/573
f 959/1729/266 960/1730/266 948/1714/266
f 948/1714/277 960/1730/277 961/1731/277
f 949/1715/574 961/1731/574 962/1733/574
f 950/1717/275 962/1732/275 963/1734/275
f 951/1718/274 963/1734/274 964/1736/274
f 952/1720/449 964/1735/449 965/1737/449
f 953/1721/272 965/1737/272 954/1722/272
f 954/1722/283 966/1738/283 967/1739/283
f 955/1723/575 967/1739/575 968/1740/575
f 956/1725/281 968/1741/281 969/1742/281
f 957/1726/280 969/1742/280 970/1743/280
f 958/1728/588 970/1744/588 971/1745/588
f 959/1729/278 971/1745/278 972/1746/278
f 972/1746/289 973/1747/289 961/1731/289
f 973/1747/589 974/1749/589 962/1733/589
f 974/1748/287 975/1750/287 963/1734/287
f 975/1750/286 976/1752/286 964/1736/286
f 976/1751/576 977/1753/576 965/1737/576
f 977/1753/284 966/1738/284 954/1722/284
f 966/1738/295 978/1754/295 979/1755/295
f 967/1739/294 979/1755/294 980/1756/294
f 968/1741/293 980/1757/293 981/1758/293
f 969/1742/292 981/1758/292 982/1759/292
f 970/1744/291 982/1760/291 983/1761/291
f 971/1745/290 983/1761/290 984/1762/290
f 984/1762/301 985/1763/301 973/1747/301
f 985/1763/300 986/1765/300 974/1749/300
f 986/1764/299 987/1766/299 975/1750/299
f 987/1766/298 988/1768/298 976/1752/298
f 988/1767/297 989/1769/297 977/1753/297
f 989/1769/296 978/1754/296 966/1738/296
f 978/1754/307 990/1770/307 991/1771/307
f 979/1755/306 991/1771/306 992/1772/306
f 980/1757/305 992/1773/305 993/1774/305
f 981/1758/453 993/1774/453 994/1775/453
f 982/1760/590 994/1776/590 995/1777/590
f 983/1761/302 995/1777/302 996/1778/302
f 996/1778/313 997/1779/313 985/1763/313
f 997/1779/591 998/1781/591 986/1765/591
f 998/1780/311 999/1782/311 987/1766/311
f 999/1782/456 1000/1784/456 988/1768/456
f 1000/1783/309 1001/1785/309 989/1769/309
f 1001/1785/308 990/1770/308 978/1754/308
f 990/1770/319 1002/1786/319 1003/1787/319
f 991/1771/318 1003/1787/318 1004/1788/318
f 992/1773/317 1004/1789/317 1005/1790/317
f 993/1774/316 1005/1790/316 1006/1791/316
f 994/1776/524 1006/1792/524 1007/1793/524
f 995/1777/314 1007/1793/314 1008/1794/314
f 1008/1794/325 1009/1795/325 997/1779/325
f 1009/1795/324 1010/1797/324 998/1781/324
f 1010/1796/323 1011/1798/323 999/1782/323
f 1011/1798/322 1012/1800/322 1000/1784/322
f 1012/1799/459 1013/1801/459 1001/1785/459
f 1013/1801/320 1002/1786/320 990/1770/320
f 1002/1786/331 1014/1802/331 1015/1803/331
f 1003/1787/330 1015/1803/330 1016/1804/330
f 1004/1789/329 1016/1805/329 1017/1806/329
f 1005/1790/328 1017/1806/328 1018/1807/328
f 1006/1792/461 1018/1808/461 1019/1809/461
f 1007/1793/326 1019/1809/326 1020/1810/326
f 1020/1810/337 1021/1811/337 1009/1795/337
f 1021/1811/336 1022/1813/336 1010/1797/336
f 1022/1812/335 1023/1814/335 1011/1798/335
f 1023/1814/334 1024/1816/334 1012/1800/334
f 1024/1815/333 1025/1817/333 1013/1801/333
f 1025/1817/332 1014/1802/332 1002/1786/332
f 1014/1802/343 1026/1818/343 1027/1819/343
f 1015/1803/464 1027/1819/464 1028/1820/464
f 1016/1805/341 1028/1821/341 1029/1822/341
f 1017/1806/340 1029/1822/340 1030/1823/340
f 1018/1808/505 1030/1824/505 1031/1825/505
f 1019/1809/338 1031/1825/338 1032/1826/338
f 1032/1826/349 1033/1827/349 1021/1811/349
f 1033/1827/506 1034/1829/506 1022/1813/506
f 1034/1828/347 1035/1830/347 1023/1814/347
f 1035/1830/346 1036/1832/346 1024/1816/346
f 1036/1831/526 1037/1833/526 1025/1817/526
f 1037/1833/344 1026/1818/344 1014/1802/344
f 1026/1818/355 1038/1834/355 1039/1835/355
f 1027/1819/354 1039/1835/354 1040/1836/354
f 1028/1821/353 1040/1837/353 1041/1838/353
f 1029/1822/352 1041/1838/352 1042/1839/352
f 1030/1824/351 1042/1840/351 1043/1841/351
f 1031/1825/350 1043/1841/350 1044/1842/350
f 1044/1842/361 1045/1843/361 1033/1827/361
f 1045/1843/527 1046/1845/527 1034/1829/527
f 1046/1844/359 1047/1846/359 1035/1830/359
f 1047/1846/358 1048/1848/358 1036/1832/358
f 1048/1847/467 1049/1849/467 1037/1833/467
f 1049/1849/356 1038/1834/356 1026/1818/356
f 1038/1834/528 1050/1850/528 1051/1851/528
f 1039/1835/366 1051/1851/366 1052/1852/366
f 1040/1837/365 1052/1853/365 1053/1854/365
f 1041/1838/364 1053/1854/364 1054/1855/364
f 1042/1840/469 1054/1856/469 1055/1857/469
f 1043/1841/507 1055/1857/507 1056/1858/507
f 1056/1858/373 1057/1859/373 1045/1843/373
f 1057/1859/372 1058/1861/372 1046/1845/372
f 1058/1860/371 1059/1862/371 1047/1846/371
f 1059/1862/370 1060/1864/370 1048/1848/370
f 1060/1863/369 1061/1865/369 1049/1849/369
f 1061/1865/368 1050/1850/368 1038/1834/368
f 1050/1850/379 1062/1866/379 1063/1867/379
f 1051/1851/378 1063/1867/378 1064/1869/378
f 1052/1853/377 1064/1870/377 1065/1871/377
f 1053/1854/376 1065/1871/376 1066/1873/376
f 1054/1856/375 1066/1872/375 1067/1875/375
f 1055/1857/374 1067/1875/374 1068/1876/374
f 1068/1876/385 1069/1878/385 1057/1859/385
f 1069/1878/384 1070/1879/384 1058/1861/384
f 1070/1880/383 1071/1881/383 1059/1862/383
f 1071/1881/382 1072/1883/382 1060/1864/382
f 1072/1882/381 1073/1884/381 1061/1865/381
f 1073/1884/380 1062/1866/380 1050/1850/380
f 1062/1866/391 1074/1886/391 1075/1887/391
f 1063/1868/390 1075/1888/390 1076/1889/390
f 1064/1870/389 1076/1889/389 1077/1890/389
f 1065/1871/388 1077/1890/388 1078/1891/388
f 1066/1873/387 1078/1891/387 1079/1892/387
f 1067/1875/386 1079/1893/386 1080/1894/386
f 1080/1894/397 1081/1896/397 1069/1878/397
f 1081/1895/396 1082/1897/396 1070/1880/396
f 1082/1897/395 1083/1898/395 1071/1881/395
f 1083/1898/394 1084/1899/394 1072/1883/394
f 1084/1899/393 1085/1901/393 1073/1885/393
f 1085/1900/392 1074/1886/392 1062/1866/392
f 1074/1886/403 1086/1902/403 1087/1905/403
f 1075/1888/402 1087/1906/402 1088/1907/402
f 1076/1889/401 1088/1907/401 1089/1908/401
f 1077/1890/481 1089/1908/481 1090/1909/481
f 1078/1891/578 1090/1909/578 1091/1910/578
f 1079/1893/398 1091/1911/398 1092/1914/398
f 1092/1914/409 1093/1915/409 1081/1896/409
f 1093/1916/408 1094/1918/408 1082/1897/408
f 1094/1918/407 1095/1919/407 1083/1898/407
f 1095/1919/510 1096/1920/510 1084/1899/510
f 1096/1920/405 1097/1923/405 1085/1901/405
f 1097/1922/404 1086/1902/404 1074/1886/404
f 1086/1903/415 522/1116/415 523/1117/415
f 1087/1906/414 523/1118/414 524/1119/414
f 1088/1907/413 524/1119/413 525/1120/413
f 1089/1908/412 525/1120/412 526/1121/412
f 1090/1909/486 526/1121/486 527/1122/486
f 1091/1912/410 527/1123/410 528/1124/410
f 528/1124/421 529/1125/421 1093/1917/421
f 529/1126/512 530/1127/512 1094/1918/512
f 530/1127/419 531/1128/419 1095/1919/419
f 531/1128/418 532/1129/418 1096/1920/418
f 532/1129/533 533/1130/533 1097/1923/533
f 533/1131/416 522/1116/416 1086/1903/416
f 1110/1941/134 1111/1942/134 1099/1925/134
f 1111/1943/135 1112/1945/135 1100/1927/135
f 1112/1945/136 1113/1946/136 1101/1928/136
f 1113/1946/137 1114/1947/137 1102/1929/137
f 1114/1947/592 1115/1950/592 1103/1930/592
f 1115/1949/139 1116/1951/139 1104/1932/139
f 1104/1932/140 1116/1951/140 1117/1954/140
f 1105/1934/567 1117/1955/567 1118/1956/567
f 1106/1935/142 1118/1956/142 1119/1957/142
f 1107/1936/143 1119/1957/143 1120/1958/143
f 1108/1937/144 1120/1958/144 1121/1959/144
f 1109/1939/145 1121/1960/145 1110/1941/145
f 1122/1962/146 1123/1964/146 1111/1944/146
f 1123/1963/147 1124/1965/147 1112/1945/147
f 1124/1965/514 1125/1966/514 1113/1946/514
f 1125/1966/149 1126/1967/149 1114/1947/149
f 1126/1967/491 1127/1969/491 1115/1950/491
f 1127/1968/151 1128/1970/151 1116/1952/151
f 1116/1952/152 1128/1970/152 1129/1971/152
f 1117/1955/426 1129/1972/426 1130/1973/426
f 1118/1956/425 1130/1973/425 1131/1974/425
f 1119/1957/424 1131/1974/424 1132/1975/424
f 1120/1958/156 1132/1975/156 1133/1976/156
f 1121/1961/157 1133/1977/157 1122/1962/157
f 1134/1978/158 1135/1980/158 1123/1964/158
f 1135/1979/428 1136/1981/428 1124/1965/428
f 1136/1981/160 1137/1983/160 1125/1966/160
f 1137/1983/161 1138/1985/161 1126/1967/161
f 1138/1985/162 1139/1986/162 1127/1969/162
f 1139/1987/163 1140/1988/163 1128/1970/163
f 1128/1970/164 1140/1988/164 1141/1990/164
f 1129/1972/165 1141/1989/165 1142/1992/165
f 1130/1973/166 1142/1992/166 1143/1993/166
f 1131/1974/167 1143/1993/167 1144/1994/167
f 1132/1975/168 1144/1994/168 1145/1996/168
f 1133/1977/169 1145/1997/169 1134/1978/169
f 1146/1998/170 1147/1999/170 1135/1980/170
f 1147/1999/431 1148/2001/431 1136/1982/431
f 1148/2000/172 1149/2002/172 1137/1983/172
f 1149/2002/173 1150/2004/173 1138/1985/173
f 1150/2003/174 1151/2005/174 1139/1987/174
f 1151/2005/175 1152/2006/175 1140/1988/175
f 1140/1988/176 1152/2006/176 1153/2007/176
f 1141/1990/432 1153/2007/432 1154/2008/432
f 1142/1992/178 1154/2009/178 1155/2010/178
f 1143/1993/179 1155/2010/179 1156/2011/179
f 1144/1995/180 1156/2012/180 1157/2013/180
f 1145/1997/181 1157/2013/181 1146/1998/181
f 1158/2014/182 1159/2015/182 1147/1999/182
f 1159/2015/183 1160/2017/183 1148/2001/183
f 1160/2016/184 1161/2018/184 1149/2002/184
f 1161/2018/185 1162/2020/185 1150/2004/185
f 1162/2019/582 1163/2021/582 1151/2005/582
f 1163/2021/515 1164/2022/515 1152/2006/515
f 1152/2006/188 1164/2022/188 1165/2023/188
f 1153/2007/189 1165/2023/189 1166/2024/189
f 1154/2009/190 1166/2025/190 1167/2026/190
f 1155/2010/517 1167/2026/517 1168/2027/517
f 1156/2012/192 1168/2028/192 1169/2029/192
f 1157/2013/593 1169/2029/593 1158/2014/593
f 1170/2030/194 1171/2031/194 1159/2015/194
f 1171/2031/195 1172/2033/195 1160/2017/195
f 1172/2032/196 1173/2034/196 1161/2018/196
f 1173/2034/197 1174/2036/197 1162/2020/197
f 1174/2035/198 1175/2037/198 1163/2021/198
f 1175/2037/199 1176/2038/199 1164/2022/199
f 1164/2022/200 1176/2038/200 1177/2039/200
f 1165/2023/201 1177/2039/201 1178/2040/201
f 1166/2025/202 1178/2041/202 1179/2042/202
f 1167/2026/203 1179/2042/203 1180/2043/203
f 1168/2028/204 1180/2044/204 1181/2045/204
f 1169/2029/205 1181/2045/205 1170/2030/205
f 1182/2046/206 1183/2047/206 1171/2031/206
f 1183/2047/207 1184/2049/207 1172/2033/207
f 1184/2048/208 1185/2050/208 1173/2034/208
f 1185/2050/209 1186/2052/209 1174/2036/209
f 1186/2051/518 1187/2053/518 1175/2037/518
f 1187/2053/211 1188/2054/211 1176/2038/211
f 1176/2038/212 1188/2054/212 1189/2055/212
f 1177/2039/569 1189/2055/569 1190/2056/569
f 1178/2041/214 1190/2057/214 1191/2058/214
f 1179/2042/215 1191/2058/215 1192/2059/215
f 1180/2044/216 1192/2060/216 1193/2061/216
f 1181/2045/217 1193/2061/217 1182/2046/217
f 1194/2062/218 1195/2063/218 1183/2047/218
f 1195/2063/219 1196/2065/219 1184/2049/219
f 1196/2064/220 1197/2066/220 1185/2050/220
f 1197/2066/221 1198/2068/221 1186/2052/221
f 1198/2067/586 1199/2069/586 1187/2053/586
f 1199/2069/223 1200/2070/223 1188/2054/223
f 1188/2054/224 1200/2070/224 1201/2071/224
f 1189/2055/594 1201/2071/594 1202/2072/594
f 1190/2057/226 1202/2073/226 1203/2074/226
f 1191/2058/227 1203/2074/227 1204/2075/227
f 1192/2060/228 1204/2076/228 1205/2077/228
f 1193/2061/229 1205/2077/229 1194/2062/229
f 1206/2078/230 1207/2079/230 1195/2063/230
f 1207/2079/231 1208/2081/231 1196/2065/231
f 1208/2080/232 1209/2082/232 1197/2066/232
f 1209/2082/233 1210/2084/233 1198/2068/233
f 1210/2083/234 1211/2085/234 1199/2069/234
f 1211/2085/235 1212/2086/235 1200/2070/235
f 1200/2070/236 1212/2086/236 1213/2087/236
f 1201/2071/237 1213/2087/237 1214/2088/237
f 1202/2073/238 1214/2089/238 1215/2090/238
f 1203/2074/239 1215/2090/239 1216/2091/239
f 1204/2076/240 1216/2092/240 1217/2093/240
f 1205/2077/241 1217/2093/241 1206/2078/241
f 1218/2094/242 1219/2095/242 1207/2079/242
f 1219/2095/243 1220/2097/243 1208/2081/243
f 1220/2096/520 1221/2098/520 1209/2082/520
f 1221/2098/245 1222/2100/245 1210/2084/245
f 1222/2099/440 1223/2101/440 1211/2085/440
f 1223/2101/247 1224/2102/247 1212/2086/247
f 1212/2086/248 1224/2102/248 1225/2103/248
f 1213/2087/249 1225/2103/249 1226/2104/249
f 1214/2089/250 1226/2105/250 1227/2106/250
f 1215/2090/251 1227/2106/251 1228/2107/251
f 1216/2092/498 1228/2108/498 1229/2109/498
f 1217/2093/253 1229/2109/253 1218/2094/253
f 1230/2110/254 1231/2111/254 1219/2095/254
f 1231/2111/255 1232/2113/255 1220/2097/255
f 1232/2112/256 1233/2114/256 1221/2098/256
f 1233/2114/257 1234/2116/257 1222/2100/257
f 1234/2115/258 1235/2117/258 1223/2101/258
f 1235/2117/259 1236/2118/259 1224/2102/259
f 1224/2102/260 1236/2118/260 1237/2119/260
f 1225/2103/445 1237/2119/445 1238/2120/445
f 1226/2105/262 1238/2121/262 1239/2122/262
f 1227/2106/263 1239/2122/263 1240/2123/263
f 1228/2108/264 1240/2124/264 1241/2125/264
f 1229/2109/265 1241/2125/265 1230/2110/265
f 1242/2126/266 1243/2127/266 1231/2111/266
f 1243/2127/573 1244/2128/573 1232/2113/573
f 1244/2129/268 1245/2130/268 1233/2114/268
f 1245/2130/447 1246/2131/447 1234/2116/447
f 1246/2132/446 1247/2133/446 1235/2117/446
f 1247/2133/271 1248/2134/271 1236/2118/271
f 1236/2118/272 1248/2134/272 1249/2135/272
f 1237/2119/449 1249/2135/449 1250/2137/449
f 1238/2121/274 1250/2136/274 1251/2138/274
f 1239/2122/275 1251/2138/275 1252/2140/275
f 1240/2124/574 1252/2139/574 1253/2141/574
f 1241/2125/277 1253/2141/277 1242/2126/277
f 1242/2126/278 1254/2142/278 1255/2143/278
f 1243/2127/279 1255/2143/279 1256/2144/279
f 1244/2129/451 1256/2145/451 1257/2146/451
f 1245/2130/450 1257/2146/450 1258/2147/450
f 1246/2132/575 1258/2148/575 1259/2149/575
f 1247/2133/283 1259/2149/283 1260/2150/283
f 1260/2150/284 1261/2151/284 1249/2135/284
f 1261/2151/576 1262/2153/576 1250/2137/576
f 1262/2152/595 1263/2154/595 1251/2138/595
f 1263/2154/287 1264/2156/287 1252/2140/287
f 1264/2155/288 1265/2157/288 1253/2141/288
f 1265/2157/289 1254/2142/289 1242/2126/289
f 1254/2142/290 1266/2158/290 1267/2159/290
f 1255/2143/291 1267/2159/291 1268/2160/291
f 1256/2145/292 1268/2161/292 1269/2162/292
f 1257/2146/293 1269/2162/293 1270/2163/293
f 1258/2148/294 1270/2164/294 1271/2165/294
f 1259/2149/295 1271/2165/295 1272/2166/295
f 1272/2166/296 1273/2167/296 1261/2151/296
f 1273/2167/297 1274/2169/297 1262/2153/297
f 1274/2168/298 1275/2170/298 1263/2154/298
f 1275/2170/299 1276/2172/299 1264/2156/299
f 1276/2171/300 1277/2173/300 1265/2157/300
f 1277/2173/301 1266/2158/301 1254/2142/301
f 1266/2158/302 1278/2174/302 1279/2175/302
f 1267/2159/303 1279/2175/303 1280/2176/303
f 1268/2161/453 1280/2177/453 1281/2178/453
f 1269/2162/452 1281/2178/452 1282/2179/452
f 1270/2164/306 1282/2180/306 1283/2181/306
f 1271/2165/307 1283/2181/307 1284/2182/307
f 1284/2182/308 1285/2183/308 1273/2167/308
f 1285/2183/309 1286/2185/309 1274/2169/309
f 1286/2184/456 1287/2186/456 1275/2170/456
f 1287/2186/311 1288/2188/311 1276/2172/311
f 1288/2187/312 1289/2189/312 1277/2173/312
f 1289/2189/313 1278/2174/313 1266/2158/313
f 1278/2174/314 1290/2190/314 1291/2191/314
f 1279/2175/315 1291/2191/315 1292/2192/315
f 1280/2177/316 1292/2193/316 1293/2194/316
f 1281/2178/317 1293/2194/317 1294/2195/317
f 1282/2180/318 1294/2196/318 1295/2197/318
f 1283/2181/319 1295/2197/319 1296/2198/319
f 1296/2198/320 1297/2199/320 1285/2183/320
f 1297/2199/321 1298/2201/321 1286/2185/321
f 1298/2200/322 1299/2202/322 1287/2186/322
f 1299/2202/323 1300/2204/323 1288/2188/323
f 1300/2203/324 1301/2205/324 1289/2189/324
f 1301/2205/325 1290/2190/325 1278/2174/325
f 1290/2190/326 1302/2206/326 1303/2207/326
f 1291/2191/461 1303/2207/461 1304/2208/461
f 1292/2193/328 1304/2209/328 1305/2210/328
f 1293/2194/329 1305/2210/329 1306/2211/329
f 1294/2196/330 1306/2212/330 1307/2213/330
f 1295/2197/331 1307/2213/331 1308/2214/331
f 1308/2214/332 1309/2215/332 1297/2199/332
f 1309/2215/333 1310/2217/333 1298/2201/333
f 1310/2216/334 1311/2218/334 1299/2202/334
f 1311/2218/335 1312/2220/335 1300/2204/335
f 1312/2219/336 1313/2221/336 1301/2205/336
f 1313/2221/337 1302/2206/337 1290/2190/337
f 1302/2206/338 1314/2222/338 1315/2223/338
f 1303/2207/339 1315/2223/339 1316/2224/339
f 1304/2209/340 1316/2225/340 1317/2226/340
f 1305/2210/341 1317/2226/341 1318/2227/341
f 1306/2212/464 1318/2228/464 1319/2229/464
f 1307/2213/343 1319/2229/343 1320/2230/343
f 1320/2230/344 1321/2231/344 1309/2215/344
f 1321/2231/526 1322/2233/526 1310/2217/526
f 1322/2232/346 1323/2234/346 1311/2218/346
f 1323/2234/347 1324/2236/347 1312/2220/347
f 1324/2235/506 1325/2237/506 1313/2221/506
f 1325/2237/349 1314/2222/349 1302/2206/349
f 1314/2222/350 1326/2238/350 1327/2239/350
f 1315/2223/466 1327/2239/466 1328/2240/466
f 1316/2225/352 1328/2241/352 1329/2242/352
f 1317/2226/353 1329/2242/353 1330/2243/353
f 1318/2228/354 1330/2244/354 1331/2245/354
f 1319/2229/355 1331/2245/355 1332/2246/355
f 1332/2246/356 1333/2247/356 1321/2231/356
f 1333/2247/467 1334/2249/467 1322/2233/467
f 1334/2248/358 1335/2250/358 1323/2234/358
f 1335/2250/359 1336/2252/359 1324/2236/359
f 1336/2251/360 1337/2253/360 1325/2237/360
f 1337/2253/361 1326/2238/361 1314/2222/361
f 1326/2238/362 1338/2254/362 1339/2255/362
f 1327/2239/363 1339/2255/363 1340/2256/363
f 1328/2241/364 1340/2257/364 1341/2258/364
f 1329/2242/365 1341/2258/365 1342/2259/365
f 1330/2244/366 1342/2260/366 1343/2261/366
f 1331/2245/528 1343/2261/528 1344/2262/528
f 1344/2262/368 1345/2263/368 1333/2247/368
f 1345/2263/369 1346/2265/369 1334/2249/369
f 1346/2264/530 1347/2266/530 1335/2250/530
f 1347/2266/371 1348/2268/371 1336/2252/371
f 1348/2267/470 1349/2269/470 1337/2253/470
f 1349/2269/373 1338/2254/373 1326/2238/373
f 1338/2254/374 1350/2270/374 1351/2271/374
f 1339/2255/375 1351/2271/375 1352/2273/375
f 1340/2257/376 1352/2274/376 1353/2275/376
f 1341/2258/377 1353/2275/377 1354/2277/377
f 1342/2260/378 1354/2276/378 1355/2279/378
f 1343/2261/379 1355/2279/379 1356/2280/379
f 1356/2280/380 1357/2282/380 1345/2263/380
f 1357/2282/381 1358/2283/381 1346/2265/381
f 1358/2284/382 1359/2285/382 1347/2266/382
f 1359/2285/383 1360/2287/383 1348/2268/383
f 1360/2286/384 1361/2288/384 1349/2269/384
f 1361/2288/385 1350/2270/385 1338/2254/385
f 1350/2270/386 1362/2290/386 1363/2291/386
f 1351/2272/476 1363/2292/476 1364/2293/476
f 1352/2274/388 1364/2293/388 1365/2294/388
f 1353/2275/389 1365/2294/389 1366/2295/389
f 1354/2277/390 1366/2295/390 1367/2296/390
f 1355/2279/391 1367/2297/391 1368/2298/391
f 1368/2298/392 1369/2300/392 1357/2282/392
f 1369/2299/393 1370/2301/393 1358/2284/393
f 1370/2301/394 1371/2302/394 1359/2285/394
f 1371/2302/395 1372/2303/395 1360/2287/395
f 1372/2303/396 1373/2305/396 1361/2289/396
f 1373/2304/397 1362/2290/397 1350/2270/397
f 1362/2290/398 1374/2306/398 1375/2309/398
f 1363/2292/578 1375/2310/578 1376/2311/578
f 1364/2293/481 1376/2311/481 1377/2312/481
f 1365/2294/480 1377/2312/480 1378/2313/480
f 1366/2295/479 1378/2313/479 1379/2314/479
f 1367/2297/403 1379/2315/403 1380/2318/403
f 1380/2318/404 1381/2319/404 1369/2300/404
f 1381/2320/405 1382/2322/405 1370/2301/405
f 1382/2322/406 1383/2323/406 1371/2302/406
f 1383/2323/483 1384/2324/483 1372/2303/483
f 1384/2324/482 1385/2327/482 1373/2305/482
f 1385/2326/409 1374/2306/409 1362/2290/409
f 1374/2307/410 1386/2328/410 1387/2330/410
f 1375/2310/486 1387/2329/486 1388/2331/486
f 1376/2311/412 1388/2331/412 1389/2332/412
f 1377/2312/413 1389/2332/413 1390/2333/413
f 1378/2313/414 1390/2333/414 1391/2335/414
f 1379/2316/415 1391/2334/415 1392/2336/415
f 1392/2336/416 1393/2337/416 1381/2321/416
f 1393/2338/533 1394/2339/533 1382/2322/533
f 1394/2339/418 1395/2340/418 1383/2323/418
f 1395/2340/419 1396/2341/419 1384/2324/419
f 1396/2341/420 1397/2342/420 1385/2327/420
f 1397/2343/421 1386/2328/421 1374/2307/421
f 1398/2345/139 1399/2346/139 1387/2330/139
f 1399/2347/138 1400/2349/138 1388/2331/138
f 1400/2349/137 1401/2350/137 1389/2332/137
f 1401/2350/136 1402/2351/136 1390/2333/136
f 1402/2351/596 1403/2354/596 1391/2335/596
f 1403/2353/134 1404/2355/134 1392/2336/134
f 1392/2336/145 1404/2355/145 1405/2358/145
f 1393/2338/580 1405/2359/580 1406/2360/580
f 1394/2339/143 1406/2360/143 1407/2361/143
f 1395/2340/142 1407/2361/142 1408/2362/142
f 1396/2341/141 1408/2362/141 1409/2363/141
f 1397/2343/140 1409/2364/140 1398/2345/140
f 1410/2366/151 1411/2368/151 1399/2348/151
f 1411/2367/491 1412/2369/491 1400/2349/491
f 1412/2369/490 1413/2370/490 1401/2350/490
f 1413/2370/148 1414/2371/148 1402/2351/148
f 1414/2371/147 1415/2373/147 1403/2354/147
f 1415/2372/146 1416/2374/146 1404/2356/146
f 1404/2356/157 1416/2374/157 1417/2375/157
f 1405/2359/156 1417/2376/156 1418/2377/156
f 1406/2360/155 1418/2377/155 1419/2378/155
f 1407/2361/154 1419/2378/154 1420/2379/154
f 1408/2362/426 1420/2379/426 1421/2380/426
f 1409/2365/152 1421/2381/152 1410/2366/152
f 1422/2382/163 1423/2384/163 1411/2368/163
f 1423/2383/162 1424/2385/162 1412/2369/162
f 1424/2385/161 1425/2387/161 1413/2370/161
f 1425/2387/160 1426/2389/160 1414/2371/160
f 1426/2389/159 1427/2390/159 1415/2373/159
f 1427/2391/158 1428/2392/158 1416/2374/158
f 1416/2374/169 1428/2392/169 1429/2394/169
f 1417/2376/581 1429/2393/581 1430/2396/581
f 1418/2377/167 1430/2396/167 1431/2397/167
f 1419/2378/166 1431/2397/166 1432/2398/166
f 1420/2379/429 1432/2398/429 1433/2400/429
f 1421/2381/164 1433/2401/164 1422/2382/164
f 1434/2402/175 1435/2403/175 1423/2384/175
f 1435/2403/430 1436/2405/430 1424/2386/430
f 1436/2404/173 1437/2406/173 1425/2387/173
f 1437/2406/172 1438/2408/172 1426/2389/172
f 1438/2407/171 1439/2409/171 1427/2391/171
f 1439/2409/170 1440/2410/170 1428/2392/170
f 1428/2392/181 1440/2410/181 1441/2411/181
f 1429/2394/492 1441/2411/492 1442/2412/492
f 1430/2396/179 1442/2413/179 1443/2414/179
f 1431/2397/178 1443/2414/178 1444/2415/178
f 1432/2399/432 1444/2416/432 1445/2417/432
f 1433/2401/176 1445/2417/176 1434/2402/176
f 1446/2418/187 1447/2419/187 1435/2403/187
f 1447/2419/186 1448/2421/186 1436/2405/186
f 1448/2420/185 1449/2422/185 1437/2406/185
f 1449/2422/184 1450/2424/184 1438/2408/184
f 1450/2423/433 1451/2425/433 1439/2409/433
f 1451/2425/493 1452/2426/493 1440/2410/493
f 1440/2410/193 1452/2426/193 1453/2427/193
f 1441/2411/434 1453/2427/434 1454/2428/434
f 1442/2413/191 1454/2429/191 1455/2430/191
f 1443/2414/494 1455/2430/494 1456/2431/494
f 1444/2416/435 1456/2432/435 1457/2433/435
f 1445/2417/597 1457/2433/597 1446/2418/597
f 1458/2434/199 1459/2435/199 1447/2419/199
f 1459/2435/198 1460/2437/198 1448/2421/198
f 1460/2436/197 1461/2438/197 1449/2422/197
f 1461/2438/196 1462/2440/196 1450/2424/196
f 1462/2439/598 1463/2441/598 1451/2425/598
f 1463/2441/194 1464/2442/194 1452/2426/194
f 1452/2426/205 1464/2442/205 1465/2443/205
f 1453/2427/584 1465/2443/584 1466/2444/584
f 1454/2429/203 1466/2445/203 1467/2446/203
f 1455/2430/202 1467/2446/202 1468/2447/202
f 1456/2432/436 1468/2448/436 1469/2449/436
f 1457/2433/200 1469/2449/200 1458/2434/200
f 1470/2450/211 1471/2451/211 1459/2435/211
f 1471/2451/210 1472/2453/210 1460/2437/210
f 1472/2452/209 1473/2454/209 1461/2438/209
f 1473/2454/208 1474/2456/208 1462/2440/208
f 1474/2455/568 1475/2457/568 1463/2441/568
f 1475/2457/206 1476/2458/206 1464/2442/206
f 1464/2442/217 1476/2458/217 1477/2459/217
f 1465/2443/585 1477/2459/585 1478/2460/585
f 1466/2445/215 1478/2461/215 1479/2462/215
f 1467/2446/214 1479/2462/214 1480/2463/214
f 1468/2448/213 1480/2464/213 1481/2465/213
f 1469/2449/212 1481/2465/212 1470/2450/212
f 1482/2466/599 1483/2467/599 1471/2451/599
f 1483/2467/222 1484/2469/222 1472/2453/222
f 1484/2468/221 1485/2470/221 1473/2454/221
f 1485/2470/220 1486/2472/220 1474/2456/220
f 1486/2471/571 1487/2473/571 1475/2457/571
f 1487/2473/218 1488/2474/218 1476/2458/218
f 1476/2458/437 1488/2474/437 1489/2475/437
f 1477/2459/600 1489/2475/600 1490/2476/600
f 1478/2461/227 1490/2477/227 1491/2478/227
f 1479/2462/226 1491/2478/226 1492/2479/226
f 1480/2464/225 1492/2480/225 1493/2481/225
f 1481/2465/224 1493/2481/224 1482/2466/224
f 1494/2482/235 1495/2483/235 1483/2467/235
f 1495/2483/438 1496/2485/438 1484/2469/438
f 1496/2484/233 1497/2486/233 1485/2470/233
f 1497/2486/232 1498/2488/232 1486/2472/232
f 1498/2487/439 1499/2489/439 1487/2473/439
f 1499/2489/230 1500/2490/230 1488/2474/230
f 1488/2474/241 1500/2490/241 1501/2491/241
f 1489/2475/240 1501/2491/240 1502/2492/240
f 1490/2477/239 1502/2493/239 1503/2494/239
f 1491/2478/238 1503/2494/238 1504/2495/238
f 1492/2480/237 1504/2496/237 1505/2497/237
f 1493/2481/236 1505/2497/236 1494/2482/236
f 1506/2498/247 1507/2499/247 1495/2483/247
f 1507/2499/246 1508/2501/246 1496/2485/246
f 1508/2500/497 1509/2502/497 1497/2486/497
f 1509/2502/244 1510/2504/244 1498/2488/244
f 1510/2503/243 1511/2505/243 1499/2489/243
f 1511/2505/242 1512/2506/242 1500/2490/242
f 1500/2490/253 1512/2506/253 1513/2507/253
f 1501/2491/442 1513/2507/442 1514/2508/442
f 1502/2493/251 1514/2509/251 1515/2510/251
f 1503/2494/572 1515/2510/572 1516/2511/572
f 1504/2496/521 1516/2512/521 1517/2513/521
f 1505/2497/248 1517/2513/248 1506/2498/248
f 1518/2514/259 1519/2515/259 1507/2499/259
f 1519/2515/258 1520/2517/258 1508/2501/258
f 1520/2516/257 1521/2518/257 1509/2502/257
f 1521/2518/256 1522/2520/256 1510/2504/256
f 1522/2519/255 1523/2521/255 1511/2505/255
f 1523/2521/254 1524/2522/254 1512/2506/254
f 1512/2506/265 1524/2522/265 1525/2523/265
f 1513/2507/264 1525/2523/264 1526/2524/264
f 1514/2509/263 1526/2525/263 1527/2526/263
f 1515/2510/262 1527/2526/262 1528/2527/262
f 1516/2512/445 1528/2528/445 1529/2529/445
f 1517/2513/260 1529/2529/260 1518/2514/260
f 1530/2530/271 1531/2531/271 1519/2515/271
f 1531/2531/446 1532/2532/446 1520/2517/446
f 1532/2533/447 1533/2534/447 1521/2518/447
f 1533/2534/268 1534/2535/268 1522/2520/268
f 1534/2536/573 1535/2537/573 1523/2521/573
f 1535/2537/266 1536/2538/266 1524/2522/266
f 1524/2522/277 1536/2538/277 1537/2539/277
f 1525/2523/574 1537/2539/574 1538/2541/574
f 1526/2525/275 1538/2540/275 1539/2542/275
f 1527/2526/274 1539/2542/274 1540/2544/274
f 1528/2528/449 1540/2543/449 1541/2545/449
f 1529/2529/272 1541/2545/272 1530/2530/272
f 1530/2530/283 1542/2546/283 1543/2547/283
f 1531/2531/575 1543/2547/575 1544/2548/575
f 1532/2533/281 1544/2549/281 1545/2550/281
f 1533/2534/280 1545/2550/280 1546/2551/280
f 1534/2536/588 1546/2552/588 1547/2553/588
f 1535/2537/278 1547/2553/278 1548/2554/278
f 1548/2554/289 1549/2555/289 1537/2539/289
f 1549/2555/589 1550/2557/589 1538/2541/589
f 1550/2556/601 1551/2558/601 1539/2542/601
f 1551/2558/595 1552/2560/595 1540/2544/595
f 1552/2559/576 1553/2561/576 1541/2545/576
f 1553/2561/284 1542/2546/284 1530/2530/284
f 1542/2546/295 1554/2562/295 1555/2563/295
f 1543/2547/294 1555/2563/294 1556/2564/294
f 1544/2549/293 1556/2565/293 1557/2566/293
f 1545/2550/292 1557/2566/292 1558/2567/292
f 1546/2552/291 1558/2568/291 1559/2569/291
f 1547/2553/290 1559/2569/290 1560/2570/290
f 1560/2570/301 1561/2571/301 1549/2555/301
f 1561/2571/300 1562/2573/300 1550/2557/300
f 1562/2572/299 1563/2574/299 1551/2558/299
f 1563/2574/298 1564/2576/298 1552/2560/298
f 1564/2575/297 1565/2577/297 1553/2561/297
f 1565/2577/296 1554/2562/296 1542/2546/296
f 1554/2562/307 1566/2578/307 1567/2579/307
f 1555/2563/306 1567/2579/306 1568/2580/306
f 1556/2565/305 1568/2581/305 1569/2582/305
f 1557/2566/304 1569/2582/304 1570/2583/304
f 1558/2568/303 1570/2584/303 1571/2585/303
f 1559/2569/302 1571/2585/302 1572/2586/302
f 1572/2586/313 1573/2587/313 1561/2571/313
f 1573/2587/454 1574/2589/454 1562/2573/454
f 1574/2588/311 1575/2590/311 1563/2574/311
f 1575/2590/456 1576/2592/456 1564/2576/456
f 1576/2591/502 1577/2593/502 1565/2577/502
f 1577/2593/308 1566/2578/308 1554/2562/308
f 1566/2578/319 1578/2594/319 1579/2595/319
f 1567/2579/318 1579/2595/318 1580/2596/318
f 1568/2581/317 1580/2597/317 1581/2598/317
f 1569/2582/316 1581/2598/316 1582/2599/316
f 1570/2584/315 1582/2600/315 1583/2601/315
f 1571/2585/314 1583/2601/314 1584/2602/314
f 1584/2602/325 1585/2603/325 1573/2587/325
f 1585/2603/458 1586/2605/458 1574/2589/458
f 1586/2604/323 1587/2606/323 1575/2590/323
f 1587/2606/322 1588/2608/322 1576/2592/322
f 1588/2607/459 1589/2609/459 1577/2593/459
f 1589/2609/320 1578/2594/320 1566/2578/320
f 1578/2594/331 1590/2610/331 1591/2611/331
f 1579/2595/330 1591/2611/330 1592/2612/330
f 1580/2597/329 1592/2613/329 1593/2614/329
f 1581/2598/328 1593/2614/328 1594/2615/328
f 1582/2600/461 1594/2616/461 1595/2617/461
f 1583/2601/326 1595/2617/326 1596/2618/326
f 1596/2618/462 1597/2619/462 1585/2603/462
f 1597/2619/336 1598/2621/336 1586/2605/336
f 1598/2620/335 1599/2622/335 1587/2606/335
f 1599/2622/334 1600/2624/334 1588/2608/334
f 1600/2623/333 1601/2625/333 1589/2609/333
f 1601/2625/463 1590/2610/463 1578/2594/463
f 1590/2610/343 1602/2626/343 1603/2627/343
f 1591/2611/464 1603/2627/464 1604/2628/464
f 1592/2613/341 1604/2629/341 1605/2630/341
f 1593/2614/340 1605/2630/340 1606/2631/340
f 1594/2616/505 1606/2632/505 1607/2633/505
f 1595/2617/338 1607/2633/338 1608/2634/338
f 1608/2634/349 1609/2635/349 1597/2619/349
f 1609/2635/506 1610/2637/506 1598/2621/506
f 1610/2636/347 1611/2638/347 1599/2622/347
f 1611/2638/346 1612/2640/346 1600/2624/346
f 1612/2639/526 1613/2641/526 1601/2625/526
f 1613/2641/344 1602/2626/344 1590/2610/344
f 1602/2626/355 1614/2642/355 1615/2643/355
f 1603/2627/354 1615/2643/354 1616/2644/354
f 1604/2629/353 1616/2645/353 1617/2646/353
f 1605/2630/352 1617/2646/352 1618/2647/352
f 1606/2632/466 1618/2648/466 1619/2649/466
f 1607/2633/350 1619/2649/350 1620/2650/350
f 1620/2650/361 1621/2651/361 1609/2635/361
f 1621/2651/360 1622/2653/360 1610/2637/360
f 1622/2652/359 1623/2654/359 1611/2638/359
f 1623/2654/358 1624/2656/358 1612/2640/358
f 1624/2655/467 1625/2657/467 1613/2641/467
f 1625/2657/356 1614/2642/356 1602/2626/356
f 1614/2642/367 1626/2658/367 1627/2659/367
f 1615/2643/468 1627/2659/468 1628/2660/468
f 1616/2645/365 1628/2661/365 1629/2662/365
f 1617/2646/364 1629/2662/364 1630/2663/364
f 1618/2648/469 1630/2664/469 1631/2665/469
f 1619/2649/507 1631/2665/507 1632/2666/507
f 1632/2666/373 1633/2667/373 1621/2651/373
f 1633/2667/470 1634/2669/470 1622/2653/470
f 1634/2668/602 1635/2670/602 1623/2654/602
f 1635/2670/370 1636/2672/370 1624/2656/370
f 1636/2671/369 1637/2673/369 1625/2657/369
f 1637/2673/368 1626/2658/368 1614/2642/368
f 1626/2658/379 1638/2674/379 1639/2675/379
f 1627/2659/509 1639/2675/509 1640/2677/509
f 1628/2661/377 1640/2678/377 1641/2679/377
f 1629/2662/376 1641/2679/376 1642/2681/376
f 1630/2664/472 1642/2680/472 1643/2683/472
f 1631/2665/374 1643/2683/374 1644/2684/374
f 1644/2684/385 1645/2686/385 1633/2667/385
f 1645/2686/473 1646/2687/473 1634/2669/473
f 1646/2688/383 1647/2689/383 1635/2670/383
f 1647/2689/382 1648/2691/382 1636/2672/382
f 1648/2690/474 1649/2692/474 1637/2673/474
f 1649/2692/380 1638/2674/380 1626/2658/380
f 1638/2674/391 1650/2694/391 1651/2695/391
f 1639/2676/390 1651/2696/390 1652/2697/390
f 1640/2678/389 1652/2697/389 1653/2698/389
f 1641/2679/388 1653/2698/388 1654/2699/388
f 1642/2681/476 1654/2699/476 1655/2700/476
f 1643/2683/386 1655/2701/386 1656/2702/386
f 1656/2702/397 1657/2704/397 1645/2686/397
f 1657/2703/396 1658/2705/396 1646/2688/396
f 1658/2705/395 1659/2706/395 1647/2689/395
f 1659/2706/394 1660/2707/394 1648/2691/394
f 1660/2707/478 1661/2709/478 1649/2693/478
f 1661/2708/392 1650/2694/392 1638/2674/392
f 1650/2694/403 1662/2710/403 1663/2713/403
f 1651/2696/402 1663/2714/402 1664/2715/402
f 1652/2697/401 1664/2715/401 1665/2716/401
f 1653/2698/400 1665/2716/400 1666/2717/400
f 1654/2699/399 1666/2717/399 1667/2718/399
f 1655/2701/398 1667/2719/398 1668/2722/398
f 1668/2722/409 1669/2723/409 1657/2704/409
f 1669/2724/482 1670/2726/482 1658/2705/482
f 1670/2726/407 1671/2727/407 1659/2706/407
f 1671/2727/510 1672/2728/510 1660/2707/510
f 1672/2728/405 1673/2731/405 1661/2709/405
f 1673/2730/404 1662/2710/404 1650/2694/404
f 1662/2711/415 1098/1924/415 1099/1925/415
f 1663/2714/414 1099/1926/414 1100/1927/414
f 1664/2715/413 1100/1927/413 1101/1928/413
f 1665/2716/412 1101/1928/412 1102/1929/412
f 1666/2717/486 1102/1929/486 1103/1930/486
f 1667/2720/410 1103/1931/410 1104/1932/410
f 1104/1932/421 1105/1933/421 1669/2725/421
f 1105/1934/512 1106/1935/512 1670/2726/512
f 1106/1935/419 1107/1936/419 1671/2727/419
f 1107/1936/418 1108/1937/418 1672/2728/418
f 1108/1937/488 1109/1938/488 1673/2731/488
f 1109/1939/416 1098/1924/416 1662/2711/416
f 1675/2735/69 1677/2738/69 1676/2736/69
f 1677/2738/70 1679/2742/70 1678/2740/70
f 1679/2742/71 1681/2746/71 1680/2744/71
f 1681/2746/72 1683/2750/72 1682/2748/72
f 1683/2750/73 1685/2754/73 1684/2752/73
f 1685/2754/74 1687/2758/74 1686/2756/74
f 1687/2758/75 1689/2763/75 1688/2761/75
f 1689/2764/76 1691/2768/76 1690/2766/76
f 1691/2768/77 1693/2773/77 1692/2771/77
f 1693/2774/78 1695/2778/78 1694/2776/78
f 1695/2778/79 1697/2782/79 1696/2780/79
f 1697/2782/80 1699/2786/80 1698/2784/80
f 1699/2786/81 1701/2790/81 1700/2788/81
f 1701/2790/82 1703/2794/82 1702/2792/82
f 1703/2794/83 1705/2798/83 1704/2796/83
f 1705/2798/84 1707/2802/84 1706/2800/84
f 1707/2802/85 1709/2806/85 1708/2804/85
f 1709/2806/86 1711/2810/86 1710/2808/86
f 1711/2810/87 1713/2814/87 1712/2812/87
f 1713/2814/88 1715/2818/88 1714/2816/88
f 1715/2818/89 1717/2822/89 1716/2820/89
f 1717/2822/90 1719/2826/90 1718/2824/90
f 1719/2826/91 1721/2831/91 1720/2829/91
f 1721/2832/92 1723/2836/92 1722/2834/92
f 1723/2836/93 1725/2841/93 1724/2839/93
f 1725/2842/94 1727/2846/94 1726/2844/94
f 1727/2846/95 1729/2850/95 1728/2848/95
f 1729/2850/96 1731/2854/96 1730/2852/96
f 1731/2854/97 1733/2858/97 1732/2856/97
f 1733/2858/98 1735/2863/98 1734/2860/98
f 1679/2743/6 1677/2739/6 1705/2799/6
f 1677/2739/6 1675/2734/6 1707/2803/6
f 1675/2734/6 1737/2866/6 1709/2807/6
f 1737/2866/6 1735/2862/6 1711/2811/6
f 1735/2862/6 1733/2859/6 1711/2811/6
f 1733/2859/6 1731/2855/6 1713/2815/6
f 1711/2811/6 1733/2859/6 1713/2815/6
f 1731/2855/6 1729/2851/6 1715/2819/6
f 1729/2851/6 1727/2847/6 1717/2823/6
f 1715/2819/6 1729/2851/6 1717/2823/6
f 1727/2847/6 1725/2843/6 1719/2827/6
f 1725/2843/6 1723/2837/6 1721/2833/6
f 1719/2827/6 1725/2843/6 1721/2833/6
f 1719/2827/6 1717/2823/6 1727/2847/6
f 1715/2819/6 1713/2815/6 1731/2855/6
f 1711/2811/6 1709/2807/6 1737/2866/6
f 1709/2807/6 1707/2803/6 1675/2734/6
f 1707/2803/6 1705/2799/6 1677/2739/6
f 1705/2799/6 1703/2795/6 1679/2743/6
f 1703/2795/6 1701/2791/6 1679/2743/6
f 1701/2791/6 1699/2787/6 1681/2747/6
f 1679/2743/6 1701/2791/6 1681/2747/6
f 1699/2787/6 1697/2783/6 1683/2751/6
f 1697/2783/6 1695/2779/6 1685/2755/6
f 1683/2751/6 1697/2783/6 1685/2755/6
f 1695/2779/6 1693/2775/6 1687/2759/6
f 1693/2775/6 1691/2769/6 1689/2765/6
f 1687/2759/6 1693/2775/6 1689/2765/6
f 1687/2759/6 1685/2755/6 1695/2779/6
f 1735/2863/99 1737/2867/99 1736/2864/99
f 1737/2867/100 1675/2735/100 1674/2732/100
f 1736/2865/5 1674/2733/5 1706/2801/5
f 1674/2733/5 1676/2737/5 1704/2797/5
f 1676/2737/5 1678/2741/5 1704/2797/5
f 1678/2741/5 1680/2745/5 1702/2793/5
f 1704/2797/5 1678/2741/5 1702/2793/5
f 1680/2745/5 1682/2749/5 1698/2785/5
f 1682/2749/5 1684/2753/5 1696/2781/5
f 1684/2753/5 1686/2757/5 1696/2781/5
f 1686/2757/5 1688/2762/5 1694/2777/5
f 1696/2781/5 1686/2757/5 1694/2777/5
f 1688/2762/5 1690/2767/5 1692/2772/5
f 1692/2772/5 1694/2777/5 1688/2762/5
f 1696/2781/5 1698/2785/5 1682/2749/5
f 1698/2785/5 1700/2789/5 1680/2745/5
f 1700/2789/5 1702/2793/5 1680/2745/5
f 1704/2797/5 1706/2801/5 1674/2733/5
f 1706/2801/5 1708/2805/5 1736/2865/5
f 1708/2805/5 1710/2809/5 1736/2865/5
f 1710/2809/5 1712/2813/5 1734/2861/5
f 1736/2865/5 1710/2809/5 1734/2861/5
f 1712/2813/5 1714/2817/5 1730/2853/5
f 1714/2817/5 1716/2821/5 1728/2849/5
f 1716/2821/5 1718/2825/5 1728/2849/5
f 1718/2825/5 1720/2830/5 1726/2845/5
f 1728/2849/5 1718/2825/5 1726/2845/5
f 1720/2830/5 1722/2835/5 1724/2840/5
f 1724/2840/5 1726/2845/5 1720/2830/5
f 1728/2849/5 1730/2853/5 1714/2817/5
f 1730/2853/5 1732/2857/5 1712/2813/5
f 1739/2871/1 1741/2877/1 1740/2876/1
f 1741/2878/2 1745/2890/2 1744/2887/2
f 1745/2891/3 1743/2883/3 1742/2881/3
f 1743/2884/4 1739/2872/4 1738/2869/4
f 1744/2888/5 1742/2882/5 1738/2870/5
f 1741/2879/6 1739/2873/6 1743/2885/6
f 1747/2895/1 1749/2901/1 1748/2900/1
f 1749/2902/2 1753/2914/2 1752/2911/2
f 1753/2915/3 1751/2907/3 1750/2905/3
f 1751/2908/4 1747/2896/4 1746/2893/4
f 1752/2912/5 1750/2906/5 1746/2894/5
f 1749/2903/6 1747/2897/6 1751/2909/6
f 1755/2919/1 1757/2925/1 1756/2924/1
f 1757/2926/2 1761/2938/2 1760/2935/2
f 1761/2939/3 1759/2931/3 1758/2929/3
f 1759/2932/4 1755/2920/4 1754/2917/4
f 1760/2936/5 1758/2930/5 1754/2918/5
f 1757/2927/6 1755/2921/6 1759/2933/6
f 1763/2943/558 1765/2946/558 1764/2944/558
f 1765/2946/102 1767/2950/102 1766/2948/102
f 1767/2950/103 1769/2954/103 1768/2952/103
f 1769/2954/104 1771/2958/104 1770/2956/104
f 1771/2958/105 1773/2962/105 1772/2960/105
f 1773/2962/106 1775/2966/106 1774/2964/106
f 1775/2966/107 1777/2971/107 1776/2969/107
f 1777/2972/108 1779/2976/108 1778/2974/108
f 1779/2976/109 1781/2981/109 1780/2979/109
f 1781/2982/110 1783/2986/110 1782/2984/110
f 1783/2986/111 1785/2990/111 1784/2988/111
f 1785/2990/112 1787/2994/112 1786/2992/112
f 1787/2994/113 1789/2998/113 1788/2996/113
f 1789/2998/534 1791/3002/534 1790/3000/534
f 1791/3002/603 1793/3006/603 1792/3004/603
f 1793/3006/559 1795/3010/559 1794/3008/559
f 1795/3010/560 1797/3014/560 1796/3012/560
f 1797/3014/536 1799/3018/536 1798/3016/536
f 1799/3018/119 1801/3022/119 1800/3020/119
f 1801/3022/120 1803/3026/120 1802/3024/120
f 1803/3026/121 1805/3030/121 1804/3028/121
f 1805/3030/122 1807/3034/122 1806/3032/122
f 1807/3034/123 1809/3039/123 1808/3037/123
f 1809/3040/124 1811/3044/124 1810/3042/124
f 1811/3044/125 1813/3049/125 1812/3047/125
f 1813/3050/126 1815/3054/126 1814/3052/126
f 1815/3054/127 1817/3058/127 1816/3056/127
f 1817/3058/128 1819/3062/128 1818/3060/128
f 1819/3062/129 1821/3066/129 1820/3064/129
f 1821/3066/130 1823/3071/130 1822/3068/130
f 1767/2951/2 1765/2947/2 1793/3007/2
f 1765/2947/2 1763/2942/2 1795/3011/2
f 1763/2942/2 1825/3074/2 1797/3015/2
f 1825/3074/2 1823/3070/2 1799/3019/2
f 1823/3070/2 1821/3067/2 1799/3019/2
f 1821/3067/2 1819/3063/2 1801/3023/2
f 1799/3019/2 1821/3067/2 1801/3023/2
f 1819/3063/2 1817/3059/2 1803/3027/2
f 1817/3059/2 1815/3055/2 1805/3031/2
f 1803/3027/2 1817/3059/2 1805/3031/2
f 1815/3055/2 1813/3051/2 1809/3041/2
f 1813/3051/2 1811/3045/2 1809/3041/2
f 1809/3041/2 1807/3035/2 1815/3055/2
f 1807/3035/2 1805/3031/2 1815/3055/2
f 1803/3027/2 1801/3023/2 1819/3063/2
f 1799/3019/2 1797/3015/2 1825/3074/2
f 1797/3015/2 1795/3011/2 1763/2942/2
f 1795/3011/2 1793/3007/2 1765/2947/2
f 1793/3007/2 1791/3003/2 1767/2951/2
f 1791/3003/2 1789/2999/2 1767/2951/2
f 1789/2999/2 1787/2995/2 1769/2955/2
f 1767/2951/2 1789/2999/2 1769/2955/2
f 1787/2995/2 1785/2991/2 1771/2959/2
f 1785/2991/2 1783/2987/2 1773/2963/2
f 1771/2959/2 1785/2991/2 1773/2963/2
f 1783/2987/2 1781/2983/2 1775/2967/2
f 1781/2983/2 1779/2977/2 1777/2973/2
f 1775/2967/2 1781/2983/2 1777/2973/2
f 1775/2967/2 1773/2963/2 1783/2987/2
f 1823/3071/562 1825/3075/562 1824/3072/562
f 1825/3075/132 1763/2943/132 1762/2940/132
f 1824/3073/4 1762/2941/4 1794/3009/4
f 1762/2941/4 1764/2945/4 1792/3005/4
f 1764/2945/4 1766/2949/4 1792/3005/4
f 1766/2949/4 1768/2953/4 1790/3001/4
f 1792/3005/4 1766/2949/4 1790/3001/4
f 1768/2953/4 1770/2957/4 1786/2993/4
f 1770/2957/4 1772/2961/4 1784/2989/4
f 1772/2961/4 1774/2965/4 1784/2989/4
f 1774/2965/4 1776/2970/4 1782/2985/4
f 1784/2989/4 1774/2965/4 1782/2985/4
f 1776/2970/4 1778/2975/4 1780/2980/4
f 1780/2980/4 1782/2985/4 1776/2970/4
f 1784/2989/4 1786/2993/4 1770/2957/4
f 1786/2993/4 1788/2997/4 1768/2953/4
f 1788/2997/4 1790/3001/4 1768/2953/4
f 1792/3005/4 1794/3009/4 1762/2941/4
f 1794/3009/4 1796/3013/4 1824/3073/4
f 1796/3013/4 1798/3017/4 1824/3073/4
f 1798/3017/4 1800/3021/4 1822/3069/4
f 1824/3073/4 1798/3017/4 1822/3069/4
f 1800/3021/4 1802/3025/4 1818/3061/4
f 1802/3025/4 1804/3029/4 1816/3057/4
f 1804/3029/4 1806/3033/4 1816/3057/4
f 1806/3033/4 1808/3038/4 1814/3053/4
f 1816/3057/4 1806/3033/4 1814/3053/4
f 1808/3038/4 1810/3043/4 1812/3048/4
f 1812/3048/4 1814/3053/4 1808/3038/4
f 1816/3057/4 1818/3061/4 1802/3025/4
f 1818/3061/4 1820/3065/4 1800/3021/4
f 1827/3079/15 1829/3082/15 1828/3080/15
f 1829/3082/16 1831/3087/16 1830/3085/16
f 1831/3088/17 1833/3092/17 1832/3090/17
f 1833/3092/18 1835/3096/18 1834/3094/18
f 1835/3096/19 1837/3100/19 1836/3098/19
f 1837/3100/20 1839/3104/20 1838/3102/20
f 1839/3104/21 1841/3108/21 1840/3106/21
f 1841/3108/22 1843/3112/22 1842/3110/22
f 1843/3112/23 1845/3116/23 1844/3114/23
f 1845/3116/24 1847/3120/24 1846/3118/24
f 1847/3120/25 1849/3124/25 1848/3122/25
f 1849/3124/26 1851/3128/26 1850/3126/26
f 1851/3128/27 1853/3132/27 1852/3130/27
f 1853/3132/28 1855/3137/28 1854/3135/28
f 1855/3138/29 1857/3142/29 1856/3140/29
f 1857/3142/30 1859/3146/30 1858/3144/30
f 1859/3146/31 1861/3150/31 1860/3148/31
f 1861/3150/32 1863/3155/32 1862/3153/32
f 1863/3156/33 1865/3160/33 1864/3158/33
f 1865/3160/34 1867/3164/34 1866/3162/34
f 1867/3164/35 1869/3168/35 1868/3166/35
f 1869/3168/36 1871/3172/36 1870/3170/36
f 1871/3172/37 1873/3176/37 1872/3174/37
f 1873/3176/38 1875/3180/38 1874/3178/38
f 1875/3180/7 1877/3184/7 1876/3182/7
f 1877/3184/8 1879/3188/8 1878/3186/8
f 1879/3188/9 1881/3192/9 1880/3190/9
f 1881/3192/10 1883/3196/10 1882/3194/10
f 1883/3196/11 1885/3200/11 1884/3198/11
f 1885/3200/12 1887/3205/12 1886/3203/12
f 1831/3089/3 1829/3083/3 1887/3206/3
f 1829/3083/3 1827/3078/3 1889/3210/3
f 1887/3206/3 1829/3083/3 1889/3210/3
f 1887/3206/3 1885/3201/3 1831/3089/3
f 1885/3201/3 1883/3197/3 1833/3093/3
f 1831/3089/3 1885/3201/3 1833/3093/3
f 1883/3197/3 1881/3193/3 1835/3097/3
f 1881/3193/3 1879/3189/3 1837/3101/3
f 1835/3097/3 1881/3193/3 1837/3101/3
f 1879/3189/3 1877/3185/3 1841/3109/3
f 1877/3185/3 1875/3181/3 1843/3113/3
f 1875/3181/3 1873/3177/3 1845/3117/3
f 1873/3177/3 1871/3173/3 1847/3121/3
f 1871/3173/3 1869/3169/3 1847/3121/3
f 1869/3169/3 1867/3165/3 1849/3125/3
f 1847/3121/3 1869/3169/3 1849/3125/3
f 1867/3165/3 1865/3161/3 1851/3129/3
f 1865/3161/3 1863/3157/3 1853/3133/3
f 1851/3129/3 1865/3161/3 1853/3133/3
f 1863/3157/3 1861/3151/3 1857/3143/3
f 1861/3151/3 1859/3147/3 1857/3143/3
f 1857/3143/3 1855/3139/3 1863/3157/3
f 1855/3139/3 1853/3133/3 1863/3157/3
f 1851/3129/3 1849/3125/3 1867/3165/3
f 1847/3121/3 1845/3117/3 1873/3177/3
f 1845/3117/3 1843/3113/3 1875/3181/3
f 1843/3113/3 1841/3109/3 1877/3185/3
f 1841/3109/3 1839/3105/3 1879/3189/3
f 1839/3105/3 1837/3101/3 1879/3189/3
f 1887/3207/13 1889/3211/13 1888/3208/13
f 1889/3211/14 1827/3079/14 1826/3076/14
f 1888/3209/1 1826/3077/1 1828/3081/1
f 1828/3081/1 1830/3086/1 1888/3209/1
f 1830/3086/1 1832/3091/1 1886/3204/1
f 1888/3209/1 1830/3086/1 1886/3204/1
f 1832/3091/1 1834/3095/1 1882/3195/1
f 1834/3095/1 1836/3099/1 1880/3191/1
f 1836/3099/1 1838/3103/1 1880/3191/1
f 1838/3103/1 1840/3107/1 1878/3187/1
f 1880/3191/1 1838/3103/1 1878/3187/1
f 1840/3107/1 1842/3111/1 1874/3179/1
f 1842/3111/1 1844/3115/1 1872/3175/1
f 1844/3115/1 1846/3119/1 1872/3175/1
f 1846/3119/1 1848/3123/1 1870/3171/1
f 1872/3175/1 1846/3119/1 1870/3171/1
f 1848/3123/1 1850/3127/1 1866/3163/1
f 1850/3127/1 1852/3131/1 1864/3159/1
f 1852/3131/1 1854/3136/1 1864/3159/1
f 1854/3136/1 1856/3141/1 1862/3154/1
f 1864/3159/1 1854/3136/1 1862/3154/1
f 1856/3141/1 1858/3145/1 1860/3149/1
f 1860/3149/1 1862/3154/1 1856/3141/1
f 1864/3159/1 1866/3163/1 1850/3127/1
f 1866/3163/1 1868/3167/1 1848/3123/1
f 1868/3167/1 1870/3171/1 1848/3123/1
f 1872/3175/1 1874/3179/1 1842/3111/1
f 1874/3179/1 1876/3183/1 1840/3107/1
f 1876/3183/1 1878/3187/1 1840/3107/1
f 1880/3191/1 1882/3195/1 1834/3095/1
f 1882/3195/1 1884/3199/1 1832/3091/1
f 1891/3215/15 1893/3218/15 1892/3216/15
f 1893/3218/16 1895/3223/16 1894/3221/16
f 1895/3224/17 1897/3228/17 1896/3226/17
f 1897/3228/18 1899/3232/18 1898/3230/18
f 1899/3232/19 1901/3236/19 1900/3234/19
f 1901/3236/20 1903/3240/20 1902/3238/20
f 1903/3240/21 1905/3244/21 1904/3242/21
f 1905/3244/22 1907/3248/22 1906/3246/22
f 1907/3248/23 1909/3252/23 1908/3250/23
f 1909/3252/24 1911/3256/24 1910/3254/24
f 1911/3256/25 1913/3260/25 1912/3258/25
f 1913/3260/26 1915/3264/26 1914/3262/26
f 1915/3264/27 1917/3268/27 1916/3266/27
f 1917/3268/28 1919/3273/28 1918/3271/28
f 1919/3274/29 1921/3278/29 1920/3276/29
f 1921/3278/30 1923/3282/30 1922/3280/30
f 1923/3282/31 1925/3286/31 1924/3284/31
f 1925/3286/32 1927/3291/32 1926/3289/32
f 1927/3292/33 1929/3296/33 1928/3294/33
f 1929/3296/34 1931/3300/34 1930/3298/34
f 1931/3300/35 1933/3304/35 1932/3302/35
f 1933/3304/36 1935/3308/36 1934/3306/36
f 1935/3308/37 1937/3312/37 1936/3310/37
f 1937/3312/38 1939/3316/38 1938/3314/38
f 1939/3316/7 1941/3320/7 1940/3318/7
f 1941/3320/8 1943/3324/8 1942/3322/8
f 1943/3324/9 1945/3328/9 1944/3326/9
f 1945/3328/10 1947/3332/10 1946/3330/10
f 1947/3332/11 1949/3336/11 1948/3334/11
f 1949/3336/12 1951/3341/12 1950/3339/12
f 1895/3225/3 1893/3219/3 1951/3342/3
f 1893/3219/3 1891/3214/3 1953/3346/3
f 1951/3342/3 1893/3219/3 1953/3346/3
f 1951/3342/3 1949/3337/3 1895/3225/3
f 1949/3337/3 1947/3333/3 1897/3229/3
f 1895/3225/3 1949/3337/3 1897/3229/3
f 1947/3333/3 1945/3329/3 1899/3233/3
f 1945/3329/3 1943/3325/3 1901/3237/3
f 1899/3233/3 1945/3329/3 1901/3237/3
f 1943/3325/3 1941/3321/3 1905/3245/3
f 1941/3321/3 1939/3317/3 1907/3249/3
f 1939/3317/3 1937/3313/3 1909/3253/3
f 1937/3313/3 1935/3309/3 1911/3257/3
f 1935/3309/3 1933/3305/3 1911/3257/3
f 1933/3305/3 1931/3301/3 1913/3261/3
f 1911/3257/3 1933/3305/3 1913/3261/3
f 1931/3301/3 1929/3297/3 1915/3265/3
f 1929/3297/3 1927/3293/3 1917/3269/3
f 1915/3265/3 1929/3297/3 1917/3269/3
f 1927/3293/3 1925/3287/3 1921/3279/3
f 1925/3287/3 1923/3283/3 1921/3279/3
f 1921/3279/3 1919/3275/3 1927/3293/3
f 1919/3275/3 1917/3269/3 1927/3293/3
f 1915/3265/3 1913/3261/3 1931/3301/3
f 1911/3257/3 1909/3253/3 1937/3313/3
f 1909/3253/3 1907/3249/3 1939/3317/3
f 1907/3249/3 1905/3245/3 1941/3321/3
f 1905/3245/3 1903/3241/3 1943/3325/3
f 1903/3241/3 1901/3237/3 1943/3325/3
f 1951/3343/13 1953/3347/13 1952/3344/13
f 1953/3347/14 1891/3215/14 1890/3212/14
f 1952/3345/1 1890/3213/1 1892/3217/1
f 1892/3217/1 1894/3222/1 1952/3345/1
f 1894/3222/1 1896/3227/1 1950/3340/1
f 1952/3345/1 1894/3222/1 1950/3340/1
f 1896/3227/1 1898/3231/1 1946/3331/1
f 1898/3231/1 1900/3235/1 1944/3327/1
f 1900/3235/1 1902/3239/1 1944/3327/1
f 1902/3239/1 1904/3243/1 1942/3323/1
f 1944/3327/1 1902/3239/1 1942/3323/1
f 1904/3243/1 1906/3247/1 1938/3315/1
f 1906/3247/1 1908/3251/1 1936/3311/1
f 1908/3251/1 1910/3255/1 1936/3311/1
f 1910/3255/1 1912/3259/1 1934/3307/1
f 1936/3311/1 1910/3255/1 1934/3307/1
f 1912/3259/1 1914/3263/1 1930/3299/1
f 1914/3263/1 1916/3267/1 1928/3295/1
f 1916/3267/1 1918/3272/1 1928/3295/1
f 1918/3272/1 1920/3277/1 1926/3290/1
f 1928/3295/1 1918/3272/1 1926/3290/1
f 1920/3277/1 1922/3281/1 1924/3285/1
f 1924/3285/1 1926/3290/1 1920/3277/1
f 1928/3295/1 1930/3299/1 1914/3263/1
f 1930/3299/1 1932/3303/1 1912/3259/1
f 1932/3303/1 1934/3307/1 1912/3259/1
f 1936/3311/1 1938/3315/1 1906/3247/1
f 1938/3315/1 1940/3319/1 1904/3243/1
f 1940/3319/1 1942/3323/1 1904/3243/1
f 1944/3327/1 1946/3331/1 1898/3231/1
f 1946/3331/1 1948/3335/1 1896/3227/1
f 1955/3351/77 1957/3355/77 1956/3353/77
f 1957/3356/78 1959/3360/78 1958/3358/78
f 1959/3360/79 1961/3364/79 1960/3362/79
f 1961/3364/80 1963/3368/80 1962/3366/80
f 1963/3368/81 1965/3372/81 1964/3370/81
f 1965/3372/82 1967/3376/82 1966/3374/82
f 1967/3376/83 1969/3380/83 1968/3378/83
f 1969/3380/84 1971/3384/84 1970/3382/84
f 1971/3384/85 1973/3388/85 1972/3386/85
f 1973/3388/86 1975/3392/86 1974/3390/86
f 1975/3392/87 1977/3396/87 1976/3394/87
f 1977/3396/88 1979/3400/88 1978/3398/88
f 1979/3400/89 1981/3404/89 1980/3402/89
f 1981/3404/90 1983/3408/90 1982/3406/90
f 1983/3408/91 1985/3413/91 1984/3411/91
f 1985/3414/92 1987/3418/92 1986/3416/92
f 1987/3418/93 1989/3423/93 1988/3421/93
f 1989/3424/94 1991/3428/94 1990/3426/94
f 1991/3428/95 1993/3432/95 1992/3430/95
f 1993/3432/96 1995/3436/96 1994/3434/96
f 1995/3436/97 1997/3440/97 1996/3438/97
f 1997/3440/98 1999/3444/98 1998/3442/98
f 1999/3444/99 2001/3448/99 2000/3446/99
f 2001/3448/100 2003/3452/100 2002/3450/100
f 2003/3452/69 2005/3456/69 2004/3454/69
f 2005/3456/70 2007/3460/70 2006/3458/70
f 2007/3460/71 2009/3464/71 2008/3462/71
f 2009/3464/72 2011/3468/72 2010/3466/72
f 2011/3468/73 2013/3472/73 2012/3470/73
f 2013/3472/74 2015/3477/74 2014/3474/74
f 1959/3361/564 1957/3357/564 2017/3481/564
f 1957/3357/6 1955/3350/6 2017/3481/6
f 2017/3481/6 2015/3476/6 1959/3361/6
f 2015/3476/6 2013/3473/6 1959/3361/6
f 2013/3473/6 2011/3469/6 1961/3365/6
f 1959/3361/6 2013/3473/6 1961/3365/6
f 2011/3469/6 2009/3465/6 1963/3369/6
f 2009/3465/6 2007/3461/6 1965/3373/6
f 1963/3369/6 2009/3465/6 1965/3373/6
f 2007/3461/6 2005/3457/6 1969/3381/6
f 2005/3457/6 2003/3453/6 1971/3385/6
f 2003/3453/537 2001/3449/537 1973/3389/537
f 2001/3449/6 1999/3445/6 1975/3393/6
f 1999/3445/6 1997/3441/6 1975/3393/6
f 1997/3441/6 1995/3437/6 1977/3397/6
f 1975/3393/6 1997/3441/6 1977/3397/6
f 1995/3437/557 1993/3433/557 1979/3401/557
f 1993/3433/6 1991/3429/6 1981/3405/6
f 1979/3401/6 1993/3433/6 1981/3405/6
f 1991/3429/6 1989/3425/6 1983/3409/6
f 1989/3425/6 1987/3419/6 1985/3415/6
f 1983/3409/563 1989/3425/563 1985/3415/563
f 1983/3409/6 1981/3405/6 1991/3429/6
f 1979/3401/6 1977/3397/6 1995/3437/6
f 1975/3393/6 1973/3389/6 2001/3449/6
f 1973/3389/6 1971/3385/6 2003/3453/6
f 1971/3385/557 1969/3381/557 2005/3457/557
f 1969/3381/6 1967/3377/6 2007/3461/6
f 1967/3377/6 1965/3373/6 2007/3461/6
f 2015/3477/75 2017/3482/75 2016/3479/75
f 2017/3483/76 1955/3351/76 1954/3348/76
f 2016/3480/5 1954/3349/5 1956/3354/5
f 1956/3354/5 1958/3359/5 2016/3480/5
f 1958/3359/5 1960/3363/5 2014/3475/5
f 2016/3480/5 1958/3359/5 2014/3475/5
f 1960/3363/5 1962/3367/5 2010/3467/5
f 1962/3367/5 1964/3371/5 2008/3463/5
f 1964/3371/5 1966/3375/5 2008/3463/5
f 1966/3375/5 1968/3379/5 2006/3459/5
f 2008/3463/5 1966/3375/5 2006/3459/5
f 1968/3379/5 1970/3383/5 2002/3451/5
f 1970/3383/5 1972/3387/5 2000/3447/5
f 1972/3387/5 1974/3391/5 2000/3447/5
f 1974/3391/5 1976/3395/5 1998/3443/5
f 2000/3447/5 1974/3391/5 1998/3443/5
f 1976/3395/5 1978/3399/5 1994/3435/5
f 1978/3399/565 1980/3403/565 1992/3431/565
f 1980/3403/5 1982/3407/5 1992/3431/5
f 1982/3407/5 1984/3412/5 1990/3427/5
f 1992/3431/5 1982/3407/5 1990/3427/5
f 1984/3412/5 1986/3417/5 1988/3422/5
f 1988/3422/5 1990/3427/5 1984/3412/5
f 1992/3431/5 1994/3435/5 1978/3399/5
f 1994/3435/5 1996/3439/5 1976/3395/5
f 1996/3439/5 1998/3443/5 1976/3395/5
f 2000/3447/5 2002/3451/5 1970/3383/5
f 2002/3451/5 2004/3455/5 1968/3379/5
f 2004/3455/5 2006/3459/5 1968/3379/5
f 2008/3463/5 2010/3467/5 1962/3367/5
f 2010/3467/133 2012/3471/133 1960/3363/133
f 2019/3487/1 2021/3493/1 2020/3492/1
f 2021/3494/2 2025/3506/2 2024/3503/2
f 2025/3507/3 2023/3499/3 2022/3497/3
f 2023/3500/4 2019/3488/4 2018/3485/4
f 2024/3504/5 2022/3498/5 2018/3486/5
f 2021/3495/6 2019/3489/6 2023/3501/6
f 2027/3511/1 2029/3517/1 2028/3516/1
f 2029/3518/2 2033/3530/2 2032/3527/2
f 2033/3531/3 2031/3523/3 2030/3521/3
f 2031/3524/4 2027/3512/4 2026/3509/4
f 2032/3528/5 2030/3522/5 2026/3510/5
f 2029/3519/6 2027/3513/6 2031/3525/6
f 2035/3535/1 2037/3541/1 2036/3540/1
f 2037/3542/2 2041/3554/2 2040/3551/2
f 2041/3555/3 2039/3547/3 2038/3545/3
f 2039/3548/4 2035/3536/4 2034/3533/4
f 2040/3552/5 2038/3546/5 2034/3534/5
f 2037/3543/6 2035/3537/6 2039/3549/6
l 7 297
