# Blender 3.5.0
# www.blender.org
mtllib enemy_2.mtl
o 平面
v 0.876899 1.222569 0.256849
v 0.876899 1.167390 0.201670
v 0.876899 1.095294 0.171807
v 0.876899 1.056276 0.167964
v 0.876899 1.017257 0.171807
v 0.876899 0.945162 0.201670
v 0.884511 1.252433 0.329695
v 0.891830 1.241051 0.292897
v 0.898576 1.222569 0.258985
v 0.904489 1.197697 0.229260
v 0.909341 1.167390 0.204865
v 0.912947 1.132812 0.186738
v 0.915167 1.095294 0.175576
v 0.915917 1.056276 0.171807
v 0.915167 1.017257 0.175576
v 0.912947 0.979739 0.186738
v 0.909341 0.945162 0.204865
v 0.904489 0.914854 0.229260
v 0.898576 0.889982 0.258985
v 0.891830 0.871500 0.292897
v 0.884511 0.860119 0.329695
v 0.891830 1.252433 0.331916
v 0.906188 1.241051 0.297253
v 0.919420 1.222569 0.265308
v 0.931018 1.197697 0.237307
v 0.940536 1.167390 0.214328
v 0.947609 1.132812 0.197253
v 0.951965 1.095294 0.186738
v 0.953435 1.056276 0.183188
v 0.951965 1.017257 0.186738
v 0.947609 0.979739 0.197253
v 0.940536 0.945162 0.214328
v 0.931018 0.914854 0.237307
v 0.919420 0.889982 0.265308
v 0.906188 0.871500 0.297253
v 0.891830 0.860119 0.331916
v 0.898576 1.252433 0.335521
v 0.919420 1.241051 0.304326
v 0.938630 1.222569 0.275576
v 0.955468 1.197697 0.250376
v 0.969287 1.167390 0.229695
v 0.979555 1.132812 0.214328
v 0.985878 1.095294 0.204865
v 0.988013 1.056276 0.201670
v 0.985878 1.017257 0.204865
v 0.979555 0.979739 0.214328
v 0.969287 0.945162 0.229695
v 0.955468 0.914854 0.250376
v 0.938630 0.889982 0.275576
v 0.919420 0.871500 0.304326
v 0.898576 0.860119 0.335521
v 0.904489 1.252433 0.340374
v 0.931018 1.241051 0.313844
v 0.955468 1.222569 0.289394
v 0.976899 1.197697 0.267964
v 0.994486 1.167390 0.250376
v 1.007555 1.132812 0.237307
v 1.015603 1.095294 0.229260
v 1.018320 1.056276 0.226542
v 1.015603 1.017257 0.229260
v 1.007555 0.979739 0.237307
v 0.994486 0.945162 0.250376
v 0.976899 0.914854 0.267964
v 0.955468 0.889982 0.289394
v 0.931018 0.871500 0.313844
v 0.904489 0.860119 0.340374
v 0.909341 1.252433 0.346286
v 0.940536 1.241051 0.325442
v 0.969287 1.222569 0.306232
v 0.994486 1.197697 0.289394
v 1.015167 1.167390 0.275576
v 1.030534 1.132812 0.265308
v 1.039997 1.095294 0.258985
v 1.043193 1.056276 0.256850
v 1.039997 1.017257 0.258985
v 1.030534 0.979739 0.265308
v 1.015167 0.945162 0.275576
v 0.994486 0.914854 0.289394
v 0.969287 0.889982 0.306232
v 0.940536 0.871500 0.325442
v 0.909341 0.860119 0.346286
v 0.876899 1.256276 0.367964
v 0.912947 1.252433 0.353032
v 0.947609 1.241051 0.338674
v 0.979555 1.222569 0.325442
v 1.007555 1.197697 0.313844
v 1.030534 1.167390 0.304326
v 1.047609 1.132812 0.297253
v 1.058124 1.095294 0.292898
v 1.061674 1.056276 0.291427
v 1.058124 1.017257 0.292898
v 1.047609 0.979739 0.297253
v 1.030534 0.945162 0.304326
v 1.007555 0.914854 0.313844
v 0.979555 0.889982 0.325442
v 0.947609 0.871500 0.338674
v 0.912947 0.860119 0.353032
v 0.915167 1.252433 0.360352
v 0.951965 1.241051 0.353032
v 0.985878 1.222569 0.346286
v 1.015603 1.197697 0.340374
v 1.039997 1.167390 0.335521
v 1.058124 1.132812 0.331916
v 1.069286 1.095294 0.329695
v 1.073056 1.056276 0.328946
v 1.069286 1.017257 0.329695
v 1.058124 0.979739 0.331916
v 1.039997 0.945162 0.335521
v 1.015603 0.914854 0.340374
v 0.985878 0.889982 0.346286
v 0.951965 0.871500 0.353032
v 0.915167 0.860119 0.360352
v 0.915917 1.252433 0.367964
v 0.953435 1.241051 0.367964
v 0.988013 1.222569 0.367964
v 1.018320 1.197697 0.367964
v 1.043192 1.167390 0.367964
v 1.061674 1.132812 0.367964
v 1.073056 1.095294 0.367964
v 1.076898 1.056276 0.367964
v 1.073056 1.017257 0.367964
v 1.061674 0.979739 0.367964
v 1.043192 0.945162 0.367964
v 1.018320 0.914854 0.367964
v 0.988013 0.889982 0.367964
v 0.953435 0.871500 0.367964
v 0.915917 0.860119 0.367964
v 0.915167 1.252433 0.375576
v 0.951965 1.241051 0.382895
v 0.985878 1.222569 0.389641
v 1.015602 1.197697 0.395553
v 1.039997 1.167390 0.400406
v 1.058124 1.132812 0.404012
v 1.069286 1.095294 0.406232
v 1.073056 1.056276 0.406982
v 1.069286 1.017257 0.406232
v 1.058124 0.979739 0.404012
v 1.039997 0.945162 0.400406
v 1.015602 0.914854 0.395553
v 0.985878 0.889982 0.389641
v 0.951965 0.871500 0.382895
v 0.915167 0.860119 0.375576
v 0.912947 1.252433 0.382895
v 0.947609 1.241051 0.397253
v 0.979555 1.222569 0.410485
v 1.007555 1.197697 0.422083
v 1.030534 1.167390 0.431601
v 1.047609 1.132812 0.438674
v 1.058124 1.095294 0.443030
v 1.061674 1.056276 0.444500
v 1.058124 1.017257 0.443030
v 1.047609 0.979739 0.438674
v 1.030534 0.945162 0.431601
v 1.007555 0.914854 0.422083
v 0.979555 0.889982 0.410485
v 0.947609 0.871500 0.397253
v 0.912947 0.860119 0.382895
v 0.909341 1.252433 0.389641
v 0.940536 1.241051 0.410485
v 0.969286 1.222569 0.429695
v 0.994486 1.197697 0.446533
v 1.015167 1.167390 0.460351
v 1.030534 1.132812 0.470619
v 1.039997 1.095294 0.476943
v 1.043192 1.056276 0.479078
v 1.039997 1.017257 0.476943
v 1.030534 0.979739 0.470619
v 1.015167 0.945162 0.460351
v 0.994486 0.914854 0.446533
v 0.969286 0.889982 0.429695
v 0.940536 0.871500 0.410485
v 0.909341 0.860119 0.389641
v 0.904488 1.252433 0.395553
v 0.931018 1.241051 0.422083
v 0.955468 1.222569 0.446533
v 0.976899 1.197697 0.467964
v 0.994486 1.167390 0.485551
v 1.007555 1.132812 0.498620
v 1.015602 1.095294 0.506667
v 1.018320 1.056276 0.509385
v 1.015602 1.017257 0.506667
v 1.007555 0.979739 0.498620
v 0.994486 0.945162 0.485551
v 0.976899 0.914854 0.467964
v 0.955468 0.889982 0.446533
v 0.931018 0.871500 0.422083
v 0.904488 0.860119 0.395553
v 0.898576 1.252433 0.400406
v 0.919420 1.241051 0.431601
v 0.938630 1.222569 0.460351
v 0.955468 1.197697 0.485551
v 0.969286 1.167390 0.506232
v 0.979555 1.132812 0.521599
v 0.985878 1.095294 0.531062
v 0.988012 1.056276 0.534257
v 0.985878 1.017257 0.531062
v 0.979555 0.979739 0.521599
v 0.969286 0.945162 0.506232
v 0.955468 0.914854 0.485551
v 0.938630 0.889982 0.460351
v 0.919420 0.871500 0.431601
v 0.898576 0.860119 0.400406
v 0.891830 1.252433 0.404012
v 0.906188 1.241051 0.438674
v 0.919420 1.222569 0.470619
v 0.931018 1.197697 0.498620
v 0.940536 1.167390 0.521599
v 0.947609 1.132812 0.538674
v 0.951965 1.095294 0.549189
v 0.953435 1.056276 0.552739
v 0.951965 1.017257 0.549189
v 0.947609 0.979739 0.538674
v 0.940536 0.945162 0.521599
v 0.931018 0.914854 0.498620
v 0.919420 0.889982 0.470619
v 0.906188 0.871500 0.438674
v 0.891830 0.860119 0.404012
v 0.884511 1.252433 0.406232
v 0.891830 1.241051 0.443030
v 0.898576 1.222569 0.476943
v 0.904489 1.197697 0.506667
v 0.909341 1.167390 0.531062
v 0.912947 1.132812 0.549189
v 0.915167 1.095294 0.560351
v 0.915917 1.056276 0.564121
v 0.915167 1.017257 0.560351
v 0.912947 0.979739 0.549189
v 0.909341 0.945162 0.531062
v 0.904489 0.914854 0.506667
v 0.898576 0.889982 0.476943
v 0.891830 0.871500 0.443030
v 0.884511 0.860119 0.406232
v 0.876899 1.252433 0.406982
v 0.876899 1.241051 0.444500
v 0.876899 1.222569 0.479078
v 0.876899 1.197697 0.509385
v 0.876899 1.167390 0.534257
v 0.876899 1.132812 0.552739
v 0.876899 1.095294 0.564121
v 0.876898 1.056276 0.567963
v 0.876899 1.017257 0.564121
v 0.876899 0.979739 0.552739
v 0.876899 0.945162 0.534257
v 0.876899 0.914854 0.509385
v 0.876899 0.889982 0.479078
v 0.876899 0.871500 0.444500
v 0.876899 0.860119 0.406982
v 0.869287 1.252433 0.406232
v 0.861967 1.241051 0.443030
v 0.855221 1.222569 0.476943
v 0.849309 1.197697 0.506667
v 0.844456 1.167390 0.531062
v 0.840851 1.132812 0.549189
v 0.838630 1.095294 0.560351
v 0.837880 1.056276 0.564120
v 0.838630 1.017257 0.560351
v 0.840851 0.979739 0.549189
v 0.844456 0.945162 0.531062
v 0.849309 0.914854 0.506667
v 0.855221 0.889982 0.476943
v 0.861967 0.871500 0.443030
v 0.869287 0.860119 0.406232
v 0.861967 1.252433 0.404011
v 0.847609 1.241051 0.438674
v 0.834377 1.222569 0.470619
v 0.822779 1.197697 0.498620
v 0.813261 1.167390 0.521599
v 0.806188 1.132812 0.538674
v 0.801832 1.095294 0.549189
v 0.800362 1.056276 0.552739
v 0.801832 1.017257 0.549189
v 0.806188 0.979739 0.538674
v 0.813261 0.945162 0.521599
v 0.822779 0.914854 0.498620
v 0.834377 0.889982 0.470619
v 0.847609 0.871500 0.438674
v 0.861967 0.860119 0.404011
v 0.855221 1.252433 0.400406
v 0.834377 1.241051 0.431601
v 0.815167 1.222569 0.460351
v 0.798329 1.197697 0.485551
v 0.784511 1.167390 0.506232
v 0.774243 1.132812 0.521599
v 0.767920 1.095294 0.531062
v 0.765785 1.056276 0.534257
v 0.767920 1.017257 0.531062
v 0.774243 0.979739 0.521599
v 0.784511 0.945161 0.506232
v 0.798329 0.914854 0.485551
v 0.815167 0.889982 0.460351
v 0.834377 0.871500 0.431601
v 0.855221 0.860119 0.400406
v 0.849309 1.252433 0.395553
v 0.822779 1.241051 0.422083
v 0.798329 1.222569 0.446533
v 0.776899 1.197697 0.467964
v 0.759311 1.167390 0.485551
v 0.746242 1.132812 0.498620
v 0.738195 1.095294 0.506667
v 0.735477 1.056276 0.509385
v 0.738195 1.017257 0.506667
v 0.746242 0.979739 0.498620
v 0.759311 0.945161 0.485551
v 0.776899 0.914854 0.467964
v 0.798329 0.889982 0.446533
v 0.822779 0.871500 0.422083
v 0.849309 0.860119 0.395553
v 0.876899 0.856276 0.367964
v 0.844456 1.252433 0.389641
v 0.813261 1.241051 0.410485
v 0.784511 1.222569 0.429695
v 0.759311 1.197697 0.446533
v 0.738630 1.167390 0.460351
v 0.723263 1.132812 0.470619
v 0.713800 1.095294 0.476942
v 0.710605 1.056276 0.479077
v 0.713800 1.017257 0.476942
v 0.723263 0.979739 0.470619
v 0.738630 0.945161 0.460351
v 0.759311 0.914854 0.446533
v 0.784511 0.889982 0.429695
v 0.813261 0.871500 0.410485
v 0.844456 0.860119 0.389641
v 0.840851 1.252433 0.382895
v 0.806188 1.241051 0.397253
v 0.774243 1.222569 0.410485
v 0.746242 1.197697 0.422083
v 0.723263 1.167390 0.431601
v 0.706188 1.132812 0.438674
v 0.695673 1.095294 0.443030
v 0.692123 1.056276 0.444500
v 0.695673 1.017257 0.443030
v 0.706188 0.979739 0.438674
v 0.723263 0.945161 0.431601
v 0.746242 0.914854 0.422083
v 0.774243 0.889982 0.410485
v 0.806188 0.871500 0.397253
v 0.840851 0.860119 0.382895
v 0.838630 1.252433 0.375576
v 0.801833 1.241051 0.382895
v 0.767920 1.222569 0.389641
v 0.738195 1.197697 0.395553
v 0.713800 1.167390 0.400406
v 0.695673 1.132812 0.404012
v 0.684511 1.095294 0.406232
v 0.680742 1.056276 0.406981
v 0.684511 1.017257 0.406232
v 0.695673 0.979739 0.404012
v 0.713800 0.945161 0.400406
v 0.738195 0.914854 0.395553
v 0.767920 0.889982 0.389641
v 0.801833 0.871500 0.382895
v 0.838630 0.860119 0.375576
v 0.837880 1.252433 0.367964
v 0.800362 1.241051 0.367964
v 0.765785 1.222569 0.367964
v 0.735477 1.197697 0.367964
v 0.710605 1.167390 0.367964
v 0.692123 1.132812 0.367964
v 0.680742 1.095294 0.367963
v 0.676899 1.056276 0.367963
v 0.680742 1.017257 0.367963
v 0.692123 0.979739 0.367964
v 0.710605 0.945161 0.367964
v 0.735477 0.914854 0.367964
v 0.765785 0.889982 0.367964
v 0.800362 0.871500 0.367964
v 0.837880 0.860119 0.367964
v 0.838630 1.252433 0.360352
v 0.801833 1.241051 0.353032
v 0.767920 1.222569 0.346286
v 0.738195 1.197697 0.340374
v 0.713800 1.167390 0.335521
v 0.695673 1.132812 0.331916
v 0.684511 1.095294 0.329695
v 0.680742 1.056276 0.328945
v 0.684511 1.017257 0.329695
v 0.695673 0.979739 0.331916
v 0.713800 0.945161 0.335521
v 0.738195 0.914854 0.340374
v 0.767920 0.889982 0.346286
v 0.801833 0.871500 0.353032
v 0.838630 0.860119 0.360352
v 0.840851 1.252433 0.353032
v 0.806188 1.241051 0.338674
v 0.774243 1.222569 0.325442
v 0.746242 1.197697 0.313844
v 0.723263 1.167390 0.304326
v 0.706188 1.132812 0.297253
v 0.695673 1.095294 0.292897
v 0.692123 1.056276 0.291427
v 0.695673 1.017257 0.292897
v 0.706188 0.979739 0.297253
v 0.723263 0.945161 0.304326
v 0.746242 0.914854 0.313844
v 0.774243 0.889982 0.325442
v 0.806188 0.871500 0.338674
v 0.840851 0.860119 0.353032
v 0.844456 1.252433 0.346286
v 0.813261 1.241051 0.325442
v 0.784511 1.222569 0.306232
v 0.759311 1.197697 0.289394
v 0.738630 1.167390 0.275576
v 0.723263 1.132812 0.265308
v 0.713800 1.095294 0.258985
v 0.710605 1.056276 0.256850
v 0.713800 1.017257 0.258985
v 0.723263 0.979739 0.265308
v 0.738630 0.945161 0.275576
v 0.759311 0.914854 0.289394
v 0.784511 0.889982 0.306232
v 0.813261 0.871500 0.325442
v 0.844456 0.860119 0.346286
v 0.849309 1.252433 0.340374
v 0.822779 1.241051 0.313844
v 0.798329 1.222569 0.289394
v 0.776899 1.197697 0.267964
v 0.759311 1.167390 0.250376
v 0.746242 1.132812 0.237307
v 0.738195 1.095294 0.229260
v 0.735477 1.056276 0.226542
v 0.738195 1.017257 0.229260
v 0.746242 0.979739 0.237307
v 0.759311 0.945161 0.250376
v 0.776899 0.914854 0.267964
v 0.798329 0.889982 0.289394
v 0.822779 0.871500 0.313844
v 0.849309 0.860119 0.340374
v 0.855221 1.252433 0.335521
v 0.834377 1.241051 0.304326
v 0.815167 1.222569 0.275576
v 0.798329 1.197697 0.250376
v 0.784511 1.167390 0.229695
v 0.774243 1.132812 0.214328
v 0.767920 1.095294 0.204865
v 0.765785 1.056276 0.201670
v 0.767920 1.017257 0.204865
v 0.774243 0.979739 0.214328
v 0.784511 0.945161 0.229695
v 0.798329 0.914854 0.250376
v 0.815167 0.889982 0.275576
v 0.834377 0.871500 0.304326
v 0.855221 0.860119 0.335521
v 0.861967 1.252433 0.331916
v 0.847609 1.241051 0.297253
v 0.834377 1.222569 0.265308
v 0.822779 1.197697 0.237307
v 0.813261 1.167390 0.214328
v 0.806188 1.132812 0.197253
v 0.801833 1.095294 0.186738
v 0.800362 1.056276 0.183188
v 0.801833 1.017257 0.186738
v 0.806188 0.979739 0.197253
v 0.813261 0.945162 0.214328
v 0.822779 0.914854 0.237307
v 0.834377 0.889982 0.265308
v 0.847609 0.871500 0.297253
v 0.861967 0.860119 0.331916
v 0.869287 1.252433 0.329695
v 0.861967 1.241051 0.292898
v 0.855221 1.222569 0.258985
v 0.849309 1.197697 0.229260
v 0.844456 1.167390 0.204865
v 0.840851 1.132812 0.186738
v 0.838630 1.095294 0.175576
v 0.837881 1.056276 0.171807
v 0.838630 1.017257 0.175576
v 0.840851 0.979739 0.186738
v 0.844456 0.945162 0.204865
v 0.849309 0.914854 0.229260
v 0.855221 0.889982 0.258985
v 0.861967 0.871500 0.292898
v 0.869287 0.860119 0.329695
v 0.876899 1.252433 0.328946
v 0.876899 1.241051 0.291427
v 0.876899 1.197697 0.226542
v 0.876899 1.132812 0.183188
v 0.876899 0.979739 0.183188
v 0.876899 0.914854 0.226542
v 0.876899 0.889982 0.256850
v 0.876899 0.871500 0.291427
v 0.876899 0.860119 0.328946
v 0.876899 1.222569 -0.662260
v 0.876899 1.167390 -0.717440
v 0.876899 1.095294 -0.747303
v 0.876899 1.056276 -0.751146
v 0.876899 1.017257 -0.747303
v 0.876899 0.945162 -0.717440
v 0.884511 1.252433 -0.589415
v 0.891830 1.241051 -0.626212
v 0.898576 1.222569 -0.660125
v 0.904489 1.197697 -0.689850
v 0.909341 1.167390 -0.714245
v 0.912947 1.132812 -0.732372
v 0.915167 1.095294 -0.743534
v 0.915917 1.056276 -0.747303
v 0.915167 1.017257 -0.743534
v 0.912947 0.979739 -0.732372
v 0.909341 0.945162 -0.714245
v 0.904489 0.914854 -0.689850
v 0.898576 0.889982 -0.660125
v 0.891830 0.871500 -0.626212
v 0.884511 0.860119 -0.589415
v 0.891830 1.252433 -0.587194
v 0.906188 1.241051 -0.621857
v 0.919420 1.222569 -0.653802
v 0.931018 1.197697 -0.681803
v 0.940536 1.167390 -0.704782
v 0.947609 1.132812 -0.721857
v 0.951965 1.095294 -0.732372
v 0.953435 1.056276 -0.735922
v 0.951965 1.017257 -0.732372
v 0.947609 0.979739 -0.721857
v 0.940536 0.945162 -0.704782
v 0.931018 0.914854 -0.681803
v 0.919420 0.889982 -0.653802
v 0.906188 0.871500 -0.621857
v 0.891830 0.860119 -0.587194
v 0.898576 1.252433 -0.583589
v 0.919420 1.241051 -0.614784
v 0.938630 1.222569 -0.643534
v 0.955468 1.197697 -0.668734
v 0.969287 1.167390 -0.689415
v 0.979555 1.132812 -0.704782
v 0.985878 1.095294 -0.714245
v 0.988013 1.056276 -0.717440
v 0.985878 1.017257 -0.714245
v 0.979555 0.979739 -0.704782
v 0.969287 0.945162 -0.689415
v 0.955468 0.914854 -0.668734
v 0.938630 0.889982 -0.643534
v 0.919420 0.871500 -0.614784
v 0.898576 0.860119 -0.583589
v 0.904489 1.252433 -0.578736
v 0.931018 1.241051 -0.605266
v 0.955468 1.222569 -0.629716
v 0.976899 1.197697 -0.651146
v 0.994486 1.167390 -0.668734
v 1.007555 1.132812 -0.681803
v 1.015603 1.095294 -0.689850
v 1.018320 1.056276 -0.692568
v 1.015603 1.017257 -0.689850
v 1.007555 0.979739 -0.681803
v 0.994486 0.945162 -0.668734
v 0.976899 0.914854 -0.651146
v 0.955468 0.889982 -0.629716
v 0.931018 0.871500 -0.605266
v 0.904489 0.860119 -0.578736
v 0.909341 1.252433 -0.572824
v 0.940536 1.241051 -0.593668
v 0.969287 1.222569 -0.612878
v 0.994486 1.197697 -0.629716
v 1.015167 1.167390 -0.643534
v 1.030534 1.132812 -0.653802
v 1.039997 1.095294 -0.660125
v 1.043193 1.056276 -0.662260
v 1.039997 1.017257 -0.660125
v 1.030534 0.979739 -0.653802
v 1.015167 0.945162 -0.643534
v 0.994486 0.914854 -0.629716
v 0.969287 0.889982 -0.612878
v 0.940536 0.871500 -0.593668
v 0.909341 0.860119 -0.572824
v 0.876899 1.256276 -0.551146
v 0.912947 1.252433 -0.566078
v 0.947609 1.241051 -0.580436
v 0.979555 1.222569 -0.593668
v 1.007555 1.197697 -0.605266
v 1.030534 1.167390 -0.614784
v 1.047609 1.132812 -0.621857
v 1.058124 1.095294 -0.626212
v 1.061674 1.056276 -0.627683
v 1.058124 1.017257 -0.626212
v 1.047609 0.979739 -0.621857
v 1.030534 0.945162 -0.614784
v 1.007555 0.914854 -0.605266
v 0.979555 0.889982 -0.593668
v 0.947609 0.871500 -0.580436
v 0.912947 0.860119 -0.566078
v 0.915167 1.252433 -0.558758
v 0.951965 1.241051 -0.566078
v 0.985878 1.222569 -0.572824
v 1.015603 1.197697 -0.578736
v 1.039997 1.167390 -0.583589
v 1.058124 1.132812 -0.587194
v 1.069286 1.095294 -0.589415
v 1.073056 1.056276 -0.590164
v 1.069286 1.017257 -0.589415
v 1.058124 0.979739 -0.587194
v 1.039997 0.945162 -0.583589
v 1.015603 0.914854 -0.578736
v 0.985878 0.889982 -0.572824
v 0.951965 0.871500 -0.566078
v 0.915167 0.860119 -0.558758
v 0.915917 1.252433 -0.551146
v 0.953435 1.241051 -0.551146
v 0.988013 1.222569 -0.551146
v 1.018320 1.197697 -0.551146
v 1.043192 1.167390 -0.551146
v 1.061674 1.132812 -0.551146
v 1.073056 1.095294 -0.551146
v 1.076898 1.056276 -0.551146
v 1.073056 1.017257 -0.551146
v 1.061674 0.979739 -0.551146
v 1.043192 0.945162 -0.551146
v 1.018320 0.914854 -0.551146
v 0.988013 0.889982 -0.551146
v 0.953435 0.871500 -0.551146
v 0.915917 0.860119 -0.551146
v 0.915167 1.252433 -0.543534
v 0.951965 1.241051 -0.536215
v 0.985878 1.222569 -0.529469
v 1.015602 1.197697 -0.523556
v 1.039997 1.167390 -0.518704
v 1.058124 1.132812 -0.515098
v 1.069286 1.095294 -0.512878
v 1.073056 1.056276 -0.512128
v 1.069286 1.017257 -0.512878
v 1.058124 0.979739 -0.515098
v 1.039997 0.945162 -0.518704
v 1.015602 0.914854 -0.523556
v 0.985878 0.889982 -0.529469
v 0.951965 0.871500 -0.536215
v 0.915167 0.860119 -0.543534
v 0.912947 1.252433 -0.536215
v 0.947609 1.241051 -0.521857
v 0.979555 1.222569 -0.508625
v 1.007555 1.197697 -0.497027
v 1.030534 1.167390 -0.487508
v 1.047609 1.132812 -0.480436
v 1.058124 1.095294 -0.476080
v 1.061674 1.056276 -0.474610
v 1.058124 1.017257 -0.476080
v 1.047609 0.979739 -0.480436
v 1.030534 0.945162 -0.487508
v 1.007555 0.914854 -0.497027
v 0.979555 0.889982 -0.508625
v 0.947609 0.871500 -0.521857
v 0.912947 0.860119 -0.536215
v 0.909341 1.252433 -0.529469
v 0.940536 1.241051 -0.508625
v 0.969286 1.222569 -0.489415
v 0.994486 1.197697 -0.472577
v 1.015167 1.167390 -0.458758
v 1.030534 1.132812 -0.448490
v 1.039997 1.095294 -0.442167
v 1.043192 1.056276 -0.440032
v 1.039997 1.017257 -0.442167
v 1.030534 0.979739 -0.448490
v 1.015167 0.945162 -0.458758
v 0.994486 0.914854 -0.472577
v 0.969286 0.889982 -0.489415
v 0.940536 0.871500 -0.508625
v 0.909341 0.860119 -0.529469
v 0.904488 1.252433 -0.523556
v 0.931018 1.241051 -0.497027
v 0.955468 1.222569 -0.472577
v 0.976899 1.197697 -0.451146
v 0.994486 1.167390 -0.433559
v 1.007555 1.132812 -0.420490
v 1.015602 1.095294 -0.412442
v 1.018320 1.056276 -0.409725
v 1.015602 1.017257 -0.412442
v 1.007555 0.979739 -0.420490
v 0.994486 0.945162 -0.433559
v 0.976899 0.914854 -0.451146
v 0.955468 0.889982 -0.472577
v 0.931018 0.871500 -0.497027
v 0.904488 0.860119 -0.523556
v 0.898576 1.252433 -0.518704
v 0.919420 1.241051 -0.487508
v 0.938630 1.222569 -0.458758
v 0.955468 1.197697 -0.433559
v 0.969286 1.167390 -0.412878
v 0.979555 1.132812 -0.397511
v 0.985878 1.095294 -0.388048
v 0.988012 1.056276 -0.384852
v 0.985878 1.017257 -0.388048
v 0.979555 0.979739 -0.397511
v 0.969286 0.945162 -0.412878
v 0.955468 0.914854 -0.433559
v 0.938630 0.889982 -0.458758
v 0.919420 0.871500 -0.487508
v 0.898576 0.860119 -0.518704
v 0.891830 1.252433 -0.515098
v 0.906188 1.241051 -0.480436
v 0.919420 1.222569 -0.448490
v 0.931018 1.197697 -0.420490
v 0.940536 1.167390 -0.397511
v 0.947609 1.132812 -0.380436
v 0.951965 1.095294 -0.369921
v 0.953435 1.056276 -0.366370
v 0.951965 1.017257 -0.369921
v 0.947609 0.979739 -0.380436
v 0.940536 0.945162 -0.397511
v 0.931018 0.914854 -0.420490
v 0.919420 0.889982 -0.448490
v 0.906188 0.871500 -0.480436
v 0.891830 0.860119 -0.515098
v 0.884511 1.252433 -0.512878
v 0.891830 1.241051 -0.476080
v 0.898576 1.222569 -0.442167
v 0.904489 1.197697 -0.412442
v 0.909341 1.167390 -0.388048
v 0.912947 1.132812 -0.369921
v 0.915167 1.095294 -0.358758
v 0.915917 1.056276 -0.354989
v 0.915167 1.017257 -0.358758
v 0.912947 0.979739 -0.369921
v 0.909341 0.945162 -0.388048
v 0.904489 0.914854 -0.412442
v 0.898576 0.889982 -0.442167
v 0.891830 0.871500 -0.476080
v 0.884511 0.860119 -0.512878
v 0.876899 1.252433 -0.512128
v 0.876899 1.241051 -0.474610
v 0.876899 1.222569 -0.440032
v 0.876899 1.197697 -0.409725
v 0.876899 1.167390 -0.384852
v 0.876899 1.132812 -0.366370
v 0.876899 1.095294 -0.354989
v 0.876898 1.056276 -0.351146
v 0.876899 1.017257 -0.354989
v 0.876899 0.979739 -0.366370
v 0.876899 0.945162 -0.384852
v 0.876899 0.914854 -0.409725
v 0.876899 0.889982 -0.440032
v 0.876899 0.871500 -0.474610
v 0.876899 0.860119 -0.512128
v 0.869287 1.252433 -0.512878
v 0.861967 1.241051 -0.476080
v 0.855221 1.222569 -0.442167
v 0.849309 1.197697 -0.412442
v 0.844456 1.167390 -0.388048
v 0.840851 1.132812 -0.369921
v 0.838630 1.095294 -0.358758
v 0.837880 1.056276 -0.354989
v 0.838630 1.017257 -0.358758
v 0.840851 0.979739 -0.369921
v 0.844456 0.945162 -0.388048
v 0.849309 0.914854 -0.412442
v 0.855221 0.889982 -0.442167
v 0.861967 0.871500 -0.476080
v 0.869287 0.860119 -0.512878
v 0.861967 1.252433 -0.515098
v 0.847609 1.241051 -0.480436
v 0.834377 1.222569 -0.448490
v 0.822779 1.197697 -0.420490
v 0.813261 1.167390 -0.397511
v 0.806188 1.132812 -0.380436
v 0.801832 1.095294 -0.369921
v 0.800362 1.056276 -0.366371
v 0.801832 1.017257 -0.369921
v 0.806188 0.979739 -0.380436
v 0.813261 0.945162 -0.397511
v 0.822779 0.914854 -0.420490
v 0.834377 0.889982 -0.448490
v 0.847609 0.871500 -0.480436
v 0.861967 0.860119 -0.515098
v 0.855221 1.252433 -0.518704
v 0.834377 1.241051 -0.487508
v 0.815167 1.222569 -0.458758
v 0.798329 1.197697 -0.433559
v 0.784511 1.167390 -0.412878
v 0.774243 1.132812 -0.397511
v 0.767920 1.095294 -0.388048
v 0.765785 1.056276 -0.384853
v 0.767920 1.017257 -0.388048
v 0.774243 0.979739 -0.397511
v 0.784511 0.945161 -0.412878
v 0.798329 0.914854 -0.433559
v 0.815167 0.889982 -0.458758
v 0.834377 0.871500 -0.487508
v 0.855221 0.860119 -0.518704
v 0.849309 1.252433 -0.523556
v 0.822779 1.241051 -0.497027
v 0.798329 1.222569 -0.472577
v 0.776899 1.197697 -0.451146
v 0.759311 1.167390 -0.433559
v 0.746242 1.132812 -0.420490
v 0.738195 1.095294 -0.412442
v 0.735477 1.056276 -0.409725
v 0.738195 1.017257 -0.412442
v 0.746242 0.979739 -0.420490
v 0.759311 0.945161 -0.433559
v 0.776899 0.914854 -0.451146
v 0.798329 0.889982 -0.472577
v 0.822779 0.871500 -0.497027
v 0.849309 0.860119 -0.523556
v 0.876899 0.856276 -0.551146
v 0.844456 1.252433 -0.529469
v 0.813261 1.241051 -0.508625
v 0.784511 1.222569 -0.489415
v 0.759311 1.197697 -0.472577
v 0.738630 1.167390 -0.458758
v 0.723263 1.132812 -0.448490
v 0.713800 1.095294 -0.442167
v 0.710605 1.056276 -0.440032
v 0.713800 1.017257 -0.442167
v 0.723263 0.979739 -0.448490
v 0.738630 0.945161 -0.458758
v 0.759311 0.914854 -0.472577
v 0.784511 0.889982 -0.489415
v 0.813261 0.871500 -0.508625
v 0.844456 0.860119 -0.529469
v 0.840851 1.252433 -0.536215
v 0.806188 1.241051 -0.521857
v 0.774243 1.222569 -0.508625
v 0.746242 1.197697 -0.497027
v 0.723263 1.167390 -0.487508
v 0.706188 1.132812 -0.480436
v 0.695673 1.095294 -0.476080
v 0.692123 1.056276 -0.474610
v 0.695673 1.017257 -0.476080
v 0.706188 0.979739 -0.480436
v 0.723263 0.945161 -0.487508
v 0.746242 0.914854 -0.497027
v 0.774243 0.889982 -0.508625
v 0.806188 0.871500 -0.521857
v 0.840851 0.860119 -0.536215
v 0.838630 1.252433 -0.543534
v 0.801833 1.241051 -0.536215
v 0.767920 1.222569 -0.529469
v 0.738195 1.197697 -0.523556
v 0.713800 1.167390 -0.518704
v 0.695673 1.132812 -0.515098
v 0.684511 1.095294 -0.512878
v 0.680742 1.056276 -0.512128
v 0.684511 1.017257 -0.512878
v 0.695673 0.979739 -0.515098
v 0.713800 0.945161 -0.518704
v 0.738195 0.914854 -0.523556
v 0.767920 0.889982 -0.529469
v 0.801833 0.871500 -0.536215
v 0.838630 0.860119 -0.543534
v 0.837880 1.252433 -0.551146
v 0.800362 1.241051 -0.551146
v 0.765785 1.222569 -0.551146
v 0.735477 1.197697 -0.551146
v 0.710605 1.167390 -0.551146
v 0.692123 1.132812 -0.551146
v 0.680742 1.095294 -0.551146
v 0.676899 1.056276 -0.551146
v 0.680742 1.017257 -0.551146
v 0.692123 0.979739 -0.551146
v 0.710605 0.945161 -0.551146
v 0.735477 0.914854 -0.551146
v 0.765785 0.889982 -0.551146
v 0.800362 0.871500 -0.551146
v 0.837880 0.860119 -0.551146
v 0.838630 1.252433 -0.558758
v 0.801833 1.241051 -0.566078
v 0.767920 1.222569 -0.572824
v 0.738195 1.197697 -0.578736
v 0.713800 1.167390 -0.583589
v 0.695673 1.132812 -0.587194
v 0.684511 1.095294 -0.589415
v 0.680742 1.056276 -0.590164
v 0.684511 1.017257 -0.589415
v 0.695673 0.979739 -0.587194
v 0.713800 0.945161 -0.583589
v 0.738195 0.914854 -0.578736
v 0.767920 0.889982 -0.572824
v 0.801833 0.871500 -0.566078
v 0.838630 0.860119 -0.558758
v 0.840851 1.252433 -0.566078
v 0.806188 1.241051 -0.580436
v 0.774243 1.222569 -0.593668
v 0.746242 1.197697 -0.605266
v 0.723263 1.167390 -0.614784
v 0.706188 1.132812 -0.621857
v 0.695673 1.095294 -0.626212
v 0.692123 1.056276 -0.627683
v 0.695673 1.017257 -0.626212
v 0.706188 0.979739 -0.621857
v 0.723263 0.945161 -0.614784
v 0.746242 0.914854 -0.605266
v 0.774243 0.889982 -0.593668
v 0.806188 0.871500 -0.580436
v 0.840851 0.860119 -0.566078
v 0.844456 1.252433 -0.572824
v 0.813261 1.241051 -0.593668
v 0.784511 1.222569 -0.612878
v 0.759311 1.197697 -0.629716
v 0.738630 1.167390 -0.643534
v 0.723263 1.132812 -0.653802
v 0.713800 1.095294 -0.660125
v 0.710605 1.056276 -0.662260
v 0.713800 1.017257 -0.660125
v 0.723263 0.979739 -0.653802
v 0.738630 0.945161 -0.643534
v 0.759311 0.914854 -0.629716
v 0.784511 0.889982 -0.612878
v 0.813261 0.871500 -0.593668
v 0.844456 0.860119 -0.572824
v 0.849309 1.252433 -0.578736
v 0.822779 1.241051 -0.605266
v 0.798329 1.222569 -0.629716
v 0.776899 1.197697 -0.651146
v 0.759311 1.167390 -0.668734
v 0.746242 1.132812 -0.681803
v 0.738195 1.095294 -0.689850
v 0.735477 1.056276 -0.692568
v 0.738195 1.017257 -0.689850
v 0.746242 0.979739 -0.681803
v 0.759311 0.945161 -0.668734
v 0.776899 0.914854 -0.651146
v 0.798329 0.889982 -0.629716
v 0.822779 0.871500 -0.605266
v 0.849309 0.860119 -0.578736
v 0.855221 1.252433 -0.583589
v 0.834377 1.241051 -0.614784
v 0.815167 1.222569 -0.643534
v 0.798329 1.197697 -0.668734
v 0.784511 1.167390 -0.689415
v 0.774243 1.132812 -0.704782
v 0.767920 1.095294 -0.714245
v 0.765785 1.056276 -0.717440
v 0.767920 1.017257 -0.714245
v 0.774243 0.979739 -0.704782
v 0.784511 0.945161 -0.689415
v 0.798329 0.914854 -0.668734
v 0.815167 0.889982 -0.643534
v 0.834377 0.871500 -0.614784
v 0.855221 0.860119 -0.583589
v 0.861967 1.252433 -0.587194
v 0.847609 1.241051 -0.621857
v 0.834377 1.222569 -0.653802
v 0.822779 1.197697 -0.681803
v 0.813261 1.167390 -0.704782
v 0.806188 1.132812 -0.721857
v 0.801833 1.095294 -0.732372
v 0.800362 1.056276 -0.735922
v 0.801833 1.017257 -0.732372
v 0.806188 0.979739 -0.721857
v 0.813261 0.945162 -0.704782
v 0.822779 0.914854 -0.681803
v 0.834377 0.889982 -0.653802
v 0.847609 0.871500 -0.621857
v 0.861967 0.860119 -0.587194
v 0.869287 1.252433 -0.589415
v 0.861967 1.241051 -0.626212
v 0.855221 1.222569 -0.660125
v 0.849309 1.197697 -0.689850
v 0.844456 1.167390 -0.714245
v 0.840851 1.132812 -0.732372
v 0.838630 1.095294 -0.743534
v 0.837881 1.056276 -0.747303
v 0.838630 1.017257 -0.743534
v 0.840851 0.979739 -0.732372
v 0.844456 0.945162 -0.714245
v 0.849309 0.914854 -0.689850
v 0.855221 0.889982 -0.660125
v 0.861967 0.871500 -0.626212
v 0.869287 0.860119 -0.589415
v 0.876899 1.252433 -0.590164
v 0.876899 1.241051 -0.627683
v 0.876899 1.197697 -0.692568
v 0.876899 1.132812 -0.735922
v 0.876899 0.979739 -0.735922
v 0.876899 0.914854 -0.692568
v 0.876899 0.889982 -0.662260
v 0.876899 0.871500 -0.627683
v 0.876899 0.860119 -0.590164
vn -0.0000 -0.0000 -1.0000
vn 0.1914 -0.1939 -0.9622
vn -0.0000 -0.1939 -0.9810
vn -0.0000 0.9217 -0.3879
vn 0.0392 0.9796 -0.1971
vn 0.0757 0.9217 -0.3804
vn -0.0000 -0.3805 -0.9248
vn 0.1804 -0.3805 -0.9070
vn -0.0000 0.8286 -0.5598
vn 0.1092 0.8286 -0.5490
vn 0.1626 -0.5528 -0.8173
vn -0.0000 -0.5528 -0.8333
vn -0.0000 0.7041 -0.7101
vn 0.1385 0.7041 -0.6965
vn 0.1385 -0.7041 -0.6965
vn -0.0000 -0.7041 -0.7101
vn -0.0000 0.5528 -0.8333
vn 0.1626 0.5528 -0.8173
vn 0.1092 -0.8286 -0.5490
vn -0.0000 -0.8286 -0.5598
vn -0.0000 0.3805 -0.9248
vn 0.1804 0.3805 -0.9070
vn 0.0757 -0.9217 -0.3804
vn -0.0000 -0.9217 -0.3879
vn -0.0000 0.1939 -0.9810
vn 0.1914 0.1939 -0.9622
vn 0.0392 -0.9796 -0.1971
vn -0.0000 -0.9796 -0.2010
vn 0.1951 -0.0000 -0.9808
vn -0.0000 0.9796 -0.2010
vn -0.0000 1.0000 -0.0000
vn -0.0000 -1.0000 -0.0000
vn 0.0769 -0.9796 -0.1857
vn 0.3754 0.1939 -0.9063
vn 0.3827 -0.0000 -0.9239
vn 0.0769 0.9796 -0.1857
vn 0.3754 -0.1939 -0.9063
vn 0.1484 0.9217 -0.3584
vn 0.3539 -0.3805 -0.8544
vn 0.2142 0.8286 -0.5172
vn 0.3189 -0.5528 -0.7699
vn 0.2718 0.7041 -0.6561
vn 0.2718 -0.7041 -0.6561
vn 0.3189 0.5528 -0.7699
vn 0.2142 -0.8286 -0.5172
vn 0.3539 0.3805 -0.8544
vn 0.1484 -0.9217 -0.3584
vn 0.3945 -0.7041 -0.5905
vn 0.4630 0.5528 -0.6929
vn 0.3110 -0.8286 -0.4654
vn 0.5138 0.3805 -0.7689
vn 0.2155 -0.9217 -0.3225
vn 0.5450 0.1939 -0.8157
vn 0.1117 -0.9796 -0.1671
vn 0.5556 -0.0000 -0.8315
vn 0.1117 0.9796 -0.1671
vn 0.5450 -0.1939 -0.8157
vn 0.2155 0.9217 -0.3225
vn 0.5138 -0.3805 -0.7689
vn 0.3110 0.8286 -0.4654
vn 0.4630 -0.5528 -0.6929
vn 0.3945 0.7041 -0.5905
vn 0.1421 0.9796 -0.1421
vn 0.1421 -0.9796 -0.1421
vn 0.6937 -0.1939 -0.6937
vn 0.2743 0.9217 -0.2743
vn 0.6539 -0.3805 -0.6539
vn 0.3958 0.8286 -0.3958
vn 0.5893 -0.5528 -0.5893
vn 0.5021 0.7041 -0.5021
vn 0.5021 -0.7041 -0.5021
vn 0.5893 0.5528 -0.5893
vn 0.3958 -0.8286 -0.3958
vn 0.6539 0.3805 -0.6539
vn 0.2743 -0.9217 -0.2743
vn 0.6937 0.1939 -0.6937
vn 0.7071 -0.0000 -0.7071
vn 0.5905 0.7041 -0.3945
vn 0.6929 0.5528 -0.4630
vn 0.5905 -0.7041 -0.3945
vn 0.4654 -0.8286 -0.3110
vn 0.7689 0.3805 -0.5138
vn 0.3225 -0.9217 -0.2155
vn 0.8157 0.1939 -0.5450
vn 0.1671 -0.9796 -0.1116
vn 0.8315 -0.0000 -0.5556
vn 0.1671 0.9796 -0.1116
vn 0.8157 -0.1939 -0.5450
vn 0.3225 0.9217 -0.2155
vn 0.7689 -0.3805 -0.5138
vn 0.4654 0.8286 -0.3110
vn 0.6929 -0.5528 -0.4630
vn 0.9063 -0.1939 -0.3754
vn 0.3584 0.9217 -0.1484
vn 0.8544 -0.3805 -0.3539
vn 0.5172 0.8286 -0.2142
vn 0.7699 -0.5528 -0.3189
vn 0.6561 0.7041 -0.2718
vn 0.6561 -0.7041 -0.2718
vn 0.7699 0.5528 -0.3189
vn 0.5172 -0.8286 -0.2142
vn 0.8544 0.3805 -0.3539
vn 0.3584 -0.9217 -0.1484
vn 0.9063 0.1939 -0.3754
vn 0.1857 -0.9796 -0.0769
vn 0.9239 -0.0000 -0.3827
vn 0.1857 0.9796 -0.0769
vn 0.6965 -0.7041 -0.1385
vn 0.5490 -0.8286 -0.1092
vn 0.9070 0.3805 -0.1804
vn 0.3804 -0.9217 -0.0757
vn 0.9622 0.1939 -0.1914
vn 0.1971 -0.9796 -0.0392
vn 0.9808 -0.0000 -0.1951
vn 0.1971 0.9796 -0.0392
vn 0.9622 -0.1939 -0.1914
vn 0.3804 0.9217 -0.0757
vn 0.9070 -0.3805 -0.1804
vn 0.5490 0.8286 -0.1092
vn 0.8173 -0.5528 -0.1626
vn 0.6965 0.7041 -0.1385
vn 0.8173 0.5528 -0.1626
vn 0.3879 0.9217 -0.0000
vn 0.9248 -0.3805 -0.0000
vn 0.5598 0.8286 -0.0000
vn 0.8333 -0.5528 -0.0000
vn 0.7101 0.7041 -0.0000
vn 0.7101 -0.7041 -0.0000
vn 0.8333 0.5528 -0.0000
vn 0.5598 -0.8286 -0.0000
vn 0.9248 0.3805 -0.0000
vn 0.3879 -0.9217 -0.0000
vn 0.9810 0.1939 -0.0000
vn 0.2010 -0.9796 -0.0000
vn 1.0000 -0.0000 -0.0000
vn 0.2010 0.9796 -0.0000
vn 0.9810 -0.1939 -0.0000
vn 0.9070 0.3805 0.1804
vn 0.3804 -0.9217 0.0757
vn 0.9622 0.1939 0.1914
vn 0.1971 -0.9796 0.0392
vn 0.9808 -0.0000 0.1951
vn 0.1971 0.9796 0.0392
vn 0.9622 -0.1939 0.1914
vn 0.3804 0.9217 0.0757
vn 0.9070 -0.3805 0.1804
vn 0.5490 0.8286 0.1092
vn 0.8173 -0.5528 0.1626
vn 0.6965 0.7041 0.1385
vn 0.6965 -0.7041 0.1385
vn 0.8173 0.5528 0.1626
vn 0.5490 -0.8286 0.1092
vn 0.8544 -0.3805 0.3539
vn 0.5172 0.8286 0.2142
vn 0.7699 -0.5528 0.3189
vn 0.6561 0.7041 0.2718
vn 0.6561 -0.7041 0.2718
vn 0.7699 0.5528 0.3189
vn 0.5172 -0.8286 0.2142
vn 0.8544 0.3805 0.3539
vn 0.3584 -0.9217 0.1484
vn 0.9063 0.1939 0.3754
vn 0.1857 -0.9796 0.0769
vn 0.9239 -0.0000 0.3827
vn 0.1857 0.9796 0.0769
vn 0.9063 -0.1939 0.3754
vn 0.3584 0.9217 0.1484
vn 0.4654 -0.8286 0.3110
vn 0.3225 -0.9217 0.2155
vn 0.7689 0.3805 0.5138
vn 0.8157 0.1939 0.5450
vn 0.1671 -0.9796 0.1116
vn 0.8315 -0.0000 0.5556
vn 0.1671 0.9796 0.1117
vn 0.8157 -0.1939 0.5450
vn 0.3225 0.9217 0.2155
vn 0.7689 -0.3805 0.5138
vn 0.4654 0.8286 0.3110
vn 0.6929 -0.5528 0.4630
vn 0.5905 0.7041 0.3945
vn 0.5905 -0.7041 0.3945
vn 0.6929 0.5528 0.4630
vn 0.6539 -0.3805 0.6539
vn 0.5893 -0.5528 0.5893
vn 0.5021 0.7041 0.5021
vn 0.5021 -0.7041 0.5021
vn 0.5893 0.5528 0.5893
vn 0.3958 -0.8286 0.3958
vn 0.6539 0.3805 0.6539
vn 0.2743 -0.9217 0.2743
vn 0.6937 0.1939 0.6937
vn 0.1421 -0.9796 0.1421
vn 0.7071 -0.0000 0.7071
vn 0.1421 0.9796 0.1421
vn 0.6937 -0.1939 0.6937
vn 0.2743 0.9217 0.2743
vn 0.3958 0.8286 0.3958
vn 0.1117 -0.9796 0.1671
vn 0.5450 0.1939 0.8157
vn 0.5556 -0.0000 0.8315
vn 0.1117 0.9796 0.1671
vn 0.5450 -0.1939 0.8157
vn 0.2155 0.9217 0.3225
vn 0.5138 -0.3805 0.7689
vn 0.3110 0.8286 0.4654
vn 0.4630 -0.5528 0.6929
vn 0.3945 0.7041 0.5905
vn 0.3945 -0.7041 0.5905
vn 0.4630 0.5528 0.6929
vn 0.3110 -0.8286 0.4654
vn 0.5138 0.3805 0.7689
vn 0.2155 -0.9217 0.3225
vn 0.2718 0.7041 0.6561
vn 0.2718 -0.7041 0.6561
vn 0.3189 0.5528 0.7699
vn 0.2142 -0.8286 0.5172
vn 0.3539 0.3805 0.8544
vn 0.1484 -0.9217 0.3584
vn 0.3754 0.1939 0.9063
vn 0.0769 -0.9796 0.1857
vn 0.3827 -0.0000 0.9239
vn 0.0769 0.9796 0.1857
vn 0.3754 -0.1939 0.9063
vn 0.1484 0.9217 0.3584
vn 0.3539 -0.3805 0.8544
vn 0.2142 0.8286 0.5172
vn 0.3189 -0.5528 0.7699
vn 0.1914 0.1939 0.9622
vn 0.1951 -0.0000 0.9808
vn 0.0392 0.9796 0.1971
vn 0.0392 -0.9796 0.1971
vn 0.1914 -0.1939 0.9622
vn 0.0757 0.9217 0.3804
vn 0.1804 -0.3805 0.9070
vn 0.1092 0.8286 0.5490
vn 0.1626 -0.5528 0.8173
vn 0.1385 0.7041 0.6965
vn 0.1385 -0.7041 0.6965
vn 0.1626 0.5528 0.8173
vn 0.1092 -0.8286 0.5490
vn 0.1804 0.3805 0.9070
vn 0.0757 -0.9217 0.3804
vn -0.0000 -0.7041 0.7101
vn -0.0000 0.7041 0.7101
vn -0.0000 0.5528 0.8333
vn -0.0000 -0.8286 0.5598
vn -0.0000 0.3805 0.9248
vn -0.0000 -0.9217 0.3879
vn -0.0000 0.1939 0.9810
vn -0.0000 -0.9796 0.2010
vn -0.0000 -0.0000 1.0000
vn -0.0000 0.9796 0.2010
vn -0.0000 -0.1939 0.9810
vn -0.0000 0.9217 0.3879
vn -0.0000 -0.3805 0.9248
vn -0.0000 0.8286 0.5598
vn -0.0000 -0.5528 0.8333
vn -0.0392 0.9796 0.1971
vn -0.0392 -0.9796 0.1971
vn -0.1914 -0.1939 0.9622
vn -0.0757 0.9217 0.3804
vn -0.1804 -0.3805 0.9070
vn -0.1092 0.8286 0.5490
vn -0.1626 -0.5528 0.8173
vn -0.1385 0.7041 0.6965
vn -0.1385 -0.7041 0.6965
vn -0.1626 0.5528 0.8173
vn -0.1092 -0.8286 0.5490
vn -0.1804 0.3805 0.9070
vn -0.0757 -0.9217 0.3804
vn -0.1914 0.1939 0.9622
vn -0.1951 -0.0000 0.9808
vn -0.2718 0.7041 0.6561
vn -0.3189 0.5528 0.7699
vn -0.2718 -0.7041 0.6561
vn -0.2142 -0.8286 0.5172
vn -0.3539 0.3805 0.8544
vn -0.1484 -0.9217 0.3584
vn -0.3754 0.1939 0.9063
vn -0.0769 -0.9796 0.1857
vn -0.3827 -0.0000 0.9239
vn -0.0769 0.9796 0.1857
vn -0.3754 -0.1939 0.9063
vn -0.1484 0.9217 0.3584
vn -0.3539 -0.3805 0.8544
vn -0.2142 0.8286 0.5172
vn -0.3189 -0.5528 0.7699
vn -0.5450 -0.1939 0.8157
vn -0.1117 0.9796 0.1671
vn -0.2155 0.9217 0.3225
vn -0.5138 -0.3805 0.7689
vn -0.3110 0.8286 0.4654
vn -0.4630 -0.5528 0.6929
vn -0.3945 0.7041 0.5905
vn -0.3945 -0.7041 0.5905
vn -0.4630 0.5528 0.6929
vn -0.3110 -0.8286 0.4654
vn -0.5138 0.3805 0.7689
vn -0.2155 -0.9217 0.3225
vn -0.5450 0.1939 0.8157
vn -0.1117 -0.9796 0.1671
vn -0.5556 -0.0000 0.8315
vn -0.5021 -0.7041 0.5021
vn -0.3958 -0.8286 0.3958
vn -0.6539 0.3805 0.6539
vn -0.2743 -0.9217 0.2743
vn -0.6937 0.1939 0.6937
vn -0.1421 -0.9796 0.1421
vn -0.7071 -0.0000 0.7071
vn -0.1421 0.9796 0.1421
vn -0.6937 -0.1939 0.6937
vn -0.2743 0.9217 0.2743
vn -0.6539 -0.3805 0.6539
vn -0.3958 0.8286 0.3958
vn -0.5893 -0.5528 0.5893
vn -0.5021 0.7041 0.5021
vn -0.5893 0.5528 0.5893
vn -0.7689 -0.3805 0.5138
vn -0.3225 0.9217 0.2155
vn -0.4654 0.8286 0.3110
vn -0.6929 -0.5528 0.4630
vn -0.5905 0.7041 0.3945
vn -0.5905 -0.7041 0.3945
vn -0.6929 0.5528 0.4630
vn -0.4654 -0.8286 0.3110
vn -0.7689 0.3805 0.5138
vn -0.3225 -0.9217 0.2155
vn -0.8157 0.1939 0.5450
vn -0.1671 -0.9796 0.1117
vn -0.8315 -0.0000 0.5556
vn -0.1671 0.9796 0.1117
vn -0.8157 -0.1939 0.5450
vn -0.3584 -0.9217 0.1484
vn -0.8544 0.3805 0.3539
vn -0.9063 0.1939 0.3754
vn -0.1857 -0.9796 0.0769
vn -0.9239 -0.0000 0.3827
vn -0.1857 0.9796 0.0769
vn -0.9063 -0.1939 0.3754
vn -0.3584 0.9217 0.1484
vn -0.8544 -0.3805 0.3539
vn -0.5172 0.8286 0.2142
vn -0.7699 -0.5528 0.3189
vn -0.6561 0.7041 0.2718
vn -0.6561 -0.7041 0.2718
vn -0.7699 0.5528 0.3189
vn -0.5172 -0.8286 0.2142
vn -0.5490 0.8286 0.1092
vn -0.9070 -0.3805 0.1804
vn -0.8173 -0.5528 0.1626
vn -0.6965 0.7041 0.1385
vn -0.6965 -0.7041 0.1385
vn -0.8173 0.5528 0.1626
vn -0.5490 -0.8286 0.1092
vn -0.9070 0.3805 0.1804
vn -0.3804 -0.9217 0.0757
vn -0.9622 0.1939 0.1914
vn -0.1971 -0.9796 0.0392
vn -0.9808 -0.0000 0.1951
vn -0.1971 0.9796 0.0392
vn -0.9622 -0.1939 0.1914
vn -0.3804 0.9217 0.0757
vn -0.9248 0.3805 -0.0000
vn -0.9810 0.1939 -0.0000
vn -0.2010 -0.9796 -0.0000
vn -1.0000 -0.0000 -0.0000
vn -0.2010 0.9796 -0.0000
vn -0.9810 -0.1939 -0.0000
vn -0.3879 0.9217 -0.0000
vn -0.9248 -0.3805 -0.0000
vn -0.5598 0.8286 -0.0000
vn -0.8333 -0.5528 -0.0000
vn -0.7101 0.7041 -0.0000
vn -0.7101 -0.7041 -0.0000
vn -0.8333 0.5528 -0.0000
vn -0.5598 -0.8286 -0.0000
vn -0.3879 -0.9217 -0.0000
vn -0.9070 -0.3805 -0.1804
vn -0.8173 -0.5528 -0.1626
vn -0.6965 0.7041 -0.1385
vn -0.6965 -0.7041 -0.1385
vn -0.8173 0.5528 -0.1626
vn -0.5490 -0.8286 -0.1092
vn -0.9070 0.3805 -0.1804
vn -0.3804 -0.9217 -0.0757
vn -0.9622 0.1939 -0.1914
vn -0.1971 -0.9796 -0.0392
vn -0.9808 -0.0000 -0.1951
vn -0.1971 0.9796 -0.0392
vn -0.9622 -0.1939 -0.1914
vn -0.3804 0.9217 -0.0757
vn -0.5490 0.8286 -0.1092
vn -0.3584 -0.9217 -0.1484
vn -0.1857 -0.9796 -0.0769
vn -0.9063 0.1939 -0.3754
vn -0.9239 -0.0000 -0.3827
vn -0.1857 0.9796 -0.0769
vn -0.9063 -0.1939 -0.3754
vn -0.3584 0.9217 -0.1484
vn -0.8544 -0.3805 -0.3539
vn -0.5172 0.8286 -0.2142
vn -0.7699 -0.5528 -0.3189
vn -0.6561 0.7041 -0.2718
vn -0.6561 -0.7041 -0.2718
vn -0.7699 0.5528 -0.3189
vn -0.5172 -0.8286 -0.2142
vn -0.8544 0.3805 -0.3539
vn -0.5905 0.7041 -0.3945
vn -0.5905 -0.7041 -0.3945
vn -0.6929 0.5528 -0.4630
vn -0.4654 -0.8286 -0.3110
vn -0.7689 0.3805 -0.5138
vn -0.3225 -0.9217 -0.2155
vn -0.8157 0.1939 -0.5450
vn -0.1671 -0.9796 -0.1117
vn -0.8315 -0.0000 -0.5556
vn -0.1671 0.9796 -0.1117
vn -0.8157 -0.1939 -0.5450
vn -0.3225 0.9217 -0.2155
vn -0.7689 -0.3805 -0.5138
vn -0.4654 0.8286 -0.3110
vn -0.6929 -0.5528 -0.4630
vn -0.6937 0.1939 -0.6937
vn -0.7071 -0.0000 -0.7071
vn -0.1421 0.9796 -0.1421
vn -0.1421 -0.9796 -0.1421
vn -0.6937 -0.1939 -0.6937
vn -0.2743 0.9217 -0.2743
vn -0.6539 -0.3805 -0.6539
vn -0.3958 0.8286 -0.3958
vn -0.5893 -0.5528 -0.5893
vn -0.5021 0.7041 -0.5021
vn -0.5021 -0.7041 -0.5021
vn -0.5893 0.5528 -0.5893
vn -0.3958 -0.8286 -0.3958
vn -0.6539 0.3805 -0.6539
vn -0.2743 -0.9217 -0.2743
vn -0.3945 -0.7041 -0.5905
vn -0.3945 0.7041 -0.5905
vn -0.4630 0.5528 -0.6929
vn -0.3110 -0.8286 -0.4654
vn -0.5138 0.3805 -0.7689
vn -0.2155 -0.9217 -0.3225
vn -0.5450 0.1939 -0.8157
vn -0.1117 -0.9796 -0.1671
vn -0.5556 -0.0000 -0.8315
vn -0.1117 0.9796 -0.1671
vn -0.5450 -0.1939 -0.8157
vn -0.2155 0.9217 -0.3225
vn -0.5138 -0.3805 -0.7689
vn -0.3110 0.8286 -0.4654
vn -0.4630 -0.5528 -0.6929
vn -0.0769 -0.9796 -0.1857
vn -0.3754 -0.1939 -0.9063
vn -0.0769 0.9796 -0.1857
vn -0.1484 0.9217 -0.3584
vn -0.3539 -0.3805 -0.8544
vn -0.2142 0.8286 -0.5172
vn -0.3189 -0.5528 -0.7699
vn -0.2718 0.7041 -0.6561
vn -0.2718 -0.7041 -0.6561
vn -0.3189 0.5528 -0.7699
vn -0.2142 -0.8286 -0.5172
vn -0.3539 0.3805 -0.8544
vn -0.1484 -0.9217 -0.3584
vn -0.3754 0.1939 -0.9063
vn -0.3827 -0.0000 -0.9239
vn -0.1385 -0.7041 -0.6965
vn -0.1092 -0.8286 -0.5490
vn -0.1804 0.3805 -0.9070
vn -0.0757 -0.9217 -0.3804
vn -0.1914 0.1939 -0.9622
vn -0.0392 -0.9796 -0.1971
vn -0.1951 -0.0000 -0.9808
vn -0.0392 0.9796 -0.1971
vn -0.1914 -0.1939 -0.9622
vn -0.0757 0.9217 -0.3804
vn -0.1804 -0.3805 -0.9070
vn -0.1092 0.8286 -0.5490
vn -0.1626 -0.5528 -0.8173
vn -0.1385 0.7041 -0.6965
vn -0.1626 0.5528 -0.8173
vn 0.1671 0.9796 -0.1117
vt 0.750000 0.812500
vt 0.750000 0.687500
vt 0.750000 0.562500
vt 0.750000 0.500000
vt 0.750000 0.437500
vt 0.750000 0.312500
vt 0.718750 0.937500
vt 0.718750 0.875000
vt 0.718750 0.812500
vt 0.718750 0.750000
vt 0.718750 0.687500
vt 0.718750 0.625000
vt 0.718750 0.562500
vt 0.718750 0.500000
vt 0.718750 0.437500
vt 0.718750 0.375000
vt 0.718750 0.312500
vt 0.718750 0.250000
vt 0.718750 0.187500
vt 0.718750 0.125000
vt 0.718750 0.062500
vt 0.687500 0.937500
vt 0.687500 0.875000
vt 0.687500 0.812500
vt 0.687500 0.750000
vt 0.687500 0.687500
vt 0.687500 0.625000
vt 0.687500 0.562500
vt 0.687500 0.500000
vt 0.687500 0.437500
vt 0.687500 0.375000
vt 0.687500 0.312500
vt 0.687500 0.250000
vt 0.687500 0.187500
vt 0.687500 0.125000
vt 0.687500 0.062500
vt 0.656250 0.937500
vt 0.656250 0.875000
vt 0.656250 0.812500
vt 0.656250 0.750000
vt 0.656250 0.687500
vt 0.656250 0.625000
vt 0.656250 0.562500
vt 0.656250 0.500000
vt 0.656250 0.437500
vt 0.656250 0.375000
vt 0.656250 0.312500
vt 0.656250 0.250000
vt 0.656250 0.187500
vt 0.656250 0.125000
vt 0.656250 0.062500
vt 0.625000 0.937500
vt 0.625000 0.875000
vt 0.625000 0.812500
vt 0.625000 0.750000
vt 0.625000 0.687500
vt 0.625000 0.625000
vt 0.625000 0.562500
vt 0.625000 0.500000
vt 0.625000 0.437500
vt 0.625000 0.375000
vt 0.625000 0.312500
vt 0.625000 0.250000
vt 0.625000 0.187500
vt 0.625000 0.125000
vt 0.625000 0.062500
vt 0.593750 0.937500
vt 0.593750 0.875000
vt 0.593750 0.812500
vt 0.593750 0.750000
vt 0.593750 0.687500
vt 0.593750 0.625000
vt 0.593750 0.562500
vt 0.593750 0.500000
vt 0.593750 0.437500
vt 0.593750 0.375000
vt 0.593750 0.312500
vt 0.593750 0.250000
vt 0.593750 0.187500
vt 0.593750 0.125000
vt 0.593750 0.062500
vt 0.734375 1.000000
vt 0.703125 1.000000
vt 0.671875 1.000000
vt 0.640625 1.000000
vt 0.609375 1.000000
vt 0.578125 1.000000
vt 0.546875 1.000000
vt 0.515625 1.000000
vt 0.484375 1.000000
vt 0.453125 1.000000
vt 0.421875 1.000000
vt 0.390625 1.000000
vt 0.359375 1.000000
vt 0.328125 1.000000
vt 0.296875 1.000000
vt 0.265625 1.000000
vt 0.234375 1.000000
vt 0.203125 1.000000
vt 0.171875 1.000000
vt 0.140625 1.000000
vt 0.109375 1.000000
vt 0.078125 1.000000
vt 0.046875 1.000000
vt 0.015625 1.000000
vt 0.984375 1.000000
vt 0.953125 1.000000
vt 0.921875 1.000000
vt 0.890625 1.000000
vt 0.859375 1.000000
vt 0.828125 1.000000
vt 0.796875 1.000000
vt 0.765625 1.000000
vt 0.562500 0.937500
vt 0.562500 0.875000
vt 0.562500 0.812500
vt 0.562500 0.750000
vt 0.562500 0.687500
vt 0.562500 0.625000
vt 0.562500 0.562500
vt 0.562500 0.500000
vt 0.562500 0.437500
vt 0.562500 0.375000
vt 0.562500 0.312500
vt 0.562500 0.250000
vt 0.562500 0.187500
vt 0.562500 0.125000
vt 0.562500 0.062500
vt 0.531250 0.937500
vt 0.531250 0.875000
vt 0.531250 0.812500
vt 0.531250 0.750000
vt 0.531250 0.687500
vt 0.531250 0.625000
vt 0.531250 0.562500
vt 0.531250 0.500000
vt 0.531250 0.437500
vt 0.531250 0.375000
vt 0.531250 0.312500
vt 0.531250 0.250000
vt 0.531250 0.187500
vt 0.531250 0.125000
vt 0.531250 0.062500
vt 0.500000 0.937500
vt 0.500000 0.875000
vt 0.500000 0.812500
vt 0.500000 0.750000
vt 0.500000 0.687500
vt 0.500000 0.625000
vt 0.500000 0.562500
vt 0.500000 0.500000
vt 0.500000 0.437500
vt 0.500000 0.375000
vt 0.500000 0.312500
vt 0.500000 0.250000
vt 0.500000 0.187500
vt 0.500000 0.125000
vt 0.500000 0.062500
vt 0.468750 0.937500
vt 0.468750 0.875000
vt 0.468750 0.812500
vt 0.468750 0.750000
vt 0.468750 0.687500
vt 0.468750 0.625000
vt 0.468750 0.562500
vt 0.468750 0.500000
vt 0.468750 0.437500
vt 0.468750 0.375000
vt 0.468750 0.312500
vt 0.468750 0.250000
vt 0.468750 0.187500
vt 0.468750 0.125000
vt 0.468750 0.062500
vt 0.437500 0.937500
vt 0.437500 0.875000
vt 0.437500 0.812500
vt 0.437500 0.750000
vt 0.437500 0.687500
vt 0.437500 0.625000
vt 0.437500 0.562500
vt 0.437500 0.500000
vt 0.437500 0.437500
vt 0.437500 0.375000
vt 0.437500 0.312500
vt 0.437500 0.250000
vt 0.437500 0.187500
vt 0.437500 0.125000
vt 0.437500 0.062500
vt 0.406250 0.937500
vt 0.406250 0.875000
vt 0.406250 0.812500
vt 0.406250 0.750000
vt 0.406250 0.687500
vt 0.406250 0.625000
vt 0.406250 0.562500
vt 0.406250 0.500000
vt 0.406250 0.437500
vt 0.406250 0.375000
vt 0.406250 0.312500
vt 0.406250 0.250000
vt 0.406250 0.187500
vt 0.406250 0.125000
vt 0.406250 0.062500
vt 0.375000 0.937500
vt 0.375000 0.875000
vt 0.375000 0.812500
vt 0.375000 0.750000
vt 0.375000 0.687500
vt 0.375000 0.625000
vt 0.375000 0.562500
vt 0.375000 0.500000
vt 0.375000 0.437500
vt 0.375000 0.375000
vt 0.375000 0.312500
vt 0.375000 0.250000
vt 0.375000 0.187500
vt 0.375000 0.125000
vt 0.375000 0.062500
vt 0.343750 0.937500
vt 0.343750 0.875000
vt 0.343750 0.812500
vt 0.343750 0.750000
vt 0.343750 0.687500
vt 0.343750 0.625000
vt 0.343750 0.562500
vt 0.343750 0.500000
vt 0.343750 0.437500
vt 0.343750 0.375000
vt 0.343750 0.312500
vt 0.343750 0.250000
vt 0.343750 0.187500
vt 0.343750 0.125000
vt 0.343750 0.062500
vt 0.312500 0.937500
vt 0.312500 0.875000
vt 0.312500 0.812500
vt 0.312500 0.750000
vt 0.312500 0.687500
vt 0.312500 0.625000
vt 0.312500 0.562500
vt 0.312500 0.500000
vt 0.312500 0.437500
vt 0.312500 0.375000
vt 0.312500 0.312500
vt 0.312500 0.250000
vt 0.312500 0.187500
vt 0.312500 0.125000
vt 0.312500 0.062500
vt 0.281250 0.937500
vt 0.281250 0.875000
vt 0.281250 0.812500
vt 0.281250 0.750000
vt 0.281250 0.687500
vt 0.281250 0.625000
vt 0.281250 0.562500
vt 0.281250 0.500000
vt 0.281250 0.437500
vt 0.281250 0.375000
vt 0.281250 0.312500
vt 0.281250 0.250000
vt 0.281250 0.187500
vt 0.281250 0.125000
vt 0.281250 0.062500
vt 0.250000 0.937500
vt 0.250000 0.875000
vt 0.250000 0.812500
vt 0.250000 0.750000
vt 0.250000 0.687500
vt 0.250000 0.625000
vt 0.250000 0.562500
vt 0.250000 0.500000
vt 0.250000 0.437500
vt 0.250000 0.375000
vt 0.250000 0.312500
vt 0.250000 0.250000
vt 0.250000 0.187500
vt 0.250000 0.125000
vt 0.250000 0.062500
vt 0.218750 0.937500
vt 0.218750 0.875000
vt 0.218750 0.812500
vt 0.218750 0.750000
vt 0.218750 0.687500
vt 0.218750 0.625000
vt 0.218750 0.562500
vt 0.218750 0.500000
vt 0.218750 0.437500
vt 0.218750 0.375000
vt 0.218750 0.312500
vt 0.218750 0.250000
vt 0.218750 0.187500
vt 0.218750 0.125000
vt 0.218750 0.062500
vt 0.187500 0.937500
vt 0.187500 0.875000
vt 0.187500 0.812500
vt 0.187500 0.750000
vt 0.187500 0.687500
vt 0.187500 0.625000
vt 0.187500 0.562500
vt 0.187500 0.500000
vt 0.187500 0.437500
vt 0.187500 0.375000
vt 0.187500 0.312500
vt 0.187500 0.250000
vt 0.187500 0.187500
vt 0.187500 0.125000
vt 0.187500 0.062500
vt 0.156250 0.937500
vt 0.156250 0.875000
vt 0.156250 0.812500
vt 0.156250 0.750000
vt 0.156250 0.687500
vt 0.156250 0.625000
vt 0.156250 0.562500
vt 0.156250 0.500000
vt 0.156250 0.437500
vt 0.156250 0.375000
vt 0.156250 0.312500
vt 0.156250 0.250000
vt 0.156250 0.187500
vt 0.156250 0.125000
vt 0.156250 0.062500
vt 0.125000 0.937500
vt 0.125000 0.875000
vt 0.125000 0.812500
vt 0.125000 0.750000
vt 0.125000 0.687500
vt 0.125000 0.625000
vt 0.125000 0.562500
vt 0.125000 0.500000
vt 0.125000 0.437500
vt 0.125000 0.375000
vt 0.125000 0.312500
vt 0.125000 0.250000
vt 0.125000 0.187500
vt 0.125000 0.125000
vt 0.125000 0.062500
vt 0.734375 0.000000
vt 0.703125 0.000000
vt 0.671875 0.000000
vt 0.640625 0.000000
vt 0.609375 0.000000
vt 0.578125 0.000000
vt 0.546875 0.000000
vt 0.515625 0.000000
vt 0.484375 0.000000
vt 0.453125 0.000000
vt 0.421875 0.000000
vt 0.390625 0.000000
vt 0.359375 0.000000
vt 0.328125 0.000000
vt 0.296875 0.000000
vt 0.265625 0.000000
vt 0.234375 0.000000
vt 0.203125 0.000000
vt 0.171875 0.000000
vt 0.140625 0.000000
vt 0.109375 0.000000
vt 0.078125 0.000000
vt 0.046875 0.000000
vt 0.015625 0.000000
vt 0.984375 0.000000
vt 0.953125 0.000000
vt 0.921875 0.000000
vt 0.890625 0.000000
vt 0.859375 0.000000
vt 0.828125 0.000000
vt 0.796875 0.000000
vt 0.765625 0.000000
vt 0.093750 0.937500
vt 0.093750 0.875000
vt 0.093750 0.812500
vt 0.093750 0.750000
vt 0.093750 0.687500
vt 0.093750 0.625000
vt 0.093750 0.562500
vt 0.093750 0.500000
vt 0.093750 0.437500
vt 0.093750 0.375000
vt 0.093750 0.312500
vt 0.093750 0.250000
vt 0.093750 0.187500
vt 0.093750 0.125000
vt 0.093750 0.062500
vt 0.062500 0.937500
vt 0.062500 0.875000
vt 0.062500 0.812500
vt 0.062500 0.750000
vt 0.062500 0.687500
vt 0.062500 0.625000
vt 0.062500 0.562500
vt 0.062500 0.500000
vt 0.062500 0.437500
vt 0.062500 0.375000
vt 0.062500 0.312500
vt 0.062500 0.250000
vt 0.062500 0.187500
vt 0.062500 0.125000
vt 0.062500 0.062500
vt 0.031250 0.937500
vt 0.031250 0.875000
vt 0.031250 0.812500
vt 0.031250 0.750000
vt 0.031250 0.687500
vt 0.031250 0.625000
vt 0.031250 0.562500
vt 0.031250 0.500000
vt 0.031250 0.437500
vt 0.031250 0.375000
vt 0.031250 0.312500
vt 0.031250 0.250000
vt 0.031250 0.187500
vt 0.031250 0.125000
vt 0.031250 0.062500
vt 0.000000 0.937500
vt 1.000000 0.937500
vt 0.000000 0.875000
vt 1.000000 0.875000
vt 0.000000 0.812500
vt 1.000000 0.812500
vt 0.000000 0.750000
vt 1.000000 0.750000
vt 0.000000 0.687500
vt 1.000000 0.687500
vt 0.000000 0.625000
vt 1.000000 0.625000
vt 0.000000 0.562500
vt 1.000000 0.562500
vt 0.000000 0.500000
vt 1.000000 0.500000
vt 0.000000 0.437500
vt 1.000000 0.437500
vt 0.000000 0.375000
vt 1.000000 0.375000
vt 0.000000 0.312500
vt 1.000000 0.312500
vt 0.000000 0.250000
vt 1.000000 0.250000
vt 0.000000 0.187500
vt 1.000000 0.187500
vt 0.000000 0.125000
vt 1.000000 0.125000
vt 1.000000 0.062500
vt 0.000000 0.062500
vt 0.968750 0.937500
vt 0.968750 0.875000
vt 0.968750 0.812500
vt 0.968750 0.750000
vt 0.968750 0.687500
vt 0.968750 0.625000
vt 0.968750 0.562500
vt 0.968750 0.500000
vt 0.968750 0.437500
vt 0.968750 0.375000
vt 0.968750 0.312500
vt 0.968750 0.250000
vt 0.968750 0.187500
vt 0.968750 0.125000
vt 0.968750 0.062500
vt 0.937500 0.937500
vt 0.937500 0.875000
vt 0.937500 0.812500
vt 0.937500 0.750000
vt 0.937500 0.687500
vt 0.937500 0.625000
vt 0.937500 0.562500
vt 0.937500 0.500000
vt 0.937500 0.437500
vt 0.937500 0.375000
vt 0.937500 0.312500
vt 0.937500 0.250000
vt 0.937500 0.187500
vt 0.937500 0.125000
vt 0.937500 0.062500
vt 0.906250 0.937500
vt 0.906250 0.875000
vt 0.906250 0.812500
vt 0.906250 0.750000
vt 0.906250 0.687500
vt 0.906250 0.625000
vt 0.906250 0.562500
vt 0.906250 0.500000
vt 0.906250 0.437500
vt 0.906250 0.375000
vt 0.906250 0.312500
vt 0.906250 0.250000
vt 0.906250 0.187500
vt 0.906250 0.125000
vt 0.906250 0.062500
vt 0.875000 0.937500
vt 0.875000 0.875000
vt 0.875000 0.812500
vt 0.875000 0.750000
vt 0.875000 0.687500
vt 0.875000 0.625000
vt 0.875000 0.562500
vt 0.875000 0.500000
vt 0.875000 0.437500
vt 0.875000 0.375000
vt 0.875000 0.312500
vt 0.875000 0.250000
vt 0.875000 0.187500
vt 0.875000 0.125000
vt 0.875000 0.062500
vt 0.843750 0.937500
vt 0.843750 0.875000
vt 0.843750 0.812500
vt 0.843750 0.750000
vt 0.843750 0.687500
vt 0.843750 0.625000
vt 0.843750 0.562500
vt 0.843750 0.500000
vt 0.843750 0.437500
vt 0.843750 0.375000
vt 0.843750 0.312500
vt 0.843750 0.250000
vt 0.843750 0.187500
vt 0.843750 0.125000
vt 0.843750 0.062500
vt 0.812500 0.937500
vt 0.812500 0.875000
vt 0.812500 0.812500
vt 0.812500 0.750000
vt 0.812500 0.687500
vt 0.812500 0.625000
vt 0.812500 0.562500
vt 0.812500 0.500000
vt 0.812500 0.437500
vt 0.812500 0.375000
vt 0.812500 0.312500
vt 0.812500 0.250000
vt 0.812500 0.187500
vt 0.812500 0.125000
vt 0.812500 0.062500
vt 0.781250 0.937500
vt 0.781250 0.875000
vt 0.781250 0.812500
vt 0.781250 0.750000
vt 0.781250 0.687500
vt 0.781250 0.625000
vt 0.781250 0.562500
vt 0.781250 0.500000
vt 0.781250 0.437500
vt 0.781250 0.375000
vt 0.781250 0.312500
vt 0.781250 0.250000
vt 0.781250 0.187500
vt 0.781250 0.125000
vt 0.781250 0.062500
vt 0.750000 0.937500
vt 0.750000 0.875000
vt 0.750000 0.750000
vt 0.750000 0.625000
vt 0.750000 0.375000
vt 0.750000 0.250000
vt 0.750000 0.187500
vt 0.750000 0.125000
vt 0.750000 0.062500
vt 0.750000 0.812500
vt 0.750000 0.687500
vt 0.750000 0.562500
vt 0.750000 0.500000
vt 0.750000 0.437500
vt 0.750000 0.312500
vt 0.718750 0.937500
vt 0.718750 0.875000
vt 0.718750 0.812500
vt 0.718750 0.750000
vt 0.718750 0.687500
vt 0.718750 0.625000
vt 0.718750 0.562500
vt 0.718750 0.500000
vt 0.718750 0.437500
vt 0.718750 0.375000
vt 0.718750 0.312500
vt 0.718750 0.250000
vt 0.718750 0.187500
vt 0.718750 0.125000
vt 0.718750 0.062500
vt 0.687500 0.937500
vt 0.687500 0.875000
vt 0.687500 0.812500
vt 0.687500 0.750000
vt 0.687500 0.687500
vt 0.687500 0.625000
vt 0.687500 0.562500
vt 0.687500 0.500000
vt 0.687500 0.437500
vt 0.687500 0.375000
vt 0.687500 0.312500
vt 0.687500 0.250000
vt 0.687500 0.187500
vt 0.687500 0.125000
vt 0.687500 0.062500
vt 0.656250 0.937500
vt 0.656250 0.875000
vt 0.656250 0.812500
vt 0.656250 0.750000
vt 0.656250 0.687500
vt 0.656250 0.625000
vt 0.656250 0.562500
vt 0.656250 0.500000
vt 0.656250 0.437500
vt 0.656250 0.375000
vt 0.656250 0.312500
vt 0.656250 0.250000
vt 0.656250 0.187500
vt 0.656250 0.125000
vt 0.656250 0.062500
vt 0.625000 0.937500
vt 0.625000 0.875000
vt 0.625000 0.812500
vt 0.625000 0.750000
vt 0.625000 0.687500
vt 0.625000 0.625000
vt 0.625000 0.562500
vt 0.625000 0.500000
vt 0.625000 0.437500
vt 0.625000 0.375000
vt 0.625000 0.312500
vt 0.625000 0.250000
vt 0.625000 0.187500
vt 0.625000 0.125000
vt 0.625000 0.062500
vt 0.593750 0.937500
vt 0.593750 0.875000
vt 0.593750 0.812500
vt 0.593750 0.750000
vt 0.593750 0.687500
vt 0.593750 0.625000
vt 0.593750 0.562500
vt 0.593750 0.500000
vt 0.593750 0.437500
vt 0.593750 0.375000
vt 0.593750 0.312500
vt 0.593750 0.250000
vt 0.593750 0.187500
vt 0.593750 0.125000
vt 0.593750 0.062500
vt 0.734375 1.000000
vt 0.703125 1.000000
vt 0.671875 1.000000
vt 0.640625 1.000000
vt 0.609375 1.000000
vt 0.578125 1.000000
vt 0.546875 1.000000
vt 0.515625 1.000000
vt 0.484375 1.000000
vt 0.453125 1.000000
vt 0.421875 1.000000
vt 0.390625 1.000000
vt 0.359375 1.000000
vt 0.328125 1.000000
vt 0.296875 1.000000
vt 0.265625 1.000000
vt 0.234375 1.000000
vt 0.203125 1.000000
vt 0.171875 1.000000
vt 0.140625 1.000000
vt 0.109375 1.000000
vt 0.078125 1.000000
vt 0.046875 1.000000
vt 0.015625 1.000000
vt 0.984375 1.000000
vt 0.953125 1.000000
vt 0.921875 1.000000
vt 0.890625 1.000000
vt 0.859375 1.000000
vt 0.828125 1.000000
vt 0.796875 1.000000
vt 0.765625 1.000000
vt 0.562500 0.937500
vt 0.562500 0.875000
vt 0.562500 0.812500
vt 0.562500 0.750000
vt 0.562500 0.687500
vt 0.562500 0.625000
vt 0.562500 0.562500
vt 0.562500 0.500000
vt 0.562500 0.437500
vt 0.562500 0.375000
vt 0.562500 0.312500
vt 0.562500 0.250000
vt 0.562500 0.187500
vt 0.562500 0.125000
vt 0.562500 0.062500
vt 0.531250 0.937500
vt 0.531250 0.875000
vt 0.531250 0.812500
vt 0.531250 0.750000
vt 0.531250 0.687500
vt 0.531250 0.625000
vt 0.531250 0.562500
vt 0.531250 0.500000
vt 0.531250 0.437500
vt 0.531250 0.375000
vt 0.531250 0.312500
vt 0.531250 0.250000
vt 0.531250 0.187500
vt 0.531250 0.125000
vt 0.531250 0.062500
vt 0.500000 0.937500
vt 0.500000 0.875000
vt 0.500000 0.812500
vt 0.500000 0.750000
vt 0.500000 0.687500
vt 0.500000 0.625000
vt 0.500000 0.562500
vt 0.500000 0.500000
vt 0.500000 0.437500
vt 0.500000 0.375000
vt 0.500000 0.312500
vt 0.500000 0.250000
vt 0.500000 0.187500
vt 0.500000 0.125000
vt 0.500000 0.062500
vt 0.468750 0.937500
vt 0.468750 0.875000
vt 0.468750 0.812500
vt 0.468750 0.750000
vt 0.468750 0.687500
vt 0.468750 0.625000
vt 0.468750 0.562500
vt 0.468750 0.500000
vt 0.468750 0.437500
vt 0.468750 0.375000
vt 0.468750 0.312500
vt 0.468750 0.250000
vt 0.468750 0.187500
vt 0.468750 0.125000
vt 0.468750 0.062500
vt 0.437500 0.937500
vt 0.437500 0.875000
vt 0.437500 0.812500
vt 0.437500 0.750000
vt 0.437500 0.687500
vt 0.437500 0.625000
vt 0.437500 0.562500
vt 0.437500 0.500000
vt 0.437500 0.437500
vt 0.437500 0.375000
vt 0.437500 0.312500
vt 0.437500 0.250000
vt 0.437500 0.187500
vt 0.437500 0.125000
vt 0.437500 0.062500
vt 0.406250 0.937500
vt 0.406250 0.875000
vt 0.406250 0.812500
vt 0.406250 0.750000
vt 0.406250 0.687500
vt 0.406250 0.625000
vt 0.406250 0.562500
vt 0.406250 0.500000
vt 0.406250 0.437500
vt 0.406250 0.375000
vt 0.406250 0.312500
vt 0.406250 0.250000
vt 0.406250 0.187500
vt 0.406250 0.125000
vt 0.406250 0.062500
vt 0.375000 0.937500
vt 0.375000 0.875000
vt 0.375000 0.812500
vt 0.375000 0.750000
vt 0.375000 0.687500
vt 0.375000 0.625000
vt 0.375000 0.562500
vt 0.375000 0.500000
vt 0.375000 0.437500
vt 0.375000 0.375000
vt 0.375000 0.312500
vt 0.375000 0.250000
vt 0.375000 0.187500
vt 0.375000 0.125000
vt 0.375000 0.062500
vt 0.343750 0.937500
vt 0.343750 0.875000
vt 0.343750 0.812500
vt 0.343750 0.750000
vt 0.343750 0.687500
vt 0.343750 0.625000
vt 0.343750 0.562500
vt 0.343750 0.500000
vt 0.343750 0.437500
vt 0.343750 0.375000
vt 0.343750 0.312500
vt 0.343750 0.250000
vt 0.343750 0.187500
vt 0.343750 0.125000
vt 0.343750 0.062500
vt 0.312500 0.937500
vt 0.312500 0.875000
vt 0.312500 0.812500
vt 0.312500 0.750000
vt 0.312500 0.687500
vt 0.312500 0.625000
vt 0.312500 0.562500
vt 0.312500 0.500000
vt 0.312500 0.437500
vt 0.312500 0.375000
vt 0.312500 0.312500
vt 0.312500 0.250000
vt 0.312500 0.187500
vt 0.312500 0.125000
vt 0.312500 0.062500
vt 0.281250 0.937500
vt 0.281250 0.875000
vt 0.281250 0.812500
vt 0.281250 0.750000
vt 0.281250 0.687500
vt 0.281250 0.625000
vt 0.281250 0.562500
vt 0.281250 0.500000
vt 0.281250 0.437500
vt 0.281250 0.375000
vt 0.281250 0.312500
vt 0.281250 0.250000
vt 0.281250 0.187500
vt 0.281250 0.125000
vt 0.281250 0.062500
vt 0.250000 0.937500
vt 0.250000 0.875000
vt 0.250000 0.812500
vt 0.250000 0.750000
vt 0.250000 0.687500
vt 0.250000 0.625000
vt 0.250000 0.562500
vt 0.250000 0.500000
vt 0.250000 0.437500
vt 0.250000 0.375000
vt 0.250000 0.312500
vt 0.250000 0.250000
vt 0.250000 0.187500
vt 0.250000 0.125000
vt 0.250000 0.062500
vt 0.218750 0.937500
vt 0.218750 0.875000
vt 0.218750 0.812500
vt 0.218750 0.750000
vt 0.218750 0.687500
vt 0.218750 0.625000
vt 0.218750 0.562500
vt 0.218750 0.500000
vt 0.218750 0.437500
vt 0.218750 0.375000
vt 0.218750 0.312500
vt 0.218750 0.250000
vt 0.218750 0.187500
vt 0.218750 0.125000
vt 0.218750 0.062500
vt 0.187500 0.937500
vt 0.187500 0.875000
vt 0.187500 0.812500
vt 0.187500 0.750000
vt 0.187500 0.687500
vt 0.187500 0.625000
vt 0.187500 0.562500
vt 0.187500 0.500000
vt 0.187500 0.437500
vt 0.187500 0.375000
vt 0.187500 0.312500
vt 0.187500 0.250000
vt 0.187500 0.187500
vt 0.187500 0.125000
vt 0.187500 0.062500
vt 0.156250 0.937500
vt 0.156250 0.875000
vt 0.156250 0.812500
vt 0.156250 0.750000
vt 0.156250 0.687500
vt 0.156250 0.625000
vt 0.156250 0.562500
vt 0.156250 0.500000
vt 0.156250 0.437500
vt 0.156250 0.375000
vt 0.156250 0.312500
vt 0.156250 0.250000
vt 0.156250 0.187500
vt 0.156250 0.125000
vt 0.156250 0.062500
vt 0.125000 0.937500
vt 0.125000 0.875000
vt 0.125000 0.812500
vt 0.125000 0.750000
vt 0.125000 0.687500
vt 0.125000 0.625000
vt 0.125000 0.562500
vt 0.125000 0.500000
vt 0.125000 0.437500
vt 0.125000 0.375000
vt 0.125000 0.312500
vt 0.125000 0.250000
vt 0.125000 0.187500
vt 0.125000 0.125000
vt 0.125000 0.062500
vt 0.734375 0.000000
vt 0.703125 0.000000
vt 0.671875 0.000000
vt 0.640625 0.000000
vt 0.609375 0.000000
vt 0.578125 0.000000
vt 0.546875 0.000000
vt 0.515625 0.000000
vt 0.484375 0.000000
vt 0.453125 0.000000
vt 0.421875 0.000000
vt 0.390625 0.000000
vt 0.359375 0.000000
vt 0.328125 0.000000
vt 0.296875 0.000000
vt 0.265625 0.000000
vt 0.234375 0.000000
vt 0.203125 0.000000
vt 0.171875 0.000000
vt 0.140625 0.000000
vt 0.109375 0.000000
vt 0.078125 0.000000
vt 0.046875 0.000000
vt 0.015625 0.000000
vt 0.984375 0.000000
vt 0.953125 0.000000
vt 0.921875 0.000000
vt 0.890625 0.000000
vt 0.859375 0.000000
vt 0.828125 0.000000
vt 0.796875 0.000000
vt 0.765625 0.000000
vt 0.093750 0.937500
vt 0.093750 0.875000
vt 0.093750 0.812500
vt 0.093750 0.750000
vt 0.093750 0.687500
vt 0.093750 0.625000
vt 0.093750 0.562500
vt 0.093750 0.500000
vt 0.093750 0.437500
vt 0.093750 0.375000
vt 0.093750 0.312500
vt 0.093750 0.250000
vt 0.093750 0.187500
vt 0.093750 0.125000
vt 0.093750 0.062500
vt 0.062500 0.937500
vt 0.062500 0.875000
vt 0.062500 0.812500
vt 0.062500 0.750000
vt 0.062500 0.687500
vt 0.062500 0.625000
vt 0.062500 0.562500
vt 0.062500 0.500000
vt 0.062500 0.437500
vt 0.062500 0.375000
vt 0.062500 0.312500
vt 0.062500 0.250000
vt 0.062500 0.187500
vt 0.062500 0.125000
vt 0.062500 0.062500
vt 0.031250 0.937500
vt 0.031250 0.875000
vt 0.031250 0.812500
vt 0.031250 0.750000
vt 0.031250 0.687500
vt 0.031250 0.625000
vt 0.031250 0.562500
vt 0.031250 0.500000
vt 0.031250 0.437500
vt 0.031250 0.375000
vt 0.031250 0.312500
vt 0.031250 0.250000
vt 0.031250 0.187500
vt 0.031250 0.125000
vt 0.031250 0.062500
vt 0.000000 0.937500
vt 1.000000 0.937500
vt 0.000000 0.875000
vt 1.000000 0.875000
vt 0.000000 0.812500
vt 1.000000 0.812500
vt 0.000000 0.750000
vt 1.000000 0.750000
vt 0.000000 0.687500
vt 1.000000 0.687500
vt 0.000000 0.625000
vt 1.000000 0.625000
vt 0.000000 0.562500
vt 1.000000 0.562500
vt 0.000000 0.500000
vt 1.000000 0.500000
vt 0.000000 0.437500
vt 1.000000 0.437500
vt 0.000000 0.375000
vt 1.000000 0.375000
vt 0.000000 0.312500
vt 1.000000 0.312500
vt 0.000000 0.250000
vt 1.000000 0.250000
vt 0.000000 0.187500
vt 1.000000 0.187500
vt 0.000000 0.125000
vt 1.000000 0.125000
vt 1.000000 0.062500
vt 0.000000 0.062500
vt 0.968750 0.937500
vt 0.968750 0.875000
vt 0.968750 0.812500
vt 0.968750 0.750000
vt 0.968750 0.687500
vt 0.968750 0.625000
vt 0.968750 0.562500
vt 0.968750 0.500000
vt 0.968750 0.437500
vt 0.968750 0.375000
vt 0.968750 0.312500
vt 0.968750 0.250000
vt 0.968750 0.187500
vt 0.968750 0.125000
vt 0.968750 0.062500
vt 0.937500 0.937500
vt 0.937500 0.875000
vt 0.937500 0.812500
vt 0.937500 0.750000
vt 0.937500 0.687500
vt 0.937500 0.625000
vt 0.937500 0.562500
vt 0.937500 0.500000
vt 0.937500 0.437500
vt 0.937500 0.375000
vt 0.937500 0.312500
vt 0.937500 0.250000
vt 0.937500 0.187500
vt 0.937500 0.125000
vt 0.937500 0.062500
vt 0.906250 0.937500
vt 0.906250 0.875000
vt 0.906250 0.812500
vt 0.906250 0.750000
vt 0.906250 0.687500
vt 0.906250 0.625000
vt 0.906250 0.562500
vt 0.906250 0.500000
vt 0.906250 0.437500
vt 0.906250 0.375000
vt 0.906250 0.312500
vt 0.906250 0.250000
vt 0.906250 0.187500
vt 0.906250 0.125000
vt 0.906250 0.062500
vt 0.875000 0.937500
vt 0.875000 0.875000
vt 0.875000 0.812500
vt 0.875000 0.750000
vt 0.875000 0.687500
vt 0.875000 0.625000
vt 0.875000 0.562500
vt 0.875000 0.500000
vt 0.875000 0.437500
vt 0.875000 0.375000
vt 0.875000 0.312500
vt 0.875000 0.250000
vt 0.875000 0.187500
vt 0.875000 0.125000
vt 0.875000 0.062500
vt 0.843750 0.937500
vt 0.843750 0.875000
vt 0.843750 0.812500
vt 0.843750 0.750000
vt 0.843750 0.687500
vt 0.843750 0.625000
vt 0.843750 0.562500
vt 0.843750 0.500000
vt 0.843750 0.437500
vt 0.843750 0.375000
vt 0.843750 0.312500
vt 0.843750 0.250000
vt 0.843750 0.187500
vt 0.843750 0.125000
vt 0.843750 0.062500
vt 0.812500 0.937500
vt 0.812500 0.875000
vt 0.812500 0.812500
vt 0.812500 0.750000
vt 0.812500 0.687500
vt 0.812500 0.625000
vt 0.812500 0.562500
vt 0.812500 0.500000
vt 0.812500 0.437500
vt 0.812500 0.375000
vt 0.812500 0.312500
vt 0.812500 0.250000
vt 0.812500 0.187500
vt 0.812500 0.125000
vt 0.812500 0.062500
vt 0.781250 0.937500
vt 0.781250 0.875000
vt 0.781250 0.812500
vt 0.781250 0.750000
vt 0.781250 0.687500
vt 0.781250 0.625000
vt 0.781250 0.562500
vt 0.781250 0.500000
vt 0.781250 0.437500
vt 0.781250 0.375000
vt 0.781250 0.312500
vt 0.781250 0.250000
vt 0.781250 0.187500
vt 0.781250 0.125000
vt 0.781250 0.062500
vt 0.750000 0.937500
vt 0.750000 0.875000
vt 0.750000 0.750000
vt 0.750000 0.625000
vt 0.750000 0.375000
vt 0.750000 0.250000
vt 0.750000 0.187500
vt 0.750000 0.125000
vt 0.750000 0.062500
s 1
usemtl マテリアル.001
f 4/4/1 15/15/2 5/5/3
f 475/552/4 7/7/5 8/8/6
f 478/555/7 15/15/2 16/16/8
f 1/1/9 8/8/6 9/9/10
f 478/555/7 17/17/11 6/6/12
f 476/553/13 9/9/10 10/10/14
f 6/6/12 18/18/15 479/556/16
f 2/2/17 10/10/14 11/11/18
f 479/556/16 19/19/19 480/557/20
f 477/554/21 11/11/18 12/12/22
f 480/557/20 20/20/23 481/558/24
f 3/3/25 12/12/22 13/13/26
f 481/558/24 21/21/27 482/559/28
f 3/3/25 14/14/29 4/4/1
f 474/551/30 82/82/31 7/7/5
f 308/339/32 482/559/28 21/21/27
f 20/20/23 36/36/33 21/21/27
f 14/14/29 28/28/34 29/29/35
f 7/7/5 82/83/31 22/22/36
f 308/340/32 21/21/27 36/36/33
f 14/14/29 30/30/37 15/15/2
f 8/8/6 22/22/36 23/23/38
f 15/15/2 31/31/39 16/16/8
f 8/8/6 24/24/40 9/9/10
f 17/17/11 31/31/39 32/32/41
f 9/9/10 25/25/42 10/10/14
f 18/18/15 32/32/41 33/33/43
f 10/10/14 26/26/44 11/11/18
f 19/19/19 33/33/43 34/34/45
f 11/11/18 27/27/46 12/12/22
f 19/19/19 35/35/47 20/20/23
f 13/13/26 27/27/46 28/28/34
f 32/32/41 48/48/48 33/33/43
f 25/25/42 41/41/49 26/26/44
f 34/34/45 48/48/48 49/49/50
f 26/26/44 42/42/51 27/27/46
f 34/34/45 50/50/52 35/35/47
f 28/28/34 42/42/51 43/43/53
f 36/36/33 50/50/52 51/51/54
f 29/29/35 43/43/53 44/44/55
f 22/22/36 82/84/31 37/37/56
f 308/341/32 36/36/33 51/51/54
f 29/29/35 45/45/57 30/30/37
f 22/22/36 38/38/58 23/23/38
f 30/30/37 46/46/59 31/31/39
f 24/24/40 38/38/58 39/39/60
f 32/32/41 46/46/59 47/47/61
f 24/24/40 40/40/62 25/25/42
f 37/37/56 82/85/31 52/52/63
f 308/342/32 51/51/54 66/66/64
f 44/44/55 60/60/65 45/45/57
f 37/37/56 53/53/66 38/38/58
f 45/45/57 61/61/67 46/46/59
f 38/38/58 54/54/68 39/39/60
f 47/47/61 61/61/67 62/62/69
f 39/39/60 55/55/70 40/40/62
f 48/48/48 62/62/69 63/63/71
f 40/40/62 56/56/72 41/41/49
f 49/49/50 63/63/71 64/64/73
f 41/41/49 57/57/74 42/42/51
f 50/50/52 64/64/73 65/65/75
f 43/43/53 57/57/74 58/58/76
f 51/51/54 65/65/75 66/66/64
f 44/44/55 58/58/76 59/59/77
f 56/56/72 70/70/78 71/71/79
f 64/64/73 78/78/80 79/79/81
f 56/56/72 72/72/82 57/57/74
f 64/64/73 80/80/83 65/65/75
f 58/58/76 72/72/82 73/73/84
f 66/66/64 80/80/83 81/81/85
f 59/59/77 73/73/84 74/74/86
f 52/52/63 82/86/31 67/67/87
f 308/343/32 66/66/64 81/81/85
f 59/59/77 75/75/88 60/60/65
f 52/52/63 68/68/89 53/53/66
f 60/60/65 76/76/90 61/61/67
f 54/54/68 68/68/89 69/69/91
f 62/62/69 76/76/90 77/77/92
f 54/54/68 70/70/78 55/55/70
f 62/62/69 78/78/80 63/63/71
f 74/74/86 91/122/93 75/75/88
f 67/67/87 84/115/94 68/68/89
f 75/75/88 92/123/95 76/76/90
f 68/68/89 85/116/96 69/69/91
f 77/77/92 92/123/95 93/124/97
f 69/69/91 86/117/98 70/70/78
f 77/77/92 94/125/99 78/78/80
f 71/71/79 86/117/98 87/118/100
f 79/79/81 94/125/99 95/126/101
f 71/71/79 88/119/102 72/72/82
f 80/80/83 95/126/101 96/127/103
f 73/73/84 88/119/102 89/120/104
f 81/81/85 96/127/103 97/128/105
f 74/74/86 89/120/104 90/121/106
f 67/67/87 82/87/31 83/114/107
f 308/344/32 81/81/85 97/128/105
f 95/126/101 109/140/108 110/141/109
f 87/118/100 103/134/110 88/119/102
f 95/126/101 111/142/111 96/127/103
f 89/120/104 103/134/110 104/135/112
f 96/127/103 112/143/113 97/128/105
f 90/121/106 104/135/112 105/136/114
f 83/114/107 82/88/31 98/129/115
f 308/345/32 97/128/105 112/143/113
f 90/121/106 106/137/116 91/122/93
f 84/115/94 98/129/115 99/130/117
f 91/122/93 107/138/118 92/123/95
f 85/116/96 99/130/117 100/131/119
f 93/124/97 107/138/118 108/139/120
f 85/116/96 101/132/121 86/117/98
f 93/124/97 109/140/108 94/125/99
f 87/118/100 101/132/121 102/133/122
f 98/129/115 114/145/123 99/130/117
f 106/137/116 122/153/124 107/138/118
f 99/130/117 115/146/125 100/131/119
f 108/139/120 122/153/124 123/154/126
f 100/131/119 116/147/127 101/132/121
f 108/139/120 124/155/128 109/140/108
f 102/133/122 116/147/127 117/148/129
f 110/141/109 124/155/128 125/156/130
f 102/133/122 118/149/131 103/134/110
f 111/142/111 125/156/130 126/157/132
f 104/135/112 118/149/131 119/150/133
f 112/143/113 126/157/132 127/158/134
f 105/136/114 119/150/133 120/151/135
f 98/129/115 82/89/31 113/144/136
f 308/346/32 112/143/113 127/158/134
f 105/136/114 121/152/137 106/137/116
f 117/148/129 133/164/138 118/149/131
f 125/156/130 141/172/139 126/157/132
f 119/150/133 133/164/138 134/165/140
f 126/157/132 142/173/141 127/158/134
f 120/151/135 134/165/140 135/166/142
f 113/144/136 82/90/31 128/159/143
f 308/347/32 127/158/134 142/173/141
f 120/151/135 136/167/144 121/152/137
f 113/144/136 129/160/145 114/145/123
f 121/152/137 137/168/146 122/153/124
f 115/146/125 129/160/145 130/161/147
f 123/154/126 137/168/146 138/169/148
f 115/146/125 131/162/149 116/147/127
f 123/154/126 139/170/150 124/155/128
f 117/148/129 131/162/149 132/163/151
f 125/156/130 139/170/150 140/171/152
f 136/167/144 152/183/153 137/168/146
f 129/160/145 145/176/154 130/161/147
f 138/169/148 152/183/153 153/184/155
f 130/161/147 146/177/156 131/162/149
f 138/169/148 154/185/157 139/170/150
f 132/163/151 146/177/156 147/178/158
f 140/171/152 154/185/157 155/186/159
f 132/163/151 148/179/160 133/164/138
f 141/172/139 155/186/159 156/187/161
f 134/165/140 148/179/160 149/180/162
f 141/172/139 157/188/163 142/173/141
f 135/166/142 149/180/162 150/181/164
f 128/159/143 82/91/31 143/174/165
f 308/348/32 142/173/141 157/188/163
f 135/166/142 151/182/166 136/167/144
f 129/160/145 143/174/165 144/175/167
f 156/187/161 170/201/168 171/202/169
f 149/180/162 163/194/170 164/195/171
f 157/188/163 171/202/169 172/203/172
f 150/181/164 164/195/171 165/196/173
f 143/174/165 82/92/31 158/189/174
f 308/349/32 157/188/163 172/203/172
f 150/181/164 166/197/175 151/182/166
f 143/174/165 159/190/176 144/175/167
f 151/182/166 167/198/177 152/183/153
f 144/175/167 160/191/178 145/176/154
f 153/184/155 167/198/177 168/199/179
f 145/176/154 161/192/180 146/177/156
f 153/184/155 169/200/181 154/185/157
f 147/178/158 161/192/180 162/193/182
f 155/186/159 169/200/181 170/201/168
f 147/178/158 163/194/170 148/179/160
f 168/199/179 182/213/183 183/214/184
f 160/191/178 176/207/185 161/192/180
f 168/199/179 184/215/186 169/200/181
f 161/192/180 177/208/187 162/193/182
f 170/201/168 184/215/186 185/216/188
f 162/193/182 178/209/189 163/194/170
f 170/201/168 186/217/190 171/202/169
f 164/195/171 178/209/189 179/210/191
f 172/203/172 186/217/190 187/218/192
f 165/196/173 179/210/191 180/211/193
f 158/189/174 82/93/31 173/204/194
f 308/350/32 172/203/172 187/218/192
f 165/196/173 181/212/195 166/197/175
f 158/189/174 174/205/196 159/190/176
f 166/197/175 182/213/183 167/198/177
f 160/191/178 174/205/196 175/206/197
f 186/217/190 202/233/198 187/218/192
f 180/211/193 194/225/199 195/226/200
f 173/204/194 82/94/31 188/219/201
f 308/351/32 187/218/192 202/233/198
f 180/211/193 196/227/202 181/212/195
f 174/205/196 188/219/201 189/220/203
f 181/212/195 197/228/204 182/213/183
f 175/206/197 189/220/203 190/221/205
f 183/214/184 197/228/204 198/229/206
f 176/207/185 190/221/205 191/222/207
f 183/214/184 199/230/208 184/215/186
f 177/208/187 191/222/207 192/223/209
f 184/215/186 200/231/210 185/216/188
f 177/208/187 193/224/211 178/209/189
f 185/216/188 201/232/212 186/217/190
f 179/210/191 193/224/211 194/225/199
f 190/221/205 206/237/213 191/222/207
f 198/229/206 214/245/214 199/230/208
f 192/223/209 206/237/213 207/238/215
f 200/231/210 214/245/214 215/246/216
f 192/223/209 208/239/217 193/224/211
f 201/232/212 215/246/216 216/247/218
f 194/225/199 208/239/217 209/240/219
f 201/232/212 217/248/220 202/233/198
f 195/226/200 209/240/219 210/241/221
f 188/219/201 82/95/31 203/234/222
f 308/352/32 202/233/198 217/248/220
f 195/226/200 211/242/223 196/227/202
f 188/219/201 204/235/224 189/220/203
f 196/227/202 212/243/225 197/228/204
f 189/220/203 205/236/226 190/221/205
f 198/229/206 212/243/225 213/244/227
f 210/241/221 224/255/228 225/256/229
f 203/234/222 82/96/31 218/249/230
f 308/353/32 217/248/220 232/263/231
f 210/241/221 226/257/232 211/242/223
f 203/234/222 219/250/233 204/235/224
f 211/242/223 227/258/234 212/243/225
f 205/236/226 219/250/233 220/251/235
f 213/244/227 227/258/234 228/259/236
f 205/236/226 221/252/237 206/237/213
f 214/245/214 228/259/236 229/260/238
f 206/237/213 222/253/239 207/238/215
f 215/246/216 229/260/238 230/261/240
f 207/238/215 223/254/241 208/239/217
f 215/246/216 231/262/242 216/247/218
f 209/240/219 223/254/241 224/255/228
f 217/248/220 231/262/242 232/263/231
f 228/259/236 244/275/243 229/260/238
f 222/253/239 236/267/244 237/268/245
f 230/261/240 244/275/243 245/276/246
f 222/253/239 238/269/247 223/254/241
f 231/262/242 245/276/246 246/277/248
f 224/255/228 238/269/247 239/270/249
f 232/263/231 246/277/248 247/278/250
f 225/256/229 239/270/249 240/271/251
f 218/249/230 82/97/31 233/264/252
f 308/354/32 232/263/231 247/278/250
f 225/256/229 241/272/253 226/257/232
f 218/249/230 234/265/254 219/250/233
f 226/257/232 242/273/255 227/258/234
f 219/250/233 235/266/256 220/251/235
f 228/259/236 242/273/255 243/274/257
f 220/251/235 236/267/244 221/252/237
f 233/264/252 82/98/31 248/279/258
f 308/355/32 247/278/250 262/293/259
f 240/271/251 256/287/260 241/272/253
f 234/265/254 248/279/258 249/280/261
f 241/272/253 257/288/262 242/273/255
f 235/266/256 249/280/261 250/281/263
f 243/274/257 257/288/262 258/289/264
f 236/267/244 250/281/263 251/282/265
f 243/274/257 259/290/266 244/275/243
f 237/268/245 251/282/265 252/283/267
f 244/275/243 260/291/268 245/276/246
f 237/268/245 253/284/269 238/269/247
f 245/276/246 261/292/270 246/277/248
f 239/270/249 253/284/269 254/285/271
f 246/277/248 262/293/259 247/278/250
f 240/271/251 254/285/271 255/286/272
f 252/283/267 266/297/273 267/298/274
f 260/291/268 274/305/275 275/306/276
f 252/283/267 268/299/277 253/284/269
f 261/292/270 275/306/276 276/307/278
f 254/285/271 268/299/277 269/300/279
f 262/293/259 276/307/278 277/308/280
f 255/286/272 269/300/279 270/301/281
f 248/279/258 82/99/31 263/294/282
f 308/356/32 262/293/259 277/308/280
f 255/286/272 271/302/283 256/287/260
f 248/279/258 264/295/284 249/280/261
f 256/287/260 272/303/285 257/288/262
f 249/280/261 265/296/286 250/281/263
f 258/289/264 272/303/285 273/304/287
f 250/281/263 266/297/273 251/282/265
f 258/289/264 274/305/275 259/290/266
f 270/301/281 286/317/288 271/302/283
f 264/295/284 278/309/289 279/310/290
f 271/302/283 287/318/291 272/303/285
f 264/295/284 280/311/292 265/296/286
f 273/304/287 287/318/291 288/319/293
f 265/296/286 281/312/294 266/297/273
f 274/305/275 288/319/293 289/320/295
f 266/297/273 282/313/296 267/298/274
f 275/306/276 289/320/295 290/321/297
f 267/298/274 283/314/298 268/299/277
f 276/307/278 290/321/297 291/322/299
f 269/300/279 283/314/298 284/315/300
f 276/307/278 292/323/301 277/308/280
f 270/301/281 284/315/300 285/316/302
f 263/294/282 82/100/31 278/309/289
f 308/357/32 277/308/280 292/323/301
f 290/321/297 304/335/303 305/336/304
f 282/313/296 298/329/305 283/314/298
f 290/321/297 306/337/306 291/322/299
f 284/315/300 298/329/305 299/330/307
f 292/323/301 306/337/306 307/338/308
f 285/316/302 299/330/307 300/331/309
f 278/309/289 82/101/31 293/324/310
f 308/358/32 292/323/301 307/338/308
f 285/316/302 301/332/311 286/317/288
f 278/309/289 294/325/312 279/310/290
f 286/317/288 302/333/313 287/318/291
f 280/311/292 294/325/312 295/326/314
f 288/319/293 302/333/313 303/334/315
f 280/311/292 296/327/316 281/312/294
f 289/320/295 303/334/315 304/335/303
f 281/312/294 297/328/317 282/313/296
f 301/332/311 318/380/318 302/333/313
f 295/326/314 310/372/319 311/373/320
f 302/333/313 319/381/321 303/334/315
f 295/326/314 312/374/322 296/327/316
f 303/334/315 320/382/323 304/335/303
f 296/327/316 313/375/324 297/328/317
f 305/336/304 320/382/323 321/383/325
f 297/328/317 314/376/326 298/329/305
f 305/336/304 322/384/327 306/337/306
f 299/330/307 314/376/326 315/377/328
f 306/337/306 323/385/329 307/338/308
f 300/331/309 315/377/328 316/378/330
f 293/324/310 82/102/31 309/371/331
f 308/359/32 307/338/308 323/385/329
f 300/331/309 317/379/332 301/332/311
f 293/324/310 310/372/319 294/325/312
f 321/383/325 337/399/333 322/384/327
f 315/377/328 329/391/334 330/392/335
f 323/385/329 337/399/333 338/400/336
f 316/378/330 330/392/335 331/393/337
f 309/371/331 82/103/31 324/386/338
f 308/360/32 323/385/329 338/400/336
f 316/378/330 332/394/339 317/379/332
f 310/372/319 324/386/338 325/387/340
f 317/379/332 333/395/341 318/380/318
f 311/373/320 325/387/340 326/388/342
f 319/381/321 333/395/341 334/396/343
f 311/373/320 327/389/344 312/374/322
f 319/381/321 335/397/345 320/382/323
f 312/374/322 328/390/346 313/375/324
f 320/382/323 336/398/347 321/383/325
f 313/375/324 329/391/334 314/376/326
f 325/387/340 341/403/348 326/388/342
f 334/396/343 348/410/349 349/411/350
f 326/388/342 342/404/351 327/389/344
f 334/396/343 350/412/352 335/397/345
f 328/390/346 342/404/351 343/405/353
f 336/398/347 350/412/352 351/413/354
f 328/390/346 344/406/355 329/391/334
f 337/399/333 351/413/354 352/414/356
f 330/392/335 344/406/355 345/407/357
f 337/399/333 353/415/358 338/400/336
f 331/393/337 345/407/357 346/408/359
f 324/386/338 82/104/31 339/401/360
f 308/361/32 338/400/336 353/415/358
f 331/393/337 347/409/361 332/394/339
f 325/387/340 339/401/360 340/402/362
f 332/394/339 348/410/349 333/395/341
f 345/407/357 359/426/363 360/428/364
f 352/414/356 368/445/365 353/415/358
f 346/408/359 360/428/364 361/430/366
f 339/401/360 82/105/31 354/416/367
f 308/362/32 353/415/358 368/445/365
f 346/408/359 362/432/368 347/409/361
f 339/401/360 355/418/369 340/402/362
f 347/409/361 363/434/370 348/410/349
f 341/403/348 355/418/369 356/420/371
f 349/411/350 363/434/370 364/436/372
f 341/403/348 357/422/373 342/404/351
f 349/411/350 365/438/374 350/412/352
f 343/405/353 357/422/373 358/424/375
f 351/413/354 365/438/374 366/440/376
f 343/405/353 359/426/363 344/406/355
f 351/413/354 367/442/377 352/414/356
f 364/437/372 378/455/378 379/456/379
f 356/421/371 372/449/380 357/423/373
f 364/437/372 380/457/381 365/439/374
f 358/425/375 372/449/380 373/450/382
f 366/441/376 380/457/381 381/458/383
f 358/425/375 374/451/384 359/427/363
f 366/441/376 382/459/385 367/443/377
f 360/429/364 374/451/384 375/452/386
f 367/443/377 383/460/387 368/444/365
f 361/431/366 375/452/386 376/453/388
f 354/417/367 82/106/31 369/446/389
f 308/363/32 368/444/365 383/460/387
f 361/431/366 377/454/390 362/433/368
f 354/417/367 370/447/391 355/419/369
f 362/433/368 378/455/378 363/435/370
f 356/421/371 370/447/391 371/448/392
f 383/460/387 397/474/393 398/475/394
f 376/453/388 390/467/395 391/468/396
f 369/446/389 82/107/31 384/461/397
f 308/364/32 383/460/387 398/475/394
f 376/453/388 392/469/398 377/454/390
f 369/446/389 385/462/399 370/447/391
f 377/454/390 393/470/400 378/455/378
f 371/448/392 385/462/399 386/463/401
f 379/456/379 393/470/400 394/471/402
f 371/448/392 387/464/403 372/449/380
f 379/456/379 395/472/404 380/457/381
f 373/450/382 387/464/403 388/465/405
f 381/458/383 395/472/404 396/473/406
f 373/450/382 389/466/407 374/451/384
f 381/458/383 397/474/393 382/459/385
f 375/452/386 389/466/407 390/467/395
f 386/463/401 402/479/408 387/464/403
f 394/471/402 410/487/409 395/472/404
f 388/465/405 402/479/408 403/480/410
f 396/473/406 410/487/409 411/488/411
f 388/465/405 404/481/412 389/466/407
f 396/473/406 412/489/413 397/474/393
f 390/467/395 404/481/412 405/482/414
f 398/475/394 412/489/413 413/490/415
f 391/468/396 405/482/414 406/483/416
f 384/461/397 82/108/31 399/476/417
f 308/365/32 398/475/394 413/490/415
f 391/468/396 407/484/418 392/469/398
f 384/461/397 400/477/419 385/462/399
f 392/469/398 408/485/420 393/470/400
f 386/463/401 400/477/419 401/478/421
f 394/471/402 408/485/420 409/486/422
f 406/483/416 420/497/423 421/498/424
f 399/476/417 82/109/31 414/491/425
f 308/366/32 413/490/415 428/505/426
f 406/483/416 422/499/427 407/484/418
f 400/477/419 414/491/425 415/492/428
f 407/484/418 423/500/429 408/485/420
f 401/478/421 415/492/428 416/493/430
f 409/486/422 423/500/429 424/501/431
f 401/478/421 417/494/432 402/479/408
f 409/486/422 425/502/433 410/487/409
f 403/480/410 417/494/432 418/495/434
f 411/488/411 425/502/433 426/503/435
f 403/480/410 419/496/436 404/481/412
f 411/488/411 427/504/437 412/489/413
f 405/482/414 419/496/436 420/497/423
f 412/489/413 428/505/426 413/490/415
f 424/501/431 440/517/438 425/502/433
f 418/495/434 432/509/439 433/510/440
f 426/503/435 440/517/438 441/518/441
f 418/495/434 434/511/442 419/496/436
f 426/503/435 442/519/443 427/504/437
f 420/497/423 434/511/442 435/512/444
f 428/505/426 442/519/443 443/520/445
f 421/498/424 435/512/444 436/513/446
f 414/491/425 82/110/31 429/506/447
f 308/367/32 428/505/426 443/520/445
f 421/498/424 437/514/448 422/499/427
f 414/491/425 430/507/449 415/492/428
f 422/499/427 438/515/450 423/500/429
f 416/493/430 430/507/449 431/508/451
f 424/501/431 438/515/450 439/516/452
f 416/493/430 432/509/439 417/494/432
f 308/368/32 443/520/445 458/535/453
f 436/513/446 452/529/454 437/514/448
f 430/507/449 444/521/455 445/522/456
f 437/514/448 453/530/457 438/515/450
f 431/508/451 445/522/456 446/523/458
f 439/516/452 453/530/457 454/531/459
f 431/508/451 447/524/460 432/509/439
f 439/516/452 455/532/461 440/517/438
f 433/510/440 447/524/460 448/525/462
f 441/518/441 455/532/461 456/533/463
f 433/510/440 449/526/464 434/511/442
f 441/518/441 457/534/465 442/519/443
f 435/512/444 449/526/464 450/527/466
f 442/519/443 458/535/453 443/520/445
f 436/513/446 450/527/466 451/528/467
f 429/506/447 82/111/31 444/521/455
f 456/533/463 470/547/468 471/548/469
f 448/525/462 464/541/470 449/526/464
f 456/533/463 472/549/471 457/534/465
f 449/526/464 465/542/472 450/527/466
f 458/535/453 472/549/471 473/550/473
f 451/528/467 465/542/472 466/543/474
f 444/521/455 82/112/31 459/536/475
f 308/369/32 458/535/453 473/550/473
f 451/528/467 467/544/476 452/529/454
f 444/521/455 460/537/477 445/522/456
f 452/529/454 468/545/478 453/530/457
f 446/523/458 460/537/477 461/538/479
f 454/531/459 468/545/478 469/546/480
f 446/523/458 462/539/481 447/524/460
f 454/531/459 470/547/468 455/532/461
f 448/525/462 462/539/481 463/540/482
f 460/537/477 474/551/30 475/552/4
f 467/544/476 478/555/7 468/545/478
f 461/538/479 475/552/4 1/1/9
f 468/545/478 6/6/12 469/546/480
f 462/539/481 1/1/9 476/553/13
f 469/546/480 479/556/16 470/547/468
f 463/540/482 476/553/13 2/2/17
f 471/548/469 479/556/16 480/557/20
f 464/541/470 2/2/17 477/554/21
f 471/548/469 481/558/24 472/549/471
f 465/542/472 477/554/21 3/3/25
f 472/549/471 482/559/28 473/550/473
f 466/543/474 3/3/25 4/4/1
f 459/536/475 82/113/31 474/551/30
f 308/370/32 473/550/473 482/559/28
f 466/543/474 5/5/3 467/544/476
f 486/563/1 497/574/2 487/564/3
f 957/1111/4 489/566/5 490/567/6
f 960/1114/7 497/574/2 498/575/8
f 483/560/9 490/567/6 491/568/10
f 960/1114/7 499/576/11 488/565/12
f 958/1112/13 491/568/10 492/569/14
f 488/565/12 500/577/15 961/1115/16
f 484/561/17 492/569/14 493/570/18
f 961/1115/16 501/578/19 962/1116/20
f 959/1113/21 493/570/18 494/571/22
f 962/1116/20 502/579/23 963/1117/24
f 485/562/25 494/571/22 495/572/26
f 963/1117/24 503/580/27 964/1118/28
f 485/562/25 496/573/29 486/563/1
f 956/1110/30 564/641/31 489/566/5
f 790/898/32 964/1118/28 503/580/27
f 502/579/23 518/595/33 503/580/27
f 496/573/29 510/587/34 511/588/35
f 489/566/5 564/642/31 504/581/36
f 790/899/32 503/580/27 518/595/33
f 496/573/29 512/589/37 497/574/2
f 490/567/6 504/581/36 505/582/38
f 497/574/2 513/590/39 498/575/8
f 490/567/6 506/583/40 491/568/10
f 498/575/8 514/591/41 499/576/11
f 491/568/10 507/584/42 492/569/14
f 500/577/15 514/591/41 515/592/43
f 492/569/14 508/585/44 493/570/18
f 501/578/19 515/592/43 516/593/45
f 494/571/22 508/585/44 509/586/46
f 502/579/23 516/593/45 517/594/47
f 495/572/26 509/586/46 510/587/34
f 515/592/43 529/606/61 530/607/48
f 507/584/42 523/600/49 508/585/44
f 516/593/45 530/607/48 531/608/50
f 508/585/44 524/601/51 509/586/46
f 517/594/47 531/608/50 532/609/52
f 510/587/34 524/601/51 525/602/53
f 517/594/47 533/610/54 518/595/33
f 511/588/35 525/602/53 526/603/55
f 504/581/36 564/643/31 519/596/56
f 790/900/32 518/595/33 533/610/54
f 511/588/35 527/604/57 512/589/37
f 504/581/36 520/597/58 505/582/38
f 512/589/37 528/605/59 513/590/39
f 505/582/38 521/598/60 506/583/40
f 514/591/41 528/605/59 529/606/61
f 506/583/40 522/599/62 507/584/42
f 519/596/56 564/644/31 534/611/63
f 790/901/32 533/610/54 548/625/64
f 526/603/55 542/619/65 527/604/57
f 519/596/56 535/612/66 520/597/58
f 527/604/57 543/620/67 528/605/59
f 521/598/60 535/612/66 536/613/68
f 529/606/61 543/620/67 544/621/69
f 521/598/60 537/614/70 522/599/62
f 529/606/61 545/622/71 530/607/48
f 523/600/49 537/614/70 538/615/72
f 531/608/50 545/622/71 546/623/73
f 523/600/49 539/616/74 524/601/51
f 531/608/50 547/624/75 532/609/52
f 525/602/53 539/616/74 540/617/76
f 533/610/54 547/624/75 548/625/64
f 526/603/55 540/617/76 541/618/77
f 538/615/72 552/629/78 553/630/79
f 546/623/73 560/637/80 561/638/81
f 538/615/72 554/631/82 539/616/74
f 546/623/73 562/639/83 547/624/75
f 540/617/76 554/631/82 555/632/84
f 547/624/75 563/640/85 548/625/64
f 541/618/77 555/632/84 556/633/86
f 534/611/63 564/645/31 549/626/483
f 790/902/32 548/625/64 563/640/85
f 541/618/77 557/634/88 542/619/65
f 535/612/66 549/626/483 550/627/89
f 542/619/65 558/635/90 543/620/67
f 536/613/68 550/627/89 551/628/91
f 544/621/69 558/635/90 559/636/92
f 536/613/68 552/629/78 537/614/70
f 544/621/69 560/637/80 545/622/71
f 557/634/88 572/680/106 573/681/93
f 549/626/483 566/674/94 550/627/89
f 557/634/88 574/682/95 558/635/90
f 550/627/89 567/675/96 551/628/91
f 559/636/92 574/682/95 575/683/97
f 551/628/91 568/676/98 552/629/78
f 560/637/80 575/683/97 576/684/99
f 552/629/78 569/677/100 553/630/79
f 561/638/81 576/684/99 577/685/101
f 553/630/79 570/678/102 554/631/82
f 562/639/83 577/685/101 578/686/103
f 555/632/84 570/678/102 571/679/104
f 563/640/85 578/686/103 579/687/105
f 555/632/84 572/680/106 556/633/86
f 549/626/483 564/646/31 565/673/107
f 790/903/32 563/640/85 579/687/105
f 577/685/101 591/699/108 592/700/109
f 569/677/100 585/693/110 570/678/102
f 577/685/101 593/701/111 578/686/103
f 571/679/104 585/693/110 586/694/112
f 578/686/103 594/702/113 579/687/105
f 572/680/106 586/694/112 587/695/114
f 565/673/107 564/647/31 580/688/115
f 790/904/32 579/687/105 594/702/113
f 572/680/106 588/696/116 573/681/93
f 566/674/94 580/688/115 581/689/117
f 573/681/93 589/697/118 574/682/95
f 567/675/96 581/689/117 582/690/119
f 575/683/97 589/697/118 590/698/120
f 567/675/96 583/691/121 568/676/98
f 575/683/97 591/699/108 576/684/99
f 569/677/100 583/691/121 584/692/122
f 580/688/115 596/704/123 581/689/117
f 588/696/116 604/712/124 589/697/118
f 581/689/117 597/705/125 582/690/119
f 590/698/120 604/712/124 605/713/126
f 582/690/119 598/706/127 583/691/121
f 590/698/120 606/714/128 591/699/108
f 584/692/122 598/706/127 599/707/129
f 592/700/109 606/714/128 607/715/130
f 584/692/122 600/708/131 585/693/110
f 593/701/111 607/715/130 608/716/132
f 586/694/112 600/708/131 601/709/133
f 594/702/113 608/716/132 609/717/134
f 587/695/114 601/709/133 602/710/135
f 580/688/115 564/648/31 595/703/136
f 790/905/32 594/702/113 609/717/134
f 587/695/114 603/711/137 588/696/116
f 599/707/129 615/723/138 600/708/131
f 607/715/130 623/731/139 608/716/132
f 601/709/133 615/723/138 616/724/140
f 608/716/132 624/732/141 609/717/134
f 602/710/135 616/724/140 617/725/142
f 595/703/136 564/649/31 610/718/143
f 790/906/32 609/717/134 624/732/141
f 602/710/135 618/726/144 603/711/137
f 595/703/136 611/719/145 596/704/123
f 603/711/137 619/727/146 604/712/124
f 597/705/125 611/719/145 612/720/147
f 605/713/126 619/727/146 620/728/148
f 597/705/125 613/721/149 598/706/127
f 605/713/126 621/729/150 606/714/128
f 599/707/129 613/721/149 614/722/151
f 607/715/130 621/729/150 622/730/152
f 618/726/144 634/742/153 619/727/146
f 611/719/145 627/735/154 612/720/147
f 620/728/148 634/742/153 635/743/155
f 612/720/147 628/736/156 613/721/149
f 620/728/148 636/744/157 621/729/150
f 614/722/151 628/736/156 629/737/158
f 622/730/152 636/744/157 637/745/159
f 614/722/151 630/738/160 615/723/138
f 622/730/152 638/746/161 623/731/139
f 616/724/140 630/738/160 631/739/162
f 623/731/139 639/747/163 624/732/141
f 617/725/142 631/739/162 632/740/164
f 610/718/143 564/650/31 625/733/165
f 790/907/32 624/732/141 639/747/163
f 617/725/142 633/741/166 618/726/144
f 611/719/145 625/733/165 626/734/167
f 638/746/161 652/760/168 653/761/169
f 631/739/162 645/753/170 646/754/171
f 639/747/163 653/761/169 654/762/172
f 632/740/164 646/754/171 647/755/173
f 625/733/165 564/651/31 640/748/174
f 790/908/32 639/747/163 654/762/172
f 632/740/164 648/756/175 633/741/166
f 625/733/165 641/749/176 626/734/167
f 633/741/166 649/757/177 634/742/153
f 626/734/167 642/750/178 627/735/154
f 635/743/155 649/757/177 650/758/179
f 627/735/154 643/751/180 628/736/156
f 635/743/155 651/759/181 636/744/157
f 629/737/158 643/751/180 644/752/182
f 637/745/159 651/759/181 652/760/168
f 629/737/158 645/753/170 630/738/160
f 650/758/179 664/772/183 665/773/184
f 642/750/178 658/766/185 643/751/180
f 650/758/179 666/774/186 651/759/181
f 644/752/182 658/766/185 659/767/187
f 652/760/168 666/774/186 667/775/188
f 644/752/182 660/768/189 645/753/170
f 653/761/169 667/775/188 668/776/190
f 646/754/171 660/768/189 661/769/191
f 653/761/169 669/777/192 654/762/172
f 647/755/173 661/769/191 662/770/193
f 640/748/174 564/652/31 655/763/194
f 790/909/32 654/762/172 669/777/192
f 647/755/173 663/771/195 648/756/175
f 641/749/176 655/763/194 656/764/196
f 648/756/175 664/772/183 649/757/177
f 641/749/176 657/765/197 642/750/178
f 668/776/190 684/792/198 669/777/192
f 662/770/193 676/784/199 677/785/200
f 655/763/194 564/653/31 670/778/201
f 790/910/32 669/777/192 684/792/198
f 662/770/193 678/786/202 663/771/195
f 655/763/194 671/779/203 656/764/196
f 663/771/195 679/787/204 664/772/183
f 657/765/197 671/779/203 672/780/205
f 665/773/184 679/787/204 680/788/206
f 657/765/197 673/781/207 658/766/185
f 665/773/184 681/789/208 666/774/186
f 659/767/187 673/781/207 674/782/209
f 667/775/188 681/789/208 682/790/210
f 659/767/187 675/783/211 660/768/189
f 667/775/188 683/791/212 668/776/190
f 661/769/191 675/783/211 676/784/199
f 672/780/205 688/796/213 673/781/207
f 680/788/206 696/804/214 681/789/208
f 674/782/209 688/796/213 689/797/215
f 682/790/210 696/804/214 697/805/216
f 674/782/209 690/798/217 675/783/211
f 683/791/212 697/805/216 698/806/218
f 676/784/199 690/798/217 691/799/219
f 684/792/198 698/806/218 699/807/220
f 677/785/200 691/799/219 692/800/221
f 670/778/201 564/654/31 685/793/222
f 790/911/32 684/792/198 699/807/220
f 677/785/200 693/801/223 678/786/202
f 670/778/201 686/794/224 671/779/203
f 678/786/202 694/802/225 679/787/204
f 671/779/203 687/795/226 672/780/205
f 680/788/206 694/802/225 695/803/227
f 692/800/221 706/814/228 707/815/229
f 685/793/222 564/655/31 700/808/230
f 790/912/32 699/807/220 714/822/231
f 692/800/221 708/816/232 693/801/223
f 686/794/224 700/808/230 701/809/233
f 693/801/223 709/817/234 694/802/225
f 687/795/226 701/809/233 702/810/235
f 695/803/227 709/817/234 710/818/236
f 687/795/226 703/811/237 688/796/213
f 695/803/227 711/819/238 696/804/214
f 688/796/213 704/812/239 689/797/215
f 697/805/216 711/819/238 712/820/240
f 689/797/215 705/813/241 690/798/217
f 697/805/216 713/821/242 698/806/218
f 691/799/219 705/813/241 706/814/228
f 698/806/218 714/822/231 699/807/220
f 710/818/236 726/834/243 711/819/238
f 704/812/239 718/826/244 719/827/245
f 712/820/240 726/834/243 727/835/246
f 704/812/239 720/828/247 705/813/241
f 713/821/242 727/835/246 728/836/248
f 706/814/228 720/828/247 721/829/249
f 714/822/231 728/836/248 729/837/250
f 707/815/229 721/829/249 722/830/251
f 700/808/230 564/656/31 715/823/252
f 790/913/32 714/822/231 729/837/250
f 707/815/229 723/831/253 708/816/232
f 700/808/230 716/824/254 701/809/233
f 708/816/232 724/832/255 709/817/234
f 701/809/233 717/825/256 702/810/235
f 710/818/236 724/832/255 725/833/257
f 702/810/235 718/826/244 703/811/237
f 715/823/252 564/657/31 730/838/258
f 790/914/32 729/837/250 744/852/259
f 722/830/251 738/846/260 723/831/253
f 716/824/254 730/838/258 731/839/261
f 723/831/253 739/847/262 724/832/255
f 717/825/256 731/839/261 732/840/263
f 725/833/257 739/847/262 740/848/264
f 717/825/256 733/841/265 718/826/244
f 725/833/257 741/849/266 726/834/243
f 719/827/245 733/841/265 734/842/267
f 727/835/246 741/849/266 742/850/268
f 719/827/245 735/843/269 720/828/247
f 727/835/246 743/851/270 728/836/248
f 721/829/249 735/843/269 736/844/271
f 728/836/248 744/852/259 729/837/250
f 722/830/251 736/844/271 737/845/272
f 734/842/267 748/856/273 749/857/274
f 742/850/268 756/864/275 757/865/276
f 734/842/267 750/858/277 735/843/269
f 742/850/268 758/866/278 743/851/270
f 736/844/271 750/858/277 751/859/279
f 743/851/270 759/867/280 744/852/259
f 737/845/272 751/859/279 752/860/281
f 730/838/258 564/658/31 745/853/282
f 790/915/32 744/852/259 759/867/280
f 737/845/272 753/861/283 738/846/260
f 731/839/261 745/853/282 746/854/284
f 738/846/260 754/862/285 739/847/262
f 731/839/261 747/855/286 732/840/263
f 740/848/264 754/862/285 755/863/287
f 732/840/263 748/856/273 733/841/265
f 740/848/264 756/864/275 741/849/266
f 752/860/281 768/876/288 753/861/283
f 745/853/282 761/869/290 746/854/284
f 753/861/283 769/877/291 754/862/285
f 747/855/286 761/869/290 762/870/292
f 755/863/287 769/877/291 770/878/293
f 747/855/286 763/871/294 748/856/273
f 756/864/275 770/878/293 771/879/295
f 749/857/274 763/871/294 764/872/296
f 757/865/276 771/879/295 772/880/297
f 749/857/274 765/873/298 750/858/277
f 757/865/276 773/881/299 758/866/278
f 751/859/279 765/873/298 766/874/300
f 759/867/280 773/881/299 774/882/301
f 752/860/281 766/874/300 767/875/302
f 745/853/282 564/659/31 760/868/289
f 790/916/32 759/867/280 774/882/301
f 772/880/297 786/894/303 787/895/304
f 764/872/296 780/888/305 765/873/298
f 773/881/299 787/895/304 788/896/306
f 766/874/300 780/888/305 781/889/307
f 774/882/301 788/896/306 789/897/308
f 767/875/302 781/889/307 782/890/309
f 760/868/289 564/660/31 775/883/310
f 790/917/32 774/882/301 789/897/308
f 767/875/302 783/891/311 768/876/288
f 760/868/289 776/884/312 761/869/290
f 768/876/288 784/892/313 769/877/291
f 761/869/290 777/885/314 762/870/292
f 770/878/293 784/892/313 785/893/315
f 762/870/292 778/886/316 763/871/294
f 771/879/295 785/893/315 786/894/303
f 763/871/294 779/887/317 764/872/296
f 783/891/311 800/939/318 784/892/313
f 777/885/314 792/931/319 793/932/320
f 785/893/315 800/939/318 801/940/321
f 777/885/314 794/933/322 778/886/316
f 785/893/315 802/941/323 786/894/303
f 779/887/317 794/933/322 795/934/324
f 787/895/304 802/941/323 803/942/325
f 779/887/317 796/935/326 780/888/305
f 787/895/304 804/943/327 788/896/306
f 781/889/307 796/935/326 797/936/328
f 788/896/306 805/944/329 789/897/308
f 782/890/309 797/936/328 798/937/330
f 775/883/310 564/661/31 791/930/331
f 790/918/32 789/897/308 805/944/329
f 782/890/309 799/938/332 783/891/311
f 775/883/310 792/931/319 776/884/312
f 803/942/325 819/958/333 804/943/327
f 797/936/328 811/950/334 812/951/335
f 805/944/329 819/958/333 820/959/336
f 798/937/330 812/951/335 813/952/337
f 791/930/331 564/662/31 806/945/338
f 790/919/32 805/944/329 820/959/336
f 798/937/330 814/953/339 799/938/332
f 792/931/319 806/945/338 807/946/340
f 799/938/332 815/954/341 800/939/318
f 793/932/320 807/946/340 808/947/342
f 801/940/321 815/954/341 816/955/343
f 793/932/320 809/948/344 794/933/322
f 801/940/321 817/956/345 802/941/323
f 795/934/324 809/948/344 810/949/346
f 803/942/325 817/956/345 818/957/347
f 795/934/324 811/950/334 796/935/326
f 808/947/342 822/961/362 823/962/348
f 816/955/343 830/969/349 831/970/350
f 808/947/342 824/963/351 809/948/344
f 816/955/343 832/971/352 817/956/345
f 810/949/346 824/963/351 825/964/353
f 818/957/347 832/971/352 833/972/354
f 810/949/346 826/965/355 811/950/334
f 818/957/347 834/973/356 819/958/333
f 812/951/335 826/965/355 827/966/357
f 819/958/333 835/974/358 820/959/336
f 813/952/337 827/966/357 828/967/359
f 806/945/338 564/663/31 821/960/360
f 790/920/32 820/959/336 835/974/358
f 813/952/337 829/968/361 814/953/339
f 807/946/340 821/960/360 822/961/362
f 814/953/339 830/969/349 815/954/341
f 827/966/357 841/985/363 842/987/364
f 834/973/356 850/1004/365 835/974/358
f 828/967/359 842/987/364 843/989/366
f 821/960/360 564/664/31 836/975/367
f 790/921/32 835/974/358 850/1004/365
f 828/967/359 844/991/368 829/968/361
f 821/960/360 837/977/369 822/961/362
f 829/968/361 845/993/370 830/969/349
f 823/962/348 837/977/369 838/979/371
f 831/970/350 845/993/370 846/995/372
f 823/962/348 839/981/373 824/963/351
f 831/970/350 847/997/374 832/971/352
f 825/964/353 839/981/373 840/983/375
f 833/972/354 847/997/374 848/999/376
f 825/964/353 841/985/363 826/965/355
f 833/972/354 849/1001/377 834/973/356
f 846/996/372 860/1014/378 861/1015/379
f 838/980/371 854/1008/380 839/982/373
f 846/996/372 862/1016/381 847/998/374
f 840/984/375 854/1008/380 855/1009/382
f 848/1000/376 862/1016/381 863/1017/383
f 840/984/375 856/1010/384 841/986/363
f 848/1000/376 864/1018/385 849/1002/377
f 842/988/364 856/1010/384 857/1011/386
f 849/1002/377 865/1019/387 850/1003/365
f 843/990/366 857/1011/386 858/1012/388
f 836/976/367 564/665/31 851/1005/389
f 790/922/32 850/1003/365 865/1019/387
f 843/990/366 859/1013/390 844/992/368
f 836/976/367 852/1006/391 837/978/369
f 844/992/368 860/1014/378 845/994/370
f 838/980/371 852/1006/391 853/1007/392
f 865/1019/387 879/1033/393 880/1034/394
f 858/1012/388 872/1026/395 873/1027/396
f 851/1005/389 564/666/31 866/1020/397
f 790/923/32 865/1019/387 880/1034/394
f 858/1012/388 874/1028/398 859/1013/390
f 851/1005/389 867/1021/399 852/1006/391
f 859/1013/390 875/1029/400 860/1014/378
f 853/1007/392 867/1021/399 868/1022/401
f 861/1015/379 875/1029/400 876/1030/402
f 853/1007/392 869/1023/403 854/1008/380
f 861/1015/379 877/1031/404 862/1016/381
f 855/1009/382 869/1023/403 870/1024/405
f 863/1017/383 877/1031/404 878/1032/406
f 855/1009/382 871/1025/407 856/1010/384
f 863/1017/383 879/1033/393 864/1018/385
f 857/1011/386 871/1025/407 872/1026/395
f 868/1022/401 884/1038/408 869/1023/403
f 876/1030/402 892/1046/409 877/1031/404
f 870/1024/405 884/1038/408 885/1039/410
f 878/1032/406 892/1046/409 893/1047/411
f 870/1024/405 886/1040/412 871/1025/407
f 878/1032/406 894/1048/413 879/1033/393
f 872/1026/395 886/1040/412 887/1041/414
f 880/1034/394 894/1048/413 895/1049/415
f 873/1027/396 887/1041/414 888/1042/416
f 866/1020/397 564/667/31 881/1035/417
f 790/924/32 880/1034/394 895/1049/415
f 873/1027/396 889/1043/418 874/1028/398
f 866/1020/397 882/1036/419 867/1021/399
f 874/1028/398 890/1044/420 875/1029/400
f 868/1022/401 882/1036/419 883/1037/421
f 876/1030/402 890/1044/420 891/1045/422
f 888/1042/416 902/1056/423 903/1057/424
f 881/1035/417 564/668/31 896/1050/425
f 790/925/32 895/1049/415 910/1064/426
f 888/1042/416 904/1058/427 889/1043/418
f 882/1036/419 896/1050/425 897/1051/428
f 889/1043/418 905/1059/429 890/1044/420
f 883/1037/421 897/1051/428 898/1052/430
f 891/1045/422 905/1059/429 906/1060/431
f 883/1037/421 899/1053/432 884/1038/408
f 891/1045/422 907/1061/433 892/1046/409
f 885/1039/410 899/1053/432 900/1054/434
f 893/1047/411 907/1061/433 908/1062/435
f 885/1039/410 901/1055/436 886/1040/412
f 893/1047/411 909/1063/437 894/1048/413
f 887/1041/414 901/1055/436 902/1056/423
f 894/1048/413 910/1064/426 895/1049/415
f 906/1060/431 922/1076/438 907/1061/433
f 900/1054/434 914/1068/439 915/1069/440
f 908/1062/435 922/1076/438 923/1077/441
f 900/1054/434 916/1070/442 901/1055/436
f 909/1063/437 923/1077/441 924/1078/443
f 902/1056/423 916/1070/442 917/1071/444
f 910/1064/426 924/1078/443 925/1079/445
f 903/1057/424 917/1071/444 918/1072/446
f 896/1050/425 564/669/31 911/1065/447
f 790/926/32 910/1064/426 925/1079/445
f 903/1057/424 919/1073/448 904/1058/427
f 896/1050/425 912/1066/449 897/1051/428
f 904/1058/427 920/1074/450 905/1059/429
f 897/1051/428 913/1067/451 898/1052/430
f 906/1060/431 920/1074/450 921/1075/452
f 898/1052/430 914/1068/439 899/1053/432
f 790/927/32 925/1079/445 940/1094/453
f 918/1072/446 934/1088/454 919/1073/448
f 912/1066/449 926/1080/455 927/1081/456
f 919/1073/448 935/1089/457 920/1074/450
f 913/1067/451 927/1081/456 928/1082/458
f 921/1075/452 935/1089/457 936/1090/459
f 914/1068/439 928/1082/458 929/1083/460
f 921/1075/452 937/1091/461 922/1076/438
f 915/1069/440 929/1083/460 930/1084/462
f 922/1076/438 938/1092/463 923/1077/441
f 915/1069/440 931/1085/464 916/1070/442
f 923/1077/441 939/1093/465 924/1078/443
f 917/1071/444 931/1085/464 932/1086/466
f 924/1078/443 940/1094/453 925/1079/445
f 918/1072/446 932/1086/466 933/1087/467
f 911/1065/447 564/670/31 926/1080/455
f 938/1092/463 952/1106/468 953/1107/469
f 930/1084/462 946/1100/470 931/1085/464
f 938/1092/463 954/1108/471 939/1093/465
f 932/1086/466 946/1100/470 947/1101/472
f 940/1094/453 954/1108/471 955/1109/473
f 933/1087/467 947/1101/472 948/1102/474
f 926/1080/455 564/671/31 941/1095/475
f 790/928/32 940/1094/453 955/1109/473
f 933/1087/467 949/1103/476 934/1088/454
f 926/1080/455 942/1096/477 927/1081/456
f 934/1088/454 950/1104/478 935/1089/457
f 928/1082/458 942/1096/477 943/1097/479
f 936/1090/459 950/1104/478 951/1105/480
f 928/1082/458 944/1098/481 929/1083/460
f 936/1090/459 952/1106/468 937/1091/461
f 929/1083/460 945/1099/482 930/1084/462
f 942/1096/477 956/1110/30 957/1111/4
f 949/1103/476 960/1114/7 950/1104/478
f 943/1097/479 957/1111/4 483/560/9
f 950/1104/478 488/565/12 951/1105/480
f 944/1098/481 483/560/9 958/1112/13
f 951/1105/480 961/1115/16 952/1106/468
f 945/1099/482 958/1112/13 484/561/17
f 953/1107/469 961/1115/16 962/1116/20
f 946/1100/470 484/561/17 959/1113/21
f 954/1108/471 962/1116/20 963/1117/24
f 947/1101/472 959/1113/21 485/562/25
f 954/1108/471 964/1118/28 955/1109/473
f 948/1102/474 485/562/25 486/563/1
f 941/1095/475 564/672/31 956/1110/30
f 790/929/32 955/1109/473 964/1118/28
f 948/1102/474 487/564/3 949/1103/476
f 4/4/1 14/14/29 15/15/2
f 475/552/4 474/551/30 7/7/5
f 478/555/7 5/5/3 15/15/2
f 1/1/9 475/552/4 8/8/6
f 478/555/7 16/16/8 17/17/11
f 476/553/13 1/1/9 9/9/10
f 6/6/12 17/17/11 18/18/15
f 2/2/17 476/553/13 10/10/14
f 479/556/16 18/18/15 19/19/19
f 477/554/21 2/2/17 11/11/18
f 480/557/20 19/19/19 20/20/23
f 3/3/25 477/554/21 12/12/22
f 481/558/24 20/20/23 21/21/27
f 3/3/25 13/13/26 14/14/29
f 20/20/23 35/35/47 36/36/33
f 14/14/29 13/13/26 28/28/34
f 14/14/29 29/29/35 30/30/37
f 8/8/6 7/7/5 22/22/36
f 15/15/2 30/30/37 31/31/39
f 8/8/6 23/23/38 24/24/40
f 17/17/11 16/16/8 31/31/39
f 9/9/10 24/24/40 25/25/42
f 18/18/15 17/17/11 32/32/41
f 10/10/14 25/25/42 26/26/44
f 19/19/19 18/18/15 33/33/43
f 11/11/18 26/26/44 27/27/46
f 19/19/19 34/34/45 35/35/47
f 13/13/26 12/12/22 27/27/46
f 32/32/41 47/47/61 48/48/48
f 25/25/42 40/40/62 41/41/49
f 34/34/45 33/33/43 48/48/48
f 26/26/44 41/41/49 42/42/51
f 34/34/45 49/49/50 50/50/52
f 28/28/34 27/27/46 42/42/51
f 36/36/33 35/35/47 50/50/52
f 29/29/35 28/28/34 43/43/53
f 29/29/35 44/44/55 45/45/57
f 22/22/36 37/37/56 38/38/58
f 30/30/37 45/45/57 46/46/59
f 24/24/40 23/23/38 38/38/58
f 32/32/41 31/31/39 46/46/59
f 24/24/40 39/39/60 40/40/62
f 44/44/55 59/59/77 60/60/65
f 37/37/56 52/52/63 53/53/66
f 45/45/57 60/60/65 61/61/67
f 38/38/58 53/53/66 54/54/68
f 47/47/61 46/46/59 61/61/67
f 39/39/60 54/54/68 55/55/70
f 48/48/48 47/47/61 62/62/69
f 40/40/62 55/55/70 56/56/72
f 49/49/50 48/48/48 63/63/71
f 41/41/49 56/56/72 57/57/74
f 50/50/52 49/49/50 64/64/73
f 43/43/53 42/42/51 57/57/74
f 51/51/54 50/50/52 65/65/75
f 44/44/55 43/43/53 58/58/76
f 56/56/72 55/55/70 70/70/78
f 64/64/73 63/63/71 78/78/80
f 56/56/72 71/71/79 72/72/82
f 64/64/73 79/79/81 80/80/83
f 58/58/76 57/57/74 72/72/82
f 66/66/64 65/65/75 80/80/83
f 59/59/77 58/58/76 73/73/84
f 59/59/77 74/74/86 75/75/88
f 52/52/63 67/67/87 68/68/89
f 60/60/65 75/75/88 76/76/90
f 54/54/68 53/53/66 68/68/89
f 62/62/69 61/61/67 76/76/90
f 54/54/68 69/69/91 70/70/78
f 62/62/69 77/77/92 78/78/80
f 74/74/86 90/121/106 91/122/93
f 67/67/87 83/114/107 84/115/94
f 75/75/88 91/122/93 92/123/95
f 68/68/89 84/115/94 85/116/96
f 77/77/92 76/76/90 92/123/95
f 69/69/91 85/116/96 86/117/98
f 77/77/92 93/124/97 94/125/99
f 71/71/79 70/70/78 86/117/98
f 79/79/81 78/78/80 94/125/99
f 71/71/79 87/118/100 88/119/102
f 80/80/83 79/79/81 95/126/101
f 73/73/84 72/72/82 88/119/102
f 81/81/85 80/80/83 96/127/103
f 74/74/86 73/73/84 89/120/104
f 95/126/101 94/125/99 109/140/108
f 87/118/100 102/133/122 103/134/110
f 95/126/101 110/141/109 111/142/111
f 89/120/104 88/119/102 103/134/110
f 96/127/103 111/142/111 112/143/113
f 90/121/106 89/120/104 104/135/112
f 90/121/106 105/136/114 106/137/116
f 84/115/94 83/114/107 98/129/115
f 91/122/93 106/137/116 107/138/118
f 85/116/96 84/115/94 99/130/117
f 93/124/97 92/123/95 107/138/118
f 85/116/96 100/131/119 101/132/121
f 93/124/97 108/139/120 109/140/108
f 87/118/100 86/117/98 101/132/121
f 98/129/115 113/144/136 114/145/123
f 106/137/116 121/152/137 122/153/124
f 99/130/117 114/145/123 115/146/125
f 108/139/120 107/138/118 122/153/124
f 100/131/119 115/146/125 116/147/127
f 108/139/120 123/154/126 124/155/128
f 102/133/122 101/132/121 116/147/127
f 110/141/109 109/140/108 124/155/128
f 102/133/122 117/148/129 118/149/131
f 111/142/111 110/141/109 125/156/130
f 104/135/112 103/134/110 118/149/131
f 112/143/113 111/142/111 126/157/132
f 105/136/114 104/135/112 119/150/133
f 105/136/114 120/151/135 121/152/137
f 117/148/129 132/163/151 133/164/138
f 125/156/130 140/171/152 141/172/139
f 119/150/133 118/149/131 133/164/138
f 126/157/132 141/172/139 142/173/141
f 120/151/135 119/150/133 134/165/140
f 120/151/135 135/166/142 136/167/144
f 113/144/136 128/159/143 129/160/145
f 121/152/137 136/167/144 137/168/146
f 115/146/125 114/145/123 129/160/145
f 123/154/126 122/153/124 137/168/146
f 115/146/125 130/161/147 131/162/149
f 123/154/126 138/169/148 139/170/150
f 117/148/129 116/147/127 131/162/149
f 125/156/130 124/155/128 139/170/150
f 136/167/144 151/182/166 152/183/153
f 129/160/145 144/175/167 145/176/154
f 138/169/148 137/168/146 152/183/153
f 130/161/147 145/176/154 146/177/156
f 138/169/148 153/184/155 154/185/157
f 132/163/151 131/162/149 146/177/156
f 140/171/152 139/170/150 154/185/157
f 132/163/151 147/178/158 148/179/160
f 141/172/139 140/171/152 155/186/159
f 134/165/140 133/164/138 148/179/160
f 141/172/139 156/187/161 157/188/163
f 135/166/142 134/165/140 149/180/162
f 135/166/142 150/181/164 151/182/166
f 129/160/145 128/159/143 143/174/165
f 156/187/161 155/186/159 170/201/168
f 149/180/162 148/179/160 163/194/170
f 157/188/163 156/187/161 171/202/169
f 150/181/164 149/180/162 164/195/171
f 150/181/164 165/196/173 166/197/175
f 143/174/165 158/189/174 159/190/176
f 151/182/166 166/197/175 167/198/177
f 144/175/167 159/190/176 160/191/178
f 153/184/155 152/183/153 167/198/177
f 145/176/154 160/191/178 161/192/180
f 153/184/155 168/199/179 169/200/181
f 147/178/158 146/177/156 161/192/180
f 155/186/159 154/185/157 169/200/181
f 147/178/158 162/193/182 163/194/170
f 168/199/179 167/198/177 182/213/183
f 160/191/178 175/206/197 176/207/185
f 168/199/179 183/214/184 184/215/186
f 161/192/180 176/207/185 177/208/187
f 170/201/168 169/200/181 184/215/186
f 162/193/182 177/208/187 178/209/189
f 170/201/168 185/216/188 186/217/190
f 164/195/171 163/194/170 178/209/189
f 172/203/172 171/202/169 186/217/190
f 165/196/173 164/195/171 179/210/191
f 165/196/173 180/211/193 181/212/195
f 158/189/174 173/204/194 174/205/196
f 166/197/175 181/212/195 182/213/183
f 160/191/178 159/190/176 174/205/196
f 186/217/190 201/232/212 202/233/198
f 180/211/193 179/210/191 194/225/199
f 180/211/193 195/226/200 196/227/202
f 174/205/196 173/204/194 188/219/201
f 181/212/195 196/227/202 197/228/204
f 175/206/197 174/205/196 189/220/203
f 183/214/184 182/213/183 197/228/204
f 176/207/185 175/206/197 190/221/205
f 183/214/184 198/229/206 199/230/208
f 177/208/187 176/207/185 191/222/207
f 184/215/186 199/230/208 200/231/210
f 177/208/187 192/223/209 193/224/211
f 185/216/188 200/231/210 201/232/212
f 179/210/191 178/209/189 193/224/211
f 190/221/205 205/236/226 206/237/213
f 198/229/206 213/244/227 214/245/214
f 192/223/209 191/222/207 206/237/213
f 200/231/210 199/230/208 214/245/214
f 192/223/209 207/238/215 208/239/217
f 201/232/212 200/231/210 215/246/216
f 194/225/199 193/224/211 208/239/217
f 201/232/212 216/247/218 217/248/220
f 195/226/200 194/225/199 209/240/219
f 195/226/200 210/241/221 211/242/223
f 188/219/201 203/234/222 204/235/224
f 196/227/202 211/242/223 212/243/225
f 189/220/203 204/235/224 205/236/226
f 198/229/206 197/228/204 212/243/225
f 210/241/221 209/240/219 224/255/228
f 210/241/221 225/256/229 226/257/232
f 203/234/222 218/249/230 219/250/233
f 211/242/223 226/257/232 227/258/234
f 205/236/226 204/235/224 219/250/233
f 213/244/227 212/243/225 227/258/234
f 205/236/226 220/251/235 221/252/237
f 214/245/214 213/244/227 228/259/236
f 206/237/213 221/252/237 222/253/239
f 215/246/216 214/245/214 229/260/238
f 207/238/215 222/253/239 223/254/241
f 215/246/216 230/261/240 231/262/242
f 209/240/219 208/239/217 223/254/241
f 217/248/220 216/247/218 231/262/242
f 228/259/236 243/274/257 244/275/243
f 222/253/239 221/252/237 236/267/244
f 230/261/240 229/260/238 244/275/243
f 222/253/239 237/268/245 238/269/247
f 231/262/242 230/261/240 245/276/246
f 224/255/228 223/254/241 238/269/247
f 232/263/231 231/262/242 246/277/248
f 225/256/229 224/255/228 239/270/249
f 225/256/229 240/271/251 241/272/253
f 218/249/230 233/264/252 234/265/254
f 226/257/232 241/272/253 242/273/255
f 219/250/233 234/265/254 235/266/256
f 228/259/236 227/258/234 242/273/255
f 220/251/235 235/266/256 236/267/244
f 240/271/251 255/286/272 256/287/260
f 234/265/254 233/264/252 248/279/258
f 241/272/253 256/287/260 257/288/262
f 235/266/256 234/265/254 249/280/261
f 243/274/257 242/273/255 257/288/262
f 236/267/244 235/266/256 250/281/263
f 243/274/257 258/289/264 259/290/266
f 237/268/245 236/267/244 251/282/265
f 244/275/243 259/290/266 260/291/268
f 237/268/245 252/283/267 253/284/269
f 245/276/246 260/291/268 261/292/270
f 239/270/249 238/269/247 253/284/269
f 246/277/248 261/292/270 262/293/259
f 240/271/251 239/270/249 254/285/271
f 252/283/267 251/282/265 266/297/273
f 260/291/268 259/290/266 274/305/275
f 252/283/267 267/298/274 268/299/277
f 261/292/270 260/291/268 275/306/276
f 254/285/271 253/284/269 268/299/277
f 262/293/259 261/292/270 276/307/278
f 255/286/272 254/285/271 269/300/279
f 255/286/272 270/301/281 271/302/283
f 248/279/258 263/294/282 264/295/284
f 256/287/260 271/302/283 272/303/285
f 249/280/261 264/295/284 265/296/286
f 258/289/264 257/288/262 272/303/285
f 250/281/263 265/296/286 266/297/273
f 258/289/264 273/304/287 274/305/275
f 270/301/281 285/316/302 286/317/288
f 264/295/284 263/294/282 278/309/289
f 271/302/283 286/317/288 287/318/291
f 264/295/284 279/310/290 280/311/292
f 273/304/287 272/303/285 287/318/291
f 265/296/286 280/311/292 281/312/294
f 274/305/275 273/304/287 288/319/293
f 266/297/273 281/312/294 282/313/296
f 275/306/276 274/305/275 289/320/295
f 267/298/274 282/313/296 283/314/298
f 276/307/278 275/306/276 290/321/297
f 269/300/279 268/299/277 283/314/298
f 276/307/278 291/322/299 292/323/301
f 270/301/281 269/300/279 284/315/300
f 290/321/297 289/320/295 304/335/303
f 282/313/296 297/328/317 298/329/305
f 290/321/297 305/336/304 306/337/306
f 284/315/300 283/314/298 298/329/305
f 292/323/301 291/322/299 306/337/306
f 285/316/302 284/315/300 299/330/307
f 285/316/302 300/331/309 301/332/311
f 278/309/289 293/324/310 294/325/312
f 286/317/288 301/332/311 302/333/313
f 280/311/292 279/310/290 294/325/312
f 288/319/293 287/318/291 302/333/313
f 280/311/292 295/326/314 296/327/316
f 289/320/295 288/319/293 303/334/315
f 281/312/294 296/327/316 297/328/317
f 301/332/311 317/379/332 318/380/318
f 295/326/314 294/325/312 310/372/319
f 302/333/313 318/380/318 319/381/321
f 295/326/314 311/373/320 312/374/322
f 303/334/315 319/381/321 320/382/323
f 296/327/316 312/374/322 313/375/324
f 305/336/304 304/335/303 320/382/323
f 297/328/317 313/375/324 314/376/326
f 305/336/304 321/383/325 322/384/327
f 299/330/307 298/329/305 314/376/326
f 306/337/306 322/384/327 323/385/329
f 300/331/309 299/330/307 315/377/328
f 300/331/309 316/378/330 317/379/332
f 293/324/310 309/371/331 310/372/319
f 321/383/325 336/398/347 337/399/333
f 315/377/328 314/376/326 329/391/334
f 323/385/329 322/384/327 337/399/333
f 316/378/330 315/377/328 330/392/335
f 316/378/330 331/393/337 332/394/339
f 310/372/319 309/371/331 324/386/338
f 317/379/332 332/394/339 333/395/341
f 311/373/320 310/372/319 325/387/340
f 319/381/321 318/380/318 333/395/341
f 311/373/320 326/388/342 327/389/344
f 319/381/321 334/396/343 335/397/345
f 312/374/322 327/389/344 328/390/346
f 320/382/323 335/397/345 336/398/347
f 313/375/324 328/390/346 329/391/334
f 325/387/340 340/402/362 341/403/348
f 334/396/343 333/395/341 348/410/349
f 326/388/342 341/403/348 342/404/351
f 334/396/343 349/411/350 350/412/352
f 328/390/346 327/389/344 342/404/351
f 336/398/347 335/397/345 350/412/352
f 328/390/346 343/405/353 344/406/355
f 337/399/333 336/398/347 351/413/354
f 330/392/335 329/391/334 344/406/355
f 337/399/333 352/414/356 353/415/358
f 331/393/337 330/392/335 345/407/357
f 331/393/337 346/408/359 347/409/361
f 325/387/340 324/386/338 339/401/360
f 332/394/339 347/409/361 348/410/349
f 345/407/357 344/406/355 359/426/363
f 352/414/356 367/442/377 368/445/365
f 346/408/359 345/407/357 360/428/364
f 346/408/359 361/430/366 362/432/368
f 339/401/360 354/416/367 355/418/369
f 347/409/361 362/432/368 363/434/370
f 341/403/348 340/402/362 355/418/369
f 349/411/350 348/410/349 363/434/370
f 341/403/348 356/420/371 357/422/373
f 349/411/350 364/436/372 365/438/374
f 343/405/353 342/404/351 357/422/373
f 351/413/354 350/412/352 365/438/374
f 343/405/353 358/424/375 359/426/363
f 351/413/354 366/440/376 367/442/377
f 364/437/372 363/435/370 378/455/378
f 356/421/371 371/448/392 372/449/380
f 364/437/372 379/456/379 380/457/381
f 358/425/375 357/423/373 372/449/380
f 366/441/376 365/439/374 380/457/381
f 358/425/375 373/450/382 374/451/384
f 366/441/376 381/458/383 382/459/385
f 360/429/364 359/427/363 374/451/384
f 367/443/377 382/459/385 383/460/387
f 361/431/366 360/429/364 375/452/386
f 361/431/366 376/453/388 377/454/390
f 354/417/367 369/446/389 370/447/391
f 362/433/368 377/454/390 378/455/378
f 356/421/371 355/419/369 370/447/391
f 383/460/387 382/459/385 397/474/393
f 376/453/388 375/452/386 390/467/395
f 376/453/388 391/468/396 392/469/398
f 369/446/389 384/461/397 385/462/399
f 377/454/390 392/469/398 393/470/400
f 371/448/392 370/447/391 385/462/399
f 379/456/379 378/455/378 393/470/400
f 371/448/392 386/463/401 387/464/403
f 379/456/379 394/471/402 395/472/404
f 373/450/382 372/449/380 387/464/403
f 381/458/383 380/457/381 395/472/404
f 373/450/382 388/465/405 389/466/407
f 381/458/383 396/473/406 397/474/393
f 375/452/386 374/451/384 389/466/407
f 386/463/401 401/478/421 402/479/408
f 394/471/402 409/486/422 410/487/409
f 388/465/405 387/464/403 402/479/408
f 396/473/406 395/472/404 410/487/409
f 388/465/405 403/480/410 404/481/412
f 396/473/406 411/488/411 412/489/413
f 390/467/395 389/466/407 404/481/412
f 398/475/394 397/474/393 412/489/413
f 391/468/396 390/467/395 405/482/414
f 391/468/396 406/483/416 407/484/418
f 384/461/397 399/476/417 400/477/419
f 392/469/398 407/484/418 408/485/420
f 386/463/401 385/462/399 400/477/419
f 394/471/402 393/470/400 408/485/420
f 406/483/416 405/482/414 420/497/423
f 406/483/416 421/498/424 422/499/427
f 400/477/419 399/476/417 414/491/425
f 407/484/418 422/499/427 423/500/429
f 401/478/421 400/477/419 415/492/428
f 409/486/422 408/485/420 423/500/429
f 401/478/421 416/493/430 417/494/432
f 409/486/422 424/501/431 425/502/433
f 403/480/410 402/479/408 417/494/432
f 411/488/411 410/487/409 425/502/433
f 403/480/410 418/495/434 419/496/436
f 411/488/411 426/503/435 427/504/437
f 405/482/414 404/481/412 419/496/436
f 412/489/413 427/504/437 428/505/426
f 424/501/431 439/516/452 440/517/438
f 418/495/434 417/494/432 432/509/439
f 426/503/435 425/502/433 440/517/438
f 418/495/434 433/510/440 434/511/442
f 426/503/435 441/518/441 442/519/443
f 420/497/423 419/496/436 434/511/442
f 428/505/426 427/504/437 442/519/443
f 421/498/424 420/497/423 435/512/444
f 421/498/424 436/513/446 437/514/448
f 414/491/425 429/506/447 430/507/449
f 422/499/427 437/514/448 438/515/450
f 416/493/430 415/492/428 430/507/449
f 424/501/431 423/500/429 438/515/450
f 416/493/430 431/508/451 432/509/439
f 436/513/446 451/528/467 452/529/454
f 430/507/449 429/506/447 444/521/455
f 437/514/448 452/529/454 453/530/457
f 431/508/451 430/507/449 445/522/456
f 439/516/452 438/515/450 453/530/457
f 431/508/451 446/523/458 447/524/460
f 439/516/452 454/531/459 455/532/461
f 433/510/440 432/509/439 447/524/460
f 441/518/441 440/517/438 455/532/461
f 433/510/440 448/525/462 449/526/464
f 441/518/441 456/533/463 457/534/465
f 435/512/444 434/511/442 449/526/464
f 442/519/443 457/534/465 458/535/453
f 436/513/446 435/512/444 450/527/466
f 456/533/463 455/532/461 470/547/468
f 448/525/462 463/540/482 464/541/470
f 456/533/463 471/548/469 472/549/471
f 449/526/464 464/541/470 465/542/472
f 458/535/453 457/534/465 472/549/471
f 451/528/467 450/527/466 465/542/472
f 451/528/467 466/543/474 467/544/476
f 444/521/455 459/536/475 460/537/477
f 452/529/454 467/544/476 468/545/478
f 446/523/458 445/522/456 460/537/477
f 454/531/459 453/530/457 468/545/478
f 446/523/458 461/538/479 462/539/481
f 454/531/459 469/546/480 470/547/468
f 448/525/462 447/524/460 462/539/481
f 460/537/477 459/536/475 474/551/30
f 467/544/476 5/5/3 478/555/7
f 461/538/479 460/537/477 475/552/4
f 468/545/478 478/555/7 6/6/12
f 462/539/481 461/538/479 1/1/9
f 469/546/480 6/6/12 479/556/16
f 463/540/482 462/539/481 476/553/13
f 471/548/469 470/547/468 479/556/16
f 464/541/470 463/540/482 2/2/17
f 471/548/469 480/557/20 481/558/24
f 465/542/472 464/541/470 477/554/21
f 472/549/471 481/558/24 482/559/28
f 466/543/474 465/542/472 3/3/25
f 466/543/474 4/4/1 5/5/3
f 486/563/1 496/573/29 497/574/2
f 957/1111/4 956/1110/30 489/566/5
f 960/1114/7 487/564/3 497/574/2
f 483/560/9 957/1111/4 490/567/6
f 960/1114/7 498/575/8 499/576/11
f 958/1112/13 483/560/9 491/568/10
f 488/565/12 499/576/11 500/577/15
f 484/561/17 958/1112/13 492/569/14
f 961/1115/16 500/577/15 501/578/19
f 959/1113/21 484/561/17 493/570/18
f 962/1116/20 501/578/19 502/579/23
f 485/562/25 959/1113/21 494/571/22
f 963/1117/24 502/579/23 503/580/27
f 485/562/25 495/572/26 496/573/29
f 502/579/23 517/594/47 518/595/33
f 496/573/29 495/572/26 510/587/34
f 496/573/29 511/588/35 512/589/37
f 490/567/6 489/566/5 504/581/36
f 497/574/2 512/589/37 513/590/39
f 490/567/6 505/582/38 506/583/40
f 498/575/8 513/590/39 514/591/41
f 491/568/10 506/583/40 507/584/42
f 500/577/15 499/576/11 514/591/41
f 492/569/14 507/584/42 508/585/44
f 501/578/19 500/577/15 515/592/43
f 494/571/22 493/570/18 508/585/44
f 502/579/23 501/578/19 516/593/45
f 495/572/26 494/571/22 509/586/46
f 515/592/43 514/591/41 529/606/61
f 507/584/42 522/599/62 523/600/49
f 516/593/45 515/592/43 530/607/48
f 508/585/44 523/600/49 524/601/51
f 517/594/47 516/593/45 531/608/50
f 510/587/34 509/586/46 524/601/51
f 517/594/47 532/609/52 533/610/54
f 511/588/35 510/587/34 525/602/53
f 511/588/35 526/603/55 527/604/57
f 504/581/36 519/596/56 520/597/58
f 512/589/37 527/604/57 528/605/59
f 505/582/38 520/597/58 521/598/60
f 514/591/41 513/590/39 528/605/59
f 506/583/40 521/598/60 522/599/62
f 526/603/55 541/618/77 542/619/65
f 519/596/56 534/611/63 535/612/66
f 527/604/57 542/619/65 543/620/67
f 521/598/60 520/597/58 535/612/66
f 529/606/61 528/605/59 543/620/67
f 521/598/60 536/613/68 537/614/70
f 529/606/61 544/621/69 545/622/71
f 523/600/49 522/599/62 537/614/70
f 531/608/50 530/607/48 545/622/71
f 523/600/49 538/615/72 539/616/74
f 531/608/50 546/623/73 547/624/75
f 525/602/53 524/601/51 539/616/74
f 533/610/54 532/609/52 547/624/75
f 526/603/55 525/602/53 540/617/76
f 538/615/72 537/614/70 552/629/78
f 546/623/73 545/622/71 560/637/80
f 538/615/72 553/630/79 554/631/82
f 546/623/73 561/638/81 562/639/83
f 540/617/76 539/616/74 554/631/82
f 547/624/75 562/639/83 563/640/85
f 541/618/77 540/617/76 555/632/84
f 541/618/77 556/633/86 557/634/88
f 535/612/66 534/611/63 549/626/483
f 542/619/65 557/634/88 558/635/90
f 536/613/68 535/612/66 550/627/89
f 544/621/69 543/620/67 558/635/90
f 536/613/68 551/628/91 552/629/78
f 544/621/69 559/636/92 560/637/80
f 557/634/88 556/633/86 572/680/106
f 549/626/483 565/673/107 566/674/94
f 557/634/88 573/681/93 574/682/95
f 550/627/89 566/674/94 567/675/96
f 559/636/92 558/635/90 574/682/95
f 551/628/91 567/675/96 568/676/98
f 560/637/80 559/636/92 575/683/97
f 552/629/78 568/676/98 569/677/100
f 561/638/81 560/637/80 576/684/99
f 553/630/79 569/677/100 570/678/102
f 562/639/83 561/638/81 577/685/101
f 555/632/84 554/631/82 570/678/102
f 563/640/85 562/639/83 578/686/103
f 555/632/84 571/679/104 572/680/106
f 577/685/101 576/684/99 591/699/108
f 569/677/100 584/692/122 585/693/110
f 577/685/101 592/700/109 593/701/111
f 571/679/104 570/678/102 585/693/110
f 578/686/103 593/701/111 594/702/113
f 572/680/106 571/679/104 586/694/112
f 572/680/106 587/695/114 588/696/116
f 566/674/94 565/673/107 580/688/115
f 573/681/93 588/696/116 589/697/118
f 567/675/96 566/674/94 581/689/117
f 575/683/97 574/682/95 589/697/118
f 567/675/96 582/690/119 583/691/121
f 575/683/97 590/698/120 591/699/108
f 569/677/100 568/676/98 583/691/121
f 580/688/115 595/703/136 596/704/123
f 588/696/116 603/711/137 604/712/124
f 581/689/117 596/704/123 597/705/125
f 590/698/120 589/697/118 604/712/124
f 582/690/119 597/705/125 598/706/127
f 590/698/120 605/713/126 606/714/128
f 584/692/122 583/691/121 598/706/127
f 592/700/109 591/699/108 606/714/128
f 584/692/122 599/707/129 600/708/131
f 593/701/111 592/700/109 607/715/130
f 586/694/112 585/693/110 600/708/131
f 594/702/113 593/701/111 608/716/132
f 587/695/114 586/694/112 601/709/133
f 587/695/114 602/710/135 603/711/137
f 599/707/129 614/722/151 615/723/138
f 607/715/130 622/730/152 623/731/139
f 601/709/133 600/708/131 615/723/138
f 608/716/132 623/731/139 624/732/141
f 602/710/135 601/709/133 616/724/140
f 602/710/135 617/725/142 618/726/144
f 595/703/136 610/718/143 611/719/145
f 603/711/137 618/726/144 619/727/146
f 597/705/125 596/704/123 611/719/145
f 605/713/126 604/712/124 619/727/146
f 597/705/125 612/720/147 613/721/149
f 605/713/126 620/728/148 621/729/150
f 599/707/129 598/706/127 613/721/149
f 607/715/130 606/714/128 621/729/150
f 618/726/144 633/741/166 634/742/153
f 611/719/145 626/734/167 627/735/154
f 620/728/148 619/727/146 634/742/153
f 612/720/147 627/735/154 628/736/156
f 620/728/148 635/743/155 636/744/157
f 614/722/151 613/721/149 628/736/156
f 622/730/152 621/729/150 636/744/157
f 614/722/151 629/737/158 630/738/160
f 622/730/152 637/745/159 638/746/161
f 616/724/140 615/723/138 630/738/160
f 623/731/139 638/746/161 639/747/163
f 617/725/142 616/724/140 631/739/162
f 617/725/142 632/740/164 633/741/166
f 611/719/145 610/718/143 625/733/165
f 638/746/161 637/745/159 652/760/168
f 631/739/162 630/738/160 645/753/170
f 639/747/163 638/746/161 653/761/169
f 632/740/164 631/739/162 646/754/171
f 632/740/164 647/755/173 648/756/175
f 625/733/165 640/748/174 641/749/176
f 633/741/166 648/756/175 649/757/177
f 626/734/167 641/749/176 642/750/178
f 635/743/155 634/742/153 649/757/177
f 627/735/154 642/750/178 643/751/180
f 635/743/155 650/758/179 651/759/181
f 629/737/158 628/736/156 643/751/180
f 637/745/159 636/744/157 651/759/181
f 629/737/158 644/752/182 645/753/170
f 650/758/179 649/757/177 664/772/183
f 642/750/178 657/765/197 658/766/185
f 650/758/179 665/773/184 666/774/186
f 644/752/182 643/751/180 658/766/185
f 652/760/168 651/759/181 666/774/186
f 644/752/182 659/767/187 660/768/189
f 653/761/169 652/760/168 667/775/188
f 646/754/171 645/753/170 660/768/189
f 653/761/169 668/776/190 669/777/192
f 647/755/173 646/754/171 661/769/191
f 647/755/173 662/770/193 663/771/195
f 641/749/176 640/748/174 655/763/194
f 648/756/175 663/771/195 664/772/183
f 641/749/176 656/764/196 657/765/197
f 668/776/190 683/791/212 684/792/198
f 662/770/193 661/769/191 676/784/199
f 662/770/193 677/785/200 678/786/202
f 655/763/194 670/778/201 671/779/203
f 663/771/195 678/786/202 679/787/204
f 657/765/197 656/764/196 671/779/203
f 665/773/184 664/772/183 679/787/204
f 657/765/197 672/780/205 673/781/207
f 665/773/184 680/788/206 681/789/208
f 659/767/187 658/766/185 673/781/207
f 667/775/188 666/774/186 681/789/208
f 659/767/187 674/782/209 675/783/211
f 667/775/188 682/790/210 683/791/212
f 661/769/191 660/768/189 675/783/211
f 672/780/205 687/795/226 688/796/213
f 680/788/206 695/803/227 696/804/214
f 674/782/209 673/781/207 688/796/213
f 682/790/210 681/789/208 696/804/214
f 674/782/209 689/797/215 690/798/217
f 683/791/212 682/790/210 697/805/216
f 676/784/199 675/783/211 690/798/217
f 684/792/198 683/791/212 698/806/218
f 677/785/200 676/784/199 691/799/219
f 677/785/200 692/800/221 693/801/223
f 670/778/201 685/793/222 686/794/224
f 678/786/202 693/801/223 694/802/225
f 671/779/203 686/794/224 687/795/226
f 680/788/206 679/787/204 694/802/225
f 692/800/221 691/799/219 706/814/228
f 692/800/221 707/815/229 708/816/232
f 686/794/224 685/793/222 700/808/230
f 693/801/223 708/816/232 709/817/234
f 687/795/226 686/794/224 701/809/233
f 695/803/227 694/802/225 709/817/234
f 687/795/226 702/810/235 703/811/237
f 695/803/227 710/818/236 711/819/238
f 688/796/213 703/811/237 704/812/239
f 697/805/216 696/804/214 711/819/238
f 689/797/215 704/812/239 705/813/241
f 697/805/216 712/820/240 713/821/242
f 691/799/219 690/798/217 705/813/241
f 698/806/218 713/821/242 714/822/231
f 710/818/236 725/833/257 726/834/243
f 704/812/239 703/811/237 718/826/244
f 712/820/240 711/819/238 726/834/243
f 704/812/239 719/827/245 720/828/247
f 713/821/242 712/820/240 727/835/246
f 706/814/228 705/813/241 720/828/247
f 714/822/231 713/821/242 728/836/248
f 707/815/229 706/814/228 721/829/249
f 707/815/229 722/830/251 723/831/253
f 700/808/230 715/823/252 716/824/254
f 708/816/232 723/831/253 724/832/255
f 701/809/233 716/824/254 717/825/256
f 710/818/236 709/817/234 724/832/255
f 702/810/235 717/825/256 718/826/244
f 722/830/251 737/845/272 738/846/260
f 716/824/254 715/823/252 730/838/258
f 723/831/253 738/846/260 739/847/262
f 717/825/256 716/824/254 731/839/261
f 725/833/257 724/832/255 739/847/262
f 717/825/256 732/840/263 733/841/265
f 725/833/257 740/848/264 741/849/266
f 719/827/245 718/826/244 733/841/265
f 727/835/246 726/834/243 741/849/266
f 719/827/245 734/842/267 735/843/269
f 727/835/246 742/850/268 743/851/270
f 721/829/249 720/828/247 735/843/269
f 728/836/248 743/851/270 744/852/259
f 722/830/251 721/829/249 736/844/271
f 734/842/267 733/841/265 748/856/273
f 742/850/268 741/849/266 756/864/275
f 734/842/267 749/857/274 750/858/277
f 742/850/268 757/865/276 758/866/278
f 736/844/271 735/843/269 750/858/277
f 743/851/270 758/866/278 759/867/280
f 737/845/272 736/844/271 751/859/279
f 737/845/272 752/860/281 753/861/283
f 731/839/261 730/838/258 745/853/282
f 738/846/260 753/861/283 754/862/285
f 731/839/261 746/854/284 747/855/286
f 740/848/264 739/847/262 754/862/285
f 732/840/263 747/855/286 748/856/273
f 740/848/264 755/863/287 756/864/275
f 752/860/281 767/875/302 768/876/288
f 745/853/282 760/868/289 761/869/290
f 753/861/283 768/876/288 769/877/291
f 747/855/286 746/854/284 761/869/290
f 755/863/287 754/862/285 769/877/291
f 747/855/286 762/870/292 763/871/294
f 756/864/275 755/863/287 770/878/293
f 749/857/274 748/856/273 763/871/294
f 757/865/276 756/864/275 771/879/295
f 749/857/274 764/872/296 765/873/298
f 757/865/276 772/880/297 773/881/299
f 751/859/279 750/858/277 765/873/298
f 759/867/280 758/866/278 773/881/299
f 752/860/281 751/859/279 766/874/300
f 772/880/297 771/879/295 786/894/303
f 764/872/296 779/887/317 780/888/305
f 773/881/299 772/880/297 787/895/304
f 766/874/300 765/873/298 780/888/305
f 774/882/301 773/881/299 788/896/306
f 767/875/302 766/874/300 781/889/307
f 767/875/302 782/890/309 783/891/311
f 760/868/289 775/883/310 776/884/312
f 768/876/288 783/891/311 784/892/313
f 761/869/290 776/884/312 777/885/314
f 770/878/293 769/877/291 784/892/313
f 762/870/292 777/885/314 778/886/316
f 771/879/295 770/878/293 785/893/315
f 763/871/294 778/886/316 779/887/317
f 783/891/311 799/938/332 800/939/318
f 777/885/314 776/884/312 792/931/319
f 785/893/315 784/892/313 800/939/318
f 777/885/314 793/932/320 794/933/322
f 785/893/315 801/940/321 802/941/323
f 779/887/317 778/886/316 794/933/322
f 787/895/304 786/894/303 802/941/323
f 779/887/317 795/934/324 796/935/326
f 787/895/304 803/942/325 804/943/327
f 781/889/307 780/888/305 796/935/326
f 788/896/306 804/943/327 805/944/329
f 782/890/309 781/889/307 797/936/328
f 782/890/309 798/937/330 799/938/332
f 775/883/310 791/930/331 792/931/319
f 803/942/325 818/957/347 819/958/333
f 797/936/328 796/935/326 811/950/334
f 805/944/329 804/943/327 819/958/333
f 798/937/330 797/936/328 812/951/335
f 798/937/330 813/952/337 814/953/339
f 792/931/319 791/930/331 806/945/338
f 799/938/332 814/953/339 815/954/341
f 793/932/320 792/931/319 807/946/340
f 801/940/321 800/939/318 815/954/341
f 793/932/320 808/947/342 809/948/344
f 801/940/321 816/955/343 817/956/345
f 795/934/324 794/933/322 809/948/344
f 803/942/325 802/941/323 817/956/345
f 795/934/324 810/949/346 811/950/334
f 808/947/342 807/946/340 822/961/362
f 816/955/343 815/954/341 830/969/349
f 808/947/342 823/962/348 824/963/351
f 816/955/343 831/970/350 832/971/352
f 810/949/346 809/948/344 824/963/351
f 818/957/347 817/956/345 832/971/352
f 810/949/346 825/964/353 826/965/355
f 818/957/347 833/972/354 834/973/356
f 812/951/335 811/950/334 826/965/355
f 819/958/333 834/973/356 835/974/358
f 813/952/337 812/951/335 827/966/357
f 813/952/337 828/967/359 829/968/361
f 807/946/340 806/945/338 821/960/360
f 814/953/339 829/968/361 830/969/349
f 827/966/357 826/965/355 841/985/363
f 834/973/356 849/1001/377 850/1004/365
f 828/967/359 827/966/357 842/987/364
f 828/967/359 843/989/366 844/991/368
f 821/960/360 836/975/367 837/977/369
f 829/968/361 844/991/368 845/993/370
f 823/962/348 822/961/362 837/977/369
f 831/970/350 830/969/349 845/993/370
f 823/962/348 838/979/371 839/981/373
f 831/970/350 846/995/372 847/997/374
f 825/964/353 824/963/351 839/981/373
f 833/972/354 832/971/352 847/997/374
f 825/964/353 840/983/375 841/985/363
f 833/972/354 848/999/376 849/1001/377
f 846/996/372 845/994/370 860/1014/378
f 838/980/371 853/1007/392 854/1008/380
f 846/996/372 861/1015/379 862/1016/381
f 840/984/375 839/982/373 854/1008/380
f 848/1000/376 847/998/374 862/1016/381
f 840/984/375 855/1009/382 856/1010/384
f 848/1000/376 863/1017/383 864/1018/385
f 842/988/364 841/986/363 856/1010/384
f 849/1002/377 864/1018/385 865/1019/387
f 843/990/366 842/988/364 857/1011/386
f 843/990/366 858/1012/388 859/1013/390
f 836/976/367 851/1005/389 852/1006/391
f 844/992/368 859/1013/390 860/1014/378
f 838/980/371 837/978/369 852/1006/391
f 865/1019/387 864/1018/385 879/1033/393
f 858/1012/388 857/1011/386 872/1026/395
f 858/1012/388 873/1027/396 874/1028/398
f 851/1005/389 866/1020/397 867/1021/399
f 859/1013/390 874/1028/398 875/1029/400
f 853/1007/392 852/1006/391 867/1021/399
f 861/1015/379 860/1014/378 875/1029/400
f 853/1007/392 868/1022/401 869/1023/403
f 861/1015/379 876/1030/402 877/1031/404
f 855/1009/382 854/1008/380 869/1023/403
f 863/1017/383 862/1016/381 877/1031/404
f 855/1009/382 870/1024/405 871/1025/407
f 863/1017/383 878/1032/406 879/1033/393
f 857/1011/386 856/1010/384 871/1025/407
f 868/1022/401 883/1037/421 884/1038/408
f 876/1030/402 891/1045/422 892/1046/409
f 870/1024/405 869/1023/403 884/1038/408
f 878/1032/406 877/1031/404 892/1046/409
f 870/1024/405 885/1039/410 886/1040/412
f 878/1032/406 893/1047/411 894/1048/413
f 872/1026/395 871/1025/407 886/1040/412
f 880/1034/394 879/1033/393 894/1048/413
f 873/1027/396 872/1026/395 887/1041/414
f 873/1027/396 888/1042/416 889/1043/418
f 866/1020/397 881/1035/417 882/1036/419
f 874/1028/398 889/1043/418 890/1044/420
f 868/1022/401 867/1021/399 882/1036/419
f 876/1030/402 875/1029/400 890/1044/420
f 888/1042/416 887/1041/414 902/1056/423
f 888/1042/416 903/1057/424 904/1058/427
f 882/1036/419 881/1035/417 896/1050/425
f 889/1043/418 904/1058/427 905/1059/429
f 883/1037/421 882/1036/419 897/1051/428
f 891/1045/422 890/1044/420 905/1059/429
f 883/1037/421 898/1052/430 899/1053/432
f 891/1045/422 906/1060/431 907/1061/433
f 885/1039/410 884/1038/408 899/1053/432
f 893/1047/411 892/1046/409 907/1061/433
f 885/1039/410 900/1054/434 901/1055/436
f 893/1047/411 908/1062/435 909/1063/437
f 887/1041/414 886/1040/412 901/1055/436
f 894/1048/413 909/1063/437 910/1064/426
f 906/1060/431 921/1075/452 922/1076/438
f 900/1054/434 899/1053/432 914/1068/439
f 908/1062/435 907/1061/433 922/1076/438
f 900/1054/434 915/1069/440 916/1070/442
f 909/1063/437 908/1062/435 923/1077/441
f 902/1056/423 901/1055/436 916/1070/442
f 910/1064/426 909/1063/437 924/1078/443
f 903/1057/424 902/1056/423 917/1071/444
f 903/1057/424 918/1072/446 919/1073/448
f 896/1050/425 911/1065/447 912/1066/449
f 904/1058/427 919/1073/448 920/1074/450
f 897/1051/428 912/1066/449 913/1067/451
f 906/1060/431 905/1059/429 920/1074/450
f 898/1052/430 913/1067/451 914/1068/439
f 918/1072/446 933/1087/467 934/1088/454
f 912/1066/449 911/1065/447 926/1080/455
f 919/1073/448 934/1088/454 935/1089/457
f 913/1067/451 912/1066/449 927/1081/456
f 921/1075/452 920/1074/450 935/1089/457
f 914/1068/439 913/1067/451 928/1082/458
f 921/1075/452 936/1090/459 937/1091/461
f 915/1069/440 914/1068/439 929/1083/460
f 922/1076/438 937/1091/461 938/1092/463
f 915/1069/440 930/1084/462 931/1085/464
f 923/1077/441 938/1092/463 939/1093/465
f 917/1071/444 916/1070/442 931/1085/464
f 924/1078/443 939/1093/465 940/1094/453
f 918/1072/446 917/1071/444 932/1086/466
f 938/1092/463 937/1091/461 952/1106/468
f 930/1084/462 945/1099/482 946/1100/470
f 938/1092/463 953/1107/469 954/1108/471
f 932/1086/466 931/1085/464 946/1100/470
f 940/1094/453 939/1093/465 954/1108/471
f 933/1087/467 932/1086/466 947/1101/472
f 933/1087/467 948/1102/474 949/1103/476
f 926/1080/455 941/1095/475 942/1096/477
f 934/1088/454 949/1103/476 950/1104/478
f 928/1082/458 927/1081/456 942/1096/477
f 936/1090/459 935/1089/457 950/1104/478
f 928/1082/458 943/1097/479 944/1098/481
f 936/1090/459 951/1105/480 952/1106/468
f 929/1083/460 944/1098/481 945/1099/482
f 942/1096/477 941/1095/475 956/1110/30
f 949/1103/476 487/564/3 960/1114/7
f 943/1097/479 942/1096/477 957/1111/4
f 950/1104/478 960/1114/7 488/565/12
f 944/1098/481 943/1097/479 483/560/9
f 951/1105/480 488/565/12 961/1115/16
f 945/1099/482 944/1098/481 958/1112/13
f 953/1107/469 952/1106/468 961/1115/16
f 946/1100/470 945/1099/482 484/561/17
f 954/1108/471 953/1107/469 962/1116/20
f 947/1101/472 946/1100/470 959/1113/21
f 954/1108/471 963/1117/24 964/1118/28
f 948/1102/474 947/1101/472 485/562/25
f 948/1102/474 486/563/1 487/564/3
o 立方体
v 0.050000 -0.438255 1.515831
v 0.050000 -0.380897 1.597746
v -0.050000 -0.438255 1.515831
v -0.050000 -0.380897 1.597746
v 0.050000 0.380897 0.942254
v 0.050000 0.438255 1.024169
v -0.050000 0.380897 0.942254
v -0.050000 0.438255 1.024169
vn -0.0000 -0.8192 0.5736
vn -1.0000 -0.0000 -0.0000
vn -0.0000 0.8192 -0.5736
vn 1.0000 -0.0000 -0.0000
vn -0.0000 -0.5736 -0.8192
vn -0.0000 0.5736 0.8192
vt 0.375000 0.000000
vt 0.375000 1.000000
vt 0.125000 0.750000
vt 0.625000 0.000000
vt 0.625000 1.000000
vt 0.875000 0.750000
vt 0.375000 0.250000
vt 0.125000 0.500000
vt 0.625000 0.250000
vt 0.875000 0.500000
vt 0.375000 0.750000
vt 0.625000 0.750000
vt 0.375000 0.500000
vt 0.625000 0.500000
s 0
f 965/1119/484 966/1122/484 968/1127/484 967/1125/484
f 967/1125/485 968/1127/485 972/1132/485 971/1131/485
f 971/1131/486 972/1132/486 970/1130/486 969/1129/486
f 969/1129/487 970/1130/487 966/1123/487 965/1120/487
f 967/1126/488 971/1131/488 969/1129/488 965/1121/488
f 972/1132/489 968/1128/489 966/1124/489 970/1130/489
o 立方体.001
v 0.050000 0.380897 -0.942254
v 0.050000 0.438255 -1.024169
v -0.050000 0.380897 -0.942254
v -0.050000 0.438255 -1.024169
v 0.050000 -0.438255 -1.515831
v 0.050000 -0.380897 -1.597746
v -0.050000 -0.438255 -1.515831
v -0.050000 -0.380897 -1.597746
vn -0.0000 0.8192 0.5736
vn -1.0000 -0.0000 -0.0000
vn -0.0000 -0.8192 -0.5736
vn 1.0000 -0.0000 -0.0000
vn -0.0000 -0.5736 0.8192
vn -0.0000 0.5736 -0.8192
vt 0.375000 0.000000
vt 0.375000 1.000000
vt 0.125000 0.750000
vt 0.625000 0.000000
vt 0.625000 1.000000
vt 0.875000 0.750000
vt 0.375000 0.250000
vt 0.125000 0.500000
vt 0.625000 0.250000
vt 0.875000 0.500000
vt 0.375000 0.750000
vt 0.625000 0.750000
vt 0.375000 0.500000
vt 0.625000 0.500000
s 0
f 973/1133/490 974/1136/490 976/1141/490 975/1139/490
f 975/1139/491 976/1141/491 980/1146/491 979/1145/491
f 979/1145/492 980/1146/492 978/1144/492 977/1143/492
f 977/1143/493 978/1144/493 974/1137/493 973/1134/493
f 975/1140/494 979/1145/494 977/1143/494 973/1135/494
f 980/1146/495 976/1142/495 974/1138/495 978/1144/495
o 円錐
v 0.000000 2.382225 1.000000
v 0.195090 2.382225 0.980785
v 0.382683 2.382225 0.923880
v 0.555570 2.382225 0.831470
v 0.707107 2.382225 0.707107
v 0.831470 2.382225 0.555570
v 0.923880 2.382225 0.382684
v 0.980785 2.382225 0.195090
v 1.000000 2.382225 0.000000
v 0.980785 2.382225 -0.195090
v 0.923880 2.382225 -0.382683
v 0.831470 2.382225 -0.555570
v 0.707107 2.382226 -0.707107
v 0.555570 2.382226 -0.831470
v 0.382683 2.382226 -0.923879
v 0.195090 2.382226 -0.980785
v 0.000000 2.382226 -1.000000
v -0.195090 2.382226 -0.980785
v -0.382683 2.382226 -0.923879
v -0.555570 2.382226 -0.831470
v -0.707107 2.382226 -0.707107
v -0.831470 2.382225 -0.555570
v -0.923880 2.382225 -0.382683
v -0.980785 2.382225 -0.195090
v -1.000000 2.382225 0.000000
v -0.980785 2.382225 0.195090
v -0.923880 2.382225 0.382684
v -0.831470 2.382225 0.555570
v -0.707107 2.382225 0.707107
v -0.555570 2.382225 0.831470
v -0.382683 2.382225 0.923880
v -0.195090 2.382225 0.980785
v 0.000000 0.382225 -0.000000
v 0.000000 1.496645 -0.630470
v 0.000000 1.000026 -0.933960
v 0.000000 0.351163 -1.098207
v 0.000000 0.000000 -1.119343
v 0.000000 -0.351163 -1.098207
v 0.000000 -1.000026 -0.933960
v 0.041866 1.765413 -0.229819
v 0.082124 1.662983 -0.432206
v 0.119225 1.496645 -0.618728
v 0.151745 1.272792 -0.782215
v 0.178433 1.000026 -0.916386
v 0.198264 0.688830 -1.016083
v 0.210476 0.351163 -1.077477
v 0.214599 0.000000 -1.098207
v 0.210476 -0.351163 -1.077477
v 0.198264 -0.688830 -1.016083
v 0.178433 -1.000026 -0.916386
v 0.151745 -1.272792 -0.782215
v 0.119225 -1.496645 -0.618728
v 0.082124 -1.662983 -0.432206
v 0.041866 -1.765414 -0.229819
v 0.082124 1.765413 -0.217607
v 0.161091 1.662983 -0.408252
v 0.233868 1.496645 -0.583951
v 0.297658 1.272792 -0.737953
v 0.350009 1.000026 -0.864339
v 0.388909 0.688830 -0.958252
v 0.412863 0.351163 -1.016083
v 0.420952 0.000000 -1.035611
v 0.412863 -0.351163 -1.016083
v 0.388909 -0.688830 -0.958252
v 0.350009 -1.000026 -0.864339
v 0.297658 -1.272792 -0.737953
v 0.233868 -1.496645 -0.583951
v 0.161091 -1.662983 -0.408252
v 0.082124 -1.765414 -0.217607
v 0.119225 1.765413 -0.197776
v 0.233868 1.662983 -0.369352
v 0.339524 1.496645 -0.527477
v 0.432132 1.272792 -0.666075
v 0.508134 1.000026 -0.779819
v 0.564608 0.688830 -0.864339
v 0.599385 0.351163 -0.916386
v 0.611127 0.000000 -0.933960
v 0.599385 -0.351163 -0.916386
v 0.564608 -0.688830 -0.864339
v 0.508134 -1.000026 -0.779819
v 0.432132 -1.272792 -0.666075
v 0.339524 -1.496645 -0.527477
v 0.233868 -1.662983 -0.369352
v 0.119225 -1.765414 -0.197776
v 0.151745 1.765413 -0.171088
v 0.297658 1.662983 -0.317001
v 0.432132 1.496645 -0.451475
v 0.550000 1.272792 -0.569343
v 0.646731 1.000026 -0.666075
v 0.718609 0.688830 -0.737953
v 0.762872 0.351163 -0.782215
v 0.777817 0.000000 -0.797160
v 0.762872 -0.351163 -0.782215
v 0.718609 -0.688830 -0.737953
v 0.646731 -1.000026 -0.666075
v 0.550000 -1.272792 -0.569343
v 0.432132 -1.496645 -0.451475
v 0.297658 -1.662983 -0.317001
v 0.151745 -1.765414 -0.171088
v 0.178433 1.765413 -0.138568
v 0.350009 1.662983 -0.253211
v 0.508134 1.496645 -0.358867
v 0.646731 1.272792 -0.451475
v 0.760476 1.000026 -0.527477
v 0.844995 0.688830 -0.583951
v 0.897042 0.351163 -0.618728
v 0.914616 0.000000 -0.630470
v 0.897042 -0.351163 -0.618728
v 0.844995 -0.688830 -0.583951
v 0.760476 -1.000026 -0.527477
v 0.646731 -1.272792 -0.451475
v 0.508134 -1.496645 -0.358867
v 0.350009 -1.662983 -0.253211
v 0.178433 -1.765414 -0.138568
v 0.000000 1.800000 -0.019343
v 0.198264 1.765413 -0.101467
v 0.388909 1.662983 -0.180434
v 0.564608 1.496645 -0.253211
v 0.718610 1.272792 -0.317001
v 0.844995 1.000026 -0.369352
v 0.938909 0.688830 -0.408252
v 0.996740 0.351163 -0.432206
v 1.016267 0.000000 -0.440295
v 0.996740 -0.351163 -0.432206
v 0.938909 -0.688830 -0.408252
v 0.844995 -1.000026 -0.369352
v 0.718610 -1.272792 -0.317001
v 0.564608 -1.496645 -0.253211
v 0.388909 -1.662983 -0.180434
v 0.198264 -1.765414 -0.101467
v 0.210476 1.765413 -0.061209
v 0.412863 1.662983 -0.101467
v 0.599384 1.496645 -0.138568
v 0.762872 1.272792 -0.171088
v 0.897042 1.000026 -0.197776
v 0.996740 0.688830 -0.217607
v 1.058133 0.351163 -0.229819
v 1.078864 0.000000 -0.233942
v 1.058133 -0.351163 -0.229819
v 0.996740 -0.688830 -0.217607
v 0.897042 -1.000026 -0.197776
v 0.762872 -1.272792 -0.171088
v 0.599384 -1.496645 -0.138568
v 0.412863 -1.662983 -0.101467
v 0.210476 -1.765414 -0.061209
v 0.214599 1.765413 -0.019343
v 0.420952 1.662983 -0.019343
v 0.611127 1.496645 -0.019343
v 0.777817 1.272792 -0.019343
v 0.914616 1.000026 -0.019343
v 1.016267 0.688830 -0.019343
v 1.078864 0.351163 -0.019343
v 1.100000 0.000000 -0.019343
v 1.078864 -0.351163 -0.019343
v 1.016267 -0.688830 -0.019343
v 0.914616 -1.000026 -0.019343
v 0.777817 -1.272792 -0.019343
v 0.611127 -1.496645 -0.019343
v 0.420952 -1.662983 -0.019343
v 0.214599 -1.765414 -0.019343
v 0.210476 1.765413 0.022523
v 0.412863 1.662983 0.062780
v 0.599384 1.496645 0.099882
v 0.762872 1.272792 0.132401
v 0.897042 1.000026 0.159090
v 0.996740 0.688830 0.178921
v 1.058133 0.351163 0.191133
v 1.078863 0.000000 0.195256
v 1.058133 -0.351163 0.191133
v 0.996740 -0.688830 0.178921
v 0.897042 -1.000026 0.159090
v 0.762872 -1.272792 0.132401
v 0.599384 -1.496645 0.099882
v 0.412863 -1.662983 0.062780
v 0.210476 -1.765414 0.022523
v 0.198264 1.765413 0.062780
v 0.388909 1.662983 0.141748
v 0.564608 1.496645 0.214525
v 0.718609 1.272792 0.278315
v 0.844995 1.000026 0.330665
v 0.938909 0.688830 0.369565
v 0.996740 0.351163 0.393520
v 1.016267 0.000000 0.401609
v 0.996740 -0.351163 0.393520
v 0.938909 -0.688830 0.369565
v 0.844995 -1.000026 0.330665
v 0.718609 -1.272792 0.278315
v 0.564608 -1.496645 0.214525
v 0.388909 -1.662983 0.141748
v 0.198264 -1.765414 0.062780
v 0.178433 1.765413 0.099882
v 0.350009 1.662983 0.214525
v 0.508133 1.496645 0.320181
v 0.646731 1.272792 0.412789
v 0.760476 1.000026 0.488791
v 0.844995 0.688830 0.545265
v 0.897042 0.351163 0.580041
v 0.914616 0.000000 0.591784
v 0.897042 -0.351163 0.580041
v 0.844995 -0.688830 0.545265
v 0.760476 -1.000026 0.488790
v 0.646731 -1.272792 0.412789
v 0.508133 -1.496645 0.320181
v 0.350009 -1.662983 0.214525
v 0.178433 -1.765414 0.099882
v 0.151745 1.765413 0.132401
v 0.297658 1.662983 0.278315
v 0.432132 1.496645 0.412789
v 0.550000 1.272792 0.530657
v 0.646731 1.000026 0.627388
v 0.718609 0.688830 0.699266
v 0.762872 0.351163 0.743529
v 0.777817 0.000000 0.758474
v 0.762872 -0.351163 0.743529
v 0.718609 -0.688830 0.699266
v 0.646731 -1.000026 0.627388
v 0.550000 -1.272792 0.530657
v 0.432132 -1.496645 0.412789
v 0.297658 -1.662983 0.278315
v 0.151745 -1.765414 0.132401
v 0.119225 1.765413 0.159090
v 0.233868 1.662983 0.330665
v 0.339524 1.496645 0.488791
v 0.432132 1.272792 0.627388
v 0.508133 1.000026 0.741133
v 0.564608 0.688830 0.825652
v 0.599384 0.351163 0.877699
v 0.611127 0.000000 0.895273
v 0.599384 -0.351163 0.877699
v 0.564608 -0.688830 0.825652
v 0.508133 -1.000026 0.741133
v 0.432132 -1.272792 0.627388
v 0.339524 -1.496645 0.488791
v 0.233868 -1.662983 0.330665
v 0.119225 -1.765414 0.159090
v 0.082124 1.765413 0.178921
v 0.161091 1.662983 0.369566
v 0.233868 1.496645 0.545265
v 0.297658 1.272792 0.699266
v 0.350008 1.000026 0.825652
v 0.388909 0.688830 0.919565
v 0.412863 0.351163 0.977397
v 0.420951 0.000000 0.996924
v 0.412863 -0.351163 0.977397
v 0.388909 -0.688830 0.919565
v 0.350008 -1.000026 0.825652
v 0.297658 -1.272792 0.699266
v 0.233868 -1.496645 0.545265
v 0.161091 -1.662983 0.369566
v 0.082124 -1.765414 0.178921
v 0.041866 1.765413 0.191133
v 0.082124 1.662983 0.393520
v 0.119225 1.496645 0.580041
v 0.151745 1.272792 0.743529
v 0.178433 1.000026 0.877699
v 0.198264 0.688830 0.977397
v 0.210476 0.351163 1.038790
v 0.214599 0.000000 1.059520
v 0.210476 -0.351163 1.038790
v 0.198264 -0.688830 0.977397
v 0.178433 -1.000026 0.877699
v 0.151745 -1.272792 0.743529
v 0.119225 -1.496645 0.580041
v 0.082124 -1.662983 0.393520
v 0.041866 -1.765414 0.191133
v -0.000000 1.765413 0.195256
v -0.000000 1.662983 0.401609
v -0.000000 1.496645 0.591784
v -0.000000 1.272792 0.758474
v -0.000000 1.000026 0.895273
v 0.000000 0.688830 0.996924
v -0.000000 0.351163 1.059520
v -0.000000 0.000000 1.080656
v -0.000000 -0.351163 1.059520
v 0.000000 -0.688830 0.996924
v -0.000000 -1.000026 0.895273
v -0.000000 -1.272792 0.758474
v -0.000000 -1.496645 0.591784
v -0.000000 -1.662983 0.401609
v -0.000000 -1.765414 0.195256
v -0.041866 1.765413 0.191133
v -0.082124 1.662983 0.393520
v -0.119225 1.496645 0.580041
v -0.151745 1.272792 0.743529
v -0.178433 1.000026 0.877699
v -0.198264 0.688830 0.977397
v -0.210476 0.351163 1.038790
v -0.214600 0.000000 1.059520
v -0.210476 -0.351163 1.038790
v -0.198264 -0.688830 0.977397
v -0.178433 -1.000026 0.877699
v -0.151745 -1.272792 0.743529
v -0.119225 -1.496645 0.580041
v -0.082124 -1.662983 0.393520
v -0.041866 -1.765414 0.191133
v -0.082124 1.765413 0.178921
v -0.161091 1.662983 0.369565
v -0.233868 1.496645 0.545264
v -0.297658 1.272792 0.699266
v -0.350009 1.000026 0.825652
v -0.388909 0.688830 0.919565
v -0.412863 0.351163 0.977397
v -0.420952 0.000000 0.996923
v -0.412863 -0.351163 0.977397
v -0.388909 -0.688830 0.919565
v -0.350009 -1.000026 0.825652
v -0.297658 -1.272792 0.699266
v -0.233868 -1.496645 0.545264
v -0.161091 -1.662983 0.369565
v -0.082124 -1.765414 0.178921
v -0.119225 1.765413 0.159090
v -0.233868 1.662983 0.330665
v -0.339524 1.496645 0.488790
v -0.432132 1.272792 0.627388
v -0.508134 1.000026 0.741132
v -0.564608 0.688830 0.825652
v -0.599384 0.351163 0.877699
v -0.611127 0.000000 0.895272
v -0.599384 -0.351163 0.877699
v -0.564608 -0.688830 0.825652
v -0.508134 -1.000026 0.741132
v -0.432132 -1.272792 0.627388
v -0.339524 -1.496645 0.488790
v -0.233868 -1.662983 0.330665
v -0.119225 -1.765414 0.159090
v -0.151745 1.765413 0.132401
v -0.297658 1.662983 0.278315
v -0.432132 1.496645 0.412789
v -0.550000 1.272792 0.530657
v -0.646731 1.000026 0.627388
v -0.718609 0.688830 0.699266
v -0.762872 0.351163 0.743528
v -0.777817 0.000000 0.758473
v -0.762872 -0.351163 0.743528
v -0.718609 -0.688830 0.699266
v -0.646731 -1.000026 0.627388
v -0.550000 -1.272792 0.530657
v -0.432132 -1.496645 0.412789
v -0.297658 -1.662983 0.278315
v -0.151745 -1.765414 0.132401
v 0.000000 -1.800000 -0.019343
v -0.178433 1.765413 0.099882
v -0.350008 1.662983 0.214525
v -0.508133 1.496645 0.320181
v -0.646731 1.272792 0.412789
v -0.760476 1.000026 0.488790
v -0.844995 0.688830 0.545265
v -0.897042 0.351163 0.580041
v -0.914616 0.000000 0.591783
v -0.897042 -0.351163 0.580041
v -0.844995 -0.688830 0.545265
v -0.760476 -1.000026 0.488790
v -0.646731 -1.272792 0.412789
v -0.508133 -1.496645 0.320181
v -0.350008 -1.662983 0.214525
v -0.178433 -1.765414 0.099882
v -0.198264 1.765413 0.062780
v -0.388909 1.662983 0.141748
v -0.564608 1.496645 0.214525
v -0.718609 1.272792 0.278315
v -0.844995 1.000026 0.330665
v -0.938908 0.688830 0.369565
v -0.996740 0.351163 0.393520
v -1.016267 0.000000 0.401608
v -0.996740 -0.351163 0.393520
v -0.938908 -0.688830 0.369565
v -0.844995 -1.000026 0.330665
v -0.718609 -1.272792 0.278315
v -0.564608 -1.496645 0.214525
v -0.388909 -1.662983 0.141748
v -0.198264 -1.765414 0.062780
v -0.210476 1.765413 0.022523
v -0.412863 1.662983 0.062780
v -0.599384 1.496645 0.099882
v -0.762872 1.272792 0.132401
v -0.897042 1.000026 0.159089
v -0.996740 0.688830 0.178921
v -1.058133 0.351163 0.191132
v -1.078863 0.000000 0.195256
v -1.058133 -0.351163 0.191132
v -0.996740 -0.688830 0.178921
v -0.897042 -1.000026 0.159089
v -0.762872 -1.272792 0.132401
v -0.599384 -1.496645 0.099882
v -0.412863 -1.662983 0.062780
v -0.210476 -1.765414 0.022523
v -0.214599 1.765413 -0.019343
v -0.420952 1.662983 -0.019343
v -0.611127 1.496645 -0.019343
v -0.777817 1.272792 -0.019343
v -0.914616 1.000026 -0.019343
v -1.016267 0.688830 -0.019343
v -1.078863 0.351163 -0.019343
v -1.099999 0.000000 -0.019344
v -1.078863 -0.351163 -0.019343
v -1.016267 -0.688830 -0.019343
v -0.914616 -1.000026 -0.019343
v -0.777817 -1.272792 -0.019343
v -0.611127 -1.496645 -0.019343
v -0.420952 -1.662983 -0.019343
v -0.214599 -1.765414 -0.019343
v -0.210476 1.765413 -0.061209
v -0.412863 1.662983 -0.101467
v -0.599384 1.496645 -0.138568
v -0.762872 1.272792 -0.171088
v -0.897042 1.000026 -0.197776
v -0.996740 0.688830 -0.217607
v -1.058133 0.351163 -0.229819
v -1.078863 0.000000 -0.233943
v -1.058133 -0.351163 -0.229819
v -0.996740 -0.688830 -0.217607
v -0.897042 -1.000026 -0.197776
v -0.762872 -1.272792 -0.171088
v -0.599384 -1.496645 -0.138568
v -0.412863 -1.662983 -0.101467
v -0.210476 -1.765414 -0.061209
v -0.198264 1.765413 -0.101467
v -0.388909 1.662983 -0.180434
v -0.564607 1.496645 -0.253211
v -0.718609 1.272792 -0.317001
v -0.844995 1.000026 -0.369352
v -0.938908 0.688830 -0.408252
v -0.996739 0.351163 -0.432207
v -1.016266 0.000000 -0.440295
v -0.996739 -0.351163 -0.432207
v -0.938908 -0.688830 -0.408252
v -0.844995 -1.000026 -0.369352
v -0.718609 -1.272792 -0.317001
v -0.564607 -1.496645 -0.253211
v -0.388909 -1.662983 -0.180434
v -0.198264 -1.765414 -0.101467
v -0.178433 1.765413 -0.138568
v -0.350008 1.662983 -0.253211
v -0.508133 1.496645 -0.358867
v -0.646731 1.272792 -0.451475
v -0.760475 1.000026 -0.527477
v -0.844995 0.688830 -0.583951
v -0.897042 0.351163 -0.618728
v -0.914615 0.000000 -0.630470
v -0.897042 -0.351163 -0.618728
v -0.844995 -0.688830 -0.583951
v -0.760475 -1.000026 -0.527477
v -0.646731 -1.272792 -0.451475
v -0.508133 -1.496645 -0.358867
v -0.350008 -1.662983 -0.253211
v -0.178433 -1.765414 -0.138568
v -0.151744 1.765413 -0.171088
v -0.297658 1.662983 -0.317001
v -0.432132 1.496645 -0.451475
v -0.550000 1.272792 -0.569343
v -0.646731 1.000026 -0.666074
v -0.718609 0.688830 -0.737952
v -0.762871 0.351163 -0.782215
v -0.777816 0.000000 -0.797160
v -0.762871 -0.351163 -0.782215
v -0.718609 -0.688830 -0.737952
v -0.646731 -1.000026 -0.666074
v -0.550000 -1.272792 -0.569343
v -0.432132 -1.496645 -0.451475
v -0.297658 -1.662983 -0.317001
v -0.151744 -1.765414 -0.171088
v -0.119225 1.765413 -0.197776
v -0.233868 1.662983 -0.369352
v -0.339524 1.496645 -0.527476
v -0.432132 1.272792 -0.666075
v -0.508133 1.000026 -0.779819
v -0.564608 0.688830 -0.864338
v -0.599384 0.351163 -0.916385
v -0.611126 0.000000 -0.933959
v -0.599384 -0.351163 -0.916385
v -0.564608 -0.688830 -0.864338
v -0.508133 -1.000026 -0.779819
v -0.432132 -1.272792 -0.666075
v -0.339524 -1.496645 -0.527476
v -0.233868 -1.662983 -0.369352
v -0.119225 -1.765414 -0.197776
v -0.082124 1.765413 -0.217607
v -0.161091 1.662983 -0.408252
v -0.233868 1.496645 -0.583951
v -0.297658 1.272792 -0.737953
v -0.350008 1.000026 -0.864338
v -0.388908 0.688830 -0.958251
v -0.412863 0.351163 -1.016083
v -0.420951 0.000000 -1.035610
v -0.412863 -0.351163 -1.016083
v -0.388908 -0.688830 -0.958251
v -0.350008 -1.000026 -0.864338
v -0.297658 -1.272792 -0.737953
v -0.233868 -1.496645 -0.583951
v -0.161091 -1.662983 -0.408252
v -0.082124 -1.765414 -0.217607
v -0.041866 1.765413 -0.229819
v -0.082123 1.662983 -0.432206
v -0.119225 1.496645 -0.618727
v -0.151745 1.272792 -0.782215
v -0.178432 1.000026 -0.916385
v -0.198264 0.688830 -1.016083
v -0.210475 0.351163 -1.077476
v -0.214599 0.000000 -1.098206
v -0.210475 -0.351163 -1.077476
v -0.198264 -0.688830 -1.016083
v -0.178432 -1.000026 -0.916385
v -0.151745 -1.272792 -0.782215
v -0.119225 -1.496645 -0.618727
v -0.082123 -1.662983 -0.432206
v -0.041866 -1.765414 -0.229819
v 0.000000 1.765413 -0.233942
v 0.000000 1.662983 -0.440295
v 0.000000 1.272792 -0.797160
v 0.000000 0.688830 -1.035610
v 0.000000 -0.688830 -1.035610
v 0.000000 -1.272792 -0.797160
v 0.000000 -1.496645 -0.630470
v 0.000000 -1.662983 -0.440295
v 0.000000 -1.765414 -0.233942
vn -0.0000 0.5033 0.8641
vn -0.0000 -1.0000 -0.0000
vn 0.1686 0.5033 0.8475
vn 0.3307 0.5033 0.7983
vn 0.4801 0.5033 0.7185
vn 0.6110 0.5033 0.6110
vn 0.7185 0.5033 0.4801
vn 0.7983 0.5033 0.3307
vn 0.8475 0.5033 0.1686
vn 0.8641 0.5033 -0.0000
vn 0.8475 0.5033 -0.1686
vn 0.7983 0.5033 -0.3307
vn 0.7185 0.5033 -0.4801
vn 0.6110 0.5033 -0.6110
vn 0.4801 0.5033 -0.7185
vn 0.3307 0.5033 -0.7983
vn 0.1686 0.5033 -0.8475
vn -0.0000 0.5033 -0.8641
vn -0.1686 0.5033 -0.8475
vn -0.3307 0.5033 -0.7983
vn -0.4801 0.5033 -0.7185
vn -0.6110 0.5033 -0.6110
vn -0.7185 0.5033 -0.4801
vn -0.7983 0.5033 -0.3307
vn -0.8475 0.5033 -0.1686
vn -0.8641 0.5033 -0.0000
vn -0.8475 0.5033 0.1686
vn -0.7983 0.5033 0.3307
vn -0.7185 0.5033 0.4801
vn -0.6110 0.5033 0.6110
vn -0.4801 0.5033 0.7185
vn -0.3307 0.5033 0.7983
vn -0.1686 0.5033 0.8475
vn -0.0000 -0.8274 -0.5616
vn 0.0612 -0.9495 -0.3077
vn -0.0000 -0.9495 -0.3138
vn -0.0000 0.1209 -0.9927
vn 0.1951 -0.0000 -0.9808
vn -0.0000 -0.0000 -1.0000
vn -0.0000 0.9495 -0.3138
vn -0.0000 1.0000 -0.0000
vn 0.0612 0.9495 -0.3077
vn 0.1937 -0.1209 -0.9736
vn -0.0000 -0.1209 -0.9927
vn -0.0000 0.8274 -0.5616
vn 0.1096 0.8274 -0.5508
vn 0.1891 -0.2459 -0.9507
vn -0.0000 -0.2459 -0.9693
vn -0.0000 0.6755 -0.7374
vn 0.1438 0.6755 -0.7232
vn 0.1805 -0.3788 -0.9077
vn -0.0000 -0.3788 -0.9255
vn -0.0000 0.5224 -0.8527
vn 0.1664 0.5224 -0.8363
vn 0.1664 -0.5224 -0.8363
vn -0.0000 -0.5224 -0.8527
vn -0.0000 0.3788 -0.9255
vn 0.1805 0.3788 -0.9077
vn 0.1438 -0.6755 -0.7232
vn -0.0000 -0.6755 -0.7373
vn -0.0000 0.2459 -0.9693
vn 0.1891 0.2459 -0.9507
vn 0.1096 -0.8274 -0.5508
vn 0.1937 0.1209 -0.9736
vn 0.3709 0.2459 -0.8955
vn 0.2822 -0.6755 -0.6812
vn 0.2149 -0.8274 -0.5189
vn 0.3799 0.1209 -0.9171
vn 0.1201 -0.9495 -0.2899
vn 0.3827 -0.0000 -0.9239
vn 0.1201 0.9495 -0.2899
vn 0.3799 -0.1209 -0.9171
vn 0.2149 0.8274 -0.5189
vn 0.3709 -0.2459 -0.8955
vn 0.2822 0.6755 -0.6812
vn 0.3542 -0.3788 -0.8550
vn 0.3263 0.5224 -0.7878
vn 0.3263 -0.5224 -0.7878
vn 0.3542 0.3788 -0.8550
vn 0.5385 -0.2459 -0.8059
vn 0.4097 0.6755 -0.6131
vn 0.5142 -0.3788 -0.7695
vn 0.4737 0.5224 -0.7090
vn 0.4737 -0.5224 -0.7090
vn 0.5142 0.3788 -0.7695
vn 0.4096 -0.6755 -0.6131
vn 0.5385 0.2459 -0.8059
vn 0.3120 -0.8274 -0.4670
vn 0.5515 0.1209 -0.8254
vn 0.1743 -0.9495 -0.2609
vn 0.5556 -0.0000 -0.8315
vn 0.1743 0.9495 -0.2609
vn 0.5515 -0.1209 -0.8254
vn 0.3120 0.8274 -0.4670
vn 0.5214 -0.6755 -0.5214
vn 0.3971 -0.8274 -0.3971
vn 0.7019 0.1209 -0.7019
vn 0.2219 -0.9495 -0.2219
vn 0.7071 -0.0000 -0.7071
vn 0.2219 0.9495 -0.2219
vn 0.7019 -0.1209 -0.7019
vn 0.3971 0.8274 -0.3971
vn 0.6854 -0.2459 -0.6854
vn 0.5214 0.6755 -0.5214
vn 0.6544 -0.3788 -0.6544
vn 0.6030 0.5224 -0.6030
vn 0.6030 -0.5224 -0.6030
vn 0.6544 0.3788 -0.6544
vn 0.6854 0.2459 -0.6854
vn 0.8059 -0.2459 -0.5385
vn 0.7695 -0.3788 -0.5142
vn 0.7090 0.5224 -0.4737
vn 0.7090 -0.5224 -0.4737
vn 0.7695 0.3788 -0.5142
vn 0.6131 -0.6755 -0.4096
vn 0.8059 0.2459 -0.5385
vn 0.4670 -0.8274 -0.3120
vn 0.8254 0.1209 -0.5515
vn 0.2609 -0.9495 -0.1743
vn 0.8315 -0.0000 -0.5556
vn 0.2609 0.9495 -0.1743
vn 0.8254 -0.1209 -0.5515
vn 0.4670 0.8274 -0.3120
vn 0.6131 0.6755 -0.4096
vn 0.5189 -0.8274 -0.2149
vn 0.2899 -0.9495 -0.1201
vn 0.9171 0.1209 -0.3799
vn 0.9239 -0.0000 -0.3827
vn 0.2899 0.9495 -0.1201
vn 0.9171 -0.1209 -0.3799
vn 0.5189 0.8274 -0.2149
vn 0.8955 -0.2459 -0.3709
vn 0.6812 0.6755 -0.2822
vn 0.8550 -0.3788 -0.3542
vn 0.7878 0.5224 -0.3263
vn 0.7878 -0.5224 -0.3263
vn 0.8550 0.3788 -0.3542
vn 0.6812 -0.6755 -0.2822
vn 0.8955 0.2459 -0.3709
vn 0.8363 0.5224 -0.1664
vn 0.8363 -0.5224 -0.1664
vn 0.9077 0.3788 -0.1805
vn 0.7232 -0.6755 -0.1438
vn 0.9507 0.2459 -0.1891
vn 0.5508 -0.8274 -0.1096
vn 0.9736 0.1209 -0.1937
vn 0.3077 -0.9495 -0.0612
vn 0.9808 -0.0000 -0.1951
vn 0.3077 0.9495 -0.0612
vn 0.9736 -0.1209 -0.1937
vn 0.5508 0.8274 -0.1096
vn 0.9507 -0.2459 -0.1891
vn 0.7232 0.6755 -0.1438
vn 0.9077 -0.3788 -0.1805
vn 0.9927 0.1209 -0.0000
vn 1.0000 -0.0000 -0.0000
vn 0.3138 0.9495 -0.0000
vn 0.3138 -0.9495 -0.0000
vn 0.9927 -0.1209 -0.0000
vn 0.5616 0.8274 -0.0000
vn 0.9693 -0.2459 -0.0000
vn 0.7374 0.6755 -0.0000
vn 0.9255 -0.3788 -0.0000
vn 0.8527 0.5224 -0.0000
vn 0.8527 -0.5224 -0.0000
vn 0.9255 0.3788 -0.0000
vn 0.7374 -0.6755 -0.0000
vn 0.9693 0.2459 -0.0000
vn 0.5616 -0.8274 -0.0000
vn 0.8363 -0.5224 0.1664
vn 0.8363 0.5224 0.1664
vn 0.9077 0.3788 0.1805
vn 0.7232 -0.6755 0.1438
vn 0.9507 0.2459 0.1891
vn 0.5508 -0.8274 0.1096
vn 0.9736 0.1209 0.1937
vn 0.3077 -0.9495 0.0612
vn 0.9808 -0.0000 0.1951
vn 0.3077 0.9495 0.0612
vn 0.9736 -0.1209 0.1937
vn 0.5508 0.8274 0.1096
vn 0.9507 -0.2459 0.1891
vn 0.7232 0.6755 0.1438
vn 0.9077 -0.3788 0.1805
vn 0.2899 0.9495 0.1201
vn 0.2899 -0.9495 0.1201
vn 0.9171 -0.1209 0.3799
vn 0.5189 0.8274 0.2149
vn 0.8955 -0.2459 0.3709
vn 0.6812 0.6755 0.2822
vn 0.8550 -0.3788 0.3542
vn 0.7878 0.5224 0.3263
vn 0.7878 -0.5224 0.3263
vn 0.8550 0.3788 0.3542
vn 0.6812 -0.6755 0.2822
vn 0.8955 0.2459 0.3709
vn 0.5189 -0.8274 0.2149
vn 0.9171 0.1209 0.3799
vn 0.9239 -0.0000 0.3827
vn 0.7090 0.5224 0.4737
vn 0.7695 0.3788 0.5142
vn 0.7090 -0.5224 0.4737
vn 0.6131 -0.6755 0.4097
vn 0.8059 0.2459 0.5385
vn 0.4670 -0.8274 0.3120
vn 0.8254 0.1209 0.5515
vn 0.2609 -0.9495 0.1743
vn 0.8315 -0.0000 0.5556
vn 0.2609 0.9495 0.1743
vn 0.8254 -0.1209 0.5515
vn 0.4670 0.8274 0.3120
vn 0.8059 -0.2459 0.5385
vn 0.6131 0.6755 0.4097
vn 0.7695 -0.3788 0.5142
vn 0.7019 -0.1209 0.7019
vn 0.3971 0.8274 0.3971
vn 0.6854 -0.2459 0.6854
vn 0.5214 0.6755 0.5214
vn 0.6544 -0.3788 0.6544
vn 0.6030 0.5224 0.6030
vn 0.6030 -0.5224 0.6030
vn 0.6544 0.3788 0.6544
vn 0.5214 -0.6755 0.5214
vn 0.6854 0.2459 0.6854
vn 0.3971 -0.8274 0.3971
vn 0.7019 0.1209 0.7019
vn 0.2219 -0.9495 0.2219
vn 0.7071 -0.0000 0.7071
vn 0.2219 0.9495 0.2219
vn 0.4737 -0.5224 0.7090
vn 0.4096 -0.6755 0.6131
vn 0.5385 0.2459 0.8059
vn 0.3120 -0.8274 0.4670
vn 0.5515 0.1209 0.8254
vn 0.1743 -0.9495 0.2609
vn 0.5556 -0.0000 0.8315
vn 0.1743 0.9495 0.2609
vn 0.5515 -0.1209 0.8254
vn 0.3120 0.8274 0.4670
vn 0.5385 -0.2459 0.8059
vn 0.4096 0.6755 0.6131
vn 0.5142 -0.3788 0.7695
vn 0.4737 0.5224 0.7090
vn 0.5142 0.3788 0.7695
vn 0.3709 -0.2459 0.8955
vn 0.2822 0.6755 0.6812
vn 0.3542 -0.3788 0.8550
vn 0.3263 0.5224 0.7878
vn 0.3263 -0.5224 0.7878
vn 0.3542 0.3788 0.8550
vn 0.2822 -0.6755 0.6812
vn 0.3709 0.2459 0.8955
vn 0.2149 -0.8274 0.5189
vn 0.3799 0.1209 0.9171
vn 0.1201 -0.9495 0.2899
vn 0.3827 -0.0000 0.9239
vn 0.1201 0.9495 0.2899
vn 0.3799 -0.1209 0.9171
vn 0.2149 0.8274 0.5189
vn 0.1439 -0.6755 0.7232
vn 0.1096 -0.8274 0.5508
vn 0.1891 0.2459 0.9507
vn 0.1937 0.1209 0.9736
vn 0.0612 -0.9495 0.3077
vn 0.1951 -0.0000 0.9808
vn 0.0612 0.9495 0.3077
vn 0.1937 -0.1209 0.9736
vn 0.1096 0.8274 0.5508
vn 0.1891 -0.2459 0.9507
vn 0.1438 0.6755 0.7232
vn 0.1805 -0.3788 0.9077
vn 0.1664 0.5224 0.8363
vn 0.1664 -0.5224 0.8363
vn 0.1805 0.3788 0.9077
vn -0.0000 0.8274 0.5616
vn -0.0000 0.6755 0.7373
vn -0.0000 -0.2459 0.9693
vn -0.0000 -0.3788 0.9255
vn -0.0000 0.5224 0.8527
vn -0.0000 -0.5224 0.8527
vn -0.0000 0.3788 0.9255
vn -0.0000 -0.6755 0.7374
vn -0.0000 0.2459 0.9693
vn -0.0000 -0.8274 0.5616
vn -0.0000 0.1209 0.9927
vn -0.0000 -0.9495 0.3138
vn -0.0000 -0.0000 1.0000
vn -0.0000 0.9495 0.3138
vn -0.0000 -0.1209 0.9927
vn -0.1891 0.2459 0.9507
vn -0.1937 0.1209 0.9736
vn -0.1096 -0.8274 0.5508
vn -0.0612 -0.9495 0.3077
vn -0.1951 -0.0000 0.9808
vn -0.0612 0.9495 0.3077
vn -0.1937 -0.1209 0.9736
vn -0.1096 0.8274 0.5508
vn -0.1891 -0.2459 0.9507
vn -0.1439 0.6755 0.7232
vn -0.1805 -0.3788 0.9077
vn -0.1664 0.5224 0.8363
vn -0.1664 -0.5224 0.8363
vn -0.1805 0.3788 0.9077
vn -0.1439 -0.6755 0.7232
vn -0.3709 -0.2459 0.8955
vn -0.3542 -0.3788 0.8550
vn -0.3263 0.5224 0.7878
vn -0.3263 -0.5224 0.7878
vn -0.3542 0.3788 0.8550
vn -0.2822 -0.6755 0.6812
vn -0.3709 0.2459 0.8955
vn -0.2149 -0.8274 0.5189
vn -0.3799 0.1209 0.9171
vn -0.1201 -0.9495 0.2899
vn -0.3827 -0.0000 0.9239
vn -0.1201 0.9495 0.2899
vn -0.3799 -0.1209 0.9171
vn -0.2149 0.8274 0.5189
vn -0.2822 0.6755 0.6812
vn -0.3120 -0.8274 0.4670
vn -0.1743 -0.9495 0.2609
vn -0.5515 0.1209 0.8254
vn -0.5556 -0.0000 0.8315
vn -0.1743 0.9495 0.2609
vn -0.5515 -0.1209 0.8254
vn -0.3120 0.8274 0.4670
vn -0.5385 -0.2459 0.8059
vn -0.4097 0.6755 0.6131
vn -0.5142 -0.3788 0.7695
vn -0.4737 0.5224 0.7090
vn -0.4737 -0.5224 0.7090
vn -0.5142 0.3788 0.7695
vn -0.4097 -0.6755 0.6131
vn -0.5385 0.2459 0.8059
vn -0.6030 0.5224 0.6030
vn -0.6030 -0.5224 0.6030
vn -0.6544 0.3788 0.6544
vn -0.5214 -0.6755 0.5214
vn -0.6854 0.2459 0.6854
vn -0.3971 -0.8274 0.3971
vn -0.7019 0.1209 0.7019
vn -0.2219 -0.9495 0.2219
vn -0.7071 -0.0000 0.7071
vn -0.2219 0.9495 0.2219
vn -0.7019 -0.1209 0.7019
vn -0.3971 0.8274 0.3971
vn -0.6854 -0.2459 0.6854
vn -0.5214 0.6755 0.5214
vn -0.6544 -0.3788 0.6544
vn -0.8254 0.1209 0.5515
vn -0.8315 -0.0000 0.5556
vn -0.2609 0.9495 0.1743
vn -0.2609 -0.9495 0.1743
vn -0.8254 -0.1209 0.5515
vn -0.4670 0.8274 0.3120
vn -0.8059 -0.2459 0.5385
vn -0.6131 0.6755 0.4096
vn -0.7695 -0.3788 0.5142
vn -0.7090 0.5224 0.4737
vn -0.7090 -0.5224 0.4737
vn -0.7695 0.3788 0.5142
vn -0.6131 -0.6755 0.4096
vn -0.8059 0.2459 0.5385
vn -0.4670 -0.8274 0.3120
vn -0.7878 -0.5224 0.3263
vn -0.7878 0.5224 0.3263
vn -0.8550 0.3788 0.3542
vn -0.6812 -0.6755 0.2822
vn -0.8955 0.2459 0.3709
vn -0.5189 -0.8274 0.2149
vn -0.9171 0.1209 0.3799
vn -0.2899 -0.9495 0.1201
vn -0.9239 -0.0000 0.3827
vn -0.2899 0.9495 0.1201
vn -0.9171 -0.1209 0.3799
vn -0.5189 0.8274 0.2149
vn -0.8955 -0.2459 0.3709
vn -0.6812 0.6755 0.2822
vn -0.8550 -0.3788 0.3542
vn -0.3077 -0.9495 0.0612
vn -0.9736 -0.1209 0.1937
vn -0.5508 0.8274 0.1096
vn -0.9507 -0.2459 0.1891
vn -0.7232 0.6755 0.1438
vn -0.9077 -0.3788 0.1805
vn -0.8363 0.5224 0.1664
vn -0.8363 -0.5224 0.1664
vn -0.9077 0.3788 0.1805
vn -0.7232 -0.6755 0.1438
vn -0.9507 0.2459 0.1891
vn -0.5508 -0.8274 0.1096
vn -0.9736 0.1209 0.1937
vn -0.9808 -0.0000 0.1951
vn -0.3077 0.9495 0.0612
vn -0.8527 -0.5224 -0.0000
vn -0.7374 -0.6755 -0.0000
vn -0.9693 0.2459 -0.0000
vn -0.5616 -0.8274 -0.0000
vn -0.9927 0.1209 -0.0000
vn -0.3138 -0.9495 -0.0000
vn -1.0000 -0.0000 -0.0000
vn -0.3138 0.9495 -0.0000
vn -0.9927 -0.1209 -0.0000
vn -0.5616 0.8274 -0.0000
vn -0.9693 -0.2459 -0.0000
vn -0.7374 0.6755 -0.0000
vn -0.9255 -0.3788 -0.0000
vn -0.8527 0.5224 -0.0000
vn -0.9255 0.3788 -0.0000
vn -0.5508 0.8274 -0.1096
vn -0.9507 -0.2459 -0.1891
vn -0.7232 0.6755 -0.1439
vn -0.9077 -0.3788 -0.1805
vn -0.8363 0.5224 -0.1664
vn -0.8363 -0.5224 -0.1664
vn -0.9077 0.3788 -0.1805
vn -0.7232 -0.6755 -0.1439
vn -0.9507 0.2459 -0.1891
vn -0.5508 -0.8274 -0.1096
vn -0.9736 0.1209 -0.1937
vn -0.3077 -0.9495 -0.0612
vn -0.9808 -0.0000 -0.1951
vn -0.3077 0.9495 -0.0612
vn -0.9736 -0.1209 -0.1937
vn -0.8955 0.2459 -0.3709
vn -0.5189 -0.8274 -0.2149
vn -0.9171 0.1209 -0.3799
vn -0.2899 -0.9495 -0.1201
vn -0.9239 -0.0000 -0.3827
vn -0.2899 0.9495 -0.1201
vn -0.9171 -0.1209 -0.3799
vn -0.5189 0.8274 -0.2149
vn -0.8955 -0.2459 -0.3709
vn -0.6812 0.6755 -0.2822
vn -0.8550 -0.3788 -0.3542
vn -0.7878 0.5224 -0.3263
vn -0.7878 -0.5224 -0.3263
vn -0.8550 0.3788 -0.3542
vn -0.6812 -0.6755 -0.2822
vn -0.8059 -0.2459 -0.5385
vn -0.4670 0.8274 -0.3120
vn -0.6131 0.6755 -0.4096
vn -0.7695 -0.3788 -0.5142
vn -0.7090 0.5224 -0.4737
vn -0.7090 -0.5224 -0.4737
vn -0.7695 0.3788 -0.5142
vn -0.6131 -0.6755 -0.4096
vn -0.8059 0.2459 -0.5385
vn -0.4670 -0.8274 -0.3120
vn -0.8254 0.1209 -0.5515
vn -0.2609 -0.9495 -0.1743
vn -0.8315 -0.0000 -0.5556
vn -0.2609 0.9495 -0.1743
vn -0.8254 -0.1209 -0.5515
vn -0.3971 -0.8274 -0.3971
vn -0.6854 0.2459 -0.6854
vn -0.7019 0.1209 -0.7019
vn -0.2219 -0.9495 -0.2219
vn -0.7071 -0.0000 -0.7071
vn -0.2219 0.9495 -0.2219
vn -0.7019 -0.1209 -0.7019
vn -0.3971 0.8274 -0.3971
vn -0.6854 -0.2459 -0.6854
vn -0.5214 0.6755 -0.5214
vn -0.6544 -0.3788 -0.6544
vn -0.6030 0.5224 -0.6030
vn -0.6030 -0.5224 -0.6030
vn -0.6544 0.3788 -0.6544
vn -0.5214 -0.6755 -0.5214
vn -0.3120 0.8274 -0.4670
vn -0.4096 0.6755 -0.6131
vn -0.5385 -0.2459 -0.8059
vn -0.5142 -0.3788 -0.7695
vn -0.4737 0.5224 -0.7090
vn -0.4737 -0.5224 -0.7090
vn -0.5142 0.3788 -0.7695
vn -0.4096 -0.6755 -0.6131
vn -0.5385 0.2459 -0.8059
vn -0.3120 -0.8274 -0.4670
vn -0.5515 0.1209 -0.8254
vn -0.1743 -0.9495 -0.2609
vn -0.5556 -0.0000 -0.8315
vn -0.1743 0.9495 -0.2609
vn -0.5515 -0.1209 -0.8254
vn -0.3709 0.2459 -0.8955
vn -0.3799 0.1209 -0.9171
vn -0.1201 -0.9495 -0.2899
vn -0.3827 -0.0000 -0.9239
vn -0.1201 0.9495 -0.2899
vn -0.3799 -0.1209 -0.9171
vn -0.2149 0.8274 -0.5189
vn -0.3709 -0.2459 -0.8955
vn -0.2822 0.6755 -0.6812
vn -0.3542 -0.3788 -0.8550
vn -0.3263 0.5224 -0.7878
vn -0.3263 -0.5224 -0.7878
vn -0.3542 0.3788 -0.8550
vn -0.2822 -0.6755 -0.6812
vn -0.2149 -0.8274 -0.5189
vn -0.1891 -0.2459 -0.9507
vn -0.1806 -0.3788 -0.9077
vn -0.1664 0.5224 -0.8363
vn -0.1664 -0.5224 -0.8363
vn -0.1806 0.3788 -0.9077
vn -0.1438 -0.6755 -0.7232
vn -0.1891 0.2459 -0.9507
vn -0.1096 -0.8274 -0.5508
vn -0.1937 0.1209 -0.9736
vn -0.0612 -0.9495 -0.3077
vn -0.1951 -0.0000 -0.9808
vn -0.0612 0.9495 -0.3077
vn -0.1937 -0.1209 -0.9736
vn -0.1096 0.8274 -0.5508
vn -0.1439 0.6755 -0.7232
vt 0.501953 0.993906
vt 0.750000 0.988047
vt 0.548775 0.989295
vt 0.796822 0.983435
vt 0.593797 0.975637
vt 0.841844 0.969778
vt 0.635290 0.953459
vt 0.883337 0.947600
vt 0.671659 0.923612
vt 0.919706 0.917752
vt 0.701506 0.887243
vt 0.949553 0.881384
vt 0.723684 0.845750
vt 0.971731 0.839891
vt 0.737342 0.800728
vt 0.985388 0.794868
vt 0.741953 0.753906
vt 0.990000 0.748047
vt 0.737342 0.707085
vt 0.985388 0.701225
vt 0.723684 0.662062
vt 0.971731 0.656203
vt 0.701506 0.620569
vt 0.949553 0.614710
vt 0.671659 0.584201
vt 0.919706 0.578341
vt 0.635290 0.554353
vt 0.883337 0.548494
vt 0.593797 0.532175
vt 0.841844 0.526316
vt 0.548775 0.518518
vt 0.796822 0.512658
vt 0.501953 0.513906
vt 0.750000 0.508047
vt 0.455131 0.518518
vt 0.703178 0.512658
vt 0.410109 0.532175
vt 0.658156 0.526316
vt 0.368616 0.554353
vt 0.616663 0.548494
vt 0.332247 0.584201
vt 0.580294 0.578341
vt 0.302400 0.620569
vt 0.550447 0.614710
vt 0.280222 0.662062
vt 0.528269 0.656203
vt 0.266565 0.707085
vt 0.514612 0.701225
vt 0.261953 0.753906
vt 0.510000 0.748047
vt 0.266565 0.800728
vt 0.514612 0.794868
vt 0.280222 0.845750
vt 0.528269 0.839891
vt 0.302400 0.887243
vt 0.550447 0.881384
vt 0.332247 0.923612
vt 0.580294 0.917752
vt 0.368616 0.953459
vt 0.616663 0.947600
vt 0.410109 0.975637
vt 0.658156 0.969778
vt 0.455131 0.989295
vt 0.703178 0.983435
vt 0.501953 0.753906
vt 0.750000 0.812500
vt 0.750000 0.687500
vt 0.750000 0.562500
vt 0.750000 0.500000
vt 0.750000 0.437500
vt 0.750000 0.312500
vt 0.718750 0.937500
vt 0.718750 0.875000
vt 0.718750 0.812500
vt 0.718750 0.750000
vt 0.718750 0.687500
vt 0.718750 0.625000
vt 0.718750 0.562500
vt 0.718750 0.500000
vt 0.718750 0.437500
vt 0.718750 0.375000
vt 0.718750 0.312500
vt 0.718750 0.250000
vt 0.718750 0.187500
vt 0.718750 0.125000
vt 0.718750 0.062500
vt 0.687500 0.937500
vt 0.687500 0.875000
vt 0.687500 0.812500
vt 0.687500 0.750000
vt 0.687500 0.687500
vt 0.687500 0.625000
vt 0.687500 0.562500
vt 0.687500 0.500000
vt 0.687500 0.437500
vt 0.687500 0.375000
vt 0.687500 0.312500
vt 0.687500 0.250000
vt 0.687500 0.187500
vt 0.687500 0.125000
vt 0.687500 0.062500
vt 0.656250 0.937500
vt 0.656250 0.875000
vt 0.656250 0.812500
vt 0.656250 0.750000
vt 0.656250 0.687500
vt 0.656250 0.625000
vt 0.656250 0.562500
vt 0.656250 0.500000
vt 0.656250 0.437500
vt 0.656250 0.375000
vt 0.656250 0.312500
vt 0.656250 0.250000
vt 0.656250 0.187500
vt 0.656250 0.125000
vt 0.656250 0.062500
vt 0.625000 0.937500
vt 0.625000 0.875000
vt 0.625000 0.812500
vt 0.625000 0.750000
vt 0.625000 0.687500
vt 0.625000 0.625000
vt 0.625000 0.562500
vt 0.625000 0.500000
vt 0.625000 0.437500
vt 0.625000 0.375000
vt 0.625000 0.312500
vt 0.625000 0.250000
vt 0.625000 0.187500
vt 0.625000 0.125000
vt 0.625000 0.062500
vt 0.593750 0.937500
vt 0.593750 0.875000
vt 0.593750 0.812500
vt 0.593750 0.750000
vt 0.593750 0.687500
vt 0.593750 0.625000
vt 0.593750 0.562500
vt 0.593750 0.500000
vt 0.593750 0.437500
vt 0.593750 0.375000
vt 0.593750 0.312500
vt 0.593750 0.250000
vt 0.593750 0.187500
vt 0.593750 0.125000
vt 0.593750 0.062500
vt 0.734375 1.000000
vt 0.703125 1.000000
vt 0.671875 1.000000
vt 0.640625 1.000000
vt 0.609375 1.000000
vt 0.578125 1.000000
vt 0.546875 1.000000
vt 0.515625 1.000000
vt 0.484375 1.000000
vt 0.453125 1.000000
vt 0.421875 1.000000
vt 0.390625 1.000000
vt 0.359375 1.000000
vt 0.328125 1.000000
vt 0.296875 1.000000
vt 0.265625 1.000000
vt 0.234375 1.000000
vt 0.203125 1.000000
vt 0.171875 1.000000
vt 0.140625 1.000000
vt 0.109375 1.000000
vt 0.078125 1.000000
vt 0.046875 1.000000
vt 0.015625 1.000000
vt 0.984375 1.000000
vt 0.953125 1.000000
vt 0.921875 1.000000
vt 0.890625 1.000000
vt 0.859375 1.000000
vt 0.828125 1.000000
vt 0.796875 1.000000
vt 0.765625 1.000000
vt 0.562500 0.937500
vt 0.562500 0.875000
vt 0.562500 0.812500
vt 0.562500 0.750000
vt 0.562500 0.687500
vt 0.562500 0.625000
vt 0.562500 0.562500
vt 0.562500 0.500000
vt 0.562500 0.437500
vt 0.562500 0.375000
vt 0.562500 0.312500
vt 0.562500 0.250000
vt 0.562500 0.187500
vt 0.562500 0.125000
vt 0.562500 0.062500
vt 0.531250 0.937500
vt 0.531250 0.875000
vt 0.531250 0.812500
vt 0.531250 0.750000
vt 0.531250 0.687500
vt 0.531250 0.625000
vt 0.531250 0.562500
vt 0.531250 0.500000
vt 0.531250 0.437500
vt 0.531250 0.375000
vt 0.531250 0.312500
vt 0.531250 0.250000
vt 0.531250 0.187500
vt 0.531250 0.125000
vt 0.531250 0.062500
vt 0.500000 0.937500
vt 0.500000 0.875000
vt 0.500000 0.812500
vt 0.500000 0.750000
vt 0.500000 0.687500
vt 0.500000 0.625000
vt 0.500000 0.562500
vt 0.500000 0.500000
vt 0.500000 0.437500
vt 0.500000 0.375000
vt 0.500000 0.312500
vt 0.500000 0.250000
vt 0.500000 0.187500
vt 0.500000 0.125000
vt 0.500000 0.062500
vt 0.468750 0.937500
vt 0.468750 0.875000
vt 0.468750 0.812500
vt 0.468750 0.750000
vt 0.468750 0.687500
vt 0.468750 0.625000
vt 0.468750 0.562500
vt 0.468750 0.500000
vt 0.468750 0.437500
vt 0.468750 0.375000
vt 0.468750 0.312500
vt 0.468750 0.250000
vt 0.468750 0.187500
vt 0.468750 0.125000
vt 0.468750 0.062500
vt 0.437500 0.937500
vt 0.437500 0.875000
vt 0.437500 0.812500
vt 0.437500 0.750000
vt 0.437500 0.687500
vt 0.437500 0.625000
vt 0.437500 0.562500
vt 0.437500 0.500000
vt 0.437500 0.437500
vt 0.437500 0.375000
vt 0.437500 0.312500
vt 0.437500 0.250000
vt 0.437500 0.187500
vt 0.437500 0.125000
vt 0.437500 0.062500
vt 0.406250 0.937500
vt 0.406250 0.875000
vt 0.406250 0.812500
vt 0.406250 0.750000
vt 0.406250 0.687500
vt 0.406250 0.625000
vt 0.406250 0.562500
vt 0.406250 0.500000
vt 0.406250 0.437500
vt 0.406250 0.375000
vt 0.406250 0.312500
vt 0.406250 0.250000
vt 0.406250 0.187500
vt 0.406250 0.125000
vt 0.406250 0.062500
vt 0.375000 0.937500
vt 0.375000 0.875000
vt 0.375000 0.812500
vt 0.375000 0.750000
vt 0.375000 0.687500
vt 0.375000 0.625000
vt 0.375000 0.562500
vt 0.375000 0.500000
vt 0.375000 0.437500
vt 0.375000 0.375000
vt 0.375000 0.312500
vt 0.375000 0.250000
vt 0.375000 0.187500
vt 0.375000 0.125000
vt 0.375000 0.062500
vt 0.343750 0.937500
vt 0.343750 0.875000
vt 0.343750 0.812500
vt 0.343750 0.750000
vt 0.343750 0.687500
vt 0.343750 0.625000
vt 0.343750 0.562500
vt 0.343750 0.500000
vt 0.343750 0.437500
vt 0.343750 0.375000
vt 0.343750 0.312500
vt 0.343750 0.250000
vt 0.343750 0.187500
vt 0.343750 0.125000
vt 0.343750 0.062500
vt 0.312500 0.937500
vt 0.312500 0.875000
vt 0.312500 0.812500
vt 0.312500 0.750000
vt 0.312500 0.687500
vt 0.312500 0.625000
vt 0.312500 0.562500
vt 0.312500 0.500000
vt 0.312500 0.437500
vt 0.312500 0.375000
vt 0.312500 0.312500
vt 0.312500 0.250000
vt 0.312500 0.187500
vt 0.312500 0.125000
vt 0.312500 0.062500
vt 0.281250 0.937500
vt 0.281250 0.875000
vt 0.281250 0.812500
vt 0.281250 0.750000
vt 0.281250 0.687500
vt 0.281250 0.625000
vt 0.281250 0.562500
vt 0.281250 0.500000
vt 0.281250 0.437500
vt 0.281250 0.375000
vt 0.281250 0.312500
vt 0.281250 0.250000
vt 0.281250 0.187500
vt 0.281250 0.125000
vt 0.281250 0.062500
vt 0.250000 0.937500
vt 0.250000 0.875000
vt 0.250000 0.812500
vt 0.250000 0.750000
vt 0.250000 0.687500
vt 0.250000 0.625000
vt 0.250000 0.562500
vt 0.250000 0.500000
vt 0.250000 0.437500
vt 0.250000 0.375000
vt 0.250000 0.312500
vt 0.250000 0.250000
vt 0.250000 0.187500
vt 0.250000 0.125000
vt 0.250000 0.062500
vt 0.218750 0.937500
vt 0.218750 0.875000
vt 0.218750 0.812500
vt 0.218750 0.750000
vt 0.218750 0.687500
vt 0.218750 0.625000
vt 0.218750 0.562500
vt 0.218750 0.500000
vt 0.218750 0.437500
vt 0.218750 0.375000
vt 0.218750 0.312500
vt 0.218750 0.250000
vt 0.218750 0.187500
vt 0.218750 0.125000
vt 0.218750 0.062500
vt 0.187500 0.937500
vt 0.187500 0.875000
vt 0.187500 0.812500
vt 0.187500 0.750000
vt 0.187500 0.687500
vt 0.187500 0.625000
vt 0.187500 0.562500
vt 0.187500 0.500000
vt 0.187500 0.437500
vt 0.187500 0.375000
vt 0.187500 0.312500
vt 0.187500 0.250000
vt 0.187500 0.187500
vt 0.187500 0.125000
vt 0.187500 0.062500
vt 0.156250 0.937500
vt 0.156250 0.875000
vt 0.156250 0.812500
vt 0.156250 0.750000
vt 0.156250 0.687500
vt 0.156250 0.625000
vt 0.156250 0.562500
vt 0.156250 0.500000
vt 0.156250 0.437500
vt 0.156250 0.375000
vt 0.156250 0.312500
vt 0.156250 0.250000
vt 0.156250 0.187500
vt 0.156250 0.125000
vt 0.156250 0.062500
vt 0.125000 0.937500
vt 0.125000 0.875000
vt 0.125000 0.812500
vt 0.125000 0.750000
vt 0.125000 0.687500
vt 0.125000 0.625000
vt 0.125000 0.562500
vt 0.125000 0.500000
vt 0.125000 0.437500
vt 0.125000 0.375000
vt 0.125000 0.312500
vt 0.125000 0.250000
vt 0.125000 0.187500
vt 0.125000 0.125000
vt 0.125000 0.062500
vt 0.734375 0.000000
vt 0.703125 0.000000
vt 0.671875 0.000000
vt 0.640625 0.000000
vt 0.609375 0.000000
vt 0.578125 0.000000
vt 0.546875 0.000000
vt 0.515625 0.000000
vt 0.484375 0.000000
vt 0.453125 0.000000
vt 0.421875 0.000000
vt 0.390625 0.000000
vt 0.359375 0.000000
vt 0.328125 0.000000
vt 0.296875 0.000000
vt 0.265625 0.000000
vt 0.234375 0.000000
vt 0.203125 0.000000
vt 0.171875 0.000000
vt 0.140625 0.000000
vt 0.109375 0.000000
vt 0.078125 0.000000
vt 0.046875 0.000000
vt 0.015625 0.000000
vt 0.984375 0.000000
vt 0.953125 0.000000
vt 0.921875 0.000000
vt 0.890625 0.000000
vt 0.859375 0.000000
vt 0.828125 0.000000
vt 0.796875 0.000000
vt 0.765625 0.000000
vt 0.093750 0.937500
vt 0.093750 0.875000
vt 0.093750 0.812500
vt 0.093750 0.750000
vt 0.093750 0.687500
vt 0.093750 0.625000
vt 0.093750 0.562500
vt 0.093750 0.500000
vt 0.093750 0.437500
vt 0.093750 0.375000
vt 0.093750 0.312500
vt 0.093750 0.250000
vt 0.093750 0.187500
vt 0.093750 0.125000
vt 0.093750 0.062500
vt 0.062500 0.937500
vt 0.062500 0.875000
vt 0.062500 0.812500
vt 0.062500 0.750000
vt 0.062500 0.687500
vt 0.062500 0.625000
vt 0.062500 0.562500
vt 0.062500 0.500000
vt 0.062500 0.437500
vt 0.062500 0.375000
vt 0.062500 0.312500
vt 0.062500 0.250000
vt 0.062500 0.187500
vt 0.062500 0.125000
vt 0.062500 0.062500
vt 0.031250 0.937500
vt 0.031250 0.875000
vt 0.031250 0.812500
vt 0.031250 0.750000
vt 0.031250 0.687500
vt 0.031250 0.625000
vt 0.031250 0.562500
vt 0.031250 0.500000
vt 0.031250 0.437500
vt 0.031250 0.375000
vt 0.031250 0.312500
vt 0.031250 0.250000
vt 0.031250 0.187500
vt 0.031250 0.125000
vt 0.031250 0.062500
vt 0.000000 0.937500
vt 1.000000 0.937500
vt 0.000000 0.875000
vt 1.000000 0.875000
vt 0.000000 0.812500
vt 1.000000 0.812500
vt 0.000000 0.750000
vt 1.000000 0.750000
vt 0.000000 0.687500
vt 1.000000 0.687500
vt 0.000000 0.625000
vt 1.000000 0.625000
vt 0.000000 0.562500
vt 1.000000 0.562500
vt 0.000000 0.500000
vt 1.000000 0.500000
vt 0.000000 0.437500
vt 1.000000 0.437500
vt 0.000000 0.375000
vt 1.000000 0.375000
vt 0.000000 0.312500
vt 1.000000 0.312500
vt 0.000000 0.250000
vt 1.000000 0.250000
vt 0.000000 0.187500
vt 1.000000 0.187500
vt 0.000000 0.125000
vt 1.000000 0.125000
vt 0.000000 0.062500
vt 1.000000 0.062500
vt 0.968750 0.937500
vt 0.968750 0.875000
vt 0.968750 0.812500
vt 0.968750 0.750000
vt 0.968750 0.687500
vt 0.968750 0.625000
vt 0.968750 0.562500
vt 0.968750 0.500000
vt 0.968750 0.437500
vt 0.968750 0.375000
vt 0.968750 0.312500
vt 0.968750 0.250000
vt 0.968750 0.187500
vt 0.968750 0.125000
vt 0.968750 0.062500
vt 0.937500 0.937500
vt 0.937500 0.875000
vt 0.937500 0.812500
vt 0.937500 0.750000
vt 0.937500 0.687500
vt 0.937500 0.625000
vt 0.937500 0.562500
vt 0.937500 0.500000
vt 0.937500 0.437500
vt 0.937500 0.375000
vt 0.937500 0.312500
vt 0.937500 0.250000
vt 0.937500 0.187500
vt 0.937500 0.125000
vt 0.937500 0.062500
vt 0.906250 0.937500
vt 0.906250 0.875000
vt 0.906250 0.812500
vt 0.906250 0.750000
vt 0.906250 0.687500
vt 0.906250 0.625000
vt 0.906250 0.562500
vt 0.906250 0.500000
vt 0.906250 0.437500
vt 0.906250 0.375000
vt 0.906250 0.312500
vt 0.906250 0.250000
vt 0.906250 0.187500
vt 0.906250 0.125000
vt 0.906250 0.062500
vt 0.875000 0.937500
vt 0.875000 0.875000
vt 0.875000 0.812500
vt 0.875000 0.750000
vt 0.875000 0.687500
vt 0.875000 0.625000
vt 0.875000 0.562500
vt 0.875000 0.500000
vt 0.875000 0.437500
vt 0.875000 0.375000
vt 0.875000 0.312500
vt 0.875000 0.250000
vt 0.875000 0.187500
vt 0.875000 0.125000
vt 0.875000 0.062500
vt 0.843750 0.937500
vt 0.843750 0.875000
vt 0.843750 0.812500
vt 0.843750 0.750000
vt 0.843750 0.687500
vt 0.843750 0.625000
vt 0.843750 0.562500
vt 0.843750 0.500000
vt 0.843750 0.437500
vt 0.843750 0.375000
vt 0.843750 0.312500
vt 0.843750 0.250000
vt 0.843750 0.187500
vt 0.843750 0.125000
vt 0.843750 0.062500
vt 0.812500 0.937500
vt 0.812500 0.875000
vt 0.812500 0.812500
vt 0.812500 0.750000
vt 0.812500 0.687500
vt 0.812500 0.625000
vt 0.812500 0.562500
vt 0.812500 0.500000
vt 0.812500 0.437500
vt 0.812500 0.375000
vt 0.812500 0.312500
vt 0.812500 0.250000
vt 0.812500 0.187500
vt 0.812500 0.125000
vt 0.812500 0.062500
vt 0.781250 0.937500
vt 0.781250 0.875000
vt 0.781250 0.812500
vt 0.781250 0.750000
vt 0.781250 0.687500
vt 0.781250 0.625000
vt 0.781250 0.562500
vt 0.781250 0.500000
vt 0.781250 0.437500
vt 0.781250 0.375000
vt 0.781250 0.312500
vt 0.781250 0.250000
vt 0.781250 0.187500
vt 0.781250 0.125000
vt 0.781250 0.062500
vt 0.750000 0.937500
vt 0.750000 0.875000
vt 0.750000 0.750000
vt 0.750000 0.625000
vt 0.750000 0.375000
vt 0.750000 0.250000
vt 0.750000 0.187500
vt 0.750000 0.125000
vt 0.750000 0.062500
s 1
usemtl マテリアル.006
f 981/1147/496 1013/1211/497 982/1149/498
f 982/1149/498 1013/1211/497 983/1151/499
f 983/1151/499 1013/1211/497 984/1153/500
f 984/1153/500 1013/1211/497 985/1155/501
f 985/1155/501 1013/1211/497 986/1157/502
f 986/1157/502 1013/1211/497 987/1159/503
f 987/1159/503 1013/1211/497 988/1161/504
f 988/1161/504 1013/1211/497 989/1163/505
f 989/1163/505 1013/1211/497 990/1165/506
f 990/1165/506 1013/1211/497 991/1167/507
f 991/1167/507 1013/1211/497 992/1169/508
f 992/1169/508 1013/1211/497 993/1171/509
f 993/1171/509 1013/1211/497 994/1173/510
f 994/1173/510 1013/1211/497 995/1175/511
f 995/1175/511 1013/1211/497 996/1177/512
f 996/1177/512 1013/1211/497 997/1179/513
f 997/1179/513 1013/1211/497 998/1181/514
f 998/1181/514 1013/1211/497 999/1183/515
f 999/1183/515 1013/1211/497 1000/1185/516
f 1000/1185/516 1013/1211/497 1001/1187/517
f 1001/1187/517 1013/1211/497 1002/1189/518
f 1002/1189/518 1013/1211/497 1003/1191/519
f 1003/1191/519 1013/1211/497 1004/1193/520
f 1004/1193/520 1013/1211/497 1005/1195/521
f 1005/1195/521 1013/1211/497 1006/1197/522
f 1006/1197/522 1013/1211/497 1007/1199/523
f 1007/1199/523 1013/1211/497 1008/1201/524
f 1008/1201/524 1013/1211/497 1009/1203/525
f 1009/1203/525 1013/1211/497 1010/1205/526
f 1010/1205/526 1013/1211/497 1011/1207/527
f 996/1178/512 1004/1194/520 1012/1210/528
f 1011/1207/527 1013/1211/497 1012/1209/528
f 1012/1209/528 1013/1211/497 981/1147/496
f 1012/1210/528 981/1148/496 982/1150/498
f 982/1150/498 983/1152/499 984/1154/500
f 984/1154/500 985/1156/501 986/1158/502
f 986/1158/502 987/1160/503 988/1162/504
f 988/1162/504 989/1164/505 990/1166/506
f 990/1166/506 991/1168/507 992/1170/508
f 992/1170/508 993/1172/509 994/1174/510
f 994/1174/510 995/1176/511 996/1178/512
f 996/1178/512 997/1180/513 998/1182/514
f 998/1182/514 999/1184/515 1000/1186/516
f 1000/1186/516 1001/1188/517 1002/1190/518
f 1002/1190/518 1003/1192/519 1004/1194/520
f 1004/1194/520 1005/1196/521 1006/1198/522
f 1006/1198/522 1007/1200/523 1008/1202/524
f 1008/1202/524 1009/1204/525 1010/1206/526
f 1010/1206/526 1011/1208/527 1012/1210/528
f 1012/1210/528 982/1150/498 988/1162/504
f 982/1150/498 984/1154/500 988/1162/504
f 984/1154/500 986/1158/502 988/1162/504
f 988/1162/504 990/1166/506 996/1178/512
f 990/1166/506 992/1170/508 996/1178/512
f 992/1170/508 994/1174/510 996/1178/512
f 996/1178/512 998/1182/514 1004/1194/520
f 998/1182/514 1000/1186/516 1004/1194/520
f 1000/1186/516 1002/1190/518 1004/1194/520
f 1004/1194/520 1006/1198/522 1012/1210/528
f 1006/1198/522 1008/1202/524 1012/1210/528
f 1008/1202/524 1010/1206/526 1012/1210/528
f 1012/1210/528 988/1162/504 996/1178/512
usemtl マテリアル.004
f 1494/1769/529 1034/1232/530 1495/1770/531
f 1016/1214/532 1027/1225/533 1017/1215/534
f 1487/1762/535 1095/1293/536 1020/1218/537
f 1321/1550/497 1495/1770/531 1034/1232/530
f 1017/1215/534 1028/1226/538 1018/1216/539
f 1488/1763/540 1020/1218/537 1021/1219/541
f 1018/1216/539 1029/1227/542 1491/1766/543
f 1014/1212/544 1021/1219/541 1022/1220/545
f 1491/1766/543 1030/1228/546 1019/1217/547
f 1489/1764/548 1022/1220/545 1023/1221/549
f 1019/1217/547 1031/1229/550 1492/1767/551
f 1015/1213/552 1023/1221/549 1024/1222/553
f 1492/1767/551 1032/1230/554 1493/1768/555
f 1490/1765/556 1024/1222/553 1025/1223/557
f 1493/1768/555 1033/1231/558 1494/1769/529
f 1016/1214/532 1025/1223/557 1026/1224/559
f 1024/1222/553 1040/1238/560 1025/1223/557
f 1033/1231/558 1047/1245/561 1048/1246/562
f 1026/1224/559 1040/1238/560 1041/1239/563
f 1034/1232/530 1048/1246/562 1049/1247/564
f 1027/1225/533 1041/1239/563 1042/1240/565
f 1020/1218/537 1095/1294/536 1035/1233/566
f 1321/1551/497 1034/1232/530 1049/1247/564
f 1027/1225/533 1043/1241/567 1028/1226/538
f 1020/1218/537 1036/1234/568 1021/1219/541
f 1029/1227/542 1043/1241/567 1044/1242/569
f 1021/1219/541 1037/1235/570 1022/1220/545
f 1030/1228/546 1044/1242/569 1045/1243/571
f 1022/1220/545 1038/1236/572 1023/1221/549
f 1031/1229/550 1045/1243/571 1046/1244/573
f 1023/1221/549 1039/1237/574 1024/1222/553
f 1032/1230/554 1046/1244/573 1047/1245/561
f 1043/1241/567 1059/1257/575 1044/1242/569
f 1036/1234/568 1052/1250/576 1037/1235/570
f 1045/1243/571 1059/1257/575 1060/1258/577
f 1037/1235/570 1053/1251/578 1038/1236/572
f 1046/1244/573 1060/1258/577 1061/1259/579
f 1038/1236/572 1054/1252/580 1039/1237/574
f 1047/1245/561 1061/1259/579 1062/1260/581
f 1039/1237/574 1055/1253/582 1040/1238/560
f 1048/1246/562 1062/1260/581 1063/1261/583
f 1041/1239/563 1055/1253/582 1056/1254/584
f 1049/1247/564 1063/1261/583 1064/1262/585
f 1042/1240/565 1056/1254/584 1057/1255/586
f 1035/1233/566 1095/1295/536 1050/1248/587
f 1321/1552/497 1049/1247/564 1064/1262/585
f 1042/1240/565 1058/1256/588 1043/1241/567
f 1035/1233/566 1051/1249/589 1036/1234/568
f 1063/1261/583 1077/1275/590 1078/1276/591
f 1055/1253/582 1071/1269/592 1056/1254/584
f 1064/1262/585 1078/1276/591 1079/1277/593
f 1056/1254/584 1072/1270/594 1057/1255/586
f 1050/1248/587 1095/1296/536 1065/1263/595
f 1321/1553/497 1064/1262/585 1079/1277/593
f 1057/1255/586 1073/1271/596 1058/1256/588
f 1050/1248/587 1066/1264/597 1051/1249/589
f 1058/1256/588 1074/1272/598 1059/1257/575
f 1051/1249/589 1067/1265/599 1052/1250/576
f 1060/1258/577 1074/1272/598 1075/1273/600
f 1052/1250/576 1068/1266/601 1053/1251/578
f 1061/1259/579 1075/1273/600 1076/1274/602
f 1053/1251/578 1069/1267/603 1054/1252/580
f 1062/1260/581 1076/1274/602 1077/1275/590
f 1054/1252/580 1070/1268/604 1055/1253/582
f 1075/1273/600 1089/1287/605 1090/1288/606
f 1067/1265/599 1083/1281/607 1068/1266/601
f 1075/1273/600 1091/1289/608 1076/1274/602
f 1069/1267/603 1083/1281/607 1084/1282/609
f 1077/1275/590 1091/1289/608 1092/1290/610
f 1069/1267/603 1085/1283/611 1070/1268/604
f 1078/1276/591 1092/1290/610 1093/1291/612
f 1071/1269/592 1085/1283/611 1086/1284/613
f 1079/1277/593 1093/1291/612 1094/1292/614
f 1072/1270/594 1086/1284/613 1087/1285/615
f 1065/1263/595 1095/1297/536 1080/1278/616
f 1321/1554/497 1079/1277/593 1094/1292/614
f 1072/1270/594 1088/1286/617 1073/1271/596
f 1065/1263/595 1081/1279/618 1066/1264/597
f 1073/1271/596 1089/1287/605 1074/1272/598
f 1067/1265/599 1081/1279/618 1082/1280/619
f 1094/1292/614 1109/1338/620 1110/1339/621
f 1087/1285/615 1102/1331/622 1103/1332/623
f 1080/1278/616 1095/1298/536 1096/1325/624
f 1321/1555/497 1094/1292/614 1110/1339/621
f 1087/1285/615 1104/1333/625 1088/1286/617
f 1080/1278/616 1097/1326/626 1081/1279/618
f 1088/1286/617 1105/1334/627 1089/1287/605
f 1081/1279/618 1098/1327/628 1082/1280/619
f 1090/1288/606 1105/1334/627 1106/1335/629
f 1082/1280/619 1099/1328/630 1083/1281/607
f 1090/1288/606 1107/1336/631 1091/1289/608
f 1084/1282/609 1099/1328/630 1100/1329/632
f 1092/1290/610 1107/1336/631 1108/1337/633
f 1084/1282/609 1101/1330/634 1085/1283/611
f 1093/1291/612 1108/1337/633 1109/1338/620
f 1086/1284/613 1101/1330/634 1102/1331/622
f 1098/1327/628 1114/1343/635 1099/1328/630
f 1106/1335/629 1122/1351/636 1107/1336/631
f 1100/1329/632 1114/1343/635 1115/1344/637
f 1108/1337/633 1122/1351/636 1123/1352/638
f 1100/1329/632 1116/1345/639 1101/1330/634
f 1108/1337/633 1124/1353/640 1109/1338/620
f 1102/1331/622 1116/1345/639 1117/1346/641
f 1110/1339/621 1124/1353/640 1125/1354/642
f 1103/1332/623 1117/1346/641 1118/1347/643
f 1096/1325/624 1095/1299/536 1111/1340/644
f 1321/1556/497 1110/1339/621 1125/1354/642
f 1103/1332/623 1119/1348/645 1104/1333/625
f 1096/1325/624 1112/1341/646 1097/1326/626
f 1104/1333/625 1120/1349/647 1105/1334/627
f 1098/1327/628 1112/1341/646 1113/1342/648
f 1106/1335/629 1120/1349/647 1121/1350/649
f 1118/1347/643 1132/1361/650 1133/1362/651
f 1111/1340/644 1095/1300/536 1126/1355/652
f 1321/1557/497 1125/1354/642 1140/1369/653
f 1118/1347/643 1134/1363/654 1119/1348/645
f 1111/1340/644 1127/1356/655 1112/1341/646
f 1119/1348/645 1135/1364/656 1120/1349/647
f 1112/1341/646 1128/1357/657 1113/1342/648
f 1121/1350/649 1135/1364/656 1136/1365/658
f 1113/1342/648 1129/1358/659 1114/1343/635
f 1121/1350/649 1137/1366/660 1122/1351/636
f 1115/1344/637 1129/1358/659 1130/1359/661
f 1123/1352/638 1137/1366/660 1138/1367/662
f 1115/1344/637 1131/1360/663 1116/1345/639
f 1124/1353/640 1138/1367/662 1139/1368/664
f 1117/1346/641 1131/1360/663 1132/1361/650
f 1125/1354/642 1139/1368/664 1140/1369/653
f 1136/1365/658 1152/1381/665 1137/1366/660
f 1130/1359/661 1144/1373/666 1145/1374/667
f 1138/1367/662 1152/1381/665 1153/1382/668
f 1130/1359/661 1146/1375/669 1131/1360/663
f 1138/1367/662 1154/1383/670 1139/1368/664
f 1132/1361/650 1146/1375/669 1147/1376/671
f 1139/1368/664 1155/1384/672 1140/1369/653
f 1133/1362/651 1147/1376/671 1148/1377/673
f 1126/1355/652 1095/1301/536 1141/1370/674
f 1321/1558/497 1140/1369/653 1155/1384/672
f 1133/1362/651 1149/1378/675 1134/1363/654
f 1127/1356/655 1141/1370/674 1142/1371/676
f 1134/1363/654 1150/1379/677 1135/1364/656
f 1128/1357/657 1142/1371/676 1143/1372/678
f 1136/1365/658 1150/1379/677 1151/1380/679
f 1128/1357/657 1144/1373/666 1129/1358/659
f 1141/1370/674 1095/1302/536 1156/1385/680
f 1321/1559/497 1155/1384/672 1170/1399/681
f 1148/1377/673 1164/1393/682 1149/1378/675
f 1141/1370/674 1157/1386/683 1142/1371/676
f 1149/1378/675 1165/1394/684 1150/1379/677
f 1143/1372/678 1157/1386/683 1158/1387/685
f 1151/1380/679 1165/1394/684 1166/1395/686
f 1143/1372/678 1159/1388/687 1144/1373/666
f 1151/1380/679 1167/1396/688 1152/1381/665
f 1145/1374/667 1159/1388/687 1160/1389/689
f 1153/1382/668 1167/1396/688 1168/1397/690
f 1145/1374/667 1161/1390/691 1146/1375/669
f 1153/1382/668 1169/1398/692 1154/1383/670
f 1147/1376/671 1161/1390/691 1162/1391/693
f 1155/1384/672 1169/1398/692 1170/1399/681
f 1148/1377/673 1162/1391/693 1163/1392/694
f 1160/1389/689 1174/1403/695 1175/1404/696
f 1168/1397/690 1182/1411/697 1183/1412/698
f 1160/1389/689 1176/1405/699 1161/1390/691
f 1169/1398/692 1183/1412/698 1184/1413/700
f 1162/1391/693 1176/1405/699 1177/1406/701
f 1170/1399/681 1184/1413/700 1185/1414/702
f 1163/1392/694 1177/1406/701 1178/1407/703
f 1156/1385/680 1095/1303/536 1171/1400/704
f 1321/1560/497 1170/1399/681 1185/1414/702
f 1163/1392/694 1179/1408/705 1164/1393/682
f 1156/1385/680 1172/1401/706 1157/1386/683
f 1164/1393/682 1180/1409/707 1165/1394/684
f 1157/1386/683 1173/1402/708 1158/1387/685
f 1166/1395/686 1180/1409/707 1181/1410/709
f 1158/1387/685 1174/1403/695 1159/1388/687
f 1166/1395/686 1182/1411/697 1167/1396/688
f 1178/1407/703 1194/1423/710 1179/1408/705
f 1171/1400/704 1187/1416/711 1172/1401/706
f 1179/1408/705 1195/1424/712 1180/1409/707
f 1173/1402/708 1187/1416/711 1188/1417/713
f 1181/1410/709 1195/1424/712 1196/1425/714
f 1173/1402/708 1189/1418/715 1174/1403/695
f 1181/1410/709 1197/1426/716 1182/1411/697
f 1175/1404/696 1189/1418/715 1190/1419/717
f 1183/1412/698 1197/1426/716 1198/1427/718
f 1175/1404/696 1191/1420/719 1176/1405/699
f 1183/1412/698 1199/1428/720 1184/1413/700
f 1177/1406/701 1191/1420/719 1192/1421/721
f 1185/1414/702 1199/1428/720 1200/1429/722
f 1178/1407/703 1192/1421/721 1193/1422/723
f 1171/1400/704 1095/1304/536 1186/1415/724
f 1321/1561/497 1185/1414/702 1200/1429/722
f 1198/1427/718 1212/1441/725 1213/1442/726
f 1190/1419/717 1206/1435/727 1191/1420/719
f 1198/1427/718 1214/1443/728 1199/1428/720
f 1192/1421/721 1206/1435/727 1207/1436/729
f 1199/1428/720 1215/1444/730 1200/1429/722
f 1193/1422/723 1207/1436/729 1208/1437/731
f 1186/1415/724 1095/1305/536 1201/1430/732
f 1321/1562/497 1200/1429/722 1215/1444/730
f 1193/1422/723 1209/1438/733 1194/1423/710
f 1187/1416/711 1201/1430/732 1202/1431/734
f 1194/1423/710 1210/1439/735 1195/1424/712
f 1188/1417/713 1202/1431/734 1203/1432/736
f 1196/1425/714 1210/1439/735 1211/1440/737
f 1188/1417/713 1204/1433/738 1189/1418/715
f 1196/1425/714 1212/1441/725 1197/1426/716
f 1190/1419/717 1204/1433/738 1205/1434/739
f 1209/1438/733 1225/1454/740 1210/1439/735
f 1202/1431/734 1218/1447/741 1203/1432/736
f 1211/1440/737 1225/1454/740 1226/1455/742
f 1203/1432/736 1219/1448/743 1204/1433/738
f 1211/1440/737 1227/1456/744 1212/1441/725
f 1204/1433/738 1220/1449/745 1205/1434/739
f 1213/1442/726 1227/1456/744 1228/1457/746
f 1205/1434/739 1221/1450/747 1206/1435/727
f 1214/1443/728 1228/1457/746 1229/1458/748
f 1207/1436/729 1221/1450/747 1222/1451/749
f 1215/1444/730 1229/1458/748 1230/1459/750
f 1208/1437/731 1222/1451/749 1223/1452/751
f 1201/1430/732 1095/1306/536 1216/1445/752
f 1321/1563/497 1215/1444/730 1230/1459/750
f 1208/1437/731 1224/1453/753 1209/1438/733
f 1201/1430/732 1217/1446/754 1202/1431/734
f 1229/1458/748 1243/1472/755 1244/1473/756
f 1222/1451/749 1236/1465/757 1237/1466/758
f 1229/1458/748 1245/1474/759 1230/1459/750
f 1223/1452/751 1237/1466/758 1238/1467/760
f 1216/1445/752 1095/1307/536 1231/1460/761
f 1321/1564/497 1230/1459/750 1245/1474/759
f 1223/1452/751 1239/1468/762 1224/1453/753
f 1216/1445/752 1232/1461/763 1217/1446/754
f 1224/1453/753 1240/1469/764 1225/1454/740
f 1217/1446/754 1233/1462/765 1218/1447/741
f 1226/1455/742 1240/1469/764 1241/1470/766
f 1218/1447/741 1234/1463/767 1219/1448/743
f 1226/1455/742 1242/1471/768 1227/1456/744
f 1220/1449/745 1234/1463/767 1235/1464/769
f 1228/1457/746 1242/1471/768 1243/1472/755
f 1220/1449/745 1236/1465/757 1221/1450/747
f 1233/1462/765 1247/1476/770 1248/1477/771
f 1241/1470/766 1255/1484/772 1256/1485/773
f 1233/1462/765 1249/1478/774 1234/1463/767
f 1241/1470/766 1257/1486/775 1242/1471/768
f 1235/1464/769 1249/1478/774 1250/1479/776
f 1243/1472/755 1257/1486/775 1258/1487/777
f 1235/1464/769 1251/1480/778 1236/1465/757
f 1243/1472/755 1259/1488/779 1244/1473/756
f 1237/1466/758 1251/1480/778 1252/1481/780
f 1244/1473/756 1260/1489/781 1245/1474/759
f 1238/1467/760 1252/1481/780 1253/1482/782
f 1231/1460/761 1095/1308/536 1246/1475/783
f 1321/1565/497 1245/1474/759 1260/1489/781
f 1238/1467/760 1254/1483/784 1239/1468/762
f 1232/1461/763 1246/1475/783 1247/1476/770
f 1239/1468/762 1255/1484/772 1240/1469/764
f 1252/1481/780 1266/1495/785 1267/1496/786
f 1260/1489/781 1274/1503/787 1275/1504/788
f 1253/1482/782 1267/1496/786 1268/1497/789
f 1246/1475/783 1095/1309/536 1261/1490/790
f 1321/1566/497 1260/1489/781 1275/1504/788
f 1253/1482/782 1269/1498/791 1254/1483/784
f 1246/1475/783 1262/1491/792 1247/1476/770
f 1254/1483/784 1270/1499/793 1255/1484/772
f 1247/1476/770 1263/1492/794 1248/1477/771
f 1256/1485/773 1270/1499/793 1271/1500/795
f 1248/1477/771 1264/1493/796 1249/1478/774
f 1256/1485/773 1272/1501/797 1257/1486/775
f 1250/1479/776 1264/1493/796 1265/1494/798
f 1258/1487/777 1272/1501/797 1273/1502/799
f 1250/1479/776 1266/1495/785 1251/1480/778
f 1258/1487/777 1274/1503/787 1259/1488/779
f 1271/1500/795 1285/1514/800 1286/1515/801
f 1263/1492/794 1279/1508/802 1264/1493/796
f 1271/1500/795 1287/1516/803 1272/1501/797
f 1265/1494/798 1279/1508/802 1280/1509/804
f 1273/1502/799 1287/1516/803 1288/1517/805
f 1265/1494/798 1281/1510/806 1266/1495/785
f 1273/1502/799 1289/1518/807 1274/1503/787
f 1267/1496/786 1281/1510/806 1282/1511/808
f 1274/1503/787 1290/1519/809 1275/1504/788
f 1268/1497/789 1282/1511/808 1283/1512/810
f 1261/1490/790 1095/1310/536 1276/1505/811
f 1321/1567/497 1275/1504/788 1290/1519/809
f 1268/1497/789 1284/1513/812 1269/1498/791
f 1262/1491/792 1276/1505/811 1277/1506/813
f 1269/1498/791 1285/1514/800 1270/1499/793
f 1262/1491/792 1278/1507/814 1263/1492/794
f 1290/1519/809 1304/1533/815 1305/1534/816
f 1283/1512/810 1297/1526/817 1298/1527/818
f 1276/1505/811 1095/1311/536 1291/1520/819
f 1321/1568/497 1290/1519/809 1305/1534/816
f 1283/1512/810 1299/1528/820 1284/1513/812
f 1276/1505/811 1292/1521/821 1277/1506/813
f 1284/1513/812 1300/1529/822 1285/1514/800
f 1277/1506/813 1293/1522/823 1278/1507/814
f 1286/1515/801 1300/1529/822 1301/1530/824
f 1278/1507/814 1294/1523/825 1279/1508/802
f 1286/1515/801 1302/1531/826 1287/1516/803
f 1280/1509/804 1294/1523/825 1295/1524/827
f 1288/1517/805 1302/1531/826 1303/1532/828
f 1280/1509/804 1296/1525/829 1281/1510/806
f 1289/1518/807 1303/1532/828 1304/1533/815
f 1282/1511/808 1296/1525/829 1297/1526/817
f 1293/1522/823 1309/1538/830 1294/1523/825
f 1301/1530/824 1317/1546/831 1302/1531/826
f 1295/1524/827 1309/1538/830 1310/1539/832
f 1303/1532/828 1317/1546/831 1318/1547/833
f 1295/1524/827 1311/1540/834 1296/1525/829
f 1303/1532/828 1319/1548/835 1304/1533/815
f 1297/1526/817 1311/1540/834 1312/1541/836
f 1305/1534/816 1319/1548/835 1320/1549/837
f 1298/1527/818 1312/1541/836 1313/1542/838
f 1291/1520/819 1095/1312/536 1306/1535/839
f 1321/1569/497 1305/1534/816 1320/1549/837
f 1298/1527/818 1314/1543/840 1299/1528/820
f 1291/1520/819 1307/1536/841 1292/1521/821
f 1299/1528/820 1315/1544/842 1300/1529/822
f 1292/1521/821 1308/1537/843 1293/1522/823
f 1301/1530/824 1315/1544/842 1316/1545/844
f 1313/1542/838 1328/1588/845 1329/1589/846
f 1306/1535/839 1095/1313/536 1322/1582/847
f 1321/1570/497 1320/1549/837 1336/1596/848
f 1313/1542/838 1330/1590/849 1314/1543/840
f 1306/1535/839 1323/1583/850 1307/1536/841
f 1314/1543/840 1331/1591/851 1315/1544/842
f 1307/1536/841 1324/1584/852 1308/1537/843
f 1316/1545/844 1331/1591/851 1332/1592/853
f 1308/1537/843 1325/1585/854 1309/1538/830
f 1316/1545/844 1333/1593/855 1317/1546/831
f 1310/1539/832 1325/1585/854 1326/1586/856
f 1318/1547/833 1333/1593/855 1334/1594/857
f 1310/1539/832 1327/1587/858 1311/1540/834
f 1318/1547/833 1335/1595/859 1319/1548/835
f 1312/1541/836 1327/1587/858 1328/1588/845
f 1319/1548/835 1336/1596/848 1320/1549/837
f 1332/1592/853 1348/1608/860 1333/1593/855
f 1326/1586/856 1340/1600/861 1341/1601/862
f 1334/1594/857 1348/1608/860 1349/1609/863
f 1326/1586/856 1342/1602/864 1327/1587/858
f 1334/1594/857 1350/1610/865 1335/1595/859
f 1328/1588/845 1342/1602/864 1343/1603/866
f 1336/1596/848 1350/1610/865 1351/1611/867
f 1329/1589/846 1343/1603/866 1344/1604/868
f 1322/1582/847 1095/1314/536 1337/1597/869
f 1321/1571/497 1336/1596/848 1351/1611/867
f 1329/1589/846 1345/1605/870 1330/1590/849
f 1322/1582/847 1338/1598/871 1323/1583/850
f 1330/1590/849 1346/1606/872 1331/1591/851
f 1323/1583/850 1339/1599/873 1324/1584/852
f 1332/1592/853 1346/1606/872 1347/1607/874
f 1324/1584/852 1340/1600/861 1325/1585/854
f 1321/1572/497 1351/1611/867 1366/1626/875
f 1344/1604/868 1360/1620/876 1345/1605/870
f 1337/1597/869 1353/1613/877 1338/1598/871
f 1345/1605/870 1361/1621/878 1346/1606/872
f 1339/1599/873 1353/1613/877 1354/1614/879
f 1347/1607/874 1361/1621/878 1362/1622/880
f 1339/1599/873 1355/1615/881 1340/1600/861
f 1347/1607/874 1363/1623/882 1348/1608/860
f 1341/1601/862 1355/1615/881 1356/1616/883
f 1349/1609/863 1363/1623/882 1364/1624/884
f 1341/1601/862 1357/1617/885 1342/1602/864
f 1349/1609/863 1365/1625/886 1350/1610/865
f 1343/1603/866 1357/1617/885 1358/1618/887
f 1351/1611/867 1365/1625/886 1366/1626/875
f 1344/1604/868 1358/1618/887 1359/1619/888
f 1337/1597/869 1095/1315/536 1352/1612/889
f 1364/1624/884 1378/1649/890 1379/1651/891
f 1356/1616/883 1372/1637/892 1357/1617/885
f 1364/1624/884 1380/1653/893 1365/1625/886
f 1358/1618/887 1372/1637/892 1373/1639/894
f 1366/1626/875 1380/1653/893 1381/1655/895
f 1359/1619/888 1373/1639/894 1374/1641/896
f 1352/1612/889 1095/1316/536 1367/1627/897
f 1321/1573/497 1366/1626/875 1381/1655/895
f 1359/1619/888 1375/1643/898 1360/1620/876
f 1352/1612/889 1368/1629/899 1353/1613/877
f 1360/1620/876 1376/1645/900 1361/1621/878
f 1354/1614/879 1368/1629/899 1369/1631/901
f 1362/1622/880 1376/1645/900 1377/1647/902
f 1354/1614/879 1370/1633/903 1355/1615/881
f 1362/1622/880 1378/1649/890 1363/1623/882
f 1356/1616/883 1370/1633/903 1371/1635/904
f 1367/1628/897 1383/1658/905 1368/1630/899
f 1375/1644/898 1391/1666/906 1376/1646/900
f 1369/1632/901 1383/1658/905 1384/1659/907
f 1377/1648/902 1391/1666/906 1392/1667/908
f 1369/1632/901 1385/1660/909 1370/1634/903
f 1377/1648/902 1393/1668/910 1378/1650/890
f 1371/1636/904 1385/1660/909 1386/1661/911
f 1379/1652/891 1393/1668/910 1394/1669/912
f 1371/1636/904 1387/1662/913 1372/1638/892
f 1379/1652/891 1395/1670/914 1380/1654/893
f 1373/1640/894 1387/1662/913 1388/1663/915
f 1380/1654/893 1396/1671/916 1381/1656/895
f 1374/1642/896 1388/1663/915 1389/1664/917
f 1367/1628/897 1095/1317/536 1382/1657/918
f 1321/1574/497 1381/1656/895 1396/1671/916
f 1374/1642/896 1390/1665/919 1375/1644/898
f 1386/1661/911 1402/1677/920 1387/1662/913
f 1394/1669/912 1410/1685/921 1395/1670/914
f 1388/1663/915 1402/1677/920 1403/1678/922
f 1395/1670/914 1411/1686/923 1396/1671/916
f 1389/1664/917 1403/1678/922 1404/1679/924
f 1382/1657/918 1095/1318/536 1397/1672/925
f 1321/1575/497 1396/1671/916 1411/1686/923
f 1389/1664/917 1405/1680/926 1390/1665/919
f 1383/1658/905 1397/1672/925 1398/1673/927
f 1390/1665/919 1406/1681/928 1391/1666/906
f 1383/1658/905 1399/1674/929 1384/1659/907
f 1392/1667/908 1406/1681/928 1407/1682/930
f 1384/1659/907 1400/1675/931 1385/1660/909
f 1392/1667/908 1408/1683/932 1393/1668/910
f 1386/1661/911 1400/1675/931 1401/1676/933
f 1394/1669/912 1408/1683/932 1409/1684/934
f 1405/1680/926 1421/1696/935 1406/1681/928
f 1399/1674/929 1413/1688/936 1414/1689/937
f 1407/1682/930 1421/1696/935 1422/1697/938
f 1399/1674/929 1415/1690/939 1400/1675/931
f 1407/1682/930 1423/1698/940 1408/1683/932
f 1401/1676/933 1415/1690/939 1416/1691/941
f 1409/1684/934 1423/1698/940 1424/1699/942
f 1401/1676/933 1417/1692/943 1402/1677/920
f 1409/1684/934 1425/1700/944 1410/1685/921
f 1403/1678/922 1417/1692/943 1418/1693/945
f 1411/1686/923 1425/1700/944 1426/1701/946
f 1404/1679/924 1418/1693/945 1419/1694/947
f 1397/1672/925 1095/1319/536 1412/1687/948
f 1321/1576/497 1411/1686/923 1426/1701/946
f 1404/1679/924 1420/1695/949 1405/1680/926
f 1397/1672/925 1413/1688/936 1398/1673/927
f 1424/1699/942 1440/1715/950 1425/1700/944
f 1418/1693/945 1432/1707/951 1433/1708/952
f 1425/1700/944 1441/1716/953 1426/1701/946
f 1419/1694/947 1433/1708/952 1434/1709/954
f 1412/1687/948 1095/1320/536 1427/1702/955
f 1321/1577/497 1426/1701/946 1441/1716/953
f 1419/1694/947 1435/1710/956 1420/1695/949
f 1412/1687/948 1428/1703/957 1413/1688/936
f 1420/1695/949 1436/1711/958 1421/1696/935
f 1414/1689/937 1428/1703/957 1429/1704/959
f 1422/1697/938 1436/1711/958 1437/1712/960
f 1414/1689/937 1430/1705/961 1415/1690/939
f 1422/1697/938 1438/1713/962 1423/1698/940
f 1416/1691/941 1430/1705/961 1431/1706/963
f 1424/1699/942 1438/1713/962 1439/1714/964
f 1416/1691/941 1432/1707/951 1417/1692/943
f 1429/1704/959 1443/1718/965 1444/1719/966
f 1437/1712/960 1451/1726/967 1452/1727/968
f 1429/1704/959 1445/1720/969 1430/1705/961
f 1437/1712/960 1453/1728/970 1438/1713/962
f 1431/1706/963 1445/1720/969 1446/1721/971
f 1439/1714/964 1453/1728/970 1454/1729/972
f 1431/1706/963 1447/1722/973 1432/1707/951
f 1439/1714/964 1455/1730/974 1440/1715/950
f 1433/1708/952 1447/1722/973 1448/1723/975
f 1440/1715/950 1456/1731/976 1441/1716/953
f 1434/1709/954 1448/1723/975 1449/1724/977
f 1427/1702/955 1095/1321/536 1442/1717/978
f 1321/1578/497 1441/1716/953 1456/1731/976
f 1434/1709/954 1450/1725/979 1435/1710/956
f 1428/1703/957 1442/1717/978 1443/1718/965
f 1435/1710/956 1451/1726/967 1436/1711/958
f 1448/1723/975 1462/1737/980 1463/1738/981
f 1455/1730/974 1471/1746/982 1456/1731/976
f 1449/1724/977 1463/1738/981 1464/1739/983
f 1442/1717/978 1095/1322/536 1457/1732/984
f 1321/1579/497 1456/1731/976 1471/1746/982
f 1449/1724/977 1465/1740/985 1450/1725/979
f 1443/1718/965 1457/1732/984 1458/1733/986
f 1450/1725/979 1466/1741/987 1451/1726/967
f 1444/1719/966 1458/1733/986 1459/1734/988
f 1452/1727/968 1466/1741/987 1467/1742/989
f 1444/1719/966 1460/1735/990 1445/1720/969
f 1452/1727/968 1468/1743/991 1453/1728/970
f 1446/1721/971 1460/1735/990 1461/1736/992
f 1454/1729/972 1468/1743/991 1469/1744/993
f 1446/1721/971 1462/1737/980 1447/1722/973
f 1454/1729/972 1470/1745/994 1455/1730/974
f 1467/1742/989 1481/1756/995 1482/1757/996
f 1459/1734/988 1475/1750/997 1460/1735/990
f 1467/1742/989 1483/1758/998 1468/1743/991
f 1461/1736/992 1475/1750/997 1476/1751/999
f 1469/1744/993 1483/1758/998 1484/1759/1000
f 1461/1736/992 1477/1752/1001 1462/1737/980
f 1469/1744/993 1485/1760/1002 1470/1745/994
f 1463/1738/981 1477/1752/1001 1478/1753/1003
f 1471/1746/982 1485/1760/1002 1486/1761/1004
f 1464/1739/983 1478/1753/1003 1479/1754/1005
f 1457/1732/984 1095/1323/536 1472/1747/1006
f 1321/1580/497 1471/1746/982 1486/1761/1004
f 1464/1739/983 1480/1755/1007 1465/1740/985
f 1457/1732/984 1473/1748/1008 1458/1733/986
f 1465/1740/985 1481/1756/995 1466/1741/987
f 1459/1734/988 1473/1748/1008 1474/1749/1009
f 1485/1760/1002 1495/1770/531 1486/1761/1004
f 1479/1754/1005 1016/1214/532 1017/1215/534
f 1472/1747/1006 1095/1324/536 1487/1762/535
f 1321/1581/497 1486/1761/1004 1495/1770/531
f 1479/1754/1005 1018/1216/539 1480/1755/1007
f 1473/1748/1008 1487/1762/535 1488/1763/540
f 1480/1755/1007 1491/1766/543 1481/1756/995
f 1474/1749/1009 1488/1763/540 1014/1212/544
f 1481/1756/995 1019/1217/547 1482/1757/996
f 1475/1750/997 1014/1212/544 1489/1764/548
f 1482/1757/996 1492/1767/551 1483/1758/998
f 1476/1751/999 1489/1764/548 1015/1213/552
f 1484/1759/1000 1492/1767/551 1493/1768/555
f 1477/1752/1001 1015/1213/552 1490/1765/556
f 1484/1759/1000 1494/1769/529 1485/1760/1002
f 1478/1753/1003 1490/1765/556 1016/1214/532
f 1494/1769/529 1033/1231/558 1034/1232/530
f 1016/1214/532 1026/1224/559 1027/1225/533
f 1017/1215/534 1027/1225/533 1028/1226/538
f 1488/1763/540 1487/1762/535 1020/1218/537
f 1018/1216/539 1028/1226/538 1029/1227/542
f 1014/1212/544 1488/1763/540 1021/1219/541
f 1491/1766/543 1029/1227/542 1030/1228/546
f 1489/1764/548 1014/1212/544 1022/1220/545
f 1019/1217/547 1030/1228/546 1031/1229/550
f 1015/1213/552 1489/1764/548 1023/1221/549
f 1492/1767/551 1031/1229/550 1032/1230/554
f 1490/1765/556 1015/1213/552 1024/1222/553
f 1493/1768/555 1032/1230/554 1033/1231/558
f 1016/1214/532 1490/1765/556 1025/1223/557
f 1024/1222/553 1039/1237/574 1040/1238/560
f 1033/1231/558 1032/1230/554 1047/1245/561
f 1026/1224/559 1025/1223/557 1040/1238/560
f 1034/1232/530 1033/1231/558 1048/1246/562
f 1027/1225/533 1026/1224/559 1041/1239/563
f 1027/1225/533 1042/1240/565 1043/1241/567
f 1020/1218/537 1035/1233/566 1036/1234/568
f 1029/1227/542 1028/1226/538 1043/1241/567
f 1021/1219/541 1036/1234/568 1037/1235/570
f 1030/1228/546 1029/1227/542 1044/1242/569
f 1022/1220/545 1037/1235/570 1038/1236/572
f 1031/1229/550 1030/1228/546 1045/1243/571
f 1023/1221/549 1038/1236/572 1039/1237/574
f 1032/1230/554 1031/1229/550 1046/1244/573
f 1043/1241/567 1058/1256/588 1059/1257/575
f 1036/1234/568 1051/1249/589 1052/1250/576
f 1045/1243/571 1044/1242/569 1059/1257/575
f 1037/1235/570 1052/1250/576 1053/1251/578
f 1046/1244/573 1045/1243/571 1060/1258/577
f 1038/1236/572 1053/1251/578 1054/1252/580
f 1047/1245/561 1046/1244/573 1061/1259/579
f 1039/1237/574 1054/1252/580 1055/1253/582
f 1048/1246/562 1047/1245/561 1062/1260/581
f 1041/1239/563 1040/1238/560 1055/1253/582
f 1049/1247/564 1048/1246/562 1063/1261/583
f 1042/1240/565 1041/1239/563 1056/1254/584
f 1042/1240/565 1057/1255/586 1058/1256/588
f 1035/1233/566 1050/1248/587 1051/1249/589
f 1063/1261/583 1062/1260/581 1077/1275/590
f 1055/1253/582 1070/1268/604 1071/1269/592
f 1064/1262/585 1063/1261/583 1078/1276/591
f 1056/1254/584 1071/1269/592 1072/1270/594
f 1057/1255/586 1072/1270/594 1073/1271/596
f 1050/1248/587 1065/1263/595 1066/1264/597
f 1058/1256/588 1073/1271/596 1074/1272/598
f 1051/1249/589 1066/1264/597 1067/1265/599
f 1060/1258/577 1059/1257/575 1074/1272/598
f 1052/1250/576 1067/1265/599 1068/1266/601
f 1061/1259/579 1060/1258/577 1075/1273/600
f 1053/1251/578 1068/1266/601 1069/1267/603
f 1062/1260/581 1061/1259/579 1076/1274/602
f 1054/1252/580 1069/1267/603 1070/1268/604
f 1075/1273/600 1074/1272/598 1089/1287/605
f 1067/1265/599 1082/1280/619 1083/1281/607
f 1075/1273/600 1090/1288/606 1091/1289/608
f 1069/1267/603 1068/1266/601 1083/1281/607
f 1077/1275/590 1076/1274/602 1091/1289/608
f 1069/1267/603 1084/1282/609 1085/1283/611
f 1078/1276/591 1077/1275/590 1092/1290/610
f 1071/1269/592 1070/1268/604 1085/1283/611
f 1079/1277/593 1078/1276/591 1093/1291/612
f 1072/1270/594 1071/1269/592 1086/1284/613
f 1072/1270/594 1087/1285/615 1088/1286/617
f 1065/1263/595 1080/1278/616 1081/1279/618
f 1073/1271/596 1088/1286/617 1089/1287/605
f 1067/1265/599 1066/1264/597 1081/1279/618
f 1094/1292/614 1093/1291/612 1109/1338/620
f 1087/1285/615 1086/1284/613 1102/1331/622
f 1087/1285/615 1103/1332/623 1104/1333/625
f 1080/1278/616 1096/1325/624 1097/1326/626
f 1088/1286/617 1104/1333/625 1105/1334/627
f 1081/1279/618 1097/1326/626 1098/1327/628
f 1090/1288/606 1089/1287/605 1105/1334/627
f 1082/1280/619 1098/1327/628 1099/1328/630
f 1090/1288/606 1106/1335/629 1107/1336/631
f 1084/1282/609 1083/1281/607 1099/1328/630
f 1092/1290/610 1091/1289/608 1107/1336/631
f 1084/1282/609 1100/1329/632 1101/1330/634
f 1093/1291/612 1092/1290/610 1108/1337/633
f 1086/1284/613 1085/1283/611 1101/1330/634
f 1098/1327/628 1113/1342/648 1114/1343/635
f 1106/1335/629 1121/1350/649 1122/1351/636
f 1100/1329/632 1099/1328/630 1114/1343/635
f 1108/1337/633 1107/1336/631 1122/1351/636
f 1100/1329/632 1115/1344/637 1116/1345/639
f 1108/1337/633 1123/1352/638 1124/1353/640
f 1102/1331/622 1101/1330/634 1116/1345/639
f 1110/1339/621 1109/1338/620 1124/1353/640
f 1103/1332/623 1102/1331/622 1117/1346/641
f 1103/1332/623 1118/1347/643 1119/1348/645
f 1096/1325/624 1111/1340/644 1112/1341/646
f 1104/1333/625 1119/1348/645 1120/1349/647
f 1098/1327/628 1097/1326/626 1112/1341/646
f 1106/1335/629 1105/1334/627 1120/1349/647
f 1118/1347/643 1117/1346/641 1132/1361/650
f 1118/1347/643 1133/1362/651 1134/1363/654
f 1111/1340/644 1126/1355/652 1127/1356/655
f 1119/1348/645 1134/1363/654 1135/1364/656
f 1112/1341/646 1127/1356/655 1128/1357/657
f 1121/1350/649 1120/1349/647 1135/1364/656
f 1113/1342/648 1128/1357/657 1129/1358/659
f 1121/1350/649 1136/1365/658 1137/1366/660
f 1115/1344/637 1114/1343/635 1129/1358/659
f 1123/1352/638 1122/1351/636 1137/1366/660
f 1115/1344/637 1130/1359/661 1131/1360/663
f 1124/1353/640 1123/1352/638 1138/1367/662
f 1117/1346/641 1116/1345/639 1131/1360/663
f 1125/1354/642 1124/1353/640 1139/1368/664
f 1136/1365/658 1151/1380/679 1152/1381/665
f 1130/1359/661 1129/1358/659 1144/1373/666
f 1138/1367/662 1137/1366/660 1152/1381/665
f 1130/1359/661 1145/1374/667 1146/1375/669
f 1138/1367/662 1153/1382/668 1154/1383/670
f 1132/1361/650 1131/1360/663 1146/1375/669
f 1139/1368/664 1154/1383/670 1155/1384/672
f 1133/1362/651 1132/1361/650 1147/1376/671
f 1133/1362/651 1148/1377/673 1149/1378/675
f 1127/1356/655 1126/1355/652 1141/1370/674
f 1134/1363/654 1149/1378/675 1150/1379/677
f 1128/1357/657 1127/1356/655 1142/1371/676
f 1136/1365/658 1135/1364/656 1150/1379/677
f 1128/1357/657 1143/1372/678 1144/1373/666
f 1148/1377/673 1163/1392/694 1164/1393/682
f 1141/1370/674 1156/1385/680 1157/1386/683
f 1149/1378/675 1164/1393/682 1165/1394/684
f 1143/1372/678 1142/1371/676 1157/1386/683
f 1151/1380/679 1150/1379/677 1165/1394/684
f 1143/1372/678 1158/1387/685 1159/1388/687
f 1151/1380/679 1166/1395/686 1167/1396/688
f 1145/1374/667 1144/1373/666 1159/1388/687
f 1153/1382/668 1152/1381/665 1167/1396/688
f 1145/1374/667 1160/1389/689 1161/1390/691
f 1153/1382/668 1168/1397/690 1169/1398/692
f 1147/1376/671 1146/1375/669 1161/1390/691
f 1155/1384/672 1154/1383/670 1169/1398/692
f 1148/1377/673 1147/1376/671 1162/1391/693
f 1160/1389/689 1159/1388/687 1174/1403/695
f 1168/1397/690 1167/1396/688 1182/1411/697
f 1160/1389/689 1175/1404/696 1176/1405/699
f 1169/1398/692 1168/1397/690 1183/1412/698
f 1162/1391/693 1161/1390/691 1176/1405/699
f 1170/1399/681 1169/1398/692 1184/1413/700
f 1163/1392/694 1162/1391/693 1177/1406/701
f 1163/1392/694 1178/1407/703 1179/1408/705
f 1156/1385/680 1171/1400/704 1172/1401/706
f 1164/1393/682 1179/1408/705 1180/1409/707
f 1157/1386/683 1172/1401/706 1173/1402/708
f 1166/1395/686 1165/1394/684 1180/1409/707
f 1158/1387/685 1173/1402/708 1174/1403/695
f 1166/1395/686 1181/1410/709 1182/1411/697
f 1178/1407/703 1193/1422/723 1194/1423/710
f 1171/1400/704 1186/1415/724 1187/1416/711
f 1179/1408/705 1194/1423/710 1195/1424/712
f 1173/1402/708 1172/1401/706 1187/1416/711
f 1181/1410/709 1180/1409/707 1195/1424/712
f 1173/1402/708 1188/1417/713 1189/1418/715
f 1181/1410/709 1196/1425/714 1197/1426/716
f 1175/1404/696 1174/1403/695 1189/1418/715
f 1183/1412/698 1182/1411/697 1197/1426/716
f 1175/1404/696 1190/1419/717 1191/1420/719
f 1183/1412/698 1198/1427/718 1199/1428/720
f 1177/1406/701 1176/1405/699 1191/1420/719
f 1185/1414/702 1184/1413/700 1199/1428/720
f 1178/1407/703 1177/1406/701 1192/1421/721
f 1198/1427/718 1197/1426/716 1212/1441/725
f 1190/1419/717 1205/1434/739 1206/1435/727
f 1198/1427/718 1213/1442/726 1214/1443/728
f 1192/1421/721 1191/1420/719 1206/1435/727
f 1199/1428/720 1214/1443/728 1215/1444/730
f 1193/1422/723 1192/1421/721 1207/1436/729
f 1193/1422/723 1208/1437/731 1209/1438/733
f 1187/1416/711 1186/1415/724 1201/1430/732
f 1194/1423/710 1209/1438/733 1210/1439/735
f 1188/1417/713 1187/1416/711 1202/1431/734
f 1196/1425/714 1195/1424/712 1210/1439/735
f 1188/1417/713 1203/1432/736 1204/1433/738
f 1196/1425/714 1211/1440/737 1212/1441/725
f 1190/1419/717 1189/1418/715 1204/1433/738
f 1209/1438/733 1224/1453/753 1225/1454/740
f 1202/1431/734 1217/1446/754 1218/1447/741
f 1211/1440/737 1210/1439/735 1225/1454/740
f 1203/1432/736 1218/1447/741 1219/1448/743
f 1211/1440/737 1226/1455/742 1227/1456/744
f 1204/1433/738 1219/1448/743 1220/1449/745
f 1213/1442/726 1212/1441/725 1227/1456/744
f 1205/1434/739 1220/1449/745 1221/1450/747
f 1214/1443/728 1213/1442/726 1228/1457/746
f 1207/1436/729 1206/1435/727 1221/1450/747
f 1215/1444/730 1214/1443/728 1229/1458/748
f 1208/1437/731 1207/1436/729 1222/1451/749
f 1208/1437/731 1223/1452/751 1224/1453/753
f 1201/1430/732 1216/1445/752 1217/1446/754
f 1229/1458/748 1228/1457/746 1243/1472/755
f 1222/1451/749 1221/1450/747 1236/1465/757
f 1229/1458/748 1244/1473/756 1245/1474/759
f 1223/1452/751 1222/1451/749 1237/1466/758
f 1223/1452/751 1238/1467/760 1239/1468/762
f 1216/1445/752 1231/1460/761 1232/1461/763
f 1224/1453/753 1239/1468/762 1240/1469/764
f 1217/1446/754 1232/1461/763 1233/1462/765
f 1226/1455/742 1225/1454/740 1240/1469/764
f 1218/1447/741 1233/1462/765 1234/1463/767
f 1226/1455/742 1241/1470/766 1242/1471/768
f 1220/1449/745 1219/1448/743 1234/1463/767
f 1228/1457/746 1227/1456/744 1242/1471/768
f 1220/1449/745 1235/1464/769 1236/1465/757
f 1233/1462/765 1232/1461/763 1247/1476/770
f 1241/1470/766 1240/1469/764 1255/1484/772
f 1233/1462/765 1248/1477/771 1249/1478/774
f 1241/1470/766 1256/1485/773 1257/1486/775
f 1235/1464/769 1234/1463/767 1249/1478/774
f 1243/1472/755 1242/1471/768 1257/1486/775
f 1235/1464/769 1250/1479/776 1251/1480/778
f 1243/1472/755 1258/1487/777 1259/1488/779
f 1237/1466/758 1236/1465/757 1251/1480/778
f 1244/1473/756 1259/1488/779 1260/1489/781
f 1238/1467/760 1237/1466/758 1252/1481/780
f 1238/1467/760 1253/1482/782 1254/1483/784
f 1232/1461/763 1231/1460/761 1246/1475/783
f 1239/1468/762 1254/1483/784 1255/1484/772
f 1252/1481/780 1251/1480/778 1266/1495/785
f 1260/1489/781 1259/1488/779 1274/1503/787
f 1253/1482/782 1252/1481/780 1267/1496/786
f 1253/1482/782 1268/1497/789 1269/1498/791
f 1246/1475/783 1261/1490/790 1262/1491/792
f 1254/1483/784 1269/1498/791 1270/1499/793
f 1247/1476/770 1262/1491/792 1263/1492/794
f 1256/1485/773 1255/1484/772 1270/1499/793
f 1248/1477/771 1263/1492/794 1264/1493/796
f 1256/1485/773 1271/1500/795 1272/1501/797
f 1250/1479/776 1249/1478/774 1264/1493/796
f 1258/1487/777 1257/1486/775 1272/1501/797
f 1250/1479/776 1265/1494/798 1266/1495/785
f 1258/1487/777 1273/1502/799 1274/1503/787
f 1271/1500/795 1270/1499/793 1285/1514/800
f 1263/1492/794 1278/1507/814 1279/1508/802
f 1271/1500/795 1286/1515/801 1287/1516/803
f 1265/1494/798 1264/1493/796 1279/1508/802
f 1273/1502/799 1272/1501/797 1287/1516/803
f 1265/1494/798 1280/1509/804 1281/1510/806
f 1273/1502/799 1288/1517/805 1289/1518/807
f 1267/1496/786 1266/1495/785 1281/1510/806
f 1274/1503/787 1289/1518/807 1290/1519/809
f 1268/1497/789 1267/1496/786 1282/1511/808
f 1268/1497/789 1283/1512/810 1284/1513/812
f 1262/1491/792 1261/1490/790 1276/1505/811
f 1269/1498/791 1284/1513/812 1285/1514/800
f 1262/1491/792 1277/1506/813 1278/1507/814
f 1290/1519/809 1289/1518/807 1304/1533/815
f 1283/1512/810 1282/1511/808 1297/1526/817
f 1283/1512/810 1298/1527/818 1299/1528/820
f 1276/1505/811 1291/1520/819 1292/1521/821
f 1284/1513/812 1299/1528/820 1300/1529/822
f 1277/1506/813 1292/1521/821 1293/1522/823
f 1286/1515/801 1285/1514/800 1300/1529/822
f 1278/1507/814 1293/1522/823 1294/1523/825
f 1286/1515/801 1301/1530/824 1302/1531/826
f 1280/1509/804 1279/1508/802 1294/1523/825
f 1288/1517/805 1287/1516/803 1302/1531/826
f 1280/1509/804 1295/1524/827 1296/1525/829
f 1289/1518/807 1288/1517/805 1303/1532/828
f 1282/1511/808 1281/1510/806 1296/1525/829
f 1293/1522/823 1308/1537/843 1309/1538/830
f 1301/1530/824 1316/1545/844 1317/1546/831
f 1295/1524/827 1294/1523/825 1309/1538/830
f 1303/1532/828 1302/1531/826 1317/1546/831
f 1295/1524/827 1310/1539/832 1311/1540/834
f 1303/1532/828 1318/1547/833 1319/1548/835
f 1297/1526/817 1296/1525/829 1311/1540/834
f 1305/1534/816 1304/1533/815 1319/1548/835
f 1298/1527/818 1297/1526/817 1312/1541/836
f 1298/1527/818 1313/1542/838 1314/1543/840
f 1291/1520/819 1306/1535/839 1307/1536/841
f 1299/1528/820 1314/1543/840 1315/1544/842
f 1292/1521/821 1307/1536/841 1308/1537/843
f 1301/1530/824 1300/1529/822 1315/1544/842
f 1313/1542/838 1312/1541/836 1328/1588/845
f 1313/1542/838 1329/1589/846 1330/1590/849
f 1306/1535/839 1322/1582/847 1323/1583/850
f 1314/1543/840 1330/1590/849 1331/1591/851
f 1307/1536/841 1323/1583/850 1324/1584/852
f 1316/1545/844 1315/1544/842 1331/1591/851
f 1308/1537/843 1324/1584/852 1325/1585/854
f 1316/1545/844 1332/1592/853 1333/1593/855
f 1310/1539/832 1309/1538/830 1325/1585/854
f 1318/1547/833 1317/1546/831 1333/1593/855
f 1310/1539/832 1326/1586/856 1327/1587/858
f 1318/1547/833 1334/1594/857 1335/1595/859
f 1312/1541/836 1311/1540/834 1327/1587/858
f 1319/1548/835 1335/1595/859 1336/1596/848
f 1332/1592/853 1347/1607/874 1348/1608/860
f 1326/1586/856 1325/1585/854 1340/1600/861
f 1334/1594/857 1333/1593/855 1348/1608/860
f 1326/1586/856 1341/1601/862 1342/1602/864
f 1334/1594/857 1349/1609/863 1350/1610/865
f 1328/1588/845 1327/1587/858 1342/1602/864
f 1336/1596/848 1335/1595/859 1350/1610/865
f 1329/1589/846 1328/1588/845 1343/1603/866
f 1329/1589/846 1344/1604/868 1345/1605/870
f 1322/1582/847 1337/1597/869 1338/1598/871
f 1330/1590/849 1345/1605/870 1346/1606/872
f 1323/1583/850 1338/1598/871 1339/1599/873
f 1332/1592/853 1331/1591/851 1346/1606/872
f 1324/1584/852 1339/1599/873 1340/1600/861
f 1344/1604/868 1359/1619/888 1360/1620/876
f 1337/1597/869 1352/1612/889 1353/1613/877
f 1345/1605/870 1360/1620/876 1361/1621/878
f 1339/1599/873 1338/1598/871 1353/1613/877
f 1347/1607/874 1346/1606/872 1361/1621/878
f 1339/1599/873 1354/1614/879 1355/1615/881
f 1347/1607/874 1362/1622/880 1363/1623/882
f 1341/1601/862 1340/1600/861 1355/1615/881
f 1349/1609/863 1348/1608/860 1363/1623/882
f 1341/1601/862 1356/1616/883 1357/1617/885
f 1349/1609/863 1364/1624/884 1365/1625/886
f 1343/1603/866 1342/1602/864 1357/1617/885
f 1351/1611/867 1350/1610/865 1365/1625/886
f 1344/1604/868 1343/1603/866 1358/1618/887
f 1364/1624/884 1363/1623/882 1378/1649/890
f 1356/1616/883 1371/1635/904 1372/1637/892
f 1364/1624/884 1379/1651/891 1380/1653/893
f 1358/1618/887 1357/1617/885 1372/1637/892
f 1366/1626/875 1365/1625/886 1380/1653/893
f 1359/1619/888 1358/1618/887 1373/1639/894
f 1359/1619/888 1374/1641/896 1375/1643/898
f 1352/1612/889 1367/1627/897 1368/1629/899
f 1360/1620/876 1375/1643/898 1376/1645/900
f 1354/1614/879 1353/1613/877 1368/1629/899
f 1362/1622/880 1361/1621/878 1376/1645/900
f 1354/1614/879 1369/1631/901 1370/1633/903
f 1362/1622/880 1377/1647/902 1378/1649/890
f 1356/1616/883 1355/1615/881 1370/1633/903
f 1367/1628/897 1382/1657/918 1383/1658/905
f 1375/1644/898 1390/1665/919 1391/1666/906
f 1369/1632/901 1368/1630/899 1383/1658/905
f 1377/1648/902 1376/1646/900 1391/1666/906
f 1369/1632/901 1384/1659/907 1385/1660/909
f 1377/1648/902 1392/1667/908 1393/1668/910
f 1371/1636/904 1370/1634/903 1385/1660/909
f 1379/1652/891 1378/1650/890 1393/1668/910
f 1371/1636/904 1386/1661/911 1387/1662/913
f 1379/1652/891 1394/1669/912 1395/1670/914
f 1373/1640/894 1372/1638/892 1387/1662/913
f 1380/1654/893 1395/1670/914 1396/1671/916
f 1374/1642/896 1373/1640/894 1388/1663/915
f 1374/1642/896 1389/1664/917 1390/1665/919
f 1386/1661/911 1401/1676/933 1402/1677/920
f 1394/1669/912 1409/1684/934 1410/1685/921
f 1388/1663/915 1387/1662/913 1402/1677/920
f 1395/1670/914 1410/1685/921 1411/1686/923
f 1389/1664/917 1388/1663/915 1403/1678/922
f 1389/1664/917 1404/1679/924 1405/1680/926
f 1383/1658/905 1382/1657/918 1397/1672/925
f 1390/1665/919 1405/1680/926 1406/1681/928
f 1383/1658/905 1398/1673/927 1399/1674/929
f 1392/1667/908 1391/1666/906 1406/1681/928
f 1384/1659/907 1399/1674/929 1400/1675/931
f 1392/1667/908 1407/1682/930 1408/1683/932
f 1386/1661/911 1385/1660/909 1400/1675/931
f 1394/1669/912 1393/1668/910 1408/1683/932
f 1405/1680/926 1420/1695/949 1421/1696/935
f 1399/1674/929 1398/1673/927 1413/1688/936
f 1407/1682/930 1406/1681/928 1421/1696/935
f 1399/1674/929 1414/1689/937 1415/1690/939
f 1407/1682/930 1422/1697/938 1423/1698/940
f 1401/1676/933 1400/1675/931 1415/1690/939
f 1409/1684/934 1408/1683/932 1423/1698/940
f 1401/1676/933 1416/1691/941 1417/1692/943
f 1409/1684/934 1424/1699/942 1425/1700/944
f 1403/1678/922 1402/1677/920 1417/1692/943
f 1411/1686/923 1410/1685/921 1425/1700/944
f 1404/1679/924 1403/1678/922 1418/1693/945
f 1404/1679/924 1419/1694/947 1420/1695/949
f 1397/1672/925 1412/1687/948 1413/1688/936
f 1424/1699/942 1439/1714/964 1440/1715/950
f 1418/1693/945 1417/1692/943 1432/1707/951
f 1425/1700/944 1440/1715/950 1441/1716/953
f 1419/1694/947 1418/1693/945 1433/1708/952
f 1419/1694/947 1434/1709/954 1435/1710/956
f 1412/1687/948 1427/1702/955 1428/1703/957
f 1420/1695/949 1435/1710/956 1436/1711/958
f 1414/1689/937 1413/1688/936 1428/1703/957
f 1422/1697/938 1421/1696/935 1436/1711/958
f 1414/1689/937 1429/1704/959 1430/1705/961
f 1422/1697/938 1437/1712/960 1438/1713/962
f 1416/1691/941 1415/1690/939 1430/1705/961
f 1424/1699/942 1423/1698/940 1438/1713/962
f 1416/1691/941 1431/1706/963 1432/1707/951
f 1429/1704/959 1428/1703/957 1443/1718/965
f 1437/1712/960 1436/1711/958 1451/1726/967
f 1429/1704/959 1444/1719/966 1445/1720/969
f 1437/1712/960 1452/1727/968 1453/1728/970
f 1431/1706/963 1430/1705/961 1445/1720/969
f 1439/1714/964 1438/1713/962 1453/1728/970
f 1431/1706/963 1446/1721/971 1447/1722/973
f 1439/1714/964 1454/1729/972 1455/1730/974
f 1433/1708/952 1432/1707/951 1447/1722/973
f 1440/1715/950 1455/1730/974 1456/1731/976
f 1434/1709/954 1433/1708/952 1448/1723/975
f 1434/1709/954 1449/1724/977 1450/1725/979
f 1428/1703/957 1427/1702/955 1442/1717/978
f 1435/1710/956 1450/1725/979 1451/1726/967
f 1448/1723/975 1447/1722/973 1462/1737/980
f 1455/1730/974 1470/1745/994 1471/1746/982
f 1449/1724/977 1448/1723/975 1463/1738/981
f 1449/1724/977 1464/1739/983 1465/1740/985
f 1443/1718/965 1442/1717/978 1457/1732/984
f 1450/1725/979 1465/1740/985 1466/1741/987
f 1444/1719/966 1443/1718/965 1458/1733/986
f 1452/1727/968 1451/1726/967 1466/1741/987
f 1444/1719/966 1459/1734/988 1460/1735/990
f 1452/1727/968 1467/1742/989 1468/1743/991
f 1446/1721/971 1445/1720/969 1460/1735/990
f 1454/1729/972 1453/1728/970 1468/1743/991
f 1446/1721/971 1461/1736/992 1462/1737/980
f 1454/1729/972 1469/1744/993 1470/1745/994
f 1467/1742/989 1466/1741/987 1481/1756/995
f 1459/1734/988 1474/1749/1009 1475/1750/997
f 1467/1742/989 1482/1757/996 1483/1758/998
f 1461/1736/992 1460/1735/990 1475/1750/997
f 1469/1744/993 1468/1743/991 1483/1758/998
f 1461/1736/992 1476/1751/999 1477/1752/1001
f 1469/1744/993 1484/1759/1000 1485/1760/1002
f 1463/1738/981 1462/1737/980 1477/1752/1001
f 1471/1746/982 1470/1745/994 1485/1760/1002
f 1464/1739/983 1463/1738/981 1478/1753/1003
f 1464/1739/983 1479/1754/1005 1480/1755/1007
f 1457/1732/984 1472/1747/1006 1473/1748/1008
f 1465/1740/985 1480/1755/1007 1481/1756/995
f 1459/1734/988 1458/1733/986 1473/1748/1008
f 1485/1760/1002 1494/1769/529 1495/1770/531
f 1479/1754/1005 1478/1753/1003 1016/1214/532
f 1479/1754/1005 1017/1215/534 1018/1216/539
f 1473/1748/1008 1472/1747/1006 1487/1762/535
f 1480/1755/1007 1018/1216/539 1491/1766/543
f 1474/1749/1009 1473/1748/1008 1488/1763/540
f 1481/1756/995 1491/1766/543 1019/1217/547
f 1475/1750/997 1474/1749/1009 1014/1212/544
f 1482/1757/996 1019/1217/547 1492/1767/551
f 1476/1751/999 1475/1750/997 1489/1764/548
f 1484/1759/1000 1483/1758/998 1492/1767/551
f 1477/1752/1001 1476/1751/999 1015/1213/552
f 1484/1759/1000 1493/1768/555 1494/1769/529
f 1478/1753/1003 1477/1752/1001 1490/1765/556
